0.00.017.306 I llama_completion: llama backend init
0.00.017.314 I llama_completion: load the model and apply lora adapter, if any
CUDA_FA_ROUTE_PLAN device=0 Q=[256,1,16,1] Kraw=bf16 Vraw=turbo4 Kshape=[256,256,4,1] Vshape=[256,256,4,1] Keff=bf16 Veff=f16 turbo_kv=1 prefer_native_vec=0 decode=1 dk=0 dv=1 unsafe_vec_after_turbo_v_decode=1 allow_vec=0 kernel=MMA_F16 need_f16_K=1 need_f16_V=0 Knb=[2,2048,512,524288] Vnb=[66,528,132,135168] Keff_nb=[2,2048,512,524288] Veff_nb=[2,2048,512,524288]
CUDA_FA_ROUTE_SUPPORTED kernel=MMA_F16 effK=bf16 effV=f16 supported=1
CUDA_FA_ROUTE_PLAN device=0 Q=[256,1,16,1] Kraw=bf16 Vraw=turbo4 Kshape=[256,256,4,1] Vshape=[256,256,4,1] Keff=bf16 Veff=f16 turbo_kv=1 prefer_native_vec=0 decode=1 dk=0 dv=1 unsafe_vec_after_turbo_v_decode=1 allow_vec=0 kernel=MMA_F16 need_f16_K=1 need_f16_V=0 Knb=[2,2048,512,524288] Vnb=[66,528,132,135168] Keff_nb=[2,2048,512,524288] Veff_nb=[2,2048,512,524288]
CUDA_FA_ROUTE_SUPPORTED kernel=MMA_F16 effK=bf16 effV=f16 supported=1
CUDA_FA_ROUTE_PLAN device=0 Q=[256,1,16,1] Kraw=bf16 Vraw=turbo4 Kshape=[256,256,4,1] Vshape=[256,256,4,1] Keff=bf16 Veff=f16 turbo_kv=1 prefer_native_vec=0 decode=1 dk=0 dv=1 unsafe_vec_after_turbo_v_decode=1 allow_vec=0 kernel=MMA_F16 need_f16_K=1 need_f16_V=0 Knb=[2,2048,512,524288] Vnb=[66,528,132,135168] Keff_nb=[2,2048,512,524288] Veff_nb=[2,2048,512,524288]
CUDA_FA_ROUTE_SUPPORTED kernel=MMA_F16 effK=bf16 effV=f16 supported=1
CUDA_FA_ROUTE_PLAN device=0 Q=[256,1,16,1] Kraw=bf16 Vraw=turbo4 Kshape=[256,256,4,1] Vshape=[256,256,4,1] Keff=bf16 Veff=f16 turbo_kv=1 prefer_native_vec=0 decode=1 dk=0 dv=1 unsafe_vec_after_turbo_v_decode=1 allow_vec=0 kernel=MMA_F16 need_f16_K=1 need_f16_V=0 Knb=[2,2048,512,524288] Vnb=[66,528,132,135168] Keff_nb=[2,2048,512,524288] Veff_nb=[2,2048,512,524288]
CUDA_FA_ROUTE_SUPPORTED kernel=MMA_F16 effK=bf16 effV=f16 supported=1
CUDA_FA_ROUTE_PLAN device=0 Q=[256,1,16,1] Kraw=bf16 Vraw=turbo4 Kshape=[256,256,4,1] Vshape=[256,256,4,1] Keff=bf16 Veff=f16 turbo_kv=1 prefer_native_vec=0 decode=1 dk=0 dv=1 unsafe_vec_after_turbo_v_decode=1 allow_vec=0 kernel=MMA_F16 need_f16_K=1 need_f16_V=0 Knb=[2,2048,512,524288] Vnb=[66,528,132,135168] Keff_nb=[2,2048,512,524288] Veff_nb=[2,2048,512,524288]
CUDA_FA_ROUTE_SUPPORTED kernel=MMA_F16 effK=bf16 effV=f16 supported=1
CUDA_FA_ROUTE_PLAN device=0 Q=[256,1,16,1] Kraw=bf16 Vraw=turbo4 Kshape=[256,256,4,1] Vshape=[256,256,4,1] Keff=bf16 Veff=f16 turbo_kv=1 prefer_native_vec=0 decode=1 dk=0 dv=1 unsafe_vec_after_turbo_v_decode=1 allow_vec=0 kernel=MMA_F16 need_f16_K=1 need_f16_V=0 Knb=[2,2048,512,524288] Vnb=[66,528,132,135168] Keff_nb=[2,2048,512,524288] Veff_nb=[2,2048,512,524288]
CUDA_FA_ROUTE_SUPPORTED kernel=MMA_F16 effK=bf16 effV=f16 supported=1
CUDA_FA_ROUTE_PLAN device=0 Q=[256,1,16,1] Kraw=bf16 Vraw=turbo4 Kshape=[256,256,4,1] Vshape=[256,256,4,1] Keff=bf16 Veff=f16 turbo_kv=1 prefer_native_vec=0 decode=1 dk=0 dv=1 unsafe_vec_after_turbo_v_decode=1 allow_vec=0 kernel=MMA_F16 need_f16_K=1 need_f16_V=0 Knb=[2,2048,512,524288] Vnb=[66,528,132,135168] Keff_nb=[2,2048,512,524288] Veff_nb=[2,2048,512,524288]
CUDA_FA_ROUTE_SUPPORTED kernel=MMA_F16 effK=bf16 effV=f16 supported=1
CUDA_FA_ROUTE_PLAN device=0 Q=[256,1,16,1] Kraw=bf16 Vraw=turbo4 Kshape=[256,256,4,1] Vshape=[256,256,4,1] Keff=bf16 Veff=f16 turbo_kv=1 prefer_native_vec=0 decode=1 dk=0 dv=1 unsafe_vec_after_turbo_v_decode=1 allow_vec=0 kernel=MMA_F16 need_f16_K=1 need_f16_V=0 Knb=[2,2048,512,524288] Vnb=[66,528,132,135168] Keff_nb=[2,2048,512,524288] Veff_nb=[2,2048,512,524288]
CUDA_FA_ROUTE_SUPPORTED kernel=MMA_F16 effK=bf16 effV=f16 supported=1
CUDA_FA_ROUTE_PLAN device=0 Q=[256,16,16,1] Kraw=bf16 Vraw=turbo4 Kshape=[256,256,4,1] Vshape=[256,256,4,1] Keff=bf16 Veff=f16 turbo_kv=1 prefer_native_vec=0 decode=1 dk=0 dv=1 unsafe_vec_after_turbo_v_decode=1 allow_vec=0 kernel=MMA_F16 need_f16_K=1 need_f16_V=0 Knb=[2,2048,512,524288] Vnb=[66,528,132,135168] Keff_nb=[2,2048,512,524288] Veff_nb=[2,2048,512,524288]
CUDA_FA_ROUTE_SUPPORTED kernel=MMA_F16 effK=bf16 effV=f16 supported=1
CUDA_FA_ROUTE_PLAN device=0 Q=[256,16,16,1] Kraw=bf16 Vraw=turbo4 Kshape=[256,256,4,1] Vshape=[256,256,4,1] Keff=bf16 Veff=f16 turbo_kv=1 prefer_native_vec=0 decode=1 dk=0 dv=1 unsafe_vec_after_turbo_v_decode=1 allow_vec=0 kernel=MMA_F16 need_f16_K=1 need_f16_V=0 Knb=[2,2048,512,524288] Vnb=[66,528,132,135168] Keff_nb=[2,2048,512,524288] Veff_nb=[2,2048,512,524288]
CUDA_FA_ROUTE_SUPPORTED kernel=MMA_F16 effK=bf16 effV=f16 supported=1
CUDA_FA_ROUTE_PLAN device=0 Q=[256,16,16,1] Kraw=bf16 Vraw=turbo4 Kshape=[256,256,4,1] Vshape=[256,256,4,1] Keff=bf16 Veff=f16 turbo_kv=1 prefer_native_vec=0 decode=1 dk=0 dv=1 unsafe_vec_after_turbo_v_decode=1 allow_vec=0 kernel=MMA_F16 need_f16_K=1 need_f16_V=0 Knb=[2,2048,512,524288] Vnb=[66,528,132,135168] Keff_nb=[2,2048,512,524288] Veff_nb=[2,2048,512,524288]
CUDA_FA_ROUTE_SUPPORTED kernel=MMA_F16 effK=bf16 effV=f16 supported=1
CUDA_FA_ROUTE_PLAN device=0 Q=[256,16,16,1] Kraw=bf16 Vraw=turbo4 Kshape=[256,256,4,1] Vshape=[256,256,4,1] Keff=bf16 Veff=f16 turbo_kv=1 prefer_native_vec=0 decode=1 dk=0 dv=1 unsafe_vec_after_turbo_v_decode=1 allow_vec=0 kernel=MMA_F16 need_f16_K=1 need_f16_V=0 Knb=[2,2048,512,524288] Vnb=[66,528,132,135168] Keff_nb=[2,2048,512,524288] Veff_nb=[2,2048,512,524288]
CUDA_FA_ROUTE_SUPPORTED kernel=MMA_F16 effK=bf16 effV=f16 supported=1
CUDA_FA_ROUTE_PLAN device=0 Q=[256,16,16,1] Kraw=bf16 Vraw=turbo4 Kshape=[256,256,4,1] Vshape=[256,256,4,1] Keff=bf16 Veff=f16 turbo_kv=1 prefer_native_vec=0 decode=1 dk=0 dv=1 unsafe_vec_after_turbo_v_decode=1 allow_vec=0 kernel=MMA_F16 need_f16_K=1 need_f16_V=0 Knb=[2,2048,512,524288] Vnb=[66,528,132,135168] Keff_nb=[2,2048,512,524288] Veff_nb=[2,2048,512,524288]
CUDA_FA_ROUTE_SUPPORTED kernel=MMA_F16 effK=bf16 effV=f16 supported=1
CUDA_FA_ROUTE_PLAN device=0 Q=[256,16,16,1] Kraw=bf16 Vraw=turbo4 Kshape=[256,256,4,1] Vshape=[256,256,4,1] Keff=bf16 Veff=f16 turbo_kv=1 prefer_native_vec=0 decode=1 dk=0 dv=1 unsafe_vec_after_turbo_v_decode=1 allow_vec=0 kernel=MMA_F16 need_f16_K=1 need_f16_V=0 Knb=[2,2048,512,524288] Vnb=[66,528,132,135168] Keff_nb=[2,2048,512,524288] Veff_nb=[2,2048,512,524288]
CUDA_FA_ROUTE_SUPPORTED kernel=MMA_F16 effK=bf16 effV=f16 supported=1
CUDA_FA_ROUTE_PLAN device=0 Q=[256,16,16,1] Kraw=bf16 Vraw=turbo4 Kshape=[256,256,4,1] Vshape=[256,256,4,1] Keff=bf16 Veff=f16 turbo_kv=1 prefer_native_vec=0 decode=1 dk=0 dv=1 unsafe_vec_after_turbo_v_decode=1 allow_vec=0 kernel=MMA_F16 need_f16_K=1 need_f16_V=0 Knb=[2,2048,512,524288] Vnb=[66,528,132,135168] Keff_nb=[2,2048,512,524288] Veff_nb=[2,2048,512,524288]
CUDA_FA_ROUTE_SUPPORTED kernel=MMA_F16 effK=bf16 effV=f16 supported=1
CUDA_FA_ROUTE_PLAN device=0 Q=[256,16,16,1] Kraw=bf16 Vraw=turbo4 Kshape=[256,256,4,1] Vshape=[256,256,4,1] Keff=bf16 Veff=f16 turbo_kv=1 prefer_native_vec=0 decode=1 dk=0 dv=1 unsafe_vec_after_turbo_v_decode=1 allow_vec=0 kernel=MMA_F16 need_f16_K=1 need_f16_V=0 Knb=[2,2048,512,524288] Vnb=[66,528,132,135168] Keff_nb=[2,2048,512,524288] Veff_nb=[2,2048,512,524288]
CUDA_FA_ROUTE_SUPPORTED kernel=MMA_F16 effK=bf16 effV=f16 supported=1
CUDA_FA_ROUTE_PLAN device=0 Q=[256,1,16,1] Kraw=bf16 Vraw=turbo4 Kshape=[256,256,4,1] Vshape=[256,256,4,1] Keff=bf16 Veff=f16 turbo_kv=1 prefer_native_vec=0 decode=1 dk=0 dv=1 unsafe_vec_after_turbo_v_decode=1 allow_vec=0 kernel=MMA_F16 need_f16_K=1 need_f16_V=0 Knb=[2,2048,512,524288] Vnb=[66,528,132,135168] Keff_nb=[2,2048,512,524288] Veff_nb=[2,2048,512,524288]
CUDA_FA_ROUTE_SUPPORTED kernel=MMA_F16 effK=bf16 effV=f16 supported=1
CUDA_FA_ROUTE_PLAN device=0 Q=[256,1,16,1] Kraw=bf16 Vraw=turbo4 Kshape=[256,256,4,1] Vshape=[256,256,4,1] Keff=bf16 Veff=f16 turbo_kv=1 prefer_native_vec=0 decode=1 dk=0 dv=1 unsafe_vec_after_turbo_v_decode=1 allow_vec=0 kernel=MMA_F16 need_f16_K=1 need_f16_V=0 Knb=[2,2048,512,524288] Vnb=[66,528,132,135168] Keff_nb=[2,2048,512,524288] Veff_nb=[2,2048,512,524288]
CUDA_FA_ROUTE_SUPPORTED kernel=MMA_F16 effK=bf16 effV=f16 supported=1
CUDA_FA_ROUTE_PLAN device=0 Q=[256,1,16,1] Kraw=bf16 Vraw=turbo4 Kshape=[256,256,4,1] Vshape=[256,256,4,1] Keff=bf16 Veff=f16 turbo_kv=1 prefer_native_vec=0 decode=1 dk=0 dv=1 unsafe_vec_after_turbo_v_decode=1 allow_vec=0 kernel=MMA_F16 need_f16_K=1 need_f16_V=0 Knb=[2,2048,512,524288] Vnb=[66,528,132,135168] Keff_nb=[2,2048,512,524288] Veff_nb=[2,2048,512,524288]
CUDA_FA_ROUTE_SUPPORTED kernel=MMA_F16 effK=bf16 effV=f16 supported=1
CUDA_FA_ROUTE_PLAN device=0 Q=[256,1,16,1] Kraw=bf16 Vraw=turbo4 Kshape=[256,256,4,1] Vshape=[256,256,4,1] Keff=bf16 Veff=f16 turbo_kv=1 prefer_native_vec=0 decode=1 dk=0 dv=1 unsafe_vec_after_turbo_v_decode=1 allow_vec=0 kernel=MMA_F16 need_f16_K=1 need_f16_V=0 Knb=[2,2048,512,524288] Vnb=[66,528,132,135168] Keff_nb=[2,2048,512,524288] Veff_nb=[2,2048,512,524288]
CUDA_FA_ROUTE_SUPPORTED kernel=MMA_F16 effK=bf16 effV=f16 supported=1
CUDA_FA_ROUTE_PLAN device=0 Q=[256,1,16,1] Kraw=bf16 Vraw=turbo4 Kshape=[256,256,4,1] Vshape=[256,256,4,1] Keff=bf16 Veff=f16 turbo_kv=1 prefer_native_vec=0 decode=1 dk=0 dv=1 unsafe_vec_after_turbo_v_decode=1 allow_vec=0 kernel=MMA_F16 need_f16_K=1 need_f16_V=0 Knb=[2,2048,512,524288] Vnb=[66,528,132,135168] Keff_nb=[2,2048,512,524288] Veff_nb=[2,2048,512,524288]
CUDA_FA_ROUTE_SUPPORTED kernel=MMA_F16 effK=bf16 effV=f16 supported=1
CUDA_FA_ROUTE_PLAN device=0 Q=[256,1,16,1] Kraw=bf16 Vraw=turbo4 Kshape=[256,256,4,1] Vshape=[256,256,4,1] Keff=bf16 Veff=f16 turbo_kv=1 prefer_native_vec=0 decode=1 dk=0 dv=1 unsafe_vec_after_turbo_v_decode=1 allow_vec=0 kernel=MMA_F16 need_f16_K=1 need_f16_V=0 Knb=[2,2048,512,524288] Vnb=[66,528,132,135168] Keff_nb=[2,2048,512,524288] Veff_nb=[2,2048,512,524288]
CUDA_FA_ROUTE_SUPPORTED kernel=MMA_F16 effK=bf16 effV=f16 supported=1
CUDA_FA_ROUTE_PLAN device=0 Q=[256,1,16,1] Kraw=bf16 Vraw=turbo4 Kshape=[256,256,4,1] Vshape=[256,256,4,1] Keff=bf16 Veff=f16 turbo_kv=1 prefer_native_vec=0 decode=1 dk=0 dv=1 unsafe_vec_after_turbo_v_decode=1 allow_vec=0 kernel=MMA_F16 need_f16_K=1 need_f16_V=0 Knb=[2,2048,512,524288] Vnb=[66,528,132,135168] Keff_nb=[2,2048,512,524288] Veff_nb=[2,2048,512,524288]
CUDA_FA_ROUTE_SUPPORTED kernel=MMA_F16 effK=bf16 effV=f16 supported=1
CUDA_FA_ROUTE_PLAN device=0 Q=[256,1,16,1] Kraw=bf16 Vraw=turbo4 Kshape=[256,256,4,1] Vshape=[256,256,4,1] Keff=bf16 Veff=f16 turbo_kv=1 prefer_native_vec=0 decode=1 dk=0 dv=1 unsafe_vec_after_turbo_v_decode=1 allow_vec=0 kernel=MMA_F16 need_f16_K=1 need_f16_V=0 Knb=[2,2048,512,524288] Vnb=[66,528,132,135168] Keff_nb=[2,2048,512,524288] Veff_nb=[2,2048,512,524288]
CUDA_FA_ROUTE_SUPPORTED kernel=MMA_F16 effK=bf16 effV=f16 supported=1
CUDA_FA_ROUTE_PLAN device=0 Q=[256,256,16,1] Kraw=bf16 Vraw=turbo4 Kshape=[256,256,4,1] Vshape=[256,256,4,1] Keff=bf16 Veff=f16 turbo_kv=1 prefer_native_vec=0 decode=1 dk=0 dv=1 unsafe_vec_after_turbo_v_decode=1 allow_vec=0 kernel=MMA_F16 need_f16_K=1 need_f16_V=0 Knb=[2,2048,512,524288] Vnb=[66,528,132,135168] Keff_nb=[2,2048,512,524288] Veff_nb=[2,2048,512,524288]
CUDA_FA_ROUTE_SUPPORTED kernel=MMA_F16 effK=bf16 effV=f16 supported=1
CUDA_FA_ROUTE_PLAN device=0 Q=[256,256,16,1] Kraw=bf16 Vraw=turbo4 Kshape=[256,256,4,1] Vshape=[256,256,4,1] Keff=bf16 Veff=f16 turbo_kv=1 prefer_native_vec=0 decode=1 dk=0 dv=1 unsafe_vec_after_turbo_v_decode=1 allow_vec=0 kernel=MMA_F16 need_f16_K=1 need_f16_V=0 Knb=[2,2048,512,524288] Vnb=[66,528,132,135168] Keff_nb=[2,2048,512,524288] Veff_nb=[2,2048,512,524288]
CUDA_FA_ROUTE_SUPPORTED kernel=MMA_F16 effK=bf16 effV=f16 supported=1
CUDA_FA_ROUTE_PLAN device=0 Q=[256,256,16,1] Kraw=bf16 Vraw=turbo4 Kshape=[256,256,4,1] Vshape=[256,256,4,1] Keff=bf16 Veff=f16 turbo_kv=1 prefer_native_vec=0 decode=1 dk=0 dv=1 unsafe_vec_after_turbo_v_decode=1 allow_vec=0 kernel=MMA_F16 need_f16_K=1 need_f16_V=0 Knb=[2,2048,512,524288] Vnb=[66,528,132,135168] Keff_nb=[2,2048,512,524288] Veff_nb=[2,2048,512,524288]
CUDA_FA_ROUTE_SUPPORTED kernel=MMA_F16 effK=bf16 effV=f16 supported=1
CUDA_FA_ROUTE_PLAN device=0 Q=[256,256,16,1] Kraw=bf16 Vraw=turbo4 Kshape=[256,256,4,1] Vshape=[256,256,4,1] Keff=bf16 Veff=f16 turbo_kv=1 prefer_native_vec=0 decode=1 dk=0 dv=1 unsafe_vec_after_turbo_v_decode=1 allow_vec=0 kernel=MMA_F16 need_f16_K=1 need_f16_V=0 Knb=[2,2048,512,524288] Vnb=[66,528,132,135168] Keff_nb=[2,2048,512,524288] Veff_nb=[2,2048,512,524288]
CUDA_FA_ROUTE_SUPPORTED kernel=MMA_F16 effK=bf16 effV=f16 supported=1
CUDA_FA_ROUTE_PLAN device=0 Q=[256,256,16,1] Kraw=bf16 Vraw=turbo4 Kshape=[256,256,4,1] Vshape=[256,256,4,1] Keff=bf16 Veff=f16 turbo_kv=1 prefer_native_vec=0 decode=1 dk=0 dv=1 unsafe_vec_after_turbo_v_decode=1 allow_vec=0 kernel=MMA_F16 need_f16_K=1 need_f16_V=0 Knb=[2,2048,512,524288] Vnb=[66,528,132,135168] Keff_nb=[2,2048,512,524288] Veff_nb=[2,2048,512,524288]
CUDA_FA_ROUTE_SUPPORTED kernel=MMA_F16 effK=bf16 effV=f16 supported=1
CUDA_FA_ROUTE_PLAN device=0 Q=[256,256,16,1] Kraw=bf16 Vraw=turbo4 Kshape=[256,256,4,1] Vshape=[256,256,4,1] Keff=bf16 Veff=f16 turbo_kv=1 prefer_native_vec=0 decode=1 dk=0 dv=1 unsafe_vec_after_turbo_v_decode=1 allow_vec=0 kernel=MMA_F16 need_f16_K=1 need_f16_V=0 Knb=[2,2048,512,524288] Vnb=[66,528,132,135168] Keff_nb=[2,2048,512,524288] Veff_nb=[2,2048,512,524288]
CUDA_FA_ROUTE_SUPPORTED kernel=MMA_F16 effK=bf16 effV=f16 supported=1
CUDA_FA_ROUTE_PLAN device=0 Q=[256,256,16,1] Kraw=bf16 Vraw=turbo4 Kshape=[256,256,4,1] Vshape=[256,256,4,1] Keff=bf16 Veff=f16 turbo_kv=1 prefer_native_vec=0 decode=1 dk=0 dv=1 unsafe_vec_after_turbo_v_decode=1 allow_vec=0 kernel=MMA_F16 need_f16_K=1 need_f16_V=0 Knb=[2,2048,512,524288] Vnb=[66,528,132,135168] Keff_nb=[2,2048,512,524288] Veff_nb=[2,2048,512,524288]
CUDA_FA_ROUTE_SUPPORTED kernel=MMA_F16 effK=bf16 effV=f16 supported=1
CUDA_FA_ROUTE_PLAN device=0 Q=[256,256,16,1] Kraw=bf16 Vraw=turbo4 Kshape=[256,256,4,1] Vshape=[256,256,4,1] Keff=bf16 Veff=f16 turbo_kv=1 prefer_native_vec=0 decode=1 dk=0 dv=1 unsafe_vec_after_turbo_v_decode=1 allow_vec=0 kernel=MMA_F16 need_f16_K=1 need_f16_V=0 Knb=[2,2048,512,524288] Vnb=[66,528,132,135168] Keff_nb=[2,2048,512,524288] Veff_nb=[2,2048,512,524288]
CUDA_FA_ROUTE_SUPPORTED kernel=MMA_F16 effK=bf16 effV=f16 supported=1
CUDA_FA_ROUTE_PLAN device=0 Q=[256,256,16,1] Kraw=bf16 Vraw=turbo4 Kshape=[256,256,4,1] Vshape=[256,256,4,1] Keff=bf16 Veff=f16 turbo_kv=1 prefer_native_vec=0 decode=1 dk=0 dv=1 unsafe_vec_after_turbo_v_decode=1 allow_vec=0 kernel=MMA_F16 need_f16_K=1 need_f16_V=0 Knb=[2,2048,512,524288] Vnb=[66,528,132,135168] Keff_nb=[2,2048,512,524288] Veff_nb=[2,2048,512,524288]
CUDA_FA_ROUTE_ALLOC kernel=MMA_F16 need_f16_K=1 need_f16_V=0 workspace_end_offset=4718592 dst_data=(nil) f16_K=0x400000 f16_V=(nil) f16_end=0x480000
CUDA_FA_ROUTE_PLAN device=0 Q=[256,256,16,1] Kraw=bf16 Vraw=turbo4 Kshape=[256,256,4,1] Vshape=[256,256,4,1] Keff=bf16 Veff=f16 turbo_kv=1 prefer_native_vec=0 decode=1 dk=0 dv=1 unsafe_vec_after_turbo_v_decode=1 allow_vec=0 kernel=MMA_F16 need_f16_K=1 need_f16_V=0 Knb=[2,2048,512,524288] Vnb=[66,528,132,135168] Keff_nb=[2,2048,512,524288] Veff_nb=[2,2048,512,524288]
CUDA_FA_ROUTE_ALLOC kernel=MMA_F16 need_f16_K=1 need_f16_V=0 workspace_end_offset=4718592 dst_data=(nil) f16_K=0x400000 f16_V=(nil) f16_end=0x480000
CUDA_FA_ROUTE_PLAN device=0 Q=[256,256,16,1] Kraw=bf16 Vraw=turbo4 Kshape=[256,256,4,1] Vshape=[256,256,4,1] Keff=bf16 Veff=f16 turbo_kv=1 prefer_native_vec=0 decode=1 dk=0 dv=1 unsafe_vec_after_turbo_v_decode=1 allow_vec=0 kernel=MMA_F16 need_f16_K=1 need_f16_V=0 Knb=[2,2048,512,524288] Vnb=[66,528,132,135168] Keff_nb=[2,2048,512,524288] Veff_nb=[2,2048,512,524288]
CUDA_FA_ROUTE_ALLOC kernel=MMA_F16 need_f16_K=1 need_f16_V=0 workspace_end_offset=4718592 dst_data=(nil) f16_K=0x400000 f16_V=(nil) f16_end=0x480000
CUDA_FA_ROUTE_PLAN device=0 Q=[256,256,16,1] Kraw=bf16 Vraw=turbo4 Kshape=[256,256,4,1] Vshape=[256,256,4,1] Keff=bf16 Veff=f16 turbo_kv=1 prefer_native_vec=0 decode=1 dk=0 dv=1 unsafe_vec_after_turbo_v_decode=1 allow_vec=0 kernel=MMA_F16 need_f16_K=1 need_f16_V=0 Knb=[2,2048,512,524288] Vnb=[66,528,132,135168] Keff_nb=[2,2048,512,524288] Veff_nb=[2,2048,512,524288]
CUDA_FA_ROUTE_ALLOC kernel=MMA_F16 need_f16_K=1 need_f16_V=0 workspace_end_offset=4718592 dst_data=(nil) f16_K=0x400000 f16_V=(nil) f16_end=0x480000
CUDA_FA_ROUTE_PLAN device=0 Q=[256,256,16,1] Kraw=bf16 Vraw=turbo4 Kshape=[256,256,4,1] Vshape=[256,256,4,1] Keff=bf16 Veff=f16 turbo_kv=1 prefer_native_vec=0 decode=1 dk=0 dv=1 unsafe_vec_after_turbo_v_decode=1 allow_vec=0 kernel=MMA_F16 need_f16_K=1 need_f16_V=0 Knb=[2,2048,512,524288] Vnb=[66,528,132,135168] Keff_nb=[2,2048,512,524288] Veff_nb=[2,2048,512,524288]
CUDA_FA_ROUTE_ALLOC kernel=MMA_F16 need_f16_K=1 need_f16_V=0 workspace_end_offset=4718592 dst_data=(nil) f16_K=0x400000 f16_V=(nil) f16_end=0x480000
CUDA_FA_ROUTE_PLAN device=0 Q=[256,256,16,1] Kraw=bf16 Vraw=turbo4 Kshape=[256,256,4,1] Vshape=[256,256,4,1] Keff=bf16 Veff=f16 turbo_kv=1 prefer_native_vec=0 decode=1 dk=0 dv=1 unsafe_vec_after_turbo_v_decode=1 allow_vec=0 kernel=MMA_F16 need_f16_K=1 need_f16_V=0 Knb=[2,2048,512,524288] Vnb=[66,528,132,135168] Keff_nb=[2,2048,512,524288] Veff_nb=[2,2048,512,524288]
CUDA_FA_ROUTE_ALLOC kernel=MMA_F16 need_f16_K=1 need_f16_V=0 workspace_end_offset=4718592 dst_data=(nil) f16_K=0x400000 f16_V=(nil) f16_end=0x480000
CUDA_FA_ROUTE_PLAN device=0 Q=[256,256,16,1] Kraw=bf16 Vraw=turbo4 Kshape=[256,256,4,1] Vshape=[256,256,4,1] Keff=bf16 Veff=f16 turbo_kv=1 prefer_native_vec=0 decode=1 dk=0 dv=1 unsafe_vec_after_turbo_v_decode=1 allow_vec=0 kernel=MMA_F16 need_f16_K=1 need_f16_V=0 Knb=[2,2048,512,524288] Vnb=[66,528,132,135168] Keff_nb=[2,2048,512,524288] Veff_nb=[2,2048,512,524288]
CUDA_FA_ROUTE_ALLOC kernel=MMA_F16 need_f16_K=1 need_f16_V=0 workspace_end_offset=4718592 dst_data=(nil) f16_K=0x400000 f16_V=(nil) f16_end=0x480000
CUDA_FA_ROUTE_PLAN device=0 Q=[256,256,16,1] Kraw=bf16 Vraw=turbo4 Kshape=[256,256,4,1] Vshape=[256,256,4,1] Keff=bf16 Veff=f16 turbo_kv=1 prefer_native_vec=0 decode=1 dk=0 dv=1 unsafe_vec_after_turbo_v_decode=1 allow_vec=0 kernel=MMA_F16 need_f16_K=1 need_f16_V=0 Knb=[2,2048,512,524288] Vnb=[66,528,132,135168] Keff_nb=[2,2048,512,524288] Veff_nb=[2,2048,512,524288]
CUDA_FA_ROUTE_ALLOC kernel=MMA_F16 need_f16_K=1 need_f16_V=0 workspace_end_offset=4718592 dst_data=(nil) f16_K=0x400000 f16_V=(nil) f16_end=0x480000
CUDA_FA_ROUTE_PLAN device=0 Q=[256,256,16,1] Kraw=bf16 Vraw=turbo4 Kshape=[256,256,4,1] Vshape=[256,256,4,1] Keff=bf16 Veff=f16 turbo_kv=1 prefer_native_vec=0 decode=1 dk=0 dv=1 unsafe_vec_after_turbo_v_decode=1 allow_vec=0 kernel=MMA_F16 need_f16_K=1 need_f16_V=0 Knb=[2,2048,512,524288] Vnb=[66,528,132,135168] Keff_nb=[2,2048,512,524288] Veff_nb=[2,2048,512,524288]
CUDA_FA_ROUTE_ALLOC kernel=MMA_F16 need_f16_K=1 need_f16_V=0 workspace_end_offset=4718592 dst_data=(nil) f16_K=0x400000 f16_V=(nil) f16_end=0x480000
CUDA_FA_ROUTE_PLAN device=0 Q=[256,256,16,1] Kraw=bf16 Vraw=turbo4 Kshape=[256,256,4,1] Vshape=[256,256,4,1] Keff=bf16 Veff=f16 turbo_kv=1 prefer_native_vec=0 decode=1 dk=0 dv=1 unsafe_vec_after_turbo_v_decode=1 allow_vec=0 kernel=MMA_F16 need_f16_K=1 need_f16_V=0 Knb=[2,2048,512,524288] Vnb=[66,528,132,135168] Keff_nb=[2,2048,512,524288] Veff_nb=[2,2048,512,524288]
CUDA_FA_ROUTE_ALLOC kernel=MMA_F16 need_f16_K=1 need_f16_V=0 workspace_end_offset=4718592 dst_data=(nil) f16_K=0x400000 f16_V=(nil) f16_end=0x480000
CUDA_FA_ROUTE_PLAN device=0 Q=[256,256,16,1] Kraw=bf16 Vraw=turbo4 Kshape=[256,256,4,1] Vshape=[256,256,4,1] Keff=bf16 Veff=f16 turbo_kv=1 prefer_native_vec=0 decode=1 dk=0 dv=1 unsafe_vec_after_turbo_v_decode=1 allow_vec=0 kernel=MMA_F16 need_f16_K=1 need_f16_V=0 Knb=[2,2048,512,524288] Vnb=[66,528,132,135168] Keff_nb=[2,2048,512,524288] Veff_nb=[2,2048,512,524288]
CUDA_FA_ROUTE_ALLOC kernel=MMA_F16 need_f16_K=1 need_f16_V=0 workspace_end_offset=4718592 dst_data=(nil) f16_K=0x400000 f16_V=(nil) f16_end=0x480000
CUDA_FA_ROUTE_PLAN device=0 Q=[256,256,16,1] Kraw=bf16 Vraw=turbo4 Kshape=[256,256,4,1] Vshape=[256,256,4,1] Keff=bf16 Veff=f16 turbo_kv=1 prefer_native_vec=0 decode=1 dk=0 dv=1 unsafe_vec_after_turbo_v_decode=1 allow_vec=0 kernel=MMA_F16 need_f16_K=1 need_f16_V=0 Knb=[2,2048,512,524288] Vnb=[66,528,132,135168] Keff_nb=[2,2048,512,524288] Veff_nb=[2,2048,512,524288]
CUDA_FA_ROUTE_ALLOC kernel=MMA_F16 need_f16_K=1 need_f16_V=0 workspace_end_offset=4718592 dst_data=(nil) f16_K=0x400000 f16_V=(nil) f16_end=0x480000
CUDA_FA_ROUTE_PLAN device=0 Q=[256,256,16,1] Kraw=bf16 Vraw=turbo4 Kshape=[256,256,4,1] Vshape=[256,256,4,1] Keff=bf16 Veff=f16 turbo_kv=1 prefer_native_vec=0 decode=1 dk=0 dv=1 unsafe_vec_after_turbo_v_decode=1 allow_vec=0 kernel=MMA_F16 need_f16_K=1 need_f16_V=0 Knb=[2,2048,512,524288] Vnb=[66,528,132,135168] Keff_nb=[2,2048,512,524288] Veff_nb=[2,2048,512,524288]
CUDA_FA_ROUTE_ALLOC kernel=MMA_F16 need_f16_K=1 need_f16_V=0 workspace_end_offset=4718592 dst_data=(nil) f16_K=0x400000 f16_V=(nil) f16_end=0x480000
CUDA_FA_ROUTE_PLAN device=0 Q=[256,256,16,1] Kraw=bf16 Vraw=turbo4 Kshape=[256,256,4,1] Vshape=[256,256,4,1] Keff=bf16 Veff=f16 turbo_kv=1 prefer_native_vec=0 decode=1 dk=0 dv=1 unsafe_vec_after_turbo_v_decode=1 allow_vec=0 kernel=MMA_F16 need_f16_K=1 need_f16_V=0 Knb=[2,2048,512,524288] Vnb=[66,528,132,135168] Keff_nb=[2,2048,512,524288] Veff_nb=[2,2048,512,524288]
CUDA_FA_ROUTE_ALLOC kernel=MMA_F16 need_f16_K=1 need_f16_V=0 workspace_end_offset=4718592 dst_data=(nil) f16_K=0x400000 f16_V=(nil) f16_end=0x480000
CUDA_FA_ROUTE_PLAN device=0 Q=[256,256,16,1] Kraw=bf16 Vraw=turbo4 Kshape=[256,256,4,1] Vshape=[256,256,4,1] Keff=bf16 Veff=f16 turbo_kv=1 prefer_native_vec=0 decode=1 dk=0 dv=1 unsafe_vec_after_turbo_v_decode=1 allow_vec=0 kernel=MMA_F16 need_f16_K=1 need_f16_V=0 Knb=[2,2048,512,524288] Vnb=[66,528,132,135168] Keff_nb=[2,2048,512,524288] Veff_nb=[2,2048,512,524288]
CUDA_FA_ROUTE_ALLOC kernel=MMA_F16 need_f16_K=1 need_f16_V=0 workspace_end_offset=4718592 dst_data=(nil) f16_K=0x400000 f16_V=(nil) f16_end=0x480000
CUDA_FA_ROUTE_PLAN device=0 Q=[256,256,16,1] Kraw=bf16 Vraw=turbo4 Kshape=[256,256,4,1] Vshape=[256,256,4,1] Keff=bf16 Veff=f16 turbo_kv=1 prefer_native_vec=0 decode=1 dk=0 dv=1 unsafe_vec_after_turbo_v_decode=1 allow_vec=0 kernel=MMA_F16 need_f16_K=1 need_f16_V=0 Knb=[2,2048,512,524288] Vnb=[66,528,132,135168] Keff_nb=[2,2048,512,524288] Veff_nb=[2,2048,512,524288]
CUDA_FA_ROUTE_ALLOC kernel=MMA_F16 need_f16_K=1 need_f16_V=0 workspace_end_offset=4718592 dst_data=(nil) f16_K=0x400000 f16_V=(nil) f16_end=0x480000
CUDA_FA_ROUTE_PLAN device=0 Q=[256,256,16,1] Kraw=bf16 Vraw=turbo4 Kshape=[256,256,4,1] Vshape=[256,256,4,1] Keff=bf16 Veff=f16 turbo_kv=1 prefer_native_vec=0 decode=1 dk=0 dv=1 unsafe_vec_after_turbo_v_decode=1 allow_vec=0 kernel=MMA_F16 need_f16_K=1 need_f16_V=0 Knb=[2,2048,512,524288] Vnb=[66,528,132,135168] Keff_nb=[2,2048,512,524288] Veff_nb=[2,2048,512,524288]
CUDA_FA_ROUTE_ALLOC kernel=MMA_F16 need_f16_K=1 need_f16_V=0 workspace_end_offset=4718592 dst_data=(nil) f16_K=0x400000 f16_V=(nil) f16_end=0x480000
CUDA_FA_ROUTE_PLAN device=0 Q=[256,256,16,1] Kraw=bf16 Vraw=turbo4 Kshape=[256,256,4,1] Vshape=[256,256,4,1] Keff=bf16 Veff=f16 turbo_kv=1 prefer_native_vec=0 decode=1 dk=0 dv=1 unsafe_vec_after_turbo_v_decode=1 allow_vec=0 kernel=MMA_F16 need_f16_K=1 need_f16_V=0 Knb=[2,2048,512,524288] Vnb=[66,528,132,135168] Keff_nb=[2,2048,512,524288] Veff_nb=[2,2048,512,524288]
CUDA_FA_ROUTE_ALLOC kernel=MMA_F16 need_f16_K=1 need_f16_V=0 workspace_end_offset=4718592 dst_data=(nil) f16_K=0x400000 f16_V=(nil) f16_end=0x480000
CUDA_FA_ROUTE_PLAN device=0 Q=[256,256,16,1] Kraw=bf16 Vraw=turbo4 Kshape=[256,256,4,1] Vshape=[256,256,4,1] Keff=bf16 Veff=f16 turbo_kv=1 prefer_native_vec=0 decode=1 dk=0 dv=1 unsafe_vec_after_turbo_v_decode=1 allow_vec=0 kernel=MMA_F16 need_f16_K=1 need_f16_V=0 Knb=[2,2048,512,524288] Vnb=[66,528,132,135168] Keff_nb=[2,2048,512,524288] Veff_nb=[2,2048,512,524288]
CUDA_FA_ROUTE_ALLOC kernel=MMA_F16 need_f16_K=1 need_f16_V=0 workspace_end_offset=4718592 dst_data=(nil) f16_K=0x400000 f16_V=(nil) f16_end=0x480000
CUDA_FA_ROUTE_PLAN device=0 Q=[256,256,16,1] Kraw=bf16 Vraw=turbo4 Kshape=[256,256,4,1] Vshape=[256,256,4,1] Keff=bf16 Veff=f16 turbo_kv=1 prefer_native_vec=0 decode=1 dk=0 dv=1 unsafe_vec_after_turbo_v_decode=1 allow_vec=0 kernel=MMA_F16 need_f16_K=1 need_f16_V=0 Knb=[2,2048,512,524288] Vnb=[66,528,132,135168] Keff_nb=[2,2048,512,524288] Veff_nb=[2,2048,512,524288]
CUDA_FA_ROUTE_ALLOC kernel=MMA_F16 need_f16_K=1 need_f16_V=0 workspace_end_offset=4718592 dst_data=(nil) f16_K=0x400000 f16_V=(nil) f16_end=0x480000
CUDA_FA_ROUTE_PLAN device=0 Q=[256,256,16,1] Kraw=bf16 Vraw=turbo4 Kshape=[256,256,4,1] Vshape=[256,256,4,1] Keff=bf16 Veff=f16 turbo_kv=1 prefer_native_vec=0 decode=1 dk=0 dv=1 unsafe_vec_after_turbo_v_decode=1 allow_vec=0 kernel=MMA_F16 need_f16_K=1 need_f16_V=0 Knb=[2,2048,512,524288] Vnb=[66,528,132,135168] Keff_nb=[2,2048,512,524288] Veff_nb=[2,2048,512,524288]
CUDA_FA_ROUTE_ALLOC kernel=MMA_F16 need_f16_K=1 need_f16_V=0 workspace_end_offset=4718592 dst_data=(nil) f16_K=0x400000 f16_V=(nil) f16_end=0x480000
CUDA_FA_ROUTE_PLAN device=0 Q=[256,256,16,1] Kraw=bf16 Vraw=turbo4 Kshape=[256,256,4,1] Vshape=[256,256,4,1] Keff=bf16 Veff=f16 turbo_kv=1 prefer_native_vec=0 decode=1 dk=0 dv=1 unsafe_vec_after_turbo_v_decode=1 allow_vec=0 kernel=MMA_F16 need_f16_K=1 need_f16_V=0 Knb=[2,2048,512,524288] Vnb=[66,528,132,135168] Keff_nb=[2,2048,512,524288] Veff_nb=[2,2048,512,524288]
CUDA_FA_ROUTE_ALLOC kernel=MMA_F16 need_f16_K=1 need_f16_V=0 workspace_end_offset=4718592 dst_data=(nil) f16_K=0x400000 f16_V=(nil) f16_end=0x480000
CUDA_FA_ROUTE_PLAN device=0 Q=[256,256,16,1] Kraw=bf16 Vraw=turbo4 Kshape=[256,256,4,1] Vshape=[256,256,4,1] Keff=bf16 Veff=f16 turbo_kv=1 prefer_native_vec=0 decode=1 dk=0 dv=1 unsafe_vec_after_turbo_v_decode=1 allow_vec=0 kernel=MMA_F16 need_f16_K=1 need_f16_V=0 Knb=[2,2048,512,524288] Vnb=[66,528,132,135168] Keff_nb=[2,2048,512,524288] Veff_nb=[2,2048,512,524288]
CUDA_FA_ROUTE_ALLOC kernel=MMA_F16 need_f16_K=1 need_f16_V=0 workspace_end_offset=4718592 dst_data=(nil) f16_K=0x400000 f16_V=(nil) f16_end=0x480000
CUDA_FA_ROUTE_PLAN device=0 Q=[256,256,16,1] Kraw=bf16 Vraw=turbo4 Kshape=[256,256,4,1] Vshape=[256,256,4,1] Keff=bf16 Veff=f16 turbo_kv=1 prefer_native_vec=0 decode=1 dk=0 dv=1 unsafe_vec_after_turbo_v_decode=1 allow_vec=0 kernel=MMA_F16 need_f16_K=1 need_f16_V=0 Knb=[2,2048,512,524288] Vnb=[66,528,132,135168] Keff_nb=[2,2048,512,524288] Veff_nb=[2,2048,512,524288]
CUDA_FA_ROUTE_ALLOC kernel=MMA_F16 need_f16_K=1 need_f16_V=0 workspace_end_offset=4718592 dst_data=(nil) f16_K=0x400000 f16_V=(nil) f16_end=0x480000
CUDA_FA_ROUTE_PLAN device=0 Q=[256,256,16,1] Kraw=bf16 Vraw=turbo4 Kshape=[256,256,4,1] Vshape=[256,256,4,1] Keff=bf16 Veff=f16 turbo_kv=1 prefer_native_vec=0 decode=1 dk=0 dv=1 unsafe_vec_after_turbo_v_decode=1 allow_vec=0 kernel=MMA_F16 need_f16_K=1 need_f16_V=0 Knb=[2,2048,512,524288] Vnb=[66,528,132,135168] Keff_nb=[2,2048,512,524288] Veff_nb=[2,2048,512,524288]
CUDA_FA_ROUTE_ALLOC kernel=MMA_F16 need_f16_K=1 need_f16_V=0 workspace_end_offset=4718592 dst_data=(nil) f16_K=0x400000 f16_V=(nil) f16_end=0x480000
CUDA_FA_ROUTE_PLAN device=0 Q=[256,256,16,1] Kraw=bf16 Vraw=turbo4 Kshape=[256,256,4,1] Vshape=[256,256,4,1] Keff=bf16 Veff=f16 turbo_kv=1 prefer_native_vec=0 decode=1 dk=0 dv=1 unsafe_vec_after_turbo_v_decode=1 allow_vec=0 kernel=MMA_F16 need_f16_K=1 need_f16_V=0 Knb=[2,2048,512,524288] Vnb=[66,528,132,135168] Keff_nb=[2,2048,512,524288] Veff_nb=[2,2048,512,524288]
CUDA_FA_ROUTE_ALLOC kernel=MMA_F16 need_f16_K=1 need_f16_V=0 workspace_end_offset=4718592 dst_data=(nil) f16_K=0x400000 f16_V=(nil) f16_end=0x480000
CUDA_FA_ROUTE_PLAN device=0 Q=[256,256,16,1] Kraw=bf16 Vraw=turbo4 Kshape=[256,256,4,1] Vshape=[256,256,4,1] Keff=bf16 Veff=f16 turbo_kv=1 prefer_native_vec=0 decode=1 dk=0 dv=1 unsafe_vec_after_turbo_v_decode=1 allow_vec=0 kernel=MMA_F16 need_f16_K=1 need_f16_V=0 Knb=[2,2048,512,524288] Vnb=[66,528,132,135168] Keff_nb=[2,2048,512,524288] Veff_nb=[2,2048,512,524288]
CUDA_FA_ROUTE_ALLOC kernel=MMA_F16 need_f16_K=1 need_f16_V=0 workspace_end_offset=4718592 dst_data=(nil) f16_K=0x400000 f16_V=(nil) f16_end=0x480000
CUDA_FA_ROUTE_PLAN device=0 Q=[256,256,16,1] Kraw=bf16 Vraw=turbo4 Kshape=[256,256,4,1] Vshape=[256,256,4,1] Keff=bf16 Veff=f16 turbo_kv=1 prefer_native_vec=0 decode=1 dk=0 dv=1 unsafe_vec_after_turbo_v_decode=1 allow_vec=0 kernel=MMA_F16 need_f16_K=1 need_f16_V=0 Knb=[2,2048,512,524288] Vnb=[66,528,132,135168] Keff_nb=[2,2048,512,524288] Veff_nb=[2,2048,512,524288]
CUDA_FA_ROUTE_ALLOC kernel=MMA_F16 need_f16_K=1 need_f16_V=0 workspace_end_offset=4718592 dst_data=(nil) f16_K=0x400000 f16_V=(nil) f16_end=0x480000
CUDA_FA_ROUTE_PLAN device=0 Q=[256,256,16,1] Kraw=bf16 Vraw=turbo4 Kshape=[256,256,4,1] Vshape=[256,256,4,1] Keff=bf16 Veff=f16 turbo_kv=1 prefer_native_vec=0 decode=1 dk=0 dv=1 unsafe_vec_after_turbo_v_decode=1 allow_vec=0 kernel=MMA_F16 need_f16_K=1 need_f16_V=0 Knb=[2,2048,512,524288] Vnb=[66,528,132,135168] Keff_nb=[2,2048,512,524288] Veff_nb=[2,2048,512,524288]
CUDA_FA_ROUTE_ALLOC kernel=MMA_F16 need_f16_K=1 need_f16_V=0 workspace_end_offset=4718592 dst_data=(nil) f16_K=0x400000 f16_V=(nil) f16_end=0x480000
CUDA_FA_ROUTE_PLAN device=0 Q=[256,256,16,1] Kraw=bf16 Vraw=turbo4 Kshape=[256,256,4,1] Vshape=[256,256,4,1] Keff=bf16 Veff=f16 turbo_kv=1 prefer_native_vec=0 decode=1 dk=0 dv=1 unsafe_vec_after_turbo_v_decode=1 allow_vec=0 kernel=MMA_F16 need_f16_K=1 need_f16_V=0 Knb=[2,2048,512,524288] Vnb=[66,528,132,135168] Keff_nb=[2,2048,512,524288] Veff_nb=[2,2048,512,524288]
CUDA_FA_ROUTE_ALLOC kernel=MMA_F16 need_f16_K=1 need_f16_V=0 workspace_end_offset=4718592 dst_data=(nil) f16_K=0x400000 f16_V=(nil) f16_end=0x480000
CUDA_FA_ROUTE_PLAN device=0 Q=[256,256,16,1] Kraw=bf16 Vraw=turbo4 Kshape=[256,256,4,1] Vshape=[256,256,4,1] Keff=bf16 Veff=f16 turbo_kv=1 prefer_native_vec=0 decode=1 dk=0 dv=1 unsafe_vec_after_turbo_v_decode=1 allow_vec=0 kernel=MMA_F16 need_f16_K=1 need_f16_V=0 Knb=[2,2048,512,524288] Vnb=[66,528,132,135168] Keff_nb=[2,2048,512,524288] Veff_nb=[2,2048,512,524288]
CUDA_FA_ROUTE_ALLOC kernel=MMA_F16 need_f16_K=1 need_f16_V=0 workspace_end_offset=4718592 dst_data=(nil) f16_K=0x400000 f16_V=(nil) f16_end=0x480000
CUDA_FA_ROUTE_PLAN device=0 Q=[256,256,16,1] Kraw=bf16 Vraw=turbo4 Kshape=[256,256,4,1] Vshape=[256,256,4,1] Keff=bf16 Veff=f16 turbo_kv=1 prefer_native_vec=0 decode=1 dk=0 dv=1 unsafe_vec_after_turbo_v_decode=1 allow_vec=0 kernel=MMA_F16 need_f16_K=1 need_f16_V=0 Knb=[2,2048,512,524288] Vnb=[66,528,132,135168] Keff_nb=[2,2048,512,524288] Veff_nb=[2,2048,512,524288]
CUDA_FA_ROUTE_ALLOC kernel=MMA_F16 need_f16_K=1 need_f16_V=0 workspace_end_offset=4718592 dst_data=(nil) f16_K=0x400000 f16_V=(nil) f16_end=0x480000
CUDA_FA_ROUTE_PLAN device=0 Q=[256,1,16,1] Kraw=bf16 Vraw=turbo4 Kshape=[256,256,4,1] Vshape=[256,256,4,1] Keff=bf16 Veff=f16 turbo_kv=1 prefer_native_vec=0 decode=1 dk=0 dv=1 unsafe_vec_after_turbo_v_decode=1 allow_vec=0 kernel=MMA_F16 need_f16_K=1 need_f16_V=0 Knb=[2,2048,512,524288] Vnb=[66,528,132,135168] Keff_nb=[2,2048,512,524288] Veff_nb=[2,2048,512,524288]
CUDA_FA_ROUTE_SUPPORTED kernel=MMA_F16 effK=bf16 effV=f16 supported=1
CUDA_FA_ROUTE_PLAN device=0 Q=[256,1,16,1] Kraw=bf16 Vraw=turbo4 Kshape=[256,256,4,1] Vshape=[256,256,4,1] Keff=bf16 Veff=f16 turbo_kv=1 prefer_native_vec=0 decode=1 dk=0 dv=1 unsafe_vec_after_turbo_v_decode=1 allow_vec=0 kernel=MMA_F16 need_f16_K=1 need_f16_V=0 Knb=[2,2048,512,524288] Vnb=[66,528,132,135168] Keff_nb=[2,2048,512,524288] Veff_nb=[2,2048,512,524288]
CUDA_FA_ROUTE_SUPPORTED kernel=MMA_F16 effK=bf16 effV=f16 supported=1
CUDA_FA_ROUTE_PLAN device=0 Q=[256,1,16,1] Kraw=bf16 Vraw=turbo4 Kshape=[256,256,4,1] Vshape=[256,256,4,1] Keff=bf16 Veff=f16 turbo_kv=1 prefer_native_vec=0 decode=1 dk=0 dv=1 unsafe_vec_after_turbo_v_decode=1 allow_vec=0 kernel=MMA_F16 need_f16_K=1 need_f16_V=0 Knb=[2,2048,512,524288] Vnb=[66,528,132,135168] Keff_nb=[2,2048,512,524288] Veff_nb=[2,2048,512,524288]
CUDA_FA_ROUTE_SUPPORTED kernel=MMA_F16 effK=bf16 effV=f16 supported=1
CUDA_FA_ROUTE_PLAN device=0 Q=[256,1,16,1] Kraw=bf16 Vraw=turbo4 Kshape=[256,256,4,1] Vshape=[256,256,4,1] Keff=bf16 Veff=f16 turbo_kv=1 prefer_native_vec=0 decode=1 dk=0 dv=1 unsafe_vec_after_turbo_v_decode=1 allow_vec=0 kernel=MMA_F16 need_f16_K=1 need_f16_V=0 Knb=[2,2048,512,524288] Vnb=[66,528,132,135168] Keff_nb=[2,2048,512,524288] Veff_nb=[2,2048,512,524288]
CUDA_FA_ROUTE_SUPPORTED kernel=MMA_F16 effK=bf16 effV=f16 supported=1
CUDA_FA_ROUTE_PLAN device=0 Q=[256,1,16,1] Kraw=bf16 Vraw=turbo4 Kshape=[256,256,4,1] Vshape=[256,256,4,1] Keff=bf16 Veff=f16 turbo_kv=1 prefer_native_vec=0 decode=1 dk=0 dv=1 unsafe_vec_after_turbo_v_decode=1 allow_vec=0 kernel=MMA_F16 need_f16_K=1 need_f16_V=0 Knb=[2,2048,512,524288] Vnb=[66,528,132,135168] Keff_nb=[2,2048,512,524288] Veff_nb=[2,2048,512,524288]
CUDA_FA_ROUTE_SUPPORTED kernel=MMA_F16 effK=bf16 effV=f16 supported=1
CUDA_FA_ROUTE_PLAN device=0 Q=[256,1,16,1] Kraw=bf16 Vraw=turbo4 Kshape=[256,256,4,1] Vshape=[256,256,4,1] Keff=bf16 Veff=f16 turbo_kv=1 prefer_native_vec=0 decode=1 dk=0 dv=1 unsafe_vec_after_turbo_v_decode=1 allow_vec=0 kernel=MMA_F16 need_f16_K=1 need_f16_V=0 Knb=[2,2048,512,524288] Vnb=[66,528,132,135168] Keff_nb=[2,2048,512,524288] Veff_nb=[2,2048,512,524288]
CUDA_FA_ROUTE_SUPPORTED kernel=MMA_F16 effK=bf16 effV=f16 supported=1
CUDA_FA_ROUTE_PLAN device=0 Q=[256,1,16,1] Kraw=bf16 Vraw=turbo4 Kshape=[256,256,4,1] Vshape=[256,256,4,1] Keff=bf16 Veff=f16 turbo_kv=1 prefer_native_vec=0 decode=1 dk=0 dv=1 unsafe_vec_after_turbo_v_decode=1 allow_vec=0 kernel=MMA_F16 need_f16_K=1 need_f16_V=0 Knb=[2,2048,512,524288] Vnb=[66,528,132,135168] Keff_nb=[2,2048,512,524288] Veff_nb=[2,2048,512,524288]
CUDA_FA_ROUTE_SUPPORTED kernel=MMA_F16 effK=bf16 effV=f16 supported=1
CUDA_FA_ROUTE_PLAN device=0 Q=[256,1,16,1] Kraw=bf16 Vraw=turbo4 Kshape=[256,256,4,1] Vshape=[256,256,4,1] Keff=bf16 Veff=f16 turbo_kv=1 prefer_native_vec=0 decode=1 dk=0 dv=1 unsafe_vec_after_turbo_v_decode=1 allow_vec=0 kernel=MMA_F16 need_f16_K=1 need_f16_V=0 Knb=[2,2048,512,524288] Vnb=[66,528,132,135168] Keff_nb=[2,2048,512,524288] Veff_nb=[2,2048,512,524288]
CUDA_FA_ROUTE_SUPPORTED kernel=MMA_F16 effK=bf16 effV=f16 supported=1
CUDA_FA_ROUTE_PLAN device=0 Q=[256,256,16,1] Kraw=bf16 Vraw=turbo4 Kshape=[256,256,4,1] Vshape=[256,256,4,1] Keff=bf16 Veff=f16 turbo_kv=1 prefer_native_vec=0 decode=1 dk=0 dv=1 unsafe_vec_after_turbo_v_decode=1 allow_vec=0 kernel=MMA_F16 need_f16_K=1 need_f16_V=0 Knb=[2,2048,512,524288] Vnb=[66,528,132,135168] Keff_nb=[2,2048,512,524288] Veff_nb=[2,2048,512,524288]
CUDA_FA_ROUTE_SUPPORTED kernel=MMA_F16 effK=bf16 effV=f16 supported=1
CUDA_FA_ROUTE_PLAN device=0 Q=[256,256,16,1] Kraw=bf16 Vraw=turbo4 Kshape=[256,256,4,1] Vshape=[256,256,4,1] Keff=bf16 Veff=f16 turbo_kv=1 prefer_native_vec=0 decode=1 dk=0 dv=1 unsafe_vec_after_turbo_v_decode=1 allow_vec=0 kernel=MMA_F16 need_f16_K=1 need_f16_V=0 Knb=[2,2048,512,524288] Vnb=[66,528,132,135168] Keff_nb=[2,2048,512,524288] Veff_nb=[2,2048,512,524288]
CUDA_FA_ROUTE_SUPPORTED kernel=MMA_F16 effK=bf16 effV=f16 supported=1
CUDA_FA_ROUTE_PLAN device=0 Q=[256,256,16,1] Kraw=bf16 Vraw=turbo4 Kshape=[256,256,4,1] Vshape=[256,256,4,1] Keff=bf16 Veff=f16 turbo_kv=1 prefer_native_vec=0 decode=1 dk=0 dv=1 unsafe_vec_after_turbo_v_decode=1 allow_vec=0 kernel=MMA_F16 need_f16_K=1 need_f16_V=0 Knb=[2,2048,512,524288] Vnb=[66,528,132,135168] Keff_nb=[2,2048,512,524288] Veff_nb=[2,2048,512,524288]
CUDA_FA_ROUTE_SUPPORTED kernel=MMA_F16 effK=bf16 effV=f16 supported=1
CUDA_FA_ROUTE_PLAN device=0 Q=[256,256,16,1] Kraw=bf16 Vraw=turbo4 Kshape=[256,256,4,1] Vshape=[256,256,4,1] Keff=bf16 Veff=f16 turbo_kv=1 prefer_native_vec=0 decode=1 dk=0 dv=1 unsafe_vec_after_turbo_v_decode=1 allow_vec=0 kernel=MMA_F16 need_f16_K=1 need_f16_V=0 Knb=[2,2048,512,524288] Vnb=[66,528,132,135168] Keff_nb=[2,2048,512,524288] Veff_nb=[2,2048,512,524288]
CUDA_FA_ROUTE_SUPPORTED kernel=MMA_F16 effK=bf16 effV=f16 supported=1
CUDA_FA_ROUTE_PLAN device=0 Q=[256,256,16,1] Kraw=bf16 Vraw=turbo4 Kshape=[256,256,4,1] Vshape=[256,256,4,1] Keff=bf16 Veff=f16 turbo_kv=1 prefer_native_vec=0 decode=1 dk=0 dv=1 unsafe_vec_after_turbo_v_decode=1 allow_vec=0 kernel=MMA_F16 need_f16_K=1 need_f16_V=0 Knb=[2,2048,512,524288] Vnb=[66,528,132,135168] Keff_nb=[2,2048,512,524288] Veff_nb=[2,2048,512,524288]
CUDA_FA_ROUTE_SUPPORTED kernel=MMA_F16 effK=bf16 effV=f16 supported=1
CUDA_FA_ROUTE_PLAN device=0 Q=[256,256,16,1] Kraw=bf16 Vraw=turbo4 Kshape=[256,256,4,1] Vshape=[256,256,4,1] Keff=bf16 Veff=f16 turbo_kv=1 prefer_native_vec=0 decode=1 dk=0 dv=1 unsafe_vec_after_turbo_v_decode=1 allow_vec=0 kernel=MMA_F16 need_f16_K=1 need_f16_V=0 Knb=[2,2048,512,524288] Vnb=[66,528,132,135168] Keff_nb=[2,2048,512,524288] Veff_nb=[2,2048,512,524288]
CUDA_FA_ROUTE_SUPPORTED kernel=MMA_F16 effK=bf16 effV=f16 supported=1
CUDA_FA_ROUTE_PLAN device=0 Q=[256,256,16,1] Kraw=bf16 Vraw=turbo4 Kshape=[256,256,4,1] Vshape=[256,256,4,1] Keff=bf16 Veff=f16 turbo_kv=1 prefer_native_vec=0 decode=1 dk=0 dv=1 unsafe_vec_after_turbo_v_decode=1 allow_vec=0 kernel=MMA_F16 need_f16_K=1 need_f16_V=0 Knb=[2,2048,512,524288] Vnb=[66,528,132,135168] Keff_nb=[2,2048,512,524288] Veff_nb=[2,2048,512,524288]
CUDA_FA_ROUTE_SUPPORTED kernel=MMA_F16 effK=bf16 effV=f16 supported=1
CUDA_FA_ROUTE_PLAN device=0 Q=[256,256,16,1] Kraw=bf16 Vraw=turbo4 Kshape=[256,256,4,1] Vshape=[256,256,4,1] Keff=bf16 Veff=f16 turbo_kv=1 prefer_native_vec=0 decode=1 dk=0 dv=1 unsafe_vec_after_turbo_v_decode=1 allow_vec=0 kernel=MMA_F16 need_f16_K=1 need_f16_V=0 Knb=[2,2048,512,524288] Vnb=[66,528,132,135168] Keff_nb=[2,2048,512,524288] Veff_nb=[2,2048,512,524288]
CUDA_FA_ROUTE_SUPPORTED kernel=MMA_F16 effK=bf16 effV=f16 supported=1
CUDA_FA_ROUTE_PLAN device=0 Q=[256,256,16,1] Kraw=bf16 Vraw=turbo4 Kshape=[256,256,4,1] Vshape=[256,256,4,1] Keff=bf16 Veff=f16 turbo_kv=1 prefer_native_vec=0 decode=1 dk=0 dv=1 unsafe_vec_after_turbo_v_decode=1 allow_vec=0 kernel=MMA_F16 need_f16_K=1 need_f16_V=0 Knb=[2,2048,512,524288] Vnb=[66,528,132,135168] Keff_nb=[2,2048,512,524288] Veff_nb=[2,2048,512,524288]
CUDA_FA_ROUTE_SUPPORTED kernel=MMA_F16 effK=bf16 effV=f16 supported=1
CUDA_FA_ROUTE_PLAN device=0 Q=[256,256,16,1] Kraw=bf16 Vraw=turbo4 Kshape=[256,256,4,1] Vshape=[256,256,4,1] Keff=bf16 Veff=f16 turbo_kv=1 prefer_native_vec=0 decode=1 dk=0 dv=1 unsafe_vec_after_turbo_v_decode=1 allow_vec=0 kernel=MMA_F16 need_f16_K=1 need_f16_V=0 Knb=[2,2048,512,524288] Vnb=[66,528,132,135168] Keff_nb=[2,2048,512,524288] Veff_nb=[2,2048,512,524288]
CUDA_FA_ROUTE_SUPPORTED kernel=MMA_F16 effK=bf16 effV=f16 supported=1
CUDA_FA_ROUTE_PLAN device=0 Q=[256,256,16,1] Kraw=bf16 Vraw=turbo4 Kshape=[256,256,4,1] Vshape=[256,256,4,1] Keff=bf16 Veff=f16 turbo_kv=1 prefer_native_vec=0 decode=1 dk=0 dv=1 unsafe_vec_after_turbo_v_decode=1 allow_vec=0 kernel=MMA_F16 need_f16_K=1 need_f16_V=0 Knb=[2,2048,512,524288] Vnb=[66,528,132,135168] Keff_nb=[2,2048,512,524288] Veff_nb=[2,2048,512,524288]
CUDA_FA_ROUTE_SUPPORTED kernel=MMA_F16 effK=bf16 effV=f16 supported=1
CUDA_FA_ROUTE_PLAN device=0 Q=[256,256,16,1] Kraw=bf16 Vraw=turbo4 Kshape=[256,256,4,1] Vshape=[256,256,4,1] Keff=bf16 Veff=f16 turbo_kv=1 prefer_native_vec=0 decode=1 dk=0 dv=1 unsafe_vec_after_turbo_v_decode=1 allow_vec=0 kernel=MMA_F16 need_f16_K=1 need_f16_V=0 Knb=[2,2048,512,524288] Vnb=[66,528,132,135168] Keff_nb=[2,2048,512,524288] Veff_nb=[2,2048,512,524288]
CUDA_FA_ROUTE_SUPPORTED kernel=MMA_F16 effK=bf16 effV=f16 supported=1
CUDA_FA_ROUTE_PLAN device=0 Q=[256,256,16,1] Kraw=bf16 Vraw=turbo4 Kshape=[256,256,4,1] Vshape=[256,256,4,1] Keff=bf16 Veff=f16 turbo_kv=1 prefer_native_vec=0 decode=1 dk=0 dv=1 unsafe_vec_after_turbo_v_decode=1 allow_vec=0 kernel=MMA_F16 need_f16_K=1 need_f16_V=0 Knb=[2,2048,512,524288] Vnb=[66,528,132,135168] Keff_nb=[2,2048,512,524288] Veff_nb=[2,2048,512,524288]
CUDA_FA_ROUTE_SUPPORTED kernel=MMA_F16 effK=bf16 effV=f16 supported=1
CUDA_FA_ROUTE_PLAN device=0 Q=[256,256,16,1] Kraw=bf16 Vraw=turbo4 Kshape=[256,256,4,1] Vshape=[256,256,4,1] Keff=bf16 Veff=f16 turbo_kv=1 prefer_native_vec=0 decode=1 dk=0 dv=1 unsafe_vec_after_turbo_v_decode=1 allow_vec=0 kernel=MMA_F16 need_f16_K=1 need_f16_V=0 Knb=[2,2048,512,524288] Vnb=[66,528,132,135168] Keff_nb=[2,2048,512,524288] Veff_nb=[2,2048,512,524288]
CUDA_FA_ROUTE_SUPPORTED kernel=MMA_F16 effK=bf16 effV=f16 supported=1
CUDA_FA_ROUTE_PLAN device=0 Q=[256,256,16,1] Kraw=bf16 Vraw=turbo4 Kshape=[256,256,4,1] Vshape=[256,256,4,1] Keff=bf16 Veff=f16 turbo_kv=1 prefer_native_vec=0 decode=1 dk=0 dv=1 unsafe_vec_after_turbo_v_decode=1 allow_vec=0 kernel=MMA_F16 need_f16_K=1 need_f16_V=0 Knb=[2,2048,512,524288] Vnb=[66,528,132,135168] Keff_nb=[2,2048,512,524288] Veff_nb=[2,2048,512,524288]
CUDA_FA_ROUTE_SUPPORTED kernel=MMA_F16 effK=bf16 effV=f16 supported=1
CUDA_FA_ROUTE_PLAN device=0 Q=[256,256,16,1] Kraw=bf16 Vraw=turbo4 Kshape=[256,256,4,1] Vshape=[256,256,4,1] Keff=bf16 Veff=f16 turbo_kv=1 prefer_native_vec=0 decode=1 dk=0 dv=1 unsafe_vec_after_turbo_v_decode=1 allow_vec=0 kernel=MMA_F16 need_f16_K=1 need_f16_V=0 Knb=[2,2048,512,524288] Vnb=[66,528,132,135168] Keff_nb=[2,2048,512,524288] Veff_nb=[2,2048,512,524288]
CUDA_FA_ROUTE_SUPPORTED kernel=MMA_F16 effK=bf16 effV=f16 supported=1
CUDA_FA_ROUTE_PLAN device=0 Q=[256,256,16,1] Kraw=bf16 Vraw=turbo4 Kshape=[256,256,4,1] Vshape=[256,256,4,1] Keff=bf16 Veff=f16 turbo_kv=1 prefer_native_vec=0 decode=1 dk=0 dv=1 unsafe_vec_after_turbo_v_decode=1 allow_vec=0 kernel=MMA_F16 need_f16_K=1 need_f16_V=0 Knb=[2,2048,512,524288] Vnb=[66,528,132,135168] Keff_nb=[2,2048,512,524288] Veff_nb=[2,2048,512,524288]
CUDA_FA_ROUTE_ALLOC kernel=MMA_F16 need_f16_K=1 need_f16_V=0 workspace_end_offset=4718592 dst_data=(nil) f16_K=0x400000 f16_V=(nil) f16_end=0x480000
CUDA_FA_ROUTE_PLAN device=0 Q=[256,256,16,1] Kraw=bf16 Vraw=turbo4 Kshape=[256,256,4,1] Vshape=[256,256,4,1] Keff=bf16 Veff=f16 turbo_kv=1 prefer_native_vec=0 decode=1 dk=0 dv=1 unsafe_vec_after_turbo_v_decode=1 allow_vec=0 kernel=MMA_F16 need_f16_K=1 need_f16_V=0 Knb=[2,2048,512,524288] Vnb=[66,528,132,135168] Keff_nb=[2,2048,512,524288] Veff_nb=[2,2048,512,524288]
CUDA_FA_ROUTE_ALLOC kernel=MMA_F16 need_f16_K=1 need_f16_V=0 workspace_end_offset=4718592 dst_data=(nil) f16_K=0x400000 f16_V=(nil) f16_end=0x480000
CUDA_FA_ROUTE_PLAN device=0 Q=[256,256,16,1] Kraw=bf16 Vraw=turbo4 Kshape=[256,256,4,1] Vshape=[256,256,4,1] Keff=bf16 Veff=f16 turbo_kv=1 prefer_native_vec=0 decode=1 dk=0 dv=1 unsafe_vec_after_turbo_v_decode=1 allow_vec=0 kernel=MMA_F16 need_f16_K=1 need_f16_V=0 Knb=[2,2048,512,524288] Vnb=[66,528,132,135168] Keff_nb=[2,2048,512,524288] Veff_nb=[2,2048,512,524288]
CUDA_FA_ROUTE_ALLOC kernel=MMA_F16 need_f16_K=1 need_f16_V=0 workspace_end_offset=4718592 dst_data=(nil) f16_K=0x400000 f16_V=(nil) f16_end=0x480000
CUDA_FA_ROUTE_PLAN device=0 Q=[256,256,16,1] Kraw=bf16 Vraw=turbo4 Kshape=[256,256,4,1] Vshape=[256,256,4,1] Keff=bf16 Veff=f16 turbo_kv=1 prefer_native_vec=0 decode=1 dk=0 dv=1 unsafe_vec_after_turbo_v_decode=1 allow_vec=0 kernel=MMA_F16 need_f16_K=1 need_f16_V=0 Knb=[2,2048,512,524288] Vnb=[66,528,132,135168] Keff_nb=[2,2048,512,524288] Veff_nb=[2,2048,512,524288]
CUDA_FA_ROUTE_ALLOC kernel=MMA_F16 need_f16_K=1 need_f16_V=0 workspace_end_offset=4718592 dst_data=(nil) f16_K=0x400000 f16_V=(nil) f16_end=0x480000
CUDA_FA_ROUTE_PLAN device=0 Q=[256,256,16,1] Kraw=bf16 Vraw=turbo4 Kshape=[256,256,4,1] Vshape=[256,256,4,1] Keff=bf16 Veff=f16 turbo_kv=1 prefer_native_vec=0 decode=1 dk=0 dv=1 unsafe_vec_after_turbo_v_decode=1 allow_vec=0 kernel=MMA_F16 need_f16_K=1 need_f16_V=0 Knb=[2,2048,512,524288] Vnb=[66,528,132,135168] Keff_nb=[2,2048,512,524288] Veff_nb=[2,2048,512,524288]
CUDA_FA_ROUTE_ALLOC kernel=MMA_F16 need_f16_K=1 need_f16_V=0 workspace_end_offset=4718592 dst_data=(nil) f16_K=0x400000 f16_V=(nil) f16_end=0x480000
CUDA_FA_ROUTE_PLAN device=0 Q=[256,256,16,1] Kraw=bf16 Vraw=turbo4 Kshape=[256,256,4,1] Vshape=[256,256,4,1] Keff=bf16 Veff=f16 turbo_kv=1 prefer_native_vec=0 decode=1 dk=0 dv=1 unsafe_vec_after_turbo_v_decode=1 allow_vec=0 kernel=MMA_F16 need_f16_K=1 need_f16_V=0 Knb=[2,2048,512,524288] Vnb=[66,528,132,135168] Keff_nb=[2,2048,512,524288] Veff_nb=[2,2048,512,524288]
CUDA_FA_ROUTE_ALLOC kernel=MMA_F16 need_f16_K=1 need_f16_V=0 workspace_end_offset=4718592 dst_data=(nil) f16_K=0x400000 f16_V=(nil) f16_end=0x480000
CUDA_FA_ROUTE_PLAN device=0 Q=[256,256,16,1] Kraw=bf16 Vraw=turbo4 Kshape=[256,256,4,1] Vshape=[256,256,4,1] Keff=bf16 Veff=f16 turbo_kv=1 prefer_native_vec=0 decode=1 dk=0 dv=1 unsafe_vec_after_turbo_v_decode=1 allow_vec=0 kernel=MMA_F16 need_f16_K=1 need_f16_V=0 Knb=[2,2048,512,524288] Vnb=[66,528,132,135168] Keff_nb=[2,2048,512,524288] Veff_nb=[2,2048,512,524288]
CUDA_FA_ROUTE_ALLOC kernel=MMA_F16 need_f16_K=1 need_f16_V=0 workspace_end_offset=4718592 dst_data=(nil) f16_K=0x400000 f16_V=(nil) f16_end=0x480000
CUDA_FA_ROUTE_PLAN device=0 Q=[256,256,16,1] Kraw=bf16 Vraw=turbo4 Kshape=[256,256,4,1] Vshape=[256,256,4,1] Keff=bf16 Veff=f16 turbo_kv=1 prefer_native_vec=0 decode=1 dk=0 dv=1 unsafe_vec_after_turbo_v_decode=1 allow_vec=0 kernel=MMA_F16 need_f16_K=1 need_f16_V=0 Knb=[2,2048,512,524288] Vnb=[66,528,132,135168] Keff_nb=[2,2048,512,524288] Veff_nb=[2,2048,512,524288]
CUDA_FA_ROUTE_ALLOC kernel=MMA_F16 need_f16_K=1 need_f16_V=0 workspace_end_offset=4718592 dst_data=(nil) f16_K=0x400000 f16_V=(nil) f16_end=0x480000
CUDA_FA_ROUTE_PLAN device=0 Q=[256,256,16,1] Kraw=bf16 Vraw=turbo4 Kshape=[256,256,4,1] Vshape=[256,256,4,1] Keff=bf16 Veff=f16 turbo_kv=1 prefer_native_vec=0 decode=1 dk=0 dv=1 unsafe_vec_after_turbo_v_decode=1 allow_vec=0 kernel=MMA_F16 need_f16_K=1 need_f16_V=0 Knb=[2,2048,512,524288] Vnb=[66,528,132,135168] Keff_nb=[2,2048,512,524288] Veff_nb=[2,2048,512,524288]
CUDA_FA_ROUTE_ALLOC kernel=MMA_F16 need_f16_K=1 need_f16_V=0 workspace_end_offset=4718592 dst_data=(nil) f16_K=0x400000 f16_V=(nil) f16_end=0x480000
CUDA_FA_ROUTE_PLAN device=0 Q=[256,256,16,1] Kraw=bf16 Vraw=turbo4 Kshape=[256,256,4,1] Vshape=[256,256,4,1] Keff=bf16 Veff=f16 turbo_kv=1 prefer_native_vec=0 decode=1 dk=0 dv=1 unsafe_vec_after_turbo_v_decode=1 allow_vec=0 kernel=MMA_F16 need_f16_K=1 need_f16_V=0 Knb=[2,2048,512,524288] Vnb=[66,528,132,135168] Keff_nb=[2,2048,512,524288] Veff_nb=[2,2048,512,524288]
CUDA_FA_ROUTE_ALLOC kernel=MMA_F16 need_f16_K=1 need_f16_V=0 workspace_end_offset=4718592 dst_data=(nil) f16_K=0x400000 f16_V=(nil) f16_end=0x480000
CUDA_FA_ROUTE_PLAN device=0 Q=[256,256,16,1] Kraw=bf16 Vraw=turbo4 Kshape=[256,256,4,1] Vshape=[256,256,4,1] Keff=bf16 Veff=f16 turbo_kv=1 prefer_native_vec=0 decode=1 dk=0 dv=1 unsafe_vec_after_turbo_v_decode=1 allow_vec=0 kernel=MMA_F16 need_f16_K=1 need_f16_V=0 Knb=[2,2048,512,524288] Vnb=[66,528,132,135168] Keff_nb=[2,2048,512,524288] Veff_nb=[2,2048,512,524288]
CUDA_FA_ROUTE_ALLOC kernel=MMA_F16 need_f16_K=1 need_f16_V=0 workspace_end_offset=4718592 dst_data=(nil) f16_K=0x400000 f16_V=(nil) f16_end=0x480000
CUDA_FA_ROUTE_PLAN device=0 Q=[256,256,16,1] Kraw=bf16 Vraw=turbo4 Kshape=[256,256,4,1] Vshape=[256,256,4,1] Keff=bf16 Veff=f16 turbo_kv=1 prefer_native_vec=0 decode=1 dk=0 dv=1 unsafe_vec_after_turbo_v_decode=1 allow_vec=0 kernel=MMA_F16 need_f16_K=1 need_f16_V=0 Knb=[2,2048,512,524288] Vnb=[66,528,132,135168] Keff_nb=[2,2048,512,524288] Veff_nb=[2,2048,512,524288]
CUDA_FA_ROUTE_ALLOC kernel=MMA_F16 need_f16_K=1 need_f16_V=0 workspace_end_offset=4718592 dst_data=(nil) f16_K=0x400000 f16_V=(nil) f16_end=0x480000
CUDA_FA_ROUTE_PLAN device=0 Q=[256,256,16,1] Kraw=bf16 Vraw=turbo4 Kshape=[256,256,4,1] Vshape=[256,256,4,1] Keff=bf16 Veff=f16 turbo_kv=1 prefer_native_vec=0 decode=1 dk=0 dv=1 unsafe_vec_after_turbo_v_decode=1 allow_vec=0 kernel=MMA_F16 need_f16_K=1 need_f16_V=0 Knb=[2,2048,512,524288] Vnb=[66,528,132,135168] Keff_nb=[2,2048,512,524288] Veff_nb=[2,2048,512,524288]
CUDA_FA_ROUTE_ALLOC kernel=MMA_F16 need_f16_K=1 need_f16_V=0 workspace_end_offset=4718592 dst_data=(nil) f16_K=0x400000 f16_V=(nil) f16_end=0x480000
CUDA_FA_ROUTE_PLAN device=0 Q=[256,256,16,1] Kraw=bf16 Vraw=turbo4 Kshape=[256,256,4,1] Vshape=[256,256,4,1] Keff=bf16 Veff=f16 turbo_kv=1 prefer_native_vec=0 decode=1 dk=0 dv=1 unsafe_vec_after_turbo_v_decode=1 allow_vec=0 kernel=MMA_F16 need_f16_K=1 need_f16_V=0 Knb=[2,2048,512,524288] Vnb=[66,528,132,135168] Keff_nb=[2,2048,512,524288] Veff_nb=[2,2048,512,524288]
CUDA_FA_ROUTE_ALLOC kernel=MMA_F16 need_f16_K=1 need_f16_V=0 workspace_end_offset=4718592 dst_data=(nil) f16_K=0x400000 f16_V=(nil) f16_end=0x480000
CUDA_FA_ROUTE_PLAN device=0 Q=[256,256,16,1] Kraw=bf16 Vraw=turbo4 Kshape=[256,256,4,1] Vshape=[256,256,4,1] Keff=bf16 Veff=f16 turbo_kv=1 prefer_native_vec=0 decode=1 dk=0 dv=1 unsafe_vec_after_turbo_v_decode=1 allow_vec=0 kernel=MMA_F16 need_f16_K=1 need_f16_V=0 Knb=[2,2048,512,524288] Vnb=[66,528,132,135168] Keff_nb=[2,2048,512,524288] Veff_nb=[2,2048,512,524288]
CUDA_FA_ROUTE_ALLOC kernel=MMA_F16 need_f16_K=1 need_f16_V=0 workspace_end_offset=4718592 dst_data=(nil) f16_K=0x400000 f16_V=(nil) f16_end=0x480000
CUDA_FA_ROUTE_PLAN device=0 Q=[256,256,16,1] Kraw=bf16 Vraw=turbo4 Kshape=[256,256,4,1] Vshape=[256,256,4,1] Keff=bf16 Veff=f16 turbo_kv=1 prefer_native_vec=0 decode=1 dk=0 dv=1 unsafe_vec_after_turbo_v_decode=1 allow_vec=0 kernel=MMA_F16 need_f16_K=1 need_f16_V=0 Knb=[2,2048,512,524288] Vnb=[66,528,132,135168] Keff_nb=[2,2048,512,524288] Veff_nb=[2,2048,512,524288]
CUDA_FA_ROUTE_ALLOC kernel=MMA_F16 need_f16_K=1 need_f16_V=0 workspace_end_offset=4718592 dst_data=(nil) f16_K=0x400000 f16_V=(nil) f16_end=0x480000
CUDA_FA_ROUTE_PLAN device=0 Q=[256,256,16,1] Kraw=bf16 Vraw=turbo4 Kshape=[256,256,4,1] Vshape=[256,256,4,1] Keff=bf16 Veff=f16 turbo_kv=1 prefer_native_vec=0 decode=1 dk=0 dv=1 unsafe_vec_after_turbo_v_decode=1 allow_vec=0 kernel=MMA_F16 need_f16_K=1 need_f16_V=0 Knb=[2,2048,512,524288] Vnb=[66,528,132,135168] Keff_nb=[2,2048,512,524288] Veff_nb=[2,2048,512,524288]
CUDA_FA_ROUTE_ALLOC kernel=MMA_F16 need_f16_K=1 need_f16_V=0 workspace_end_offset=4718592 dst_data=(nil) f16_K=0x400000 f16_V=(nil) f16_end=0x480000
CUDA_FA_ROUTE_PLAN device=0 Q=[256,256,16,1] Kraw=bf16 Vraw=turbo4 Kshape=[256,256,4,1] Vshape=[256,256,4,1] Keff=bf16 Veff=f16 turbo_kv=1 prefer_native_vec=0 decode=1 dk=0 dv=1 unsafe_vec_after_turbo_v_decode=1 allow_vec=0 kernel=MMA_F16 need_f16_K=1 need_f16_V=0 Knb=[2,2048,512,524288] Vnb=[66,528,132,135168] Keff_nb=[2,2048,512,524288] Veff_nb=[2,2048,512,524288]
CUDA_FA_ROUTE_ALLOC kernel=MMA_F16 need_f16_K=1 need_f16_V=0 workspace_end_offset=4718592 dst_data=(nil) f16_K=0x400000 f16_V=(nil) f16_end=0x480000
CUDA_FA_ROUTE_PLAN device=0 Q=[256,256,16,1] Kraw=bf16 Vraw=turbo4 Kshape=[256,256,4,1] Vshape=[256,256,4,1] Keff=bf16 Veff=f16 turbo_kv=1 prefer_native_vec=0 decode=1 dk=0 dv=1 unsafe_vec_after_turbo_v_decode=1 allow_vec=0 kernel=MMA_F16 need_f16_K=1 need_f16_V=0 Knb=[2,2048,512,524288] Vnb=[66,528,132,135168] Keff_nb=[2,2048,512,524288] Veff_nb=[2,2048,512,524288]
CUDA_FA_ROUTE_ALLOC kernel=MMA_F16 need_f16_K=1 need_f16_V=0 workspace_end_offset=4718592 dst_data=(nil) f16_K=0x400000 f16_V=(nil) f16_end=0x480000
CUDA_FA_ROUTE_PLAN device=0 Q=[256,256,16,1] Kraw=bf16 Vraw=turbo4 Kshape=[256,256,4,1] Vshape=[256,256,4,1] Keff=bf16 Veff=f16 turbo_kv=1 prefer_native_vec=0 decode=1 dk=0 dv=1 unsafe_vec_after_turbo_v_decode=1 allow_vec=0 kernel=MMA_F16 need_f16_K=1 need_f16_V=0 Knb=[2,2048,512,524288] Vnb=[66,528,132,135168] Keff_nb=[2,2048,512,524288] Veff_nb=[2,2048,512,524288]
CUDA_FA_ROUTE_ALLOC kernel=MMA_F16 need_f16_K=1 need_f16_V=0 workspace_end_offset=4718592 dst_data=(nil) f16_K=0x400000 f16_V=(nil) f16_end=0x480000
CUDA_FA_ROUTE_PLAN device=0 Q=[256,256,16,1] Kraw=bf16 Vraw=turbo4 Kshape=[256,256,4,1] Vshape=[256,256,4,1] Keff=bf16 Veff=f16 turbo_kv=1 prefer_native_vec=0 decode=1 dk=0 dv=1 unsafe_vec_after_turbo_v_decode=1 allow_vec=0 kernel=MMA_F16 need_f16_K=1 need_f16_V=0 Knb=[2,2048,512,524288] Vnb=[66,528,132,135168] Keff_nb=[2,2048,512,524288] Veff_nb=[2,2048,512,524288]
CUDA_FA_ROUTE_ALLOC kernel=MMA_F16 need_f16_K=1 need_f16_V=0 workspace_end_offset=4718592 dst_data=(nil) f16_K=0x400000 f16_V=(nil) f16_end=0x480000
CUDA_FA_ROUTE_PLAN device=0 Q=[256,256,16,1] Kraw=bf16 Vraw=turbo4 Kshape=[256,256,4,1] Vshape=[256,256,4,1] Keff=bf16 Veff=f16 turbo_kv=1 prefer_native_vec=0 decode=1 dk=0 dv=1 unsafe_vec_after_turbo_v_decode=1 allow_vec=0 kernel=MMA_F16 need_f16_K=1 need_f16_V=0 Knb=[2,2048,512,524288] Vnb=[66,528,132,135168] Keff_nb=[2,2048,512,524288] Veff_nb=[2,2048,512,524288]
CUDA_FA_ROUTE_ALLOC kernel=MMA_F16 need_f16_K=1 need_f16_V=0 workspace_end_offset=4718592 dst_data=(nil) f16_K=0x400000 f16_V=(nil) f16_end=0x480000
CUDA_FA_ROUTE_PLAN device=0 Q=[256,256,16,1] Kraw=bf16 Vraw=turbo4 Kshape=[256,256,4,1] Vshape=[256,256,4,1] Keff=bf16 Veff=f16 turbo_kv=1 prefer_native_vec=0 decode=1 dk=0 dv=1 unsafe_vec_after_turbo_v_decode=1 allow_vec=0 kernel=MMA_F16 need_f16_K=1 need_f16_V=0 Knb=[2,2048,512,524288] Vnb=[66,528,132,135168] Keff_nb=[2,2048,512,524288] Veff_nb=[2,2048,512,524288]
CUDA_FA_ROUTE_ALLOC kernel=MMA_F16 need_f16_K=1 need_f16_V=0 workspace_end_offset=4718592 dst_data=(nil) f16_K=0x400000 f16_V=(nil) f16_end=0x480000
CUDA_FA_ROUTE_PLAN device=0 Q=[256,256,16,1] Kraw=bf16 Vraw=turbo4 Kshape=[256,256,4,1] Vshape=[256,256,4,1] Keff=bf16 Veff=f16 turbo_kv=1 prefer_native_vec=0 decode=1 dk=0 dv=1 unsafe_vec_after_turbo_v_decode=1 allow_vec=0 kernel=MMA_F16 need_f16_K=1 need_f16_V=0 Knb=[2,2048,512,524288] Vnb=[66,528,132,135168] Keff_nb=[2,2048,512,524288] Veff_nb=[2,2048,512,524288]
CUDA_FA_ROUTE_ALLOC kernel=MMA_F16 need_f16_K=1 need_f16_V=0 workspace_end_offset=4718592 dst_data=(nil) f16_K=0x400000 f16_V=(nil) f16_end=0x480000
CUDA_FA_ROUTE_PLAN device=0 Q=[256,256,16,1] Kraw=bf16 Vraw=turbo4 Kshape=[256,256,4,1] Vshape=[256,256,4,1] Keff=bf16 Veff=f16 turbo_kv=1 prefer_native_vec=0 decode=1 dk=0 dv=1 unsafe_vec_after_turbo_v_decode=1 allow_vec=0 kernel=MMA_F16 need_f16_K=1 need_f16_V=0 Knb=[2,2048,512,524288] Vnb=[66,528,132,135168] Keff_nb=[2,2048,512,524288] Veff_nb=[2,2048,512,524288]
CUDA_FA_ROUTE_ALLOC kernel=MMA_F16 need_f16_K=1 need_f16_V=0 workspace_end_offset=4718592 dst_data=(nil) f16_K=0x400000 f16_V=(nil) f16_end=0x480000
CUDA_FA_ROUTE_PLAN device=0 Q=[256,256,16,1] Kraw=bf16 Vraw=turbo4 Kshape=[256,256,4,1] Vshape=[256,256,4,1] Keff=bf16 Veff=f16 turbo_kv=1 prefer_native_vec=0 decode=1 dk=0 dv=1 unsafe_vec_after_turbo_v_decode=1 allow_vec=0 kernel=MMA_F16 need_f16_K=1 need_f16_V=0 Knb=[2,2048,512,524288] Vnb=[66,528,132,135168] Keff_nb=[2,2048,512,524288] Veff_nb=[2,2048,512,524288]
CUDA_FA_ROUTE_ALLOC kernel=MMA_F16 need_f16_K=1 need_f16_V=0 workspace_end_offset=4718592 dst_data=(nil) f16_K=0x400000 f16_V=(nil) f16_end=0x480000
CUDA_FA_ROUTE_PLAN device=0 Q=[256,256,16,1] Kraw=bf16 Vraw=turbo4 Kshape=[256,256,4,1] Vshape=[256,256,4,1] Keff=bf16 Veff=f16 turbo_kv=1 prefer_native_vec=0 decode=1 dk=0 dv=1 unsafe_vec_after_turbo_v_decode=1 allow_vec=0 kernel=MMA_F16 need_f16_K=1 need_f16_V=0 Knb=[2,2048,512,524288] Vnb=[66,528,132,135168] Keff_nb=[2,2048,512,524288] Veff_nb=[2,2048,512,524288]
CUDA_FA_ROUTE_ALLOC kernel=MMA_F16 need_f16_K=1 need_f16_V=0 workspace_end_offset=4718592 dst_data=(nil) f16_K=0x400000 f16_V=(nil) f16_end=0x480000
CUDA_FA_ROUTE_PLAN device=0 Q=[256,256,16,1] Kraw=bf16 Vraw=turbo4 Kshape=[256,256,4,1] Vshape=[256,256,4,1] Keff=bf16 Veff=f16 turbo_kv=1 prefer_native_vec=0 decode=1 dk=0 dv=1 unsafe_vec_after_turbo_v_decode=1 allow_vec=0 kernel=MMA_F16 need_f16_K=1 need_f16_V=0 Knb=[2,2048,512,524288] Vnb=[66,528,132,135168] Keff_nb=[2,2048,512,524288] Veff_nb=[2,2048,512,524288]
CUDA_FA_ROUTE_ALLOC kernel=MMA_F16 need_f16_K=1 need_f16_V=0 workspace_end_offset=4718592 dst_data=(nil) f16_K=0x400000 f16_V=(nil) f16_end=0x480000
CUDA_FA_ROUTE_PLAN device=0 Q=[256,256,16,1] Kraw=bf16 Vraw=turbo4 Kshape=[256,256,4,1] Vshape=[256,256,4,1] Keff=bf16 Veff=f16 turbo_kv=1 prefer_native_vec=0 decode=1 dk=0 dv=1 unsafe_vec_after_turbo_v_decode=1 allow_vec=0 kernel=MMA_F16 need_f16_K=1 need_f16_V=0 Knb=[2,2048,512,524288] Vnb=[66,528,132,135168] Keff_nb=[2,2048,512,524288] Veff_nb=[2,2048,512,524288]
CUDA_FA_ROUTE_ALLOC kernel=MMA_F16 need_f16_K=1 need_f16_V=0 workspace_end_offset=4718592 dst_data=(nil) f16_K=0x400000 f16_V=(nil) f16_end=0x480000
CUDA_FA_ROUTE_PLAN device=0 Q=[256,256,16,1] Kraw=bf16 Vraw=turbo4 Kshape=[256,256,4,1] Vshape=[256,256,4,1] Keff=bf16 Veff=f16 turbo_kv=1 prefer_native_vec=0 decode=1 dk=0 dv=1 unsafe_vec_after_turbo_v_decode=1 allow_vec=0 kernel=MMA_F16 need_f16_K=1 need_f16_V=0 Knb=[2,2048,512,524288] Vnb=[66,528,132,135168] Keff_nb=[2,2048,512,524288] Veff_nb=[2,2048,512,524288]
CUDA_FA_ROUTE_ALLOC kernel=MMA_F16 need_f16_K=1 need_f16_V=0 workspace_end_offset=4718592 dst_data=(nil) f16_K=0x400000 f16_V=(nil) f16_end=0x480000
CUDA_FA_ROUTE_PLAN device=0 Q=[256,256,16,1] Kraw=bf16 Vraw=turbo4 Kshape=[256,256,4,1] Vshape=[256,256,4,1] Keff=bf16 Veff=f16 turbo_kv=1 prefer_native_vec=0 decode=1 dk=0 dv=1 unsafe_vec_after_turbo_v_decode=1 allow_vec=0 kernel=MMA_F16 need_f16_K=1 need_f16_V=0 Knb=[2,2048,512,524288] Vnb=[66,528,132,135168] Keff_nb=[2,2048,512,524288] Veff_nb=[2,2048,512,524288]
CUDA_FA_ROUTE_ALLOC kernel=MMA_F16 need_f16_K=1 need_f16_V=0 workspace_end_offset=4718592 dst_data=(nil) f16_K=0x400000 f16_V=(nil) f16_end=0x480000
CUDA_FA_ROUTE_PLAN device=0 Q=[256,256,16,1] Kraw=bf16 Vraw=turbo4 Kshape=[256,256,4,1] Vshape=[256,256,4,1] Keff=bf16 Veff=f16 turbo_kv=1 prefer_native_vec=0 decode=1 dk=0 dv=1 unsafe_vec_after_turbo_v_decode=1 allow_vec=0 kernel=MMA_F16 need_f16_K=1 need_f16_V=0 Knb=[2,2048,512,524288] Vnb=[66,528,132,135168] Keff_nb=[2,2048,512,524288] Veff_nb=[2,2048,512,524288]
CUDA_FA_ROUTE_ALLOC kernel=MMA_F16 need_f16_K=1 need_f16_V=0 workspace_end_offset=4718592 dst_data=(nil) f16_K=0x400000 f16_V=(nil) f16_end=0x480000
CUDA_FA_ROUTE_PLAN device=0 Q=[256,256,16,1] Kraw=bf16 Vraw=turbo4 Kshape=[256,256,4,1] Vshape=[256,256,4,1] Keff=bf16 Veff=f16 turbo_kv=1 prefer_native_vec=0 decode=1 dk=0 dv=1 unsafe_vec_after_turbo_v_decode=1 allow_vec=0 kernel=MMA_F16 need_f16_K=1 need_f16_V=0 Knb=[2,2048,512,524288] Vnb=[66,528,132,135168] Keff_nb=[2,2048,512,524288] Veff_nb=[2,2048,512,524288]
CUDA_FA_ROUTE_SUPPORTED kernel=MMA_F16 effK=bf16 effV=f16 supported=1
CUDA_FA_ROUTE_PLAN device=0 Q=[256,256,16,1] Kraw=bf16 Vraw=turbo4 Kshape=[256,256,4,1] Vshape=[256,256,4,1] Keff=bf16 Veff=f16 turbo_kv=1 prefer_native_vec=0 decode=1 dk=0 dv=1 unsafe_vec_after_turbo_v_decode=1 allow_vec=0 kernel=MMA_F16 need_f16_K=1 need_f16_V=0 Knb=[2,2048,512,524288] Vnb=[66,528,132,135168] Keff_nb=[2,2048,512,524288] Veff_nb=[2,2048,512,524288]
CUDA_FA_ROUTE_SUPPORTED kernel=MMA_F16 effK=bf16 effV=f16 supported=1
CUDA_FA_ROUTE_PLAN device=0 Q=[256,256,16,1] Kraw=bf16 Vraw=turbo4 Kshape=[256,256,4,1] Vshape=[256,256,4,1] Keff=bf16 Veff=f16 turbo_kv=1 prefer_native_vec=0 decode=1 dk=0 dv=1 unsafe_vec_after_turbo_v_decode=1 allow_vec=0 kernel=MMA_F16 need_f16_K=1 need_f16_V=0 Knb=[2,2048,512,524288] Vnb=[66,528,132,135168] Keff_nb=[2,2048,512,524288] Veff_nb=[2,2048,512,524288]
CUDA_FA_ROUTE_SUPPORTED kernel=MMA_F16 effK=bf16 effV=f16 supported=1
CUDA_FA_ROUTE_PLAN device=0 Q=[256,256,16,1] Kraw=bf16 Vraw=turbo4 Kshape=[256,256,4,1] Vshape=[256,256,4,1] Keff=bf16 Veff=f16 turbo_kv=1 prefer_native_vec=0 decode=1 dk=0 dv=1 unsafe_vec_after_turbo_v_decode=1 allow_vec=0 kernel=MMA_F16 need_f16_K=1 need_f16_V=0 Knb=[2,2048,512,524288] Vnb=[66,528,132,135168] Keff_nb=[2,2048,512,524288] Veff_nb=[2,2048,512,524288]
CUDA_FA_ROUTE_SUPPORTED kernel=MMA_F16 effK=bf16 effV=f16 supported=1
CUDA_FA_ROUTE_PLAN device=0 Q=[256,256,16,1] Kraw=bf16 Vraw=turbo4 Kshape=[256,256,4,1] Vshape=[256,256,4,1] Keff=bf16 Veff=f16 turbo_kv=1 prefer_native_vec=0 decode=1 dk=0 dv=1 unsafe_vec_after_turbo_v_decode=1 allow_vec=0 kernel=MMA_F16 need_f16_K=1 need_f16_V=0 Knb=[2,2048,512,524288] Vnb=[66,528,132,135168] Keff_nb=[2,2048,512,524288] Veff_nb=[2,2048,512,524288]
CUDA_FA_ROUTE_SUPPORTED kernel=MMA_F16 effK=bf16 effV=f16 supported=1
CUDA_FA_ROUTE_PLAN device=0 Q=[256,256,16,1] Kraw=bf16 Vraw=turbo4 Kshape=[256,256,4,1] Vshape=[256,256,4,1] Keff=bf16 Veff=f16 turbo_kv=1 prefer_native_vec=0 decode=1 dk=0 dv=1 unsafe_vec_after_turbo_v_decode=1 allow_vec=0 kernel=MMA_F16 need_f16_K=1 need_f16_V=0 Knb=[2,2048,512,524288] Vnb=[66,528,132,135168] Keff_nb=[2,2048,512,524288] Veff_nb=[2,2048,512,524288]
CUDA_FA_ROUTE_SUPPORTED kernel=MMA_F16 effK=bf16 effV=f16 supported=1
CUDA_FA_ROUTE_PLAN device=0 Q=[256,256,16,1] Kraw=bf16 Vraw=turbo4 Kshape=[256,256,4,1] Vshape=[256,256,4,1] Keff=bf16 Veff=f16 turbo_kv=1 prefer_native_vec=0 decode=1 dk=0 dv=1 unsafe_vec_after_turbo_v_decode=1 allow_vec=0 kernel=MMA_F16 need_f16_K=1 need_f16_V=0 Knb=[2,2048,512,524288] Vnb=[66,528,132,135168] Keff_nb=[2,2048,512,524288] Veff_nb=[2,2048,512,524288]
CUDA_FA_ROUTE_SUPPORTED kernel=MMA_F16 effK=bf16 effV=f16 supported=1
CUDA_FA_ROUTE_PLAN device=0 Q=[256,256,16,1] Kraw=bf16 Vraw=turbo4 Kshape=[256,256,4,1] Vshape=[256,256,4,1] Keff=bf16 Veff=f16 turbo_kv=1 prefer_native_vec=0 decode=1 dk=0 dv=1 unsafe_vec_after_turbo_v_decode=1 allow_vec=0 kernel=MMA_F16 need_f16_K=1 need_f16_V=0 Knb=[2,2048,512,524288] Vnb=[66,528,132,135168] Keff_nb=[2,2048,512,524288] Veff_nb=[2,2048,512,524288]
CUDA_FA_ROUTE_SUPPORTED kernel=MMA_F16 effK=bf16 effV=f16 supported=1
CUDA_FA_ROUTE_PLAN device=0 Q=[256,1,16,1] Kraw=bf16 Vraw=turbo4 Kshape=[256,256,4,1] Vshape=[256,256,4,1] Keff=bf16 Veff=f16 turbo_kv=1 prefer_native_vec=0 decode=1 dk=0 dv=1 unsafe_vec_after_turbo_v_decode=1 allow_vec=0 kernel=MMA_F16 need_f16_K=1 need_f16_V=0 Knb=[2,2048,512,524288] Vnb=[66,528,132,135168] Keff_nb=[2,2048,512,524288] Veff_nb=[2,2048,512,524288]
CUDA_FA_ROUTE_SUPPORTED kernel=MMA_F16 effK=bf16 effV=f16 supported=1
CUDA_FA_ROUTE_PLAN device=0 Q=[256,1,16,1] Kraw=bf16 Vraw=turbo4 Kshape=[256,256,4,1] Vshape=[256,256,4,1] Keff=bf16 Veff=f16 turbo_kv=1 prefer_native_vec=0 decode=1 dk=0 dv=1 unsafe_vec_after_turbo_v_decode=1 allow_vec=0 kernel=MMA_F16 need_f16_K=1 need_f16_V=0 Knb=[2,2048,512,524288] Vnb=[66,528,132,135168] Keff_nb=[2,2048,512,524288] Veff_nb=[2,2048,512,524288]
CUDA_FA_ROUTE_SUPPORTED kernel=MMA_F16 effK=bf16 effV=f16 supported=1
CUDA_FA_ROUTE_PLAN device=0 Q=[256,1,16,1] Kraw=bf16 Vraw=turbo4 Kshape=[256,256,4,1] Vshape=[256,256,4,1] Keff=bf16 Veff=f16 turbo_kv=1 prefer_native_vec=0 decode=1 dk=0 dv=1 unsafe_vec_after_turbo_v_decode=1 allow_vec=0 kernel=MMA_F16 need_f16_K=1 need_f16_V=0 Knb=[2,2048,512,524288] Vnb=[66,528,132,135168] Keff_nb=[2,2048,512,524288] Veff_nb=[2,2048,512,524288]
CUDA_FA_ROUTE_SUPPORTED kernel=MMA_F16 effK=bf16 effV=f16 supported=1
CUDA_FA_ROUTE_PLAN device=0 Q=[256,1,16,1] Kraw=bf16 Vraw=turbo4 Kshape=[256,256,4,1] Vshape=[256,256,4,1] Keff=bf16 Veff=f16 turbo_kv=1 prefer_native_vec=0 decode=1 dk=0 dv=1 unsafe_vec_after_turbo_v_decode=1 allow_vec=0 kernel=MMA_F16 need_f16_K=1 need_f16_V=0 Knb=[2,2048,512,524288] Vnb=[66,528,132,135168] Keff_nb=[2,2048,512,524288] Veff_nb=[2,2048,512,524288]
CUDA_FA_ROUTE_SUPPORTED kernel=MMA_F16 effK=bf16 effV=f16 supported=1
CUDA_FA_ROUTE_PLAN device=0 Q=[256,1,16,1] Kraw=bf16 Vraw=turbo4 Kshape=[256,256,4,1] Vshape=[256,256,4,1] Keff=bf16 Veff=f16 turbo_kv=1 prefer_native_vec=0 decode=1 dk=0 dv=1 unsafe_vec_after_turbo_v_decode=1 allow_vec=0 kernel=MMA_F16 need_f16_K=1 need_f16_V=0 Knb=[2,2048,512,524288] Vnb=[66,528,132,135168] Keff_nb=[2,2048,512,524288] Veff_nb=[2,2048,512,524288]
CUDA_FA_ROUTE_SUPPORTED kernel=MMA_F16 effK=bf16 effV=f16 supported=1
CUDA_FA_ROUTE_PLAN device=0 Q=[256,1,16,1] Kraw=bf16 Vraw=turbo4 Kshape=[256,256,4,1] Vshape=[256,256,4,1] Keff=bf16 Veff=f16 turbo_kv=1 prefer_native_vec=0 decode=1 dk=0 dv=1 unsafe_vec_after_turbo_v_decode=1 allow_vec=0 kernel=MMA_F16 need_f16_K=1 need_f16_V=0 Knb=[2,2048,512,524288] Vnb=[66,528,132,135168] Keff_nb=[2,2048,512,524288] Veff_nb=[2,2048,512,524288]
CUDA_FA_ROUTE_SUPPORTED kernel=MMA_F16 effK=bf16 effV=f16 supported=1
CUDA_FA_ROUTE_PLAN device=0 Q=[256,1,16,1] Kraw=bf16 Vraw=turbo4 Kshape=[256,256,4,1] Vshape=[256,256,4,1] Keff=bf16 Veff=f16 turbo_kv=1 prefer_native_vec=0 decode=1 dk=0 dv=1 unsafe_vec_after_turbo_v_decode=1 allow_vec=0 kernel=MMA_F16 need_f16_K=1 need_f16_V=0 Knb=[2,2048,512,524288] Vnb=[66,528,132,135168] Keff_nb=[2,2048,512,524288] Veff_nb=[2,2048,512,524288]
CUDA_FA_ROUTE_SUPPORTED kernel=MMA_F16 effK=bf16 effV=f16 supported=1
CUDA_FA_ROUTE_PLAN device=0 Q=[256,1,16,1] Kraw=bf16 Vraw=turbo4 Kshape=[256,256,4,1] Vshape=[256,256,4,1] Keff=bf16 Veff=f16 turbo_kv=1 prefer_native_vec=0 decode=1 dk=0 dv=1 unsafe_vec_after_turbo_v_decode=1 allow_vec=0 kernel=MMA_F16 need_f16_K=1 need_f16_V=0 Knb=[2,2048,512,524288] Vnb=[66,528,132,135168] Keff_nb=[2,2048,512,524288] Veff_nb=[2,2048,512,524288]
CUDA_FA_ROUTE_SUPPORTED kernel=MMA_F16 effK=bf16 effV=f16 supported=1
CUDA_FA_ROUTE_PLAN device=0 Q=[256,16,16,1] Kraw=bf16 Vraw=turbo4 Kshape=[256,256,4,1] Vshape=[256,256,4,1] Keff=bf16 Veff=f16 turbo_kv=1 prefer_native_vec=0 decode=1 dk=0 dv=1 unsafe_vec_after_turbo_v_decode=1 allow_vec=0 kernel=MMA_F16 need_f16_K=1 need_f16_V=0 Knb=[2,2048,512,524288] Vnb=[66,528,132,135168] Keff_nb=[2,2048,512,524288] Veff_nb=[2,2048,512,524288]
CUDA_FA_ROUTE_SUPPORTED kernel=MMA_F16 effK=bf16 effV=f16 supported=1
CUDA_FA_ROUTE_PLAN device=0 Q=[256,16,16,1] Kraw=bf16 Vraw=turbo4 Kshape=[256,256,4,1] Vshape=[256,256,4,1] Keff=bf16 Veff=f16 turbo_kv=1 prefer_native_vec=0 decode=1 dk=0 dv=1 unsafe_vec_after_turbo_v_decode=1 allow_vec=0 kernel=MMA_F16 need_f16_K=1 need_f16_V=0 Knb=[2,2048,512,524288] Vnb=[66,528,132,135168] Keff_nb=[2,2048,512,524288] Veff_nb=[2,2048,512,524288]
CUDA_FA_ROUTE_SUPPORTED kernel=MMA_F16 effK=bf16 effV=f16 supported=1
CUDA_FA_ROUTE_PLAN device=0 Q=[256,16,16,1] Kraw=bf16 Vraw=turbo4 Kshape=[256,256,4,1] Vshape=[256,256,4,1] Keff=bf16 Veff=f16 turbo_kv=1 prefer_native_vec=0 decode=1 dk=0 dv=1 unsafe_vec_after_turbo_v_decode=1 allow_vec=0 kernel=MMA_F16 need_f16_K=1 need_f16_V=0 Knb=[2,2048,512,524288] Vnb=[66,528,132,135168] Keff_nb=[2,2048,512,524288] Veff_nb=[2,2048,512,524288]
CUDA_FA_ROUTE_SUPPORTED kernel=MMA_F16 effK=bf16 effV=f16 supported=1
CUDA_FA_ROUTE_PLAN device=0 Q=[256,16,16,1] Kraw=bf16 Vraw=turbo4 Kshape=[256,256,4,1] Vshape=[256,256,4,1] Keff=bf16 Veff=f16 turbo_kv=1 prefer_native_vec=0 decode=1 dk=0 dv=1 unsafe_vec_after_turbo_v_decode=1 allow_vec=0 kernel=MMA_F16 need_f16_K=1 need_f16_V=0 Knb=[2,2048,512,524288] Vnb=[66,528,132,135168] Keff_nb=[2,2048,512,524288] Veff_nb=[2,2048,512,524288]
CUDA_FA_ROUTE_SUPPORTED kernel=MMA_F16 effK=bf16 effV=f16 supported=1
CUDA_FA_ROUTE_PLAN device=0 Q=[256,16,16,1] Kraw=bf16 Vraw=turbo4 Kshape=[256,256,4,1] Vshape=[256,256,4,1] Keff=bf16 Veff=f16 turbo_kv=1 prefer_native_vec=0 decode=1 dk=0 dv=1 unsafe_vec_after_turbo_v_decode=1 allow_vec=0 kernel=MMA_F16 need_f16_K=1 need_f16_V=0 Knb=[2,2048,512,524288] Vnb=[66,528,132,135168] Keff_nb=[2,2048,512,524288] Veff_nb=[2,2048,512,524288]
CUDA_FA_ROUTE_SUPPORTED kernel=MMA_F16 effK=bf16 effV=f16 supported=1
CUDA_FA_ROUTE_PLAN device=0 Q=[256,16,16,1] Kraw=bf16 Vraw=turbo4 Kshape=[256,256,4,1] Vshape=[256,256,4,1] Keff=bf16 Veff=f16 turbo_kv=1 prefer_native_vec=0 decode=1 dk=0 dv=1 unsafe_vec_after_turbo_v_decode=1 allow_vec=0 kernel=MMA_F16 need_f16_K=1 need_f16_V=0 Knb=[2,2048,512,524288] Vnb=[66,528,132,135168] Keff_nb=[2,2048,512,524288] Veff_nb=[2,2048,512,524288]
CUDA_FA_ROUTE_SUPPORTED kernel=MMA_F16 effK=bf16 effV=f16 supported=1
CUDA_FA_ROUTE_PLAN device=0 Q=[256,16,16,1] Kraw=bf16 Vraw=turbo4 Kshape=[256,256,4,1] Vshape=[256,256,4,1] Keff=bf16 Veff=f16 turbo_kv=1 prefer_native_vec=0 decode=1 dk=0 dv=1 unsafe_vec_after_turbo_v_decode=1 allow_vec=0 kernel=MMA_F16 need_f16_K=1 need_f16_V=0 Knb=[2,2048,512,524288] Vnb=[66,528,132,135168] Keff_nb=[2,2048,512,524288] Veff_nb=[2,2048,512,524288]
CUDA_FA_ROUTE_SUPPORTED kernel=MMA_F16 effK=bf16 effV=f16 supported=1
CUDA_FA_ROUTE_PLAN device=0 Q=[256,16,16,1] Kraw=bf16 Vraw=turbo4 Kshape=[256,256,4,1] Vshape=[256,256,4,1] Keff=bf16 Veff=f16 turbo_kv=1 prefer_native_vec=0 decode=1 dk=0 dv=1 unsafe_vec_after_turbo_v_decode=1 allow_vec=0 kernel=MMA_F16 need_f16_K=1 need_f16_V=0 Knb=[2,2048,512,524288] Vnb=[66,528,132,135168] Keff_nb=[2,2048,512,524288] Veff_nb=[2,2048,512,524288]
CUDA_FA_ROUTE_SUPPORTED kernel=MMA_F16 effK=bf16 effV=f16 supported=1
CUDA_FA_ROUTE_PLAN device=0 Q=[256,1,16,1] Kraw=bf16 Vraw=turbo4 Kshape=[256,256,4,1] Vshape=[256,256,4,1] Keff=bf16 Veff=f16 turbo_kv=1 prefer_native_vec=0 decode=1 dk=0 dv=1 unsafe_vec_after_turbo_v_decode=1 allow_vec=0 kernel=MMA_F16 need_f16_K=1 need_f16_V=0 Knb=[2,2048,512,524288] Vnb=[66,528,132,135168] Keff_nb=[2,2048,512,524288] Veff_nb=[2,2048,512,524288]
CUDA_FA_ROUTE_SUPPORTED kernel=MMA_F16 effK=bf16 effV=f16 supported=1
CUDA_FA_ROUTE_PLAN device=0 Q=[256,1,16,1] Kraw=bf16 Vraw=turbo4 Kshape=[256,256,4,1] Vshape=[256,256,4,1] Keff=bf16 Veff=f16 turbo_kv=1 prefer_native_vec=0 decode=1 dk=0 dv=1 unsafe_vec_after_turbo_v_decode=1 allow_vec=0 kernel=MMA_F16 need_f16_K=1 need_f16_V=0 Knb=[2,2048,512,524288] Vnb=[66,528,132,135168] Keff_nb=[2,2048,512,524288] Veff_nb=[2,2048,512,524288]
CUDA_FA_ROUTE_SUPPORTED kernel=MMA_F16 effK=bf16 effV=f16 supported=1
CUDA_FA_ROUTE_PLAN device=0 Q=[256,1,16,1] Kraw=bf16 Vraw=turbo4 Kshape=[256,256,4,1] Vshape=[256,256,4,1] Keff=bf16 Veff=f16 turbo_kv=1 prefer_native_vec=0 decode=1 dk=0 dv=1 unsafe_vec_after_turbo_v_decode=1 allow_vec=0 kernel=MMA_F16 need_f16_K=1 need_f16_V=0 Knb=[2,2048,512,524288] Vnb=[66,528,132,135168] Keff_nb=[2,2048,512,524288] Veff_nb=[2,2048,512,524288]
CUDA_FA_ROUTE_SUPPORTED kernel=MMA_F16 effK=bf16 effV=f16 supported=1
CUDA_FA_ROUTE_PLAN device=0 Q=[256,1,16,1] Kraw=bf16 Vraw=turbo4 Kshape=[256,256,4,1] Vshape=[256,256,4,1] Keff=bf16 Veff=f16 turbo_kv=1 prefer_native_vec=0 decode=1 dk=0 dv=1 unsafe_vec_after_turbo_v_decode=1 allow_vec=0 kernel=MMA_F16 need_f16_K=1 need_f16_V=0 Knb=[2,2048,512,524288] Vnb=[66,528,132,135168] Keff_nb=[2,2048,512,524288] Veff_nb=[2,2048,512,524288]
CUDA_FA_ROUTE_SUPPORTED kernel=MMA_F16 effK=bf16 effV=f16 supported=1
CUDA_FA_ROUTE_PLAN device=0 Q=[256,1,16,1] Kraw=bf16 Vraw=turbo4 Kshape=[256,256,4,1] Vshape=[256,256,4,1] Keff=bf16 Veff=f16 turbo_kv=1 prefer_native_vec=0 decode=1 dk=0 dv=1 unsafe_vec_after_turbo_v_decode=1 allow_vec=0 kernel=MMA_F16 need_f16_K=1 need_f16_V=0 Knb=[2,2048,512,524288] Vnb=[66,528,132,135168] Keff_nb=[2,2048,512,524288] Veff_nb=[2,2048,512,524288]
CUDA_FA_ROUTE_SUPPORTED kernel=MMA_F16 effK=bf16 effV=f16 supported=1
CUDA_FA_ROUTE_PLAN device=0 Q=[256,1,16,1] Kraw=bf16 Vraw=turbo4 Kshape=[256,256,4,1] Vshape=[256,256,4,1] Keff=bf16 Veff=f16 turbo_kv=1 prefer_native_vec=0 decode=1 dk=0 dv=1 unsafe_vec_after_turbo_v_decode=1 allow_vec=0 kernel=MMA_F16 need_f16_K=1 need_f16_V=0 Knb=[2,2048,512,524288] Vnb=[66,528,132,135168] Keff_nb=[2,2048,512,524288] Veff_nb=[2,2048,512,524288]
CUDA_FA_ROUTE_SUPPORTED kernel=MMA_F16 effK=bf16 effV=f16 supported=1
CUDA_FA_ROUTE_PLAN device=0 Q=[256,1,16,1] Kraw=bf16 Vraw=turbo4 Kshape=[256,256,4,1] Vshape=[256,256,4,1] Keff=bf16 Veff=f16 turbo_kv=1 prefer_native_vec=0 decode=1 dk=0 dv=1 unsafe_vec_after_turbo_v_decode=1 allow_vec=0 kernel=MMA_F16 need_f16_K=1 need_f16_V=0 Knb=[2,2048,512,524288] Vnb=[66,528,132,135168] Keff_nb=[2,2048,512,524288] Veff_nb=[2,2048,512,524288]
CUDA_FA_ROUTE_SUPPORTED kernel=MMA_F16 effK=bf16 effV=f16 supported=1
CUDA_FA_ROUTE_PLAN device=0 Q=[256,1,16,1] Kraw=bf16 Vraw=turbo4 Kshape=[256,256,4,1] Vshape=[256,256,4,1] Keff=bf16 Veff=f16 turbo_kv=1 prefer_native_vec=0 decode=1 dk=0 dv=1 unsafe_vec_after_turbo_v_decode=1 allow_vec=0 kernel=MMA_F16 need_f16_K=1 need_f16_V=0 Knb=[2,2048,512,524288] Vnb=[66,528,132,135168] Keff_nb=[2,2048,512,524288] Veff_nb=[2,2048,512,524288]
CUDA_FA_ROUTE_SUPPORTED kernel=MMA_F16 effK=bf16 effV=f16 supported=1
CUDA_FA_ROUTE_PLAN device=0 Q=[256,256,16,1] Kraw=bf16 Vraw=turbo4 Kshape=[256,256,4,1] Vshape=[256,256,4,1] Keff=bf16 Veff=f16 turbo_kv=1 prefer_native_vec=0 decode=1 dk=0 dv=1 unsafe_vec_after_turbo_v_decode=1 allow_vec=0 kernel=MMA_F16 need_f16_K=1 need_f16_V=0 Knb=[2,2048,512,524288] Vnb=[66,528,132,135168] Keff_nb=[2,2048,512,524288] Veff_nb=[2,2048,512,524288]
CUDA_FA_ROUTE_SUPPORTED kernel=MMA_F16 effK=bf16 effV=f16 supported=1
CUDA_FA_ROUTE_PLAN device=0 Q=[256,256,16,1] Kraw=bf16 Vraw=turbo4 Kshape=[256,256,4,1] Vshape=[256,256,4,1] Keff=bf16 Veff=f16 turbo_kv=1 prefer_native_vec=0 decode=1 dk=0 dv=1 unsafe_vec_after_turbo_v_decode=1 allow_vec=0 kernel=MMA_F16 need_f16_K=1 need_f16_V=0 Knb=[2,2048,512,524288] Vnb=[66,528,132,135168] Keff_nb=[2,2048,512,524288] Veff_nb=[2,2048,512,524288]
CUDA_FA_ROUTE_SUPPORTED kernel=MMA_F16 effK=bf16 effV=f16 supported=1
CUDA_FA_ROUTE_PLAN device=0 Q=[256,256,16,1] Kraw=bf16 Vraw=turbo4 Kshape=[256,256,4,1] Vshape=[256,256,4,1] Keff=bf16 Veff=f16 turbo_kv=1 prefer_native_vec=0 decode=1 dk=0 dv=1 unsafe_vec_after_turbo_v_decode=1 allow_vec=0 kernel=MMA_F16 need_f16_K=1 need_f16_V=0 Knb=[2,2048,512,524288] Vnb=[66,528,132,135168] Keff_nb=[2,2048,512,524288] Veff_nb=[2,2048,512,524288]
CUDA_FA_ROUTE_SUPPORTED kernel=MMA_F16 effK=bf16 effV=f16 supported=1
CUDA_FA_ROUTE_PLAN device=0 Q=[256,256,16,1] Kraw=bf16 Vraw=turbo4 Kshape=[256,256,4,1] Vshape=[256,256,4,1] Keff=bf16 Veff=f16 turbo_kv=1 prefer_native_vec=0 decode=1 dk=0 dv=1 unsafe_vec_after_turbo_v_decode=1 allow_vec=0 kernel=MMA_F16 need_f16_K=1 need_f16_V=0 Knb=[2,2048,512,524288] Vnb=[66,528,132,135168] Keff_nb=[2,2048,512,524288] Veff_nb=[2,2048,512,524288]
CUDA_FA_ROUTE_SUPPORTED kernel=MMA_F16 effK=bf16 effV=f16 supported=1
CUDA_FA_ROUTE_PLAN device=0 Q=[256,256,16,1] Kraw=bf16 Vraw=turbo4 Kshape=[256,256,4,1] Vshape=[256,256,4,1] Keff=bf16 Veff=f16 turbo_kv=1 prefer_native_vec=0 decode=1 dk=0 dv=1 unsafe_vec_after_turbo_v_decode=1 allow_vec=0 kernel=MMA_F16 need_f16_K=1 need_f16_V=0 Knb=[2,2048,512,524288] Vnb=[66,528,132,135168] Keff_nb=[2,2048,512,524288] Veff_nb=[2,2048,512,524288]
CUDA_FA_ROUTE_SUPPORTED kernel=MMA_F16 effK=bf16 effV=f16 supported=1
CUDA_FA_ROUTE_PLAN device=0 Q=[256,256,16,1] Kraw=bf16 Vraw=turbo4 Kshape=[256,256,4,1] Vshape=[256,256,4,1] Keff=bf16 Veff=f16 turbo_kv=1 prefer_native_vec=0 decode=1 dk=0 dv=1 unsafe_vec_after_turbo_v_decode=1 allow_vec=0 kernel=MMA_F16 need_f16_K=1 need_f16_V=0 Knb=[2,2048,512,524288] Vnb=[66,528,132,135168] Keff_nb=[2,2048,512,524288] Veff_nb=[2,2048,512,524288]
CUDA_FA_ROUTE_SUPPORTED kernel=MMA_F16 effK=bf16 effV=f16 supported=1
CUDA_FA_ROUTE_PLAN device=0 Q=[256,256,16,1] Kraw=bf16 Vraw=turbo4 Kshape=[256,256,4,1] Vshape=[256,256,4,1] Keff=bf16 Veff=f16 turbo_kv=1 prefer_native_vec=0 decode=1 dk=0 dv=1 unsafe_vec_after_turbo_v_decode=1 allow_vec=0 kernel=MMA_F16 need_f16_K=1 need_f16_V=0 Knb=[2,2048,512,524288] Vnb=[66,528,132,135168] Keff_nb=[2,2048,512,524288] Veff_nb=[2,2048,512,524288]
CUDA_FA_ROUTE_SUPPORTED kernel=MMA_F16 effK=bf16 effV=f16 supported=1
CUDA_FA_ROUTE_PLAN device=0 Q=[256,256,16,1] Kraw=bf16 Vraw=turbo4 Kshape=[256,256,4,1] Vshape=[256,256,4,1] Keff=bf16 Veff=f16 turbo_kv=1 prefer_native_vec=0 decode=1 dk=0 dv=1 unsafe_vec_after_turbo_v_decode=1 allow_vec=0 kernel=MMA_F16 need_f16_K=1 need_f16_V=0 Knb=[2,2048,512,524288] Vnb=[66,528,132,135168] Keff_nb=[2,2048,512,524288] Veff_nb=[2,2048,512,524288]
CUDA_FA_ROUTE_SUPPORTED kernel=MMA_F16 effK=bf16 effV=f16 supported=1
CUDA_FA_ROUTE_PLAN device=0 Q=[256,256,16,1] Kraw=bf16 Vraw=turbo4 Kshape=[256,256,4,1] Vshape=[256,256,4,1] Keff=bf16 Veff=f16 turbo_kv=1 prefer_native_vec=0 decode=1 dk=0 dv=1 unsafe_vec_after_turbo_v_decode=1 allow_vec=0 kernel=MMA_F16 need_f16_K=1 need_f16_V=0 Knb=[2,2048,512,524288] Vnb=[66,528,132,135168] Keff_nb=[2,2048,512,524288] Veff_nb=[2,2048,512,524288]
CUDA_FA_ROUTE_ALLOC kernel=MMA_F16 need_f16_K=1 need_f16_V=0 workspace_end_offset=4718592 dst_data=(nil) f16_K=0x400000 f16_V=(nil) f16_end=0x480000
CUDA_FA_ROUTE_PLAN device=0 Q=[256,256,16,1] Kraw=bf16 Vraw=turbo4 Kshape=[256,256,4,1] Vshape=[256,256,4,1] Keff=bf16 Veff=f16 turbo_kv=1 prefer_native_vec=0 decode=1 dk=0 dv=1 unsafe_vec_after_turbo_v_decode=1 allow_vec=0 kernel=MMA_F16 need_f16_K=1 need_f16_V=0 Knb=[2,2048,512,524288] Vnb=[66,528,132,135168] Keff_nb=[2,2048,512,524288] Veff_nb=[2,2048,512,524288]
CUDA_FA_ROUTE_ALLOC kernel=MMA_F16 need_f16_K=1 need_f16_V=0 workspace_end_offset=4718592 dst_data=(nil) f16_K=0x400000 f16_V=(nil) f16_end=0x480000
CUDA_FA_ROUTE_PLAN device=0 Q=[256,256,16,1] Kraw=bf16 Vraw=turbo4 Kshape=[256,256,4,1] Vshape=[256,256,4,1] Keff=bf16 Veff=f16 turbo_kv=1 prefer_native_vec=0 decode=1 dk=0 dv=1 unsafe_vec_after_turbo_v_decode=1 allow_vec=0 kernel=MMA_F16 need_f16_K=1 need_f16_V=0 Knb=[2,2048,512,524288] Vnb=[66,528,132,135168] Keff_nb=[2,2048,512,524288] Veff_nb=[2,2048,512,524288]
CUDA_FA_ROUTE_ALLOC kernel=MMA_F16 need_f16_K=1 need_f16_V=0 workspace_end_offset=4718592 dst_data=(nil) f16_K=0x400000 f16_V=(nil) f16_end=0x480000
CUDA_FA_ROUTE_PLAN device=0 Q=[256,256,16,1] Kraw=bf16 Vraw=turbo4 Kshape=[256,256,4,1] Vshape=[256,256,4,1] Keff=bf16 Veff=f16 turbo_kv=1 prefer_native_vec=0 decode=1 dk=0 dv=1 unsafe_vec_after_turbo_v_decode=1 allow_vec=0 kernel=MMA_F16 need_f16_K=1 need_f16_V=0 Knb=[2,2048,512,524288] Vnb=[66,528,132,135168] Keff_nb=[2,2048,512,524288] Veff_nb=[2,2048,512,524288]
CUDA_FA_ROUTE_ALLOC kernel=MMA_F16 need_f16_K=1 need_f16_V=0 workspace_end_offset=4718592 dst_data=(nil) f16_K=0x400000 f16_V=(nil) f16_end=0x480000
CUDA_FA_ROUTE_PLAN device=0 Q=[256,256,16,1] Kraw=bf16 Vraw=turbo4 Kshape=[256,256,4,1] Vshape=[256,256,4,1] Keff=bf16 Veff=f16 turbo_kv=1 prefer_native_vec=0 decode=1 dk=0 dv=1 unsafe_vec_after_turbo_v_decode=1 allow_vec=0 kernel=MMA_F16 need_f16_K=1 need_f16_V=0 Knb=[2,2048,512,524288] Vnb=[66,528,132,135168] Keff_nb=[2,2048,512,524288] Veff_nb=[2,2048,512,524288]
CUDA_FA_ROUTE_ALLOC kernel=MMA_F16 need_f16_K=1 need_f16_V=0 workspace_end_offset=4718592 dst_data=(nil) f16_K=0x400000 f16_V=(nil) f16_end=0x480000
CUDA_FA_ROUTE_PLAN device=0 Q=[256,256,16,1] Kraw=bf16 Vraw=turbo4 Kshape=[256,256,4,1] Vshape=[256,256,4,1] Keff=bf16 Veff=f16 turbo_kv=1 prefer_native_vec=0 decode=1 dk=0 dv=1 unsafe_vec_after_turbo_v_decode=1 allow_vec=0 kernel=MMA_F16 need_f16_K=1 need_f16_V=0 Knb=[2,2048,512,524288] Vnb=[66,528,132,135168] Keff_nb=[2,2048,512,524288] Veff_nb=[2,2048,512,524288]
CUDA_FA_ROUTE_ALLOC kernel=MMA_F16 need_f16_K=1 need_f16_V=0 workspace_end_offset=4718592 dst_data=(nil) f16_K=0x400000 f16_V=(nil) f16_end=0x480000
CUDA_FA_ROUTE_PLAN device=0 Q=[256,256,16,1] Kraw=bf16 Vraw=turbo4 Kshape=[256,256,4,1] Vshape=[256,256,4,1] Keff=bf16 Veff=f16 turbo_kv=1 prefer_native_vec=0 decode=1 dk=0 dv=1 unsafe_vec_after_turbo_v_decode=1 allow_vec=0 kernel=MMA_F16 need_f16_K=1 need_f16_V=0 Knb=[2,2048,512,524288] Vnb=[66,528,132,135168] Keff_nb=[2,2048,512,524288] Veff_nb=[2,2048,512,524288]
CUDA_FA_ROUTE_ALLOC kernel=MMA_F16 need_f16_K=1 need_f16_V=0 workspace_end_offset=4718592 dst_data=(nil) f16_K=0x400000 f16_V=(nil) f16_end=0x480000
CUDA_FA_ROUTE_PLAN device=0 Q=[256,256,16,1] Kraw=bf16 Vraw=turbo4 Kshape=[256,256,4,1] Vshape=[256,256,4,1] Keff=bf16 Veff=f16 turbo_kv=1 prefer_native_vec=0 decode=1 dk=0 dv=1 unsafe_vec_after_turbo_v_decode=1 allow_vec=0 kernel=MMA_F16 need_f16_K=1 need_f16_V=0 Knb=[2,2048,512,524288] Vnb=[66,528,132,135168] Keff_nb=[2,2048,512,524288] Veff_nb=[2,2048,512,524288]
CUDA_FA_ROUTE_ALLOC kernel=MMA_F16 need_f16_K=1 need_f16_V=0 workspace_end_offset=4718592 dst_data=(nil) f16_K=0x400000 f16_V=(nil) f16_end=0x480000
CUDA_FA_ROUTE_PLAN device=0 Q=[256,256,16,1] Kraw=bf16 Vraw=turbo4 Kshape=[256,256,4,1] Vshape=[256,256,4,1] Keff=bf16 Veff=f16 turbo_kv=1 prefer_native_vec=0 decode=1 dk=0 dv=1 unsafe_vec_after_turbo_v_decode=1 allow_vec=0 kernel=MMA_F16 need_f16_K=1 need_f16_V=0 Knb=[2,2048,512,524288] Vnb=[66,528,132,135168] Keff_nb=[2,2048,512,524288] Veff_nb=[2,2048,512,524288]
CUDA_FA_ROUTE_ALLOC kernel=MMA_F16 need_f16_K=1 need_f16_V=0 workspace_end_offset=4718592 dst_data=(nil) f16_K=0x400000 f16_V=(nil) f16_end=0x480000
CUDA_FA_ROUTE_PLAN device=0 Q=[256,256,16,1] Kraw=bf16 Vraw=turbo4 Kshape=[256,256,4,1] Vshape=[256,256,4,1] Keff=bf16 Veff=f16 turbo_kv=1 prefer_native_vec=0 decode=1 dk=0 dv=1 unsafe_vec_after_turbo_v_decode=1 allow_vec=0 kernel=MMA_F16 need_f16_K=1 need_f16_V=0 Knb=[2,2048,512,524288] Vnb=[66,528,132,135168] Keff_nb=[2,2048,512,524288] Veff_nb=[2,2048,512,524288]
CUDA_FA_ROUTE_ALLOC kernel=MMA_F16 need_f16_K=1 need_f16_V=0 workspace_end_offset=4718592 dst_data=(nil) f16_K=0x400000 f16_V=(nil) f16_end=0x480000
CUDA_FA_ROUTE_PLAN device=0 Q=[256,256,16,1] Kraw=bf16 Vraw=turbo4 Kshape=[256,256,4,1] Vshape=[256,256,4,1] Keff=bf16 Veff=f16 turbo_kv=1 prefer_native_vec=0 decode=1 dk=0 dv=1 unsafe_vec_after_turbo_v_decode=1 allow_vec=0 kernel=MMA_F16 need_f16_K=1 need_f16_V=0 Knb=[2,2048,512,524288] Vnb=[66,528,132,135168] Keff_nb=[2,2048,512,524288] Veff_nb=[2,2048,512,524288]
CUDA_FA_ROUTE_ALLOC kernel=MMA_F16 need_f16_K=1 need_f16_V=0 workspace_end_offset=4718592 dst_data=(nil) f16_K=0x400000 f16_V=(nil) f16_end=0x480000
CUDA_FA_ROUTE_PLAN device=0 Q=[256,256,16,1] Kraw=bf16 Vraw=turbo4 Kshape=[256,256,4,1] Vshape=[256,256,4,1] Keff=bf16 Veff=f16 turbo_kv=1 prefer_native_vec=0 decode=1 dk=0 dv=1 unsafe_vec_after_turbo_v_decode=1 allow_vec=0 kernel=MMA_F16 need_f16_K=1 need_f16_V=0 Knb=[2,2048,512,524288] Vnb=[66,528,132,135168] Keff_nb=[2,2048,512,524288] Veff_nb=[2,2048,512,524288]
CUDA_FA_ROUTE_ALLOC kernel=MMA_F16 need_f16_K=1 need_f16_V=0 workspace_end_offset=4718592 dst_data=(nil) f16_K=0x400000 f16_V=(nil) f16_end=0x480000
CUDA_FA_ROUTE_PLAN device=0 Q=[256,256,16,1] Kraw=bf16 Vraw=turbo4 Kshape=[256,256,4,1] Vshape=[256,256,4,1] Keff=bf16 Veff=f16 turbo_kv=1 prefer_native_vec=0 decode=1 dk=0 dv=1 unsafe_vec_after_turbo_v_decode=1 allow_vec=0 kernel=MMA_F16 need_f16_K=1 need_f16_V=0 Knb=[2,2048,512,524288] Vnb=[66,528,132,135168] Keff_nb=[2,2048,512,524288] Veff_nb=[2,2048,512,524288]
CUDA_FA_ROUTE_ALLOC kernel=MMA_F16 need_f16_K=1 need_f16_V=0 workspace_end_offset=4718592 dst_data=(nil) f16_K=0x400000 f16_V=(nil) f16_end=0x480000
CUDA_FA_ROUTE_PLAN device=0 Q=[256,256,16,1] Kraw=bf16 Vraw=turbo4 Kshape=[256,256,4,1] Vshape=[256,256,4,1] Keff=bf16 Veff=f16 turbo_kv=1 prefer_native_vec=0 decode=1 dk=0 dv=1 unsafe_vec_after_turbo_v_decode=1 allow_vec=0 kernel=MMA_F16 need_f16_K=1 need_f16_V=0 Knb=[2,2048,512,524288] Vnb=[66,528,132,135168] Keff_nb=[2,2048,512,524288] Veff_nb=[2,2048,512,524288]
CUDA_FA_ROUTE_ALLOC kernel=MMA_F16 need_f16_K=1 need_f16_V=0 workspace_end_offset=4718592 dst_data=(nil) f16_K=0x400000 f16_V=(nil) f16_end=0x480000
CUDA_FA_ROUTE_PLAN device=0 Q=[256,256,16,1] Kraw=bf16 Vraw=turbo4 Kshape=[256,256,4,1] Vshape=[256,256,4,1] Keff=bf16 Veff=f16 turbo_kv=1 prefer_native_vec=0 decode=1 dk=0 dv=1 unsafe_vec_after_turbo_v_decode=1 allow_vec=0 kernel=MMA_F16 need_f16_K=1 need_f16_V=0 Knb=[2,2048,512,524288] Vnb=[66,528,132,135168] Keff_nb=[2,2048,512,524288] Veff_nb=[2,2048,512,524288]
CUDA_FA_ROUTE_ALLOC kernel=MMA_F16 need_f16_K=1 need_f16_V=0 workspace_end_offset=4718592 dst_data=(nil) f16_K=0x400000 f16_V=(nil) f16_end=0x480000
CUDA_FA_ROUTE_PLAN device=0 Q=[256,256,16,1] Kraw=bf16 Vraw=turbo4 Kshape=[256,256,4,1] Vshape=[256,256,4,1] Keff=bf16 Veff=f16 turbo_kv=1 prefer_native_vec=0 decode=1 dk=0 dv=1 unsafe_vec_after_turbo_v_decode=1 allow_vec=0 kernel=MMA_F16 need_f16_K=1 need_f16_V=0 Knb=[2,2048,512,524288] Vnb=[66,528,132,135168] Keff_nb=[2,2048,512,524288] Veff_nb=[2,2048,512,524288]
CUDA_FA_ROUTE_ALLOC kernel=MMA_F16 need_f16_K=1 need_f16_V=0 workspace_end_offset=4718592 dst_data=(nil) f16_K=0x400000 f16_V=(nil) f16_end=0x480000
CUDA_FA_ROUTE_PLAN device=0 Q=[256,256,16,1] Kraw=bf16 Vraw=turbo4 Kshape=[256,256,4,1] Vshape=[256,256,4,1] Keff=bf16 Veff=f16 turbo_kv=1 prefer_native_vec=0 decode=1 dk=0 dv=1 unsafe_vec_after_turbo_v_decode=1 allow_vec=0 kernel=MMA_F16 need_f16_K=1 need_f16_V=0 Knb=[2,2048,512,524288] Vnb=[66,528,132,135168] Keff_nb=[2,2048,512,524288] Veff_nb=[2,2048,512,524288]
CUDA_FA_ROUTE_ALLOC kernel=MMA_F16 need_f16_K=1 need_f16_V=0 workspace_end_offset=4718592 dst_data=(nil) f16_K=0x400000 f16_V=(nil) f16_end=0x480000
CUDA_FA_ROUTE_PLAN device=0 Q=[256,256,16,1] Kraw=bf16 Vraw=turbo4 Kshape=[256,256,4,1] Vshape=[256,256,4,1] Keff=bf16 Veff=f16 turbo_kv=1 prefer_native_vec=0 decode=1 dk=0 dv=1 unsafe_vec_after_turbo_v_decode=1 allow_vec=0 kernel=MMA_F16 need_f16_K=1 need_f16_V=0 Knb=[2,2048,512,524288] Vnb=[66,528,132,135168] Keff_nb=[2,2048,512,524288] Veff_nb=[2,2048,512,524288]
CUDA_FA_ROUTE_ALLOC kernel=MMA_F16 need_f16_K=1 need_f16_V=0 workspace_end_offset=4718592 dst_data=(nil) f16_K=0x400000 f16_V=(nil) f16_end=0x480000
CUDA_FA_ROUTE_PLAN device=0 Q=[256,256,16,1] Kraw=bf16 Vraw=turbo4 Kshape=[256,256,4,1] Vshape=[256,256,4,1] Keff=bf16 Veff=f16 turbo_kv=1 prefer_native_vec=0 decode=1 dk=0 dv=1 unsafe_vec_after_turbo_v_decode=1 allow_vec=0 kernel=MMA_F16 need_f16_K=1 need_f16_V=0 Knb=[2,2048,512,524288] Vnb=[66,528,132,135168] Keff_nb=[2,2048,512,524288] Veff_nb=[2,2048,512,524288]
CUDA_FA_ROUTE_ALLOC kernel=MMA_F16 need_f16_K=1 need_f16_V=0 workspace_end_offset=4718592 dst_data=(nil) f16_K=0x400000 f16_V=(nil) f16_end=0x480000
CUDA_FA_ROUTE_PLAN device=0 Q=[256,256,16,1] Kraw=bf16 Vraw=turbo4 Kshape=[256,256,4,1] Vshape=[256,256,4,1] Keff=bf16 Veff=f16 turbo_kv=1 prefer_native_vec=0 decode=1 dk=0 dv=1 unsafe_vec_after_turbo_v_decode=1 allow_vec=0 kernel=MMA_F16 need_f16_K=1 need_f16_V=0 Knb=[2,2048,512,524288] Vnb=[66,528,132,135168] Keff_nb=[2,2048,512,524288] Veff_nb=[2,2048,512,524288]
CUDA_FA_ROUTE_ALLOC kernel=MMA_F16 need_f16_K=1 need_f16_V=0 workspace_end_offset=4718592 dst_data=(nil) f16_K=0x400000 f16_V=(nil) f16_end=0x480000
CUDA_FA_ROUTE_PLAN device=0 Q=[256,256,16,1] Kraw=bf16 Vraw=turbo4 Kshape=[256,256,4,1] Vshape=[256,256,4,1] Keff=bf16 Veff=f16 turbo_kv=1 prefer_native_vec=0 decode=1 dk=0 dv=1 unsafe_vec_after_turbo_v_decode=1 allow_vec=0 kernel=MMA_F16 need_f16_K=1 need_f16_V=0 Knb=[2,2048,512,524288] Vnb=[66,528,132,135168] Keff_nb=[2,2048,512,524288] Veff_nb=[2,2048,512,524288]
CUDA_FA_ROUTE_ALLOC kernel=MMA_F16 need_f16_K=1 need_f16_V=0 workspace_end_offset=4718592 dst_data=(nil) f16_K=0x400000 f16_V=(nil) f16_end=0x480000
CUDA_FA_ROUTE_PLAN device=0 Q=[256,256,16,1] Kraw=bf16 Vraw=turbo4 Kshape=[256,256,4,1] Vshape=[256,256,4,1] Keff=bf16 Veff=f16 turbo_kv=1 prefer_native_vec=0 decode=1 dk=0 dv=1 unsafe_vec_after_turbo_v_decode=1 allow_vec=0 kernel=MMA_F16 need_f16_K=1 need_f16_V=0 Knb=[2,2048,512,524288] Vnb=[66,528,132,135168] Keff_nb=[2,2048,512,524288] Veff_nb=[2,2048,512,524288]
CUDA_FA_ROUTE_ALLOC kernel=MMA_F16 need_f16_K=1 need_f16_V=0 workspace_end_offset=4718592 dst_data=(nil) f16_K=0x400000 f16_V=(nil) f16_end=0x480000
CUDA_FA_ROUTE_PLAN device=0 Q=[256,256,16,1] Kraw=bf16 Vraw=turbo4 Kshape=[256,256,4,1] Vshape=[256,256,4,1] Keff=bf16 Veff=f16 turbo_kv=1 prefer_native_vec=0 decode=1 dk=0 dv=1 unsafe_vec_after_turbo_v_decode=1 allow_vec=0 kernel=MMA_F16 need_f16_K=1 need_f16_V=0 Knb=[2,2048,512,524288] Vnb=[66,528,132,135168] Keff_nb=[2,2048,512,524288] Veff_nb=[2,2048,512,524288]
CUDA_FA_ROUTE_ALLOC kernel=MMA_F16 need_f16_K=1 need_f16_V=0 workspace_end_offset=4718592 dst_data=(nil) f16_K=0x400000 f16_V=(nil) f16_end=0x480000
CUDA_FA_ROUTE_PLAN device=0 Q=[256,256,16,1] Kraw=bf16 Vraw=turbo4 Kshape=[256,256,4,1] Vshape=[256,256,4,1] Keff=bf16 Veff=f16 turbo_kv=1 prefer_native_vec=0 decode=1 dk=0 dv=1 unsafe_vec_after_turbo_v_decode=1 allow_vec=0 kernel=MMA_F16 need_f16_K=1 need_f16_V=0 Knb=[2,2048,512,524288] Vnb=[66,528,132,135168] Keff_nb=[2,2048,512,524288] Veff_nb=[2,2048,512,524288]
CUDA_FA_ROUTE_ALLOC kernel=MMA_F16 need_f16_K=1 need_f16_V=0 workspace_end_offset=4718592 dst_data=(nil) f16_K=0x400000 f16_V=(nil) f16_end=0x480000
CUDA_FA_ROUTE_PLAN device=0 Q=[256,256,16,1] Kraw=bf16 Vraw=turbo4 Kshape=[256,256,4,1] Vshape=[256,256,4,1] Keff=bf16 Veff=f16 turbo_kv=1 prefer_native_vec=0 decode=1 dk=0 dv=1 unsafe_vec_after_turbo_v_decode=1 allow_vec=0 kernel=MMA_F16 need_f16_K=1 need_f16_V=0 Knb=[2,2048,512,524288] Vnb=[66,528,132,135168] Keff_nb=[2,2048,512,524288] Veff_nb=[2,2048,512,524288]
CUDA_FA_ROUTE_ALLOC kernel=MMA_F16 need_f16_K=1 need_f16_V=0 workspace_end_offset=4718592 dst_data=(nil) f16_K=0x400000 f16_V=(nil) f16_end=0x480000
CUDA_FA_ROUTE_PLAN device=0 Q=[256,256,16,1] Kraw=bf16 Vraw=turbo4 Kshape=[256,256,4,1] Vshape=[256,256,4,1] Keff=bf16 Veff=f16 turbo_kv=1 prefer_native_vec=0 decode=1 dk=0 dv=1 unsafe_vec_after_turbo_v_decode=1 allow_vec=0 kernel=MMA_F16 need_f16_K=1 need_f16_V=0 Knb=[2,2048,512,524288] Vnb=[66,528,132,135168] Keff_nb=[2,2048,512,524288] Veff_nb=[2,2048,512,524288]
CUDA_FA_ROUTE_ALLOC kernel=MMA_F16 need_f16_K=1 need_f16_V=0 workspace_end_offset=4718592 dst_data=(nil) f16_K=0x400000 f16_V=(nil) f16_end=0x480000
CUDA_FA_ROUTE_PLAN device=0 Q=[256,256,16,1] Kraw=bf16 Vraw=turbo4 Kshape=[256,256,4,1] Vshape=[256,256,4,1] Keff=bf16 Veff=f16 turbo_kv=1 prefer_native_vec=0 decode=1 dk=0 dv=1 unsafe_vec_after_turbo_v_decode=1 allow_vec=0 kernel=MMA_F16 need_f16_K=1 need_f16_V=0 Knb=[2,2048,512,524288] Vnb=[66,528,132,135168] Keff_nb=[2,2048,512,524288] Veff_nb=[2,2048,512,524288]
CUDA_FA_ROUTE_ALLOC kernel=MMA_F16 need_f16_K=1 need_f16_V=0 workspace_end_offset=4718592 dst_data=(nil) f16_K=0x400000 f16_V=(nil) f16_end=0x480000
CUDA_FA_ROUTE_PLAN device=0 Q=[256,256,16,1] Kraw=bf16 Vraw=turbo4 Kshape=[256,256,4,1] Vshape=[256,256,4,1] Keff=bf16 Veff=f16 turbo_kv=1 prefer_native_vec=0 decode=1 dk=0 dv=1 unsafe_vec_after_turbo_v_decode=1 allow_vec=0 kernel=MMA_F16 need_f16_K=1 need_f16_V=0 Knb=[2,2048,512,524288] Vnb=[66,528,132,135168] Keff_nb=[2,2048,512,524288] Veff_nb=[2,2048,512,524288]
CUDA_FA_ROUTE_ALLOC kernel=MMA_F16 need_f16_K=1 need_f16_V=0 workspace_end_offset=4718592 dst_data=(nil) f16_K=0x400000 f16_V=(nil) f16_end=0x480000
CUDA_FA_ROUTE_PLAN device=0 Q=[256,256,16,1] Kraw=bf16 Vraw=turbo4 Kshape=[256,256,4,1] Vshape=[256,256,4,1] Keff=bf16 Veff=f16 turbo_kv=1 prefer_native_vec=0 decode=1 dk=0 dv=1 unsafe_vec_after_turbo_v_decode=1 allow_vec=0 kernel=MMA_F16 need_f16_K=1 need_f16_V=0 Knb=[2,2048,512,524288] Vnb=[66,528,132,135168] Keff_nb=[2,2048,512,524288] Veff_nb=[2,2048,512,524288]
CUDA_FA_ROUTE_ALLOC kernel=MMA_F16 need_f16_K=1 need_f16_V=0 workspace_end_offset=4718592 dst_data=(nil) f16_K=0x400000 f16_V=(nil) f16_end=0x480000
CUDA_FA_ROUTE_PLAN device=0 Q=[256,256,16,1] Kraw=bf16 Vraw=turbo4 Kshape=[256,256,4,1] Vshape=[256,256,4,1] Keff=bf16 Veff=f16 turbo_kv=1 prefer_native_vec=0 decode=1 dk=0 dv=1 unsafe_vec_after_turbo_v_decode=1 allow_vec=0 kernel=MMA_F16 need_f16_K=1 need_f16_V=0 Knb=[2,2048,512,524288] Vnb=[66,528,132,135168] Keff_nb=[2,2048,512,524288] Veff_nb=[2,2048,512,524288]
CUDA_FA_ROUTE_ALLOC kernel=MMA_F16 need_f16_K=1 need_f16_V=0 workspace_end_offset=4718592 dst_data=(nil) f16_K=0x400000 f16_V=(nil) f16_end=0x480000
CUDA_FA_ROUTE_PLAN device=0 Q=[256,256,16,1] Kraw=bf16 Vraw=turbo4 Kshape=[256,256,4,1] Vshape=[256,256,4,1] Keff=bf16 Veff=f16 turbo_kv=1 prefer_native_vec=0 decode=1 dk=0 dv=1 unsafe_vec_after_turbo_v_decode=1 allow_vec=0 kernel=MMA_F16 need_f16_K=1 need_f16_V=0 Knb=[2,2048,512,524288] Vnb=[66,528,132,135168] Keff_nb=[2,2048,512,524288] Veff_nb=[2,2048,512,524288]
CUDA_FA_ROUTE_ALLOC kernel=MMA_F16 need_f16_K=1 need_f16_V=0 workspace_end_offset=4718592 dst_data=(nil) f16_K=0x400000 f16_V=(nil) f16_end=0x480000
CUDA_FA_ROUTE_PLAN device=0 Q=[256,256,16,1] Kraw=bf16 Vraw=turbo4 Kshape=[256,256,4,1] Vshape=[256,256,4,1] Keff=bf16 Veff=f16 turbo_kv=1 prefer_native_vec=0 decode=1 dk=0 dv=1 unsafe_vec_after_turbo_v_decode=1 allow_vec=0 kernel=MMA_F16 need_f16_K=1 need_f16_V=0 Knb=[2,2048,512,524288] Vnb=[66,528,132,135168] Keff_nb=[2,2048,512,524288] Veff_nb=[2,2048,512,524288]
CUDA_FA_ROUTE_ALLOC kernel=MMA_F16 need_f16_K=1 need_f16_V=0 workspace_end_offset=4718592 dst_data=(nil) f16_K=0x400000 f16_V=(nil) f16_end=0x480000
CUDA_FA_ROUTE_PLAN device=0 Q=[256,1,16,1] Kraw=bf16 Vraw=turbo4 Kshape=[256,256,4,1] Vshape=[256,256,4,1] Keff=bf16 Veff=f16 turbo_kv=1 prefer_native_vec=0 decode=1 dk=0 dv=1 unsafe_vec_after_turbo_v_decode=1 allow_vec=0 kernel=MMA_F16 need_f16_K=1 need_f16_V=0 Knb=[2,2048,512,524288] Vnb=[66,528,132,135168] Keff_nb=[2,2048,512,524288] Veff_nb=[2,2048,512,524288]
CUDA_FA_ROUTE_SUPPORTED kernel=MMA_F16 effK=bf16 effV=f16 supported=1
CUDA_FA_ROUTE_PLAN device=0 Q=[256,1,16,1] Kraw=bf16 Vraw=turbo4 Kshape=[256,256,4,1] Vshape=[256,256,4,1] Keff=bf16 Veff=f16 turbo_kv=1 prefer_native_vec=0 decode=1 dk=0 dv=1 unsafe_vec_after_turbo_v_decode=1 allow_vec=0 kernel=MMA_F16 need_f16_K=1 need_f16_V=0 Knb=[2,2048,512,524288] Vnb=[66,528,132,135168] Keff_nb=[2,2048,512,524288] Veff_nb=[2,2048,512,524288]
CUDA_FA_ROUTE_SUPPORTED kernel=MMA_F16 effK=bf16 effV=f16 supported=1
CUDA_FA_ROUTE_PLAN device=0 Q=[256,1,16,1] Kraw=bf16 Vraw=turbo4 Kshape=[256,256,4,1] Vshape=[256,256,4,1] Keff=bf16 Veff=f16 turbo_kv=1 prefer_native_vec=0 decode=1 dk=0 dv=1 unsafe_vec_after_turbo_v_decode=1 allow_vec=0 kernel=MMA_F16 need_f16_K=1 need_f16_V=0 Knb=[2,2048,512,524288] Vnb=[66,528,132,135168] Keff_nb=[2,2048,512,524288] Veff_nb=[2,2048,512,524288]
CUDA_FA_ROUTE_SUPPORTED kernel=MMA_F16 effK=bf16 effV=f16 supported=1
CUDA_FA_ROUTE_PLAN device=0 Q=[256,1,16,1] Kraw=bf16 Vraw=turbo4 Kshape=[256,256,4,1] Vshape=[256,256,4,1] Keff=bf16 Veff=f16 turbo_kv=1 prefer_native_vec=0 decode=1 dk=0 dv=1 unsafe_vec_after_turbo_v_decode=1 allow_vec=0 kernel=MMA_F16 need_f16_K=1 need_f16_V=0 Knb=[2,2048,512,524288] Vnb=[66,528,132,135168] Keff_nb=[2,2048,512,524288] Veff_nb=[2,2048,512,524288]
CUDA_FA_ROUTE_SUPPORTED kernel=MMA_F16 effK=bf16 effV=f16 supported=1
CUDA_FA_ROUTE_PLAN device=0 Q=[256,1,16,1] Kraw=bf16 Vraw=turbo4 Kshape=[256,256,4,1] Vshape=[256,256,4,1] Keff=bf16 Veff=f16 turbo_kv=1 prefer_native_vec=0 decode=1 dk=0 dv=1 unsafe_vec_after_turbo_v_decode=1 allow_vec=0 kernel=MMA_F16 need_f16_K=1 need_f16_V=0 Knb=[2,2048,512,524288] Vnb=[66,528,132,135168] Keff_nb=[2,2048,512,524288] Veff_nb=[2,2048,512,524288]
CUDA_FA_ROUTE_SUPPORTED kernel=MMA_F16 effK=bf16 effV=f16 supported=1
CUDA_FA_ROUTE_PLAN device=0 Q=[256,1,16,1] Kraw=bf16 Vraw=turbo4 Kshape=[256,256,4,1] Vshape=[256,256,4,1] Keff=bf16 Veff=f16 turbo_kv=1 prefer_native_vec=0 decode=1 dk=0 dv=1 unsafe_vec_after_turbo_v_decode=1 allow_vec=0 kernel=MMA_F16 need_f16_K=1 need_f16_V=0 Knb=[2,2048,512,524288] Vnb=[66,528,132,135168] Keff_nb=[2,2048,512,524288] Veff_nb=[2,2048,512,524288]
CUDA_FA_ROUTE_SUPPORTED kernel=MMA_F16 effK=bf16 effV=f16 supported=1
CUDA_FA_ROUTE_PLAN device=0 Q=[256,1,16,1] Kraw=bf16 Vraw=turbo4 Kshape=[256,256,4,1] Vshape=[256,256,4,1] Keff=bf16 Veff=f16 turbo_kv=1 prefer_native_vec=0 decode=1 dk=0 dv=1 unsafe_vec_after_turbo_v_decode=1 allow_vec=0 kernel=MMA_F16 need_f16_K=1 need_f16_V=0 Knb=[2,2048,512,524288] Vnb=[66,528,132,135168] Keff_nb=[2,2048,512,524288] Veff_nb=[2,2048,512,524288]
CUDA_FA_ROUTE_SUPPORTED kernel=MMA_F16 effK=bf16 effV=f16 supported=1
CUDA_FA_ROUTE_PLAN device=0 Q=[256,1,16,1] Kraw=bf16 Vraw=turbo4 Kshape=[256,256,4,1] Vshape=[256,256,4,1] Keff=bf16 Veff=f16 turbo_kv=1 prefer_native_vec=0 decode=1 dk=0 dv=1 unsafe_vec_after_turbo_v_decode=1 allow_vec=0 kernel=MMA_F16 need_f16_K=1 need_f16_V=0 Knb=[2,2048,512,524288] Vnb=[66,528,132,135168] Keff_nb=[2,2048,512,524288] Veff_nb=[2,2048,512,524288]
CUDA_FA_ROUTE_SUPPORTED kernel=MMA_F16 effK=bf16 effV=f16 supported=1
CUDA_FA_ROUTE_PLAN device=0 Q=[256,256,16,1] Kraw=bf16 Vraw=turbo4 Kshape=[256,256,4,1] Vshape=[256,256,4,1] Keff=bf16 Veff=f16 turbo_kv=1 prefer_native_vec=0 decode=1 dk=0 dv=1 unsafe_vec_after_turbo_v_decode=1 allow_vec=0 kernel=MMA_F16 need_f16_K=1 need_f16_V=0 Knb=[2,2048,512,524288] Vnb=[66,528,132,135168] Keff_nb=[2,2048,512,524288] Veff_nb=[2,2048,512,524288]
CUDA_FA_ROUTE_SUPPORTED kernel=MMA_F16 effK=bf16 effV=f16 supported=1
CUDA_FA_ROUTE_PLAN device=0 Q=[256,256,16,1] Kraw=bf16 Vraw=turbo4 Kshape=[256,256,4,1] Vshape=[256,256,4,1] Keff=bf16 Veff=f16 turbo_kv=1 prefer_native_vec=0 decode=1 dk=0 dv=1 unsafe_vec_after_turbo_v_decode=1 allow_vec=0 kernel=MMA_F16 need_f16_K=1 need_f16_V=0 Knb=[2,2048,512,524288] Vnb=[66,528,132,135168] Keff_nb=[2,2048,512,524288] Veff_nb=[2,2048,512,524288]
CUDA_FA_ROUTE_SUPPORTED kernel=MMA_F16 effK=bf16 effV=f16 supported=1
CUDA_FA_ROUTE_PLAN device=0 Q=[256,256,16,1] Kraw=bf16 Vraw=turbo4 Kshape=[256,256,4,1] Vshape=[256,256,4,1] Keff=bf16 Veff=f16 turbo_kv=1 prefer_native_vec=0 decode=1 dk=0 dv=1 unsafe_vec_after_turbo_v_decode=1 allow_vec=0 kernel=MMA_F16 need_f16_K=1 need_f16_V=0 Knb=[2,2048,512,524288] Vnb=[66,528,132,135168] Keff_nb=[2,2048,512,524288] Veff_nb=[2,2048,512,524288]
CUDA_FA_ROUTE_SUPPORTED kernel=MMA_F16 effK=bf16 effV=f16 supported=1
CUDA_FA_ROUTE_PLAN device=0 Q=[256,256,16,1] Kraw=bf16 Vraw=turbo4 Kshape=[256,256,4,1] Vshape=[256,256,4,1] Keff=bf16 Veff=f16 turbo_kv=1 prefer_native_vec=0 decode=1 dk=0 dv=1 unsafe_vec_after_turbo_v_decode=1 allow_vec=0 kernel=MMA_F16 need_f16_K=1 need_f16_V=0 Knb=[2,2048,512,524288] Vnb=[66,528,132,135168] Keff_nb=[2,2048,512,524288] Veff_nb=[2,2048,512,524288]
CUDA_FA_ROUTE_SUPPORTED kernel=MMA_F16 effK=bf16 effV=f16 supported=1
CUDA_FA_ROUTE_PLAN device=0 Q=[256,256,16,1] Kraw=bf16 Vraw=turbo4 Kshape=[256,256,4,1] Vshape=[256,256,4,1] Keff=bf16 Veff=f16 turbo_kv=1 prefer_native_vec=0 decode=1 dk=0 dv=1 unsafe_vec_after_turbo_v_decode=1 allow_vec=0 kernel=MMA_F16 need_f16_K=1 need_f16_V=0 Knb=[2,2048,512,524288] Vnb=[66,528,132,135168] Keff_nb=[2,2048,512,524288] Veff_nb=[2,2048,512,524288]
CUDA_FA_ROUTE_SUPPORTED kernel=MMA_F16 effK=bf16 effV=f16 supported=1
CUDA_FA_ROUTE_PLAN device=0 Q=[256,256,16,1] Kraw=bf16 Vraw=turbo4 Kshape=[256,256,4,1] Vshape=[256,256,4,1] Keff=bf16 Veff=f16 turbo_kv=1 prefer_native_vec=0 decode=1 dk=0 dv=1 unsafe_vec_after_turbo_v_decode=1 allow_vec=0 kernel=MMA_F16 need_f16_K=1 need_f16_V=0 Knb=[2,2048,512,524288] Vnb=[66,528,132,135168] Keff_nb=[2,2048,512,524288] Veff_nb=[2,2048,512,524288]
CUDA_FA_ROUTE_SUPPORTED kernel=MMA_F16 effK=bf16 effV=f16 supported=1
CUDA_FA_ROUTE_PLAN device=0 Q=[256,256,16,1] Kraw=bf16 Vraw=turbo4 Kshape=[256,256,4,1] Vshape=[256,256,4,1] Keff=bf16 Veff=f16 turbo_kv=1 prefer_native_vec=0 decode=1 dk=0 dv=1 unsafe_vec_after_turbo_v_decode=1 allow_vec=0 kernel=MMA_F16 need_f16_K=1 need_f16_V=0 Knb=[2,2048,512,524288] Vnb=[66,528,132,135168] Keff_nb=[2,2048,512,524288] Veff_nb=[2,2048,512,524288]
CUDA_FA_ROUTE_SUPPORTED kernel=MMA_F16 effK=bf16 effV=f16 supported=1
CUDA_FA_ROUTE_PLAN device=0 Q=[256,256,16,1] Kraw=bf16 Vraw=turbo4 Kshape=[256,256,4,1] Vshape=[256,256,4,1] Keff=bf16 Veff=f16 turbo_kv=1 prefer_native_vec=0 decode=1 dk=0 dv=1 unsafe_vec_after_turbo_v_decode=1 allow_vec=0 kernel=MMA_F16 need_f16_K=1 need_f16_V=0 Knb=[2,2048,512,524288] Vnb=[66,528,132,135168] Keff_nb=[2,2048,512,524288] Veff_nb=[2,2048,512,524288]
CUDA_FA_ROUTE_SUPPORTED kernel=MMA_F16 effK=bf16 effV=f16 supported=1
CUDA_FA_ROUTE_PLAN device=0 Q=[256,1,16,1] Kraw=bf16 Vraw=turbo4 Kshape=[256,256,4,1] Vshape=[256,256,4,1] Keff=bf16 Veff=f16 turbo_kv=1 prefer_native_vec=0 decode=1 dk=0 dv=1 unsafe_vec_after_turbo_v_decode=1 allow_vec=0 kernel=MMA_F16 need_f16_K=1 need_f16_V=0 Knb=[2,2048,512,524288] Vnb=[66,528,132,135168] Keff_nb=[2,2048,512,524288] Veff_nb=[2,2048,512,524288]
CUDA_FA_ROUTE_SUPPORTED kernel=MMA_F16 effK=bf16 effV=f16 supported=1
CUDA_FA_ROUTE_PLAN device=0 Q=[256,1,16,1] Kraw=bf16 Vraw=turbo4 Kshape=[256,256,4,1] Vshape=[256,256,4,1] Keff=bf16 Veff=f16 turbo_kv=1 prefer_native_vec=0 decode=1 dk=0 dv=1 unsafe_vec_after_turbo_v_decode=1 allow_vec=0 kernel=MMA_F16 need_f16_K=1 need_f16_V=0 Knb=[2,2048,512,524288] Vnb=[66,528,132,135168] Keff_nb=[2,2048,512,524288] Veff_nb=[2,2048,512,524288]
CUDA_FA_ROUTE_SUPPORTED kernel=MMA_F16 effK=bf16 effV=f16 supported=1
CUDA_FA_ROUTE_PLAN device=0 Q=[256,1,16,1] Kraw=bf16 Vraw=turbo4 Kshape=[256,256,4,1] Vshape=[256,256,4,1] Keff=bf16 Veff=f16 turbo_kv=1 prefer_native_vec=0 decode=1 dk=0 dv=1 unsafe_vec_after_turbo_v_decode=1 allow_vec=0 kernel=MMA_F16 need_f16_K=1 need_f16_V=0 Knb=[2,2048,512,524288] Vnb=[66,528,132,135168] Keff_nb=[2,2048,512,524288] Veff_nb=[2,2048,512,524288]
CUDA_FA_ROUTE_SUPPORTED kernel=MMA_F16 effK=bf16 effV=f16 supported=1
CUDA_FA_ROUTE_PLAN device=0 Q=[256,1,16,1] Kraw=bf16 Vraw=turbo4 Kshape=[256,256,4,1] Vshape=[256,256,4,1] Keff=bf16 Veff=f16 turbo_kv=1 prefer_native_vec=0 decode=1 dk=0 dv=1 unsafe_vec_after_turbo_v_decode=1 allow_vec=0 kernel=MMA_F16 need_f16_K=1 need_f16_V=0 Knb=[2,2048,512,524288] Vnb=[66,528,132,135168] Keff_nb=[2,2048,512,524288] Veff_nb=[2,2048,512,524288]
CUDA_FA_ROUTE_SUPPORTED kernel=MMA_F16 effK=bf16 effV=f16 supported=1
CUDA_FA_ROUTE_PLAN device=0 Q=[256,1,16,1] Kraw=bf16 Vraw=turbo4 Kshape=[256,256,4,1] Vshape=[256,256,4,1] Keff=bf16 Veff=f16 turbo_kv=1 prefer_native_vec=0 decode=1 dk=0 dv=1 unsafe_vec_after_turbo_v_decode=1 allow_vec=0 kernel=MMA_F16 need_f16_K=1 need_f16_V=0 Knb=[2,2048,512,524288] Vnb=[66,528,132,135168] Keff_nb=[2,2048,512,524288] Veff_nb=[2,2048,512,524288]
CUDA_FA_ROUTE_SUPPORTED kernel=MMA_F16 effK=bf16 effV=f16 supported=1
CUDA_FA_ROUTE_PLAN device=0 Q=[256,1,16,1] Kraw=bf16 Vraw=turbo4 Kshape=[256,256,4,1] Vshape=[256,256,4,1] Keff=bf16 Veff=f16 turbo_kv=1 prefer_native_vec=0 decode=1 dk=0 dv=1 unsafe_vec_after_turbo_v_decode=1 allow_vec=0 kernel=MMA_F16 need_f16_K=1 need_f16_V=0 Knb=[2,2048,512,524288] Vnb=[66,528,132,135168] Keff_nb=[2,2048,512,524288] Veff_nb=[2,2048,512,524288]
CUDA_FA_ROUTE_SUPPORTED kernel=MMA_F16 effK=bf16 effV=f16 supported=1
CUDA_FA_ROUTE_PLAN device=0 Q=[256,1,16,1] Kraw=bf16 Vraw=turbo4 Kshape=[256,256,4,1] Vshape=[256,256,4,1] Keff=bf16 Veff=f16 turbo_kv=1 prefer_native_vec=0 decode=1 dk=0 dv=1 unsafe_vec_after_turbo_v_decode=1 allow_vec=0 kernel=MMA_F16 need_f16_K=1 need_f16_V=0 Knb=[2,2048,512,524288] Vnb=[66,528,132,135168] Keff_nb=[2,2048,512,524288] Veff_nb=[2,2048,512,524288]
CUDA_FA_ROUTE_SUPPORTED kernel=MMA_F16 effK=bf16 effV=f16 supported=1
CUDA_FA_ROUTE_PLAN device=0 Q=[256,1,16,1] Kraw=bf16 Vraw=turbo4 Kshape=[256,256,4,1] Vshape=[256,256,4,1] Keff=bf16 Veff=f16 turbo_kv=1 prefer_native_vec=0 decode=1 dk=0 dv=1 unsafe_vec_after_turbo_v_decode=1 allow_vec=0 kernel=MMA_F16 need_f16_K=1 need_f16_V=0 Knb=[2,2048,512,524288] Vnb=[66,528,132,135168] Keff_nb=[2,2048,512,524288] Veff_nb=[2,2048,512,524288]
CUDA_FA_ROUTE_SUPPORTED kernel=MMA_F16 effK=bf16 effV=f16 supported=1
CUDA_FA_ROUTE_PLAN device=0 Q=[256,16,16,1] Kraw=bf16 Vraw=turbo4 Kshape=[256,256,4,1] Vshape=[256,256,4,1] Keff=bf16 Veff=f16 turbo_kv=1 prefer_native_vec=0 decode=1 dk=0 dv=1 unsafe_vec_after_turbo_v_decode=1 allow_vec=0 kernel=MMA_F16 need_f16_K=1 need_f16_V=0 Knb=[2,2048,512,524288] Vnb=[66,528,132,135168] Keff_nb=[2,2048,512,524288] Veff_nb=[2,2048,512,524288]
CUDA_FA_ROUTE_SUPPORTED kernel=MMA_F16 effK=bf16 effV=f16 supported=1
CUDA_FA_ROUTE_PLAN device=0 Q=[256,16,16,1] Kraw=bf16 Vraw=turbo4 Kshape=[256,256,4,1] Vshape=[256,256,4,1] Keff=bf16 Veff=f16 turbo_kv=1 prefer_native_vec=0 decode=1 dk=0 dv=1 unsafe_vec_after_turbo_v_decode=1 allow_vec=0 kernel=MMA_F16 need_f16_K=1 need_f16_V=0 Knb=[2,2048,512,524288] Vnb=[66,528,132,135168] Keff_nb=[2,2048,512,524288] Veff_nb=[2,2048,512,524288]
CUDA_FA_ROUTE_SUPPORTED kernel=MMA_F16 effK=bf16 effV=f16 supported=1
CUDA_FA_ROUTE_PLAN device=0 Q=[256,16,16,1] Kraw=bf16 Vraw=turbo4 Kshape=[256,256,4,1] Vshape=[256,256,4,1] Keff=bf16 Veff=f16 turbo_kv=1 prefer_native_vec=0 decode=1 dk=0 dv=1 unsafe_vec_after_turbo_v_decode=1 allow_vec=0 kernel=MMA_F16 need_f16_K=1 need_f16_V=0 Knb=[2,2048,512,524288] Vnb=[66,528,132,135168] Keff_nb=[2,2048,512,524288] Veff_nb=[2,2048,512,524288]
CUDA_FA_ROUTE_SUPPORTED kernel=MMA_F16 effK=bf16 effV=f16 supported=1
CUDA_FA_ROUTE_PLAN device=0 Q=[256,16,16,1] Kraw=bf16 Vraw=turbo4 Kshape=[256,256,4,1] Vshape=[256,256,4,1] Keff=bf16 Veff=f16 turbo_kv=1 prefer_native_vec=0 decode=1 dk=0 dv=1 unsafe_vec_after_turbo_v_decode=1 allow_vec=0 kernel=MMA_F16 need_f16_K=1 need_f16_V=0 Knb=[2,2048,512,524288] Vnb=[66,528,132,135168] Keff_nb=[2,2048,512,524288] Veff_nb=[2,2048,512,524288]
CUDA_FA_ROUTE_SUPPORTED kernel=MMA_F16 effK=bf16 effV=f16 supported=1
CUDA_FA_ROUTE_PLAN device=0 Q=[256,16,16,1] Kraw=bf16 Vraw=turbo4 Kshape=[256,256,4,1] Vshape=[256,256,4,1] Keff=bf16 Veff=f16 turbo_kv=1 prefer_native_vec=0 decode=1 dk=0 dv=1 unsafe_vec_after_turbo_v_decode=1 allow_vec=0 kernel=MMA_F16 need_f16_K=1 need_f16_V=0 Knb=[2,2048,512,524288] Vnb=[66,528,132,135168] Keff_nb=[2,2048,512,524288] Veff_nb=[2,2048,512,524288]
CUDA_FA_ROUTE_SUPPORTED kernel=MMA_F16 effK=bf16 effV=f16 supported=1
CUDA_FA_ROUTE_PLAN device=0 Q=[256,16,16,1] Kraw=bf16 Vraw=turbo4 Kshape=[256,256,4,1] Vshape=[256,256,4,1] Keff=bf16 Veff=f16 turbo_kv=1 prefer_native_vec=0 decode=1 dk=0 dv=1 unsafe_vec_after_turbo_v_decode=1 allow_vec=0 kernel=MMA_F16 need_f16_K=1 need_f16_V=0 Knb=[2,2048,512,524288] Vnb=[66,528,132,135168] Keff_nb=[2,2048,512,524288] Veff_nb=[2,2048,512,524288]
CUDA_FA_ROUTE_SUPPORTED kernel=MMA_F16 effK=bf16 effV=f16 supported=1
CUDA_FA_ROUTE_PLAN device=0 Q=[256,16,16,1] Kraw=bf16 Vraw=turbo4 Kshape=[256,256,4,1] Vshape=[256,256,4,1] Keff=bf16 Veff=f16 turbo_kv=1 prefer_native_vec=0 decode=1 dk=0 dv=1 unsafe_vec_after_turbo_v_decode=1 allow_vec=0 kernel=MMA_F16 need_f16_K=1 need_f16_V=0 Knb=[2,2048,512,524288] Vnb=[66,528,132,135168] Keff_nb=[2,2048,512,524288] Veff_nb=[2,2048,512,524288]
CUDA_FA_ROUTE_SUPPORTED kernel=MMA_F16 effK=bf16 effV=f16 supported=1
CUDA_FA_ROUTE_PLAN device=0 Q=[256,16,16,1] Kraw=bf16 Vraw=turbo4 Kshape=[256,256,4,1] Vshape=[256,256,4,1] Keff=bf16 Veff=f16 turbo_kv=1 prefer_native_vec=0 decode=1 dk=0 dv=1 unsafe_vec_after_turbo_v_decode=1 allow_vec=0 kernel=MMA_F16 need_f16_K=1 need_f16_V=0 Knb=[2,2048,512,524288] Vnb=[66,528,132,135168] Keff_nb=[2,2048,512,524288] Veff_nb=[2,2048,512,524288]
CUDA_FA_ROUTE_SUPPORTED kernel=MMA_F16 effK=bf16 effV=f16 supported=1
CUDA_FA_ROUTE_PLAN device=0 Q=[256,1,16,1] Kraw=bf16 Vraw=turbo4 Kshape=[256,256,4,1] Vshape=[256,256,4,1] Keff=bf16 Veff=f16 turbo_kv=1 prefer_native_vec=0 decode=1 dk=0 dv=1 unsafe_vec_after_turbo_v_decode=1 allow_vec=0 kernel=MMA_F16 need_f16_K=1 need_f16_V=0 Knb=[2,2048,512,524288] Vnb=[66,528,132,135168] Keff_nb=[2,2048,512,524288] Veff_nb=[2,2048,512,524288]
CUDA_FA_ROUTE_SUPPORTED kernel=MMA_F16 effK=bf16 effV=f16 supported=1
CUDA_FA_ROUTE_PLAN device=0 Q=[256,1,16,1] Kraw=bf16 Vraw=turbo4 Kshape=[256,256,4,1] Vshape=[256,256,4,1] Keff=bf16 Veff=f16 turbo_kv=1 prefer_native_vec=0 decode=1 dk=0 dv=1 unsafe_vec_after_turbo_v_decode=1 allow_vec=0 kernel=MMA_F16 need_f16_K=1 need_f16_V=0 Knb=[2,2048,512,524288] Vnb=[66,528,132,135168] Keff_nb=[2,2048,512,524288] Veff_nb=[2,2048,512,524288]
CUDA_FA_ROUTE_SUPPORTED kernel=MMA_F16 effK=bf16 effV=f16 supported=1
CUDA_FA_ROUTE_PLAN device=0 Q=[256,1,16,1] Kraw=bf16 Vraw=turbo4 Kshape=[256,256,4,1] Vshape=[256,256,4,1] Keff=bf16 Veff=f16 turbo_kv=1 prefer_native_vec=0 decode=1 dk=0 dv=1 unsafe_vec_after_turbo_v_decode=1 allow_vec=0 kernel=MMA_F16 need_f16_K=1 need_f16_V=0 Knb=[2,2048,512,524288] Vnb=[66,528,132,135168] Keff_nb=[2,2048,512,524288] Veff_nb=[2,2048,512,524288]
CUDA_FA_ROUTE_SUPPORTED kernel=MMA_F16 effK=bf16 effV=f16 supported=1
CUDA_FA_ROUTE_PLAN device=0 Q=[256,1,16,1] Kraw=bf16 Vraw=turbo4 Kshape=[256,256,4,1] Vshape=[256,256,4,1] Keff=bf16 Veff=f16 turbo_kv=1 prefer_native_vec=0 decode=1 dk=0 dv=1 unsafe_vec_after_turbo_v_decode=1 allow_vec=0 kernel=MMA_F16 need_f16_K=1 need_f16_V=0 Knb=[2,2048,512,524288] Vnb=[66,528,132,135168] Keff_nb=[2,2048,512,524288] Veff_nb=[2,2048,512,524288]
CUDA_FA_ROUTE_SUPPORTED kernel=MMA_F16 effK=bf16 effV=f16 supported=1
CUDA_FA_ROUTE_PLAN device=0 Q=[256,1,16,1] Kraw=bf16 Vraw=turbo4 Kshape=[256,256,4,1] Vshape=[256,256,4,1] Keff=bf16 Veff=f16 turbo_kv=1 prefer_native_vec=0 decode=1 dk=0 dv=1 unsafe_vec_after_turbo_v_decode=1 allow_vec=0 kernel=MMA_F16 need_f16_K=1 need_f16_V=0 Knb=[2,2048,512,524288] Vnb=[66,528,132,135168] Keff_nb=[2,2048,512,524288] Veff_nb=[2,2048,512,524288]
CUDA_FA_ROUTE_SUPPORTED kernel=MMA_F16 effK=bf16 effV=f16 supported=1
CUDA_FA_ROUTE_PLAN device=0 Q=[256,1,16,1] Kraw=bf16 Vraw=turbo4 Kshape=[256,256,4,1] Vshape=[256,256,4,1] Keff=bf16 Veff=f16 turbo_kv=1 prefer_native_vec=0 decode=1 dk=0 dv=1 unsafe_vec_after_turbo_v_decode=1 allow_vec=0 kernel=MMA_F16 need_f16_K=1 need_f16_V=0 Knb=[2,2048,512,524288] Vnb=[66,528,132,135168] Keff_nb=[2,2048,512,524288] Veff_nb=[2,2048,512,524288]
CUDA_FA_ROUTE_SUPPORTED kernel=MMA_F16 effK=bf16 effV=f16 supported=1
CUDA_FA_ROUTE_PLAN device=0 Q=[256,1,16,1] Kraw=bf16 Vraw=turbo4 Kshape=[256,256,4,1] Vshape=[256,256,4,1] Keff=bf16 Veff=f16 turbo_kv=1 prefer_native_vec=0 decode=1 dk=0 dv=1 unsafe_vec_after_turbo_v_decode=1 allow_vec=0 kernel=MMA_F16 need_f16_K=1 need_f16_V=0 Knb=[2,2048,512,524288] Vnb=[66,528,132,135168] Keff_nb=[2,2048,512,524288] Veff_nb=[2,2048,512,524288]
CUDA_FA_ROUTE_SUPPORTED kernel=MMA_F16 effK=bf16 effV=f16 supported=1
CUDA_FA_ROUTE_PLAN device=0 Q=[256,1,16,1] Kraw=bf16 Vraw=turbo4 Kshape=[256,256,4,1] Vshape=[256,256,4,1] Keff=bf16 Veff=f16 turbo_kv=1 prefer_native_vec=0 decode=1 dk=0 dv=1 unsafe_vec_after_turbo_v_decode=1 allow_vec=0 kernel=MMA_F16 need_f16_K=1 need_f16_V=0 Knb=[2,2048,512,524288] Vnb=[66,528,132,135168] Keff_nb=[2,2048,512,524288] Veff_nb=[2,2048,512,524288]
CUDA_FA_ROUTE_SUPPORTED kernel=MMA_F16 effK=bf16 effV=f16 supported=1
CUDA_FA_ROUTE_PLAN device=0 Q=[256,256,16,1] Kraw=bf16 Vraw=turbo4 Kshape=[256,256,4,1] Vshape=[256,256,4,1] Keff=bf16 Veff=f16 turbo_kv=1 prefer_native_vec=0 decode=1 dk=0 dv=1 unsafe_vec_after_turbo_v_decode=1 allow_vec=0 kernel=MMA_F16 need_f16_K=1 need_f16_V=0 Knb=[2,2048,512,524288] Vnb=[66,528,132,135168] Keff_nb=[2,2048,512,524288] Veff_nb=[2,2048,512,524288]
CUDA_FA_ROUTE_SUPPORTED kernel=MMA_F16 effK=bf16 effV=f16 supported=1
CUDA_FA_ROUTE_PLAN device=0 Q=[256,256,16,1] Kraw=bf16 Vraw=turbo4 Kshape=[256,256,4,1] Vshape=[256,256,4,1] Keff=bf16 Veff=f16 turbo_kv=1 prefer_native_vec=0 decode=1 dk=0 dv=1 unsafe_vec_after_turbo_v_decode=1 allow_vec=0 kernel=MMA_F16 need_f16_K=1 need_f16_V=0 Knb=[2,2048,512,524288] Vnb=[66,528,132,135168] Keff_nb=[2,2048,512,524288] Veff_nb=[2,2048,512,524288]
CUDA_FA_ROUTE_SUPPORTED kernel=MMA_F16 effK=bf16 effV=f16 supported=1
CUDA_FA_ROUTE_PLAN device=0 Q=[256,256,16,1] Kraw=bf16 Vraw=turbo4 Kshape=[256,256,4,1] Vshape=[256,256,4,1] Keff=bf16 Veff=f16 turbo_kv=1 prefer_native_vec=0 decode=1 dk=0 dv=1 unsafe_vec_after_turbo_v_decode=1 allow_vec=0 kernel=MMA_F16 need_f16_K=1 need_f16_V=0 Knb=[2,2048,512,524288] Vnb=[66,528,132,135168] Keff_nb=[2,2048,512,524288] Veff_nb=[2,2048,512,524288]
CUDA_FA_ROUTE_SUPPORTED kernel=MMA_F16 effK=bf16 effV=f16 supported=1
CUDA_FA_ROUTE_PLAN device=0 Q=[256,256,16,1] Kraw=bf16 Vraw=turbo4 Kshape=[256,256,4,1] Vshape=[256,256,4,1] Keff=bf16 Veff=f16 turbo_kv=1 prefer_native_vec=0 decode=1 dk=0 dv=1 unsafe_vec_after_turbo_v_decode=1 allow_vec=0 kernel=MMA_F16 need_f16_K=1 need_f16_V=0 Knb=[2,2048,512,524288] Vnb=[66,528,132,135168] Keff_nb=[2,2048,512,524288] Veff_nb=[2,2048,512,524288]
CUDA_FA_ROUTE_SUPPORTED kernel=MMA_F16 effK=bf16 effV=f16 supported=1
CUDA_FA_ROUTE_PLAN device=0 Q=[256,256,16,1] Kraw=bf16 Vraw=turbo4 Kshape=[256,256,4,1] Vshape=[256,256,4,1] Keff=bf16 Veff=f16 turbo_kv=1 prefer_native_vec=0 decode=1 dk=0 dv=1 unsafe_vec_after_turbo_v_decode=1 allow_vec=0 kernel=MMA_F16 need_f16_K=1 need_f16_V=0 Knb=[2,2048,512,524288] Vnb=[66,528,132,135168] Keff_nb=[2,2048,512,524288] Veff_nb=[2,2048,512,524288]
CUDA_FA_ROUTE_SUPPORTED kernel=MMA_F16 effK=bf16 effV=f16 supported=1
CUDA_FA_ROUTE_PLAN device=0 Q=[256,256,16,1] Kraw=bf16 Vraw=turbo4 Kshape=[256,256,4,1] Vshape=[256,256,4,1] Keff=bf16 Veff=f16 turbo_kv=1 prefer_native_vec=0 decode=1 dk=0 dv=1 unsafe_vec_after_turbo_v_decode=1 allow_vec=0 kernel=MMA_F16 need_f16_K=1 need_f16_V=0 Knb=[2,2048,512,524288] Vnb=[66,528,132,135168] Keff_nb=[2,2048,512,524288] Veff_nb=[2,2048,512,524288]
CUDA_FA_ROUTE_SUPPORTED kernel=MMA_F16 effK=bf16 effV=f16 supported=1
CUDA_FA_ROUTE_PLAN device=0 Q=[256,256,16,1] Kraw=bf16 Vraw=turbo4 Kshape=[256,256,4,1] Vshape=[256,256,4,1] Keff=bf16 Veff=f16 turbo_kv=1 prefer_native_vec=0 decode=1 dk=0 dv=1 unsafe_vec_after_turbo_v_decode=1 allow_vec=0 kernel=MMA_F16 need_f16_K=1 need_f16_V=0 Knb=[2,2048,512,524288] Vnb=[66,528,132,135168] Keff_nb=[2,2048,512,524288] Veff_nb=[2,2048,512,524288]
CUDA_FA_ROUTE_SUPPORTED kernel=MMA_F16 effK=bf16 effV=f16 supported=1
CUDA_FA_ROUTE_PLAN device=0 Q=[256,256,16,1] Kraw=bf16 Vraw=turbo4 Kshape=[256,256,4,1] Vshape=[256,256,4,1] Keff=bf16 Veff=f16 turbo_kv=1 prefer_native_vec=0 decode=1 dk=0 dv=1 unsafe_vec_after_turbo_v_decode=1 allow_vec=0 kernel=MMA_F16 need_f16_K=1 need_f16_V=0 Knb=[2,2048,512,524288] Vnb=[66,528,132,135168] Keff_nb=[2,2048,512,524288] Veff_nb=[2,2048,512,524288]
CUDA_FA_ROUTE_SUPPORTED kernel=MMA_F16 effK=bf16 effV=f16 supported=1
CUDA_FA_ROUTE_PLAN device=0 Q=[256,256,16,1] Kraw=bf16 Vraw=turbo4 Kshape=[256,256,4,1] Vshape=[256,256,4,1] Keff=bf16 Veff=f16 turbo_kv=1 prefer_native_vec=0 decode=1 dk=0 dv=1 unsafe_vec_after_turbo_v_decode=1 allow_vec=0 kernel=MMA_F16 need_f16_K=1 need_f16_V=0 Knb=[2,2048,512,524288] Vnb=[66,528,132,135168] Keff_nb=[2,2048,512,524288] Veff_nb=[2,2048,512,524288]
CUDA_FA_ROUTE_ALLOC kernel=MMA_F16 need_f16_K=1 need_f16_V=0 workspace_end_offset=4718592 dst_data=(nil) f16_K=0x400000 f16_V=(nil) f16_end=0x480000
CUDA_FA_ROUTE_PLAN device=0 Q=[256,256,16,1] Kraw=bf16 Vraw=turbo4 Kshape=[256,256,4,1] Vshape=[256,256,4,1] Keff=bf16 Veff=f16 turbo_kv=1 prefer_native_vec=0 decode=1 dk=0 dv=1 unsafe_vec_after_turbo_v_decode=1 allow_vec=0 kernel=MMA_F16 need_f16_K=1 need_f16_V=0 Knb=[2,2048,512,524288] Vnb=[66,528,132,135168] Keff_nb=[2,2048,512,524288] Veff_nb=[2,2048,512,524288]
CUDA_FA_ROUTE_ALLOC kernel=MMA_F16 need_f16_K=1 need_f16_V=0 workspace_end_offset=4718592 dst_data=(nil) f16_K=0x400000 f16_V=(nil) f16_end=0x480000
CUDA_FA_ROUTE_PLAN device=0 Q=[256,256,16,1] Kraw=bf16 Vraw=turbo4 Kshape=[256,256,4,1] Vshape=[256,256,4,1] Keff=bf16 Veff=f16 turbo_kv=1 prefer_native_vec=0 decode=1 dk=0 dv=1 unsafe_vec_after_turbo_v_decode=1 allow_vec=0 kernel=MMA_F16 need_f16_K=1 need_f16_V=0 Knb=[2,2048,512,524288] Vnb=[66,528,132,135168] Keff_nb=[2,2048,512,524288] Veff_nb=[2,2048,512,524288]
CUDA_FA_ROUTE_ALLOC kernel=MMA_F16 need_f16_K=1 need_f16_V=0 workspace_end_offset=4718592 dst_data=(nil) f16_K=0x400000 f16_V=(nil) f16_end=0x480000
CUDA_FA_ROUTE_PLAN device=0 Q=[256,256,16,1] Kraw=bf16 Vraw=turbo4 Kshape=[256,256,4,1] Vshape=[256,256,4,1] Keff=bf16 Veff=f16 turbo_kv=1 prefer_native_vec=0 decode=1 dk=0 dv=1 unsafe_vec_after_turbo_v_decode=1 allow_vec=0 kernel=MMA_F16 need_f16_K=1 need_f16_V=0 Knb=[2,2048,512,524288] Vnb=[66,528,132,135168] Keff_nb=[2,2048,512,524288] Veff_nb=[2,2048,512,524288]
CUDA_FA_ROUTE_ALLOC kernel=MMA_F16 need_f16_K=1 need_f16_V=0 workspace_end_offset=4718592 dst_data=(nil) f16_K=0x400000 f16_V=(nil) f16_end=0x480000
CUDA_FA_ROUTE_PLAN device=0 Q=[256,256,16,1] Kraw=bf16 Vraw=turbo4 Kshape=[256,256,4,1] Vshape=[256,256,4,1] Keff=bf16 Veff=f16 turbo_kv=1 prefer_native_vec=0 decode=1 dk=0 dv=1 unsafe_vec_after_turbo_v_decode=1 allow_vec=0 kernel=MMA_F16 need_f16_K=1 need_f16_V=0 Knb=[2,2048,512,524288] Vnb=[66,528,132,135168] Keff_nb=[2,2048,512,524288] Veff_nb=[2,2048,512,524288]
CUDA_FA_ROUTE_ALLOC kernel=MMA_F16 need_f16_K=1 need_f16_V=0 workspace_end_offset=4718592 dst_data=(nil) f16_K=0x400000 f16_V=(nil) f16_end=0x480000
CUDA_FA_ROUTE_PLAN device=0 Q=[256,256,16,1] Kraw=bf16 Vraw=turbo4 Kshape=[256,256,4,1] Vshape=[256,256,4,1] Keff=bf16 Veff=f16 turbo_kv=1 prefer_native_vec=0 decode=1 dk=0 dv=1 unsafe_vec_after_turbo_v_decode=1 allow_vec=0 kernel=MMA_F16 need_f16_K=1 need_f16_V=0 Knb=[2,2048,512,524288] Vnb=[66,528,132,135168] Keff_nb=[2,2048,512,524288] Veff_nb=[2,2048,512,524288]
CUDA_FA_ROUTE_ALLOC kernel=MMA_F16 need_f16_K=1 need_f16_V=0 workspace_end_offset=4718592 dst_data=(nil) f16_K=0x400000 f16_V=(nil) f16_end=0x480000
CUDA_FA_ROUTE_PLAN device=0 Q=[256,256,16,1] Kraw=bf16 Vraw=turbo4 Kshape=[256,256,4,1] Vshape=[256,256,4,1] Keff=bf16 Veff=f16 turbo_kv=1 prefer_native_vec=0 decode=1 dk=0 dv=1 unsafe_vec_after_turbo_v_decode=1 allow_vec=0 kernel=MMA_F16 need_f16_K=1 need_f16_V=0 Knb=[2,2048,512,524288] Vnb=[66,528,132,135168] Keff_nb=[2,2048,512,524288] Veff_nb=[2,2048,512,524288]
CUDA_FA_ROUTE_ALLOC kernel=MMA_F16 need_f16_K=1 need_f16_V=0 workspace_end_offset=4718592 dst_data=(nil) f16_K=0x400000 f16_V=(nil) f16_end=0x480000
CUDA_FA_ROUTE_PLAN device=0 Q=[256,256,16,1] Kraw=bf16 Vraw=turbo4 Kshape=[256,256,4,1] Vshape=[256,256,4,1] Keff=bf16 Veff=f16 turbo_kv=1 prefer_native_vec=0 decode=1 dk=0 dv=1 unsafe_vec_after_turbo_v_decode=1 allow_vec=0 kernel=MMA_F16 need_f16_K=1 need_f16_V=0 Knb=[2,2048,512,524288] Vnb=[66,528,132,135168] Keff_nb=[2,2048,512,524288] Veff_nb=[2,2048,512,524288]
CUDA_FA_ROUTE_ALLOC kernel=MMA_F16 need_f16_K=1 need_f16_V=0 workspace_end_offset=4718592 dst_data=(nil) f16_K=0x400000 f16_V=(nil) f16_end=0x480000
CUDA_FA_ROUTE_PLAN device=0 Q=[256,256,16,1] Kraw=bf16 Vraw=turbo4 Kshape=[256,256,4,1] Vshape=[256,256,4,1] Keff=bf16 Veff=f16 turbo_kv=1 prefer_native_vec=0 decode=1 dk=0 dv=1 unsafe_vec_after_turbo_v_decode=1 allow_vec=0 kernel=MMA_F16 need_f16_K=1 need_f16_V=0 Knb=[2,2048,512,524288] Vnb=[66,528,132,135168] Keff_nb=[2,2048,512,524288] Veff_nb=[2,2048,512,524288]
CUDA_FA_ROUTE_ALLOC kernel=MMA_F16 need_f16_K=1 need_f16_V=0 workspace_end_offset=4718592 dst_data=(nil) f16_K=0x400000 f16_V=(nil) f16_end=0x480000
CUDA_FA_ROUTE_PLAN device=0 Q=[256,256,16,1] Kraw=bf16 Vraw=turbo4 Kshape=[256,256,4,1] Vshape=[256,256,4,1] Keff=bf16 Veff=f16 turbo_kv=1 prefer_native_vec=0 decode=1 dk=0 dv=1 unsafe_vec_after_turbo_v_decode=1 allow_vec=0 kernel=MMA_F16 need_f16_K=1 need_f16_V=0 Knb=[2,2048,512,524288] Vnb=[66,528,132,135168] Keff_nb=[2,2048,512,524288] Veff_nb=[2,2048,512,524288]
CUDA_FA_ROUTE_ALLOC kernel=MMA_F16 need_f16_K=1 need_f16_V=0 workspace_end_offset=4718592 dst_data=(nil) f16_K=0x400000 f16_V=(nil) f16_end=0x480000
CUDA_FA_ROUTE_PLAN device=0 Q=[256,256,16,1] Kraw=bf16 Vraw=turbo4 Kshape=[256,256,4,1] Vshape=[256,256,4,1] Keff=bf16 Veff=f16 turbo_kv=1 prefer_native_vec=0 decode=1 dk=0 dv=1 unsafe_vec_after_turbo_v_decode=1 allow_vec=0 kernel=MMA_F16 need_f16_K=1 need_f16_V=0 Knb=[2,2048,512,524288] Vnb=[66,528,132,135168] Keff_nb=[2,2048,512,524288] Veff_nb=[2,2048,512,524288]
CUDA_FA_ROUTE_ALLOC kernel=MMA_F16 need_f16_K=1 need_f16_V=0 workspace_end_offset=4718592 dst_data=(nil) f16_K=0x400000 f16_V=(nil) f16_end=0x480000
CUDA_FA_ROUTE_PLAN device=0 Q=[256,256,16,1] Kraw=bf16 Vraw=turbo4 Kshape=[256,256,4,1] Vshape=[256,256,4,1] Keff=bf16 Veff=f16 turbo_kv=1 prefer_native_vec=0 decode=1 dk=0 dv=1 unsafe_vec_after_turbo_v_decode=1 allow_vec=0 kernel=MMA_F16 need_f16_K=1 need_f16_V=0 Knb=[2,2048,512,524288] Vnb=[66,528,132,135168] Keff_nb=[2,2048,512,524288] Veff_nb=[2,2048,512,524288]
CUDA_FA_ROUTE_ALLOC kernel=MMA_F16 need_f16_K=1 need_f16_V=0 workspace_end_offset=4718592 dst_data=(nil) f16_K=0x400000 f16_V=(nil) f16_end=0x480000
CUDA_FA_ROUTE_PLAN device=0 Q=[256,256,16,1] Kraw=bf16 Vraw=turbo4 Kshape=[256,256,4,1] Vshape=[256,256,4,1] Keff=bf16 Veff=f16 turbo_kv=1 prefer_native_vec=0 decode=1 dk=0 dv=1 unsafe_vec_after_turbo_v_decode=1 allow_vec=0 kernel=MMA_F16 need_f16_K=1 need_f16_V=0 Knb=[2,2048,512,524288] Vnb=[66,528,132,135168] Keff_nb=[2,2048,512,524288] Veff_nb=[2,2048,512,524288]
CUDA_FA_ROUTE_ALLOC kernel=MMA_F16 need_f16_K=1 need_f16_V=0 workspace_end_offset=4718592 dst_data=(nil) f16_K=0x400000 f16_V=(nil) f16_end=0x480000
CUDA_FA_ROUTE_PLAN device=0 Q=[256,256,16,1] Kraw=bf16 Vraw=turbo4 Kshape=[256,256,4,1] Vshape=[256,256,4,1] Keff=bf16 Veff=f16 turbo_kv=1 prefer_native_vec=0 decode=1 dk=0 dv=1 unsafe_vec_after_turbo_v_decode=1 allow_vec=0 kernel=MMA_F16 need_f16_K=1 need_f16_V=0 Knb=[2,2048,512,524288] Vnb=[66,528,132,135168] Keff_nb=[2,2048,512,524288] Veff_nb=[2,2048,512,524288]
CUDA_FA_ROUTE_ALLOC kernel=MMA_F16 need_f16_K=1 need_f16_V=0 workspace_end_offset=4718592 dst_data=(nil) f16_K=0x400000 f16_V=(nil) f16_end=0x480000
CUDA_FA_ROUTE_PLAN device=0 Q=[256,256,16,1] Kraw=bf16 Vraw=turbo4 Kshape=[256,256,4,1] Vshape=[256,256,4,1] Keff=bf16 Veff=f16 turbo_kv=1 prefer_native_vec=0 decode=1 dk=0 dv=1 unsafe_vec_after_turbo_v_decode=1 allow_vec=0 kernel=MMA_F16 need_f16_K=1 need_f16_V=0 Knb=[2,2048,512,524288] Vnb=[66,528,132,135168] Keff_nb=[2,2048,512,524288] Veff_nb=[2,2048,512,524288]
CUDA_FA_ROUTE_ALLOC kernel=MMA_F16 need_f16_K=1 need_f16_V=0 workspace_end_offset=4718592 dst_data=(nil) f16_K=0x400000 f16_V=(nil) f16_end=0x480000
CUDA_FA_ROUTE_PLAN device=0 Q=[256,256,16,1] Kraw=bf16 Vraw=turbo4 Kshape=[256,256,4,1] Vshape=[256,256,4,1] Keff=bf16 Veff=f16 turbo_kv=1 prefer_native_vec=0 decode=1 dk=0 dv=1 unsafe_vec_after_turbo_v_decode=1 allow_vec=0 kernel=MMA_F16 need_f16_K=1 need_f16_V=0 Knb=[2,2048,512,524288] Vnb=[66,528,132,135168] Keff_nb=[2,2048,512,524288] Veff_nb=[2,2048,512,524288]
CUDA_FA_ROUTE_ALLOC kernel=MMA_F16 need_f16_K=1 need_f16_V=0 workspace_end_offset=4718592 dst_data=(nil) f16_K=0x400000 f16_V=(nil) f16_end=0x480000
CUDA_FA_ROUTE_PLAN device=0 Q=[256,256,16,1] Kraw=bf16 Vraw=turbo4 Kshape=[256,256,4,1] Vshape=[256,256,4,1] Keff=bf16 Veff=f16 turbo_kv=1 prefer_native_vec=0 decode=1 dk=0 dv=1 unsafe_vec_after_turbo_v_decode=1 allow_vec=0 kernel=MMA_F16 need_f16_K=1 need_f16_V=0 Knb=[2,2048,512,524288] Vnb=[66,528,132,135168] Keff_nb=[2,2048,512,524288] Veff_nb=[2,2048,512,524288]
CUDA_FA_ROUTE_ALLOC kernel=MMA_F16 need_f16_K=1 need_f16_V=0 workspace_end_offset=4718592 dst_data=(nil) f16_K=0x400000 f16_V=(nil) f16_end=0x480000
CUDA_FA_ROUTE_PLAN device=0 Q=[256,256,16,1] Kraw=bf16 Vraw=turbo4 Kshape=[256,256,4,1] Vshape=[256,256,4,1] Keff=bf16 Veff=f16 turbo_kv=1 prefer_native_vec=0 decode=1 dk=0 dv=1 unsafe_vec_after_turbo_v_decode=1 allow_vec=0 kernel=MMA_F16 need_f16_K=1 need_f16_V=0 Knb=[2,2048,512,524288] Vnb=[66,528,132,135168] Keff_nb=[2,2048,512,524288] Veff_nb=[2,2048,512,524288]
CUDA_FA_ROUTE_ALLOC kernel=MMA_F16 need_f16_K=1 need_f16_V=0 workspace_end_offset=4718592 dst_data=(nil) f16_K=0x400000 f16_V=(nil) f16_end=0x480000
CUDA_FA_ROUTE_PLAN device=0 Q=[256,256,16,1] Kraw=bf16 Vraw=turbo4 Kshape=[256,256,4,1] Vshape=[256,256,4,1] Keff=bf16 Veff=f16 turbo_kv=1 prefer_native_vec=0 decode=1 dk=0 dv=1 unsafe_vec_after_turbo_v_decode=1 allow_vec=0 kernel=MMA_F16 need_f16_K=1 need_f16_V=0 Knb=[2,2048,512,524288] Vnb=[66,528,132,135168] Keff_nb=[2,2048,512,524288] Veff_nb=[2,2048,512,524288]
CUDA_FA_ROUTE_ALLOC kernel=MMA_F16 need_f16_K=1 need_f16_V=0 workspace_end_offset=4718592 dst_data=(nil) f16_K=0x400000 f16_V=(nil) f16_end=0x480000
CUDA_FA_ROUTE_PLAN device=0 Q=[256,256,16,1] Kraw=bf16 Vraw=turbo4 Kshape=[256,256,4,1] Vshape=[256,256,4,1] Keff=bf16 Veff=f16 turbo_kv=1 prefer_native_vec=0 decode=1 dk=0 dv=1 unsafe_vec_after_turbo_v_decode=1 allow_vec=0 kernel=MMA_F16 need_f16_K=1 need_f16_V=0 Knb=[2,2048,512,524288] Vnb=[66,528,132,135168] Keff_nb=[2,2048,512,524288] Veff_nb=[2,2048,512,524288]
CUDA_FA_ROUTE_ALLOC kernel=MMA_F16 need_f16_K=1 need_f16_V=0 workspace_end_offset=4718592 dst_data=(nil) f16_K=0x400000 f16_V=(nil) f16_end=0x480000
CUDA_FA_ROUTE_PLAN device=0 Q=[256,256,16,1] Kraw=bf16 Vraw=turbo4 Kshape=[256,256,4,1] Vshape=[256,256,4,1] Keff=bf16 Veff=f16 turbo_kv=1 prefer_native_vec=0 decode=1 dk=0 dv=1 unsafe_vec_after_turbo_v_decode=1 allow_vec=0 kernel=MMA_F16 need_f16_K=1 need_f16_V=0 Knb=[2,2048,512,524288] Vnb=[66,528,132,135168] Keff_nb=[2,2048,512,524288] Veff_nb=[2,2048,512,524288]
CUDA_FA_ROUTE_ALLOC kernel=MMA_F16 need_f16_K=1 need_f16_V=0 workspace_end_offset=4718592 dst_data=(nil) f16_K=0x400000 f16_V=(nil) f16_end=0x480000
CUDA_FA_ROUTE_PLAN device=0 Q=[256,256,16,1] Kraw=bf16 Vraw=turbo4 Kshape=[256,256,4,1] Vshape=[256,256,4,1] Keff=bf16 Veff=f16 turbo_kv=1 prefer_native_vec=0 decode=1 dk=0 dv=1 unsafe_vec_after_turbo_v_decode=1 allow_vec=0 kernel=MMA_F16 need_f16_K=1 need_f16_V=0 Knb=[2,2048,512,524288] Vnb=[66,528,132,135168] Keff_nb=[2,2048,512,524288] Veff_nb=[2,2048,512,524288]
CUDA_FA_ROUTE_ALLOC kernel=MMA_F16 need_f16_K=1 need_f16_V=0 workspace_end_offset=4718592 dst_data=(nil) f16_K=0x400000 f16_V=(nil) f16_end=0x480000
CUDA_FA_ROUTE_PLAN device=0 Q=[256,256,16,1] Kraw=bf16 Vraw=turbo4 Kshape=[256,256,4,1] Vshape=[256,256,4,1] Keff=bf16 Veff=f16 turbo_kv=1 prefer_native_vec=0 decode=1 dk=0 dv=1 unsafe_vec_after_turbo_v_decode=1 allow_vec=0 kernel=MMA_F16 need_f16_K=1 need_f16_V=0 Knb=[2,2048,512,524288] Vnb=[66,528,132,135168] Keff_nb=[2,2048,512,524288] Veff_nb=[2,2048,512,524288]
CUDA_FA_ROUTE_ALLOC kernel=MMA_F16 need_f16_K=1 need_f16_V=0 workspace_end_offset=4718592 dst_data=(nil) f16_K=0x400000 f16_V=(nil) f16_end=0x480000
CUDA_FA_ROUTE_PLAN device=0 Q=[256,256,16,1] Kraw=bf16 Vraw=turbo4 Kshape=[256,256,4,1] Vshape=[256,256,4,1] Keff=bf16 Veff=f16 turbo_kv=1 prefer_native_vec=0 decode=1 dk=0 dv=1 unsafe_vec_after_turbo_v_decode=1 allow_vec=0 kernel=MMA_F16 need_f16_K=1 need_f16_V=0 Knb=[2,2048,512,524288] Vnb=[66,528,132,135168] Keff_nb=[2,2048,512,524288] Veff_nb=[2,2048,512,524288]
CUDA_FA_ROUTE_ALLOC kernel=MMA_F16 need_f16_K=1 need_f16_V=0 workspace_end_offset=4718592 dst_data=(nil) f16_K=0x400000 f16_V=(nil) f16_end=0x480000
CUDA_FA_ROUTE_PLAN device=0 Q=[256,256,16,1] Kraw=bf16 Vraw=turbo4 Kshape=[256,256,4,1] Vshape=[256,256,4,1] Keff=bf16 Veff=f16 turbo_kv=1 prefer_native_vec=0 decode=1 dk=0 dv=1 unsafe_vec_after_turbo_v_decode=1 allow_vec=0 kernel=MMA_F16 need_f16_K=1 need_f16_V=0 Knb=[2,2048,512,524288] Vnb=[66,528,132,135168] Keff_nb=[2,2048,512,524288] Veff_nb=[2,2048,512,524288]
CUDA_FA_ROUTE_ALLOC kernel=MMA_F16 need_f16_K=1 need_f16_V=0 workspace_end_offset=4718592 dst_data=(nil) f16_K=0x400000 f16_V=(nil) f16_end=0x480000
CUDA_FA_ROUTE_PLAN device=0 Q=[256,256,16,1] Kraw=bf16 Vraw=turbo4 Kshape=[256,256,4,1] Vshape=[256,256,4,1] Keff=bf16 Veff=f16 turbo_kv=1 prefer_native_vec=0 decode=1 dk=0 dv=1 unsafe_vec_after_turbo_v_decode=1 allow_vec=0 kernel=MMA_F16 need_f16_K=1 need_f16_V=0 Knb=[2,2048,512,524288] Vnb=[66,528,132,135168] Keff_nb=[2,2048,512,524288] Veff_nb=[2,2048,512,524288]
CUDA_FA_ROUTE_ALLOC kernel=MMA_F16 need_f16_K=1 need_f16_V=0 workspace_end_offset=4718592 dst_data=(nil) f16_K=0x400000 f16_V=(nil) f16_end=0x480000
CUDA_FA_ROUTE_PLAN device=0 Q=[256,256,16,1] Kraw=bf16 Vraw=turbo4 Kshape=[256,256,4,1] Vshape=[256,256,4,1] Keff=bf16 Veff=f16 turbo_kv=1 prefer_native_vec=0 decode=1 dk=0 dv=1 unsafe_vec_after_turbo_v_decode=1 allow_vec=0 kernel=MMA_F16 need_f16_K=1 need_f16_V=0 Knb=[2,2048,512,524288] Vnb=[66,528,132,135168] Keff_nb=[2,2048,512,524288] Veff_nb=[2,2048,512,524288]
CUDA_FA_ROUTE_ALLOC kernel=MMA_F16 need_f16_K=1 need_f16_V=0 workspace_end_offset=4718592 dst_data=(nil) f16_K=0x400000 f16_V=(nil) f16_end=0x480000
CUDA_FA_ROUTE_PLAN device=0 Q=[256,256,16,1] Kraw=bf16 Vraw=turbo4 Kshape=[256,256,4,1] Vshape=[256,256,4,1] Keff=bf16 Veff=f16 turbo_kv=1 prefer_native_vec=0 decode=1 dk=0 dv=1 unsafe_vec_after_turbo_v_decode=1 allow_vec=0 kernel=MMA_F16 need_f16_K=1 need_f16_V=0 Knb=[2,2048,512,524288] Vnb=[66,528,132,135168] Keff_nb=[2,2048,512,524288] Veff_nb=[2,2048,512,524288]
CUDA_FA_ROUTE_ALLOC kernel=MMA_F16 need_f16_K=1 need_f16_V=0 workspace_end_offset=4718592 dst_data=(nil) f16_K=0x400000 f16_V=(nil) f16_end=0x480000
CUDA_FA_ROUTE_PLAN device=0 Q=[256,256,16,1] Kraw=bf16 Vraw=turbo4 Kshape=[256,256,4,1] Vshape=[256,256,4,1] Keff=bf16 Veff=f16 turbo_kv=1 prefer_native_vec=0 decode=1 dk=0 dv=1 unsafe_vec_after_turbo_v_decode=1 allow_vec=0 kernel=MMA_F16 need_f16_K=1 need_f16_V=0 Knb=[2,2048,512,524288] Vnb=[66,528,132,135168] Keff_nb=[2,2048,512,524288] Veff_nb=[2,2048,512,524288]
CUDA_FA_ROUTE_ALLOC kernel=MMA_F16 need_f16_K=1 need_f16_V=0 workspace_end_offset=4718592 dst_data=(nil) f16_K=0x400000 f16_V=(nil) f16_end=0x480000
CUDA_FA_ROUTE_PLAN device=0 Q=[256,256,16,1] Kraw=bf16 Vraw=turbo4 Kshape=[256,256,4,1] Vshape=[256,256,4,1] Keff=bf16 Veff=f16 turbo_kv=1 prefer_native_vec=0 decode=1 dk=0 dv=1 unsafe_vec_after_turbo_v_decode=1 allow_vec=0 kernel=MMA_F16 need_f16_K=1 need_f16_V=0 Knb=[2,2048,512,524288] Vnb=[66,528,132,135168] Keff_nb=[2,2048,512,524288] Veff_nb=[2,2048,512,524288]
CUDA_FA_ROUTE_ALLOC kernel=MMA_F16 need_f16_K=1 need_f16_V=0 workspace_end_offset=4718592 dst_data=(nil) f16_K=0x400000 f16_V=(nil) f16_end=0x480000
CUDA_FA_ROUTE_PLAN device=0 Q=[256,256,16,1] Kraw=bf16 Vraw=turbo4 Kshape=[256,256,4,1] Vshape=[256,256,4,1] Keff=bf16 Veff=f16 turbo_kv=1 prefer_native_vec=0 decode=1 dk=0 dv=1 unsafe_vec_after_turbo_v_decode=1 allow_vec=0 kernel=MMA_F16 need_f16_K=1 need_f16_V=0 Knb=[2,2048,512,524288] Vnb=[66,528,132,135168] Keff_nb=[2,2048,512,524288] Veff_nb=[2,2048,512,524288]
CUDA_FA_ROUTE_ALLOC kernel=MMA_F16 need_f16_K=1 need_f16_V=0 workspace_end_offset=4718592 dst_data=(nil) f16_K=0x400000 f16_V=(nil) f16_end=0x480000
CUDA_FA_ROUTE_PLAN device=0 Q=[256,256,16,1] Kraw=bf16 Vraw=turbo4 Kshape=[256,256,4,1] Vshape=[256,256,4,1] Keff=bf16 Veff=f16 turbo_kv=1 prefer_native_vec=0 decode=1 dk=0 dv=1 unsafe_vec_after_turbo_v_decode=1 allow_vec=0 kernel=MMA_F16 need_f16_K=1 need_f16_V=0 Knb=[2,2048,512,524288] Vnb=[66,528,132,135168] Keff_nb=[2,2048,512,524288] Veff_nb=[2,2048,512,524288]
CUDA_FA_ROUTE_ALLOC kernel=MMA_F16 need_f16_K=1 need_f16_V=0 workspace_end_offset=4718592 dst_data=(nil) f16_K=0x400000 f16_V=(nil) f16_end=0x480000
CUDA_FA_ROUTE_PLAN device=0 Q=[256,1,16,1] Kraw=bf16 Vraw=turbo4 Kshape=[256,256,4,1] Vshape=[256,256,4,1] Keff=bf16 Veff=f16 turbo_kv=1 prefer_native_vec=0 decode=1 dk=0 dv=1 unsafe_vec_after_turbo_v_decode=1 allow_vec=0 kernel=MMA_F16 need_f16_K=1 need_f16_V=0 Knb=[2,2048,512,524288] Vnb=[66,528,132,135168] Keff_nb=[2,2048,512,524288] Veff_nb=[2,2048,512,524288]
CUDA_FA_ROUTE_SUPPORTED kernel=MMA_F16 effK=bf16 effV=f16 supported=1
CUDA_FA_ROUTE_PLAN device=0 Q=[256,1,16,1] Kraw=bf16 Vraw=turbo4 Kshape=[256,256,4,1] Vshape=[256,256,4,1] Keff=bf16 Veff=f16 turbo_kv=1 prefer_native_vec=0 decode=1 dk=0 dv=1 unsafe_vec_after_turbo_v_decode=1 allow_vec=0 kernel=MMA_F16 need_f16_K=1 need_f16_V=0 Knb=[2,2048,512,524288] Vnb=[66,528,132,135168] Keff_nb=[2,2048,512,524288] Veff_nb=[2,2048,512,524288]
CUDA_FA_ROUTE_SUPPORTED kernel=MMA_F16 effK=bf16 effV=f16 supported=1
CUDA_FA_ROUTE_PLAN device=0 Q=[256,1,16,1] Kraw=bf16 Vraw=turbo4 Kshape=[256,256,4,1] Vshape=[256,256,4,1] Keff=bf16 Veff=f16 turbo_kv=1 prefer_native_vec=0 decode=1 dk=0 dv=1 unsafe_vec_after_turbo_v_decode=1 allow_vec=0 kernel=MMA_F16 need_f16_K=1 need_f16_V=0 Knb=[2,2048,512,524288] Vnb=[66,528,132,135168] Keff_nb=[2,2048,512,524288] Veff_nb=[2,2048,512,524288]
CUDA_FA_ROUTE_SUPPORTED kernel=MMA_F16 effK=bf16 effV=f16 supported=1
CUDA_FA_ROUTE_PLAN device=0 Q=[256,1,16,1] Kraw=bf16 Vraw=turbo4 Kshape=[256,256,4,1] Vshape=[256,256,4,1] Keff=bf16 Veff=f16 turbo_kv=1 prefer_native_vec=0 decode=1 dk=0 dv=1 unsafe_vec_after_turbo_v_decode=1 allow_vec=0 kernel=MMA_F16 need_f16_K=1 need_f16_V=0 Knb=[2,2048,512,524288] Vnb=[66,528,132,135168] Keff_nb=[2,2048,512,524288] Veff_nb=[2,2048,512,524288]
CUDA_FA_ROUTE_SUPPORTED kernel=MMA_F16 effK=bf16 effV=f16 supported=1
CUDA_FA_ROUTE_PLAN device=0 Q=[256,1,16,1] Kraw=bf16 Vraw=turbo4 Kshape=[256,256,4,1] Vshape=[256,256,4,1] Keff=bf16 Veff=f16 turbo_kv=1 prefer_native_vec=0 decode=1 dk=0 dv=1 unsafe_vec_after_turbo_v_decode=1 allow_vec=0 kernel=MMA_F16 need_f16_K=1 need_f16_V=0 Knb=[2,2048,512,524288] Vnb=[66,528,132,135168] Keff_nb=[2,2048,512,524288] Veff_nb=[2,2048,512,524288]
CUDA_FA_ROUTE_SUPPORTED kernel=MMA_F16 effK=bf16 effV=f16 supported=1
CUDA_FA_ROUTE_PLAN device=0 Q=[256,1,16,1] Kraw=bf16 Vraw=turbo4 Kshape=[256,256,4,1] Vshape=[256,256,4,1] Keff=bf16 Veff=f16 turbo_kv=1 prefer_native_vec=0 decode=1 dk=0 dv=1 unsafe_vec_after_turbo_v_decode=1 allow_vec=0 kernel=MMA_F16 need_f16_K=1 need_f16_V=0 Knb=[2,2048,512,524288] Vnb=[66,528,132,135168] Keff_nb=[2,2048,512,524288] Veff_nb=[2,2048,512,524288]
CUDA_FA_ROUTE_SUPPORTED kernel=MMA_F16 effK=bf16 effV=f16 supported=1
CUDA_FA_ROUTE_PLAN device=0 Q=[256,1,16,1] Kraw=bf16 Vraw=turbo4 Kshape=[256,256,4,1] Vshape=[256,256,4,1] Keff=bf16 Veff=f16 turbo_kv=1 prefer_native_vec=0 decode=1 dk=0 dv=1 unsafe_vec_after_turbo_v_decode=1 allow_vec=0 kernel=MMA_F16 need_f16_K=1 need_f16_V=0 Knb=[2,2048,512,524288] Vnb=[66,528,132,135168] Keff_nb=[2,2048,512,524288] Veff_nb=[2,2048,512,524288]
CUDA_FA_ROUTE_SUPPORTED kernel=MMA_F16 effK=bf16 effV=f16 supported=1
CUDA_FA_ROUTE_PLAN device=0 Q=[256,1,16,1] Kraw=bf16 Vraw=turbo4 Kshape=[256,256,4,1] Vshape=[256,256,4,1] Keff=bf16 Veff=f16 turbo_kv=1 prefer_native_vec=0 decode=1 dk=0 dv=1 unsafe_vec_after_turbo_v_decode=1 allow_vec=0 kernel=MMA_F16 need_f16_K=1 need_f16_V=0 Knb=[2,2048,512,524288] Vnb=[66,528,132,135168] Keff_nb=[2,2048,512,524288] Veff_nb=[2,2048,512,524288]
CUDA_FA_ROUTE_SUPPORTED kernel=MMA_F16 effK=bf16 effV=f16 supported=1
CUDA_FA_ROUTE_PLAN device=0 Q=[256,256,16,1] Kraw=bf16 Vraw=turbo4 Kshape=[256,256,4,1] Vshape=[256,256,4,1] Keff=bf16 Veff=f16 turbo_kv=1 prefer_native_vec=0 decode=1 dk=0 dv=1 unsafe_vec_after_turbo_v_decode=1 allow_vec=0 kernel=MMA_F16 need_f16_K=1 need_f16_V=0 Knb=[2,2048,512,524288] Vnb=[66,528,132,135168] Keff_nb=[2,2048,512,524288] Veff_nb=[2,2048,512,524288]
CUDA_FA_ROUTE_SUPPORTED kernel=MMA_F16 effK=bf16 effV=f16 supported=1
CUDA_FA_ROUTE_PLAN device=0 Q=[256,256,16,1] Kraw=bf16 Vraw=turbo4 Kshape=[256,256,4,1] Vshape=[256,256,4,1] Keff=bf16 Veff=f16 turbo_kv=1 prefer_native_vec=0 decode=1 dk=0 dv=1 unsafe_vec_after_turbo_v_decode=1 allow_vec=0 kernel=MMA_F16 need_f16_K=1 need_f16_V=0 Knb=[2,2048,512,524288] Vnb=[66,528,132,135168] Keff_nb=[2,2048,512,524288] Veff_nb=[2,2048,512,524288]
CUDA_FA_ROUTE_SUPPORTED kernel=MMA_F16 effK=bf16 effV=f16 supported=1
CUDA_FA_ROUTE_PLAN device=0 Q=[256,256,16,1] Kraw=bf16 Vraw=turbo4 Kshape=[256,256,4,1] Vshape=[256,256,4,1] Keff=bf16 Veff=f16 turbo_kv=1 prefer_native_vec=0 decode=1 dk=0 dv=1 unsafe_vec_after_turbo_v_decode=1 allow_vec=0 kernel=MMA_F16 need_f16_K=1 need_f16_V=0 Knb=[2,2048,512,524288] Vnb=[66,528,132,135168] Keff_nb=[2,2048,512,524288] Veff_nb=[2,2048,512,524288]
CUDA_FA_ROUTE_SUPPORTED kernel=MMA_F16 effK=bf16 effV=f16 supported=1
CUDA_FA_ROUTE_PLAN device=0 Q=[256,256,16,1] Kraw=bf16 Vraw=turbo4 Kshape=[256,256,4,1] Vshape=[256,256,4,1] Keff=bf16 Veff=f16 turbo_kv=1 prefer_native_vec=0 decode=1 dk=0 dv=1 unsafe_vec_after_turbo_v_decode=1 allow_vec=0 kernel=MMA_F16 need_f16_K=1 need_f16_V=0 Knb=[2,2048,512,524288] Vnb=[66,528,132,135168] Keff_nb=[2,2048,512,524288] Veff_nb=[2,2048,512,524288]
CUDA_FA_ROUTE_SUPPORTED kernel=MMA_F16 effK=bf16 effV=f16 supported=1
CUDA_FA_ROUTE_PLAN device=0 Q=[256,256,16,1] Kraw=bf16 Vraw=turbo4 Kshape=[256,256,4,1] Vshape=[256,256,4,1] Keff=bf16 Veff=f16 turbo_kv=1 prefer_native_vec=0 decode=1 dk=0 dv=1 unsafe_vec_after_turbo_v_decode=1 allow_vec=0 kernel=MMA_F16 need_f16_K=1 need_f16_V=0 Knb=[2,2048,512,524288] Vnb=[66,528,132,135168] Keff_nb=[2,2048,512,524288] Veff_nb=[2,2048,512,524288]
CUDA_FA_ROUTE_SUPPORTED kernel=MMA_F16 effK=bf16 effV=f16 supported=1
CUDA_FA_ROUTE_PLAN device=0 Q=[256,256,16,1] Kraw=bf16 Vraw=turbo4 Kshape=[256,256,4,1] Vshape=[256,256,4,1] Keff=bf16 Veff=f16 turbo_kv=1 prefer_native_vec=0 decode=1 dk=0 dv=1 unsafe_vec_after_turbo_v_decode=1 allow_vec=0 kernel=MMA_F16 need_f16_K=1 need_f16_V=0 Knb=[2,2048,512,524288] Vnb=[66,528,132,135168] Keff_nb=[2,2048,512,524288] Veff_nb=[2,2048,512,524288]
CUDA_FA_ROUTE_SUPPORTED kernel=MMA_F16 effK=bf16 effV=f16 supported=1
CUDA_FA_ROUTE_PLAN device=0 Q=[256,256,16,1] Kraw=bf16 Vraw=turbo4 Kshape=[256,256,4,1] Vshape=[256,256,4,1] Keff=bf16 Veff=f16 turbo_kv=1 prefer_native_vec=0 decode=1 dk=0 dv=1 unsafe_vec_after_turbo_v_decode=1 allow_vec=0 kernel=MMA_F16 need_f16_K=1 need_f16_V=0 Knb=[2,2048,512,524288] Vnb=[66,528,132,135168] Keff_nb=[2,2048,512,524288] Veff_nb=[2,2048,512,524288]
CUDA_FA_ROUTE_SUPPORTED kernel=MMA_F16 effK=bf16 effV=f16 supported=1
CUDA_FA_ROUTE_PLAN device=0 Q=[256,256,16,1] Kraw=bf16 Vraw=turbo4 Kshape=[256,256,4,1] Vshape=[256,256,4,1] Keff=bf16 Veff=f16 turbo_kv=1 prefer_native_vec=0 decode=1 dk=0 dv=1 unsafe_vec_after_turbo_v_decode=1 allow_vec=0 kernel=MMA_F16 need_f16_K=1 need_f16_V=0 Knb=[2,2048,512,524288] Vnb=[66,528,132,135168] Keff_nb=[2,2048,512,524288] Veff_nb=[2,2048,512,524288]
CUDA_FA_ROUTE_SUPPORTED kernel=MMA_F16 effK=bf16 effV=f16 supported=1
CUDA_FA_ROUTE_PLAN device=0 Q=[256,1,16,1] Kraw=bf16 Vraw=turbo4 Kshape=[256,256,4,1] Vshape=[256,256,4,1] Keff=bf16 Veff=f16 turbo_kv=1 prefer_native_vec=0 decode=1 dk=0 dv=1 unsafe_vec_after_turbo_v_decode=1 allow_vec=0 kernel=MMA_F16 need_f16_K=1 need_f16_V=0 Knb=[2,2048,512,524288] Vnb=[66,528,132,135168] Keff_nb=[2,2048,512,524288] Veff_nb=[2,2048,512,524288]
CUDA_FA_ROUTE_SUPPORTED kernel=MMA_F16 effK=bf16 effV=f16 supported=1
CUDA_FA_ROUTE_PLAN device=0 Q=[256,1,16,1] Kraw=bf16 Vraw=turbo4 Kshape=[256,256,4,1] Vshape=[256,256,4,1] Keff=bf16 Veff=f16 turbo_kv=1 prefer_native_vec=0 decode=1 dk=0 dv=1 unsafe_vec_after_turbo_v_decode=1 allow_vec=0 kernel=MMA_F16 need_f16_K=1 need_f16_V=0 Knb=[2,2048,512,524288] Vnb=[66,528,132,135168] Keff_nb=[2,2048,512,524288] Veff_nb=[2,2048,512,524288]
CUDA_FA_ROUTE_SUPPORTED kernel=MMA_F16 effK=bf16 effV=f16 supported=1
CUDA_FA_ROUTE_PLAN device=0 Q=[256,1,16,1] Kraw=bf16 Vraw=turbo4 Kshape=[256,256,4,1] Vshape=[256,256,4,1] Keff=bf16 Veff=f16 turbo_kv=1 prefer_native_vec=0 decode=1 dk=0 dv=1 unsafe_vec_after_turbo_v_decode=1 allow_vec=0 kernel=MMA_F16 need_f16_K=1 need_f16_V=0 Knb=[2,2048,512,524288] Vnb=[66,528,132,135168] Keff_nb=[2,2048,512,524288] Veff_nb=[2,2048,512,524288]
CUDA_FA_ROUTE_SUPPORTED kernel=MMA_F16 effK=bf16 effV=f16 supported=1
CUDA_FA_ROUTE_PLAN device=0 Q=[256,1,16,1] Kraw=bf16 Vraw=turbo4 Kshape=[256,256,4,1] Vshape=[256,256,4,1] Keff=bf16 Veff=f16 turbo_kv=1 prefer_native_vec=0 decode=1 dk=0 dv=1 unsafe_vec_after_turbo_v_decode=1 allow_vec=0 kernel=MMA_F16 need_f16_K=1 need_f16_V=0 Knb=[2,2048,512,524288] Vnb=[66,528,132,135168] Keff_nb=[2,2048,512,524288] Veff_nb=[2,2048,512,524288]
CUDA_FA_ROUTE_SUPPORTED kernel=MMA_F16 effK=bf16 effV=f16 supported=1
CUDA_FA_ROUTE_PLAN device=0 Q=[256,1,16,1] Kraw=bf16 Vraw=turbo4 Kshape=[256,256,4,1] Vshape=[256,256,4,1] Keff=bf16 Veff=f16 turbo_kv=1 prefer_native_vec=0 decode=1 dk=0 dv=1 unsafe_vec_after_turbo_v_decode=1 allow_vec=0 kernel=MMA_F16 need_f16_K=1 need_f16_V=0 Knb=[2,2048,512,524288] Vnb=[66,528,132,135168] Keff_nb=[2,2048,512,524288] Veff_nb=[2,2048,512,524288]
CUDA_FA_ROUTE_SUPPORTED kernel=MMA_F16 effK=bf16 effV=f16 supported=1
CUDA_FA_ROUTE_PLAN device=0 Q=[256,1,16,1] Kraw=bf16 Vraw=turbo4 Kshape=[256,256,4,1] Vshape=[256,256,4,1] Keff=bf16 Veff=f16 turbo_kv=1 prefer_native_vec=0 decode=1 dk=0 dv=1 unsafe_vec_after_turbo_v_decode=1 allow_vec=0 kernel=MMA_F16 need_f16_K=1 need_f16_V=0 Knb=[2,2048,512,524288] Vnb=[66,528,132,135168] Keff_nb=[2,2048,512,524288] Veff_nb=[2,2048,512,524288]
CUDA_FA_ROUTE_SUPPORTED kernel=MMA_F16 effK=bf16 effV=f16 supported=1
CUDA_FA_ROUTE_PLAN device=0 Q=[256,1,16,1] Kraw=bf16 Vraw=turbo4 Kshape=[256,256,4,1] Vshape=[256,256,4,1] Keff=bf16 Veff=f16 turbo_kv=1 prefer_native_vec=0 decode=1 dk=0 dv=1 unsafe_vec_after_turbo_v_decode=1 allow_vec=0 kernel=MMA_F16 need_f16_K=1 need_f16_V=0 Knb=[2,2048,512,524288] Vnb=[66,528,132,135168] Keff_nb=[2,2048,512,524288] Veff_nb=[2,2048,512,524288]
CUDA_FA_ROUTE_SUPPORTED kernel=MMA_F16 effK=bf16 effV=f16 supported=1
CUDA_FA_ROUTE_PLAN device=0 Q=[256,1,16,1] Kraw=bf16 Vraw=turbo4 Kshape=[256,256,4,1] Vshape=[256,256,4,1] Keff=bf16 Veff=f16 turbo_kv=1 prefer_native_vec=0 decode=1 dk=0 dv=1 unsafe_vec_after_turbo_v_decode=1 allow_vec=0 kernel=MMA_F16 need_f16_K=1 need_f16_V=0 Knb=[2,2048,512,524288] Vnb=[66,528,132,135168] Keff_nb=[2,2048,512,524288] Veff_nb=[2,2048,512,524288]
CUDA_FA_ROUTE_SUPPORTED kernel=MMA_F16 effK=bf16 effV=f16 supported=1
CUDA_FA_ROUTE_PLAN device=0 Q=[256,16,16,1] Kraw=bf16 Vraw=turbo4 Kshape=[256,256,4,1] Vshape=[256,256,4,1] Keff=bf16 Veff=f16 turbo_kv=1 prefer_native_vec=0 decode=1 dk=0 dv=1 unsafe_vec_after_turbo_v_decode=1 allow_vec=0 kernel=MMA_F16 need_f16_K=1 need_f16_V=0 Knb=[2,2048,512,524288] Vnb=[66,528,132,135168] Keff_nb=[2,2048,512,524288] Veff_nb=[2,2048,512,524288]
CUDA_FA_ROUTE_SUPPORTED kernel=MMA_F16 effK=bf16 effV=f16 supported=1
CUDA_FA_ROUTE_PLAN device=0 Q=[256,16,16,1] Kraw=bf16 Vraw=turbo4 Kshape=[256,256,4,1] Vshape=[256,256,4,1] Keff=bf16 Veff=f16 turbo_kv=1 prefer_native_vec=0 decode=1 dk=0 dv=1 unsafe_vec_after_turbo_v_decode=1 allow_vec=0 kernel=MMA_F16 need_f16_K=1 need_f16_V=0 Knb=[2,2048,512,524288] Vnb=[66,528,132,135168] Keff_nb=[2,2048,512,524288] Veff_nb=[2,2048,512,524288]
CUDA_FA_ROUTE_SUPPORTED kernel=MMA_F16 effK=bf16 effV=f16 supported=1
CUDA_FA_ROUTE_PLAN device=0 Q=[256,16,16,1] Kraw=bf16 Vraw=turbo4 Kshape=[256,256,4,1] Vshape=[256,256,4,1] Keff=bf16 Veff=f16 turbo_kv=1 prefer_native_vec=0 decode=1 dk=0 dv=1 unsafe_vec_after_turbo_v_decode=1 allow_vec=0 kernel=MMA_F16 need_f16_K=1 need_f16_V=0 Knb=[2,2048,512,524288] Vnb=[66,528,132,135168] Keff_nb=[2,2048,512,524288] Veff_nb=[2,2048,512,524288]
CUDA_FA_ROUTE_SUPPORTED kernel=MMA_F16 effK=bf16 effV=f16 supported=1
CUDA_FA_ROUTE_PLAN device=0 Q=[256,16,16,1] Kraw=bf16 Vraw=turbo4 Kshape=[256,256,4,1] Vshape=[256,256,4,1] Keff=bf16 Veff=f16 turbo_kv=1 prefer_native_vec=0 decode=1 dk=0 dv=1 unsafe_vec_after_turbo_v_decode=1 allow_vec=0 kernel=MMA_F16 need_f16_K=1 need_f16_V=0 Knb=[2,2048,512,524288] Vnb=[66,528,132,135168] Keff_nb=[2,2048,512,524288] Veff_nb=[2,2048,512,524288]
CUDA_FA_ROUTE_SUPPORTED kernel=MMA_F16 effK=bf16 effV=f16 supported=1
CUDA_FA_ROUTE_PLAN device=0 Q=[256,16,16,1] Kraw=bf16 Vraw=turbo4 Kshape=[256,256,4,1] Vshape=[256,256,4,1] Keff=bf16 Veff=f16 turbo_kv=1 prefer_native_vec=0 decode=1 dk=0 dv=1 unsafe_vec_after_turbo_v_decode=1 allow_vec=0 kernel=MMA_F16 need_f16_K=1 need_f16_V=0 Knb=[2,2048,512,524288] Vnb=[66,528,132,135168] Keff_nb=[2,2048,512,524288] Veff_nb=[2,2048,512,524288]
CUDA_FA_ROUTE_SUPPORTED kernel=MMA_F16 effK=bf16 effV=f16 supported=1
CUDA_FA_ROUTE_PLAN device=0 Q=[256,16,16,1] Kraw=bf16 Vraw=turbo4 Kshape=[256,256,4,1] Vshape=[256,256,4,1] Keff=bf16 Veff=f16 turbo_kv=1 prefer_native_vec=0 decode=1 dk=0 dv=1 unsafe_vec_after_turbo_v_decode=1 allow_vec=0 kernel=MMA_F16 need_f16_K=1 need_f16_V=0 Knb=[2,2048,512,524288] Vnb=[66,528,132,135168] Keff_nb=[2,2048,512,524288] Veff_nb=[2,2048,512,524288]
CUDA_FA_ROUTE_SUPPORTED kernel=MMA_F16 effK=bf16 effV=f16 supported=1
CUDA_FA_ROUTE_PLAN device=0 Q=[256,16,16,1] Kraw=bf16 Vraw=turbo4 Kshape=[256,256,4,1] Vshape=[256,256,4,1] Keff=bf16 Veff=f16 turbo_kv=1 prefer_native_vec=0 decode=1 dk=0 dv=1 unsafe_vec_after_turbo_v_decode=1 allow_vec=0 kernel=MMA_F16 need_f16_K=1 need_f16_V=0 Knb=[2,2048,512,524288] Vnb=[66,528,132,135168] Keff_nb=[2,2048,512,524288] Veff_nb=[2,2048,512,524288]
CUDA_FA_ROUTE_SUPPORTED kernel=MMA_F16 effK=bf16 effV=f16 supported=1
CUDA_FA_ROUTE_PLAN device=0 Q=[256,16,16,1] Kraw=bf16 Vraw=turbo4 Kshape=[256,256,4,1] Vshape=[256,256,4,1] Keff=bf16 Veff=f16 turbo_kv=1 prefer_native_vec=0 decode=1 dk=0 dv=1 unsafe_vec_after_turbo_v_decode=1 allow_vec=0 kernel=MMA_F16 need_f16_K=1 need_f16_V=0 Knb=[2,2048,512,524288] Vnb=[66,528,132,135168] Keff_nb=[2,2048,512,524288] Veff_nb=[2,2048,512,524288]
CUDA_FA_ROUTE_SUPPORTED kernel=MMA_F16 effK=bf16 effV=f16 supported=1
CUDA_FA_ROUTE_PLAN device=0 Q=[256,1,16,1] Kraw=bf16 Vraw=turbo4 Kshape=[256,256,4,1] Vshape=[256,256,4,1] Keff=bf16 Veff=f16 turbo_kv=1 prefer_native_vec=0 decode=1 dk=0 dv=1 unsafe_vec_after_turbo_v_decode=1 allow_vec=0 kernel=MMA_F16 need_f16_K=1 need_f16_V=0 Knb=[2,2048,512,524288] Vnb=[66,528,132,135168] Keff_nb=[2,2048,512,524288] Veff_nb=[2,2048,512,524288]
CUDA_FA_ROUTE_SUPPORTED kernel=MMA_F16 effK=bf16 effV=f16 supported=1
CUDA_FA_ROUTE_PLAN device=0 Q=[256,1,16,1] Kraw=bf16 Vraw=turbo4 Kshape=[256,256,4,1] Vshape=[256,256,4,1] Keff=bf16 Veff=f16 turbo_kv=1 prefer_native_vec=0 decode=1 dk=0 dv=1 unsafe_vec_after_turbo_v_decode=1 allow_vec=0 kernel=MMA_F16 need_f16_K=1 need_f16_V=0 Knb=[2,2048,512,524288] Vnb=[66,528,132,135168] Keff_nb=[2,2048,512,524288] Veff_nb=[2,2048,512,524288]
CUDA_FA_ROUTE_SUPPORTED kernel=MMA_F16 effK=bf16 effV=f16 supported=1
CUDA_FA_ROUTE_PLAN device=0 Q=[256,1,16,1] Kraw=bf16 Vraw=turbo4 Kshape=[256,256,4,1] Vshape=[256,256,4,1] Keff=bf16 Veff=f16 turbo_kv=1 prefer_native_vec=0 decode=1 dk=0 dv=1 unsafe_vec_after_turbo_v_decode=1 allow_vec=0 kernel=MMA_F16 need_f16_K=1 need_f16_V=0 Knb=[2,2048,512,524288] Vnb=[66,528,132,135168] Keff_nb=[2,2048,512,524288] Veff_nb=[2,2048,512,524288]
CUDA_FA_ROUTE_SUPPORTED kernel=MMA_F16 effK=bf16 effV=f16 supported=1
CUDA_FA_ROUTE_PLAN device=0 Q=[256,1,16,1] Kraw=bf16 Vraw=turbo4 Kshape=[256,256,4,1] Vshape=[256,256,4,1] Keff=bf16 Veff=f16 turbo_kv=1 prefer_native_vec=0 decode=1 dk=0 dv=1 unsafe_vec_after_turbo_v_decode=1 allow_vec=0 kernel=MMA_F16 need_f16_K=1 need_f16_V=0 Knb=[2,2048,512,524288] Vnb=[66,528,132,135168] Keff_nb=[2,2048,512,524288] Veff_nb=[2,2048,512,524288]
CUDA_FA_ROUTE_SUPPORTED kernel=MMA_F16 effK=bf16 effV=f16 supported=1
CUDA_FA_ROUTE_PLAN device=0 Q=[256,1,16,1] Kraw=bf16 Vraw=turbo4 Kshape=[256,256,4,1] Vshape=[256,256,4,1] Keff=bf16 Veff=f16 turbo_kv=1 prefer_native_vec=0 decode=1 dk=0 dv=1 unsafe_vec_after_turbo_v_decode=1 allow_vec=0 kernel=MMA_F16 need_f16_K=1 need_f16_V=0 Knb=[2,2048,512,524288] Vnb=[66,528,132,135168] Keff_nb=[2,2048,512,524288] Veff_nb=[2,2048,512,524288]
CUDA_FA_ROUTE_SUPPORTED kernel=MMA_F16 effK=bf16 effV=f16 supported=1
CUDA_FA_ROUTE_PLAN device=0 Q=[256,1,16,1] Kraw=bf16 Vraw=turbo4 Kshape=[256,256,4,1] Vshape=[256,256,4,1] Keff=bf16 Veff=f16 turbo_kv=1 prefer_native_vec=0 decode=1 dk=0 dv=1 unsafe_vec_after_turbo_v_decode=1 allow_vec=0 kernel=MMA_F16 need_f16_K=1 need_f16_V=0 Knb=[2,2048,512,524288] Vnb=[66,528,132,135168] Keff_nb=[2,2048,512,524288] Veff_nb=[2,2048,512,524288]
CUDA_FA_ROUTE_SUPPORTED kernel=MMA_F16 effK=bf16 effV=f16 supported=1
CUDA_FA_ROUTE_PLAN device=0 Q=[256,1,16,1] Kraw=bf16 Vraw=turbo4 Kshape=[256,256,4,1] Vshape=[256,256,4,1] Keff=bf16 Veff=f16 turbo_kv=1 prefer_native_vec=0 decode=1 dk=0 dv=1 unsafe_vec_after_turbo_v_decode=1 allow_vec=0 kernel=MMA_F16 need_f16_K=1 need_f16_V=0 Knb=[2,2048,512,524288] Vnb=[66,528,132,135168] Keff_nb=[2,2048,512,524288] Veff_nb=[2,2048,512,524288]
CUDA_FA_ROUTE_SUPPORTED kernel=MMA_F16 effK=bf16 effV=f16 supported=1
CUDA_FA_ROUTE_PLAN device=0 Q=[256,1,16,1] Kraw=bf16 Vraw=turbo4 Kshape=[256,256,4,1] Vshape=[256,256,4,1] Keff=bf16 Veff=f16 turbo_kv=1 prefer_native_vec=0 decode=1 dk=0 dv=1 unsafe_vec_after_turbo_v_decode=1 allow_vec=0 kernel=MMA_F16 need_f16_K=1 need_f16_V=0 Knb=[2,2048,512,524288] Vnb=[66,528,132,135168] Keff_nb=[2,2048,512,524288] Veff_nb=[2,2048,512,524288]
CUDA_FA_ROUTE_SUPPORTED kernel=MMA_F16 effK=bf16 effV=f16 supported=1
CUDA_FA_ROUTE_PLAN device=0 Q=[256,256,16,1] Kraw=bf16 Vraw=turbo4 Kshape=[256,256,4,1] Vshape=[256,256,4,1] Keff=bf16 Veff=f16 turbo_kv=1 prefer_native_vec=0 decode=1 dk=0 dv=1 unsafe_vec_after_turbo_v_decode=1 allow_vec=0 kernel=MMA_F16 need_f16_K=1 need_f16_V=0 Knb=[2,2048,512,524288] Vnb=[66,528,132,135168] Keff_nb=[2,2048,512,524288] Veff_nb=[2,2048,512,524288]
CUDA_FA_ROUTE_SUPPORTED kernel=MMA_F16 effK=bf16 effV=f16 supported=1
CUDA_FA_ROUTE_PLAN device=0 Q=[256,256,16,1] Kraw=bf16 Vraw=turbo4 Kshape=[256,256,4,1] Vshape=[256,256,4,1] Keff=bf16 Veff=f16 turbo_kv=1 prefer_native_vec=0 decode=1 dk=0 dv=1 unsafe_vec_after_turbo_v_decode=1 allow_vec=0 kernel=MMA_F16 need_f16_K=1 need_f16_V=0 Knb=[2,2048,512,524288] Vnb=[66,528,132,135168] Keff_nb=[2,2048,512,524288] Veff_nb=[2,2048,512,524288]
CUDA_FA_ROUTE_SUPPORTED kernel=MMA_F16 effK=bf16 effV=f16 supported=1
CUDA_FA_ROUTE_PLAN device=0 Q=[256,256,16,1] Kraw=bf16 Vraw=turbo4 Kshape=[256,256,4,1] Vshape=[256,256,4,1] Keff=bf16 Veff=f16 turbo_kv=1 prefer_native_vec=0 decode=1 dk=0 dv=1 unsafe_vec_after_turbo_v_decode=1 allow_vec=0 kernel=MMA_F16 need_f16_K=1 need_f16_V=0 Knb=[2,2048,512,524288] Vnb=[66,528,132,135168] Keff_nb=[2,2048,512,524288] Veff_nb=[2,2048,512,524288]
CUDA_FA_ROUTE_SUPPORTED kernel=MMA_F16 effK=bf16 effV=f16 supported=1
CUDA_FA_ROUTE_PLAN device=0 Q=[256,256,16,1] Kraw=bf16 Vraw=turbo4 Kshape=[256,256,4,1] Vshape=[256,256,4,1] Keff=bf16 Veff=f16 turbo_kv=1 prefer_native_vec=0 decode=1 dk=0 dv=1 unsafe_vec_after_turbo_v_decode=1 allow_vec=0 kernel=MMA_F16 need_f16_K=1 need_f16_V=0 Knb=[2,2048,512,524288] Vnb=[66,528,132,135168] Keff_nb=[2,2048,512,524288] Veff_nb=[2,2048,512,524288]
CUDA_FA_ROUTE_SUPPORTED kernel=MMA_F16 effK=bf16 effV=f16 supported=1
CUDA_FA_ROUTE_PLAN device=0 Q=[256,256,16,1] Kraw=bf16 Vraw=turbo4 Kshape=[256,256,4,1] Vshape=[256,256,4,1] Keff=bf16 Veff=f16 turbo_kv=1 prefer_native_vec=0 decode=1 dk=0 dv=1 unsafe_vec_after_turbo_v_decode=1 allow_vec=0 kernel=MMA_F16 need_f16_K=1 need_f16_V=0 Knb=[2,2048,512,524288] Vnb=[66,528,132,135168] Keff_nb=[2,2048,512,524288] Veff_nb=[2,2048,512,524288]
CUDA_FA_ROUTE_SUPPORTED kernel=MMA_F16 effK=bf16 effV=f16 supported=1
CUDA_FA_ROUTE_PLAN device=0 Q=[256,256,16,1] Kraw=bf16 Vraw=turbo4 Kshape=[256,256,4,1] Vshape=[256,256,4,1] Keff=bf16 Veff=f16 turbo_kv=1 prefer_native_vec=0 decode=1 dk=0 dv=1 unsafe_vec_after_turbo_v_decode=1 allow_vec=0 kernel=MMA_F16 need_f16_K=1 need_f16_V=0 Knb=[2,2048,512,524288] Vnb=[66,528,132,135168] Keff_nb=[2,2048,512,524288] Veff_nb=[2,2048,512,524288]
CUDA_FA_ROUTE_SUPPORTED kernel=MMA_F16 effK=bf16 effV=f16 supported=1
CUDA_FA_ROUTE_PLAN device=0 Q=[256,256,16,1] Kraw=bf16 Vraw=turbo4 Kshape=[256,256,4,1] Vshape=[256,256,4,1] Keff=bf16 Veff=f16 turbo_kv=1 prefer_native_vec=0 decode=1 dk=0 dv=1 unsafe_vec_after_turbo_v_decode=1 allow_vec=0 kernel=MMA_F16 need_f16_K=1 need_f16_V=0 Knb=[2,2048,512,524288] Vnb=[66,528,132,135168] Keff_nb=[2,2048,512,524288] Veff_nb=[2,2048,512,524288]
CUDA_FA_ROUTE_SUPPORTED kernel=MMA_F16 effK=bf16 effV=f16 supported=1
CUDA_FA_ROUTE_PLAN device=0 Q=[256,256,16,1] Kraw=bf16 Vraw=turbo4 Kshape=[256,256,4,1] Vshape=[256,256,4,1] Keff=bf16 Veff=f16 turbo_kv=1 prefer_native_vec=0 decode=1 dk=0 dv=1 unsafe_vec_after_turbo_v_decode=1 allow_vec=0 kernel=MMA_F16 need_f16_K=1 need_f16_V=0 Knb=[2,2048,512,524288] Vnb=[66,528,132,135168] Keff_nb=[2,2048,512,524288] Veff_nb=[2,2048,512,524288]
CUDA_FA_ROUTE_SUPPORTED kernel=MMA_F16 effK=bf16 effV=f16 supported=1
CUDA_FA_ROUTE_PLAN device=0 Q=[256,256,16,1] Kraw=bf16 Vraw=turbo4 Kshape=[256,256,4,1] Vshape=[256,256,4,1] Keff=bf16 Veff=f16 turbo_kv=1 prefer_native_vec=0 decode=1 dk=0 dv=1 unsafe_vec_after_turbo_v_decode=1 allow_vec=0 kernel=MMA_F16 need_f16_K=1 need_f16_V=0 Knb=[2,2048,512,524288] Vnb=[66,528,132,135168] Keff_nb=[2,2048,512,524288] Veff_nb=[2,2048,512,524288]
CUDA_FA_ROUTE_ALLOC kernel=MMA_F16 need_f16_K=1 need_f16_V=0 workspace_end_offset=4718592 dst_data=(nil) f16_K=0x400000 f16_V=(nil) f16_end=0x480000
CUDA_FA_ROUTE_PLAN device=0 Q=[256,256,16,1] Kraw=bf16 Vraw=turbo4 Kshape=[256,256,4,1] Vshape=[256,256,4,1] Keff=bf16 Veff=f16 turbo_kv=1 prefer_native_vec=0 decode=1 dk=0 dv=1 unsafe_vec_after_turbo_v_decode=1 allow_vec=0 kernel=MMA_F16 need_f16_K=1 need_f16_V=0 Knb=[2,2048,512,524288] Vnb=[66,528,132,135168] Keff_nb=[2,2048,512,524288] Veff_nb=[2,2048,512,524288]
CUDA_FA_ROUTE_ALLOC kernel=MMA_F16 need_f16_K=1 need_f16_V=0 workspace_end_offset=4718592 dst_data=(nil) f16_K=0x400000 f16_V=(nil) f16_end=0x480000
CUDA_FA_ROUTE_PLAN device=0 Q=[256,256,16,1] Kraw=bf16 Vraw=turbo4 Kshape=[256,256,4,1] Vshape=[256,256,4,1] Keff=bf16 Veff=f16 turbo_kv=1 prefer_native_vec=0 decode=1 dk=0 dv=1 unsafe_vec_after_turbo_v_decode=1 allow_vec=0 kernel=MMA_F16 need_f16_K=1 need_f16_V=0 Knb=[2,2048,512,524288] Vnb=[66,528,132,135168] Keff_nb=[2,2048,512,524288] Veff_nb=[2,2048,512,524288]
CUDA_FA_ROUTE_ALLOC kernel=MMA_F16 need_f16_K=1 need_f16_V=0 workspace_end_offset=4718592 dst_data=(nil) f16_K=0x400000 f16_V=(nil) f16_end=0x480000
CUDA_FA_ROUTE_PLAN device=0 Q=[256,256,16,1] Kraw=bf16 Vraw=turbo4 Kshape=[256,256,4,1] Vshape=[256,256,4,1] Keff=bf16 Veff=f16 turbo_kv=1 prefer_native_vec=0 decode=1 dk=0 dv=1 unsafe_vec_after_turbo_v_decode=1 allow_vec=0 kernel=MMA_F16 need_f16_K=1 need_f16_V=0 Knb=[2,2048,512,524288] Vnb=[66,528,132,135168] Keff_nb=[2,2048,512,524288] Veff_nb=[2,2048,512,524288]
CUDA_FA_ROUTE_ALLOC kernel=MMA_F16 need_f16_K=1 need_f16_V=0 workspace_end_offset=4718592 dst_data=(nil) f16_K=0x400000 f16_V=(nil) f16_end=0x480000
CUDA_FA_ROUTE_PLAN device=0 Q=[256,256,16,1] Kraw=bf16 Vraw=turbo4 Kshape=[256,256,4,1] Vshape=[256,256,4,1] Keff=bf16 Veff=f16 turbo_kv=1 prefer_native_vec=0 decode=1 dk=0 dv=1 unsafe_vec_after_turbo_v_decode=1 allow_vec=0 kernel=MMA_F16 need_f16_K=1 need_f16_V=0 Knb=[2,2048,512,524288] Vnb=[66,528,132,135168] Keff_nb=[2,2048,512,524288] Veff_nb=[2,2048,512,524288]
CUDA_FA_ROUTE_ALLOC kernel=MMA_F16 need_f16_K=1 need_f16_V=0 workspace_end_offset=4718592 dst_data=(nil) f16_K=0x400000 f16_V=(nil) f16_end=0x480000
CUDA_FA_ROUTE_PLAN device=0 Q=[256,256,16,1] Kraw=bf16 Vraw=turbo4 Kshape=[256,256,4,1] Vshape=[256,256,4,1] Keff=bf16 Veff=f16 turbo_kv=1 prefer_native_vec=0 decode=1 dk=0 dv=1 unsafe_vec_after_turbo_v_decode=1 allow_vec=0 kernel=MMA_F16 need_f16_K=1 need_f16_V=0 Knb=[2,2048,512,524288] Vnb=[66,528,132,135168] Keff_nb=[2,2048,512,524288] Veff_nb=[2,2048,512,524288]
CUDA_FA_ROUTE_ALLOC kernel=MMA_F16 need_f16_K=1 need_f16_V=0 workspace_end_offset=4718592 dst_data=(nil) f16_K=0x400000 f16_V=(nil) f16_end=0x480000
CUDA_FA_ROUTE_PLAN device=0 Q=[256,256,16,1] Kraw=bf16 Vraw=turbo4 Kshape=[256,256,4,1] Vshape=[256,256,4,1] Keff=bf16 Veff=f16 turbo_kv=1 prefer_native_vec=0 decode=1 dk=0 dv=1 unsafe_vec_after_turbo_v_decode=1 allow_vec=0 kernel=MMA_F16 need_f16_K=1 need_f16_V=0 Knb=[2,2048,512,524288] Vnb=[66,528,132,135168] Keff_nb=[2,2048,512,524288] Veff_nb=[2,2048,512,524288]
CUDA_FA_ROUTE_ALLOC kernel=MMA_F16 need_f16_K=1 need_f16_V=0 workspace_end_offset=4718592 dst_data=(nil) f16_K=0x400000 f16_V=(nil) f16_end=0x480000
CUDA_FA_ROUTE_PLAN device=0 Q=[256,256,16,1] Kraw=bf16 Vraw=turbo4 Kshape=[256,256,4,1] Vshape=[256,256,4,1] Keff=bf16 Veff=f16 turbo_kv=1 prefer_native_vec=0 decode=1 dk=0 dv=1 unsafe_vec_after_turbo_v_decode=1 allow_vec=0 kernel=MMA_F16 need_f16_K=1 need_f16_V=0 Knb=[2,2048,512,524288] Vnb=[66,528,132,135168] Keff_nb=[2,2048,512,524288] Veff_nb=[2,2048,512,524288]
CUDA_FA_ROUTE_ALLOC kernel=MMA_F16 need_f16_K=1 need_f16_V=0 workspace_end_offset=4718592 dst_data=(nil) f16_K=0x400000 f16_V=(nil) f16_end=0x480000
CUDA_FA_ROUTE_PLAN device=0 Q=[256,256,16,1] Kraw=bf16 Vraw=turbo4 Kshape=[256,256,4,1] Vshape=[256,256,4,1] Keff=bf16 Veff=f16 turbo_kv=1 prefer_native_vec=0 decode=1 dk=0 dv=1 unsafe_vec_after_turbo_v_decode=1 allow_vec=0 kernel=MMA_F16 need_f16_K=1 need_f16_V=0 Knb=[2,2048,512,524288] Vnb=[66,528,132,135168] Keff_nb=[2,2048,512,524288] Veff_nb=[2,2048,512,524288]
CUDA_FA_ROUTE_ALLOC kernel=MMA_F16 need_f16_K=1 need_f16_V=0 workspace_end_offset=4718592 dst_data=(nil) f16_K=0x400000 f16_V=(nil) f16_end=0x480000
CUDA_FA_ROUTE_PLAN device=0 Q=[256,256,16,1] Kraw=bf16 Vraw=turbo4 Kshape=[256,256,4,1] Vshape=[256,256,4,1] Keff=bf16 Veff=f16 turbo_kv=1 prefer_native_vec=0 decode=1 dk=0 dv=1 unsafe_vec_after_turbo_v_decode=1 allow_vec=0 kernel=MMA_F16 need_f16_K=1 need_f16_V=0 Knb=[2,2048,512,524288] Vnb=[66,528,132,135168] Keff_nb=[2,2048,512,524288] Veff_nb=[2,2048,512,524288]
CUDA_FA_ROUTE_ALLOC kernel=MMA_F16 need_f16_K=1 need_f16_V=0 workspace_end_offset=4718592 dst_data=(nil) f16_K=0x400000 f16_V=(nil) f16_end=0x480000
CUDA_FA_ROUTE_PLAN device=0 Q=[256,256,16,1] Kraw=bf16 Vraw=turbo4 Kshape=[256,256,4,1] Vshape=[256,256,4,1] Keff=bf16 Veff=f16 turbo_kv=1 prefer_native_vec=0 decode=1 dk=0 dv=1 unsafe_vec_after_turbo_v_decode=1 allow_vec=0 kernel=MMA_F16 need_f16_K=1 need_f16_V=0 Knb=[2,2048,512,524288] Vnb=[66,528,132,135168] Keff_nb=[2,2048,512,524288] Veff_nb=[2,2048,512,524288]
CUDA_FA_ROUTE_ALLOC kernel=MMA_F16 need_f16_K=1 need_f16_V=0 workspace_end_offset=4718592 dst_data=(nil) f16_K=0x400000 f16_V=(nil) f16_end=0x480000
CUDA_FA_ROUTE_PLAN device=0 Q=[256,256,16,1] Kraw=bf16 Vraw=turbo4 Kshape=[256,256,4,1] Vshape=[256,256,4,1] Keff=bf16 Veff=f16 turbo_kv=1 prefer_native_vec=0 decode=1 dk=0 dv=1 unsafe_vec_after_turbo_v_decode=1 allow_vec=0 kernel=MMA_F16 need_f16_K=1 need_f16_V=0 Knb=[2,2048,512,524288] Vnb=[66,528,132,135168] Keff_nb=[2,2048,512,524288] Veff_nb=[2,2048,512,524288]
CUDA_FA_ROUTE_ALLOC kernel=MMA_F16 need_f16_K=1 need_f16_V=0 workspace_end_offset=4718592 dst_data=(nil) f16_K=0x400000 f16_V=(nil) f16_end=0x480000
CUDA_FA_ROUTE_PLAN device=0 Q=[256,256,16,1] Kraw=bf16 Vraw=turbo4 Kshape=[256,256,4,1] Vshape=[256,256,4,1] Keff=bf16 Veff=f16 turbo_kv=1 prefer_native_vec=0 decode=1 dk=0 dv=1 unsafe_vec_after_turbo_v_decode=1 allow_vec=0 kernel=MMA_F16 need_f16_K=1 need_f16_V=0 Knb=[2,2048,512,524288] Vnb=[66,528,132,135168] Keff_nb=[2,2048,512,524288] Veff_nb=[2,2048,512,524288]
CUDA_FA_ROUTE_ALLOC kernel=MMA_F16 need_f16_K=1 need_f16_V=0 workspace_end_offset=4718592 dst_data=(nil) f16_K=0x400000 f16_V=(nil) f16_end=0x480000
CUDA_FA_ROUTE_PLAN device=0 Q=[256,256,16,1] Kraw=bf16 Vraw=turbo4 Kshape=[256,256,4,1] Vshape=[256,256,4,1] Keff=bf16 Veff=f16 turbo_kv=1 prefer_native_vec=0 decode=1 dk=0 dv=1 unsafe_vec_after_turbo_v_decode=1 allow_vec=0 kernel=MMA_F16 need_f16_K=1 need_f16_V=0 Knb=[2,2048,512,524288] Vnb=[66,528,132,135168] Keff_nb=[2,2048,512,524288] Veff_nb=[2,2048,512,524288]
CUDA_FA_ROUTE_ALLOC kernel=MMA_F16 need_f16_K=1 need_f16_V=0 workspace_end_offset=4718592 dst_data=(nil) f16_K=0x400000 f16_V=(nil) f16_end=0x480000
CUDA_FA_ROUTE_PLAN device=0 Q=[256,256,16,1] Kraw=bf16 Vraw=turbo4 Kshape=[256,256,4,1] Vshape=[256,256,4,1] Keff=bf16 Veff=f16 turbo_kv=1 prefer_native_vec=0 decode=1 dk=0 dv=1 unsafe_vec_after_turbo_v_decode=1 allow_vec=0 kernel=MMA_F16 need_f16_K=1 need_f16_V=0 Knb=[2,2048,512,524288] Vnb=[66,528,132,135168] Keff_nb=[2,2048,512,524288] Veff_nb=[2,2048,512,524288]
CUDA_FA_ROUTE_ALLOC kernel=MMA_F16 need_f16_K=1 need_f16_V=0 workspace_end_offset=4718592 dst_data=(nil) f16_K=0x400000 f16_V=(nil) f16_end=0x480000
CUDA_FA_ROUTE_PLAN device=0 Q=[256,256,16,1] Kraw=bf16 Vraw=turbo4 Kshape=[256,256,4,1] Vshape=[256,256,4,1] Keff=bf16 Veff=f16 turbo_kv=1 prefer_native_vec=0 decode=1 dk=0 dv=1 unsafe_vec_after_turbo_v_decode=1 allow_vec=0 kernel=MMA_F16 need_f16_K=1 need_f16_V=0 Knb=[2,2048,512,524288] Vnb=[66,528,132,135168] Keff_nb=[2,2048,512,524288] Veff_nb=[2,2048,512,524288]
CUDA_FA_ROUTE_ALLOC kernel=MMA_F16 need_f16_K=1 need_f16_V=0 workspace_end_offset=4718592 dst_data=(nil) f16_K=0x400000 f16_V=(nil) f16_end=0x480000
CUDA_FA_ROUTE_PLAN device=0 Q=[256,256,16,1] Kraw=bf16 Vraw=turbo4 Kshape=[256,256,4,1] Vshape=[256,256,4,1] Keff=bf16 Veff=f16 turbo_kv=1 prefer_native_vec=0 decode=1 dk=0 dv=1 unsafe_vec_after_turbo_v_decode=1 allow_vec=0 kernel=MMA_F16 need_f16_K=1 need_f16_V=0 Knb=[2,2048,512,524288] Vnb=[66,528,132,135168] Keff_nb=[2,2048,512,524288] Veff_nb=[2,2048,512,524288]
CUDA_FA_ROUTE_ALLOC kernel=MMA_F16 need_f16_K=1 need_f16_V=0 workspace_end_offset=4718592 dst_data=(nil) f16_K=0x400000 f16_V=(nil) f16_end=0x480000
CUDA_FA_ROUTE_PLAN device=0 Q=[256,256,16,1] Kraw=bf16 Vraw=turbo4 Kshape=[256,256,4,1] Vshape=[256,256,4,1] Keff=bf16 Veff=f16 turbo_kv=1 prefer_native_vec=0 decode=1 dk=0 dv=1 unsafe_vec_after_turbo_v_decode=1 allow_vec=0 kernel=MMA_F16 need_f16_K=1 need_f16_V=0 Knb=[2,2048,512,524288] Vnb=[66,528,132,135168] Keff_nb=[2,2048,512,524288] Veff_nb=[2,2048,512,524288]
CUDA_FA_ROUTE_ALLOC kernel=MMA_F16 need_f16_K=1 need_f16_V=0 workspace_end_offset=4718592 dst_data=(nil) f16_K=0x400000 f16_V=(nil) f16_end=0x480000
CUDA_FA_ROUTE_PLAN device=0 Q=[256,256,16,1] Kraw=bf16 Vraw=turbo4 Kshape=[256,256,4,1] Vshape=[256,256,4,1] Keff=bf16 Veff=f16 turbo_kv=1 prefer_native_vec=0 decode=1 dk=0 dv=1 unsafe_vec_after_turbo_v_decode=1 allow_vec=0 kernel=MMA_F16 need_f16_K=1 need_f16_V=0 Knb=[2,2048,512,524288] Vnb=[66,528,132,135168] Keff_nb=[2,2048,512,524288] Veff_nb=[2,2048,512,524288]
CUDA_FA_ROUTE_ALLOC kernel=MMA_F16 need_f16_K=1 need_f16_V=0 workspace_end_offset=4718592 dst_data=(nil) f16_K=0x400000 f16_V=(nil) f16_end=0x480000
CUDA_FA_ROUTE_PLAN device=0 Q=[256,256,16,1] Kraw=bf16 Vraw=turbo4 Kshape=[256,256,4,1] Vshape=[256,256,4,1] Keff=bf16 Veff=f16 turbo_kv=1 prefer_native_vec=0 decode=1 dk=0 dv=1 unsafe_vec_after_turbo_v_decode=1 allow_vec=0 kernel=MMA_F16 need_f16_K=1 need_f16_V=0 Knb=[2,2048,512,524288] Vnb=[66,528,132,135168] Keff_nb=[2,2048,512,524288] Veff_nb=[2,2048,512,524288]
CUDA_FA_ROUTE_ALLOC kernel=MMA_F16 need_f16_K=1 need_f16_V=0 workspace_end_offset=4718592 dst_data=(nil) f16_K=0x400000 f16_V=(nil) f16_end=0x480000
CUDA_FA_ROUTE_PLAN device=0 Q=[256,256,16,1] Kraw=bf16 Vraw=turbo4 Kshape=[256,256,4,1] Vshape=[256,256,4,1] Keff=bf16 Veff=f16 turbo_kv=1 prefer_native_vec=0 decode=1 dk=0 dv=1 unsafe_vec_after_turbo_v_decode=1 allow_vec=0 kernel=MMA_F16 need_f16_K=1 need_f16_V=0 Knb=[2,2048,512,524288] Vnb=[66,528,132,135168] Keff_nb=[2,2048,512,524288] Veff_nb=[2,2048,512,524288]
CUDA_FA_ROUTE_ALLOC kernel=MMA_F16 need_f16_K=1 need_f16_V=0 workspace_end_offset=4718592 dst_data=(nil) f16_K=0x400000 f16_V=(nil) f16_end=0x480000
CUDA_FA_ROUTE_PLAN device=0 Q=[256,256,16,1] Kraw=bf16 Vraw=turbo4 Kshape=[256,256,4,1] Vshape=[256,256,4,1] Keff=bf16 Veff=f16 turbo_kv=1 prefer_native_vec=0 decode=1 dk=0 dv=1 unsafe_vec_after_turbo_v_decode=1 allow_vec=0 kernel=MMA_F16 need_f16_K=1 need_f16_V=0 Knb=[2,2048,512,524288] Vnb=[66,528,132,135168] Keff_nb=[2,2048,512,524288] Veff_nb=[2,2048,512,524288]
CUDA_FA_ROUTE_ALLOC kernel=MMA_F16 need_f16_K=1 need_f16_V=0 workspace_end_offset=4718592 dst_data=(nil) f16_K=0x400000 f16_V=(nil) f16_end=0x480000
CUDA_FA_ROUTE_PLAN device=0 Q=[256,256,16,1] Kraw=bf16 Vraw=turbo4 Kshape=[256,256,4,1] Vshape=[256,256,4,1] Keff=bf16 Veff=f16 turbo_kv=1 prefer_native_vec=0 decode=1 dk=0 dv=1 unsafe_vec_after_turbo_v_decode=1 allow_vec=0 kernel=MMA_F16 need_f16_K=1 need_f16_V=0 Knb=[2,2048,512,524288] Vnb=[66,528,132,135168] Keff_nb=[2,2048,512,524288] Veff_nb=[2,2048,512,524288]
CUDA_FA_ROUTE_ALLOC kernel=MMA_F16 need_f16_K=1 need_f16_V=0 workspace_end_offset=4718592 dst_data=(nil) f16_K=0x400000 f16_V=(nil) f16_end=0x480000
CUDA_FA_ROUTE_PLAN device=0 Q=[256,256,16,1] Kraw=bf16 Vraw=turbo4 Kshape=[256,256,4,1] Vshape=[256,256,4,1] Keff=bf16 Veff=f16 turbo_kv=1 prefer_native_vec=0 decode=1 dk=0 dv=1 unsafe_vec_after_turbo_v_decode=1 allow_vec=0 kernel=MMA_F16 need_f16_K=1 need_f16_V=0 Knb=[2,2048,512,524288] Vnb=[66,528,132,135168] Keff_nb=[2,2048,512,524288] Veff_nb=[2,2048,512,524288]
CUDA_FA_ROUTE_ALLOC kernel=MMA_F16 need_f16_K=1 need_f16_V=0 workspace_end_offset=4718592 dst_data=(nil) f16_K=0x400000 f16_V=(nil) f16_end=0x480000
CUDA_FA_ROUTE_PLAN device=0 Q=[256,256,16,1] Kraw=bf16 Vraw=turbo4 Kshape=[256,256,4,1] Vshape=[256,256,4,1] Keff=bf16 Veff=f16 turbo_kv=1 prefer_native_vec=0 decode=1 dk=0 dv=1 unsafe_vec_after_turbo_v_decode=1 allow_vec=0 kernel=MMA_F16 need_f16_K=1 need_f16_V=0 Knb=[2,2048,512,524288] Vnb=[66,528,132,135168] Keff_nb=[2,2048,512,524288] Veff_nb=[2,2048,512,524288]
CUDA_FA_ROUTE_ALLOC kernel=MMA_F16 need_f16_K=1 need_f16_V=0 workspace_end_offset=4718592 dst_data=(nil) f16_K=0x400000 f16_V=(nil) f16_end=0x480000
CUDA_FA_ROUTE_PLAN device=0 Q=[256,256,16,1] Kraw=bf16 Vraw=turbo4 Kshape=[256,256,4,1] Vshape=[256,256,4,1] Keff=bf16 Veff=f16 turbo_kv=1 prefer_native_vec=0 decode=1 dk=0 dv=1 unsafe_vec_after_turbo_v_decode=1 allow_vec=0 kernel=MMA_F16 need_f16_K=1 need_f16_V=0 Knb=[2,2048,512,524288] Vnb=[66,528,132,135168] Keff_nb=[2,2048,512,524288] Veff_nb=[2,2048,512,524288]
CUDA_FA_ROUTE_ALLOC kernel=MMA_F16 need_f16_K=1 need_f16_V=0 workspace_end_offset=4718592 dst_data=(nil) f16_K=0x400000 f16_V=(nil) f16_end=0x480000
CUDA_FA_ROUTE_PLAN device=0 Q=[256,256,16,1] Kraw=bf16 Vraw=turbo4 Kshape=[256,256,4,1] Vshape=[256,256,4,1] Keff=bf16 Veff=f16 turbo_kv=1 prefer_native_vec=0 decode=1 dk=0 dv=1 unsafe_vec_after_turbo_v_decode=1 allow_vec=0 kernel=MMA_F16 need_f16_K=1 need_f16_V=0 Knb=[2,2048,512,524288] Vnb=[66,528,132,135168] Keff_nb=[2,2048,512,524288] Veff_nb=[2,2048,512,524288]
CUDA_FA_ROUTE_ALLOC kernel=MMA_F16 need_f16_K=1 need_f16_V=0 workspace_end_offset=4718592 dst_data=(nil) f16_K=0x400000 f16_V=(nil) f16_end=0x480000
CUDA_FA_ROUTE_PLAN device=0 Q=[256,256,16,1] Kraw=bf16 Vraw=turbo4 Kshape=[256,256,4,1] Vshape=[256,256,4,1] Keff=bf16 Veff=f16 turbo_kv=1 prefer_native_vec=0 decode=1 dk=0 dv=1 unsafe_vec_after_turbo_v_decode=1 allow_vec=0 kernel=MMA_F16 need_f16_K=1 need_f16_V=0 Knb=[2,2048,512,524288] Vnb=[66,528,132,135168] Keff_nb=[2,2048,512,524288] Veff_nb=[2,2048,512,524288]
CUDA_FA_ROUTE_ALLOC kernel=MMA_F16 need_f16_K=1 need_f16_V=0 workspace_end_offset=4718592 dst_data=(nil) f16_K=0x400000 f16_V=(nil) f16_end=0x480000
CUDA_FA_ROUTE_PLAN device=0 Q=[256,256,16,1] Kraw=bf16 Vraw=turbo4 Kshape=[256,256,4,1] Vshape=[256,256,4,1] Keff=bf16 Veff=f16 turbo_kv=1 prefer_native_vec=0 decode=1 dk=0 dv=1 unsafe_vec_after_turbo_v_decode=1 allow_vec=0 kernel=MMA_F16 need_f16_K=1 need_f16_V=0 Knb=[2,2048,512,524288] Vnb=[66,528,132,135168] Keff_nb=[2,2048,512,524288] Veff_nb=[2,2048,512,524288]
CUDA_FA_ROUTE_ALLOC kernel=MMA_F16 need_f16_K=1 need_f16_V=0 workspace_end_offset=4718592 dst_data=(nil) f16_K=0x400000 f16_V=(nil) f16_end=0x480000
CUDA_FA_ROUTE_PLAN device=0 Q=[256,256,16,1] Kraw=bf16 Vraw=turbo4 Kshape=[256,256,4,1] Vshape=[256,256,4,1] Keff=bf16 Veff=f16 turbo_kv=1 prefer_native_vec=0 decode=1 dk=0 dv=1 unsafe_vec_after_turbo_v_decode=1 allow_vec=0 kernel=MMA_F16 need_f16_K=1 need_f16_V=0 Knb=[2,2048,512,524288] Vnb=[66,528,132,135168] Keff_nb=[2,2048,512,524288] Veff_nb=[2,2048,512,524288]
CUDA_FA_ROUTE_ALLOC kernel=MMA_F16 need_f16_K=1 need_f16_V=0 workspace_end_offset=4718592 dst_data=(nil) f16_K=0x400000 f16_V=(nil) f16_end=0x480000
CUDA_FA_ROUTE_PLAN device=0 Q=[256,256,16,1] Kraw=bf16 Vraw=turbo4 Kshape=[256,256,4,1] Vshape=[256,256,4,1] Keff=bf16 Veff=f16 turbo_kv=1 prefer_native_vec=0 decode=1 dk=0 dv=1 unsafe_vec_after_turbo_v_decode=1 allow_vec=0 kernel=MMA_F16 need_f16_K=1 need_f16_V=0 Knb=[2,2048,512,524288] Vnb=[66,528,132,135168] Keff_nb=[2,2048,512,524288] Veff_nb=[2,2048,512,524288]
CUDA_FA_ROUTE_ALLOC kernel=MMA_F16 need_f16_K=1 need_f16_V=0 workspace_end_offset=4718592 dst_data=(nil) f16_K=0x400000 f16_V=(nil) f16_end=0x480000
CUDA_FA_ROUTE_PLAN device=0 Q=[256,256,16,1] Kraw=bf16 Vraw=turbo4 Kshape=[256,256,4,1] Vshape=[256,256,4,1] Keff=bf16 Veff=f16 turbo_kv=1 prefer_native_vec=0 decode=1 dk=0 dv=1 unsafe_vec_after_turbo_v_decode=1 allow_vec=0 kernel=MMA_F16 need_f16_K=1 need_f16_V=0 Knb=[2,2048,512,524288] Vnb=[66,528,132,135168] Keff_nb=[2,2048,512,524288] Veff_nb=[2,2048,512,524288]
CUDA_FA_ROUTE_ALLOC kernel=MMA_F16 need_f16_K=1 need_f16_V=0 workspace_end_offset=4718592 dst_data=(nil) f16_K=0x400000 f16_V=(nil) f16_end=0x480000
CUDA_FA_ROUTE_PLAN device=0 Q=[256,1,16,1] Kraw=bf16 Vraw=turbo4 Kshape=[256,256,4,1] Vshape=[256,256,4,1] Keff=bf16 Veff=f16 turbo_kv=1 prefer_native_vec=0 decode=1 dk=0 dv=1 unsafe_vec_after_turbo_v_decode=1 allow_vec=0 kernel=MMA_F16 need_f16_K=1 need_f16_V=0 Knb=[2,2048,512,524288] Vnb=[66,528,132,135168] Keff_nb=[2,2048,512,524288] Veff_nb=[2,2048,512,524288]
CUDA_FA_ROUTE_SUPPORTED kernel=MMA_F16 effK=bf16 effV=f16 supported=1
CUDA_FA_ROUTE_PLAN device=0 Q=[256,1,16,1] Kraw=bf16 Vraw=turbo4 Kshape=[256,256,4,1] Vshape=[256,256,4,1] Keff=bf16 Veff=f16 turbo_kv=1 prefer_native_vec=0 decode=1 dk=0 dv=1 unsafe_vec_after_turbo_v_decode=1 allow_vec=0 kernel=MMA_F16 need_f16_K=1 need_f16_V=0 Knb=[2,2048,512,524288] Vnb=[66,528,132,135168] Keff_nb=[2,2048,512,524288] Veff_nb=[2,2048,512,524288]
CUDA_FA_ROUTE_SUPPORTED kernel=MMA_F16 effK=bf16 effV=f16 supported=1
CUDA_FA_ROUTE_PLAN device=0 Q=[256,1,16,1] Kraw=bf16 Vraw=turbo4 Kshape=[256,256,4,1] Vshape=[256,256,4,1] Keff=bf16 Veff=f16 turbo_kv=1 prefer_native_vec=0 decode=1 dk=0 dv=1 unsafe_vec_after_turbo_v_decode=1 allow_vec=0 kernel=MMA_F16 need_f16_K=1 need_f16_V=0 Knb=[2,2048,512,524288] Vnb=[66,528,132,135168] Keff_nb=[2,2048,512,524288] Veff_nb=[2,2048,512,524288]
CUDA_FA_ROUTE_SUPPORTED kernel=MMA_F16 effK=bf16 effV=f16 supported=1
CUDA_FA_ROUTE_PLAN device=0 Q=[256,1,16,1] Kraw=bf16 Vraw=turbo4 Kshape=[256,256,4,1] Vshape=[256,256,4,1] Keff=bf16 Veff=f16 turbo_kv=1 prefer_native_vec=0 decode=1 dk=0 dv=1 unsafe_vec_after_turbo_v_decode=1 allow_vec=0 kernel=MMA_F16 need_f16_K=1 need_f16_V=0 Knb=[2,2048,512,524288] Vnb=[66,528,132,135168] Keff_nb=[2,2048,512,524288] Veff_nb=[2,2048,512,524288]
CUDA_FA_ROUTE_SUPPORTED kernel=MMA_F16 effK=bf16 effV=f16 supported=1
CUDA_FA_ROUTE_PLAN device=0 Q=[256,1,16,1] Kraw=bf16 Vraw=turbo4 Kshape=[256,256,4,1] Vshape=[256,256,4,1] Keff=bf16 Veff=f16 turbo_kv=1 prefer_native_vec=0 decode=1 dk=0 dv=1 unsafe_vec_after_turbo_v_decode=1 allow_vec=0 kernel=MMA_F16 need_f16_K=1 need_f16_V=0 Knb=[2,2048,512,524288] Vnb=[66,528,132,135168] Keff_nb=[2,2048,512,524288] Veff_nb=[2,2048,512,524288]
CUDA_FA_ROUTE_SUPPORTED kernel=MMA_F16 effK=bf16 effV=f16 supported=1
CUDA_FA_ROUTE_PLAN device=0 Q=[256,1,16,1] Kraw=bf16 Vraw=turbo4 Kshape=[256,256,4,1] Vshape=[256,256,4,1] Keff=bf16 Veff=f16 turbo_kv=1 prefer_native_vec=0 decode=1 dk=0 dv=1 unsafe_vec_after_turbo_v_decode=1 allow_vec=0 kernel=MMA_F16 need_f16_K=1 need_f16_V=0 Knb=[2,2048,512,524288] Vnb=[66,528,132,135168] Keff_nb=[2,2048,512,524288] Veff_nb=[2,2048,512,524288]
CUDA_FA_ROUTE_SUPPORTED kernel=MMA_F16 effK=bf16 effV=f16 supported=1
CUDA_FA_ROUTE_PLAN device=0 Q=[256,1,16,1] Kraw=bf16 Vraw=turbo4 Kshape=[256,256,4,1] Vshape=[256,256,4,1] Keff=bf16 Veff=f16 turbo_kv=1 prefer_native_vec=0 decode=1 dk=0 dv=1 unsafe_vec_after_turbo_v_decode=1 allow_vec=0 kernel=MMA_F16 need_f16_K=1 need_f16_V=0 Knb=[2,2048,512,524288] Vnb=[66,528,132,135168] Keff_nb=[2,2048,512,524288] Veff_nb=[2,2048,512,524288]
CUDA_FA_ROUTE_SUPPORTED kernel=MMA_F16 effK=bf16 effV=f16 supported=1
CUDA_FA_ROUTE_PLAN device=0 Q=[256,1,16,1] Kraw=bf16 Vraw=turbo4 Kshape=[256,256,4,1] Vshape=[256,256,4,1] Keff=bf16 Veff=f16 turbo_kv=1 prefer_native_vec=0 decode=1 dk=0 dv=1 unsafe_vec_after_turbo_v_decode=1 allow_vec=0 kernel=MMA_F16 need_f16_K=1 need_f16_V=0 Knb=[2,2048,512,524288] Vnb=[66,528,132,135168] Keff_nb=[2,2048,512,524288] Veff_nb=[2,2048,512,524288]
CUDA_FA_ROUTE_SUPPORTED kernel=MMA_F16 effK=bf16 effV=f16 supported=1
CUDA_FA_ROUTE_PLAN device=0 Q=[256,256,16,1] Kraw=bf16 Vraw=turbo4 Kshape=[256,256,4,1] Vshape=[256,256,4,1] Keff=bf16 Veff=f16 turbo_kv=1 prefer_native_vec=0 decode=1 dk=0 dv=1 unsafe_vec_after_turbo_v_decode=1 allow_vec=0 kernel=MMA_F16 need_f16_K=1 need_f16_V=0 Knb=[2,2048,512,524288] Vnb=[66,528,132,135168] Keff_nb=[2,2048,512,524288] Veff_nb=[2,2048,512,524288]
CUDA_FA_ROUTE_SUPPORTED kernel=MMA_F16 effK=bf16 effV=f16 supported=1
CUDA_FA_ROUTE_PLAN device=0 Q=[256,256,16,1] Kraw=bf16 Vraw=turbo4 Kshape=[256,256,4,1] Vshape=[256,256,4,1] Keff=bf16 Veff=f16 turbo_kv=1 prefer_native_vec=0 decode=1 dk=0 dv=1 unsafe_vec_after_turbo_v_decode=1 allow_vec=0 kernel=MMA_F16 need_f16_K=1 need_f16_V=0 Knb=[2,2048,512,524288] Vnb=[66,528,132,135168] Keff_nb=[2,2048,512,524288] Veff_nb=[2,2048,512,524288]
CUDA_FA_ROUTE_SUPPORTED kernel=MMA_F16 effK=bf16 effV=f16 supported=1
CUDA_FA_ROUTE_PLAN device=0 Q=[256,256,16,1] Kraw=bf16 Vraw=turbo4 Kshape=[256,256,4,1] Vshape=[256,256,4,1] Keff=bf16 Veff=f16 turbo_kv=1 prefer_native_vec=0 decode=1 dk=0 dv=1 unsafe_vec_after_turbo_v_decode=1 allow_vec=0 kernel=MMA_F16 need_f16_K=1 need_f16_V=0 Knb=[2,2048,512,524288] Vnb=[66,528,132,135168] Keff_nb=[2,2048,512,524288] Veff_nb=[2,2048,512,524288]
CUDA_FA_ROUTE_SUPPORTED kernel=MMA_F16 effK=bf16 effV=f16 supported=1
CUDA_FA_ROUTE_PLAN device=0 Q=[256,256,16,1] Kraw=bf16 Vraw=turbo4 Kshape=[256,256,4,1] Vshape=[256,256,4,1] Keff=bf16 Veff=f16 turbo_kv=1 prefer_native_vec=0 decode=1 dk=0 dv=1 unsafe_vec_after_turbo_v_decode=1 allow_vec=0 kernel=MMA_F16 need_f16_K=1 need_f16_V=0 Knb=[2,2048,512,524288] Vnb=[66,528,132,135168] Keff_nb=[2,2048,512,524288] Veff_nb=[2,2048,512,524288]
CUDA_FA_ROUTE_SUPPORTED kernel=MMA_F16 effK=bf16 effV=f16 supported=1
CUDA_FA_ROUTE_PLAN device=0 Q=[256,256,16,1] Kraw=bf16 Vraw=turbo4 Kshape=[256,256,4,1] Vshape=[256,256,4,1] Keff=bf16 Veff=f16 turbo_kv=1 prefer_native_vec=0 decode=1 dk=0 dv=1 unsafe_vec_after_turbo_v_decode=1 allow_vec=0 kernel=MMA_F16 need_f16_K=1 need_f16_V=0 Knb=[2,2048,512,524288] Vnb=[66,528,132,135168] Keff_nb=[2,2048,512,524288] Veff_nb=[2,2048,512,524288]
CUDA_FA_ROUTE_SUPPORTED kernel=MMA_F16 effK=bf16 effV=f16 supported=1
CUDA_FA_ROUTE_PLAN device=0 Q=[256,256,16,1] Kraw=bf16 Vraw=turbo4 Kshape=[256,256,4,1] Vshape=[256,256,4,1] Keff=bf16 Veff=f16 turbo_kv=1 prefer_native_vec=0 decode=1 dk=0 dv=1 unsafe_vec_after_turbo_v_decode=1 allow_vec=0 kernel=MMA_F16 need_f16_K=1 need_f16_V=0 Knb=[2,2048,512,524288] Vnb=[66,528,132,135168] Keff_nb=[2,2048,512,524288] Veff_nb=[2,2048,512,524288]
CUDA_FA_ROUTE_SUPPORTED kernel=MMA_F16 effK=bf16 effV=f16 supported=1
CUDA_FA_ROUTE_PLAN device=0 Q=[256,256,16,1] Kraw=bf16 Vraw=turbo4 Kshape=[256,256,4,1] Vshape=[256,256,4,1] Keff=bf16 Veff=f16 turbo_kv=1 prefer_native_vec=0 decode=1 dk=0 dv=1 unsafe_vec_after_turbo_v_decode=1 allow_vec=0 kernel=MMA_F16 need_f16_K=1 need_f16_V=0 Knb=[2,2048,512,524288] Vnb=[66,528,132,135168] Keff_nb=[2,2048,512,524288] Veff_nb=[2,2048,512,524288]
CUDA_FA_ROUTE_SUPPORTED kernel=MMA_F16 effK=bf16 effV=f16 supported=1
CUDA_FA_ROUTE_PLAN device=0 Q=[256,256,16,1] Kraw=bf16 Vraw=turbo4 Kshape=[256,256,4,1] Vshape=[256,256,4,1] Keff=bf16 Veff=f16 turbo_kv=1 prefer_native_vec=0 decode=1 dk=0 dv=1 unsafe_vec_after_turbo_v_decode=1 allow_vec=0 kernel=MMA_F16 need_f16_K=1 need_f16_V=0 Knb=[2,2048,512,524288] Vnb=[66,528,132,135168] Keff_nb=[2,2048,512,524288] Veff_nb=[2,2048,512,524288]
CUDA_FA_ROUTE_SUPPORTED kernel=MMA_F16 effK=bf16 effV=f16 supported=1
CUDA_FA_ROUTE_PLAN device=0 Q=[256,1,16,1] Kraw=bf16 Vraw=turbo4 Kshape=[256,256,4,1] Vshape=[256,256,4,1] Keff=bf16 Veff=f16 turbo_kv=1 prefer_native_vec=0 decode=1 dk=0 dv=1 unsafe_vec_after_turbo_v_decode=1 allow_vec=0 kernel=MMA_F16 need_f16_K=1 need_f16_V=0 Knb=[2,2048,512,524288] Vnb=[66,528,132,135168] Keff_nb=[2,2048,512,524288] Veff_nb=[2,2048,512,524288]
CUDA_FA_ROUTE_SUPPORTED kernel=MMA_F16 effK=bf16 effV=f16 supported=1
CUDA_FA_ROUTE_PLAN device=0 Q=[256,1,16,1] Kraw=bf16 Vraw=turbo4 Kshape=[256,256,4,1] Vshape=[256,256,4,1] Keff=bf16 Veff=f16 turbo_kv=1 prefer_native_vec=0 decode=1 dk=0 dv=1 unsafe_vec_after_turbo_v_decode=1 allow_vec=0 kernel=MMA_F16 need_f16_K=1 need_f16_V=0 Knb=[2,2048,512,524288] Vnb=[66,528,132,135168] Keff_nb=[2,2048,512,524288] Veff_nb=[2,2048,512,524288]
CUDA_FA_ROUTE_SUPPORTED kernel=MMA_F16 effK=bf16 effV=f16 supported=1
CUDA_FA_ROUTE_PLAN device=0 Q=[256,1,16,1] Kraw=bf16 Vraw=turbo4 Kshape=[256,256,4,1] Vshape=[256,256,4,1] Keff=bf16 Veff=f16 turbo_kv=1 prefer_native_vec=0 decode=1 dk=0 dv=1 unsafe_vec_after_turbo_v_decode=1 allow_vec=0 kernel=MMA_F16 need_f16_K=1 need_f16_V=0 Knb=[2,2048,512,524288] Vnb=[66,528,132,135168] Keff_nb=[2,2048,512,524288] Veff_nb=[2,2048,512,524288]
CUDA_FA_ROUTE_SUPPORTED kernel=MMA_F16 effK=bf16 effV=f16 supported=1
CUDA_FA_ROUTE_PLAN device=0 Q=[256,1,16,1] Kraw=bf16 Vraw=turbo4 Kshape=[256,256,4,1] Vshape=[256,256,4,1] Keff=bf16 Veff=f16 turbo_kv=1 prefer_native_vec=0 decode=1 dk=0 dv=1 unsafe_vec_after_turbo_v_decode=1 allow_vec=0 kernel=MMA_F16 need_f16_K=1 need_f16_V=0 Knb=[2,2048,512,524288] Vnb=[66,528,132,135168] Keff_nb=[2,2048,512,524288] Veff_nb=[2,2048,512,524288]
CUDA_FA_ROUTE_SUPPORTED kernel=MMA_F16 effK=bf16 effV=f16 supported=1
CUDA_FA_ROUTE_PLAN device=0 Q=[256,1,16,1] Kraw=bf16 Vraw=turbo4 Kshape=[256,256,4,1] Vshape=[256,256,4,1] Keff=bf16 Veff=f16 turbo_kv=1 prefer_native_vec=0 decode=1 dk=0 dv=1 unsafe_vec_after_turbo_v_decode=1 allow_vec=0 kernel=MMA_F16 need_f16_K=1 need_f16_V=0 Knb=[2,2048,512,524288] Vnb=[66,528,132,135168] Keff_nb=[2,2048,512,524288] Veff_nb=[2,2048,512,524288]
CUDA_FA_ROUTE_SUPPORTED kernel=MMA_F16 effK=bf16 effV=f16 supported=1
CUDA_FA_ROUTE_PLAN device=0 Q=[256,1,16,1] Kraw=bf16 Vraw=turbo4 Kshape=[256,256,4,1] Vshape=[256,256,4,1] Keff=bf16 Veff=f16 turbo_kv=1 prefer_native_vec=0 decode=1 dk=0 dv=1 unsafe_vec_after_turbo_v_decode=1 allow_vec=0 kernel=MMA_F16 need_f16_K=1 need_f16_V=0 Knb=[2,2048,512,524288] Vnb=[66,528,132,135168] Keff_nb=[2,2048,512,524288] Veff_nb=[2,2048,512,524288]
CUDA_FA_ROUTE_SUPPORTED kernel=MMA_F16 effK=bf16 effV=f16 supported=1
CUDA_FA_ROUTE_PLAN device=0 Q=[256,1,16,1] Kraw=bf16 Vraw=turbo4 Kshape=[256,256,4,1] Vshape=[256,256,4,1] Keff=bf16 Veff=f16 turbo_kv=1 prefer_native_vec=0 decode=1 dk=0 dv=1 unsafe_vec_after_turbo_v_decode=1 allow_vec=0 kernel=MMA_F16 need_f16_K=1 need_f16_V=0 Knb=[2,2048,512,524288] Vnb=[66,528,132,135168] Keff_nb=[2,2048,512,524288] Veff_nb=[2,2048,512,524288]
CUDA_FA_ROUTE_SUPPORTED kernel=MMA_F16 effK=bf16 effV=f16 supported=1
CUDA_FA_ROUTE_PLAN device=0 Q=[256,1,16,1] Kraw=bf16 Vraw=turbo4 Kshape=[256,256,4,1] Vshape=[256,256,4,1] Keff=bf16 Veff=f16 turbo_kv=1 prefer_native_vec=0 decode=1 dk=0 dv=1 unsafe_vec_after_turbo_v_decode=1 allow_vec=0 kernel=MMA_F16 need_f16_K=1 need_f16_V=0 Knb=[2,2048,512,524288] Vnb=[66,528,132,135168] Keff_nb=[2,2048,512,524288] Veff_nb=[2,2048,512,524288]
CUDA_FA_ROUTE_SUPPORTED kernel=MMA_F16 effK=bf16 effV=f16 supported=1
CUDA_FA_ROUTE_PLAN device=0 Q=[256,16,16,1] Kraw=bf16 Vraw=turbo4 Kshape=[256,256,4,1] Vshape=[256,256,4,1] Keff=bf16 Veff=f16 turbo_kv=1 prefer_native_vec=0 decode=1 dk=0 dv=1 unsafe_vec_after_turbo_v_decode=1 allow_vec=0 kernel=MMA_F16 need_f16_K=1 need_f16_V=0 Knb=[2,2048,512,524288] Vnb=[66,528,132,135168] Keff_nb=[2,2048,512,524288] Veff_nb=[2,2048,512,524288]
CUDA_FA_ROUTE_SUPPORTED kernel=MMA_F16 effK=bf16 effV=f16 supported=1
CUDA_FA_ROUTE_PLAN device=0 Q=[256,16,16,1] Kraw=bf16 Vraw=turbo4 Kshape=[256,256,4,1] Vshape=[256,256,4,1] Keff=bf16 Veff=f16 turbo_kv=1 prefer_native_vec=0 decode=1 dk=0 dv=1 unsafe_vec_after_turbo_v_decode=1 allow_vec=0 kernel=MMA_F16 need_f16_K=1 need_f16_V=0 Knb=[2,2048,512,524288] Vnb=[66,528,132,135168] Keff_nb=[2,2048,512,524288] Veff_nb=[2,2048,512,524288]
CUDA_FA_ROUTE_SUPPORTED kernel=MMA_F16 effK=bf16 effV=f16 supported=1
CUDA_FA_ROUTE_PLAN device=0 Q=[256,16,16,1] Kraw=bf16 Vraw=turbo4 Kshape=[256,256,4,1] Vshape=[256,256,4,1] Keff=bf16 Veff=f16 turbo_kv=1 prefer_native_vec=0 decode=1 dk=0 dv=1 unsafe_vec_after_turbo_v_decode=1 allow_vec=0 kernel=MMA_F16 need_f16_K=1 need_f16_V=0 Knb=[2,2048,512,524288] Vnb=[66,528,132,135168] Keff_nb=[2,2048,512,524288] Veff_nb=[2,2048,512,524288]
CUDA_FA_ROUTE_SUPPORTED kernel=MMA_F16 effK=bf16 effV=f16 supported=1
CUDA_FA_ROUTE_PLAN device=0 Q=[256,16,16,1] Kraw=bf16 Vraw=turbo4 Kshape=[256,256,4,1] Vshape=[256,256,4,1] Keff=bf16 Veff=f16 turbo_kv=1 prefer_native_vec=0 decode=1 dk=0 dv=1 unsafe_vec_after_turbo_v_decode=1 allow_vec=0 kernel=MMA_F16 need_f16_K=1 need_f16_V=0 Knb=[2,2048,512,524288] Vnb=[66,528,132,135168] Keff_nb=[2,2048,512,524288] Veff_nb=[2,2048,512,524288]
CUDA_FA_ROUTE_SUPPORTED kernel=MMA_F16 effK=bf16 effV=f16 supported=1
CUDA_FA_ROUTE_PLAN device=0 Q=[256,16,16,1] Kraw=bf16 Vraw=turbo4 Kshape=[256,256,4,1] Vshape=[256,256,4,1] Keff=bf16 Veff=f16 turbo_kv=1 prefer_native_vec=0 decode=1 dk=0 dv=1 unsafe_vec_after_turbo_v_decode=1 allow_vec=0 kernel=MMA_F16 need_f16_K=1 need_f16_V=0 Knb=[2,2048,512,524288] Vnb=[66,528,132,135168] Keff_nb=[2,2048,512,524288] Veff_nb=[2,2048,512,524288]
CUDA_FA_ROUTE_SUPPORTED kernel=MMA_F16 effK=bf16 effV=f16 supported=1
CUDA_FA_ROUTE_PLAN device=0 Q=[256,16,16,1] Kraw=bf16 Vraw=turbo4 Kshape=[256,256,4,1] Vshape=[256,256,4,1] Keff=bf16 Veff=f16 turbo_kv=1 prefer_native_vec=0 decode=1 dk=0 dv=1 unsafe_vec_after_turbo_v_decode=1 allow_vec=0 kernel=MMA_F16 need_f16_K=1 need_f16_V=0 Knb=[2,2048,512,524288] Vnb=[66,528,132,135168] Keff_nb=[2,2048,512,524288] Veff_nb=[2,2048,512,524288]
CUDA_FA_ROUTE_SUPPORTED kernel=MMA_F16 effK=bf16 effV=f16 supported=1
CUDA_FA_ROUTE_PLAN device=0 Q=[256,16,16,1] Kraw=bf16 Vraw=turbo4 Kshape=[256,256,4,1] Vshape=[256,256,4,1] Keff=bf16 Veff=f16 turbo_kv=1 prefer_native_vec=0 decode=1 dk=0 dv=1 unsafe_vec_after_turbo_v_decode=1 allow_vec=0 kernel=MMA_F16 need_f16_K=1 need_f16_V=0 Knb=[2,2048,512,524288] Vnb=[66,528,132,135168] Keff_nb=[2,2048,512,524288] Veff_nb=[2,2048,512,524288]
CUDA_FA_ROUTE_SUPPORTED kernel=MMA_F16 effK=bf16 effV=f16 supported=1
CUDA_FA_ROUTE_PLAN device=0 Q=[256,16,16,1] Kraw=bf16 Vraw=turbo4 Kshape=[256,256,4,1] Vshape=[256,256,4,1] Keff=bf16 Veff=f16 turbo_kv=1 prefer_native_vec=0 decode=1 dk=0 dv=1 unsafe_vec_after_turbo_v_decode=1 allow_vec=0 kernel=MMA_F16 need_f16_K=1 need_f16_V=0 Knb=[2,2048,512,524288] Vnb=[66,528,132,135168] Keff_nb=[2,2048,512,524288] Veff_nb=[2,2048,512,524288]
CUDA_FA_ROUTE_SUPPORTED kernel=MMA_F16 effK=bf16 effV=f16 supported=1
CUDA_FA_ROUTE_PLAN device=0 Q=[256,1,16,1] Kraw=bf16 Vraw=turbo4 Kshape=[256,256,4,1] Vshape=[256,256,4,1] Keff=bf16 Veff=f16 turbo_kv=1 prefer_native_vec=0 decode=1 dk=0 dv=1 unsafe_vec_after_turbo_v_decode=1 allow_vec=0 kernel=MMA_F16 need_f16_K=1 need_f16_V=0 Knb=[2,2048,512,524288] Vnb=[66,528,132,135168] Keff_nb=[2,2048,512,524288] Veff_nb=[2,2048,512,524288]
CUDA_FA_ROUTE_SUPPORTED kernel=MMA_F16 effK=bf16 effV=f16 supported=1
CUDA_FA_ROUTE_PLAN device=0 Q=[256,1,16,1] Kraw=bf16 Vraw=turbo4 Kshape=[256,256,4,1] Vshape=[256,256,4,1] Keff=bf16 Veff=f16 turbo_kv=1 prefer_native_vec=0 decode=1 dk=0 dv=1 unsafe_vec_after_turbo_v_decode=1 allow_vec=0 kernel=MMA_F16 need_f16_K=1 need_f16_V=0 Knb=[2,2048,512,524288] Vnb=[66,528,132,135168] Keff_nb=[2,2048,512,524288] Veff_nb=[2,2048,512,524288]
CUDA_FA_ROUTE_SUPPORTED kernel=MMA_F16 effK=bf16 effV=f16 supported=1
CUDA_FA_ROUTE_PLAN device=0 Q=[256,1,16,1] Kraw=bf16 Vraw=turbo4 Kshape=[256,256,4,1] Vshape=[256,256,4,1] Keff=bf16 Veff=f16 turbo_kv=1 prefer_native_vec=0 decode=1 dk=0 dv=1 unsafe_vec_after_turbo_v_decode=1 allow_vec=0 kernel=MMA_F16 need_f16_K=1 need_f16_V=0 Knb=[2,2048,512,524288] Vnb=[66,528,132,135168] Keff_nb=[2,2048,512,524288] Veff_nb=[2,2048,512,524288]
CUDA_FA_ROUTE_SUPPORTED kernel=MMA_F16 effK=bf16 effV=f16 supported=1
CUDA_FA_ROUTE_PLAN device=0 Q=[256,1,16,1] Kraw=bf16 Vraw=turbo4 Kshape=[256,256,4,1] Vshape=[256,256,4,1] Keff=bf16 Veff=f16 turbo_kv=1 prefer_native_vec=0 decode=1 dk=0 dv=1 unsafe_vec_after_turbo_v_decode=1 allow_vec=0 kernel=MMA_F16 need_f16_K=1 need_f16_V=0 Knb=[2,2048,512,524288] Vnb=[66,528,132,135168] Keff_nb=[2,2048,512,524288] Veff_nb=[2,2048,512,524288]
CUDA_FA_ROUTE_SUPPORTED kernel=MMA_F16 effK=bf16 effV=f16 supported=1
CUDA_FA_ROUTE_PLAN device=0 Q=[256,1,16,1] Kraw=bf16 Vraw=turbo4 Kshape=[256,256,4,1] Vshape=[256,256,4,1] Keff=bf16 Veff=f16 turbo_kv=1 prefer_native_vec=0 decode=1 dk=0 dv=1 unsafe_vec_after_turbo_v_decode=1 allow_vec=0 kernel=MMA_F16 need_f16_K=1 need_f16_V=0 Knb=[2,2048,512,524288] Vnb=[66,528,132,135168] Keff_nb=[2,2048,512,524288] Veff_nb=[2,2048,512,524288]
CUDA_FA_ROUTE_SUPPORTED kernel=MMA_F16 effK=bf16 effV=f16 supported=1
CUDA_FA_ROUTE_PLAN device=0 Q=[256,1,16,1] Kraw=bf16 Vraw=turbo4 Kshape=[256,256,4,1] Vshape=[256,256,4,1] Keff=bf16 Veff=f16 turbo_kv=1 prefer_native_vec=0 decode=1 dk=0 dv=1 unsafe_vec_after_turbo_v_decode=1 allow_vec=0 kernel=MMA_F16 need_f16_K=1 need_f16_V=0 Knb=[2,2048,512,524288] Vnb=[66,528,132,135168] Keff_nb=[2,2048,512,524288] Veff_nb=[2,2048,512,524288]
CUDA_FA_ROUTE_SUPPORTED kernel=MMA_F16 effK=bf16 effV=f16 supported=1
CUDA_FA_ROUTE_PLAN device=0 Q=[256,1,16,1] Kraw=bf16 Vraw=turbo4 Kshape=[256,256,4,1] Vshape=[256,256,4,1] Keff=bf16 Veff=f16 turbo_kv=1 prefer_native_vec=0 decode=1 dk=0 dv=1 unsafe_vec_after_turbo_v_decode=1 allow_vec=0 kernel=MMA_F16 need_f16_K=1 need_f16_V=0 Knb=[2,2048,512,524288] Vnb=[66,528,132,135168] Keff_nb=[2,2048,512,524288] Veff_nb=[2,2048,512,524288]
CUDA_FA_ROUTE_SUPPORTED kernel=MMA_F16 effK=bf16 effV=f16 supported=1
CUDA_FA_ROUTE_PLAN device=0 Q=[256,1,16,1] Kraw=bf16 Vraw=turbo4 Kshape=[256,256,4,1] Vshape=[256,256,4,1] Keff=bf16 Veff=f16 turbo_kv=1 prefer_native_vec=0 decode=1 dk=0 dv=1 unsafe_vec_after_turbo_v_decode=1 allow_vec=0 kernel=MMA_F16 need_f16_K=1 need_f16_V=0 Knb=[2,2048,512,524288] Vnb=[66,528,132,135168] Keff_nb=[2,2048,512,524288] Veff_nb=[2,2048,512,524288]
CUDA_FA_ROUTE_SUPPORTED kernel=MMA_F16 effK=bf16 effV=f16 supported=1
CUDA_FA_ROUTE_PLAN device=0 Q=[256,256,16,1] Kraw=bf16 Vraw=turbo4 Kshape=[256,256,4,1] Vshape=[256,256,4,1] Keff=bf16 Veff=f16 turbo_kv=1 prefer_native_vec=0 decode=1 dk=0 dv=1 unsafe_vec_after_turbo_v_decode=1 allow_vec=0 kernel=MMA_F16 need_f16_K=1 need_f16_V=0 Knb=[2,2048,512,524288] Vnb=[66,528,132,135168] Keff_nb=[2,2048,512,524288] Veff_nb=[2,2048,512,524288]
CUDA_FA_ROUTE_SUPPORTED kernel=MMA_F16 effK=bf16 effV=f16 supported=1
CUDA_FA_ROUTE_PLAN device=0 Q=[256,256,16,1] Kraw=bf16 Vraw=turbo4 Kshape=[256,256,4,1] Vshape=[256,256,4,1] Keff=bf16 Veff=f16 turbo_kv=1 prefer_native_vec=0 decode=1 dk=0 dv=1 unsafe_vec_after_turbo_v_decode=1 allow_vec=0 kernel=MMA_F16 need_f16_K=1 need_f16_V=0 Knb=[2,2048,512,524288] Vnb=[66,528,132,135168] Keff_nb=[2,2048,512,524288] Veff_nb=[2,2048,512,524288]
CUDA_FA_ROUTE_SUPPORTED kernel=MMA_F16 effK=bf16 effV=f16 supported=1
CUDA_FA_ROUTE_PLAN device=0 Q=[256,256,16,1] Kraw=bf16 Vraw=turbo4 Kshape=[256,256,4,1] Vshape=[256,256,4,1] Keff=bf16 Veff=f16 turbo_kv=1 prefer_native_vec=0 decode=1 dk=0 dv=1 unsafe_vec_after_turbo_v_decode=1 allow_vec=0 kernel=MMA_F16 need_f16_K=1 need_f16_V=0 Knb=[2,2048,512,524288] Vnb=[66,528,132,135168] Keff_nb=[2,2048,512,524288] Veff_nb=[2,2048,512,524288]
CUDA_FA_ROUTE_SUPPORTED kernel=MMA_F16 effK=bf16 effV=f16 supported=1
CUDA_FA_ROUTE_PLAN device=0 Q=[256,256,16,1] Kraw=bf16 Vraw=turbo4 Kshape=[256,256,4,1] Vshape=[256,256,4,1] Keff=bf16 Veff=f16 turbo_kv=1 prefer_native_vec=0 decode=1 dk=0 dv=1 unsafe_vec_after_turbo_v_decode=1 allow_vec=0 kernel=MMA_F16 need_f16_K=1 need_f16_V=0 Knb=[2,2048,512,524288] Vnb=[66,528,132,135168] Keff_nb=[2,2048,512,524288] Veff_nb=[2,2048,512,524288]
CUDA_FA_ROUTE_SUPPORTED kernel=MMA_F16 effK=bf16 effV=f16 supported=1
CUDA_FA_ROUTE_PLAN device=0 Q=[256,256,16,1] Kraw=bf16 Vraw=turbo4 Kshape=[256,256,4,1] Vshape=[256,256,4,1] Keff=bf16 Veff=f16 turbo_kv=1 prefer_native_vec=0 decode=1 dk=0 dv=1 unsafe_vec_after_turbo_v_decode=1 allow_vec=0 kernel=MMA_F16 need_f16_K=1 need_f16_V=0 Knb=[2,2048,512,524288] Vnb=[66,528,132,135168] Keff_nb=[2,2048,512,524288] Veff_nb=[2,2048,512,524288]
CUDA_FA_ROUTE_SUPPORTED kernel=MMA_F16 effK=bf16 effV=f16 supported=1
CUDA_FA_ROUTE_PLAN device=0 Q=[256,256,16,1] Kraw=bf16 Vraw=turbo4 Kshape=[256,256,4,1] Vshape=[256,256,4,1] Keff=bf16 Veff=f16 turbo_kv=1 prefer_native_vec=0 decode=1 dk=0 dv=1 unsafe_vec_after_turbo_v_decode=1 allow_vec=0 kernel=MMA_F16 need_f16_K=1 need_f16_V=0 Knb=[2,2048,512,524288] Vnb=[66,528,132,135168] Keff_nb=[2,2048,512,524288] Veff_nb=[2,2048,512,524288]
CUDA_FA_ROUTE_SUPPORTED kernel=MMA_F16 effK=bf16 effV=f16 supported=1
CUDA_FA_ROUTE_PLAN device=0 Q=[256,256,16,1] Kraw=bf16 Vraw=turbo4 Kshape=[256,256,4,1] Vshape=[256,256,4,1] Keff=bf16 Veff=f16 turbo_kv=1 prefer_native_vec=0 decode=1 dk=0 dv=1 unsafe_vec_after_turbo_v_decode=1 allow_vec=0 kernel=MMA_F16 need_f16_K=1 need_f16_V=0 Knb=[2,2048,512,524288] Vnb=[66,528,132,135168] Keff_nb=[2,2048,512,524288] Veff_nb=[2,2048,512,524288]
CUDA_FA_ROUTE_SUPPORTED kernel=MMA_F16 effK=bf16 effV=f16 supported=1
CUDA_FA_ROUTE_PLAN device=0 Q=[256,256,16,1] Kraw=bf16 Vraw=turbo4 Kshape=[256,256,4,1] Vshape=[256,256,4,1] Keff=bf16 Veff=f16 turbo_kv=1 prefer_native_vec=0 decode=1 dk=0 dv=1 unsafe_vec_after_turbo_v_decode=1 allow_vec=0 kernel=MMA_F16 need_f16_K=1 need_f16_V=0 Knb=[2,2048,512,524288] Vnb=[66,528,132,135168] Keff_nb=[2,2048,512,524288] Veff_nb=[2,2048,512,524288]
CUDA_FA_ROUTE_SUPPORTED kernel=MMA_F16 effK=bf16 effV=f16 supported=1
CUDA_FA_ROUTE_PLAN device=0 Q=[256,256,16,1] Kraw=bf16 Vraw=turbo4 Kshape=[256,256,4,1] Vshape=[256,256,4,1] Keff=bf16 Veff=f16 turbo_kv=1 prefer_native_vec=0 decode=1 dk=0 dv=1 unsafe_vec_after_turbo_v_decode=1 allow_vec=0 kernel=MMA_F16 need_f16_K=1 need_f16_V=0 Knb=[2,2048,512,524288] Vnb=[66,528,132,135168] Keff_nb=[2,2048,512,524288] Veff_nb=[2,2048,512,524288]
CUDA_FA_ROUTE_ALLOC kernel=MMA_F16 need_f16_K=1 need_f16_V=0 workspace_end_offset=4718592 dst_data=(nil) f16_K=0x400000 f16_V=(nil) f16_end=0x480000
CUDA_FA_ROUTE_PLAN device=0 Q=[256,256,16,1] Kraw=bf16 Vraw=turbo4 Kshape=[256,256,4,1] Vshape=[256,256,4,1] Keff=bf16 Veff=f16 turbo_kv=1 prefer_native_vec=0 decode=1 dk=0 dv=1 unsafe_vec_after_turbo_v_decode=1 allow_vec=0 kernel=MMA_F16 need_f16_K=1 need_f16_V=0 Knb=[2,2048,512,524288] Vnb=[66,528,132,135168] Keff_nb=[2,2048,512,524288] Veff_nb=[2,2048,512,524288]
CUDA_FA_ROUTE_ALLOC kernel=MMA_F16 need_f16_K=1 need_f16_V=0 workspace_end_offset=4718592 dst_data=(nil) f16_K=0x400000 f16_V=(nil) f16_end=0x480000
CUDA_FA_ROUTE_PLAN device=0 Q=[256,256,16,1] Kraw=bf16 Vraw=turbo4 Kshape=[256,256,4,1] Vshape=[256,256,4,1] Keff=bf16 Veff=f16 turbo_kv=1 prefer_native_vec=0 decode=1 dk=0 dv=1 unsafe_vec_after_turbo_v_decode=1 allow_vec=0 kernel=MMA_F16 need_f16_K=1 need_f16_V=0 Knb=[2,2048,512,524288] Vnb=[66,528,132,135168] Keff_nb=[2,2048,512,524288] Veff_nb=[2,2048,512,524288]
CUDA_FA_ROUTE_ALLOC kernel=MMA_F16 need_f16_K=1 need_f16_V=0 workspace_end_offset=4718592 dst_data=(nil) f16_K=0x400000 f16_V=(nil) f16_end=0x480000
CUDA_FA_ROUTE_PLAN device=0 Q=[256,256,16,1] Kraw=bf16 Vraw=turbo4 Kshape=[256,256,4,1] Vshape=[256,256,4,1] Keff=bf16 Veff=f16 turbo_kv=1 prefer_native_vec=0 decode=1 dk=0 dv=1 unsafe_vec_after_turbo_v_decode=1 allow_vec=0 kernel=MMA_F16 need_f16_K=1 need_f16_V=0 Knb=[2,2048,512,524288] Vnb=[66,528,132,135168] Keff_nb=[2,2048,512,524288] Veff_nb=[2,2048,512,524288]
CUDA_FA_ROUTE_ALLOC kernel=MMA_F16 need_f16_K=1 need_f16_V=0 workspace_end_offset=4718592 dst_data=(nil) f16_K=0x400000 f16_V=(nil) f16_end=0x480000
CUDA_FA_ROUTE_PLAN device=0 Q=[256,256,16,1] Kraw=bf16 Vraw=turbo4 Kshape=[256,256,4,1] Vshape=[256,256,4,1] Keff=bf16 Veff=f16 turbo_kv=1 prefer_native_vec=0 decode=1 dk=0 dv=1 unsafe_vec_after_turbo_v_decode=1 allow_vec=0 kernel=MMA_F16 need_f16_K=1 need_f16_V=0 Knb=[2,2048,512,524288] Vnb=[66,528,132,135168] Keff_nb=[2,2048,512,524288] Veff_nb=[2,2048,512,524288]
CUDA_FA_ROUTE_ALLOC kernel=MMA_F16 need_f16_K=1 need_f16_V=0 workspace_end_offset=4718592 dst_data=(nil) f16_K=0x400000 f16_V=(nil) f16_end=0x480000
CUDA_FA_ROUTE_PLAN device=0 Q=[256,256,16,1] Kraw=bf16 Vraw=turbo4 Kshape=[256,256,4,1] Vshape=[256,256,4,1] Keff=bf16 Veff=f16 turbo_kv=1 prefer_native_vec=0 decode=1 dk=0 dv=1 unsafe_vec_after_turbo_v_decode=1 allow_vec=0 kernel=MMA_F16 need_f16_K=1 need_f16_V=0 Knb=[2,2048,512,524288] Vnb=[66,528,132,135168] Keff_nb=[2,2048,512,524288] Veff_nb=[2,2048,512,524288]
CUDA_FA_ROUTE_ALLOC kernel=MMA_F16 need_f16_K=1 need_f16_V=0 workspace_end_offset=4718592 dst_data=(nil) f16_K=0x400000 f16_V=(nil) f16_end=0x480000
CUDA_FA_ROUTE_PLAN device=0 Q=[256,256,16,1] Kraw=bf16 Vraw=turbo4 Kshape=[256,256,4,1] Vshape=[256,256,4,1] Keff=bf16 Veff=f16 turbo_kv=1 prefer_native_vec=0 decode=1 dk=0 dv=1 unsafe_vec_after_turbo_v_decode=1 allow_vec=0 kernel=MMA_F16 need_f16_K=1 need_f16_V=0 Knb=[2,2048,512,524288] Vnb=[66,528,132,135168] Keff_nb=[2,2048,512,524288] Veff_nb=[2,2048,512,524288]
CUDA_FA_ROUTE_ALLOC kernel=MMA_F16 need_f16_K=1 need_f16_V=0 workspace_end_offset=4718592 dst_data=(nil) f16_K=0x400000 f16_V=(nil) f16_end=0x480000
CUDA_FA_ROUTE_PLAN device=0 Q=[256,256,16,1] Kraw=bf16 Vraw=turbo4 Kshape=[256,256,4,1] Vshape=[256,256,4,1] Keff=bf16 Veff=f16 turbo_kv=1 prefer_native_vec=0 decode=1 dk=0 dv=1 unsafe_vec_after_turbo_v_decode=1 allow_vec=0 kernel=MMA_F16 need_f16_K=1 need_f16_V=0 Knb=[2,2048,512,524288] Vnb=[66,528,132,135168] Keff_nb=[2,2048,512,524288] Veff_nb=[2,2048,512,524288]
CUDA_FA_ROUTE_ALLOC kernel=MMA_F16 need_f16_K=1 need_f16_V=0 workspace_end_offset=4718592 dst_data=(nil) f16_K=0x400000 f16_V=(nil) f16_end=0x480000
CUDA_FA_ROUTE_PLAN device=0 Q=[256,256,16,1] Kraw=bf16 Vraw=turbo4 Kshape=[256,256,4,1] Vshape=[256,256,4,1] Keff=bf16 Veff=f16 turbo_kv=1 prefer_native_vec=0 decode=1 dk=0 dv=1 unsafe_vec_after_turbo_v_decode=1 allow_vec=0 kernel=MMA_F16 need_f16_K=1 need_f16_V=0 Knb=[2,2048,512,524288] Vnb=[66,528,132,135168] Keff_nb=[2,2048,512,524288] Veff_nb=[2,2048,512,524288]
CUDA_FA_ROUTE_ALLOC kernel=MMA_F16 need_f16_K=1 need_f16_V=0 workspace_end_offset=4718592 dst_data=(nil) f16_K=0x400000 f16_V=(nil) f16_end=0x480000
CUDA_FA_ROUTE_PLAN device=0 Q=[256,256,16,1] Kraw=bf16 Vraw=turbo4 Kshape=[256,256,4,1] Vshape=[256,256,4,1] Keff=bf16 Veff=f16 turbo_kv=1 prefer_native_vec=0 decode=1 dk=0 dv=1 unsafe_vec_after_turbo_v_decode=1 allow_vec=0 kernel=MMA_F16 need_f16_K=1 need_f16_V=0 Knb=[2,2048,512,524288] Vnb=[66,528,132,135168] Keff_nb=[2,2048,512,524288] Veff_nb=[2,2048,512,524288]
CUDA_FA_ROUTE_ALLOC kernel=MMA_F16 need_f16_K=1 need_f16_V=0 workspace_end_offset=4718592 dst_data=(nil) f16_K=0x400000 f16_V=(nil) f16_end=0x480000
CUDA_FA_ROUTE_PLAN device=0 Q=[256,256,16,1] Kraw=bf16 Vraw=turbo4 Kshape=[256,256,4,1] Vshape=[256,256,4,1] Keff=bf16 Veff=f16 turbo_kv=1 prefer_native_vec=0 decode=1 dk=0 dv=1 unsafe_vec_after_turbo_v_decode=1 allow_vec=0 kernel=MMA_F16 need_f16_K=1 need_f16_V=0 Knb=[2,2048,512,524288] Vnb=[66,528,132,135168] Keff_nb=[2,2048,512,524288] Veff_nb=[2,2048,512,524288]
CUDA_FA_ROUTE_ALLOC kernel=MMA_F16 need_f16_K=1 need_f16_V=0 workspace_end_offset=4718592 dst_data=(nil) f16_K=0x400000 f16_V=(nil) f16_end=0x480000
CUDA_FA_ROUTE_PLAN device=0 Q=[256,256,16,1] Kraw=bf16 Vraw=turbo4 Kshape=[256,256,4,1] Vshape=[256,256,4,1] Keff=bf16 Veff=f16 turbo_kv=1 prefer_native_vec=0 decode=1 dk=0 dv=1 unsafe_vec_after_turbo_v_decode=1 allow_vec=0 kernel=MMA_F16 need_f16_K=1 need_f16_V=0 Knb=[2,2048,512,524288] Vnb=[66,528,132,135168] Keff_nb=[2,2048,512,524288] Veff_nb=[2,2048,512,524288]
CUDA_FA_ROUTE_ALLOC kernel=MMA_F16 need_f16_K=1 need_f16_V=0 workspace_end_offset=4718592 dst_data=(nil) f16_K=0x400000 f16_V=(nil) f16_end=0x480000
CUDA_FA_ROUTE_PLAN device=0 Q=[256,256,16,1] Kraw=bf16 Vraw=turbo4 Kshape=[256,256,4,1] Vshape=[256,256,4,1] Keff=bf16 Veff=f16 turbo_kv=1 prefer_native_vec=0 decode=1 dk=0 dv=1 unsafe_vec_after_turbo_v_decode=1 allow_vec=0 kernel=MMA_F16 need_f16_K=1 need_f16_V=0 Knb=[2,2048,512,524288] Vnb=[66,528,132,135168] Keff_nb=[2,2048,512,524288] Veff_nb=[2,2048,512,524288]
CUDA_FA_ROUTE_ALLOC kernel=MMA_F16 need_f16_K=1 need_f16_V=0 workspace_end_offset=4718592 dst_data=(nil) f16_K=0x400000 f16_V=(nil) f16_end=0x480000
CUDA_FA_ROUTE_PLAN device=0 Q=[256,256,16,1] Kraw=bf16 Vraw=turbo4 Kshape=[256,256,4,1] Vshape=[256,256,4,1] Keff=bf16 Veff=f16 turbo_kv=1 prefer_native_vec=0 decode=1 dk=0 dv=1 unsafe_vec_after_turbo_v_decode=1 allow_vec=0 kernel=MMA_F16 need_f16_K=1 need_f16_V=0 Knb=[2,2048,512,524288] Vnb=[66,528,132,135168] Keff_nb=[2,2048,512,524288] Veff_nb=[2,2048,512,524288]
CUDA_FA_ROUTE_ALLOC kernel=MMA_F16 need_f16_K=1 need_f16_V=0 workspace_end_offset=4718592 dst_data=(nil) f16_K=0x400000 f16_V=(nil) f16_end=0x480000
CUDA_FA_ROUTE_PLAN device=0 Q=[256,256,16,1] Kraw=bf16 Vraw=turbo4 Kshape=[256,256,4,1] Vshape=[256,256,4,1] Keff=bf16 Veff=f16 turbo_kv=1 prefer_native_vec=0 decode=1 dk=0 dv=1 unsafe_vec_after_turbo_v_decode=1 allow_vec=0 kernel=MMA_F16 need_f16_K=1 need_f16_V=0 Knb=[2,2048,512,524288] Vnb=[66,528,132,135168] Keff_nb=[2,2048,512,524288] Veff_nb=[2,2048,512,524288]
CUDA_FA_ROUTE_ALLOC kernel=MMA_F16 need_f16_K=1 need_f16_V=0 workspace_end_offset=4718592 dst_data=(nil) f16_K=0x400000 f16_V=(nil) f16_end=0x480000
CUDA_FA_ROUTE_PLAN device=0 Q=[256,256,16,1] Kraw=bf16 Vraw=turbo4 Kshape=[256,256,4,1] Vshape=[256,256,4,1] Keff=bf16 Veff=f16 turbo_kv=1 prefer_native_vec=0 decode=1 dk=0 dv=1 unsafe_vec_after_turbo_v_decode=1 allow_vec=0 kernel=MMA_F16 need_f16_K=1 need_f16_V=0 Knb=[2,2048,512,524288] Vnb=[66,528,132,135168] Keff_nb=[2,2048,512,524288] Veff_nb=[2,2048,512,524288]
CUDA_FA_ROUTE_ALLOC kernel=MMA_F16 need_f16_K=1 need_f16_V=0 workspace_end_offset=4718592 dst_data=(nil) f16_K=0x400000 f16_V=(nil) f16_end=0x480000
CUDA_FA_ROUTE_PLAN device=0 Q=[256,256,16,1] Kraw=bf16 Vraw=turbo4 Kshape=[256,256,4,1] Vshape=[256,256,4,1] Keff=bf16 Veff=f16 turbo_kv=1 prefer_native_vec=0 decode=1 dk=0 dv=1 unsafe_vec_after_turbo_v_decode=1 allow_vec=0 kernel=MMA_F16 need_f16_K=1 need_f16_V=0 Knb=[2,2048,512,524288] Vnb=[66,528,132,135168] Keff_nb=[2,2048,512,524288] Veff_nb=[2,2048,512,524288]
CUDA_FA_ROUTE_ALLOC kernel=MMA_F16 need_f16_K=1 need_f16_V=0 workspace_end_offset=4718592 dst_data=(nil) f16_K=0x400000 f16_V=(nil) f16_end=0x480000
CUDA_FA_ROUTE_PLAN device=0 Q=[256,256,16,1] Kraw=bf16 Vraw=turbo4 Kshape=[256,256,4,1] Vshape=[256,256,4,1] Keff=bf16 Veff=f16 turbo_kv=1 prefer_native_vec=0 decode=1 dk=0 dv=1 unsafe_vec_after_turbo_v_decode=1 allow_vec=0 kernel=MMA_F16 need_f16_K=1 need_f16_V=0 Knb=[2,2048,512,524288] Vnb=[66,528,132,135168] Keff_nb=[2,2048,512,524288] Veff_nb=[2,2048,512,524288]
CUDA_FA_ROUTE_ALLOC kernel=MMA_F16 need_f16_K=1 need_f16_V=0 workspace_end_offset=4718592 dst_data=(nil) f16_K=0x400000 f16_V=(nil) f16_end=0x480000
CUDA_FA_ROUTE_PLAN device=0 Q=[256,256,16,1] Kraw=bf16 Vraw=turbo4 Kshape=[256,256,4,1] Vshape=[256,256,4,1] Keff=bf16 Veff=f16 turbo_kv=1 prefer_native_vec=0 decode=1 dk=0 dv=1 unsafe_vec_after_turbo_v_decode=1 allow_vec=0 kernel=MMA_F16 need_f16_K=1 need_f16_V=0 Knb=[2,2048,512,524288] Vnb=[66,528,132,135168] Keff_nb=[2,2048,512,524288] Veff_nb=[2,2048,512,524288]
CUDA_FA_ROUTE_ALLOC kernel=MMA_F16 need_f16_K=1 need_f16_V=0 workspace_end_offset=4718592 dst_data=(nil) f16_K=0x400000 f16_V=(nil) f16_end=0x480000
CUDA_FA_ROUTE_PLAN device=0 Q=[256,256,16,1] Kraw=bf16 Vraw=turbo4 Kshape=[256,256,4,1] Vshape=[256,256,4,1] Keff=bf16 Veff=f16 turbo_kv=1 prefer_native_vec=0 decode=1 dk=0 dv=1 unsafe_vec_after_turbo_v_decode=1 allow_vec=0 kernel=MMA_F16 need_f16_K=1 need_f16_V=0 Knb=[2,2048,512,524288] Vnb=[66,528,132,135168] Keff_nb=[2,2048,512,524288] Veff_nb=[2,2048,512,524288]
CUDA_FA_ROUTE_ALLOC kernel=MMA_F16 need_f16_K=1 need_f16_V=0 workspace_end_offset=4718592 dst_data=(nil) f16_K=0x400000 f16_V=(nil) f16_end=0x480000
CUDA_FA_ROUTE_PLAN device=0 Q=[256,256,16,1] Kraw=bf16 Vraw=turbo4 Kshape=[256,256,4,1] Vshape=[256,256,4,1] Keff=bf16 Veff=f16 turbo_kv=1 prefer_native_vec=0 decode=1 dk=0 dv=1 unsafe_vec_after_turbo_v_decode=1 allow_vec=0 kernel=MMA_F16 need_f16_K=1 need_f16_V=0 Knb=[2,2048,512,524288] Vnb=[66,528,132,135168] Keff_nb=[2,2048,512,524288] Veff_nb=[2,2048,512,524288]
CUDA_FA_ROUTE_ALLOC kernel=MMA_F16 need_f16_K=1 need_f16_V=0 workspace_end_offset=4718592 dst_data=(nil) f16_K=0x400000 f16_V=(nil) f16_end=0x480000
CUDA_FA_ROUTE_PLAN device=0 Q=[256,256,16,1] Kraw=bf16 Vraw=turbo4 Kshape=[256,256,4,1] Vshape=[256,256,4,1] Keff=bf16 Veff=f16 turbo_kv=1 prefer_native_vec=0 decode=1 dk=0 dv=1 unsafe_vec_after_turbo_v_decode=1 allow_vec=0 kernel=MMA_F16 need_f16_K=1 need_f16_V=0 Knb=[2,2048,512,524288] Vnb=[66,528,132,135168] Keff_nb=[2,2048,512,524288] Veff_nb=[2,2048,512,524288]
CUDA_FA_ROUTE_ALLOC kernel=MMA_F16 need_f16_K=1 need_f16_V=0 workspace_end_offset=4718592 dst_data=(nil) f16_K=0x400000 f16_V=(nil) f16_end=0x480000
CUDA_FA_ROUTE_PLAN device=0 Q=[256,256,16,1] Kraw=bf16 Vraw=turbo4 Kshape=[256,256,4,1] Vshape=[256,256,4,1] Keff=bf16 Veff=f16 turbo_kv=1 prefer_native_vec=0 decode=1 dk=0 dv=1 unsafe_vec_after_turbo_v_decode=1 allow_vec=0 kernel=MMA_F16 need_f16_K=1 need_f16_V=0 Knb=[2,2048,512,524288] Vnb=[66,528,132,135168] Keff_nb=[2,2048,512,524288] Veff_nb=[2,2048,512,524288]
CUDA_FA_ROUTE_ALLOC kernel=MMA_F16 need_f16_K=1 need_f16_V=0 workspace_end_offset=4718592 dst_data=(nil) f16_K=0x400000 f16_V=(nil) f16_end=0x480000
CUDA_FA_ROUTE_PLAN device=0 Q=[256,256,16,1] Kraw=bf16 Vraw=turbo4 Kshape=[256,256,4,1] Vshape=[256,256,4,1] Keff=bf16 Veff=f16 turbo_kv=1 prefer_native_vec=0 decode=1 dk=0 dv=1 unsafe_vec_after_turbo_v_decode=1 allow_vec=0 kernel=MMA_F16 need_f16_K=1 need_f16_V=0 Knb=[2,2048,512,524288] Vnb=[66,528,132,135168] Keff_nb=[2,2048,512,524288] Veff_nb=[2,2048,512,524288]
CUDA_FA_ROUTE_ALLOC kernel=MMA_F16 need_f16_K=1 need_f16_V=0 workspace_end_offset=4718592 dst_data=(nil) f16_K=0x400000 f16_V=(nil) f16_end=0x480000
CUDA_FA_ROUTE_PLAN device=0 Q=[256,256,16,1] Kraw=bf16 Vraw=turbo4 Kshape=[256,256,4,1] Vshape=[256,256,4,1] Keff=bf16 Veff=f16 turbo_kv=1 prefer_native_vec=0 decode=1 dk=0 dv=1 unsafe_vec_after_turbo_v_decode=1 allow_vec=0 kernel=MMA_F16 need_f16_K=1 need_f16_V=0 Knb=[2,2048,512,524288] Vnb=[66,528,132,135168] Keff_nb=[2,2048,512,524288] Veff_nb=[2,2048,512,524288]
CUDA_FA_ROUTE_ALLOC kernel=MMA_F16 need_f16_K=1 need_f16_V=0 workspace_end_offset=4718592 dst_data=(nil) f16_K=0x400000 f16_V=(nil) f16_end=0x480000
CUDA_FA_ROUTE_PLAN device=0 Q=[256,256,16,1] Kraw=bf16 Vraw=turbo4 Kshape=[256,256,4,1] Vshape=[256,256,4,1] Keff=bf16 Veff=f16 turbo_kv=1 prefer_native_vec=0 decode=1 dk=0 dv=1 unsafe_vec_after_turbo_v_decode=1 allow_vec=0 kernel=MMA_F16 need_f16_K=1 need_f16_V=0 Knb=[2,2048,512,524288] Vnb=[66,528,132,135168] Keff_nb=[2,2048,512,524288] Veff_nb=[2,2048,512,524288]
CUDA_FA_ROUTE_ALLOC kernel=MMA_F16 need_f16_K=1 need_f16_V=0 workspace_end_offset=4718592 dst_data=(nil) f16_K=0x400000 f16_V=(nil) f16_end=0x480000
CUDA_FA_ROUTE_PLAN device=0 Q=[256,256,16,1] Kraw=bf16 Vraw=turbo4 Kshape=[256,256,4,1] Vshape=[256,256,4,1] Keff=bf16 Veff=f16 turbo_kv=1 prefer_native_vec=0 decode=1 dk=0 dv=1 unsafe_vec_after_turbo_v_decode=1 allow_vec=0 kernel=MMA_F16 need_f16_K=1 need_f16_V=0 Knb=[2,2048,512,524288] Vnb=[66,528,132,135168] Keff_nb=[2,2048,512,524288] Veff_nb=[2,2048,512,524288]
CUDA_FA_ROUTE_ALLOC kernel=MMA_F16 need_f16_K=1 need_f16_V=0 workspace_end_offset=4718592 dst_data=(nil) f16_K=0x400000 f16_V=(nil) f16_end=0x480000
CUDA_FA_ROUTE_PLAN device=0 Q=[256,256,16,1] Kraw=bf16 Vraw=turbo4 Kshape=[256,256,4,1] Vshape=[256,256,4,1] Keff=bf16 Veff=f16 turbo_kv=1 prefer_native_vec=0 decode=1 dk=0 dv=1 unsafe_vec_after_turbo_v_decode=1 allow_vec=0 kernel=MMA_F16 need_f16_K=1 need_f16_V=0 Knb=[2,2048,512,524288] Vnb=[66,528,132,135168] Keff_nb=[2,2048,512,524288] Veff_nb=[2,2048,512,524288]
CUDA_FA_ROUTE_ALLOC kernel=MMA_F16 need_f16_K=1 need_f16_V=0 workspace_end_offset=4718592 dst_data=(nil) f16_K=0x400000 f16_V=(nil) f16_end=0x480000
CUDA_FA_ROUTE_PLAN device=0 Q=[256,256,16,1] Kraw=bf16 Vraw=turbo4 Kshape=[256,256,4,1] Vshape=[256,256,4,1] Keff=bf16 Veff=f16 turbo_kv=1 prefer_native_vec=0 decode=1 dk=0 dv=1 unsafe_vec_after_turbo_v_decode=1 allow_vec=0 kernel=MMA_F16 need_f16_K=1 need_f16_V=0 Knb=[2,2048,512,524288] Vnb=[66,528,132,135168] Keff_nb=[2,2048,512,524288] Veff_nb=[2,2048,512,524288]
CUDA_FA_ROUTE_ALLOC kernel=MMA_F16 need_f16_K=1 need_f16_V=0 workspace_end_offset=4718592 dst_data=(nil) f16_K=0x400000 f16_V=(nil) f16_end=0x480000
CUDA_FA_ROUTE_PLAN device=0 Q=[256,256,16,1] Kraw=bf16 Vraw=turbo4 Kshape=[256,256,4,1] Vshape=[256,256,4,1] Keff=bf16 Veff=f16 turbo_kv=1 prefer_native_vec=0 decode=1 dk=0 dv=1 unsafe_vec_after_turbo_v_decode=1 allow_vec=0 kernel=MMA_F16 need_f16_K=1 need_f16_V=0 Knb=[2,2048,512,524288] Vnb=[66,528,132,135168] Keff_nb=[2,2048,512,524288] Veff_nb=[2,2048,512,524288]
CUDA_FA_ROUTE_ALLOC kernel=MMA_F16 need_f16_K=1 need_f16_V=0 workspace_end_offset=4718592 dst_data=(nil) f16_K=0x400000 f16_V=(nil) f16_end=0x480000
CUDA_FA_ROUTE_PLAN device=0 Q=[256,256,16,1] Kraw=bf16 Vraw=turbo4 Kshape=[256,256,4,1] Vshape=[256,256,4,1] Keff=bf16 Veff=f16 turbo_kv=1 prefer_native_vec=0 decode=1 dk=0 dv=1 unsafe_vec_after_turbo_v_decode=1 allow_vec=0 kernel=MMA_F16 need_f16_K=1 need_f16_V=0 Knb=[2,2048,512,524288] Vnb=[66,528,132,135168] Keff_nb=[2,2048,512,524288] Veff_nb=[2,2048,512,524288]
CUDA_FA_ROUTE_ALLOC kernel=MMA_F16 need_f16_K=1 need_f16_V=0 workspace_end_offset=4718592 dst_data=(nil) f16_K=0x400000 f16_V=(nil) f16_end=0x480000
CUDA_FA_ROUTE_PLAN device=0 Q=[256,256,16,1] Kraw=bf16 Vraw=turbo4 Kshape=[256,256,4,1] Vshape=[256,256,4,1] Keff=bf16 Veff=f16 turbo_kv=1 prefer_native_vec=0 decode=1 dk=0 dv=1 unsafe_vec_after_turbo_v_decode=1 allow_vec=0 kernel=MMA_F16 need_f16_K=1 need_f16_V=0 Knb=[2,2048,512,524288] Vnb=[66,528,132,135168] Keff_nb=[2,2048,512,524288] Veff_nb=[2,2048,512,524288]
CUDA_FA_ROUTE_ALLOC kernel=MMA_F16 need_f16_K=1 need_f16_V=0 workspace_end_offset=4718592 dst_data=(nil) f16_K=0x400000 f16_V=(nil) f16_end=0x480000
CUDA_FA_ROUTE_PLAN device=0 Q=[256,1,16,1] Kraw=bf16 Vraw=turbo4 Kshape=[256,256,4,1] Vshape=[256,256,4,1] Keff=bf16 Veff=f16 turbo_kv=1 prefer_native_vec=0 decode=1 dk=0 dv=1 unsafe_vec_after_turbo_v_decode=1 allow_vec=0 kernel=MMA_F16 need_f16_K=1 need_f16_V=0 Knb=[2,2048,512,524288] Vnb=[66,528,132,135168] Keff_nb=[2,2048,512,524288] Veff_nb=[2,2048,512,524288]
CUDA_FA_ROUTE_SUPPORTED kernel=MMA_F16 effK=bf16 effV=f16 supported=1
CUDA_FA_ROUTE_PLAN device=0 Q=[256,1,16,1] Kraw=bf16 Vraw=turbo4 Kshape=[256,256,4,1] Vshape=[256,256,4,1] Keff=bf16 Veff=f16 turbo_kv=1 prefer_native_vec=0 decode=1 dk=0 dv=1 unsafe_vec_after_turbo_v_decode=1 allow_vec=0 kernel=MMA_F16 need_f16_K=1 need_f16_V=0 Knb=[2,2048,512,524288] Vnb=[66,528,132,135168] Keff_nb=[2,2048,512,524288] Veff_nb=[2,2048,512,524288]
CUDA_FA_ROUTE_SUPPORTED kernel=MMA_F16 effK=bf16 effV=f16 supported=1
CUDA_FA_ROUTE_PLAN device=0 Q=[256,1,16,1] Kraw=bf16 Vraw=turbo4 Kshape=[256,256,4,1] Vshape=[256,256,4,1] Keff=bf16 Veff=f16 turbo_kv=1 prefer_native_vec=0 decode=1 dk=0 dv=1 unsafe_vec_after_turbo_v_decode=1 allow_vec=0 kernel=MMA_F16 need_f16_K=1 need_f16_V=0 Knb=[2,2048,512,524288] Vnb=[66,528,132,135168] Keff_nb=[2,2048,512,524288] Veff_nb=[2,2048,512,524288]
CUDA_FA_ROUTE_SUPPORTED kernel=MMA_F16 effK=bf16 effV=f16 supported=1
CUDA_FA_ROUTE_PLAN device=0 Q=[256,1,16,1] Kraw=bf16 Vraw=turbo4 Kshape=[256,256,4,1] Vshape=[256,256,4,1] Keff=bf16 Veff=f16 turbo_kv=1 prefer_native_vec=0 decode=1 dk=0 dv=1 unsafe_vec_after_turbo_v_decode=1 allow_vec=0 kernel=MMA_F16 need_f16_K=1 need_f16_V=0 Knb=[2,2048,512,524288] Vnb=[66,528,132,135168] Keff_nb=[2,2048,512,524288] Veff_nb=[2,2048,512,524288]
CUDA_FA_ROUTE_SUPPORTED kernel=MMA_F16 effK=bf16 effV=f16 supported=1
CUDA_FA_ROUTE_PLAN device=0 Q=[256,1,16,1] Kraw=bf16 Vraw=turbo4 Kshape=[256,256,4,1] Vshape=[256,256,4,1] Keff=bf16 Veff=f16 turbo_kv=1 prefer_native_vec=0 decode=1 dk=0 dv=1 unsafe_vec_after_turbo_v_decode=1 allow_vec=0 kernel=MMA_F16 need_f16_K=1 need_f16_V=0 Knb=[2,2048,512,524288] Vnb=[66,528,132,135168] Keff_nb=[2,2048,512,524288] Veff_nb=[2,2048,512,524288]
CUDA_FA_ROUTE_SUPPORTED kernel=MMA_F16 effK=bf16 effV=f16 supported=1
CUDA_FA_ROUTE_PLAN device=0 Q=[256,1,16,1] Kraw=bf16 Vraw=turbo4 Kshape=[256,256,4,1] Vshape=[256,256,4,1] Keff=bf16 Veff=f16 turbo_kv=1 prefer_native_vec=0 decode=1 dk=0 dv=1 unsafe_vec_after_turbo_v_decode=1 allow_vec=0 kernel=MMA_F16 need_f16_K=1 need_f16_V=0 Knb=[2,2048,512,524288] Vnb=[66,528,132,135168] Keff_nb=[2,2048,512,524288] Veff_nb=[2,2048,512,524288]
CUDA_FA_ROUTE_SUPPORTED kernel=MMA_F16 effK=bf16 effV=f16 supported=1
CUDA_FA_ROUTE_PLAN device=0 Q=[256,1,16,1] Kraw=bf16 Vraw=turbo4 Kshape=[256,256,4,1] Vshape=[256,256,4,1] Keff=bf16 Veff=f16 turbo_kv=1 prefer_native_vec=0 decode=1 dk=0 dv=1 unsafe_vec_after_turbo_v_decode=1 allow_vec=0 kernel=MMA_F16 need_f16_K=1 need_f16_V=0 Knb=[2,2048,512,524288] Vnb=[66,528,132,135168] Keff_nb=[2,2048,512,524288] Veff_nb=[2,2048,512,524288]
CUDA_FA_ROUTE_SUPPORTED kernel=MMA_F16 effK=bf16 effV=f16 supported=1
CUDA_FA_ROUTE_PLAN device=0 Q=[256,1,16,1] Kraw=bf16 Vraw=turbo4 Kshape=[256,256,4,1] Vshape=[256,256,4,1] Keff=bf16 Veff=f16 turbo_kv=1 prefer_native_vec=0 decode=1 dk=0 dv=1 unsafe_vec_after_turbo_v_decode=1 allow_vec=0 kernel=MMA_F16 need_f16_K=1 need_f16_V=0 Knb=[2,2048,512,524288] Vnb=[66,528,132,135168] Keff_nb=[2,2048,512,524288] Veff_nb=[2,2048,512,524288]
CUDA_FA_ROUTE_SUPPORTED kernel=MMA_F16 effK=bf16 effV=f16 supported=1
CUDA_FA_ROUTE_PLAN device=0 Q=[256,1,16,1] Kraw=bf16 Vraw=turbo4 Kshape=[256,256,4,1] Vshape=[256,256,4,1] Keff=bf16 Veff=f16 turbo_kv=1 prefer_native_vec=0 decode=1 dk=0 dv=1 unsafe_vec_after_turbo_v_decode=1 allow_vec=0 kernel=MMA_F16 need_f16_K=1 need_f16_V=0 Knb=[2,2048,512,524288] Vnb=[66,528,132,135168] Keff_nb=[2,2048,512,524288] Veff_nb=[2,2048,512,524288]
CUDA_FA_ROUTE_ALLOC kernel=MMA_F16 need_f16_K=1 need_f16_V=0 workspace_end_offset=540672 dst_data=(nil) f16_K=0x4000 f16_V=(nil) f16_end=0x84000
CUDA_FA_ROUTE_PLAN device=0 Q=[256,1,16,1] Kraw=bf16 Vraw=turbo4 Kshape=[256,256,4,1] Vshape=[256,256,4,1] Keff=bf16 Veff=f16 turbo_kv=1 prefer_native_vec=0 decode=1 dk=0 dv=1 unsafe_vec_after_turbo_v_decode=1 allow_vec=0 kernel=MMA_F16 need_f16_K=1 need_f16_V=0 Knb=[2,2048,512,524288] Vnb=[66,528,132,135168] Keff_nb=[2,2048,512,524288] Veff_nb=[2,2048,512,524288]
CUDA_FA_ROUTE_ALLOC kernel=MMA_F16 need_f16_K=1 need_f16_V=0 workspace_end_offset=540672 dst_data=(nil) f16_K=0x4000 f16_V=(nil) f16_end=0x84000
CUDA_FA_ROUTE_PLAN device=0 Q=[256,1,16,1] Kraw=bf16 Vraw=turbo4 Kshape=[256,256,4,1] Vshape=[256,256,4,1] Keff=bf16 Veff=f16 turbo_kv=1 prefer_native_vec=0 decode=1 dk=0 dv=1 unsafe_vec_after_turbo_v_decode=1 allow_vec=0 kernel=MMA_F16 need_f16_K=1 need_f16_V=0 Knb=[2,2048,512,524288] Vnb=[66,528,132,135168] Keff_nb=[2,2048,512,524288] Veff_nb=[2,2048,512,524288]
CUDA_FA_ROUTE_ALLOC kernel=MMA_F16 need_f16_K=1 need_f16_V=0 workspace_end_offset=540672 dst_data=(nil) f16_K=0x4000 f16_V=(nil) f16_end=0x84000
CUDA_FA_ROUTE_PLAN device=0 Q=[256,1,16,1] Kraw=bf16 Vraw=turbo4 Kshape=[256,256,4,1] Vshape=[256,256,4,1] Keff=bf16 Veff=f16 turbo_kv=1 prefer_native_vec=0 decode=1 dk=0 dv=1 unsafe_vec_after_turbo_v_decode=1 allow_vec=0 kernel=MMA_F16 need_f16_K=1 need_f16_V=0 Knb=[2,2048,512,524288] Vnb=[66,528,132,135168] Keff_nb=[2,2048,512,524288] Veff_nb=[2,2048,512,524288]
CUDA_FA_ROUTE_ALLOC kernel=MMA_F16 need_f16_K=1 need_f16_V=0 workspace_end_offset=540672 dst_data=(nil) f16_K=0x4000 f16_V=(nil) f16_end=0x84000
CUDA_FA_ROUTE_PLAN device=0 Q=[256,1,16,1] Kraw=bf16 Vraw=turbo4 Kshape=[256,256,4,1] Vshape=[256,256,4,1] Keff=bf16 Veff=f16 turbo_kv=1 prefer_native_vec=0 decode=1 dk=0 dv=1 unsafe_vec_after_turbo_v_decode=1 allow_vec=0 kernel=MMA_F16 need_f16_K=1 need_f16_V=0 Knb=[2,2048,512,524288] Vnb=[66,528,132,135168] Keff_nb=[2,2048,512,524288] Veff_nb=[2,2048,512,524288]
CUDA_FA_ROUTE_ALLOC kernel=MMA_F16 need_f16_K=1 need_f16_V=0 workspace_end_offset=540672 dst_data=(nil) f16_K=0x4000 f16_V=(nil) f16_end=0x84000
CUDA_FA_ROUTE_PLAN device=0 Q=[256,1,16,1] Kraw=bf16 Vraw=turbo4 Kshape=[256,256,4,1] Vshape=[256,256,4,1] Keff=bf16 Veff=f16 turbo_kv=1 prefer_native_vec=0 decode=1 dk=0 dv=1 unsafe_vec_after_turbo_v_decode=1 allow_vec=0 kernel=MMA_F16 need_f16_K=1 need_f16_V=0 Knb=[2,2048,512,524288] Vnb=[66,528,132,135168] Keff_nb=[2,2048,512,524288] Veff_nb=[2,2048,512,524288]
CUDA_FA_ROUTE_ALLOC kernel=MMA_F16 need_f16_K=1 need_f16_V=0 workspace_end_offset=540672 dst_data=(nil) f16_K=0x4000 f16_V=(nil) f16_end=0x84000
CUDA_FA_ROUTE_PLAN device=0 Q=[256,1,16,1] Kraw=bf16 Vraw=turbo4 Kshape=[256,256,4,1] Vshape=[256,256,4,1] Keff=bf16 Veff=f16 turbo_kv=1 prefer_native_vec=0 decode=1 dk=0 dv=1 unsafe_vec_after_turbo_v_decode=1 allow_vec=0 kernel=MMA_F16 need_f16_K=1 need_f16_V=0 Knb=[2,2048,512,524288] Vnb=[66,528,132,135168] Keff_nb=[2,2048,512,524288] Veff_nb=[2,2048,512,524288]
CUDA_FA_ROUTE_ALLOC kernel=MMA_F16 need_f16_K=1 need_f16_V=0 workspace_end_offset=540672 dst_data=(nil) f16_K=0x4000 f16_V=(nil) f16_end=0x84000
CUDA_FA_ROUTE_PLAN device=0 Q=[256,1,16,1] Kraw=bf16 Vraw=turbo4 Kshape=[256,256,4,1] Vshape=[256,256,4,1] Keff=bf16 Veff=f16 turbo_kv=1 prefer_native_vec=0 decode=1 dk=0 dv=1 unsafe_vec_after_turbo_v_decode=1 allow_vec=0 kernel=MMA_F16 need_f16_K=1 need_f16_V=0 Knb=[2,2048,512,524288] Vnb=[66,528,132,135168] Keff_nb=[2,2048,512,524288] Veff_nb=[2,2048,512,524288]
CUDA_FA_ROUTE_ALLOC kernel=MMA_F16 need_f16_K=1 need_f16_V=0 workspace_end_offset=540672 dst_data=(nil) f16_K=0x4000 f16_V=(nil) f16_end=0x84000
CUDA_FA_ROUTE_PLAN device=0 Q=[256,1,16,1] Kraw=bf16 Vraw=turbo4 Kshape=[256,256,4,1] Vshape=[256,256,4,1] Keff=bf16 Veff=f16 turbo_kv=1 prefer_native_vec=0 decode=1 dk=0 dv=1 unsafe_vec_after_turbo_v_decode=1 allow_vec=0 kernel=MMA_F16 need_f16_K=1 need_f16_V=0 Knb=[2,2048,512,524288] Vnb=[66,528,132,135168] Keff_nb=[2,2048,512,524288] Veff_nb=[2,2048,512,524288]
CUDA_FA_ROUTE_ALLOC kernel=MMA_F16 need_f16_K=1 need_f16_V=0 workspace_end_offset=540672 dst_data=(nil) f16_K=0x4000 f16_V=(nil) f16_end=0x84000
CUDA_FA_ROUTE_PLAN device=0 Q=[256,1,16,1] Kraw=bf16 Vraw=turbo4 Kshape=[256,256,4,1] Vshape=[256,256,4,1] Keff=bf16 Veff=f16 turbo_kv=1 prefer_native_vec=0 decode=1 dk=0 dv=1 unsafe_vec_after_turbo_v_decode=1 allow_vec=0 kernel=MMA_F16 need_f16_K=1 need_f16_V=0 Knb=[2,2048,512,524288] Vnb=[66,528,132,135168] Keff_nb=[2,2048,512,524288] Veff_nb=[2,2048,512,524288]
CUDA_FA_ROUTE_ALLOC kernel=MMA_F16 need_f16_K=1 need_f16_V=0 workspace_end_offset=540672 dst_data=(nil) f16_K=0x4000 f16_V=(nil) f16_end=0x84000
CUDA_FA_ROUTE_PLAN device=0 Q=[256,1,16,1] Kraw=bf16 Vraw=turbo4 Kshape=[256,256,4,1] Vshape=[256,256,4,1] Keff=bf16 Veff=f16 turbo_kv=1 prefer_native_vec=0 decode=1 dk=0 dv=1 unsafe_vec_after_turbo_v_decode=1 allow_vec=0 kernel=MMA_F16 need_f16_K=1 need_f16_V=0 Knb=[2,2048,512,524288] Vnb=[66,528,132,135168] Keff_nb=[2,2048,512,524288] Veff_nb=[2,2048,512,524288]
CUDA_FA_ROUTE_ALLOC kernel=MMA_F16 need_f16_K=1 need_f16_V=0 workspace_end_offset=540672 dst_data=(nil) f16_K=0x4000 f16_V=(nil) f16_end=0x84000
CUDA_FA_ROUTE_PLAN device=0 Q=[256,1,16,1] Kraw=bf16 Vraw=turbo4 Kshape=[256,256,4,1] Vshape=[256,256,4,1] Keff=bf16 Veff=f16 turbo_kv=1 prefer_native_vec=0 decode=1 dk=0 dv=1 unsafe_vec_after_turbo_v_decode=1 allow_vec=0 kernel=MMA_F16 need_f16_K=1 need_f16_V=0 Knb=[2,2048,512,524288] Vnb=[66,528,132,135168] Keff_nb=[2,2048,512,524288] Veff_nb=[2,2048,512,524288]
CUDA_FA_ROUTE_ALLOC kernel=MMA_F16 need_f16_K=1 need_f16_V=0 workspace_end_offset=540672 dst_data=(nil) f16_K=0x4000 f16_V=(nil) f16_end=0x84000
CUDA_FA_ROUTE_PLAN device=0 Q=[256,1,16,1] Kraw=bf16 Vraw=turbo4 Kshape=[256,256,4,1] Vshape=[256,256,4,1] Keff=bf16 Veff=f16 turbo_kv=1 prefer_native_vec=0 decode=1 dk=0 dv=1 unsafe_vec_after_turbo_v_decode=1 allow_vec=0 kernel=MMA_F16 need_f16_K=1 need_f16_V=0 Knb=[2,2048,512,524288] Vnb=[66,528,132,135168] Keff_nb=[2,2048,512,524288] Veff_nb=[2,2048,512,524288]
CUDA_FA_ROUTE_ALLOC kernel=MMA_F16 need_f16_K=1 need_f16_V=0 workspace_end_offset=540672 dst_data=(nil) f16_K=0x4000 f16_V=(nil) f16_end=0x84000
CUDA_FA_ROUTE_PLAN device=0 Q=[256,1,16,1] Kraw=bf16 Vraw=turbo4 Kshape=[256,256,4,1] Vshape=[256,256,4,1] Keff=bf16 Veff=f16 turbo_kv=1 prefer_native_vec=0 decode=1 dk=0 dv=1 unsafe_vec_after_turbo_v_decode=1 allow_vec=0 kernel=MMA_F16 need_f16_K=1 need_f16_V=0 Knb=[2,2048,512,524288] Vnb=[66,528,132,135168] Keff_nb=[2,2048,512,524288] Veff_nb=[2,2048,512,524288]
CUDA_FA_ROUTE_ALLOC kernel=MMA_F16 need_f16_K=1 need_f16_V=0 workspace_end_offset=540672 dst_data=(nil) f16_K=0x4000 f16_V=(nil) f16_end=0x84000
CUDA_FA_ROUTE_PLAN device=0 Q=[256,1,16,1] Kraw=bf16 Vraw=turbo4 Kshape=[256,256,4,1] Vshape=[256,256,4,1] Keff=bf16 Veff=f16 turbo_kv=1 prefer_native_vec=0 decode=1 dk=0 dv=1 unsafe_vec_after_turbo_v_decode=1 allow_vec=0 kernel=MMA_F16 need_f16_K=1 need_f16_V=0 Knb=[2,2048,512,524288] Vnb=[66,528,132,135168] Keff_nb=[2,2048,512,524288] Veff_nb=[2,2048,512,524288]
CUDA_FA_ROUTE_ALLOC kernel=MMA_F16 need_f16_K=1 need_f16_V=0 workspace_end_offset=540672 dst_data=(nil) f16_K=0x4000 f16_V=(nil) f16_end=0x84000
CUDA_FA_ROUTE_PLAN device=0 Q=[256,1,16,1] Kraw=bf16 Vraw=turbo4 Kshape=[256,256,4,1] Vshape=[256,256,4,1] Keff=bf16 Veff=f16 turbo_kv=1 prefer_native_vec=0 decode=1 dk=0 dv=1 unsafe_vec_after_turbo_v_decode=1 allow_vec=0 kernel=MMA_F16 need_f16_K=1 need_f16_V=0 Knb=[2,2048,512,524288] Vnb=[66,528,132,135168] Keff_nb=[2,2048,512,524288] Veff_nb=[2,2048,512,524288]
CUDA_FA_ROUTE_ALLOC kernel=MMA_F16 need_f16_K=1 need_f16_V=0 workspace_end_offset=540672 dst_data=(nil) f16_K=0x4000 f16_V=(nil) f16_end=0x84000
CUDA_FA_ROUTE_PLAN device=0 Q=[256,1,16,1] Kraw=bf16 Vraw=turbo4 Kshape=[256,256,4,1] Vshape=[256,256,4,1] Keff=bf16 Veff=f16 turbo_kv=1 prefer_native_vec=0 decode=1 dk=0 dv=1 unsafe_vec_after_turbo_v_decode=1 allow_vec=0 kernel=MMA_F16 need_f16_K=1 need_f16_V=0 Knb=[2,2048,512,524288] Vnb=[66,528,132,135168] Keff_nb=[2,2048,512,524288] Veff_nb=[2,2048,512,524288]
CUDA_FA_ROUTE_ALLOC kernel=MMA_F16 need_f16_K=1 need_f16_V=0 workspace_end_offset=540672 dst_data=(nil) f16_K=0x4000 f16_V=(nil) f16_end=0x84000
CUDA_FA_ROUTE_PLAN device=0 Q=[256,1,16,1] Kraw=bf16 Vraw=turbo4 Kshape=[256,256,4,1] Vshape=[256,256,4,1] Keff=bf16 Veff=f16 turbo_kv=1 prefer_native_vec=0 decode=1 dk=0 dv=1 unsafe_vec_after_turbo_v_decode=1 allow_vec=0 kernel=MMA_F16 need_f16_K=1 need_f16_V=0 Knb=[2,2048,512,524288] Vnb=[66,528,132,135168] Keff_nb=[2,2048,512,524288] Veff_nb=[2,2048,512,524288]
CUDA_FA_ROUTE_ALLOC kernel=MMA_F16 need_f16_K=1 need_f16_V=0 workspace_end_offset=540672 dst_data=(nil) f16_K=0x4000 f16_V=(nil) f16_end=0x84000
CUDA_FA_ROUTE_PLAN device=0 Q=[256,1,16,1] Kraw=bf16 Vraw=turbo4 Kshape=[256,256,4,1] Vshape=[256,256,4,1] Keff=bf16 Veff=f16 turbo_kv=1 prefer_native_vec=0 decode=1 dk=0 dv=1 unsafe_vec_after_turbo_v_decode=1 allow_vec=0 kernel=MMA_F16 need_f16_K=1 need_f16_V=0 Knb=[2,2048,512,524288] Vnb=[66,528,132,135168] Keff_nb=[2,2048,512,524288] Veff_nb=[2,2048,512,524288]
CUDA_FA_ROUTE_ALLOC kernel=MMA_F16 need_f16_K=1 need_f16_V=0 workspace_end_offset=540672 dst_data=(nil) f16_K=0x4000 f16_V=(nil) f16_end=0x84000
CUDA_FA_ROUTE_PLAN device=0 Q=[256,1,16,1] Kraw=bf16 Vraw=turbo4 Kshape=[256,256,4,1] Vshape=[256,256,4,1] Keff=bf16 Veff=f16 turbo_kv=1 prefer_native_vec=0 decode=1 dk=0 dv=1 unsafe_vec_after_turbo_v_decode=1 allow_vec=0 kernel=MMA_F16 need_f16_K=1 need_f16_V=0 Knb=[2,2048,512,524288] Vnb=[66,528,132,135168] Keff_nb=[2,2048,512,524288] Veff_nb=[2,2048,512,524288]
CUDA_FA_ROUTE_ALLOC kernel=MMA_F16 need_f16_K=1 need_f16_V=0 workspace_end_offset=540672 dst_data=(nil) f16_K=0x4000 f16_V=(nil) f16_end=0x84000
CUDA_FA_ROUTE_PLAN device=0 Q=[256,1,16,1] Kraw=bf16 Vraw=turbo4 Kshape=[256,256,4,1] Vshape=[256,256,4,1] Keff=bf16 Veff=f16 turbo_kv=1 prefer_native_vec=0 decode=1 dk=0 dv=1 unsafe_vec_after_turbo_v_decode=1 allow_vec=0 kernel=MMA_F16 need_f16_K=1 need_f16_V=0 Knb=[2,2048,512,524288] Vnb=[66,528,132,135168] Keff_nb=[2,2048,512,524288] Veff_nb=[2,2048,512,524288]
CUDA_FA_ROUTE_ALLOC kernel=MMA_F16 need_f16_K=1 need_f16_V=0 workspace_end_offset=540672 dst_data=(nil) f16_K=0x4000 f16_V=(nil) f16_end=0x84000
CUDA_FA_ROUTE_PLAN device=0 Q=[256,1,16,1] Kraw=bf16 Vraw=turbo4 Kshape=[256,256,4,1] Vshape=[256,256,4,1] Keff=bf16 Veff=f16 turbo_kv=1 prefer_native_vec=0 decode=1 dk=0 dv=1 unsafe_vec_after_turbo_v_decode=1 allow_vec=0 kernel=MMA_F16 need_f16_K=1 need_f16_V=0 Knb=[2,2048,512,524288] Vnb=[66,528,132,135168] Keff_nb=[2,2048,512,524288] Veff_nb=[2,2048,512,524288]
CUDA_FA_ROUTE_ALLOC kernel=MMA_F16 need_f16_K=1 need_f16_V=0 workspace_end_offset=540672 dst_data=(nil) f16_K=0x4000 f16_V=(nil) f16_end=0x84000
CUDA_FA_ROUTE_PLAN device=0 Q=[256,1,16,1] Kraw=bf16 Vraw=turbo4 Kshape=[256,256,4,1] Vshape=[256,256,4,1] Keff=bf16 Veff=f16 turbo_kv=1 prefer_native_vec=0 decode=1 dk=0 dv=1 unsafe_vec_after_turbo_v_decode=1 allow_vec=0 kernel=MMA_F16 need_f16_K=1 need_f16_V=0 Knb=[2,2048,512,524288] Vnb=[66,528,132,135168] Keff_nb=[2,2048,512,524288] Veff_nb=[2,2048,512,524288]
CUDA_FA_ROUTE_ALLOC kernel=MMA_F16 need_f16_K=1 need_f16_V=0 workspace_end_offset=540672 dst_data=(nil) f16_K=0x4000 f16_V=(nil) f16_end=0x84000
CUDA_FA_ROUTE_PLAN device=0 Q=[256,1,16,1] Kraw=bf16 Vraw=turbo4 Kshape=[256,256,4,1] Vshape=[256,256,4,1] Keff=bf16 Veff=f16 turbo_kv=1 prefer_native_vec=0 decode=1 dk=0 dv=1 unsafe_vec_after_turbo_v_decode=1 allow_vec=0 kernel=MMA_F16 need_f16_K=1 need_f16_V=0 Knb=[2,2048,512,524288] Vnb=[66,528,132,135168] Keff_nb=[2,2048,512,524288] Veff_nb=[2,2048,512,524288]
CUDA_FA_ROUTE_ALLOC kernel=MMA_F16 need_f16_K=1 need_f16_V=0 workspace_end_offset=540672 dst_data=(nil) f16_K=0x4000 f16_V=(nil) f16_end=0x84000
CUDA_FA_ROUTE_PLAN device=0 Q=[256,1,16,1] Kraw=bf16 Vraw=turbo4 Kshape=[256,256,4,1] Vshape=[256,256,4,1] Keff=bf16 Veff=f16 turbo_kv=1 prefer_native_vec=0 decode=1 dk=0 dv=1 unsafe_vec_after_turbo_v_decode=1 allow_vec=0 kernel=MMA_F16 need_f16_K=1 need_f16_V=0 Knb=[2,2048,512,524288] Vnb=[66,528,132,135168] Keff_nb=[2,2048,512,524288] Veff_nb=[2,2048,512,524288]
CUDA_FA_ROUTE_ALLOC kernel=MMA_F16 need_f16_K=1 need_f16_V=0 workspace_end_offset=540672 dst_data=(nil) f16_K=0x4000 f16_V=(nil) f16_end=0x84000
CUDA_FA_ROUTE_PLAN device=0 Q=[256,1,16,1] Kraw=bf16 Vraw=turbo4 Kshape=[256,256,4,1] Vshape=[256,256,4,1] Keff=bf16 Veff=f16 turbo_kv=1 prefer_native_vec=0 decode=1 dk=0 dv=1 unsafe_vec_after_turbo_v_decode=1 allow_vec=0 kernel=MMA_F16 need_f16_K=1 need_f16_V=0 Knb=[2,2048,512,524288] Vnb=[66,528,132,135168] Keff_nb=[2,2048,512,524288] Veff_nb=[2,2048,512,524288]
CUDA_FA_ROUTE_ALLOC kernel=MMA_F16 need_f16_K=1 need_f16_V=0 workspace_end_offset=540672 dst_data=(nil) f16_K=0x4000 f16_V=(nil) f16_end=0x84000
CUDA_FA_ROUTE_PLAN device=0 Q=[256,1,16,1] Kraw=bf16 Vraw=turbo4 Kshape=[256,256,4,1] Vshape=[256,256,4,1] Keff=bf16 Veff=f16 turbo_kv=1 prefer_native_vec=0 decode=1 dk=0 dv=1 unsafe_vec_after_turbo_v_decode=1 allow_vec=0 kernel=MMA_F16 need_f16_K=1 need_f16_V=0 Knb=[2,2048,512,524288] Vnb=[66,528,132,135168] Keff_nb=[2,2048,512,524288] Veff_nb=[2,2048,512,524288]
CUDA_FA_ROUTE_ALLOC kernel=MMA_F16 need_f16_K=1 need_f16_V=0 workspace_end_offset=540672 dst_data=(nil) f16_K=0x4000 f16_V=(nil) f16_end=0x84000
CUDA_FA_ROUTE_PLAN device=0 Q=[256,1,16,1] Kraw=bf16 Vraw=turbo4 Kshape=[256,256,4,1] Vshape=[256,256,4,1] Keff=bf16 Veff=f16 turbo_kv=1 prefer_native_vec=0 decode=1 dk=0 dv=1 unsafe_vec_after_turbo_v_decode=1 allow_vec=0 kernel=MMA_F16 need_f16_K=1 need_f16_V=0 Knb=[2,2048,512,524288] Vnb=[66,528,132,135168] Keff_nb=[2,2048,512,524288] Veff_nb=[2,2048,512,524288]
CUDA_FA_ROUTE_ALLOC kernel=MMA_F16 need_f16_K=1 need_f16_V=0 workspace_end_offset=540672 dst_data=(nil) f16_K=0x4000 f16_V=(nil) f16_end=0x84000
CUDA_FA_ROUTE_PLAN device=0 Q=[256,1,16,1] Kraw=bf16 Vraw=turbo4 Kshape=[256,256,4,1] Vshape=[256,256,4,1] Keff=bf16 Veff=f16 turbo_kv=1 prefer_native_vec=0 decode=1 dk=0 dv=1 unsafe_vec_after_turbo_v_decode=1 allow_vec=0 kernel=MMA_F16 need_f16_K=1 need_f16_V=0 Knb=[2,2048,512,524288] Vnb=[66,528,132,135168] Keff_nb=[2,2048,512,524288] Veff_nb=[2,2048,512,524288]
CUDA_FA_ROUTE_ALLOC kernel=MMA_F16 need_f16_K=1 need_f16_V=0 workspace_end_offset=540672 dst_data=(nil) f16_K=0x4000 f16_V=(nil) f16_end=0x84000
CUDA_FA_ROUTE_PLAN device=0 Q=[256,1,16,1] Kraw=bf16 Vraw=turbo4 Kshape=[256,256,4,1] Vshape=[256,256,4,1] Keff=bf16 Veff=f16 turbo_kv=1 prefer_native_vec=0 decode=1 dk=0 dv=1 unsafe_vec_after_turbo_v_decode=1 allow_vec=0 kernel=MMA_F16 need_f16_K=1 need_f16_V=0 Knb=[2,2048,512,524288] Vnb=[66,528,132,135168] Keff_nb=[2,2048,512,524288] Veff_nb=[2,2048,512,524288]
CUDA_FA_ROUTE_ALLOC kernel=MMA_F16 need_f16_K=1 need_f16_V=0 workspace_end_offset=540672 dst_data=(nil) f16_K=0x4000 f16_V=(nil) f16_end=0x84000
CUDA_FA_ROUTE_PLAN device=0 Q=[256,1,16,1] Kraw=bf16 Vraw=turbo4 Kshape=[256,256,4,1] Vshape=[256,256,4,1] Keff=bf16 Veff=f16 turbo_kv=1 prefer_native_vec=0 decode=1 dk=0 dv=1 unsafe_vec_after_turbo_v_decode=1 allow_vec=0 kernel=MMA_F16 need_f16_K=1 need_f16_V=0 Knb=[2,2048,512,524288] Vnb=[66,528,132,135168] Keff_nb=[2,2048,512,524288] Veff_nb=[2,2048,512,524288]
CUDA_FA_ROUTE_ALLOC kernel=MMA_F16 need_f16_K=1 need_f16_V=0 workspace_end_offset=540672 dst_data=(nil) f16_K=0x4000 f16_V=(nil) f16_end=0x84000
CUDA_FA_ROUTE_PLAN device=0 Q=[256,1,16,1] Kraw=bf16 Vraw=turbo4 Kshape=[256,256,4,1] Vshape=[256,256,4,1] Keff=bf16 Veff=f16 turbo_kv=1 prefer_native_vec=0 decode=1 dk=0 dv=1 unsafe_vec_after_turbo_v_decode=1 allow_vec=0 kernel=MMA_F16 need_f16_K=1 need_f16_V=0 Knb=[2,2048,512,524288] Vnb=[66,528,132,135168] Keff_nb=[2,2048,512,524288] Veff_nb=[2,2048,512,524288]
CUDA_FA_ROUTE_ALLOC kernel=MMA_F16 need_f16_K=1 need_f16_V=0 workspace_end_offset=540672 dst_data=(nil) f16_K=0x4000 f16_V=(nil) f16_end=0x84000
CUDA_FA_ROUTE_PLAN device=0 Q=[256,256,16,1] Kraw=bf16 Vraw=turbo4 Kshape=[256,256,4,1] Vshape=[256,256,4,1] Keff=bf16 Veff=f16 turbo_kv=1 prefer_native_vec=0 decode=1 dk=0 dv=1 unsafe_vec_after_turbo_v_decode=1 allow_vec=0 kernel=MMA_F16 need_f16_K=1 need_f16_V=0 Knb=[2,2048,512,524288] Vnb=[66,528,132,135168] Keff_nb=[2,2048,512,524288] Veff_nb=[2,2048,512,524288]
CUDA_FA_ROUTE_SUPPORTED kernel=MMA_F16 effK=bf16 effV=f16 supported=1
CUDA_FA_ROUTE_PLAN device=0 Q=[256,256,16,1] Kraw=bf16 Vraw=turbo4 Kshape=[256,256,4,1] Vshape=[256,256,4,1] Keff=bf16 Veff=f16 turbo_kv=1 prefer_native_vec=0 decode=1 dk=0 dv=1 unsafe_vec_after_turbo_v_decode=1 allow_vec=0 kernel=MMA_F16 need_f16_K=1 need_f16_V=0 Knb=[2,2048,512,524288] Vnb=[66,528,132,135168] Keff_nb=[2,2048,512,524288] Veff_nb=[2,2048,512,524288]
CUDA_FA_ROUTE_SUPPORTED kernel=MMA_F16 effK=bf16 effV=f16 supported=1
CUDA_FA_ROUTE_PLAN device=0 Q=[256,256,16,1] Kraw=bf16 Vraw=turbo4 Kshape=[256,256,4,1] Vshape=[256,256,4,1] Keff=bf16 Veff=f16 turbo_kv=1 prefer_native_vec=0 decode=1 dk=0 dv=1 unsafe_vec_after_turbo_v_decode=1 allow_vec=0 kernel=MMA_F16 need_f16_K=1 need_f16_V=0 Knb=[2,2048,512,524288] Vnb=[66,528,132,135168] Keff_nb=[2,2048,512,524288] Veff_nb=[2,2048,512,524288]
CUDA_FA_ROUTE_SUPPORTED kernel=MMA_F16 effK=bf16 effV=f16 supported=1
CUDA_FA_ROUTE_PLAN device=0 Q=[256,256,16,1] Kraw=bf16 Vraw=turbo4 Kshape=[256,256,4,1] Vshape=[256,256,4,1] Keff=bf16 Veff=f16 turbo_kv=1 prefer_native_vec=0 decode=1 dk=0 dv=1 unsafe_vec_after_turbo_v_decode=1 allow_vec=0 kernel=MMA_F16 need_f16_K=1 need_f16_V=0 Knb=[2,2048,512,524288] Vnb=[66,528,132,135168] Keff_nb=[2,2048,512,524288] Veff_nb=[2,2048,512,524288]
CUDA_FA_ROUTE_SUPPORTED kernel=MMA_F16 effK=bf16 effV=f16 supported=1
CUDA_FA_ROUTE_PLAN device=0 Q=[256,256,16,1] Kraw=bf16 Vraw=turbo4 Kshape=[256,256,4,1] Vshape=[256,256,4,1] Keff=bf16 Veff=f16 turbo_kv=1 prefer_native_vec=0 decode=1 dk=0 dv=1 unsafe_vec_after_turbo_v_decode=1 allow_vec=0 kernel=MMA_F16 need_f16_K=1 need_f16_V=0 Knb=[2,2048,512,524288] Vnb=[66,528,132,135168] Keff_nb=[2,2048,512,524288] Veff_nb=[2,2048,512,524288]
CUDA_FA_ROUTE_SUPPORTED kernel=MMA_F16 effK=bf16 effV=f16 supported=1
CUDA_FA_ROUTE_PLAN device=0 Q=[256,256,16,1] Kraw=bf16 Vraw=turbo4 Kshape=[256,256,4,1] Vshape=[256,256,4,1] Keff=bf16 Veff=f16 turbo_kv=1 prefer_native_vec=0 decode=1 dk=0 dv=1 unsafe_vec_after_turbo_v_decode=1 allow_vec=0 kernel=MMA_F16 need_f16_K=1 need_f16_V=0 Knb=[2,2048,512,524288] Vnb=[66,528,132,135168] Keff_nb=[2,2048,512,524288] Veff_nb=[2,2048,512,524288]
CUDA_FA_ROUTE_SUPPORTED kernel=MMA_F16 effK=bf16 effV=f16 supported=1
CUDA_FA_ROUTE_PLAN device=0 Q=[256,256,16,1] Kraw=bf16 Vraw=turbo4 Kshape=[256,256,4,1] Vshape=[256,256,4,1] Keff=bf16 Veff=f16 turbo_kv=1 prefer_native_vec=0 decode=1 dk=0 dv=1 unsafe_vec_after_turbo_v_decode=1 allow_vec=0 kernel=MMA_F16 need_f16_K=1 need_f16_V=0 Knb=[2,2048,512,524288] Vnb=[66,528,132,135168] Keff_nb=[2,2048,512,524288] Veff_nb=[2,2048,512,524288]
CUDA_FA_ROUTE_SUPPORTED kernel=MMA_F16 effK=bf16 effV=f16 supported=1
CUDA_FA_ROUTE_PLAN device=0 Q=[256,256,16,1] Kraw=bf16 Vraw=turbo4 Kshape=[256,256,4,1] Vshape=[256,256,4,1] Keff=bf16 Veff=f16 turbo_kv=1 prefer_native_vec=0 decode=1 dk=0 dv=1 unsafe_vec_after_turbo_v_decode=1 allow_vec=0 kernel=MMA_F16 need_f16_K=1 need_f16_V=0 Knb=[2,2048,512,524288] Vnb=[66,528,132,135168] Keff_nb=[2,2048,512,524288] Veff_nb=[2,2048,512,524288]
CUDA_FA_ROUTE_SUPPORTED kernel=MMA_F16 effK=bf16 effV=f16 supported=1
CUDA_FA_ROUTE_PLAN device=0 Q=[256,256,16,1] Kraw=bf16 Vraw=turbo4 Kshape=[256,256,4,1] Vshape=[256,256,4,1] Keff=bf16 Veff=f16 turbo_kv=1 prefer_native_vec=0 decode=1 dk=0 dv=1 unsafe_vec_after_turbo_v_decode=1 allow_vec=0 kernel=MMA_F16 need_f16_K=1 need_f16_V=0 Knb=[2,2048,512,524288] Vnb=[66,528,132,135168] Keff_nb=[2,2048,512,524288] Veff_nb=[2,2048,512,524288]
CUDA_FA_ROUTE_ALLOC kernel=MMA_F16 need_f16_K=1 need_f16_V=0 workspace_end_offset=4718592 dst_data=(nil) f16_K=0x400000 f16_V=(nil) f16_end=0x480000
CUDA_FA_ROUTE_PLAN device=0 Q=[256,256,16,1] Kraw=bf16 Vraw=turbo4 Kshape=[256,256,4,1] Vshape=[256,256,4,1] Keff=bf16 Veff=f16 turbo_kv=1 prefer_native_vec=0 decode=1 dk=0 dv=1 unsafe_vec_after_turbo_v_decode=1 allow_vec=0 kernel=MMA_F16 need_f16_K=1 need_f16_V=0 Knb=[2,2048,512,524288] Vnb=[66,528,132,135168] Keff_nb=[2,2048,512,524288] Veff_nb=[2,2048,512,524288]
CUDA_FA_ROUTE_ALLOC kernel=MMA_F16 need_f16_K=1 need_f16_V=0 workspace_end_offset=4718592 dst_data=(nil) f16_K=0x400000 f16_V=(nil) f16_end=0x480000
CUDA_FA_ROUTE_PLAN device=0 Q=[256,256,16,1] Kraw=bf16 Vraw=turbo4 Kshape=[256,256,4,1] Vshape=[256,256,4,1] Keff=bf16 Veff=f16 turbo_kv=1 prefer_native_vec=0 decode=1 dk=0 dv=1 unsafe_vec_after_turbo_v_decode=1 allow_vec=0 kernel=MMA_F16 need_f16_K=1 need_f16_V=0 Knb=[2,2048,512,524288] Vnb=[66,528,132,135168] Keff_nb=[2,2048,512,524288] Veff_nb=[2,2048,512,524288]
CUDA_FA_ROUTE_ALLOC kernel=MMA_F16 need_f16_K=1 need_f16_V=0 workspace_end_offset=4718592 dst_data=(nil) f16_K=0x400000 f16_V=(nil) f16_end=0x480000
CUDA_FA_ROUTE_PLAN device=0 Q=[256,256,16,1] Kraw=bf16 Vraw=turbo4 Kshape=[256,256,4,1] Vshape=[256,256,4,1] Keff=bf16 Veff=f16 turbo_kv=1 prefer_native_vec=0 decode=1 dk=0 dv=1 unsafe_vec_after_turbo_v_decode=1 allow_vec=0 kernel=MMA_F16 need_f16_K=1 need_f16_V=0 Knb=[2,2048,512,524288] Vnb=[66,528,132,135168] Keff_nb=[2,2048,512,524288] Veff_nb=[2,2048,512,524288]
CUDA_FA_ROUTE_ALLOC kernel=MMA_F16 need_f16_K=1 need_f16_V=0 workspace_end_offset=4718592 dst_data=(nil) f16_K=0x400000 f16_V=(nil) f16_end=0x480000
CUDA_FA_ROUTE_PLAN device=0 Q=[256,256,16,1] Kraw=bf16 Vraw=turbo4 Kshape=[256,256,4,1] Vshape=[256,256,4,1] Keff=bf16 Veff=f16 turbo_kv=1 prefer_native_vec=0 decode=1 dk=0 dv=1 unsafe_vec_after_turbo_v_decode=1 allow_vec=0 kernel=MMA_F16 need_f16_K=1 need_f16_V=0 Knb=[2,2048,512,524288] Vnb=[66,528,132,135168] Keff_nb=[2,2048,512,524288] Veff_nb=[2,2048,512,524288]
CUDA_FA_ROUTE_ALLOC kernel=MMA_F16 need_f16_K=1 need_f16_V=0 workspace_end_offset=4718592 dst_data=(nil) f16_K=0x400000 f16_V=(nil) f16_end=0x480000
CUDA_FA_ROUTE_PLAN device=0 Q=[256,256,16,1] Kraw=bf16 Vraw=turbo4 Kshape=[256,256,4,1] Vshape=[256,256,4,1] Keff=bf16 Veff=f16 turbo_kv=1 prefer_native_vec=0 decode=1 dk=0 dv=1 unsafe_vec_after_turbo_v_decode=1 allow_vec=0 kernel=MMA_F16 need_f16_K=1 need_f16_V=0 Knb=[2,2048,512,524288] Vnb=[66,528,132,135168] Keff_nb=[2,2048,512,524288] Veff_nb=[2,2048,512,524288]
CUDA_FA_ROUTE_ALLOC kernel=MMA_F16 need_f16_K=1 need_f16_V=0 workspace_end_offset=4718592 dst_data=(nil) f16_K=0x400000 f16_V=(nil) f16_end=0x480000
CUDA_FA_ROUTE_PLAN device=0 Q=[256,256,16,1] Kraw=bf16 Vraw=turbo4 Kshape=[256,256,4,1] Vshape=[256,256,4,1] Keff=bf16 Veff=f16 turbo_kv=1 prefer_native_vec=0 decode=1 dk=0 dv=1 unsafe_vec_after_turbo_v_decode=1 allow_vec=0 kernel=MMA_F16 need_f16_K=1 need_f16_V=0 Knb=[2,2048,512,524288] Vnb=[66,528,132,135168] Keff_nb=[2,2048,512,524288] Veff_nb=[2,2048,512,524288]
CUDA_FA_ROUTE_ALLOC kernel=MMA_F16 need_f16_K=1 need_f16_V=0 workspace_end_offset=4718592 dst_data=(nil) f16_K=0x400000 f16_V=(nil) f16_end=0x480000
CUDA_FA_ROUTE_PLAN device=0 Q=[256,256,16,1] Kraw=bf16 Vraw=turbo4 Kshape=[256,256,4,1] Vshape=[256,256,4,1] Keff=bf16 Veff=f16 turbo_kv=1 prefer_native_vec=0 decode=1 dk=0 dv=1 unsafe_vec_after_turbo_v_decode=1 allow_vec=0 kernel=MMA_F16 need_f16_K=1 need_f16_V=0 Knb=[2,2048,512,524288] Vnb=[66,528,132,135168] Keff_nb=[2,2048,512,524288] Veff_nb=[2,2048,512,524288]
CUDA_FA_ROUTE_ALLOC kernel=MMA_F16 need_f16_K=1 need_f16_V=0 workspace_end_offset=4718592 dst_data=(nil) f16_K=0x400000 f16_V=(nil) f16_end=0x480000
CUDA_FA_ROUTE_PLAN device=0 Q=[256,256,16,1] Kraw=bf16 Vraw=turbo4 Kshape=[256,256,4,1] Vshape=[256,256,4,1] Keff=bf16 Veff=f16 turbo_kv=1 prefer_native_vec=0 decode=1 dk=0 dv=1 unsafe_vec_after_turbo_v_decode=1 allow_vec=0 kernel=MMA_F16 need_f16_K=1 need_f16_V=0 Knb=[2,2048,512,524288] Vnb=[66,528,132,135168] Keff_nb=[2,2048,512,524288] Veff_nb=[2,2048,512,524288]
CUDA_FA_ROUTE_ALLOC kernel=MMA_F16 need_f16_K=1 need_f16_V=0 workspace_end_offset=4718592 dst_data=(nil) f16_K=0x400000 f16_V=(nil) f16_end=0x480000
CUDA_FA_ROUTE_PLAN device=0 Q=[256,256,16,1] Kraw=bf16 Vraw=turbo4 Kshape=[256,256,4,1] Vshape=[256,256,4,1] Keff=bf16 Veff=f16 turbo_kv=1 prefer_native_vec=0 decode=1 dk=0 dv=1 unsafe_vec_after_turbo_v_decode=1 allow_vec=0 kernel=MMA_F16 need_f16_K=1 need_f16_V=0 Knb=[2,2048,512,524288] Vnb=[66,528,132,135168] Keff_nb=[2,2048,512,524288] Veff_nb=[2,2048,512,524288]
CUDA_FA_ROUTE_ALLOC kernel=MMA_F16 need_f16_K=1 need_f16_V=0 workspace_end_offset=4718592 dst_data=(nil) f16_K=0x400000 f16_V=(nil) f16_end=0x480000
CUDA_FA_ROUTE_PLAN device=0 Q=[256,256,16,1] Kraw=bf16 Vraw=turbo4 Kshape=[256,256,4,1] Vshape=[256,256,4,1] Keff=bf16 Veff=f16 turbo_kv=1 prefer_native_vec=0 decode=1 dk=0 dv=1 unsafe_vec_after_turbo_v_decode=1 allow_vec=0 kernel=MMA_F16 need_f16_K=1 need_f16_V=0 Knb=[2,2048,512,524288] Vnb=[66,528,132,135168] Keff_nb=[2,2048,512,524288] Veff_nb=[2,2048,512,524288]
CUDA_FA_ROUTE_ALLOC kernel=MMA_F16 need_f16_K=1 need_f16_V=0 workspace_end_offset=4718592 dst_data=(nil) f16_K=0x400000 f16_V=(nil) f16_end=0x480000
CUDA_FA_ROUTE_PLAN device=0 Q=[256,256,16,1] Kraw=bf16 Vraw=turbo4 Kshape=[256,256,4,1] Vshape=[256,256,4,1] Keff=bf16 Veff=f16 turbo_kv=1 prefer_native_vec=0 decode=1 dk=0 dv=1 unsafe_vec_after_turbo_v_decode=1 allow_vec=0 kernel=MMA_F16 need_f16_K=1 need_f16_V=0 Knb=[2,2048,512,524288] Vnb=[66,528,132,135168] Keff_nb=[2,2048,512,524288] Veff_nb=[2,2048,512,524288]
CUDA_FA_ROUTE_ALLOC kernel=MMA_F16 need_f16_K=1 need_f16_V=0 workspace_end_offset=4718592 dst_data=(nil) f16_K=0x400000 f16_V=(nil) f16_end=0x480000
CUDA_FA_ROUTE_PLAN device=0 Q=[256,256,16,1] Kraw=bf16 Vraw=turbo4 Kshape=[256,256,4,1] Vshape=[256,256,4,1] Keff=bf16 Veff=f16 turbo_kv=1 prefer_native_vec=0 decode=1 dk=0 dv=1 unsafe_vec_after_turbo_v_decode=1 allow_vec=0 kernel=MMA_F16 need_f16_K=1 need_f16_V=0 Knb=[2,2048,512,524288] Vnb=[66,528,132,135168] Keff_nb=[2,2048,512,524288] Veff_nb=[2,2048,512,524288]
CUDA_FA_ROUTE_ALLOC kernel=MMA_F16 need_f16_K=1 need_f16_V=0 workspace_end_offset=4718592 dst_data=(nil) f16_K=0x400000 f16_V=(nil) f16_end=0x480000
CUDA_FA_ROUTE_PLAN device=0 Q=[256,256,16,1] Kraw=bf16 Vraw=turbo4 Kshape=[256,256,4,1] Vshape=[256,256,4,1] Keff=bf16 Veff=f16 turbo_kv=1 prefer_native_vec=0 decode=1 dk=0 dv=1 unsafe_vec_after_turbo_v_decode=1 allow_vec=0 kernel=MMA_F16 need_f16_K=1 need_f16_V=0 Knb=[2,2048,512,524288] Vnb=[66,528,132,135168] Keff_nb=[2,2048,512,524288] Veff_nb=[2,2048,512,524288]
CUDA_FA_ROUTE_ALLOC kernel=MMA_F16 need_f16_K=1 need_f16_V=0 workspace_end_offset=4718592 dst_data=(nil) f16_K=0x400000 f16_V=(nil) f16_end=0x480000
CUDA_FA_ROUTE_PLAN device=0 Q=[256,256,16,1] Kraw=bf16 Vraw=turbo4 Kshape=[256,256,4,1] Vshape=[256,256,4,1] Keff=bf16 Veff=f16 turbo_kv=1 prefer_native_vec=0 decode=1 dk=0 dv=1 unsafe_vec_after_turbo_v_decode=1 allow_vec=0 kernel=MMA_F16 need_f16_K=1 need_f16_V=0 Knb=[2,2048,512,524288] Vnb=[66,528,132,135168] Keff_nb=[2,2048,512,524288] Veff_nb=[2,2048,512,524288]
CUDA_FA_ROUTE_ALLOC kernel=MMA_F16 need_f16_K=1 need_f16_V=0 workspace_end_offset=4718592 dst_data=(nil) f16_K=0x400000 f16_V=(nil) f16_end=0x480000
CUDA_FA_ROUTE_PLAN device=0 Q=[256,256,16,1] Kraw=bf16 Vraw=turbo4 Kshape=[256,256,4,1] Vshape=[256,256,4,1] Keff=bf16 Veff=f16 turbo_kv=1 prefer_native_vec=0 decode=1 dk=0 dv=1 unsafe_vec_after_turbo_v_decode=1 allow_vec=0 kernel=MMA_F16 need_f16_K=1 need_f16_V=0 Knb=[2,2048,512,524288] Vnb=[66,528,132,135168] Keff_nb=[2,2048,512,524288] Veff_nb=[2,2048,512,524288]
CUDA_FA_ROUTE_ALLOC kernel=MMA_F16 need_f16_K=1 need_f16_V=0 workspace_end_offset=4718592 dst_data=(nil) f16_K=0x400000 f16_V=(nil) f16_end=0x480000
CUDA_FA_ROUTE_PLAN device=0 Q=[256,256,16,1] Kraw=bf16 Vraw=turbo4 Kshape=[256,256,4,1] Vshape=[256,256,4,1] Keff=bf16 Veff=f16 turbo_kv=1 prefer_native_vec=0 decode=1 dk=0 dv=1 unsafe_vec_after_turbo_v_decode=1 allow_vec=0 kernel=MMA_F16 need_f16_K=1 need_f16_V=0 Knb=[2,2048,512,524288] Vnb=[66,528,132,135168] Keff_nb=[2,2048,512,524288] Veff_nb=[2,2048,512,524288]
CUDA_FA_ROUTE_ALLOC kernel=MMA_F16 need_f16_K=1 need_f16_V=0 workspace_end_offset=4718592 dst_data=(nil) f16_K=0x400000 f16_V=(nil) f16_end=0x480000
CUDA_FA_ROUTE_PLAN device=0 Q=[256,256,16,1] Kraw=bf16 Vraw=turbo4 Kshape=[256,256,4,1] Vshape=[256,256,4,1] Keff=bf16 Veff=f16 turbo_kv=1 prefer_native_vec=0 decode=1 dk=0 dv=1 unsafe_vec_after_turbo_v_decode=1 allow_vec=0 kernel=MMA_F16 need_f16_K=1 need_f16_V=0 Knb=[2,2048,512,524288] Vnb=[66,528,132,135168] Keff_nb=[2,2048,512,524288] Veff_nb=[2,2048,512,524288]
CUDA_FA_ROUTE_ALLOC kernel=MMA_F16 need_f16_K=1 need_f16_V=0 workspace_end_offset=4718592 dst_data=(nil) f16_K=0x400000 f16_V=(nil) f16_end=0x480000
CUDA_FA_ROUTE_PLAN device=0 Q=[256,256,16,1] Kraw=bf16 Vraw=turbo4 Kshape=[256,256,4,1] Vshape=[256,256,4,1] Keff=bf16 Veff=f16 turbo_kv=1 prefer_native_vec=0 decode=1 dk=0 dv=1 unsafe_vec_after_turbo_v_decode=1 allow_vec=0 kernel=MMA_F16 need_f16_K=1 need_f16_V=0 Knb=[2,2048,512,524288] Vnb=[66,528,132,135168] Keff_nb=[2,2048,512,524288] Veff_nb=[2,2048,512,524288]
CUDA_FA_ROUTE_ALLOC kernel=MMA_F16 need_f16_K=1 need_f16_V=0 workspace_end_offset=4718592 dst_data=(nil) f16_K=0x400000 f16_V=(nil) f16_end=0x480000
CUDA_FA_ROUTE_PLAN device=0 Q=[256,256,16,1] Kraw=bf16 Vraw=turbo4 Kshape=[256,256,4,1] Vshape=[256,256,4,1] Keff=bf16 Veff=f16 turbo_kv=1 prefer_native_vec=0 decode=1 dk=0 dv=1 unsafe_vec_after_turbo_v_decode=1 allow_vec=0 kernel=MMA_F16 need_f16_K=1 need_f16_V=0 Knb=[2,2048,512,524288] Vnb=[66,528,132,135168] Keff_nb=[2,2048,512,524288] Veff_nb=[2,2048,512,524288]
CUDA_FA_ROUTE_ALLOC kernel=MMA_F16 need_f16_K=1 need_f16_V=0 workspace_end_offset=4718592 dst_data=(nil) f16_K=0x400000 f16_V=(nil) f16_end=0x480000
CUDA_FA_ROUTE_PLAN device=0 Q=[256,256,16,1] Kraw=bf16 Vraw=turbo4 Kshape=[256,256,4,1] Vshape=[256,256,4,1] Keff=bf16 Veff=f16 turbo_kv=1 prefer_native_vec=0 decode=1 dk=0 dv=1 unsafe_vec_after_turbo_v_decode=1 allow_vec=0 kernel=MMA_F16 need_f16_K=1 need_f16_V=0 Knb=[2,2048,512,524288] Vnb=[66,528,132,135168] Keff_nb=[2,2048,512,524288] Veff_nb=[2,2048,512,524288]
CUDA_FA_ROUTE_ALLOC kernel=MMA_F16 need_f16_K=1 need_f16_V=0 workspace_end_offset=4718592 dst_data=(nil) f16_K=0x400000 f16_V=(nil) f16_end=0x480000
CUDA_FA_ROUTE_PLAN device=0 Q=[256,256,16,1] Kraw=bf16 Vraw=turbo4 Kshape=[256,256,4,1] Vshape=[256,256,4,1] Keff=bf16 Veff=f16 turbo_kv=1 prefer_native_vec=0 decode=1 dk=0 dv=1 unsafe_vec_after_turbo_v_decode=1 allow_vec=0 kernel=MMA_F16 need_f16_K=1 need_f16_V=0 Knb=[2,2048,512,524288] Vnb=[66,528,132,135168] Keff_nb=[2,2048,512,524288] Veff_nb=[2,2048,512,524288]
CUDA_FA_ROUTE_ALLOC kernel=MMA_F16 need_f16_K=1 need_f16_V=0 workspace_end_offset=4718592 dst_data=(nil) f16_K=0x400000 f16_V=(nil) f16_end=0x480000
CUDA_FA_ROUTE_PLAN device=0 Q=[256,256,16,1] Kraw=bf16 Vraw=turbo4 Kshape=[256,256,4,1] Vshape=[256,256,4,1] Keff=bf16 Veff=f16 turbo_kv=1 prefer_native_vec=0 decode=1 dk=0 dv=1 unsafe_vec_after_turbo_v_decode=1 allow_vec=0 kernel=MMA_F16 need_f16_K=1 need_f16_V=0 Knb=[2,2048,512,524288] Vnb=[66,528,132,135168] Keff_nb=[2,2048,512,524288] Veff_nb=[2,2048,512,524288]
CUDA_FA_ROUTE_ALLOC kernel=MMA_F16 need_f16_K=1 need_f16_V=0 workspace_end_offset=4718592 dst_data=(nil) f16_K=0x400000 f16_V=(nil) f16_end=0x480000
CUDA_FA_ROUTE_PLAN device=0 Q=[256,256,16,1] Kraw=bf16 Vraw=turbo4 Kshape=[256,256,4,1] Vshape=[256,256,4,1] Keff=bf16 Veff=f16 turbo_kv=1 prefer_native_vec=0 decode=1 dk=0 dv=1 unsafe_vec_after_turbo_v_decode=1 allow_vec=0 kernel=MMA_F16 need_f16_K=1 need_f16_V=0 Knb=[2,2048,512,524288] Vnb=[66,528,132,135168] Keff_nb=[2,2048,512,524288] Veff_nb=[2,2048,512,524288]
CUDA_FA_ROUTE_ALLOC kernel=MMA_F16 need_f16_K=1 need_f16_V=0 workspace_end_offset=4718592 dst_data=(nil) f16_K=0x400000 f16_V=(nil) f16_end=0x480000
CUDA_FA_ROUTE_PLAN device=0 Q=[256,256,16,1] Kraw=bf16 Vraw=turbo4 Kshape=[256,256,4,1] Vshape=[256,256,4,1] Keff=bf16 Veff=f16 turbo_kv=1 prefer_native_vec=0 decode=1 dk=0 dv=1 unsafe_vec_after_turbo_v_decode=1 allow_vec=0 kernel=MMA_F16 need_f16_K=1 need_f16_V=0 Knb=[2,2048,512,524288] Vnb=[66,528,132,135168] Keff_nb=[2,2048,512,524288] Veff_nb=[2,2048,512,524288]
CUDA_FA_ROUTE_ALLOC kernel=MMA_F16 need_f16_K=1 need_f16_V=0 workspace_end_offset=4718592 dst_data=(nil) f16_K=0x400000 f16_V=(nil) f16_end=0x480000
CUDA_FA_ROUTE_PLAN device=0 Q=[256,256,16,1] Kraw=bf16 Vraw=turbo4 Kshape=[256,256,4,1] Vshape=[256,256,4,1] Keff=bf16 Veff=f16 turbo_kv=1 prefer_native_vec=0 decode=1 dk=0 dv=1 unsafe_vec_after_turbo_v_decode=1 allow_vec=0 kernel=MMA_F16 need_f16_K=1 need_f16_V=0 Knb=[2,2048,512,524288] Vnb=[66,528,132,135168] Keff_nb=[2,2048,512,524288] Veff_nb=[2,2048,512,524288]
CUDA_FA_ROUTE_ALLOC kernel=MMA_F16 need_f16_K=1 need_f16_V=0 workspace_end_offset=4718592 dst_data=(nil) f16_K=0x400000 f16_V=(nil) f16_end=0x480000
CUDA_FA_ROUTE_PLAN device=0 Q=[256,256,16,1] Kraw=bf16 Vraw=turbo4 Kshape=[256,256,4,1] Vshape=[256,256,4,1] Keff=bf16 Veff=f16 turbo_kv=1 prefer_native_vec=0 decode=1 dk=0 dv=1 unsafe_vec_after_turbo_v_decode=1 allow_vec=0 kernel=MMA_F16 need_f16_K=1 need_f16_V=0 Knb=[2,2048,512,524288] Vnb=[66,528,132,135168] Keff_nb=[2,2048,512,524288] Veff_nb=[2,2048,512,524288]
CUDA_FA_ROUTE_ALLOC kernel=MMA_F16 need_f16_K=1 need_f16_V=0 workspace_end_offset=4718592 dst_data=(nil) f16_K=0x400000 f16_V=(nil) f16_end=0x480000
CUDA_FA_ROUTE_PLAN device=0 Q=[256,256,16,1] Kraw=bf16 Vraw=turbo4 Kshape=[256,256,4,1] Vshape=[256,256,4,1] Keff=bf16 Veff=f16 turbo_kv=1 prefer_native_vec=0 decode=1 dk=0 dv=1 unsafe_vec_after_turbo_v_decode=1 allow_vec=0 kernel=MMA_F16 need_f16_K=1 need_f16_V=0 Knb=[2,2048,512,524288] Vnb=[66,528,132,135168] Keff_nb=[2,2048,512,524288] Veff_nb=[2,2048,512,524288]
CUDA_FA_ROUTE_ALLOC kernel=MMA_F16 need_f16_K=1 need_f16_V=0 workspace_end_offset=4718592 dst_data=(nil) f16_K=0x400000 f16_V=(nil) f16_end=0x480000
CUDA_FA_ROUTE_PLAN device=0 Q=[256,256,16,1] Kraw=bf16 Vraw=turbo4 Kshape=[256,256,4,1] Vshape=[256,256,4,1] Keff=bf16 Veff=f16 turbo_kv=1 prefer_native_vec=0 decode=1 dk=0 dv=1 unsafe_vec_after_turbo_v_decode=1 allow_vec=0 kernel=MMA_F16 need_f16_K=1 need_f16_V=0 Knb=[2,2048,512,524288] Vnb=[66,528,132,135168] Keff_nb=[2,2048,512,524288] Veff_nb=[2,2048,512,524288]
CUDA_FA_ROUTE_ALLOC kernel=MMA_F16 need_f16_K=1 need_f16_V=0 workspace_end_offset=4718592 dst_data=(nil) f16_K=0x400000 f16_V=(nil) f16_end=0x480000
CUDA_FA_ROUTE_PLAN device=0 Q=[256,256,16,1] Kraw=bf16 Vraw=turbo4 Kshape=[256,256,4,1] Vshape=[256,256,4,1] Keff=bf16 Veff=f16 turbo_kv=1 prefer_native_vec=0 decode=1 dk=0 dv=1 unsafe_vec_after_turbo_v_decode=1 allow_vec=0 kernel=MMA_F16 need_f16_K=1 need_f16_V=0 Knb=[2,2048,512,524288] Vnb=[66,528,132,135168] Keff_nb=[2,2048,512,524288] Veff_nb=[2,2048,512,524288]
CUDA_FA_ROUTE_ALLOC kernel=MMA_F16 need_f16_K=1 need_f16_V=0 workspace_end_offset=4718592 dst_data=(nil) f16_K=0x400000 f16_V=(nil) f16_end=0x480000
CUDA_FA_ROUTE_PLAN device=0 Q=[256,256,16,1] Kraw=bf16 Vraw=turbo4 Kshape=[256,256,4,1] Vshape=[256,256,4,1] Keff=bf16 Veff=f16 turbo_kv=1 prefer_native_vec=0 decode=1 dk=0 dv=1 unsafe_vec_after_turbo_v_decode=1 allow_vec=0 kernel=MMA_F16 need_f16_K=1 need_f16_V=0 Knb=[2,2048,512,524288] Vnb=[66,528,132,135168] Keff_nb=[2,2048,512,524288] Veff_nb=[2,2048,512,524288]
CUDA_FA_ROUTE_ALLOC kernel=MMA_F16 need_f16_K=1 need_f16_V=0 workspace_end_offset=4718592 dst_data=(nil) f16_K=0x400000 f16_V=(nil) f16_end=0x480000
CUDA_FA_ROUTE_PLAN device=0 Q=[256,256,16,1] Kraw=bf16 Vraw=turbo4 Kshape=[256,256,4,1] Vshape=[256,256,4,1] Keff=bf16 Veff=f16 turbo_kv=1 prefer_native_vec=0 decode=1 dk=0 dv=1 unsafe_vec_after_turbo_v_decode=1 allow_vec=0 kernel=MMA_F16 need_f16_K=1 need_f16_V=0 Knb=[2,2048,512,524288] Vnb=[66,528,132,135168] Keff_nb=[2,2048,512,524288] Veff_nb=[2,2048,512,524288]
CUDA_FA_ROUTE_ALLOC kernel=MMA_F16 need_f16_K=1 need_f16_V=0 workspace_end_offset=4718592 dst_data=(nil) f16_K=0x400000 f16_V=(nil) f16_end=0x480000
CUDA_FA_ROUTE_PLAN device=0 Q=[256,2,16,1] Kraw=bf16 Vraw=turbo4 Kshape=[256,256,4,1] Vshape=[256,256,4,1] Keff=bf16 Veff=f16 turbo_kv=1 prefer_native_vec=0 decode=1 dk=0 dv=1 unsafe_vec_after_turbo_v_decode=1 allow_vec=0 kernel=MMA_F16 need_f16_K=1 need_f16_V=0 Knb=[2,2048,512,524288] Vnb=[66,528,132,135168] Keff_nb=[2,2048,512,524288] Veff_nb=[2,2048,512,524288]
CUDA_FA_ROUTE_SUPPORTED kernel=MMA_F16 effK=bf16 effV=f16 supported=1
CUDA_FA_ROUTE_PLAN device=0 Q=[256,2,16,1] Kraw=bf16 Vraw=turbo4 Kshape=[256,256,4,1] Vshape=[256,256,4,1] Keff=bf16 Veff=f16 turbo_kv=1 prefer_native_vec=0 decode=1 dk=0 dv=1 unsafe_vec_after_turbo_v_decode=1 allow_vec=0 kernel=MMA_F16 need_f16_K=1 need_f16_V=0 Knb=[2,2048,512,524288] Vnb=[66,528,132,135168] Keff_nb=[2,2048,512,524288] Veff_nb=[2,2048,512,524288]
CUDA_FA_ROUTE_SUPPORTED kernel=MMA_F16 effK=bf16 effV=f16 supported=1
CUDA_FA_ROUTE_PLAN device=0 Q=[256,2,16,1] Kraw=bf16 Vraw=turbo4 Kshape=[256,256,4,1] Vshape=[256,256,4,1] Keff=bf16 Veff=f16 turbo_kv=1 prefer_native_vec=0 decode=1 dk=0 dv=1 unsafe_vec_after_turbo_v_decode=1 allow_vec=0 kernel=MMA_F16 need_f16_K=1 need_f16_V=0 Knb=[2,2048,512,524288] Vnb=[66,528,132,135168] Keff_nb=[2,2048,512,524288] Veff_nb=[2,2048,512,524288]
CUDA_FA_ROUTE_SUPPORTED kernel=MMA_F16 effK=bf16 effV=f16 supported=1
CUDA_FA_ROUTE_PLAN device=0 Q=[256,2,16,1] Kraw=bf16 Vraw=turbo4 Kshape=[256,256,4,1] Vshape=[256,256,4,1] Keff=bf16 Veff=f16 turbo_kv=1 prefer_native_vec=0 decode=1 dk=0 dv=1 unsafe_vec_after_turbo_v_decode=1 allow_vec=0 kernel=MMA_F16 need_f16_K=1 need_f16_V=0 Knb=[2,2048,512,524288] Vnb=[66,528,132,135168] Keff_nb=[2,2048,512,524288] Veff_nb=[2,2048,512,524288]
CUDA_FA_ROUTE_SUPPORTED kernel=MMA_F16 effK=bf16 effV=f16 supported=1
CUDA_FA_ROUTE_PLAN device=0 Q=[256,2,16,1] Kraw=bf16 Vraw=turbo4 Kshape=[256,256,4,1] Vshape=[256,256,4,1] Keff=bf16 Veff=f16 turbo_kv=1 prefer_native_vec=0 decode=1 dk=0 dv=1 unsafe_vec_after_turbo_v_decode=1 allow_vec=0 kernel=MMA_F16 need_f16_K=1 need_f16_V=0 Knb=[2,2048,512,524288] Vnb=[66,528,132,135168] Keff_nb=[2,2048,512,524288] Veff_nb=[2,2048,512,524288]
CUDA_FA_ROUTE_SUPPORTED kernel=MMA_F16 effK=bf16 effV=f16 supported=1
CUDA_FA_ROUTE_PLAN device=0 Q=[256,2,16,1] Kraw=bf16 Vraw=turbo4 Kshape=[256,256,4,1] Vshape=[256,256,4,1] Keff=bf16 Veff=f16 turbo_kv=1 prefer_native_vec=0 decode=1 dk=0 dv=1 unsafe_vec_after_turbo_v_decode=1 allow_vec=0 kernel=MMA_F16 need_f16_K=1 need_f16_V=0 Knb=[2,2048,512,524288] Vnb=[66,528,132,135168] Keff_nb=[2,2048,512,524288] Veff_nb=[2,2048,512,524288]
CUDA_FA_ROUTE_SUPPORTED kernel=MMA_F16 effK=bf16 effV=f16 supported=1
CUDA_FA_ROUTE_PLAN device=0 Q=[256,2,16,1] Kraw=bf16 Vraw=turbo4 Kshape=[256,256,4,1] Vshape=[256,256,4,1] Keff=bf16 Veff=f16 turbo_kv=1 prefer_native_vec=0 decode=1 dk=0 dv=1 unsafe_vec_after_turbo_v_decode=1 allow_vec=0 kernel=MMA_F16 need_f16_K=1 need_f16_V=0 Knb=[2,2048,512,524288] Vnb=[66,528,132,135168] Keff_nb=[2,2048,512,524288] Veff_nb=[2,2048,512,524288]
CUDA_FA_ROUTE_SUPPORTED kernel=MMA_F16 effK=bf16 effV=f16 supported=1
CUDA_FA_ROUTE_PLAN device=0 Q=[256,2,16,1] Kraw=bf16 Vraw=turbo4 Kshape=[256,256,4,1] Vshape=[256,256,4,1] Keff=bf16 Veff=f16 turbo_kv=1 prefer_native_vec=0 decode=1 dk=0 dv=1 unsafe_vec_after_turbo_v_decode=1 allow_vec=0 kernel=MMA_F16 need_f16_K=1 need_f16_V=0 Knb=[2,2048,512,524288] Vnb=[66,528,132,135168] Keff_nb=[2,2048,512,524288] Veff_nb=[2,2048,512,524288]
CUDA_FA_ROUTE_SUPPORTED kernel=MMA_F16 effK=bf16 effV=f16 supported=1
CUDA_FA_ROUTE_PLAN device=0 Q=[256,2,16,1] Kraw=bf16 Vraw=turbo4 Kshape=[256,256,4,1] Vshape=[256,256,4,1] Keff=bf16 Veff=f16 turbo_kv=1 prefer_native_vec=0 decode=1 dk=0 dv=1 unsafe_vec_after_turbo_v_decode=1 allow_vec=0 kernel=MMA_F16 need_f16_K=1 need_f16_V=0 Knb=[2,2048,512,524288] Vnb=[66,528,132,135168] Keff_nb=[2,2048,512,524288] Veff_nb=[2,2048,512,524288]
CUDA_FA_ROUTE_ALLOC kernel=MMA_F16 need_f16_K=1 need_f16_V=0 workspace_end_offset=557056 dst_data=(nil) f16_K=0x8000 f16_V=(nil) f16_end=0x88000
CUDA_FA_ROUTE_PLAN device=0 Q=[256,2,16,1] Kraw=bf16 Vraw=turbo4 Kshape=[256,256,4,1] Vshape=[256,256,4,1] Keff=bf16 Veff=f16 turbo_kv=1 prefer_native_vec=0 decode=1 dk=0 dv=1 unsafe_vec_after_turbo_v_decode=1 allow_vec=0 kernel=MMA_F16 need_f16_K=1 need_f16_V=0 Knb=[2,2048,512,524288] Vnb=[66,528,132,135168] Keff_nb=[2,2048,512,524288] Veff_nb=[2,2048,512,524288]
CUDA_FA_ROUTE_ALLOC kernel=MMA_F16 need_f16_K=1 need_f16_V=0 workspace_end_offset=557056 dst_data=(nil) f16_K=0x8000 f16_V=(nil) f16_end=0x88000
CUDA_FA_ROUTE_PLAN device=0 Q=[256,2,16,1] Kraw=bf16 Vraw=turbo4 Kshape=[256,256,4,1] Vshape=[256,256,4,1] Keff=bf16 Veff=f16 turbo_kv=1 prefer_native_vec=0 decode=1 dk=0 dv=1 unsafe_vec_after_turbo_v_decode=1 allow_vec=0 kernel=MMA_F16 need_f16_K=1 need_f16_V=0 Knb=[2,2048,512,524288] Vnb=[66,528,132,135168] Keff_nb=[2,2048,512,524288] Veff_nb=[2,2048,512,524288]
CUDA_FA_ROUTE_ALLOC kernel=MMA_F16 need_f16_K=1 need_f16_V=0 workspace_end_offset=557056 dst_data=(nil) f16_K=0x8000 f16_V=(nil) f16_end=0x88000
CUDA_FA_ROUTE_PLAN device=0 Q=[256,2,16,1] Kraw=bf16 Vraw=turbo4 Kshape=[256,256,4,1] Vshape=[256,256,4,1] Keff=bf16 Veff=f16 turbo_kv=1 prefer_native_vec=0 decode=1 dk=0 dv=1 unsafe_vec_after_turbo_v_decode=1 allow_vec=0 kernel=MMA_F16 need_f16_K=1 need_f16_V=0 Knb=[2,2048,512,524288] Vnb=[66,528,132,135168] Keff_nb=[2,2048,512,524288] Veff_nb=[2,2048,512,524288]
CUDA_FA_ROUTE_ALLOC kernel=MMA_F16 need_f16_K=1 need_f16_V=0 workspace_end_offset=557056 dst_data=(nil) f16_K=0x8000 f16_V=(nil) f16_end=0x88000
CUDA_FA_ROUTE_PLAN device=0 Q=[256,2,16,1] Kraw=bf16 Vraw=turbo4 Kshape=[256,256,4,1] Vshape=[256,256,4,1] Keff=bf16 Veff=f16 turbo_kv=1 prefer_native_vec=0 decode=1 dk=0 dv=1 unsafe_vec_after_turbo_v_decode=1 allow_vec=0 kernel=MMA_F16 need_f16_K=1 need_f16_V=0 Knb=[2,2048,512,524288] Vnb=[66,528,132,135168] Keff_nb=[2,2048,512,524288] Veff_nb=[2,2048,512,524288]
CUDA_FA_ROUTE_ALLOC kernel=MMA_F16 need_f16_K=1 need_f16_V=0 workspace_end_offset=557056 dst_data=(nil) f16_K=0x8000 f16_V=(nil) f16_end=0x88000
CUDA_FA_ROUTE_PLAN device=0 Q=[256,2,16,1] Kraw=bf16 Vraw=turbo4 Kshape=[256,256,4,1] Vshape=[256,256,4,1] Keff=bf16 Veff=f16 turbo_kv=1 prefer_native_vec=0 decode=1 dk=0 dv=1 unsafe_vec_after_turbo_v_decode=1 allow_vec=0 kernel=MMA_F16 need_f16_K=1 need_f16_V=0 Knb=[2,2048,512,524288] Vnb=[66,528,132,135168] Keff_nb=[2,2048,512,524288] Veff_nb=[2,2048,512,524288]
CUDA_FA_ROUTE_ALLOC kernel=MMA_F16 need_f16_K=1 need_f16_V=0 workspace_end_offset=557056 dst_data=(nil) f16_K=0x8000 f16_V=(nil) f16_end=0x88000
CUDA_FA_ROUTE_PLAN device=0 Q=[256,2,16,1] Kraw=bf16 Vraw=turbo4 Kshape=[256,256,4,1] Vshape=[256,256,4,1] Keff=bf16 Veff=f16 turbo_kv=1 prefer_native_vec=0 decode=1 dk=0 dv=1 unsafe_vec_after_turbo_v_decode=1 allow_vec=0 kernel=MMA_F16 need_f16_K=1 need_f16_V=0 Knb=[2,2048,512,524288] Vnb=[66,528,132,135168] Keff_nb=[2,2048,512,524288] Veff_nb=[2,2048,512,524288]
CUDA_FA_ROUTE_ALLOC kernel=MMA_F16 need_f16_K=1 need_f16_V=0 workspace_end_offset=557056 dst_data=(nil) f16_K=0x8000 f16_V=(nil) f16_end=0x88000
CUDA_FA_ROUTE_PLAN device=0 Q=[256,2,16,1] Kraw=bf16 Vraw=turbo4 Kshape=[256,256,4,1] Vshape=[256,256,4,1] Keff=bf16 Veff=f16 turbo_kv=1 prefer_native_vec=0 decode=1 dk=0 dv=1 unsafe_vec_after_turbo_v_decode=1 allow_vec=0 kernel=MMA_F16 need_f16_K=1 need_f16_V=0 Knb=[2,2048,512,524288] Vnb=[66,528,132,135168] Keff_nb=[2,2048,512,524288] Veff_nb=[2,2048,512,524288]
CUDA_FA_ROUTE_ALLOC kernel=MMA_F16 need_f16_K=1 need_f16_V=0 workspace_end_offset=557056 dst_data=(nil) f16_K=0x8000 f16_V=(nil) f16_end=0x88000
CUDA_FA_ROUTE_PLAN device=0 Q=[256,2,16,1] Kraw=bf16 Vraw=turbo4 Kshape=[256,256,4,1] Vshape=[256,256,4,1] Keff=bf16 Veff=f16 turbo_kv=1 prefer_native_vec=0 decode=1 dk=0 dv=1 unsafe_vec_after_turbo_v_decode=1 allow_vec=0 kernel=MMA_F16 need_f16_K=1 need_f16_V=0 Knb=[2,2048,512,524288] Vnb=[66,528,132,135168] Keff_nb=[2,2048,512,524288] Veff_nb=[2,2048,512,524288]
CUDA_FA_ROUTE_ALLOC kernel=MMA_F16 need_f16_K=1 need_f16_V=0 workspace_end_offset=557056 dst_data=(nil) f16_K=0x8000 f16_V=(nil) f16_end=0x88000
CUDA_FA_ROUTE_PLAN device=0 Q=[256,2,16,1] Kraw=bf16 Vraw=turbo4 Kshape=[256,256,4,1] Vshape=[256,256,4,1] Keff=bf16 Veff=f16 turbo_kv=1 prefer_native_vec=0 decode=1 dk=0 dv=1 unsafe_vec_after_turbo_v_decode=1 allow_vec=0 kernel=MMA_F16 need_f16_K=1 need_f16_V=0 Knb=[2,2048,512,524288] Vnb=[66,528,132,135168] Keff_nb=[2,2048,512,524288] Veff_nb=[2,2048,512,524288]
CUDA_FA_ROUTE_ALLOC kernel=MMA_F16 need_f16_K=1 need_f16_V=0 workspace_end_offset=557056 dst_data=(nil) f16_K=0x8000 f16_V=(nil) f16_end=0x88000
CUDA_FA_ROUTE_PLAN device=0 Q=[256,2,16,1] Kraw=bf16 Vraw=turbo4 Kshape=[256,256,4,1] Vshape=[256,256,4,1] Keff=bf16 Veff=f16 turbo_kv=1 prefer_native_vec=0 decode=1 dk=0 dv=1 unsafe_vec_after_turbo_v_decode=1 allow_vec=0 kernel=MMA_F16 need_f16_K=1 need_f16_V=0 Knb=[2,2048,512,524288] Vnb=[66,528,132,135168] Keff_nb=[2,2048,512,524288] Veff_nb=[2,2048,512,524288]
CUDA_FA_ROUTE_ALLOC kernel=MMA_F16 need_f16_K=1 need_f16_V=0 workspace_end_offset=557056 dst_data=(nil) f16_K=0x8000 f16_V=(nil) f16_end=0x88000
CUDA_FA_ROUTE_PLAN device=0 Q=[256,2,16,1] Kraw=bf16 Vraw=turbo4 Kshape=[256,256,4,1] Vshape=[256,256,4,1] Keff=bf16 Veff=f16 turbo_kv=1 prefer_native_vec=0 decode=1 dk=0 dv=1 unsafe_vec_after_turbo_v_decode=1 allow_vec=0 kernel=MMA_F16 need_f16_K=1 need_f16_V=0 Knb=[2,2048,512,524288] Vnb=[66,528,132,135168] Keff_nb=[2,2048,512,524288] Veff_nb=[2,2048,512,524288]
CUDA_FA_ROUTE_ALLOC kernel=MMA_F16 need_f16_K=1 need_f16_V=0 workspace_end_offset=557056 dst_data=(nil) f16_K=0x8000 f16_V=(nil) f16_end=0x88000
CUDA_FA_ROUTE_PLAN device=0 Q=[256,2,16,1] Kraw=bf16 Vraw=turbo4 Kshape=[256,256,4,1] Vshape=[256,256,4,1] Keff=bf16 Veff=f16 turbo_kv=1 prefer_native_vec=0 decode=1 dk=0 dv=1 unsafe_vec_after_turbo_v_decode=1 allow_vec=0 kernel=MMA_F16 need_f16_K=1 need_f16_V=0 Knb=[2,2048,512,524288] Vnb=[66,528,132,135168] Keff_nb=[2,2048,512,524288] Veff_nb=[2,2048,512,524288]
CUDA_FA_ROUTE_ALLOC kernel=MMA_F16 need_f16_K=1 need_f16_V=0 workspace_end_offset=557056 dst_data=(nil) f16_K=0x8000 f16_V=(nil) f16_end=0x88000
CUDA_FA_ROUTE_PLAN device=0 Q=[256,2,16,1] Kraw=bf16 Vraw=turbo4 Kshape=[256,256,4,1] Vshape=[256,256,4,1] Keff=bf16 Veff=f16 turbo_kv=1 prefer_native_vec=0 decode=1 dk=0 dv=1 unsafe_vec_after_turbo_v_decode=1 allow_vec=0 kernel=MMA_F16 need_f16_K=1 need_f16_V=0 Knb=[2,2048,512,524288] Vnb=[66,528,132,135168] Keff_nb=[2,2048,512,524288] Veff_nb=[2,2048,512,524288]
CUDA_FA_ROUTE_ALLOC kernel=MMA_F16 need_f16_K=1 need_f16_V=0 workspace_end_offset=557056 dst_data=(nil) f16_K=0x8000 f16_V=(nil) f16_end=0x88000
CUDA_FA_ROUTE_PLAN device=0 Q=[256,2,16,1] Kraw=bf16 Vraw=turbo4 Kshape=[256,256,4,1] Vshape=[256,256,4,1] Keff=bf16 Veff=f16 turbo_kv=1 prefer_native_vec=0 decode=1 dk=0 dv=1 unsafe_vec_after_turbo_v_decode=1 allow_vec=0 kernel=MMA_F16 need_f16_K=1 need_f16_V=0 Knb=[2,2048,512,524288] Vnb=[66,528,132,135168] Keff_nb=[2,2048,512,524288] Veff_nb=[2,2048,512,524288]
CUDA_FA_ROUTE_ALLOC kernel=MMA_F16 need_f16_K=1 need_f16_V=0 workspace_end_offset=557056 dst_data=(nil) f16_K=0x8000 f16_V=(nil) f16_end=0x88000
CUDA_FA_ROUTE_PLAN device=0 Q=[256,2,16,1] Kraw=bf16 Vraw=turbo4 Kshape=[256,256,4,1] Vshape=[256,256,4,1] Keff=bf16 Veff=f16 turbo_kv=1 prefer_native_vec=0 decode=1 dk=0 dv=1 unsafe_vec_after_turbo_v_decode=1 allow_vec=0 kernel=MMA_F16 need_f16_K=1 need_f16_V=0 Knb=[2,2048,512,524288] Vnb=[66,528,132,135168] Keff_nb=[2,2048,512,524288] Veff_nb=[2,2048,512,524288]
CUDA_FA_ROUTE_ALLOC kernel=MMA_F16 need_f16_K=1 need_f16_V=0 workspace_end_offset=557056 dst_data=(nil) f16_K=0x8000 f16_V=(nil) f16_end=0x88000
CUDA_FA_ROUTE_PLAN device=0 Q=[256,2,16,1] Kraw=bf16 Vraw=turbo4 Kshape=[256,256,4,1] Vshape=[256,256,4,1] Keff=bf16 Veff=f16 turbo_kv=1 prefer_native_vec=0 decode=1 dk=0 dv=1 unsafe_vec_after_turbo_v_decode=1 allow_vec=0 kernel=MMA_F16 need_f16_K=1 need_f16_V=0 Knb=[2,2048,512,524288] Vnb=[66,528,132,135168] Keff_nb=[2,2048,512,524288] Veff_nb=[2,2048,512,524288]
CUDA_FA_ROUTE_ALLOC kernel=MMA_F16 need_f16_K=1 need_f16_V=0 workspace_end_offset=557056 dst_data=(nil) f16_K=0x8000 f16_V=(nil) f16_end=0x88000
CUDA_FA_ROUTE_PLAN device=0 Q=[256,2,16,1] Kraw=bf16 Vraw=turbo4 Kshape=[256,256,4,1] Vshape=[256,256,4,1] Keff=bf16 Veff=f16 turbo_kv=1 prefer_native_vec=0 decode=1 dk=0 dv=1 unsafe_vec_after_turbo_v_decode=1 allow_vec=0 kernel=MMA_F16 need_f16_K=1 need_f16_V=0 Knb=[2,2048,512,524288] Vnb=[66,528,132,135168] Keff_nb=[2,2048,512,524288] Veff_nb=[2,2048,512,524288]
CUDA_FA_ROUTE_ALLOC kernel=MMA_F16 need_f16_K=1 need_f16_V=0 workspace_end_offset=557056 dst_data=(nil) f16_K=0x8000 f16_V=(nil) f16_end=0x88000
CUDA_FA_ROUTE_PLAN device=0 Q=[256,2,16,1] Kraw=bf16 Vraw=turbo4 Kshape=[256,256,4,1] Vshape=[256,256,4,1] Keff=bf16 Veff=f16 turbo_kv=1 prefer_native_vec=0 decode=1 dk=0 dv=1 unsafe_vec_after_turbo_v_decode=1 allow_vec=0 kernel=MMA_F16 need_f16_K=1 need_f16_V=0 Knb=[2,2048,512,524288] Vnb=[66,528,132,135168] Keff_nb=[2,2048,512,524288] Veff_nb=[2,2048,512,524288]
CUDA_FA_ROUTE_ALLOC kernel=MMA_F16 need_f16_K=1 need_f16_V=0 workspace_end_offset=557056 dst_data=(nil) f16_K=0x8000 f16_V=(nil) f16_end=0x88000
CUDA_FA_ROUTE_PLAN device=0 Q=[256,2,16,1] Kraw=bf16 Vraw=turbo4 Kshape=[256,256,4,1] Vshape=[256,256,4,1] Keff=bf16 Veff=f16 turbo_kv=1 prefer_native_vec=0 decode=1 dk=0 dv=1 unsafe_vec_after_turbo_v_decode=1 allow_vec=0 kernel=MMA_F16 need_f16_K=1 need_f16_V=0 Knb=[2,2048,512,524288] Vnb=[66,528,132,135168] Keff_nb=[2,2048,512,524288] Veff_nb=[2,2048,512,524288]
CUDA_FA_ROUTE_ALLOC kernel=MMA_F16 need_f16_K=1 need_f16_V=0 workspace_end_offset=557056 dst_data=(nil) f16_K=0x8000 f16_V=(nil) f16_end=0x88000
CUDA_FA_ROUTE_PLAN device=0 Q=[256,2,16,1] Kraw=bf16 Vraw=turbo4 Kshape=[256,256,4,1] Vshape=[256,256,4,1] Keff=bf16 Veff=f16 turbo_kv=1 prefer_native_vec=0 decode=1 dk=0 dv=1 unsafe_vec_after_turbo_v_decode=1 allow_vec=0 kernel=MMA_F16 need_f16_K=1 need_f16_V=0 Knb=[2,2048,512,524288] Vnb=[66,528,132,135168] Keff_nb=[2,2048,512,524288] Veff_nb=[2,2048,512,524288]
CUDA_FA_ROUTE_ALLOC kernel=MMA_F16 need_f16_K=1 need_f16_V=0 workspace_end_offset=557056 dst_data=(nil) f16_K=0x8000 f16_V=(nil) f16_end=0x88000
CUDA_FA_ROUTE_PLAN device=0 Q=[256,2,16,1] Kraw=bf16 Vraw=turbo4 Kshape=[256,256,4,1] Vshape=[256,256,4,1] Keff=bf16 Veff=f16 turbo_kv=1 prefer_native_vec=0 decode=1 dk=0 dv=1 unsafe_vec_after_turbo_v_decode=1 allow_vec=0 kernel=MMA_F16 need_f16_K=1 need_f16_V=0 Knb=[2,2048,512,524288] Vnb=[66,528,132,135168] Keff_nb=[2,2048,512,524288] Veff_nb=[2,2048,512,524288]
CUDA_FA_ROUTE_ALLOC kernel=MMA_F16 need_f16_K=1 need_f16_V=0 workspace_end_offset=557056 dst_data=(nil) f16_K=0x8000 f16_V=(nil) f16_end=0x88000
CUDA_FA_ROUTE_PLAN device=0 Q=[256,2,16,1] Kraw=bf16 Vraw=turbo4 Kshape=[256,256,4,1] Vshape=[256,256,4,1] Keff=bf16 Veff=f16 turbo_kv=1 prefer_native_vec=0 decode=1 dk=0 dv=1 unsafe_vec_after_turbo_v_decode=1 allow_vec=0 kernel=MMA_F16 need_f16_K=1 need_f16_V=0 Knb=[2,2048,512,524288] Vnb=[66,528,132,135168] Keff_nb=[2,2048,512,524288] Veff_nb=[2,2048,512,524288]
CUDA_FA_ROUTE_ALLOC kernel=MMA_F16 need_f16_K=1 need_f16_V=0 workspace_end_offset=557056 dst_data=(nil) f16_K=0x8000 f16_V=(nil) f16_end=0x88000
CUDA_FA_ROUTE_PLAN device=0 Q=[256,2,16,1] Kraw=bf16 Vraw=turbo4 Kshape=[256,256,4,1] Vshape=[256,256,4,1] Keff=bf16 Veff=f16 turbo_kv=1 prefer_native_vec=0 decode=1 dk=0 dv=1 unsafe_vec_after_turbo_v_decode=1 allow_vec=0 kernel=MMA_F16 need_f16_K=1 need_f16_V=0 Knb=[2,2048,512,524288] Vnb=[66,528,132,135168] Keff_nb=[2,2048,512,524288] Veff_nb=[2,2048,512,524288]
CUDA_FA_ROUTE_ALLOC kernel=MMA_F16 need_f16_K=1 need_f16_V=0 workspace_end_offset=557056 dst_data=(nil) f16_K=0x8000 f16_V=(nil) f16_end=0x88000
CUDA_FA_ROUTE_PLAN device=0 Q=[256,2,16,1] Kraw=bf16 Vraw=turbo4 Kshape=[256,256,4,1] Vshape=[256,256,4,1] Keff=bf16 Veff=f16 turbo_kv=1 prefer_native_vec=0 decode=1 dk=0 dv=1 unsafe_vec_after_turbo_v_decode=1 allow_vec=0 kernel=MMA_F16 need_f16_K=1 need_f16_V=0 Knb=[2,2048,512,524288] Vnb=[66,528,132,135168] Keff_nb=[2,2048,512,524288] Veff_nb=[2,2048,512,524288]
CUDA_FA_ROUTE_ALLOC kernel=MMA_F16 need_f16_K=1 need_f16_V=0 workspace_end_offset=557056 dst_data=(nil) f16_K=0x8000 f16_V=(nil) f16_end=0x88000
CUDA_FA_ROUTE_PLAN device=0 Q=[256,2,16,1] Kraw=bf16 Vraw=turbo4 Kshape=[256,256,4,1] Vshape=[256,256,4,1] Keff=bf16 Veff=f16 turbo_kv=1 prefer_native_vec=0 decode=1 dk=0 dv=1 unsafe_vec_after_turbo_v_decode=1 allow_vec=0 kernel=MMA_F16 need_f16_K=1 need_f16_V=0 Knb=[2,2048,512,524288] Vnb=[66,528,132,135168] Keff_nb=[2,2048,512,524288] Veff_nb=[2,2048,512,524288]
CUDA_FA_ROUTE_ALLOC kernel=MMA_F16 need_f16_K=1 need_f16_V=0 workspace_end_offset=557056 dst_data=(nil) f16_K=0x8000 f16_V=(nil) f16_end=0x88000
CUDA_FA_ROUTE_PLAN device=0 Q=[256,2,16,1] Kraw=bf16 Vraw=turbo4 Kshape=[256,256,4,1] Vshape=[256,256,4,1] Keff=bf16 Veff=f16 turbo_kv=1 prefer_native_vec=0 decode=1 dk=0 dv=1 unsafe_vec_after_turbo_v_decode=1 allow_vec=0 kernel=MMA_F16 need_f16_K=1 need_f16_V=0 Knb=[2,2048,512,524288] Vnb=[66,528,132,135168] Keff_nb=[2,2048,512,524288] Veff_nb=[2,2048,512,524288]
CUDA_FA_ROUTE_ALLOC kernel=MMA_F16 need_f16_K=1 need_f16_V=0 workspace_end_offset=557056 dst_data=(nil) f16_K=0x8000 f16_V=(nil) f16_end=0x88000
CUDA_FA_ROUTE_PLAN device=0 Q=[256,2,16,1] Kraw=bf16 Vraw=turbo4 Kshape=[256,256,4,1] Vshape=[256,256,4,1] Keff=bf16 Veff=f16 turbo_kv=1 prefer_native_vec=0 decode=1 dk=0 dv=1 unsafe_vec_after_turbo_v_decode=1 allow_vec=0 kernel=MMA_F16 need_f16_K=1 need_f16_V=0 Knb=[2,2048,512,524288] Vnb=[66,528,132,135168] Keff_nb=[2,2048,512,524288] Veff_nb=[2,2048,512,524288]
CUDA_FA_ROUTE_ALLOC kernel=MMA_F16 need_f16_K=1 need_f16_V=0 workspace_end_offset=557056 dst_data=(nil) f16_K=0x8000 f16_V=(nil) f16_end=0x88000
CUDA_FA_ROUTE_PLAN device=0 Q=[256,2,16,1] Kraw=bf16 Vraw=turbo4 Kshape=[256,256,4,1] Vshape=[256,256,4,1] Keff=bf16 Veff=f16 turbo_kv=1 prefer_native_vec=0 decode=1 dk=0 dv=1 unsafe_vec_after_turbo_v_decode=1 allow_vec=0 kernel=MMA_F16 need_f16_K=1 need_f16_V=0 Knb=[2,2048,512,524288] Vnb=[66,528,132,135168] Keff_nb=[2,2048,512,524288] Veff_nb=[2,2048,512,524288]
CUDA_FA_ROUTE_ALLOC kernel=MMA_F16 need_f16_K=1 need_f16_V=0 workspace_end_offset=557056 dst_data=(nil) f16_K=0x8000 f16_V=(nil) f16_end=0x88000
CUDA_FA_ROUTE_PLAN device=0 Q=[256,2,16,1] Kraw=bf16 Vraw=turbo4 Kshape=[256,256,4,1] Vshape=[256,256,4,1] Keff=bf16 Veff=f16 turbo_kv=1 prefer_native_vec=0 decode=1 dk=0 dv=1 unsafe_vec_after_turbo_v_decode=1 allow_vec=0 kernel=MMA_F16 need_f16_K=1 need_f16_V=0 Knb=[2,2048,512,524288] Vnb=[66,528,132,135168] Keff_nb=[2,2048,512,524288] Veff_nb=[2,2048,512,524288]
CUDA_FA_ROUTE_ALLOC kernel=MMA_F16 need_f16_K=1 need_f16_V=0 workspace_end_offset=557056 dst_data=(nil) f16_K=0x8000 f16_V=(nil) f16_end=0x88000
CUDA_FA_ROUTE_PLAN device=0 Q=[256,2,16,1] Kraw=bf16 Vraw=turbo4 Kshape=[256,256,4,1] Vshape=[256,256,4,1] Keff=bf16 Veff=f16 turbo_kv=1 prefer_native_vec=0 decode=1 dk=0 dv=1 unsafe_vec_after_turbo_v_decode=1 allow_vec=0 kernel=MMA_F16 need_f16_K=1 need_f16_V=0 Knb=[2,2048,512,524288] Vnb=[66,528,132,135168] Keff_nb=[2,2048,512,524288] Veff_nb=[2,2048,512,524288]
CUDA_FA_ROUTE_ALLOC kernel=MMA_F16 need_f16_K=1 need_f16_V=0 workspace_end_offset=557056 dst_data=(nil) f16_K=0x8000 f16_V=(nil) f16_end=0x88000
CUDA_FA_ROUTE_PLAN device=0 Q=[256,2,16,1] Kraw=bf16 Vraw=turbo4 Kshape=[256,256,4,1] Vshape=[256,256,4,1] Keff=bf16 Veff=f16 turbo_kv=1 prefer_native_vec=0 decode=1 dk=0 dv=1 unsafe_vec_after_turbo_v_decode=1 allow_vec=0 kernel=MMA_F16 need_f16_K=1 need_f16_V=0 Knb=[2,2048,512,524288] Vnb=[66,528,132,135168] Keff_nb=[2,2048,512,524288] Veff_nb=[2,2048,512,524288]
CUDA_FA_ROUTE_ALLOC kernel=MMA_F16 need_f16_K=1 need_f16_V=0 workspace_end_offset=557056 dst_data=(nil) f16_K=0x8000 f16_V=(nil) f16_end=0x88000
CUDA_FA_ROUTE_PLAN device=0 Q=[256,2,16,1] Kraw=bf16 Vraw=turbo4 Kshape=[256,256,4,1] Vshape=[256,256,4,1] Keff=bf16 Veff=f16 turbo_kv=1 prefer_native_vec=0 decode=1 dk=0 dv=1 unsafe_vec_after_turbo_v_decode=1 allow_vec=0 kernel=MMA_F16 need_f16_K=1 need_f16_V=0 Knb=[2,2048,512,524288] Vnb=[66,528,132,135168] Keff_nb=[2,2048,512,524288] Veff_nb=[2,2048,512,524288]
CUDA_FA_ROUTE_ALLOC kernel=MMA_F16 need_f16_K=1 need_f16_V=0 workspace_end_offset=557056 dst_data=(nil) f16_K=0x8000 f16_V=(nil) f16_end=0x88000
CUDA_FA_ROUTE_PLAN device=0 Q=[256,2,16,1] Kraw=bf16 Vraw=turbo4 Kshape=[256,256,4,1] Vshape=[256,256,4,1] Keff=bf16 Veff=f16 turbo_kv=1 prefer_native_vec=0 decode=1 dk=0 dv=1 unsafe_vec_after_turbo_v_decode=1 allow_vec=0 kernel=MMA_F16 need_f16_K=1 need_f16_V=0 Knb=[2,2048,512,524288] Vnb=[66,528,132,135168] Keff_nb=[2,2048,512,524288] Veff_nb=[2,2048,512,524288]
CUDA_FA_ROUTE_ALLOC kernel=MMA_F16 need_f16_K=1 need_f16_V=0 workspace_end_offset=557056 dst_data=(nil) f16_K=0x8000 f16_V=(nil) f16_end=0x88000
CUDA_FA_ROUTE_PLAN device=0 Q=[256,2,16,1] Kraw=bf16 Vraw=turbo4 Kshape=[256,256,4,1] Vshape=[256,256,4,1] Keff=bf16 Veff=f16 turbo_kv=1 prefer_native_vec=0 decode=1 dk=0 dv=1 unsafe_vec_after_turbo_v_decode=1 allow_vec=0 kernel=MMA_F16 need_f16_K=1 need_f16_V=0 Knb=[2,2048,512,524288] Vnb=[66,528,132,135168] Keff_nb=[2,2048,512,524288] Veff_nb=[2,2048,512,524288]
CUDA_FA_ROUTE_ALLOC kernel=MMA_F16 need_f16_K=1 need_f16_V=0 workspace_end_offset=557056 dst_data=(nil) f16_K=0x8000 f16_V=(nil) f16_end=0x88000
CUDA_FA_ROUTE_PLAN device=0 Q=[256,2,16,1] Kraw=bf16 Vraw=turbo4 Kshape=[256,256,4,1] Vshape=[256,256,4,1] Keff=bf16 Veff=f16 turbo_kv=1 prefer_native_vec=0 decode=1 dk=0 dv=1 unsafe_vec_after_turbo_v_decode=1 allow_vec=0 kernel=MMA_F16 need_f16_K=1 need_f16_V=0 Knb=[2,2048,512,524288] Vnb=[66,528,132,135168] Keff_nb=[2,2048,512,524288] Veff_nb=[2,2048,512,524288]
CUDA_FA_ROUTE_ALLOC kernel=MMA_F16 need_f16_K=1 need_f16_V=0 workspace_end_offset=557056 dst_data=(nil) f16_K=0x8000 f16_V=(nil) f16_end=0x88000
CUDA_FA_ROUTE_PLAN device=0 Q=[256,2,16,1] Kraw=bf16 Vraw=turbo4 Kshape=[256,256,4,1] Vshape=[256,256,4,1] Keff=bf16 Veff=f16 turbo_kv=1 prefer_native_vec=0 decode=1 dk=0 dv=1 unsafe_vec_after_turbo_v_decode=1 allow_vec=0 kernel=MMA_F16 need_f16_K=1 need_f16_V=0 Knb=[2,2048,512,524288] Vnb=[66,528,132,135168] Keff_nb=[2,2048,512,524288] Veff_nb=[2,2048,512,524288]
CUDA_FA_ROUTE_ALLOC kernel=MMA_F16 need_f16_K=1 need_f16_V=0 workspace_end_offset=557056 dst_data=(nil) f16_K=0x8000 f16_V=(nil) f16_end=0x88000
CUDA_FA_ROUTE_PLAN device=0 Q=[256,2,16,1] Kraw=bf16 Vraw=turbo4 Kshape=[256,256,4,1] Vshape=[256,256,4,1] Keff=bf16 Veff=f16 turbo_kv=1 prefer_native_vec=0 decode=1 dk=0 dv=1 unsafe_vec_after_turbo_v_decode=1 allow_vec=0 kernel=MMA_F16 need_f16_K=1 need_f16_V=0 Knb=[2,2048,512,524288] Vnb=[66,528,132,135168] Keff_nb=[2,2048,512,524288] Veff_nb=[2,2048,512,524288]
CUDA_FA_ROUTE_ALLOC kernel=MMA_F16 need_f16_K=1 need_f16_V=0 workspace_end_offset=557056 dst_data=(nil) f16_K=0x8000 f16_V=(nil) f16_end=0x88000
CUDA_FA_ROUTE_PLAN device=0 Q=[256,2,16,1] Kraw=bf16 Vraw=turbo4 Kshape=[256,256,4,1] Vshape=[256,256,4,1] Keff=bf16 Veff=f16 turbo_kv=1 prefer_native_vec=0 decode=1 dk=0 dv=1 unsafe_vec_after_turbo_v_decode=1 allow_vec=0 kernel=MMA_F16 need_f16_K=1 need_f16_V=0 Knb=[2,2048,512,524288] Vnb=[66,528,132,135168] Keff_nb=[2,2048,512,524288] Veff_nb=[2,2048,512,524288]
CUDA_FA_ROUTE_ALLOC kernel=MMA_F16 need_f16_K=1 need_f16_V=0 workspace_end_offset=557056 dst_data=(nil) f16_K=0x8000 f16_V=(nil) f16_end=0x88000
CUDA_FA_ROUTE_PLAN device=0 Q=[256,2,16,1] Kraw=bf16 Vraw=turbo4 Kshape=[256,256,4,1] Vshape=[256,256,4,1] Keff=bf16 Veff=f16 turbo_kv=1 prefer_native_vec=0 decode=1 dk=0 dv=1 unsafe_vec_after_turbo_v_decode=1 allow_vec=0 kernel=MMA_F16 need_f16_K=1 need_f16_V=0 Knb=[2,2048,512,524288] Vnb=[66,528,132,135168] Keff_nb=[2,2048,512,524288] Veff_nb=[2,2048,512,524288]
CUDA_FA_ROUTE_ALLOC kernel=MMA_F16 need_f16_K=1 need_f16_V=0 workspace_end_offset=557056 dst_data=(nil) f16_K=0x8000 f16_V=(nil) f16_end=0x88000
CUDA_FA_ROUTE_PLAN device=0 Q=[256,2,16,1] Kraw=bf16 Vraw=turbo4 Kshape=[256,256,4,1] Vshape=[256,256,4,1] Keff=bf16 Veff=f16 turbo_kv=1 prefer_native_vec=0 decode=1 dk=0 dv=1 unsafe_vec_after_turbo_v_decode=1 allow_vec=0 kernel=MMA_F16 need_f16_K=1 need_f16_V=0 Knb=[2,2048,512,524288] Vnb=[66,528,132,135168] Keff_nb=[2,2048,512,524288] Veff_nb=[2,2048,512,524288]
CUDA_FA_ROUTE_ALLOC kernel=MMA_F16 need_f16_K=1 need_f16_V=0 workspace_end_offset=557056 dst_data=(nil) f16_K=0x8000 f16_V=(nil) f16_end=0x88000
CUDA_FA_ROUTE_PLAN device=0 Q=[256,2,16,1] Kraw=bf16 Vraw=turbo4 Kshape=[256,256,4,1] Vshape=[256,256,4,1] Keff=bf16 Veff=f16 turbo_kv=1 prefer_native_vec=0 decode=1 dk=0 dv=1 unsafe_vec_after_turbo_v_decode=1 allow_vec=0 kernel=MMA_F16 need_f16_K=1 need_f16_V=0 Knb=[2,2048,512,524288] Vnb=[66,528,132,135168] Keff_nb=[2,2048,512,524288] Veff_nb=[2,2048,512,524288]
CUDA_FA_ROUTE_ALLOC kernel=MMA_F16 need_f16_K=1 need_f16_V=0 workspace_end_offset=557056 dst_data=(nil) f16_K=0x8000 f16_V=(nil) f16_end=0x88000
CUDA_FA_ROUTE_PLAN device=0 Q=[256,2,16,1] Kraw=bf16 Vraw=turbo4 Kshape=[256,256,4,1] Vshape=[256,256,4,1] Keff=bf16 Veff=f16 turbo_kv=1 prefer_native_vec=0 decode=1 dk=0 dv=1 unsafe_vec_after_turbo_v_decode=1 allow_vec=0 kernel=MMA_F16 need_f16_K=1 need_f16_V=0 Knb=[2,2048,512,524288] Vnb=[66,528,132,135168] Keff_nb=[2,2048,512,524288] Veff_nb=[2,2048,512,524288]
CUDA_FA_ROUTE_ALLOC kernel=MMA_F16 need_f16_K=1 need_f16_V=0 workspace_end_offset=557056 dst_data=(nil) f16_K=0x8000 f16_V=(nil) f16_end=0x88000
CUDA_FA_ROUTE_PLAN device=0 Q=[256,2,16,1] Kraw=bf16 Vraw=turbo4 Kshape=[256,256,4,1] Vshape=[256,256,4,1] Keff=bf16 Veff=f16 turbo_kv=1 prefer_native_vec=0 decode=1 dk=0 dv=1 unsafe_vec_after_turbo_v_decode=1 allow_vec=0 kernel=MMA_F16 need_f16_K=1 need_f16_V=0 Knb=[2,2048,512,524288] Vnb=[66,528,132,135168] Keff_nb=[2,2048,512,524288] Veff_nb=[2,2048,512,524288]
CUDA_FA_ROUTE_ALLOC kernel=MMA_F16 need_f16_K=1 need_f16_V=0 workspace_end_offset=557056 dst_data=(nil) f16_K=0x8000 f16_V=(nil) f16_end=0x88000
CUDA_FA_ROUTE_PLAN device=0 Q=[256,2,16,1] Kraw=bf16 Vraw=turbo4 Kshape=[256,256,4,1] Vshape=[256,256,4,1] Keff=bf16 Veff=f16 turbo_kv=1 prefer_native_vec=0 decode=1 dk=0 dv=1 unsafe_vec_after_turbo_v_decode=1 allow_vec=0 kernel=MMA_F16 need_f16_K=1 need_f16_V=0 Knb=[2,2048,512,524288] Vnb=[66,528,132,135168] Keff_nb=[2,2048,512,524288] Veff_nb=[2,2048,512,524288]
CUDA_FA_ROUTE_ALLOC kernel=MMA_F16 need_f16_K=1 need_f16_V=0 workspace_end_offset=557056 dst_data=(nil) f16_K=0x8000 f16_V=(nil) f16_end=0x88000
CUDA_FA_ROUTE_PLAN device=0 Q=[256,2,16,1] Kraw=bf16 Vraw=turbo4 Kshape=[256,256,4,1] Vshape=[256,256,4,1] Keff=bf16 Veff=f16 turbo_kv=1 prefer_native_vec=0 decode=1 dk=0 dv=1 unsafe_vec_after_turbo_v_decode=1 allow_vec=0 kernel=MMA_F16 need_f16_K=1 need_f16_V=0 Knb=[2,2048,512,524288] Vnb=[66,528,132,135168] Keff_nb=[2,2048,512,524288] Veff_nb=[2,2048,512,524288]
CUDA_FA_ROUTE_ALLOC kernel=MMA_F16 need_f16_K=1 need_f16_V=0 workspace_end_offset=557056 dst_data=(nil) f16_K=0x8000 f16_V=(nil) f16_end=0x88000
CUDA_FA_ROUTE_PLAN device=0 Q=[256,2,16,1] Kraw=bf16 Vraw=turbo4 Kshape=[256,256,4,1] Vshape=[256,256,4,1] Keff=bf16 Veff=f16 turbo_kv=1 prefer_native_vec=0 decode=1 dk=0 dv=1 unsafe_vec_after_turbo_v_decode=1 allow_vec=0 kernel=MMA_F16 need_f16_K=1 need_f16_V=0 Knb=[2,2048,512,524288] Vnb=[66,528,132,135168] Keff_nb=[2,2048,512,524288] Veff_nb=[2,2048,512,524288]
CUDA_FA_ROUTE_ALLOC kernel=MMA_F16 need_f16_K=1 need_f16_V=0 workspace_end_offset=557056 dst_data=(nil) f16_K=0x8000 f16_V=(nil) f16_end=0x88000
CUDA_FA_ROUTE_PLAN device=0 Q=[256,2,16,1] Kraw=bf16 Vraw=turbo4 Kshape=[256,256,4,1] Vshape=[256,256,4,1] Keff=bf16 Veff=f16 turbo_kv=1 prefer_native_vec=0 decode=1 dk=0 dv=1 unsafe_vec_after_turbo_v_decode=1 allow_vec=0 kernel=MMA_F16 need_f16_K=1 need_f16_V=0 Knb=[2,2048,512,524288] Vnb=[66,528,132,135168] Keff_nb=[2,2048,512,524288] Veff_nb=[2,2048,512,524288]
CUDA_FA_ROUTE_ALLOC kernel=MMA_F16 need_f16_K=1 need_f16_V=0 workspace_end_offset=557056 dst_data=(nil) f16_K=0x8000 f16_V=(nil) f16_end=0x88000
CUDA_FA_ROUTE_PLAN device=0 Q=[256,2,16,1] Kraw=bf16 Vraw=turbo4 Kshape=[256,256,4,1] Vshape=[256,256,4,1] Keff=bf16 Veff=f16 turbo_kv=1 prefer_native_vec=0 decode=1 dk=0 dv=1 unsafe_vec_after_turbo_v_decode=1 allow_vec=0 kernel=MMA_F16 need_f16_K=1 need_f16_V=0 Knb=[2,2048,512,524288] Vnb=[66,528,132,135168] Keff_nb=[2,2048,512,524288] Veff_nb=[2,2048,512,524288]
CUDA_FA_ROUTE_ALLOC kernel=MMA_F16 need_f16_K=1 need_f16_V=0 workspace_end_offset=557056 dst_data=(nil) f16_K=0x8000 f16_V=(nil) f16_end=0x88000
CUDA_FA_ROUTE_PLAN device=0 Q=[256,2,16,1] Kraw=bf16 Vraw=turbo4 Kshape=[256,256,4,1] Vshape=[256,256,4,1] Keff=bf16 Veff=f16 turbo_kv=1 prefer_native_vec=0 decode=1 dk=0 dv=1 unsafe_vec_after_turbo_v_decode=1 allow_vec=0 kernel=MMA_F16 need_f16_K=1 need_f16_V=0 Knb=[2,2048,512,524288] Vnb=[66,528,132,135168] Keff_nb=[2,2048,512,524288] Veff_nb=[2,2048,512,524288]
CUDA_FA_ROUTE_ALLOC kernel=MMA_F16 need_f16_K=1 need_f16_V=0 workspace_end_offset=557056 dst_data=(nil) f16_K=0x8000 f16_V=(nil) f16_end=0x88000
CUDA_FA_ROUTE_PLAN device=0 Q=[256,2,16,1] Kraw=bf16 Vraw=turbo4 Kshape=[256,256,4,1] Vshape=[256,256,4,1] Keff=bf16 Veff=f16 turbo_kv=1 prefer_native_vec=0 decode=1 dk=0 dv=1 unsafe_vec_after_turbo_v_decode=1 allow_vec=0 kernel=MMA_F16 need_f16_K=1 need_f16_V=0 Knb=[2,2048,512,524288] Vnb=[66,528,132,135168] Keff_nb=[2,2048,512,524288] Veff_nb=[2,2048,512,524288]
CUDA_FA_ROUTE_ALLOC kernel=MMA_F16 need_f16_K=1 need_f16_V=0 workspace_end_offset=557056 dst_data=(nil) f16_K=0x8000 f16_V=(nil) f16_end=0x88000
CUDA_FA_ROUTE_PLAN device=0 Q=[256,2,16,1] Kraw=bf16 Vraw=turbo4 Kshape=[256,256,4,1] Vshape=[256,256,4,1] Keff=bf16 Veff=f16 turbo_kv=1 prefer_native_vec=0 decode=1 dk=0 dv=1 unsafe_vec_after_turbo_v_decode=1 allow_vec=0 kernel=MMA_F16 need_f16_K=1 need_f16_V=0 Knb=[2,2048,512,524288] Vnb=[66,528,132,135168] Keff_nb=[2,2048,512,524288] Veff_nb=[2,2048,512,524288]
CUDA_FA_ROUTE_ALLOC kernel=MMA_F16 need_f16_K=1 need_f16_V=0 workspace_end_offset=557056 dst_data=(nil) f16_K=0x8000 f16_V=(nil) f16_end=0x88000
CUDA_FA_ROUTE_PLAN device=0 Q=[256,2,16,1] Kraw=bf16 Vraw=turbo4 Kshape=[256,256,4,1] Vshape=[256,256,4,1] Keff=bf16 Veff=f16 turbo_kv=1 prefer_native_vec=0 decode=1 dk=0 dv=1 unsafe_vec_after_turbo_v_decode=1 allow_vec=0 kernel=MMA_F16 need_f16_K=1 need_f16_V=0 Knb=[2,2048,512,524288] Vnb=[66,528,132,135168] Keff_nb=[2,2048,512,524288] Veff_nb=[2,2048,512,524288]
CUDA_FA_ROUTE_ALLOC kernel=MMA_F16 need_f16_K=1 need_f16_V=0 workspace_end_offset=557056 dst_data=(nil) f16_K=0x8000 f16_V=(nil) f16_end=0x88000
CUDA_FA_ROUTE_PLAN device=0 Q=[256,2,16,1] Kraw=bf16 Vraw=turbo4 Kshape=[256,256,4,1] Vshape=[256,256,4,1] Keff=bf16 Veff=f16 turbo_kv=1 prefer_native_vec=0 decode=1 dk=0 dv=1 unsafe_vec_after_turbo_v_decode=1 allow_vec=0 kernel=MMA_F16 need_f16_K=1 need_f16_V=0 Knb=[2,2048,512,524288] Vnb=[66,528,132,135168] Keff_nb=[2,2048,512,524288] Veff_nb=[2,2048,512,524288]
CUDA_FA_ROUTE_ALLOC kernel=MMA_F16 need_f16_K=1 need_f16_V=0 workspace_end_offset=557056 dst_data=(nil) f16_K=0x8000 f16_V=(nil) f16_end=0x88000
CUDA_FA_ROUTE_PLAN device=0 Q=[256,2,16,1] Kraw=bf16 Vraw=turbo4 Kshape=[256,256,4,1] Vshape=[256,256,4,1] Keff=bf16 Veff=f16 turbo_kv=1 prefer_native_vec=0 decode=1 dk=0 dv=1 unsafe_vec_after_turbo_v_decode=1 allow_vec=0 kernel=MMA_F16 need_f16_K=1 need_f16_V=0 Knb=[2,2048,512,524288] Vnb=[66,528,132,135168] Keff_nb=[2,2048,512,524288] Veff_nb=[2,2048,512,524288]
CUDA_FA_ROUTE_ALLOC kernel=MMA_F16 need_f16_K=1 need_f16_V=0 workspace_end_offset=557056 dst_data=(nil) f16_K=0x8000 f16_V=(nil) f16_end=0x88000
CUDA_FA_ROUTE_PLAN device=0 Q=[256,2,16,1] Kraw=bf16 Vraw=turbo4 Kshape=[256,256,4,1] Vshape=[256,256,4,1] Keff=bf16 Veff=f16 turbo_kv=1 prefer_native_vec=0 decode=1 dk=0 dv=1 unsafe_vec_after_turbo_v_decode=1 allow_vec=0 kernel=MMA_F16 need_f16_K=1 need_f16_V=0 Knb=[2,2048,512,524288] Vnb=[66,528,132,135168] Keff_nb=[2,2048,512,524288] Veff_nb=[2,2048,512,524288]
CUDA_FA_ROUTE_ALLOC kernel=MMA_F16 need_f16_K=1 need_f16_V=0 workspace_end_offset=557056 dst_data=(nil) f16_K=0x8000 f16_V=(nil) f16_end=0x88000
CUDA_FA_ROUTE_PLAN device=0 Q=[256,2,16,1] Kraw=bf16 Vraw=turbo4 Kshape=[256,256,4,1] Vshape=[256,256,4,1] Keff=bf16 Veff=f16 turbo_kv=1 prefer_native_vec=0 decode=1 dk=0 dv=1 unsafe_vec_after_turbo_v_decode=1 allow_vec=0 kernel=MMA_F16 need_f16_K=1 need_f16_V=0 Knb=[2,2048,512,524288] Vnb=[66,528,132,135168] Keff_nb=[2,2048,512,524288] Veff_nb=[2,2048,512,524288]
GGML_TURBO_FA_DEBUG: path=decode-dequant-or-vec K=bf16 V=turbo4 Q=[256,2,16,1] K=[256,256,4,1] V=[256,256,4,1] prefill_safe=0 can_make_f16_K=0 can_make_f16_V=1 turbo_k_classic_v_prefill=0 vec_override=0 batch_ok=1 dim_ok=1 turing_mma=1
TCQ decode: context-adaptive V alpha enabled
CUDA_FA_ROUTE_EXEC_BEGIN Q=[256,2,16,1] Kraw=bf16 Vraw=turbo4 decode=1 dk=0 dv=1 allow_vec=0 kernel=MMA_F16 need_f16_K=1 need_f16_V=0 Kdata=0x7f9445400000 Vdata=0x7f9445480000 dst=0x7f9445a2c680
CUDA_FA_ROUTE_EXEC_DISPATCH Qrun=f32 Q=[256,2,16,1] Qdata=0x7f9445a24680 Krun=bf16 K=[256,256,4,1] Kdata=0x7f9445400000 Knb=[2,2048,512,524288] Vrun=f16 V=[256,256,4,1] Vdata=0x7f9459400000 Vnb=[2,2048,512,524288] kernel=MMA_F16 compiled_pair=1
CUDA_FA_ROUTE_PLAN device=0 Q=[256,2,16,1] Kraw=bf16 Vraw=turbo4 Kshape=[256,256,4,1] Vshape=[256,256,4,1] Keff=bf16 Veff=f16 turbo_kv=1 prefer_native_vec=0 decode=1 dk=0 dv=1 unsafe_vec_after_turbo_v_decode=1 allow_vec=0 kernel=MMA_F16 need_f16_K=1 need_f16_V=0 Knb=[2,2048,512,524288] Vnb=[66,528,132,135168] Keff_nb=[2,2048,512,524288] Veff_nb=[2,2048,512,524288]
GGML_TURBO_FA_DEBUG: path=decode-dequant-or-vec K=bf16 V=turbo4 Q=[256,2,16,1] K=[256,256,4,1] V=[256,256,4,1] prefill_safe=0 can_make_f16_K=0 can_make_f16_V=1 turbo_k_classic_v_prefill=0 vec_override=0 batch_ok=1 dim_ok=1 turing_mma=1
CUDA_FA_ROUTE_EXEC_BEGIN Q=[256,2,16,1] Kraw=bf16 Vraw=turbo4 decode=1 dk=0 dv=1 allow_vec=0 kernel=MMA_F16 need_f16_K=1 need_f16_V=0 Kdata=0x7f94454a1000 Vdata=0x7f9445521000 dst=0x7f9445a2c680
CUDA_FA_ROUTE_EXEC_DISPATCH Qrun=f32 Q=[256,2,16,1] Qdata=0x7f9445a24680 Krun=bf16 K=[256,256,4,1] Kdata=0x7f94454a1000 Knb=[2,2048,512,524288] Vrun=f16 V=[256,256,4,1] Vdata=0x7f9459400000 Vnb=[2,2048,512,524288] kernel=MMA_F16 compiled_pair=1
CUDA_FA_ROUTE_PLAN device=0 Q=[256,2,16,1] Kraw=bf16 Vraw=turbo4 Kshape=[256,256,4,1] Vshape=[256,256,4,1] Keff=bf16 Veff=f16 turbo_kv=1 prefer_native_vec=0 decode=1 dk=0 dv=1 unsafe_vec_after_turbo_v_decode=1 allow_vec=0 kernel=MMA_F16 need_f16_K=1 need_f16_V=0 Knb=[2,2048,512,524288] Vnb=[66,528,132,135168] Keff_nb=[2,2048,512,524288] Veff_nb=[2,2048,512,524288]
GGML_TURBO_FA_DEBUG: path=decode-dequant-or-vec K=bf16 V=turbo4 Q=[256,2,16,1] K=[256,256,4,1] V=[256,256,4,1] prefill_safe=0 can_make_f16_K=0 can_make_f16_V=1 turbo_k_classic_v_prefill=0 vec_override=0 batch_ok=1 dim_ok=1 turing_mma=1
CUDA_FA_ROUTE_EXEC_BEGIN Q=[256,2,16,1] Kraw=bf16 Vraw=turbo4 decode=1 dk=0 dv=1 allow_vec=0 kernel=MMA_F16 need_f16_K=1 need_f16_V=0 Kdata=0x7f9445542000 Vdata=0x7f94455c2000 dst=0x7f9445a2c680
CUDA_FA_ROUTE_EXEC_DISPATCH Qrun=f32 Q=[256,2,16,1] Qdata=0x7f9445a24680 Krun=bf16 K=[256,256,4,1] Kdata=0x7f9445542000 Knb=[2,2048,512,524288] Vrun=f16 V=[256,256,4,1] Vdata=0x7f9459400000 Vnb=[2,2048,512,524288] kernel=MMA_F16 compiled_pair=1
CUDA_FA_ROUTE_PLAN device=0 Q=[256,2,16,1] Kraw=bf16 Vraw=turbo4 Kshape=[256,256,4,1] Vshape=[256,256,4,1] Keff=bf16 Veff=f16 turbo_kv=1 prefer_native_vec=0 decode=1 dk=0 dv=1 unsafe_vec_after_turbo_v_decode=1 allow_vec=0 kernel=MMA_F16 need_f16_K=1 need_f16_V=0 Knb=[2,2048,512,524288] Vnb=[66,528,132,135168] Keff_nb=[2,2048,512,524288] Veff_nb=[2,2048,512,524288]
GGML_TURBO_FA_DEBUG: path=decode-dequant-or-vec K=bf16 V=turbo4 Q=[256,2,16,1] K=[256,256,4,1] V=[256,256,4,1] prefill_safe=0 can_make_f16_K=0 can_make_f16_V=1 turbo_k_classic_v_prefill=0 vec_override=0 batch_ok=1 dim_ok=1 turing_mma=1
CUDA_FA_ROUTE_EXEC_BEGIN Q=[256,2,16,1] Kraw=bf16 Vraw=turbo4 decode=1 dk=0 dv=1 allow_vec=0 kernel=MMA_F16 need_f16_K=1 need_f16_V=0 Kdata=0x7f94455e3000 Vdata=0x7f9445663000 dst=0x7f9445a2c680
CUDA_FA_ROUTE_EXEC_DISPATCH Qrun=f32 Q=[256,2,16,1] Qdata=0x7f9445a24680 Krun=bf16 K=[256,256,4,1] Kdata=0x7f94455e3000 Knb=[2,2048,512,524288] Vrun=f16 V=[256,256,4,1] Vdata=0x7f9459400000 Vnb=[2,2048,512,524288] kernel=MMA_F16 compiled_pair=1
CUDA_FA_ROUTE_PLAN device=0 Q=[256,2,16,1] Kraw=bf16 Vraw=turbo4 Kshape=[256,256,4,1] Vshape=[256,256,4,1] Keff=bf16 Veff=f16 turbo_kv=1 prefer_native_vec=0 decode=1 dk=0 dv=1 unsafe_vec_after_turbo_v_decode=1 allow_vec=0 kernel=MMA_F16 need_f16_K=1 need_f16_V=0 Knb=[2,2048,512,524288] Vnb=[66,528,132,135168] Keff_nb=[2,2048,512,524288] Veff_nb=[2,2048,512,524288]
GGML_TURBO_FA_DEBUG: path=decode-dequant-or-vec K=bf16 V=turbo4 Q=[256,2,16,1] K=[256,256,4,1] V=[256,256,4,1] prefill_safe=0 can_make_f16_K=0 can_make_f16_V=1 turbo_k_classic_v_prefill=0 vec_override=0 batch_ok=1 dim_ok=1 turing_mma=1
CUDA_FA_ROUTE_EXEC_BEGIN Q=[256,2,16,1] Kraw=bf16 Vraw=turbo4 decode=1 dk=0 dv=1 allow_vec=0 kernel=MMA_F16 need_f16_K=1 need_f16_V=0 Kdata=0x7f9445684000 Vdata=0x7f9445704000 dst=0x7f9445a2c680
CUDA_FA_ROUTE_EXEC_DISPATCH Qrun=f32 Q=[256,2,16,1] Qdata=0x7f9445a24680 Krun=bf16 K=[256,256,4,1] Kdata=0x7f9445684000 Knb=[2,2048,512,524288] Vrun=f16 V=[256,256,4,1] Vdata=0x7f9459400000 Vnb=[2,2048,512,524288] kernel=MMA_F16 compiled_pair=1
CUDA_FA_ROUTE_PLAN device=0 Q=[256,2,16,1] Kraw=bf16 Vraw=turbo4 Kshape=[256,256,4,1] Vshape=[256,256,4,1] Keff=bf16 Veff=f16 turbo_kv=1 prefer_native_vec=0 decode=1 dk=0 dv=1 unsafe_vec_after_turbo_v_decode=1 allow_vec=0 kernel=MMA_F16 need_f16_K=1 need_f16_V=0 Knb=[2,2048,512,524288] Vnb=[66,528,132,135168] Keff_nb=[2,2048,512,524288] Veff_nb=[2,2048,512,524288]
GGML_TURBO_FA_DEBUG: path=decode-dequant-or-vec K=bf16 V=turbo4 Q=[256,2,16,1] K=[256,256,4,1] V=[256,256,4,1] prefill_safe=0 can_make_f16_K=0 can_make_f16_V=1 turbo_k_classic_v_prefill=0 vec_override=0 batch_ok=1 dim_ok=1 turing_mma=1
CUDA_FA_ROUTE_EXEC_BEGIN Q=[256,2,16,1] Kraw=bf16 Vraw=turbo4 decode=1 dk=0 dv=1 allow_vec=0 kernel=MMA_F16 need_f16_K=1 need_f16_V=0 Kdata=0x7f9445725000 Vdata=0x7f94457a5000 dst=0x7f9445a2c680
CUDA_FA_ROUTE_EXEC_DISPATCH Qrun=f32 Q=[256,2,16,1] Qdata=0x7f9445a24680 Krun=bf16 K=[256,256,4,1] Kdata=0x7f9445725000 Knb=[2,2048,512,524288] Vrun=f16 V=[256,256,4,1] Vdata=0x7f9459400000 Vnb=[2,2048,512,524288] kernel=MMA_F16 compiled_pair=1
CUDA_FA_ROUTE_PLAN device=0 Q=[256,2,16,1] Kraw=bf16 Vraw=turbo4 Kshape=[256,256,4,1] Vshape=[256,256,4,1] Keff=bf16 Veff=f16 turbo_kv=1 prefer_native_vec=0 decode=1 dk=0 dv=1 unsafe_vec_after_turbo_v_decode=1 allow_vec=0 kernel=MMA_F16 need_f16_K=1 need_f16_V=0 Knb=[2,2048,512,524288] Vnb=[66,528,132,135168] Keff_nb=[2,2048,512,524288] Veff_nb=[2,2048,512,524288]
GGML_TURBO_FA_DEBUG: path=decode-dequant-or-vec K=bf16 V=turbo4 Q=[256,2,16,1] K=[256,256,4,1] V=[256,256,4,1] prefill_safe=0 can_make_f16_K=0 can_make_f16_V=1 turbo_k_classic_v_prefill=0 vec_override=0 batch_ok=1 dim_ok=1 turing_mma=1
CUDA_FA_ROUTE_EXEC_BEGIN Q=[256,2,16,1] Kraw=bf16 Vraw=turbo4 decode=1 dk=0 dv=1 allow_vec=0 kernel=MMA_F16 need_f16_K=1 need_f16_V=0 Kdata=0x7f94457c6000 Vdata=0x7f9445846000 dst=0x7f9445a2c680
CUDA_FA_ROUTE_EXEC_DISPATCH Qrun=f32 Q=[256,2,16,1] Qdata=0x7f9445a24680 Krun=bf16 K=[256,256,4,1] Kdata=0x7f94457c6000 Knb=[2,2048,512,524288] Vrun=f16 V=[256,256,4,1] Vdata=0x7f9459400000 Vnb=[2,2048,512,524288] kernel=MMA_F16 compiled_pair=1
CUDA_FA_ROUTE_PLAN device=0 Q=[256,2,16,1] Kraw=bf16 Vraw=turbo4 Kshape=[256,256,4,1] Vshape=[256,256,4,1] Keff=bf16 Veff=f16 turbo_kv=1 prefer_native_vec=0 decode=1 dk=0 dv=1 unsafe_vec_after_turbo_v_decode=1 allow_vec=0 kernel=MMA_F16 need_f16_K=1 need_f16_V=0 Knb=[2,2048,512,524288] Vnb=[66,528,132,135168] Keff_nb=[2,2048,512,524288] Veff_nb=[2,2048,512,524288]
GGML_TURBO_FA_DEBUG: path=decode-dequant-or-vec K=bf16 V=turbo4 Q=[256,2,16,1] K=[256,256,4,1] V=[256,256,4,1] prefill_safe=0 can_make_f16_K=0 can_make_f16_V=1 turbo_k_classic_v_prefill=0 vec_override=0 batch_ok=1 dim_ok=1 turing_mma=1
CUDA_FA_ROUTE_EXEC_BEGIN Q=[256,2,16,1] Kraw=bf16 Vraw=turbo4 decode=1 dk=0 dv=1 allow_vec=0 kernel=MMA_F16 need_f16_K=1 need_f16_V=0 Kdata=0x7f9445867000 Vdata=0x7f94458e7000 dst=0x7f9445a2c680
CUDA_FA_ROUTE_EXEC_DISPATCH Qrun=f32 Q=[256,2,16,1] Qdata=0x7f9445a24680 Krun=bf16 K=[256,256,4,1] Kdata=0x7f9445867000 Knb=[2,2048,512,524288] Vrun=f16 V=[256,256,4,1] Vdata=0x7f9459400000 Vnb=[2,2048,512,524288] kernel=MMA_F16 compiled_pair=1
0.03.160.957 I llama_completion: llama threadpool init, n_threads = 6
0.03.160.974 I 
0.03.161.009 I system_info: n_threads = 6 (n_threads_batch = 6) / 12 | CUDA : ARCHS = 860 | USE_GRAPHS = 1 | CPU : SSE3 = 1 | SSSE3 = 1 | AVX = 1 | AVX_VNNI = 1 | AVX2 = 1 | F16C = 1 | FMA = 1 | BMI2 = 1 | LLAMAFILE = 1 | OPENMP = 1 | REPACK = 1 | 
0.03.161.011 I 
0.03.161.061 I sampler seed: 3926643979
0.03.161.069 I sampler params: 
	repeat_last_n = 64, repeat_penalty = 1.000, frequency_penalty = 0.000, presence_penalty = 0.000
	dry_multiplier = 0.000, dry_base = 1.750, dry_allowed_length = 2, dry_penalty_last_n = -1
	top_k = 40, top_p = 0.950, min_p = 0.050, xtc_probability = 0.000, xtc_threshold = 0.100, typical_p = 1.000, top_n_sigma = -1.000, temp = 0.800
	mirostat = 0, mirostat_lr = 0.100, mirostat_ent = 5.000, adaptive_target = -1.000, adaptive_decay = 0.900
0.03.161.074 I sampler chain: logits -> ?penalties -> ?dry -> ?top-n-sigma -> top-k -> ?typical -> top-p -> min-p -> ?xtc -> temp-ext -> dist 
0.03.161.075 I generate: n_ctx = 256, n_batch = 2048, n_predict = 2, n_keep = 0
0.03.161.075 I 
The capital of France isCUDA_FA_ROUTE_PLAN device=0 Q=[256,5,16,1] Kraw=bf16 Vraw=turbo4 Kshape=[256,256,4,1] Vshape=[256,256,4,1] Keff=bf16 Veff=f16 turbo_kv=1 prefer_native_vec=0 decode=1 dk=0 dv=1 unsafe_vec_after_turbo_v_decode=1 allow_vec=0 kernel=MMA_F16 need_f16_K=1 need_f16_V=0 Knb=[2,2048,512,524288] Vnb=[66,528,132,135168] Keff_nb=[2,2048,512,524288] Veff_nb=[2,2048,512,524288]
CUDA_FA_ROUTE_SUPPORTED kernel=MMA_F16 effK=bf16 effV=f16 supported=1
CUDA_FA_ROUTE_PLAN device=0 Q=[256,5,16,1] Kraw=bf16 Vraw=turbo4 Kshape=[256,256,4,1] Vshape=[256,256,4,1] Keff=bf16 Veff=f16 turbo_kv=1 prefer_native_vec=0 decode=1 dk=0 dv=1 unsafe_vec_after_turbo_v_decode=1 allow_vec=0 kernel=MMA_F16 need_f16_K=1 need_f16_V=0 Knb=[2,2048,512,524288] Vnb=[66,528,132,135168] Keff_nb=[2,2048,512,524288] Veff_nb=[2,2048,512,524288]
CUDA_FA_ROUTE_SUPPORTED kernel=MMA_F16 effK=bf16 effV=f16 supported=1
CUDA_FA_ROUTE_PLAN device=0 Q=[256,5,16,1] Kraw=bf16 Vraw=turbo4 Kshape=[256,256,4,1] Vshape=[256,256,4,1] Keff=bf16 Veff=f16 turbo_kv=1 prefer_native_vec=0 decode=1 dk=0 dv=1 unsafe_vec_after_turbo_v_decode=1 allow_vec=0 kernel=MMA_F16 need_f16_K=1 need_f16_V=0 Knb=[2,2048,512,524288] Vnb=[66,528,132,135168] Keff_nb=[2,2048,512,524288] Veff_nb=[2,2048,512,524288]
CUDA_FA_ROUTE_SUPPORTED kernel=MMA_F16 effK=bf16 effV=f16 supported=1
CUDA_FA_ROUTE_PLAN device=0 Q=[256,5,16,1] Kraw=bf16 Vraw=turbo4 Kshape=[256,256,4,1] Vshape=[256,256,4,1] Keff=bf16 Veff=f16 turbo_kv=1 prefer_native_vec=0 decode=1 dk=0 dv=1 unsafe_vec_after_turbo_v_decode=1 allow_vec=0 kernel=MMA_F16 need_f16_K=1 need_f16_V=0 Knb=[2,2048,512,524288] Vnb=[66,528,132,135168] Keff_nb=[2,2048,512,524288] Veff_nb=[2,2048,512,524288]
CUDA_FA_ROUTE_SUPPORTED kernel=MMA_F16 effK=bf16 effV=f16 supported=1
CUDA_FA_ROUTE_PLAN device=0 Q=[256,5,16,1] Kraw=bf16 Vraw=turbo4 Kshape=[256,256,4,1] Vshape=[256,256,4,1] Keff=bf16 Veff=f16 turbo_kv=1 prefer_native_vec=0 decode=1 dk=0 dv=1 unsafe_vec_after_turbo_v_decode=1 allow_vec=0 kernel=MMA_F16 need_f16_K=1 need_f16_V=0 Knb=[2,2048,512,524288] Vnb=[66,528,132,135168] Keff_nb=[2,2048,512,524288] Veff_nb=[2,2048,512,524288]
CUDA_FA_ROUTE_SUPPORTED kernel=MMA_F16 effK=bf16 effV=f16 supported=1
CUDA_FA_ROUTE_PLAN device=0 Q=[256,5,16,1] Kraw=bf16 Vraw=turbo4 Kshape=[256,256,4,1] Vshape=[256,256,4,1] Keff=bf16 Veff=f16 turbo_kv=1 prefer_native_vec=0 decode=1 dk=0 dv=1 unsafe_vec_after_turbo_v_decode=1 allow_vec=0 kernel=MMA_F16 need_f16_K=1 need_f16_V=0 Knb=[2,2048,512,524288] Vnb=[66,528,132,135168] Keff_nb=[2,2048,512,524288] Veff_nb=[2,2048,512,524288]
CUDA_FA_ROUTE_SUPPORTED kernel=MMA_F16 effK=bf16 effV=f16 supported=1
CUDA_FA_ROUTE_PLAN device=0 Q=[256,5,16,1] Kraw=bf16 Vraw=turbo4 Kshape=[256,256,4,1] Vshape=[256,256,4,1] Keff=bf16 Veff=f16 turbo_kv=1 prefer_native_vec=0 decode=1 dk=0 dv=1 unsafe_vec_after_turbo_v_decode=1 allow_vec=0 kernel=MMA_F16 need_f16_K=1 need_f16_V=0 Knb=[2,2048,512,524288] Vnb=[66,528,132,135168] Keff_nb=[2,2048,512,524288] Veff_nb=[2,2048,512,524288]
CUDA_FA_ROUTE_SUPPORTED kernel=MMA_F16 effK=bf16 effV=f16 supported=1
CUDA_FA_ROUTE_PLAN device=0 Q=[256,5,16,1] Kraw=bf16 Vraw=turbo4 Kshape=[256,256,4,1] Vshape=[256,256,4,1] Keff=bf16 Veff=f16 turbo_kv=1 prefer_native_vec=0 decode=1 dk=0 dv=1 unsafe_vec_after_turbo_v_decode=1 allow_vec=0 kernel=MMA_F16 need_f16_K=1 need_f16_V=0 Knb=[2,2048,512,524288] Vnb=[66,528,132,135168] Keff_nb=[2,2048,512,524288] Veff_nb=[2,2048,512,524288]
CUDA_FA_ROUTE_SUPPORTED kernel=MMA_F16 effK=bf16 effV=f16 supported=1
CUDA_FA_ROUTE_PLAN device=0 Q=[256,5,16,1] Kraw=bf16 Vraw=turbo4 Kshape=[256,256,4,1] Vshape=[256,256,4,1] Keff=bf16 Veff=f16 turbo_kv=1 prefer_native_vec=0 decode=1 dk=0 dv=1 unsafe_vec_after_turbo_v_decode=1 allow_vec=0 kernel=MMA_F16 need_f16_K=1 need_f16_V=0 Knb=[2,2048,512,524288] Vnb=[66,528,132,135168] Keff_nb=[2,2048,512,524288] Veff_nb=[2,2048,512,524288]
CUDA_FA_ROUTE_ALLOC kernel=MMA_F16 need_f16_K=1 need_f16_V=0 workspace_end_offset=606208 dst_data=(nil) f16_K=0x14000 f16_V=(nil) f16_end=0x94000
CUDA_FA_ROUTE_PLAN device=0 Q=[256,5,16,1] Kraw=bf16 Vraw=turbo4 Kshape=[256,256,4,1] Vshape=[256,256,4,1] Keff=bf16 Veff=f16 turbo_kv=1 prefer_native_vec=0 decode=1 dk=0 dv=1 unsafe_vec_after_turbo_v_decode=1 allow_vec=0 kernel=MMA_F16 need_f16_K=1 need_f16_V=0 Knb=[2,2048,512,524288] Vnb=[66,528,132,135168] Keff_nb=[2,2048,512,524288] Veff_nb=[2,2048,512,524288]
CUDA_FA_ROUTE_ALLOC kernel=MMA_F16 need_f16_K=1 need_f16_V=0 workspace_end_offset=606208 dst_data=(nil) f16_K=0x14000 f16_V=(nil) f16_end=0x94000
CUDA_FA_ROUTE_PLAN device=0 Q=[256,5,16,1] Kraw=bf16 Vraw=turbo4 Kshape=[256,256,4,1] Vshape=[256,256,4,1] Keff=bf16 Veff=f16 turbo_kv=1 prefer_native_vec=0 decode=1 dk=0 dv=1 unsafe_vec_after_turbo_v_decode=1 allow_vec=0 kernel=MMA_F16 need_f16_K=1 need_f16_V=0 Knb=[2,2048,512,524288] Vnb=[66,528,132,135168] Keff_nb=[2,2048,512,524288] Veff_nb=[2,2048,512,524288]
CUDA_FA_ROUTE_ALLOC kernel=MMA_F16 need_f16_K=1 need_f16_V=0 workspace_end_offset=606208 dst_data=(nil) f16_K=0x14000 f16_V=(nil) f16_end=0x94000
CUDA_FA_ROUTE_PLAN device=0 Q=[256,5,16,1] Kraw=bf16 Vraw=turbo4 Kshape=[256,256,4,1] Vshape=[256,256,4,1] Keff=bf16 Veff=f16 turbo_kv=1 prefer_native_vec=0 decode=1 dk=0 dv=1 unsafe_vec_after_turbo_v_decode=1 allow_vec=0 kernel=MMA_F16 need_f16_K=1 need_f16_V=0 Knb=[2,2048,512,524288] Vnb=[66,528,132,135168] Keff_nb=[2,2048,512,524288] Veff_nb=[2,2048,512,524288]
CUDA_FA_ROUTE_ALLOC kernel=MMA_F16 need_f16_K=1 need_f16_V=0 workspace_end_offset=606208 dst_data=(nil) f16_K=0x14000 f16_V=(nil) f16_end=0x94000
CUDA_FA_ROUTE_PLAN device=0 Q=[256,5,16,1] Kraw=bf16 Vraw=turbo4 Kshape=[256,256,4,1] Vshape=[256,256,4,1] Keff=bf16 Veff=f16 turbo_kv=1 prefer_native_vec=0 decode=1 dk=0 dv=1 unsafe_vec_after_turbo_v_decode=1 allow_vec=0 kernel=MMA_F16 need_f16_K=1 need_f16_V=0 Knb=[2,2048,512,524288] Vnb=[66,528,132,135168] Keff_nb=[2,2048,512,524288] Veff_nb=[2,2048,512,524288]
CUDA_FA_ROUTE_ALLOC kernel=MMA_F16 need_f16_K=1 need_f16_V=0 workspace_end_offset=606208 dst_data=(nil) f16_K=0x14000 f16_V=(nil) f16_end=0x94000
CUDA_FA_ROUTE_PLAN device=0 Q=[256,5,16,1] Kraw=bf16 Vraw=turbo4 Kshape=[256,256,4,1] Vshape=[256,256,4,1] Keff=bf16 Veff=f16 turbo_kv=1 prefer_native_vec=0 decode=1 dk=0 dv=1 unsafe_vec_after_turbo_v_decode=1 allow_vec=0 kernel=MMA_F16 need_f16_K=1 need_f16_V=0 Knb=[2,2048,512,524288] Vnb=[66,528,132,135168] Keff_nb=[2,2048,512,524288] Veff_nb=[2,2048,512,524288]
CUDA_FA_ROUTE_ALLOC kernel=MMA_F16 need_f16_K=1 need_f16_V=0 workspace_end_offset=606208 dst_data=(nil) f16_K=0x14000 f16_V=(nil) f16_end=0x94000
CUDA_FA_ROUTE_PLAN device=0 Q=[256,5,16,1] Kraw=bf16 Vraw=turbo4 Kshape=[256,256,4,1] Vshape=[256,256,4,1] Keff=bf16 Veff=f16 turbo_kv=1 prefer_native_vec=0 decode=1 dk=0 dv=1 unsafe_vec_after_turbo_v_decode=1 allow_vec=0 kernel=MMA_F16 need_f16_K=1 need_f16_V=0 Knb=[2,2048,512,524288] Vnb=[66,528,132,135168] Keff_nb=[2,2048,512,524288] Veff_nb=[2,2048,512,524288]
CUDA_FA_ROUTE_ALLOC kernel=MMA_F16 need_f16_K=1 need_f16_V=0 workspace_end_offset=606208 dst_data=(nil) f16_K=0x14000 f16_V=(nil) f16_end=0x94000
CUDA_FA_ROUTE_PLAN device=0 Q=[256,5,16,1] Kraw=bf16 Vraw=turbo4 Kshape=[256,256,4,1] Vshape=[256,256,4,1] Keff=bf16 Veff=f16 turbo_kv=1 prefer_native_vec=0 decode=1 dk=0 dv=1 unsafe_vec_after_turbo_v_decode=1 allow_vec=0 kernel=MMA_F16 need_f16_K=1 need_f16_V=0 Knb=[2,2048,512,524288] Vnb=[66,528,132,135168] Keff_nb=[2,2048,512,524288] Veff_nb=[2,2048,512,524288]
CUDA_FA_ROUTE_ALLOC kernel=MMA_F16 need_f16_K=1 need_f16_V=0 workspace_end_offset=606208 dst_data=(nil) f16_K=0x14000 f16_V=(nil) f16_end=0x94000
CUDA_FA_ROUTE_PLAN device=0 Q=[256,5,16,1] Kraw=bf16 Vraw=turbo4 Kshape=[256,256,4,1] Vshape=[256,256,4,1] Keff=bf16 Veff=f16 turbo_kv=1 prefer_native_vec=0 decode=1 dk=0 dv=1 unsafe_vec_after_turbo_v_decode=1 allow_vec=0 kernel=MMA_F16 need_f16_K=1 need_f16_V=0 Knb=[2,2048,512,524288] Vnb=[66,528,132,135168] Keff_nb=[2,2048,512,524288] Veff_nb=[2,2048,512,524288]
CUDA_FA_ROUTE_ALLOC kernel=MMA_F16 need_f16_K=1 need_f16_V=0 workspace_end_offset=606208 dst_data=(nil) f16_K=0x14000 f16_V=(nil) f16_end=0x94000
CUDA_FA_ROUTE_PLAN device=0 Q=[256,5,16,1] Kraw=bf16 Vraw=turbo4 Kshape=[256,256,4,1] Vshape=[256,256,4,1] Keff=bf16 Veff=f16 turbo_kv=1 prefer_native_vec=0 decode=1 dk=0 dv=1 unsafe_vec_after_turbo_v_decode=1 allow_vec=0 kernel=MMA_F16 need_f16_K=1 need_f16_V=0 Knb=[2,2048,512,524288] Vnb=[66,528,132,135168] Keff_nb=[2,2048,512,524288] Veff_nb=[2,2048,512,524288]
CUDA_FA_ROUTE_ALLOC kernel=MMA_F16 need_f16_K=1 need_f16_V=0 workspace_end_offset=606208 dst_data=(nil) f16_K=0x14000 f16_V=(nil) f16_end=0x94000
CUDA_FA_ROUTE_PLAN device=0 Q=[256,5,16,1] Kraw=bf16 Vraw=turbo4 Kshape=[256,256,4,1] Vshape=[256,256,4,1] Keff=bf16 Veff=f16 turbo_kv=1 prefer_native_vec=0 decode=1 dk=0 dv=1 unsafe_vec_after_turbo_v_decode=1 allow_vec=0 kernel=MMA_F16 need_f16_K=1 need_f16_V=0 Knb=[2,2048,512,524288] Vnb=[66,528,132,135168] Keff_nb=[2,2048,512,524288] Veff_nb=[2,2048,512,524288]
CUDA_FA_ROUTE_ALLOC kernel=MMA_F16 need_f16_K=1 need_f16_V=0 workspace_end_offset=606208 dst_data=(nil) f16_K=0x14000 f16_V=(nil) f16_end=0x94000
CUDA_FA_ROUTE_PLAN device=0 Q=[256,5,16,1] Kraw=bf16 Vraw=turbo4 Kshape=[256,256,4,1] Vshape=[256,256,4,1] Keff=bf16 Veff=f16 turbo_kv=1 prefer_native_vec=0 decode=1 dk=0 dv=1 unsafe_vec_after_turbo_v_decode=1 allow_vec=0 kernel=MMA_F16 need_f16_K=1 need_f16_V=0 Knb=[2,2048,512,524288] Vnb=[66,528,132,135168] Keff_nb=[2,2048,512,524288] Veff_nb=[2,2048,512,524288]
CUDA_FA_ROUTE_ALLOC kernel=MMA_F16 need_f16_K=1 need_f16_V=0 workspace_end_offset=606208 dst_data=(nil) f16_K=0x14000 f16_V=(nil) f16_end=0x94000
CUDA_FA_ROUTE_PLAN device=0 Q=[256,5,16,1] Kraw=bf16 Vraw=turbo4 Kshape=[256,256,4,1] Vshape=[256,256,4,1] Keff=bf16 Veff=f16 turbo_kv=1 prefer_native_vec=0 decode=1 dk=0 dv=1 unsafe_vec_after_turbo_v_decode=1 allow_vec=0 kernel=MMA_F16 need_f16_K=1 need_f16_V=0 Knb=[2,2048,512,524288] Vnb=[66,528,132,135168] Keff_nb=[2,2048,512,524288] Veff_nb=[2,2048,512,524288]
CUDA_FA_ROUTE_ALLOC kernel=MMA_F16 need_f16_K=1 need_f16_V=0 workspace_end_offset=606208 dst_data=(nil) f16_K=0x14000 f16_V=(nil) f16_end=0x94000
CUDA_FA_ROUTE_PLAN device=0 Q=[256,5,16,1] Kraw=bf16 Vraw=turbo4 Kshape=[256,256,4,1] Vshape=[256,256,4,1] Keff=bf16 Veff=f16 turbo_kv=1 prefer_native_vec=0 decode=1 dk=0 dv=1 unsafe_vec_after_turbo_v_decode=1 allow_vec=0 kernel=MMA_F16 need_f16_K=1 need_f16_V=0 Knb=[2,2048,512,524288] Vnb=[66,528,132,135168] Keff_nb=[2,2048,512,524288] Veff_nb=[2,2048,512,524288]
CUDA_FA_ROUTE_ALLOC kernel=MMA_F16 need_f16_K=1 need_f16_V=0 workspace_end_offset=606208 dst_data=(nil) f16_K=0x14000 f16_V=(nil) f16_end=0x94000
CUDA_FA_ROUTE_PLAN device=0 Q=[256,5,16,1] Kraw=bf16 Vraw=turbo4 Kshape=[256,256,4,1] Vshape=[256,256,4,1] Keff=bf16 Veff=f16 turbo_kv=1 prefer_native_vec=0 decode=1 dk=0 dv=1 unsafe_vec_after_turbo_v_decode=1 allow_vec=0 kernel=MMA_F16 need_f16_K=1 need_f16_V=0 Knb=[2,2048,512,524288] Vnb=[66,528,132,135168] Keff_nb=[2,2048,512,524288] Veff_nb=[2,2048,512,524288]
CUDA_FA_ROUTE_ALLOC kernel=MMA_F16 need_f16_K=1 need_f16_V=0 workspace_end_offset=606208 dst_data=(nil) f16_K=0x14000 f16_V=(nil) f16_end=0x94000
CUDA_FA_ROUTE_PLAN device=0 Q=[256,5,16,1] Kraw=bf16 Vraw=turbo4 Kshape=[256,256,4,1] Vshape=[256,256,4,1] Keff=bf16 Veff=f16 turbo_kv=1 prefer_native_vec=0 decode=1 dk=0 dv=1 unsafe_vec_after_turbo_v_decode=1 allow_vec=0 kernel=MMA_F16 need_f16_K=1 need_f16_V=0 Knb=[2,2048,512,524288] Vnb=[66,528,132,135168] Keff_nb=[2,2048,512,524288] Veff_nb=[2,2048,512,524288]
CUDA_FA_ROUTE_ALLOC kernel=MMA_F16 need_f16_K=1 need_f16_V=0 workspace_end_offset=606208 dst_data=(nil) f16_K=0x14000 f16_V=(nil) f16_end=0x94000
CUDA_FA_ROUTE_PLAN device=0 Q=[256,5,16,1] Kraw=bf16 Vraw=turbo4 Kshape=[256,256,4,1] Vshape=[256,256,4,1] Keff=bf16 Veff=f16 turbo_kv=1 prefer_native_vec=0 decode=1 dk=0 dv=1 unsafe_vec_after_turbo_v_decode=1 allow_vec=0 kernel=MMA_F16 need_f16_K=1 need_f16_V=0 Knb=[2,2048,512,524288] Vnb=[66,528,132,135168] Keff_nb=[2,2048,512,524288] Veff_nb=[2,2048,512,524288]
CUDA_FA_ROUTE_ALLOC kernel=MMA_F16 need_f16_K=1 need_f16_V=0 workspace_end_offset=606208 dst_data=(nil) f16_K=0x14000 f16_V=(nil) f16_end=0x94000
CUDA_FA_ROUTE_PLAN device=0 Q=[256,5,16,1] Kraw=bf16 Vraw=turbo4 Kshape=[256,256,4,1] Vshape=[256,256,4,1] Keff=bf16 Veff=f16 turbo_kv=1 prefer_native_vec=0 decode=1 dk=0 dv=1 unsafe_vec_after_turbo_v_decode=1 allow_vec=0 kernel=MMA_F16 need_f16_K=1 need_f16_V=0 Knb=[2,2048,512,524288] Vnb=[66,528,132,135168] Keff_nb=[2,2048,512,524288] Veff_nb=[2,2048,512,524288]
CUDA_FA_ROUTE_ALLOC kernel=MMA_F16 need_f16_K=1 need_f16_V=0 workspace_end_offset=606208 dst_data=(nil) f16_K=0x14000 f16_V=(nil) f16_end=0x94000
CUDA_FA_ROUTE_PLAN device=0 Q=[256,5,16,1] Kraw=bf16 Vraw=turbo4 Kshape=[256,256,4,1] Vshape=[256,256,4,1] Keff=bf16 Veff=f16 turbo_kv=1 prefer_native_vec=0 decode=1 dk=0 dv=1 unsafe_vec_after_turbo_v_decode=1 allow_vec=0 kernel=MMA_F16 need_f16_K=1 need_f16_V=0 Knb=[2,2048,512,524288] Vnb=[66,528,132,135168] Keff_nb=[2,2048,512,524288] Veff_nb=[2,2048,512,524288]
CUDA_FA_ROUTE_ALLOC kernel=MMA_F16 need_f16_K=1 need_f16_V=0 workspace_end_offset=606208 dst_data=(nil) f16_K=0x14000 f16_V=(nil) f16_end=0x94000
CUDA_FA_ROUTE_PLAN device=0 Q=[256,5,16,1] Kraw=bf16 Vraw=turbo4 Kshape=[256,256,4,1] Vshape=[256,256,4,1] Keff=bf16 Veff=f16 turbo_kv=1 prefer_native_vec=0 decode=1 dk=0 dv=1 unsafe_vec_after_turbo_v_decode=1 allow_vec=0 kernel=MMA_F16 need_f16_K=1 need_f16_V=0 Knb=[2,2048,512,524288] Vnb=[66,528,132,135168] Keff_nb=[2,2048,512,524288] Veff_nb=[2,2048,512,524288]
CUDA_FA_ROUTE_ALLOC kernel=MMA_F16 need_f16_K=1 need_f16_V=0 workspace_end_offset=606208 dst_data=(nil) f16_K=0x14000 f16_V=(nil) f16_end=0x94000
CUDA_FA_ROUTE_PLAN device=0 Q=[256,5,16,1] Kraw=bf16 Vraw=turbo4 Kshape=[256,256,4,1] Vshape=[256,256,4,1] Keff=bf16 Veff=f16 turbo_kv=1 prefer_native_vec=0 decode=1 dk=0 dv=1 unsafe_vec_after_turbo_v_decode=1 allow_vec=0 kernel=MMA_F16 need_f16_K=1 need_f16_V=0 Knb=[2,2048,512,524288] Vnb=[66,528,132,135168] Keff_nb=[2,2048,512,524288] Veff_nb=[2,2048,512,524288]
CUDA_FA_ROUTE_ALLOC kernel=MMA_F16 need_f16_K=1 need_f16_V=0 workspace_end_offset=606208 dst_data=(nil) f16_K=0x14000 f16_V=(nil) f16_end=0x94000
CUDA_FA_ROUTE_PLAN device=0 Q=[256,5,16,1] Kraw=bf16 Vraw=turbo4 Kshape=[256,256,4,1] Vshape=[256,256,4,1] Keff=bf16 Veff=f16 turbo_kv=1 prefer_native_vec=0 decode=1 dk=0 dv=1 unsafe_vec_after_turbo_v_decode=1 allow_vec=0 kernel=MMA_F16 need_f16_K=1 need_f16_V=0 Knb=[2,2048,512,524288] Vnb=[66,528,132,135168] Keff_nb=[2,2048,512,524288] Veff_nb=[2,2048,512,524288]
CUDA_FA_ROUTE_ALLOC kernel=MMA_F16 need_f16_K=1 need_f16_V=0 workspace_end_offset=606208 dst_data=(nil) f16_K=0x14000 f16_V=(nil) f16_end=0x94000
CUDA_FA_ROUTE_PLAN device=0 Q=[256,5,16,1] Kraw=bf16 Vraw=turbo4 Kshape=[256,256,4,1] Vshape=[256,256,4,1] Keff=bf16 Veff=f16 turbo_kv=1 prefer_native_vec=0 decode=1 dk=0 dv=1 unsafe_vec_after_turbo_v_decode=1 allow_vec=0 kernel=MMA_F16 need_f16_K=1 need_f16_V=0 Knb=[2,2048,512,524288] Vnb=[66,528,132,135168] Keff_nb=[2,2048,512,524288] Veff_nb=[2,2048,512,524288]
CUDA_FA_ROUTE_ALLOC kernel=MMA_F16 need_f16_K=1 need_f16_V=0 workspace_end_offset=606208 dst_data=(nil) f16_K=0x14000 f16_V=(nil) f16_end=0x94000
CUDA_FA_ROUTE_PLAN device=0 Q=[256,5,16,1] Kraw=bf16 Vraw=turbo4 Kshape=[256,256,4,1] Vshape=[256,256,4,1] Keff=bf16 Veff=f16 turbo_kv=1 prefer_native_vec=0 decode=1 dk=0 dv=1 unsafe_vec_after_turbo_v_decode=1 allow_vec=0 kernel=MMA_F16 need_f16_K=1 need_f16_V=0 Knb=[2,2048,512,524288] Vnb=[66,528,132,135168] Keff_nb=[2,2048,512,524288] Veff_nb=[2,2048,512,524288]
CUDA_FA_ROUTE_ALLOC kernel=MMA_F16 need_f16_K=1 need_f16_V=0 workspace_end_offset=606208 dst_data=(nil) f16_K=0x14000 f16_V=(nil) f16_end=0x94000
CUDA_FA_ROUTE_PLAN device=0 Q=[256,5,16,1] Kraw=bf16 Vraw=turbo4 Kshape=[256,256,4,1] Vshape=[256,256,4,1] Keff=bf16 Veff=f16 turbo_kv=1 prefer_native_vec=0 decode=1 dk=0 dv=1 unsafe_vec_after_turbo_v_decode=1 allow_vec=0 kernel=MMA_F16 need_f16_K=1 need_f16_V=0 Knb=[2,2048,512,524288] Vnb=[66,528,132,135168] Keff_nb=[2,2048,512,524288] Veff_nb=[2,2048,512,524288]
CUDA_FA_ROUTE_ALLOC kernel=MMA_F16 need_f16_K=1 need_f16_V=0 workspace_end_offset=606208 dst_data=(nil) f16_K=0x14000 f16_V=(nil) f16_end=0x94000
CUDA_FA_ROUTE_PLAN device=0 Q=[256,5,16,1] Kraw=bf16 Vraw=turbo4 Kshape=[256,256,4,1] Vshape=[256,256,4,1] Keff=bf16 Veff=f16 turbo_kv=1 prefer_native_vec=0 decode=1 dk=0 dv=1 unsafe_vec_after_turbo_v_decode=1 allow_vec=0 kernel=MMA_F16 need_f16_K=1 need_f16_V=0 Knb=[2,2048,512,524288] Vnb=[66,528,132,135168] Keff_nb=[2,2048,512,524288] Veff_nb=[2,2048,512,524288]
CUDA_FA_ROUTE_ALLOC kernel=MMA_F16 need_f16_K=1 need_f16_V=0 workspace_end_offset=606208 dst_data=(nil) f16_K=0x14000 f16_V=(nil) f16_end=0x94000
CUDA_FA_ROUTE_PLAN device=0 Q=[256,5,16,1] Kraw=bf16 Vraw=turbo4 Kshape=[256,256,4,1] Vshape=[256,256,4,1] Keff=bf16 Veff=f16 turbo_kv=1 prefer_native_vec=0 decode=1 dk=0 dv=1 unsafe_vec_after_turbo_v_decode=1 allow_vec=0 kernel=MMA_F16 need_f16_K=1 need_f16_V=0 Knb=[2,2048,512,524288] Vnb=[66,528,132,135168] Keff_nb=[2,2048,512,524288] Veff_nb=[2,2048,512,524288]
CUDA_FA_ROUTE_ALLOC kernel=MMA_F16 need_f16_K=1 need_f16_V=0 workspace_end_offset=606208 dst_data=(nil) f16_K=0x14000 f16_V=(nil) f16_end=0x94000
CUDA_FA_ROUTE_PLAN device=0 Q=[256,5,16,1] Kraw=bf16 Vraw=turbo4 Kshape=[256,256,4,1] Vshape=[256,256,4,1] Keff=bf16 Veff=f16 turbo_kv=1 prefer_native_vec=0 decode=1 dk=0 dv=1 unsafe_vec_after_turbo_v_decode=1 allow_vec=0 kernel=MMA_F16 need_f16_K=1 need_f16_V=0 Knb=[2,2048,512,524288] Vnb=[66,528,132,135168] Keff_nb=[2,2048,512,524288] Veff_nb=[2,2048,512,524288]
CUDA_FA_ROUTE_ALLOC kernel=MMA_F16 need_f16_K=1 need_f16_V=0 workspace_end_offset=606208 dst_data=(nil) f16_K=0x14000 f16_V=(nil) f16_end=0x94000
CUDA_FA_ROUTE_PLAN device=0 Q=[256,5,16,1] Kraw=bf16 Vraw=turbo4 Kshape=[256,256,4,1] Vshape=[256,256,4,1] Keff=bf16 Veff=f16 turbo_kv=1 prefer_native_vec=0 decode=1 dk=0 dv=1 unsafe_vec_after_turbo_v_decode=1 allow_vec=0 kernel=MMA_F16 need_f16_K=1 need_f16_V=0 Knb=[2,2048,512,524288] Vnb=[66,528,132,135168] Keff_nb=[2,2048,512,524288] Veff_nb=[2,2048,512,524288]
CUDA_FA_ROUTE_ALLOC kernel=MMA_F16 need_f16_K=1 need_f16_V=0 workspace_end_offset=606208 dst_data=(nil) f16_K=0x14000 f16_V=(nil) f16_end=0x94000
CUDA_FA_ROUTE_PLAN device=0 Q=[256,5,16,1] Kraw=bf16 Vraw=turbo4 Kshape=[256,256,4,1] Vshape=[256,256,4,1] Keff=bf16 Veff=f16 turbo_kv=1 prefer_native_vec=0 decode=1 dk=0 dv=1 unsafe_vec_after_turbo_v_decode=1 allow_vec=0 kernel=MMA_F16 need_f16_K=1 need_f16_V=0 Knb=[2,2048,512,524288] Vnb=[66,528,132,135168] Keff_nb=[2,2048,512,524288] Veff_nb=[2,2048,512,524288]
CUDA_FA_ROUTE_ALLOC kernel=MMA_F16 need_f16_K=1 need_f16_V=0 workspace_end_offset=606208 dst_data=(nil) f16_K=0x14000 f16_V=(nil) f16_end=0x94000
CUDA_FA_ROUTE_PLAN device=0 Q=[256,5,16,1] Kraw=bf16 Vraw=turbo4 Kshape=[256,256,4,1] Vshape=[256,256,4,1] Keff=bf16 Veff=f16 turbo_kv=1 prefer_native_vec=0 decode=1 dk=0 dv=1 unsafe_vec_after_turbo_v_decode=1 allow_vec=0 kernel=MMA_F16 need_f16_K=1 need_f16_V=0 Knb=[2,2048,512,524288] Vnb=[66,528,132,135168] Keff_nb=[2,2048,512,524288] Veff_nb=[2,2048,512,524288]
CUDA_FA_ROUTE_ALLOC kernel=MMA_F16 need_f16_K=1 need_f16_V=0 workspace_end_offset=606208 dst_data=(nil) f16_K=0x14000 f16_V=(nil) f16_end=0x94000
CUDA_FA_ROUTE_PLAN device=0 Q=[256,5,16,1] Kraw=bf16 Vraw=turbo4 Kshape=[256,256,4,1] Vshape=[256,256,4,1] Keff=bf16 Veff=f16 turbo_kv=1 prefer_native_vec=0 decode=1 dk=0 dv=1 unsafe_vec_after_turbo_v_decode=1 allow_vec=0 kernel=MMA_F16 need_f16_K=1 need_f16_V=0 Knb=[2,2048,512,524288] Vnb=[66,528,132,135168] Keff_nb=[2,2048,512,524288] Veff_nb=[2,2048,512,524288]
CUDA_FA_ROUTE_ALLOC kernel=MMA_F16 need_f16_K=1 need_f16_V=0 workspace_end_offset=606208 dst_data=(nil) f16_K=0x14000 f16_V=(nil) f16_end=0x94000
CUDA_FA_ROUTE_PLAN device=0 Q=[256,5,16,1] Kraw=bf16 Vraw=turbo4 Kshape=[256,256,4,1] Vshape=[256,256,4,1] Keff=bf16 Veff=f16 turbo_kv=1 prefer_native_vec=0 decode=1 dk=0 dv=1 unsafe_vec_after_turbo_v_decode=1 allow_vec=0 kernel=MMA_F16 need_f16_K=1 need_f16_V=0 Knb=[2,2048,512,524288] Vnb=[66,528,132,135168] Keff_nb=[2,2048,512,524288] Veff_nb=[2,2048,512,524288]
CUDA_FA_ROUTE_ALLOC kernel=MMA_F16 need_f16_K=1 need_f16_V=0 workspace_end_offset=606208 dst_data=(nil) f16_K=0x14000 f16_V=(nil) f16_end=0x94000
CUDA_FA_ROUTE_PLAN device=0 Q=[256,5,16,1] Kraw=bf16 Vraw=turbo4 Kshape=[256,256,4,1] Vshape=[256,256,4,1] Keff=bf16 Veff=f16 turbo_kv=1 prefer_native_vec=0 decode=1 dk=0 dv=1 unsafe_vec_after_turbo_v_decode=1 allow_vec=0 kernel=MMA_F16 need_f16_K=1 need_f16_V=0 Knb=[2,2048,512,524288] Vnb=[66,528,132,135168] Keff_nb=[2,2048,512,524288] Veff_nb=[2,2048,512,524288]
CUDA_FA_ROUTE_ALLOC kernel=MMA_F16 need_f16_K=1 need_f16_V=0 workspace_end_offset=606208 dst_data=(nil) f16_K=0x14000 f16_V=(nil) f16_end=0x94000
CUDA_FA_ROUTE_PLAN device=0 Q=[256,5,16,1] Kraw=bf16 Vraw=turbo4 Kshape=[256,256,4,1] Vshape=[256,256,4,1] Keff=bf16 Veff=f16 turbo_kv=1 prefer_native_vec=0 decode=1 dk=0 dv=1 unsafe_vec_after_turbo_v_decode=1 allow_vec=0 kernel=MMA_F16 need_f16_K=1 need_f16_V=0 Knb=[2,2048,512,524288] Vnb=[66,528,132,135168] Keff_nb=[2,2048,512,524288] Veff_nb=[2,2048,512,524288]
CUDA_FA_ROUTE_ALLOC kernel=MMA_F16 need_f16_K=1 need_f16_V=0 workspace_end_offset=606208 dst_data=(nil) f16_K=0x14000 f16_V=(nil) f16_end=0x94000
CUDA_FA_ROUTE_PLAN device=0 Q=[256,5,16,1] Kraw=bf16 Vraw=turbo4 Kshape=[256,256,4,1] Vshape=[256,256,4,1] Keff=bf16 Veff=f16 turbo_kv=1 prefer_native_vec=0 decode=1 dk=0 dv=1 unsafe_vec_after_turbo_v_decode=1 allow_vec=0 kernel=MMA_F16 need_f16_K=1 need_f16_V=0 Knb=[2,2048,512,524288] Vnb=[66,528,132,135168] Keff_nb=[2,2048,512,524288] Veff_nb=[2,2048,512,524288]
CUDA_FA_ROUTE_ALLOC kernel=MMA_F16 need_f16_K=1 need_f16_V=0 workspace_end_offset=606208 dst_data=(nil) f16_K=0x14000 f16_V=(nil) f16_end=0x94000
CUDA_FA_ROUTE_PLAN device=0 Q=[256,5,16,1] Kraw=bf16 Vraw=turbo4 Kshape=[256,256,4,1] Vshape=[256,256,4,1] Keff=bf16 Veff=f16 turbo_kv=1 prefer_native_vec=0 decode=1 dk=0 dv=1 unsafe_vec_after_turbo_v_decode=1 allow_vec=0 kernel=MMA_F16 need_f16_K=1 need_f16_V=0 Knb=[2,2048,512,524288] Vnb=[66,528,132,135168] Keff_nb=[2,2048,512,524288] Veff_nb=[2,2048,512,524288]
CUDA_FA_ROUTE_ALLOC kernel=MMA_F16 need_f16_K=1 need_f16_V=0 workspace_end_offset=606208 dst_data=(nil) f16_K=0x14000 f16_V=(nil) f16_end=0x94000
CUDA_FA_ROUTE_PLAN device=0 Q=[256,5,16,1] Kraw=bf16 Vraw=turbo4 Kshape=[256,256,4,1] Vshape=[256,256,4,1] Keff=bf16 Veff=f16 turbo_kv=1 prefer_native_vec=0 decode=1 dk=0 dv=1 unsafe_vec_after_turbo_v_decode=1 allow_vec=0 kernel=MMA_F16 need_f16_K=1 need_f16_V=0 Knb=[2,2048,512,524288] Vnb=[66,528,132,135168] Keff_nb=[2,2048,512,524288] Veff_nb=[2,2048,512,524288]
CUDA_FA_ROUTE_ALLOC kernel=MMA_F16 need_f16_K=1 need_f16_V=0 workspace_end_offset=606208 dst_data=(nil) f16_K=0x14000 f16_V=(nil) f16_end=0x94000
CUDA_FA_ROUTE_PLAN device=0 Q=[256,5,16,1] Kraw=bf16 Vraw=turbo4 Kshape=[256,256,4,1] Vshape=[256,256,4,1] Keff=bf16 Veff=f16 turbo_kv=1 prefer_native_vec=0 decode=1 dk=0 dv=1 unsafe_vec_after_turbo_v_decode=1 allow_vec=0 kernel=MMA_F16 need_f16_K=1 need_f16_V=0 Knb=[2,2048,512,524288] Vnb=[66,528,132,135168] Keff_nb=[2,2048,512,524288] Veff_nb=[2,2048,512,524288]
CUDA_FA_ROUTE_ALLOC kernel=MMA_F16 need_f16_K=1 need_f16_V=0 workspace_end_offset=606208 dst_data=(nil) f16_K=0x14000 f16_V=(nil) f16_end=0x94000
CUDA_FA_ROUTE_PLAN device=0 Q=[256,5,16,1] Kraw=bf16 Vraw=turbo4 Kshape=[256,256,4,1] Vshape=[256,256,4,1] Keff=bf16 Veff=f16 turbo_kv=1 prefer_native_vec=0 decode=1 dk=0 dv=1 unsafe_vec_after_turbo_v_decode=1 allow_vec=0 kernel=MMA_F16 need_f16_K=1 need_f16_V=0 Knb=[2,2048,512,524288] Vnb=[66,528,132,135168] Keff_nb=[2,2048,512,524288] Veff_nb=[2,2048,512,524288]
CUDA_FA_ROUTE_ALLOC kernel=MMA_F16 need_f16_K=1 need_f16_V=0 workspace_end_offset=606208 dst_data=(nil) f16_K=0x14000 f16_V=(nil) f16_end=0x94000
CUDA_FA_ROUTE_PLAN device=0 Q=[256,5,16,1] Kraw=bf16 Vraw=turbo4 Kshape=[256,256,4,1] Vshape=[256,256,4,1] Keff=bf16 Veff=f16 turbo_kv=1 prefer_native_vec=0 decode=1 dk=0 dv=1 unsafe_vec_after_turbo_v_decode=1 allow_vec=0 kernel=MMA_F16 need_f16_K=1 need_f16_V=0 Knb=[2,2048,512,524288] Vnb=[66,528,132,135168] Keff_nb=[2,2048,512,524288] Veff_nb=[2,2048,512,524288]
CUDA_FA_ROUTE_ALLOC kernel=MMA_F16 need_f16_K=1 need_f16_V=0 workspace_end_offset=606208 dst_data=(nil) f16_K=0x14000 f16_V=(nil) f16_end=0x94000
CUDA_FA_ROUTE_PLAN device=0 Q=[256,5,16,1] Kraw=bf16 Vraw=turbo4 Kshape=[256,256,4,1] Vshape=[256,256,4,1] Keff=bf16 Veff=f16 turbo_kv=1 prefer_native_vec=0 decode=1 dk=0 dv=1 unsafe_vec_after_turbo_v_decode=1 allow_vec=0 kernel=MMA_F16 need_f16_K=1 need_f16_V=0 Knb=[2,2048,512,524288] Vnb=[66,528,132,135168] Keff_nb=[2,2048,512,524288] Veff_nb=[2,2048,512,524288]
CUDA_FA_ROUTE_ALLOC kernel=MMA_F16 need_f16_K=1 need_f16_V=0 workspace_end_offset=606208 dst_data=(nil) f16_K=0x14000 f16_V=(nil) f16_end=0x94000
CUDA_FA_ROUTE_PLAN device=0 Q=[256,5,16,1] Kraw=bf16 Vraw=turbo4 Kshape=[256,256,4,1] Vshape=[256,256,4,1] Keff=bf16 Veff=f16 turbo_kv=1 prefer_native_vec=0 decode=1 dk=0 dv=1 unsafe_vec_after_turbo_v_decode=1 allow_vec=0 kernel=MMA_F16 need_f16_K=1 need_f16_V=0 Knb=[2,2048,512,524288] Vnb=[66,528,132,135168] Keff_nb=[2,2048,512,524288] Veff_nb=[2,2048,512,524288]
CUDA_FA_ROUTE_ALLOC kernel=MMA_F16 need_f16_K=1 need_f16_V=0 workspace_end_offset=606208 dst_data=(nil) f16_K=0x14000 f16_V=(nil) f16_end=0x94000
CUDA_FA_ROUTE_PLAN device=0 Q=[256,5,16,1] Kraw=bf16 Vraw=turbo4 Kshape=[256,256,4,1] Vshape=[256,256,4,1] Keff=bf16 Veff=f16 turbo_kv=1 prefer_native_vec=0 decode=1 dk=0 dv=1 unsafe_vec_after_turbo_v_decode=1 allow_vec=0 kernel=MMA_F16 need_f16_K=1 need_f16_V=0 Knb=[2,2048,512,524288] Vnb=[66,528,132,135168] Keff_nb=[2,2048,512,524288] Veff_nb=[2,2048,512,524288]
CUDA_FA_ROUTE_ALLOC kernel=MMA_F16 need_f16_K=1 need_f16_V=0 workspace_end_offset=606208 dst_data=(nil) f16_K=0x14000 f16_V=(nil) f16_end=0x94000
CUDA_FA_ROUTE_PLAN device=0 Q=[256,5,16,1] Kraw=bf16 Vraw=turbo4 Kshape=[256,256,4,1] Vshape=[256,256,4,1] Keff=bf16 Veff=f16 turbo_kv=1 prefer_native_vec=0 decode=1 dk=0 dv=1 unsafe_vec_after_turbo_v_decode=1 allow_vec=0 kernel=MMA_F16 need_f16_K=1 need_f16_V=0 Knb=[2,2048,512,524288] Vnb=[66,528,132,135168] Keff_nb=[2,2048,512,524288] Veff_nb=[2,2048,512,524288]
CUDA_FA_ROUTE_ALLOC kernel=MMA_F16 need_f16_K=1 need_f16_V=0 workspace_end_offset=606208 dst_data=(nil) f16_K=0x14000 f16_V=(nil) f16_end=0x94000
CUDA_FA_ROUTE_PLAN device=0 Q=[256,5,16,1] Kraw=bf16 Vraw=turbo4 Kshape=[256,256,4,1] Vshape=[256,256,4,1] Keff=bf16 Veff=f16 turbo_kv=1 prefer_native_vec=0 decode=1 dk=0 dv=1 unsafe_vec_after_turbo_v_decode=1 allow_vec=0 kernel=MMA_F16 need_f16_K=1 need_f16_V=0 Knb=[2,2048,512,524288] Vnb=[66,528,132,135168] Keff_nb=[2,2048,512,524288] Veff_nb=[2,2048,512,524288]
CUDA_FA_ROUTE_ALLOC kernel=MMA_F16 need_f16_K=1 need_f16_V=0 workspace_end_offset=606208 dst_data=(nil) f16_K=0x14000 f16_V=(nil) f16_end=0x94000
CUDA_FA_ROUTE_PLAN device=0 Q=[256,5,16,1] Kraw=bf16 Vraw=turbo4 Kshape=[256,256,4,1] Vshape=[256,256,4,1] Keff=bf16 Veff=f16 turbo_kv=1 prefer_native_vec=0 decode=1 dk=0 dv=1 unsafe_vec_after_turbo_v_decode=1 allow_vec=0 kernel=MMA_F16 need_f16_K=1 need_f16_V=0 Knb=[2,2048,512,524288] Vnb=[66,528,132,135168] Keff_nb=[2,2048,512,524288] Veff_nb=[2,2048,512,524288]
CUDA_FA_ROUTE_ALLOC kernel=MMA_F16 need_f16_K=1 need_f16_V=0 workspace_end_offset=606208 dst_data=(nil) f16_K=0x14000 f16_V=(nil) f16_end=0x94000
CUDA_FA_ROUTE_PLAN device=0 Q=[256,5,16,1] Kraw=bf16 Vraw=turbo4 Kshape=[256,256,4,1] Vshape=[256,256,4,1] Keff=bf16 Veff=f16 turbo_kv=1 prefer_native_vec=0 decode=1 dk=0 dv=1 unsafe_vec_after_turbo_v_decode=1 allow_vec=0 kernel=MMA_F16 need_f16_K=1 need_f16_V=0 Knb=[2,2048,512,524288] Vnb=[66,528,132,135168] Keff_nb=[2,2048,512,524288] Veff_nb=[2,2048,512,524288]
CUDA_FA_ROUTE_ALLOC kernel=MMA_F16 need_f16_K=1 need_f16_V=0 workspace_end_offset=606208 dst_data=(nil) f16_K=0x14000 f16_V=(nil) f16_end=0x94000
CUDA_FA_ROUTE_PLAN device=0 Q=[256,5,16,1] Kraw=bf16 Vraw=turbo4 Kshape=[256,256,4,1] Vshape=[256,256,4,1] Keff=bf16 Veff=f16 turbo_kv=1 prefer_native_vec=0 decode=1 dk=0 dv=1 unsafe_vec_after_turbo_v_decode=1 allow_vec=0 kernel=MMA_F16 need_f16_K=1 need_f16_V=0 Knb=[2,2048,512,524288] Vnb=[66,528,132,135168] Keff_nb=[2,2048,512,524288] Veff_nb=[2,2048,512,524288]
CUDA_FA_ROUTE_ALLOC kernel=MMA_F16 need_f16_K=1 need_f16_V=0 workspace_end_offset=606208 dst_data=(nil) f16_K=0x14000 f16_V=(nil) f16_end=0x94000
CUDA_FA_ROUTE_PLAN device=0 Q=[256,5,16,1] Kraw=bf16 Vraw=turbo4 Kshape=[256,256,4,1] Vshape=[256,256,4,1] Keff=bf16 Veff=f16 turbo_kv=1 prefer_native_vec=0 decode=1 dk=0 dv=1 unsafe_vec_after_turbo_v_decode=1 allow_vec=0 kernel=MMA_F16 need_f16_K=1 need_f16_V=0 Knb=[2,2048,512,524288] Vnb=[66,528,132,135168] Keff_nb=[2,2048,512,524288] Veff_nb=[2,2048,512,524288]
CUDA_FA_ROUTE_ALLOC kernel=MMA_F16 need_f16_K=1 need_f16_V=0 workspace_end_offset=606208 dst_data=(nil) f16_K=0x14000 f16_V=(nil) f16_end=0x94000
CUDA_FA_ROUTE_PLAN device=0 Q=[256,5,16,1] Kraw=bf16 Vraw=turbo4 Kshape=[256,256,4,1] Vshape=[256,256,4,1] Keff=bf16 Veff=f16 turbo_kv=1 prefer_native_vec=0 decode=1 dk=0 dv=1 unsafe_vec_after_turbo_v_decode=1 allow_vec=0 kernel=MMA_F16 need_f16_K=1 need_f16_V=0 Knb=[2,2048,512,524288] Vnb=[66,528,132,135168] Keff_nb=[2,2048,512,524288] Veff_nb=[2,2048,512,524288]
CUDA_FA_ROUTE_ALLOC kernel=MMA_F16 need_f16_K=1 need_f16_V=0 workspace_end_offset=606208 dst_data=(nil) f16_K=0x14000 f16_V=(nil) f16_end=0x94000
CUDA_FA_ROUTE_PLAN device=0 Q=[256,5,16,1] Kraw=bf16 Vraw=turbo4 Kshape=[256,256,4,1] Vshape=[256,256,4,1] Keff=bf16 Veff=f16 turbo_kv=1 prefer_native_vec=0 decode=1 dk=0 dv=1 unsafe_vec_after_turbo_v_decode=1 allow_vec=0 kernel=MMA_F16 need_f16_K=1 need_f16_V=0 Knb=[2,2048,512,524288] Vnb=[66,528,132,135168] Keff_nb=[2,2048,512,524288] Veff_nb=[2,2048,512,524288]
CUDA_FA_ROUTE_ALLOC kernel=MMA_F16 need_f16_K=1 need_f16_V=0 workspace_end_offset=606208 dst_data=(nil) f16_K=0x14000 f16_V=(nil) f16_end=0x94000
CUDA_FA_ROUTE_PLAN device=0 Q=[256,5,16,1] Kraw=bf16 Vraw=turbo4 Kshape=[256,256,4,1] Vshape=[256,256,4,1] Keff=bf16 Veff=f16 turbo_kv=1 prefer_native_vec=0 decode=1 dk=0 dv=1 unsafe_vec_after_turbo_v_decode=1 allow_vec=0 kernel=MMA_F16 need_f16_K=1 need_f16_V=0 Knb=[2,2048,512,524288] Vnb=[66,528,132,135168] Keff_nb=[2,2048,512,524288] Veff_nb=[2,2048,512,524288]
CUDA_FA_ROUTE_ALLOC kernel=MMA_F16 need_f16_K=1 need_f16_V=0 workspace_end_offset=606208 dst_data=(nil) f16_K=0x14000 f16_V=(nil) f16_end=0x94000
CUDA_FA_ROUTE_PLAN device=0 Q=[256,5,16,1] Kraw=bf16 Vraw=turbo4 Kshape=[256,256,4,1] Vshape=[256,256,4,1] Keff=bf16 Veff=f16 turbo_kv=1 prefer_native_vec=0 decode=1 dk=0 dv=1 unsafe_vec_after_turbo_v_decode=1 allow_vec=0 kernel=MMA_F16 need_f16_K=1 need_f16_V=0 Knb=[2,2048,512,524288] Vnb=[66,528,132,135168] Keff_nb=[2,2048,512,524288] Veff_nb=[2,2048,512,524288]
CUDA_FA_ROUTE_ALLOC kernel=MMA_F16 need_f16_K=1 need_f16_V=0 workspace_end_offset=606208 dst_data=(nil) f16_K=0x14000 f16_V=(nil) f16_end=0x94000
CUDA_FA_ROUTE_PLAN device=0 Q=[256,5,16,1] Kraw=bf16 Vraw=turbo4 Kshape=[256,256,4,1] Vshape=[256,256,4,1] Keff=bf16 Veff=f16 turbo_kv=1 prefer_native_vec=0 decode=1 dk=0 dv=1 unsafe_vec_after_turbo_v_decode=1 allow_vec=0 kernel=MMA_F16 need_f16_K=1 need_f16_V=0 Knb=[2,2048,512,524288] Vnb=[66,528,132,135168] Keff_nb=[2,2048,512,524288] Veff_nb=[2,2048,512,524288]
CUDA_FA_ROUTE_ALLOC kernel=MMA_F16 need_f16_K=1 need_f16_V=0 workspace_end_offset=606208 dst_data=(nil) f16_K=0x14000 f16_V=(nil) f16_end=0x94000
CUDA_FA_ROUTE_PLAN device=0 Q=[256,5,16,1] Kraw=bf16 Vraw=turbo4 Kshape=[256,256,4,1] Vshape=[256,256,4,1] Keff=bf16 Veff=f16 turbo_kv=1 prefer_native_vec=0 decode=1 dk=0 dv=1 unsafe_vec_after_turbo_v_decode=1 allow_vec=0 kernel=MMA_F16 need_f16_K=1 need_f16_V=0 Knb=[2,2048,512,524288] Vnb=[66,528,132,135168] Keff_nb=[2,2048,512,524288] Veff_nb=[2,2048,512,524288]
CUDA_FA_ROUTE_ALLOC kernel=MMA_F16 need_f16_K=1 need_f16_V=0 workspace_end_offset=606208 dst_data=(nil) f16_K=0x14000 f16_V=(nil) f16_end=0x94000
CUDA_FA_ROUTE_PLAN device=0 Q=[256,5,16,1] Kraw=bf16 Vraw=turbo4 Kshape=[256,256,4,1] Vshape=[256,256,4,1] Keff=bf16 Veff=f16 turbo_kv=1 prefer_native_vec=0 decode=1 dk=0 dv=1 unsafe_vec_after_turbo_v_decode=1 allow_vec=0 kernel=MMA_F16 need_f16_K=1 need_f16_V=0 Knb=[2,2048,512,524288] Vnb=[66,528,132,135168] Keff_nb=[2,2048,512,524288] Veff_nb=[2,2048,512,524288]
GGML_TURBO_FA_DEBUG: path=decode-dequant-or-vec K=bf16 V=turbo4 Q=[256,5,16,1] K=[256,256,4,1] V=[256,256,4,1] prefill_safe=0 can_make_f16_K=0 can_make_f16_V=1 turbo_k_classic_v_prefill=0 vec_override=0 batch_ok=1 dim_ok=1 turing_mma=1
CUDA_FA_ROUTE_EXEC_BEGIN Q=[256,5,16,1] Kraw=bf16 Vraw=turbo4 decode=1 dk=0 dv=1 allow_vec=0 kernel=MMA_F16 need_f16_K=1 need_f16_V=0 Kdata=0x7f9445400000 Vdata=0x7f9445480000 dst=0x7f9445a68c80
CUDA_FA_ROUTE_EXEC_DISPATCH Qrun=f32 Q=[256,5,16,1] Qdata=0x7f9445a54c80 Krun=bf16 K=[256,256,4,1] Kdata=0x7f9445400000 Knb=[2,2048,512,524288] Vrun=f16 V=[256,256,4,1] Vdata=0x7f9459400000 Vnb=[2,2048,512,524288] kernel=MMA_F16 compiled_pair=1
CUDA_FA_ROUTE_PLAN device=0 Q=[256,5,16,1] Kraw=bf16 Vraw=turbo4 Kshape=[256,256,4,1] Vshape=[256,256,4,1] Keff=bf16 Veff=f16 turbo_kv=1 prefer_native_vec=0 decode=1 dk=0 dv=1 unsafe_vec_after_turbo_v_decode=1 allow_vec=0 kernel=MMA_F16 need_f16_K=1 need_f16_V=0 Knb=[2,2048,512,524288] Vnb=[66,528,132,135168] Keff_nb=[2,2048,512,524288] Veff_nb=[2,2048,512,524288]
GGML_TURBO_FA_DEBUG: path=decode-dequant-or-vec K=bf16 V=turbo4 Q=[256,5,16,1] K=[256,256,4,1] V=[256,256,4,1] prefill_safe=0 can_make_f16_K=0 can_make_f16_V=1 turbo_k_classic_v_prefill=0 vec_override=0 batch_ok=1 dim_ok=1 turing_mma=1
CUDA_FA_ROUTE_EXEC_BEGIN Q=[256,5,16,1] Kraw=bf16 Vraw=turbo4 decode=1 dk=0 dv=1 allow_vec=0 kernel=MMA_F16 need_f16_K=1 need_f16_V=0 Kdata=0x7f94454a1000 Vdata=0x7f9445521000 dst=0x7f9445a68c80
CUDA_FA_ROUTE_EXEC_DISPATCH Qrun=f32 Q=[256,5,16,1] Qdata=0x7f9445a54c80 Krun=bf16 K=[256,256,4,1] Kdata=0x7f94454a1000 Knb=[2,2048,512,524288] Vrun=f16 V=[256,256,4,1] Vdata=0x7f9459400000 Vnb=[2,2048,512,524288] kernel=MMA_F16 compiled_pair=1
CUDA_FA_ROUTE_PLAN device=0 Q=[256,5,16,1] Kraw=bf16 Vraw=turbo4 Kshape=[256,256,4,1] Vshape=[256,256,4,1] Keff=bf16 Veff=f16 turbo_kv=1 prefer_native_vec=0 decode=1 dk=0 dv=1 unsafe_vec_after_turbo_v_decode=1 allow_vec=0 kernel=MMA_F16 need_f16_K=1 need_f16_V=0 Knb=[2,2048,512,524288] Vnb=[66,528,132,135168] Keff_nb=[2,2048,512,524288] Veff_nb=[2,2048,512,524288]
GGML_TURBO_FA_DEBUG: path=decode-dequant-or-vec K=bf16 V=turbo4 Q=[256,5,16,1] K=[256,256,4,1] V=[256,256,4,1] prefill_safe=0 can_make_f16_K=0 can_make_f16_V=1 turbo_k_classic_v_prefill=0 vec_override=0 batch_ok=1 dim_ok=1 turing_mma=1
CUDA_FA_ROUTE_EXEC_BEGIN Q=[256,5,16,1] Kraw=bf16 Vraw=turbo4 decode=1 dk=0 dv=1 allow_vec=0 kernel=MMA_F16 need_f16_K=1 need_f16_V=0 Kdata=0x7f9445542000 Vdata=0x7f94455c2000 dst=0x7f9445a68c80
CUDA_FA_ROUTE_EXEC_DISPATCH Qrun=f32 Q=[256,5,16,1] Qdata=0x7f9445a54c80 Krun=bf16 K=[256,256,4,1] Kdata=0x7f9445542000 Knb=[2,2048,512,524288] Vrun=f16 V=[256,256,4,1] Vdata=0x7f9459400000 Vnb=[2,2048,512,524288] kernel=MMA_F16 compiled_pair=1
CUDA_FA_ROUTE_PLAN device=0 Q=[256,5,16,1] Kraw=bf16 Vraw=turbo4 Kshape=[256,256,4,1] Vshape=[256,256,4,1] Keff=bf16 Veff=f16 turbo_kv=1 prefer_native_vec=0 decode=1 dk=0 dv=1 unsafe_vec_after_turbo_v_decode=1 allow_vec=0 kernel=MMA_F16 need_f16_K=1 need_f16_V=0 Knb=[2,2048,512,524288] Vnb=[66,528,132,135168] Keff_nb=[2,2048,512,524288] Veff_nb=[2,2048,512,524288]
GGML_TURBO_FA_DEBUG: path=decode-dequant-or-vec K=bf16 V=turbo4 Q=[256,5,16,1] K=[256,256,4,1] V=[256,256,4,1] prefill_safe=0 can_make_f16_K=0 can_make_f16_V=1 turbo_k_classic_v_prefill=0 vec_override=0 batch_ok=1 dim_ok=1 turing_mma=1
CUDA_FA_ROUTE_EXEC_BEGIN Q=[256,5,16,1] Kraw=bf16 Vraw=turbo4 decode=1 dk=0 dv=1 allow_vec=0 kernel=MMA_F16 need_f16_K=1 need_f16_V=0 Kdata=0x7f94455e3000 Vdata=0x7f9445663000 dst=0x7f9445a68c80
CUDA_FA_ROUTE_EXEC_DISPATCH Qrun=f32 Q=[256,5,16,1] Qdata=0x7f9445a54c80 Krun=bf16 K=[256,256,4,1] Kdata=0x7f94455e3000 Knb=[2,2048,512,524288] Vrun=f16 V=[256,256,4,1] Vdata=0x7f9459400000 Vnb=[2,2048,512,524288] kernel=MMA_F16 compiled_pair=1
CUDA_FA_ROUTE_PLAN device=0 Q=[256,5,16,1] Kraw=bf16 Vraw=turbo4 Kshape=[256,256,4,1] Vshape=[256,256,4,1] Keff=bf16 Veff=f16 turbo_kv=1 prefer_native_vec=0 decode=1 dk=0 dv=1 unsafe_vec_after_turbo_v_decode=1 allow_vec=0 kernel=MMA_F16 need_f16_K=1 need_f16_V=0 Knb=[2,2048,512,524288] Vnb=[66,528,132,135168] Keff_nb=[2,2048,512,524288] Veff_nb=[2,2048,512,524288]
GGML_TURBO_FA_DEBUG: path=decode-dequant-or-vec K=bf16 V=turbo4 Q=[256,5,16,1] K=[256,256,4,1] V=[256,256,4,1] prefill_safe=0 can_make_f16_K=0 can_make_f16_V=1 turbo_k_classic_v_prefill=0 vec_override=0 batch_ok=1 dim_ok=1 turing_mma=1
CUDA_FA_ROUTE_EXEC_BEGIN Q=[256,5,16,1] Kraw=bf16 Vraw=turbo4 decode=1 dk=0 dv=1 allow_vec=0 kernel=MMA_F16 need_f16_K=1 need_f16_V=0 Kdata=0x7f9445684000 Vdata=0x7f9445704000 dst=0x7f9445a68c80
CUDA_FA_ROUTE_EXEC_DISPATCH Qrun=f32 Q=[256,5,16,1] Qdata=0x7f9445a54c80 Krun=bf16 K=[256,256,4,1] Kdata=0x7f9445684000 Knb=[2,2048,512,524288] Vrun=f16 V=[256,256,4,1] Vdata=0x7f9459400000 Vnb=[2,2048,512,524288] kernel=MMA_F16 compiled_pair=1
CUDA_FA_ROUTE_PLAN device=0 Q=[256,5,16,1] Kraw=bf16 Vraw=turbo4 Kshape=[256,256,4,1] Vshape=[256,256,4,1] Keff=bf16 Veff=f16 turbo_kv=1 prefer_native_vec=0 decode=1 dk=0 dv=1 unsafe_vec_after_turbo_v_decode=1 allow_vec=0 kernel=MMA_F16 need_f16_K=1 need_f16_V=0 Knb=[2,2048,512,524288] Vnb=[66,528,132,135168] Keff_nb=[2,2048,512,524288] Veff_nb=[2,2048,512,524288]
GGML_TURBO_FA_DEBUG: path=decode-dequant-or-vec K=bf16 V=turbo4 Q=[256,5,16,1] K=[256,256,4,1] V=[256,256,4,1] prefill_safe=0 can_make_f16_K=0 can_make_f16_V=1 turbo_k_classic_v_prefill=0 vec_override=0 batch_ok=1 dim_ok=1 turing_mma=1
CUDA_FA_ROUTE_EXEC_BEGIN Q=[256,5,16,1] Kraw=bf16 Vraw=turbo4 decode=1 dk=0 dv=1 allow_vec=0 kernel=MMA_F16 need_f16_K=1 need_f16_V=0 Kdata=0x7f9445725000 Vdata=0x7f94457a5000 dst=0x7f9445a68c80
CUDA_FA_ROUTE_EXEC_DISPATCH Qrun=f32 Q=[256,5,16,1] Qdata=0x7f9445a54c80 Krun=bf16 K=[256,256,4,1] Kdata=0x7f9445725000 Knb=[2,2048,512,524288] Vrun=f16 V=[256,256,4,1] Vdata=0x7f9459400000 Vnb=[2,2048,512,524288] kernel=MMA_F16 compiled_pair=1
CUDA_FA_ROUTE_PLAN device=0 Q=[256,5,16,1] Kraw=bf16 Vraw=turbo4 Kshape=[256,256,4,1] Vshape=[256,256,4,1] Keff=bf16 Veff=f16 turbo_kv=1 prefer_native_vec=0 decode=1 dk=0 dv=1 unsafe_vec_after_turbo_v_decode=1 allow_vec=0 kernel=MMA_F16 need_f16_K=1 need_f16_V=0 Knb=[2,2048,512,524288] Vnb=[66,528,132,135168] Keff_nb=[2,2048,512,524288] Veff_nb=[2,2048,512,524288]
GGML_TURBO_FA_DEBUG: path=decode-dequant-or-vec K=bf16 V=turbo4 Q=[256,5,16,1] K=[256,256,4,1] V=[256,256,4,1] prefill_safe=0 can_make_f16_K=0 can_make_f16_V=1 turbo_k_classic_v_prefill=0 vec_override=0 batch_ok=1 dim_ok=1 turing_mma=1
CUDA_FA_ROUTE_EXEC_BEGIN Q=[256,5,16,1] Kraw=bf16 Vraw=turbo4 decode=1 dk=0 dv=1 allow_vec=0 kernel=MMA_F16 need_f16_K=1 need_f16_V=0 Kdata=0x7f94457c6000 Vdata=0x7f9445846000 dst=0x7f9445a68c80
CUDA_FA_ROUTE_EXEC_DISPATCH Qrun=f32 Q=[256,5,16,1] Qdata=0x7f9445a54c80 Krun=bf16 K=[256,256,4,1] Kdata=0x7f94457c6000 Knb=[2,2048,512,524288] Vrun=f16 V=[256,256,4,1] Vdata=0x7f9459400000 Vnb=[2,2048,512,524288] kernel=MMA_F16 compiled_pair=1
CUDA_FA_ROUTE_PLAN device=0 Q=[256,5,16,1] Kraw=bf16 Vraw=turbo4 Kshape=[256,256,4,1] Vshape=[256,256,4,1] Keff=bf16 Veff=f16 turbo_kv=1 prefer_native_vec=0 decode=1 dk=0 dv=1 unsafe_vec_after_turbo_v_decode=1 allow_vec=0 kernel=MMA_F16 need_f16_K=1 need_f16_V=0 Knb=[2,2048,512,524288] Vnb=[66,528,132,135168] Keff_nb=[2,2048,512,524288] Veff_nb=[2,2048,512,524288]
GGML_TURBO_FA_DEBUG: path=decode-dequant-or-vec K=bf16 V=turbo4 Q=[256,5,16,1] K=[256,256,4,1] V=[256,256,4,1] prefill_safe=0 can_make_f16_K=0 can_make_f16_V=1 turbo_k_classic_v_prefill=0 vec_override=0 batch_ok=1 dim_ok=1 turing_mma=1
CUDA_FA_ROUTE_EXEC_BEGIN Q=[256,5,16,1] Kraw=bf16 Vraw=turbo4 decode=1 dk=0 dv=1 allow_vec=0 kernel=MMA_F16 need_f16_K=1 need_f16_V=0 Kdata=0x7f9445867000 Vdata=0x7f94458e7000 dst=0x7f9445a68c80
CUDA_FA_ROUTE_EXEC_DISPATCH Qrun=f32 Q=[256,5,16,1] Qdata=0x7f9445a54c80 Krun=bf16 K=[256,256,4,1] Kdata=0x7f9445867000 Knb=[2,2048,512,524288] Vrun=f16 V=[256,256,4,1] Vdata=0x7f9459400000 Vnb=[2,2048,512,524288] kernel=MMA_F16 compiled_pair=1
 ParisCUDA_FA_ROUTE_PLAN device=0 Q=[256,1,16,1] Kraw=bf16 Vraw=turbo4 Kshape=[256,256,4,1] Vshape=[256,256,4,1] Keff=bf16 Veff=f16 turbo_kv=1 prefer_native_vec=0 decode=1 dk=0 dv=1 unsafe_vec_after_turbo_v_decode=1 allow_vec=0 kernel=MMA_F16 need_f16_K=1 need_f16_V=0 Knb=[2,2048,512,524288] Vnb=[66,528,132,135168] Keff_nb=[2,2048,512,524288] Veff_nb=[2,2048,512,524288]
CUDA_FA_ROUTE_SUPPORTED kernel=MMA_F16 effK=bf16 effV=f16 supported=1
CUDA_FA_ROUTE_PLAN device=0 Q=[256,1,16,1] Kraw=bf16 Vraw=turbo4 Kshape=[256,256,4,1] Vshape=[256,256,4,1] Keff=bf16 Veff=f16 turbo_kv=1 prefer_native_vec=0 decode=1 dk=0 dv=1 unsafe_vec_after_turbo_v_decode=1 allow_vec=0 kernel=MMA_F16 need_f16_K=1 need_f16_V=0 Knb=[2,2048,512,524288] Vnb=[66,528,132,135168] Keff_nb=[2,2048,512,524288] Veff_nb=[2,2048,512,524288]
CUDA_FA_ROUTE_SUPPORTED kernel=MMA_F16 effK=bf16 effV=f16 supported=1
CUDA_FA_ROUTE_PLAN device=0 Q=[256,1,16,1] Kraw=bf16 Vraw=turbo4 Kshape=[256,256,4,1] Vshape=[256,256,4,1] Keff=bf16 Veff=f16 turbo_kv=1 prefer_native_vec=0 decode=1 dk=0 dv=1 unsafe_vec_after_turbo_v_decode=1 allow_vec=0 kernel=MMA_F16 need_f16_K=1 need_f16_V=0 Knb=[2,2048,512,524288] Vnb=[66,528,132,135168] Keff_nb=[2,2048,512,524288] Veff_nb=[2,2048,512,524288]
CUDA_FA_ROUTE_SUPPORTED kernel=MMA_F16 effK=bf16 effV=f16 supported=1
CUDA_FA_ROUTE_PLAN device=0 Q=[256,1,16,1] Kraw=bf16 Vraw=turbo4 Kshape=[256,256,4,1] Vshape=[256,256,4,1] Keff=bf16 Veff=f16 turbo_kv=1 prefer_native_vec=0 decode=1 dk=0 dv=1 unsafe_vec_after_turbo_v_decode=1 allow_vec=0 kernel=MMA_F16 need_f16_K=1 need_f16_V=0 Knb=[2,2048,512,524288] Vnb=[66,528,132,135168] Keff_nb=[2,2048,512,524288] Veff_nb=[2,2048,512,524288]
CUDA_FA_ROUTE_SUPPORTED kernel=MMA_F16 effK=bf16 effV=f16 supported=1
CUDA_FA_ROUTE_PLAN device=0 Q=[256,1,16,1] Kraw=bf16 Vraw=turbo4 Kshape=[256,256,4,1] Vshape=[256,256,4,1] Keff=bf16 Veff=f16 turbo_kv=1 prefer_native_vec=0 decode=1 dk=0 dv=1 unsafe_vec_after_turbo_v_decode=1 allow_vec=0 kernel=MMA_F16 need_f16_K=1 need_f16_V=0 Knb=[2,2048,512,524288] Vnb=[66,528,132,135168] Keff_nb=[2,2048,512,524288] Veff_nb=[2,2048,512,524288]
CUDA_FA_ROUTE_SUPPORTED kernel=MMA_F16 effK=bf16 effV=f16 supported=1
CUDA_FA_ROUTE_PLAN device=0 Q=[256,1,16,1] Kraw=bf16 Vraw=turbo4 Kshape=[256,256,4,1] Vshape=[256,256,4,1] Keff=bf16 Veff=f16 turbo_kv=1 prefer_native_vec=0 decode=1 dk=0 dv=1 unsafe_vec_after_turbo_v_decode=1 allow_vec=0 kernel=MMA_F16 need_f16_K=1 need_f16_V=0 Knb=[2,2048,512,524288] Vnb=[66,528,132,135168] Keff_nb=[2,2048,512,524288] Veff_nb=[2,2048,512,524288]
CUDA_FA_ROUTE_SUPPORTED kernel=MMA_F16 effK=bf16 effV=f16 supported=1
CUDA_FA_ROUTE_PLAN device=0 Q=[256,1,16,1] Kraw=bf16 Vraw=turbo4 Kshape=[256,256,4,1] Vshape=[256,256,4,1] Keff=bf16 Veff=f16 turbo_kv=1 prefer_native_vec=0 decode=1 dk=0 dv=1 unsafe_vec_after_turbo_v_decode=1 allow_vec=0 kernel=MMA_F16 need_f16_K=1 need_f16_V=0 Knb=[2,2048,512,524288] Vnb=[66,528,132,135168] Keff_nb=[2,2048,512,524288] Veff_nb=[2,2048,512,524288]
CUDA_FA_ROUTE_SUPPORTED kernel=MMA_F16 effK=bf16 effV=f16 supported=1
CUDA_FA_ROUTE_PLAN device=0 Q=[256,1,16,1] Kraw=bf16 Vraw=turbo4 Kshape=[256,256,4,1] Vshape=[256,256,4,1] Keff=bf16 Veff=f16 turbo_kv=1 prefer_native_vec=0 decode=1 dk=0 dv=1 unsafe_vec_after_turbo_v_decode=1 allow_vec=0 kernel=MMA_F16 need_f16_K=1 need_f16_V=0 Knb=[2,2048,512,524288] Vnb=[66,528,132,135168] Keff_nb=[2,2048,512,524288] Veff_nb=[2,2048,512,524288]
CUDA_FA_ROUTE_SUPPORTED kernel=MMA_F16 effK=bf16 effV=f16 supported=1
CUDA_FA_ROUTE_PLAN device=0 Q=[256,1,16,1] Kraw=bf16 Vraw=turbo4 Kshape=[256,256,4,1] Vshape=[256,256,4,1] Keff=bf16 Veff=f16 turbo_kv=1 prefer_native_vec=0 decode=1 dk=0 dv=1 unsafe_vec_after_turbo_v_decode=1 allow_vec=0 kernel=MMA_F16 need_f16_K=1 need_f16_V=0 Knb=[2,2048,512,524288] Vnb=[66,528,132,135168] Keff_nb=[2,2048,512,524288] Veff_nb=[2,2048,512,524288]
CUDA_FA_ROUTE_ALLOC kernel=MMA_F16 need_f16_K=1 need_f16_V=0 workspace_end_offset=540672 dst_data=(nil) f16_K=0x4000 f16_V=(nil) f16_end=0x84000
CUDA_FA_ROUTE_PLAN device=0 Q=[256,1,16,1] Kraw=bf16 Vraw=turbo4 Kshape=[256,256,4,1] Vshape=[256,256,4,1] Keff=bf16 Veff=f16 turbo_kv=1 prefer_native_vec=0 decode=1 dk=0 dv=1 unsafe_vec_after_turbo_v_decode=1 allow_vec=0 kernel=MMA_F16 need_f16_K=1 need_f16_V=0 Knb=[2,2048,512,524288] Vnb=[66,528,132,135168] Keff_nb=[2,2048,512,524288] Veff_nb=[2,2048,512,524288]
CUDA_FA_ROUTE_ALLOC kernel=MMA_F16 need_f16_K=1 need_f16_V=0 workspace_end_offset=540672 dst_data=(nil) f16_K=0x4000 f16_V=(nil) f16_end=0x84000
CUDA_FA_ROUTE_PLAN device=0 Q=[256,1,16,1] Kraw=bf16 Vraw=turbo4 Kshape=[256,256,4,1] Vshape=[256,256,4,1] Keff=bf16 Veff=f16 turbo_kv=1 prefer_native_vec=0 decode=1 dk=0 dv=1 unsafe_vec_after_turbo_v_decode=1 allow_vec=0 kernel=MMA_F16 need_f16_K=1 need_f16_V=0 Knb=[2,2048,512,524288] Vnb=[66,528,132,135168] Keff_nb=[2,2048,512,524288] Veff_nb=[2,2048,512,524288]
CUDA_FA_ROUTE_ALLOC kernel=MMA_F16 need_f16_K=1 need_f16_V=0 workspace_end_offset=540672 dst_data=(nil) f16_K=0x4000 f16_V=(nil) f16_end=0x84000
CUDA_FA_ROUTE_PLAN device=0 Q=[256,1,16,1] Kraw=bf16 Vraw=turbo4 Kshape=[256,256,4,1] Vshape=[256,256,4,1] Keff=bf16 Veff=f16 turbo_kv=1 prefer_native_vec=0 decode=1 dk=0 dv=1 unsafe_vec_after_turbo_v_decode=1 allow_vec=0 kernel=MMA_F16 need_f16_K=1 need_f16_V=0 Knb=[2,2048,512,524288] Vnb=[66,528,132,135168] Keff_nb=[2,2048,512,524288] Veff_nb=[2,2048,512,524288]
CUDA_FA_ROUTE_ALLOC kernel=MMA_F16 need_f16_K=1 need_f16_V=0 workspace_end_offset=540672 dst_data=(nil) f16_K=0x4000 f16_V=(nil) f16_end=0x84000
CUDA_FA_ROUTE_PLAN device=0 Q=[256,1,16,1] Kraw=bf16 Vraw=turbo4 Kshape=[256,256,4,1] Vshape=[256,256,4,1] Keff=bf16 Veff=f16 turbo_kv=1 prefer_native_vec=0 decode=1 dk=0 dv=1 unsafe_vec_after_turbo_v_decode=1 allow_vec=0 kernel=MMA_F16 need_f16_K=1 need_f16_V=0 Knb=[2,2048,512,524288] Vnb=[66,528,132,135168] Keff_nb=[2,2048,512,524288] Veff_nb=[2,2048,512,524288]
CUDA_FA_ROUTE_ALLOC kernel=MMA_F16 need_f16_K=1 need_f16_V=0 workspace_end_offset=540672 dst_data=(nil) f16_K=0x4000 f16_V=(nil) f16_end=0x84000
CUDA_FA_ROUTE_PLAN device=0 Q=[256,1,16,1] Kraw=bf16 Vraw=turbo4 Kshape=[256,256,4,1] Vshape=[256,256,4,1] Keff=bf16 Veff=f16 turbo_kv=1 prefer_native_vec=0 decode=1 dk=0 dv=1 unsafe_vec_after_turbo_v_decode=1 allow_vec=0 kernel=MMA_F16 need_f16_K=1 need_f16_V=0 Knb=[2,2048,512,524288] Vnb=[66,528,132,135168] Keff_nb=[2,2048,512,524288] Veff_nb=[2,2048,512,524288]
CUDA_FA_ROUTE_ALLOC kernel=MMA_F16 need_f16_K=1 need_f16_V=0 workspace_end_offset=540672 dst_data=(nil) f16_K=0x4000 f16_V=(nil) f16_end=0x84000
CUDA_FA_ROUTE_PLAN device=0 Q=[256,1,16,1] Kraw=bf16 Vraw=turbo4 Kshape=[256,256,4,1] Vshape=[256,256,4,1] Keff=bf16 Veff=f16 turbo_kv=1 prefer_native_vec=0 decode=1 dk=0 dv=1 unsafe_vec_after_turbo_v_decode=1 allow_vec=0 kernel=MMA_F16 need_f16_K=1 need_f16_V=0 Knb=[2,2048,512,524288] Vnb=[66,528,132,135168] Keff_nb=[2,2048,512,524288] Veff_nb=[2,2048,512,524288]
CUDA_FA_ROUTE_ALLOC kernel=MMA_F16 need_f16_K=1 need_f16_V=0 workspace_end_offset=540672 dst_data=(nil) f16_K=0x4000 f16_V=(nil) f16_end=0x84000
CUDA_FA_ROUTE_PLAN device=0 Q=[256,1,16,1] Kraw=bf16 Vraw=turbo4 Kshape=[256,256,4,1] Vshape=[256,256,4,1] Keff=bf16 Veff=f16 turbo_kv=1 prefer_native_vec=0 decode=1 dk=0 dv=1 unsafe_vec_after_turbo_v_decode=1 allow_vec=0 kernel=MMA_F16 need_f16_K=1 need_f16_V=0 Knb=[2,2048,512,524288] Vnb=[66,528,132,135168] Keff_nb=[2,2048,512,524288] Veff_nb=[2,2048,512,524288]
CUDA_FA_ROUTE_ALLOC kernel=MMA_F16 need_f16_K=1 need_f16_V=0 workspace_end_offset=540672 dst_data=(nil) f16_K=0x4000 f16_V=(nil) f16_end=0x84000
CUDA_FA_ROUTE_PLAN device=0 Q=[256,1,16,1] Kraw=bf16 Vraw=turbo4 Kshape=[256,256,4,1] Vshape=[256,256,4,1] Keff=bf16 Veff=f16 turbo_kv=1 prefer_native_vec=0 decode=1 dk=0 dv=1 unsafe_vec_after_turbo_v_decode=1 allow_vec=0 kernel=MMA_F16 need_f16_K=1 need_f16_V=0 Knb=[2,2048,512,524288] Vnb=[66,528,132,135168] Keff_nb=[2,2048,512,524288] Veff_nb=[2,2048,512,524288]
CUDA_FA_ROUTE_ALLOC kernel=MMA_F16 need_f16_K=1 need_f16_V=0 workspace_end_offset=540672 dst_data=(nil) f16_K=0x4000 f16_V=(nil) f16_end=0x84000
CUDA_FA_ROUTE_PLAN device=0 Q=[256,1,16,1] Kraw=bf16 Vraw=turbo4 Kshape=[256,256,4,1] Vshape=[256,256,4,1] Keff=bf16 Veff=f16 turbo_kv=1 prefer_native_vec=0 decode=1 dk=0 dv=1 unsafe_vec_after_turbo_v_decode=1 allow_vec=0 kernel=MMA_F16 need_f16_K=1 need_f16_V=0 Knb=[2,2048,512,524288] Vnb=[66,528,132,135168] Keff_nb=[2,2048,512,524288] Veff_nb=[2,2048,512,524288]
CUDA_FA_ROUTE_ALLOC kernel=MMA_F16 need_f16_K=1 need_f16_V=0 workspace_end_offset=540672 dst_data=(nil) f16_K=0x4000 f16_V=(nil) f16_end=0x84000
CUDA_FA_ROUTE_PLAN device=0 Q=[256,1,16,1] Kraw=bf16 Vraw=turbo4 Kshape=[256,256,4,1] Vshape=[256,256,4,1] Keff=bf16 Veff=f16 turbo_kv=1 prefer_native_vec=0 decode=1 dk=0 dv=1 unsafe_vec_after_turbo_v_decode=1 allow_vec=0 kernel=MMA_F16 need_f16_K=1 need_f16_V=0 Knb=[2,2048,512,524288] Vnb=[66,528,132,135168] Keff_nb=[2,2048,512,524288] Veff_nb=[2,2048,512,524288]
CUDA_FA_ROUTE_ALLOC kernel=MMA_F16 need_f16_K=1 need_f16_V=0 workspace_end_offset=540672 dst_data=(nil) f16_K=0x4000 f16_V=(nil) f16_end=0x84000
CUDA_FA_ROUTE_PLAN device=0 Q=[256,1,16,1] Kraw=bf16 Vraw=turbo4 Kshape=[256,256,4,1] Vshape=[256,256,4,1] Keff=bf16 Veff=f16 turbo_kv=1 prefer_native_vec=0 decode=1 dk=0 dv=1 unsafe_vec_after_turbo_v_decode=1 allow_vec=0 kernel=MMA_F16 need_f16_K=1 need_f16_V=0 Knb=[2,2048,512,524288] Vnb=[66,528,132,135168] Keff_nb=[2,2048,512,524288] Veff_nb=[2,2048,512,524288]
CUDA_FA_ROUTE_ALLOC kernel=MMA_F16 need_f16_K=1 need_f16_V=0 workspace_end_offset=540672 dst_data=(nil) f16_K=0x4000 f16_V=(nil) f16_end=0x84000
CUDA_FA_ROUTE_PLAN device=0 Q=[256,1,16,1] Kraw=bf16 Vraw=turbo4 Kshape=[256,256,4,1] Vshape=[256,256,4,1] Keff=bf16 Veff=f16 turbo_kv=1 prefer_native_vec=0 decode=1 dk=0 dv=1 unsafe_vec_after_turbo_v_decode=1 allow_vec=0 kernel=MMA_F16 need_f16_K=1 need_f16_V=0 Knb=[2,2048,512,524288] Vnb=[66,528,132,135168] Keff_nb=[2,2048,512,524288] Veff_nb=[2,2048,512,524288]
CUDA_FA_ROUTE_ALLOC kernel=MMA_F16 need_f16_K=1 need_f16_V=0 workspace_end_offset=540672 dst_data=(nil) f16_K=0x4000 f16_V=(nil) f16_end=0x84000
CUDA_FA_ROUTE_PLAN device=0 Q=[256,1,16,1] Kraw=bf16 Vraw=turbo4 Kshape=[256,256,4,1] Vshape=[256,256,4,1] Keff=bf16 Veff=f16 turbo_kv=1 prefer_native_vec=0 decode=1 dk=0 dv=1 unsafe_vec_after_turbo_v_decode=1 allow_vec=0 kernel=MMA_F16 need_f16_K=1 need_f16_V=0 Knb=[2,2048,512,524288] Vnb=[66,528,132,135168] Keff_nb=[2,2048,512,524288] Veff_nb=[2,2048,512,524288]
CUDA_FA_ROUTE_ALLOC kernel=MMA_F16 need_f16_K=1 need_f16_V=0 workspace_end_offset=540672 dst_data=(nil) f16_K=0x4000 f16_V=(nil) f16_end=0x84000
CUDA_FA_ROUTE_PLAN device=0 Q=[256,1,16,1] Kraw=bf16 Vraw=turbo4 Kshape=[256,256,4,1] Vshape=[256,256,4,1] Keff=bf16 Veff=f16 turbo_kv=1 prefer_native_vec=0 decode=1 dk=0 dv=1 unsafe_vec_after_turbo_v_decode=1 allow_vec=0 kernel=MMA_F16 need_f16_K=1 need_f16_V=0 Knb=[2,2048,512,524288] Vnb=[66,528,132,135168] Keff_nb=[2,2048,512,524288] Veff_nb=[2,2048,512,524288]
CUDA_FA_ROUTE_ALLOC kernel=MMA_F16 need_f16_K=1 need_f16_V=0 workspace_end_offset=540672 dst_data=(nil) f16_K=0x4000 f16_V=(nil) f16_end=0x84000
CUDA_FA_ROUTE_PLAN device=0 Q=[256,1,16,1] Kraw=bf16 Vraw=turbo4 Kshape=[256,256,4,1] Vshape=[256,256,4,1] Keff=bf16 Veff=f16 turbo_kv=1 prefer_native_vec=0 decode=1 dk=0 dv=1 unsafe_vec_after_turbo_v_decode=1 allow_vec=0 kernel=MMA_F16 need_f16_K=1 need_f16_V=0 Knb=[2,2048,512,524288] Vnb=[66,528,132,135168] Keff_nb=[2,2048,512,524288] Veff_nb=[2,2048,512,524288]
CUDA_FA_ROUTE_ALLOC kernel=MMA_F16 need_f16_K=1 need_f16_V=0 workspace_end_offset=540672 dst_data=(nil) f16_K=0x4000 f16_V=(nil) f16_end=0x84000
CUDA_FA_ROUTE_PLAN device=0 Q=[256,1,16,1] Kraw=bf16 Vraw=turbo4 Kshape=[256,256,4,1] Vshape=[256,256,4,1] Keff=bf16 Veff=f16 turbo_kv=1 prefer_native_vec=0 decode=1 dk=0 dv=1 unsafe_vec_after_turbo_v_decode=1 allow_vec=0 kernel=MMA_F16 need_f16_K=1 need_f16_V=0 Knb=[2,2048,512,524288] Vnb=[66,528,132,135168] Keff_nb=[2,2048,512,524288] Veff_nb=[2,2048,512,524288]
CUDA_FA_ROUTE_ALLOC kernel=MMA_F16 need_f16_K=1 need_f16_V=0 workspace_end_offset=540672 dst_data=(nil) f16_K=0x4000 f16_V=(nil) f16_end=0x84000
CUDA_FA_ROUTE_PLAN device=0 Q=[256,1,16,1] Kraw=bf16 Vraw=turbo4 Kshape=[256,256,4,1] Vshape=[256,256,4,1] Keff=bf16 Veff=f16 turbo_kv=1 prefer_native_vec=0 decode=1 dk=0 dv=1 unsafe_vec_after_turbo_v_decode=1 allow_vec=0 kernel=MMA_F16 need_f16_K=1 need_f16_V=0 Knb=[2,2048,512,524288] Vnb=[66,528,132,135168] Keff_nb=[2,2048,512,524288] Veff_nb=[2,2048,512,524288]
CUDA_FA_ROUTE_ALLOC kernel=MMA_F16 need_f16_K=1 need_f16_V=0 workspace_end_offset=540672 dst_data=(nil) f16_K=0x4000 f16_V=(nil) f16_end=0x84000
CUDA_FA_ROUTE_PLAN device=0 Q=[256,1,16,1] Kraw=bf16 Vraw=turbo4 Kshape=[256,256,4,1] Vshape=[256,256,4,1] Keff=bf16 Veff=f16 turbo_kv=1 prefer_native_vec=0 decode=1 dk=0 dv=1 unsafe_vec_after_turbo_v_decode=1 allow_vec=0 kernel=MMA_F16 need_f16_K=1 need_f16_V=0 Knb=[2,2048,512,524288] Vnb=[66,528,132,135168] Keff_nb=[2,2048,512,524288] Veff_nb=[2,2048,512,524288]
CUDA_FA_ROUTE_ALLOC kernel=MMA_F16 need_f16_K=1 need_f16_V=0 workspace_end_offset=540672 dst_data=(nil) f16_K=0x4000 f16_V=(nil) f16_end=0x84000
CUDA_FA_ROUTE_PLAN device=0 Q=[256,1,16,1] Kraw=bf16 Vraw=turbo4 Kshape=[256,256,4,1] Vshape=[256,256,4,1] Keff=bf16 Veff=f16 turbo_kv=1 prefer_native_vec=0 decode=1 dk=0 dv=1 unsafe_vec_after_turbo_v_decode=1 allow_vec=0 kernel=MMA_F16 need_f16_K=1 need_f16_V=0 Knb=[2,2048,512,524288] Vnb=[66,528,132,135168] Keff_nb=[2,2048,512,524288] Veff_nb=[2,2048,512,524288]
CUDA_FA_ROUTE_ALLOC kernel=MMA_F16 need_f16_K=1 need_f16_V=0 workspace_end_offset=540672 dst_data=(nil) f16_K=0x4000 f16_V=(nil) f16_end=0x84000
CUDA_FA_ROUTE_PLAN device=0 Q=[256,1,16,1] Kraw=bf16 Vraw=turbo4 Kshape=[256,256,4,1] Vshape=[256,256,4,1] Keff=bf16 Veff=f16 turbo_kv=1 prefer_native_vec=0 decode=1 dk=0 dv=1 unsafe_vec_after_turbo_v_decode=1 allow_vec=0 kernel=MMA_F16 need_f16_K=1 need_f16_V=0 Knb=[2,2048,512,524288] Vnb=[66,528,132,135168] Keff_nb=[2,2048,512,524288] Veff_nb=[2,2048,512,524288]
CUDA_FA_ROUTE_ALLOC kernel=MMA_F16 need_f16_K=1 need_f16_V=0 workspace_end_offset=540672 dst_data=(nil) f16_K=0x4000 f16_V=(nil) f16_end=0x84000
CUDA_FA_ROUTE_PLAN device=0 Q=[256,1,16,1] Kraw=bf16 Vraw=turbo4 Kshape=[256,256,4,1] Vshape=[256,256,4,1] Keff=bf16 Veff=f16 turbo_kv=1 prefer_native_vec=0 decode=1 dk=0 dv=1 unsafe_vec_after_turbo_v_decode=1 allow_vec=0 kernel=MMA_F16 need_f16_K=1 need_f16_V=0 Knb=[2,2048,512,524288] Vnb=[66,528,132,135168] Keff_nb=[2,2048,512,524288] Veff_nb=[2,2048,512,524288]
CUDA_FA_ROUTE_ALLOC kernel=MMA_F16 need_f16_K=1 need_f16_V=0 workspace_end_offset=540672 dst_data=(nil) f16_K=0x4000 f16_V=(nil) f16_end=0x84000
CUDA_FA_ROUTE_PLAN device=0 Q=[256,1,16,1] Kraw=bf16 Vraw=turbo4 Kshape=[256,256,4,1] Vshape=[256,256,4,1] Keff=bf16 Veff=f16 turbo_kv=1 prefer_native_vec=0 decode=1 dk=0 dv=1 unsafe_vec_after_turbo_v_decode=1 allow_vec=0 kernel=MMA_F16 need_f16_K=1 need_f16_V=0 Knb=[2,2048,512,524288] Vnb=[66,528,132,135168] Keff_nb=[2,2048,512,524288] Veff_nb=[2,2048,512,524288]
CUDA_FA_ROUTE_ALLOC kernel=MMA_F16 need_f16_K=1 need_f16_V=0 workspace_end_offset=540672 dst_data=(nil) f16_K=0x4000 f16_V=(nil) f16_end=0x84000
CUDA_FA_ROUTE_PLAN device=0 Q=[256,1,16,1] Kraw=bf16 Vraw=turbo4 Kshape=[256,256,4,1] Vshape=[256,256,4,1] Keff=bf16 Veff=f16 turbo_kv=1 prefer_native_vec=0 decode=1 dk=0 dv=1 unsafe_vec_after_turbo_v_decode=1 allow_vec=0 kernel=MMA_F16 need_f16_K=1 need_f16_V=0 Knb=[2,2048,512,524288] Vnb=[66,528,132,135168] Keff_nb=[2,2048,512,524288] Veff_nb=[2,2048,512,524288]
CUDA_FA_ROUTE_ALLOC kernel=MMA_F16 need_f16_K=1 need_f16_V=0 workspace_end_offset=540672 dst_data=(nil) f16_K=0x4000 f16_V=(nil) f16_end=0x84000
CUDA_FA_ROUTE_PLAN device=0 Q=[256,1,16,1] Kraw=bf16 Vraw=turbo4 Kshape=[256,256,4,1] Vshape=[256,256,4,1] Keff=bf16 Veff=f16 turbo_kv=1 prefer_native_vec=0 decode=1 dk=0 dv=1 unsafe_vec_after_turbo_v_decode=1 allow_vec=0 kernel=MMA_F16 need_f16_K=1 need_f16_V=0 Knb=[2,2048,512,524288] Vnb=[66,528,132,135168] Keff_nb=[2,2048,512,524288] Veff_nb=[2,2048,512,524288]
GGML_TURBO_FA_DEBUG: path=decode-dequant-or-vec K=bf16 V=turbo4 Q=[256,1,16,1] K=[256,256,4,1] V=[256,256,4,1] prefill_safe=0 can_make_f16_K=0 can_make_f16_V=1 turbo_k_classic_v_prefill=0 vec_override=0 batch_ok=0 dim_ok=1 turing_mma=1
CUDA_FA_ROUTE_EXEC_BEGIN Q=[256,1,16,1] Kraw=bf16 Vraw=turbo4 decode=1 dk=0 dv=1 allow_vec=0 kernel=MMA_F16 need_f16_K=1 need_f16_V=0 Kdata=0x7f9445400000 Vdata=0x7f9445480000 dst=0x7f9445a68c80
CUDA_FA_ROUTE_EXEC_DISPATCH Qrun=f32 Q=[256,1,16,1] Qdata=0x7f9445a54c80 Krun=bf16 K=[256,256,4,1] Kdata=0x7f9445400000 Knb=[2,2048,512,524288] Vrun=f16 V=[256,256,4,1] Vdata=0x7f9459400000 Vnb=[2,2048,512,524288] kernel=MMA_F16 compiled_pair=1
CUDA_FA_ROUTE_PLAN device=0 Q=[256,1,16,1] Kraw=bf16 Vraw=turbo4 Kshape=[256,256,4,1] Vshape=[256,256,4,1] Keff=bf16 Veff=f16 turbo_kv=1 prefer_native_vec=0 decode=1 dk=0 dv=1 unsafe_vec_after_turbo_v_decode=1 allow_vec=0 kernel=MMA_F16 need_f16_K=1 need_f16_V=0 Knb=[2,2048,512,524288] Vnb=[66,528,132,135168] Keff_nb=[2,2048,512,524288] Veff_nb=[2,2048,512,524288]
GGML_TURBO_FA_DEBUG: path=decode-dequant-or-vec K=bf16 V=turbo4 Q=[256,1,16,1] K=[256,256,4,1] V=[256,256,4,1] prefill_safe=0 can_make_f16_K=0 can_make_f16_V=1 turbo_k_classic_v_prefill=0 vec_override=0 batch_ok=0 dim_ok=1 turing_mma=1
CUDA_FA_ROUTE_EXEC_BEGIN Q=[256,1,16,1] Kraw=bf16 Vraw=turbo4 decode=1 dk=0 dv=1 allow_vec=0 kernel=MMA_F16 need_f16_K=1 need_f16_V=0 Kdata=0x7f94454a1000 Vdata=0x7f9445521000 dst=0x7f9445a68c80
CUDA_FA_ROUTE_EXEC_DISPATCH Qrun=f32 Q=[256,1,16,1] Qdata=0x7f9445a54c80 Krun=bf16 K=[256,256,4,1] Kdata=0x7f94454a1000 Knb=[2,2048,512,524288] Vrun=f16 V=[256,256,4,1] Vdata=0x7f9459400000 Vnb=[2,2048,512,524288] kernel=MMA_F16 compiled_pair=1
CUDA_FA_ROUTE_PLAN device=0 Q=[256,1,16,1] Kraw=bf16 Vraw=turbo4 Kshape=[256,256,4,1] Vshape=[256,256,4,1] Keff=bf16 Veff=f16 turbo_kv=1 prefer_native_vec=0 decode=1 dk=0 dv=1 unsafe_vec_after_turbo_v_decode=1 allow_vec=0 kernel=MMA_F16 need_f16_K=1 need_f16_V=0 Knb=[2,2048,512,524288] Vnb=[66,528,132,135168] Keff_nb=[2,2048,512,524288] Veff_nb=[2,2048,512,524288]
GGML_TURBO_FA_DEBUG: path=decode-dequant-or-vec K=bf16 V=turbo4 Q=[256,1,16,1] K=[256,256,4,1] V=[256,256,4,1] prefill_safe=0 can_make_f16_K=0 can_make_f16_V=1 turbo_k_classic_v_prefill=0 vec_override=0 batch_ok=0 dim_ok=1 turing_mma=1
CUDA_FA_ROUTE_EXEC_BEGIN Q=[256,1,16,1] Kraw=bf16 Vraw=turbo4 decode=1 dk=0 dv=1 allow_vec=0 kernel=MMA_F16 need_f16_K=1 need_f16_V=0 Kdata=0x7f9445542000 Vdata=0x7f94455c2000 dst=0x7f9445a68c80
CUDA_FA_ROUTE_EXEC_DISPATCH Qrun=f32 Q=[256,1,16,1] Qdata=0x7f9445a54c80 Krun=bf16 K=[256,256,4,1] Kdata=0x7f9445542000 Knb=[2,2048,512,524288] Vrun=f16 V=[256,256,4,1] Vdata=0x7f9459400000 Vnb=[2,2048,512,524288] kernel=MMA_F16 compiled_pair=1
CUDA_FA_ROUTE_PLAN device=0 Q=[256,1,16,1] Kraw=bf16 Vraw=turbo4 Kshape=[256,256,4,1] Vshape=[256,256,4,1] Keff=bf16 Veff=f16 turbo_kv=1 prefer_native_vec=0 decode=1 dk=0 dv=1 unsafe_vec_after_turbo_v_decode=1 allow_vec=0 kernel=MMA_F16 need_f16_K=1 need_f16_V=0 Knb=[2,2048,512,524288] Vnb=[66,528,132,135168] Keff_nb=[2,2048,512,524288] Veff_nb=[2,2048,512,524288]
GGML_TURBO_FA_DEBUG: path=decode-dequant-or-vec K=bf16 V=turbo4 Q=[256,1,16,1] K=[256,256,4,1] V=[256,256,4,1] prefill_safe=0 can_make_f16_K=0 can_make_f16_V=1 turbo_k_classic_v_prefill=0 vec_override=0 batch_ok=0 dim_ok=1 turing_mma=1
CUDA_FA_ROUTE_EXEC_BEGIN Q=[256,1,16,1] Kraw=bf16 Vraw=turbo4 decode=1 dk=0 dv=1 allow_vec=0 kernel=MMA_F16 need_f16_K=1 need_f16_V=0 Kdata=0x7f94455e3000 Vdata=0x7f9445663000 dst=0x7f9445a68c80
CUDA_FA_ROUTE_EXEC_DISPATCH Qrun=f32 Q=[256,1,16,1] Qdata=0x7f9445a54c80 Krun=bf16 K=[256,256,4,1] Kdata=0x7f94455e3000 Knb=[2,2048,512,524288] Vrun=f16 V=[256,256,4,1] Vdata=0x7f9459400000 Vnb=[2,2048,512,524288] kernel=MMA_F16 compiled_pair=1
CUDA_FA_ROUTE_PLAN device=0 Q=[256,1,16,1] Kraw=bf16 Vraw=turbo4 Kshape=[256,256,4,1] Vshape=[256,256,4,1] Keff=bf16 Veff=f16 turbo_kv=1 prefer_native_vec=0 decode=1 dk=0 dv=1 unsafe_vec_after_turbo_v_decode=1 allow_vec=0 kernel=MMA_F16 need_f16_K=1 need_f16_V=0 Knb=[2,2048,512,524288] Vnb=[66,528,132,135168] Keff_nb=[2,2048,512,524288] Veff_nb=[2,2048,512,524288]
GGML_TURBO_FA_DEBUG: path=decode-dequant-or-vec K=bf16 V=turbo4 Q=[256,1,16,1] K=[256,256,4,1] V=[256,256,4,1] prefill_safe=0 can_make_f16_K=0 can_make_f16_V=1 turbo_k_classic_v_prefill=0 vec_override=0 batch_ok=0 dim_ok=1 turing_mma=1
CUDA_FA_ROUTE_EXEC_BEGIN Q=[256,1,16,1] Kraw=bf16 Vraw=turbo4 decode=1 dk=0 dv=1 allow_vec=0 kernel=MMA_F16 need_f16_K=1 need_f16_V=0 Kdata=0x7f9445684000 Vdata=0x7f9445704000 dst=0x7f9445a68c80
CUDA_FA_ROUTE_EXEC_DISPATCH Qrun=f32 Q=[256,1,16,1] Qdata=0x7f9445a54c80 Krun=bf16 K=[256,256,4,1] Kdata=0x7f9445684000 Knb=[2,2048,512,524288] Vrun=f16 V=[256,256,4,1] Vdata=0x7f9459400000 Vnb=[2,2048,512,524288] kernel=MMA_F16 compiled_pair=1
CUDA_FA_ROUTE_PLAN device=0 Q=[256,1,16,1] Kraw=bf16 Vraw=turbo4 Kshape=[256,256,4,1] Vshape=[256,256,4,1] Keff=bf16 Veff=f16 turbo_kv=1 prefer_native_vec=0 decode=1 dk=0 dv=1 unsafe_vec_after_turbo_v_decode=1 allow_vec=0 kernel=MMA_F16 need_f16_K=1 need_f16_V=0 Knb=[2,2048,512,524288] Vnb=[66,528,132,135168] Keff_nb=[2,2048,512,524288] Veff_nb=[2,2048,512,524288]
GGML_TURBO_FA_DEBUG: path=decode-dequant-or-vec K=bf16 V=turbo4 Q=[256,1,16,1] K=[256,256,4,1] V=[256,256,4,1] prefill_safe=0 can_make_f16_K=0 can_make_f16_V=1 turbo_k_classic_v_prefill=0 vec_override=0 batch_ok=0 dim_ok=1 turing_mma=1
CUDA_FA_ROUTE_EXEC_BEGIN Q=[256,1,16,1] Kraw=bf16 Vraw=turbo4 decode=1 dk=0 dv=1 allow_vec=0 kernel=MMA_F16 need_f16_K=1 need_f16_V=0 Kdata=0x7f9445725000 Vdata=0x7f94457a5000 dst=0x7f9445a68c80
CUDA_FA_ROUTE_EXEC_DISPATCH Qrun=f32 Q=[256,1,16,1] Qdata=0x7f9445a54c80 Krun=bf16 K=[256,256,4,1] Kdata=0x7f9445725000 Knb=[2,2048,512,524288] Vrun=f16 V=[256,256,4,1] Vdata=0x7f9459400000 Vnb=[2,2048,512,524288] kernel=MMA_F16 compiled_pair=1
CUDA_FA_ROUTE_PLAN device=0 Q=[256,1,16,1] Kraw=bf16 Vraw=turbo4 Kshape=[256,256,4,1] Vshape=[256,256,4,1] Keff=bf16 Veff=f16 turbo_kv=1 prefer_native_vec=0 decode=1 dk=0 dv=1 unsafe_vec_after_turbo_v_decode=1 allow_vec=0 kernel=MMA_F16 need_f16_K=1 need_f16_V=0 Knb=[2,2048,512,524288] Vnb=[66,528,132,135168] Keff_nb=[2,2048,512,524288] Veff_nb=[2,2048,512,524288]
GGML_TURBO_FA_DEBUG: path=decode-dequant-or-vec K=bf16 V=turbo4 Q=[256,1,16,1] K=[256,256,4,1] V=[256,256,4,1] prefill_safe=0 can_make_f16_K=0 can_make_f16_V=1 turbo_k_classic_v_prefill=0 vec_override=0 batch_ok=0 dim_ok=1 turing_mma=1
CUDA_FA_ROUTE_EXEC_BEGIN Q=[256,1,16,1] Kraw=bf16 Vraw=turbo4 decode=1 dk=0 dv=1 allow_vec=0 kernel=MMA_F16 need_f16_K=1 need_f16_V=0 Kdata=0x7f94457c6000 Vdata=0x7f9445846000 dst=0x7f9445a68c80
CUDA_FA_ROUTE_EXEC_DISPATCH Qrun=f32 Q=[256,1,16,1] Qdata=0x7f9445a54c80 Krun=bf16 K=[256,256,4,1] Kdata=0x7f94457c6000 Knb=[2,2048,512,524288] Vrun=f16 V=[256,256,4,1] Vdata=0x7f9459400000 Vnb=[2,2048,512,524288] kernel=MMA_F16 compiled_pair=1
CUDA_FA_ROUTE_PLAN device=0 Q=[256,1,16,1] Kraw=bf16 Vraw=turbo4 Kshape=[256,256,4,1] Vshape=[256,256,4,1] Keff=bf16 Veff=f16 turbo_kv=1 prefer_native_vec=0 decode=1 dk=0 dv=1 unsafe_vec_after_turbo_v_decode=1 allow_vec=0 kernel=MMA_F16 need_f16_K=1 need_f16_V=0 Knb=[2,2048,512,524288] Vnb=[66,528,132,135168] Keff_nb=[2,2048,512,524288] Veff_nb=[2,2048,512,524288]
GGML_TURBO_FA_DEBUG: path=decode-dequant-or-vec K=bf16 V=turbo4 Q=[256,1,16,1] K=[256,256,4,1] V=[256,256,4,1] prefill_safe=0 can_make_f16_K=0 can_make_f16_V=1 turbo_k_classic_v_prefill=0 vec_override=0 batch_ok=0 dim_ok=1 turing_mma=1
CUDA_FA_ROUTE_EXEC_BEGIN Q=[256,1,16,1] Kraw=bf16 Vraw=turbo4 decode=1 dk=0 dv=1 allow_vec=0 kernel=MMA_F16 need_f16_K=1 need_f16_V=0 Kdata=0x7f9445867000 Vdata=0x7f94458e7000 dst=0x7f9445a68c80
CUDA_FA_ROUTE_EXEC_DISPATCH Qrun=f32 Q=[256,1,16,1] Qdata=0x7f9445a54c80 Krun=bf16 K=[256,256,4,1] Kdata=0x7f9445867000 Knb=[2,2048,512,524288] Vrun=f16 V=[256,256,4,1] Vdata=0x7f9459400000 Vnb=[2,2048,512,524288] kernel=MMA_F16 compiled_pair=1
.

0.03.245.449 I common_perf_print:    sampling time =       1.68 ms
0.03.245.450 I common_perf_print:    samplers time =       0.26 ms /     7 tokens
0.03.245.452 I common_perf_print:        load time =     951.30 ms
0.03.245.453 I common_perf_print: prompt eval time =      50.03 ms /     5 tokens (   10.01 ms per token,    99.93 tokens per second)
0.03.245.455 I common_perf_print:        eval time =      32.60 ms /     1 runs   (   32.60 ms per token,    30.67 tokens per second)
0.03.245.455 I common_perf_print:       total time =      84.50 ms /     6 tokens
0.03.245.456 I common_perf_print: unaccounted time =       0.18 ms /   0.2 %      (total - sampling - prompt eval - eval) / (total)
0.03.245.456 I common_perf_print:    graphs reused =          0
