0.00.014.999 I llama_completion: llama backend init
0.00.015.005 I llama_completion: load the model and apply lora adapter, if any
CUDA_FA_ROUTE_PLAN device=0 Q=[256,1,16,1] Kraw=f16 Vraw=turbo3 Kshape=[256,256,4,1] Vshape=[256,256,4,1] Keff=f16 Veff=f16 turbo_kv=1 prefer_native_vec=0 decode=1 dk=0 dv=1 unsafe_vec_after_turbo_v_decode=0 allow_vec=1 kernel=MMA_F16 need_f16_K=0 need_f16_V=0 Knb=[2,512,131072,524288] Vnb=[50,400,100,102400] Keff_nb=[2,512,131072,524288] Veff_nb=[2,2048,512,524288]
CUDA_FA_ROUTE_SUPPORTED kernel=MMA_F16 effK=f16 effV=f16 supported=1
CUDA_FA_ROUTE_PLAN device=0 Q=[256,1,16,1] Kraw=f16 Vraw=turbo3 Kshape=[256,256,4,1] Vshape=[256,256,4,1] Keff=f16 Veff=f16 turbo_kv=1 prefer_native_vec=0 decode=1 dk=0 dv=1 unsafe_vec_after_turbo_v_decode=0 allow_vec=1 kernel=MMA_F16 need_f16_K=0 need_f16_V=0 Knb=[2,512,131072,524288] Vnb=[50,400,100,102400] Keff_nb=[2,512,131072,524288] Veff_nb=[2,2048,512,524288]
CUDA_FA_ROUTE_SUPPORTED kernel=MMA_F16 effK=f16 effV=f16 supported=1
CUDA_FA_ROUTE_PLAN device=0 Q=[256,1,16,1] Kraw=f16 Vraw=turbo3 Kshape=[256,256,4,1] Vshape=[256,256,4,1] Keff=f16 Veff=f16 turbo_kv=1 prefer_native_vec=0 decode=1 dk=0 dv=1 unsafe_vec_after_turbo_v_decode=0 allow_vec=1 kernel=MMA_F16 need_f16_K=0 need_f16_V=0 Knb=[2,512,131072,524288] Vnb=[50,400,100,102400] Keff_nb=[2,512,131072,524288] Veff_nb=[2,2048,512,524288]
CUDA_FA_ROUTE_SUPPORTED kernel=MMA_F16 effK=f16 effV=f16 supported=1
CUDA_FA_ROUTE_PLAN device=0 Q=[256,1,16,1] Kraw=f16 Vraw=turbo3 Kshape=[256,256,4,1] Vshape=[256,256,4,1] Keff=f16 Veff=f16 turbo_kv=1 prefer_native_vec=0 decode=1 dk=0 dv=1 unsafe_vec_after_turbo_v_decode=0 allow_vec=1 kernel=MMA_F16 need_f16_K=0 need_f16_V=0 Knb=[2,512,131072,524288] Vnb=[50,400,100,102400] Keff_nb=[2,512,131072,524288] Veff_nb=[2,2048,512,524288]
CUDA_FA_ROUTE_SUPPORTED kernel=MMA_F16 effK=f16 effV=f16 supported=1
CUDA_FA_ROUTE_PLAN device=0 Q=[256,1,16,1] Kraw=f16 Vraw=turbo3 Kshape=[256,256,4,1] Vshape=[256,256,4,1] Keff=f16 Veff=f16 turbo_kv=1 prefer_native_vec=0 decode=1 dk=0 dv=1 unsafe_vec_after_turbo_v_decode=0 allow_vec=1 kernel=MMA_F16 need_f16_K=0 need_f16_V=0 Knb=[2,512,131072,524288] Vnb=[50,400,100,102400] Keff_nb=[2,512,131072,524288] Veff_nb=[2,2048,512,524288]
CUDA_FA_ROUTE_SUPPORTED kernel=MMA_F16 effK=f16 effV=f16 supported=1
CUDA_FA_ROUTE_PLAN device=0 Q=[256,1,16,1] Kraw=f16 Vraw=turbo3 Kshape=[256,256,4,1] Vshape=[256,256,4,1] Keff=f16 Veff=f16 turbo_kv=1 prefer_native_vec=0 decode=1 dk=0 dv=1 unsafe_vec_after_turbo_v_decode=0 allow_vec=1 kernel=MMA_F16 need_f16_K=0 need_f16_V=0 Knb=[2,512,131072,524288] Vnb=[50,400,100,102400] Keff_nb=[2,512,131072,524288] Veff_nb=[2,2048,512,524288]
CUDA_FA_ROUTE_SUPPORTED kernel=MMA_F16 effK=f16 effV=f16 supported=1
CUDA_FA_ROUTE_PLAN device=0 Q=[256,1,16,1] Kraw=f16 Vraw=turbo3 Kshape=[256,256,4,1] Vshape=[256,256,4,1] Keff=f16 Veff=f16 turbo_kv=1 prefer_native_vec=0 decode=1 dk=0 dv=1 unsafe_vec_after_turbo_v_decode=0 allow_vec=1 kernel=MMA_F16 need_f16_K=0 need_f16_V=0 Knb=[2,512,131072,524288] Vnb=[50,400,100,102400] Keff_nb=[2,512,131072,524288] Veff_nb=[2,2048,512,524288]
CUDA_FA_ROUTE_SUPPORTED kernel=MMA_F16 effK=f16 effV=f16 supported=1
CUDA_FA_ROUTE_PLAN device=0 Q=[256,1,16,1] Kraw=f16 Vraw=turbo3 Kshape=[256,256,4,1] Vshape=[256,256,4,1] Keff=f16 Veff=f16 turbo_kv=1 prefer_native_vec=0 decode=1 dk=0 dv=1 unsafe_vec_after_turbo_v_decode=0 allow_vec=1 kernel=MMA_F16 need_f16_K=0 need_f16_V=0 Knb=[2,512,131072,524288] Vnb=[50,400,100,102400] Keff_nb=[2,512,131072,524288] Veff_nb=[2,2048,512,524288]
CUDA_FA_ROUTE_SUPPORTED kernel=MMA_F16 effK=f16 effV=f16 supported=1
CUDA_FA_ROUTE_PLAN device=0 Q=[256,16,16,1] Kraw=f16 Vraw=turbo3 Kshape=[256,256,4,1] Vshape=[256,256,4,1] Keff=f16 Veff=f16 turbo_kv=1 prefer_native_vec=0 decode=1 dk=0 dv=1 unsafe_vec_after_turbo_v_decode=0 allow_vec=1 kernel=MMA_F16 need_f16_K=0 need_f16_V=0 Knb=[2,512,131072,524288] Vnb=[50,400,100,102400] Keff_nb=[2,512,131072,524288] Veff_nb=[2,2048,512,524288]
CUDA_FA_ROUTE_SUPPORTED kernel=MMA_F16 effK=f16 effV=f16 supported=1
CUDA_FA_ROUTE_PLAN device=0 Q=[256,16,16,1] Kraw=f16 Vraw=turbo3 Kshape=[256,256,4,1] Vshape=[256,256,4,1] Keff=f16 Veff=f16 turbo_kv=1 prefer_native_vec=0 decode=1 dk=0 dv=1 unsafe_vec_after_turbo_v_decode=0 allow_vec=1 kernel=MMA_F16 need_f16_K=0 need_f16_V=0 Knb=[2,512,131072,524288] Vnb=[50,400,100,102400] Keff_nb=[2,512,131072,524288] Veff_nb=[2,2048,512,524288]
CUDA_FA_ROUTE_SUPPORTED kernel=MMA_F16 effK=f16 effV=f16 supported=1
CUDA_FA_ROUTE_PLAN device=0 Q=[256,16,16,1] Kraw=f16 Vraw=turbo3 Kshape=[256,256,4,1] Vshape=[256,256,4,1] Keff=f16 Veff=f16 turbo_kv=1 prefer_native_vec=0 decode=1 dk=0 dv=1 unsafe_vec_after_turbo_v_decode=0 allow_vec=1 kernel=MMA_F16 need_f16_K=0 need_f16_V=0 Knb=[2,512,131072,524288] Vnb=[50,400,100,102400] Keff_nb=[2,512,131072,524288] Veff_nb=[2,2048,512,524288]
CUDA_FA_ROUTE_SUPPORTED kernel=MMA_F16 effK=f16 effV=f16 supported=1
CUDA_FA_ROUTE_PLAN device=0 Q=[256,16,16,1] Kraw=f16 Vraw=turbo3 Kshape=[256,256,4,1] Vshape=[256,256,4,1] Keff=f16 Veff=f16 turbo_kv=1 prefer_native_vec=0 decode=1 dk=0 dv=1 unsafe_vec_after_turbo_v_decode=0 allow_vec=1 kernel=MMA_F16 need_f16_K=0 need_f16_V=0 Knb=[2,512,131072,524288] Vnb=[50,400,100,102400] Keff_nb=[2,512,131072,524288] Veff_nb=[2,2048,512,524288]
CUDA_FA_ROUTE_SUPPORTED kernel=MMA_F16 effK=f16 effV=f16 supported=1
CUDA_FA_ROUTE_PLAN device=0 Q=[256,16,16,1] Kraw=f16 Vraw=turbo3 Kshape=[256,256,4,1] Vshape=[256,256,4,1] Keff=f16 Veff=f16 turbo_kv=1 prefer_native_vec=0 decode=1 dk=0 dv=1 unsafe_vec_after_turbo_v_decode=0 allow_vec=1 kernel=MMA_F16 need_f16_K=0 need_f16_V=0 Knb=[2,512,131072,524288] Vnb=[50,400,100,102400] Keff_nb=[2,512,131072,524288] Veff_nb=[2,2048,512,524288]
CUDA_FA_ROUTE_SUPPORTED kernel=MMA_F16 effK=f16 effV=f16 supported=1
CUDA_FA_ROUTE_PLAN device=0 Q=[256,16,16,1] Kraw=f16 Vraw=turbo3 Kshape=[256,256,4,1] Vshape=[256,256,4,1] Keff=f16 Veff=f16 turbo_kv=1 prefer_native_vec=0 decode=1 dk=0 dv=1 unsafe_vec_after_turbo_v_decode=0 allow_vec=1 kernel=MMA_F16 need_f16_K=0 need_f16_V=0 Knb=[2,512,131072,524288] Vnb=[50,400,100,102400] Keff_nb=[2,512,131072,524288] Veff_nb=[2,2048,512,524288]
CUDA_FA_ROUTE_SUPPORTED kernel=MMA_F16 effK=f16 effV=f16 supported=1
CUDA_FA_ROUTE_PLAN device=0 Q=[256,16,16,1] Kraw=f16 Vraw=turbo3 Kshape=[256,256,4,1] Vshape=[256,256,4,1] Keff=f16 Veff=f16 turbo_kv=1 prefer_native_vec=0 decode=1 dk=0 dv=1 unsafe_vec_after_turbo_v_decode=0 allow_vec=1 kernel=MMA_F16 need_f16_K=0 need_f16_V=0 Knb=[2,512,131072,524288] Vnb=[50,400,100,102400] Keff_nb=[2,512,131072,524288] Veff_nb=[2,2048,512,524288]
CUDA_FA_ROUTE_SUPPORTED kernel=MMA_F16 effK=f16 effV=f16 supported=1
CUDA_FA_ROUTE_PLAN device=0 Q=[256,16,16,1] Kraw=f16 Vraw=turbo3 Kshape=[256,256,4,1] Vshape=[256,256,4,1] Keff=f16 Veff=f16 turbo_kv=1 prefer_native_vec=0 decode=1 dk=0 dv=1 unsafe_vec_after_turbo_v_decode=0 allow_vec=1 kernel=MMA_F16 need_f16_K=0 need_f16_V=0 Knb=[2,512,131072,524288] Vnb=[50,400,100,102400] Keff_nb=[2,512,131072,524288] Veff_nb=[2,2048,512,524288]
CUDA_FA_ROUTE_SUPPORTED kernel=MMA_F16 effK=f16 effV=f16 supported=1
CUDA_FA_ROUTE_PLAN device=0 Q=[256,1,16,1] Kraw=f16 Vraw=turbo3 Kshape=[256,256,4,1] Vshape=[256,256,4,1] Keff=f16 Veff=f16 turbo_kv=1 prefer_native_vec=0 decode=1 dk=0 dv=1 unsafe_vec_after_turbo_v_decode=0 allow_vec=1 kernel=MMA_F16 need_f16_K=0 need_f16_V=0 Knb=[2,512,131072,524288] Vnb=[50,400,100,102400] Keff_nb=[2,512,131072,524288] Veff_nb=[2,2048,512,524288]
CUDA_FA_ROUTE_SUPPORTED kernel=MMA_F16 effK=f16 effV=f16 supported=1
CUDA_FA_ROUTE_PLAN device=0 Q=[256,1,16,1] Kraw=f16 Vraw=turbo3 Kshape=[256,256,4,1] Vshape=[256,256,4,1] Keff=f16 Veff=f16 turbo_kv=1 prefer_native_vec=0 decode=1 dk=0 dv=1 unsafe_vec_after_turbo_v_decode=0 allow_vec=1 kernel=MMA_F16 need_f16_K=0 need_f16_V=0 Knb=[2,512,131072,524288] Vnb=[50,400,100,102400] Keff_nb=[2,512,131072,524288] Veff_nb=[2,2048,512,524288]
CUDA_FA_ROUTE_SUPPORTED kernel=MMA_F16 effK=f16 effV=f16 supported=1
CUDA_FA_ROUTE_PLAN device=0 Q=[256,1,16,1] Kraw=f16 Vraw=turbo3 Kshape=[256,256,4,1] Vshape=[256,256,4,1] Keff=f16 Veff=f16 turbo_kv=1 prefer_native_vec=0 decode=1 dk=0 dv=1 unsafe_vec_after_turbo_v_decode=0 allow_vec=1 kernel=MMA_F16 need_f16_K=0 need_f16_V=0 Knb=[2,512,131072,524288] Vnb=[50,400,100,102400] Keff_nb=[2,512,131072,524288] Veff_nb=[2,2048,512,524288]
CUDA_FA_ROUTE_SUPPORTED kernel=MMA_F16 effK=f16 effV=f16 supported=1
CUDA_FA_ROUTE_PLAN device=0 Q=[256,1,16,1] Kraw=f16 Vraw=turbo3 Kshape=[256,256,4,1] Vshape=[256,256,4,1] Keff=f16 Veff=f16 turbo_kv=1 prefer_native_vec=0 decode=1 dk=0 dv=1 unsafe_vec_after_turbo_v_decode=0 allow_vec=1 kernel=MMA_F16 need_f16_K=0 need_f16_V=0 Knb=[2,512,131072,524288] Vnb=[50,400,100,102400] Keff_nb=[2,512,131072,524288] Veff_nb=[2,2048,512,524288]
CUDA_FA_ROUTE_SUPPORTED kernel=MMA_F16 effK=f16 effV=f16 supported=1
CUDA_FA_ROUTE_PLAN device=0 Q=[256,1,16,1] Kraw=f16 Vraw=turbo3 Kshape=[256,256,4,1] Vshape=[256,256,4,1] Keff=f16 Veff=f16 turbo_kv=1 prefer_native_vec=0 decode=1 dk=0 dv=1 unsafe_vec_after_turbo_v_decode=0 allow_vec=1 kernel=MMA_F16 need_f16_K=0 need_f16_V=0 Knb=[2,512,131072,524288] Vnb=[50,400,100,102400] Keff_nb=[2,512,131072,524288] Veff_nb=[2,2048,512,524288]
CUDA_FA_ROUTE_SUPPORTED kernel=MMA_F16 effK=f16 effV=f16 supported=1
CUDA_FA_ROUTE_PLAN device=0 Q=[256,1,16,1] Kraw=f16 Vraw=turbo3 Kshape=[256,256,4,1] Vshape=[256,256,4,1] Keff=f16 Veff=f16 turbo_kv=1 prefer_native_vec=0 decode=1 dk=0 dv=1 unsafe_vec_after_turbo_v_decode=0 allow_vec=1 kernel=MMA_F16 need_f16_K=0 need_f16_V=0 Knb=[2,512,131072,524288] Vnb=[50,400,100,102400] Keff_nb=[2,512,131072,524288] Veff_nb=[2,2048,512,524288]
CUDA_FA_ROUTE_SUPPORTED kernel=MMA_F16 effK=f16 effV=f16 supported=1
CUDA_FA_ROUTE_PLAN device=0 Q=[256,1,16,1] Kraw=f16 Vraw=turbo3 Kshape=[256,256,4,1] Vshape=[256,256,4,1] Keff=f16 Veff=f16 turbo_kv=1 prefer_native_vec=0 decode=1 dk=0 dv=1 unsafe_vec_after_turbo_v_decode=0 allow_vec=1 kernel=MMA_F16 need_f16_K=0 need_f16_V=0 Knb=[2,512,131072,524288] Vnb=[50,400,100,102400] Keff_nb=[2,512,131072,524288] Veff_nb=[2,2048,512,524288]
CUDA_FA_ROUTE_SUPPORTED kernel=MMA_F16 effK=f16 effV=f16 supported=1
CUDA_FA_ROUTE_PLAN device=0 Q=[256,1,16,1] Kraw=f16 Vraw=turbo3 Kshape=[256,256,4,1] Vshape=[256,256,4,1] Keff=f16 Veff=f16 turbo_kv=1 prefer_native_vec=0 decode=1 dk=0 dv=1 unsafe_vec_after_turbo_v_decode=0 allow_vec=1 kernel=MMA_F16 need_f16_K=0 need_f16_V=0 Knb=[2,512,131072,524288] Vnb=[50,400,100,102400] Keff_nb=[2,512,131072,524288] Veff_nb=[2,2048,512,524288]
CUDA_FA_ROUTE_SUPPORTED kernel=MMA_F16 effK=f16 effV=f16 supported=1
CUDA_FA_ROUTE_PLAN device=0 Q=[256,256,16,1] Kraw=f16 Vraw=turbo3 Kshape=[256,256,4,1] Vshape=[256,256,4,1] Keff=f16 Veff=f16 turbo_kv=1 prefer_native_vec=0 decode=1 dk=0 dv=1 unsafe_vec_after_turbo_v_decode=0 allow_vec=1 kernel=MMA_F16 need_f16_K=0 need_f16_V=0 Knb=[2,512,131072,524288] Vnb=[50,400,100,102400] Keff_nb=[2,512,131072,524288] Veff_nb=[2,2048,512,524288]
CUDA_FA_ROUTE_SUPPORTED kernel=MMA_F16 effK=f16 effV=f16 supported=1
CUDA_FA_ROUTE_PLAN device=0 Q=[256,256,16,1] Kraw=f16 Vraw=turbo3 Kshape=[256,256,4,1] Vshape=[256,256,4,1] Keff=f16 Veff=f16 turbo_kv=1 prefer_native_vec=0 decode=1 dk=0 dv=1 unsafe_vec_after_turbo_v_decode=0 allow_vec=1 kernel=MMA_F16 need_f16_K=0 need_f16_V=0 Knb=[2,512,131072,524288] Vnb=[50,400,100,102400] Keff_nb=[2,512,131072,524288] Veff_nb=[2,2048,512,524288]
CUDA_FA_ROUTE_SUPPORTED kernel=MMA_F16 effK=f16 effV=f16 supported=1
CUDA_FA_ROUTE_PLAN device=0 Q=[256,256,16,1] Kraw=f16 Vraw=turbo3 Kshape=[256,256,4,1] Vshape=[256,256,4,1] Keff=f16 Veff=f16 turbo_kv=1 prefer_native_vec=0 decode=1 dk=0 dv=1 unsafe_vec_after_turbo_v_decode=0 allow_vec=1 kernel=MMA_F16 need_f16_K=0 need_f16_V=0 Knb=[2,512,131072,524288] Vnb=[50,400,100,102400] Keff_nb=[2,512,131072,524288] Veff_nb=[2,2048,512,524288]
CUDA_FA_ROUTE_SUPPORTED kernel=MMA_F16 effK=f16 effV=f16 supported=1
CUDA_FA_ROUTE_PLAN device=0 Q=[256,256,16,1] Kraw=f16 Vraw=turbo3 Kshape=[256,256,4,1] Vshape=[256,256,4,1] Keff=f16 Veff=f16 turbo_kv=1 prefer_native_vec=0 decode=1 dk=0 dv=1 unsafe_vec_after_turbo_v_decode=0 allow_vec=1 kernel=MMA_F16 need_f16_K=0 need_f16_V=0 Knb=[2,512,131072,524288] Vnb=[50,400,100,102400] Keff_nb=[2,512,131072,524288] Veff_nb=[2,2048,512,524288]
CUDA_FA_ROUTE_SUPPORTED kernel=MMA_F16 effK=f16 effV=f16 supported=1
CUDA_FA_ROUTE_PLAN device=0 Q=[256,256,16,1] Kraw=f16 Vraw=turbo3 Kshape=[256,256,4,1] Vshape=[256,256,4,1] Keff=f16 Veff=f16 turbo_kv=1 prefer_native_vec=0 decode=1 dk=0 dv=1 unsafe_vec_after_turbo_v_decode=0 allow_vec=1 kernel=MMA_F16 need_f16_K=0 need_f16_V=0 Knb=[2,512,131072,524288] Vnb=[50,400,100,102400] Keff_nb=[2,512,131072,524288] Veff_nb=[2,2048,512,524288]
CUDA_FA_ROUTE_SUPPORTED kernel=MMA_F16 effK=f16 effV=f16 supported=1
CUDA_FA_ROUTE_PLAN device=0 Q=[256,256,16,1] Kraw=f16 Vraw=turbo3 Kshape=[256,256,4,1] Vshape=[256,256,4,1] Keff=f16 Veff=f16 turbo_kv=1 prefer_native_vec=0 decode=1 dk=0 dv=1 unsafe_vec_after_turbo_v_decode=0 allow_vec=1 kernel=MMA_F16 need_f16_K=0 need_f16_V=0 Knb=[2,512,131072,524288] Vnb=[50,400,100,102400] Keff_nb=[2,512,131072,524288] Veff_nb=[2,2048,512,524288]
CUDA_FA_ROUTE_SUPPORTED kernel=MMA_F16 effK=f16 effV=f16 supported=1
CUDA_FA_ROUTE_PLAN device=0 Q=[256,256,16,1] Kraw=f16 Vraw=turbo3 Kshape=[256,256,4,1] Vshape=[256,256,4,1] Keff=f16 Veff=f16 turbo_kv=1 prefer_native_vec=0 decode=1 dk=0 dv=1 unsafe_vec_after_turbo_v_decode=0 allow_vec=1 kernel=MMA_F16 need_f16_K=0 need_f16_V=0 Knb=[2,512,131072,524288] Vnb=[50,400,100,102400] Keff_nb=[2,512,131072,524288] Veff_nb=[2,2048,512,524288]
CUDA_FA_ROUTE_SUPPORTED kernel=MMA_F16 effK=f16 effV=f16 supported=1
CUDA_FA_ROUTE_PLAN device=0 Q=[256,256,16,1] Kraw=f16 Vraw=turbo3 Kshape=[256,256,4,1] Vshape=[256,256,4,1] Keff=f16 Veff=f16 turbo_kv=1 prefer_native_vec=0 decode=1 dk=0 dv=1 unsafe_vec_after_turbo_v_decode=0 allow_vec=1 kernel=MMA_F16 need_f16_K=0 need_f16_V=0 Knb=[2,512,131072,524288] Vnb=[50,400,100,102400] Keff_nb=[2,512,131072,524288] Veff_nb=[2,2048,512,524288]
CUDA_FA_ROUTE_SUPPORTED kernel=MMA_F16 effK=f16 effV=f16 supported=1
CUDA_FA_ROUTE_PLAN device=0 Q=[256,256,16,1] Kraw=f16 Vraw=turbo3 Kshape=[256,256,4,1] Vshape=[256,256,4,1] Keff=f16 Veff=f16 turbo_kv=1 prefer_native_vec=0 decode=1 dk=0 dv=1 unsafe_vec_after_turbo_v_decode=0 allow_vec=1 kernel=MMA_F16 need_f16_K=0 need_f16_V=0 Knb=[2,512,131072,524288] Vnb=[50,400,100,102400] Keff_nb=[2,512,131072,524288] Veff_nb=[2,2048,512,524288]
CUDA_FA_ROUTE_ALLOC kernel=MMA_F16 need_f16_K=0 need_f16_V=0 workspace_end_offset=4194304 dst_data=(nil) f16_K=(nil) f16_V=(nil) f16_end=0x400000
CUDA_FA_ROUTE_PLAN device=0 Q=[256,256,16,1] Kraw=f16 Vraw=turbo3 Kshape=[256,256,4,1] Vshape=[256,256,4,1] Keff=f16 Veff=f16 turbo_kv=1 prefer_native_vec=0 decode=1 dk=0 dv=1 unsafe_vec_after_turbo_v_decode=0 allow_vec=1 kernel=MMA_F16 need_f16_K=0 need_f16_V=0 Knb=[2,512,131072,524288] Vnb=[50,400,100,102400] Keff_nb=[2,512,131072,524288] Veff_nb=[2,2048,512,524288]
CUDA_FA_ROUTE_ALLOC kernel=MMA_F16 need_f16_K=0 need_f16_V=0 workspace_end_offset=4194304 dst_data=(nil) f16_K=(nil) f16_V=(nil) f16_end=0x400000
CUDA_FA_ROUTE_PLAN device=0 Q=[256,256,16,1] Kraw=f16 Vraw=turbo3 Kshape=[256,256,4,1] Vshape=[256,256,4,1] Keff=f16 Veff=f16 turbo_kv=1 prefer_native_vec=0 decode=1 dk=0 dv=1 unsafe_vec_after_turbo_v_decode=0 allow_vec=1 kernel=MMA_F16 need_f16_K=0 need_f16_V=0 Knb=[2,512,131072,524288] Vnb=[50,400,100,102400] Keff_nb=[2,512,131072,524288] Veff_nb=[2,2048,512,524288]
CUDA_FA_ROUTE_ALLOC kernel=MMA_F16 need_f16_K=0 need_f16_V=0 workspace_end_offset=4194304 dst_data=(nil) f16_K=(nil) f16_V=(nil) f16_end=0x400000
CUDA_FA_ROUTE_PLAN device=0 Q=[256,256,16,1] Kraw=f16 Vraw=turbo3 Kshape=[256,256,4,1] Vshape=[256,256,4,1] Keff=f16 Veff=f16 turbo_kv=1 prefer_native_vec=0 decode=1 dk=0 dv=1 unsafe_vec_after_turbo_v_decode=0 allow_vec=1 kernel=MMA_F16 need_f16_K=0 need_f16_V=0 Knb=[2,512,131072,524288] Vnb=[50,400,100,102400] Keff_nb=[2,512,131072,524288] Veff_nb=[2,2048,512,524288]
CUDA_FA_ROUTE_ALLOC kernel=MMA_F16 need_f16_K=0 need_f16_V=0 workspace_end_offset=4194304 dst_data=(nil) f16_K=(nil) f16_V=(nil) f16_end=0x400000
CUDA_FA_ROUTE_PLAN device=0 Q=[256,256,16,1] Kraw=f16 Vraw=turbo3 Kshape=[256,256,4,1] Vshape=[256,256,4,1] Keff=f16 Veff=f16 turbo_kv=1 prefer_native_vec=0 decode=1 dk=0 dv=1 unsafe_vec_after_turbo_v_decode=0 allow_vec=1 kernel=MMA_F16 need_f16_K=0 need_f16_V=0 Knb=[2,512,131072,524288] Vnb=[50,400,100,102400] Keff_nb=[2,512,131072,524288] Veff_nb=[2,2048,512,524288]
CUDA_FA_ROUTE_ALLOC kernel=MMA_F16 need_f16_K=0 need_f16_V=0 workspace_end_offset=4194304 dst_data=(nil) f16_K=(nil) f16_V=(nil) f16_end=0x400000
CUDA_FA_ROUTE_PLAN device=0 Q=[256,256,16,1] Kraw=f16 Vraw=turbo3 Kshape=[256,256,4,1] Vshape=[256,256,4,1] Keff=f16 Veff=f16 turbo_kv=1 prefer_native_vec=0 decode=1 dk=0 dv=1 unsafe_vec_after_turbo_v_decode=0 allow_vec=1 kernel=MMA_F16 need_f16_K=0 need_f16_V=0 Knb=[2,512,131072,524288] Vnb=[50,400,100,102400] Keff_nb=[2,512,131072,524288] Veff_nb=[2,2048,512,524288]
CUDA_FA_ROUTE_ALLOC kernel=MMA_F16 need_f16_K=0 need_f16_V=0 workspace_end_offset=4194304 dst_data=(nil) f16_K=(nil) f16_V=(nil) f16_end=0x400000
CUDA_FA_ROUTE_PLAN device=0 Q=[256,256,16,1] Kraw=f16 Vraw=turbo3 Kshape=[256,256,4,1] Vshape=[256,256,4,1] Keff=f16 Veff=f16 turbo_kv=1 prefer_native_vec=0 decode=1 dk=0 dv=1 unsafe_vec_after_turbo_v_decode=0 allow_vec=1 kernel=MMA_F16 need_f16_K=0 need_f16_V=0 Knb=[2,512,131072,524288] Vnb=[50,400,100,102400] Keff_nb=[2,512,131072,524288] Veff_nb=[2,2048,512,524288]
CUDA_FA_ROUTE_ALLOC kernel=MMA_F16 need_f16_K=0 need_f16_V=0 workspace_end_offset=4194304 dst_data=(nil) f16_K=(nil) f16_V=(nil) f16_end=0x400000
CUDA_FA_ROUTE_PLAN device=0 Q=[256,256,16,1] Kraw=f16 Vraw=turbo3 Kshape=[256,256,4,1] Vshape=[256,256,4,1] Keff=f16 Veff=f16 turbo_kv=1 prefer_native_vec=0 decode=1 dk=0 dv=1 unsafe_vec_after_turbo_v_decode=0 allow_vec=1 kernel=MMA_F16 need_f16_K=0 need_f16_V=0 Knb=[2,512,131072,524288] Vnb=[50,400,100,102400] Keff_nb=[2,512,131072,524288] Veff_nb=[2,2048,512,524288]
CUDA_FA_ROUTE_ALLOC kernel=MMA_F16 need_f16_K=0 need_f16_V=0 workspace_end_offset=4194304 dst_data=(nil) f16_K=(nil) f16_V=(nil) f16_end=0x400000
CUDA_FA_ROUTE_PLAN device=0 Q=[256,256,16,1] Kraw=f16 Vraw=turbo3 Kshape=[256,256,4,1] Vshape=[256,256,4,1] Keff=f16 Veff=f16 turbo_kv=1 prefer_native_vec=0 decode=1 dk=0 dv=1 unsafe_vec_after_turbo_v_decode=0 allow_vec=1 kernel=MMA_F16 need_f16_K=0 need_f16_V=0 Knb=[2,512,131072,524288] Vnb=[50,400,100,102400] Keff_nb=[2,512,131072,524288] Veff_nb=[2,2048,512,524288]
CUDA_FA_ROUTE_ALLOC kernel=MMA_F16 need_f16_K=0 need_f16_V=0 workspace_end_offset=4194304 dst_data=(nil) f16_K=(nil) f16_V=(nil) f16_end=0x400000
CUDA_FA_ROUTE_PLAN device=0 Q=[256,256,16,1] Kraw=f16 Vraw=turbo3 Kshape=[256,256,4,1] Vshape=[256,256,4,1] Keff=f16 Veff=f16 turbo_kv=1 prefer_native_vec=0 decode=1 dk=0 dv=1 unsafe_vec_after_turbo_v_decode=0 allow_vec=1 kernel=MMA_F16 need_f16_K=0 need_f16_V=0 Knb=[2,512,131072,524288] Vnb=[50,400,100,102400] Keff_nb=[2,512,131072,524288] Veff_nb=[2,2048,512,524288]
CUDA_FA_ROUTE_ALLOC kernel=MMA_F16 need_f16_K=0 need_f16_V=0 workspace_end_offset=4194304 dst_data=(nil) f16_K=(nil) f16_V=(nil) f16_end=0x400000
CUDA_FA_ROUTE_PLAN device=0 Q=[256,256,16,1] Kraw=f16 Vraw=turbo3 Kshape=[256,256,4,1] Vshape=[256,256,4,1] Keff=f16 Veff=f16 turbo_kv=1 prefer_native_vec=0 decode=1 dk=0 dv=1 unsafe_vec_after_turbo_v_decode=0 allow_vec=1 kernel=MMA_F16 need_f16_K=0 need_f16_V=0 Knb=[2,512,131072,524288] Vnb=[50,400,100,102400] Keff_nb=[2,512,131072,524288] Veff_nb=[2,2048,512,524288]
CUDA_FA_ROUTE_ALLOC kernel=MMA_F16 need_f16_K=0 need_f16_V=0 workspace_end_offset=4194304 dst_data=(nil) f16_K=(nil) f16_V=(nil) f16_end=0x400000
CUDA_FA_ROUTE_PLAN device=0 Q=[256,256,16,1] Kraw=f16 Vraw=turbo3 Kshape=[256,256,4,1] Vshape=[256,256,4,1] Keff=f16 Veff=f16 turbo_kv=1 prefer_native_vec=0 decode=1 dk=0 dv=1 unsafe_vec_after_turbo_v_decode=0 allow_vec=1 kernel=MMA_F16 need_f16_K=0 need_f16_V=0 Knb=[2,512,131072,524288] Vnb=[50,400,100,102400] Keff_nb=[2,512,131072,524288] Veff_nb=[2,2048,512,524288]
CUDA_FA_ROUTE_ALLOC kernel=MMA_F16 need_f16_K=0 need_f16_V=0 workspace_end_offset=4194304 dst_data=(nil) f16_K=(nil) f16_V=(nil) f16_end=0x400000
CUDA_FA_ROUTE_PLAN device=0 Q=[256,256,16,1] Kraw=f16 Vraw=turbo3 Kshape=[256,256,4,1] Vshape=[256,256,4,1] Keff=f16 Veff=f16 turbo_kv=1 prefer_native_vec=0 decode=1 dk=0 dv=1 unsafe_vec_after_turbo_v_decode=0 allow_vec=1 kernel=MMA_F16 need_f16_K=0 need_f16_V=0 Knb=[2,512,131072,524288] Vnb=[50,400,100,102400] Keff_nb=[2,512,131072,524288] Veff_nb=[2,2048,512,524288]
CUDA_FA_ROUTE_ALLOC kernel=MMA_F16 need_f16_K=0 need_f16_V=0 workspace_end_offset=4194304 dst_data=(nil) f16_K=(nil) f16_V=(nil) f16_end=0x400000
CUDA_FA_ROUTE_PLAN device=0 Q=[256,256,16,1] Kraw=f16 Vraw=turbo3 Kshape=[256,256,4,1] Vshape=[256,256,4,1] Keff=f16 Veff=f16 turbo_kv=1 prefer_native_vec=0 decode=1 dk=0 dv=1 unsafe_vec_after_turbo_v_decode=0 allow_vec=1 kernel=MMA_F16 need_f16_K=0 need_f16_V=0 Knb=[2,512,131072,524288] Vnb=[50,400,100,102400] Keff_nb=[2,512,131072,524288] Veff_nb=[2,2048,512,524288]
CUDA_FA_ROUTE_ALLOC kernel=MMA_F16 need_f16_K=0 need_f16_V=0 workspace_end_offset=4194304 dst_data=(nil) f16_K=(nil) f16_V=(nil) f16_end=0x400000
CUDA_FA_ROUTE_PLAN device=0 Q=[256,256,16,1] Kraw=f16 Vraw=turbo3 Kshape=[256,256,4,1] Vshape=[256,256,4,1] Keff=f16 Veff=f16 turbo_kv=1 prefer_native_vec=0 decode=1 dk=0 dv=1 unsafe_vec_after_turbo_v_decode=0 allow_vec=1 kernel=MMA_F16 need_f16_K=0 need_f16_V=0 Knb=[2,512,131072,524288] Vnb=[50,400,100,102400] Keff_nb=[2,512,131072,524288] Veff_nb=[2,2048,512,524288]
CUDA_FA_ROUTE_ALLOC kernel=MMA_F16 need_f16_K=0 need_f16_V=0 workspace_end_offset=4194304 dst_data=(nil) f16_K=(nil) f16_V=(nil) f16_end=0x400000
CUDA_FA_ROUTE_PLAN device=0 Q=[256,256,16,1] Kraw=f16 Vraw=turbo3 Kshape=[256,256,4,1] Vshape=[256,256,4,1] Keff=f16 Veff=f16 turbo_kv=1 prefer_native_vec=0 decode=1 dk=0 dv=1 unsafe_vec_after_turbo_v_decode=0 allow_vec=1 kernel=MMA_F16 need_f16_K=0 need_f16_V=0 Knb=[2,512,131072,524288] Vnb=[50,400,100,102400] Keff_nb=[2,512,131072,524288] Veff_nb=[2,2048,512,524288]
CUDA_FA_ROUTE_ALLOC kernel=MMA_F16 need_f16_K=0 need_f16_V=0 workspace_end_offset=4194304 dst_data=(nil) f16_K=(nil) f16_V=(nil) f16_end=0x400000
CUDA_FA_ROUTE_PLAN device=0 Q=[256,256,16,1] Kraw=f16 Vraw=turbo3 Kshape=[256,256,4,1] Vshape=[256,256,4,1] Keff=f16 Veff=f16 turbo_kv=1 prefer_native_vec=0 decode=1 dk=0 dv=1 unsafe_vec_after_turbo_v_decode=0 allow_vec=1 kernel=MMA_F16 need_f16_K=0 need_f16_V=0 Knb=[2,512,131072,524288] Vnb=[50,400,100,102400] Keff_nb=[2,512,131072,524288] Veff_nb=[2,2048,512,524288]
CUDA_FA_ROUTE_ALLOC kernel=MMA_F16 need_f16_K=0 need_f16_V=0 workspace_end_offset=4194304 dst_data=(nil) f16_K=(nil) f16_V=(nil) f16_end=0x400000
CUDA_FA_ROUTE_PLAN device=0 Q=[256,256,16,1] Kraw=f16 Vraw=turbo3 Kshape=[256,256,4,1] Vshape=[256,256,4,1] Keff=f16 Veff=f16 turbo_kv=1 prefer_native_vec=0 decode=1 dk=0 dv=1 unsafe_vec_after_turbo_v_decode=0 allow_vec=1 kernel=MMA_F16 need_f16_K=0 need_f16_V=0 Knb=[2,512,131072,524288] Vnb=[50,400,100,102400] Keff_nb=[2,512,131072,524288] Veff_nb=[2,2048,512,524288]
CUDA_FA_ROUTE_ALLOC kernel=MMA_F16 need_f16_K=0 need_f16_V=0 workspace_end_offset=4194304 dst_data=(nil) f16_K=(nil) f16_V=(nil) f16_end=0x400000
CUDA_FA_ROUTE_PLAN device=0 Q=[256,256,16,1] Kraw=f16 Vraw=turbo3 Kshape=[256,256,4,1] Vshape=[256,256,4,1] Keff=f16 Veff=f16 turbo_kv=1 prefer_native_vec=0 decode=1 dk=0 dv=1 unsafe_vec_after_turbo_v_decode=0 allow_vec=1 kernel=MMA_F16 need_f16_K=0 need_f16_V=0 Knb=[2,512,131072,524288] Vnb=[50,400,100,102400] Keff_nb=[2,512,131072,524288] Veff_nb=[2,2048,512,524288]
CUDA_FA_ROUTE_ALLOC kernel=MMA_F16 need_f16_K=0 need_f16_V=0 workspace_end_offset=4194304 dst_data=(nil) f16_K=(nil) f16_V=(nil) f16_end=0x400000
CUDA_FA_ROUTE_PLAN device=0 Q=[256,256,16,1] Kraw=f16 Vraw=turbo3 Kshape=[256,256,4,1] Vshape=[256,256,4,1] Keff=f16 Veff=f16 turbo_kv=1 prefer_native_vec=0 decode=1 dk=0 dv=1 unsafe_vec_after_turbo_v_decode=0 allow_vec=1 kernel=MMA_F16 need_f16_K=0 need_f16_V=0 Knb=[2,512,131072,524288] Vnb=[50,400,100,102400] Keff_nb=[2,512,131072,524288] Veff_nb=[2,2048,512,524288]
CUDA_FA_ROUTE_ALLOC kernel=MMA_F16 need_f16_K=0 need_f16_V=0 workspace_end_offset=4194304 dst_data=(nil) f16_K=(nil) f16_V=(nil) f16_end=0x400000
CUDA_FA_ROUTE_PLAN device=0 Q=[256,256,16,1] Kraw=f16 Vraw=turbo3 Kshape=[256,256,4,1] Vshape=[256,256,4,1] Keff=f16 Veff=f16 turbo_kv=1 prefer_native_vec=0 decode=1 dk=0 dv=1 unsafe_vec_after_turbo_v_decode=0 allow_vec=1 kernel=MMA_F16 need_f16_K=0 need_f16_V=0 Knb=[2,512,131072,524288] Vnb=[50,400,100,102400] Keff_nb=[2,512,131072,524288] Veff_nb=[2,2048,512,524288]
CUDA_FA_ROUTE_ALLOC kernel=MMA_F16 need_f16_K=0 need_f16_V=0 workspace_end_offset=4194304 dst_data=(nil) f16_K=(nil) f16_V=(nil) f16_end=0x400000
CUDA_FA_ROUTE_PLAN device=0 Q=[256,256,16,1] Kraw=f16 Vraw=turbo3 Kshape=[256,256,4,1] Vshape=[256,256,4,1] Keff=f16 Veff=f16 turbo_kv=1 prefer_native_vec=0 decode=1 dk=0 dv=1 unsafe_vec_after_turbo_v_decode=0 allow_vec=1 kernel=MMA_F16 need_f16_K=0 need_f16_V=0 Knb=[2,512,131072,524288] Vnb=[50,400,100,102400] Keff_nb=[2,512,131072,524288] Veff_nb=[2,2048,512,524288]
CUDA_FA_ROUTE_ALLOC kernel=MMA_F16 need_f16_K=0 need_f16_V=0 workspace_end_offset=4194304 dst_data=(nil) f16_K=(nil) f16_V=(nil) f16_end=0x400000
CUDA_FA_ROUTE_PLAN device=0 Q=[256,256,16,1] Kraw=f16 Vraw=turbo3 Kshape=[256,256,4,1] Vshape=[256,256,4,1] Keff=f16 Veff=f16 turbo_kv=1 prefer_native_vec=0 decode=1 dk=0 dv=1 unsafe_vec_after_turbo_v_decode=0 allow_vec=1 kernel=MMA_F16 need_f16_K=0 need_f16_V=0 Knb=[2,512,131072,524288] Vnb=[50,400,100,102400] Keff_nb=[2,512,131072,524288] Veff_nb=[2,2048,512,524288]
CUDA_FA_ROUTE_ALLOC kernel=MMA_F16 need_f16_K=0 need_f16_V=0 workspace_end_offset=4194304 dst_data=(nil) f16_K=(nil) f16_V=(nil) f16_end=0x400000
CUDA_FA_ROUTE_PLAN device=0 Q=[256,256,16,1] Kraw=f16 Vraw=turbo3 Kshape=[256,256,4,1] Vshape=[256,256,4,1] Keff=f16 Veff=f16 turbo_kv=1 prefer_native_vec=0 decode=1 dk=0 dv=1 unsafe_vec_after_turbo_v_decode=0 allow_vec=1 kernel=MMA_F16 need_f16_K=0 need_f16_V=0 Knb=[2,512,131072,524288] Vnb=[50,400,100,102400] Keff_nb=[2,512,131072,524288] Veff_nb=[2,2048,512,524288]
CUDA_FA_ROUTE_ALLOC kernel=MMA_F16 need_f16_K=0 need_f16_V=0 workspace_end_offset=4194304 dst_data=(nil) f16_K=(nil) f16_V=(nil) f16_end=0x400000
CUDA_FA_ROUTE_PLAN device=0 Q=[256,256,16,1] Kraw=f16 Vraw=turbo3 Kshape=[256,256,4,1] Vshape=[256,256,4,1] Keff=f16 Veff=f16 turbo_kv=1 prefer_native_vec=0 decode=1 dk=0 dv=1 unsafe_vec_after_turbo_v_decode=0 allow_vec=1 kernel=MMA_F16 need_f16_K=0 need_f16_V=0 Knb=[2,512,131072,524288] Vnb=[50,400,100,102400] Keff_nb=[2,512,131072,524288] Veff_nb=[2,2048,512,524288]
CUDA_FA_ROUTE_ALLOC kernel=MMA_F16 need_f16_K=0 need_f16_V=0 workspace_end_offset=4194304 dst_data=(nil) f16_K=(nil) f16_V=(nil) f16_end=0x400000
CUDA_FA_ROUTE_PLAN device=0 Q=[256,256,16,1] Kraw=f16 Vraw=turbo3 Kshape=[256,256,4,1] Vshape=[256,256,4,1] Keff=f16 Veff=f16 turbo_kv=1 prefer_native_vec=0 decode=1 dk=0 dv=1 unsafe_vec_after_turbo_v_decode=0 allow_vec=1 kernel=MMA_F16 need_f16_K=0 need_f16_V=0 Knb=[2,512,131072,524288] Vnb=[50,400,100,102400] Keff_nb=[2,512,131072,524288] Veff_nb=[2,2048,512,524288]
CUDA_FA_ROUTE_ALLOC kernel=MMA_F16 need_f16_K=0 need_f16_V=0 workspace_end_offset=4194304 dst_data=(nil) f16_K=(nil) f16_V=(nil) f16_end=0x400000
CUDA_FA_ROUTE_PLAN device=0 Q=[256,256,16,1] Kraw=f16 Vraw=turbo3 Kshape=[256,256,4,1] Vshape=[256,256,4,1] Keff=f16 Veff=f16 turbo_kv=1 prefer_native_vec=0 decode=1 dk=0 dv=1 unsafe_vec_after_turbo_v_decode=0 allow_vec=1 kernel=MMA_F16 need_f16_K=0 need_f16_V=0 Knb=[2,512,131072,524288] Vnb=[50,400,100,102400] Keff_nb=[2,512,131072,524288] Veff_nb=[2,2048,512,524288]
CUDA_FA_ROUTE_ALLOC kernel=MMA_F16 need_f16_K=0 need_f16_V=0 workspace_end_offset=4194304 dst_data=(nil) f16_K=(nil) f16_V=(nil) f16_end=0x400000
CUDA_FA_ROUTE_PLAN device=0 Q=[256,256,16,1] Kraw=f16 Vraw=turbo3 Kshape=[256,256,4,1] Vshape=[256,256,4,1] Keff=f16 Veff=f16 turbo_kv=1 prefer_native_vec=0 decode=1 dk=0 dv=1 unsafe_vec_after_turbo_v_decode=0 allow_vec=1 kernel=MMA_F16 need_f16_K=0 need_f16_V=0 Knb=[2,512,131072,524288] Vnb=[50,400,100,102400] Keff_nb=[2,512,131072,524288] Veff_nb=[2,2048,512,524288]
CUDA_FA_ROUTE_ALLOC kernel=MMA_F16 need_f16_K=0 need_f16_V=0 workspace_end_offset=4194304 dst_data=(nil) f16_K=(nil) f16_V=(nil) f16_end=0x400000
CUDA_FA_ROUTE_PLAN device=0 Q=[256,256,16,1] Kraw=f16 Vraw=turbo3 Kshape=[256,256,4,1] Vshape=[256,256,4,1] Keff=f16 Veff=f16 turbo_kv=1 prefer_native_vec=0 decode=1 dk=0 dv=1 unsafe_vec_after_turbo_v_decode=0 allow_vec=1 kernel=MMA_F16 need_f16_K=0 need_f16_V=0 Knb=[2,512,131072,524288] Vnb=[50,400,100,102400] Keff_nb=[2,512,131072,524288] Veff_nb=[2,2048,512,524288]
CUDA_FA_ROUTE_ALLOC kernel=MMA_F16 need_f16_K=0 need_f16_V=0 workspace_end_offset=4194304 dst_data=(nil) f16_K=(nil) f16_V=(nil) f16_end=0x400000
CUDA_FA_ROUTE_PLAN device=0 Q=[256,256,16,1] Kraw=f16 Vraw=turbo3 Kshape=[256,256,4,1] Vshape=[256,256,4,1] Keff=f16 Veff=f16 turbo_kv=1 prefer_native_vec=0 decode=1 dk=0 dv=1 unsafe_vec_after_turbo_v_decode=0 allow_vec=1 kernel=MMA_F16 need_f16_K=0 need_f16_V=0 Knb=[2,512,131072,524288] Vnb=[50,400,100,102400] Keff_nb=[2,512,131072,524288] Veff_nb=[2,2048,512,524288]
CUDA_FA_ROUTE_ALLOC kernel=MMA_F16 need_f16_K=0 need_f16_V=0 workspace_end_offset=4194304 dst_data=(nil) f16_K=(nil) f16_V=(nil) f16_end=0x400000
CUDA_FA_ROUTE_PLAN device=0 Q=[256,256,16,1] Kraw=f16 Vraw=turbo3 Kshape=[256,256,4,1] Vshape=[256,256,4,1] Keff=f16 Veff=f16 turbo_kv=1 prefer_native_vec=0 decode=1 dk=0 dv=1 unsafe_vec_after_turbo_v_decode=0 allow_vec=1 kernel=MMA_F16 need_f16_K=0 need_f16_V=0 Knb=[2,512,131072,524288] Vnb=[50,400,100,102400] Keff_nb=[2,512,131072,524288] Veff_nb=[2,2048,512,524288]
CUDA_FA_ROUTE_ALLOC kernel=MMA_F16 need_f16_K=0 need_f16_V=0 workspace_end_offset=4194304 dst_data=(nil) f16_K=(nil) f16_V=(nil) f16_end=0x400000
CUDA_FA_ROUTE_PLAN device=0 Q=[256,256,16,1] Kraw=f16 Vraw=turbo3 Kshape=[256,256,4,1] Vshape=[256,256,4,1] Keff=f16 Veff=f16 turbo_kv=1 prefer_native_vec=0 decode=1 dk=0 dv=1 unsafe_vec_after_turbo_v_decode=0 allow_vec=1 kernel=MMA_F16 need_f16_K=0 need_f16_V=0 Knb=[2,512,131072,524288] Vnb=[50,400,100,102400] Keff_nb=[2,512,131072,524288] Veff_nb=[2,2048,512,524288]
CUDA_FA_ROUTE_ALLOC kernel=MMA_F16 need_f16_K=0 need_f16_V=0 workspace_end_offset=4194304 dst_data=(nil) f16_K=(nil) f16_V=(nil) f16_end=0x400000
CUDA_FA_ROUTE_PLAN device=0 Q=[256,1,16,1] Kraw=f16 Vraw=turbo3 Kshape=[256,256,4,1] Vshape=[256,256,4,1] Keff=f16 Veff=f16 turbo_kv=1 prefer_native_vec=0 decode=1 dk=0 dv=1 unsafe_vec_after_turbo_v_decode=0 allow_vec=1 kernel=MMA_F16 need_f16_K=0 need_f16_V=0 Knb=[2,512,131072,524288] Vnb=[50,400,100,102400] Keff_nb=[2,512,131072,524288] Veff_nb=[2,2048,512,524288]
CUDA_FA_ROUTE_SUPPORTED kernel=MMA_F16 effK=f16 effV=f16 supported=1
CUDA_FA_ROUTE_PLAN device=0 Q=[256,1,16,1] Kraw=f16 Vraw=turbo3 Kshape=[256,256,4,1] Vshape=[256,256,4,1] Keff=f16 Veff=f16 turbo_kv=1 prefer_native_vec=0 decode=1 dk=0 dv=1 unsafe_vec_after_turbo_v_decode=0 allow_vec=1 kernel=MMA_F16 need_f16_K=0 need_f16_V=0 Knb=[2,512,131072,524288] Vnb=[50,400,100,102400] Keff_nb=[2,512,131072,524288] Veff_nb=[2,2048,512,524288]
CUDA_FA_ROUTE_SUPPORTED kernel=MMA_F16 effK=f16 effV=f16 supported=1
CUDA_FA_ROUTE_PLAN device=0 Q=[256,1,16,1] Kraw=f16 Vraw=turbo3 Kshape=[256,256,4,1] Vshape=[256,256,4,1] Keff=f16 Veff=f16 turbo_kv=1 prefer_native_vec=0 decode=1 dk=0 dv=1 unsafe_vec_after_turbo_v_decode=0 allow_vec=1 kernel=MMA_F16 need_f16_K=0 need_f16_V=0 Knb=[2,512,131072,524288] Vnb=[50,400,100,102400] Keff_nb=[2,512,131072,524288] Veff_nb=[2,2048,512,524288]
CUDA_FA_ROUTE_SUPPORTED kernel=MMA_F16 effK=f16 effV=f16 supported=1
CUDA_FA_ROUTE_PLAN device=0 Q=[256,1,16,1] Kraw=f16 Vraw=turbo3 Kshape=[256,256,4,1] Vshape=[256,256,4,1] Keff=f16 Veff=f16 turbo_kv=1 prefer_native_vec=0 decode=1 dk=0 dv=1 unsafe_vec_after_turbo_v_decode=0 allow_vec=1 kernel=MMA_F16 need_f16_K=0 need_f16_V=0 Knb=[2,512,131072,524288] Vnb=[50,400,100,102400] Keff_nb=[2,512,131072,524288] Veff_nb=[2,2048,512,524288]
CUDA_FA_ROUTE_SUPPORTED kernel=MMA_F16 effK=f16 effV=f16 supported=1
CUDA_FA_ROUTE_PLAN device=0 Q=[256,1,16,1] Kraw=f16 Vraw=turbo3 Kshape=[256,256,4,1] Vshape=[256,256,4,1] Keff=f16 Veff=f16 turbo_kv=1 prefer_native_vec=0 decode=1 dk=0 dv=1 unsafe_vec_after_turbo_v_decode=0 allow_vec=1 kernel=MMA_F16 need_f16_K=0 need_f16_V=0 Knb=[2,512,131072,524288] Vnb=[50,400,100,102400] Keff_nb=[2,512,131072,524288] Veff_nb=[2,2048,512,524288]
CUDA_FA_ROUTE_SUPPORTED kernel=MMA_F16 effK=f16 effV=f16 supported=1
CUDA_FA_ROUTE_PLAN device=0 Q=[256,1,16,1] Kraw=f16 Vraw=turbo3 Kshape=[256,256,4,1] Vshape=[256,256,4,1] Keff=f16 Veff=f16 turbo_kv=1 prefer_native_vec=0 decode=1 dk=0 dv=1 unsafe_vec_after_turbo_v_decode=0 allow_vec=1 kernel=MMA_F16 need_f16_K=0 need_f16_V=0 Knb=[2,512,131072,524288] Vnb=[50,400,100,102400] Keff_nb=[2,512,131072,524288] Veff_nb=[2,2048,512,524288]
CUDA_FA_ROUTE_SUPPORTED kernel=MMA_F16 effK=f16 effV=f16 supported=1
CUDA_FA_ROUTE_PLAN device=0 Q=[256,1,16,1] Kraw=f16 Vraw=turbo3 Kshape=[256,256,4,1] Vshape=[256,256,4,1] Keff=f16 Veff=f16 turbo_kv=1 prefer_native_vec=0 decode=1 dk=0 dv=1 unsafe_vec_after_turbo_v_decode=0 allow_vec=1 kernel=MMA_F16 need_f16_K=0 need_f16_V=0 Knb=[2,512,131072,524288] Vnb=[50,400,100,102400] Keff_nb=[2,512,131072,524288] Veff_nb=[2,2048,512,524288]
CUDA_FA_ROUTE_SUPPORTED kernel=MMA_F16 effK=f16 effV=f16 supported=1
CUDA_FA_ROUTE_PLAN device=0 Q=[256,1,16,1] Kraw=f16 Vraw=turbo3 Kshape=[256,256,4,1] Vshape=[256,256,4,1] Keff=f16 Veff=f16 turbo_kv=1 prefer_native_vec=0 decode=1 dk=0 dv=1 unsafe_vec_after_turbo_v_decode=0 allow_vec=1 kernel=MMA_F16 need_f16_K=0 need_f16_V=0 Knb=[2,512,131072,524288] Vnb=[50,400,100,102400] Keff_nb=[2,512,131072,524288] Veff_nb=[2,2048,512,524288]
CUDA_FA_ROUTE_SUPPORTED kernel=MMA_F16 effK=f16 effV=f16 supported=1
CUDA_FA_ROUTE_PLAN device=0 Q=[256,256,16,1] Kraw=f16 Vraw=turbo3 Kshape=[256,256,4,1] Vshape=[256,256,4,1] Keff=f16 Veff=f16 turbo_kv=1 prefer_native_vec=0 decode=1 dk=0 dv=1 unsafe_vec_after_turbo_v_decode=0 allow_vec=1 kernel=MMA_F16 need_f16_K=0 need_f16_V=0 Knb=[2,512,131072,524288] Vnb=[50,400,100,102400] Keff_nb=[2,512,131072,524288] Veff_nb=[2,2048,512,524288]
CUDA_FA_ROUTE_SUPPORTED kernel=MMA_F16 effK=f16 effV=f16 supported=1
CUDA_FA_ROUTE_PLAN device=0 Q=[256,256,16,1] Kraw=f16 Vraw=turbo3 Kshape=[256,256,4,1] Vshape=[256,256,4,1] Keff=f16 Veff=f16 turbo_kv=1 prefer_native_vec=0 decode=1 dk=0 dv=1 unsafe_vec_after_turbo_v_decode=0 allow_vec=1 kernel=MMA_F16 need_f16_K=0 need_f16_V=0 Knb=[2,512,131072,524288] Vnb=[50,400,100,102400] Keff_nb=[2,512,131072,524288] Veff_nb=[2,2048,512,524288]
CUDA_FA_ROUTE_SUPPORTED kernel=MMA_F16 effK=f16 effV=f16 supported=1
CUDA_FA_ROUTE_PLAN device=0 Q=[256,256,16,1] Kraw=f16 Vraw=turbo3 Kshape=[256,256,4,1] Vshape=[256,256,4,1] Keff=f16 Veff=f16 turbo_kv=1 prefer_native_vec=0 decode=1 dk=0 dv=1 unsafe_vec_after_turbo_v_decode=0 allow_vec=1 kernel=MMA_F16 need_f16_K=0 need_f16_V=0 Knb=[2,512,131072,524288] Vnb=[50,400,100,102400] Keff_nb=[2,512,131072,524288] Veff_nb=[2,2048,512,524288]
CUDA_FA_ROUTE_SUPPORTED kernel=MMA_F16 effK=f16 effV=f16 supported=1
CUDA_FA_ROUTE_PLAN device=0 Q=[256,256,16,1] Kraw=f16 Vraw=turbo3 Kshape=[256,256,4,1] Vshape=[256,256,4,1] Keff=f16 Veff=f16 turbo_kv=1 prefer_native_vec=0 decode=1 dk=0 dv=1 unsafe_vec_after_turbo_v_decode=0 allow_vec=1 kernel=MMA_F16 need_f16_K=0 need_f16_V=0 Knb=[2,512,131072,524288] Vnb=[50,400,100,102400] Keff_nb=[2,512,131072,524288] Veff_nb=[2,2048,512,524288]
CUDA_FA_ROUTE_SUPPORTED kernel=MMA_F16 effK=f16 effV=f16 supported=1
CUDA_FA_ROUTE_PLAN device=0 Q=[256,256,16,1] Kraw=f16 Vraw=turbo3 Kshape=[256,256,4,1] Vshape=[256,256,4,1] Keff=f16 Veff=f16 turbo_kv=1 prefer_native_vec=0 decode=1 dk=0 dv=1 unsafe_vec_after_turbo_v_decode=0 allow_vec=1 kernel=MMA_F16 need_f16_K=0 need_f16_V=0 Knb=[2,512,131072,524288] Vnb=[50,400,100,102400] Keff_nb=[2,512,131072,524288] Veff_nb=[2,2048,512,524288]
CUDA_FA_ROUTE_SUPPORTED kernel=MMA_F16 effK=f16 effV=f16 supported=1
CUDA_FA_ROUTE_PLAN device=0 Q=[256,256,16,1] Kraw=f16 Vraw=turbo3 Kshape=[256,256,4,1] Vshape=[256,256,4,1] Keff=f16 Veff=f16 turbo_kv=1 prefer_native_vec=0 decode=1 dk=0 dv=1 unsafe_vec_after_turbo_v_decode=0 allow_vec=1 kernel=MMA_F16 need_f16_K=0 need_f16_V=0 Knb=[2,512,131072,524288] Vnb=[50,400,100,102400] Keff_nb=[2,512,131072,524288] Veff_nb=[2,2048,512,524288]
CUDA_FA_ROUTE_SUPPORTED kernel=MMA_F16 effK=f16 effV=f16 supported=1
CUDA_FA_ROUTE_PLAN device=0 Q=[256,256,16,1] Kraw=f16 Vraw=turbo3 Kshape=[256,256,4,1] Vshape=[256,256,4,1] Keff=f16 Veff=f16 turbo_kv=1 prefer_native_vec=0 decode=1 dk=0 dv=1 unsafe_vec_after_turbo_v_decode=0 allow_vec=1 kernel=MMA_F16 need_f16_K=0 need_f16_V=0 Knb=[2,512,131072,524288] Vnb=[50,400,100,102400] Keff_nb=[2,512,131072,524288] Veff_nb=[2,2048,512,524288]
CUDA_FA_ROUTE_SUPPORTED kernel=MMA_F16 effK=f16 effV=f16 supported=1
CUDA_FA_ROUTE_PLAN device=0 Q=[256,256,16,1] Kraw=f16 Vraw=turbo3 Kshape=[256,256,4,1] Vshape=[256,256,4,1] Keff=f16 Veff=f16 turbo_kv=1 prefer_native_vec=0 decode=1 dk=0 dv=1 unsafe_vec_after_turbo_v_decode=0 allow_vec=1 kernel=MMA_F16 need_f16_K=0 need_f16_V=0 Knb=[2,512,131072,524288] Vnb=[50,400,100,102400] Keff_nb=[2,512,131072,524288] Veff_nb=[2,2048,512,524288]
CUDA_FA_ROUTE_SUPPORTED kernel=MMA_F16 effK=f16 effV=f16 supported=1
CUDA_FA_ROUTE_PLAN device=0 Q=[256,256,16,1] Kraw=f16 Vraw=turbo3 Kshape=[256,256,4,1] Vshape=[256,256,4,1] Keff=f16 Veff=f16 turbo_kv=1 prefer_native_vec=0 decode=1 dk=0 dv=1 unsafe_vec_after_turbo_v_decode=0 allow_vec=1 kernel=MMA_F16 need_f16_K=0 need_f16_V=0 Knb=[2,512,131072,524288] Vnb=[50,400,100,102400] Keff_nb=[2,512,131072,524288] Veff_nb=[2,2048,512,524288]
CUDA_FA_ROUTE_SUPPORTED kernel=MMA_F16 effK=f16 effV=f16 supported=1
CUDA_FA_ROUTE_PLAN device=0 Q=[256,256,16,1] Kraw=f16 Vraw=turbo3 Kshape=[256,256,4,1] Vshape=[256,256,4,1] Keff=f16 Veff=f16 turbo_kv=1 prefer_native_vec=0 decode=1 dk=0 dv=1 unsafe_vec_after_turbo_v_decode=0 allow_vec=1 kernel=MMA_F16 need_f16_K=0 need_f16_V=0 Knb=[2,512,131072,524288] Vnb=[50,400,100,102400] Keff_nb=[2,512,131072,524288] Veff_nb=[2,2048,512,524288]
CUDA_FA_ROUTE_SUPPORTED kernel=MMA_F16 effK=f16 effV=f16 supported=1
CUDA_FA_ROUTE_PLAN device=0 Q=[256,256,16,1] Kraw=f16 Vraw=turbo3 Kshape=[256,256,4,1] Vshape=[256,256,4,1] Keff=f16 Veff=f16 turbo_kv=1 prefer_native_vec=0 decode=1 dk=0 dv=1 unsafe_vec_after_turbo_v_decode=0 allow_vec=1 kernel=MMA_F16 need_f16_K=0 need_f16_V=0 Knb=[2,512,131072,524288] Vnb=[50,400,100,102400] Keff_nb=[2,512,131072,524288] Veff_nb=[2,2048,512,524288]
CUDA_FA_ROUTE_SUPPORTED kernel=MMA_F16 effK=f16 effV=f16 supported=1
CUDA_FA_ROUTE_PLAN device=0 Q=[256,256,16,1] Kraw=f16 Vraw=turbo3 Kshape=[256,256,4,1] Vshape=[256,256,4,1] Keff=f16 Veff=f16 turbo_kv=1 prefer_native_vec=0 decode=1 dk=0 dv=1 unsafe_vec_after_turbo_v_decode=0 allow_vec=1 kernel=MMA_F16 need_f16_K=0 need_f16_V=0 Knb=[2,512,131072,524288] Vnb=[50,400,100,102400] Keff_nb=[2,512,131072,524288] Veff_nb=[2,2048,512,524288]
CUDA_FA_ROUTE_SUPPORTED kernel=MMA_F16 effK=f16 effV=f16 supported=1
CUDA_FA_ROUTE_PLAN device=0 Q=[256,256,16,1] Kraw=f16 Vraw=turbo3 Kshape=[256,256,4,1] Vshape=[256,256,4,1] Keff=f16 Veff=f16 turbo_kv=1 prefer_native_vec=0 decode=1 dk=0 dv=1 unsafe_vec_after_turbo_v_decode=0 allow_vec=1 kernel=MMA_F16 need_f16_K=0 need_f16_V=0 Knb=[2,512,131072,524288] Vnb=[50,400,100,102400] Keff_nb=[2,512,131072,524288] Veff_nb=[2,2048,512,524288]
CUDA_FA_ROUTE_SUPPORTED kernel=MMA_F16 effK=f16 effV=f16 supported=1
CUDA_FA_ROUTE_PLAN device=0 Q=[256,256,16,1] Kraw=f16 Vraw=turbo3 Kshape=[256,256,4,1] Vshape=[256,256,4,1] Keff=f16 Veff=f16 turbo_kv=1 prefer_native_vec=0 decode=1 dk=0 dv=1 unsafe_vec_after_turbo_v_decode=0 allow_vec=1 kernel=MMA_F16 need_f16_K=0 need_f16_V=0 Knb=[2,512,131072,524288] Vnb=[50,400,100,102400] Keff_nb=[2,512,131072,524288] Veff_nb=[2,2048,512,524288]
CUDA_FA_ROUTE_SUPPORTED kernel=MMA_F16 effK=f16 effV=f16 supported=1
CUDA_FA_ROUTE_PLAN device=0 Q=[256,256,16,1] Kraw=f16 Vraw=turbo3 Kshape=[256,256,4,1] Vshape=[256,256,4,1] Keff=f16 Veff=f16 turbo_kv=1 prefer_native_vec=0 decode=1 dk=0 dv=1 unsafe_vec_after_turbo_v_decode=0 allow_vec=1 kernel=MMA_F16 need_f16_K=0 need_f16_V=0 Knb=[2,512,131072,524288] Vnb=[50,400,100,102400] Keff_nb=[2,512,131072,524288] Veff_nb=[2,2048,512,524288]
CUDA_FA_ROUTE_SUPPORTED kernel=MMA_F16 effK=f16 effV=f16 supported=1
CUDA_FA_ROUTE_PLAN device=0 Q=[256,256,16,1] Kraw=f16 Vraw=turbo3 Kshape=[256,256,4,1] Vshape=[256,256,4,1] Keff=f16 Veff=f16 turbo_kv=1 prefer_native_vec=0 decode=1 dk=0 dv=1 unsafe_vec_after_turbo_v_decode=0 allow_vec=1 kernel=MMA_F16 need_f16_K=0 need_f16_V=0 Knb=[2,512,131072,524288] Vnb=[50,400,100,102400] Keff_nb=[2,512,131072,524288] Veff_nb=[2,2048,512,524288]
CUDA_FA_ROUTE_SUPPORTED kernel=MMA_F16 effK=f16 effV=f16 supported=1
CUDA_FA_ROUTE_PLAN device=0 Q=[256,256,16,1] Kraw=f16 Vraw=turbo3 Kshape=[256,256,4,1] Vshape=[256,256,4,1] Keff=f16 Veff=f16 turbo_kv=1 prefer_native_vec=0 decode=1 dk=0 dv=1 unsafe_vec_after_turbo_v_decode=0 allow_vec=1 kernel=MMA_F16 need_f16_K=0 need_f16_V=0 Knb=[2,512,131072,524288] Vnb=[50,400,100,102400] Keff_nb=[2,512,131072,524288] Veff_nb=[2,2048,512,524288]
CUDA_FA_ROUTE_ALLOC kernel=MMA_F16 need_f16_K=0 need_f16_V=0 workspace_end_offset=4194304 dst_data=(nil) f16_K=(nil) f16_V=(nil) f16_end=0x400000
CUDA_FA_ROUTE_PLAN device=0 Q=[256,256,16,1] Kraw=f16 Vraw=turbo3 Kshape=[256,256,4,1] Vshape=[256,256,4,1] Keff=f16 Veff=f16 turbo_kv=1 prefer_native_vec=0 decode=1 dk=0 dv=1 unsafe_vec_after_turbo_v_decode=0 allow_vec=1 kernel=MMA_F16 need_f16_K=0 need_f16_V=0 Knb=[2,512,131072,524288] Vnb=[50,400,100,102400] Keff_nb=[2,512,131072,524288] Veff_nb=[2,2048,512,524288]
CUDA_FA_ROUTE_ALLOC kernel=MMA_F16 need_f16_K=0 need_f16_V=0 workspace_end_offset=4194304 dst_data=(nil) f16_K=(nil) f16_V=(nil) f16_end=0x400000
CUDA_FA_ROUTE_PLAN device=0 Q=[256,256,16,1] Kraw=f16 Vraw=turbo3 Kshape=[256,256,4,1] Vshape=[256,256,4,1] Keff=f16 Veff=f16 turbo_kv=1 prefer_native_vec=0 decode=1 dk=0 dv=1 unsafe_vec_after_turbo_v_decode=0 allow_vec=1 kernel=MMA_F16 need_f16_K=0 need_f16_V=0 Knb=[2,512,131072,524288] Vnb=[50,400,100,102400] Keff_nb=[2,512,131072,524288] Veff_nb=[2,2048,512,524288]
CUDA_FA_ROUTE_ALLOC kernel=MMA_F16 need_f16_K=0 need_f16_V=0 workspace_end_offset=4194304 dst_data=(nil) f16_K=(nil) f16_V=(nil) f16_end=0x400000
CUDA_FA_ROUTE_PLAN device=0 Q=[256,256,16,1] Kraw=f16 Vraw=turbo3 Kshape=[256,256,4,1] Vshape=[256,256,4,1] Keff=f16 Veff=f16 turbo_kv=1 prefer_native_vec=0 decode=1 dk=0 dv=1 unsafe_vec_after_turbo_v_decode=0 allow_vec=1 kernel=MMA_F16 need_f16_K=0 need_f16_V=0 Knb=[2,512,131072,524288] Vnb=[50,400,100,102400] Keff_nb=[2,512,131072,524288] Veff_nb=[2,2048,512,524288]
CUDA_FA_ROUTE_ALLOC kernel=MMA_F16 need_f16_K=0 need_f16_V=0 workspace_end_offset=4194304 dst_data=(nil) f16_K=(nil) f16_V=(nil) f16_end=0x400000
CUDA_FA_ROUTE_PLAN device=0 Q=[256,256,16,1] Kraw=f16 Vraw=turbo3 Kshape=[256,256,4,1] Vshape=[256,256,4,1] Keff=f16 Veff=f16 turbo_kv=1 prefer_native_vec=0 decode=1 dk=0 dv=1 unsafe_vec_after_turbo_v_decode=0 allow_vec=1 kernel=MMA_F16 need_f16_K=0 need_f16_V=0 Knb=[2,512,131072,524288] Vnb=[50,400,100,102400] Keff_nb=[2,512,131072,524288] Veff_nb=[2,2048,512,524288]
CUDA_FA_ROUTE_ALLOC kernel=MMA_F16 need_f16_K=0 need_f16_V=0 workspace_end_offset=4194304 dst_data=(nil) f16_K=(nil) f16_V=(nil) f16_end=0x400000
CUDA_FA_ROUTE_PLAN device=0 Q=[256,256,16,1] Kraw=f16 Vraw=turbo3 Kshape=[256,256,4,1] Vshape=[256,256,4,1] Keff=f16 Veff=f16 turbo_kv=1 prefer_native_vec=0 decode=1 dk=0 dv=1 unsafe_vec_after_turbo_v_decode=0 allow_vec=1 kernel=MMA_F16 need_f16_K=0 need_f16_V=0 Knb=[2,512,131072,524288] Vnb=[50,400,100,102400] Keff_nb=[2,512,131072,524288] Veff_nb=[2,2048,512,524288]
CUDA_FA_ROUTE_ALLOC kernel=MMA_F16 need_f16_K=0 need_f16_V=0 workspace_end_offset=4194304 dst_data=(nil) f16_K=(nil) f16_V=(nil) f16_end=0x400000
CUDA_FA_ROUTE_PLAN device=0 Q=[256,256,16,1] Kraw=f16 Vraw=turbo3 Kshape=[256,256,4,1] Vshape=[256,256,4,1] Keff=f16 Veff=f16 turbo_kv=1 prefer_native_vec=0 decode=1 dk=0 dv=1 unsafe_vec_after_turbo_v_decode=0 allow_vec=1 kernel=MMA_F16 need_f16_K=0 need_f16_V=0 Knb=[2,512,131072,524288] Vnb=[50,400,100,102400] Keff_nb=[2,512,131072,524288] Veff_nb=[2,2048,512,524288]
CUDA_FA_ROUTE_ALLOC kernel=MMA_F16 need_f16_K=0 need_f16_V=0 workspace_end_offset=4194304 dst_data=(nil) f16_K=(nil) f16_V=(nil) f16_end=0x400000
CUDA_FA_ROUTE_PLAN device=0 Q=[256,256,16,1] Kraw=f16 Vraw=turbo3 Kshape=[256,256,4,1] Vshape=[256,256,4,1] Keff=f16 Veff=f16 turbo_kv=1 prefer_native_vec=0 decode=1 dk=0 dv=1 unsafe_vec_after_turbo_v_decode=0 allow_vec=1 kernel=MMA_F16 need_f16_K=0 need_f16_V=0 Knb=[2,512,131072,524288] Vnb=[50,400,100,102400] Keff_nb=[2,512,131072,524288] Veff_nb=[2,2048,512,524288]
CUDA_FA_ROUTE_ALLOC kernel=MMA_F16 need_f16_K=0 need_f16_V=0 workspace_end_offset=4194304 dst_data=(nil) f16_K=(nil) f16_V=(nil) f16_end=0x400000
CUDA_FA_ROUTE_PLAN device=0 Q=[256,256,16,1] Kraw=f16 Vraw=turbo3 Kshape=[256,256,4,1] Vshape=[256,256,4,1] Keff=f16 Veff=f16 turbo_kv=1 prefer_native_vec=0 decode=1 dk=0 dv=1 unsafe_vec_after_turbo_v_decode=0 allow_vec=1 kernel=MMA_F16 need_f16_K=0 need_f16_V=0 Knb=[2,512,131072,524288] Vnb=[50,400,100,102400] Keff_nb=[2,512,131072,524288] Veff_nb=[2,2048,512,524288]
CUDA_FA_ROUTE_ALLOC kernel=MMA_F16 need_f16_K=0 need_f16_V=0 workspace_end_offset=4194304 dst_data=(nil) f16_K=(nil) f16_V=(nil) f16_end=0x400000
CUDA_FA_ROUTE_PLAN device=0 Q=[256,256,16,1] Kraw=f16 Vraw=turbo3 Kshape=[256,256,4,1] Vshape=[256,256,4,1] Keff=f16 Veff=f16 turbo_kv=1 prefer_native_vec=0 decode=1 dk=0 dv=1 unsafe_vec_after_turbo_v_decode=0 allow_vec=1 kernel=MMA_F16 need_f16_K=0 need_f16_V=0 Knb=[2,512,131072,524288] Vnb=[50,400,100,102400] Keff_nb=[2,512,131072,524288] Veff_nb=[2,2048,512,524288]
CUDA_FA_ROUTE_ALLOC kernel=MMA_F16 need_f16_K=0 need_f16_V=0 workspace_end_offset=4194304 dst_data=(nil) f16_K=(nil) f16_V=(nil) f16_end=0x400000
CUDA_FA_ROUTE_PLAN device=0 Q=[256,256,16,1] Kraw=f16 Vraw=turbo3 Kshape=[256,256,4,1] Vshape=[256,256,4,1] Keff=f16 Veff=f16 turbo_kv=1 prefer_native_vec=0 decode=1 dk=0 dv=1 unsafe_vec_after_turbo_v_decode=0 allow_vec=1 kernel=MMA_F16 need_f16_K=0 need_f16_V=0 Knb=[2,512,131072,524288] Vnb=[50,400,100,102400] Keff_nb=[2,512,131072,524288] Veff_nb=[2,2048,512,524288]
CUDA_FA_ROUTE_ALLOC kernel=MMA_F16 need_f16_K=0 need_f16_V=0 workspace_end_offset=4194304 dst_data=(nil) f16_K=(nil) f16_V=(nil) f16_end=0x400000
CUDA_FA_ROUTE_PLAN device=0 Q=[256,256,16,1] Kraw=f16 Vraw=turbo3 Kshape=[256,256,4,1] Vshape=[256,256,4,1] Keff=f16 Veff=f16 turbo_kv=1 prefer_native_vec=0 decode=1 dk=0 dv=1 unsafe_vec_after_turbo_v_decode=0 allow_vec=1 kernel=MMA_F16 need_f16_K=0 need_f16_V=0 Knb=[2,512,131072,524288] Vnb=[50,400,100,102400] Keff_nb=[2,512,131072,524288] Veff_nb=[2,2048,512,524288]
CUDA_FA_ROUTE_ALLOC kernel=MMA_F16 need_f16_K=0 need_f16_V=0 workspace_end_offset=4194304 dst_data=(nil) f16_K=(nil) f16_V=(nil) f16_end=0x400000
CUDA_FA_ROUTE_PLAN device=0 Q=[256,256,16,1] Kraw=f16 Vraw=turbo3 Kshape=[256,256,4,1] Vshape=[256,256,4,1] Keff=f16 Veff=f16 turbo_kv=1 prefer_native_vec=0 decode=1 dk=0 dv=1 unsafe_vec_after_turbo_v_decode=0 allow_vec=1 kernel=MMA_F16 need_f16_K=0 need_f16_V=0 Knb=[2,512,131072,524288] Vnb=[50,400,100,102400] Keff_nb=[2,512,131072,524288] Veff_nb=[2,2048,512,524288]
CUDA_FA_ROUTE_ALLOC kernel=MMA_F16 need_f16_K=0 need_f16_V=0 workspace_end_offset=4194304 dst_data=(nil) f16_K=(nil) f16_V=(nil) f16_end=0x400000
CUDA_FA_ROUTE_PLAN device=0 Q=[256,256,16,1] Kraw=f16 Vraw=turbo3 Kshape=[256,256,4,1] Vshape=[256,256,4,1] Keff=f16 Veff=f16 turbo_kv=1 prefer_native_vec=0 decode=1 dk=0 dv=1 unsafe_vec_after_turbo_v_decode=0 allow_vec=1 kernel=MMA_F16 need_f16_K=0 need_f16_V=0 Knb=[2,512,131072,524288] Vnb=[50,400,100,102400] Keff_nb=[2,512,131072,524288] Veff_nb=[2,2048,512,524288]
CUDA_FA_ROUTE_ALLOC kernel=MMA_F16 need_f16_K=0 need_f16_V=0 workspace_end_offset=4194304 dst_data=(nil) f16_K=(nil) f16_V=(nil) f16_end=0x400000
CUDA_FA_ROUTE_PLAN device=0 Q=[256,256,16,1] Kraw=f16 Vraw=turbo3 Kshape=[256,256,4,1] Vshape=[256,256,4,1] Keff=f16 Veff=f16 turbo_kv=1 prefer_native_vec=0 decode=1 dk=0 dv=1 unsafe_vec_after_turbo_v_decode=0 allow_vec=1 kernel=MMA_F16 need_f16_K=0 need_f16_V=0 Knb=[2,512,131072,524288] Vnb=[50,400,100,102400] Keff_nb=[2,512,131072,524288] Veff_nb=[2,2048,512,524288]
CUDA_FA_ROUTE_ALLOC kernel=MMA_F16 need_f16_K=0 need_f16_V=0 workspace_end_offset=4194304 dst_data=(nil) f16_K=(nil) f16_V=(nil) f16_end=0x400000
CUDA_FA_ROUTE_PLAN device=0 Q=[256,256,16,1] Kraw=f16 Vraw=turbo3 Kshape=[256,256,4,1] Vshape=[256,256,4,1] Keff=f16 Veff=f16 turbo_kv=1 prefer_native_vec=0 decode=1 dk=0 dv=1 unsafe_vec_after_turbo_v_decode=0 allow_vec=1 kernel=MMA_F16 need_f16_K=0 need_f16_V=0 Knb=[2,512,131072,524288] Vnb=[50,400,100,102400] Keff_nb=[2,512,131072,524288] Veff_nb=[2,2048,512,524288]
CUDA_FA_ROUTE_ALLOC kernel=MMA_F16 need_f16_K=0 need_f16_V=0 workspace_end_offset=4194304 dst_data=(nil) f16_K=(nil) f16_V=(nil) f16_end=0x400000
CUDA_FA_ROUTE_PLAN device=0 Q=[256,256,16,1] Kraw=f16 Vraw=turbo3 Kshape=[256,256,4,1] Vshape=[256,256,4,1] Keff=f16 Veff=f16 turbo_kv=1 prefer_native_vec=0 decode=1 dk=0 dv=1 unsafe_vec_after_turbo_v_decode=0 allow_vec=1 kernel=MMA_F16 need_f16_K=0 need_f16_V=0 Knb=[2,512,131072,524288] Vnb=[50,400,100,102400] Keff_nb=[2,512,131072,524288] Veff_nb=[2,2048,512,524288]
CUDA_FA_ROUTE_ALLOC kernel=MMA_F16 need_f16_K=0 need_f16_V=0 workspace_end_offset=4194304 dst_data=(nil) f16_K=(nil) f16_V=(nil) f16_end=0x400000
CUDA_FA_ROUTE_PLAN device=0 Q=[256,256,16,1] Kraw=f16 Vraw=turbo3 Kshape=[256,256,4,1] Vshape=[256,256,4,1] Keff=f16 Veff=f16 turbo_kv=1 prefer_native_vec=0 decode=1 dk=0 dv=1 unsafe_vec_after_turbo_v_decode=0 allow_vec=1 kernel=MMA_F16 need_f16_K=0 need_f16_V=0 Knb=[2,512,131072,524288] Vnb=[50,400,100,102400] Keff_nb=[2,512,131072,524288] Veff_nb=[2,2048,512,524288]
CUDA_FA_ROUTE_ALLOC kernel=MMA_F16 need_f16_K=0 need_f16_V=0 workspace_end_offset=4194304 dst_data=(nil) f16_K=(nil) f16_V=(nil) f16_end=0x400000
CUDA_FA_ROUTE_PLAN device=0 Q=[256,256,16,1] Kraw=f16 Vraw=turbo3 Kshape=[256,256,4,1] Vshape=[256,256,4,1] Keff=f16 Veff=f16 turbo_kv=1 prefer_native_vec=0 decode=1 dk=0 dv=1 unsafe_vec_after_turbo_v_decode=0 allow_vec=1 kernel=MMA_F16 need_f16_K=0 need_f16_V=0 Knb=[2,512,131072,524288] Vnb=[50,400,100,102400] Keff_nb=[2,512,131072,524288] Veff_nb=[2,2048,512,524288]
CUDA_FA_ROUTE_ALLOC kernel=MMA_F16 need_f16_K=0 need_f16_V=0 workspace_end_offset=4194304 dst_data=(nil) f16_K=(nil) f16_V=(nil) f16_end=0x400000
CUDA_FA_ROUTE_PLAN device=0 Q=[256,256,16,1] Kraw=f16 Vraw=turbo3 Kshape=[256,256,4,1] Vshape=[256,256,4,1] Keff=f16 Veff=f16 turbo_kv=1 prefer_native_vec=0 decode=1 dk=0 dv=1 unsafe_vec_after_turbo_v_decode=0 allow_vec=1 kernel=MMA_F16 need_f16_K=0 need_f16_V=0 Knb=[2,512,131072,524288] Vnb=[50,400,100,102400] Keff_nb=[2,512,131072,524288] Veff_nb=[2,2048,512,524288]
CUDA_FA_ROUTE_ALLOC kernel=MMA_F16 need_f16_K=0 need_f16_V=0 workspace_end_offset=4194304 dst_data=(nil) f16_K=(nil) f16_V=(nil) f16_end=0x400000
CUDA_FA_ROUTE_PLAN device=0 Q=[256,256,16,1] Kraw=f16 Vraw=turbo3 Kshape=[256,256,4,1] Vshape=[256,256,4,1] Keff=f16 Veff=f16 turbo_kv=1 prefer_native_vec=0 decode=1 dk=0 dv=1 unsafe_vec_after_turbo_v_decode=0 allow_vec=1 kernel=MMA_F16 need_f16_K=0 need_f16_V=0 Knb=[2,512,131072,524288] Vnb=[50,400,100,102400] Keff_nb=[2,512,131072,524288] Veff_nb=[2,2048,512,524288]
CUDA_FA_ROUTE_ALLOC kernel=MMA_F16 need_f16_K=0 need_f16_V=0 workspace_end_offset=4194304 dst_data=(nil) f16_K=(nil) f16_V=(nil) f16_end=0x400000
CUDA_FA_ROUTE_PLAN device=0 Q=[256,256,16,1] Kraw=f16 Vraw=turbo3 Kshape=[256,256,4,1] Vshape=[256,256,4,1] Keff=f16 Veff=f16 turbo_kv=1 prefer_native_vec=0 decode=1 dk=0 dv=1 unsafe_vec_after_turbo_v_decode=0 allow_vec=1 kernel=MMA_F16 need_f16_K=0 need_f16_V=0 Knb=[2,512,131072,524288] Vnb=[50,400,100,102400] Keff_nb=[2,512,131072,524288] Veff_nb=[2,2048,512,524288]
CUDA_FA_ROUTE_ALLOC kernel=MMA_F16 need_f16_K=0 need_f16_V=0 workspace_end_offset=4194304 dst_data=(nil) f16_K=(nil) f16_V=(nil) f16_end=0x400000
CUDA_FA_ROUTE_PLAN device=0 Q=[256,256,16,1] Kraw=f16 Vraw=turbo3 Kshape=[256,256,4,1] Vshape=[256,256,4,1] Keff=f16 Veff=f16 turbo_kv=1 prefer_native_vec=0 decode=1 dk=0 dv=1 unsafe_vec_after_turbo_v_decode=0 allow_vec=1 kernel=MMA_F16 need_f16_K=0 need_f16_V=0 Knb=[2,512,131072,524288] Vnb=[50,400,100,102400] Keff_nb=[2,512,131072,524288] Veff_nb=[2,2048,512,524288]
CUDA_FA_ROUTE_ALLOC kernel=MMA_F16 need_f16_K=0 need_f16_V=0 workspace_end_offset=4194304 dst_data=(nil) f16_K=(nil) f16_V=(nil) f16_end=0x400000
CUDA_FA_ROUTE_PLAN device=0 Q=[256,256,16,1] Kraw=f16 Vraw=turbo3 Kshape=[256,256,4,1] Vshape=[256,256,4,1] Keff=f16 Veff=f16 turbo_kv=1 prefer_native_vec=0 decode=1 dk=0 dv=1 unsafe_vec_after_turbo_v_decode=0 allow_vec=1 kernel=MMA_F16 need_f16_K=0 need_f16_V=0 Knb=[2,512,131072,524288] Vnb=[50,400,100,102400] Keff_nb=[2,512,131072,524288] Veff_nb=[2,2048,512,524288]
CUDA_FA_ROUTE_ALLOC kernel=MMA_F16 need_f16_K=0 need_f16_V=0 workspace_end_offset=4194304 dst_data=(nil) f16_K=(nil) f16_V=(nil) f16_end=0x400000
CUDA_FA_ROUTE_PLAN device=0 Q=[256,256,16,1] Kraw=f16 Vraw=turbo3 Kshape=[256,256,4,1] Vshape=[256,256,4,1] Keff=f16 Veff=f16 turbo_kv=1 prefer_native_vec=0 decode=1 dk=0 dv=1 unsafe_vec_after_turbo_v_decode=0 allow_vec=1 kernel=MMA_F16 need_f16_K=0 need_f16_V=0 Knb=[2,512,131072,524288] Vnb=[50,400,100,102400] Keff_nb=[2,512,131072,524288] Veff_nb=[2,2048,512,524288]
CUDA_FA_ROUTE_ALLOC kernel=MMA_F16 need_f16_K=0 need_f16_V=0 workspace_end_offset=4194304 dst_data=(nil) f16_K=(nil) f16_V=(nil) f16_end=0x400000
CUDA_FA_ROUTE_PLAN device=0 Q=[256,256,16,1] Kraw=f16 Vraw=turbo3 Kshape=[256,256,4,1] Vshape=[256,256,4,1] Keff=f16 Veff=f16 turbo_kv=1 prefer_native_vec=0 decode=1 dk=0 dv=1 unsafe_vec_after_turbo_v_decode=0 allow_vec=1 kernel=MMA_F16 need_f16_K=0 need_f16_V=0 Knb=[2,512,131072,524288] Vnb=[50,400,100,102400] Keff_nb=[2,512,131072,524288] Veff_nb=[2,2048,512,524288]
CUDA_FA_ROUTE_ALLOC kernel=MMA_F16 need_f16_K=0 need_f16_V=0 workspace_end_offset=4194304 dst_data=(nil) f16_K=(nil) f16_V=(nil) f16_end=0x400000
CUDA_FA_ROUTE_PLAN device=0 Q=[256,256,16,1] Kraw=f16 Vraw=turbo3 Kshape=[256,256,4,1] Vshape=[256,256,4,1] Keff=f16 Veff=f16 turbo_kv=1 prefer_native_vec=0 decode=1 dk=0 dv=1 unsafe_vec_after_turbo_v_decode=0 allow_vec=1 kernel=MMA_F16 need_f16_K=0 need_f16_V=0 Knb=[2,512,131072,524288] Vnb=[50,400,100,102400] Keff_nb=[2,512,131072,524288] Veff_nb=[2,2048,512,524288]
CUDA_FA_ROUTE_ALLOC kernel=MMA_F16 need_f16_K=0 need_f16_V=0 workspace_end_offset=4194304 dst_data=(nil) f16_K=(nil) f16_V=(nil) f16_end=0x400000
CUDA_FA_ROUTE_PLAN device=0 Q=[256,256,16,1] Kraw=f16 Vraw=turbo3 Kshape=[256,256,4,1] Vshape=[256,256,4,1] Keff=f16 Veff=f16 turbo_kv=1 prefer_native_vec=0 decode=1 dk=0 dv=1 unsafe_vec_after_turbo_v_decode=0 allow_vec=1 kernel=MMA_F16 need_f16_K=0 need_f16_V=0 Knb=[2,512,131072,524288] Vnb=[50,400,100,102400] Keff_nb=[2,512,131072,524288] Veff_nb=[2,2048,512,524288]
CUDA_FA_ROUTE_ALLOC kernel=MMA_F16 need_f16_K=0 need_f16_V=0 workspace_end_offset=4194304 dst_data=(nil) f16_K=(nil) f16_V=(nil) f16_end=0x400000
CUDA_FA_ROUTE_PLAN device=0 Q=[256,256,16,1] Kraw=f16 Vraw=turbo3 Kshape=[256,256,4,1] Vshape=[256,256,4,1] Keff=f16 Veff=f16 turbo_kv=1 prefer_native_vec=0 decode=1 dk=0 dv=1 unsafe_vec_after_turbo_v_decode=0 allow_vec=1 kernel=MMA_F16 need_f16_K=0 need_f16_V=0 Knb=[2,512,131072,524288] Vnb=[50,400,100,102400] Keff_nb=[2,512,131072,524288] Veff_nb=[2,2048,512,524288]
CUDA_FA_ROUTE_ALLOC kernel=MMA_F16 need_f16_K=0 need_f16_V=0 workspace_end_offset=4194304 dst_data=(nil) f16_K=(nil) f16_V=(nil) f16_end=0x400000
CUDA_FA_ROUTE_PLAN device=0 Q=[256,256,16,1] Kraw=f16 Vraw=turbo3 Kshape=[256,256,4,1] Vshape=[256,256,4,1] Keff=f16 Veff=f16 turbo_kv=1 prefer_native_vec=0 decode=1 dk=0 dv=1 unsafe_vec_after_turbo_v_decode=0 allow_vec=1 kernel=MMA_F16 need_f16_K=0 need_f16_V=0 Knb=[2,512,131072,524288] Vnb=[50,400,100,102400] Keff_nb=[2,512,131072,524288] Veff_nb=[2,2048,512,524288]
CUDA_FA_ROUTE_ALLOC kernel=MMA_F16 need_f16_K=0 need_f16_V=0 workspace_end_offset=4194304 dst_data=(nil) f16_K=(nil) f16_V=(nil) f16_end=0x400000
CUDA_FA_ROUTE_PLAN device=0 Q=[256,256,16,1] Kraw=f16 Vraw=turbo3 Kshape=[256,256,4,1] Vshape=[256,256,4,1] Keff=f16 Veff=f16 turbo_kv=1 prefer_native_vec=0 decode=1 dk=0 dv=1 unsafe_vec_after_turbo_v_decode=0 allow_vec=1 kernel=MMA_F16 need_f16_K=0 need_f16_V=0 Knb=[2,512,131072,524288] Vnb=[50,400,100,102400] Keff_nb=[2,512,131072,524288] Veff_nb=[2,2048,512,524288]
CUDA_FA_ROUTE_ALLOC kernel=MMA_F16 need_f16_K=0 need_f16_V=0 workspace_end_offset=4194304 dst_data=(nil) f16_K=(nil) f16_V=(nil) f16_end=0x400000
CUDA_FA_ROUTE_PLAN device=0 Q=[256,256,16,1] Kraw=f16 Vraw=turbo3 Kshape=[256,256,4,1] Vshape=[256,256,4,1] Keff=f16 Veff=f16 turbo_kv=1 prefer_native_vec=0 decode=1 dk=0 dv=1 unsafe_vec_after_turbo_v_decode=0 allow_vec=1 kernel=MMA_F16 need_f16_K=0 need_f16_V=0 Knb=[2,512,131072,524288] Vnb=[50,400,100,102400] Keff_nb=[2,512,131072,524288] Veff_nb=[2,2048,512,524288]
CUDA_FA_ROUTE_ALLOC kernel=MMA_F16 need_f16_K=0 need_f16_V=0 workspace_end_offset=4194304 dst_data=(nil) f16_K=(nil) f16_V=(nil) f16_end=0x400000
CUDA_FA_ROUTE_PLAN device=0 Q=[256,256,16,1] Kraw=f16 Vraw=turbo3 Kshape=[256,256,4,1] Vshape=[256,256,4,1] Keff=f16 Veff=f16 turbo_kv=1 prefer_native_vec=0 decode=1 dk=0 dv=1 unsafe_vec_after_turbo_v_decode=0 allow_vec=1 kernel=MMA_F16 need_f16_K=0 need_f16_V=0 Knb=[2,512,131072,524288] Vnb=[50,400,100,102400] Keff_nb=[2,512,131072,524288] Veff_nb=[2,2048,512,524288]
CUDA_FA_ROUTE_SUPPORTED kernel=MMA_F16 effK=f16 effV=f16 supported=1
CUDA_FA_ROUTE_PLAN device=0 Q=[256,256,16,1] Kraw=f16 Vraw=turbo3 Kshape=[256,256,4,1] Vshape=[256,256,4,1] Keff=f16 Veff=f16 turbo_kv=1 prefer_native_vec=0 decode=1 dk=0 dv=1 unsafe_vec_after_turbo_v_decode=0 allow_vec=1 kernel=MMA_F16 need_f16_K=0 need_f16_V=0 Knb=[2,512,131072,524288] Vnb=[50,400,100,102400] Keff_nb=[2,512,131072,524288] Veff_nb=[2,2048,512,524288]
CUDA_FA_ROUTE_SUPPORTED kernel=MMA_F16 effK=f16 effV=f16 supported=1
CUDA_FA_ROUTE_PLAN device=0 Q=[256,256,16,1] Kraw=f16 Vraw=turbo3 Kshape=[256,256,4,1] Vshape=[256,256,4,1] Keff=f16 Veff=f16 turbo_kv=1 prefer_native_vec=0 decode=1 dk=0 dv=1 unsafe_vec_after_turbo_v_decode=0 allow_vec=1 kernel=MMA_F16 need_f16_K=0 need_f16_V=0 Knb=[2,512,131072,524288] Vnb=[50,400,100,102400] Keff_nb=[2,512,131072,524288] Veff_nb=[2,2048,512,524288]
CUDA_FA_ROUTE_SUPPORTED kernel=MMA_F16 effK=f16 effV=f16 supported=1
CUDA_FA_ROUTE_PLAN device=0 Q=[256,256,16,1] Kraw=f16 Vraw=turbo3 Kshape=[256,256,4,1] Vshape=[256,256,4,1] Keff=f16 Veff=f16 turbo_kv=1 prefer_native_vec=0 decode=1 dk=0 dv=1 unsafe_vec_after_turbo_v_decode=0 allow_vec=1 kernel=MMA_F16 need_f16_K=0 need_f16_V=0 Knb=[2,512,131072,524288] Vnb=[50,400,100,102400] Keff_nb=[2,512,131072,524288] Veff_nb=[2,2048,512,524288]
CUDA_FA_ROUTE_SUPPORTED kernel=MMA_F16 effK=f16 effV=f16 supported=1
CUDA_FA_ROUTE_PLAN device=0 Q=[256,256,16,1] Kraw=f16 Vraw=turbo3 Kshape=[256,256,4,1] Vshape=[256,256,4,1] Keff=f16 Veff=f16 turbo_kv=1 prefer_native_vec=0 decode=1 dk=0 dv=1 unsafe_vec_after_turbo_v_decode=0 allow_vec=1 kernel=MMA_F16 need_f16_K=0 need_f16_V=0 Knb=[2,512,131072,524288] Vnb=[50,400,100,102400] Keff_nb=[2,512,131072,524288] Veff_nb=[2,2048,512,524288]
CUDA_FA_ROUTE_SUPPORTED kernel=MMA_F16 effK=f16 effV=f16 supported=1
CUDA_FA_ROUTE_PLAN device=0 Q=[256,256,16,1] Kraw=f16 Vraw=turbo3 Kshape=[256,256,4,1] Vshape=[256,256,4,1] Keff=f16 Veff=f16 turbo_kv=1 prefer_native_vec=0 decode=1 dk=0 dv=1 unsafe_vec_after_turbo_v_decode=0 allow_vec=1 kernel=MMA_F16 need_f16_K=0 need_f16_V=0 Knb=[2,512,131072,524288] Vnb=[50,400,100,102400] Keff_nb=[2,512,131072,524288] Veff_nb=[2,2048,512,524288]
CUDA_FA_ROUTE_SUPPORTED kernel=MMA_F16 effK=f16 effV=f16 supported=1
CUDA_FA_ROUTE_PLAN device=0 Q=[256,256,16,1] Kraw=f16 Vraw=turbo3 Kshape=[256,256,4,1] Vshape=[256,256,4,1] Keff=f16 Veff=f16 turbo_kv=1 prefer_native_vec=0 decode=1 dk=0 dv=1 unsafe_vec_after_turbo_v_decode=0 allow_vec=1 kernel=MMA_F16 need_f16_K=0 need_f16_V=0 Knb=[2,512,131072,524288] Vnb=[50,400,100,102400] Keff_nb=[2,512,131072,524288] Veff_nb=[2,2048,512,524288]
CUDA_FA_ROUTE_SUPPORTED kernel=MMA_F16 effK=f16 effV=f16 supported=1
CUDA_FA_ROUTE_PLAN device=0 Q=[256,256,16,1] Kraw=f16 Vraw=turbo3 Kshape=[256,256,4,1] Vshape=[256,256,4,1] Keff=f16 Veff=f16 turbo_kv=1 prefer_native_vec=0 decode=1 dk=0 dv=1 unsafe_vec_after_turbo_v_decode=0 allow_vec=1 kernel=MMA_F16 need_f16_K=0 need_f16_V=0 Knb=[2,512,131072,524288] Vnb=[50,400,100,102400] Keff_nb=[2,512,131072,524288] Veff_nb=[2,2048,512,524288]
CUDA_FA_ROUTE_SUPPORTED kernel=MMA_F16 effK=f16 effV=f16 supported=1
CUDA_FA_ROUTE_PLAN device=0 Q=[256,1,16,1] Kraw=f16 Vraw=turbo3 Kshape=[256,256,4,1] Vshape=[256,256,4,1] Keff=f16 Veff=f16 turbo_kv=1 prefer_native_vec=0 decode=1 dk=0 dv=1 unsafe_vec_after_turbo_v_decode=0 allow_vec=1 kernel=MMA_F16 need_f16_K=0 need_f16_V=0 Knb=[2,512,131072,524288] Vnb=[50,400,100,102400] Keff_nb=[2,512,131072,524288] Veff_nb=[2,2048,512,524288]
CUDA_FA_ROUTE_SUPPORTED kernel=MMA_F16 effK=f16 effV=f16 supported=1
CUDA_FA_ROUTE_PLAN device=0 Q=[256,1,16,1] Kraw=f16 Vraw=turbo3 Kshape=[256,256,4,1] Vshape=[256,256,4,1] Keff=f16 Veff=f16 turbo_kv=1 prefer_native_vec=0 decode=1 dk=0 dv=1 unsafe_vec_after_turbo_v_decode=0 allow_vec=1 kernel=MMA_F16 need_f16_K=0 need_f16_V=0 Knb=[2,512,131072,524288] Vnb=[50,400,100,102400] Keff_nb=[2,512,131072,524288] Veff_nb=[2,2048,512,524288]
CUDA_FA_ROUTE_SUPPORTED kernel=MMA_F16 effK=f16 effV=f16 supported=1
CUDA_FA_ROUTE_PLAN device=0 Q=[256,1,16,1] Kraw=f16 Vraw=turbo3 Kshape=[256,256,4,1] Vshape=[256,256,4,1] Keff=f16 Veff=f16 turbo_kv=1 prefer_native_vec=0 decode=1 dk=0 dv=1 unsafe_vec_after_turbo_v_decode=0 allow_vec=1 kernel=MMA_F16 need_f16_K=0 need_f16_V=0 Knb=[2,512,131072,524288] Vnb=[50,400,100,102400] Keff_nb=[2,512,131072,524288] Veff_nb=[2,2048,512,524288]
CUDA_FA_ROUTE_SUPPORTED kernel=MMA_F16 effK=f16 effV=f16 supported=1
CUDA_FA_ROUTE_PLAN device=0 Q=[256,1,16,1] Kraw=f16 Vraw=turbo3 Kshape=[256,256,4,1] Vshape=[256,256,4,1] Keff=f16 Veff=f16 turbo_kv=1 prefer_native_vec=0 decode=1 dk=0 dv=1 unsafe_vec_after_turbo_v_decode=0 allow_vec=1 kernel=MMA_F16 need_f16_K=0 need_f16_V=0 Knb=[2,512,131072,524288] Vnb=[50,400,100,102400] Keff_nb=[2,512,131072,524288] Veff_nb=[2,2048,512,524288]
CUDA_FA_ROUTE_SUPPORTED kernel=MMA_F16 effK=f16 effV=f16 supported=1
CUDA_FA_ROUTE_PLAN device=0 Q=[256,1,16,1] Kraw=f16 Vraw=turbo3 Kshape=[256,256,4,1] Vshape=[256,256,4,1] Keff=f16 Veff=f16 turbo_kv=1 prefer_native_vec=0 decode=1 dk=0 dv=1 unsafe_vec_after_turbo_v_decode=0 allow_vec=1 kernel=MMA_F16 need_f16_K=0 need_f16_V=0 Knb=[2,512,131072,524288] Vnb=[50,400,100,102400] Keff_nb=[2,512,131072,524288] Veff_nb=[2,2048,512,524288]
CUDA_FA_ROUTE_SUPPORTED kernel=MMA_F16 effK=f16 effV=f16 supported=1
CUDA_FA_ROUTE_PLAN device=0 Q=[256,1,16,1] Kraw=f16 Vraw=turbo3 Kshape=[256,256,4,1] Vshape=[256,256,4,1] Keff=f16 Veff=f16 turbo_kv=1 prefer_native_vec=0 decode=1 dk=0 dv=1 unsafe_vec_after_turbo_v_decode=0 allow_vec=1 kernel=MMA_F16 need_f16_K=0 need_f16_V=0 Knb=[2,512,131072,524288] Vnb=[50,400,100,102400] Keff_nb=[2,512,131072,524288] Veff_nb=[2,2048,512,524288]
CUDA_FA_ROUTE_SUPPORTED kernel=MMA_F16 effK=f16 effV=f16 supported=1
CUDA_FA_ROUTE_PLAN device=0 Q=[256,1,16,1] Kraw=f16 Vraw=turbo3 Kshape=[256,256,4,1] Vshape=[256,256,4,1] Keff=f16 Veff=f16 turbo_kv=1 prefer_native_vec=0 decode=1 dk=0 dv=1 unsafe_vec_after_turbo_v_decode=0 allow_vec=1 kernel=MMA_F16 need_f16_K=0 need_f16_V=0 Knb=[2,512,131072,524288] Vnb=[50,400,100,102400] Keff_nb=[2,512,131072,524288] Veff_nb=[2,2048,512,524288]
CUDA_FA_ROUTE_SUPPORTED kernel=MMA_F16 effK=f16 effV=f16 supported=1
CUDA_FA_ROUTE_PLAN device=0 Q=[256,1,16,1] Kraw=f16 Vraw=turbo3 Kshape=[256,256,4,1] Vshape=[256,256,4,1] Keff=f16 Veff=f16 turbo_kv=1 prefer_native_vec=0 decode=1 dk=0 dv=1 unsafe_vec_after_turbo_v_decode=0 allow_vec=1 kernel=MMA_F16 need_f16_K=0 need_f16_V=0 Knb=[2,512,131072,524288] Vnb=[50,400,100,102400] Keff_nb=[2,512,131072,524288] Veff_nb=[2,2048,512,524288]
CUDA_FA_ROUTE_SUPPORTED kernel=MMA_F16 effK=f16 effV=f16 supported=1
CUDA_FA_ROUTE_PLAN device=0 Q=[256,16,16,1] Kraw=f16 Vraw=turbo3 Kshape=[256,256,4,1] Vshape=[256,256,4,1] Keff=f16 Veff=f16 turbo_kv=1 prefer_native_vec=0 decode=1 dk=0 dv=1 unsafe_vec_after_turbo_v_decode=0 allow_vec=1 kernel=MMA_F16 need_f16_K=0 need_f16_V=0 Knb=[2,512,131072,524288] Vnb=[50,400,100,102400] Keff_nb=[2,512,131072,524288] Veff_nb=[2,2048,512,524288]
CUDA_FA_ROUTE_SUPPORTED kernel=MMA_F16 effK=f16 effV=f16 supported=1
CUDA_FA_ROUTE_PLAN device=0 Q=[256,16,16,1] Kraw=f16 Vraw=turbo3 Kshape=[256,256,4,1] Vshape=[256,256,4,1] Keff=f16 Veff=f16 turbo_kv=1 prefer_native_vec=0 decode=1 dk=0 dv=1 unsafe_vec_after_turbo_v_decode=0 allow_vec=1 kernel=MMA_F16 need_f16_K=0 need_f16_V=0 Knb=[2,512,131072,524288] Vnb=[50,400,100,102400] Keff_nb=[2,512,131072,524288] Veff_nb=[2,2048,512,524288]
CUDA_FA_ROUTE_SUPPORTED kernel=MMA_F16 effK=f16 effV=f16 supported=1
CUDA_FA_ROUTE_PLAN device=0 Q=[256,16,16,1] Kraw=f16 Vraw=turbo3 Kshape=[256,256,4,1] Vshape=[256,256,4,1] Keff=f16 Veff=f16 turbo_kv=1 prefer_native_vec=0 decode=1 dk=0 dv=1 unsafe_vec_after_turbo_v_decode=0 allow_vec=1 kernel=MMA_F16 need_f16_K=0 need_f16_V=0 Knb=[2,512,131072,524288] Vnb=[50,400,100,102400] Keff_nb=[2,512,131072,524288] Veff_nb=[2,2048,512,524288]
CUDA_FA_ROUTE_SUPPORTED kernel=MMA_F16 effK=f16 effV=f16 supported=1
CUDA_FA_ROUTE_PLAN device=0 Q=[256,16,16,1] Kraw=f16 Vraw=turbo3 Kshape=[256,256,4,1] Vshape=[256,256,4,1] Keff=f16 Veff=f16 turbo_kv=1 prefer_native_vec=0 decode=1 dk=0 dv=1 unsafe_vec_after_turbo_v_decode=0 allow_vec=1 kernel=MMA_F16 need_f16_K=0 need_f16_V=0 Knb=[2,512,131072,524288] Vnb=[50,400,100,102400] Keff_nb=[2,512,131072,524288] Veff_nb=[2,2048,512,524288]
CUDA_FA_ROUTE_SUPPORTED kernel=MMA_F16 effK=f16 effV=f16 supported=1
CUDA_FA_ROUTE_PLAN device=0 Q=[256,16,16,1] Kraw=f16 Vraw=turbo3 Kshape=[256,256,4,1] Vshape=[256,256,4,1] Keff=f16 Veff=f16 turbo_kv=1 prefer_native_vec=0 decode=1 dk=0 dv=1 unsafe_vec_after_turbo_v_decode=0 allow_vec=1 kernel=MMA_F16 need_f16_K=0 need_f16_V=0 Knb=[2,512,131072,524288] Vnb=[50,400,100,102400] Keff_nb=[2,512,131072,524288] Veff_nb=[2,2048,512,524288]
CUDA_FA_ROUTE_SUPPORTED kernel=MMA_F16 effK=f16 effV=f16 supported=1
CUDA_FA_ROUTE_PLAN device=0 Q=[256,16,16,1] Kraw=f16 Vraw=turbo3 Kshape=[256,256,4,1] Vshape=[256,256,4,1] Keff=f16 Veff=f16 turbo_kv=1 prefer_native_vec=0 decode=1 dk=0 dv=1 unsafe_vec_after_turbo_v_decode=0 allow_vec=1 kernel=MMA_F16 need_f16_K=0 need_f16_V=0 Knb=[2,512,131072,524288] Vnb=[50,400,100,102400] Keff_nb=[2,512,131072,524288] Veff_nb=[2,2048,512,524288]
CUDA_FA_ROUTE_SUPPORTED kernel=MMA_F16 effK=f16 effV=f16 supported=1
CUDA_FA_ROUTE_PLAN device=0 Q=[256,16,16,1] Kraw=f16 Vraw=turbo3 Kshape=[256,256,4,1] Vshape=[256,256,4,1] Keff=f16 Veff=f16 turbo_kv=1 prefer_native_vec=0 decode=1 dk=0 dv=1 unsafe_vec_after_turbo_v_decode=0 allow_vec=1 kernel=MMA_F16 need_f16_K=0 need_f16_V=0 Knb=[2,512,131072,524288] Vnb=[50,400,100,102400] Keff_nb=[2,512,131072,524288] Veff_nb=[2,2048,512,524288]
CUDA_FA_ROUTE_SUPPORTED kernel=MMA_F16 effK=f16 effV=f16 supported=1
CUDA_FA_ROUTE_PLAN device=0 Q=[256,16,16,1] Kraw=f16 Vraw=turbo3 Kshape=[256,256,4,1] Vshape=[256,256,4,1] Keff=f16 Veff=f16 turbo_kv=1 prefer_native_vec=0 decode=1 dk=0 dv=1 unsafe_vec_after_turbo_v_decode=0 allow_vec=1 kernel=MMA_F16 need_f16_K=0 need_f16_V=0 Knb=[2,512,131072,524288] Vnb=[50,400,100,102400] Keff_nb=[2,512,131072,524288] Veff_nb=[2,2048,512,524288]
CUDA_FA_ROUTE_SUPPORTED kernel=MMA_F16 effK=f16 effV=f16 supported=1
CUDA_FA_ROUTE_PLAN device=0 Q=[256,1,16,1] Kraw=f16 Vraw=turbo3 Kshape=[256,256,4,1] Vshape=[256,256,4,1] Keff=f16 Veff=f16 turbo_kv=1 prefer_native_vec=0 decode=1 dk=0 dv=1 unsafe_vec_after_turbo_v_decode=0 allow_vec=1 kernel=MMA_F16 need_f16_K=0 need_f16_V=0 Knb=[2,512,131072,524288] Vnb=[50,400,100,102400] Keff_nb=[2,512,131072,524288] Veff_nb=[2,2048,512,524288]
CUDA_FA_ROUTE_SUPPORTED kernel=MMA_F16 effK=f16 effV=f16 supported=1
CUDA_FA_ROUTE_PLAN device=0 Q=[256,1,16,1] Kraw=f16 Vraw=turbo3 Kshape=[256,256,4,1] Vshape=[256,256,4,1] Keff=f16 Veff=f16 turbo_kv=1 prefer_native_vec=0 decode=1 dk=0 dv=1 unsafe_vec_after_turbo_v_decode=0 allow_vec=1 kernel=MMA_F16 need_f16_K=0 need_f16_V=0 Knb=[2,512,131072,524288] Vnb=[50,400,100,102400] Keff_nb=[2,512,131072,524288] Veff_nb=[2,2048,512,524288]
CUDA_FA_ROUTE_SUPPORTED kernel=MMA_F16 effK=f16 effV=f16 supported=1
CUDA_FA_ROUTE_PLAN device=0 Q=[256,1,16,1] Kraw=f16 Vraw=turbo3 Kshape=[256,256,4,1] Vshape=[256,256,4,1] Keff=f16 Veff=f16 turbo_kv=1 prefer_native_vec=0 decode=1 dk=0 dv=1 unsafe_vec_after_turbo_v_decode=0 allow_vec=1 kernel=MMA_F16 need_f16_K=0 need_f16_V=0 Knb=[2,512,131072,524288] Vnb=[50,400,100,102400] Keff_nb=[2,512,131072,524288] Veff_nb=[2,2048,512,524288]
CUDA_FA_ROUTE_SUPPORTED kernel=MMA_F16 effK=f16 effV=f16 supported=1
CUDA_FA_ROUTE_PLAN device=0 Q=[256,1,16,1] Kraw=f16 Vraw=turbo3 Kshape=[256,256,4,1] Vshape=[256,256,4,1] Keff=f16 Veff=f16 turbo_kv=1 prefer_native_vec=0 decode=1 dk=0 dv=1 unsafe_vec_after_turbo_v_decode=0 allow_vec=1 kernel=MMA_F16 need_f16_K=0 need_f16_V=0 Knb=[2,512,131072,524288] Vnb=[50,400,100,102400] Keff_nb=[2,512,131072,524288] Veff_nb=[2,2048,512,524288]
CUDA_FA_ROUTE_SUPPORTED kernel=MMA_F16 effK=f16 effV=f16 supported=1
CUDA_FA_ROUTE_PLAN device=0 Q=[256,1,16,1] Kraw=f16 Vraw=turbo3 Kshape=[256,256,4,1] Vshape=[256,256,4,1] Keff=f16 Veff=f16 turbo_kv=1 prefer_native_vec=0 decode=1 dk=0 dv=1 unsafe_vec_after_turbo_v_decode=0 allow_vec=1 kernel=MMA_F16 need_f16_K=0 need_f16_V=0 Knb=[2,512,131072,524288] Vnb=[50,400,100,102400] Keff_nb=[2,512,131072,524288] Veff_nb=[2,2048,512,524288]
CUDA_FA_ROUTE_SUPPORTED kernel=MMA_F16 effK=f16 effV=f16 supported=1
CUDA_FA_ROUTE_PLAN device=0 Q=[256,1,16,1] Kraw=f16 Vraw=turbo3 Kshape=[256,256,4,1] Vshape=[256,256,4,1] Keff=f16 Veff=f16 turbo_kv=1 prefer_native_vec=0 decode=1 dk=0 dv=1 unsafe_vec_after_turbo_v_decode=0 allow_vec=1 kernel=MMA_F16 need_f16_K=0 need_f16_V=0 Knb=[2,512,131072,524288] Vnb=[50,400,100,102400] Keff_nb=[2,512,131072,524288] Veff_nb=[2,2048,512,524288]
CUDA_FA_ROUTE_SUPPORTED kernel=MMA_F16 effK=f16 effV=f16 supported=1
CUDA_FA_ROUTE_PLAN device=0 Q=[256,1,16,1] Kraw=f16 Vraw=turbo3 Kshape=[256,256,4,1] Vshape=[256,256,4,1] Keff=f16 Veff=f16 turbo_kv=1 prefer_native_vec=0 decode=1 dk=0 dv=1 unsafe_vec_after_turbo_v_decode=0 allow_vec=1 kernel=MMA_F16 need_f16_K=0 need_f16_V=0 Knb=[2,512,131072,524288] Vnb=[50,400,100,102400] Keff_nb=[2,512,131072,524288] Veff_nb=[2,2048,512,524288]
CUDA_FA_ROUTE_SUPPORTED kernel=MMA_F16 effK=f16 effV=f16 supported=1
CUDA_FA_ROUTE_PLAN device=0 Q=[256,1,16,1] Kraw=f16 Vraw=turbo3 Kshape=[256,256,4,1] Vshape=[256,256,4,1] Keff=f16 Veff=f16 turbo_kv=1 prefer_native_vec=0 decode=1 dk=0 dv=1 unsafe_vec_after_turbo_v_decode=0 allow_vec=1 kernel=MMA_F16 need_f16_K=0 need_f16_V=0 Knb=[2,512,131072,524288] Vnb=[50,400,100,102400] Keff_nb=[2,512,131072,524288] Veff_nb=[2,2048,512,524288]
CUDA_FA_ROUTE_SUPPORTED kernel=MMA_F16 effK=f16 effV=f16 supported=1
CUDA_FA_ROUTE_PLAN device=0 Q=[256,256,16,1] Kraw=f16 Vraw=turbo3 Kshape=[256,256,4,1] Vshape=[256,256,4,1] Keff=f16 Veff=f16 turbo_kv=1 prefer_native_vec=0 decode=1 dk=0 dv=1 unsafe_vec_after_turbo_v_decode=0 allow_vec=1 kernel=MMA_F16 need_f16_K=0 need_f16_V=0 Knb=[2,512,131072,524288] Vnb=[50,400,100,102400] Keff_nb=[2,512,131072,524288] Veff_nb=[2,2048,512,524288]
CUDA_FA_ROUTE_SUPPORTED kernel=MMA_F16 effK=f16 effV=f16 supported=1
CUDA_FA_ROUTE_PLAN device=0 Q=[256,256,16,1] Kraw=f16 Vraw=turbo3 Kshape=[256,256,4,1] Vshape=[256,256,4,1] Keff=f16 Veff=f16 turbo_kv=1 prefer_native_vec=0 decode=1 dk=0 dv=1 unsafe_vec_after_turbo_v_decode=0 allow_vec=1 kernel=MMA_F16 need_f16_K=0 need_f16_V=0 Knb=[2,512,131072,524288] Vnb=[50,400,100,102400] Keff_nb=[2,512,131072,524288] Veff_nb=[2,2048,512,524288]
CUDA_FA_ROUTE_SUPPORTED kernel=MMA_F16 effK=f16 effV=f16 supported=1
CUDA_FA_ROUTE_PLAN device=0 Q=[256,256,16,1] Kraw=f16 Vraw=turbo3 Kshape=[256,256,4,1] Vshape=[256,256,4,1] Keff=f16 Veff=f16 turbo_kv=1 prefer_native_vec=0 decode=1 dk=0 dv=1 unsafe_vec_after_turbo_v_decode=0 allow_vec=1 kernel=MMA_F16 need_f16_K=0 need_f16_V=0 Knb=[2,512,131072,524288] Vnb=[50,400,100,102400] Keff_nb=[2,512,131072,524288] Veff_nb=[2,2048,512,524288]
CUDA_FA_ROUTE_SUPPORTED kernel=MMA_F16 effK=f16 effV=f16 supported=1
CUDA_FA_ROUTE_PLAN device=0 Q=[256,256,16,1] Kraw=f16 Vraw=turbo3 Kshape=[256,256,4,1] Vshape=[256,256,4,1] Keff=f16 Veff=f16 turbo_kv=1 prefer_native_vec=0 decode=1 dk=0 dv=1 unsafe_vec_after_turbo_v_decode=0 allow_vec=1 kernel=MMA_F16 need_f16_K=0 need_f16_V=0 Knb=[2,512,131072,524288] Vnb=[50,400,100,102400] Keff_nb=[2,512,131072,524288] Veff_nb=[2,2048,512,524288]
CUDA_FA_ROUTE_SUPPORTED kernel=MMA_F16 effK=f16 effV=f16 supported=1
CUDA_FA_ROUTE_PLAN device=0 Q=[256,256,16,1] Kraw=f16 Vraw=turbo3 Kshape=[256,256,4,1] Vshape=[256,256,4,1] Keff=f16 Veff=f16 turbo_kv=1 prefer_native_vec=0 decode=1 dk=0 dv=1 unsafe_vec_after_turbo_v_decode=0 allow_vec=1 kernel=MMA_F16 need_f16_K=0 need_f16_V=0 Knb=[2,512,131072,524288] Vnb=[50,400,100,102400] Keff_nb=[2,512,131072,524288] Veff_nb=[2,2048,512,524288]
CUDA_FA_ROUTE_SUPPORTED kernel=MMA_F16 effK=f16 effV=f16 supported=1
CUDA_FA_ROUTE_PLAN device=0 Q=[256,256,16,1] Kraw=f16 Vraw=turbo3 Kshape=[256,256,4,1] Vshape=[256,256,4,1] Keff=f16 Veff=f16 turbo_kv=1 prefer_native_vec=0 decode=1 dk=0 dv=1 unsafe_vec_after_turbo_v_decode=0 allow_vec=1 kernel=MMA_F16 need_f16_K=0 need_f16_V=0 Knb=[2,512,131072,524288] Vnb=[50,400,100,102400] Keff_nb=[2,512,131072,524288] Veff_nb=[2,2048,512,524288]
CUDA_FA_ROUTE_SUPPORTED kernel=MMA_F16 effK=f16 effV=f16 supported=1
CUDA_FA_ROUTE_PLAN device=0 Q=[256,256,16,1] Kraw=f16 Vraw=turbo3 Kshape=[256,256,4,1] Vshape=[256,256,4,1] Keff=f16 Veff=f16 turbo_kv=1 prefer_native_vec=0 decode=1 dk=0 dv=1 unsafe_vec_after_turbo_v_decode=0 allow_vec=1 kernel=MMA_F16 need_f16_K=0 need_f16_V=0 Knb=[2,512,131072,524288] Vnb=[50,400,100,102400] Keff_nb=[2,512,131072,524288] Veff_nb=[2,2048,512,524288]
CUDA_FA_ROUTE_SUPPORTED kernel=MMA_F16 effK=f16 effV=f16 supported=1
CUDA_FA_ROUTE_PLAN device=0 Q=[256,256,16,1] Kraw=f16 Vraw=turbo3 Kshape=[256,256,4,1] Vshape=[256,256,4,1] Keff=f16 Veff=f16 turbo_kv=1 prefer_native_vec=0 decode=1 dk=0 dv=1 unsafe_vec_after_turbo_v_decode=0 allow_vec=1 kernel=MMA_F16 need_f16_K=0 need_f16_V=0 Knb=[2,512,131072,524288] Vnb=[50,400,100,102400] Keff_nb=[2,512,131072,524288] Veff_nb=[2,2048,512,524288]
CUDA_FA_ROUTE_SUPPORTED kernel=MMA_F16 effK=f16 effV=f16 supported=1
CUDA_FA_ROUTE_PLAN device=0 Q=[256,256,16,1] Kraw=f16 Vraw=turbo3 Kshape=[256,256,4,1] Vshape=[256,256,4,1] Keff=f16 Veff=f16 turbo_kv=1 prefer_native_vec=0 decode=1 dk=0 dv=1 unsafe_vec_after_turbo_v_decode=0 allow_vec=1 kernel=MMA_F16 need_f16_K=0 need_f16_V=0 Knb=[2,512,131072,524288] Vnb=[50,400,100,102400] Keff_nb=[2,512,131072,524288] Veff_nb=[2,2048,512,524288]
CUDA_FA_ROUTE_ALLOC kernel=MMA_F16 need_f16_K=0 need_f16_V=0 workspace_end_offset=4194304 dst_data=(nil) f16_K=(nil) f16_V=(nil) f16_end=0x400000
CUDA_FA_ROUTE_PLAN device=0 Q=[256,256,16,1] Kraw=f16 Vraw=turbo3 Kshape=[256,256,4,1] Vshape=[256,256,4,1] Keff=f16 Veff=f16 turbo_kv=1 prefer_native_vec=0 decode=1 dk=0 dv=1 unsafe_vec_after_turbo_v_decode=0 allow_vec=1 kernel=MMA_F16 need_f16_K=0 need_f16_V=0 Knb=[2,512,131072,524288] Vnb=[50,400,100,102400] Keff_nb=[2,512,131072,524288] Veff_nb=[2,2048,512,524288]
CUDA_FA_ROUTE_ALLOC kernel=MMA_F16 need_f16_K=0 need_f16_V=0 workspace_end_offset=4194304 dst_data=(nil) f16_K=(nil) f16_V=(nil) f16_end=0x400000
CUDA_FA_ROUTE_PLAN device=0 Q=[256,256,16,1] Kraw=f16 Vraw=turbo3 Kshape=[256,256,4,1] Vshape=[256,256,4,1] Keff=f16 Veff=f16 turbo_kv=1 prefer_native_vec=0 decode=1 dk=0 dv=1 unsafe_vec_after_turbo_v_decode=0 allow_vec=1 kernel=MMA_F16 need_f16_K=0 need_f16_V=0 Knb=[2,512,131072,524288] Vnb=[50,400,100,102400] Keff_nb=[2,512,131072,524288] Veff_nb=[2,2048,512,524288]
CUDA_FA_ROUTE_ALLOC kernel=MMA_F16 need_f16_K=0 need_f16_V=0 workspace_end_offset=4194304 dst_data=(nil) f16_K=(nil) f16_V=(nil) f16_end=0x400000
CUDA_FA_ROUTE_PLAN device=0 Q=[256,256,16,1] Kraw=f16 Vraw=turbo3 Kshape=[256,256,4,1] Vshape=[256,256,4,1] Keff=f16 Veff=f16 turbo_kv=1 prefer_native_vec=0 decode=1 dk=0 dv=1 unsafe_vec_after_turbo_v_decode=0 allow_vec=1 kernel=MMA_F16 need_f16_K=0 need_f16_V=0 Knb=[2,512,131072,524288] Vnb=[50,400,100,102400] Keff_nb=[2,512,131072,524288] Veff_nb=[2,2048,512,524288]
CUDA_FA_ROUTE_ALLOC kernel=MMA_F16 need_f16_K=0 need_f16_V=0 workspace_end_offset=4194304 dst_data=(nil) f16_K=(nil) f16_V=(nil) f16_end=0x400000
CUDA_FA_ROUTE_PLAN device=0 Q=[256,256,16,1] Kraw=f16 Vraw=turbo3 Kshape=[256,256,4,1] Vshape=[256,256,4,1] Keff=f16 Veff=f16 turbo_kv=1 prefer_native_vec=0 decode=1 dk=0 dv=1 unsafe_vec_after_turbo_v_decode=0 allow_vec=1 kernel=MMA_F16 need_f16_K=0 need_f16_V=0 Knb=[2,512,131072,524288] Vnb=[50,400,100,102400] Keff_nb=[2,512,131072,524288] Veff_nb=[2,2048,512,524288]
CUDA_FA_ROUTE_ALLOC kernel=MMA_F16 need_f16_K=0 need_f16_V=0 workspace_end_offset=4194304 dst_data=(nil) f16_K=(nil) f16_V=(nil) f16_end=0x400000
CUDA_FA_ROUTE_PLAN device=0 Q=[256,256,16,1] Kraw=f16 Vraw=turbo3 Kshape=[256,256,4,1] Vshape=[256,256,4,1] Keff=f16 Veff=f16 turbo_kv=1 prefer_native_vec=0 decode=1 dk=0 dv=1 unsafe_vec_after_turbo_v_decode=0 allow_vec=1 kernel=MMA_F16 need_f16_K=0 need_f16_V=0 Knb=[2,512,131072,524288] Vnb=[50,400,100,102400] Keff_nb=[2,512,131072,524288] Veff_nb=[2,2048,512,524288]
CUDA_FA_ROUTE_ALLOC kernel=MMA_F16 need_f16_K=0 need_f16_V=0 workspace_end_offset=4194304 dst_data=(nil) f16_K=(nil) f16_V=(nil) f16_end=0x400000
CUDA_FA_ROUTE_PLAN device=0 Q=[256,256,16,1] Kraw=f16 Vraw=turbo3 Kshape=[256,256,4,1] Vshape=[256,256,4,1] Keff=f16 Veff=f16 turbo_kv=1 prefer_native_vec=0 decode=1 dk=0 dv=1 unsafe_vec_after_turbo_v_decode=0 allow_vec=1 kernel=MMA_F16 need_f16_K=0 need_f16_V=0 Knb=[2,512,131072,524288] Vnb=[50,400,100,102400] Keff_nb=[2,512,131072,524288] Veff_nb=[2,2048,512,524288]
CUDA_FA_ROUTE_ALLOC kernel=MMA_F16 need_f16_K=0 need_f16_V=0 workspace_end_offset=4194304 dst_data=(nil) f16_K=(nil) f16_V=(nil) f16_end=0x400000
CUDA_FA_ROUTE_PLAN device=0 Q=[256,256,16,1] Kraw=f16 Vraw=turbo3 Kshape=[256,256,4,1] Vshape=[256,256,4,1] Keff=f16 Veff=f16 turbo_kv=1 prefer_native_vec=0 decode=1 dk=0 dv=1 unsafe_vec_after_turbo_v_decode=0 allow_vec=1 kernel=MMA_F16 need_f16_K=0 need_f16_V=0 Knb=[2,512,131072,524288] Vnb=[50,400,100,102400] Keff_nb=[2,512,131072,524288] Veff_nb=[2,2048,512,524288]
CUDA_FA_ROUTE_ALLOC kernel=MMA_F16 need_f16_K=0 need_f16_V=0 workspace_end_offset=4194304 dst_data=(nil) f16_K=(nil) f16_V=(nil) f16_end=0x400000
CUDA_FA_ROUTE_PLAN device=0 Q=[256,256,16,1] Kraw=f16 Vraw=turbo3 Kshape=[256,256,4,1] Vshape=[256,256,4,1] Keff=f16 Veff=f16 turbo_kv=1 prefer_native_vec=0 decode=1 dk=0 dv=1 unsafe_vec_after_turbo_v_decode=0 allow_vec=1 kernel=MMA_F16 need_f16_K=0 need_f16_V=0 Knb=[2,512,131072,524288] Vnb=[50,400,100,102400] Keff_nb=[2,512,131072,524288] Veff_nb=[2,2048,512,524288]
CUDA_FA_ROUTE_ALLOC kernel=MMA_F16 need_f16_K=0 need_f16_V=0 workspace_end_offset=4194304 dst_data=(nil) f16_K=(nil) f16_V=(nil) f16_end=0x400000
CUDA_FA_ROUTE_PLAN device=0 Q=[256,256,16,1] Kraw=f16 Vraw=turbo3 Kshape=[256,256,4,1] Vshape=[256,256,4,1] Keff=f16 Veff=f16 turbo_kv=1 prefer_native_vec=0 decode=1 dk=0 dv=1 unsafe_vec_after_turbo_v_decode=0 allow_vec=1 kernel=MMA_F16 need_f16_K=0 need_f16_V=0 Knb=[2,512,131072,524288] Vnb=[50,400,100,102400] Keff_nb=[2,512,131072,524288] Veff_nb=[2,2048,512,524288]
CUDA_FA_ROUTE_ALLOC kernel=MMA_F16 need_f16_K=0 need_f16_V=0 workspace_end_offset=4194304 dst_data=(nil) f16_K=(nil) f16_V=(nil) f16_end=0x400000
CUDA_FA_ROUTE_PLAN device=0 Q=[256,256,16,1] Kraw=f16 Vraw=turbo3 Kshape=[256,256,4,1] Vshape=[256,256,4,1] Keff=f16 Veff=f16 turbo_kv=1 prefer_native_vec=0 decode=1 dk=0 dv=1 unsafe_vec_after_turbo_v_decode=0 allow_vec=1 kernel=MMA_F16 need_f16_K=0 need_f16_V=0 Knb=[2,512,131072,524288] Vnb=[50,400,100,102400] Keff_nb=[2,512,131072,524288] Veff_nb=[2,2048,512,524288]
CUDA_FA_ROUTE_ALLOC kernel=MMA_F16 need_f16_K=0 need_f16_V=0 workspace_end_offset=4194304 dst_data=(nil) f16_K=(nil) f16_V=(nil) f16_end=0x400000
CUDA_FA_ROUTE_PLAN device=0 Q=[256,256,16,1] Kraw=f16 Vraw=turbo3 Kshape=[256,256,4,1] Vshape=[256,256,4,1] Keff=f16 Veff=f16 turbo_kv=1 prefer_native_vec=0 decode=1 dk=0 dv=1 unsafe_vec_after_turbo_v_decode=0 allow_vec=1 kernel=MMA_F16 need_f16_K=0 need_f16_V=0 Knb=[2,512,131072,524288] Vnb=[50,400,100,102400] Keff_nb=[2,512,131072,524288] Veff_nb=[2,2048,512,524288]
CUDA_FA_ROUTE_ALLOC kernel=MMA_F16 need_f16_K=0 need_f16_V=0 workspace_end_offset=4194304 dst_data=(nil) f16_K=(nil) f16_V=(nil) f16_end=0x400000
CUDA_FA_ROUTE_PLAN device=0 Q=[256,256,16,1] Kraw=f16 Vraw=turbo3 Kshape=[256,256,4,1] Vshape=[256,256,4,1] Keff=f16 Veff=f16 turbo_kv=1 prefer_native_vec=0 decode=1 dk=0 dv=1 unsafe_vec_after_turbo_v_decode=0 allow_vec=1 kernel=MMA_F16 need_f16_K=0 need_f16_V=0 Knb=[2,512,131072,524288] Vnb=[50,400,100,102400] Keff_nb=[2,512,131072,524288] Veff_nb=[2,2048,512,524288]
CUDA_FA_ROUTE_ALLOC kernel=MMA_F16 need_f16_K=0 need_f16_V=0 workspace_end_offset=4194304 dst_data=(nil) f16_K=(nil) f16_V=(nil) f16_end=0x400000
CUDA_FA_ROUTE_PLAN device=0 Q=[256,256,16,1] Kraw=f16 Vraw=turbo3 Kshape=[256,256,4,1] Vshape=[256,256,4,1] Keff=f16 Veff=f16 turbo_kv=1 prefer_native_vec=0 decode=1 dk=0 dv=1 unsafe_vec_after_turbo_v_decode=0 allow_vec=1 kernel=MMA_F16 need_f16_K=0 need_f16_V=0 Knb=[2,512,131072,524288] Vnb=[50,400,100,102400] Keff_nb=[2,512,131072,524288] Veff_nb=[2,2048,512,524288]
CUDA_FA_ROUTE_ALLOC kernel=MMA_F16 need_f16_K=0 need_f16_V=0 workspace_end_offset=4194304 dst_data=(nil) f16_K=(nil) f16_V=(nil) f16_end=0x400000
CUDA_FA_ROUTE_PLAN device=0 Q=[256,256,16,1] Kraw=f16 Vraw=turbo3 Kshape=[256,256,4,1] Vshape=[256,256,4,1] Keff=f16 Veff=f16 turbo_kv=1 prefer_native_vec=0 decode=1 dk=0 dv=1 unsafe_vec_after_turbo_v_decode=0 allow_vec=1 kernel=MMA_F16 need_f16_K=0 need_f16_V=0 Knb=[2,512,131072,524288] Vnb=[50,400,100,102400] Keff_nb=[2,512,131072,524288] Veff_nb=[2,2048,512,524288]
CUDA_FA_ROUTE_ALLOC kernel=MMA_F16 need_f16_K=0 need_f16_V=0 workspace_end_offset=4194304 dst_data=(nil) f16_K=(nil) f16_V=(nil) f16_end=0x400000
CUDA_FA_ROUTE_PLAN device=0 Q=[256,256,16,1] Kraw=f16 Vraw=turbo3 Kshape=[256,256,4,1] Vshape=[256,256,4,1] Keff=f16 Veff=f16 turbo_kv=1 prefer_native_vec=0 decode=1 dk=0 dv=1 unsafe_vec_after_turbo_v_decode=0 allow_vec=1 kernel=MMA_F16 need_f16_K=0 need_f16_V=0 Knb=[2,512,131072,524288] Vnb=[50,400,100,102400] Keff_nb=[2,512,131072,524288] Veff_nb=[2,2048,512,524288]
CUDA_FA_ROUTE_ALLOC kernel=MMA_F16 need_f16_K=0 need_f16_V=0 workspace_end_offset=4194304 dst_data=(nil) f16_K=(nil) f16_V=(nil) f16_end=0x400000
CUDA_FA_ROUTE_PLAN device=0 Q=[256,256,16,1] Kraw=f16 Vraw=turbo3 Kshape=[256,256,4,1] Vshape=[256,256,4,1] Keff=f16 Veff=f16 turbo_kv=1 prefer_native_vec=0 decode=1 dk=0 dv=1 unsafe_vec_after_turbo_v_decode=0 allow_vec=1 kernel=MMA_F16 need_f16_K=0 need_f16_V=0 Knb=[2,512,131072,524288] Vnb=[50,400,100,102400] Keff_nb=[2,512,131072,524288] Veff_nb=[2,2048,512,524288]
CUDA_FA_ROUTE_ALLOC kernel=MMA_F16 need_f16_K=0 need_f16_V=0 workspace_end_offset=4194304 dst_data=(nil) f16_K=(nil) f16_V=(nil) f16_end=0x400000
CUDA_FA_ROUTE_PLAN device=0 Q=[256,256,16,1] Kraw=f16 Vraw=turbo3 Kshape=[256,256,4,1] Vshape=[256,256,4,1] Keff=f16 Veff=f16 turbo_kv=1 prefer_native_vec=0 decode=1 dk=0 dv=1 unsafe_vec_after_turbo_v_decode=0 allow_vec=1 kernel=MMA_F16 need_f16_K=0 need_f16_V=0 Knb=[2,512,131072,524288] Vnb=[50,400,100,102400] Keff_nb=[2,512,131072,524288] Veff_nb=[2,2048,512,524288]
CUDA_FA_ROUTE_ALLOC kernel=MMA_F16 need_f16_K=0 need_f16_V=0 workspace_end_offset=4194304 dst_data=(nil) f16_K=(nil) f16_V=(nil) f16_end=0x400000
CUDA_FA_ROUTE_PLAN device=0 Q=[256,256,16,1] Kraw=f16 Vraw=turbo3 Kshape=[256,256,4,1] Vshape=[256,256,4,1] Keff=f16 Veff=f16 turbo_kv=1 prefer_native_vec=0 decode=1 dk=0 dv=1 unsafe_vec_after_turbo_v_decode=0 allow_vec=1 kernel=MMA_F16 need_f16_K=0 need_f16_V=0 Knb=[2,512,131072,524288] Vnb=[50,400,100,102400] Keff_nb=[2,512,131072,524288] Veff_nb=[2,2048,512,524288]
CUDA_FA_ROUTE_ALLOC kernel=MMA_F16 need_f16_K=0 need_f16_V=0 workspace_end_offset=4194304 dst_data=(nil) f16_K=(nil) f16_V=(nil) f16_end=0x400000
CUDA_FA_ROUTE_PLAN device=0 Q=[256,256,16,1] Kraw=f16 Vraw=turbo3 Kshape=[256,256,4,1] Vshape=[256,256,4,1] Keff=f16 Veff=f16 turbo_kv=1 prefer_native_vec=0 decode=1 dk=0 dv=1 unsafe_vec_after_turbo_v_decode=0 allow_vec=1 kernel=MMA_F16 need_f16_K=0 need_f16_V=0 Knb=[2,512,131072,524288] Vnb=[50,400,100,102400] Keff_nb=[2,512,131072,524288] Veff_nb=[2,2048,512,524288]
CUDA_FA_ROUTE_ALLOC kernel=MMA_F16 need_f16_K=0 need_f16_V=0 workspace_end_offset=4194304 dst_data=(nil) f16_K=(nil) f16_V=(nil) f16_end=0x400000
CUDA_FA_ROUTE_PLAN device=0 Q=[256,256,16,1] Kraw=f16 Vraw=turbo3 Kshape=[256,256,4,1] Vshape=[256,256,4,1] Keff=f16 Veff=f16 turbo_kv=1 prefer_native_vec=0 decode=1 dk=0 dv=1 unsafe_vec_after_turbo_v_decode=0 allow_vec=1 kernel=MMA_F16 need_f16_K=0 need_f16_V=0 Knb=[2,512,131072,524288] Vnb=[50,400,100,102400] Keff_nb=[2,512,131072,524288] Veff_nb=[2,2048,512,524288]
CUDA_FA_ROUTE_ALLOC kernel=MMA_F16 need_f16_K=0 need_f16_V=0 workspace_end_offset=4194304 dst_data=(nil) f16_K=(nil) f16_V=(nil) f16_end=0x400000
CUDA_FA_ROUTE_PLAN device=0 Q=[256,256,16,1] Kraw=f16 Vraw=turbo3 Kshape=[256,256,4,1] Vshape=[256,256,4,1] Keff=f16 Veff=f16 turbo_kv=1 prefer_native_vec=0 decode=1 dk=0 dv=1 unsafe_vec_after_turbo_v_decode=0 allow_vec=1 kernel=MMA_F16 need_f16_K=0 need_f16_V=0 Knb=[2,512,131072,524288] Vnb=[50,400,100,102400] Keff_nb=[2,512,131072,524288] Veff_nb=[2,2048,512,524288]
CUDA_FA_ROUTE_ALLOC kernel=MMA_F16 need_f16_K=0 need_f16_V=0 workspace_end_offset=4194304 dst_data=(nil) f16_K=(nil) f16_V=(nil) f16_end=0x400000
CUDA_FA_ROUTE_PLAN device=0 Q=[256,256,16,1] Kraw=f16 Vraw=turbo3 Kshape=[256,256,4,1] Vshape=[256,256,4,1] Keff=f16 Veff=f16 turbo_kv=1 prefer_native_vec=0 decode=1 dk=0 dv=1 unsafe_vec_after_turbo_v_decode=0 allow_vec=1 kernel=MMA_F16 need_f16_K=0 need_f16_V=0 Knb=[2,512,131072,524288] Vnb=[50,400,100,102400] Keff_nb=[2,512,131072,524288] Veff_nb=[2,2048,512,524288]
CUDA_FA_ROUTE_ALLOC kernel=MMA_F16 need_f16_K=0 need_f16_V=0 workspace_end_offset=4194304 dst_data=(nil) f16_K=(nil) f16_V=(nil) f16_end=0x400000
CUDA_FA_ROUTE_PLAN device=0 Q=[256,256,16,1] Kraw=f16 Vraw=turbo3 Kshape=[256,256,4,1] Vshape=[256,256,4,1] Keff=f16 Veff=f16 turbo_kv=1 prefer_native_vec=0 decode=1 dk=0 dv=1 unsafe_vec_after_turbo_v_decode=0 allow_vec=1 kernel=MMA_F16 need_f16_K=0 need_f16_V=0 Knb=[2,512,131072,524288] Vnb=[50,400,100,102400] Keff_nb=[2,512,131072,524288] Veff_nb=[2,2048,512,524288]
CUDA_FA_ROUTE_ALLOC kernel=MMA_F16 need_f16_K=0 need_f16_V=0 workspace_end_offset=4194304 dst_data=(nil) f16_K=(nil) f16_V=(nil) f16_end=0x400000
CUDA_FA_ROUTE_PLAN device=0 Q=[256,256,16,1] Kraw=f16 Vraw=turbo3 Kshape=[256,256,4,1] Vshape=[256,256,4,1] Keff=f16 Veff=f16 turbo_kv=1 prefer_native_vec=0 decode=1 dk=0 dv=1 unsafe_vec_after_turbo_v_decode=0 allow_vec=1 kernel=MMA_F16 need_f16_K=0 need_f16_V=0 Knb=[2,512,131072,524288] Vnb=[50,400,100,102400] Keff_nb=[2,512,131072,524288] Veff_nb=[2,2048,512,524288]
CUDA_FA_ROUTE_ALLOC kernel=MMA_F16 need_f16_K=0 need_f16_V=0 workspace_end_offset=4194304 dst_data=(nil) f16_K=(nil) f16_V=(nil) f16_end=0x400000
CUDA_FA_ROUTE_PLAN device=0 Q=[256,256,16,1] Kraw=f16 Vraw=turbo3 Kshape=[256,256,4,1] Vshape=[256,256,4,1] Keff=f16 Veff=f16 turbo_kv=1 prefer_native_vec=0 decode=1 dk=0 dv=1 unsafe_vec_after_turbo_v_decode=0 allow_vec=1 kernel=MMA_F16 need_f16_K=0 need_f16_V=0 Knb=[2,512,131072,524288] Vnb=[50,400,100,102400] Keff_nb=[2,512,131072,524288] Veff_nb=[2,2048,512,524288]
CUDA_FA_ROUTE_ALLOC kernel=MMA_F16 need_f16_K=0 need_f16_V=0 workspace_end_offset=4194304 dst_data=(nil) f16_K=(nil) f16_V=(nil) f16_end=0x400000
CUDA_FA_ROUTE_PLAN device=0 Q=[256,256,16,1] Kraw=f16 Vraw=turbo3 Kshape=[256,256,4,1] Vshape=[256,256,4,1] Keff=f16 Veff=f16 turbo_kv=1 prefer_native_vec=0 decode=1 dk=0 dv=1 unsafe_vec_after_turbo_v_decode=0 allow_vec=1 kernel=MMA_F16 need_f16_K=0 need_f16_V=0 Knb=[2,512,131072,524288] Vnb=[50,400,100,102400] Keff_nb=[2,512,131072,524288] Veff_nb=[2,2048,512,524288]
CUDA_FA_ROUTE_ALLOC kernel=MMA_F16 need_f16_K=0 need_f16_V=0 workspace_end_offset=4194304 dst_data=(nil) f16_K=(nil) f16_V=(nil) f16_end=0x400000
CUDA_FA_ROUTE_PLAN device=0 Q=[256,256,16,1] Kraw=f16 Vraw=turbo3 Kshape=[256,256,4,1] Vshape=[256,256,4,1] Keff=f16 Veff=f16 turbo_kv=1 prefer_native_vec=0 decode=1 dk=0 dv=1 unsafe_vec_after_turbo_v_decode=0 allow_vec=1 kernel=MMA_F16 need_f16_K=0 need_f16_V=0 Knb=[2,512,131072,524288] Vnb=[50,400,100,102400] Keff_nb=[2,512,131072,524288] Veff_nb=[2,2048,512,524288]
CUDA_FA_ROUTE_ALLOC kernel=MMA_F16 need_f16_K=0 need_f16_V=0 workspace_end_offset=4194304 dst_data=(nil) f16_K=(nil) f16_V=(nil) f16_end=0x400000
CUDA_FA_ROUTE_PLAN device=0 Q=[256,256,16,1] Kraw=f16 Vraw=turbo3 Kshape=[256,256,4,1] Vshape=[256,256,4,1] Keff=f16 Veff=f16 turbo_kv=1 prefer_native_vec=0 decode=1 dk=0 dv=1 unsafe_vec_after_turbo_v_decode=0 allow_vec=1 kernel=MMA_F16 need_f16_K=0 need_f16_V=0 Knb=[2,512,131072,524288] Vnb=[50,400,100,102400] Keff_nb=[2,512,131072,524288] Veff_nb=[2,2048,512,524288]
CUDA_FA_ROUTE_ALLOC kernel=MMA_F16 need_f16_K=0 need_f16_V=0 workspace_end_offset=4194304 dst_data=(nil) f16_K=(nil) f16_V=(nil) f16_end=0x400000
CUDA_FA_ROUTE_PLAN device=0 Q=[256,256,16,1] Kraw=f16 Vraw=turbo3 Kshape=[256,256,4,1] Vshape=[256,256,4,1] Keff=f16 Veff=f16 turbo_kv=1 prefer_native_vec=0 decode=1 dk=0 dv=1 unsafe_vec_after_turbo_v_decode=0 allow_vec=1 kernel=MMA_F16 need_f16_K=0 need_f16_V=0 Knb=[2,512,131072,524288] Vnb=[50,400,100,102400] Keff_nb=[2,512,131072,524288] Veff_nb=[2,2048,512,524288]
CUDA_FA_ROUTE_ALLOC kernel=MMA_F16 need_f16_K=0 need_f16_V=0 workspace_end_offset=4194304 dst_data=(nil) f16_K=(nil) f16_V=(nil) f16_end=0x400000
CUDA_FA_ROUTE_PLAN device=0 Q=[256,256,16,1] Kraw=f16 Vraw=turbo3 Kshape=[256,256,4,1] Vshape=[256,256,4,1] Keff=f16 Veff=f16 turbo_kv=1 prefer_native_vec=0 decode=1 dk=0 dv=1 unsafe_vec_after_turbo_v_decode=0 allow_vec=1 kernel=MMA_F16 need_f16_K=0 need_f16_V=0 Knb=[2,512,131072,524288] Vnb=[50,400,100,102400] Keff_nb=[2,512,131072,524288] Veff_nb=[2,2048,512,524288]
CUDA_FA_ROUTE_ALLOC kernel=MMA_F16 need_f16_K=0 need_f16_V=0 workspace_end_offset=4194304 dst_data=(nil) f16_K=(nil) f16_V=(nil) f16_end=0x400000
CUDA_FA_ROUTE_PLAN device=0 Q=[256,256,16,1] Kraw=f16 Vraw=turbo3 Kshape=[256,256,4,1] Vshape=[256,256,4,1] Keff=f16 Veff=f16 turbo_kv=1 prefer_native_vec=0 decode=1 dk=0 dv=1 unsafe_vec_after_turbo_v_decode=0 allow_vec=1 kernel=MMA_F16 need_f16_K=0 need_f16_V=0 Knb=[2,512,131072,524288] Vnb=[50,400,100,102400] Keff_nb=[2,512,131072,524288] Veff_nb=[2,2048,512,524288]
CUDA_FA_ROUTE_ALLOC kernel=MMA_F16 need_f16_K=0 need_f16_V=0 workspace_end_offset=4194304 dst_data=(nil) f16_K=(nil) f16_V=(nil) f16_end=0x400000
CUDA_FA_ROUTE_PLAN device=0 Q=[256,1,16,1] Kraw=f16 Vraw=turbo3 Kshape=[256,256,4,1] Vshape=[256,256,4,1] Keff=f16 Veff=f16 turbo_kv=1 prefer_native_vec=0 decode=1 dk=0 dv=1 unsafe_vec_after_turbo_v_decode=0 allow_vec=1 kernel=MMA_F16 need_f16_K=0 need_f16_V=0 Knb=[2,512,131072,524288] Vnb=[50,400,100,102400] Keff_nb=[2,512,131072,524288] Veff_nb=[2,2048,512,524288]
CUDA_FA_ROUTE_SUPPORTED kernel=MMA_F16 effK=f16 effV=f16 supported=1
CUDA_FA_ROUTE_PLAN device=0 Q=[256,1,16,1] Kraw=f16 Vraw=turbo3 Kshape=[256,256,4,1] Vshape=[256,256,4,1] Keff=f16 Veff=f16 turbo_kv=1 prefer_native_vec=0 decode=1 dk=0 dv=1 unsafe_vec_after_turbo_v_decode=0 allow_vec=1 kernel=MMA_F16 need_f16_K=0 need_f16_V=0 Knb=[2,512,131072,524288] Vnb=[50,400,100,102400] Keff_nb=[2,512,131072,524288] Veff_nb=[2,2048,512,524288]
CUDA_FA_ROUTE_SUPPORTED kernel=MMA_F16 effK=f16 effV=f16 supported=1
CUDA_FA_ROUTE_PLAN device=0 Q=[256,1,16,1] Kraw=f16 Vraw=turbo3 Kshape=[256,256,4,1] Vshape=[256,256,4,1] Keff=f16 Veff=f16 turbo_kv=1 prefer_native_vec=0 decode=1 dk=0 dv=1 unsafe_vec_after_turbo_v_decode=0 allow_vec=1 kernel=MMA_F16 need_f16_K=0 need_f16_V=0 Knb=[2,512,131072,524288] Vnb=[50,400,100,102400] Keff_nb=[2,512,131072,524288] Veff_nb=[2,2048,512,524288]
CUDA_FA_ROUTE_SUPPORTED kernel=MMA_F16 effK=f16 effV=f16 supported=1
CUDA_FA_ROUTE_PLAN device=0 Q=[256,1,16,1] Kraw=f16 Vraw=turbo3 Kshape=[256,256,4,1] Vshape=[256,256,4,1] Keff=f16 Veff=f16 turbo_kv=1 prefer_native_vec=0 decode=1 dk=0 dv=1 unsafe_vec_after_turbo_v_decode=0 allow_vec=1 kernel=MMA_F16 need_f16_K=0 need_f16_V=0 Knb=[2,512,131072,524288] Vnb=[50,400,100,102400] Keff_nb=[2,512,131072,524288] Veff_nb=[2,2048,512,524288]
CUDA_FA_ROUTE_SUPPORTED kernel=MMA_F16 effK=f16 effV=f16 supported=1
CUDA_FA_ROUTE_PLAN device=0 Q=[256,1,16,1] Kraw=f16 Vraw=turbo3 Kshape=[256,256,4,1] Vshape=[256,256,4,1] Keff=f16 Veff=f16 turbo_kv=1 prefer_native_vec=0 decode=1 dk=0 dv=1 unsafe_vec_after_turbo_v_decode=0 allow_vec=1 kernel=MMA_F16 need_f16_K=0 need_f16_V=0 Knb=[2,512,131072,524288] Vnb=[50,400,100,102400] Keff_nb=[2,512,131072,524288] Veff_nb=[2,2048,512,524288]
CUDA_FA_ROUTE_SUPPORTED kernel=MMA_F16 effK=f16 effV=f16 supported=1
CUDA_FA_ROUTE_PLAN device=0 Q=[256,1,16,1] Kraw=f16 Vraw=turbo3 Kshape=[256,256,4,1] Vshape=[256,256,4,1] Keff=f16 Veff=f16 turbo_kv=1 prefer_native_vec=0 decode=1 dk=0 dv=1 unsafe_vec_after_turbo_v_decode=0 allow_vec=1 kernel=MMA_F16 need_f16_K=0 need_f16_V=0 Knb=[2,512,131072,524288] Vnb=[50,400,100,102400] Keff_nb=[2,512,131072,524288] Veff_nb=[2,2048,512,524288]
CUDA_FA_ROUTE_SUPPORTED kernel=MMA_F16 effK=f16 effV=f16 supported=1
CUDA_FA_ROUTE_PLAN device=0 Q=[256,1,16,1] Kraw=f16 Vraw=turbo3 Kshape=[256,256,4,1] Vshape=[256,256,4,1] Keff=f16 Veff=f16 turbo_kv=1 prefer_native_vec=0 decode=1 dk=0 dv=1 unsafe_vec_after_turbo_v_decode=0 allow_vec=1 kernel=MMA_F16 need_f16_K=0 need_f16_V=0 Knb=[2,512,131072,524288] Vnb=[50,400,100,102400] Keff_nb=[2,512,131072,524288] Veff_nb=[2,2048,512,524288]
CUDA_FA_ROUTE_SUPPORTED kernel=MMA_F16 effK=f16 effV=f16 supported=1
CUDA_FA_ROUTE_PLAN device=0 Q=[256,1,16,1] Kraw=f16 Vraw=turbo3 Kshape=[256,256,4,1] Vshape=[256,256,4,1] Keff=f16 Veff=f16 turbo_kv=1 prefer_native_vec=0 decode=1 dk=0 dv=1 unsafe_vec_after_turbo_v_decode=0 allow_vec=1 kernel=MMA_F16 need_f16_K=0 need_f16_V=0 Knb=[2,512,131072,524288] Vnb=[50,400,100,102400] Keff_nb=[2,512,131072,524288] Veff_nb=[2,2048,512,524288]
CUDA_FA_ROUTE_SUPPORTED kernel=MMA_F16 effK=f16 effV=f16 supported=1
CUDA_FA_ROUTE_PLAN device=0 Q=[256,256,16,1] Kraw=f16 Vraw=turbo3 Kshape=[256,256,4,1] Vshape=[256,256,4,1] Keff=f16 Veff=f16 turbo_kv=1 prefer_native_vec=0 decode=1 dk=0 dv=1 unsafe_vec_after_turbo_v_decode=0 allow_vec=1 kernel=MMA_F16 need_f16_K=0 need_f16_V=0 Knb=[2,512,131072,524288] Vnb=[50,400,100,102400] Keff_nb=[2,512,131072,524288] Veff_nb=[2,2048,512,524288]
CUDA_FA_ROUTE_SUPPORTED kernel=MMA_F16 effK=f16 effV=f16 supported=1
CUDA_FA_ROUTE_PLAN device=0 Q=[256,256,16,1] Kraw=f16 Vraw=turbo3 Kshape=[256,256,4,1] Vshape=[256,256,4,1] Keff=f16 Veff=f16 turbo_kv=1 prefer_native_vec=0 decode=1 dk=0 dv=1 unsafe_vec_after_turbo_v_decode=0 allow_vec=1 kernel=MMA_F16 need_f16_K=0 need_f16_V=0 Knb=[2,512,131072,524288] Vnb=[50,400,100,102400] Keff_nb=[2,512,131072,524288] Veff_nb=[2,2048,512,524288]
CUDA_FA_ROUTE_SUPPORTED kernel=MMA_F16 effK=f16 effV=f16 supported=1
CUDA_FA_ROUTE_PLAN device=0 Q=[256,256,16,1] Kraw=f16 Vraw=turbo3 Kshape=[256,256,4,1] Vshape=[256,256,4,1] Keff=f16 Veff=f16 turbo_kv=1 prefer_native_vec=0 decode=1 dk=0 dv=1 unsafe_vec_after_turbo_v_decode=0 allow_vec=1 kernel=MMA_F16 need_f16_K=0 need_f16_V=0 Knb=[2,512,131072,524288] Vnb=[50,400,100,102400] Keff_nb=[2,512,131072,524288] Veff_nb=[2,2048,512,524288]
CUDA_FA_ROUTE_SUPPORTED kernel=MMA_F16 effK=f16 effV=f16 supported=1
CUDA_FA_ROUTE_PLAN device=0 Q=[256,256,16,1] Kraw=f16 Vraw=turbo3 Kshape=[256,256,4,1] Vshape=[256,256,4,1] Keff=f16 Veff=f16 turbo_kv=1 prefer_native_vec=0 decode=1 dk=0 dv=1 unsafe_vec_after_turbo_v_decode=0 allow_vec=1 kernel=MMA_F16 need_f16_K=0 need_f16_V=0 Knb=[2,512,131072,524288] Vnb=[50,400,100,102400] Keff_nb=[2,512,131072,524288] Veff_nb=[2,2048,512,524288]
CUDA_FA_ROUTE_SUPPORTED kernel=MMA_F16 effK=f16 effV=f16 supported=1
CUDA_FA_ROUTE_PLAN device=0 Q=[256,256,16,1] Kraw=f16 Vraw=turbo3 Kshape=[256,256,4,1] Vshape=[256,256,4,1] Keff=f16 Veff=f16 turbo_kv=1 prefer_native_vec=0 decode=1 dk=0 dv=1 unsafe_vec_after_turbo_v_decode=0 allow_vec=1 kernel=MMA_F16 need_f16_K=0 need_f16_V=0 Knb=[2,512,131072,524288] Vnb=[50,400,100,102400] Keff_nb=[2,512,131072,524288] Veff_nb=[2,2048,512,524288]
CUDA_FA_ROUTE_SUPPORTED kernel=MMA_F16 effK=f16 effV=f16 supported=1
CUDA_FA_ROUTE_PLAN device=0 Q=[256,256,16,1] Kraw=f16 Vraw=turbo3 Kshape=[256,256,4,1] Vshape=[256,256,4,1] Keff=f16 Veff=f16 turbo_kv=1 prefer_native_vec=0 decode=1 dk=0 dv=1 unsafe_vec_after_turbo_v_decode=0 allow_vec=1 kernel=MMA_F16 need_f16_K=0 need_f16_V=0 Knb=[2,512,131072,524288] Vnb=[50,400,100,102400] Keff_nb=[2,512,131072,524288] Veff_nb=[2,2048,512,524288]
CUDA_FA_ROUTE_SUPPORTED kernel=MMA_F16 effK=f16 effV=f16 supported=1
CUDA_FA_ROUTE_PLAN device=0 Q=[256,256,16,1] Kraw=f16 Vraw=turbo3 Kshape=[256,256,4,1] Vshape=[256,256,4,1] Keff=f16 Veff=f16 turbo_kv=1 prefer_native_vec=0 decode=1 dk=0 dv=1 unsafe_vec_after_turbo_v_decode=0 allow_vec=1 kernel=MMA_F16 need_f16_K=0 need_f16_V=0 Knb=[2,512,131072,524288] Vnb=[50,400,100,102400] Keff_nb=[2,512,131072,524288] Veff_nb=[2,2048,512,524288]
CUDA_FA_ROUTE_SUPPORTED kernel=MMA_F16 effK=f16 effV=f16 supported=1
CUDA_FA_ROUTE_PLAN device=0 Q=[256,256,16,1] Kraw=f16 Vraw=turbo3 Kshape=[256,256,4,1] Vshape=[256,256,4,1] Keff=f16 Veff=f16 turbo_kv=1 prefer_native_vec=0 decode=1 dk=0 dv=1 unsafe_vec_after_turbo_v_decode=0 allow_vec=1 kernel=MMA_F16 need_f16_K=0 need_f16_V=0 Knb=[2,512,131072,524288] Vnb=[50,400,100,102400] Keff_nb=[2,512,131072,524288] Veff_nb=[2,2048,512,524288]
CUDA_FA_ROUTE_SUPPORTED kernel=MMA_F16 effK=f16 effV=f16 supported=1
CUDA_FA_ROUTE_PLAN device=0 Q=[256,1,16,1] Kraw=f16 Vraw=turbo3 Kshape=[256,256,4,1] Vshape=[256,256,4,1] Keff=f16 Veff=f16 turbo_kv=1 prefer_native_vec=0 decode=1 dk=0 dv=1 unsafe_vec_after_turbo_v_decode=0 allow_vec=1 kernel=MMA_F16 need_f16_K=0 need_f16_V=0 Knb=[2,512,131072,524288] Vnb=[50,400,100,102400] Keff_nb=[2,512,131072,524288] Veff_nb=[2,2048,512,524288]
CUDA_FA_ROUTE_SUPPORTED kernel=MMA_F16 effK=f16 effV=f16 supported=1
CUDA_FA_ROUTE_PLAN device=0 Q=[256,1,16,1] Kraw=f16 Vraw=turbo3 Kshape=[256,256,4,1] Vshape=[256,256,4,1] Keff=f16 Veff=f16 turbo_kv=1 prefer_native_vec=0 decode=1 dk=0 dv=1 unsafe_vec_after_turbo_v_decode=0 allow_vec=1 kernel=MMA_F16 need_f16_K=0 need_f16_V=0 Knb=[2,512,131072,524288] Vnb=[50,400,100,102400] Keff_nb=[2,512,131072,524288] Veff_nb=[2,2048,512,524288]
CUDA_FA_ROUTE_SUPPORTED kernel=MMA_F16 effK=f16 effV=f16 supported=1
CUDA_FA_ROUTE_PLAN device=0 Q=[256,1,16,1] Kraw=f16 Vraw=turbo3 Kshape=[256,256,4,1] Vshape=[256,256,4,1] Keff=f16 Veff=f16 turbo_kv=1 prefer_native_vec=0 decode=1 dk=0 dv=1 unsafe_vec_after_turbo_v_decode=0 allow_vec=1 kernel=MMA_F16 need_f16_K=0 need_f16_V=0 Knb=[2,512,131072,524288] Vnb=[50,400,100,102400] Keff_nb=[2,512,131072,524288] Veff_nb=[2,2048,512,524288]
CUDA_FA_ROUTE_SUPPORTED kernel=MMA_F16 effK=f16 effV=f16 supported=1
CUDA_FA_ROUTE_PLAN device=0 Q=[256,1,16,1] Kraw=f16 Vraw=turbo3 Kshape=[256,256,4,1] Vshape=[256,256,4,1] Keff=f16 Veff=f16 turbo_kv=1 prefer_native_vec=0 decode=1 dk=0 dv=1 unsafe_vec_after_turbo_v_decode=0 allow_vec=1 kernel=MMA_F16 need_f16_K=0 need_f16_V=0 Knb=[2,512,131072,524288] Vnb=[50,400,100,102400] Keff_nb=[2,512,131072,524288] Veff_nb=[2,2048,512,524288]
CUDA_FA_ROUTE_SUPPORTED kernel=MMA_F16 effK=f16 effV=f16 supported=1
CUDA_FA_ROUTE_PLAN device=0 Q=[256,1,16,1] Kraw=f16 Vraw=turbo3 Kshape=[256,256,4,1] Vshape=[256,256,4,1] Keff=f16 Veff=f16 turbo_kv=1 prefer_native_vec=0 decode=1 dk=0 dv=1 unsafe_vec_after_turbo_v_decode=0 allow_vec=1 kernel=MMA_F16 need_f16_K=0 need_f16_V=0 Knb=[2,512,131072,524288] Vnb=[50,400,100,102400] Keff_nb=[2,512,131072,524288] Veff_nb=[2,2048,512,524288]
CUDA_FA_ROUTE_SUPPORTED kernel=MMA_F16 effK=f16 effV=f16 supported=1
CUDA_FA_ROUTE_PLAN device=0 Q=[256,1,16,1] Kraw=f16 Vraw=turbo3 Kshape=[256,256,4,1] Vshape=[256,256,4,1] Keff=f16 Veff=f16 turbo_kv=1 prefer_native_vec=0 decode=1 dk=0 dv=1 unsafe_vec_after_turbo_v_decode=0 allow_vec=1 kernel=MMA_F16 need_f16_K=0 need_f16_V=0 Knb=[2,512,131072,524288] Vnb=[50,400,100,102400] Keff_nb=[2,512,131072,524288] Veff_nb=[2,2048,512,524288]
CUDA_FA_ROUTE_SUPPORTED kernel=MMA_F16 effK=f16 effV=f16 supported=1
CUDA_FA_ROUTE_PLAN device=0 Q=[256,1,16,1] Kraw=f16 Vraw=turbo3 Kshape=[256,256,4,1] Vshape=[256,256,4,1] Keff=f16 Veff=f16 turbo_kv=1 prefer_native_vec=0 decode=1 dk=0 dv=1 unsafe_vec_after_turbo_v_decode=0 allow_vec=1 kernel=MMA_F16 need_f16_K=0 need_f16_V=0 Knb=[2,512,131072,524288] Vnb=[50,400,100,102400] Keff_nb=[2,512,131072,524288] Veff_nb=[2,2048,512,524288]
CUDA_FA_ROUTE_SUPPORTED kernel=MMA_F16 effK=f16 effV=f16 supported=1
CUDA_FA_ROUTE_PLAN device=0 Q=[256,1,16,1] Kraw=f16 Vraw=turbo3 Kshape=[256,256,4,1] Vshape=[256,256,4,1] Keff=f16 Veff=f16 turbo_kv=1 prefer_native_vec=0 decode=1 dk=0 dv=1 unsafe_vec_after_turbo_v_decode=0 allow_vec=1 kernel=MMA_F16 need_f16_K=0 need_f16_V=0 Knb=[2,512,131072,524288] Vnb=[50,400,100,102400] Keff_nb=[2,512,131072,524288] Veff_nb=[2,2048,512,524288]
CUDA_FA_ROUTE_SUPPORTED kernel=MMA_F16 effK=f16 effV=f16 supported=1
CUDA_FA_ROUTE_PLAN device=0 Q=[256,16,16,1] Kraw=f16 Vraw=turbo3 Kshape=[256,256,4,1] Vshape=[256,256,4,1] Keff=f16 Veff=f16 turbo_kv=1 prefer_native_vec=0 decode=1 dk=0 dv=1 unsafe_vec_after_turbo_v_decode=0 allow_vec=1 kernel=MMA_F16 need_f16_K=0 need_f16_V=0 Knb=[2,512,131072,524288] Vnb=[50,400,100,102400] Keff_nb=[2,512,131072,524288] Veff_nb=[2,2048,512,524288]
CUDA_FA_ROUTE_SUPPORTED kernel=MMA_F16 effK=f16 effV=f16 supported=1
CUDA_FA_ROUTE_PLAN device=0 Q=[256,16,16,1] Kraw=f16 Vraw=turbo3 Kshape=[256,256,4,1] Vshape=[256,256,4,1] Keff=f16 Veff=f16 turbo_kv=1 prefer_native_vec=0 decode=1 dk=0 dv=1 unsafe_vec_after_turbo_v_decode=0 allow_vec=1 kernel=MMA_F16 need_f16_K=0 need_f16_V=0 Knb=[2,512,131072,524288] Vnb=[50,400,100,102400] Keff_nb=[2,512,131072,524288] Veff_nb=[2,2048,512,524288]
CUDA_FA_ROUTE_SUPPORTED kernel=MMA_F16 effK=f16 effV=f16 supported=1
CUDA_FA_ROUTE_PLAN device=0 Q=[256,16,16,1] Kraw=f16 Vraw=turbo3 Kshape=[256,256,4,1] Vshape=[256,256,4,1] Keff=f16 Veff=f16 turbo_kv=1 prefer_native_vec=0 decode=1 dk=0 dv=1 unsafe_vec_after_turbo_v_decode=0 allow_vec=1 kernel=MMA_F16 need_f16_K=0 need_f16_V=0 Knb=[2,512,131072,524288] Vnb=[50,400,100,102400] Keff_nb=[2,512,131072,524288] Veff_nb=[2,2048,512,524288]
CUDA_FA_ROUTE_SUPPORTED kernel=MMA_F16 effK=f16 effV=f16 supported=1
CUDA_FA_ROUTE_PLAN device=0 Q=[256,16,16,1] Kraw=f16 Vraw=turbo3 Kshape=[256,256,4,1] Vshape=[256,256,4,1] Keff=f16 Veff=f16 turbo_kv=1 prefer_native_vec=0 decode=1 dk=0 dv=1 unsafe_vec_after_turbo_v_decode=0 allow_vec=1 kernel=MMA_F16 need_f16_K=0 need_f16_V=0 Knb=[2,512,131072,524288] Vnb=[50,400,100,102400] Keff_nb=[2,512,131072,524288] Veff_nb=[2,2048,512,524288]
CUDA_FA_ROUTE_SUPPORTED kernel=MMA_F16 effK=f16 effV=f16 supported=1
CUDA_FA_ROUTE_PLAN device=0 Q=[256,16,16,1] Kraw=f16 Vraw=turbo3 Kshape=[256,256,4,1] Vshape=[256,256,4,1] Keff=f16 Veff=f16 turbo_kv=1 prefer_native_vec=0 decode=1 dk=0 dv=1 unsafe_vec_after_turbo_v_decode=0 allow_vec=1 kernel=MMA_F16 need_f16_K=0 need_f16_V=0 Knb=[2,512,131072,524288] Vnb=[50,400,100,102400] Keff_nb=[2,512,131072,524288] Veff_nb=[2,2048,512,524288]
CUDA_FA_ROUTE_SUPPORTED kernel=MMA_F16 effK=f16 effV=f16 supported=1
CUDA_FA_ROUTE_PLAN device=0 Q=[256,16,16,1] Kraw=f16 Vraw=turbo3 Kshape=[256,256,4,1] Vshape=[256,256,4,1] Keff=f16 Veff=f16 turbo_kv=1 prefer_native_vec=0 decode=1 dk=0 dv=1 unsafe_vec_after_turbo_v_decode=0 allow_vec=1 kernel=MMA_F16 need_f16_K=0 need_f16_V=0 Knb=[2,512,131072,524288] Vnb=[50,400,100,102400] Keff_nb=[2,512,131072,524288] Veff_nb=[2,2048,512,524288]
CUDA_FA_ROUTE_SUPPORTED kernel=MMA_F16 effK=f16 effV=f16 supported=1
CUDA_FA_ROUTE_PLAN device=0 Q=[256,16,16,1] Kraw=f16 Vraw=turbo3 Kshape=[256,256,4,1] Vshape=[256,256,4,1] Keff=f16 Veff=f16 turbo_kv=1 prefer_native_vec=0 decode=1 dk=0 dv=1 unsafe_vec_after_turbo_v_decode=0 allow_vec=1 kernel=MMA_F16 need_f16_K=0 need_f16_V=0 Knb=[2,512,131072,524288] Vnb=[50,400,100,102400] Keff_nb=[2,512,131072,524288] Veff_nb=[2,2048,512,524288]
CUDA_FA_ROUTE_SUPPORTED kernel=MMA_F16 effK=f16 effV=f16 supported=1
CUDA_FA_ROUTE_PLAN device=0 Q=[256,16,16,1] Kraw=f16 Vraw=turbo3 Kshape=[256,256,4,1] Vshape=[256,256,4,1] Keff=f16 Veff=f16 turbo_kv=1 prefer_native_vec=0 decode=1 dk=0 dv=1 unsafe_vec_after_turbo_v_decode=0 allow_vec=1 kernel=MMA_F16 need_f16_K=0 need_f16_V=0 Knb=[2,512,131072,524288] Vnb=[50,400,100,102400] Keff_nb=[2,512,131072,524288] Veff_nb=[2,2048,512,524288]
CUDA_FA_ROUTE_SUPPORTED kernel=MMA_F16 effK=f16 effV=f16 supported=1
CUDA_FA_ROUTE_PLAN device=0 Q=[256,1,16,1] Kraw=f16 Vraw=turbo3 Kshape=[256,256,4,1] Vshape=[256,256,4,1] Keff=f16 Veff=f16 turbo_kv=1 prefer_native_vec=0 decode=1 dk=0 dv=1 unsafe_vec_after_turbo_v_decode=0 allow_vec=1 kernel=MMA_F16 need_f16_K=0 need_f16_V=0 Knb=[2,512,131072,524288] Vnb=[50,400,100,102400] Keff_nb=[2,512,131072,524288] Veff_nb=[2,2048,512,524288]
CUDA_FA_ROUTE_SUPPORTED kernel=MMA_F16 effK=f16 effV=f16 supported=1
CUDA_FA_ROUTE_PLAN device=0 Q=[256,1,16,1] Kraw=f16 Vraw=turbo3 Kshape=[256,256,4,1] Vshape=[256,256,4,1] Keff=f16 Veff=f16 turbo_kv=1 prefer_native_vec=0 decode=1 dk=0 dv=1 unsafe_vec_after_turbo_v_decode=0 allow_vec=1 kernel=MMA_F16 need_f16_K=0 need_f16_V=0 Knb=[2,512,131072,524288] Vnb=[50,400,100,102400] Keff_nb=[2,512,131072,524288] Veff_nb=[2,2048,512,524288]
CUDA_FA_ROUTE_SUPPORTED kernel=MMA_F16 effK=f16 effV=f16 supported=1
CUDA_FA_ROUTE_PLAN device=0 Q=[256,1,16,1] Kraw=f16 Vraw=turbo3 Kshape=[256,256,4,1] Vshape=[256,256,4,1] Keff=f16 Veff=f16 turbo_kv=1 prefer_native_vec=0 decode=1 dk=0 dv=1 unsafe_vec_after_turbo_v_decode=0 allow_vec=1 kernel=MMA_F16 need_f16_K=0 need_f16_V=0 Knb=[2,512,131072,524288] Vnb=[50,400,100,102400] Keff_nb=[2,512,131072,524288] Veff_nb=[2,2048,512,524288]
CUDA_FA_ROUTE_SUPPORTED kernel=MMA_F16 effK=f16 effV=f16 supported=1
CUDA_FA_ROUTE_PLAN device=0 Q=[256,1,16,1] Kraw=f16 Vraw=turbo3 Kshape=[256,256,4,1] Vshape=[256,256,4,1] Keff=f16 Veff=f16 turbo_kv=1 prefer_native_vec=0 decode=1 dk=0 dv=1 unsafe_vec_after_turbo_v_decode=0 allow_vec=1 kernel=MMA_F16 need_f16_K=0 need_f16_V=0 Knb=[2,512,131072,524288] Vnb=[50,400,100,102400] Keff_nb=[2,512,131072,524288] Veff_nb=[2,2048,512,524288]
CUDA_FA_ROUTE_SUPPORTED kernel=MMA_F16 effK=f16 effV=f16 supported=1
CUDA_FA_ROUTE_PLAN device=0 Q=[256,1,16,1] Kraw=f16 Vraw=turbo3 Kshape=[256,256,4,1] Vshape=[256,256,4,1] Keff=f16 Veff=f16 turbo_kv=1 prefer_native_vec=0 decode=1 dk=0 dv=1 unsafe_vec_after_turbo_v_decode=0 allow_vec=1 kernel=MMA_F16 need_f16_K=0 need_f16_V=0 Knb=[2,512,131072,524288] Vnb=[50,400,100,102400] Keff_nb=[2,512,131072,524288] Veff_nb=[2,2048,512,524288]
CUDA_FA_ROUTE_SUPPORTED kernel=MMA_F16 effK=f16 effV=f16 supported=1
CUDA_FA_ROUTE_PLAN device=0 Q=[256,1,16,1] Kraw=f16 Vraw=turbo3 Kshape=[256,256,4,1] Vshape=[256,256,4,1] Keff=f16 Veff=f16 turbo_kv=1 prefer_native_vec=0 decode=1 dk=0 dv=1 unsafe_vec_after_turbo_v_decode=0 allow_vec=1 kernel=MMA_F16 need_f16_K=0 need_f16_V=0 Knb=[2,512,131072,524288] Vnb=[50,400,100,102400] Keff_nb=[2,512,131072,524288] Veff_nb=[2,2048,512,524288]
CUDA_FA_ROUTE_SUPPORTED kernel=MMA_F16 effK=f16 effV=f16 supported=1
CUDA_FA_ROUTE_PLAN device=0 Q=[256,1,16,1] Kraw=f16 Vraw=turbo3 Kshape=[256,256,4,1] Vshape=[256,256,4,1] Keff=f16 Veff=f16 turbo_kv=1 prefer_native_vec=0 decode=1 dk=0 dv=1 unsafe_vec_after_turbo_v_decode=0 allow_vec=1 kernel=MMA_F16 need_f16_K=0 need_f16_V=0 Knb=[2,512,131072,524288] Vnb=[50,400,100,102400] Keff_nb=[2,512,131072,524288] Veff_nb=[2,2048,512,524288]
CUDA_FA_ROUTE_SUPPORTED kernel=MMA_F16 effK=f16 effV=f16 supported=1
CUDA_FA_ROUTE_PLAN device=0 Q=[256,1,16,1] Kraw=f16 Vraw=turbo3 Kshape=[256,256,4,1] Vshape=[256,256,4,1] Keff=f16 Veff=f16 turbo_kv=1 prefer_native_vec=0 decode=1 dk=0 dv=1 unsafe_vec_after_turbo_v_decode=0 allow_vec=1 kernel=MMA_F16 need_f16_K=0 need_f16_V=0 Knb=[2,512,131072,524288] Vnb=[50,400,100,102400] Keff_nb=[2,512,131072,524288] Veff_nb=[2,2048,512,524288]
CUDA_FA_ROUTE_SUPPORTED kernel=MMA_F16 effK=f16 effV=f16 supported=1
CUDA_FA_ROUTE_PLAN device=0 Q=[256,256,16,1] Kraw=f16 Vraw=turbo3 Kshape=[256,256,4,1] Vshape=[256,256,4,1] Keff=f16 Veff=f16 turbo_kv=1 prefer_native_vec=0 decode=1 dk=0 dv=1 unsafe_vec_after_turbo_v_decode=0 allow_vec=1 kernel=MMA_F16 need_f16_K=0 need_f16_V=0 Knb=[2,512,131072,524288] Vnb=[50,400,100,102400] Keff_nb=[2,512,131072,524288] Veff_nb=[2,2048,512,524288]
CUDA_FA_ROUTE_SUPPORTED kernel=MMA_F16 effK=f16 effV=f16 supported=1
CUDA_FA_ROUTE_PLAN device=0 Q=[256,256,16,1] Kraw=f16 Vraw=turbo3 Kshape=[256,256,4,1] Vshape=[256,256,4,1] Keff=f16 Veff=f16 turbo_kv=1 prefer_native_vec=0 decode=1 dk=0 dv=1 unsafe_vec_after_turbo_v_decode=0 allow_vec=1 kernel=MMA_F16 need_f16_K=0 need_f16_V=0 Knb=[2,512,131072,524288] Vnb=[50,400,100,102400] Keff_nb=[2,512,131072,524288] Veff_nb=[2,2048,512,524288]
CUDA_FA_ROUTE_SUPPORTED kernel=MMA_F16 effK=f16 effV=f16 supported=1
CUDA_FA_ROUTE_PLAN device=0 Q=[256,256,16,1] Kraw=f16 Vraw=turbo3 Kshape=[256,256,4,1] Vshape=[256,256,4,1] Keff=f16 Veff=f16 turbo_kv=1 prefer_native_vec=0 decode=1 dk=0 dv=1 unsafe_vec_after_turbo_v_decode=0 allow_vec=1 kernel=MMA_F16 need_f16_K=0 need_f16_V=0 Knb=[2,512,131072,524288] Vnb=[50,400,100,102400] Keff_nb=[2,512,131072,524288] Veff_nb=[2,2048,512,524288]
CUDA_FA_ROUTE_SUPPORTED kernel=MMA_F16 effK=f16 effV=f16 supported=1
CUDA_FA_ROUTE_PLAN device=0 Q=[256,256,16,1] Kraw=f16 Vraw=turbo3 Kshape=[256,256,4,1] Vshape=[256,256,4,1] Keff=f16 Veff=f16 turbo_kv=1 prefer_native_vec=0 decode=1 dk=0 dv=1 unsafe_vec_after_turbo_v_decode=0 allow_vec=1 kernel=MMA_F16 need_f16_K=0 need_f16_V=0 Knb=[2,512,131072,524288] Vnb=[50,400,100,102400] Keff_nb=[2,512,131072,524288] Veff_nb=[2,2048,512,524288]
CUDA_FA_ROUTE_SUPPORTED kernel=MMA_F16 effK=f16 effV=f16 supported=1
CUDA_FA_ROUTE_PLAN device=0 Q=[256,256,16,1] Kraw=f16 Vraw=turbo3 Kshape=[256,256,4,1] Vshape=[256,256,4,1] Keff=f16 Veff=f16 turbo_kv=1 prefer_native_vec=0 decode=1 dk=0 dv=1 unsafe_vec_after_turbo_v_decode=0 allow_vec=1 kernel=MMA_F16 need_f16_K=0 need_f16_V=0 Knb=[2,512,131072,524288] Vnb=[50,400,100,102400] Keff_nb=[2,512,131072,524288] Veff_nb=[2,2048,512,524288]
CUDA_FA_ROUTE_SUPPORTED kernel=MMA_F16 effK=f16 effV=f16 supported=1
CUDA_FA_ROUTE_PLAN device=0 Q=[256,256,16,1] Kraw=f16 Vraw=turbo3 Kshape=[256,256,4,1] Vshape=[256,256,4,1] Keff=f16 Veff=f16 turbo_kv=1 prefer_native_vec=0 decode=1 dk=0 dv=1 unsafe_vec_after_turbo_v_decode=0 allow_vec=1 kernel=MMA_F16 need_f16_K=0 need_f16_V=0 Knb=[2,512,131072,524288] Vnb=[50,400,100,102400] Keff_nb=[2,512,131072,524288] Veff_nb=[2,2048,512,524288]
CUDA_FA_ROUTE_SUPPORTED kernel=MMA_F16 effK=f16 effV=f16 supported=1
CUDA_FA_ROUTE_PLAN device=0 Q=[256,256,16,1] Kraw=f16 Vraw=turbo3 Kshape=[256,256,4,1] Vshape=[256,256,4,1] Keff=f16 Veff=f16 turbo_kv=1 prefer_native_vec=0 decode=1 dk=0 dv=1 unsafe_vec_after_turbo_v_decode=0 allow_vec=1 kernel=MMA_F16 need_f16_K=0 need_f16_V=0 Knb=[2,512,131072,524288] Vnb=[50,400,100,102400] Keff_nb=[2,512,131072,524288] Veff_nb=[2,2048,512,524288]
CUDA_FA_ROUTE_SUPPORTED kernel=MMA_F16 effK=f16 effV=f16 supported=1
CUDA_FA_ROUTE_PLAN device=0 Q=[256,256,16,1] Kraw=f16 Vraw=turbo3 Kshape=[256,256,4,1] Vshape=[256,256,4,1] Keff=f16 Veff=f16 turbo_kv=1 prefer_native_vec=0 decode=1 dk=0 dv=1 unsafe_vec_after_turbo_v_decode=0 allow_vec=1 kernel=MMA_F16 need_f16_K=0 need_f16_V=0 Knb=[2,512,131072,524288] Vnb=[50,400,100,102400] Keff_nb=[2,512,131072,524288] Veff_nb=[2,2048,512,524288]
CUDA_FA_ROUTE_SUPPORTED kernel=MMA_F16 effK=f16 effV=f16 supported=1
CUDA_FA_ROUTE_PLAN device=0 Q=[256,256,16,1] Kraw=f16 Vraw=turbo3 Kshape=[256,256,4,1] Vshape=[256,256,4,1] Keff=f16 Veff=f16 turbo_kv=1 prefer_native_vec=0 decode=1 dk=0 dv=1 unsafe_vec_after_turbo_v_decode=0 allow_vec=1 kernel=MMA_F16 need_f16_K=0 need_f16_V=0 Knb=[2,512,131072,524288] Vnb=[50,400,100,102400] Keff_nb=[2,512,131072,524288] Veff_nb=[2,2048,512,524288]
CUDA_FA_ROUTE_ALLOC kernel=MMA_F16 need_f16_K=0 need_f16_V=0 workspace_end_offset=4194304 dst_data=(nil) f16_K=(nil) f16_V=(nil) f16_end=0x400000
CUDA_FA_ROUTE_PLAN device=0 Q=[256,256,16,1] Kraw=f16 Vraw=turbo3 Kshape=[256,256,4,1] Vshape=[256,256,4,1] Keff=f16 Veff=f16 turbo_kv=1 prefer_native_vec=0 decode=1 dk=0 dv=1 unsafe_vec_after_turbo_v_decode=0 allow_vec=1 kernel=MMA_F16 need_f16_K=0 need_f16_V=0 Knb=[2,512,131072,524288] Vnb=[50,400,100,102400] Keff_nb=[2,512,131072,524288] Veff_nb=[2,2048,512,524288]
CUDA_FA_ROUTE_ALLOC kernel=MMA_F16 need_f16_K=0 need_f16_V=0 workspace_end_offset=4194304 dst_data=(nil) f16_K=(nil) f16_V=(nil) f16_end=0x400000
CUDA_FA_ROUTE_PLAN device=0 Q=[256,256,16,1] Kraw=f16 Vraw=turbo3 Kshape=[256,256,4,1] Vshape=[256,256,4,1] Keff=f16 Veff=f16 turbo_kv=1 prefer_native_vec=0 decode=1 dk=0 dv=1 unsafe_vec_after_turbo_v_decode=0 allow_vec=1 kernel=MMA_F16 need_f16_K=0 need_f16_V=0 Knb=[2,512,131072,524288] Vnb=[50,400,100,102400] Keff_nb=[2,512,131072,524288] Veff_nb=[2,2048,512,524288]
CUDA_FA_ROUTE_ALLOC kernel=MMA_F16 need_f16_K=0 need_f16_V=0 workspace_end_offset=4194304 dst_data=(nil) f16_K=(nil) f16_V=(nil) f16_end=0x400000
CUDA_FA_ROUTE_PLAN device=0 Q=[256,256,16,1] Kraw=f16 Vraw=turbo3 Kshape=[256,256,4,1] Vshape=[256,256,4,1] Keff=f16 Veff=f16 turbo_kv=1 prefer_native_vec=0 decode=1 dk=0 dv=1 unsafe_vec_after_turbo_v_decode=0 allow_vec=1 kernel=MMA_F16 need_f16_K=0 need_f16_V=0 Knb=[2,512,131072,524288] Vnb=[50,400,100,102400] Keff_nb=[2,512,131072,524288] Veff_nb=[2,2048,512,524288]
CUDA_FA_ROUTE_ALLOC kernel=MMA_F16 need_f16_K=0 need_f16_V=0 workspace_end_offset=4194304 dst_data=(nil) f16_K=(nil) f16_V=(nil) f16_end=0x400000
CUDA_FA_ROUTE_PLAN device=0 Q=[256,256,16,1] Kraw=f16 Vraw=turbo3 Kshape=[256,256,4,1] Vshape=[256,256,4,1] Keff=f16 Veff=f16 turbo_kv=1 prefer_native_vec=0 decode=1 dk=0 dv=1 unsafe_vec_after_turbo_v_decode=0 allow_vec=1 kernel=MMA_F16 need_f16_K=0 need_f16_V=0 Knb=[2,512,131072,524288] Vnb=[50,400,100,102400] Keff_nb=[2,512,131072,524288] Veff_nb=[2,2048,512,524288]
CUDA_FA_ROUTE_ALLOC kernel=MMA_F16 need_f16_K=0 need_f16_V=0 workspace_end_offset=4194304 dst_data=(nil) f16_K=(nil) f16_V=(nil) f16_end=0x400000
CUDA_FA_ROUTE_PLAN device=0 Q=[256,256,16,1] Kraw=f16 Vraw=turbo3 Kshape=[256,256,4,1] Vshape=[256,256,4,1] Keff=f16 Veff=f16 turbo_kv=1 prefer_native_vec=0 decode=1 dk=0 dv=1 unsafe_vec_after_turbo_v_decode=0 allow_vec=1 kernel=MMA_F16 need_f16_K=0 need_f16_V=0 Knb=[2,512,131072,524288] Vnb=[50,400,100,102400] Keff_nb=[2,512,131072,524288] Veff_nb=[2,2048,512,524288]
CUDA_FA_ROUTE_ALLOC kernel=MMA_F16 need_f16_K=0 need_f16_V=0 workspace_end_offset=4194304 dst_data=(nil) f16_K=(nil) f16_V=(nil) f16_end=0x400000
CUDA_FA_ROUTE_PLAN device=0 Q=[256,256,16,1] Kraw=f16 Vraw=turbo3 Kshape=[256,256,4,1] Vshape=[256,256,4,1] Keff=f16 Veff=f16 turbo_kv=1 prefer_native_vec=0 decode=1 dk=0 dv=1 unsafe_vec_after_turbo_v_decode=0 allow_vec=1 kernel=MMA_F16 need_f16_K=0 need_f16_V=0 Knb=[2,512,131072,524288] Vnb=[50,400,100,102400] Keff_nb=[2,512,131072,524288] Veff_nb=[2,2048,512,524288]
CUDA_FA_ROUTE_ALLOC kernel=MMA_F16 need_f16_K=0 need_f16_V=0 workspace_end_offset=4194304 dst_data=(nil) f16_K=(nil) f16_V=(nil) f16_end=0x400000
CUDA_FA_ROUTE_PLAN device=0 Q=[256,256,16,1] Kraw=f16 Vraw=turbo3 Kshape=[256,256,4,1] Vshape=[256,256,4,1] Keff=f16 Veff=f16 turbo_kv=1 prefer_native_vec=0 decode=1 dk=0 dv=1 unsafe_vec_after_turbo_v_decode=0 allow_vec=1 kernel=MMA_F16 need_f16_K=0 need_f16_V=0 Knb=[2,512,131072,524288] Vnb=[50,400,100,102400] Keff_nb=[2,512,131072,524288] Veff_nb=[2,2048,512,524288]
CUDA_FA_ROUTE_ALLOC kernel=MMA_F16 need_f16_K=0 need_f16_V=0 workspace_end_offset=4194304 dst_data=(nil) f16_K=(nil) f16_V=(nil) f16_end=0x400000
CUDA_FA_ROUTE_PLAN device=0 Q=[256,256,16,1] Kraw=f16 Vraw=turbo3 Kshape=[256,256,4,1] Vshape=[256,256,4,1] Keff=f16 Veff=f16 turbo_kv=1 prefer_native_vec=0 decode=1 dk=0 dv=1 unsafe_vec_after_turbo_v_decode=0 allow_vec=1 kernel=MMA_F16 need_f16_K=0 need_f16_V=0 Knb=[2,512,131072,524288] Vnb=[50,400,100,102400] Keff_nb=[2,512,131072,524288] Veff_nb=[2,2048,512,524288]
CUDA_FA_ROUTE_ALLOC kernel=MMA_F16 need_f16_K=0 need_f16_V=0 workspace_end_offset=4194304 dst_data=(nil) f16_K=(nil) f16_V=(nil) f16_end=0x400000
CUDA_FA_ROUTE_PLAN device=0 Q=[256,256,16,1] Kraw=f16 Vraw=turbo3 Kshape=[256,256,4,1] Vshape=[256,256,4,1] Keff=f16 Veff=f16 turbo_kv=1 prefer_native_vec=0 decode=1 dk=0 dv=1 unsafe_vec_after_turbo_v_decode=0 allow_vec=1 kernel=MMA_F16 need_f16_K=0 need_f16_V=0 Knb=[2,512,131072,524288] Vnb=[50,400,100,102400] Keff_nb=[2,512,131072,524288] Veff_nb=[2,2048,512,524288]
CUDA_FA_ROUTE_ALLOC kernel=MMA_F16 need_f16_K=0 need_f16_V=0 workspace_end_offset=4194304 dst_data=(nil) f16_K=(nil) f16_V=(nil) f16_end=0x400000
CUDA_FA_ROUTE_PLAN device=0 Q=[256,256,16,1] Kraw=f16 Vraw=turbo3 Kshape=[256,256,4,1] Vshape=[256,256,4,1] Keff=f16 Veff=f16 turbo_kv=1 prefer_native_vec=0 decode=1 dk=0 dv=1 unsafe_vec_after_turbo_v_decode=0 allow_vec=1 kernel=MMA_F16 need_f16_K=0 need_f16_V=0 Knb=[2,512,131072,524288] Vnb=[50,400,100,102400] Keff_nb=[2,512,131072,524288] Veff_nb=[2,2048,512,524288]
CUDA_FA_ROUTE_ALLOC kernel=MMA_F16 need_f16_K=0 need_f16_V=0 workspace_end_offset=4194304 dst_data=(nil) f16_K=(nil) f16_V=(nil) f16_end=0x400000
CUDA_FA_ROUTE_PLAN device=0 Q=[256,256,16,1] Kraw=f16 Vraw=turbo3 Kshape=[256,256,4,1] Vshape=[256,256,4,1] Keff=f16 Veff=f16 turbo_kv=1 prefer_native_vec=0 decode=1 dk=0 dv=1 unsafe_vec_after_turbo_v_decode=0 allow_vec=1 kernel=MMA_F16 need_f16_K=0 need_f16_V=0 Knb=[2,512,131072,524288] Vnb=[50,400,100,102400] Keff_nb=[2,512,131072,524288] Veff_nb=[2,2048,512,524288]
CUDA_FA_ROUTE_ALLOC kernel=MMA_F16 need_f16_K=0 need_f16_V=0 workspace_end_offset=4194304 dst_data=(nil) f16_K=(nil) f16_V=(nil) f16_end=0x400000
CUDA_FA_ROUTE_PLAN device=0 Q=[256,256,16,1] Kraw=f16 Vraw=turbo3 Kshape=[256,256,4,1] Vshape=[256,256,4,1] Keff=f16 Veff=f16 turbo_kv=1 prefer_native_vec=0 decode=1 dk=0 dv=1 unsafe_vec_after_turbo_v_decode=0 allow_vec=1 kernel=MMA_F16 need_f16_K=0 need_f16_V=0 Knb=[2,512,131072,524288] Vnb=[50,400,100,102400] Keff_nb=[2,512,131072,524288] Veff_nb=[2,2048,512,524288]
CUDA_FA_ROUTE_ALLOC kernel=MMA_F16 need_f16_K=0 need_f16_V=0 workspace_end_offset=4194304 dst_data=(nil) f16_K=(nil) f16_V=(nil) f16_end=0x400000
CUDA_FA_ROUTE_PLAN device=0 Q=[256,256,16,1] Kraw=f16 Vraw=turbo3 Kshape=[256,256,4,1] Vshape=[256,256,4,1] Keff=f16 Veff=f16 turbo_kv=1 prefer_native_vec=0 decode=1 dk=0 dv=1 unsafe_vec_after_turbo_v_decode=0 allow_vec=1 kernel=MMA_F16 need_f16_K=0 need_f16_V=0 Knb=[2,512,131072,524288] Vnb=[50,400,100,102400] Keff_nb=[2,512,131072,524288] Veff_nb=[2,2048,512,524288]
CUDA_FA_ROUTE_ALLOC kernel=MMA_F16 need_f16_K=0 need_f16_V=0 workspace_end_offset=4194304 dst_data=(nil) f16_K=(nil) f16_V=(nil) f16_end=0x400000
CUDA_FA_ROUTE_PLAN device=0 Q=[256,256,16,1] Kraw=f16 Vraw=turbo3 Kshape=[256,256,4,1] Vshape=[256,256,4,1] Keff=f16 Veff=f16 turbo_kv=1 prefer_native_vec=0 decode=1 dk=0 dv=1 unsafe_vec_after_turbo_v_decode=0 allow_vec=1 kernel=MMA_F16 need_f16_K=0 need_f16_V=0 Knb=[2,512,131072,524288] Vnb=[50,400,100,102400] Keff_nb=[2,512,131072,524288] Veff_nb=[2,2048,512,524288]
CUDA_FA_ROUTE_ALLOC kernel=MMA_F16 need_f16_K=0 need_f16_V=0 workspace_end_offset=4194304 dst_data=(nil) f16_K=(nil) f16_V=(nil) f16_end=0x400000
CUDA_FA_ROUTE_PLAN device=0 Q=[256,256,16,1] Kraw=f16 Vraw=turbo3 Kshape=[256,256,4,1] Vshape=[256,256,4,1] Keff=f16 Veff=f16 turbo_kv=1 prefer_native_vec=0 decode=1 dk=0 dv=1 unsafe_vec_after_turbo_v_decode=0 allow_vec=1 kernel=MMA_F16 need_f16_K=0 need_f16_V=0 Knb=[2,512,131072,524288] Vnb=[50,400,100,102400] Keff_nb=[2,512,131072,524288] Veff_nb=[2,2048,512,524288]
CUDA_FA_ROUTE_ALLOC kernel=MMA_F16 need_f16_K=0 need_f16_V=0 workspace_end_offset=4194304 dst_data=(nil) f16_K=(nil) f16_V=(nil) f16_end=0x400000
CUDA_FA_ROUTE_PLAN device=0 Q=[256,256,16,1] Kraw=f16 Vraw=turbo3 Kshape=[256,256,4,1] Vshape=[256,256,4,1] Keff=f16 Veff=f16 turbo_kv=1 prefer_native_vec=0 decode=1 dk=0 dv=1 unsafe_vec_after_turbo_v_decode=0 allow_vec=1 kernel=MMA_F16 need_f16_K=0 need_f16_V=0 Knb=[2,512,131072,524288] Vnb=[50,400,100,102400] Keff_nb=[2,512,131072,524288] Veff_nb=[2,2048,512,524288]
CUDA_FA_ROUTE_ALLOC kernel=MMA_F16 need_f16_K=0 need_f16_V=0 workspace_end_offset=4194304 dst_data=(nil) f16_K=(nil) f16_V=(nil) f16_end=0x400000
CUDA_FA_ROUTE_PLAN device=0 Q=[256,256,16,1] Kraw=f16 Vraw=turbo3 Kshape=[256,256,4,1] Vshape=[256,256,4,1] Keff=f16 Veff=f16 turbo_kv=1 prefer_native_vec=0 decode=1 dk=0 dv=1 unsafe_vec_after_turbo_v_decode=0 allow_vec=1 kernel=MMA_F16 need_f16_K=0 need_f16_V=0 Knb=[2,512,131072,524288] Vnb=[50,400,100,102400] Keff_nb=[2,512,131072,524288] Veff_nb=[2,2048,512,524288]
CUDA_FA_ROUTE_ALLOC kernel=MMA_F16 need_f16_K=0 need_f16_V=0 workspace_end_offset=4194304 dst_data=(nil) f16_K=(nil) f16_V=(nil) f16_end=0x400000
CUDA_FA_ROUTE_PLAN device=0 Q=[256,256,16,1] Kraw=f16 Vraw=turbo3 Kshape=[256,256,4,1] Vshape=[256,256,4,1] Keff=f16 Veff=f16 turbo_kv=1 prefer_native_vec=0 decode=1 dk=0 dv=1 unsafe_vec_after_turbo_v_decode=0 allow_vec=1 kernel=MMA_F16 need_f16_K=0 need_f16_V=0 Knb=[2,512,131072,524288] Vnb=[50,400,100,102400] Keff_nb=[2,512,131072,524288] Veff_nb=[2,2048,512,524288]
CUDA_FA_ROUTE_ALLOC kernel=MMA_F16 need_f16_K=0 need_f16_V=0 workspace_end_offset=4194304 dst_data=(nil) f16_K=(nil) f16_V=(nil) f16_end=0x400000
CUDA_FA_ROUTE_PLAN device=0 Q=[256,256,16,1] Kraw=f16 Vraw=turbo3 Kshape=[256,256,4,1] Vshape=[256,256,4,1] Keff=f16 Veff=f16 turbo_kv=1 prefer_native_vec=0 decode=1 dk=0 dv=1 unsafe_vec_after_turbo_v_decode=0 allow_vec=1 kernel=MMA_F16 need_f16_K=0 need_f16_V=0 Knb=[2,512,131072,524288] Vnb=[50,400,100,102400] Keff_nb=[2,512,131072,524288] Veff_nb=[2,2048,512,524288]
CUDA_FA_ROUTE_ALLOC kernel=MMA_F16 need_f16_K=0 need_f16_V=0 workspace_end_offset=4194304 dst_data=(nil) f16_K=(nil) f16_V=(nil) f16_end=0x400000
CUDA_FA_ROUTE_PLAN device=0 Q=[256,256,16,1] Kraw=f16 Vraw=turbo3 Kshape=[256,256,4,1] Vshape=[256,256,4,1] Keff=f16 Veff=f16 turbo_kv=1 prefer_native_vec=0 decode=1 dk=0 dv=1 unsafe_vec_after_turbo_v_decode=0 allow_vec=1 kernel=MMA_F16 need_f16_K=0 need_f16_V=0 Knb=[2,512,131072,524288] Vnb=[50,400,100,102400] Keff_nb=[2,512,131072,524288] Veff_nb=[2,2048,512,524288]
CUDA_FA_ROUTE_ALLOC kernel=MMA_F16 need_f16_K=0 need_f16_V=0 workspace_end_offset=4194304 dst_data=(nil) f16_K=(nil) f16_V=(nil) f16_end=0x400000
CUDA_FA_ROUTE_PLAN device=0 Q=[256,256,16,1] Kraw=f16 Vraw=turbo3 Kshape=[256,256,4,1] Vshape=[256,256,4,1] Keff=f16 Veff=f16 turbo_kv=1 prefer_native_vec=0 decode=1 dk=0 dv=1 unsafe_vec_after_turbo_v_decode=0 allow_vec=1 kernel=MMA_F16 need_f16_K=0 need_f16_V=0 Knb=[2,512,131072,524288] Vnb=[50,400,100,102400] Keff_nb=[2,512,131072,524288] Veff_nb=[2,2048,512,524288]
CUDA_FA_ROUTE_ALLOC kernel=MMA_F16 need_f16_K=0 need_f16_V=0 workspace_end_offset=4194304 dst_data=(nil) f16_K=(nil) f16_V=(nil) f16_end=0x400000
CUDA_FA_ROUTE_PLAN device=0 Q=[256,256,16,1] Kraw=f16 Vraw=turbo3 Kshape=[256,256,4,1] Vshape=[256,256,4,1] Keff=f16 Veff=f16 turbo_kv=1 prefer_native_vec=0 decode=1 dk=0 dv=1 unsafe_vec_after_turbo_v_decode=0 allow_vec=1 kernel=MMA_F16 need_f16_K=0 need_f16_V=0 Knb=[2,512,131072,524288] Vnb=[50,400,100,102400] Keff_nb=[2,512,131072,524288] Veff_nb=[2,2048,512,524288]
CUDA_FA_ROUTE_ALLOC kernel=MMA_F16 need_f16_K=0 need_f16_V=0 workspace_end_offset=4194304 dst_data=(nil) f16_K=(nil) f16_V=(nil) f16_end=0x400000
CUDA_FA_ROUTE_PLAN device=0 Q=[256,256,16,1] Kraw=f16 Vraw=turbo3 Kshape=[256,256,4,1] Vshape=[256,256,4,1] Keff=f16 Veff=f16 turbo_kv=1 prefer_native_vec=0 decode=1 dk=0 dv=1 unsafe_vec_after_turbo_v_decode=0 allow_vec=1 kernel=MMA_F16 need_f16_K=0 need_f16_V=0 Knb=[2,512,131072,524288] Vnb=[50,400,100,102400] Keff_nb=[2,512,131072,524288] Veff_nb=[2,2048,512,524288]
CUDA_FA_ROUTE_ALLOC kernel=MMA_F16 need_f16_K=0 need_f16_V=0 workspace_end_offset=4194304 dst_data=(nil) f16_K=(nil) f16_V=(nil) f16_end=0x400000
CUDA_FA_ROUTE_PLAN device=0 Q=[256,256,16,1] Kraw=f16 Vraw=turbo3 Kshape=[256,256,4,1] Vshape=[256,256,4,1] Keff=f16 Veff=f16 turbo_kv=1 prefer_native_vec=0 decode=1 dk=0 dv=1 unsafe_vec_after_turbo_v_decode=0 allow_vec=1 kernel=MMA_F16 need_f16_K=0 need_f16_V=0 Knb=[2,512,131072,524288] Vnb=[50,400,100,102400] Keff_nb=[2,512,131072,524288] Veff_nb=[2,2048,512,524288]
CUDA_FA_ROUTE_ALLOC kernel=MMA_F16 need_f16_K=0 need_f16_V=0 workspace_end_offset=4194304 dst_data=(nil) f16_K=(nil) f16_V=(nil) f16_end=0x400000
CUDA_FA_ROUTE_PLAN device=0 Q=[256,256,16,1] Kraw=f16 Vraw=turbo3 Kshape=[256,256,4,1] Vshape=[256,256,4,1] Keff=f16 Veff=f16 turbo_kv=1 prefer_native_vec=0 decode=1 dk=0 dv=1 unsafe_vec_after_turbo_v_decode=0 allow_vec=1 kernel=MMA_F16 need_f16_K=0 need_f16_V=0 Knb=[2,512,131072,524288] Vnb=[50,400,100,102400] Keff_nb=[2,512,131072,524288] Veff_nb=[2,2048,512,524288]
CUDA_FA_ROUTE_ALLOC kernel=MMA_F16 need_f16_K=0 need_f16_V=0 workspace_end_offset=4194304 dst_data=(nil) f16_K=(nil) f16_V=(nil) f16_end=0x400000
CUDA_FA_ROUTE_PLAN device=0 Q=[256,256,16,1] Kraw=f16 Vraw=turbo3 Kshape=[256,256,4,1] Vshape=[256,256,4,1] Keff=f16 Veff=f16 turbo_kv=1 prefer_native_vec=0 decode=1 dk=0 dv=1 unsafe_vec_after_turbo_v_decode=0 allow_vec=1 kernel=MMA_F16 need_f16_K=0 need_f16_V=0 Knb=[2,512,131072,524288] Vnb=[50,400,100,102400] Keff_nb=[2,512,131072,524288] Veff_nb=[2,2048,512,524288]
CUDA_FA_ROUTE_ALLOC kernel=MMA_F16 need_f16_K=0 need_f16_V=0 workspace_end_offset=4194304 dst_data=(nil) f16_K=(nil) f16_V=(nil) f16_end=0x400000
CUDA_FA_ROUTE_PLAN device=0 Q=[256,256,16,1] Kraw=f16 Vraw=turbo3 Kshape=[256,256,4,1] Vshape=[256,256,4,1] Keff=f16 Veff=f16 turbo_kv=1 prefer_native_vec=0 decode=1 dk=0 dv=1 unsafe_vec_after_turbo_v_decode=0 allow_vec=1 kernel=MMA_F16 need_f16_K=0 need_f16_V=0 Knb=[2,512,131072,524288] Vnb=[50,400,100,102400] Keff_nb=[2,512,131072,524288] Veff_nb=[2,2048,512,524288]
CUDA_FA_ROUTE_ALLOC kernel=MMA_F16 need_f16_K=0 need_f16_V=0 workspace_end_offset=4194304 dst_data=(nil) f16_K=(nil) f16_V=(nil) f16_end=0x400000
CUDA_FA_ROUTE_PLAN device=0 Q=[256,256,16,1] Kraw=f16 Vraw=turbo3 Kshape=[256,256,4,1] Vshape=[256,256,4,1] Keff=f16 Veff=f16 turbo_kv=1 prefer_native_vec=0 decode=1 dk=0 dv=1 unsafe_vec_after_turbo_v_decode=0 allow_vec=1 kernel=MMA_F16 need_f16_K=0 need_f16_V=0 Knb=[2,512,131072,524288] Vnb=[50,400,100,102400] Keff_nb=[2,512,131072,524288] Veff_nb=[2,2048,512,524288]
CUDA_FA_ROUTE_ALLOC kernel=MMA_F16 need_f16_K=0 need_f16_V=0 workspace_end_offset=4194304 dst_data=(nil) f16_K=(nil) f16_V=(nil) f16_end=0x400000
CUDA_FA_ROUTE_PLAN device=0 Q=[256,256,16,1] Kraw=f16 Vraw=turbo3 Kshape=[256,256,4,1] Vshape=[256,256,4,1] Keff=f16 Veff=f16 turbo_kv=1 prefer_native_vec=0 decode=1 dk=0 dv=1 unsafe_vec_after_turbo_v_decode=0 allow_vec=1 kernel=MMA_F16 need_f16_K=0 need_f16_V=0 Knb=[2,512,131072,524288] Vnb=[50,400,100,102400] Keff_nb=[2,512,131072,524288] Veff_nb=[2,2048,512,524288]
CUDA_FA_ROUTE_ALLOC kernel=MMA_F16 need_f16_K=0 need_f16_V=0 workspace_end_offset=4194304 dst_data=(nil) f16_K=(nil) f16_V=(nil) f16_end=0x400000
CUDA_FA_ROUTE_PLAN device=0 Q=[256,256,16,1] Kraw=f16 Vraw=turbo3 Kshape=[256,256,4,1] Vshape=[256,256,4,1] Keff=f16 Veff=f16 turbo_kv=1 prefer_native_vec=0 decode=1 dk=0 dv=1 unsafe_vec_after_turbo_v_decode=0 allow_vec=1 kernel=MMA_F16 need_f16_K=0 need_f16_V=0 Knb=[2,512,131072,524288] Vnb=[50,400,100,102400] Keff_nb=[2,512,131072,524288] Veff_nb=[2,2048,512,524288]
CUDA_FA_ROUTE_ALLOC kernel=MMA_F16 need_f16_K=0 need_f16_V=0 workspace_end_offset=4194304 dst_data=(nil) f16_K=(nil) f16_V=(nil) f16_end=0x400000
CUDA_FA_ROUTE_PLAN device=0 Q=[256,256,16,1] Kraw=f16 Vraw=turbo3 Kshape=[256,256,4,1] Vshape=[256,256,4,1] Keff=f16 Veff=f16 turbo_kv=1 prefer_native_vec=0 decode=1 dk=0 dv=1 unsafe_vec_after_turbo_v_decode=0 allow_vec=1 kernel=MMA_F16 need_f16_K=0 need_f16_V=0 Knb=[2,512,131072,524288] Vnb=[50,400,100,102400] Keff_nb=[2,512,131072,524288] Veff_nb=[2,2048,512,524288]
CUDA_FA_ROUTE_ALLOC kernel=MMA_F16 need_f16_K=0 need_f16_V=0 workspace_end_offset=4194304 dst_data=(nil) f16_K=(nil) f16_V=(nil) f16_end=0x400000
CUDA_FA_ROUTE_PLAN device=0 Q=[256,1,16,1] Kraw=f16 Vraw=turbo3 Kshape=[256,256,4,1] Vshape=[256,256,4,1] Keff=f16 Veff=f16 turbo_kv=1 prefer_native_vec=0 decode=1 dk=0 dv=1 unsafe_vec_after_turbo_v_decode=0 allow_vec=1 kernel=MMA_F16 need_f16_K=0 need_f16_V=0 Knb=[2,512,131072,524288] Vnb=[50,400,100,102400] Keff_nb=[2,512,131072,524288] Veff_nb=[2,2048,512,524288]
CUDA_FA_ROUTE_SUPPORTED kernel=MMA_F16 effK=f16 effV=f16 supported=1
CUDA_FA_ROUTE_PLAN device=0 Q=[256,1,16,1] Kraw=f16 Vraw=turbo3 Kshape=[256,256,4,1] Vshape=[256,256,4,1] Keff=f16 Veff=f16 turbo_kv=1 prefer_native_vec=0 decode=1 dk=0 dv=1 unsafe_vec_after_turbo_v_decode=0 allow_vec=1 kernel=MMA_F16 need_f16_K=0 need_f16_V=0 Knb=[2,512,131072,524288] Vnb=[50,400,100,102400] Keff_nb=[2,512,131072,524288] Veff_nb=[2,2048,512,524288]
CUDA_FA_ROUTE_SUPPORTED kernel=MMA_F16 effK=f16 effV=f16 supported=1
CUDA_FA_ROUTE_PLAN device=0 Q=[256,1,16,1] Kraw=f16 Vraw=turbo3 Kshape=[256,256,4,1] Vshape=[256,256,4,1] Keff=f16 Veff=f16 turbo_kv=1 prefer_native_vec=0 decode=1 dk=0 dv=1 unsafe_vec_after_turbo_v_decode=0 allow_vec=1 kernel=MMA_F16 need_f16_K=0 need_f16_V=0 Knb=[2,512,131072,524288] Vnb=[50,400,100,102400] Keff_nb=[2,512,131072,524288] Veff_nb=[2,2048,512,524288]
CUDA_FA_ROUTE_SUPPORTED kernel=MMA_F16 effK=f16 effV=f16 supported=1
CUDA_FA_ROUTE_PLAN device=0 Q=[256,1,16,1] Kraw=f16 Vraw=turbo3 Kshape=[256,256,4,1] Vshape=[256,256,4,1] Keff=f16 Veff=f16 turbo_kv=1 prefer_native_vec=0 decode=1 dk=0 dv=1 unsafe_vec_after_turbo_v_decode=0 allow_vec=1 kernel=MMA_F16 need_f16_K=0 need_f16_V=0 Knb=[2,512,131072,524288] Vnb=[50,400,100,102400] Keff_nb=[2,512,131072,524288] Veff_nb=[2,2048,512,524288]
CUDA_FA_ROUTE_SUPPORTED kernel=MMA_F16 effK=f16 effV=f16 supported=1
CUDA_FA_ROUTE_PLAN device=0 Q=[256,1,16,1] Kraw=f16 Vraw=turbo3 Kshape=[256,256,4,1] Vshape=[256,256,4,1] Keff=f16 Veff=f16 turbo_kv=1 prefer_native_vec=0 decode=1 dk=0 dv=1 unsafe_vec_after_turbo_v_decode=0 allow_vec=1 kernel=MMA_F16 need_f16_K=0 need_f16_V=0 Knb=[2,512,131072,524288] Vnb=[50,400,100,102400] Keff_nb=[2,512,131072,524288] Veff_nb=[2,2048,512,524288]
CUDA_FA_ROUTE_SUPPORTED kernel=MMA_F16 effK=f16 effV=f16 supported=1
CUDA_FA_ROUTE_PLAN device=0 Q=[256,1,16,1] Kraw=f16 Vraw=turbo3 Kshape=[256,256,4,1] Vshape=[256,256,4,1] Keff=f16 Veff=f16 turbo_kv=1 prefer_native_vec=0 decode=1 dk=0 dv=1 unsafe_vec_after_turbo_v_decode=0 allow_vec=1 kernel=MMA_F16 need_f16_K=0 need_f16_V=0 Knb=[2,512,131072,524288] Vnb=[50,400,100,102400] Keff_nb=[2,512,131072,524288] Veff_nb=[2,2048,512,524288]
CUDA_FA_ROUTE_SUPPORTED kernel=MMA_F16 effK=f16 effV=f16 supported=1
CUDA_FA_ROUTE_PLAN device=0 Q=[256,1,16,1] Kraw=f16 Vraw=turbo3 Kshape=[256,256,4,1] Vshape=[256,256,4,1] Keff=f16 Veff=f16 turbo_kv=1 prefer_native_vec=0 decode=1 dk=0 dv=1 unsafe_vec_after_turbo_v_decode=0 allow_vec=1 kernel=MMA_F16 need_f16_K=0 need_f16_V=0 Knb=[2,512,131072,524288] Vnb=[50,400,100,102400] Keff_nb=[2,512,131072,524288] Veff_nb=[2,2048,512,524288]
CUDA_FA_ROUTE_SUPPORTED kernel=MMA_F16 effK=f16 effV=f16 supported=1
CUDA_FA_ROUTE_PLAN device=0 Q=[256,1,16,1] Kraw=f16 Vraw=turbo3 Kshape=[256,256,4,1] Vshape=[256,256,4,1] Keff=f16 Veff=f16 turbo_kv=1 prefer_native_vec=0 decode=1 dk=0 dv=1 unsafe_vec_after_turbo_v_decode=0 allow_vec=1 kernel=MMA_F16 need_f16_K=0 need_f16_V=0 Knb=[2,512,131072,524288] Vnb=[50,400,100,102400] Keff_nb=[2,512,131072,524288] Veff_nb=[2,2048,512,524288]
CUDA_FA_ROUTE_SUPPORTED kernel=MMA_F16 effK=f16 effV=f16 supported=1
CUDA_FA_ROUTE_PLAN device=0 Q=[256,256,16,1] Kraw=f16 Vraw=turbo3 Kshape=[256,256,4,1] Vshape=[256,256,4,1] Keff=f16 Veff=f16 turbo_kv=1 prefer_native_vec=0 decode=1 dk=0 dv=1 unsafe_vec_after_turbo_v_decode=0 allow_vec=1 kernel=MMA_F16 need_f16_K=0 need_f16_V=0 Knb=[2,512,131072,524288] Vnb=[50,400,100,102400] Keff_nb=[2,512,131072,524288] Veff_nb=[2,2048,512,524288]
CUDA_FA_ROUTE_SUPPORTED kernel=MMA_F16 effK=f16 effV=f16 supported=1
CUDA_FA_ROUTE_PLAN device=0 Q=[256,256,16,1] Kraw=f16 Vraw=turbo3 Kshape=[256,256,4,1] Vshape=[256,256,4,1] Keff=f16 Veff=f16 turbo_kv=1 prefer_native_vec=0 decode=1 dk=0 dv=1 unsafe_vec_after_turbo_v_decode=0 allow_vec=1 kernel=MMA_F16 need_f16_K=0 need_f16_V=0 Knb=[2,512,131072,524288] Vnb=[50,400,100,102400] Keff_nb=[2,512,131072,524288] Veff_nb=[2,2048,512,524288]
CUDA_FA_ROUTE_SUPPORTED kernel=MMA_F16 effK=f16 effV=f16 supported=1
CUDA_FA_ROUTE_PLAN device=0 Q=[256,256,16,1] Kraw=f16 Vraw=turbo3 Kshape=[256,256,4,1] Vshape=[256,256,4,1] Keff=f16 Veff=f16 turbo_kv=1 prefer_native_vec=0 decode=1 dk=0 dv=1 unsafe_vec_after_turbo_v_decode=0 allow_vec=1 kernel=MMA_F16 need_f16_K=0 need_f16_V=0 Knb=[2,512,131072,524288] Vnb=[50,400,100,102400] Keff_nb=[2,512,131072,524288] Veff_nb=[2,2048,512,524288]
CUDA_FA_ROUTE_SUPPORTED kernel=MMA_F16 effK=f16 effV=f16 supported=1
CUDA_FA_ROUTE_PLAN device=0 Q=[256,256,16,1] Kraw=f16 Vraw=turbo3 Kshape=[256,256,4,1] Vshape=[256,256,4,1] Keff=f16 Veff=f16 turbo_kv=1 prefer_native_vec=0 decode=1 dk=0 dv=1 unsafe_vec_after_turbo_v_decode=0 allow_vec=1 kernel=MMA_F16 need_f16_K=0 need_f16_V=0 Knb=[2,512,131072,524288] Vnb=[50,400,100,102400] Keff_nb=[2,512,131072,524288] Veff_nb=[2,2048,512,524288]
CUDA_FA_ROUTE_SUPPORTED kernel=MMA_F16 effK=f16 effV=f16 supported=1
CUDA_FA_ROUTE_PLAN device=0 Q=[256,256,16,1] Kraw=f16 Vraw=turbo3 Kshape=[256,256,4,1] Vshape=[256,256,4,1] Keff=f16 Veff=f16 turbo_kv=1 prefer_native_vec=0 decode=1 dk=0 dv=1 unsafe_vec_after_turbo_v_decode=0 allow_vec=1 kernel=MMA_F16 need_f16_K=0 need_f16_V=0 Knb=[2,512,131072,524288] Vnb=[50,400,100,102400] Keff_nb=[2,512,131072,524288] Veff_nb=[2,2048,512,524288]
CUDA_FA_ROUTE_SUPPORTED kernel=MMA_F16 effK=f16 effV=f16 supported=1
CUDA_FA_ROUTE_PLAN device=0 Q=[256,256,16,1] Kraw=f16 Vraw=turbo3 Kshape=[256,256,4,1] Vshape=[256,256,4,1] Keff=f16 Veff=f16 turbo_kv=1 prefer_native_vec=0 decode=1 dk=0 dv=1 unsafe_vec_after_turbo_v_decode=0 allow_vec=1 kernel=MMA_F16 need_f16_K=0 need_f16_V=0 Knb=[2,512,131072,524288] Vnb=[50,400,100,102400] Keff_nb=[2,512,131072,524288] Veff_nb=[2,2048,512,524288]
CUDA_FA_ROUTE_SUPPORTED kernel=MMA_F16 effK=f16 effV=f16 supported=1
CUDA_FA_ROUTE_PLAN device=0 Q=[256,256,16,1] Kraw=f16 Vraw=turbo3 Kshape=[256,256,4,1] Vshape=[256,256,4,1] Keff=f16 Veff=f16 turbo_kv=1 prefer_native_vec=0 decode=1 dk=0 dv=1 unsafe_vec_after_turbo_v_decode=0 allow_vec=1 kernel=MMA_F16 need_f16_K=0 need_f16_V=0 Knb=[2,512,131072,524288] Vnb=[50,400,100,102400] Keff_nb=[2,512,131072,524288] Veff_nb=[2,2048,512,524288]
CUDA_FA_ROUTE_SUPPORTED kernel=MMA_F16 effK=f16 effV=f16 supported=1
CUDA_FA_ROUTE_PLAN device=0 Q=[256,256,16,1] Kraw=f16 Vraw=turbo3 Kshape=[256,256,4,1] Vshape=[256,256,4,1] Keff=f16 Veff=f16 turbo_kv=1 prefer_native_vec=0 decode=1 dk=0 dv=1 unsafe_vec_after_turbo_v_decode=0 allow_vec=1 kernel=MMA_F16 need_f16_K=0 need_f16_V=0 Knb=[2,512,131072,524288] Vnb=[50,400,100,102400] Keff_nb=[2,512,131072,524288] Veff_nb=[2,2048,512,524288]
CUDA_FA_ROUTE_SUPPORTED kernel=MMA_F16 effK=f16 effV=f16 supported=1
CUDA_FA_ROUTE_PLAN device=0 Q=[256,1,16,1] Kraw=f16 Vraw=turbo3 Kshape=[256,256,4,1] Vshape=[256,256,4,1] Keff=f16 Veff=f16 turbo_kv=1 prefer_native_vec=0 decode=1 dk=0 dv=1 unsafe_vec_after_turbo_v_decode=0 allow_vec=1 kernel=MMA_F16 need_f16_K=0 need_f16_V=0 Knb=[2,512,131072,524288] Vnb=[50,400,100,102400] Keff_nb=[2,512,131072,524288] Veff_nb=[2,2048,512,524288]
CUDA_FA_ROUTE_SUPPORTED kernel=MMA_F16 effK=f16 effV=f16 supported=1
CUDA_FA_ROUTE_PLAN device=0 Q=[256,1,16,1] Kraw=f16 Vraw=turbo3 Kshape=[256,256,4,1] Vshape=[256,256,4,1] Keff=f16 Veff=f16 turbo_kv=1 prefer_native_vec=0 decode=1 dk=0 dv=1 unsafe_vec_after_turbo_v_decode=0 allow_vec=1 kernel=MMA_F16 need_f16_K=0 need_f16_V=0 Knb=[2,512,131072,524288] Vnb=[50,400,100,102400] Keff_nb=[2,512,131072,524288] Veff_nb=[2,2048,512,524288]
CUDA_FA_ROUTE_SUPPORTED kernel=MMA_F16 effK=f16 effV=f16 supported=1
CUDA_FA_ROUTE_PLAN device=0 Q=[256,1,16,1] Kraw=f16 Vraw=turbo3 Kshape=[256,256,4,1] Vshape=[256,256,4,1] Keff=f16 Veff=f16 turbo_kv=1 prefer_native_vec=0 decode=1 dk=0 dv=1 unsafe_vec_after_turbo_v_decode=0 allow_vec=1 kernel=MMA_F16 need_f16_K=0 need_f16_V=0 Knb=[2,512,131072,524288] Vnb=[50,400,100,102400] Keff_nb=[2,512,131072,524288] Veff_nb=[2,2048,512,524288]
CUDA_FA_ROUTE_SUPPORTED kernel=MMA_F16 effK=f16 effV=f16 supported=1
CUDA_FA_ROUTE_PLAN device=0 Q=[256,1,16,1] Kraw=f16 Vraw=turbo3 Kshape=[256,256,4,1] Vshape=[256,256,4,1] Keff=f16 Veff=f16 turbo_kv=1 prefer_native_vec=0 decode=1 dk=0 dv=1 unsafe_vec_after_turbo_v_decode=0 allow_vec=1 kernel=MMA_F16 need_f16_K=0 need_f16_V=0 Knb=[2,512,131072,524288] Vnb=[50,400,100,102400] Keff_nb=[2,512,131072,524288] Veff_nb=[2,2048,512,524288]
CUDA_FA_ROUTE_SUPPORTED kernel=MMA_F16 effK=f16 effV=f16 supported=1
CUDA_FA_ROUTE_PLAN device=0 Q=[256,1,16,1] Kraw=f16 Vraw=turbo3 Kshape=[256,256,4,1] Vshape=[256,256,4,1] Keff=f16 Veff=f16 turbo_kv=1 prefer_native_vec=0 decode=1 dk=0 dv=1 unsafe_vec_after_turbo_v_decode=0 allow_vec=1 kernel=MMA_F16 need_f16_K=0 need_f16_V=0 Knb=[2,512,131072,524288] Vnb=[50,400,100,102400] Keff_nb=[2,512,131072,524288] Veff_nb=[2,2048,512,524288]
CUDA_FA_ROUTE_SUPPORTED kernel=MMA_F16 effK=f16 effV=f16 supported=1
CUDA_FA_ROUTE_PLAN device=0 Q=[256,1,16,1] Kraw=f16 Vraw=turbo3 Kshape=[256,256,4,1] Vshape=[256,256,4,1] Keff=f16 Veff=f16 turbo_kv=1 prefer_native_vec=0 decode=1 dk=0 dv=1 unsafe_vec_after_turbo_v_decode=0 allow_vec=1 kernel=MMA_F16 need_f16_K=0 need_f16_V=0 Knb=[2,512,131072,524288] Vnb=[50,400,100,102400] Keff_nb=[2,512,131072,524288] Veff_nb=[2,2048,512,524288]
CUDA_FA_ROUTE_SUPPORTED kernel=MMA_F16 effK=f16 effV=f16 supported=1
CUDA_FA_ROUTE_PLAN device=0 Q=[256,1,16,1] Kraw=f16 Vraw=turbo3 Kshape=[256,256,4,1] Vshape=[256,256,4,1] Keff=f16 Veff=f16 turbo_kv=1 prefer_native_vec=0 decode=1 dk=0 dv=1 unsafe_vec_after_turbo_v_decode=0 allow_vec=1 kernel=MMA_F16 need_f16_K=0 need_f16_V=0 Knb=[2,512,131072,524288] Vnb=[50,400,100,102400] Keff_nb=[2,512,131072,524288] Veff_nb=[2,2048,512,524288]
CUDA_FA_ROUTE_SUPPORTED kernel=MMA_F16 effK=f16 effV=f16 supported=1
CUDA_FA_ROUTE_PLAN device=0 Q=[256,1,16,1] Kraw=f16 Vraw=turbo3 Kshape=[256,256,4,1] Vshape=[256,256,4,1] Keff=f16 Veff=f16 turbo_kv=1 prefer_native_vec=0 decode=1 dk=0 dv=1 unsafe_vec_after_turbo_v_decode=0 allow_vec=1 kernel=MMA_F16 need_f16_K=0 need_f16_V=0 Knb=[2,512,131072,524288] Vnb=[50,400,100,102400] Keff_nb=[2,512,131072,524288] Veff_nb=[2,2048,512,524288]
CUDA_FA_ROUTE_SUPPORTED kernel=MMA_F16 effK=f16 effV=f16 supported=1
CUDA_FA_ROUTE_PLAN device=0 Q=[256,16,16,1] Kraw=f16 Vraw=turbo3 Kshape=[256,256,4,1] Vshape=[256,256,4,1] Keff=f16 Veff=f16 turbo_kv=1 prefer_native_vec=0 decode=1 dk=0 dv=1 unsafe_vec_after_turbo_v_decode=0 allow_vec=1 kernel=MMA_F16 need_f16_K=0 need_f16_V=0 Knb=[2,512,131072,524288] Vnb=[50,400,100,102400] Keff_nb=[2,512,131072,524288] Veff_nb=[2,2048,512,524288]
CUDA_FA_ROUTE_SUPPORTED kernel=MMA_F16 effK=f16 effV=f16 supported=1
CUDA_FA_ROUTE_PLAN device=0 Q=[256,16,16,1] Kraw=f16 Vraw=turbo3 Kshape=[256,256,4,1] Vshape=[256,256,4,1] Keff=f16 Veff=f16 turbo_kv=1 prefer_native_vec=0 decode=1 dk=0 dv=1 unsafe_vec_after_turbo_v_decode=0 allow_vec=1 kernel=MMA_F16 need_f16_K=0 need_f16_V=0 Knb=[2,512,131072,524288] Vnb=[50,400,100,102400] Keff_nb=[2,512,131072,524288] Veff_nb=[2,2048,512,524288]
CUDA_FA_ROUTE_SUPPORTED kernel=MMA_F16 effK=f16 effV=f16 supported=1
CUDA_FA_ROUTE_PLAN device=0 Q=[256,16,16,1] Kraw=f16 Vraw=turbo3 Kshape=[256,256,4,1] Vshape=[256,256,4,1] Keff=f16 Veff=f16 turbo_kv=1 prefer_native_vec=0 decode=1 dk=0 dv=1 unsafe_vec_after_turbo_v_decode=0 allow_vec=1 kernel=MMA_F16 need_f16_K=0 need_f16_V=0 Knb=[2,512,131072,524288] Vnb=[50,400,100,102400] Keff_nb=[2,512,131072,524288] Veff_nb=[2,2048,512,524288]
CUDA_FA_ROUTE_SUPPORTED kernel=MMA_F16 effK=f16 effV=f16 supported=1
CUDA_FA_ROUTE_PLAN device=0 Q=[256,16,16,1] Kraw=f16 Vraw=turbo3 Kshape=[256,256,4,1] Vshape=[256,256,4,1] Keff=f16 Veff=f16 turbo_kv=1 prefer_native_vec=0 decode=1 dk=0 dv=1 unsafe_vec_after_turbo_v_decode=0 allow_vec=1 kernel=MMA_F16 need_f16_K=0 need_f16_V=0 Knb=[2,512,131072,524288] Vnb=[50,400,100,102400] Keff_nb=[2,512,131072,524288] Veff_nb=[2,2048,512,524288]
CUDA_FA_ROUTE_SUPPORTED kernel=MMA_F16 effK=f16 effV=f16 supported=1
CUDA_FA_ROUTE_PLAN device=0 Q=[256,16,16,1] Kraw=f16 Vraw=turbo3 Kshape=[256,256,4,1] Vshape=[256,256,4,1] Keff=f16 Veff=f16 turbo_kv=1 prefer_native_vec=0 decode=1 dk=0 dv=1 unsafe_vec_after_turbo_v_decode=0 allow_vec=1 kernel=MMA_F16 need_f16_K=0 need_f16_V=0 Knb=[2,512,131072,524288] Vnb=[50,400,100,102400] Keff_nb=[2,512,131072,524288] Veff_nb=[2,2048,512,524288]
CUDA_FA_ROUTE_SUPPORTED kernel=MMA_F16 effK=f16 effV=f16 supported=1
CUDA_FA_ROUTE_PLAN device=0 Q=[256,16,16,1] Kraw=f16 Vraw=turbo3 Kshape=[256,256,4,1] Vshape=[256,256,4,1] Keff=f16 Veff=f16 turbo_kv=1 prefer_native_vec=0 decode=1 dk=0 dv=1 unsafe_vec_after_turbo_v_decode=0 allow_vec=1 kernel=MMA_F16 need_f16_K=0 need_f16_V=0 Knb=[2,512,131072,524288] Vnb=[50,400,100,102400] Keff_nb=[2,512,131072,524288] Veff_nb=[2,2048,512,524288]
CUDA_FA_ROUTE_SUPPORTED kernel=MMA_F16 effK=f16 effV=f16 supported=1
CUDA_FA_ROUTE_PLAN device=0 Q=[256,16,16,1] Kraw=f16 Vraw=turbo3 Kshape=[256,256,4,1] Vshape=[256,256,4,1] Keff=f16 Veff=f16 turbo_kv=1 prefer_native_vec=0 decode=1 dk=0 dv=1 unsafe_vec_after_turbo_v_decode=0 allow_vec=1 kernel=MMA_F16 need_f16_K=0 need_f16_V=0 Knb=[2,512,131072,524288] Vnb=[50,400,100,102400] Keff_nb=[2,512,131072,524288] Veff_nb=[2,2048,512,524288]
CUDA_FA_ROUTE_SUPPORTED kernel=MMA_F16 effK=f16 effV=f16 supported=1
CUDA_FA_ROUTE_PLAN device=0 Q=[256,16,16,1] Kraw=f16 Vraw=turbo3 Kshape=[256,256,4,1] Vshape=[256,256,4,1] Keff=f16 Veff=f16 turbo_kv=1 prefer_native_vec=0 decode=1 dk=0 dv=1 unsafe_vec_after_turbo_v_decode=0 allow_vec=1 kernel=MMA_F16 need_f16_K=0 need_f16_V=0 Knb=[2,512,131072,524288] Vnb=[50,400,100,102400] Keff_nb=[2,512,131072,524288] Veff_nb=[2,2048,512,524288]
CUDA_FA_ROUTE_SUPPORTED kernel=MMA_F16 effK=f16 effV=f16 supported=1
CUDA_FA_ROUTE_PLAN device=0 Q=[256,1,16,1] Kraw=f16 Vraw=turbo3 Kshape=[256,256,4,1] Vshape=[256,256,4,1] Keff=f16 Veff=f16 turbo_kv=1 prefer_native_vec=0 decode=1 dk=0 dv=1 unsafe_vec_after_turbo_v_decode=0 allow_vec=1 kernel=MMA_F16 need_f16_K=0 need_f16_V=0 Knb=[2,512,131072,524288] Vnb=[50,400,100,102400] Keff_nb=[2,512,131072,524288] Veff_nb=[2,2048,512,524288]
CUDA_FA_ROUTE_SUPPORTED kernel=MMA_F16 effK=f16 effV=f16 supported=1
CUDA_FA_ROUTE_PLAN device=0 Q=[256,1,16,1] Kraw=f16 Vraw=turbo3 Kshape=[256,256,4,1] Vshape=[256,256,4,1] Keff=f16 Veff=f16 turbo_kv=1 prefer_native_vec=0 decode=1 dk=0 dv=1 unsafe_vec_after_turbo_v_decode=0 allow_vec=1 kernel=MMA_F16 need_f16_K=0 need_f16_V=0 Knb=[2,512,131072,524288] Vnb=[50,400,100,102400] Keff_nb=[2,512,131072,524288] Veff_nb=[2,2048,512,524288]
CUDA_FA_ROUTE_SUPPORTED kernel=MMA_F16 effK=f16 effV=f16 supported=1
CUDA_FA_ROUTE_PLAN device=0 Q=[256,1,16,1] Kraw=f16 Vraw=turbo3 Kshape=[256,256,4,1] Vshape=[256,256,4,1] Keff=f16 Veff=f16 turbo_kv=1 prefer_native_vec=0 decode=1 dk=0 dv=1 unsafe_vec_after_turbo_v_decode=0 allow_vec=1 kernel=MMA_F16 need_f16_K=0 need_f16_V=0 Knb=[2,512,131072,524288] Vnb=[50,400,100,102400] Keff_nb=[2,512,131072,524288] Veff_nb=[2,2048,512,524288]
CUDA_FA_ROUTE_SUPPORTED kernel=MMA_F16 effK=f16 effV=f16 supported=1
CUDA_FA_ROUTE_PLAN device=0 Q=[256,1,16,1] Kraw=f16 Vraw=turbo3 Kshape=[256,256,4,1] Vshape=[256,256,4,1] Keff=f16 Veff=f16 turbo_kv=1 prefer_native_vec=0 decode=1 dk=0 dv=1 unsafe_vec_after_turbo_v_decode=0 allow_vec=1 kernel=MMA_F16 need_f16_K=0 need_f16_V=0 Knb=[2,512,131072,524288] Vnb=[50,400,100,102400] Keff_nb=[2,512,131072,524288] Veff_nb=[2,2048,512,524288]
CUDA_FA_ROUTE_SUPPORTED kernel=MMA_F16 effK=f16 effV=f16 supported=1
CUDA_FA_ROUTE_PLAN device=0 Q=[256,1,16,1] Kraw=f16 Vraw=turbo3 Kshape=[256,256,4,1] Vshape=[256,256,4,1] Keff=f16 Veff=f16 turbo_kv=1 prefer_native_vec=0 decode=1 dk=0 dv=1 unsafe_vec_after_turbo_v_decode=0 allow_vec=1 kernel=MMA_F16 need_f16_K=0 need_f16_V=0 Knb=[2,512,131072,524288] Vnb=[50,400,100,102400] Keff_nb=[2,512,131072,524288] Veff_nb=[2,2048,512,524288]
CUDA_FA_ROUTE_SUPPORTED kernel=MMA_F16 effK=f16 effV=f16 supported=1
CUDA_FA_ROUTE_PLAN device=0 Q=[256,1,16,1] Kraw=f16 Vraw=turbo3 Kshape=[256,256,4,1] Vshape=[256,256,4,1] Keff=f16 Veff=f16 turbo_kv=1 prefer_native_vec=0 decode=1 dk=0 dv=1 unsafe_vec_after_turbo_v_decode=0 allow_vec=1 kernel=MMA_F16 need_f16_K=0 need_f16_V=0 Knb=[2,512,131072,524288] Vnb=[50,400,100,102400] Keff_nb=[2,512,131072,524288] Veff_nb=[2,2048,512,524288]
CUDA_FA_ROUTE_SUPPORTED kernel=MMA_F16 effK=f16 effV=f16 supported=1
CUDA_FA_ROUTE_PLAN device=0 Q=[256,1,16,1] Kraw=f16 Vraw=turbo3 Kshape=[256,256,4,1] Vshape=[256,256,4,1] Keff=f16 Veff=f16 turbo_kv=1 prefer_native_vec=0 decode=1 dk=0 dv=1 unsafe_vec_after_turbo_v_decode=0 allow_vec=1 kernel=MMA_F16 need_f16_K=0 need_f16_V=0 Knb=[2,512,131072,524288] Vnb=[50,400,100,102400] Keff_nb=[2,512,131072,524288] Veff_nb=[2,2048,512,524288]
CUDA_FA_ROUTE_SUPPORTED kernel=MMA_F16 effK=f16 effV=f16 supported=1
CUDA_FA_ROUTE_PLAN device=0 Q=[256,1,16,1] Kraw=f16 Vraw=turbo3 Kshape=[256,256,4,1] Vshape=[256,256,4,1] Keff=f16 Veff=f16 turbo_kv=1 prefer_native_vec=0 decode=1 dk=0 dv=1 unsafe_vec_after_turbo_v_decode=0 allow_vec=1 kernel=MMA_F16 need_f16_K=0 need_f16_V=0 Knb=[2,512,131072,524288] Vnb=[50,400,100,102400] Keff_nb=[2,512,131072,524288] Veff_nb=[2,2048,512,524288]
CUDA_FA_ROUTE_SUPPORTED kernel=MMA_F16 effK=f16 effV=f16 supported=1
CUDA_FA_ROUTE_PLAN device=0 Q=[256,256,16,1] Kraw=f16 Vraw=turbo3 Kshape=[256,256,4,1] Vshape=[256,256,4,1] Keff=f16 Veff=f16 turbo_kv=1 prefer_native_vec=0 decode=1 dk=0 dv=1 unsafe_vec_after_turbo_v_decode=0 allow_vec=1 kernel=MMA_F16 need_f16_K=0 need_f16_V=0 Knb=[2,512,131072,524288] Vnb=[50,400,100,102400] Keff_nb=[2,512,131072,524288] Veff_nb=[2,2048,512,524288]
CUDA_FA_ROUTE_SUPPORTED kernel=MMA_F16 effK=f16 effV=f16 supported=1
CUDA_FA_ROUTE_PLAN device=0 Q=[256,256,16,1] Kraw=f16 Vraw=turbo3 Kshape=[256,256,4,1] Vshape=[256,256,4,1] Keff=f16 Veff=f16 turbo_kv=1 prefer_native_vec=0 decode=1 dk=0 dv=1 unsafe_vec_after_turbo_v_decode=0 allow_vec=1 kernel=MMA_F16 need_f16_K=0 need_f16_V=0 Knb=[2,512,131072,524288] Vnb=[50,400,100,102400] Keff_nb=[2,512,131072,524288] Veff_nb=[2,2048,512,524288]
CUDA_FA_ROUTE_SUPPORTED kernel=MMA_F16 effK=f16 effV=f16 supported=1
CUDA_FA_ROUTE_PLAN device=0 Q=[256,256,16,1] Kraw=f16 Vraw=turbo3 Kshape=[256,256,4,1] Vshape=[256,256,4,1] Keff=f16 Veff=f16 turbo_kv=1 prefer_native_vec=0 decode=1 dk=0 dv=1 unsafe_vec_after_turbo_v_decode=0 allow_vec=1 kernel=MMA_F16 need_f16_K=0 need_f16_V=0 Knb=[2,512,131072,524288] Vnb=[50,400,100,102400] Keff_nb=[2,512,131072,524288] Veff_nb=[2,2048,512,524288]
CUDA_FA_ROUTE_SUPPORTED kernel=MMA_F16 effK=f16 effV=f16 supported=1
CUDA_FA_ROUTE_PLAN device=0 Q=[256,256,16,1] Kraw=f16 Vraw=turbo3 Kshape=[256,256,4,1] Vshape=[256,256,4,1] Keff=f16 Veff=f16 turbo_kv=1 prefer_native_vec=0 decode=1 dk=0 dv=1 unsafe_vec_after_turbo_v_decode=0 allow_vec=1 kernel=MMA_F16 need_f16_K=0 need_f16_V=0 Knb=[2,512,131072,524288] Vnb=[50,400,100,102400] Keff_nb=[2,512,131072,524288] Veff_nb=[2,2048,512,524288]
CUDA_FA_ROUTE_SUPPORTED kernel=MMA_F16 effK=f16 effV=f16 supported=1
CUDA_FA_ROUTE_PLAN device=0 Q=[256,256,16,1] Kraw=f16 Vraw=turbo3 Kshape=[256,256,4,1] Vshape=[256,256,4,1] Keff=f16 Veff=f16 turbo_kv=1 prefer_native_vec=0 decode=1 dk=0 dv=1 unsafe_vec_after_turbo_v_decode=0 allow_vec=1 kernel=MMA_F16 need_f16_K=0 need_f16_V=0 Knb=[2,512,131072,524288] Vnb=[50,400,100,102400] Keff_nb=[2,512,131072,524288] Veff_nb=[2,2048,512,524288]
CUDA_FA_ROUTE_SUPPORTED kernel=MMA_F16 effK=f16 effV=f16 supported=1
CUDA_FA_ROUTE_PLAN device=0 Q=[256,256,16,1] Kraw=f16 Vraw=turbo3 Kshape=[256,256,4,1] Vshape=[256,256,4,1] Keff=f16 Veff=f16 turbo_kv=1 prefer_native_vec=0 decode=1 dk=0 dv=1 unsafe_vec_after_turbo_v_decode=0 allow_vec=1 kernel=MMA_F16 need_f16_K=0 need_f16_V=0 Knb=[2,512,131072,524288] Vnb=[50,400,100,102400] Keff_nb=[2,512,131072,524288] Veff_nb=[2,2048,512,524288]
CUDA_FA_ROUTE_SUPPORTED kernel=MMA_F16 effK=f16 effV=f16 supported=1
CUDA_FA_ROUTE_PLAN device=0 Q=[256,256,16,1] Kraw=f16 Vraw=turbo3 Kshape=[256,256,4,1] Vshape=[256,256,4,1] Keff=f16 Veff=f16 turbo_kv=1 prefer_native_vec=0 decode=1 dk=0 dv=1 unsafe_vec_after_turbo_v_decode=0 allow_vec=1 kernel=MMA_F16 need_f16_K=0 need_f16_V=0 Knb=[2,512,131072,524288] Vnb=[50,400,100,102400] Keff_nb=[2,512,131072,524288] Veff_nb=[2,2048,512,524288]
CUDA_FA_ROUTE_SUPPORTED kernel=MMA_F16 effK=f16 effV=f16 supported=1
CUDA_FA_ROUTE_PLAN device=0 Q=[256,256,16,1] Kraw=f16 Vraw=turbo3 Kshape=[256,256,4,1] Vshape=[256,256,4,1] Keff=f16 Veff=f16 turbo_kv=1 prefer_native_vec=0 decode=1 dk=0 dv=1 unsafe_vec_after_turbo_v_decode=0 allow_vec=1 kernel=MMA_F16 need_f16_K=0 need_f16_V=0 Knb=[2,512,131072,524288] Vnb=[50,400,100,102400] Keff_nb=[2,512,131072,524288] Veff_nb=[2,2048,512,524288]
CUDA_FA_ROUTE_SUPPORTED kernel=MMA_F16 effK=f16 effV=f16 supported=1
CUDA_FA_ROUTE_PLAN device=0 Q=[256,256,16,1] Kraw=f16 Vraw=turbo3 Kshape=[256,256,4,1] Vshape=[256,256,4,1] Keff=f16 Veff=f16 turbo_kv=1 prefer_native_vec=0 decode=1 dk=0 dv=1 unsafe_vec_after_turbo_v_decode=0 allow_vec=1 kernel=MMA_F16 need_f16_K=0 need_f16_V=0 Knb=[2,512,131072,524288] Vnb=[50,400,100,102400] Keff_nb=[2,512,131072,524288] Veff_nb=[2,2048,512,524288]
CUDA_FA_ROUTE_ALLOC kernel=MMA_F16 need_f16_K=0 need_f16_V=0 workspace_end_offset=4194304 dst_data=(nil) f16_K=(nil) f16_V=(nil) f16_end=0x400000
CUDA_FA_ROUTE_PLAN device=0 Q=[256,256,16,1] Kraw=f16 Vraw=turbo3 Kshape=[256,256,4,1] Vshape=[256,256,4,1] Keff=f16 Veff=f16 turbo_kv=1 prefer_native_vec=0 decode=1 dk=0 dv=1 unsafe_vec_after_turbo_v_decode=0 allow_vec=1 kernel=MMA_F16 need_f16_K=0 need_f16_V=0 Knb=[2,512,131072,524288] Vnb=[50,400,100,102400] Keff_nb=[2,512,131072,524288] Veff_nb=[2,2048,512,524288]
CUDA_FA_ROUTE_ALLOC kernel=MMA_F16 need_f16_K=0 need_f16_V=0 workspace_end_offset=4194304 dst_data=(nil) f16_K=(nil) f16_V=(nil) f16_end=0x400000
CUDA_FA_ROUTE_PLAN device=0 Q=[256,256,16,1] Kraw=f16 Vraw=turbo3 Kshape=[256,256,4,1] Vshape=[256,256,4,1] Keff=f16 Veff=f16 turbo_kv=1 prefer_native_vec=0 decode=1 dk=0 dv=1 unsafe_vec_after_turbo_v_decode=0 allow_vec=1 kernel=MMA_F16 need_f16_K=0 need_f16_V=0 Knb=[2,512,131072,524288] Vnb=[50,400,100,102400] Keff_nb=[2,512,131072,524288] Veff_nb=[2,2048,512,524288]
CUDA_FA_ROUTE_ALLOC kernel=MMA_F16 need_f16_K=0 need_f16_V=0 workspace_end_offset=4194304 dst_data=(nil) f16_K=(nil) f16_V=(nil) f16_end=0x400000
CUDA_FA_ROUTE_PLAN device=0 Q=[256,256,16,1] Kraw=f16 Vraw=turbo3 Kshape=[256,256,4,1] Vshape=[256,256,4,1] Keff=f16 Veff=f16 turbo_kv=1 prefer_native_vec=0 decode=1 dk=0 dv=1 unsafe_vec_after_turbo_v_decode=0 allow_vec=1 kernel=MMA_F16 need_f16_K=0 need_f16_V=0 Knb=[2,512,131072,524288] Vnb=[50,400,100,102400] Keff_nb=[2,512,131072,524288] Veff_nb=[2,2048,512,524288]
CUDA_FA_ROUTE_ALLOC kernel=MMA_F16 need_f16_K=0 need_f16_V=0 workspace_end_offset=4194304 dst_data=(nil) f16_K=(nil) f16_V=(nil) f16_end=0x400000
CUDA_FA_ROUTE_PLAN device=0 Q=[256,256,16,1] Kraw=f16 Vraw=turbo3 Kshape=[256,256,4,1] Vshape=[256,256,4,1] Keff=f16 Veff=f16 turbo_kv=1 prefer_native_vec=0 decode=1 dk=0 dv=1 unsafe_vec_after_turbo_v_decode=0 allow_vec=1 kernel=MMA_F16 need_f16_K=0 need_f16_V=0 Knb=[2,512,131072,524288] Vnb=[50,400,100,102400] Keff_nb=[2,512,131072,524288] Veff_nb=[2,2048,512,524288]
CUDA_FA_ROUTE_ALLOC kernel=MMA_F16 need_f16_K=0 need_f16_V=0 workspace_end_offset=4194304 dst_data=(nil) f16_K=(nil) f16_V=(nil) f16_end=0x400000
CUDA_FA_ROUTE_PLAN device=0 Q=[256,256,16,1] Kraw=f16 Vraw=turbo3 Kshape=[256,256,4,1] Vshape=[256,256,4,1] Keff=f16 Veff=f16 turbo_kv=1 prefer_native_vec=0 decode=1 dk=0 dv=1 unsafe_vec_after_turbo_v_decode=0 allow_vec=1 kernel=MMA_F16 need_f16_K=0 need_f16_V=0 Knb=[2,512,131072,524288] Vnb=[50,400,100,102400] Keff_nb=[2,512,131072,524288] Veff_nb=[2,2048,512,524288]
CUDA_FA_ROUTE_ALLOC kernel=MMA_F16 need_f16_K=0 need_f16_V=0 workspace_end_offset=4194304 dst_data=(nil) f16_K=(nil) f16_V=(nil) f16_end=0x400000
CUDA_FA_ROUTE_PLAN device=0 Q=[256,256,16,1] Kraw=f16 Vraw=turbo3 Kshape=[256,256,4,1] Vshape=[256,256,4,1] Keff=f16 Veff=f16 turbo_kv=1 prefer_native_vec=0 decode=1 dk=0 dv=1 unsafe_vec_after_turbo_v_decode=0 allow_vec=1 kernel=MMA_F16 need_f16_K=0 need_f16_V=0 Knb=[2,512,131072,524288] Vnb=[50,400,100,102400] Keff_nb=[2,512,131072,524288] Veff_nb=[2,2048,512,524288]
CUDA_FA_ROUTE_ALLOC kernel=MMA_F16 need_f16_K=0 need_f16_V=0 workspace_end_offset=4194304 dst_data=(nil) f16_K=(nil) f16_V=(nil) f16_end=0x400000
CUDA_FA_ROUTE_PLAN device=0 Q=[256,256,16,1] Kraw=f16 Vraw=turbo3 Kshape=[256,256,4,1] Vshape=[256,256,4,1] Keff=f16 Veff=f16 turbo_kv=1 prefer_native_vec=0 decode=1 dk=0 dv=1 unsafe_vec_after_turbo_v_decode=0 allow_vec=1 kernel=MMA_F16 need_f16_K=0 need_f16_V=0 Knb=[2,512,131072,524288] Vnb=[50,400,100,102400] Keff_nb=[2,512,131072,524288] Veff_nb=[2,2048,512,524288]
CUDA_FA_ROUTE_ALLOC kernel=MMA_F16 need_f16_K=0 need_f16_V=0 workspace_end_offset=4194304 dst_data=(nil) f16_K=(nil) f16_V=(nil) f16_end=0x400000
CUDA_FA_ROUTE_PLAN device=0 Q=[256,256,16,1] Kraw=f16 Vraw=turbo3 Kshape=[256,256,4,1] Vshape=[256,256,4,1] Keff=f16 Veff=f16 turbo_kv=1 prefer_native_vec=0 decode=1 dk=0 dv=1 unsafe_vec_after_turbo_v_decode=0 allow_vec=1 kernel=MMA_F16 need_f16_K=0 need_f16_V=0 Knb=[2,512,131072,524288] Vnb=[50,400,100,102400] Keff_nb=[2,512,131072,524288] Veff_nb=[2,2048,512,524288]
CUDA_FA_ROUTE_ALLOC kernel=MMA_F16 need_f16_K=0 need_f16_V=0 workspace_end_offset=4194304 dst_data=(nil) f16_K=(nil) f16_V=(nil) f16_end=0x400000
CUDA_FA_ROUTE_PLAN device=0 Q=[256,256,16,1] Kraw=f16 Vraw=turbo3 Kshape=[256,256,4,1] Vshape=[256,256,4,1] Keff=f16 Veff=f16 turbo_kv=1 prefer_native_vec=0 decode=1 dk=0 dv=1 unsafe_vec_after_turbo_v_decode=0 allow_vec=1 kernel=MMA_F16 need_f16_K=0 need_f16_V=0 Knb=[2,512,131072,524288] Vnb=[50,400,100,102400] Keff_nb=[2,512,131072,524288] Veff_nb=[2,2048,512,524288]
CUDA_FA_ROUTE_ALLOC kernel=MMA_F16 need_f16_K=0 need_f16_V=0 workspace_end_offset=4194304 dst_data=(nil) f16_K=(nil) f16_V=(nil) f16_end=0x400000
CUDA_FA_ROUTE_PLAN device=0 Q=[256,256,16,1] Kraw=f16 Vraw=turbo3 Kshape=[256,256,4,1] Vshape=[256,256,4,1] Keff=f16 Veff=f16 turbo_kv=1 prefer_native_vec=0 decode=1 dk=0 dv=1 unsafe_vec_after_turbo_v_decode=0 allow_vec=1 kernel=MMA_F16 need_f16_K=0 need_f16_V=0 Knb=[2,512,131072,524288] Vnb=[50,400,100,102400] Keff_nb=[2,512,131072,524288] Veff_nb=[2,2048,512,524288]
CUDA_FA_ROUTE_ALLOC kernel=MMA_F16 need_f16_K=0 need_f16_V=0 workspace_end_offset=4194304 dst_data=(nil) f16_K=(nil) f16_V=(nil) f16_end=0x400000
CUDA_FA_ROUTE_PLAN device=0 Q=[256,256,16,1] Kraw=f16 Vraw=turbo3 Kshape=[256,256,4,1] Vshape=[256,256,4,1] Keff=f16 Veff=f16 turbo_kv=1 prefer_native_vec=0 decode=1 dk=0 dv=1 unsafe_vec_after_turbo_v_decode=0 allow_vec=1 kernel=MMA_F16 need_f16_K=0 need_f16_V=0 Knb=[2,512,131072,524288] Vnb=[50,400,100,102400] Keff_nb=[2,512,131072,524288] Veff_nb=[2,2048,512,524288]
CUDA_FA_ROUTE_ALLOC kernel=MMA_F16 need_f16_K=0 need_f16_V=0 workspace_end_offset=4194304 dst_data=(nil) f16_K=(nil) f16_V=(nil) f16_end=0x400000
CUDA_FA_ROUTE_PLAN device=0 Q=[256,256,16,1] Kraw=f16 Vraw=turbo3 Kshape=[256,256,4,1] Vshape=[256,256,4,1] Keff=f16 Veff=f16 turbo_kv=1 prefer_native_vec=0 decode=1 dk=0 dv=1 unsafe_vec_after_turbo_v_decode=0 allow_vec=1 kernel=MMA_F16 need_f16_K=0 need_f16_V=0 Knb=[2,512,131072,524288] Vnb=[50,400,100,102400] Keff_nb=[2,512,131072,524288] Veff_nb=[2,2048,512,524288]
CUDA_FA_ROUTE_ALLOC kernel=MMA_F16 need_f16_K=0 need_f16_V=0 workspace_end_offset=4194304 dst_data=(nil) f16_K=(nil) f16_V=(nil) f16_end=0x400000
CUDA_FA_ROUTE_PLAN device=0 Q=[256,256,16,1] Kraw=f16 Vraw=turbo3 Kshape=[256,256,4,1] Vshape=[256,256,4,1] Keff=f16 Veff=f16 turbo_kv=1 prefer_native_vec=0 decode=1 dk=0 dv=1 unsafe_vec_after_turbo_v_decode=0 allow_vec=1 kernel=MMA_F16 need_f16_K=0 need_f16_V=0 Knb=[2,512,131072,524288] Vnb=[50,400,100,102400] Keff_nb=[2,512,131072,524288] Veff_nb=[2,2048,512,524288]
CUDA_FA_ROUTE_ALLOC kernel=MMA_F16 need_f16_K=0 need_f16_V=0 workspace_end_offset=4194304 dst_data=(nil) f16_K=(nil) f16_V=(nil) f16_end=0x400000
CUDA_FA_ROUTE_PLAN device=0 Q=[256,256,16,1] Kraw=f16 Vraw=turbo3 Kshape=[256,256,4,1] Vshape=[256,256,4,1] Keff=f16 Veff=f16 turbo_kv=1 prefer_native_vec=0 decode=1 dk=0 dv=1 unsafe_vec_after_turbo_v_decode=0 allow_vec=1 kernel=MMA_F16 need_f16_K=0 need_f16_V=0 Knb=[2,512,131072,524288] Vnb=[50,400,100,102400] Keff_nb=[2,512,131072,524288] Veff_nb=[2,2048,512,524288]
CUDA_FA_ROUTE_ALLOC kernel=MMA_F16 need_f16_K=0 need_f16_V=0 workspace_end_offset=4194304 dst_data=(nil) f16_K=(nil) f16_V=(nil) f16_end=0x400000
CUDA_FA_ROUTE_PLAN device=0 Q=[256,256,16,1] Kraw=f16 Vraw=turbo3 Kshape=[256,256,4,1] Vshape=[256,256,4,1] Keff=f16 Veff=f16 turbo_kv=1 prefer_native_vec=0 decode=1 dk=0 dv=1 unsafe_vec_after_turbo_v_decode=0 allow_vec=1 kernel=MMA_F16 need_f16_K=0 need_f16_V=0 Knb=[2,512,131072,524288] Vnb=[50,400,100,102400] Keff_nb=[2,512,131072,524288] Veff_nb=[2,2048,512,524288]
CUDA_FA_ROUTE_ALLOC kernel=MMA_F16 need_f16_K=0 need_f16_V=0 workspace_end_offset=4194304 dst_data=(nil) f16_K=(nil) f16_V=(nil) f16_end=0x400000
CUDA_FA_ROUTE_PLAN device=0 Q=[256,256,16,1] Kraw=f16 Vraw=turbo3 Kshape=[256,256,4,1] Vshape=[256,256,4,1] Keff=f16 Veff=f16 turbo_kv=1 prefer_native_vec=0 decode=1 dk=0 dv=1 unsafe_vec_after_turbo_v_decode=0 allow_vec=1 kernel=MMA_F16 need_f16_K=0 need_f16_V=0 Knb=[2,512,131072,524288] Vnb=[50,400,100,102400] Keff_nb=[2,512,131072,524288] Veff_nb=[2,2048,512,524288]
CUDA_FA_ROUTE_ALLOC kernel=MMA_F16 need_f16_K=0 need_f16_V=0 workspace_end_offset=4194304 dst_data=(nil) f16_K=(nil) f16_V=(nil) f16_end=0x400000
CUDA_FA_ROUTE_PLAN device=0 Q=[256,256,16,1] Kraw=f16 Vraw=turbo3 Kshape=[256,256,4,1] Vshape=[256,256,4,1] Keff=f16 Veff=f16 turbo_kv=1 prefer_native_vec=0 decode=1 dk=0 dv=1 unsafe_vec_after_turbo_v_decode=0 allow_vec=1 kernel=MMA_F16 need_f16_K=0 need_f16_V=0 Knb=[2,512,131072,524288] Vnb=[50,400,100,102400] Keff_nb=[2,512,131072,524288] Veff_nb=[2,2048,512,524288]
CUDA_FA_ROUTE_ALLOC kernel=MMA_F16 need_f16_K=0 need_f16_V=0 workspace_end_offset=4194304 dst_data=(nil) f16_K=(nil) f16_V=(nil) f16_end=0x400000
CUDA_FA_ROUTE_PLAN device=0 Q=[256,256,16,1] Kraw=f16 Vraw=turbo3 Kshape=[256,256,4,1] Vshape=[256,256,4,1] Keff=f16 Veff=f16 turbo_kv=1 prefer_native_vec=0 decode=1 dk=0 dv=1 unsafe_vec_after_turbo_v_decode=0 allow_vec=1 kernel=MMA_F16 need_f16_K=0 need_f16_V=0 Knb=[2,512,131072,524288] Vnb=[50,400,100,102400] Keff_nb=[2,512,131072,524288] Veff_nb=[2,2048,512,524288]
CUDA_FA_ROUTE_ALLOC kernel=MMA_F16 need_f16_K=0 need_f16_V=0 workspace_end_offset=4194304 dst_data=(nil) f16_K=(nil) f16_V=(nil) f16_end=0x400000
CUDA_FA_ROUTE_PLAN device=0 Q=[256,256,16,1] Kraw=f16 Vraw=turbo3 Kshape=[256,256,4,1] Vshape=[256,256,4,1] Keff=f16 Veff=f16 turbo_kv=1 prefer_native_vec=0 decode=1 dk=0 dv=1 unsafe_vec_after_turbo_v_decode=0 allow_vec=1 kernel=MMA_F16 need_f16_K=0 need_f16_V=0 Knb=[2,512,131072,524288] Vnb=[50,400,100,102400] Keff_nb=[2,512,131072,524288] Veff_nb=[2,2048,512,524288]
CUDA_FA_ROUTE_ALLOC kernel=MMA_F16 need_f16_K=0 need_f16_V=0 workspace_end_offset=4194304 dst_data=(nil) f16_K=(nil) f16_V=(nil) f16_end=0x400000
CUDA_FA_ROUTE_PLAN device=0 Q=[256,256,16,1] Kraw=f16 Vraw=turbo3 Kshape=[256,256,4,1] Vshape=[256,256,4,1] Keff=f16 Veff=f16 turbo_kv=1 prefer_native_vec=0 decode=1 dk=0 dv=1 unsafe_vec_after_turbo_v_decode=0 allow_vec=1 kernel=MMA_F16 need_f16_K=0 need_f16_V=0 Knb=[2,512,131072,524288] Vnb=[50,400,100,102400] Keff_nb=[2,512,131072,524288] Veff_nb=[2,2048,512,524288]
CUDA_FA_ROUTE_ALLOC kernel=MMA_F16 need_f16_K=0 need_f16_V=0 workspace_end_offset=4194304 dst_data=(nil) f16_K=(nil) f16_V=(nil) f16_end=0x400000
CUDA_FA_ROUTE_PLAN device=0 Q=[256,256,16,1] Kraw=f16 Vraw=turbo3 Kshape=[256,256,4,1] Vshape=[256,256,4,1] Keff=f16 Veff=f16 turbo_kv=1 prefer_native_vec=0 decode=1 dk=0 dv=1 unsafe_vec_after_turbo_v_decode=0 allow_vec=1 kernel=MMA_F16 need_f16_K=0 need_f16_V=0 Knb=[2,512,131072,524288] Vnb=[50,400,100,102400] Keff_nb=[2,512,131072,524288] Veff_nb=[2,2048,512,524288]
CUDA_FA_ROUTE_ALLOC kernel=MMA_F16 need_f16_K=0 need_f16_V=0 workspace_end_offset=4194304 dst_data=(nil) f16_K=(nil) f16_V=(nil) f16_end=0x400000
CUDA_FA_ROUTE_PLAN device=0 Q=[256,256,16,1] Kraw=f16 Vraw=turbo3 Kshape=[256,256,4,1] Vshape=[256,256,4,1] Keff=f16 Veff=f16 turbo_kv=1 prefer_native_vec=0 decode=1 dk=0 dv=1 unsafe_vec_after_turbo_v_decode=0 allow_vec=1 kernel=MMA_F16 need_f16_K=0 need_f16_V=0 Knb=[2,512,131072,524288] Vnb=[50,400,100,102400] Keff_nb=[2,512,131072,524288] Veff_nb=[2,2048,512,524288]
CUDA_FA_ROUTE_ALLOC kernel=MMA_F16 need_f16_K=0 need_f16_V=0 workspace_end_offset=4194304 dst_data=(nil) f16_K=(nil) f16_V=(nil) f16_end=0x400000
CUDA_FA_ROUTE_PLAN device=0 Q=[256,256,16,1] Kraw=f16 Vraw=turbo3 Kshape=[256,256,4,1] Vshape=[256,256,4,1] Keff=f16 Veff=f16 turbo_kv=1 prefer_native_vec=0 decode=1 dk=0 dv=1 unsafe_vec_after_turbo_v_decode=0 allow_vec=1 kernel=MMA_F16 need_f16_K=0 need_f16_V=0 Knb=[2,512,131072,524288] Vnb=[50,400,100,102400] Keff_nb=[2,512,131072,524288] Veff_nb=[2,2048,512,524288]
CUDA_FA_ROUTE_ALLOC kernel=MMA_F16 need_f16_K=0 need_f16_V=0 workspace_end_offset=4194304 dst_data=(nil) f16_K=(nil) f16_V=(nil) f16_end=0x400000
CUDA_FA_ROUTE_PLAN device=0 Q=[256,256,16,1] Kraw=f16 Vraw=turbo3 Kshape=[256,256,4,1] Vshape=[256,256,4,1] Keff=f16 Veff=f16 turbo_kv=1 prefer_native_vec=0 decode=1 dk=0 dv=1 unsafe_vec_after_turbo_v_decode=0 allow_vec=1 kernel=MMA_F16 need_f16_K=0 need_f16_V=0 Knb=[2,512,131072,524288] Vnb=[50,400,100,102400] Keff_nb=[2,512,131072,524288] Veff_nb=[2,2048,512,524288]
CUDA_FA_ROUTE_ALLOC kernel=MMA_F16 need_f16_K=0 need_f16_V=0 workspace_end_offset=4194304 dst_data=(nil) f16_K=(nil) f16_V=(nil) f16_end=0x400000
CUDA_FA_ROUTE_PLAN device=0 Q=[256,256,16,1] Kraw=f16 Vraw=turbo3 Kshape=[256,256,4,1] Vshape=[256,256,4,1] Keff=f16 Veff=f16 turbo_kv=1 prefer_native_vec=0 decode=1 dk=0 dv=1 unsafe_vec_after_turbo_v_decode=0 allow_vec=1 kernel=MMA_F16 need_f16_K=0 need_f16_V=0 Knb=[2,512,131072,524288] Vnb=[50,400,100,102400] Keff_nb=[2,512,131072,524288] Veff_nb=[2,2048,512,524288]
CUDA_FA_ROUTE_ALLOC kernel=MMA_F16 need_f16_K=0 need_f16_V=0 workspace_end_offset=4194304 dst_data=(nil) f16_K=(nil) f16_V=(nil) f16_end=0x400000
CUDA_FA_ROUTE_PLAN device=0 Q=[256,256,16,1] Kraw=f16 Vraw=turbo3 Kshape=[256,256,4,1] Vshape=[256,256,4,1] Keff=f16 Veff=f16 turbo_kv=1 prefer_native_vec=0 decode=1 dk=0 dv=1 unsafe_vec_after_turbo_v_decode=0 allow_vec=1 kernel=MMA_F16 need_f16_K=0 need_f16_V=0 Knb=[2,512,131072,524288] Vnb=[50,400,100,102400] Keff_nb=[2,512,131072,524288] Veff_nb=[2,2048,512,524288]
CUDA_FA_ROUTE_ALLOC kernel=MMA_F16 need_f16_K=0 need_f16_V=0 workspace_end_offset=4194304 dst_data=(nil) f16_K=(nil) f16_V=(nil) f16_end=0x400000
CUDA_FA_ROUTE_PLAN device=0 Q=[256,256,16,1] Kraw=f16 Vraw=turbo3 Kshape=[256,256,4,1] Vshape=[256,256,4,1] Keff=f16 Veff=f16 turbo_kv=1 prefer_native_vec=0 decode=1 dk=0 dv=1 unsafe_vec_after_turbo_v_decode=0 allow_vec=1 kernel=MMA_F16 need_f16_K=0 need_f16_V=0 Knb=[2,512,131072,524288] Vnb=[50,400,100,102400] Keff_nb=[2,512,131072,524288] Veff_nb=[2,2048,512,524288]
CUDA_FA_ROUTE_ALLOC kernel=MMA_F16 need_f16_K=0 need_f16_V=0 workspace_end_offset=4194304 dst_data=(nil) f16_K=(nil) f16_V=(nil) f16_end=0x400000
CUDA_FA_ROUTE_PLAN device=0 Q=[256,256,16,1] Kraw=f16 Vraw=turbo3 Kshape=[256,256,4,1] Vshape=[256,256,4,1] Keff=f16 Veff=f16 turbo_kv=1 prefer_native_vec=0 decode=1 dk=0 dv=1 unsafe_vec_after_turbo_v_decode=0 allow_vec=1 kernel=MMA_F16 need_f16_K=0 need_f16_V=0 Knb=[2,512,131072,524288] Vnb=[50,400,100,102400] Keff_nb=[2,512,131072,524288] Veff_nb=[2,2048,512,524288]
CUDA_FA_ROUTE_ALLOC kernel=MMA_F16 need_f16_K=0 need_f16_V=0 workspace_end_offset=4194304 dst_data=(nil) f16_K=(nil) f16_V=(nil) f16_end=0x400000
CUDA_FA_ROUTE_PLAN device=0 Q=[256,256,16,1] Kraw=f16 Vraw=turbo3 Kshape=[256,256,4,1] Vshape=[256,256,4,1] Keff=f16 Veff=f16 turbo_kv=1 prefer_native_vec=0 decode=1 dk=0 dv=1 unsafe_vec_after_turbo_v_decode=0 allow_vec=1 kernel=MMA_F16 need_f16_K=0 need_f16_V=0 Knb=[2,512,131072,524288] Vnb=[50,400,100,102400] Keff_nb=[2,512,131072,524288] Veff_nb=[2,2048,512,524288]
CUDA_FA_ROUTE_ALLOC kernel=MMA_F16 need_f16_K=0 need_f16_V=0 workspace_end_offset=4194304 dst_data=(nil) f16_K=(nil) f16_V=(nil) f16_end=0x400000
CUDA_FA_ROUTE_PLAN device=0 Q=[256,256,16,1] Kraw=f16 Vraw=turbo3 Kshape=[256,256,4,1] Vshape=[256,256,4,1] Keff=f16 Veff=f16 turbo_kv=1 prefer_native_vec=0 decode=1 dk=0 dv=1 unsafe_vec_after_turbo_v_decode=0 allow_vec=1 kernel=MMA_F16 need_f16_K=0 need_f16_V=0 Knb=[2,512,131072,524288] Vnb=[50,400,100,102400] Keff_nb=[2,512,131072,524288] Veff_nb=[2,2048,512,524288]
CUDA_FA_ROUTE_ALLOC kernel=MMA_F16 need_f16_K=0 need_f16_V=0 workspace_end_offset=4194304 dst_data=(nil) f16_K=(nil) f16_V=(nil) f16_end=0x400000
CUDA_FA_ROUTE_PLAN device=0 Q=[256,256,16,1] Kraw=f16 Vraw=turbo3 Kshape=[256,256,4,1] Vshape=[256,256,4,1] Keff=f16 Veff=f16 turbo_kv=1 prefer_native_vec=0 decode=1 dk=0 dv=1 unsafe_vec_after_turbo_v_decode=0 allow_vec=1 kernel=MMA_F16 need_f16_K=0 need_f16_V=0 Knb=[2,512,131072,524288] Vnb=[50,400,100,102400] Keff_nb=[2,512,131072,524288] Veff_nb=[2,2048,512,524288]
CUDA_FA_ROUTE_ALLOC kernel=MMA_F16 need_f16_K=0 need_f16_V=0 workspace_end_offset=4194304 dst_data=(nil) f16_K=(nil) f16_V=(nil) f16_end=0x400000
CUDA_FA_ROUTE_PLAN device=0 Q=[256,1,16,1] Kraw=f16 Vraw=turbo3 Kshape=[256,256,4,1] Vshape=[256,256,4,1] Keff=f16 Veff=f16 turbo_kv=1 prefer_native_vec=0 decode=1 dk=0 dv=1 unsafe_vec_after_turbo_v_decode=0 allow_vec=1 kernel=MMA_F16 need_f16_K=0 need_f16_V=0 Knb=[2,512,131072,524288] Vnb=[50,400,100,102400] Keff_nb=[2,512,131072,524288] Veff_nb=[2,2048,512,524288]
CUDA_FA_ROUTE_SUPPORTED kernel=MMA_F16 effK=f16 effV=f16 supported=1
CUDA_FA_ROUTE_PLAN device=0 Q=[256,1,16,1] Kraw=f16 Vraw=turbo3 Kshape=[256,256,4,1] Vshape=[256,256,4,1] Keff=f16 Veff=f16 turbo_kv=1 prefer_native_vec=0 decode=1 dk=0 dv=1 unsafe_vec_after_turbo_v_decode=0 allow_vec=1 kernel=MMA_F16 need_f16_K=0 need_f16_V=0 Knb=[2,512,131072,524288] Vnb=[50,400,100,102400] Keff_nb=[2,512,131072,524288] Veff_nb=[2,2048,512,524288]
CUDA_FA_ROUTE_SUPPORTED kernel=MMA_F16 effK=f16 effV=f16 supported=1
CUDA_FA_ROUTE_PLAN device=0 Q=[256,1,16,1] Kraw=f16 Vraw=turbo3 Kshape=[256,256,4,1] Vshape=[256,256,4,1] Keff=f16 Veff=f16 turbo_kv=1 prefer_native_vec=0 decode=1 dk=0 dv=1 unsafe_vec_after_turbo_v_decode=0 allow_vec=1 kernel=MMA_F16 need_f16_K=0 need_f16_V=0 Knb=[2,512,131072,524288] Vnb=[50,400,100,102400] Keff_nb=[2,512,131072,524288] Veff_nb=[2,2048,512,524288]
CUDA_FA_ROUTE_SUPPORTED kernel=MMA_F16 effK=f16 effV=f16 supported=1
CUDA_FA_ROUTE_PLAN device=0 Q=[256,1,16,1] Kraw=f16 Vraw=turbo3 Kshape=[256,256,4,1] Vshape=[256,256,4,1] Keff=f16 Veff=f16 turbo_kv=1 prefer_native_vec=0 decode=1 dk=0 dv=1 unsafe_vec_after_turbo_v_decode=0 allow_vec=1 kernel=MMA_F16 need_f16_K=0 need_f16_V=0 Knb=[2,512,131072,524288] Vnb=[50,400,100,102400] Keff_nb=[2,512,131072,524288] Veff_nb=[2,2048,512,524288]
CUDA_FA_ROUTE_SUPPORTED kernel=MMA_F16 effK=f16 effV=f16 supported=1
CUDA_FA_ROUTE_PLAN device=0 Q=[256,1,16,1] Kraw=f16 Vraw=turbo3 Kshape=[256,256,4,1] Vshape=[256,256,4,1] Keff=f16 Veff=f16 turbo_kv=1 prefer_native_vec=0 decode=1 dk=0 dv=1 unsafe_vec_after_turbo_v_decode=0 allow_vec=1 kernel=MMA_F16 need_f16_K=0 need_f16_V=0 Knb=[2,512,131072,524288] Vnb=[50,400,100,102400] Keff_nb=[2,512,131072,524288] Veff_nb=[2,2048,512,524288]
CUDA_FA_ROUTE_SUPPORTED kernel=MMA_F16 effK=f16 effV=f16 supported=1
CUDA_FA_ROUTE_PLAN device=0 Q=[256,1,16,1] Kraw=f16 Vraw=turbo3 Kshape=[256,256,4,1] Vshape=[256,256,4,1] Keff=f16 Veff=f16 turbo_kv=1 prefer_native_vec=0 decode=1 dk=0 dv=1 unsafe_vec_after_turbo_v_decode=0 allow_vec=1 kernel=MMA_F16 need_f16_K=0 need_f16_V=0 Knb=[2,512,131072,524288] Vnb=[50,400,100,102400] Keff_nb=[2,512,131072,524288] Veff_nb=[2,2048,512,524288]
CUDA_FA_ROUTE_SUPPORTED kernel=MMA_F16 effK=f16 effV=f16 supported=1
CUDA_FA_ROUTE_PLAN device=0 Q=[256,1,16,1] Kraw=f16 Vraw=turbo3 Kshape=[256,256,4,1] Vshape=[256,256,4,1] Keff=f16 Veff=f16 turbo_kv=1 prefer_native_vec=0 decode=1 dk=0 dv=1 unsafe_vec_after_turbo_v_decode=0 allow_vec=1 kernel=MMA_F16 need_f16_K=0 need_f16_V=0 Knb=[2,512,131072,524288] Vnb=[50,400,100,102400] Keff_nb=[2,512,131072,524288] Veff_nb=[2,2048,512,524288]
CUDA_FA_ROUTE_SUPPORTED kernel=MMA_F16 effK=f16 effV=f16 supported=1
CUDA_FA_ROUTE_PLAN device=0 Q=[256,1,16,1] Kraw=f16 Vraw=turbo3 Kshape=[256,256,4,1] Vshape=[256,256,4,1] Keff=f16 Veff=f16 turbo_kv=1 prefer_native_vec=0 decode=1 dk=0 dv=1 unsafe_vec_after_turbo_v_decode=0 allow_vec=1 kernel=MMA_F16 need_f16_K=0 need_f16_V=0 Knb=[2,512,131072,524288] Vnb=[50,400,100,102400] Keff_nb=[2,512,131072,524288] Veff_nb=[2,2048,512,524288]
CUDA_FA_ROUTE_SUPPORTED kernel=MMA_F16 effK=f16 effV=f16 supported=1
CUDA_FA_ROUTE_PLAN device=0 Q=[256,1,16,1] Kraw=f16 Vraw=turbo3 Kshape=[256,256,4,1] Vshape=[256,256,4,1] Keff=f16 Veff=f16 turbo_kv=1 prefer_native_vec=0 decode=1 dk=0 dv=1 unsafe_vec_after_turbo_v_decode=0 allow_vec=1 kernel=MMA_F16 need_f16_K=0 need_f16_V=0 Knb=[2,512,131072,524288] Vnb=[50,400,100,102400] Keff_nb=[2,512,131072,524288] Veff_nb=[2,2048,512,524288]
CUDA_FA_ROUTE_ALLOC kernel=MMA_F16 need_f16_K=0 need_f16_V=0 workspace_end_offset=16384 dst_data=(nil) f16_K=(nil) f16_V=(nil) f16_end=0x4000
CUDA_FA_ROUTE_PLAN device=0 Q=[256,1,16,1] Kraw=f16 Vraw=turbo3 Kshape=[256,256,4,1] Vshape=[256,256,4,1] Keff=f16 Veff=f16 turbo_kv=1 prefer_native_vec=0 decode=1 dk=0 dv=1 unsafe_vec_after_turbo_v_decode=0 allow_vec=1 kernel=MMA_F16 need_f16_K=0 need_f16_V=0 Knb=[2,512,131072,524288] Vnb=[50,400,100,102400] Keff_nb=[2,512,131072,524288] Veff_nb=[2,2048,512,524288]
CUDA_FA_ROUTE_ALLOC kernel=MMA_F16 need_f16_K=0 need_f16_V=0 workspace_end_offset=16384 dst_data=(nil) f16_K=(nil) f16_V=(nil) f16_end=0x4000
CUDA_FA_ROUTE_PLAN device=0 Q=[256,1,16,1] Kraw=f16 Vraw=turbo3 Kshape=[256,256,4,1] Vshape=[256,256,4,1] Keff=f16 Veff=f16 turbo_kv=1 prefer_native_vec=0 decode=1 dk=0 dv=1 unsafe_vec_after_turbo_v_decode=0 allow_vec=1 kernel=MMA_F16 need_f16_K=0 need_f16_V=0 Knb=[2,512,131072,524288] Vnb=[50,400,100,102400] Keff_nb=[2,512,131072,524288] Veff_nb=[2,2048,512,524288]
CUDA_FA_ROUTE_ALLOC kernel=MMA_F16 need_f16_K=0 need_f16_V=0 workspace_end_offset=16384 dst_data=(nil) f16_K=(nil) f16_V=(nil) f16_end=0x4000
CUDA_FA_ROUTE_PLAN device=0 Q=[256,1,16,1] Kraw=f16 Vraw=turbo3 Kshape=[256,256,4,1] Vshape=[256,256,4,1] Keff=f16 Veff=f16 turbo_kv=1 prefer_native_vec=0 decode=1 dk=0 dv=1 unsafe_vec_after_turbo_v_decode=0 allow_vec=1 kernel=MMA_F16 need_f16_K=0 need_f16_V=0 Knb=[2,512,131072,524288] Vnb=[50,400,100,102400] Keff_nb=[2,512,131072,524288] Veff_nb=[2,2048,512,524288]
CUDA_FA_ROUTE_ALLOC kernel=MMA_F16 need_f16_K=0 need_f16_V=0 workspace_end_offset=16384 dst_data=(nil) f16_K=(nil) f16_V=(nil) f16_end=0x4000
CUDA_FA_ROUTE_PLAN device=0 Q=[256,1,16,1] Kraw=f16 Vraw=turbo3 Kshape=[256,256,4,1] Vshape=[256,256,4,1] Keff=f16 Veff=f16 turbo_kv=1 prefer_native_vec=0 decode=1 dk=0 dv=1 unsafe_vec_after_turbo_v_decode=0 allow_vec=1 kernel=MMA_F16 need_f16_K=0 need_f16_V=0 Knb=[2,512,131072,524288] Vnb=[50,400,100,102400] Keff_nb=[2,512,131072,524288] Veff_nb=[2,2048,512,524288]
CUDA_FA_ROUTE_ALLOC kernel=MMA_F16 need_f16_K=0 need_f16_V=0 workspace_end_offset=16384 dst_data=(nil) f16_K=(nil) f16_V=(nil) f16_end=0x4000
CUDA_FA_ROUTE_PLAN device=0 Q=[256,1,16,1] Kraw=f16 Vraw=turbo3 Kshape=[256,256,4,1] Vshape=[256,256,4,1] Keff=f16 Veff=f16 turbo_kv=1 prefer_native_vec=0 decode=1 dk=0 dv=1 unsafe_vec_after_turbo_v_decode=0 allow_vec=1 kernel=MMA_F16 need_f16_K=0 need_f16_V=0 Knb=[2,512,131072,524288] Vnb=[50,400,100,102400] Keff_nb=[2,512,131072,524288] Veff_nb=[2,2048,512,524288]
CUDA_FA_ROUTE_ALLOC kernel=MMA_F16 need_f16_K=0 need_f16_V=0 workspace_end_offset=16384 dst_data=(nil) f16_K=(nil) f16_V=(nil) f16_end=0x4000
CUDA_FA_ROUTE_PLAN device=0 Q=[256,1,16,1] Kraw=f16 Vraw=turbo3 Kshape=[256,256,4,1] Vshape=[256,256,4,1] Keff=f16 Veff=f16 turbo_kv=1 prefer_native_vec=0 decode=1 dk=0 dv=1 unsafe_vec_after_turbo_v_decode=0 allow_vec=1 kernel=MMA_F16 need_f16_K=0 need_f16_V=0 Knb=[2,512,131072,524288] Vnb=[50,400,100,102400] Keff_nb=[2,512,131072,524288] Veff_nb=[2,2048,512,524288]
CUDA_FA_ROUTE_ALLOC kernel=MMA_F16 need_f16_K=0 need_f16_V=0 workspace_end_offset=16384 dst_data=(nil) f16_K=(nil) f16_V=(nil) f16_end=0x4000
CUDA_FA_ROUTE_PLAN device=0 Q=[256,1,16,1] Kraw=f16 Vraw=turbo3 Kshape=[256,256,4,1] Vshape=[256,256,4,1] Keff=f16 Veff=f16 turbo_kv=1 prefer_native_vec=0 decode=1 dk=0 dv=1 unsafe_vec_after_turbo_v_decode=0 allow_vec=1 kernel=MMA_F16 need_f16_K=0 need_f16_V=0 Knb=[2,512,131072,524288] Vnb=[50,400,100,102400] Keff_nb=[2,512,131072,524288] Veff_nb=[2,2048,512,524288]
CUDA_FA_ROUTE_ALLOC kernel=MMA_F16 need_f16_K=0 need_f16_V=0 workspace_end_offset=16384 dst_data=(nil) f16_K=(nil) f16_V=(nil) f16_end=0x4000
CUDA_FA_ROUTE_PLAN device=0 Q=[256,1,16,1] Kraw=f16 Vraw=turbo3 Kshape=[256,256,4,1] Vshape=[256,256,4,1] Keff=f16 Veff=f16 turbo_kv=1 prefer_native_vec=0 decode=1 dk=0 dv=1 unsafe_vec_after_turbo_v_decode=0 allow_vec=1 kernel=MMA_F16 need_f16_K=0 need_f16_V=0 Knb=[2,512,131072,524288] Vnb=[50,400,100,102400] Keff_nb=[2,512,131072,524288] Veff_nb=[2,2048,512,524288]
CUDA_FA_ROUTE_ALLOC kernel=MMA_F16 need_f16_K=0 need_f16_V=0 workspace_end_offset=16384 dst_data=(nil) f16_K=(nil) f16_V=(nil) f16_end=0x4000
CUDA_FA_ROUTE_PLAN device=0 Q=[256,1,16,1] Kraw=f16 Vraw=turbo3 Kshape=[256,256,4,1] Vshape=[256,256,4,1] Keff=f16 Veff=f16 turbo_kv=1 prefer_native_vec=0 decode=1 dk=0 dv=1 unsafe_vec_after_turbo_v_decode=0 allow_vec=1 kernel=MMA_F16 need_f16_K=0 need_f16_V=0 Knb=[2,512,131072,524288] Vnb=[50,400,100,102400] Keff_nb=[2,512,131072,524288] Veff_nb=[2,2048,512,524288]
CUDA_FA_ROUTE_ALLOC kernel=MMA_F16 need_f16_K=0 need_f16_V=0 workspace_end_offset=16384 dst_data=(nil) f16_K=(nil) f16_V=(nil) f16_end=0x4000
CUDA_FA_ROUTE_PLAN device=0 Q=[256,1,16,1] Kraw=f16 Vraw=turbo3 Kshape=[256,256,4,1] Vshape=[256,256,4,1] Keff=f16 Veff=f16 turbo_kv=1 prefer_native_vec=0 decode=1 dk=0 dv=1 unsafe_vec_after_turbo_v_decode=0 allow_vec=1 kernel=MMA_F16 need_f16_K=0 need_f16_V=0 Knb=[2,512,131072,524288] Vnb=[50,400,100,102400] Keff_nb=[2,512,131072,524288] Veff_nb=[2,2048,512,524288]
CUDA_FA_ROUTE_ALLOC kernel=MMA_F16 need_f16_K=0 need_f16_V=0 workspace_end_offset=16384 dst_data=(nil) f16_K=(nil) f16_V=(nil) f16_end=0x4000
CUDA_FA_ROUTE_PLAN device=0 Q=[256,1,16,1] Kraw=f16 Vraw=turbo3 Kshape=[256,256,4,1] Vshape=[256,256,4,1] Keff=f16 Veff=f16 turbo_kv=1 prefer_native_vec=0 decode=1 dk=0 dv=1 unsafe_vec_after_turbo_v_decode=0 allow_vec=1 kernel=MMA_F16 need_f16_K=0 need_f16_V=0 Knb=[2,512,131072,524288] Vnb=[50,400,100,102400] Keff_nb=[2,512,131072,524288] Veff_nb=[2,2048,512,524288]
CUDA_FA_ROUTE_ALLOC kernel=MMA_F16 need_f16_K=0 need_f16_V=0 workspace_end_offset=16384 dst_data=(nil) f16_K=(nil) f16_V=(nil) f16_end=0x4000
CUDA_FA_ROUTE_PLAN device=0 Q=[256,1,16,1] Kraw=f16 Vraw=turbo3 Kshape=[256,256,4,1] Vshape=[256,256,4,1] Keff=f16 Veff=f16 turbo_kv=1 prefer_native_vec=0 decode=1 dk=0 dv=1 unsafe_vec_after_turbo_v_decode=0 allow_vec=1 kernel=MMA_F16 need_f16_K=0 need_f16_V=0 Knb=[2,512,131072,524288] Vnb=[50,400,100,102400] Keff_nb=[2,512,131072,524288] Veff_nb=[2,2048,512,524288]
CUDA_FA_ROUTE_ALLOC kernel=MMA_F16 need_f16_K=0 need_f16_V=0 workspace_end_offset=16384 dst_data=(nil) f16_K=(nil) f16_V=(nil) f16_end=0x4000
CUDA_FA_ROUTE_PLAN device=0 Q=[256,1,16,1] Kraw=f16 Vraw=turbo3 Kshape=[256,256,4,1] Vshape=[256,256,4,1] Keff=f16 Veff=f16 turbo_kv=1 prefer_native_vec=0 decode=1 dk=0 dv=1 unsafe_vec_after_turbo_v_decode=0 allow_vec=1 kernel=MMA_F16 need_f16_K=0 need_f16_V=0 Knb=[2,512,131072,524288] Vnb=[50,400,100,102400] Keff_nb=[2,512,131072,524288] Veff_nb=[2,2048,512,524288]
CUDA_FA_ROUTE_ALLOC kernel=MMA_F16 need_f16_K=0 need_f16_V=0 workspace_end_offset=16384 dst_data=(nil) f16_K=(nil) f16_V=(nil) f16_end=0x4000
CUDA_FA_ROUTE_PLAN device=0 Q=[256,1,16,1] Kraw=f16 Vraw=turbo3 Kshape=[256,256,4,1] Vshape=[256,256,4,1] Keff=f16 Veff=f16 turbo_kv=1 prefer_native_vec=0 decode=1 dk=0 dv=1 unsafe_vec_after_turbo_v_decode=0 allow_vec=1 kernel=MMA_F16 need_f16_K=0 need_f16_V=0 Knb=[2,512,131072,524288] Vnb=[50,400,100,102400] Keff_nb=[2,512,131072,524288] Veff_nb=[2,2048,512,524288]
CUDA_FA_ROUTE_ALLOC kernel=MMA_F16 need_f16_K=0 need_f16_V=0 workspace_end_offset=16384 dst_data=(nil) f16_K=(nil) f16_V=(nil) f16_end=0x4000
CUDA_FA_ROUTE_PLAN device=0 Q=[256,1,16,1] Kraw=f16 Vraw=turbo3 Kshape=[256,256,4,1] Vshape=[256,256,4,1] Keff=f16 Veff=f16 turbo_kv=1 prefer_native_vec=0 decode=1 dk=0 dv=1 unsafe_vec_after_turbo_v_decode=0 allow_vec=1 kernel=MMA_F16 need_f16_K=0 need_f16_V=0 Knb=[2,512,131072,524288] Vnb=[50,400,100,102400] Keff_nb=[2,512,131072,524288] Veff_nb=[2,2048,512,524288]
CUDA_FA_ROUTE_ALLOC kernel=MMA_F16 need_f16_K=0 need_f16_V=0 workspace_end_offset=16384 dst_data=(nil) f16_K=(nil) f16_V=(nil) f16_end=0x4000
CUDA_FA_ROUTE_PLAN device=0 Q=[256,1,16,1] Kraw=f16 Vraw=turbo3 Kshape=[256,256,4,1] Vshape=[256,256,4,1] Keff=f16 Veff=f16 turbo_kv=1 prefer_native_vec=0 decode=1 dk=0 dv=1 unsafe_vec_after_turbo_v_decode=0 allow_vec=1 kernel=MMA_F16 need_f16_K=0 need_f16_V=0 Knb=[2,512,131072,524288] Vnb=[50,400,100,102400] Keff_nb=[2,512,131072,524288] Veff_nb=[2,2048,512,524288]
CUDA_FA_ROUTE_ALLOC kernel=MMA_F16 need_f16_K=0 need_f16_V=0 workspace_end_offset=16384 dst_data=(nil) f16_K=(nil) f16_V=(nil) f16_end=0x4000
CUDA_FA_ROUTE_PLAN device=0 Q=[256,1,16,1] Kraw=f16 Vraw=turbo3 Kshape=[256,256,4,1] Vshape=[256,256,4,1] Keff=f16 Veff=f16 turbo_kv=1 prefer_native_vec=0 decode=1 dk=0 dv=1 unsafe_vec_after_turbo_v_decode=0 allow_vec=1 kernel=MMA_F16 need_f16_K=0 need_f16_V=0 Knb=[2,512,131072,524288] Vnb=[50,400,100,102400] Keff_nb=[2,512,131072,524288] Veff_nb=[2,2048,512,524288]
CUDA_FA_ROUTE_ALLOC kernel=MMA_F16 need_f16_K=0 need_f16_V=0 workspace_end_offset=16384 dst_data=(nil) f16_K=(nil) f16_V=(nil) f16_end=0x4000
CUDA_FA_ROUTE_PLAN device=0 Q=[256,1,16,1] Kraw=f16 Vraw=turbo3 Kshape=[256,256,4,1] Vshape=[256,256,4,1] Keff=f16 Veff=f16 turbo_kv=1 prefer_native_vec=0 decode=1 dk=0 dv=1 unsafe_vec_after_turbo_v_decode=0 allow_vec=1 kernel=MMA_F16 need_f16_K=0 need_f16_V=0 Knb=[2,512,131072,524288] Vnb=[50,400,100,102400] Keff_nb=[2,512,131072,524288] Veff_nb=[2,2048,512,524288]
CUDA_FA_ROUTE_ALLOC kernel=MMA_F16 need_f16_K=0 need_f16_V=0 workspace_end_offset=16384 dst_data=(nil) f16_K=(nil) f16_V=(nil) f16_end=0x4000
CUDA_FA_ROUTE_PLAN device=0 Q=[256,1,16,1] Kraw=f16 Vraw=turbo3 Kshape=[256,256,4,1] Vshape=[256,256,4,1] Keff=f16 Veff=f16 turbo_kv=1 prefer_native_vec=0 decode=1 dk=0 dv=1 unsafe_vec_after_turbo_v_decode=0 allow_vec=1 kernel=MMA_F16 need_f16_K=0 need_f16_V=0 Knb=[2,512,131072,524288] Vnb=[50,400,100,102400] Keff_nb=[2,512,131072,524288] Veff_nb=[2,2048,512,524288]
CUDA_FA_ROUTE_ALLOC kernel=MMA_F16 need_f16_K=0 need_f16_V=0 workspace_end_offset=16384 dst_data=(nil) f16_K=(nil) f16_V=(nil) f16_end=0x4000
CUDA_FA_ROUTE_PLAN device=0 Q=[256,1,16,1] Kraw=f16 Vraw=turbo3 Kshape=[256,256,4,1] Vshape=[256,256,4,1] Keff=f16 Veff=f16 turbo_kv=1 prefer_native_vec=0 decode=1 dk=0 dv=1 unsafe_vec_after_turbo_v_decode=0 allow_vec=1 kernel=MMA_F16 need_f16_K=0 need_f16_V=0 Knb=[2,512,131072,524288] Vnb=[50,400,100,102400] Keff_nb=[2,512,131072,524288] Veff_nb=[2,2048,512,524288]
CUDA_FA_ROUTE_ALLOC kernel=MMA_F16 need_f16_K=0 need_f16_V=0 workspace_end_offset=16384 dst_data=(nil) f16_K=(nil) f16_V=(nil) f16_end=0x4000
CUDA_FA_ROUTE_PLAN device=0 Q=[256,1,16,1] Kraw=f16 Vraw=turbo3 Kshape=[256,256,4,1] Vshape=[256,256,4,1] Keff=f16 Veff=f16 turbo_kv=1 prefer_native_vec=0 decode=1 dk=0 dv=1 unsafe_vec_after_turbo_v_decode=0 allow_vec=1 kernel=MMA_F16 need_f16_K=0 need_f16_V=0 Knb=[2,512,131072,524288] Vnb=[50,400,100,102400] Keff_nb=[2,512,131072,524288] Veff_nb=[2,2048,512,524288]
CUDA_FA_ROUTE_ALLOC kernel=MMA_F16 need_f16_K=0 need_f16_V=0 workspace_end_offset=16384 dst_data=(nil) f16_K=(nil) f16_V=(nil) f16_end=0x4000
CUDA_FA_ROUTE_PLAN device=0 Q=[256,1,16,1] Kraw=f16 Vraw=turbo3 Kshape=[256,256,4,1] Vshape=[256,256,4,1] Keff=f16 Veff=f16 turbo_kv=1 prefer_native_vec=0 decode=1 dk=0 dv=1 unsafe_vec_after_turbo_v_decode=0 allow_vec=1 kernel=MMA_F16 need_f16_K=0 need_f16_V=0 Knb=[2,512,131072,524288] Vnb=[50,400,100,102400] Keff_nb=[2,512,131072,524288] Veff_nb=[2,2048,512,524288]
CUDA_FA_ROUTE_ALLOC kernel=MMA_F16 need_f16_K=0 need_f16_V=0 workspace_end_offset=16384 dst_data=(nil) f16_K=(nil) f16_V=(nil) f16_end=0x4000
CUDA_FA_ROUTE_PLAN device=0 Q=[256,1,16,1] Kraw=f16 Vraw=turbo3 Kshape=[256,256,4,1] Vshape=[256,256,4,1] Keff=f16 Veff=f16 turbo_kv=1 prefer_native_vec=0 decode=1 dk=0 dv=1 unsafe_vec_after_turbo_v_decode=0 allow_vec=1 kernel=MMA_F16 need_f16_K=0 need_f16_V=0 Knb=[2,512,131072,524288] Vnb=[50,400,100,102400] Keff_nb=[2,512,131072,524288] Veff_nb=[2,2048,512,524288]
CUDA_FA_ROUTE_ALLOC kernel=MMA_F16 need_f16_K=0 need_f16_V=0 workspace_end_offset=16384 dst_data=(nil) f16_K=(nil) f16_V=(nil) f16_end=0x4000
CUDA_FA_ROUTE_PLAN device=0 Q=[256,1,16,1] Kraw=f16 Vraw=turbo3 Kshape=[256,256,4,1] Vshape=[256,256,4,1] Keff=f16 Veff=f16 turbo_kv=1 prefer_native_vec=0 decode=1 dk=0 dv=1 unsafe_vec_after_turbo_v_decode=0 allow_vec=1 kernel=MMA_F16 need_f16_K=0 need_f16_V=0 Knb=[2,512,131072,524288] Vnb=[50,400,100,102400] Keff_nb=[2,512,131072,524288] Veff_nb=[2,2048,512,524288]
CUDA_FA_ROUTE_ALLOC kernel=MMA_F16 need_f16_K=0 need_f16_V=0 workspace_end_offset=16384 dst_data=(nil) f16_K=(nil) f16_V=(nil) f16_end=0x4000
CUDA_FA_ROUTE_PLAN device=0 Q=[256,1,16,1] Kraw=f16 Vraw=turbo3 Kshape=[256,256,4,1] Vshape=[256,256,4,1] Keff=f16 Veff=f16 turbo_kv=1 prefer_native_vec=0 decode=1 dk=0 dv=1 unsafe_vec_after_turbo_v_decode=0 allow_vec=1 kernel=MMA_F16 need_f16_K=0 need_f16_V=0 Knb=[2,512,131072,524288] Vnb=[50,400,100,102400] Keff_nb=[2,512,131072,524288] Veff_nb=[2,2048,512,524288]
CUDA_FA_ROUTE_ALLOC kernel=MMA_F16 need_f16_K=0 need_f16_V=0 workspace_end_offset=16384 dst_data=(nil) f16_K=(nil) f16_V=(nil) f16_end=0x4000
CUDA_FA_ROUTE_PLAN device=0 Q=[256,1,16,1] Kraw=f16 Vraw=turbo3 Kshape=[256,256,4,1] Vshape=[256,256,4,1] Keff=f16 Veff=f16 turbo_kv=1 prefer_native_vec=0 decode=1 dk=0 dv=1 unsafe_vec_after_turbo_v_decode=0 allow_vec=1 kernel=MMA_F16 need_f16_K=0 need_f16_V=0 Knb=[2,512,131072,524288] Vnb=[50,400,100,102400] Keff_nb=[2,512,131072,524288] Veff_nb=[2,2048,512,524288]
CUDA_FA_ROUTE_ALLOC kernel=MMA_F16 need_f16_K=0 need_f16_V=0 workspace_end_offset=16384 dst_data=(nil) f16_K=(nil) f16_V=(nil) f16_end=0x4000
CUDA_FA_ROUTE_PLAN device=0 Q=[256,1,16,1] Kraw=f16 Vraw=turbo3 Kshape=[256,256,4,1] Vshape=[256,256,4,1] Keff=f16 Veff=f16 turbo_kv=1 prefer_native_vec=0 decode=1 dk=0 dv=1 unsafe_vec_after_turbo_v_decode=0 allow_vec=1 kernel=MMA_F16 need_f16_K=0 need_f16_V=0 Knb=[2,512,131072,524288] Vnb=[50,400,100,102400] Keff_nb=[2,512,131072,524288] Veff_nb=[2,2048,512,524288]
CUDA_FA_ROUTE_ALLOC kernel=MMA_F16 need_f16_K=0 need_f16_V=0 workspace_end_offset=16384 dst_data=(nil) f16_K=(nil) f16_V=(nil) f16_end=0x4000
CUDA_FA_ROUTE_PLAN device=0 Q=[256,1,16,1] Kraw=f16 Vraw=turbo3 Kshape=[256,256,4,1] Vshape=[256,256,4,1] Keff=f16 Veff=f16 turbo_kv=1 prefer_native_vec=0 decode=1 dk=0 dv=1 unsafe_vec_after_turbo_v_decode=0 allow_vec=1 kernel=MMA_F16 need_f16_K=0 need_f16_V=0 Knb=[2,512,131072,524288] Vnb=[50,400,100,102400] Keff_nb=[2,512,131072,524288] Veff_nb=[2,2048,512,524288]
CUDA_FA_ROUTE_ALLOC kernel=MMA_F16 need_f16_K=0 need_f16_V=0 workspace_end_offset=16384 dst_data=(nil) f16_K=(nil) f16_V=(nil) f16_end=0x4000
CUDA_FA_ROUTE_PLAN device=0 Q=[256,1,16,1] Kraw=f16 Vraw=turbo3 Kshape=[256,256,4,1] Vshape=[256,256,4,1] Keff=f16 Veff=f16 turbo_kv=1 prefer_native_vec=0 decode=1 dk=0 dv=1 unsafe_vec_after_turbo_v_decode=0 allow_vec=1 kernel=MMA_F16 need_f16_K=0 need_f16_V=0 Knb=[2,512,131072,524288] Vnb=[50,400,100,102400] Keff_nb=[2,512,131072,524288] Veff_nb=[2,2048,512,524288]
CUDA_FA_ROUTE_ALLOC kernel=MMA_F16 need_f16_K=0 need_f16_V=0 workspace_end_offset=16384 dst_data=(nil) f16_K=(nil) f16_V=(nil) f16_end=0x4000
CUDA_FA_ROUTE_PLAN device=0 Q=[256,1,16,1] Kraw=f16 Vraw=turbo3 Kshape=[256,256,4,1] Vshape=[256,256,4,1] Keff=f16 Veff=f16 turbo_kv=1 prefer_native_vec=0 decode=1 dk=0 dv=1 unsafe_vec_after_turbo_v_decode=0 allow_vec=1 kernel=MMA_F16 need_f16_K=0 need_f16_V=0 Knb=[2,512,131072,524288] Vnb=[50,400,100,102400] Keff_nb=[2,512,131072,524288] Veff_nb=[2,2048,512,524288]
CUDA_FA_ROUTE_ALLOC kernel=MMA_F16 need_f16_K=0 need_f16_V=0 workspace_end_offset=16384 dst_data=(nil) f16_K=(nil) f16_V=(nil) f16_end=0x4000
CUDA_FA_ROUTE_PLAN device=0 Q=[256,1,16,1] Kraw=f16 Vraw=turbo3 Kshape=[256,256,4,1] Vshape=[256,256,4,1] Keff=f16 Veff=f16 turbo_kv=1 prefer_native_vec=0 decode=1 dk=0 dv=1 unsafe_vec_after_turbo_v_decode=0 allow_vec=1 kernel=MMA_F16 need_f16_K=0 need_f16_V=0 Knb=[2,512,131072,524288] Vnb=[50,400,100,102400] Keff_nb=[2,512,131072,524288] Veff_nb=[2,2048,512,524288]
CUDA_FA_ROUTE_ALLOC kernel=MMA_F16 need_f16_K=0 need_f16_V=0 workspace_end_offset=16384 dst_data=(nil) f16_K=(nil) f16_V=(nil) f16_end=0x4000
CUDA_FA_ROUTE_PLAN device=0 Q=[256,256,16,1] Kraw=f16 Vraw=turbo3 Kshape=[256,256,4,1] Vshape=[256,256,4,1] Keff=f16 Veff=f16 turbo_kv=1 prefer_native_vec=0 decode=1 dk=0 dv=1 unsafe_vec_after_turbo_v_decode=0 allow_vec=1 kernel=MMA_F16 need_f16_K=0 need_f16_V=0 Knb=[2,512,131072,524288] Vnb=[50,400,100,102400] Keff_nb=[2,512,131072,524288] Veff_nb=[2,2048,512,524288]
CUDA_FA_ROUTE_SUPPORTED kernel=MMA_F16 effK=f16 effV=f16 supported=1
CUDA_FA_ROUTE_PLAN device=0 Q=[256,256,16,1] Kraw=f16 Vraw=turbo3 Kshape=[256,256,4,1] Vshape=[256,256,4,1] Keff=f16 Veff=f16 turbo_kv=1 prefer_native_vec=0 decode=1 dk=0 dv=1 unsafe_vec_after_turbo_v_decode=0 allow_vec=1 kernel=MMA_F16 need_f16_K=0 need_f16_V=0 Knb=[2,512,131072,524288] Vnb=[50,400,100,102400] Keff_nb=[2,512,131072,524288] Veff_nb=[2,2048,512,524288]
CUDA_FA_ROUTE_SUPPORTED kernel=MMA_F16 effK=f16 effV=f16 supported=1
CUDA_FA_ROUTE_PLAN device=0 Q=[256,256,16,1] Kraw=f16 Vraw=turbo3 Kshape=[256,256,4,1] Vshape=[256,256,4,1] Keff=f16 Veff=f16 turbo_kv=1 prefer_native_vec=0 decode=1 dk=0 dv=1 unsafe_vec_after_turbo_v_decode=0 allow_vec=1 kernel=MMA_F16 need_f16_K=0 need_f16_V=0 Knb=[2,512,131072,524288] Vnb=[50,400,100,102400] Keff_nb=[2,512,131072,524288] Veff_nb=[2,2048,512,524288]
CUDA_FA_ROUTE_SUPPORTED kernel=MMA_F16 effK=f16 effV=f16 supported=1
CUDA_FA_ROUTE_PLAN device=0 Q=[256,256,16,1] Kraw=f16 Vraw=turbo3 Kshape=[256,256,4,1] Vshape=[256,256,4,1] Keff=f16 Veff=f16 turbo_kv=1 prefer_native_vec=0 decode=1 dk=0 dv=1 unsafe_vec_after_turbo_v_decode=0 allow_vec=1 kernel=MMA_F16 need_f16_K=0 need_f16_V=0 Knb=[2,512,131072,524288] Vnb=[50,400,100,102400] Keff_nb=[2,512,131072,524288] Veff_nb=[2,2048,512,524288]
CUDA_FA_ROUTE_SUPPORTED kernel=MMA_F16 effK=f16 effV=f16 supported=1
CUDA_FA_ROUTE_PLAN device=0 Q=[256,256,16,1] Kraw=f16 Vraw=turbo3 Kshape=[256,256,4,1] Vshape=[256,256,4,1] Keff=f16 Veff=f16 turbo_kv=1 prefer_native_vec=0 decode=1 dk=0 dv=1 unsafe_vec_after_turbo_v_decode=0 allow_vec=1 kernel=MMA_F16 need_f16_K=0 need_f16_V=0 Knb=[2,512,131072,524288] Vnb=[50,400,100,102400] Keff_nb=[2,512,131072,524288] Veff_nb=[2,2048,512,524288]
CUDA_FA_ROUTE_SUPPORTED kernel=MMA_F16 effK=f16 effV=f16 supported=1
CUDA_FA_ROUTE_PLAN device=0 Q=[256,256,16,1] Kraw=f16 Vraw=turbo3 Kshape=[256,256,4,1] Vshape=[256,256,4,1] Keff=f16 Veff=f16 turbo_kv=1 prefer_native_vec=0 decode=1 dk=0 dv=1 unsafe_vec_after_turbo_v_decode=0 allow_vec=1 kernel=MMA_F16 need_f16_K=0 need_f16_V=0 Knb=[2,512,131072,524288] Vnb=[50,400,100,102400] Keff_nb=[2,512,131072,524288] Veff_nb=[2,2048,512,524288]
CUDA_FA_ROUTE_SUPPORTED kernel=MMA_F16 effK=f16 effV=f16 supported=1
CUDA_FA_ROUTE_PLAN device=0 Q=[256,256,16,1] Kraw=f16 Vraw=turbo3 Kshape=[256,256,4,1] Vshape=[256,256,4,1] Keff=f16 Veff=f16 turbo_kv=1 prefer_native_vec=0 decode=1 dk=0 dv=1 unsafe_vec_after_turbo_v_decode=0 allow_vec=1 kernel=MMA_F16 need_f16_K=0 need_f16_V=0 Knb=[2,512,131072,524288] Vnb=[50,400,100,102400] Keff_nb=[2,512,131072,524288] Veff_nb=[2,2048,512,524288]
CUDA_FA_ROUTE_SUPPORTED kernel=MMA_F16 effK=f16 effV=f16 supported=1
CUDA_FA_ROUTE_PLAN device=0 Q=[256,256,16,1] Kraw=f16 Vraw=turbo3 Kshape=[256,256,4,1] Vshape=[256,256,4,1] Keff=f16 Veff=f16 turbo_kv=1 prefer_native_vec=0 decode=1 dk=0 dv=1 unsafe_vec_after_turbo_v_decode=0 allow_vec=1 kernel=MMA_F16 need_f16_K=0 need_f16_V=0 Knb=[2,512,131072,524288] Vnb=[50,400,100,102400] Keff_nb=[2,512,131072,524288] Veff_nb=[2,2048,512,524288]
CUDA_FA_ROUTE_SUPPORTED kernel=MMA_F16 effK=f16 effV=f16 supported=1
CUDA_FA_ROUTE_PLAN device=0 Q=[256,256,16,1] Kraw=f16 Vraw=turbo3 Kshape=[256,256,4,1] Vshape=[256,256,4,1] Keff=f16 Veff=f16 turbo_kv=1 prefer_native_vec=0 decode=1 dk=0 dv=1 unsafe_vec_after_turbo_v_decode=0 allow_vec=1 kernel=MMA_F16 need_f16_K=0 need_f16_V=0 Knb=[2,512,131072,524288] Vnb=[50,400,100,102400] Keff_nb=[2,512,131072,524288] Veff_nb=[2,2048,512,524288]
CUDA_FA_ROUTE_ALLOC kernel=MMA_F16 need_f16_K=0 need_f16_V=0 workspace_end_offset=4194304 dst_data=(nil) f16_K=(nil) f16_V=(nil) f16_end=0x400000
CUDA_FA_ROUTE_PLAN device=0 Q=[256,256,16,1] Kraw=f16 Vraw=turbo3 Kshape=[256,256,4,1] Vshape=[256,256,4,1] Keff=f16 Veff=f16 turbo_kv=1 prefer_native_vec=0 decode=1 dk=0 dv=1 unsafe_vec_after_turbo_v_decode=0 allow_vec=1 kernel=MMA_F16 need_f16_K=0 need_f16_V=0 Knb=[2,512,131072,524288] Vnb=[50,400,100,102400] Keff_nb=[2,512,131072,524288] Veff_nb=[2,2048,512,524288]
CUDA_FA_ROUTE_ALLOC kernel=MMA_F16 need_f16_K=0 need_f16_V=0 workspace_end_offset=4194304 dst_data=(nil) f16_K=(nil) f16_V=(nil) f16_end=0x400000
CUDA_FA_ROUTE_PLAN device=0 Q=[256,256,16,1] Kraw=f16 Vraw=turbo3 Kshape=[256,256,4,1] Vshape=[256,256,4,1] Keff=f16 Veff=f16 turbo_kv=1 prefer_native_vec=0 decode=1 dk=0 dv=1 unsafe_vec_after_turbo_v_decode=0 allow_vec=1 kernel=MMA_F16 need_f16_K=0 need_f16_V=0 Knb=[2,512,131072,524288] Vnb=[50,400,100,102400] Keff_nb=[2,512,131072,524288] Veff_nb=[2,2048,512,524288]
CUDA_FA_ROUTE_ALLOC kernel=MMA_F16 need_f16_K=0 need_f16_V=0 workspace_end_offset=4194304 dst_data=(nil) f16_K=(nil) f16_V=(nil) f16_end=0x400000
CUDA_FA_ROUTE_PLAN device=0 Q=[256,256,16,1] Kraw=f16 Vraw=turbo3 Kshape=[256,256,4,1] Vshape=[256,256,4,1] Keff=f16 Veff=f16 turbo_kv=1 prefer_native_vec=0 decode=1 dk=0 dv=1 unsafe_vec_after_turbo_v_decode=0 allow_vec=1 kernel=MMA_F16 need_f16_K=0 need_f16_V=0 Knb=[2,512,131072,524288] Vnb=[50,400,100,102400] Keff_nb=[2,512,131072,524288] Veff_nb=[2,2048,512,524288]
CUDA_FA_ROUTE_ALLOC kernel=MMA_F16 need_f16_K=0 need_f16_V=0 workspace_end_offset=4194304 dst_data=(nil) f16_K=(nil) f16_V=(nil) f16_end=0x400000
CUDA_FA_ROUTE_PLAN device=0 Q=[256,256,16,1] Kraw=f16 Vraw=turbo3 Kshape=[256,256,4,1] Vshape=[256,256,4,1] Keff=f16 Veff=f16 turbo_kv=1 prefer_native_vec=0 decode=1 dk=0 dv=1 unsafe_vec_after_turbo_v_decode=0 allow_vec=1 kernel=MMA_F16 need_f16_K=0 need_f16_V=0 Knb=[2,512,131072,524288] Vnb=[50,400,100,102400] Keff_nb=[2,512,131072,524288] Veff_nb=[2,2048,512,524288]
CUDA_FA_ROUTE_ALLOC kernel=MMA_F16 need_f16_K=0 need_f16_V=0 workspace_end_offset=4194304 dst_data=(nil) f16_K=(nil) f16_V=(nil) f16_end=0x400000
CUDA_FA_ROUTE_PLAN device=0 Q=[256,256,16,1] Kraw=f16 Vraw=turbo3 Kshape=[256,256,4,1] Vshape=[256,256,4,1] Keff=f16 Veff=f16 turbo_kv=1 prefer_native_vec=0 decode=1 dk=0 dv=1 unsafe_vec_after_turbo_v_decode=0 allow_vec=1 kernel=MMA_F16 need_f16_K=0 need_f16_V=0 Knb=[2,512,131072,524288] Vnb=[50,400,100,102400] Keff_nb=[2,512,131072,524288] Veff_nb=[2,2048,512,524288]
CUDA_FA_ROUTE_ALLOC kernel=MMA_F16 need_f16_K=0 need_f16_V=0 workspace_end_offset=4194304 dst_data=(nil) f16_K=(nil) f16_V=(nil) f16_end=0x400000
CUDA_FA_ROUTE_PLAN device=0 Q=[256,256,16,1] Kraw=f16 Vraw=turbo3 Kshape=[256,256,4,1] Vshape=[256,256,4,1] Keff=f16 Veff=f16 turbo_kv=1 prefer_native_vec=0 decode=1 dk=0 dv=1 unsafe_vec_after_turbo_v_decode=0 allow_vec=1 kernel=MMA_F16 need_f16_K=0 need_f16_V=0 Knb=[2,512,131072,524288] Vnb=[50,400,100,102400] Keff_nb=[2,512,131072,524288] Veff_nb=[2,2048,512,524288]
CUDA_FA_ROUTE_ALLOC kernel=MMA_F16 need_f16_K=0 need_f16_V=0 workspace_end_offset=4194304 dst_data=(nil) f16_K=(nil) f16_V=(nil) f16_end=0x400000
CUDA_FA_ROUTE_PLAN device=0 Q=[256,256,16,1] Kraw=f16 Vraw=turbo3 Kshape=[256,256,4,1] Vshape=[256,256,4,1] Keff=f16 Veff=f16 turbo_kv=1 prefer_native_vec=0 decode=1 dk=0 dv=1 unsafe_vec_after_turbo_v_decode=0 allow_vec=1 kernel=MMA_F16 need_f16_K=0 need_f16_V=0 Knb=[2,512,131072,524288] Vnb=[50,400,100,102400] Keff_nb=[2,512,131072,524288] Veff_nb=[2,2048,512,524288]
CUDA_FA_ROUTE_ALLOC kernel=MMA_F16 need_f16_K=0 need_f16_V=0 workspace_end_offset=4194304 dst_data=(nil) f16_K=(nil) f16_V=(nil) f16_end=0x400000
CUDA_FA_ROUTE_PLAN device=0 Q=[256,256,16,1] Kraw=f16 Vraw=turbo3 Kshape=[256,256,4,1] Vshape=[256,256,4,1] Keff=f16 Veff=f16 turbo_kv=1 prefer_native_vec=0 decode=1 dk=0 dv=1 unsafe_vec_after_turbo_v_decode=0 allow_vec=1 kernel=MMA_F16 need_f16_K=0 need_f16_V=0 Knb=[2,512,131072,524288] Vnb=[50,400,100,102400] Keff_nb=[2,512,131072,524288] Veff_nb=[2,2048,512,524288]
CUDA_FA_ROUTE_ALLOC kernel=MMA_F16 need_f16_K=0 need_f16_V=0 workspace_end_offset=4194304 dst_data=(nil) f16_K=(nil) f16_V=(nil) f16_end=0x400000
CUDA_FA_ROUTE_PLAN device=0 Q=[256,256,16,1] Kraw=f16 Vraw=turbo3 Kshape=[256,256,4,1] Vshape=[256,256,4,1] Keff=f16 Veff=f16 turbo_kv=1 prefer_native_vec=0 decode=1 dk=0 dv=1 unsafe_vec_after_turbo_v_decode=0 allow_vec=1 kernel=MMA_F16 need_f16_K=0 need_f16_V=0 Knb=[2,512,131072,524288] Vnb=[50,400,100,102400] Keff_nb=[2,512,131072,524288] Veff_nb=[2,2048,512,524288]
CUDA_FA_ROUTE_ALLOC kernel=MMA_F16 need_f16_K=0 need_f16_V=0 workspace_end_offset=4194304 dst_data=(nil) f16_K=(nil) f16_V=(nil) f16_end=0x400000
CUDA_FA_ROUTE_PLAN device=0 Q=[256,256,16,1] Kraw=f16 Vraw=turbo3 Kshape=[256,256,4,1] Vshape=[256,256,4,1] Keff=f16 Veff=f16 turbo_kv=1 prefer_native_vec=0 decode=1 dk=0 dv=1 unsafe_vec_after_turbo_v_decode=0 allow_vec=1 kernel=MMA_F16 need_f16_K=0 need_f16_V=0 Knb=[2,512,131072,524288] Vnb=[50,400,100,102400] Keff_nb=[2,512,131072,524288] Veff_nb=[2,2048,512,524288]
CUDA_FA_ROUTE_ALLOC kernel=MMA_F16 need_f16_K=0 need_f16_V=0 workspace_end_offset=4194304 dst_data=(nil) f16_K=(nil) f16_V=(nil) f16_end=0x400000
CUDA_FA_ROUTE_PLAN device=0 Q=[256,256,16,1] Kraw=f16 Vraw=turbo3 Kshape=[256,256,4,1] Vshape=[256,256,4,1] Keff=f16 Veff=f16 turbo_kv=1 prefer_native_vec=0 decode=1 dk=0 dv=1 unsafe_vec_after_turbo_v_decode=0 allow_vec=1 kernel=MMA_F16 need_f16_K=0 need_f16_V=0 Knb=[2,512,131072,524288] Vnb=[50,400,100,102400] Keff_nb=[2,512,131072,524288] Veff_nb=[2,2048,512,524288]
CUDA_FA_ROUTE_ALLOC kernel=MMA_F16 need_f16_K=0 need_f16_V=0 workspace_end_offset=4194304 dst_data=(nil) f16_K=(nil) f16_V=(nil) f16_end=0x400000
CUDA_FA_ROUTE_PLAN device=0 Q=[256,256,16,1] Kraw=f16 Vraw=turbo3 Kshape=[256,256,4,1] Vshape=[256,256,4,1] Keff=f16 Veff=f16 turbo_kv=1 prefer_native_vec=0 decode=1 dk=0 dv=1 unsafe_vec_after_turbo_v_decode=0 allow_vec=1 kernel=MMA_F16 need_f16_K=0 need_f16_V=0 Knb=[2,512,131072,524288] Vnb=[50,400,100,102400] Keff_nb=[2,512,131072,524288] Veff_nb=[2,2048,512,524288]
CUDA_FA_ROUTE_ALLOC kernel=MMA_F16 need_f16_K=0 need_f16_V=0 workspace_end_offset=4194304 dst_data=(nil) f16_K=(nil) f16_V=(nil) f16_end=0x400000
CUDA_FA_ROUTE_PLAN device=0 Q=[256,256,16,1] Kraw=f16 Vraw=turbo3 Kshape=[256,256,4,1] Vshape=[256,256,4,1] Keff=f16 Veff=f16 turbo_kv=1 prefer_native_vec=0 decode=1 dk=0 dv=1 unsafe_vec_after_turbo_v_decode=0 allow_vec=1 kernel=MMA_F16 need_f16_K=0 need_f16_V=0 Knb=[2,512,131072,524288] Vnb=[50,400,100,102400] Keff_nb=[2,512,131072,524288] Veff_nb=[2,2048,512,524288]
CUDA_FA_ROUTE_ALLOC kernel=MMA_F16 need_f16_K=0 need_f16_V=0 workspace_end_offset=4194304 dst_data=(nil) f16_K=(nil) f16_V=(nil) f16_end=0x400000
CUDA_FA_ROUTE_PLAN device=0 Q=[256,256,16,1] Kraw=f16 Vraw=turbo3 Kshape=[256,256,4,1] Vshape=[256,256,4,1] Keff=f16 Veff=f16 turbo_kv=1 prefer_native_vec=0 decode=1 dk=0 dv=1 unsafe_vec_after_turbo_v_decode=0 allow_vec=1 kernel=MMA_F16 need_f16_K=0 need_f16_V=0 Knb=[2,512,131072,524288] Vnb=[50,400,100,102400] Keff_nb=[2,512,131072,524288] Veff_nb=[2,2048,512,524288]
CUDA_FA_ROUTE_ALLOC kernel=MMA_F16 need_f16_K=0 need_f16_V=0 workspace_end_offset=4194304 dst_data=(nil) f16_K=(nil) f16_V=(nil) f16_end=0x400000
CUDA_FA_ROUTE_PLAN device=0 Q=[256,256,16,1] Kraw=f16 Vraw=turbo3 Kshape=[256,256,4,1] Vshape=[256,256,4,1] Keff=f16 Veff=f16 turbo_kv=1 prefer_native_vec=0 decode=1 dk=0 dv=1 unsafe_vec_after_turbo_v_decode=0 allow_vec=1 kernel=MMA_F16 need_f16_K=0 need_f16_V=0 Knb=[2,512,131072,524288] Vnb=[50,400,100,102400] Keff_nb=[2,512,131072,524288] Veff_nb=[2,2048,512,524288]
CUDA_FA_ROUTE_ALLOC kernel=MMA_F16 need_f16_K=0 need_f16_V=0 workspace_end_offset=4194304 dst_data=(nil) f16_K=(nil) f16_V=(nil) f16_end=0x400000
CUDA_FA_ROUTE_PLAN device=0 Q=[256,256,16,1] Kraw=f16 Vraw=turbo3 Kshape=[256,256,4,1] Vshape=[256,256,4,1] Keff=f16 Veff=f16 turbo_kv=1 prefer_native_vec=0 decode=1 dk=0 dv=1 unsafe_vec_after_turbo_v_decode=0 allow_vec=1 kernel=MMA_F16 need_f16_K=0 need_f16_V=0 Knb=[2,512,131072,524288] Vnb=[50,400,100,102400] Keff_nb=[2,512,131072,524288] Veff_nb=[2,2048,512,524288]
CUDA_FA_ROUTE_ALLOC kernel=MMA_F16 need_f16_K=0 need_f16_V=0 workspace_end_offset=4194304 dst_data=(nil) f16_K=(nil) f16_V=(nil) f16_end=0x400000
CUDA_FA_ROUTE_PLAN device=0 Q=[256,256,16,1] Kraw=f16 Vraw=turbo3 Kshape=[256,256,4,1] Vshape=[256,256,4,1] Keff=f16 Veff=f16 turbo_kv=1 prefer_native_vec=0 decode=1 dk=0 dv=1 unsafe_vec_after_turbo_v_decode=0 allow_vec=1 kernel=MMA_F16 need_f16_K=0 need_f16_V=0 Knb=[2,512,131072,524288] Vnb=[50,400,100,102400] Keff_nb=[2,512,131072,524288] Veff_nb=[2,2048,512,524288]
CUDA_FA_ROUTE_ALLOC kernel=MMA_F16 need_f16_K=0 need_f16_V=0 workspace_end_offset=4194304 dst_data=(nil) f16_K=(nil) f16_V=(nil) f16_end=0x400000
CUDA_FA_ROUTE_PLAN device=0 Q=[256,256,16,1] Kraw=f16 Vraw=turbo3 Kshape=[256,256,4,1] Vshape=[256,256,4,1] Keff=f16 Veff=f16 turbo_kv=1 prefer_native_vec=0 decode=1 dk=0 dv=1 unsafe_vec_after_turbo_v_decode=0 allow_vec=1 kernel=MMA_F16 need_f16_K=0 need_f16_V=0 Knb=[2,512,131072,524288] Vnb=[50,400,100,102400] Keff_nb=[2,512,131072,524288] Veff_nb=[2,2048,512,524288]
CUDA_FA_ROUTE_ALLOC kernel=MMA_F16 need_f16_K=0 need_f16_V=0 workspace_end_offset=4194304 dst_data=(nil) f16_K=(nil) f16_V=(nil) f16_end=0x400000
CUDA_FA_ROUTE_PLAN device=0 Q=[256,256,16,1] Kraw=f16 Vraw=turbo3 Kshape=[256,256,4,1] Vshape=[256,256,4,1] Keff=f16 Veff=f16 turbo_kv=1 prefer_native_vec=0 decode=1 dk=0 dv=1 unsafe_vec_after_turbo_v_decode=0 allow_vec=1 kernel=MMA_F16 need_f16_K=0 need_f16_V=0 Knb=[2,512,131072,524288] Vnb=[50,400,100,102400] Keff_nb=[2,512,131072,524288] Veff_nb=[2,2048,512,524288]
CUDA_FA_ROUTE_ALLOC kernel=MMA_F16 need_f16_K=0 need_f16_V=0 workspace_end_offset=4194304 dst_data=(nil) f16_K=(nil) f16_V=(nil) f16_end=0x400000
CUDA_FA_ROUTE_PLAN device=0 Q=[256,256,16,1] Kraw=f16 Vraw=turbo3 Kshape=[256,256,4,1] Vshape=[256,256,4,1] Keff=f16 Veff=f16 turbo_kv=1 prefer_native_vec=0 decode=1 dk=0 dv=1 unsafe_vec_after_turbo_v_decode=0 allow_vec=1 kernel=MMA_F16 need_f16_K=0 need_f16_V=0 Knb=[2,512,131072,524288] Vnb=[50,400,100,102400] Keff_nb=[2,512,131072,524288] Veff_nb=[2,2048,512,524288]
CUDA_FA_ROUTE_ALLOC kernel=MMA_F16 need_f16_K=0 need_f16_V=0 workspace_end_offset=4194304 dst_data=(nil) f16_K=(nil) f16_V=(nil) f16_end=0x400000
CUDA_FA_ROUTE_PLAN device=0 Q=[256,256,16,1] Kraw=f16 Vraw=turbo3 Kshape=[256,256,4,1] Vshape=[256,256,4,1] Keff=f16 Veff=f16 turbo_kv=1 prefer_native_vec=0 decode=1 dk=0 dv=1 unsafe_vec_after_turbo_v_decode=0 allow_vec=1 kernel=MMA_F16 need_f16_K=0 need_f16_V=0 Knb=[2,512,131072,524288] Vnb=[50,400,100,102400] Keff_nb=[2,512,131072,524288] Veff_nb=[2,2048,512,524288]
CUDA_FA_ROUTE_ALLOC kernel=MMA_F16 need_f16_K=0 need_f16_V=0 workspace_end_offset=4194304 dst_data=(nil) f16_K=(nil) f16_V=(nil) f16_end=0x400000
CUDA_FA_ROUTE_PLAN device=0 Q=[256,256,16,1] Kraw=f16 Vraw=turbo3 Kshape=[256,256,4,1] Vshape=[256,256,4,1] Keff=f16 Veff=f16 turbo_kv=1 prefer_native_vec=0 decode=1 dk=0 dv=1 unsafe_vec_after_turbo_v_decode=0 allow_vec=1 kernel=MMA_F16 need_f16_K=0 need_f16_V=0 Knb=[2,512,131072,524288] Vnb=[50,400,100,102400] Keff_nb=[2,512,131072,524288] Veff_nb=[2,2048,512,524288]
CUDA_FA_ROUTE_ALLOC kernel=MMA_F16 need_f16_K=0 need_f16_V=0 workspace_end_offset=4194304 dst_data=(nil) f16_K=(nil) f16_V=(nil) f16_end=0x400000
CUDA_FA_ROUTE_PLAN device=0 Q=[256,256,16,1] Kraw=f16 Vraw=turbo3 Kshape=[256,256,4,1] Vshape=[256,256,4,1] Keff=f16 Veff=f16 turbo_kv=1 prefer_native_vec=0 decode=1 dk=0 dv=1 unsafe_vec_after_turbo_v_decode=0 allow_vec=1 kernel=MMA_F16 need_f16_K=0 need_f16_V=0 Knb=[2,512,131072,524288] Vnb=[50,400,100,102400] Keff_nb=[2,512,131072,524288] Veff_nb=[2,2048,512,524288]
CUDA_FA_ROUTE_ALLOC kernel=MMA_F16 need_f16_K=0 need_f16_V=0 workspace_end_offset=4194304 dst_data=(nil) f16_K=(nil) f16_V=(nil) f16_end=0x400000
CUDA_FA_ROUTE_PLAN device=0 Q=[256,256,16,1] Kraw=f16 Vraw=turbo3 Kshape=[256,256,4,1] Vshape=[256,256,4,1] Keff=f16 Veff=f16 turbo_kv=1 prefer_native_vec=0 decode=1 dk=0 dv=1 unsafe_vec_after_turbo_v_decode=0 allow_vec=1 kernel=MMA_F16 need_f16_K=0 need_f16_V=0 Knb=[2,512,131072,524288] Vnb=[50,400,100,102400] Keff_nb=[2,512,131072,524288] Veff_nb=[2,2048,512,524288]
CUDA_FA_ROUTE_ALLOC kernel=MMA_F16 need_f16_K=0 need_f16_V=0 workspace_end_offset=4194304 dst_data=(nil) f16_K=(nil) f16_V=(nil) f16_end=0x400000
CUDA_FA_ROUTE_PLAN device=0 Q=[256,256,16,1] Kraw=f16 Vraw=turbo3 Kshape=[256,256,4,1] Vshape=[256,256,4,1] Keff=f16 Veff=f16 turbo_kv=1 prefer_native_vec=0 decode=1 dk=0 dv=1 unsafe_vec_after_turbo_v_decode=0 allow_vec=1 kernel=MMA_F16 need_f16_K=0 need_f16_V=0 Knb=[2,512,131072,524288] Vnb=[50,400,100,102400] Keff_nb=[2,512,131072,524288] Veff_nb=[2,2048,512,524288]
CUDA_FA_ROUTE_ALLOC kernel=MMA_F16 need_f16_K=0 need_f16_V=0 workspace_end_offset=4194304 dst_data=(nil) f16_K=(nil) f16_V=(nil) f16_end=0x400000
CUDA_FA_ROUTE_PLAN device=0 Q=[256,256,16,1] Kraw=f16 Vraw=turbo3 Kshape=[256,256,4,1] Vshape=[256,256,4,1] Keff=f16 Veff=f16 turbo_kv=1 prefer_native_vec=0 decode=1 dk=0 dv=1 unsafe_vec_after_turbo_v_decode=0 allow_vec=1 kernel=MMA_F16 need_f16_K=0 need_f16_V=0 Knb=[2,512,131072,524288] Vnb=[50,400,100,102400] Keff_nb=[2,512,131072,524288] Veff_nb=[2,2048,512,524288]
CUDA_FA_ROUTE_ALLOC kernel=MMA_F16 need_f16_K=0 need_f16_V=0 workspace_end_offset=4194304 dst_data=(nil) f16_K=(nil) f16_V=(nil) f16_end=0x400000
CUDA_FA_ROUTE_PLAN device=0 Q=[256,256,16,1] Kraw=f16 Vraw=turbo3 Kshape=[256,256,4,1] Vshape=[256,256,4,1] Keff=f16 Veff=f16 turbo_kv=1 prefer_native_vec=0 decode=1 dk=0 dv=1 unsafe_vec_after_turbo_v_decode=0 allow_vec=1 kernel=MMA_F16 need_f16_K=0 need_f16_V=0 Knb=[2,512,131072,524288] Vnb=[50,400,100,102400] Keff_nb=[2,512,131072,524288] Veff_nb=[2,2048,512,524288]
CUDA_FA_ROUTE_ALLOC kernel=MMA_F16 need_f16_K=0 need_f16_V=0 workspace_end_offset=4194304 dst_data=(nil) f16_K=(nil) f16_V=(nil) f16_end=0x400000
CUDA_FA_ROUTE_PLAN device=0 Q=[256,256,16,1] Kraw=f16 Vraw=turbo3 Kshape=[256,256,4,1] Vshape=[256,256,4,1] Keff=f16 Veff=f16 turbo_kv=1 prefer_native_vec=0 decode=1 dk=0 dv=1 unsafe_vec_after_turbo_v_decode=0 allow_vec=1 kernel=MMA_F16 need_f16_K=0 need_f16_V=0 Knb=[2,512,131072,524288] Vnb=[50,400,100,102400] Keff_nb=[2,512,131072,524288] Veff_nb=[2,2048,512,524288]
CUDA_FA_ROUTE_ALLOC kernel=MMA_F16 need_f16_K=0 need_f16_V=0 workspace_end_offset=4194304 dst_data=(nil) f16_K=(nil) f16_V=(nil) f16_end=0x400000
CUDA_FA_ROUTE_PLAN device=0 Q=[256,256,16,1] Kraw=f16 Vraw=turbo3 Kshape=[256,256,4,1] Vshape=[256,256,4,1] Keff=f16 Veff=f16 turbo_kv=1 prefer_native_vec=0 decode=1 dk=0 dv=1 unsafe_vec_after_turbo_v_decode=0 allow_vec=1 kernel=MMA_F16 need_f16_K=0 need_f16_V=0 Knb=[2,512,131072,524288] Vnb=[50,400,100,102400] Keff_nb=[2,512,131072,524288] Veff_nb=[2,2048,512,524288]
CUDA_FA_ROUTE_ALLOC kernel=MMA_F16 need_f16_K=0 need_f16_V=0 workspace_end_offset=4194304 dst_data=(nil) f16_K=(nil) f16_V=(nil) f16_end=0x400000
CUDA_FA_ROUTE_PLAN device=0 Q=[256,256,16,1] Kraw=f16 Vraw=turbo3 Kshape=[256,256,4,1] Vshape=[256,256,4,1] Keff=f16 Veff=f16 turbo_kv=1 prefer_native_vec=0 decode=1 dk=0 dv=1 unsafe_vec_after_turbo_v_decode=0 allow_vec=1 kernel=MMA_F16 need_f16_K=0 need_f16_V=0 Knb=[2,512,131072,524288] Vnb=[50,400,100,102400] Keff_nb=[2,512,131072,524288] Veff_nb=[2,2048,512,524288]
CUDA_FA_ROUTE_ALLOC kernel=MMA_F16 need_f16_K=0 need_f16_V=0 workspace_end_offset=4194304 dst_data=(nil) f16_K=(nil) f16_V=(nil) f16_end=0x400000
CUDA_FA_ROUTE_PLAN device=0 Q=[256,256,16,1] Kraw=f16 Vraw=turbo3 Kshape=[256,256,4,1] Vshape=[256,256,4,1] Keff=f16 Veff=f16 turbo_kv=1 prefer_native_vec=0 decode=1 dk=0 dv=1 unsafe_vec_after_turbo_v_decode=0 allow_vec=1 kernel=MMA_F16 need_f16_K=0 need_f16_V=0 Knb=[2,512,131072,524288] Vnb=[50,400,100,102400] Keff_nb=[2,512,131072,524288] Veff_nb=[2,2048,512,524288]
CUDA_FA_ROUTE_ALLOC kernel=MMA_F16 need_f16_K=0 need_f16_V=0 workspace_end_offset=4194304 dst_data=(nil) f16_K=(nil) f16_V=(nil) f16_end=0x400000
CUDA_FA_ROUTE_PLAN device=0 Q=[256,2,16,1] Kraw=f16 Vraw=turbo3 Kshape=[256,256,4,1] Vshape=[256,256,4,1] Keff=f16 Veff=f16 turbo_kv=1 prefer_native_vec=0 decode=1 dk=0 dv=1 unsafe_vec_after_turbo_v_decode=0 allow_vec=1 kernel=MMA_F16 need_f16_K=0 need_f16_V=0 Knb=[2,512,131072,524288] Vnb=[50,400,100,102400] Keff_nb=[2,512,131072,524288] Veff_nb=[2,2048,512,524288]
CUDA_FA_ROUTE_SUPPORTED kernel=MMA_F16 effK=f16 effV=f16 supported=1
CUDA_FA_ROUTE_PLAN device=0 Q=[256,2,16,1] Kraw=f16 Vraw=turbo3 Kshape=[256,256,4,1] Vshape=[256,256,4,1] Keff=f16 Veff=f16 turbo_kv=1 prefer_native_vec=0 decode=1 dk=0 dv=1 unsafe_vec_after_turbo_v_decode=0 allow_vec=1 kernel=MMA_F16 need_f16_K=0 need_f16_V=0 Knb=[2,512,131072,524288] Vnb=[50,400,100,102400] Keff_nb=[2,512,131072,524288] Veff_nb=[2,2048,512,524288]
CUDA_FA_ROUTE_SUPPORTED kernel=MMA_F16 effK=f16 effV=f16 supported=1
CUDA_FA_ROUTE_PLAN device=0 Q=[256,2,16,1] Kraw=f16 Vraw=turbo3 Kshape=[256,256,4,1] Vshape=[256,256,4,1] Keff=f16 Veff=f16 turbo_kv=1 prefer_native_vec=0 decode=1 dk=0 dv=1 unsafe_vec_after_turbo_v_decode=0 allow_vec=1 kernel=MMA_F16 need_f16_K=0 need_f16_V=0 Knb=[2,512,131072,524288] Vnb=[50,400,100,102400] Keff_nb=[2,512,131072,524288] Veff_nb=[2,2048,512,524288]
CUDA_FA_ROUTE_SUPPORTED kernel=MMA_F16 effK=f16 effV=f16 supported=1
CUDA_FA_ROUTE_PLAN device=0 Q=[256,2,16,1] Kraw=f16 Vraw=turbo3 Kshape=[256,256,4,1] Vshape=[256,256,4,1] Keff=f16 Veff=f16 turbo_kv=1 prefer_native_vec=0 decode=1 dk=0 dv=1 unsafe_vec_after_turbo_v_decode=0 allow_vec=1 kernel=MMA_F16 need_f16_K=0 need_f16_V=0 Knb=[2,512,131072,524288] Vnb=[50,400,100,102400] Keff_nb=[2,512,131072,524288] Veff_nb=[2,2048,512,524288]
CUDA_FA_ROUTE_SUPPORTED kernel=MMA_F16 effK=f16 effV=f16 supported=1
CUDA_FA_ROUTE_PLAN device=0 Q=[256,2,16,1] Kraw=f16 Vraw=turbo3 Kshape=[256,256,4,1] Vshape=[256,256,4,1] Keff=f16 Veff=f16 turbo_kv=1 prefer_native_vec=0 decode=1 dk=0 dv=1 unsafe_vec_after_turbo_v_decode=0 allow_vec=1 kernel=MMA_F16 need_f16_K=0 need_f16_V=0 Knb=[2,512,131072,524288] Vnb=[50,400,100,102400] Keff_nb=[2,512,131072,524288] Veff_nb=[2,2048,512,524288]
CUDA_FA_ROUTE_SUPPORTED kernel=MMA_F16 effK=f16 effV=f16 supported=1
CUDA_FA_ROUTE_PLAN device=0 Q=[256,2,16,1] Kraw=f16 Vraw=turbo3 Kshape=[256,256,4,1] Vshape=[256,256,4,1] Keff=f16 Veff=f16 turbo_kv=1 prefer_native_vec=0 decode=1 dk=0 dv=1 unsafe_vec_after_turbo_v_decode=0 allow_vec=1 kernel=MMA_F16 need_f16_K=0 need_f16_V=0 Knb=[2,512,131072,524288] Vnb=[50,400,100,102400] Keff_nb=[2,512,131072,524288] Veff_nb=[2,2048,512,524288]
CUDA_FA_ROUTE_SUPPORTED kernel=MMA_F16 effK=f16 effV=f16 supported=1
CUDA_FA_ROUTE_PLAN device=0 Q=[256,2,16,1] Kraw=f16 Vraw=turbo3 Kshape=[256,256,4,1] Vshape=[256,256,4,1] Keff=f16 Veff=f16 turbo_kv=1 prefer_native_vec=0 decode=1 dk=0 dv=1 unsafe_vec_after_turbo_v_decode=0 allow_vec=1 kernel=MMA_F16 need_f16_K=0 need_f16_V=0 Knb=[2,512,131072,524288] Vnb=[50,400,100,102400] Keff_nb=[2,512,131072,524288] Veff_nb=[2,2048,512,524288]
CUDA_FA_ROUTE_SUPPORTED kernel=MMA_F16 effK=f16 effV=f16 supported=1
CUDA_FA_ROUTE_PLAN device=0 Q=[256,2,16,1] Kraw=f16 Vraw=turbo3 Kshape=[256,256,4,1] Vshape=[256,256,4,1] Keff=f16 Veff=f16 turbo_kv=1 prefer_native_vec=0 decode=1 dk=0 dv=1 unsafe_vec_after_turbo_v_decode=0 allow_vec=1 kernel=MMA_F16 need_f16_K=0 need_f16_V=0 Knb=[2,512,131072,524288] Vnb=[50,400,100,102400] Keff_nb=[2,512,131072,524288] Veff_nb=[2,2048,512,524288]
CUDA_FA_ROUTE_SUPPORTED kernel=MMA_F16 effK=f16 effV=f16 supported=1
CUDA_FA_ROUTE_PLAN device=0 Q=[256,2,16,1] Kraw=f16 Vraw=turbo3 Kshape=[256,256,4,1] Vshape=[256,256,4,1] Keff=f16 Veff=f16 turbo_kv=1 prefer_native_vec=0 decode=1 dk=0 dv=1 unsafe_vec_after_turbo_v_decode=0 allow_vec=1 kernel=MMA_F16 need_f16_K=0 need_f16_V=0 Knb=[2,512,131072,524288] Vnb=[50,400,100,102400] Keff_nb=[2,512,131072,524288] Veff_nb=[2,2048,512,524288]
CUDA_FA_ROUTE_ALLOC kernel=MMA_F16 need_f16_K=0 need_f16_V=0 workspace_end_offset=32768 dst_data=(nil) f16_K=(nil) f16_V=(nil) f16_end=0x8000
CUDA_FA_ROUTE_PLAN device=0 Q=[256,2,16,1] Kraw=f16 Vraw=turbo3 Kshape=[256,256,4,1] Vshape=[256,256,4,1] Keff=f16 Veff=f16 turbo_kv=1 prefer_native_vec=0 decode=1 dk=0 dv=1 unsafe_vec_after_turbo_v_decode=0 allow_vec=1 kernel=MMA_F16 need_f16_K=0 need_f16_V=0 Knb=[2,512,131072,524288] Vnb=[50,400,100,102400] Keff_nb=[2,512,131072,524288] Veff_nb=[2,2048,512,524288]
CUDA_FA_ROUTE_ALLOC kernel=MMA_F16 need_f16_K=0 need_f16_V=0 workspace_end_offset=32768 dst_data=(nil) f16_K=(nil) f16_V=(nil) f16_end=0x8000
CUDA_FA_ROUTE_PLAN device=0 Q=[256,2,16,1] Kraw=f16 Vraw=turbo3 Kshape=[256,256,4,1] Vshape=[256,256,4,1] Keff=f16 Veff=f16 turbo_kv=1 prefer_native_vec=0 decode=1 dk=0 dv=1 unsafe_vec_after_turbo_v_decode=0 allow_vec=1 kernel=MMA_F16 need_f16_K=0 need_f16_V=0 Knb=[2,512,131072,524288] Vnb=[50,400,100,102400] Keff_nb=[2,512,131072,524288] Veff_nb=[2,2048,512,524288]
CUDA_FA_ROUTE_ALLOC kernel=MMA_F16 need_f16_K=0 need_f16_V=0 workspace_end_offset=32768 dst_data=(nil) f16_K=(nil) f16_V=(nil) f16_end=0x8000
CUDA_FA_ROUTE_PLAN device=0 Q=[256,2,16,1] Kraw=f16 Vraw=turbo3 Kshape=[256,256,4,1] Vshape=[256,256,4,1] Keff=f16 Veff=f16 turbo_kv=1 prefer_native_vec=0 decode=1 dk=0 dv=1 unsafe_vec_after_turbo_v_decode=0 allow_vec=1 kernel=MMA_F16 need_f16_K=0 need_f16_V=0 Knb=[2,512,131072,524288] Vnb=[50,400,100,102400] Keff_nb=[2,512,131072,524288] Veff_nb=[2,2048,512,524288]
CUDA_FA_ROUTE_ALLOC kernel=MMA_F16 need_f16_K=0 need_f16_V=0 workspace_end_offset=32768 dst_data=(nil) f16_K=(nil) f16_V=(nil) f16_end=0x8000
CUDA_FA_ROUTE_PLAN device=0 Q=[256,2,16,1] Kraw=f16 Vraw=turbo3 Kshape=[256,256,4,1] Vshape=[256,256,4,1] Keff=f16 Veff=f16 turbo_kv=1 prefer_native_vec=0 decode=1 dk=0 dv=1 unsafe_vec_after_turbo_v_decode=0 allow_vec=1 kernel=MMA_F16 need_f16_K=0 need_f16_V=0 Knb=[2,512,131072,524288] Vnb=[50,400,100,102400] Keff_nb=[2,512,131072,524288] Veff_nb=[2,2048,512,524288]
CUDA_FA_ROUTE_ALLOC kernel=MMA_F16 need_f16_K=0 need_f16_V=0 workspace_end_offset=32768 dst_data=(nil) f16_K=(nil) f16_V=(nil) f16_end=0x8000
CUDA_FA_ROUTE_PLAN device=0 Q=[256,2,16,1] Kraw=f16 Vraw=turbo3 Kshape=[256,256,4,1] Vshape=[256,256,4,1] Keff=f16 Veff=f16 turbo_kv=1 prefer_native_vec=0 decode=1 dk=0 dv=1 unsafe_vec_after_turbo_v_decode=0 allow_vec=1 kernel=MMA_F16 need_f16_K=0 need_f16_V=0 Knb=[2,512,131072,524288] Vnb=[50,400,100,102400] Keff_nb=[2,512,131072,524288] Veff_nb=[2,2048,512,524288]
CUDA_FA_ROUTE_ALLOC kernel=MMA_F16 need_f16_K=0 need_f16_V=0 workspace_end_offset=32768 dst_data=(nil) f16_K=(nil) f16_V=(nil) f16_end=0x8000
CUDA_FA_ROUTE_PLAN device=0 Q=[256,2,16,1] Kraw=f16 Vraw=turbo3 Kshape=[256,256,4,1] Vshape=[256,256,4,1] Keff=f16 Veff=f16 turbo_kv=1 prefer_native_vec=0 decode=1 dk=0 dv=1 unsafe_vec_after_turbo_v_decode=0 allow_vec=1 kernel=MMA_F16 need_f16_K=0 need_f16_V=0 Knb=[2,512,131072,524288] Vnb=[50,400,100,102400] Keff_nb=[2,512,131072,524288] Veff_nb=[2,2048,512,524288]
CUDA_FA_ROUTE_ALLOC kernel=MMA_F16 need_f16_K=0 need_f16_V=0 workspace_end_offset=32768 dst_data=(nil) f16_K=(nil) f16_V=(nil) f16_end=0x8000
CUDA_FA_ROUTE_PLAN device=0 Q=[256,2,16,1] Kraw=f16 Vraw=turbo3 Kshape=[256,256,4,1] Vshape=[256,256,4,1] Keff=f16 Veff=f16 turbo_kv=1 prefer_native_vec=0 decode=1 dk=0 dv=1 unsafe_vec_after_turbo_v_decode=0 allow_vec=1 kernel=MMA_F16 need_f16_K=0 need_f16_V=0 Knb=[2,512,131072,524288] Vnb=[50,400,100,102400] Keff_nb=[2,512,131072,524288] Veff_nb=[2,2048,512,524288]
CUDA_FA_ROUTE_ALLOC kernel=MMA_F16 need_f16_K=0 need_f16_V=0 workspace_end_offset=32768 dst_data=(nil) f16_K=(nil) f16_V=(nil) f16_end=0x8000
CUDA_FA_ROUTE_PLAN device=0 Q=[256,2,16,1] Kraw=f16 Vraw=turbo3 Kshape=[256,256,4,1] Vshape=[256,256,4,1] Keff=f16 Veff=f16 turbo_kv=1 prefer_native_vec=0 decode=1 dk=0 dv=1 unsafe_vec_after_turbo_v_decode=0 allow_vec=1 kernel=MMA_F16 need_f16_K=0 need_f16_V=0 Knb=[2,512,131072,524288] Vnb=[50,400,100,102400] Keff_nb=[2,512,131072,524288] Veff_nb=[2,2048,512,524288]
CUDA_FA_ROUTE_ALLOC kernel=MMA_F16 need_f16_K=0 need_f16_V=0 workspace_end_offset=32768 dst_data=(nil) f16_K=(nil) f16_V=(nil) f16_end=0x8000
CUDA_FA_ROUTE_PLAN device=0 Q=[256,2,16,1] Kraw=f16 Vraw=turbo3 Kshape=[256,256,4,1] Vshape=[256,256,4,1] Keff=f16 Veff=f16 turbo_kv=1 prefer_native_vec=0 decode=1 dk=0 dv=1 unsafe_vec_after_turbo_v_decode=0 allow_vec=1 kernel=MMA_F16 need_f16_K=0 need_f16_V=0 Knb=[2,512,131072,524288] Vnb=[50,400,100,102400] Keff_nb=[2,512,131072,524288] Veff_nb=[2,2048,512,524288]
CUDA_FA_ROUTE_ALLOC kernel=MMA_F16 need_f16_K=0 need_f16_V=0 workspace_end_offset=32768 dst_data=(nil) f16_K=(nil) f16_V=(nil) f16_end=0x8000
CUDA_FA_ROUTE_PLAN device=0 Q=[256,2,16,1] Kraw=f16 Vraw=turbo3 Kshape=[256,256,4,1] Vshape=[256,256,4,1] Keff=f16 Veff=f16 turbo_kv=1 prefer_native_vec=0 decode=1 dk=0 dv=1 unsafe_vec_after_turbo_v_decode=0 allow_vec=1 kernel=MMA_F16 need_f16_K=0 need_f16_V=0 Knb=[2,512,131072,524288] Vnb=[50,400,100,102400] Keff_nb=[2,512,131072,524288] Veff_nb=[2,2048,512,524288]
CUDA_FA_ROUTE_ALLOC kernel=MMA_F16 need_f16_K=0 need_f16_V=0 workspace_end_offset=32768 dst_data=(nil) f16_K=(nil) f16_V=(nil) f16_end=0x8000
CUDA_FA_ROUTE_PLAN device=0 Q=[256,2,16,1] Kraw=f16 Vraw=turbo3 Kshape=[256,256,4,1] Vshape=[256,256,4,1] Keff=f16 Veff=f16 turbo_kv=1 prefer_native_vec=0 decode=1 dk=0 dv=1 unsafe_vec_after_turbo_v_decode=0 allow_vec=1 kernel=MMA_F16 need_f16_K=0 need_f16_V=0 Knb=[2,512,131072,524288] Vnb=[50,400,100,102400] Keff_nb=[2,512,131072,524288] Veff_nb=[2,2048,512,524288]
CUDA_FA_ROUTE_ALLOC kernel=MMA_F16 need_f16_K=0 need_f16_V=0 workspace_end_offset=32768 dst_data=(nil) f16_K=(nil) f16_V=(nil) f16_end=0x8000
CUDA_FA_ROUTE_PLAN device=0 Q=[256,2,16,1] Kraw=f16 Vraw=turbo3 Kshape=[256,256,4,1] Vshape=[256,256,4,1] Keff=f16 Veff=f16 turbo_kv=1 prefer_native_vec=0 decode=1 dk=0 dv=1 unsafe_vec_after_turbo_v_decode=0 allow_vec=1 kernel=MMA_F16 need_f16_K=0 need_f16_V=0 Knb=[2,512,131072,524288] Vnb=[50,400,100,102400] Keff_nb=[2,512,131072,524288] Veff_nb=[2,2048,512,524288]
CUDA_FA_ROUTE_ALLOC kernel=MMA_F16 need_f16_K=0 need_f16_V=0 workspace_end_offset=32768 dst_data=(nil) f16_K=(nil) f16_V=(nil) f16_end=0x8000
CUDA_FA_ROUTE_PLAN device=0 Q=[256,2,16,1] Kraw=f16 Vraw=turbo3 Kshape=[256,256,4,1] Vshape=[256,256,4,1] Keff=f16 Veff=f16 turbo_kv=1 prefer_native_vec=0 decode=1 dk=0 dv=1 unsafe_vec_after_turbo_v_decode=0 allow_vec=1 kernel=MMA_F16 need_f16_K=0 need_f16_V=0 Knb=[2,512,131072,524288] Vnb=[50,400,100,102400] Keff_nb=[2,512,131072,524288] Veff_nb=[2,2048,512,524288]
CUDA_FA_ROUTE_ALLOC kernel=MMA_F16 need_f16_K=0 need_f16_V=0 workspace_end_offset=32768 dst_data=(nil) f16_K=(nil) f16_V=(nil) f16_end=0x8000
CUDA_FA_ROUTE_PLAN device=0 Q=[256,2,16,1] Kraw=f16 Vraw=turbo3 Kshape=[256,256,4,1] Vshape=[256,256,4,1] Keff=f16 Veff=f16 turbo_kv=1 prefer_native_vec=0 decode=1 dk=0 dv=1 unsafe_vec_after_turbo_v_decode=0 allow_vec=1 kernel=MMA_F16 need_f16_K=0 need_f16_V=0 Knb=[2,512,131072,524288] Vnb=[50,400,100,102400] Keff_nb=[2,512,131072,524288] Veff_nb=[2,2048,512,524288]
CUDA_FA_ROUTE_ALLOC kernel=MMA_F16 need_f16_K=0 need_f16_V=0 workspace_end_offset=32768 dst_data=(nil) f16_K=(nil) f16_V=(nil) f16_end=0x8000
CUDA_FA_ROUTE_PLAN device=0 Q=[256,2,16,1] Kraw=f16 Vraw=turbo3 Kshape=[256,256,4,1] Vshape=[256,256,4,1] Keff=f16 Veff=f16 turbo_kv=1 prefer_native_vec=0 decode=1 dk=0 dv=1 unsafe_vec_after_turbo_v_decode=0 allow_vec=1 kernel=MMA_F16 need_f16_K=0 need_f16_V=0 Knb=[2,512,131072,524288] Vnb=[50,400,100,102400] Keff_nb=[2,512,131072,524288] Veff_nb=[2,2048,512,524288]
CUDA_FA_ROUTE_ALLOC kernel=MMA_F16 need_f16_K=0 need_f16_V=0 workspace_end_offset=32768 dst_data=(nil) f16_K=(nil) f16_V=(nil) f16_end=0x8000
CUDA_FA_ROUTE_PLAN device=0 Q=[256,2,16,1] Kraw=f16 Vraw=turbo3 Kshape=[256,256,4,1] Vshape=[256,256,4,1] Keff=f16 Veff=f16 turbo_kv=1 prefer_native_vec=0 decode=1 dk=0 dv=1 unsafe_vec_after_turbo_v_decode=0 allow_vec=1 kernel=MMA_F16 need_f16_K=0 need_f16_V=0 Knb=[2,512,131072,524288] Vnb=[50,400,100,102400] Keff_nb=[2,512,131072,524288] Veff_nb=[2,2048,512,524288]
CUDA_FA_ROUTE_ALLOC kernel=MMA_F16 need_f16_K=0 need_f16_V=0 workspace_end_offset=32768 dst_data=(nil) f16_K=(nil) f16_V=(nil) f16_end=0x8000
CUDA_FA_ROUTE_PLAN device=0 Q=[256,2,16,1] Kraw=f16 Vraw=turbo3 Kshape=[256,256,4,1] Vshape=[256,256,4,1] Keff=f16 Veff=f16 turbo_kv=1 prefer_native_vec=0 decode=1 dk=0 dv=1 unsafe_vec_after_turbo_v_decode=0 allow_vec=1 kernel=MMA_F16 need_f16_K=0 need_f16_V=0 Knb=[2,512,131072,524288] Vnb=[50,400,100,102400] Keff_nb=[2,512,131072,524288] Veff_nb=[2,2048,512,524288]
CUDA_FA_ROUTE_ALLOC kernel=MMA_F16 need_f16_K=0 need_f16_V=0 workspace_end_offset=32768 dst_data=(nil) f16_K=(nil) f16_V=(nil) f16_end=0x8000
CUDA_FA_ROUTE_PLAN device=0 Q=[256,2,16,1] Kraw=f16 Vraw=turbo3 Kshape=[256,256,4,1] Vshape=[256,256,4,1] Keff=f16 Veff=f16 turbo_kv=1 prefer_native_vec=0 decode=1 dk=0 dv=1 unsafe_vec_after_turbo_v_decode=0 allow_vec=1 kernel=MMA_F16 need_f16_K=0 need_f16_V=0 Knb=[2,512,131072,524288] Vnb=[50,400,100,102400] Keff_nb=[2,512,131072,524288] Veff_nb=[2,2048,512,524288]
CUDA_FA_ROUTE_ALLOC kernel=MMA_F16 need_f16_K=0 need_f16_V=0 workspace_end_offset=32768 dst_data=(nil) f16_K=(nil) f16_V=(nil) f16_end=0x8000
CUDA_FA_ROUTE_PLAN device=0 Q=[256,2,16,1] Kraw=f16 Vraw=turbo3 Kshape=[256,256,4,1] Vshape=[256,256,4,1] Keff=f16 Veff=f16 turbo_kv=1 prefer_native_vec=0 decode=1 dk=0 dv=1 unsafe_vec_after_turbo_v_decode=0 allow_vec=1 kernel=MMA_F16 need_f16_K=0 need_f16_V=0 Knb=[2,512,131072,524288] Vnb=[50,400,100,102400] Keff_nb=[2,512,131072,524288] Veff_nb=[2,2048,512,524288]
CUDA_FA_ROUTE_ALLOC kernel=MMA_F16 need_f16_K=0 need_f16_V=0 workspace_end_offset=32768 dst_data=(nil) f16_K=(nil) f16_V=(nil) f16_end=0x8000
CUDA_FA_ROUTE_PLAN device=0 Q=[256,2,16,1] Kraw=f16 Vraw=turbo3 Kshape=[256,256,4,1] Vshape=[256,256,4,1] Keff=f16 Veff=f16 turbo_kv=1 prefer_native_vec=0 decode=1 dk=0 dv=1 unsafe_vec_after_turbo_v_decode=0 allow_vec=1 kernel=MMA_F16 need_f16_K=0 need_f16_V=0 Knb=[2,512,131072,524288] Vnb=[50,400,100,102400] Keff_nb=[2,512,131072,524288] Veff_nb=[2,2048,512,524288]
CUDA_FA_ROUTE_ALLOC kernel=MMA_F16 need_f16_K=0 need_f16_V=0 workspace_end_offset=32768 dst_data=(nil) f16_K=(nil) f16_V=(nil) f16_end=0x8000
CUDA_FA_ROUTE_PLAN device=0 Q=[256,2,16,1] Kraw=f16 Vraw=turbo3 Kshape=[256,256,4,1] Vshape=[256,256,4,1] Keff=f16 Veff=f16 turbo_kv=1 prefer_native_vec=0 decode=1 dk=0 dv=1 unsafe_vec_after_turbo_v_decode=0 allow_vec=1 kernel=MMA_F16 need_f16_K=0 need_f16_V=0 Knb=[2,512,131072,524288] Vnb=[50,400,100,102400] Keff_nb=[2,512,131072,524288] Veff_nb=[2,2048,512,524288]
CUDA_FA_ROUTE_ALLOC kernel=MMA_F16 need_f16_K=0 need_f16_V=0 workspace_end_offset=32768 dst_data=(nil) f16_K=(nil) f16_V=(nil) f16_end=0x8000
CUDA_FA_ROUTE_PLAN device=0 Q=[256,2,16,1] Kraw=f16 Vraw=turbo3 Kshape=[256,256,4,1] Vshape=[256,256,4,1] Keff=f16 Veff=f16 turbo_kv=1 prefer_native_vec=0 decode=1 dk=0 dv=1 unsafe_vec_after_turbo_v_decode=0 allow_vec=1 kernel=MMA_F16 need_f16_K=0 need_f16_V=0 Knb=[2,512,131072,524288] Vnb=[50,400,100,102400] Keff_nb=[2,512,131072,524288] Veff_nb=[2,2048,512,524288]
CUDA_FA_ROUTE_ALLOC kernel=MMA_F16 need_f16_K=0 need_f16_V=0 workspace_end_offset=32768 dst_data=(nil) f16_K=(nil) f16_V=(nil) f16_end=0x8000
CUDA_FA_ROUTE_PLAN device=0 Q=[256,2,16,1] Kraw=f16 Vraw=turbo3 Kshape=[256,256,4,1] Vshape=[256,256,4,1] Keff=f16 Veff=f16 turbo_kv=1 prefer_native_vec=0 decode=1 dk=0 dv=1 unsafe_vec_after_turbo_v_decode=0 allow_vec=1 kernel=MMA_F16 need_f16_K=0 need_f16_V=0 Knb=[2,512,131072,524288] Vnb=[50,400,100,102400] Keff_nb=[2,512,131072,524288] Veff_nb=[2,2048,512,524288]
CUDA_FA_ROUTE_ALLOC kernel=MMA_F16 need_f16_K=0 need_f16_V=0 workspace_end_offset=32768 dst_data=(nil) f16_K=(nil) f16_V=(nil) f16_end=0x8000
CUDA_FA_ROUTE_PLAN device=0 Q=[256,2,16,1] Kraw=f16 Vraw=turbo3 Kshape=[256,256,4,1] Vshape=[256,256,4,1] Keff=f16 Veff=f16 turbo_kv=1 prefer_native_vec=0 decode=1 dk=0 dv=1 unsafe_vec_after_turbo_v_decode=0 allow_vec=1 kernel=MMA_F16 need_f16_K=0 need_f16_V=0 Knb=[2,512,131072,524288] Vnb=[50,400,100,102400] Keff_nb=[2,512,131072,524288] Veff_nb=[2,2048,512,524288]
CUDA_FA_ROUTE_ALLOC kernel=MMA_F16 need_f16_K=0 need_f16_V=0 workspace_end_offset=32768 dst_data=(nil) f16_K=(nil) f16_V=(nil) f16_end=0x8000
CUDA_FA_ROUTE_PLAN device=0 Q=[256,2,16,1] Kraw=f16 Vraw=turbo3 Kshape=[256,256,4,1] Vshape=[256,256,4,1] Keff=f16 Veff=f16 turbo_kv=1 prefer_native_vec=0 decode=1 dk=0 dv=1 unsafe_vec_after_turbo_v_decode=0 allow_vec=1 kernel=MMA_F16 need_f16_K=0 need_f16_V=0 Knb=[2,512,131072,524288] Vnb=[50,400,100,102400] Keff_nb=[2,512,131072,524288] Veff_nb=[2,2048,512,524288]
CUDA_FA_ROUTE_ALLOC kernel=MMA_F16 need_f16_K=0 need_f16_V=0 workspace_end_offset=32768 dst_data=(nil) f16_K=(nil) f16_V=(nil) f16_end=0x8000
CUDA_FA_ROUTE_PLAN device=0 Q=[256,2,16,1] Kraw=f16 Vraw=turbo3 Kshape=[256,256,4,1] Vshape=[256,256,4,1] Keff=f16 Veff=f16 turbo_kv=1 prefer_native_vec=0 decode=1 dk=0 dv=1 unsafe_vec_after_turbo_v_decode=0 allow_vec=1 kernel=MMA_F16 need_f16_K=0 need_f16_V=0 Knb=[2,512,131072,524288] Vnb=[50,400,100,102400] Keff_nb=[2,512,131072,524288] Veff_nb=[2,2048,512,524288]
CUDA_FA_ROUTE_ALLOC kernel=MMA_F16 need_f16_K=0 need_f16_V=0 workspace_end_offset=32768 dst_data=(nil) f16_K=(nil) f16_V=(nil) f16_end=0x8000
CUDA_FA_ROUTE_PLAN device=0 Q=[256,2,16,1] Kraw=f16 Vraw=turbo3 Kshape=[256,256,4,1] Vshape=[256,256,4,1] Keff=f16 Veff=f16 turbo_kv=1 prefer_native_vec=0 decode=1 dk=0 dv=1 unsafe_vec_after_turbo_v_decode=0 allow_vec=1 kernel=MMA_F16 need_f16_K=0 need_f16_V=0 Knb=[2,512,131072,524288] Vnb=[50,400,100,102400] Keff_nb=[2,512,131072,524288] Veff_nb=[2,2048,512,524288]
CUDA_FA_ROUTE_ALLOC kernel=MMA_F16 need_f16_K=0 need_f16_V=0 workspace_end_offset=32768 dst_data=(nil) f16_K=(nil) f16_V=(nil) f16_end=0x8000
CUDA_FA_ROUTE_PLAN device=0 Q=[256,2,16,1] Kraw=f16 Vraw=turbo3 Kshape=[256,256,4,1] Vshape=[256,256,4,1] Keff=f16 Veff=f16 turbo_kv=1 prefer_native_vec=0 decode=1 dk=0 dv=1 unsafe_vec_after_turbo_v_decode=0 allow_vec=1 kernel=MMA_F16 need_f16_K=0 need_f16_V=0 Knb=[2,512,131072,524288] Vnb=[50,400,100,102400] Keff_nb=[2,512,131072,524288] Veff_nb=[2,2048,512,524288]
CUDA_FA_ROUTE_ALLOC kernel=MMA_F16 need_f16_K=0 need_f16_V=0 workspace_end_offset=32768 dst_data=(nil) f16_K=(nil) f16_V=(nil) f16_end=0x8000
CUDA_FA_ROUTE_PLAN device=0 Q=[256,2,16,1] Kraw=f16 Vraw=turbo3 Kshape=[256,256,4,1] Vshape=[256,256,4,1] Keff=f16 Veff=f16 turbo_kv=1 prefer_native_vec=0 decode=1 dk=0 dv=1 unsafe_vec_after_turbo_v_decode=0 allow_vec=1 kernel=MMA_F16 need_f16_K=0 need_f16_V=0 Knb=[2,512,131072,524288] Vnb=[50,400,100,102400] Keff_nb=[2,512,131072,524288] Veff_nb=[2,2048,512,524288]
CUDA_FA_ROUTE_ALLOC kernel=MMA_F16 need_f16_K=0 need_f16_V=0 workspace_end_offset=32768 dst_data=(nil) f16_K=(nil) f16_V=(nil) f16_end=0x8000
CUDA_FA_ROUTE_PLAN device=0 Q=[256,2,16,1] Kraw=f16 Vraw=turbo3 Kshape=[256,256,4,1] Vshape=[256,256,4,1] Keff=f16 Veff=f16 turbo_kv=1 prefer_native_vec=0 decode=1 dk=0 dv=1 unsafe_vec_after_turbo_v_decode=0 allow_vec=1 kernel=MMA_F16 need_f16_K=0 need_f16_V=0 Knb=[2,512,131072,524288] Vnb=[50,400,100,102400] Keff_nb=[2,512,131072,524288] Veff_nb=[2,2048,512,524288]
CUDA_FA_ROUTE_ALLOC kernel=MMA_F16 need_f16_K=0 need_f16_V=0 workspace_end_offset=32768 dst_data=(nil) f16_K=(nil) f16_V=(nil) f16_end=0x8000
CUDA_FA_ROUTE_PLAN device=0 Q=[256,2,16,1] Kraw=f16 Vraw=turbo3 Kshape=[256,256,4,1] Vshape=[256,256,4,1] Keff=f16 Veff=f16 turbo_kv=1 prefer_native_vec=0 decode=1 dk=0 dv=1 unsafe_vec_after_turbo_v_decode=0 allow_vec=1 kernel=MMA_F16 need_f16_K=0 need_f16_V=0 Knb=[2,512,131072,524288] Vnb=[50,400,100,102400] Keff_nb=[2,512,131072,524288] Veff_nb=[2,2048,512,524288]
CUDA_FA_ROUTE_ALLOC kernel=MMA_F16 need_f16_K=0 need_f16_V=0 workspace_end_offset=32768 dst_data=(nil) f16_K=(nil) f16_V=(nil) f16_end=0x8000
CUDA_FA_ROUTE_PLAN device=0 Q=[256,2,16,1] Kraw=f16 Vraw=turbo3 Kshape=[256,256,4,1] Vshape=[256,256,4,1] Keff=f16 Veff=f16 turbo_kv=1 prefer_native_vec=0 decode=1 dk=0 dv=1 unsafe_vec_after_turbo_v_decode=0 allow_vec=1 kernel=MMA_F16 need_f16_K=0 need_f16_V=0 Knb=[2,512,131072,524288] Vnb=[50,400,100,102400] Keff_nb=[2,512,131072,524288] Veff_nb=[2,2048,512,524288]
CUDA_FA_ROUTE_ALLOC kernel=MMA_F16 need_f16_K=0 need_f16_V=0 workspace_end_offset=32768 dst_data=(nil) f16_K=(nil) f16_V=(nil) f16_end=0x8000
CUDA_FA_ROUTE_PLAN device=0 Q=[256,2,16,1] Kraw=f16 Vraw=turbo3 Kshape=[256,256,4,1] Vshape=[256,256,4,1] Keff=f16 Veff=f16 turbo_kv=1 prefer_native_vec=0 decode=1 dk=0 dv=1 unsafe_vec_after_turbo_v_decode=0 allow_vec=1 kernel=MMA_F16 need_f16_K=0 need_f16_V=0 Knb=[2,512,131072,524288] Vnb=[50,400,100,102400] Keff_nb=[2,512,131072,524288] Veff_nb=[2,2048,512,524288]
CUDA_FA_ROUTE_ALLOC kernel=MMA_F16 need_f16_K=0 need_f16_V=0 workspace_end_offset=32768 dst_data=(nil) f16_K=(nil) f16_V=(nil) f16_end=0x8000
CUDA_FA_ROUTE_PLAN device=0 Q=[256,2,16,1] Kraw=f16 Vraw=turbo3 Kshape=[256,256,4,1] Vshape=[256,256,4,1] Keff=f16 Veff=f16 turbo_kv=1 prefer_native_vec=0 decode=1 dk=0 dv=1 unsafe_vec_after_turbo_v_decode=0 allow_vec=1 kernel=MMA_F16 need_f16_K=0 need_f16_V=0 Knb=[2,512,131072,524288] Vnb=[50,400,100,102400] Keff_nb=[2,512,131072,524288] Veff_nb=[2,2048,512,524288]
CUDA_FA_ROUTE_ALLOC kernel=MMA_F16 need_f16_K=0 need_f16_V=0 workspace_end_offset=32768 dst_data=(nil) f16_K=(nil) f16_V=(nil) f16_end=0x8000
CUDA_FA_ROUTE_PLAN device=0 Q=[256,2,16,1] Kraw=f16 Vraw=turbo3 Kshape=[256,256,4,1] Vshape=[256,256,4,1] Keff=f16 Veff=f16 turbo_kv=1 prefer_native_vec=0 decode=1 dk=0 dv=1 unsafe_vec_after_turbo_v_decode=0 allow_vec=1 kernel=MMA_F16 need_f16_K=0 need_f16_V=0 Knb=[2,512,131072,524288] Vnb=[50,400,100,102400] Keff_nb=[2,512,131072,524288] Veff_nb=[2,2048,512,524288]
CUDA_FA_ROUTE_ALLOC kernel=MMA_F16 need_f16_K=0 need_f16_V=0 workspace_end_offset=32768 dst_data=(nil) f16_K=(nil) f16_V=(nil) f16_end=0x8000
CUDA_FA_ROUTE_PLAN device=0 Q=[256,2,16,1] Kraw=f16 Vraw=turbo3 Kshape=[256,256,4,1] Vshape=[256,256,4,1] Keff=f16 Veff=f16 turbo_kv=1 prefer_native_vec=0 decode=1 dk=0 dv=1 unsafe_vec_after_turbo_v_decode=0 allow_vec=1 kernel=MMA_F16 need_f16_K=0 need_f16_V=0 Knb=[2,512,131072,524288] Vnb=[50,400,100,102400] Keff_nb=[2,512,131072,524288] Veff_nb=[2,2048,512,524288]
CUDA_FA_ROUTE_ALLOC kernel=MMA_F16 need_f16_K=0 need_f16_V=0 workspace_end_offset=32768 dst_data=(nil) f16_K=(nil) f16_V=(nil) f16_end=0x8000
CUDA_FA_ROUTE_PLAN device=0 Q=[256,2,16,1] Kraw=f16 Vraw=turbo3 Kshape=[256,256,4,1] Vshape=[256,256,4,1] Keff=f16 Veff=f16 turbo_kv=1 prefer_native_vec=0 decode=1 dk=0 dv=1 unsafe_vec_after_turbo_v_decode=0 allow_vec=1 kernel=MMA_F16 need_f16_K=0 need_f16_V=0 Knb=[2,512,131072,524288] Vnb=[50,400,100,102400] Keff_nb=[2,512,131072,524288] Veff_nb=[2,2048,512,524288]
CUDA_FA_ROUTE_ALLOC kernel=MMA_F16 need_f16_K=0 need_f16_V=0 workspace_end_offset=32768 dst_data=(nil) f16_K=(nil) f16_V=(nil) f16_end=0x8000
CUDA_FA_ROUTE_PLAN device=0 Q=[256,2,16,1] Kraw=f16 Vraw=turbo3 Kshape=[256,256,4,1] Vshape=[256,256,4,1] Keff=f16 Veff=f16 turbo_kv=1 prefer_native_vec=0 decode=1 dk=0 dv=1 unsafe_vec_after_turbo_v_decode=0 allow_vec=1 kernel=MMA_F16 need_f16_K=0 need_f16_V=0 Knb=[2,512,131072,524288] Vnb=[50,400,100,102400] Keff_nb=[2,512,131072,524288] Veff_nb=[2,2048,512,524288]
CUDA_FA_ROUTE_ALLOC kernel=MMA_F16 need_f16_K=0 need_f16_V=0 workspace_end_offset=32768 dst_data=(nil) f16_K=(nil) f16_V=(nil) f16_end=0x8000
CUDA_FA_ROUTE_PLAN device=0 Q=[256,2,16,1] Kraw=f16 Vraw=turbo3 Kshape=[256,256,4,1] Vshape=[256,256,4,1] Keff=f16 Veff=f16 turbo_kv=1 prefer_native_vec=0 decode=1 dk=0 dv=1 unsafe_vec_after_turbo_v_decode=0 allow_vec=1 kernel=MMA_F16 need_f16_K=0 need_f16_V=0 Knb=[2,512,131072,524288] Vnb=[50,400,100,102400] Keff_nb=[2,512,131072,524288] Veff_nb=[2,2048,512,524288]
CUDA_FA_ROUTE_ALLOC kernel=MMA_F16 need_f16_K=0 need_f16_V=0 workspace_end_offset=32768 dst_data=(nil) f16_K=(nil) f16_V=(nil) f16_end=0x8000
CUDA_FA_ROUTE_PLAN device=0 Q=[256,2,16,1] Kraw=f16 Vraw=turbo3 Kshape=[256,256,4,1] Vshape=[256,256,4,1] Keff=f16 Veff=f16 turbo_kv=1 prefer_native_vec=0 decode=1 dk=0 dv=1 unsafe_vec_after_turbo_v_decode=0 allow_vec=1 kernel=MMA_F16 need_f16_K=0 need_f16_V=0 Knb=[2,512,131072,524288] Vnb=[50,400,100,102400] Keff_nb=[2,512,131072,524288] Veff_nb=[2,2048,512,524288]
CUDA_FA_ROUTE_ALLOC kernel=MMA_F16 need_f16_K=0 need_f16_V=0 workspace_end_offset=32768 dst_data=(nil) f16_K=(nil) f16_V=(nil) f16_end=0x8000
CUDA_FA_ROUTE_PLAN device=0 Q=[256,2,16,1] Kraw=f16 Vraw=turbo3 Kshape=[256,256,4,1] Vshape=[256,256,4,1] Keff=f16 Veff=f16 turbo_kv=1 prefer_native_vec=0 decode=1 dk=0 dv=1 unsafe_vec_after_turbo_v_decode=0 allow_vec=1 kernel=MMA_F16 need_f16_K=0 need_f16_V=0 Knb=[2,512,131072,524288] Vnb=[50,400,100,102400] Keff_nb=[2,512,131072,524288] Veff_nb=[2,2048,512,524288]
CUDA_FA_ROUTE_ALLOC kernel=MMA_F16 need_f16_K=0 need_f16_V=0 workspace_end_offset=32768 dst_data=(nil) f16_K=(nil) f16_V=(nil) f16_end=0x8000
CUDA_FA_ROUTE_PLAN device=0 Q=[256,2,16,1] Kraw=f16 Vraw=turbo3 Kshape=[256,256,4,1] Vshape=[256,256,4,1] Keff=f16 Veff=f16 turbo_kv=1 prefer_native_vec=0 decode=1 dk=0 dv=1 unsafe_vec_after_turbo_v_decode=0 allow_vec=1 kernel=MMA_F16 need_f16_K=0 need_f16_V=0 Knb=[2,512,131072,524288] Vnb=[50,400,100,102400] Keff_nb=[2,512,131072,524288] Veff_nb=[2,2048,512,524288]
CUDA_FA_ROUTE_ALLOC kernel=MMA_F16 need_f16_K=0 need_f16_V=0 workspace_end_offset=32768 dst_data=(nil) f16_K=(nil) f16_V=(nil) f16_end=0x8000
CUDA_FA_ROUTE_PLAN device=0 Q=[256,2,16,1] Kraw=f16 Vraw=turbo3 Kshape=[256,256,4,1] Vshape=[256,256,4,1] Keff=f16 Veff=f16 turbo_kv=1 prefer_native_vec=0 decode=1 dk=0 dv=1 unsafe_vec_after_turbo_v_decode=0 allow_vec=1 kernel=MMA_F16 need_f16_K=0 need_f16_V=0 Knb=[2,512,131072,524288] Vnb=[50,400,100,102400] Keff_nb=[2,512,131072,524288] Veff_nb=[2,2048,512,524288]
CUDA_FA_ROUTE_ALLOC kernel=MMA_F16 need_f16_K=0 need_f16_V=0 workspace_end_offset=32768 dst_data=(nil) f16_K=(nil) f16_V=(nil) f16_end=0x8000
CUDA_FA_ROUTE_PLAN device=0 Q=[256,2,16,1] Kraw=f16 Vraw=turbo3 Kshape=[256,256,4,1] Vshape=[256,256,4,1] Keff=f16 Veff=f16 turbo_kv=1 prefer_native_vec=0 decode=1 dk=0 dv=1 unsafe_vec_after_turbo_v_decode=0 allow_vec=1 kernel=MMA_F16 need_f16_K=0 need_f16_V=0 Knb=[2,512,131072,524288] Vnb=[50,400,100,102400] Keff_nb=[2,512,131072,524288] Veff_nb=[2,2048,512,524288]
CUDA_FA_ROUTE_ALLOC kernel=MMA_F16 need_f16_K=0 need_f16_V=0 workspace_end_offset=32768 dst_data=(nil) f16_K=(nil) f16_V=(nil) f16_end=0x8000
CUDA_FA_ROUTE_PLAN device=0 Q=[256,2,16,1] Kraw=f16 Vraw=turbo3 Kshape=[256,256,4,1] Vshape=[256,256,4,1] Keff=f16 Veff=f16 turbo_kv=1 prefer_native_vec=0 decode=1 dk=0 dv=1 unsafe_vec_after_turbo_v_decode=0 allow_vec=1 kernel=MMA_F16 need_f16_K=0 need_f16_V=0 Knb=[2,512,131072,524288] Vnb=[50,400,100,102400] Keff_nb=[2,512,131072,524288] Veff_nb=[2,2048,512,524288]
CUDA_FA_ROUTE_ALLOC kernel=MMA_F16 need_f16_K=0 need_f16_V=0 workspace_end_offset=32768 dst_data=(nil) f16_K=(nil) f16_V=(nil) f16_end=0x8000
CUDA_FA_ROUTE_PLAN device=0 Q=[256,2,16,1] Kraw=f16 Vraw=turbo3 Kshape=[256,256,4,1] Vshape=[256,256,4,1] Keff=f16 Veff=f16 turbo_kv=1 prefer_native_vec=0 decode=1 dk=0 dv=1 unsafe_vec_after_turbo_v_decode=0 allow_vec=1 kernel=MMA_F16 need_f16_K=0 need_f16_V=0 Knb=[2,512,131072,524288] Vnb=[50,400,100,102400] Keff_nb=[2,512,131072,524288] Veff_nb=[2,2048,512,524288]
CUDA_FA_ROUTE_ALLOC kernel=MMA_F16 need_f16_K=0 need_f16_V=0 workspace_end_offset=32768 dst_data=(nil) f16_K=(nil) f16_V=(nil) f16_end=0x8000
CUDA_FA_ROUTE_PLAN device=0 Q=[256,2,16,1] Kraw=f16 Vraw=turbo3 Kshape=[256,256,4,1] Vshape=[256,256,4,1] Keff=f16 Veff=f16 turbo_kv=1 prefer_native_vec=0 decode=1 dk=0 dv=1 unsafe_vec_after_turbo_v_decode=0 allow_vec=1 kernel=MMA_F16 need_f16_K=0 need_f16_V=0 Knb=[2,512,131072,524288] Vnb=[50,400,100,102400] Keff_nb=[2,512,131072,524288] Veff_nb=[2,2048,512,524288]
CUDA_FA_ROUTE_ALLOC kernel=MMA_F16 need_f16_K=0 need_f16_V=0 workspace_end_offset=32768 dst_data=(nil) f16_K=(nil) f16_V=(nil) f16_end=0x8000
CUDA_FA_ROUTE_PLAN device=0 Q=[256,2,16,1] Kraw=f16 Vraw=turbo3 Kshape=[256,256,4,1] Vshape=[256,256,4,1] Keff=f16 Veff=f16 turbo_kv=1 prefer_native_vec=0 decode=1 dk=0 dv=1 unsafe_vec_after_turbo_v_decode=0 allow_vec=1 kernel=MMA_F16 need_f16_K=0 need_f16_V=0 Knb=[2,512,131072,524288] Vnb=[50,400,100,102400] Keff_nb=[2,512,131072,524288] Veff_nb=[2,2048,512,524288]
CUDA_FA_ROUTE_ALLOC kernel=MMA_F16 need_f16_K=0 need_f16_V=0 workspace_end_offset=32768 dst_data=(nil) f16_K=(nil) f16_V=(nil) f16_end=0x8000
CUDA_FA_ROUTE_PLAN device=0 Q=[256,2,16,1] Kraw=f16 Vraw=turbo3 Kshape=[256,256,4,1] Vshape=[256,256,4,1] Keff=f16 Veff=f16 turbo_kv=1 prefer_native_vec=0 decode=1 dk=0 dv=1 unsafe_vec_after_turbo_v_decode=0 allow_vec=1 kernel=MMA_F16 need_f16_K=0 need_f16_V=0 Knb=[2,512,131072,524288] Vnb=[50,400,100,102400] Keff_nb=[2,512,131072,524288] Veff_nb=[2,2048,512,524288]
CUDA_FA_ROUTE_ALLOC kernel=MMA_F16 need_f16_K=0 need_f16_V=0 workspace_end_offset=32768 dst_data=(nil) f16_K=(nil) f16_V=(nil) f16_end=0x8000
CUDA_FA_ROUTE_PLAN device=0 Q=[256,2,16,1] Kraw=f16 Vraw=turbo3 Kshape=[256,256,4,1] Vshape=[256,256,4,1] Keff=f16 Veff=f16 turbo_kv=1 prefer_native_vec=0 decode=1 dk=0 dv=1 unsafe_vec_after_turbo_v_decode=0 allow_vec=1 kernel=MMA_F16 need_f16_K=0 need_f16_V=0 Knb=[2,512,131072,524288] Vnb=[50,400,100,102400] Keff_nb=[2,512,131072,524288] Veff_nb=[2,2048,512,524288]
CUDA_FA_ROUTE_ALLOC kernel=MMA_F16 need_f16_K=0 need_f16_V=0 workspace_end_offset=32768 dst_data=(nil) f16_K=(nil) f16_V=(nil) f16_end=0x8000
CUDA_FA_ROUTE_PLAN device=0 Q=[256,2,16,1] Kraw=f16 Vraw=turbo3 Kshape=[256,256,4,1] Vshape=[256,256,4,1] Keff=f16 Veff=f16 turbo_kv=1 prefer_native_vec=0 decode=1 dk=0 dv=1 unsafe_vec_after_turbo_v_decode=0 allow_vec=1 kernel=MMA_F16 need_f16_K=0 need_f16_V=0 Knb=[2,512,131072,524288] Vnb=[50,400,100,102400] Keff_nb=[2,512,131072,524288] Veff_nb=[2,2048,512,524288]
CUDA_FA_ROUTE_ALLOC kernel=MMA_F16 need_f16_K=0 need_f16_V=0 workspace_end_offset=32768 dst_data=(nil) f16_K=(nil) f16_V=(nil) f16_end=0x8000
CUDA_FA_ROUTE_PLAN device=0 Q=[256,2,16,1] Kraw=f16 Vraw=turbo3 Kshape=[256,256,4,1] Vshape=[256,256,4,1] Keff=f16 Veff=f16 turbo_kv=1 prefer_native_vec=0 decode=1 dk=0 dv=1 unsafe_vec_after_turbo_v_decode=0 allow_vec=1 kernel=MMA_F16 need_f16_K=0 need_f16_V=0 Knb=[2,512,131072,524288] Vnb=[50,400,100,102400] Keff_nb=[2,512,131072,524288] Veff_nb=[2,2048,512,524288]
CUDA_FA_ROUTE_ALLOC kernel=MMA_F16 need_f16_K=0 need_f16_V=0 workspace_end_offset=32768 dst_data=(nil) f16_K=(nil) f16_V=(nil) f16_end=0x8000
CUDA_FA_ROUTE_PLAN device=0 Q=[256,2,16,1] Kraw=f16 Vraw=turbo3 Kshape=[256,256,4,1] Vshape=[256,256,4,1] Keff=f16 Veff=f16 turbo_kv=1 prefer_native_vec=0 decode=1 dk=0 dv=1 unsafe_vec_after_turbo_v_decode=0 allow_vec=1 kernel=MMA_F16 need_f16_K=0 need_f16_V=0 Knb=[2,512,131072,524288] Vnb=[50,400,100,102400] Keff_nb=[2,512,131072,524288] Veff_nb=[2,2048,512,524288]
CUDA_FA_ROUTE_ALLOC kernel=MMA_F16 need_f16_K=0 need_f16_V=0 workspace_end_offset=32768 dst_data=(nil) f16_K=(nil) f16_V=(nil) f16_end=0x8000
CUDA_FA_ROUTE_PLAN device=0 Q=[256,2,16,1] Kraw=f16 Vraw=turbo3 Kshape=[256,256,4,1] Vshape=[256,256,4,1] Keff=f16 Veff=f16 turbo_kv=1 prefer_native_vec=0 decode=1 dk=0 dv=1 unsafe_vec_after_turbo_v_decode=0 allow_vec=1 kernel=MMA_F16 need_f16_K=0 need_f16_V=0 Knb=[2,512,131072,524288] Vnb=[50,400,100,102400] Keff_nb=[2,512,131072,524288] Veff_nb=[2,2048,512,524288]
CUDA_FA_ROUTE_ALLOC kernel=MMA_F16 need_f16_K=0 need_f16_V=0 workspace_end_offset=32768 dst_data=(nil) f16_K=(nil) f16_V=(nil) f16_end=0x8000
CUDA_FA_ROUTE_PLAN device=0 Q=[256,2,16,1] Kraw=f16 Vraw=turbo3 Kshape=[256,256,4,1] Vshape=[256,256,4,1] Keff=f16 Veff=f16 turbo_kv=1 prefer_native_vec=0 decode=1 dk=0 dv=1 unsafe_vec_after_turbo_v_decode=0 allow_vec=1 kernel=MMA_F16 need_f16_K=0 need_f16_V=0 Knb=[2,512,131072,524288] Vnb=[50,400,100,102400] Keff_nb=[2,512,131072,524288] Veff_nb=[2,2048,512,524288]
CUDA_FA_ROUTE_ALLOC kernel=MMA_F16 need_f16_K=0 need_f16_V=0 workspace_end_offset=32768 dst_data=(nil) f16_K=(nil) f16_V=(nil) f16_end=0x8000
CUDA_FA_ROUTE_PLAN device=0 Q=[256,2,16,1] Kraw=f16 Vraw=turbo3 Kshape=[256,256,4,1] Vshape=[256,256,4,1] Keff=f16 Veff=f16 turbo_kv=1 prefer_native_vec=0 decode=1 dk=0 dv=1 unsafe_vec_after_turbo_v_decode=0 allow_vec=1 kernel=MMA_F16 need_f16_K=0 need_f16_V=0 Knb=[2,512,131072,524288] Vnb=[50,400,100,102400] Keff_nb=[2,512,131072,524288] Veff_nb=[2,2048,512,524288]
GGML_TURBO_FA_DEBUG: path=prefill-dequant K=f16 V=turbo3 Q=[256,2,16,1] K=[256,256,4,1] V=[256,256,4,1]
TCQ decode: context-adaptive V alpha enabled
CUDA_FA_ROUTE_PLAN device=0 Q=[256,2,16,1] Kraw=f16 Vraw=turbo3 Kshape=[256,256,4,1] Vshape=[256,256,4,1] Keff=f16 Veff=f16 turbo_kv=1 prefer_native_vec=0 decode=1 dk=0 dv=1 unsafe_vec_after_turbo_v_decode=0 allow_vec=1 kernel=MMA_F16 need_f16_K=0 need_f16_V=0 Knb=[2,512,131072,524288] Vnb=[50,400,100,102400] Keff_nb=[2,512,131072,524288] Veff_nb=[2,2048,512,524288]
GGML_TURBO_FA_DEBUG: path=prefill-dequant K=f16 V=turbo3 Q=[256,2,16,1] K=[256,256,4,1] V=[256,256,4,1]
CUDA_FA_ROUTE_PLAN device=0 Q=[256,2,16,1] Kraw=f16 Vraw=turbo3 Kshape=[256,256,4,1] Vshape=[256,256,4,1] Keff=f16 Veff=f16 turbo_kv=1 prefer_native_vec=0 decode=1 dk=0 dv=1 unsafe_vec_after_turbo_v_decode=0 allow_vec=1 kernel=MMA_F16 need_f16_K=0 need_f16_V=0 Knb=[2,512,131072,524288] Vnb=[50,400,100,102400] Keff_nb=[2,512,131072,524288] Veff_nb=[2,2048,512,524288]
GGML_TURBO_FA_DEBUG: path=prefill-dequant K=f16 V=turbo3 Q=[256,2,16,1] K=[256,256,4,1] V=[256,256,4,1]
CUDA_FA_ROUTE_PLAN device=0 Q=[256,2,16,1] Kraw=f16 Vraw=turbo3 Kshape=[256,256,4,1] Vshape=[256,256,4,1] Keff=f16 Veff=f16 turbo_kv=1 prefer_native_vec=0 decode=1 dk=0 dv=1 unsafe_vec_after_turbo_v_decode=0 allow_vec=1 kernel=MMA_F16 need_f16_K=0 need_f16_V=0 Knb=[2,512,131072,524288] Vnb=[50,400,100,102400] Keff_nb=[2,512,131072,524288] Veff_nb=[2,2048,512,524288]
GGML_TURBO_FA_DEBUG: path=prefill-dequant K=f16 V=turbo3 Q=[256,2,16,1] K=[256,256,4,1] V=[256,256,4,1]
CUDA_FA_ROUTE_PLAN device=0 Q=[256,2,16,1] Kraw=f16 Vraw=turbo3 Kshape=[256,256,4,1] Vshape=[256,256,4,1] Keff=f16 Veff=f16 turbo_kv=1 prefer_native_vec=0 decode=1 dk=0 dv=1 unsafe_vec_after_turbo_v_decode=0 allow_vec=1 kernel=MMA_F16 need_f16_K=0 need_f16_V=0 Knb=[2,512,131072,524288] Vnb=[50,400,100,102400] Keff_nb=[2,512,131072,524288] Veff_nb=[2,2048,512,524288]
GGML_TURBO_FA_DEBUG: path=prefill-dequant K=f16 V=turbo3 Q=[256,2,16,1] K=[256,256,4,1] V=[256,256,4,1]
CUDA_FA_ROUTE_PLAN device=0 Q=[256,2,16,1] Kraw=f16 Vraw=turbo3 Kshape=[256,256,4,1] Vshape=[256,256,4,1] Keff=f16 Veff=f16 turbo_kv=1 prefer_native_vec=0 decode=1 dk=0 dv=1 unsafe_vec_after_turbo_v_decode=0 allow_vec=1 kernel=MMA_F16 need_f16_K=0 need_f16_V=0 Knb=[2,512,131072,524288] Vnb=[50,400,100,102400] Keff_nb=[2,512,131072,524288] Veff_nb=[2,2048,512,524288]
GGML_TURBO_FA_DEBUG: path=prefill-dequant K=f16 V=turbo3 Q=[256,2,16,1] K=[256,256,4,1] V=[256,256,4,1]
CUDA_FA_ROUTE_PLAN device=0 Q=[256,2,16,1] Kraw=f16 Vraw=turbo3 Kshape=[256,256,4,1] Vshape=[256,256,4,1] Keff=f16 Veff=f16 turbo_kv=1 prefer_native_vec=0 decode=1 dk=0 dv=1 unsafe_vec_after_turbo_v_decode=0 allow_vec=1 kernel=MMA_F16 need_f16_K=0 need_f16_V=0 Knb=[2,512,131072,524288] Vnb=[50,400,100,102400] Keff_nb=[2,512,131072,524288] Veff_nb=[2,2048,512,524288]
GGML_TURBO_FA_DEBUG: path=prefill-dequant K=f16 V=turbo3 Q=[256,2,16,1] K=[256,256,4,1] V=[256,256,4,1]
CUDA_FA_ROUTE_PLAN device=0 Q=[256,2,16,1] Kraw=f16 Vraw=turbo3 Kshape=[256,256,4,1] Vshape=[256,256,4,1] Keff=f16 Veff=f16 turbo_kv=1 prefer_native_vec=0 decode=1 dk=0 dv=1 unsafe_vec_after_turbo_v_decode=0 allow_vec=1 kernel=MMA_F16 need_f16_K=0 need_f16_V=0 Knb=[2,512,131072,524288] Vnb=[50,400,100,102400] Keff_nb=[2,512,131072,524288] Veff_nb=[2,2048,512,524288]
GGML_TURBO_FA_DEBUG: path=prefill-dequant K=f16 V=turbo3 Q=[256,2,16,1] K=[256,256,4,1] V=[256,256,4,1]
0.02.946.514 I llama_completion: llama threadpool init, n_threads = 6
0.02.946.533 I 
0.02.946.575 I system_info: n_threads = 6 (n_threads_batch = 6) / 12 | CUDA : ARCHS = 860 | USE_GRAPHS = 1 | CPU : SSE3 = 1 | SSSE3 = 1 | AVX = 1 | AVX_VNNI = 1 | AVX2 = 1 | F16C = 1 | FMA = 1 | BMI2 = 1 | LLAMAFILE = 1 | OPENMP = 1 | REPACK = 1 | 
0.02.946.577 I 
0.02.946.633 I sampler seed: 3597819754
0.02.946.641 I sampler params: 
	repeat_last_n = 64, repeat_penalty = 1.000, frequency_penalty = 0.000, presence_penalty = 0.000
	dry_multiplier = 0.000, dry_base = 1.750, dry_allowed_length = 2, dry_penalty_last_n = -1
	top_k = 40, top_p = 0.950, min_p = 0.050, xtc_probability = 0.000, xtc_threshold = 0.100, typical_p = 1.000, top_n_sigma = -1.000, temp = 0.800
	mirostat = 0, mirostat_lr = 0.100, mirostat_ent = 5.000, adaptive_target = -1.000, adaptive_decay = 0.900
0.02.946.645 I sampler chain: logits -> ?penalties -> ?dry -> ?top-n-sigma -> top-k -> ?typical -> top-p -> min-p -> ?xtc -> temp-ext -> dist 
0.02.946.646 I generate: n_ctx = 256, n_batch = 2048, n_predict = 2, n_keep = 0
0.02.946.646 I 
The capital of France isCUDA_FA_ROUTE_PLAN device=0 Q=[256,5,16,1] Kraw=f16 Vraw=turbo3 Kshape=[256,256,4,1] Vshape=[256,256,4,1] Keff=f16 Veff=f16 turbo_kv=1 prefer_native_vec=0 decode=1 dk=0 dv=1 unsafe_vec_after_turbo_v_decode=0 allow_vec=1 kernel=MMA_F16 need_f16_K=0 need_f16_V=0 Knb=[2,512,131072,524288] Vnb=[50,400,100,102400] Keff_nb=[2,512,131072,524288] Veff_nb=[2,2048,512,524288]
CUDA_FA_ROUTE_SUPPORTED kernel=MMA_F16 effK=f16 effV=f16 supported=1
CUDA_FA_ROUTE_PLAN device=0 Q=[256,5,16,1] Kraw=f16 Vraw=turbo3 Kshape=[256,256,4,1] Vshape=[256,256,4,1] Keff=f16 Veff=f16 turbo_kv=1 prefer_native_vec=0 decode=1 dk=0 dv=1 unsafe_vec_after_turbo_v_decode=0 allow_vec=1 kernel=MMA_F16 need_f16_K=0 need_f16_V=0 Knb=[2,512,131072,524288] Vnb=[50,400,100,102400] Keff_nb=[2,512,131072,524288] Veff_nb=[2,2048,512,524288]
CUDA_FA_ROUTE_SUPPORTED kernel=MMA_F16 effK=f16 effV=f16 supported=1
CUDA_FA_ROUTE_PLAN device=0 Q=[256,5,16,1] Kraw=f16 Vraw=turbo3 Kshape=[256,256,4,1] Vshape=[256,256,4,1] Keff=f16 Veff=f16 turbo_kv=1 prefer_native_vec=0 decode=1 dk=0 dv=1 unsafe_vec_after_turbo_v_decode=0 allow_vec=1 kernel=MMA_F16 need_f16_K=0 need_f16_V=0 Knb=[2,512,131072,524288] Vnb=[50,400,100,102400] Keff_nb=[2,512,131072,524288] Veff_nb=[2,2048,512,524288]
CUDA_FA_ROUTE_SUPPORTED kernel=MMA_F16 effK=f16 effV=f16 supported=1
CUDA_FA_ROUTE_PLAN device=0 Q=[256,5,16,1] Kraw=f16 Vraw=turbo3 Kshape=[256,256,4,1] Vshape=[256,256,4,1] Keff=f16 Veff=f16 turbo_kv=1 prefer_native_vec=0 decode=1 dk=0 dv=1 unsafe_vec_after_turbo_v_decode=0 allow_vec=1 kernel=MMA_F16 need_f16_K=0 need_f16_V=0 Knb=[2,512,131072,524288] Vnb=[50,400,100,102400] Keff_nb=[2,512,131072,524288] Veff_nb=[2,2048,512,524288]
CUDA_FA_ROUTE_SUPPORTED kernel=MMA_F16 effK=f16 effV=f16 supported=1
CUDA_FA_ROUTE_PLAN device=0 Q=[256,5,16,1] Kraw=f16 Vraw=turbo3 Kshape=[256,256,4,1] Vshape=[256,256,4,1] Keff=f16 Veff=f16 turbo_kv=1 prefer_native_vec=0 decode=1 dk=0 dv=1 unsafe_vec_after_turbo_v_decode=0 allow_vec=1 kernel=MMA_F16 need_f16_K=0 need_f16_V=0 Knb=[2,512,131072,524288] Vnb=[50,400,100,102400] Keff_nb=[2,512,131072,524288] Veff_nb=[2,2048,512,524288]
CUDA_FA_ROUTE_SUPPORTED kernel=MMA_F16 effK=f16 effV=f16 supported=1
CUDA_FA_ROUTE_PLAN device=0 Q=[256,5,16,1] Kraw=f16 Vraw=turbo3 Kshape=[256,256,4,1] Vshape=[256,256,4,1] Keff=f16 Veff=f16 turbo_kv=1 prefer_native_vec=0 decode=1 dk=0 dv=1 unsafe_vec_after_turbo_v_decode=0 allow_vec=1 kernel=MMA_F16 need_f16_K=0 need_f16_V=0 Knb=[2,512,131072,524288] Vnb=[50,400,100,102400] Keff_nb=[2,512,131072,524288] Veff_nb=[2,2048,512,524288]
CUDA_FA_ROUTE_SUPPORTED kernel=MMA_F16 effK=f16 effV=f16 supported=1
CUDA_FA_ROUTE_PLAN device=0 Q=[256,5,16,1] Kraw=f16 Vraw=turbo3 Kshape=[256,256,4,1] Vshape=[256,256,4,1] Keff=f16 Veff=f16 turbo_kv=1 prefer_native_vec=0 decode=1 dk=0 dv=1 unsafe_vec_after_turbo_v_decode=0 allow_vec=1 kernel=MMA_F16 need_f16_K=0 need_f16_V=0 Knb=[2,512,131072,524288] Vnb=[50,400,100,102400] Keff_nb=[2,512,131072,524288] Veff_nb=[2,2048,512,524288]
CUDA_FA_ROUTE_SUPPORTED kernel=MMA_F16 effK=f16 effV=f16 supported=1
CUDA_FA_ROUTE_PLAN device=0 Q=[256,5,16,1] Kraw=f16 Vraw=turbo3 Kshape=[256,256,4,1] Vshape=[256,256,4,1] Keff=f16 Veff=f16 turbo_kv=1 prefer_native_vec=0 decode=1 dk=0 dv=1 unsafe_vec_after_turbo_v_decode=0 allow_vec=1 kernel=MMA_F16 need_f16_K=0 need_f16_V=0 Knb=[2,512,131072,524288] Vnb=[50,400,100,102400] Keff_nb=[2,512,131072,524288] Veff_nb=[2,2048,512,524288]
CUDA_FA_ROUTE_SUPPORTED kernel=MMA_F16 effK=f16 effV=f16 supported=1
CUDA_FA_ROUTE_PLAN device=0 Q=[256,5,16,1] Kraw=f16 Vraw=turbo3 Kshape=[256,256,4,1] Vshape=[256,256,4,1] Keff=f16 Veff=f16 turbo_kv=1 prefer_native_vec=0 decode=1 dk=0 dv=1 unsafe_vec_after_turbo_v_decode=0 allow_vec=1 kernel=MMA_F16 need_f16_K=0 need_f16_V=0 Knb=[2,512,131072,524288] Vnb=[50,400,100,102400] Keff_nb=[2,512,131072,524288] Veff_nb=[2,2048,512,524288]
CUDA_FA_ROUTE_ALLOC kernel=MMA_F16 need_f16_K=0 need_f16_V=0 workspace_end_offset=81920 dst_data=(nil) f16_K=(nil) f16_V=(nil) f16_end=0x14000
CUDA_FA_ROUTE_PLAN device=0 Q=[256,5,16,1] Kraw=f16 Vraw=turbo3 Kshape=[256,256,4,1] Vshape=[256,256,4,1] Keff=f16 Veff=f16 turbo_kv=1 prefer_native_vec=0 decode=1 dk=0 dv=1 unsafe_vec_after_turbo_v_decode=0 allow_vec=1 kernel=MMA_F16 need_f16_K=0 need_f16_V=0 Knb=[2,512,131072,524288] Vnb=[50,400,100,102400] Keff_nb=[2,512,131072,524288] Veff_nb=[2,2048,512,524288]
CUDA_FA_ROUTE_ALLOC kernel=MMA_F16 need_f16_K=0 need_f16_V=0 workspace_end_offset=81920 dst_data=(nil) f16_K=(nil) f16_V=(nil) f16_end=0x14000
CUDA_FA_ROUTE_PLAN device=0 Q=[256,5,16,1] Kraw=f16 Vraw=turbo3 Kshape=[256,256,4,1] Vshape=[256,256,4,1] Keff=f16 Veff=f16 turbo_kv=1 prefer_native_vec=0 decode=1 dk=0 dv=1 unsafe_vec_after_turbo_v_decode=0 allow_vec=1 kernel=MMA_F16 need_f16_K=0 need_f16_V=0 Knb=[2,512,131072,524288] Vnb=[50,400,100,102400] Keff_nb=[2,512,131072,524288] Veff_nb=[2,2048,512,524288]
CUDA_FA_ROUTE_ALLOC kernel=MMA_F16 need_f16_K=0 need_f16_V=0 workspace_end_offset=81920 dst_data=(nil) f16_K=(nil) f16_V=(nil) f16_end=0x14000
CUDA_FA_ROUTE_PLAN device=0 Q=[256,5,16,1] Kraw=f16 Vraw=turbo3 Kshape=[256,256,4,1] Vshape=[256,256,4,1] Keff=f16 Veff=f16 turbo_kv=1 prefer_native_vec=0 decode=1 dk=0 dv=1 unsafe_vec_after_turbo_v_decode=0 allow_vec=1 kernel=MMA_F16 need_f16_K=0 need_f16_V=0 Knb=[2,512,131072,524288] Vnb=[50,400,100,102400] Keff_nb=[2,512,131072,524288] Veff_nb=[2,2048,512,524288]
CUDA_FA_ROUTE_ALLOC kernel=MMA_F16 need_f16_K=0 need_f16_V=0 workspace_end_offset=81920 dst_data=(nil) f16_K=(nil) f16_V=(nil) f16_end=0x14000
CUDA_FA_ROUTE_PLAN device=0 Q=[256,5,16,1] Kraw=f16 Vraw=turbo3 Kshape=[256,256,4,1] Vshape=[256,256,4,1] Keff=f16 Veff=f16 turbo_kv=1 prefer_native_vec=0 decode=1 dk=0 dv=1 unsafe_vec_after_turbo_v_decode=0 allow_vec=1 kernel=MMA_F16 need_f16_K=0 need_f16_V=0 Knb=[2,512,131072,524288] Vnb=[50,400,100,102400] Keff_nb=[2,512,131072,524288] Veff_nb=[2,2048,512,524288]
CUDA_FA_ROUTE_ALLOC kernel=MMA_F16 need_f16_K=0 need_f16_V=0 workspace_end_offset=81920 dst_data=(nil) f16_K=(nil) f16_V=(nil) f16_end=0x14000
CUDA_FA_ROUTE_PLAN device=0 Q=[256,5,16,1] Kraw=f16 Vraw=turbo3 Kshape=[256,256,4,1] Vshape=[256,256,4,1] Keff=f16 Veff=f16 turbo_kv=1 prefer_native_vec=0 decode=1 dk=0 dv=1 unsafe_vec_after_turbo_v_decode=0 allow_vec=1 kernel=MMA_F16 need_f16_K=0 need_f16_V=0 Knb=[2,512,131072,524288] Vnb=[50,400,100,102400] Keff_nb=[2,512,131072,524288] Veff_nb=[2,2048,512,524288]
CUDA_FA_ROUTE_ALLOC kernel=MMA_F16 need_f16_K=0 need_f16_V=0 workspace_end_offset=81920 dst_data=(nil) f16_K=(nil) f16_V=(nil) f16_end=0x14000
CUDA_FA_ROUTE_PLAN device=0 Q=[256,5,16,1] Kraw=f16 Vraw=turbo3 Kshape=[256,256,4,1] Vshape=[256,256,4,1] Keff=f16 Veff=f16 turbo_kv=1 prefer_native_vec=0 decode=1 dk=0 dv=1 unsafe_vec_after_turbo_v_decode=0 allow_vec=1 kernel=MMA_F16 need_f16_K=0 need_f16_V=0 Knb=[2,512,131072,524288] Vnb=[50,400,100,102400] Keff_nb=[2,512,131072,524288] Veff_nb=[2,2048,512,524288]
CUDA_FA_ROUTE_ALLOC kernel=MMA_F16 need_f16_K=0 need_f16_V=0 workspace_end_offset=81920 dst_data=(nil) f16_K=(nil) f16_V=(nil) f16_end=0x14000
CUDA_FA_ROUTE_PLAN device=0 Q=[256,5,16,1] Kraw=f16 Vraw=turbo3 Kshape=[256,256,4,1] Vshape=[256,256,4,1] Keff=f16 Veff=f16 turbo_kv=1 prefer_native_vec=0 decode=1 dk=0 dv=1 unsafe_vec_after_turbo_v_decode=0 allow_vec=1 kernel=MMA_F16 need_f16_K=0 need_f16_V=0 Knb=[2,512,131072,524288] Vnb=[50,400,100,102400] Keff_nb=[2,512,131072,524288] Veff_nb=[2,2048,512,524288]
CUDA_FA_ROUTE_ALLOC kernel=MMA_F16 need_f16_K=0 need_f16_V=0 workspace_end_offset=81920 dst_data=(nil) f16_K=(nil) f16_V=(nil) f16_end=0x14000
CUDA_FA_ROUTE_PLAN device=0 Q=[256,5,16,1] Kraw=f16 Vraw=turbo3 Kshape=[256,256,4,1] Vshape=[256,256,4,1] Keff=f16 Veff=f16 turbo_kv=1 prefer_native_vec=0 decode=1 dk=0 dv=1 unsafe_vec_after_turbo_v_decode=0 allow_vec=1 kernel=MMA_F16 need_f16_K=0 need_f16_V=0 Knb=[2,512,131072,524288] Vnb=[50,400,100,102400] Keff_nb=[2,512,131072,524288] Veff_nb=[2,2048,512,524288]
CUDA_FA_ROUTE_ALLOC kernel=MMA_F16 need_f16_K=0 need_f16_V=0 workspace_end_offset=81920 dst_data=(nil) f16_K=(nil) f16_V=(nil) f16_end=0x14000
CUDA_FA_ROUTE_PLAN device=0 Q=[256,5,16,1] Kraw=f16 Vraw=turbo3 Kshape=[256,256,4,1] Vshape=[256,256,4,1] Keff=f16 Veff=f16 turbo_kv=1 prefer_native_vec=0 decode=1 dk=0 dv=1 unsafe_vec_after_turbo_v_decode=0 allow_vec=1 kernel=MMA_F16 need_f16_K=0 need_f16_V=0 Knb=[2,512,131072,524288] Vnb=[50,400,100,102400] Keff_nb=[2,512,131072,524288] Veff_nb=[2,2048,512,524288]
CUDA_FA_ROUTE_ALLOC kernel=MMA_F16 need_f16_K=0 need_f16_V=0 workspace_end_offset=81920 dst_data=(nil) f16_K=(nil) f16_V=(nil) f16_end=0x14000
CUDA_FA_ROUTE_PLAN device=0 Q=[256,5,16,1] Kraw=f16 Vraw=turbo3 Kshape=[256,256,4,1] Vshape=[256,256,4,1] Keff=f16 Veff=f16 turbo_kv=1 prefer_native_vec=0 decode=1 dk=0 dv=1 unsafe_vec_after_turbo_v_decode=0 allow_vec=1 kernel=MMA_F16 need_f16_K=0 need_f16_V=0 Knb=[2,512,131072,524288] Vnb=[50,400,100,102400] Keff_nb=[2,512,131072,524288] Veff_nb=[2,2048,512,524288]
CUDA_FA_ROUTE_ALLOC kernel=MMA_F16 need_f16_K=0 need_f16_V=0 workspace_end_offset=81920 dst_data=(nil) f16_K=(nil) f16_V=(nil) f16_end=0x14000
CUDA_FA_ROUTE_PLAN device=0 Q=[256,5,16,1] Kraw=f16 Vraw=turbo3 Kshape=[256,256,4,1] Vshape=[256,256,4,1] Keff=f16 Veff=f16 turbo_kv=1 prefer_native_vec=0 decode=1 dk=0 dv=1 unsafe_vec_after_turbo_v_decode=0 allow_vec=1 kernel=MMA_F16 need_f16_K=0 need_f16_V=0 Knb=[2,512,131072,524288] Vnb=[50,400,100,102400] Keff_nb=[2,512,131072,524288] Veff_nb=[2,2048,512,524288]
CUDA_FA_ROUTE_ALLOC kernel=MMA_F16 need_f16_K=0 need_f16_V=0 workspace_end_offset=81920 dst_data=(nil) f16_K=(nil) f16_V=(nil) f16_end=0x14000
CUDA_FA_ROUTE_PLAN device=0 Q=[256,5,16,1] Kraw=f16 Vraw=turbo3 Kshape=[256,256,4,1] Vshape=[256,256,4,1] Keff=f16 Veff=f16 turbo_kv=1 prefer_native_vec=0 decode=1 dk=0 dv=1 unsafe_vec_after_turbo_v_decode=0 allow_vec=1 kernel=MMA_F16 need_f16_K=0 need_f16_V=0 Knb=[2,512,131072,524288] Vnb=[50,400,100,102400] Keff_nb=[2,512,131072,524288] Veff_nb=[2,2048,512,524288]
CUDA_FA_ROUTE_ALLOC kernel=MMA_F16 need_f16_K=0 need_f16_V=0 workspace_end_offset=81920 dst_data=(nil) f16_K=(nil) f16_V=(nil) f16_end=0x14000
CUDA_FA_ROUTE_PLAN device=0 Q=[256,5,16,1] Kraw=f16 Vraw=turbo3 Kshape=[256,256,4,1] Vshape=[256,256,4,1] Keff=f16 Veff=f16 turbo_kv=1 prefer_native_vec=0 decode=1 dk=0 dv=1 unsafe_vec_after_turbo_v_decode=0 allow_vec=1 kernel=MMA_F16 need_f16_K=0 need_f16_V=0 Knb=[2,512,131072,524288] Vnb=[50,400,100,102400] Keff_nb=[2,512,131072,524288] Veff_nb=[2,2048,512,524288]
CUDA_FA_ROUTE_ALLOC kernel=MMA_F16 need_f16_K=0 need_f16_V=0 workspace_end_offset=81920 dst_data=(nil) f16_K=(nil) f16_V=(nil) f16_end=0x14000
CUDA_FA_ROUTE_PLAN device=0 Q=[256,5,16,1] Kraw=f16 Vraw=turbo3 Kshape=[256,256,4,1] Vshape=[256,256,4,1] Keff=f16 Veff=f16 turbo_kv=1 prefer_native_vec=0 decode=1 dk=0 dv=1 unsafe_vec_after_turbo_v_decode=0 allow_vec=1 kernel=MMA_F16 need_f16_K=0 need_f16_V=0 Knb=[2,512,131072,524288] Vnb=[50,400,100,102400] Keff_nb=[2,512,131072,524288] Veff_nb=[2,2048,512,524288]
CUDA_FA_ROUTE_ALLOC kernel=MMA_F16 need_f16_K=0 need_f16_V=0 workspace_end_offset=81920 dst_data=(nil) f16_K=(nil) f16_V=(nil) f16_end=0x14000
CUDA_FA_ROUTE_PLAN device=0 Q=[256,5,16,1] Kraw=f16 Vraw=turbo3 Kshape=[256,256,4,1] Vshape=[256,256,4,1] Keff=f16 Veff=f16 turbo_kv=1 prefer_native_vec=0 decode=1 dk=0 dv=1 unsafe_vec_after_turbo_v_decode=0 allow_vec=1 kernel=MMA_F16 need_f16_K=0 need_f16_V=0 Knb=[2,512,131072,524288] Vnb=[50,400,100,102400] Keff_nb=[2,512,131072,524288] Veff_nb=[2,2048,512,524288]
CUDA_FA_ROUTE_ALLOC kernel=MMA_F16 need_f16_K=0 need_f16_V=0 workspace_end_offset=81920 dst_data=(nil) f16_K=(nil) f16_V=(nil) f16_end=0x14000
CUDA_FA_ROUTE_PLAN device=0 Q=[256,5,16,1] Kraw=f16 Vraw=turbo3 Kshape=[256,256,4,1] Vshape=[256,256,4,1] Keff=f16 Veff=f16 turbo_kv=1 prefer_native_vec=0 decode=1 dk=0 dv=1 unsafe_vec_after_turbo_v_decode=0 allow_vec=1 kernel=MMA_F16 need_f16_K=0 need_f16_V=0 Knb=[2,512,131072,524288] Vnb=[50,400,100,102400] Keff_nb=[2,512,131072,524288] Veff_nb=[2,2048,512,524288]
CUDA_FA_ROUTE_ALLOC kernel=MMA_F16 need_f16_K=0 need_f16_V=0 workspace_end_offset=81920 dst_data=(nil) f16_K=(nil) f16_V=(nil) f16_end=0x14000
CUDA_FA_ROUTE_PLAN device=0 Q=[256,5,16,1] Kraw=f16 Vraw=turbo3 Kshape=[256,256,4,1] Vshape=[256,256,4,1] Keff=f16 Veff=f16 turbo_kv=1 prefer_native_vec=0 decode=1 dk=0 dv=1 unsafe_vec_after_turbo_v_decode=0 allow_vec=1 kernel=MMA_F16 need_f16_K=0 need_f16_V=0 Knb=[2,512,131072,524288] Vnb=[50,400,100,102400] Keff_nb=[2,512,131072,524288] Veff_nb=[2,2048,512,524288]
CUDA_FA_ROUTE_ALLOC kernel=MMA_F16 need_f16_K=0 need_f16_V=0 workspace_end_offset=81920 dst_data=(nil) f16_K=(nil) f16_V=(nil) f16_end=0x14000
CUDA_FA_ROUTE_PLAN device=0 Q=[256,5,16,1] Kraw=f16 Vraw=turbo3 Kshape=[256,256,4,1] Vshape=[256,256,4,1] Keff=f16 Veff=f16 turbo_kv=1 prefer_native_vec=0 decode=1 dk=0 dv=1 unsafe_vec_after_turbo_v_decode=0 allow_vec=1 kernel=MMA_F16 need_f16_K=0 need_f16_V=0 Knb=[2,512,131072,524288] Vnb=[50,400,100,102400] Keff_nb=[2,512,131072,524288] Veff_nb=[2,2048,512,524288]
CUDA_FA_ROUTE_ALLOC kernel=MMA_F16 need_f16_K=0 need_f16_V=0 workspace_end_offset=81920 dst_data=(nil) f16_K=(nil) f16_V=(nil) f16_end=0x14000
CUDA_FA_ROUTE_PLAN device=0 Q=[256,5,16,1] Kraw=f16 Vraw=turbo3 Kshape=[256,256,4,1] Vshape=[256,256,4,1] Keff=f16 Veff=f16 turbo_kv=1 prefer_native_vec=0 decode=1 dk=0 dv=1 unsafe_vec_after_turbo_v_decode=0 allow_vec=1 kernel=MMA_F16 need_f16_K=0 need_f16_V=0 Knb=[2,512,131072,524288] Vnb=[50,400,100,102400] Keff_nb=[2,512,131072,524288] Veff_nb=[2,2048,512,524288]
CUDA_FA_ROUTE_ALLOC kernel=MMA_F16 need_f16_K=0 need_f16_V=0 workspace_end_offset=81920 dst_data=(nil) f16_K=(nil) f16_V=(nil) f16_end=0x14000
CUDA_FA_ROUTE_PLAN device=0 Q=[256,5,16,1] Kraw=f16 Vraw=turbo3 Kshape=[256,256,4,1] Vshape=[256,256,4,1] Keff=f16 Veff=f16 turbo_kv=1 prefer_native_vec=0 decode=1 dk=0 dv=1 unsafe_vec_after_turbo_v_decode=0 allow_vec=1 kernel=MMA_F16 need_f16_K=0 need_f16_V=0 Knb=[2,512,131072,524288] Vnb=[50,400,100,102400] Keff_nb=[2,512,131072,524288] Veff_nb=[2,2048,512,524288]
CUDA_FA_ROUTE_ALLOC kernel=MMA_F16 need_f16_K=0 need_f16_V=0 workspace_end_offset=81920 dst_data=(nil) f16_K=(nil) f16_V=(nil) f16_end=0x14000
CUDA_FA_ROUTE_PLAN device=0 Q=[256,5,16,1] Kraw=f16 Vraw=turbo3 Kshape=[256,256,4,1] Vshape=[256,256,4,1] Keff=f16 Veff=f16 turbo_kv=1 prefer_native_vec=0 decode=1 dk=0 dv=1 unsafe_vec_after_turbo_v_decode=0 allow_vec=1 kernel=MMA_F16 need_f16_K=0 need_f16_V=0 Knb=[2,512,131072,524288] Vnb=[50,400,100,102400] Keff_nb=[2,512,131072,524288] Veff_nb=[2,2048,512,524288]
CUDA_FA_ROUTE_ALLOC kernel=MMA_F16 need_f16_K=0 need_f16_V=0 workspace_end_offset=81920 dst_data=(nil) f16_K=(nil) f16_V=(nil) f16_end=0x14000
CUDA_FA_ROUTE_PLAN device=0 Q=[256,5,16,1] Kraw=f16 Vraw=turbo3 Kshape=[256,256,4,1] Vshape=[256,256,4,1] Keff=f16 Veff=f16 turbo_kv=1 prefer_native_vec=0 decode=1 dk=0 dv=1 unsafe_vec_after_turbo_v_decode=0 allow_vec=1 kernel=MMA_F16 need_f16_K=0 need_f16_V=0 Knb=[2,512,131072,524288] Vnb=[50,400,100,102400] Keff_nb=[2,512,131072,524288] Veff_nb=[2,2048,512,524288]
CUDA_FA_ROUTE_ALLOC kernel=MMA_F16 need_f16_K=0 need_f16_V=0 workspace_end_offset=81920 dst_data=(nil) f16_K=(nil) f16_V=(nil) f16_end=0x14000
CUDA_FA_ROUTE_PLAN device=0 Q=[256,5,16,1] Kraw=f16 Vraw=turbo3 Kshape=[256,256,4,1] Vshape=[256,256,4,1] Keff=f16 Veff=f16 turbo_kv=1 prefer_native_vec=0 decode=1 dk=0 dv=1 unsafe_vec_after_turbo_v_decode=0 allow_vec=1 kernel=MMA_F16 need_f16_K=0 need_f16_V=0 Knb=[2,512,131072,524288] Vnb=[50,400,100,102400] Keff_nb=[2,512,131072,524288] Veff_nb=[2,2048,512,524288]
CUDA_FA_ROUTE_ALLOC kernel=MMA_F16 need_f16_K=0 need_f16_V=0 workspace_end_offset=81920 dst_data=(nil) f16_K=(nil) f16_V=(nil) f16_end=0x14000
CUDA_FA_ROUTE_PLAN device=0 Q=[256,5,16,1] Kraw=f16 Vraw=turbo3 Kshape=[256,256,4,1] Vshape=[256,256,4,1] Keff=f16 Veff=f16 turbo_kv=1 prefer_native_vec=0 decode=1 dk=0 dv=1 unsafe_vec_after_turbo_v_decode=0 allow_vec=1 kernel=MMA_F16 need_f16_K=0 need_f16_V=0 Knb=[2,512,131072,524288] Vnb=[50,400,100,102400] Keff_nb=[2,512,131072,524288] Veff_nb=[2,2048,512,524288]
CUDA_FA_ROUTE_ALLOC kernel=MMA_F16 need_f16_K=0 need_f16_V=0 workspace_end_offset=81920 dst_data=(nil) f16_K=(nil) f16_V=(nil) f16_end=0x14000
CUDA_FA_ROUTE_PLAN device=0 Q=[256,5,16,1] Kraw=f16 Vraw=turbo3 Kshape=[256,256,4,1] Vshape=[256,256,4,1] Keff=f16 Veff=f16 turbo_kv=1 prefer_native_vec=0 decode=1 dk=0 dv=1 unsafe_vec_after_turbo_v_decode=0 allow_vec=1 kernel=MMA_F16 need_f16_K=0 need_f16_V=0 Knb=[2,512,131072,524288] Vnb=[50,400,100,102400] Keff_nb=[2,512,131072,524288] Veff_nb=[2,2048,512,524288]
CUDA_FA_ROUTE_ALLOC kernel=MMA_F16 need_f16_K=0 need_f16_V=0 workspace_end_offset=81920 dst_data=(nil) f16_K=(nil) f16_V=(nil) f16_end=0x14000
CUDA_FA_ROUTE_PLAN device=0 Q=[256,5,16,1] Kraw=f16 Vraw=turbo3 Kshape=[256,256,4,1] Vshape=[256,256,4,1] Keff=f16 Veff=f16 turbo_kv=1 prefer_native_vec=0 decode=1 dk=0 dv=1 unsafe_vec_after_turbo_v_decode=0 allow_vec=1 kernel=MMA_F16 need_f16_K=0 need_f16_V=0 Knb=[2,512,131072,524288] Vnb=[50,400,100,102400] Keff_nb=[2,512,131072,524288] Veff_nb=[2,2048,512,524288]
CUDA_FA_ROUTE_ALLOC kernel=MMA_F16 need_f16_K=0 need_f16_V=0 workspace_end_offset=81920 dst_data=(nil) f16_K=(nil) f16_V=(nil) f16_end=0x14000
CUDA_FA_ROUTE_PLAN device=0 Q=[256,5,16,1] Kraw=f16 Vraw=turbo3 Kshape=[256,256,4,1] Vshape=[256,256,4,1] Keff=f16 Veff=f16 turbo_kv=1 prefer_native_vec=0 decode=1 dk=0 dv=1 unsafe_vec_after_turbo_v_decode=0 allow_vec=1 kernel=MMA_F16 need_f16_K=0 need_f16_V=0 Knb=[2,512,131072,524288] Vnb=[50,400,100,102400] Keff_nb=[2,512,131072,524288] Veff_nb=[2,2048,512,524288]
CUDA_FA_ROUTE_ALLOC kernel=MMA_F16 need_f16_K=0 need_f16_V=0 workspace_end_offset=81920 dst_data=(nil) f16_K=(nil) f16_V=(nil) f16_end=0x14000
CUDA_FA_ROUTE_PLAN device=0 Q=[256,5,16,1] Kraw=f16 Vraw=turbo3 Kshape=[256,256,4,1] Vshape=[256,256,4,1] Keff=f16 Veff=f16 turbo_kv=1 prefer_native_vec=0 decode=1 dk=0 dv=1 unsafe_vec_after_turbo_v_decode=0 allow_vec=1 kernel=MMA_F16 need_f16_K=0 need_f16_V=0 Knb=[2,512,131072,524288] Vnb=[50,400,100,102400] Keff_nb=[2,512,131072,524288] Veff_nb=[2,2048,512,524288]
CUDA_FA_ROUTE_ALLOC kernel=MMA_F16 need_f16_K=0 need_f16_V=0 workspace_end_offset=81920 dst_data=(nil) f16_K=(nil) f16_V=(nil) f16_end=0x14000
CUDA_FA_ROUTE_PLAN device=0 Q=[256,5,16,1] Kraw=f16 Vraw=turbo3 Kshape=[256,256,4,1] Vshape=[256,256,4,1] Keff=f16 Veff=f16 turbo_kv=1 prefer_native_vec=0 decode=1 dk=0 dv=1 unsafe_vec_after_turbo_v_decode=0 allow_vec=1 kernel=MMA_F16 need_f16_K=0 need_f16_V=0 Knb=[2,512,131072,524288] Vnb=[50,400,100,102400] Keff_nb=[2,512,131072,524288] Veff_nb=[2,2048,512,524288]
CUDA_FA_ROUTE_ALLOC kernel=MMA_F16 need_f16_K=0 need_f16_V=0 workspace_end_offset=81920 dst_data=(nil) f16_K=(nil) f16_V=(nil) f16_end=0x14000
CUDA_FA_ROUTE_PLAN device=0 Q=[256,5,16,1] Kraw=f16 Vraw=turbo3 Kshape=[256,256,4,1] Vshape=[256,256,4,1] Keff=f16 Veff=f16 turbo_kv=1 prefer_native_vec=0 decode=1 dk=0 dv=1 unsafe_vec_after_turbo_v_decode=0 allow_vec=1 kernel=MMA_F16 need_f16_K=0 need_f16_V=0 Knb=[2,512,131072,524288] Vnb=[50,400,100,102400] Keff_nb=[2,512,131072,524288] Veff_nb=[2,2048,512,524288]
CUDA_FA_ROUTE_ALLOC kernel=MMA_F16 need_f16_K=0 need_f16_V=0 workspace_end_offset=81920 dst_data=(nil) f16_K=(nil) f16_V=(nil) f16_end=0x14000
CUDA_FA_ROUTE_PLAN device=0 Q=[256,5,16,1] Kraw=f16 Vraw=turbo3 Kshape=[256,256,4,1] Vshape=[256,256,4,1] Keff=f16 Veff=f16 turbo_kv=1 prefer_native_vec=0 decode=1 dk=0 dv=1 unsafe_vec_after_turbo_v_decode=0 allow_vec=1 kernel=MMA_F16 need_f16_K=0 need_f16_V=0 Knb=[2,512,131072,524288] Vnb=[50,400,100,102400] Keff_nb=[2,512,131072,524288] Veff_nb=[2,2048,512,524288]
CUDA_FA_ROUTE_ALLOC kernel=MMA_F16 need_f16_K=0 need_f16_V=0 workspace_end_offset=81920 dst_data=(nil) f16_K=(nil) f16_V=(nil) f16_end=0x14000
CUDA_FA_ROUTE_PLAN device=0 Q=[256,5,16,1] Kraw=f16 Vraw=turbo3 Kshape=[256,256,4,1] Vshape=[256,256,4,1] Keff=f16 Veff=f16 turbo_kv=1 prefer_native_vec=0 decode=1 dk=0 dv=1 unsafe_vec_after_turbo_v_decode=0 allow_vec=1 kernel=MMA_F16 need_f16_K=0 need_f16_V=0 Knb=[2,512,131072,524288] Vnb=[50,400,100,102400] Keff_nb=[2,512,131072,524288] Veff_nb=[2,2048,512,524288]
CUDA_FA_ROUTE_ALLOC kernel=MMA_F16 need_f16_K=0 need_f16_V=0 workspace_end_offset=81920 dst_data=(nil) f16_K=(nil) f16_V=(nil) f16_end=0x14000
CUDA_FA_ROUTE_PLAN device=0 Q=[256,5,16,1] Kraw=f16 Vraw=turbo3 Kshape=[256,256,4,1] Vshape=[256,256,4,1] Keff=f16 Veff=f16 turbo_kv=1 prefer_native_vec=0 decode=1 dk=0 dv=1 unsafe_vec_after_turbo_v_decode=0 allow_vec=1 kernel=MMA_F16 need_f16_K=0 need_f16_V=0 Knb=[2,512,131072,524288] Vnb=[50,400,100,102400] Keff_nb=[2,512,131072,524288] Veff_nb=[2,2048,512,524288]
CUDA_FA_ROUTE_ALLOC kernel=MMA_F16 need_f16_K=0 need_f16_V=0 workspace_end_offset=81920 dst_data=(nil) f16_K=(nil) f16_V=(nil) f16_end=0x14000
CUDA_FA_ROUTE_PLAN device=0 Q=[256,5,16,1] Kraw=f16 Vraw=turbo3 Kshape=[256,256,4,1] Vshape=[256,256,4,1] Keff=f16 Veff=f16 turbo_kv=1 prefer_native_vec=0 decode=1 dk=0 dv=1 unsafe_vec_after_turbo_v_decode=0 allow_vec=1 kernel=MMA_F16 need_f16_K=0 need_f16_V=0 Knb=[2,512,131072,524288] Vnb=[50,400,100,102400] Keff_nb=[2,512,131072,524288] Veff_nb=[2,2048,512,524288]
CUDA_FA_ROUTE_ALLOC kernel=MMA_F16 need_f16_K=0 need_f16_V=0 workspace_end_offset=81920 dst_data=(nil) f16_K=(nil) f16_V=(nil) f16_end=0x14000
CUDA_FA_ROUTE_PLAN device=0 Q=[256,5,16,1] Kraw=f16 Vraw=turbo3 Kshape=[256,256,4,1] Vshape=[256,256,4,1] Keff=f16 Veff=f16 turbo_kv=1 prefer_native_vec=0 decode=1 dk=0 dv=1 unsafe_vec_after_turbo_v_decode=0 allow_vec=1 kernel=MMA_F16 need_f16_K=0 need_f16_V=0 Knb=[2,512,131072,524288] Vnb=[50,400,100,102400] Keff_nb=[2,512,131072,524288] Veff_nb=[2,2048,512,524288]
CUDA_FA_ROUTE_ALLOC kernel=MMA_F16 need_f16_K=0 need_f16_V=0 workspace_end_offset=81920 dst_data=(nil) f16_K=(nil) f16_V=(nil) f16_end=0x14000
CUDA_FA_ROUTE_PLAN device=0 Q=[256,5,16,1] Kraw=f16 Vraw=turbo3 Kshape=[256,256,4,1] Vshape=[256,256,4,1] Keff=f16 Veff=f16 turbo_kv=1 prefer_native_vec=0 decode=1 dk=0 dv=1 unsafe_vec_after_turbo_v_decode=0 allow_vec=1 kernel=MMA_F16 need_f16_K=0 need_f16_V=0 Knb=[2,512,131072,524288] Vnb=[50,400,100,102400] Keff_nb=[2,512,131072,524288] Veff_nb=[2,2048,512,524288]
CUDA_FA_ROUTE_ALLOC kernel=MMA_F16 need_f16_K=0 need_f16_V=0 workspace_end_offset=81920 dst_data=(nil) f16_K=(nil) f16_V=(nil) f16_end=0x14000
CUDA_FA_ROUTE_PLAN device=0 Q=[256,5,16,1] Kraw=f16 Vraw=turbo3 Kshape=[256,256,4,1] Vshape=[256,256,4,1] Keff=f16 Veff=f16 turbo_kv=1 prefer_native_vec=0 decode=1 dk=0 dv=1 unsafe_vec_after_turbo_v_decode=0 allow_vec=1 kernel=MMA_F16 need_f16_K=0 need_f16_V=0 Knb=[2,512,131072,524288] Vnb=[50,400,100,102400] Keff_nb=[2,512,131072,524288] Veff_nb=[2,2048,512,524288]
CUDA_FA_ROUTE_ALLOC kernel=MMA_F16 need_f16_K=0 need_f16_V=0 workspace_end_offset=81920 dst_data=(nil) f16_K=(nil) f16_V=(nil) f16_end=0x14000
CUDA_FA_ROUTE_PLAN device=0 Q=[256,5,16,1] Kraw=f16 Vraw=turbo3 Kshape=[256,256,4,1] Vshape=[256,256,4,1] Keff=f16 Veff=f16 turbo_kv=1 prefer_native_vec=0 decode=1 dk=0 dv=1 unsafe_vec_after_turbo_v_decode=0 allow_vec=1 kernel=MMA_F16 need_f16_K=0 need_f16_V=0 Knb=[2,512,131072,524288] Vnb=[50,400,100,102400] Keff_nb=[2,512,131072,524288] Veff_nb=[2,2048,512,524288]
CUDA_FA_ROUTE_ALLOC kernel=MMA_F16 need_f16_K=0 need_f16_V=0 workspace_end_offset=81920 dst_data=(nil) f16_K=(nil) f16_V=(nil) f16_end=0x14000
CUDA_FA_ROUTE_PLAN device=0 Q=[256,5,16,1] Kraw=f16 Vraw=turbo3 Kshape=[256,256,4,1] Vshape=[256,256,4,1] Keff=f16 Veff=f16 turbo_kv=1 prefer_native_vec=0 decode=1 dk=0 dv=1 unsafe_vec_after_turbo_v_decode=0 allow_vec=1 kernel=MMA_F16 need_f16_K=0 need_f16_V=0 Knb=[2,512,131072,524288] Vnb=[50,400,100,102400] Keff_nb=[2,512,131072,524288] Veff_nb=[2,2048,512,524288]
CUDA_FA_ROUTE_ALLOC kernel=MMA_F16 need_f16_K=0 need_f16_V=0 workspace_end_offset=81920 dst_data=(nil) f16_K=(nil) f16_V=(nil) f16_end=0x14000
CUDA_FA_ROUTE_PLAN device=0 Q=[256,5,16,1] Kraw=f16 Vraw=turbo3 Kshape=[256,256,4,1] Vshape=[256,256,4,1] Keff=f16 Veff=f16 turbo_kv=1 prefer_native_vec=0 decode=1 dk=0 dv=1 unsafe_vec_after_turbo_v_decode=0 allow_vec=1 kernel=MMA_F16 need_f16_K=0 need_f16_V=0 Knb=[2,512,131072,524288] Vnb=[50,400,100,102400] Keff_nb=[2,512,131072,524288] Veff_nb=[2,2048,512,524288]
CUDA_FA_ROUTE_ALLOC kernel=MMA_F16 need_f16_K=0 need_f16_V=0 workspace_end_offset=81920 dst_data=(nil) f16_K=(nil) f16_V=(nil) f16_end=0x14000
CUDA_FA_ROUTE_PLAN device=0 Q=[256,5,16,1] Kraw=f16 Vraw=turbo3 Kshape=[256,256,4,1] Vshape=[256,256,4,1] Keff=f16 Veff=f16 turbo_kv=1 prefer_native_vec=0 decode=1 dk=0 dv=1 unsafe_vec_after_turbo_v_decode=0 allow_vec=1 kernel=MMA_F16 need_f16_K=0 need_f16_V=0 Knb=[2,512,131072,524288] Vnb=[50,400,100,102400] Keff_nb=[2,512,131072,524288] Veff_nb=[2,2048,512,524288]
CUDA_FA_ROUTE_ALLOC kernel=MMA_F16 need_f16_K=0 need_f16_V=0 workspace_end_offset=81920 dst_data=(nil) f16_K=(nil) f16_V=(nil) f16_end=0x14000
CUDA_FA_ROUTE_PLAN device=0 Q=[256,5,16,1] Kraw=f16 Vraw=turbo3 Kshape=[256,256,4,1] Vshape=[256,256,4,1] Keff=f16 Veff=f16 turbo_kv=1 prefer_native_vec=0 decode=1 dk=0 dv=1 unsafe_vec_after_turbo_v_decode=0 allow_vec=1 kernel=MMA_F16 need_f16_K=0 need_f16_V=0 Knb=[2,512,131072,524288] Vnb=[50,400,100,102400] Keff_nb=[2,512,131072,524288] Veff_nb=[2,2048,512,524288]
CUDA_FA_ROUTE_ALLOC kernel=MMA_F16 need_f16_K=0 need_f16_V=0 workspace_end_offset=81920 dst_data=(nil) f16_K=(nil) f16_V=(nil) f16_end=0x14000
CUDA_FA_ROUTE_PLAN device=0 Q=[256,5,16,1] Kraw=f16 Vraw=turbo3 Kshape=[256,256,4,1] Vshape=[256,256,4,1] Keff=f16 Veff=f16 turbo_kv=1 prefer_native_vec=0 decode=1 dk=0 dv=1 unsafe_vec_after_turbo_v_decode=0 allow_vec=1 kernel=MMA_F16 need_f16_K=0 need_f16_V=0 Knb=[2,512,131072,524288] Vnb=[50,400,100,102400] Keff_nb=[2,512,131072,524288] Veff_nb=[2,2048,512,524288]
CUDA_FA_ROUTE_ALLOC kernel=MMA_F16 need_f16_K=0 need_f16_V=0 workspace_end_offset=81920 dst_data=(nil) f16_K=(nil) f16_V=(nil) f16_end=0x14000
CUDA_FA_ROUTE_PLAN device=0 Q=[256,5,16,1] Kraw=f16 Vraw=turbo3 Kshape=[256,256,4,1] Vshape=[256,256,4,1] Keff=f16 Veff=f16 turbo_kv=1 prefer_native_vec=0 decode=1 dk=0 dv=1 unsafe_vec_after_turbo_v_decode=0 allow_vec=1 kernel=MMA_F16 need_f16_K=0 need_f16_V=0 Knb=[2,512,131072,524288] Vnb=[50,400,100,102400] Keff_nb=[2,512,131072,524288] Veff_nb=[2,2048,512,524288]
CUDA_FA_ROUTE_ALLOC kernel=MMA_F16 need_f16_K=0 need_f16_V=0 workspace_end_offset=81920 dst_data=(nil) f16_K=(nil) f16_V=(nil) f16_end=0x14000
CUDA_FA_ROUTE_PLAN device=0 Q=[256,5,16,1] Kraw=f16 Vraw=turbo3 Kshape=[256,256,4,1] Vshape=[256,256,4,1] Keff=f16 Veff=f16 turbo_kv=1 prefer_native_vec=0 decode=1 dk=0 dv=1 unsafe_vec_after_turbo_v_decode=0 allow_vec=1 kernel=MMA_F16 need_f16_K=0 need_f16_V=0 Knb=[2,512,131072,524288] Vnb=[50,400,100,102400] Keff_nb=[2,512,131072,524288] Veff_nb=[2,2048,512,524288]
CUDA_FA_ROUTE_ALLOC kernel=MMA_F16 need_f16_K=0 need_f16_V=0 workspace_end_offset=81920 dst_data=(nil) f16_K=(nil) f16_V=(nil) f16_end=0x14000
CUDA_FA_ROUTE_PLAN device=0 Q=[256,5,16,1] Kraw=f16 Vraw=turbo3 Kshape=[256,256,4,1] Vshape=[256,256,4,1] Keff=f16 Veff=f16 turbo_kv=1 prefer_native_vec=0 decode=1 dk=0 dv=1 unsafe_vec_after_turbo_v_decode=0 allow_vec=1 kernel=MMA_F16 need_f16_K=0 need_f16_V=0 Knb=[2,512,131072,524288] Vnb=[50,400,100,102400] Keff_nb=[2,512,131072,524288] Veff_nb=[2,2048,512,524288]
CUDA_FA_ROUTE_ALLOC kernel=MMA_F16 need_f16_K=0 need_f16_V=0 workspace_end_offset=81920 dst_data=(nil) f16_K=(nil) f16_V=(nil) f16_end=0x14000
CUDA_FA_ROUTE_PLAN device=0 Q=[256,5,16,1] Kraw=f16 Vraw=turbo3 Kshape=[256,256,4,1] Vshape=[256,256,4,1] Keff=f16 Veff=f16 turbo_kv=1 prefer_native_vec=0 decode=1 dk=0 dv=1 unsafe_vec_after_turbo_v_decode=0 allow_vec=1 kernel=MMA_F16 need_f16_K=0 need_f16_V=0 Knb=[2,512,131072,524288] Vnb=[50,400,100,102400] Keff_nb=[2,512,131072,524288] Veff_nb=[2,2048,512,524288]
CUDA_FA_ROUTE_ALLOC kernel=MMA_F16 need_f16_K=0 need_f16_V=0 workspace_end_offset=81920 dst_data=(nil) f16_K=(nil) f16_V=(nil) f16_end=0x14000
CUDA_FA_ROUTE_PLAN device=0 Q=[256,5,16,1] Kraw=f16 Vraw=turbo3 Kshape=[256,256,4,1] Vshape=[256,256,4,1] Keff=f16 Veff=f16 turbo_kv=1 prefer_native_vec=0 decode=1 dk=0 dv=1 unsafe_vec_after_turbo_v_decode=0 allow_vec=1 kernel=MMA_F16 need_f16_K=0 need_f16_V=0 Knb=[2,512,131072,524288] Vnb=[50,400,100,102400] Keff_nb=[2,512,131072,524288] Veff_nb=[2,2048,512,524288]
CUDA_FA_ROUTE_ALLOC kernel=MMA_F16 need_f16_K=0 need_f16_V=0 workspace_end_offset=81920 dst_data=(nil) f16_K=(nil) f16_V=(nil) f16_end=0x14000
CUDA_FA_ROUTE_PLAN device=0 Q=[256,5,16,1] Kraw=f16 Vraw=turbo3 Kshape=[256,256,4,1] Vshape=[256,256,4,1] Keff=f16 Veff=f16 turbo_kv=1 prefer_native_vec=0 decode=1 dk=0 dv=1 unsafe_vec_after_turbo_v_decode=0 allow_vec=1 kernel=MMA_F16 need_f16_K=0 need_f16_V=0 Knb=[2,512,131072,524288] Vnb=[50,400,100,102400] Keff_nb=[2,512,131072,524288] Veff_nb=[2,2048,512,524288]
CUDA_FA_ROUTE_ALLOC kernel=MMA_F16 need_f16_K=0 need_f16_V=0 workspace_end_offset=81920 dst_data=(nil) f16_K=(nil) f16_V=(nil) f16_end=0x14000
CUDA_FA_ROUTE_PLAN device=0 Q=[256,5,16,1] Kraw=f16 Vraw=turbo3 Kshape=[256,256,4,1] Vshape=[256,256,4,1] Keff=f16 Veff=f16 turbo_kv=1 prefer_native_vec=0 decode=1 dk=0 dv=1 unsafe_vec_after_turbo_v_decode=0 allow_vec=1 kernel=MMA_F16 need_f16_K=0 need_f16_V=0 Knb=[2,512,131072,524288] Vnb=[50,400,100,102400] Keff_nb=[2,512,131072,524288] Veff_nb=[2,2048,512,524288]
CUDA_FA_ROUTE_ALLOC kernel=MMA_F16 need_f16_K=0 need_f16_V=0 workspace_end_offset=81920 dst_data=(nil) f16_K=(nil) f16_V=(nil) f16_end=0x14000
CUDA_FA_ROUTE_PLAN device=0 Q=[256,5,16,1] Kraw=f16 Vraw=turbo3 Kshape=[256,256,4,1] Vshape=[256,256,4,1] Keff=f16 Veff=f16 turbo_kv=1 prefer_native_vec=0 decode=1 dk=0 dv=1 unsafe_vec_after_turbo_v_decode=0 allow_vec=1 kernel=MMA_F16 need_f16_K=0 need_f16_V=0 Knb=[2,512,131072,524288] Vnb=[50,400,100,102400] Keff_nb=[2,512,131072,524288] Veff_nb=[2,2048,512,524288]
CUDA_FA_ROUTE_ALLOC kernel=MMA_F16 need_f16_K=0 need_f16_V=0 workspace_end_offset=81920 dst_data=(nil) f16_K=(nil) f16_V=(nil) f16_end=0x14000
CUDA_FA_ROUTE_PLAN device=0 Q=[256,5,16,1] Kraw=f16 Vraw=turbo3 Kshape=[256,256,4,1] Vshape=[256,256,4,1] Keff=f16 Veff=f16 turbo_kv=1 prefer_native_vec=0 decode=1 dk=0 dv=1 unsafe_vec_after_turbo_v_decode=0 allow_vec=1 kernel=MMA_F16 need_f16_K=0 need_f16_V=0 Knb=[2,512,131072,524288] Vnb=[50,400,100,102400] Keff_nb=[2,512,131072,524288] Veff_nb=[2,2048,512,524288]
CUDA_FA_ROUTE_ALLOC kernel=MMA_F16 need_f16_K=0 need_f16_V=0 workspace_end_offset=81920 dst_data=(nil) f16_K=(nil) f16_V=(nil) f16_end=0x14000
CUDA_FA_ROUTE_PLAN device=0 Q=[256,5,16,1] Kraw=f16 Vraw=turbo3 Kshape=[256,256,4,1] Vshape=[256,256,4,1] Keff=f16 Veff=f16 turbo_kv=1 prefer_native_vec=0 decode=1 dk=0 dv=1 unsafe_vec_after_turbo_v_decode=0 allow_vec=1 kernel=MMA_F16 need_f16_K=0 need_f16_V=0 Knb=[2,512,131072,524288] Vnb=[50,400,100,102400] Keff_nb=[2,512,131072,524288] Veff_nb=[2,2048,512,524288]
CUDA_FA_ROUTE_ALLOC kernel=MMA_F16 need_f16_K=0 need_f16_V=0 workspace_end_offset=81920 dst_data=(nil) f16_K=(nil) f16_V=(nil) f16_end=0x14000
CUDA_FA_ROUTE_PLAN device=0 Q=[256,5,16,1] Kraw=f16 Vraw=turbo3 Kshape=[256,256,4,1] Vshape=[256,256,4,1] Keff=f16 Veff=f16 turbo_kv=1 prefer_native_vec=0 decode=1 dk=0 dv=1 unsafe_vec_after_turbo_v_decode=0 allow_vec=1 kernel=MMA_F16 need_f16_K=0 need_f16_V=0 Knb=[2,512,131072,524288] Vnb=[50,400,100,102400] Keff_nb=[2,512,131072,524288] Veff_nb=[2,2048,512,524288]
CUDA_FA_ROUTE_ALLOC kernel=MMA_F16 need_f16_K=0 need_f16_V=0 workspace_end_offset=81920 dst_data=(nil) f16_K=(nil) f16_V=(nil) f16_end=0x14000
CUDA_FA_ROUTE_PLAN device=0 Q=[256,5,16,1] Kraw=f16 Vraw=turbo3 Kshape=[256,256,4,1] Vshape=[256,256,4,1] Keff=f16 Veff=f16 turbo_kv=1 prefer_native_vec=0 decode=1 dk=0 dv=1 unsafe_vec_after_turbo_v_decode=0 allow_vec=1 kernel=MMA_F16 need_f16_K=0 need_f16_V=0 Knb=[2,512,131072,524288] Vnb=[50,400,100,102400] Keff_nb=[2,512,131072,524288] Veff_nb=[2,2048,512,524288]
CUDA_FA_ROUTE_ALLOC kernel=MMA_F16 need_f16_K=0 need_f16_V=0 workspace_end_offset=81920 dst_data=(nil) f16_K=(nil) f16_V=(nil) f16_end=0x14000
CUDA_FA_ROUTE_PLAN device=0 Q=[256,5,16,1] Kraw=f16 Vraw=turbo3 Kshape=[256,256,4,1] Vshape=[256,256,4,1] Keff=f16 Veff=f16 turbo_kv=1 prefer_native_vec=0 decode=1 dk=0 dv=1 unsafe_vec_after_turbo_v_decode=0 allow_vec=1 kernel=MMA_F16 need_f16_K=0 need_f16_V=0 Knb=[2,512,131072,524288] Vnb=[50,400,100,102400] Keff_nb=[2,512,131072,524288] Veff_nb=[2,2048,512,524288]
GGML_TURBO_FA_DEBUG: path=prefill-dequant K=f16 V=turbo3 Q=[256,5,16,1] K=[256,256,4,1] V=[256,256,4,1]
CUDA_FA_ROUTE_PLAN device=0 Q=[256,5,16,1] Kraw=f16 Vraw=turbo3 Kshape=[256,256,4,1] Vshape=[256,256,4,1] Keff=f16 Veff=f16 turbo_kv=1 prefer_native_vec=0 decode=1 dk=0 dv=1 unsafe_vec_after_turbo_v_decode=0 allow_vec=1 kernel=MMA_F16 need_f16_K=0 need_f16_V=0 Knb=[2,512,131072,524288] Vnb=[50,400,100,102400] Keff_nb=[2,512,131072,524288] Veff_nb=[2,2048,512,524288]
GGML_TURBO_FA_DEBUG: path=prefill-dequant K=f16 V=turbo3 Q=[256,5,16,1] K=[256,256,4,1] V=[256,256,4,1]
CUDA_FA_ROUTE_PLAN device=0 Q=[256,5,16,1] Kraw=f16 Vraw=turbo3 Kshape=[256,256,4,1] Vshape=[256,256,4,1] Keff=f16 Veff=f16 turbo_kv=1 prefer_native_vec=0 decode=1 dk=0 dv=1 unsafe_vec_after_turbo_v_decode=0 allow_vec=1 kernel=MMA_F16 need_f16_K=0 need_f16_V=0 Knb=[2,512,131072,524288] Vnb=[50,400,100,102400] Keff_nb=[2,512,131072,524288] Veff_nb=[2,2048,512,524288]
GGML_TURBO_FA_DEBUG: path=prefill-dequant K=f16 V=turbo3 Q=[256,5,16,1] K=[256,256,4,1] V=[256,256,4,1]
CUDA_FA_ROUTE_PLAN device=0 Q=[256,5,16,1] Kraw=f16 Vraw=turbo3 Kshape=[256,256,4,1] Vshape=[256,256,4,1] Keff=f16 Veff=f16 turbo_kv=1 prefer_native_vec=0 decode=1 dk=0 dv=1 unsafe_vec_after_turbo_v_decode=0 allow_vec=1 kernel=MMA_F16 need_f16_K=0 need_f16_V=0 Knb=[2,512,131072,524288] Vnb=[50,400,100,102400] Keff_nb=[2,512,131072,524288] Veff_nb=[2,2048,512,524288]
GGML_TURBO_FA_DEBUG: path=prefill-dequant K=f16 V=turbo3 Q=[256,5,16,1] K=[256,256,4,1] V=[256,256,4,1]
CUDA_FA_ROUTE_PLAN device=0 Q=[256,5,16,1] Kraw=f16 Vraw=turbo3 Kshape=[256,256,4,1] Vshape=[256,256,4,1] Keff=f16 Veff=f16 turbo_kv=1 prefer_native_vec=0 decode=1 dk=0 dv=1 unsafe_vec_after_turbo_v_decode=0 allow_vec=1 kernel=MMA_F16 need_f16_K=0 need_f16_V=0 Knb=[2,512,131072,524288] Vnb=[50,400,100,102400] Keff_nb=[2,512,131072,524288] Veff_nb=[2,2048,512,524288]
GGML_TURBO_FA_DEBUG: path=prefill-dequant K=f16 V=turbo3 Q=[256,5,16,1] K=[256,256,4,1] V=[256,256,4,1]
CUDA_FA_ROUTE_PLAN device=0 Q=[256,5,16,1] Kraw=f16 Vraw=turbo3 Kshape=[256,256,4,1] Vshape=[256,256,4,1] Keff=f16 Veff=f16 turbo_kv=1 prefer_native_vec=0 decode=1 dk=0 dv=1 unsafe_vec_after_turbo_v_decode=0 allow_vec=1 kernel=MMA_F16 need_f16_K=0 need_f16_V=0 Knb=[2,512,131072,524288] Vnb=[50,400,100,102400] Keff_nb=[2,512,131072,524288] Veff_nb=[2,2048,512,524288]
GGML_TURBO_FA_DEBUG: path=prefill-dequant K=f16 V=turbo3 Q=[256,5,16,1] K=[256,256,4,1] V=[256,256,4,1]
CUDA_FA_ROUTE_PLAN device=0 Q=[256,5,16,1] Kraw=f16 Vraw=turbo3 Kshape=[256,256,4,1] Vshape=[256,256,4,1] Keff=f16 Veff=f16 turbo_kv=1 prefer_native_vec=0 decode=1 dk=0 dv=1 unsafe_vec_after_turbo_v_decode=0 allow_vec=1 kernel=MMA_F16 need_f16_K=0 need_f16_V=0 Knb=[2,512,131072,524288] Vnb=[50,400,100,102400] Keff_nb=[2,512,131072,524288] Veff_nb=[2,2048,512,524288]
GGML_TURBO_FA_DEBUG: path=prefill-dequant K=f16 V=turbo3 Q=[256,5,16,1] K=[256,256,4,1] V=[256,256,4,1]
CUDA_FA_ROUTE_PLAN device=0 Q=[256,5,16,1] Kraw=f16 Vraw=turbo3 Kshape=[256,256,4,1] Vshape=[256,256,4,1] Keff=f16 Veff=f16 turbo_kv=1 prefer_native_vec=0 decode=1 dk=0 dv=1 unsafe_vec_after_turbo_v_decode=0 allow_vec=1 kernel=MMA_F16 need_f16_K=0 need_f16_V=0 Knb=[2,512,131072,524288] Vnb=[50,400,100,102400] Keff_nb=[2,512,131072,524288] Veff_nb=[2,2048,512,524288]
GGML_TURBO_FA_DEBUG: path=prefill-dequant K=f16 V=turbo3 Q=[256,5,16,1] K=[256,256,4,1] V=[256,256,4,1]
 ParisCUDA_FA_ROUTE_PLAN device=0 Q=[256,1,16,1] Kraw=f16 Vraw=turbo3 Kshape=[256,256,4,1] Vshape=[256,256,4,1] Keff=f16 Veff=f16 turbo_kv=1 prefer_native_vec=0 decode=1 dk=0 dv=1 unsafe_vec_after_turbo_v_decode=0 allow_vec=1 kernel=MMA_F16 need_f16_K=0 need_f16_V=0 Knb=[2,512,131072,524288] Vnb=[50,400,100,102400] Keff_nb=[2,512,131072,524288] Veff_nb=[2,2048,512,524288]
CUDA_FA_ROUTE_SUPPORTED kernel=MMA_F16 effK=f16 effV=f16 supported=1
CUDA_FA_ROUTE_PLAN device=0 Q=[256,1,16,1] Kraw=f16 Vraw=turbo3 Kshape=[256,256,4,1] Vshape=[256,256,4,1] Keff=f16 Veff=f16 turbo_kv=1 prefer_native_vec=0 decode=1 dk=0 dv=1 unsafe_vec_after_turbo_v_decode=0 allow_vec=1 kernel=MMA_F16 need_f16_K=0 need_f16_V=0 Knb=[2,512,131072,524288] Vnb=[50,400,100,102400] Keff_nb=[2,512,131072,524288] Veff_nb=[2,2048,512,524288]
CUDA_FA_ROUTE_SUPPORTED kernel=MMA_F16 effK=f16 effV=f16 supported=1
CUDA_FA_ROUTE_PLAN device=0 Q=[256,1,16,1] Kraw=f16 Vraw=turbo3 Kshape=[256,256,4,1] Vshape=[256,256,4,1] Keff=f16 Veff=f16 turbo_kv=1 prefer_native_vec=0 decode=1 dk=0 dv=1 unsafe_vec_after_turbo_v_decode=0 allow_vec=1 kernel=MMA_F16 need_f16_K=0 need_f16_V=0 Knb=[2,512,131072,524288] Vnb=[50,400,100,102400] Keff_nb=[2,512,131072,524288] Veff_nb=[2,2048,512,524288]
CUDA_FA_ROUTE_SUPPORTED kernel=MMA_F16 effK=f16 effV=f16 supported=1
CUDA_FA_ROUTE_PLAN device=0 Q=[256,1,16,1] Kraw=f16 Vraw=turbo3 Kshape=[256,256,4,1] Vshape=[256,256,4,1] Keff=f16 Veff=f16 turbo_kv=1 prefer_native_vec=0 decode=1 dk=0 dv=1 unsafe_vec_after_turbo_v_decode=0 allow_vec=1 kernel=MMA_F16 need_f16_K=0 need_f16_V=0 Knb=[2,512,131072,524288] Vnb=[50,400,100,102400] Keff_nb=[2,512,131072,524288] Veff_nb=[2,2048,512,524288]
CUDA_FA_ROUTE_SUPPORTED kernel=MMA_F16 effK=f16 effV=f16 supported=1
CUDA_FA_ROUTE_PLAN device=0 Q=[256,1,16,1] Kraw=f16 Vraw=turbo3 Kshape=[256,256,4,1] Vshape=[256,256,4,1] Keff=f16 Veff=f16 turbo_kv=1 prefer_native_vec=0 decode=1 dk=0 dv=1 unsafe_vec_after_turbo_v_decode=0 allow_vec=1 kernel=MMA_F16 need_f16_K=0 need_f16_V=0 Knb=[2,512,131072,524288] Vnb=[50,400,100,102400] Keff_nb=[2,512,131072,524288] Veff_nb=[2,2048,512,524288]
CUDA_FA_ROUTE_SUPPORTED kernel=MMA_F16 effK=f16 effV=f16 supported=1
CUDA_FA_ROUTE_PLAN device=0 Q=[256,1,16,1] Kraw=f16 Vraw=turbo3 Kshape=[256,256,4,1] Vshape=[256,256,4,1] Keff=f16 Veff=f16 turbo_kv=1 prefer_native_vec=0 decode=1 dk=0 dv=1 unsafe_vec_after_turbo_v_decode=0 allow_vec=1 kernel=MMA_F16 need_f16_K=0 need_f16_V=0 Knb=[2,512,131072,524288] Vnb=[50,400,100,102400] Keff_nb=[2,512,131072,524288] Veff_nb=[2,2048,512,524288]
CUDA_FA_ROUTE_SUPPORTED kernel=MMA_F16 effK=f16 effV=f16 supported=1
CUDA_FA_ROUTE_PLAN device=0 Q=[256,1,16,1] Kraw=f16 Vraw=turbo3 Kshape=[256,256,4,1] Vshape=[256,256,4,1] Keff=f16 Veff=f16 turbo_kv=1 prefer_native_vec=0 decode=1 dk=0 dv=1 unsafe_vec_after_turbo_v_decode=0 allow_vec=1 kernel=MMA_F16 need_f16_K=0 need_f16_V=0 Knb=[2,512,131072,524288] Vnb=[50,400,100,102400] Keff_nb=[2,512,131072,524288] Veff_nb=[2,2048,512,524288]
CUDA_FA_ROUTE_SUPPORTED kernel=MMA_F16 effK=f16 effV=f16 supported=1
CUDA_FA_ROUTE_PLAN device=0 Q=[256,1,16,1] Kraw=f16 Vraw=turbo3 Kshape=[256,256,4,1] Vshape=[256,256,4,1] Keff=f16 Veff=f16 turbo_kv=1 prefer_native_vec=0 decode=1 dk=0 dv=1 unsafe_vec_after_turbo_v_decode=0 allow_vec=1 kernel=MMA_F16 need_f16_K=0 need_f16_V=0 Knb=[2,512,131072,524288] Vnb=[50,400,100,102400] Keff_nb=[2,512,131072,524288] Veff_nb=[2,2048,512,524288]
CUDA_FA_ROUTE_SUPPORTED kernel=MMA_F16 effK=f16 effV=f16 supported=1
CUDA_FA_ROUTE_PLAN device=0 Q=[256,1,16,1] Kraw=f16 Vraw=turbo3 Kshape=[256,256,4,1] Vshape=[256,256,4,1] Keff=f16 Veff=f16 turbo_kv=1 prefer_native_vec=0 decode=1 dk=0 dv=1 unsafe_vec_after_turbo_v_decode=0 allow_vec=1 kernel=MMA_F16 need_f16_K=0 need_f16_V=0 Knb=[2,512,131072,524288] Vnb=[50,400,100,102400] Keff_nb=[2,512,131072,524288] Veff_nb=[2,2048,512,524288]
CUDA_FA_ROUTE_ALLOC kernel=MMA_F16 need_f16_K=0 need_f16_V=0 workspace_end_offset=16384 dst_data=(nil) f16_K=(nil) f16_V=(nil) f16_end=0x4000
CUDA_FA_ROUTE_PLAN device=0 Q=[256,1,16,1] Kraw=f16 Vraw=turbo3 Kshape=[256,256,4,1] Vshape=[256,256,4,1] Keff=f16 Veff=f16 turbo_kv=1 prefer_native_vec=0 decode=1 dk=0 dv=1 unsafe_vec_after_turbo_v_decode=0 allow_vec=1 kernel=MMA_F16 need_f16_K=0 need_f16_V=0 Knb=[2,512,131072,524288] Vnb=[50,400,100,102400] Keff_nb=[2,512,131072,524288] Veff_nb=[2,2048,512,524288]
CUDA_FA_ROUTE_ALLOC kernel=MMA_F16 need_f16_K=0 need_f16_V=0 workspace_end_offset=16384 dst_data=(nil) f16_K=(nil) f16_V=(nil) f16_end=0x4000
CUDA_FA_ROUTE_PLAN device=0 Q=[256,1,16,1] Kraw=f16 Vraw=turbo3 Kshape=[256,256,4,1] Vshape=[256,256,4,1] Keff=f16 Veff=f16 turbo_kv=1 prefer_native_vec=0 decode=1 dk=0 dv=1 unsafe_vec_after_turbo_v_decode=0 allow_vec=1 kernel=MMA_F16 need_f16_K=0 need_f16_V=0 Knb=[2,512,131072,524288] Vnb=[50,400,100,102400] Keff_nb=[2,512,131072,524288] Veff_nb=[2,2048,512,524288]
CUDA_FA_ROUTE_ALLOC kernel=MMA_F16 need_f16_K=0 need_f16_V=0 workspace_end_offset=16384 dst_data=(nil) f16_K=(nil) f16_V=(nil) f16_end=0x4000
CUDA_FA_ROUTE_PLAN device=0 Q=[256,1,16,1] Kraw=f16 Vraw=turbo3 Kshape=[256,256,4,1] Vshape=[256,256,4,1] Keff=f16 Veff=f16 turbo_kv=1 prefer_native_vec=0 decode=1 dk=0 dv=1 unsafe_vec_after_turbo_v_decode=0 allow_vec=1 kernel=MMA_F16 need_f16_K=0 need_f16_V=0 Knb=[2,512,131072,524288] Vnb=[50,400,100,102400] Keff_nb=[2,512,131072,524288] Veff_nb=[2,2048,512,524288]
CUDA_FA_ROUTE_ALLOC kernel=MMA_F16 need_f16_K=0 need_f16_V=0 workspace_end_offset=16384 dst_data=(nil) f16_K=(nil) f16_V=(nil) f16_end=0x4000
CUDA_FA_ROUTE_PLAN device=0 Q=[256,1,16,1] Kraw=f16 Vraw=turbo3 Kshape=[256,256,4,1] Vshape=[256,256,4,1] Keff=f16 Veff=f16 turbo_kv=1 prefer_native_vec=0 decode=1 dk=0 dv=1 unsafe_vec_after_turbo_v_decode=0 allow_vec=1 kernel=MMA_F16 need_f16_K=0 need_f16_V=0 Knb=[2,512,131072,524288] Vnb=[50,400,100,102400] Keff_nb=[2,512,131072,524288] Veff_nb=[2,2048,512,524288]
CUDA_FA_ROUTE_ALLOC kernel=MMA_F16 need_f16_K=0 need_f16_V=0 workspace_end_offset=16384 dst_data=(nil) f16_K=(nil) f16_V=(nil) f16_end=0x4000
CUDA_FA_ROUTE_PLAN device=0 Q=[256,1,16,1] Kraw=f16 Vraw=turbo3 Kshape=[256,256,4,1] Vshape=[256,256,4,1] Keff=f16 Veff=f16 turbo_kv=1 prefer_native_vec=0 decode=1 dk=0 dv=1 unsafe_vec_after_turbo_v_decode=0 allow_vec=1 kernel=MMA_F16 need_f16_K=0 need_f16_V=0 Knb=[2,512,131072,524288] Vnb=[50,400,100,102400] Keff_nb=[2,512,131072,524288] Veff_nb=[2,2048,512,524288]
CUDA_FA_ROUTE_ALLOC kernel=MMA_F16 need_f16_K=0 need_f16_V=0 workspace_end_offset=16384 dst_data=(nil) f16_K=(nil) f16_V=(nil) f16_end=0x4000
CUDA_FA_ROUTE_PLAN device=0 Q=[256,1,16,1] Kraw=f16 Vraw=turbo3 Kshape=[256,256,4,1] Vshape=[256,256,4,1] Keff=f16 Veff=f16 turbo_kv=1 prefer_native_vec=0 decode=1 dk=0 dv=1 unsafe_vec_after_turbo_v_decode=0 allow_vec=1 kernel=MMA_F16 need_f16_K=0 need_f16_V=0 Knb=[2,512,131072,524288] Vnb=[50,400,100,102400] Keff_nb=[2,512,131072,524288] Veff_nb=[2,2048,512,524288]
CUDA_FA_ROUTE_ALLOC kernel=MMA_F16 need_f16_K=0 need_f16_V=0 workspace_end_offset=16384 dst_data=(nil) f16_K=(nil) f16_V=(nil) f16_end=0x4000
CUDA_FA_ROUTE_PLAN device=0 Q=[256,1,16,1] Kraw=f16 Vraw=turbo3 Kshape=[256,256,4,1] Vshape=[256,256,4,1] Keff=f16 Veff=f16 turbo_kv=1 prefer_native_vec=0 decode=1 dk=0 dv=1 unsafe_vec_after_turbo_v_decode=0 allow_vec=1 kernel=MMA_F16 need_f16_K=0 need_f16_V=0 Knb=[2,512,131072,524288] Vnb=[50,400,100,102400] Keff_nb=[2,512,131072,524288] Veff_nb=[2,2048,512,524288]
CUDA_FA_ROUTE_ALLOC kernel=MMA_F16 need_f16_K=0 need_f16_V=0 workspace_end_offset=16384 dst_data=(nil) f16_K=(nil) f16_V=(nil) f16_end=0x4000
CUDA_FA_ROUTE_PLAN device=0 Q=[256,1,16,1] Kraw=f16 Vraw=turbo3 Kshape=[256,256,4,1] Vshape=[256,256,4,1] Keff=f16 Veff=f16 turbo_kv=1 prefer_native_vec=0 decode=1 dk=0 dv=1 unsafe_vec_after_turbo_v_decode=0 allow_vec=1 kernel=MMA_F16 need_f16_K=0 need_f16_V=0 Knb=[2,512,131072,524288] Vnb=[50,400,100,102400] Keff_nb=[2,512,131072,524288] Veff_nb=[2,2048,512,524288]
CUDA_FA_ROUTE_ALLOC kernel=MMA_F16 need_f16_K=0 need_f16_V=0 workspace_end_offset=16384 dst_data=(nil) f16_K=(nil) f16_V=(nil) f16_end=0x4000
CUDA_FA_ROUTE_PLAN device=0 Q=[256,1,16,1] Kraw=f16 Vraw=turbo3 Kshape=[256,256,4,1] Vshape=[256,256,4,1] Keff=f16 Veff=f16 turbo_kv=1 prefer_native_vec=0 decode=1 dk=0 dv=1 unsafe_vec_after_turbo_v_decode=0 allow_vec=1 kernel=MMA_F16 need_f16_K=0 need_f16_V=0 Knb=[2,512,131072,524288] Vnb=[50,400,100,102400] Keff_nb=[2,512,131072,524288] Veff_nb=[2,2048,512,524288]
CUDA_FA_ROUTE_ALLOC kernel=MMA_F16 need_f16_K=0 need_f16_V=0 workspace_end_offset=16384 dst_data=(nil) f16_K=(nil) f16_V=(nil) f16_end=0x4000
CUDA_FA_ROUTE_PLAN device=0 Q=[256,1,16,1] Kraw=f16 Vraw=turbo3 Kshape=[256,256,4,1] Vshape=[256,256,4,1] Keff=f16 Veff=f16 turbo_kv=1 prefer_native_vec=0 decode=1 dk=0 dv=1 unsafe_vec_after_turbo_v_decode=0 allow_vec=1 kernel=MMA_F16 need_f16_K=0 need_f16_V=0 Knb=[2,512,131072,524288] Vnb=[50,400,100,102400] Keff_nb=[2,512,131072,524288] Veff_nb=[2,2048,512,524288]
CUDA_FA_ROUTE_ALLOC kernel=MMA_F16 need_f16_K=0 need_f16_V=0 workspace_end_offset=16384 dst_data=(nil) f16_K=(nil) f16_V=(nil) f16_end=0x4000
CUDA_FA_ROUTE_PLAN device=0 Q=[256,1,16,1] Kraw=f16 Vraw=turbo3 Kshape=[256,256,4,1] Vshape=[256,256,4,1] Keff=f16 Veff=f16 turbo_kv=1 prefer_native_vec=0 decode=1 dk=0 dv=1 unsafe_vec_after_turbo_v_decode=0 allow_vec=1 kernel=MMA_F16 need_f16_K=0 need_f16_V=0 Knb=[2,512,131072,524288] Vnb=[50,400,100,102400] Keff_nb=[2,512,131072,524288] Veff_nb=[2,2048,512,524288]
CUDA_FA_ROUTE_ALLOC kernel=MMA_F16 need_f16_K=0 need_f16_V=0 workspace_end_offset=16384 dst_data=(nil) f16_K=(nil) f16_V=(nil) f16_end=0x4000
CUDA_FA_ROUTE_PLAN device=0 Q=[256,1,16,1] Kraw=f16 Vraw=turbo3 Kshape=[256,256,4,1] Vshape=[256,256,4,1] Keff=f16 Veff=f16 turbo_kv=1 prefer_native_vec=0 decode=1 dk=0 dv=1 unsafe_vec_after_turbo_v_decode=0 allow_vec=1 kernel=MMA_F16 need_f16_K=0 need_f16_V=0 Knb=[2,512,131072,524288] Vnb=[50,400,100,102400] Keff_nb=[2,512,131072,524288] Veff_nb=[2,2048,512,524288]
CUDA_FA_ROUTE_ALLOC kernel=MMA_F16 need_f16_K=0 need_f16_V=0 workspace_end_offset=16384 dst_data=(nil) f16_K=(nil) f16_V=(nil) f16_end=0x4000
CUDA_FA_ROUTE_PLAN device=0 Q=[256,1,16,1] Kraw=f16 Vraw=turbo3 Kshape=[256,256,4,1] Vshape=[256,256,4,1] Keff=f16 Veff=f16 turbo_kv=1 prefer_native_vec=0 decode=1 dk=0 dv=1 unsafe_vec_after_turbo_v_decode=0 allow_vec=1 kernel=MMA_F16 need_f16_K=0 need_f16_V=0 Knb=[2,512,131072,524288] Vnb=[50,400,100,102400] Keff_nb=[2,512,131072,524288] Veff_nb=[2,2048,512,524288]
CUDA_FA_ROUTE_ALLOC kernel=MMA_F16 need_f16_K=0 need_f16_V=0 workspace_end_offset=16384 dst_data=(nil) f16_K=(nil) f16_V=(nil) f16_end=0x4000
CUDA_FA_ROUTE_PLAN device=0 Q=[256,1,16,1] Kraw=f16 Vraw=turbo3 Kshape=[256,256,4,1] Vshape=[256,256,4,1] Keff=f16 Veff=f16 turbo_kv=1 prefer_native_vec=0 decode=1 dk=0 dv=1 unsafe_vec_after_turbo_v_decode=0 allow_vec=1 kernel=MMA_F16 need_f16_K=0 need_f16_V=0 Knb=[2,512,131072,524288] Vnb=[50,400,100,102400] Keff_nb=[2,512,131072,524288] Veff_nb=[2,2048,512,524288]
CUDA_FA_ROUTE_ALLOC kernel=MMA_F16 need_f16_K=0 need_f16_V=0 workspace_end_offset=16384 dst_data=(nil) f16_K=(nil) f16_V=(nil) f16_end=0x4000
CUDA_FA_ROUTE_PLAN device=0 Q=[256,1,16,1] Kraw=f16 Vraw=turbo3 Kshape=[256,256,4,1] Vshape=[256,256,4,1] Keff=f16 Veff=f16 turbo_kv=1 prefer_native_vec=0 decode=1 dk=0 dv=1 unsafe_vec_after_turbo_v_decode=0 allow_vec=1 kernel=MMA_F16 need_f16_K=0 need_f16_V=0 Knb=[2,512,131072,524288] Vnb=[50,400,100,102400] Keff_nb=[2,512,131072,524288] Veff_nb=[2,2048,512,524288]
CUDA_FA_ROUTE_ALLOC kernel=MMA_F16 need_f16_K=0 need_f16_V=0 workspace_end_offset=16384 dst_data=(nil) f16_K=(nil) f16_V=(nil) f16_end=0x4000
CUDA_FA_ROUTE_PLAN device=0 Q=[256,1,16,1] Kraw=f16 Vraw=turbo3 Kshape=[256,256,4,1] Vshape=[256,256,4,1] Keff=f16 Veff=f16 turbo_kv=1 prefer_native_vec=0 decode=1 dk=0 dv=1 unsafe_vec_after_turbo_v_decode=0 allow_vec=1 kernel=MMA_F16 need_f16_K=0 need_f16_V=0 Knb=[2,512,131072,524288] Vnb=[50,400,100,102400] Keff_nb=[2,512,131072,524288] Veff_nb=[2,2048,512,524288]
CUDA_FA_ROUTE_ALLOC kernel=MMA_F16 need_f16_K=0 need_f16_V=0 workspace_end_offset=16384 dst_data=(nil) f16_K=(nil) f16_V=(nil) f16_end=0x4000
CUDA_FA_ROUTE_PLAN device=0 Q=[256,1,16,1] Kraw=f16 Vraw=turbo3 Kshape=[256,256,4,1] Vshape=[256,256,4,1] Keff=f16 Veff=f16 turbo_kv=1 prefer_native_vec=0 decode=1 dk=0 dv=1 unsafe_vec_after_turbo_v_decode=0 allow_vec=1 kernel=MMA_F16 need_f16_K=0 need_f16_V=0 Knb=[2,512,131072,524288] Vnb=[50,400,100,102400] Keff_nb=[2,512,131072,524288] Veff_nb=[2,2048,512,524288]
CUDA_FA_ROUTE_ALLOC kernel=MMA_F16 need_f16_K=0 need_f16_V=0 workspace_end_offset=16384 dst_data=(nil) f16_K=(nil) f16_V=(nil) f16_end=0x4000
CUDA_FA_ROUTE_PLAN device=0 Q=[256,1,16,1] Kraw=f16 Vraw=turbo3 Kshape=[256,256,4,1] Vshape=[256,256,4,1] Keff=f16 Veff=f16 turbo_kv=1 prefer_native_vec=0 decode=1 dk=0 dv=1 unsafe_vec_after_turbo_v_decode=0 allow_vec=1 kernel=MMA_F16 need_f16_K=0 need_f16_V=0 Knb=[2,512,131072,524288] Vnb=[50,400,100,102400] Keff_nb=[2,512,131072,524288] Veff_nb=[2,2048,512,524288]
CUDA_FA_ROUTE_ALLOC kernel=MMA_F16 need_f16_K=0 need_f16_V=0 workspace_end_offset=16384 dst_data=(nil) f16_K=(nil) f16_V=(nil) f16_end=0x4000
CUDA_FA_ROUTE_PLAN device=0 Q=[256,1,16,1] Kraw=f16 Vraw=turbo3 Kshape=[256,256,4,1] Vshape=[256,256,4,1] Keff=f16 Veff=f16 turbo_kv=1 prefer_native_vec=0 decode=1 dk=0 dv=1 unsafe_vec_after_turbo_v_decode=0 allow_vec=1 kernel=MMA_F16 need_f16_K=0 need_f16_V=0 Knb=[2,512,131072,524288] Vnb=[50,400,100,102400] Keff_nb=[2,512,131072,524288] Veff_nb=[2,2048,512,524288]
CUDA_FA_ROUTE_ALLOC kernel=MMA_F16 need_f16_K=0 need_f16_V=0 workspace_end_offset=16384 dst_data=(nil) f16_K=(nil) f16_V=(nil) f16_end=0x4000
CUDA_FA_ROUTE_PLAN device=0 Q=[256,1,16,1] Kraw=f16 Vraw=turbo3 Kshape=[256,256,4,1] Vshape=[256,256,4,1] Keff=f16 Veff=f16 turbo_kv=1 prefer_native_vec=0 decode=1 dk=0 dv=1 unsafe_vec_after_turbo_v_decode=0 allow_vec=1 kernel=MMA_F16 need_f16_K=0 need_f16_V=0 Knb=[2,512,131072,524288] Vnb=[50,400,100,102400] Keff_nb=[2,512,131072,524288] Veff_nb=[2,2048,512,524288]
CUDA_FA_ROUTE_ALLOC kernel=MMA_F16 need_f16_K=0 need_f16_V=0 workspace_end_offset=16384 dst_data=(nil) f16_K=(nil) f16_V=(nil) f16_end=0x4000
CUDA_FA_ROUTE_PLAN device=0 Q=[256,1,16,1] Kraw=f16 Vraw=turbo3 Kshape=[256,256,4,1] Vshape=[256,256,4,1] Keff=f16 Veff=f16 turbo_kv=1 prefer_native_vec=0 decode=1 dk=0 dv=1 unsafe_vec_after_turbo_v_decode=0 allow_vec=1 kernel=MMA_F16 need_f16_K=0 need_f16_V=0 Knb=[2,512,131072,524288] Vnb=[50,400,100,102400] Keff_nb=[2,512,131072,524288] Veff_nb=[2,2048,512,524288]
CUDA_FA_ROUTE_ALLOC kernel=MMA_F16 need_f16_K=0 need_f16_V=0 workspace_end_offset=16384 dst_data=(nil) f16_K=(nil) f16_V=(nil) f16_end=0x4000
CUDA_FA_ROUTE_PLAN device=0 Q=[256,1,16,1] Kraw=f16 Vraw=turbo3 Kshape=[256,256,4,1] Vshape=[256,256,4,1] Keff=f16 Veff=f16 turbo_kv=1 prefer_native_vec=0 decode=1 dk=0 dv=1 unsafe_vec_after_turbo_v_decode=0 allow_vec=1 kernel=MMA_F16 need_f16_K=0 need_f16_V=0 Knb=[2,512,131072,524288] Vnb=[50,400,100,102400] Keff_nb=[2,512,131072,524288] Veff_nb=[2,2048,512,524288]
CUDA_FA_ROUTE_ALLOC kernel=MMA_F16 need_f16_K=0 need_f16_V=0 workspace_end_offset=16384 dst_data=(nil) f16_K=(nil) f16_V=(nil) f16_end=0x4000
CUDA_FA_ROUTE_PLAN device=0 Q=[256,1,16,1] Kraw=f16 Vraw=turbo3 Kshape=[256,256,4,1] Vshape=[256,256,4,1] Keff=f16 Veff=f16 turbo_kv=1 prefer_native_vec=0 decode=1 dk=0 dv=1 unsafe_vec_after_turbo_v_decode=0 allow_vec=1 kernel=MMA_F16 need_f16_K=0 need_f16_V=0 Knb=[2,512,131072,524288] Vnb=[50,400,100,102400] Keff_nb=[2,512,131072,524288] Veff_nb=[2,2048,512,524288]
CUDA_FA_ROUTE_ALLOC kernel=MMA_F16 need_f16_K=0 need_f16_V=0 workspace_end_offset=16384 dst_data=(nil) f16_K=(nil) f16_V=(nil) f16_end=0x4000
CUDA_FA_ROUTE_PLAN device=0 Q=[256,1,16,1] Kraw=f16 Vraw=turbo3 Kshape=[256,256,4,1] Vshape=[256,256,4,1] Keff=f16 Veff=f16 turbo_kv=1 prefer_native_vec=0 decode=1 dk=0 dv=1 unsafe_vec_after_turbo_v_decode=0 allow_vec=1 kernel=MMA_F16 need_f16_K=0 need_f16_V=0 Knb=[2,512,131072,524288] Vnb=[50,400,100,102400] Keff_nb=[2,512,131072,524288] Veff_nb=[2,2048,512,524288]
GGML_TURBO_FA_DEBUG: path=decode-dequant-or-vec K=f16 V=turbo3 Q=[256,1,16,1] K=[256,256,4,1] V=[256,256,4,1] prefill_safe=1 can_make_f16_K=1 can_make_f16_V=1 turbo_k_classic_v_prefill=0 vec_override=0 batch_ok=0 dim_ok=1 turing_mma=1
CUDA_FA_ROUTE_EXEC_BEGIN Q=[256,1,16,1] Kraw=f16 Vraw=turbo3 decode=1 dk=0 dv=1 allow_vec=1 kernel=MMA_F16 need_f16_K=0 need_f16_V=0 Kdata=0x7ff340068c80 Vdata=0x7ff20e300000 dst=0x7ff340000000
CUDA_FA_ROUTE_EXEC_DISPATCH Qrun=f32 Q=[256,1,16,1] Qdata=0x7ff340054c80 Krun=f16 K=[256,256,4,1] Kdata=0x7ff340068c80 Knb=[2,512,131072,524288] Vrun=f16 V=[256,256,4,1] Vdata=0x7ff35b200000 Vnb=[2,2048,512,524288] kernel=MMA_F16 compiled_pair=1
CUDA_FA_ROUTE_PLAN device=0 Q=[256,1,16,1] Kraw=f16 Vraw=turbo3 Kshape=[256,256,4,1] Vshape=[256,256,4,1] Keff=f16 Veff=f16 turbo_kv=1 prefer_native_vec=0 decode=1 dk=0 dv=1 unsafe_vec_after_turbo_v_decode=0 allow_vec=1 kernel=MMA_F16 need_f16_K=0 need_f16_V=0 Knb=[2,512,131072,524288] Vnb=[50,400,100,102400] Keff_nb=[2,512,131072,524288] Veff_nb=[2,2048,512,524288]
GGML_TURBO_FA_DEBUG: path=decode-dequant-or-vec K=f16 V=turbo3 Q=[256,1,16,1] K=[256,256,4,1] V=[256,256,4,1] prefill_safe=1 can_make_f16_K=1 can_make_f16_V=1 turbo_k_classic_v_prefill=0 vec_override=0 batch_ok=0 dim_ok=1 turing_mma=1
CUDA_FA_ROUTE_EXEC_BEGIN Q=[256,1,16,1] Kraw=f16 Vraw=turbo3 decode=1 dk=0 dv=1 allow_vec=1 kernel=MMA_F16 need_f16_K=0 need_f16_V=0 Kdata=0x7ff340068c80 Vdata=0x7ff20e419000 dst=0x7ff340014000
CUDA_FA_ROUTE_EXEC_DISPATCH Qrun=f32 Q=[256,1,16,1] Qdata=0x7ff340054c80 Krun=f16 K=[256,256,4,1] Kdata=0x7ff340068c80 Knb=[2,512,131072,524288] Vrun=f16 V=[256,256,4,1] Vdata=0x7ff35b200000 Vnb=[2,2048,512,524288] kernel=MMA_F16 compiled_pair=1
CUDA_FA_ROUTE_PLAN device=0 Q=[256,1,16,1] Kraw=f16 Vraw=turbo3 Kshape=[256,256,4,1] Vshape=[256,256,4,1] Keff=f16 Veff=f16 turbo_kv=1 prefer_native_vec=0 decode=1 dk=0 dv=1 unsafe_vec_after_turbo_v_decode=0 allow_vec=1 kernel=MMA_F16 need_f16_K=0 need_f16_V=0 Knb=[2,512,131072,524288] Vnb=[50,400,100,102400] Keff_nb=[2,512,131072,524288] Veff_nb=[2,2048,512,524288]
GGML_TURBO_FA_DEBUG: path=decode-dequant-or-vec K=f16 V=turbo3 Q=[256,1,16,1] K=[256,256,4,1] V=[256,256,4,1] prefill_safe=1 can_make_f16_K=1 can_make_f16_V=1 turbo_k_classic_v_prefill=0 vec_override=0 batch_ok=0 dim_ok=1 turing_mma=1
CUDA_FA_ROUTE_EXEC_BEGIN Q=[256,1,16,1] Kraw=f16 Vraw=turbo3 decode=1 dk=0 dv=1 allow_vec=1 kernel=MMA_F16 need_f16_K=0 need_f16_V=0 Kdata=0x7ff340068c80 Vdata=0x7ff20e532000 dst=0x7ff340000000
CUDA_FA_ROUTE_EXEC_DISPATCH Qrun=f32 Q=[256,1,16,1] Qdata=0x7ff340054c80 Krun=f16 K=[256,256,4,1] Kdata=0x7ff340068c80 Knb=[2,512,131072,524288] Vrun=f16 V=[256,256,4,1] Vdata=0x7ff35b200000 Vnb=[2,2048,512,524288] kernel=MMA_F16 compiled_pair=1
CUDA_FA_ROUTE_PLAN device=0 Q=[256,1,16,1] Kraw=f16 Vraw=turbo3 Kshape=[256,256,4,1] Vshape=[256,256,4,1] Keff=f16 Veff=f16 turbo_kv=1 prefer_native_vec=0 decode=1 dk=0 dv=1 unsafe_vec_after_turbo_v_decode=0 allow_vec=1 kernel=MMA_F16 need_f16_K=0 need_f16_V=0 Knb=[2,512,131072,524288] Vnb=[50,400,100,102400] Keff_nb=[2,512,131072,524288] Veff_nb=[2,2048,512,524288]
GGML_TURBO_FA_DEBUG: path=decode-dequant-or-vec K=f16 V=turbo3 Q=[256,1,16,1] K=[256,256,4,1] V=[256,256,4,1] prefill_safe=1 can_make_f16_K=1 can_make_f16_V=1 turbo_k_classic_v_prefill=0 vec_override=0 batch_ok=0 dim_ok=1 turing_mma=1
CUDA_FA_ROUTE_EXEC_BEGIN Q=[256,1,16,1] Kraw=f16 Vraw=turbo3 decode=1 dk=0 dv=1 allow_vec=1 kernel=MMA_F16 need_f16_K=0 need_f16_V=0 Kdata=0x7ff340068c80 Vdata=0x7ff20e64b000 dst=0x7ff340014000
CUDA_FA_ROUTE_EXEC_DISPATCH Qrun=f32 Q=[256,1,16,1] Qdata=0x7ff340054c80 Krun=f16 K=[256,256,4,1] Kdata=0x7ff340068c80 Knb=[2,512,131072,524288] Vrun=f16 V=[256,256,4,1] Vdata=0x7ff35b200000 Vnb=[2,2048,512,524288] kernel=MMA_F16 compiled_pair=1
CUDA_FA_ROUTE_PLAN device=0 Q=[256,1,16,1] Kraw=f16 Vraw=turbo3 Kshape=[256,256,4,1] Vshape=[256,256,4,1] Keff=f16 Veff=f16 turbo_kv=1 prefer_native_vec=0 decode=1 dk=0 dv=1 unsafe_vec_after_turbo_v_decode=0 allow_vec=1 kernel=MMA_F16 need_f16_K=0 need_f16_V=0 Knb=[2,512,131072,524288] Vnb=[50,400,100,102400] Keff_nb=[2,512,131072,524288] Veff_nb=[2,2048,512,524288]
GGML_TURBO_FA_DEBUG: path=decode-dequant-or-vec K=f16 V=turbo3 Q=[256,1,16,1] K=[256,256,4,1] V=[256,256,4,1] prefill_safe=1 can_make_f16_K=1 can_make_f16_V=1 turbo_k_classic_v_prefill=0 vec_override=0 batch_ok=0 dim_ok=1 turing_mma=1
CUDA_FA_ROUTE_EXEC_BEGIN Q=[256,1,16,1] Kraw=f16 Vraw=turbo3 decode=1 dk=0 dv=1 allow_vec=1 kernel=MMA_F16 need_f16_K=0 need_f16_V=0 Kdata=0x7ff340068c80 Vdata=0x7ff20e764000 dst=0x7ff340000000
CUDA_FA_ROUTE_EXEC_DISPATCH Qrun=f32 Q=[256,1,16,1] Qdata=0x7ff340054c80 Krun=f16 K=[256,256,4,1] Kdata=0x7ff340068c80 Knb=[2,512,131072,524288] Vrun=f16 V=[256,256,4,1] Vdata=0x7ff35b200000 Vnb=[2,2048,512,524288] kernel=MMA_F16 compiled_pair=1
CUDA_FA_ROUTE_PLAN device=0 Q=[256,1,16,1] Kraw=f16 Vraw=turbo3 Kshape=[256,256,4,1] Vshape=[256,256,4,1] Keff=f16 Veff=f16 turbo_kv=1 prefer_native_vec=0 decode=1 dk=0 dv=1 unsafe_vec_after_turbo_v_decode=0 allow_vec=1 kernel=MMA_F16 need_f16_K=0 need_f16_V=0 Knb=[2,512,131072,524288] Vnb=[50,400,100,102400] Keff_nb=[2,512,131072,524288] Veff_nb=[2,2048,512,524288]
GGML_TURBO_FA_DEBUG: path=decode-dequant-or-vec K=f16 V=turbo3 Q=[256,1,16,1] K=[256,256,4,1] V=[256,256,4,1] prefill_safe=1 can_make_f16_K=1 can_make_f16_V=1 turbo_k_classic_v_prefill=0 vec_override=0 batch_ok=0 dim_ok=1 turing_mma=1
CUDA_FA_ROUTE_EXEC_BEGIN Q=[256,1,16,1] Kraw=f16 Vraw=turbo3 decode=1 dk=0 dv=1 allow_vec=1 kernel=MMA_F16 need_f16_K=0 need_f16_V=0 Kdata=0x7ff340068c80 Vdata=0x7ff20e87d000 dst=0x7ff340014000
CUDA_FA_ROUTE_EXEC_DISPATCH Qrun=f32 Q=[256,1,16,1] Qdata=0x7ff340054c80 Krun=f16 K=[256,256,4,1] Kdata=0x7ff340068c80 Knb=[2,512,131072,524288] Vrun=f16 V=[256,256,4,1] Vdata=0x7ff35b200000 Vnb=[2,2048,512,524288] kernel=MMA_F16 compiled_pair=1
CUDA_FA_ROUTE_PLAN device=0 Q=[256,1,16,1] Kraw=f16 Vraw=turbo3 Kshape=[256,256,4,1] Vshape=[256,256,4,1] Keff=f16 Veff=f16 turbo_kv=1 prefer_native_vec=0 decode=1 dk=0 dv=1 unsafe_vec_after_turbo_v_decode=0 allow_vec=1 kernel=MMA_F16 need_f16_K=0 need_f16_V=0 Knb=[2,512,131072,524288] Vnb=[50,400,100,102400] Keff_nb=[2,512,131072,524288] Veff_nb=[2,2048,512,524288]
GGML_TURBO_FA_DEBUG: path=decode-dequant-or-vec K=f16 V=turbo3 Q=[256,1,16,1] K=[256,256,4,1] V=[256,256,4,1] prefill_safe=1 can_make_f16_K=1 can_make_f16_V=1 turbo_k_classic_v_prefill=0 vec_override=0 batch_ok=0 dim_ok=1 turing_mma=1
CUDA_FA_ROUTE_EXEC_BEGIN Q=[256,1,16,1] Kraw=f16 Vraw=turbo3 decode=1 dk=0 dv=1 allow_vec=1 kernel=MMA_F16 need_f16_K=0 need_f16_V=0 Kdata=0x7ff340068c80 Vdata=0x7ff20e996000 dst=0x7ff340000000
CUDA_FA_ROUTE_EXEC_DISPATCH Qrun=f32 Q=[256,1,16,1] Qdata=0x7ff340054c80 Krun=f16 K=[256,256,4,1] Kdata=0x7ff340068c80 Knb=[2,512,131072,524288] Vrun=f16 V=[256,256,4,1] Vdata=0x7ff35b200000 Vnb=[2,2048,512,524288] kernel=MMA_F16 compiled_pair=1
CUDA_FA_ROUTE_PLAN device=0 Q=[256,1,16,1] Kraw=f16 Vraw=turbo3 Kshape=[256,256,4,1] Vshape=[256,256,4,1] Keff=f16 Veff=f16 turbo_kv=1 prefer_native_vec=0 decode=1 dk=0 dv=1 unsafe_vec_after_turbo_v_decode=0 allow_vec=1 kernel=MMA_F16 need_f16_K=0 need_f16_V=0 Knb=[2,512,131072,524288] Vnb=[50,400,100,102400] Keff_nb=[2,512,131072,524288] Veff_nb=[2,2048,512,524288]
GGML_TURBO_FA_DEBUG: path=decode-dequant-or-vec K=f16 V=turbo3 Q=[256,1,16,1] K=[256,256,4,1] V=[256,256,4,1] prefill_safe=1 can_make_f16_K=1 can_make_f16_V=1 turbo_k_classic_v_prefill=0 vec_override=0 batch_ok=0 dim_ok=1 turing_mma=1
CUDA_FA_ROUTE_EXEC_BEGIN Q=[256,1,16,1] Kraw=f16 Vraw=turbo3 decode=1 dk=0 dv=1 allow_vec=1 kernel=MMA_F16 need_f16_K=0 need_f16_V=0 Kdata=0x7ff340068c80 Vdata=0x7ff20eaaf000 dst=0x7ff340014000
CUDA_FA_ROUTE_EXEC_DISPATCH Qrun=f32 Q=[256,1,16,1] Qdata=0x7ff340054c80 Krun=f16 K=[256,256,4,1] Kdata=0x7ff340068c80 Knb=[2,512,131072,524288] Vrun=f16 V=[256,256,4,1] Vdata=0x7ff35b200000 Vnb=[2,2048,512,524288] kernel=MMA_F16 compiled_pair=1
.

0.03.021.030 I common_perf_print:    sampling time =       1.63 ms
0.03.021.032 I common_perf_print:    samplers time =       0.30 ms /     7 tokens
0.03.021.036 I common_perf_print:        load time =    1082.40 ms
0.03.021.037 I common_perf_print: prompt eval time =      45.93 ms /     5 tokens (    9.19 ms per token,   108.85 tokens per second)
0.03.021.037 I common_perf_print:        eval time =      26.75 ms /     1 runs   (   26.75 ms per token,    37.38 tokens per second)
0.03.021.037 I common_perf_print:       total time =      74.52 ms /     6 tokens
0.03.021.038 I common_perf_print: unaccounted time =       0.21 ms /   0.3 %      (total - sampling - prompt eval - eval) / (total)
0.03.021.038 I common_perf_print:    graphs reused =          0
