0.00.014.873 I llama_completion: llama backend init
0.00.014.880 I llama_completion: load the model and apply lora adapter, if any
CUDA_FA_ROUTE_PLAN device=0 Q=[256,1,16,1] Kraw=q4_0 Vraw=turbo3 Kshape=[256,256,4,1] Vshape=[256,256,4,1] Keff=q4_0 Veff=f16 turbo_kv=1 prefer_native_vec=0 decode=1 dk=0 dv=1 unsafe_vec_after_turbo_v_decode=1 allow_vec=0 kernel=MMA_F16 need_f16_K=1 need_f16_V=0 Knb=[18,576,144,147456] Vnb=[50,400,100,102400] Keff_nb=[18,576,144,147456] Veff_nb=[2,2048,512,524288]
CUDA_FA_ROUTE_SUPPORTED kernel=MMA_F16 effK=q4_0 effV=f16 supported=1
CUDA_FA_ROUTE_PLAN device=0 Q=[256,1,16,1] Kraw=q4_0 Vraw=turbo3 Kshape=[256,256,4,1] Vshape=[256,256,4,1] Keff=q4_0 Veff=f16 turbo_kv=1 prefer_native_vec=0 decode=1 dk=0 dv=1 unsafe_vec_after_turbo_v_decode=1 allow_vec=0 kernel=MMA_F16 need_f16_K=1 need_f16_V=0 Knb=[18,576,144,147456] Vnb=[50,400,100,102400] Keff_nb=[18,576,144,147456] Veff_nb=[2,2048,512,524288]
CUDA_FA_ROUTE_SUPPORTED kernel=MMA_F16 effK=q4_0 effV=f16 supported=1
CUDA_FA_ROUTE_PLAN device=0 Q=[256,1,16,1] Kraw=q4_0 Vraw=turbo3 Kshape=[256,256,4,1] Vshape=[256,256,4,1] Keff=q4_0 Veff=f16 turbo_kv=1 prefer_native_vec=0 decode=1 dk=0 dv=1 unsafe_vec_after_turbo_v_decode=1 allow_vec=0 kernel=MMA_F16 need_f16_K=1 need_f16_V=0 Knb=[18,576,144,147456] Vnb=[50,400,100,102400] Keff_nb=[18,576,144,147456] Veff_nb=[2,2048,512,524288]
CUDA_FA_ROUTE_SUPPORTED kernel=MMA_F16 effK=q4_0 effV=f16 supported=1
CUDA_FA_ROUTE_PLAN device=0 Q=[256,1,16,1] Kraw=q4_0 Vraw=turbo3 Kshape=[256,256,4,1] Vshape=[256,256,4,1] Keff=q4_0 Veff=f16 turbo_kv=1 prefer_native_vec=0 decode=1 dk=0 dv=1 unsafe_vec_after_turbo_v_decode=1 allow_vec=0 kernel=MMA_F16 need_f16_K=1 need_f16_V=0 Knb=[18,576,144,147456] Vnb=[50,400,100,102400] Keff_nb=[18,576,144,147456] Veff_nb=[2,2048,512,524288]
CUDA_FA_ROUTE_SUPPORTED kernel=MMA_F16 effK=q4_0 effV=f16 supported=1
CUDA_FA_ROUTE_PLAN device=0 Q=[256,1,16,1] Kraw=q4_0 Vraw=turbo3 Kshape=[256,256,4,1] Vshape=[256,256,4,1] Keff=q4_0 Veff=f16 turbo_kv=1 prefer_native_vec=0 decode=1 dk=0 dv=1 unsafe_vec_after_turbo_v_decode=1 allow_vec=0 kernel=MMA_F16 need_f16_K=1 need_f16_V=0 Knb=[18,576,144,147456] Vnb=[50,400,100,102400] Keff_nb=[18,576,144,147456] Veff_nb=[2,2048,512,524288]
CUDA_FA_ROUTE_SUPPORTED kernel=MMA_F16 effK=q4_0 effV=f16 supported=1
CUDA_FA_ROUTE_PLAN device=0 Q=[256,1,16,1] Kraw=q4_0 Vraw=turbo3 Kshape=[256,256,4,1] Vshape=[256,256,4,1] Keff=q4_0 Veff=f16 turbo_kv=1 prefer_native_vec=0 decode=1 dk=0 dv=1 unsafe_vec_after_turbo_v_decode=1 allow_vec=0 kernel=MMA_F16 need_f16_K=1 need_f16_V=0 Knb=[18,576,144,147456] Vnb=[50,400,100,102400] Keff_nb=[18,576,144,147456] Veff_nb=[2,2048,512,524288]
CUDA_FA_ROUTE_SUPPORTED kernel=MMA_F16 effK=q4_0 effV=f16 supported=1
CUDA_FA_ROUTE_PLAN device=0 Q=[256,1,16,1] Kraw=q4_0 Vraw=turbo3 Kshape=[256,256,4,1] Vshape=[256,256,4,1] Keff=q4_0 Veff=f16 turbo_kv=1 prefer_native_vec=0 decode=1 dk=0 dv=1 unsafe_vec_after_turbo_v_decode=1 allow_vec=0 kernel=MMA_F16 need_f16_K=1 need_f16_V=0 Knb=[18,576,144,147456] Vnb=[50,400,100,102400] Keff_nb=[18,576,144,147456] Veff_nb=[2,2048,512,524288]
CUDA_FA_ROUTE_SUPPORTED kernel=MMA_F16 effK=q4_0 effV=f16 supported=1
CUDA_FA_ROUTE_PLAN device=0 Q=[256,1,16,1] Kraw=q4_0 Vraw=turbo3 Kshape=[256,256,4,1] Vshape=[256,256,4,1] Keff=q4_0 Veff=f16 turbo_kv=1 prefer_native_vec=0 decode=1 dk=0 dv=1 unsafe_vec_after_turbo_v_decode=1 allow_vec=0 kernel=MMA_F16 need_f16_K=1 need_f16_V=0 Knb=[18,576,144,147456] Vnb=[50,400,100,102400] Keff_nb=[18,576,144,147456] Veff_nb=[2,2048,512,524288]
CUDA_FA_ROUTE_SUPPORTED kernel=MMA_F16 effK=q4_0 effV=f16 supported=1
CUDA_FA_ROUTE_PLAN device=0 Q=[256,16,16,1] Kraw=q4_0 Vraw=turbo3 Kshape=[256,256,4,1] Vshape=[256,256,4,1] Keff=q4_0 Veff=f16 turbo_kv=1 prefer_native_vec=0 decode=1 dk=0 dv=1 unsafe_vec_after_turbo_v_decode=1 allow_vec=0 kernel=MMA_F16 need_f16_K=1 need_f16_V=0 Knb=[18,576,144,147456] Vnb=[50,400,100,102400] Keff_nb=[18,576,144,147456] Veff_nb=[2,2048,512,524288]
CUDA_FA_ROUTE_SUPPORTED kernel=MMA_F16 effK=q4_0 effV=f16 supported=1
CUDA_FA_ROUTE_PLAN device=0 Q=[256,16,16,1] Kraw=q4_0 Vraw=turbo3 Kshape=[256,256,4,1] Vshape=[256,256,4,1] Keff=q4_0 Veff=f16 turbo_kv=1 prefer_native_vec=0 decode=1 dk=0 dv=1 unsafe_vec_after_turbo_v_decode=1 allow_vec=0 kernel=MMA_F16 need_f16_K=1 need_f16_V=0 Knb=[18,576,144,147456] Vnb=[50,400,100,102400] Keff_nb=[18,576,144,147456] Veff_nb=[2,2048,512,524288]
CUDA_FA_ROUTE_SUPPORTED kernel=MMA_F16 effK=q4_0 effV=f16 supported=1
CUDA_FA_ROUTE_PLAN device=0 Q=[256,16,16,1] Kraw=q4_0 Vraw=turbo3 Kshape=[256,256,4,1] Vshape=[256,256,4,1] Keff=q4_0 Veff=f16 turbo_kv=1 prefer_native_vec=0 decode=1 dk=0 dv=1 unsafe_vec_after_turbo_v_decode=1 allow_vec=0 kernel=MMA_F16 need_f16_K=1 need_f16_V=0 Knb=[18,576,144,147456] Vnb=[50,400,100,102400] Keff_nb=[18,576,144,147456] Veff_nb=[2,2048,512,524288]
CUDA_FA_ROUTE_SUPPORTED kernel=MMA_F16 effK=q4_0 effV=f16 supported=1
CUDA_FA_ROUTE_PLAN device=0 Q=[256,16,16,1] Kraw=q4_0 Vraw=turbo3 Kshape=[256,256,4,1] Vshape=[256,256,4,1] Keff=q4_0 Veff=f16 turbo_kv=1 prefer_native_vec=0 decode=1 dk=0 dv=1 unsafe_vec_after_turbo_v_decode=1 allow_vec=0 kernel=MMA_F16 need_f16_K=1 need_f16_V=0 Knb=[18,576,144,147456] Vnb=[50,400,100,102400] Keff_nb=[18,576,144,147456] Veff_nb=[2,2048,512,524288]
CUDA_FA_ROUTE_SUPPORTED kernel=MMA_F16 effK=q4_0 effV=f16 supported=1
CUDA_FA_ROUTE_PLAN device=0 Q=[256,16,16,1] Kraw=q4_0 Vraw=turbo3 Kshape=[256,256,4,1] Vshape=[256,256,4,1] Keff=q4_0 Veff=f16 turbo_kv=1 prefer_native_vec=0 decode=1 dk=0 dv=1 unsafe_vec_after_turbo_v_decode=1 allow_vec=0 kernel=MMA_F16 need_f16_K=1 need_f16_V=0 Knb=[18,576,144,147456] Vnb=[50,400,100,102400] Keff_nb=[18,576,144,147456] Veff_nb=[2,2048,512,524288]
CUDA_FA_ROUTE_SUPPORTED kernel=MMA_F16 effK=q4_0 effV=f16 supported=1
CUDA_FA_ROUTE_PLAN device=0 Q=[256,16,16,1] Kraw=q4_0 Vraw=turbo3 Kshape=[256,256,4,1] Vshape=[256,256,4,1] Keff=q4_0 Veff=f16 turbo_kv=1 prefer_native_vec=0 decode=1 dk=0 dv=1 unsafe_vec_after_turbo_v_decode=1 allow_vec=0 kernel=MMA_F16 need_f16_K=1 need_f16_V=0 Knb=[18,576,144,147456] Vnb=[50,400,100,102400] Keff_nb=[18,576,144,147456] Veff_nb=[2,2048,512,524288]
CUDA_FA_ROUTE_SUPPORTED kernel=MMA_F16 effK=q4_0 effV=f16 supported=1
CUDA_FA_ROUTE_PLAN device=0 Q=[256,16,16,1] Kraw=q4_0 Vraw=turbo3 Kshape=[256,256,4,1] Vshape=[256,256,4,1] Keff=q4_0 Veff=f16 turbo_kv=1 prefer_native_vec=0 decode=1 dk=0 dv=1 unsafe_vec_after_turbo_v_decode=1 allow_vec=0 kernel=MMA_F16 need_f16_K=1 need_f16_V=0 Knb=[18,576,144,147456] Vnb=[50,400,100,102400] Keff_nb=[18,576,144,147456] Veff_nb=[2,2048,512,524288]
CUDA_FA_ROUTE_SUPPORTED kernel=MMA_F16 effK=q4_0 effV=f16 supported=1
CUDA_FA_ROUTE_PLAN device=0 Q=[256,16,16,1] Kraw=q4_0 Vraw=turbo3 Kshape=[256,256,4,1] Vshape=[256,256,4,1] Keff=q4_0 Veff=f16 turbo_kv=1 prefer_native_vec=0 decode=1 dk=0 dv=1 unsafe_vec_after_turbo_v_decode=1 allow_vec=0 kernel=MMA_F16 need_f16_K=1 need_f16_V=0 Knb=[18,576,144,147456] Vnb=[50,400,100,102400] Keff_nb=[18,576,144,147456] Veff_nb=[2,2048,512,524288]
CUDA_FA_ROUTE_SUPPORTED kernel=MMA_F16 effK=q4_0 effV=f16 supported=1
CUDA_FA_ROUTE_PLAN device=0 Q=[256,1,16,1] Kraw=q4_0 Vraw=turbo3 Kshape=[256,256,4,1] Vshape=[256,256,4,1] Keff=q4_0 Veff=f16 turbo_kv=1 prefer_native_vec=0 decode=1 dk=0 dv=1 unsafe_vec_after_turbo_v_decode=1 allow_vec=0 kernel=MMA_F16 need_f16_K=1 need_f16_V=0 Knb=[18,576,144,147456] Vnb=[50,400,100,102400] Keff_nb=[18,576,144,147456] Veff_nb=[2,2048,512,524288]
CUDA_FA_ROUTE_SUPPORTED kernel=MMA_F16 effK=q4_0 effV=f16 supported=1
CUDA_FA_ROUTE_PLAN device=0 Q=[256,1,16,1] Kraw=q4_0 Vraw=turbo3 Kshape=[256,256,4,1] Vshape=[256,256,4,1] Keff=q4_0 Veff=f16 turbo_kv=1 prefer_native_vec=0 decode=1 dk=0 dv=1 unsafe_vec_after_turbo_v_decode=1 allow_vec=0 kernel=MMA_F16 need_f16_K=1 need_f16_V=0 Knb=[18,576,144,147456] Vnb=[50,400,100,102400] Keff_nb=[18,576,144,147456] Veff_nb=[2,2048,512,524288]
CUDA_FA_ROUTE_SUPPORTED kernel=MMA_F16 effK=q4_0 effV=f16 supported=1
CUDA_FA_ROUTE_PLAN device=0 Q=[256,1,16,1] Kraw=q4_0 Vraw=turbo3 Kshape=[256,256,4,1] Vshape=[256,256,4,1] Keff=q4_0 Veff=f16 turbo_kv=1 prefer_native_vec=0 decode=1 dk=0 dv=1 unsafe_vec_after_turbo_v_decode=1 allow_vec=0 kernel=MMA_F16 need_f16_K=1 need_f16_V=0 Knb=[18,576,144,147456] Vnb=[50,400,100,102400] Keff_nb=[18,576,144,147456] Veff_nb=[2,2048,512,524288]
CUDA_FA_ROUTE_SUPPORTED kernel=MMA_F16 effK=q4_0 effV=f16 supported=1
CUDA_FA_ROUTE_PLAN device=0 Q=[256,1,16,1] Kraw=q4_0 Vraw=turbo3 Kshape=[256,256,4,1] Vshape=[256,256,4,1] Keff=q4_0 Veff=f16 turbo_kv=1 prefer_native_vec=0 decode=1 dk=0 dv=1 unsafe_vec_after_turbo_v_decode=1 allow_vec=0 kernel=MMA_F16 need_f16_K=1 need_f16_V=0 Knb=[18,576,144,147456] Vnb=[50,400,100,102400] Keff_nb=[18,576,144,147456] Veff_nb=[2,2048,512,524288]
CUDA_FA_ROUTE_SUPPORTED kernel=MMA_F16 effK=q4_0 effV=f16 supported=1
CUDA_FA_ROUTE_PLAN device=0 Q=[256,1,16,1] Kraw=q4_0 Vraw=turbo3 Kshape=[256,256,4,1] Vshape=[256,256,4,1] Keff=q4_0 Veff=f16 turbo_kv=1 prefer_native_vec=0 decode=1 dk=0 dv=1 unsafe_vec_after_turbo_v_decode=1 allow_vec=0 kernel=MMA_F16 need_f16_K=1 need_f16_V=0 Knb=[18,576,144,147456] Vnb=[50,400,100,102400] Keff_nb=[18,576,144,147456] Veff_nb=[2,2048,512,524288]
CUDA_FA_ROUTE_SUPPORTED kernel=MMA_F16 effK=q4_0 effV=f16 supported=1
CUDA_FA_ROUTE_PLAN device=0 Q=[256,1,16,1] Kraw=q4_0 Vraw=turbo3 Kshape=[256,256,4,1] Vshape=[256,256,4,1] Keff=q4_0 Veff=f16 turbo_kv=1 prefer_native_vec=0 decode=1 dk=0 dv=1 unsafe_vec_after_turbo_v_decode=1 allow_vec=0 kernel=MMA_F16 need_f16_K=1 need_f16_V=0 Knb=[18,576,144,147456] Vnb=[50,400,100,102400] Keff_nb=[18,576,144,147456] Veff_nb=[2,2048,512,524288]
CUDA_FA_ROUTE_SUPPORTED kernel=MMA_F16 effK=q4_0 effV=f16 supported=1
CUDA_FA_ROUTE_PLAN device=0 Q=[256,1,16,1] Kraw=q4_0 Vraw=turbo3 Kshape=[256,256,4,1] Vshape=[256,256,4,1] Keff=q4_0 Veff=f16 turbo_kv=1 prefer_native_vec=0 decode=1 dk=0 dv=1 unsafe_vec_after_turbo_v_decode=1 allow_vec=0 kernel=MMA_F16 need_f16_K=1 need_f16_V=0 Knb=[18,576,144,147456] Vnb=[50,400,100,102400] Keff_nb=[18,576,144,147456] Veff_nb=[2,2048,512,524288]
CUDA_FA_ROUTE_SUPPORTED kernel=MMA_F16 effK=q4_0 effV=f16 supported=1
CUDA_FA_ROUTE_PLAN device=0 Q=[256,1,16,1] Kraw=q4_0 Vraw=turbo3 Kshape=[256,256,4,1] Vshape=[256,256,4,1] Keff=q4_0 Veff=f16 turbo_kv=1 prefer_native_vec=0 decode=1 dk=0 dv=1 unsafe_vec_after_turbo_v_decode=1 allow_vec=0 kernel=MMA_F16 need_f16_K=1 need_f16_V=0 Knb=[18,576,144,147456] Vnb=[50,400,100,102400] Keff_nb=[18,576,144,147456] Veff_nb=[2,2048,512,524288]
CUDA_FA_ROUTE_SUPPORTED kernel=MMA_F16 effK=q4_0 effV=f16 supported=1
CUDA_FA_ROUTE_PLAN device=0 Q=[256,256,16,1] Kraw=q4_0 Vraw=turbo3 Kshape=[256,256,4,1] Vshape=[256,256,4,1] Keff=q4_0 Veff=f16 turbo_kv=1 prefer_native_vec=0 decode=1 dk=0 dv=1 unsafe_vec_after_turbo_v_decode=1 allow_vec=0 kernel=MMA_F16 need_f16_K=1 need_f16_V=0 Knb=[18,576,144,147456] Vnb=[50,400,100,102400] Keff_nb=[18,576,144,147456] Veff_nb=[2,2048,512,524288]
CUDA_FA_ROUTE_SUPPORTED kernel=MMA_F16 effK=q4_0 effV=f16 supported=1
CUDA_FA_ROUTE_PLAN device=0 Q=[256,256,16,1] Kraw=q4_0 Vraw=turbo3 Kshape=[256,256,4,1] Vshape=[256,256,4,1] Keff=q4_0 Veff=f16 turbo_kv=1 prefer_native_vec=0 decode=1 dk=0 dv=1 unsafe_vec_after_turbo_v_decode=1 allow_vec=0 kernel=MMA_F16 need_f16_K=1 need_f16_V=0 Knb=[18,576,144,147456] Vnb=[50,400,100,102400] Keff_nb=[18,576,144,147456] Veff_nb=[2,2048,512,524288]
CUDA_FA_ROUTE_SUPPORTED kernel=MMA_F16 effK=q4_0 effV=f16 supported=1
CUDA_FA_ROUTE_PLAN device=0 Q=[256,256,16,1] Kraw=q4_0 Vraw=turbo3 Kshape=[256,256,4,1] Vshape=[256,256,4,1] Keff=q4_0 Veff=f16 turbo_kv=1 prefer_native_vec=0 decode=1 dk=0 dv=1 unsafe_vec_after_turbo_v_decode=1 allow_vec=0 kernel=MMA_F16 need_f16_K=1 need_f16_V=0 Knb=[18,576,144,147456] Vnb=[50,400,100,102400] Keff_nb=[18,576,144,147456] Veff_nb=[2,2048,512,524288]
CUDA_FA_ROUTE_SUPPORTED kernel=MMA_F16 effK=q4_0 effV=f16 supported=1
CUDA_FA_ROUTE_PLAN device=0 Q=[256,256,16,1] Kraw=q4_0 Vraw=turbo3 Kshape=[256,256,4,1] Vshape=[256,256,4,1] Keff=q4_0 Veff=f16 turbo_kv=1 prefer_native_vec=0 decode=1 dk=0 dv=1 unsafe_vec_after_turbo_v_decode=1 allow_vec=0 kernel=MMA_F16 need_f16_K=1 need_f16_V=0 Knb=[18,576,144,147456] Vnb=[50,400,100,102400] Keff_nb=[18,576,144,147456] Veff_nb=[2,2048,512,524288]
CUDA_FA_ROUTE_SUPPORTED kernel=MMA_F16 effK=q4_0 effV=f16 supported=1
CUDA_FA_ROUTE_PLAN device=0 Q=[256,256,16,1] Kraw=q4_0 Vraw=turbo3 Kshape=[256,256,4,1] Vshape=[256,256,4,1] Keff=q4_0 Veff=f16 turbo_kv=1 prefer_native_vec=0 decode=1 dk=0 dv=1 unsafe_vec_after_turbo_v_decode=1 allow_vec=0 kernel=MMA_F16 need_f16_K=1 need_f16_V=0 Knb=[18,576,144,147456] Vnb=[50,400,100,102400] Keff_nb=[18,576,144,147456] Veff_nb=[2,2048,512,524288]
CUDA_FA_ROUTE_SUPPORTED kernel=MMA_F16 effK=q4_0 effV=f16 supported=1
CUDA_FA_ROUTE_PLAN device=0 Q=[256,256,16,1] Kraw=q4_0 Vraw=turbo3 Kshape=[256,256,4,1] Vshape=[256,256,4,1] Keff=q4_0 Veff=f16 turbo_kv=1 prefer_native_vec=0 decode=1 dk=0 dv=1 unsafe_vec_after_turbo_v_decode=1 allow_vec=0 kernel=MMA_F16 need_f16_K=1 need_f16_V=0 Knb=[18,576,144,147456] Vnb=[50,400,100,102400] Keff_nb=[18,576,144,147456] Veff_nb=[2,2048,512,524288]
CUDA_FA_ROUTE_SUPPORTED kernel=MMA_F16 effK=q4_0 effV=f16 supported=1
CUDA_FA_ROUTE_PLAN device=0 Q=[256,256,16,1] Kraw=q4_0 Vraw=turbo3 Kshape=[256,256,4,1] Vshape=[256,256,4,1] Keff=q4_0 Veff=f16 turbo_kv=1 prefer_native_vec=0 decode=1 dk=0 dv=1 unsafe_vec_after_turbo_v_decode=1 allow_vec=0 kernel=MMA_F16 need_f16_K=1 need_f16_V=0 Knb=[18,576,144,147456] Vnb=[50,400,100,102400] Keff_nb=[18,576,144,147456] Veff_nb=[2,2048,512,524288]
CUDA_FA_ROUTE_SUPPORTED kernel=MMA_F16 effK=q4_0 effV=f16 supported=1
CUDA_FA_ROUTE_PLAN device=0 Q=[256,256,16,1] Kraw=q4_0 Vraw=turbo3 Kshape=[256,256,4,1] Vshape=[256,256,4,1] Keff=q4_0 Veff=f16 turbo_kv=1 prefer_native_vec=0 decode=1 dk=0 dv=1 unsafe_vec_after_turbo_v_decode=1 allow_vec=0 kernel=MMA_F16 need_f16_K=1 need_f16_V=0 Knb=[18,576,144,147456] Vnb=[50,400,100,102400] Keff_nb=[18,576,144,147456] Veff_nb=[2,2048,512,524288]
CUDA_FA_ROUTE_SUPPORTED kernel=MMA_F16 effK=q4_0 effV=f16 supported=1
CUDA_FA_ROUTE_PLAN device=0 Q=[256,256,16,1] Kraw=q4_0 Vraw=turbo3 Kshape=[256,256,4,1] Vshape=[256,256,4,1] Keff=q4_0 Veff=f16 turbo_kv=1 prefer_native_vec=0 decode=1 dk=0 dv=1 unsafe_vec_after_turbo_v_decode=1 allow_vec=0 kernel=MMA_F16 need_f16_K=1 need_f16_V=0 Knb=[18,576,144,147456] Vnb=[50,400,100,102400] Keff_nb=[18,576,144,147456] Veff_nb=[2,2048,512,524288]
CUDA_FA_ROUTE_ALLOC kernel=MMA_F16 need_f16_K=1 need_f16_V=0 workspace_end_offset=4718592 dst_data=(nil) f16_K=0x400000 f16_V=(nil) f16_end=0x480000
CUDA_FA_ROUTE_PLAN device=0 Q=[256,256,16,1] Kraw=q4_0 Vraw=turbo3 Kshape=[256,256,4,1] Vshape=[256,256,4,1] Keff=q4_0 Veff=f16 turbo_kv=1 prefer_native_vec=0 decode=1 dk=0 dv=1 unsafe_vec_after_turbo_v_decode=1 allow_vec=0 kernel=MMA_F16 need_f16_K=1 need_f16_V=0 Knb=[18,576,144,147456] Vnb=[50,400,100,102400] Keff_nb=[18,576,144,147456] Veff_nb=[2,2048,512,524288]
CUDA_FA_ROUTE_ALLOC kernel=MMA_F16 need_f16_K=1 need_f16_V=0 workspace_end_offset=4718592 dst_data=(nil) f16_K=0x400000 f16_V=(nil) f16_end=0x480000
CUDA_FA_ROUTE_PLAN device=0 Q=[256,256,16,1] Kraw=q4_0 Vraw=turbo3 Kshape=[256,256,4,1] Vshape=[256,256,4,1] Keff=q4_0 Veff=f16 turbo_kv=1 prefer_native_vec=0 decode=1 dk=0 dv=1 unsafe_vec_after_turbo_v_decode=1 allow_vec=0 kernel=MMA_F16 need_f16_K=1 need_f16_V=0 Knb=[18,576,144,147456] Vnb=[50,400,100,102400] Keff_nb=[18,576,144,147456] Veff_nb=[2,2048,512,524288]
CUDA_FA_ROUTE_ALLOC kernel=MMA_F16 need_f16_K=1 need_f16_V=0 workspace_end_offset=4718592 dst_data=(nil) f16_K=0x400000 f16_V=(nil) f16_end=0x480000
CUDA_FA_ROUTE_PLAN device=0 Q=[256,256,16,1] Kraw=q4_0 Vraw=turbo3 Kshape=[256,256,4,1] Vshape=[256,256,4,1] Keff=q4_0 Veff=f16 turbo_kv=1 prefer_native_vec=0 decode=1 dk=0 dv=1 unsafe_vec_after_turbo_v_decode=1 allow_vec=0 kernel=MMA_F16 need_f16_K=1 need_f16_V=0 Knb=[18,576,144,147456] Vnb=[50,400,100,102400] Keff_nb=[18,576,144,147456] Veff_nb=[2,2048,512,524288]
CUDA_FA_ROUTE_ALLOC kernel=MMA_F16 need_f16_K=1 need_f16_V=0 workspace_end_offset=4718592 dst_data=(nil) f16_K=0x400000 f16_V=(nil) f16_end=0x480000
CUDA_FA_ROUTE_PLAN device=0 Q=[256,256,16,1] Kraw=q4_0 Vraw=turbo3 Kshape=[256,256,4,1] Vshape=[256,256,4,1] Keff=q4_0 Veff=f16 turbo_kv=1 prefer_native_vec=0 decode=1 dk=0 dv=1 unsafe_vec_after_turbo_v_decode=1 allow_vec=0 kernel=MMA_F16 need_f16_K=1 need_f16_V=0 Knb=[18,576,144,147456] Vnb=[50,400,100,102400] Keff_nb=[18,576,144,147456] Veff_nb=[2,2048,512,524288]
CUDA_FA_ROUTE_ALLOC kernel=MMA_F16 need_f16_K=1 need_f16_V=0 workspace_end_offset=4718592 dst_data=(nil) f16_K=0x400000 f16_V=(nil) f16_end=0x480000
CUDA_FA_ROUTE_PLAN device=0 Q=[256,256,16,1] Kraw=q4_0 Vraw=turbo3 Kshape=[256,256,4,1] Vshape=[256,256,4,1] Keff=q4_0 Veff=f16 turbo_kv=1 prefer_native_vec=0 decode=1 dk=0 dv=1 unsafe_vec_after_turbo_v_decode=1 allow_vec=0 kernel=MMA_F16 need_f16_K=1 need_f16_V=0 Knb=[18,576,144,147456] Vnb=[50,400,100,102400] Keff_nb=[18,576,144,147456] Veff_nb=[2,2048,512,524288]
CUDA_FA_ROUTE_ALLOC kernel=MMA_F16 need_f16_K=1 need_f16_V=0 workspace_end_offset=4718592 dst_data=(nil) f16_K=0x400000 f16_V=(nil) f16_end=0x480000
CUDA_FA_ROUTE_PLAN device=0 Q=[256,256,16,1] Kraw=q4_0 Vraw=turbo3 Kshape=[256,256,4,1] Vshape=[256,256,4,1] Keff=q4_0 Veff=f16 turbo_kv=1 prefer_native_vec=0 decode=1 dk=0 dv=1 unsafe_vec_after_turbo_v_decode=1 allow_vec=0 kernel=MMA_F16 need_f16_K=1 need_f16_V=0 Knb=[18,576,144,147456] Vnb=[50,400,100,102400] Keff_nb=[18,576,144,147456] Veff_nb=[2,2048,512,524288]
CUDA_FA_ROUTE_ALLOC kernel=MMA_F16 need_f16_K=1 need_f16_V=0 workspace_end_offset=4718592 dst_data=(nil) f16_K=0x400000 f16_V=(nil) f16_end=0x480000
CUDA_FA_ROUTE_PLAN device=0 Q=[256,256,16,1] Kraw=q4_0 Vraw=turbo3 Kshape=[256,256,4,1] Vshape=[256,256,4,1] Keff=q4_0 Veff=f16 turbo_kv=1 prefer_native_vec=0 decode=1 dk=0 dv=1 unsafe_vec_after_turbo_v_decode=1 allow_vec=0 kernel=MMA_F16 need_f16_K=1 need_f16_V=0 Knb=[18,576,144,147456] Vnb=[50,400,100,102400] Keff_nb=[18,576,144,147456] Veff_nb=[2,2048,512,524288]
CUDA_FA_ROUTE_ALLOC kernel=MMA_F16 need_f16_K=1 need_f16_V=0 workspace_end_offset=4718592 dst_data=(nil) f16_K=0x400000 f16_V=(nil) f16_end=0x480000
CUDA_FA_ROUTE_PLAN device=0 Q=[256,256,16,1] Kraw=q4_0 Vraw=turbo3 Kshape=[256,256,4,1] Vshape=[256,256,4,1] Keff=q4_0 Veff=f16 turbo_kv=1 prefer_native_vec=0 decode=1 dk=0 dv=1 unsafe_vec_after_turbo_v_decode=1 allow_vec=0 kernel=MMA_F16 need_f16_K=1 need_f16_V=0 Knb=[18,576,144,147456] Vnb=[50,400,100,102400] Keff_nb=[18,576,144,147456] Veff_nb=[2,2048,512,524288]
CUDA_FA_ROUTE_ALLOC kernel=MMA_F16 need_f16_K=1 need_f16_V=0 workspace_end_offset=4718592 dst_data=(nil) f16_K=0x400000 f16_V=(nil) f16_end=0x480000
CUDA_FA_ROUTE_PLAN device=0 Q=[256,256,16,1] Kraw=q4_0 Vraw=turbo3 Kshape=[256,256,4,1] Vshape=[256,256,4,1] Keff=q4_0 Veff=f16 turbo_kv=1 prefer_native_vec=0 decode=1 dk=0 dv=1 unsafe_vec_after_turbo_v_decode=1 allow_vec=0 kernel=MMA_F16 need_f16_K=1 need_f16_V=0 Knb=[18,576,144,147456] Vnb=[50,400,100,102400] Keff_nb=[18,576,144,147456] Veff_nb=[2,2048,512,524288]
CUDA_FA_ROUTE_ALLOC kernel=MMA_F16 need_f16_K=1 need_f16_V=0 workspace_end_offset=4718592 dst_data=(nil) f16_K=0x400000 f16_V=(nil) f16_end=0x480000
CUDA_FA_ROUTE_PLAN device=0 Q=[256,256,16,1] Kraw=q4_0 Vraw=turbo3 Kshape=[256,256,4,1] Vshape=[256,256,4,1] Keff=q4_0 Veff=f16 turbo_kv=1 prefer_native_vec=0 decode=1 dk=0 dv=1 unsafe_vec_after_turbo_v_decode=1 allow_vec=0 kernel=MMA_F16 need_f16_K=1 need_f16_V=0 Knb=[18,576,144,147456] Vnb=[50,400,100,102400] Keff_nb=[18,576,144,147456] Veff_nb=[2,2048,512,524288]
CUDA_FA_ROUTE_ALLOC kernel=MMA_F16 need_f16_K=1 need_f16_V=0 workspace_end_offset=4718592 dst_data=(nil) f16_K=0x400000 f16_V=(nil) f16_end=0x480000
CUDA_FA_ROUTE_PLAN device=0 Q=[256,256,16,1] Kraw=q4_0 Vraw=turbo3 Kshape=[256,256,4,1] Vshape=[256,256,4,1] Keff=q4_0 Veff=f16 turbo_kv=1 prefer_native_vec=0 decode=1 dk=0 dv=1 unsafe_vec_after_turbo_v_decode=1 allow_vec=0 kernel=MMA_F16 need_f16_K=1 need_f16_V=0 Knb=[18,576,144,147456] Vnb=[50,400,100,102400] Keff_nb=[18,576,144,147456] Veff_nb=[2,2048,512,524288]
CUDA_FA_ROUTE_ALLOC kernel=MMA_F16 need_f16_K=1 need_f16_V=0 workspace_end_offset=4718592 dst_data=(nil) f16_K=0x400000 f16_V=(nil) f16_end=0x480000
CUDA_FA_ROUTE_PLAN device=0 Q=[256,256,16,1] Kraw=q4_0 Vraw=turbo3 Kshape=[256,256,4,1] Vshape=[256,256,4,1] Keff=q4_0 Veff=f16 turbo_kv=1 prefer_native_vec=0 decode=1 dk=0 dv=1 unsafe_vec_after_turbo_v_decode=1 allow_vec=0 kernel=MMA_F16 need_f16_K=1 need_f16_V=0 Knb=[18,576,144,147456] Vnb=[50,400,100,102400] Keff_nb=[18,576,144,147456] Veff_nb=[2,2048,512,524288]
CUDA_FA_ROUTE_ALLOC kernel=MMA_F16 need_f16_K=1 need_f16_V=0 workspace_end_offset=4718592 dst_data=(nil) f16_K=0x400000 f16_V=(nil) f16_end=0x480000
CUDA_FA_ROUTE_PLAN device=0 Q=[256,256,16,1] Kraw=q4_0 Vraw=turbo3 Kshape=[256,256,4,1] Vshape=[256,256,4,1] Keff=q4_0 Veff=f16 turbo_kv=1 prefer_native_vec=0 decode=1 dk=0 dv=1 unsafe_vec_after_turbo_v_decode=1 allow_vec=0 kernel=MMA_F16 need_f16_K=1 need_f16_V=0 Knb=[18,576,144,147456] Vnb=[50,400,100,102400] Keff_nb=[18,576,144,147456] Veff_nb=[2,2048,512,524288]
CUDA_FA_ROUTE_ALLOC kernel=MMA_F16 need_f16_K=1 need_f16_V=0 workspace_end_offset=4718592 dst_data=(nil) f16_K=0x400000 f16_V=(nil) f16_end=0x480000
CUDA_FA_ROUTE_PLAN device=0 Q=[256,256,16,1] Kraw=q4_0 Vraw=turbo3 Kshape=[256,256,4,1] Vshape=[256,256,4,1] Keff=q4_0 Veff=f16 turbo_kv=1 prefer_native_vec=0 decode=1 dk=0 dv=1 unsafe_vec_after_turbo_v_decode=1 allow_vec=0 kernel=MMA_F16 need_f16_K=1 need_f16_V=0 Knb=[18,576,144,147456] Vnb=[50,400,100,102400] Keff_nb=[18,576,144,147456] Veff_nb=[2,2048,512,524288]
CUDA_FA_ROUTE_ALLOC kernel=MMA_F16 need_f16_K=1 need_f16_V=0 workspace_end_offset=4718592 dst_data=(nil) f16_K=0x400000 f16_V=(nil) f16_end=0x480000
CUDA_FA_ROUTE_PLAN device=0 Q=[256,256,16,1] Kraw=q4_0 Vraw=turbo3 Kshape=[256,256,4,1] Vshape=[256,256,4,1] Keff=q4_0 Veff=f16 turbo_kv=1 prefer_native_vec=0 decode=1 dk=0 dv=1 unsafe_vec_after_turbo_v_decode=1 allow_vec=0 kernel=MMA_F16 need_f16_K=1 need_f16_V=0 Knb=[18,576,144,147456] Vnb=[50,400,100,102400] Keff_nb=[18,576,144,147456] Veff_nb=[2,2048,512,524288]
CUDA_FA_ROUTE_ALLOC kernel=MMA_F16 need_f16_K=1 need_f16_V=0 workspace_end_offset=4718592 dst_data=(nil) f16_K=0x400000 f16_V=(nil) f16_end=0x480000
CUDA_FA_ROUTE_PLAN device=0 Q=[256,256,16,1] Kraw=q4_0 Vraw=turbo3 Kshape=[256,256,4,1] Vshape=[256,256,4,1] Keff=q4_0 Veff=f16 turbo_kv=1 prefer_native_vec=0 decode=1 dk=0 dv=1 unsafe_vec_after_turbo_v_decode=1 allow_vec=0 kernel=MMA_F16 need_f16_K=1 need_f16_V=0 Knb=[18,576,144,147456] Vnb=[50,400,100,102400] Keff_nb=[18,576,144,147456] Veff_nb=[2,2048,512,524288]
CUDA_FA_ROUTE_ALLOC kernel=MMA_F16 need_f16_K=1 need_f16_V=0 workspace_end_offset=4718592 dst_data=(nil) f16_K=0x400000 f16_V=(nil) f16_end=0x480000
CUDA_FA_ROUTE_PLAN device=0 Q=[256,256,16,1] Kraw=q4_0 Vraw=turbo3 Kshape=[256,256,4,1] Vshape=[256,256,4,1] Keff=q4_0 Veff=f16 turbo_kv=1 prefer_native_vec=0 decode=1 dk=0 dv=1 unsafe_vec_after_turbo_v_decode=1 allow_vec=0 kernel=MMA_F16 need_f16_K=1 need_f16_V=0 Knb=[18,576,144,147456] Vnb=[50,400,100,102400] Keff_nb=[18,576,144,147456] Veff_nb=[2,2048,512,524288]
CUDA_FA_ROUTE_ALLOC kernel=MMA_F16 need_f16_K=1 need_f16_V=0 workspace_end_offset=4718592 dst_data=(nil) f16_K=0x400000 f16_V=(nil) f16_end=0x480000
CUDA_FA_ROUTE_PLAN device=0 Q=[256,256,16,1] Kraw=q4_0 Vraw=turbo3 Kshape=[256,256,4,1] Vshape=[256,256,4,1] Keff=q4_0 Veff=f16 turbo_kv=1 prefer_native_vec=0 decode=1 dk=0 dv=1 unsafe_vec_after_turbo_v_decode=1 allow_vec=0 kernel=MMA_F16 need_f16_K=1 need_f16_V=0 Knb=[18,576,144,147456] Vnb=[50,400,100,102400] Keff_nb=[18,576,144,147456] Veff_nb=[2,2048,512,524288]
CUDA_FA_ROUTE_ALLOC kernel=MMA_F16 need_f16_K=1 need_f16_V=0 workspace_end_offset=4718592 dst_data=(nil) f16_K=0x400000 f16_V=(nil) f16_end=0x480000
CUDA_FA_ROUTE_PLAN device=0 Q=[256,256,16,1] Kraw=q4_0 Vraw=turbo3 Kshape=[256,256,4,1] Vshape=[256,256,4,1] Keff=q4_0 Veff=f16 turbo_kv=1 prefer_native_vec=0 decode=1 dk=0 dv=1 unsafe_vec_after_turbo_v_decode=1 allow_vec=0 kernel=MMA_F16 need_f16_K=1 need_f16_V=0 Knb=[18,576,144,147456] Vnb=[50,400,100,102400] Keff_nb=[18,576,144,147456] Veff_nb=[2,2048,512,524288]
CUDA_FA_ROUTE_ALLOC kernel=MMA_F16 need_f16_K=1 need_f16_V=0 workspace_end_offset=4718592 dst_data=(nil) f16_K=0x400000 f16_V=(nil) f16_end=0x480000
CUDA_FA_ROUTE_PLAN device=0 Q=[256,256,16,1] Kraw=q4_0 Vraw=turbo3 Kshape=[256,256,4,1] Vshape=[256,256,4,1] Keff=q4_0 Veff=f16 turbo_kv=1 prefer_native_vec=0 decode=1 dk=0 dv=1 unsafe_vec_after_turbo_v_decode=1 allow_vec=0 kernel=MMA_F16 need_f16_K=1 need_f16_V=0 Knb=[18,576,144,147456] Vnb=[50,400,100,102400] Keff_nb=[18,576,144,147456] Veff_nb=[2,2048,512,524288]
CUDA_FA_ROUTE_ALLOC kernel=MMA_F16 need_f16_K=1 need_f16_V=0 workspace_end_offset=4718592 dst_data=(nil) f16_K=0x400000 f16_V=(nil) f16_end=0x480000
CUDA_FA_ROUTE_PLAN device=0 Q=[256,256,16,1] Kraw=q4_0 Vraw=turbo3 Kshape=[256,256,4,1] Vshape=[256,256,4,1] Keff=q4_0 Veff=f16 turbo_kv=1 prefer_native_vec=0 decode=1 dk=0 dv=1 unsafe_vec_after_turbo_v_decode=1 allow_vec=0 kernel=MMA_F16 need_f16_K=1 need_f16_V=0 Knb=[18,576,144,147456] Vnb=[50,400,100,102400] Keff_nb=[18,576,144,147456] Veff_nb=[2,2048,512,524288]
CUDA_FA_ROUTE_ALLOC kernel=MMA_F16 need_f16_K=1 need_f16_V=0 workspace_end_offset=4718592 dst_data=(nil) f16_K=0x400000 f16_V=(nil) f16_end=0x480000
CUDA_FA_ROUTE_PLAN device=0 Q=[256,256,16,1] Kraw=q4_0 Vraw=turbo3 Kshape=[256,256,4,1] Vshape=[256,256,4,1] Keff=q4_0 Veff=f16 turbo_kv=1 prefer_native_vec=0 decode=1 dk=0 dv=1 unsafe_vec_after_turbo_v_decode=1 allow_vec=0 kernel=MMA_F16 need_f16_K=1 need_f16_V=0 Knb=[18,576,144,147456] Vnb=[50,400,100,102400] Keff_nb=[18,576,144,147456] Veff_nb=[2,2048,512,524288]
CUDA_FA_ROUTE_ALLOC kernel=MMA_F16 need_f16_K=1 need_f16_V=0 workspace_end_offset=4718592 dst_data=(nil) f16_K=0x400000 f16_V=(nil) f16_end=0x480000
CUDA_FA_ROUTE_PLAN device=0 Q=[256,256,16,1] Kraw=q4_0 Vraw=turbo3 Kshape=[256,256,4,1] Vshape=[256,256,4,1] Keff=q4_0 Veff=f16 turbo_kv=1 prefer_native_vec=0 decode=1 dk=0 dv=1 unsafe_vec_after_turbo_v_decode=1 allow_vec=0 kernel=MMA_F16 need_f16_K=1 need_f16_V=0 Knb=[18,576,144,147456] Vnb=[50,400,100,102400] Keff_nb=[18,576,144,147456] Veff_nb=[2,2048,512,524288]
CUDA_FA_ROUTE_ALLOC kernel=MMA_F16 need_f16_K=1 need_f16_V=0 workspace_end_offset=4718592 dst_data=(nil) f16_K=0x400000 f16_V=(nil) f16_end=0x480000
CUDA_FA_ROUTE_PLAN device=0 Q=[256,256,16,1] Kraw=q4_0 Vraw=turbo3 Kshape=[256,256,4,1] Vshape=[256,256,4,1] Keff=q4_0 Veff=f16 turbo_kv=1 prefer_native_vec=0 decode=1 dk=0 dv=1 unsafe_vec_after_turbo_v_decode=1 allow_vec=0 kernel=MMA_F16 need_f16_K=1 need_f16_V=0 Knb=[18,576,144,147456] Vnb=[50,400,100,102400] Keff_nb=[18,576,144,147456] Veff_nb=[2,2048,512,524288]
CUDA_FA_ROUTE_ALLOC kernel=MMA_F16 need_f16_K=1 need_f16_V=0 workspace_end_offset=4718592 dst_data=(nil) f16_K=0x400000 f16_V=(nil) f16_end=0x480000
CUDA_FA_ROUTE_PLAN device=0 Q=[256,256,16,1] Kraw=q4_0 Vraw=turbo3 Kshape=[256,256,4,1] Vshape=[256,256,4,1] Keff=q4_0 Veff=f16 turbo_kv=1 prefer_native_vec=0 decode=1 dk=0 dv=1 unsafe_vec_after_turbo_v_decode=1 allow_vec=0 kernel=MMA_F16 need_f16_K=1 need_f16_V=0 Knb=[18,576,144,147456] Vnb=[50,400,100,102400] Keff_nb=[18,576,144,147456] Veff_nb=[2,2048,512,524288]
CUDA_FA_ROUTE_ALLOC kernel=MMA_F16 need_f16_K=1 need_f16_V=0 workspace_end_offset=4718592 dst_data=(nil) f16_K=0x400000 f16_V=(nil) f16_end=0x480000
CUDA_FA_ROUTE_PLAN device=0 Q=[256,256,16,1] Kraw=q4_0 Vraw=turbo3 Kshape=[256,256,4,1] Vshape=[256,256,4,1] Keff=q4_0 Veff=f16 turbo_kv=1 prefer_native_vec=0 decode=1 dk=0 dv=1 unsafe_vec_after_turbo_v_decode=1 allow_vec=0 kernel=MMA_F16 need_f16_K=1 need_f16_V=0 Knb=[18,576,144,147456] Vnb=[50,400,100,102400] Keff_nb=[18,576,144,147456] Veff_nb=[2,2048,512,524288]
CUDA_FA_ROUTE_ALLOC kernel=MMA_F16 need_f16_K=1 need_f16_V=0 workspace_end_offset=4718592 dst_data=(nil) f16_K=0x400000 f16_V=(nil) f16_end=0x480000
CUDA_FA_ROUTE_PLAN device=0 Q=[256,256,16,1] Kraw=q4_0 Vraw=turbo3 Kshape=[256,256,4,1] Vshape=[256,256,4,1] Keff=q4_0 Veff=f16 turbo_kv=1 prefer_native_vec=0 decode=1 dk=0 dv=1 unsafe_vec_after_turbo_v_decode=1 allow_vec=0 kernel=MMA_F16 need_f16_K=1 need_f16_V=0 Knb=[18,576,144,147456] Vnb=[50,400,100,102400] Keff_nb=[18,576,144,147456] Veff_nb=[2,2048,512,524288]
CUDA_FA_ROUTE_ALLOC kernel=MMA_F16 need_f16_K=1 need_f16_V=0 workspace_end_offset=4718592 dst_data=(nil) f16_K=0x400000 f16_V=(nil) f16_end=0x480000
CUDA_FA_ROUTE_PLAN device=0 Q=[256,256,16,1] Kraw=q4_0 Vraw=turbo3 Kshape=[256,256,4,1] Vshape=[256,256,4,1] Keff=q4_0 Veff=f16 turbo_kv=1 prefer_native_vec=0 decode=1 dk=0 dv=1 unsafe_vec_after_turbo_v_decode=1 allow_vec=0 kernel=MMA_F16 need_f16_K=1 need_f16_V=0 Knb=[18,576,144,147456] Vnb=[50,400,100,102400] Keff_nb=[18,576,144,147456] Veff_nb=[2,2048,512,524288]
CUDA_FA_ROUTE_ALLOC kernel=MMA_F16 need_f16_K=1 need_f16_V=0 workspace_end_offset=4718592 dst_data=(nil) f16_K=0x400000 f16_V=(nil) f16_end=0x480000
CUDA_FA_ROUTE_PLAN device=0 Q=[256,256,16,1] Kraw=q4_0 Vraw=turbo3 Kshape=[256,256,4,1] Vshape=[256,256,4,1] Keff=q4_0 Veff=f16 turbo_kv=1 prefer_native_vec=0 decode=1 dk=0 dv=1 unsafe_vec_after_turbo_v_decode=1 allow_vec=0 kernel=MMA_F16 need_f16_K=1 need_f16_V=0 Knb=[18,576,144,147456] Vnb=[50,400,100,102400] Keff_nb=[18,576,144,147456] Veff_nb=[2,2048,512,524288]
CUDA_FA_ROUTE_ALLOC kernel=MMA_F16 need_f16_K=1 need_f16_V=0 workspace_end_offset=4718592 dst_data=(nil) f16_K=0x400000 f16_V=(nil) f16_end=0x480000
CUDA_FA_ROUTE_PLAN device=0 Q=[256,256,16,1] Kraw=q4_0 Vraw=turbo3 Kshape=[256,256,4,1] Vshape=[256,256,4,1] Keff=q4_0 Veff=f16 turbo_kv=1 prefer_native_vec=0 decode=1 dk=0 dv=1 unsafe_vec_after_turbo_v_decode=1 allow_vec=0 kernel=MMA_F16 need_f16_K=1 need_f16_V=0 Knb=[18,576,144,147456] Vnb=[50,400,100,102400] Keff_nb=[18,576,144,147456] Veff_nb=[2,2048,512,524288]
CUDA_FA_ROUTE_ALLOC kernel=MMA_F16 need_f16_K=1 need_f16_V=0 workspace_end_offset=4718592 dst_data=(nil) f16_K=0x400000 f16_V=(nil) f16_end=0x480000
CUDA_FA_ROUTE_PLAN device=0 Q=[256,256,16,1] Kraw=q4_0 Vraw=turbo3 Kshape=[256,256,4,1] Vshape=[256,256,4,1] Keff=q4_0 Veff=f16 turbo_kv=1 prefer_native_vec=0 decode=1 dk=0 dv=1 unsafe_vec_after_turbo_v_decode=1 allow_vec=0 kernel=MMA_F16 need_f16_K=1 need_f16_V=0 Knb=[18,576,144,147456] Vnb=[50,400,100,102400] Keff_nb=[18,576,144,147456] Veff_nb=[2,2048,512,524288]
CUDA_FA_ROUTE_ALLOC kernel=MMA_F16 need_f16_K=1 need_f16_V=0 workspace_end_offset=4718592 dst_data=(nil) f16_K=0x400000 f16_V=(nil) f16_end=0x480000
CUDA_FA_ROUTE_PLAN device=0 Q=[256,1,16,1] Kraw=q4_0 Vraw=turbo3 Kshape=[256,256,4,1] Vshape=[256,256,4,1] Keff=q4_0 Veff=f16 turbo_kv=1 prefer_native_vec=0 decode=1 dk=0 dv=1 unsafe_vec_after_turbo_v_decode=1 allow_vec=0 kernel=MMA_F16 need_f16_K=1 need_f16_V=0 Knb=[18,576,144,147456] Vnb=[50,400,100,102400] Keff_nb=[18,576,144,147456] Veff_nb=[2,2048,512,524288]
CUDA_FA_ROUTE_SUPPORTED kernel=MMA_F16 effK=q4_0 effV=f16 supported=1
CUDA_FA_ROUTE_PLAN device=0 Q=[256,1,16,1] Kraw=q4_0 Vraw=turbo3 Kshape=[256,256,4,1] Vshape=[256,256,4,1] Keff=q4_0 Veff=f16 turbo_kv=1 prefer_native_vec=0 decode=1 dk=0 dv=1 unsafe_vec_after_turbo_v_decode=1 allow_vec=0 kernel=MMA_F16 need_f16_K=1 need_f16_V=0 Knb=[18,576,144,147456] Vnb=[50,400,100,102400] Keff_nb=[18,576,144,147456] Veff_nb=[2,2048,512,524288]
CUDA_FA_ROUTE_SUPPORTED kernel=MMA_F16 effK=q4_0 effV=f16 supported=1
CUDA_FA_ROUTE_PLAN device=0 Q=[256,1,16,1] Kraw=q4_0 Vraw=turbo3 Kshape=[256,256,4,1] Vshape=[256,256,4,1] Keff=q4_0 Veff=f16 turbo_kv=1 prefer_native_vec=0 decode=1 dk=0 dv=1 unsafe_vec_after_turbo_v_decode=1 allow_vec=0 kernel=MMA_F16 need_f16_K=1 need_f16_V=0 Knb=[18,576,144,147456] Vnb=[50,400,100,102400] Keff_nb=[18,576,144,147456] Veff_nb=[2,2048,512,524288]
CUDA_FA_ROUTE_SUPPORTED kernel=MMA_F16 effK=q4_0 effV=f16 supported=1
CUDA_FA_ROUTE_PLAN device=0 Q=[256,1,16,1] Kraw=q4_0 Vraw=turbo3 Kshape=[256,256,4,1] Vshape=[256,256,4,1] Keff=q4_0 Veff=f16 turbo_kv=1 prefer_native_vec=0 decode=1 dk=0 dv=1 unsafe_vec_after_turbo_v_decode=1 allow_vec=0 kernel=MMA_F16 need_f16_K=1 need_f16_V=0 Knb=[18,576,144,147456] Vnb=[50,400,100,102400] Keff_nb=[18,576,144,147456] Veff_nb=[2,2048,512,524288]
CUDA_FA_ROUTE_SUPPORTED kernel=MMA_F16 effK=q4_0 effV=f16 supported=1
CUDA_FA_ROUTE_PLAN device=0 Q=[256,1,16,1] Kraw=q4_0 Vraw=turbo3 Kshape=[256,256,4,1] Vshape=[256,256,4,1] Keff=q4_0 Veff=f16 turbo_kv=1 prefer_native_vec=0 decode=1 dk=0 dv=1 unsafe_vec_after_turbo_v_decode=1 allow_vec=0 kernel=MMA_F16 need_f16_K=1 need_f16_V=0 Knb=[18,576,144,147456] Vnb=[50,400,100,102400] Keff_nb=[18,576,144,147456] Veff_nb=[2,2048,512,524288]
CUDA_FA_ROUTE_SUPPORTED kernel=MMA_F16 effK=q4_0 effV=f16 supported=1
CUDA_FA_ROUTE_PLAN device=0 Q=[256,1,16,1] Kraw=q4_0 Vraw=turbo3 Kshape=[256,256,4,1] Vshape=[256,256,4,1] Keff=q4_0 Veff=f16 turbo_kv=1 prefer_native_vec=0 decode=1 dk=0 dv=1 unsafe_vec_after_turbo_v_decode=1 allow_vec=0 kernel=MMA_F16 need_f16_K=1 need_f16_V=0 Knb=[18,576,144,147456] Vnb=[50,400,100,102400] Keff_nb=[18,576,144,147456] Veff_nb=[2,2048,512,524288]
CUDA_FA_ROUTE_SUPPORTED kernel=MMA_F16 effK=q4_0 effV=f16 supported=1
CUDA_FA_ROUTE_PLAN device=0 Q=[256,1,16,1] Kraw=q4_0 Vraw=turbo3 Kshape=[256,256,4,1] Vshape=[256,256,4,1] Keff=q4_0 Veff=f16 turbo_kv=1 prefer_native_vec=0 decode=1 dk=0 dv=1 unsafe_vec_after_turbo_v_decode=1 allow_vec=0 kernel=MMA_F16 need_f16_K=1 need_f16_V=0 Knb=[18,576,144,147456] Vnb=[50,400,100,102400] Keff_nb=[18,576,144,147456] Veff_nb=[2,2048,512,524288]
CUDA_FA_ROUTE_SUPPORTED kernel=MMA_F16 effK=q4_0 effV=f16 supported=1
CUDA_FA_ROUTE_PLAN device=0 Q=[256,1,16,1] Kraw=q4_0 Vraw=turbo3 Kshape=[256,256,4,1] Vshape=[256,256,4,1] Keff=q4_0 Veff=f16 turbo_kv=1 prefer_native_vec=0 decode=1 dk=0 dv=1 unsafe_vec_after_turbo_v_decode=1 allow_vec=0 kernel=MMA_F16 need_f16_K=1 need_f16_V=0 Knb=[18,576,144,147456] Vnb=[50,400,100,102400] Keff_nb=[18,576,144,147456] Veff_nb=[2,2048,512,524288]
CUDA_FA_ROUTE_SUPPORTED kernel=MMA_F16 effK=q4_0 effV=f16 supported=1
CUDA_FA_ROUTE_PLAN device=0 Q=[256,256,16,1] Kraw=q4_0 Vraw=turbo3 Kshape=[256,256,4,1] Vshape=[256,256,4,1] Keff=q4_0 Veff=f16 turbo_kv=1 prefer_native_vec=0 decode=1 dk=0 dv=1 unsafe_vec_after_turbo_v_decode=1 allow_vec=0 kernel=MMA_F16 need_f16_K=1 need_f16_V=0 Knb=[18,576,144,147456] Vnb=[50,400,100,102400] Keff_nb=[18,576,144,147456] Veff_nb=[2,2048,512,524288]
CUDA_FA_ROUTE_SUPPORTED kernel=MMA_F16 effK=q4_0 effV=f16 supported=1
CUDA_FA_ROUTE_PLAN device=0 Q=[256,256,16,1] Kraw=q4_0 Vraw=turbo3 Kshape=[256,256,4,1] Vshape=[256,256,4,1] Keff=q4_0 Veff=f16 turbo_kv=1 prefer_native_vec=0 decode=1 dk=0 dv=1 unsafe_vec_after_turbo_v_decode=1 allow_vec=0 kernel=MMA_F16 need_f16_K=1 need_f16_V=0 Knb=[18,576,144,147456] Vnb=[50,400,100,102400] Keff_nb=[18,576,144,147456] Veff_nb=[2,2048,512,524288]
CUDA_FA_ROUTE_SUPPORTED kernel=MMA_F16 effK=q4_0 effV=f16 supported=1
CUDA_FA_ROUTE_PLAN device=0 Q=[256,256,16,1] Kraw=q4_0 Vraw=turbo3 Kshape=[256,256,4,1] Vshape=[256,256,4,1] Keff=q4_0 Veff=f16 turbo_kv=1 prefer_native_vec=0 decode=1 dk=0 dv=1 unsafe_vec_after_turbo_v_decode=1 allow_vec=0 kernel=MMA_F16 need_f16_K=1 need_f16_V=0 Knb=[18,576,144,147456] Vnb=[50,400,100,102400] Keff_nb=[18,576,144,147456] Veff_nb=[2,2048,512,524288]
CUDA_FA_ROUTE_SUPPORTED kernel=MMA_F16 effK=q4_0 effV=f16 supported=1
CUDA_FA_ROUTE_PLAN device=0 Q=[256,256,16,1] Kraw=q4_0 Vraw=turbo3 Kshape=[256,256,4,1] Vshape=[256,256,4,1] Keff=q4_0 Veff=f16 turbo_kv=1 prefer_native_vec=0 decode=1 dk=0 dv=1 unsafe_vec_after_turbo_v_decode=1 allow_vec=0 kernel=MMA_F16 need_f16_K=1 need_f16_V=0 Knb=[18,576,144,147456] Vnb=[50,400,100,102400] Keff_nb=[18,576,144,147456] Veff_nb=[2,2048,512,524288]
CUDA_FA_ROUTE_SUPPORTED kernel=MMA_F16 effK=q4_0 effV=f16 supported=1
CUDA_FA_ROUTE_PLAN device=0 Q=[256,256,16,1] Kraw=q4_0 Vraw=turbo3 Kshape=[256,256,4,1] Vshape=[256,256,4,1] Keff=q4_0 Veff=f16 turbo_kv=1 prefer_native_vec=0 decode=1 dk=0 dv=1 unsafe_vec_after_turbo_v_decode=1 allow_vec=0 kernel=MMA_F16 need_f16_K=1 need_f16_V=0 Knb=[18,576,144,147456] Vnb=[50,400,100,102400] Keff_nb=[18,576,144,147456] Veff_nb=[2,2048,512,524288]
CUDA_FA_ROUTE_SUPPORTED kernel=MMA_F16 effK=q4_0 effV=f16 supported=1
CUDA_FA_ROUTE_PLAN device=0 Q=[256,256,16,1] Kraw=q4_0 Vraw=turbo3 Kshape=[256,256,4,1] Vshape=[256,256,4,1] Keff=q4_0 Veff=f16 turbo_kv=1 prefer_native_vec=0 decode=1 dk=0 dv=1 unsafe_vec_after_turbo_v_decode=1 allow_vec=0 kernel=MMA_F16 need_f16_K=1 need_f16_V=0 Knb=[18,576,144,147456] Vnb=[50,400,100,102400] Keff_nb=[18,576,144,147456] Veff_nb=[2,2048,512,524288]
CUDA_FA_ROUTE_SUPPORTED kernel=MMA_F16 effK=q4_0 effV=f16 supported=1
CUDA_FA_ROUTE_PLAN device=0 Q=[256,256,16,1] Kraw=q4_0 Vraw=turbo3 Kshape=[256,256,4,1] Vshape=[256,256,4,1] Keff=q4_0 Veff=f16 turbo_kv=1 prefer_native_vec=0 decode=1 dk=0 dv=1 unsafe_vec_after_turbo_v_decode=1 allow_vec=0 kernel=MMA_F16 need_f16_K=1 need_f16_V=0 Knb=[18,576,144,147456] Vnb=[50,400,100,102400] Keff_nb=[18,576,144,147456] Veff_nb=[2,2048,512,524288]
CUDA_FA_ROUTE_SUPPORTED kernel=MMA_F16 effK=q4_0 effV=f16 supported=1
CUDA_FA_ROUTE_PLAN device=0 Q=[256,256,16,1] Kraw=q4_0 Vraw=turbo3 Kshape=[256,256,4,1] Vshape=[256,256,4,1] Keff=q4_0 Veff=f16 turbo_kv=1 prefer_native_vec=0 decode=1 dk=0 dv=1 unsafe_vec_after_turbo_v_decode=1 allow_vec=0 kernel=MMA_F16 need_f16_K=1 need_f16_V=0 Knb=[18,576,144,147456] Vnb=[50,400,100,102400] Keff_nb=[18,576,144,147456] Veff_nb=[2,2048,512,524288]
CUDA_FA_ROUTE_SUPPORTED kernel=MMA_F16 effK=q4_0 effV=f16 supported=1
CUDA_FA_ROUTE_PLAN device=0 Q=[256,256,16,1] Kraw=q4_0 Vraw=turbo3 Kshape=[256,256,4,1] Vshape=[256,256,4,1] Keff=q4_0 Veff=f16 turbo_kv=1 prefer_native_vec=0 decode=1 dk=0 dv=1 unsafe_vec_after_turbo_v_decode=1 allow_vec=0 kernel=MMA_F16 need_f16_K=1 need_f16_V=0 Knb=[18,576,144,147456] Vnb=[50,400,100,102400] Keff_nb=[18,576,144,147456] Veff_nb=[2,2048,512,524288]
CUDA_FA_ROUTE_SUPPORTED kernel=MMA_F16 effK=q4_0 effV=f16 supported=1
CUDA_FA_ROUTE_PLAN device=0 Q=[256,256,16,1] Kraw=q4_0 Vraw=turbo3 Kshape=[256,256,4,1] Vshape=[256,256,4,1] Keff=q4_0 Veff=f16 turbo_kv=1 prefer_native_vec=0 decode=1 dk=0 dv=1 unsafe_vec_after_turbo_v_decode=1 allow_vec=0 kernel=MMA_F16 need_f16_K=1 need_f16_V=0 Knb=[18,576,144,147456] Vnb=[50,400,100,102400] Keff_nb=[18,576,144,147456] Veff_nb=[2,2048,512,524288]
CUDA_FA_ROUTE_SUPPORTED kernel=MMA_F16 effK=q4_0 effV=f16 supported=1
CUDA_FA_ROUTE_PLAN device=0 Q=[256,256,16,1] Kraw=q4_0 Vraw=turbo3 Kshape=[256,256,4,1] Vshape=[256,256,4,1] Keff=q4_0 Veff=f16 turbo_kv=1 prefer_native_vec=0 decode=1 dk=0 dv=1 unsafe_vec_after_turbo_v_decode=1 allow_vec=0 kernel=MMA_F16 need_f16_K=1 need_f16_V=0 Knb=[18,576,144,147456] Vnb=[50,400,100,102400] Keff_nb=[18,576,144,147456] Veff_nb=[2,2048,512,524288]
CUDA_FA_ROUTE_SUPPORTED kernel=MMA_F16 effK=q4_0 effV=f16 supported=1
CUDA_FA_ROUTE_PLAN device=0 Q=[256,256,16,1] Kraw=q4_0 Vraw=turbo3 Kshape=[256,256,4,1] Vshape=[256,256,4,1] Keff=q4_0 Veff=f16 turbo_kv=1 prefer_native_vec=0 decode=1 dk=0 dv=1 unsafe_vec_after_turbo_v_decode=1 allow_vec=0 kernel=MMA_F16 need_f16_K=1 need_f16_V=0 Knb=[18,576,144,147456] Vnb=[50,400,100,102400] Keff_nb=[18,576,144,147456] Veff_nb=[2,2048,512,524288]
CUDA_FA_ROUTE_SUPPORTED kernel=MMA_F16 effK=q4_0 effV=f16 supported=1
CUDA_FA_ROUTE_PLAN device=0 Q=[256,256,16,1] Kraw=q4_0 Vraw=turbo3 Kshape=[256,256,4,1] Vshape=[256,256,4,1] Keff=q4_0 Veff=f16 turbo_kv=1 prefer_native_vec=0 decode=1 dk=0 dv=1 unsafe_vec_after_turbo_v_decode=1 allow_vec=0 kernel=MMA_F16 need_f16_K=1 need_f16_V=0 Knb=[18,576,144,147456] Vnb=[50,400,100,102400] Keff_nb=[18,576,144,147456] Veff_nb=[2,2048,512,524288]
CUDA_FA_ROUTE_SUPPORTED kernel=MMA_F16 effK=q4_0 effV=f16 supported=1
CUDA_FA_ROUTE_PLAN device=0 Q=[256,256,16,1] Kraw=q4_0 Vraw=turbo3 Kshape=[256,256,4,1] Vshape=[256,256,4,1] Keff=q4_0 Veff=f16 turbo_kv=1 prefer_native_vec=0 decode=1 dk=0 dv=1 unsafe_vec_after_turbo_v_decode=1 allow_vec=0 kernel=MMA_F16 need_f16_K=1 need_f16_V=0 Knb=[18,576,144,147456] Vnb=[50,400,100,102400] Keff_nb=[18,576,144,147456] Veff_nb=[2,2048,512,524288]
CUDA_FA_ROUTE_SUPPORTED kernel=MMA_F16 effK=q4_0 effV=f16 supported=1
CUDA_FA_ROUTE_PLAN device=0 Q=[256,256,16,1] Kraw=q4_0 Vraw=turbo3 Kshape=[256,256,4,1] Vshape=[256,256,4,1] Keff=q4_0 Veff=f16 turbo_kv=1 prefer_native_vec=0 decode=1 dk=0 dv=1 unsafe_vec_after_turbo_v_decode=1 allow_vec=0 kernel=MMA_F16 need_f16_K=1 need_f16_V=0 Knb=[18,576,144,147456] Vnb=[50,400,100,102400] Keff_nb=[18,576,144,147456] Veff_nb=[2,2048,512,524288]
CUDA_FA_ROUTE_SUPPORTED kernel=MMA_F16 effK=q4_0 effV=f16 supported=1
CUDA_FA_ROUTE_PLAN device=0 Q=[256,256,16,1] Kraw=q4_0 Vraw=turbo3 Kshape=[256,256,4,1] Vshape=[256,256,4,1] Keff=q4_0 Veff=f16 turbo_kv=1 prefer_native_vec=0 decode=1 dk=0 dv=1 unsafe_vec_after_turbo_v_decode=1 allow_vec=0 kernel=MMA_F16 need_f16_K=1 need_f16_V=0 Knb=[18,576,144,147456] Vnb=[50,400,100,102400] Keff_nb=[18,576,144,147456] Veff_nb=[2,2048,512,524288]
CUDA_FA_ROUTE_SUPPORTED kernel=MMA_F16 effK=q4_0 effV=f16 supported=1
CUDA_FA_ROUTE_PLAN device=0 Q=[256,256,16,1] Kraw=q4_0 Vraw=turbo3 Kshape=[256,256,4,1] Vshape=[256,256,4,1] Keff=q4_0 Veff=f16 turbo_kv=1 prefer_native_vec=0 decode=1 dk=0 dv=1 unsafe_vec_after_turbo_v_decode=1 allow_vec=0 kernel=MMA_F16 need_f16_K=1 need_f16_V=0 Knb=[18,576,144,147456] Vnb=[50,400,100,102400] Keff_nb=[18,576,144,147456] Veff_nb=[2,2048,512,524288]
CUDA_FA_ROUTE_ALLOC kernel=MMA_F16 need_f16_K=1 need_f16_V=0 workspace_end_offset=4718592 dst_data=(nil) f16_K=0x400000 f16_V=(nil) f16_end=0x480000
CUDA_FA_ROUTE_PLAN device=0 Q=[256,256,16,1] Kraw=q4_0 Vraw=turbo3 Kshape=[256,256,4,1] Vshape=[256,256,4,1] Keff=q4_0 Veff=f16 turbo_kv=1 prefer_native_vec=0 decode=1 dk=0 dv=1 unsafe_vec_after_turbo_v_decode=1 allow_vec=0 kernel=MMA_F16 need_f16_K=1 need_f16_V=0 Knb=[18,576,144,147456] Vnb=[50,400,100,102400] Keff_nb=[18,576,144,147456] Veff_nb=[2,2048,512,524288]
CUDA_FA_ROUTE_ALLOC kernel=MMA_F16 need_f16_K=1 need_f16_V=0 workspace_end_offset=4718592 dst_data=(nil) f16_K=0x400000 f16_V=(nil) f16_end=0x480000
CUDA_FA_ROUTE_PLAN device=0 Q=[256,256,16,1] Kraw=q4_0 Vraw=turbo3 Kshape=[256,256,4,1] Vshape=[256,256,4,1] Keff=q4_0 Veff=f16 turbo_kv=1 prefer_native_vec=0 decode=1 dk=0 dv=1 unsafe_vec_after_turbo_v_decode=1 allow_vec=0 kernel=MMA_F16 need_f16_K=1 need_f16_V=0 Knb=[18,576,144,147456] Vnb=[50,400,100,102400] Keff_nb=[18,576,144,147456] Veff_nb=[2,2048,512,524288]
CUDA_FA_ROUTE_ALLOC kernel=MMA_F16 need_f16_K=1 need_f16_V=0 workspace_end_offset=4718592 dst_data=(nil) f16_K=0x400000 f16_V=(nil) f16_end=0x480000
CUDA_FA_ROUTE_PLAN device=0 Q=[256,256,16,1] Kraw=q4_0 Vraw=turbo3 Kshape=[256,256,4,1] Vshape=[256,256,4,1] Keff=q4_0 Veff=f16 turbo_kv=1 prefer_native_vec=0 decode=1 dk=0 dv=1 unsafe_vec_after_turbo_v_decode=1 allow_vec=0 kernel=MMA_F16 need_f16_K=1 need_f16_V=0 Knb=[18,576,144,147456] Vnb=[50,400,100,102400] Keff_nb=[18,576,144,147456] Veff_nb=[2,2048,512,524288]
CUDA_FA_ROUTE_ALLOC kernel=MMA_F16 need_f16_K=1 need_f16_V=0 workspace_end_offset=4718592 dst_data=(nil) f16_K=0x400000 f16_V=(nil) f16_end=0x480000
CUDA_FA_ROUTE_PLAN device=0 Q=[256,256,16,1] Kraw=q4_0 Vraw=turbo3 Kshape=[256,256,4,1] Vshape=[256,256,4,1] Keff=q4_0 Veff=f16 turbo_kv=1 prefer_native_vec=0 decode=1 dk=0 dv=1 unsafe_vec_after_turbo_v_decode=1 allow_vec=0 kernel=MMA_F16 need_f16_K=1 need_f16_V=0 Knb=[18,576,144,147456] Vnb=[50,400,100,102400] Keff_nb=[18,576,144,147456] Veff_nb=[2,2048,512,524288]
CUDA_FA_ROUTE_ALLOC kernel=MMA_F16 need_f16_K=1 need_f16_V=0 workspace_end_offset=4718592 dst_data=(nil) f16_K=0x400000 f16_V=(nil) f16_end=0x480000
CUDA_FA_ROUTE_PLAN device=0 Q=[256,256,16,1] Kraw=q4_0 Vraw=turbo3 Kshape=[256,256,4,1] Vshape=[256,256,4,1] Keff=q4_0 Veff=f16 turbo_kv=1 prefer_native_vec=0 decode=1 dk=0 dv=1 unsafe_vec_after_turbo_v_decode=1 allow_vec=0 kernel=MMA_F16 need_f16_K=1 need_f16_V=0 Knb=[18,576,144,147456] Vnb=[50,400,100,102400] Keff_nb=[18,576,144,147456] Veff_nb=[2,2048,512,524288]
CUDA_FA_ROUTE_ALLOC kernel=MMA_F16 need_f16_K=1 need_f16_V=0 workspace_end_offset=4718592 dst_data=(nil) f16_K=0x400000 f16_V=(nil) f16_end=0x480000
CUDA_FA_ROUTE_PLAN device=0 Q=[256,256,16,1] Kraw=q4_0 Vraw=turbo3 Kshape=[256,256,4,1] Vshape=[256,256,4,1] Keff=q4_0 Veff=f16 turbo_kv=1 prefer_native_vec=0 decode=1 dk=0 dv=1 unsafe_vec_after_turbo_v_decode=1 allow_vec=0 kernel=MMA_F16 need_f16_K=1 need_f16_V=0 Knb=[18,576,144,147456] Vnb=[50,400,100,102400] Keff_nb=[18,576,144,147456] Veff_nb=[2,2048,512,524288]
CUDA_FA_ROUTE_ALLOC kernel=MMA_F16 need_f16_K=1 need_f16_V=0 workspace_end_offset=4718592 dst_data=(nil) f16_K=0x400000 f16_V=(nil) f16_end=0x480000
CUDA_FA_ROUTE_PLAN device=0 Q=[256,256,16,1] Kraw=q4_0 Vraw=turbo3 Kshape=[256,256,4,1] Vshape=[256,256,4,1] Keff=q4_0 Veff=f16 turbo_kv=1 prefer_native_vec=0 decode=1 dk=0 dv=1 unsafe_vec_after_turbo_v_decode=1 allow_vec=0 kernel=MMA_F16 need_f16_K=1 need_f16_V=0 Knb=[18,576,144,147456] Vnb=[50,400,100,102400] Keff_nb=[18,576,144,147456] Veff_nb=[2,2048,512,524288]
CUDA_FA_ROUTE_ALLOC kernel=MMA_F16 need_f16_K=1 need_f16_V=0 workspace_end_offset=4718592 dst_data=(nil) f16_K=0x400000 f16_V=(nil) f16_end=0x480000
CUDA_FA_ROUTE_PLAN device=0 Q=[256,256,16,1] Kraw=q4_0 Vraw=turbo3 Kshape=[256,256,4,1] Vshape=[256,256,4,1] Keff=q4_0 Veff=f16 turbo_kv=1 prefer_native_vec=0 decode=1 dk=0 dv=1 unsafe_vec_after_turbo_v_decode=1 allow_vec=0 kernel=MMA_F16 need_f16_K=1 need_f16_V=0 Knb=[18,576,144,147456] Vnb=[50,400,100,102400] Keff_nb=[18,576,144,147456] Veff_nb=[2,2048,512,524288]
CUDA_FA_ROUTE_ALLOC kernel=MMA_F16 need_f16_K=1 need_f16_V=0 workspace_end_offset=4718592 dst_data=(nil) f16_K=0x400000 f16_V=(nil) f16_end=0x480000
CUDA_FA_ROUTE_PLAN device=0 Q=[256,256,16,1] Kraw=q4_0 Vraw=turbo3 Kshape=[256,256,4,1] Vshape=[256,256,4,1] Keff=q4_0 Veff=f16 turbo_kv=1 prefer_native_vec=0 decode=1 dk=0 dv=1 unsafe_vec_after_turbo_v_decode=1 allow_vec=0 kernel=MMA_F16 need_f16_K=1 need_f16_V=0 Knb=[18,576,144,147456] Vnb=[50,400,100,102400] Keff_nb=[18,576,144,147456] Veff_nb=[2,2048,512,524288]
CUDA_FA_ROUTE_ALLOC kernel=MMA_F16 need_f16_K=1 need_f16_V=0 workspace_end_offset=4718592 dst_data=(nil) f16_K=0x400000 f16_V=(nil) f16_end=0x480000
CUDA_FA_ROUTE_PLAN device=0 Q=[256,256,16,1] Kraw=q4_0 Vraw=turbo3 Kshape=[256,256,4,1] Vshape=[256,256,4,1] Keff=q4_0 Veff=f16 turbo_kv=1 prefer_native_vec=0 decode=1 dk=0 dv=1 unsafe_vec_after_turbo_v_decode=1 allow_vec=0 kernel=MMA_F16 need_f16_K=1 need_f16_V=0 Knb=[18,576,144,147456] Vnb=[50,400,100,102400] Keff_nb=[18,576,144,147456] Veff_nb=[2,2048,512,524288]
CUDA_FA_ROUTE_ALLOC kernel=MMA_F16 need_f16_K=1 need_f16_V=0 workspace_end_offset=4718592 dst_data=(nil) f16_K=0x400000 f16_V=(nil) f16_end=0x480000
CUDA_FA_ROUTE_PLAN device=0 Q=[256,256,16,1] Kraw=q4_0 Vraw=turbo3 Kshape=[256,256,4,1] Vshape=[256,256,4,1] Keff=q4_0 Veff=f16 turbo_kv=1 prefer_native_vec=0 decode=1 dk=0 dv=1 unsafe_vec_after_turbo_v_decode=1 allow_vec=0 kernel=MMA_F16 need_f16_K=1 need_f16_V=0 Knb=[18,576,144,147456] Vnb=[50,400,100,102400] Keff_nb=[18,576,144,147456] Veff_nb=[2,2048,512,524288]
CUDA_FA_ROUTE_ALLOC kernel=MMA_F16 need_f16_K=1 need_f16_V=0 workspace_end_offset=4718592 dst_data=(nil) f16_K=0x400000 f16_V=(nil) f16_end=0x480000
CUDA_FA_ROUTE_PLAN device=0 Q=[256,256,16,1] Kraw=q4_0 Vraw=turbo3 Kshape=[256,256,4,1] Vshape=[256,256,4,1] Keff=q4_0 Veff=f16 turbo_kv=1 prefer_native_vec=0 decode=1 dk=0 dv=1 unsafe_vec_after_turbo_v_decode=1 allow_vec=0 kernel=MMA_F16 need_f16_K=1 need_f16_V=0 Knb=[18,576,144,147456] Vnb=[50,400,100,102400] Keff_nb=[18,576,144,147456] Veff_nb=[2,2048,512,524288]
CUDA_FA_ROUTE_ALLOC kernel=MMA_F16 need_f16_K=1 need_f16_V=0 workspace_end_offset=4718592 dst_data=(nil) f16_K=0x400000 f16_V=(nil) f16_end=0x480000
CUDA_FA_ROUTE_PLAN device=0 Q=[256,256,16,1] Kraw=q4_0 Vraw=turbo3 Kshape=[256,256,4,1] Vshape=[256,256,4,1] Keff=q4_0 Veff=f16 turbo_kv=1 prefer_native_vec=0 decode=1 dk=0 dv=1 unsafe_vec_after_turbo_v_decode=1 allow_vec=0 kernel=MMA_F16 need_f16_K=1 need_f16_V=0 Knb=[18,576,144,147456] Vnb=[50,400,100,102400] Keff_nb=[18,576,144,147456] Veff_nb=[2,2048,512,524288]
CUDA_FA_ROUTE_ALLOC kernel=MMA_F16 need_f16_K=1 need_f16_V=0 workspace_end_offset=4718592 dst_data=(nil) f16_K=0x400000 f16_V=(nil) f16_end=0x480000
CUDA_FA_ROUTE_PLAN device=0 Q=[256,256,16,1] Kraw=q4_0 Vraw=turbo3 Kshape=[256,256,4,1] Vshape=[256,256,4,1] Keff=q4_0 Veff=f16 turbo_kv=1 prefer_native_vec=0 decode=1 dk=0 dv=1 unsafe_vec_after_turbo_v_decode=1 allow_vec=0 kernel=MMA_F16 need_f16_K=1 need_f16_V=0 Knb=[18,576,144,147456] Vnb=[50,400,100,102400] Keff_nb=[18,576,144,147456] Veff_nb=[2,2048,512,524288]
CUDA_FA_ROUTE_ALLOC kernel=MMA_F16 need_f16_K=1 need_f16_V=0 workspace_end_offset=4718592 dst_data=(nil) f16_K=0x400000 f16_V=(nil) f16_end=0x480000
CUDA_FA_ROUTE_PLAN device=0 Q=[256,256,16,1] Kraw=q4_0 Vraw=turbo3 Kshape=[256,256,4,1] Vshape=[256,256,4,1] Keff=q4_0 Veff=f16 turbo_kv=1 prefer_native_vec=0 decode=1 dk=0 dv=1 unsafe_vec_after_turbo_v_decode=1 allow_vec=0 kernel=MMA_F16 need_f16_K=1 need_f16_V=0 Knb=[18,576,144,147456] Vnb=[50,400,100,102400] Keff_nb=[18,576,144,147456] Veff_nb=[2,2048,512,524288]
CUDA_FA_ROUTE_ALLOC kernel=MMA_F16 need_f16_K=1 need_f16_V=0 workspace_end_offset=4718592 dst_data=(nil) f16_K=0x400000 f16_V=(nil) f16_end=0x480000
CUDA_FA_ROUTE_PLAN device=0 Q=[256,256,16,1] Kraw=q4_0 Vraw=turbo3 Kshape=[256,256,4,1] Vshape=[256,256,4,1] Keff=q4_0 Veff=f16 turbo_kv=1 prefer_native_vec=0 decode=1 dk=0 dv=1 unsafe_vec_after_turbo_v_decode=1 allow_vec=0 kernel=MMA_F16 need_f16_K=1 need_f16_V=0 Knb=[18,576,144,147456] Vnb=[50,400,100,102400] Keff_nb=[18,576,144,147456] Veff_nb=[2,2048,512,524288]
CUDA_FA_ROUTE_ALLOC kernel=MMA_F16 need_f16_K=1 need_f16_V=0 workspace_end_offset=4718592 dst_data=(nil) f16_K=0x400000 f16_V=(nil) f16_end=0x480000
CUDA_FA_ROUTE_PLAN device=0 Q=[256,256,16,1] Kraw=q4_0 Vraw=turbo3 Kshape=[256,256,4,1] Vshape=[256,256,4,1] Keff=q4_0 Veff=f16 turbo_kv=1 prefer_native_vec=0 decode=1 dk=0 dv=1 unsafe_vec_after_turbo_v_decode=1 allow_vec=0 kernel=MMA_F16 need_f16_K=1 need_f16_V=0 Knb=[18,576,144,147456] Vnb=[50,400,100,102400] Keff_nb=[18,576,144,147456] Veff_nb=[2,2048,512,524288]
CUDA_FA_ROUTE_ALLOC kernel=MMA_F16 need_f16_K=1 need_f16_V=0 workspace_end_offset=4718592 dst_data=(nil) f16_K=0x400000 f16_V=(nil) f16_end=0x480000
CUDA_FA_ROUTE_PLAN device=0 Q=[256,256,16,1] Kraw=q4_0 Vraw=turbo3 Kshape=[256,256,4,1] Vshape=[256,256,4,1] Keff=q4_0 Veff=f16 turbo_kv=1 prefer_native_vec=0 decode=1 dk=0 dv=1 unsafe_vec_after_turbo_v_decode=1 allow_vec=0 kernel=MMA_F16 need_f16_K=1 need_f16_V=0 Knb=[18,576,144,147456] Vnb=[50,400,100,102400] Keff_nb=[18,576,144,147456] Veff_nb=[2,2048,512,524288]
CUDA_FA_ROUTE_ALLOC kernel=MMA_F16 need_f16_K=1 need_f16_V=0 workspace_end_offset=4718592 dst_data=(nil) f16_K=0x400000 f16_V=(nil) f16_end=0x480000
CUDA_FA_ROUTE_PLAN device=0 Q=[256,256,16,1] Kraw=q4_0 Vraw=turbo3 Kshape=[256,256,4,1] Vshape=[256,256,4,1] Keff=q4_0 Veff=f16 turbo_kv=1 prefer_native_vec=0 decode=1 dk=0 dv=1 unsafe_vec_after_turbo_v_decode=1 allow_vec=0 kernel=MMA_F16 need_f16_K=1 need_f16_V=0 Knb=[18,576,144,147456] Vnb=[50,400,100,102400] Keff_nb=[18,576,144,147456] Veff_nb=[2,2048,512,524288]
CUDA_FA_ROUTE_ALLOC kernel=MMA_F16 need_f16_K=1 need_f16_V=0 workspace_end_offset=4718592 dst_data=(nil) f16_K=0x400000 f16_V=(nil) f16_end=0x480000
CUDA_FA_ROUTE_PLAN device=0 Q=[256,256,16,1] Kraw=q4_0 Vraw=turbo3 Kshape=[256,256,4,1] Vshape=[256,256,4,1] Keff=q4_0 Veff=f16 turbo_kv=1 prefer_native_vec=0 decode=1 dk=0 dv=1 unsafe_vec_after_turbo_v_decode=1 allow_vec=0 kernel=MMA_F16 need_f16_K=1 need_f16_V=0 Knb=[18,576,144,147456] Vnb=[50,400,100,102400] Keff_nb=[18,576,144,147456] Veff_nb=[2,2048,512,524288]
CUDA_FA_ROUTE_ALLOC kernel=MMA_F16 need_f16_K=1 need_f16_V=0 workspace_end_offset=4718592 dst_data=(nil) f16_K=0x400000 f16_V=(nil) f16_end=0x480000
CUDA_FA_ROUTE_PLAN device=0 Q=[256,256,16,1] Kraw=q4_0 Vraw=turbo3 Kshape=[256,256,4,1] Vshape=[256,256,4,1] Keff=q4_0 Veff=f16 turbo_kv=1 prefer_native_vec=0 decode=1 dk=0 dv=1 unsafe_vec_after_turbo_v_decode=1 allow_vec=0 kernel=MMA_F16 need_f16_K=1 need_f16_V=0 Knb=[18,576,144,147456] Vnb=[50,400,100,102400] Keff_nb=[18,576,144,147456] Veff_nb=[2,2048,512,524288]
CUDA_FA_ROUTE_ALLOC kernel=MMA_F16 need_f16_K=1 need_f16_V=0 workspace_end_offset=4718592 dst_data=(nil) f16_K=0x400000 f16_V=(nil) f16_end=0x480000
CUDA_FA_ROUTE_PLAN device=0 Q=[256,256,16,1] Kraw=q4_0 Vraw=turbo3 Kshape=[256,256,4,1] Vshape=[256,256,4,1] Keff=q4_0 Veff=f16 turbo_kv=1 prefer_native_vec=0 decode=1 dk=0 dv=1 unsafe_vec_after_turbo_v_decode=1 allow_vec=0 kernel=MMA_F16 need_f16_K=1 need_f16_V=0 Knb=[18,576,144,147456] Vnb=[50,400,100,102400] Keff_nb=[18,576,144,147456] Veff_nb=[2,2048,512,524288]
CUDA_FA_ROUTE_ALLOC kernel=MMA_F16 need_f16_K=1 need_f16_V=0 workspace_end_offset=4718592 dst_data=(nil) f16_K=0x400000 f16_V=(nil) f16_end=0x480000
CUDA_FA_ROUTE_PLAN device=0 Q=[256,256,16,1] Kraw=q4_0 Vraw=turbo3 Kshape=[256,256,4,1] Vshape=[256,256,4,1] Keff=q4_0 Veff=f16 turbo_kv=1 prefer_native_vec=0 decode=1 dk=0 dv=1 unsafe_vec_after_turbo_v_decode=1 allow_vec=0 kernel=MMA_F16 need_f16_K=1 need_f16_V=0 Knb=[18,576,144,147456] Vnb=[50,400,100,102400] Keff_nb=[18,576,144,147456] Veff_nb=[2,2048,512,524288]
CUDA_FA_ROUTE_ALLOC kernel=MMA_F16 need_f16_K=1 need_f16_V=0 workspace_end_offset=4718592 dst_data=(nil) f16_K=0x400000 f16_V=(nil) f16_end=0x480000
CUDA_FA_ROUTE_PLAN device=0 Q=[256,256,16,1] Kraw=q4_0 Vraw=turbo3 Kshape=[256,256,4,1] Vshape=[256,256,4,1] Keff=q4_0 Veff=f16 turbo_kv=1 prefer_native_vec=0 decode=1 dk=0 dv=1 unsafe_vec_after_turbo_v_decode=1 allow_vec=0 kernel=MMA_F16 need_f16_K=1 need_f16_V=0 Knb=[18,576,144,147456] Vnb=[50,400,100,102400] Keff_nb=[18,576,144,147456] Veff_nb=[2,2048,512,524288]
CUDA_FA_ROUTE_ALLOC kernel=MMA_F16 need_f16_K=1 need_f16_V=0 workspace_end_offset=4718592 dst_data=(nil) f16_K=0x400000 f16_V=(nil) f16_end=0x480000
CUDA_FA_ROUTE_PLAN device=0 Q=[256,256,16,1] Kraw=q4_0 Vraw=turbo3 Kshape=[256,256,4,1] Vshape=[256,256,4,1] Keff=q4_0 Veff=f16 turbo_kv=1 prefer_native_vec=0 decode=1 dk=0 dv=1 unsafe_vec_after_turbo_v_decode=1 allow_vec=0 kernel=MMA_F16 need_f16_K=1 need_f16_V=0 Knb=[18,576,144,147456] Vnb=[50,400,100,102400] Keff_nb=[18,576,144,147456] Veff_nb=[2,2048,512,524288]
CUDA_FA_ROUTE_ALLOC kernel=MMA_F16 need_f16_K=1 need_f16_V=0 workspace_end_offset=4718592 dst_data=(nil) f16_K=0x400000 f16_V=(nil) f16_end=0x480000
CUDA_FA_ROUTE_PLAN device=0 Q=[256,256,16,1] Kraw=q4_0 Vraw=turbo3 Kshape=[256,256,4,1] Vshape=[256,256,4,1] Keff=q4_0 Veff=f16 turbo_kv=1 prefer_native_vec=0 decode=1 dk=0 dv=1 unsafe_vec_after_turbo_v_decode=1 allow_vec=0 kernel=MMA_F16 need_f16_K=1 need_f16_V=0 Knb=[18,576,144,147456] Vnb=[50,400,100,102400] Keff_nb=[18,576,144,147456] Veff_nb=[2,2048,512,524288]
CUDA_FA_ROUTE_ALLOC kernel=MMA_F16 need_f16_K=1 need_f16_V=0 workspace_end_offset=4718592 dst_data=(nil) f16_K=0x400000 f16_V=(nil) f16_end=0x480000
CUDA_FA_ROUTE_PLAN device=0 Q=[256,256,16,1] Kraw=q4_0 Vraw=turbo3 Kshape=[256,256,4,1] Vshape=[256,256,4,1] Keff=q4_0 Veff=f16 turbo_kv=1 prefer_native_vec=0 decode=1 dk=0 dv=1 unsafe_vec_after_turbo_v_decode=1 allow_vec=0 kernel=MMA_F16 need_f16_K=1 need_f16_V=0 Knb=[18,576,144,147456] Vnb=[50,400,100,102400] Keff_nb=[18,576,144,147456] Veff_nb=[2,2048,512,524288]
CUDA_FA_ROUTE_ALLOC kernel=MMA_F16 need_f16_K=1 need_f16_V=0 workspace_end_offset=4718592 dst_data=(nil) f16_K=0x400000 f16_V=(nil) f16_end=0x480000
CUDA_FA_ROUTE_PLAN device=0 Q=[256,256,16,1] Kraw=q4_0 Vraw=turbo3 Kshape=[256,256,4,1] Vshape=[256,256,4,1] Keff=q4_0 Veff=f16 turbo_kv=1 prefer_native_vec=0 decode=1 dk=0 dv=1 unsafe_vec_after_turbo_v_decode=1 allow_vec=0 kernel=MMA_F16 need_f16_K=1 need_f16_V=0 Knb=[18,576,144,147456] Vnb=[50,400,100,102400] Keff_nb=[18,576,144,147456] Veff_nb=[2,2048,512,524288]
CUDA_FA_ROUTE_ALLOC kernel=MMA_F16 need_f16_K=1 need_f16_V=0 workspace_end_offset=4718592 dst_data=(nil) f16_K=0x400000 f16_V=(nil) f16_end=0x480000
CUDA_FA_ROUTE_PLAN device=0 Q=[256,256,16,1] Kraw=q4_0 Vraw=turbo3 Kshape=[256,256,4,1] Vshape=[256,256,4,1] Keff=q4_0 Veff=f16 turbo_kv=1 prefer_native_vec=0 decode=1 dk=0 dv=1 unsafe_vec_after_turbo_v_decode=1 allow_vec=0 kernel=MMA_F16 need_f16_K=1 need_f16_V=0 Knb=[18,576,144,147456] Vnb=[50,400,100,102400] Keff_nb=[18,576,144,147456] Veff_nb=[2,2048,512,524288]
CUDA_FA_ROUTE_ALLOC kernel=MMA_F16 need_f16_K=1 need_f16_V=0 workspace_end_offset=4718592 dst_data=(nil) f16_K=0x400000 f16_V=(nil) f16_end=0x480000
CUDA_FA_ROUTE_PLAN device=0 Q=[256,256,16,1] Kraw=q4_0 Vraw=turbo3 Kshape=[256,256,4,1] Vshape=[256,256,4,1] Keff=q4_0 Veff=f16 turbo_kv=1 prefer_native_vec=0 decode=1 dk=0 dv=1 unsafe_vec_after_turbo_v_decode=1 allow_vec=0 kernel=MMA_F16 need_f16_K=1 need_f16_V=0 Knb=[18,576,144,147456] Vnb=[50,400,100,102400] Keff_nb=[18,576,144,147456] Veff_nb=[2,2048,512,524288]
CUDA_FA_ROUTE_ALLOC kernel=MMA_F16 need_f16_K=1 need_f16_V=0 workspace_end_offset=4718592 dst_data=(nil) f16_K=0x400000 f16_V=(nil) f16_end=0x480000
CUDA_FA_ROUTE_PLAN device=0 Q=[256,256,16,1] Kraw=q4_0 Vraw=turbo3 Kshape=[256,256,4,1] Vshape=[256,256,4,1] Keff=q4_0 Veff=f16 turbo_kv=1 prefer_native_vec=0 decode=1 dk=0 dv=1 unsafe_vec_after_turbo_v_decode=1 allow_vec=0 kernel=MMA_F16 need_f16_K=1 need_f16_V=0 Knb=[18,576,144,147456] Vnb=[50,400,100,102400] Keff_nb=[18,576,144,147456] Veff_nb=[2,2048,512,524288]
CUDA_FA_ROUTE_ALLOC kernel=MMA_F16 need_f16_K=1 need_f16_V=0 workspace_end_offset=4718592 dst_data=(nil) f16_K=0x400000 f16_V=(nil) f16_end=0x480000
CUDA_FA_ROUTE_PLAN device=0 Q=[256,256,16,1] Kraw=q4_0 Vraw=turbo3 Kshape=[256,256,4,1] Vshape=[256,256,4,1] Keff=q4_0 Veff=f16 turbo_kv=1 prefer_native_vec=0 decode=1 dk=0 dv=1 unsafe_vec_after_turbo_v_decode=1 allow_vec=0 kernel=MMA_F16 need_f16_K=1 need_f16_V=0 Knb=[18,576,144,147456] Vnb=[50,400,100,102400] Keff_nb=[18,576,144,147456] Veff_nb=[2,2048,512,524288]
CUDA_FA_ROUTE_SUPPORTED kernel=MMA_F16 effK=q4_0 effV=f16 supported=1
CUDA_FA_ROUTE_PLAN device=0 Q=[256,256,16,1] Kraw=q4_0 Vraw=turbo3 Kshape=[256,256,4,1] Vshape=[256,256,4,1] Keff=q4_0 Veff=f16 turbo_kv=1 prefer_native_vec=0 decode=1 dk=0 dv=1 unsafe_vec_after_turbo_v_decode=1 allow_vec=0 kernel=MMA_F16 need_f16_K=1 need_f16_V=0 Knb=[18,576,144,147456] Vnb=[50,400,100,102400] Keff_nb=[18,576,144,147456] Veff_nb=[2,2048,512,524288]
CUDA_FA_ROUTE_SUPPORTED kernel=MMA_F16 effK=q4_0 effV=f16 supported=1
CUDA_FA_ROUTE_PLAN device=0 Q=[256,256,16,1] Kraw=q4_0 Vraw=turbo3 Kshape=[256,256,4,1] Vshape=[256,256,4,1] Keff=q4_0 Veff=f16 turbo_kv=1 prefer_native_vec=0 decode=1 dk=0 dv=1 unsafe_vec_after_turbo_v_decode=1 allow_vec=0 kernel=MMA_F16 need_f16_K=1 need_f16_V=0 Knb=[18,576,144,147456] Vnb=[50,400,100,102400] Keff_nb=[18,576,144,147456] Veff_nb=[2,2048,512,524288]
CUDA_FA_ROUTE_SUPPORTED kernel=MMA_F16 effK=q4_0 effV=f16 supported=1
CUDA_FA_ROUTE_PLAN device=0 Q=[256,256,16,1] Kraw=q4_0 Vraw=turbo3 Kshape=[256,256,4,1] Vshape=[256,256,4,1] Keff=q4_0 Veff=f16 turbo_kv=1 prefer_native_vec=0 decode=1 dk=0 dv=1 unsafe_vec_after_turbo_v_decode=1 allow_vec=0 kernel=MMA_F16 need_f16_K=1 need_f16_V=0 Knb=[18,576,144,147456] Vnb=[50,400,100,102400] Keff_nb=[18,576,144,147456] Veff_nb=[2,2048,512,524288]
CUDA_FA_ROUTE_SUPPORTED kernel=MMA_F16 effK=q4_0 effV=f16 supported=1
CUDA_FA_ROUTE_PLAN device=0 Q=[256,256,16,1] Kraw=q4_0 Vraw=turbo3 Kshape=[256,256,4,1] Vshape=[256,256,4,1] Keff=q4_0 Veff=f16 turbo_kv=1 prefer_native_vec=0 decode=1 dk=0 dv=1 unsafe_vec_after_turbo_v_decode=1 allow_vec=0 kernel=MMA_F16 need_f16_K=1 need_f16_V=0 Knb=[18,576,144,147456] Vnb=[50,400,100,102400] Keff_nb=[18,576,144,147456] Veff_nb=[2,2048,512,524288]
CUDA_FA_ROUTE_SUPPORTED kernel=MMA_F16 effK=q4_0 effV=f16 supported=1
CUDA_FA_ROUTE_PLAN device=0 Q=[256,256,16,1] Kraw=q4_0 Vraw=turbo3 Kshape=[256,256,4,1] Vshape=[256,256,4,1] Keff=q4_0 Veff=f16 turbo_kv=1 prefer_native_vec=0 decode=1 dk=0 dv=1 unsafe_vec_after_turbo_v_decode=1 allow_vec=0 kernel=MMA_F16 need_f16_K=1 need_f16_V=0 Knb=[18,576,144,147456] Vnb=[50,400,100,102400] Keff_nb=[18,576,144,147456] Veff_nb=[2,2048,512,524288]
CUDA_FA_ROUTE_SUPPORTED kernel=MMA_F16 effK=q4_0 effV=f16 supported=1
CUDA_FA_ROUTE_PLAN device=0 Q=[256,256,16,1] Kraw=q4_0 Vraw=turbo3 Kshape=[256,256,4,1] Vshape=[256,256,4,1] Keff=q4_0 Veff=f16 turbo_kv=1 prefer_native_vec=0 decode=1 dk=0 dv=1 unsafe_vec_after_turbo_v_decode=1 allow_vec=0 kernel=MMA_F16 need_f16_K=1 need_f16_V=0 Knb=[18,576,144,147456] Vnb=[50,400,100,102400] Keff_nb=[18,576,144,147456] Veff_nb=[2,2048,512,524288]
CUDA_FA_ROUTE_SUPPORTED kernel=MMA_F16 effK=q4_0 effV=f16 supported=1
CUDA_FA_ROUTE_PLAN device=0 Q=[256,256,16,1] Kraw=q4_0 Vraw=turbo3 Kshape=[256,256,4,1] Vshape=[256,256,4,1] Keff=q4_0 Veff=f16 turbo_kv=1 prefer_native_vec=0 decode=1 dk=0 dv=1 unsafe_vec_after_turbo_v_decode=1 allow_vec=0 kernel=MMA_F16 need_f16_K=1 need_f16_V=0 Knb=[18,576,144,147456] Vnb=[50,400,100,102400] Keff_nb=[18,576,144,147456] Veff_nb=[2,2048,512,524288]
CUDA_FA_ROUTE_SUPPORTED kernel=MMA_F16 effK=q4_0 effV=f16 supported=1
CUDA_FA_ROUTE_PLAN device=0 Q=[256,1,16,1] Kraw=q4_0 Vraw=turbo3 Kshape=[256,256,4,1] Vshape=[256,256,4,1] Keff=q4_0 Veff=f16 turbo_kv=1 prefer_native_vec=0 decode=1 dk=0 dv=1 unsafe_vec_after_turbo_v_decode=1 allow_vec=0 kernel=MMA_F16 need_f16_K=1 need_f16_V=0 Knb=[18,576,144,147456] Vnb=[50,400,100,102400] Keff_nb=[18,576,144,147456] Veff_nb=[2,2048,512,524288]
CUDA_FA_ROUTE_SUPPORTED kernel=MMA_F16 effK=q4_0 effV=f16 supported=1
CUDA_FA_ROUTE_PLAN device=0 Q=[256,1,16,1] Kraw=q4_0 Vraw=turbo3 Kshape=[256,256,4,1] Vshape=[256,256,4,1] Keff=q4_0 Veff=f16 turbo_kv=1 prefer_native_vec=0 decode=1 dk=0 dv=1 unsafe_vec_after_turbo_v_decode=1 allow_vec=0 kernel=MMA_F16 need_f16_K=1 need_f16_V=0 Knb=[18,576,144,147456] Vnb=[50,400,100,102400] Keff_nb=[18,576,144,147456] Veff_nb=[2,2048,512,524288]
CUDA_FA_ROUTE_SUPPORTED kernel=MMA_F16 effK=q4_0 effV=f16 supported=1
CUDA_FA_ROUTE_PLAN device=0 Q=[256,1,16,1] Kraw=q4_0 Vraw=turbo3 Kshape=[256,256,4,1] Vshape=[256,256,4,1] Keff=q4_0 Veff=f16 turbo_kv=1 prefer_native_vec=0 decode=1 dk=0 dv=1 unsafe_vec_after_turbo_v_decode=1 allow_vec=0 kernel=MMA_F16 need_f16_K=1 need_f16_V=0 Knb=[18,576,144,147456] Vnb=[50,400,100,102400] Keff_nb=[18,576,144,147456] Veff_nb=[2,2048,512,524288]
CUDA_FA_ROUTE_SUPPORTED kernel=MMA_F16 effK=q4_0 effV=f16 supported=1
CUDA_FA_ROUTE_PLAN device=0 Q=[256,1,16,1] Kraw=q4_0 Vraw=turbo3 Kshape=[256,256,4,1] Vshape=[256,256,4,1] Keff=q4_0 Veff=f16 turbo_kv=1 prefer_native_vec=0 decode=1 dk=0 dv=1 unsafe_vec_after_turbo_v_decode=1 allow_vec=0 kernel=MMA_F16 need_f16_K=1 need_f16_V=0 Knb=[18,576,144,147456] Vnb=[50,400,100,102400] Keff_nb=[18,576,144,147456] Veff_nb=[2,2048,512,524288]
CUDA_FA_ROUTE_SUPPORTED kernel=MMA_F16 effK=q4_0 effV=f16 supported=1
CUDA_FA_ROUTE_PLAN device=0 Q=[256,1,16,1] Kraw=q4_0 Vraw=turbo3 Kshape=[256,256,4,1] Vshape=[256,256,4,1] Keff=q4_0 Veff=f16 turbo_kv=1 prefer_native_vec=0 decode=1 dk=0 dv=1 unsafe_vec_after_turbo_v_decode=1 allow_vec=0 kernel=MMA_F16 need_f16_K=1 need_f16_V=0 Knb=[18,576,144,147456] Vnb=[50,400,100,102400] Keff_nb=[18,576,144,147456] Veff_nb=[2,2048,512,524288]
CUDA_FA_ROUTE_SUPPORTED kernel=MMA_F16 effK=q4_0 effV=f16 supported=1
CUDA_FA_ROUTE_PLAN device=0 Q=[256,1,16,1] Kraw=q4_0 Vraw=turbo3 Kshape=[256,256,4,1] Vshape=[256,256,4,1] Keff=q4_0 Veff=f16 turbo_kv=1 prefer_native_vec=0 decode=1 dk=0 dv=1 unsafe_vec_after_turbo_v_decode=1 allow_vec=0 kernel=MMA_F16 need_f16_K=1 need_f16_V=0 Knb=[18,576,144,147456] Vnb=[50,400,100,102400] Keff_nb=[18,576,144,147456] Veff_nb=[2,2048,512,524288]
CUDA_FA_ROUTE_SUPPORTED kernel=MMA_F16 effK=q4_0 effV=f16 supported=1
CUDA_FA_ROUTE_PLAN device=0 Q=[256,1,16,1] Kraw=q4_0 Vraw=turbo3 Kshape=[256,256,4,1] Vshape=[256,256,4,1] Keff=q4_0 Veff=f16 turbo_kv=1 prefer_native_vec=0 decode=1 dk=0 dv=1 unsafe_vec_after_turbo_v_decode=1 allow_vec=0 kernel=MMA_F16 need_f16_K=1 need_f16_V=0 Knb=[18,576,144,147456] Vnb=[50,400,100,102400] Keff_nb=[18,576,144,147456] Veff_nb=[2,2048,512,524288]
CUDA_FA_ROUTE_SUPPORTED kernel=MMA_F16 effK=q4_0 effV=f16 supported=1
CUDA_FA_ROUTE_PLAN device=0 Q=[256,1,16,1] Kraw=q4_0 Vraw=turbo3 Kshape=[256,256,4,1] Vshape=[256,256,4,1] Keff=q4_0 Veff=f16 turbo_kv=1 prefer_native_vec=0 decode=1 dk=0 dv=1 unsafe_vec_after_turbo_v_decode=1 allow_vec=0 kernel=MMA_F16 need_f16_K=1 need_f16_V=0 Knb=[18,576,144,147456] Vnb=[50,400,100,102400] Keff_nb=[18,576,144,147456] Veff_nb=[2,2048,512,524288]
CUDA_FA_ROUTE_SUPPORTED kernel=MMA_F16 effK=q4_0 effV=f16 supported=1
CUDA_FA_ROUTE_PLAN device=0 Q=[256,16,16,1] Kraw=q4_0 Vraw=turbo3 Kshape=[256,256,4,1] Vshape=[256,256,4,1] Keff=q4_0 Veff=f16 turbo_kv=1 prefer_native_vec=0 decode=1 dk=0 dv=1 unsafe_vec_after_turbo_v_decode=1 allow_vec=0 kernel=MMA_F16 need_f16_K=1 need_f16_V=0 Knb=[18,576,144,147456] Vnb=[50,400,100,102400] Keff_nb=[18,576,144,147456] Veff_nb=[2,2048,512,524288]
CUDA_FA_ROUTE_SUPPORTED kernel=MMA_F16 effK=q4_0 effV=f16 supported=1
CUDA_FA_ROUTE_PLAN device=0 Q=[256,16,16,1] Kraw=q4_0 Vraw=turbo3 Kshape=[256,256,4,1] Vshape=[256,256,4,1] Keff=q4_0 Veff=f16 turbo_kv=1 prefer_native_vec=0 decode=1 dk=0 dv=1 unsafe_vec_after_turbo_v_decode=1 allow_vec=0 kernel=MMA_F16 need_f16_K=1 need_f16_V=0 Knb=[18,576,144,147456] Vnb=[50,400,100,102400] Keff_nb=[18,576,144,147456] Veff_nb=[2,2048,512,524288]
CUDA_FA_ROUTE_SUPPORTED kernel=MMA_F16 effK=q4_0 effV=f16 supported=1
CUDA_FA_ROUTE_PLAN device=0 Q=[256,16,16,1] Kraw=q4_0 Vraw=turbo3 Kshape=[256,256,4,1] Vshape=[256,256,4,1] Keff=q4_0 Veff=f16 turbo_kv=1 prefer_native_vec=0 decode=1 dk=0 dv=1 unsafe_vec_after_turbo_v_decode=1 allow_vec=0 kernel=MMA_F16 need_f16_K=1 need_f16_V=0 Knb=[18,576,144,147456] Vnb=[50,400,100,102400] Keff_nb=[18,576,144,147456] Veff_nb=[2,2048,512,524288]
CUDA_FA_ROUTE_SUPPORTED kernel=MMA_F16 effK=q4_0 effV=f16 supported=1
CUDA_FA_ROUTE_PLAN device=0 Q=[256,16,16,1] Kraw=q4_0 Vraw=turbo3 Kshape=[256,256,4,1] Vshape=[256,256,4,1] Keff=q4_0 Veff=f16 turbo_kv=1 prefer_native_vec=0 decode=1 dk=0 dv=1 unsafe_vec_after_turbo_v_decode=1 allow_vec=0 kernel=MMA_F16 need_f16_K=1 need_f16_V=0 Knb=[18,576,144,147456] Vnb=[50,400,100,102400] Keff_nb=[18,576,144,147456] Veff_nb=[2,2048,512,524288]
CUDA_FA_ROUTE_SUPPORTED kernel=MMA_F16 effK=q4_0 effV=f16 supported=1
CUDA_FA_ROUTE_PLAN device=0 Q=[256,16,16,1] Kraw=q4_0 Vraw=turbo3 Kshape=[256,256,4,1] Vshape=[256,256,4,1] Keff=q4_0 Veff=f16 turbo_kv=1 prefer_native_vec=0 decode=1 dk=0 dv=1 unsafe_vec_after_turbo_v_decode=1 allow_vec=0 kernel=MMA_F16 need_f16_K=1 need_f16_V=0 Knb=[18,576,144,147456] Vnb=[50,400,100,102400] Keff_nb=[18,576,144,147456] Veff_nb=[2,2048,512,524288]
CUDA_FA_ROUTE_SUPPORTED kernel=MMA_F16 effK=q4_0 effV=f16 supported=1
CUDA_FA_ROUTE_PLAN device=0 Q=[256,16,16,1] Kraw=q4_0 Vraw=turbo3 Kshape=[256,256,4,1] Vshape=[256,256,4,1] Keff=q4_0 Veff=f16 turbo_kv=1 prefer_native_vec=0 decode=1 dk=0 dv=1 unsafe_vec_after_turbo_v_decode=1 allow_vec=0 kernel=MMA_F16 need_f16_K=1 need_f16_V=0 Knb=[18,576,144,147456] Vnb=[50,400,100,102400] Keff_nb=[18,576,144,147456] Veff_nb=[2,2048,512,524288]
CUDA_FA_ROUTE_SUPPORTED kernel=MMA_F16 effK=q4_0 effV=f16 supported=1
CUDA_FA_ROUTE_PLAN device=0 Q=[256,16,16,1] Kraw=q4_0 Vraw=turbo3 Kshape=[256,256,4,1] Vshape=[256,256,4,1] Keff=q4_0 Veff=f16 turbo_kv=1 prefer_native_vec=0 decode=1 dk=0 dv=1 unsafe_vec_after_turbo_v_decode=1 allow_vec=0 kernel=MMA_F16 need_f16_K=1 need_f16_V=0 Knb=[18,576,144,147456] Vnb=[50,400,100,102400] Keff_nb=[18,576,144,147456] Veff_nb=[2,2048,512,524288]
CUDA_FA_ROUTE_SUPPORTED kernel=MMA_F16 effK=q4_0 effV=f16 supported=1
CUDA_FA_ROUTE_PLAN device=0 Q=[256,16,16,1] Kraw=q4_0 Vraw=turbo3 Kshape=[256,256,4,1] Vshape=[256,256,4,1] Keff=q4_0 Veff=f16 turbo_kv=1 prefer_native_vec=0 decode=1 dk=0 dv=1 unsafe_vec_after_turbo_v_decode=1 allow_vec=0 kernel=MMA_F16 need_f16_K=1 need_f16_V=0 Knb=[18,576,144,147456] Vnb=[50,400,100,102400] Keff_nb=[18,576,144,147456] Veff_nb=[2,2048,512,524288]
CUDA_FA_ROUTE_SUPPORTED kernel=MMA_F16 effK=q4_0 effV=f16 supported=1
CUDA_FA_ROUTE_PLAN device=0 Q=[256,1,16,1] Kraw=q4_0 Vraw=turbo3 Kshape=[256,256,4,1] Vshape=[256,256,4,1] Keff=q4_0 Veff=f16 turbo_kv=1 prefer_native_vec=0 decode=1 dk=0 dv=1 unsafe_vec_after_turbo_v_decode=1 allow_vec=0 kernel=MMA_F16 need_f16_K=1 need_f16_V=0 Knb=[18,576,144,147456] Vnb=[50,400,100,102400] Keff_nb=[18,576,144,147456] Veff_nb=[2,2048,512,524288]
CUDA_FA_ROUTE_SUPPORTED kernel=MMA_F16 effK=q4_0 effV=f16 supported=1
CUDA_FA_ROUTE_PLAN device=0 Q=[256,1,16,1] Kraw=q4_0 Vraw=turbo3 Kshape=[256,256,4,1] Vshape=[256,256,4,1] Keff=q4_0 Veff=f16 turbo_kv=1 prefer_native_vec=0 decode=1 dk=0 dv=1 unsafe_vec_after_turbo_v_decode=1 allow_vec=0 kernel=MMA_F16 need_f16_K=1 need_f16_V=0 Knb=[18,576,144,147456] Vnb=[50,400,100,102400] Keff_nb=[18,576,144,147456] Veff_nb=[2,2048,512,524288]
CUDA_FA_ROUTE_SUPPORTED kernel=MMA_F16 effK=q4_0 effV=f16 supported=1
CUDA_FA_ROUTE_PLAN device=0 Q=[256,1,16,1] Kraw=q4_0 Vraw=turbo3 Kshape=[256,256,4,1] Vshape=[256,256,4,1] Keff=q4_0 Veff=f16 turbo_kv=1 prefer_native_vec=0 decode=1 dk=0 dv=1 unsafe_vec_after_turbo_v_decode=1 allow_vec=0 kernel=MMA_F16 need_f16_K=1 need_f16_V=0 Knb=[18,576,144,147456] Vnb=[50,400,100,102400] Keff_nb=[18,576,144,147456] Veff_nb=[2,2048,512,524288]
CUDA_FA_ROUTE_SUPPORTED kernel=MMA_F16 effK=q4_0 effV=f16 supported=1
CUDA_FA_ROUTE_PLAN device=0 Q=[256,1,16,1] Kraw=q4_0 Vraw=turbo3 Kshape=[256,256,4,1] Vshape=[256,256,4,1] Keff=q4_0 Veff=f16 turbo_kv=1 prefer_native_vec=0 decode=1 dk=0 dv=1 unsafe_vec_after_turbo_v_decode=1 allow_vec=0 kernel=MMA_F16 need_f16_K=1 need_f16_V=0 Knb=[18,576,144,147456] Vnb=[50,400,100,102400] Keff_nb=[18,576,144,147456] Veff_nb=[2,2048,512,524288]
CUDA_FA_ROUTE_SUPPORTED kernel=MMA_F16 effK=q4_0 effV=f16 supported=1
CUDA_FA_ROUTE_PLAN device=0 Q=[256,1,16,1] Kraw=q4_0 Vraw=turbo3 Kshape=[256,256,4,1] Vshape=[256,256,4,1] Keff=q4_0 Veff=f16 turbo_kv=1 prefer_native_vec=0 decode=1 dk=0 dv=1 unsafe_vec_after_turbo_v_decode=1 allow_vec=0 kernel=MMA_F16 need_f16_K=1 need_f16_V=0 Knb=[18,576,144,147456] Vnb=[50,400,100,102400] Keff_nb=[18,576,144,147456] Veff_nb=[2,2048,512,524288]
CUDA_FA_ROUTE_SUPPORTED kernel=MMA_F16 effK=q4_0 effV=f16 supported=1
CUDA_FA_ROUTE_PLAN device=0 Q=[256,1,16,1] Kraw=q4_0 Vraw=turbo3 Kshape=[256,256,4,1] Vshape=[256,256,4,1] Keff=q4_0 Veff=f16 turbo_kv=1 prefer_native_vec=0 decode=1 dk=0 dv=1 unsafe_vec_after_turbo_v_decode=1 allow_vec=0 kernel=MMA_F16 need_f16_K=1 need_f16_V=0 Knb=[18,576,144,147456] Vnb=[50,400,100,102400] Keff_nb=[18,576,144,147456] Veff_nb=[2,2048,512,524288]
CUDA_FA_ROUTE_SUPPORTED kernel=MMA_F16 effK=q4_0 effV=f16 supported=1
CUDA_FA_ROUTE_PLAN device=0 Q=[256,1,16,1] Kraw=q4_0 Vraw=turbo3 Kshape=[256,256,4,1] Vshape=[256,256,4,1] Keff=q4_0 Veff=f16 turbo_kv=1 prefer_native_vec=0 decode=1 dk=0 dv=1 unsafe_vec_after_turbo_v_decode=1 allow_vec=0 kernel=MMA_F16 need_f16_K=1 need_f16_V=0 Knb=[18,576,144,147456] Vnb=[50,400,100,102400] Keff_nb=[18,576,144,147456] Veff_nb=[2,2048,512,524288]
CUDA_FA_ROUTE_SUPPORTED kernel=MMA_F16 effK=q4_0 effV=f16 supported=1
CUDA_FA_ROUTE_PLAN device=0 Q=[256,1,16,1] Kraw=q4_0 Vraw=turbo3 Kshape=[256,256,4,1] Vshape=[256,256,4,1] Keff=q4_0 Veff=f16 turbo_kv=1 prefer_native_vec=0 decode=1 dk=0 dv=1 unsafe_vec_after_turbo_v_decode=1 allow_vec=0 kernel=MMA_F16 need_f16_K=1 need_f16_V=0 Knb=[18,576,144,147456] Vnb=[50,400,100,102400] Keff_nb=[18,576,144,147456] Veff_nb=[2,2048,512,524288]
CUDA_FA_ROUTE_SUPPORTED kernel=MMA_F16 effK=q4_0 effV=f16 supported=1
CUDA_FA_ROUTE_PLAN device=0 Q=[256,256,16,1] Kraw=q4_0 Vraw=turbo3 Kshape=[256,256,4,1] Vshape=[256,256,4,1] Keff=q4_0 Veff=f16 turbo_kv=1 prefer_native_vec=0 decode=1 dk=0 dv=1 unsafe_vec_after_turbo_v_decode=1 allow_vec=0 kernel=MMA_F16 need_f16_K=1 need_f16_V=0 Knb=[18,576,144,147456] Vnb=[50,400,100,102400] Keff_nb=[18,576,144,147456] Veff_nb=[2,2048,512,524288]
CUDA_FA_ROUTE_SUPPORTED kernel=MMA_F16 effK=q4_0 effV=f16 supported=1
CUDA_FA_ROUTE_PLAN device=0 Q=[256,256,16,1] Kraw=q4_0 Vraw=turbo3 Kshape=[256,256,4,1] Vshape=[256,256,4,1] Keff=q4_0 Veff=f16 turbo_kv=1 prefer_native_vec=0 decode=1 dk=0 dv=1 unsafe_vec_after_turbo_v_decode=1 allow_vec=0 kernel=MMA_F16 need_f16_K=1 need_f16_V=0 Knb=[18,576,144,147456] Vnb=[50,400,100,102400] Keff_nb=[18,576,144,147456] Veff_nb=[2,2048,512,524288]
CUDA_FA_ROUTE_SUPPORTED kernel=MMA_F16 effK=q4_0 effV=f16 supported=1
CUDA_FA_ROUTE_PLAN device=0 Q=[256,256,16,1] Kraw=q4_0 Vraw=turbo3 Kshape=[256,256,4,1] Vshape=[256,256,4,1] Keff=q4_0 Veff=f16 turbo_kv=1 prefer_native_vec=0 decode=1 dk=0 dv=1 unsafe_vec_after_turbo_v_decode=1 allow_vec=0 kernel=MMA_F16 need_f16_K=1 need_f16_V=0 Knb=[18,576,144,147456] Vnb=[50,400,100,102400] Keff_nb=[18,576,144,147456] Veff_nb=[2,2048,512,524288]
CUDA_FA_ROUTE_SUPPORTED kernel=MMA_F16 effK=q4_0 effV=f16 supported=1
CUDA_FA_ROUTE_PLAN device=0 Q=[256,256,16,1] Kraw=q4_0 Vraw=turbo3 Kshape=[256,256,4,1] Vshape=[256,256,4,1] Keff=q4_0 Veff=f16 turbo_kv=1 prefer_native_vec=0 decode=1 dk=0 dv=1 unsafe_vec_after_turbo_v_decode=1 allow_vec=0 kernel=MMA_F16 need_f16_K=1 need_f16_V=0 Knb=[18,576,144,147456] Vnb=[50,400,100,102400] Keff_nb=[18,576,144,147456] Veff_nb=[2,2048,512,524288]
CUDA_FA_ROUTE_SUPPORTED kernel=MMA_F16 effK=q4_0 effV=f16 supported=1
CUDA_FA_ROUTE_PLAN device=0 Q=[256,256,16,1] Kraw=q4_0 Vraw=turbo3 Kshape=[256,256,4,1] Vshape=[256,256,4,1] Keff=q4_0 Veff=f16 turbo_kv=1 prefer_native_vec=0 decode=1 dk=0 dv=1 unsafe_vec_after_turbo_v_decode=1 allow_vec=0 kernel=MMA_F16 need_f16_K=1 need_f16_V=0 Knb=[18,576,144,147456] Vnb=[50,400,100,102400] Keff_nb=[18,576,144,147456] Veff_nb=[2,2048,512,524288]
CUDA_FA_ROUTE_SUPPORTED kernel=MMA_F16 effK=q4_0 effV=f16 supported=1
CUDA_FA_ROUTE_PLAN device=0 Q=[256,256,16,1] Kraw=q4_0 Vraw=turbo3 Kshape=[256,256,4,1] Vshape=[256,256,4,1] Keff=q4_0 Veff=f16 turbo_kv=1 prefer_native_vec=0 decode=1 dk=0 dv=1 unsafe_vec_after_turbo_v_decode=1 allow_vec=0 kernel=MMA_F16 need_f16_K=1 need_f16_V=0 Knb=[18,576,144,147456] Vnb=[50,400,100,102400] Keff_nb=[18,576,144,147456] Veff_nb=[2,2048,512,524288]
CUDA_FA_ROUTE_SUPPORTED kernel=MMA_F16 effK=q4_0 effV=f16 supported=1
CUDA_FA_ROUTE_PLAN device=0 Q=[256,256,16,1] Kraw=q4_0 Vraw=turbo3 Kshape=[256,256,4,1] Vshape=[256,256,4,1] Keff=q4_0 Veff=f16 turbo_kv=1 prefer_native_vec=0 decode=1 dk=0 dv=1 unsafe_vec_after_turbo_v_decode=1 allow_vec=0 kernel=MMA_F16 need_f16_K=1 need_f16_V=0 Knb=[18,576,144,147456] Vnb=[50,400,100,102400] Keff_nb=[18,576,144,147456] Veff_nb=[2,2048,512,524288]
CUDA_FA_ROUTE_SUPPORTED kernel=MMA_F16 effK=q4_0 effV=f16 supported=1
CUDA_FA_ROUTE_PLAN device=0 Q=[256,256,16,1] Kraw=q4_0 Vraw=turbo3 Kshape=[256,256,4,1] Vshape=[256,256,4,1] Keff=q4_0 Veff=f16 turbo_kv=1 prefer_native_vec=0 decode=1 dk=0 dv=1 unsafe_vec_after_turbo_v_decode=1 allow_vec=0 kernel=MMA_F16 need_f16_K=1 need_f16_V=0 Knb=[18,576,144,147456] Vnb=[50,400,100,102400] Keff_nb=[18,576,144,147456] Veff_nb=[2,2048,512,524288]
CUDA_FA_ROUTE_SUPPORTED kernel=MMA_F16 effK=q4_0 effV=f16 supported=1
CUDA_FA_ROUTE_PLAN device=0 Q=[256,256,16,1] Kraw=q4_0 Vraw=turbo3 Kshape=[256,256,4,1] Vshape=[256,256,4,1] Keff=q4_0 Veff=f16 turbo_kv=1 prefer_native_vec=0 decode=1 dk=0 dv=1 unsafe_vec_after_turbo_v_decode=1 allow_vec=0 kernel=MMA_F16 need_f16_K=1 need_f16_V=0 Knb=[18,576,144,147456] Vnb=[50,400,100,102400] Keff_nb=[18,576,144,147456] Veff_nb=[2,2048,512,524288]
CUDA_FA_ROUTE_ALLOC kernel=MMA_F16 need_f16_K=1 need_f16_V=0 workspace_end_offset=4718592 dst_data=(nil) f16_K=0x400000 f16_V=(nil) f16_end=0x480000
CUDA_FA_ROUTE_PLAN device=0 Q=[256,256,16,1] Kraw=q4_0 Vraw=turbo3 Kshape=[256,256,4,1] Vshape=[256,256,4,1] Keff=q4_0 Veff=f16 turbo_kv=1 prefer_native_vec=0 decode=1 dk=0 dv=1 unsafe_vec_after_turbo_v_decode=1 allow_vec=0 kernel=MMA_F16 need_f16_K=1 need_f16_V=0 Knb=[18,576,144,147456] Vnb=[50,400,100,102400] Keff_nb=[18,576,144,147456] Veff_nb=[2,2048,512,524288]
CUDA_FA_ROUTE_ALLOC kernel=MMA_F16 need_f16_K=1 need_f16_V=0 workspace_end_offset=4718592 dst_data=(nil) f16_K=0x400000 f16_V=(nil) f16_end=0x480000
CUDA_FA_ROUTE_PLAN device=0 Q=[256,256,16,1] Kraw=q4_0 Vraw=turbo3 Kshape=[256,256,4,1] Vshape=[256,256,4,1] Keff=q4_0 Veff=f16 turbo_kv=1 prefer_native_vec=0 decode=1 dk=0 dv=1 unsafe_vec_after_turbo_v_decode=1 allow_vec=0 kernel=MMA_F16 need_f16_K=1 need_f16_V=0 Knb=[18,576,144,147456] Vnb=[50,400,100,102400] Keff_nb=[18,576,144,147456] Veff_nb=[2,2048,512,524288]
CUDA_FA_ROUTE_ALLOC kernel=MMA_F16 need_f16_K=1 need_f16_V=0 workspace_end_offset=4718592 dst_data=(nil) f16_K=0x400000 f16_V=(nil) f16_end=0x480000
CUDA_FA_ROUTE_PLAN device=0 Q=[256,256,16,1] Kraw=q4_0 Vraw=turbo3 Kshape=[256,256,4,1] Vshape=[256,256,4,1] Keff=q4_0 Veff=f16 turbo_kv=1 prefer_native_vec=0 decode=1 dk=0 dv=1 unsafe_vec_after_turbo_v_decode=1 allow_vec=0 kernel=MMA_F16 need_f16_K=1 need_f16_V=0 Knb=[18,576,144,147456] Vnb=[50,400,100,102400] Keff_nb=[18,576,144,147456] Veff_nb=[2,2048,512,524288]
CUDA_FA_ROUTE_ALLOC kernel=MMA_F16 need_f16_K=1 need_f16_V=0 workspace_end_offset=4718592 dst_data=(nil) f16_K=0x400000 f16_V=(nil) f16_end=0x480000
CUDA_FA_ROUTE_PLAN device=0 Q=[256,256,16,1] Kraw=q4_0 Vraw=turbo3 Kshape=[256,256,4,1] Vshape=[256,256,4,1] Keff=q4_0 Veff=f16 turbo_kv=1 prefer_native_vec=0 decode=1 dk=0 dv=1 unsafe_vec_after_turbo_v_decode=1 allow_vec=0 kernel=MMA_F16 need_f16_K=1 need_f16_V=0 Knb=[18,576,144,147456] Vnb=[50,400,100,102400] Keff_nb=[18,576,144,147456] Veff_nb=[2,2048,512,524288]
CUDA_FA_ROUTE_ALLOC kernel=MMA_F16 need_f16_K=1 need_f16_V=0 workspace_end_offset=4718592 dst_data=(nil) f16_K=0x400000 f16_V=(nil) f16_end=0x480000
CUDA_FA_ROUTE_PLAN device=0 Q=[256,256,16,1] Kraw=q4_0 Vraw=turbo3 Kshape=[256,256,4,1] Vshape=[256,256,4,1] Keff=q4_0 Veff=f16 turbo_kv=1 prefer_native_vec=0 decode=1 dk=0 dv=1 unsafe_vec_after_turbo_v_decode=1 allow_vec=0 kernel=MMA_F16 need_f16_K=1 need_f16_V=0 Knb=[18,576,144,147456] Vnb=[50,400,100,102400] Keff_nb=[18,576,144,147456] Veff_nb=[2,2048,512,524288]
CUDA_FA_ROUTE_ALLOC kernel=MMA_F16 need_f16_K=1 need_f16_V=0 workspace_end_offset=4718592 dst_data=(nil) f16_K=0x400000 f16_V=(nil) f16_end=0x480000
CUDA_FA_ROUTE_PLAN device=0 Q=[256,256,16,1] Kraw=q4_0 Vraw=turbo3 Kshape=[256,256,4,1] Vshape=[256,256,4,1] Keff=q4_0 Veff=f16 turbo_kv=1 prefer_native_vec=0 decode=1 dk=0 dv=1 unsafe_vec_after_turbo_v_decode=1 allow_vec=0 kernel=MMA_F16 need_f16_K=1 need_f16_V=0 Knb=[18,576,144,147456] Vnb=[50,400,100,102400] Keff_nb=[18,576,144,147456] Veff_nb=[2,2048,512,524288]
CUDA_FA_ROUTE_ALLOC kernel=MMA_F16 need_f16_K=1 need_f16_V=0 workspace_end_offset=4718592 dst_data=(nil) f16_K=0x400000 f16_V=(nil) f16_end=0x480000
CUDA_FA_ROUTE_PLAN device=0 Q=[256,256,16,1] Kraw=q4_0 Vraw=turbo3 Kshape=[256,256,4,1] Vshape=[256,256,4,1] Keff=q4_0 Veff=f16 turbo_kv=1 prefer_native_vec=0 decode=1 dk=0 dv=1 unsafe_vec_after_turbo_v_decode=1 allow_vec=0 kernel=MMA_F16 need_f16_K=1 need_f16_V=0 Knb=[18,576,144,147456] Vnb=[50,400,100,102400] Keff_nb=[18,576,144,147456] Veff_nb=[2,2048,512,524288]
CUDA_FA_ROUTE_ALLOC kernel=MMA_F16 need_f16_K=1 need_f16_V=0 workspace_end_offset=4718592 dst_data=(nil) f16_K=0x400000 f16_V=(nil) f16_end=0x480000
CUDA_FA_ROUTE_PLAN device=0 Q=[256,256,16,1] Kraw=q4_0 Vraw=turbo3 Kshape=[256,256,4,1] Vshape=[256,256,4,1] Keff=q4_0 Veff=f16 turbo_kv=1 prefer_native_vec=0 decode=1 dk=0 dv=1 unsafe_vec_after_turbo_v_decode=1 allow_vec=0 kernel=MMA_F16 need_f16_K=1 need_f16_V=0 Knb=[18,576,144,147456] Vnb=[50,400,100,102400] Keff_nb=[18,576,144,147456] Veff_nb=[2,2048,512,524288]
CUDA_FA_ROUTE_ALLOC kernel=MMA_F16 need_f16_K=1 need_f16_V=0 workspace_end_offset=4718592 dst_data=(nil) f16_K=0x400000 f16_V=(nil) f16_end=0x480000
CUDA_FA_ROUTE_PLAN device=0 Q=[256,256,16,1] Kraw=q4_0 Vraw=turbo3 Kshape=[256,256,4,1] Vshape=[256,256,4,1] Keff=q4_0 Veff=f16 turbo_kv=1 prefer_native_vec=0 decode=1 dk=0 dv=1 unsafe_vec_after_turbo_v_decode=1 allow_vec=0 kernel=MMA_F16 need_f16_K=1 need_f16_V=0 Knb=[18,576,144,147456] Vnb=[50,400,100,102400] Keff_nb=[18,576,144,147456] Veff_nb=[2,2048,512,524288]
CUDA_FA_ROUTE_ALLOC kernel=MMA_F16 need_f16_K=1 need_f16_V=0 workspace_end_offset=4718592 dst_data=(nil) f16_K=0x400000 f16_V=(nil) f16_end=0x480000
CUDA_FA_ROUTE_PLAN device=0 Q=[256,256,16,1] Kraw=q4_0 Vraw=turbo3 Kshape=[256,256,4,1] Vshape=[256,256,4,1] Keff=q4_0 Veff=f16 turbo_kv=1 prefer_native_vec=0 decode=1 dk=0 dv=1 unsafe_vec_after_turbo_v_decode=1 allow_vec=0 kernel=MMA_F16 need_f16_K=1 need_f16_V=0 Knb=[18,576,144,147456] Vnb=[50,400,100,102400] Keff_nb=[18,576,144,147456] Veff_nb=[2,2048,512,524288]
CUDA_FA_ROUTE_ALLOC kernel=MMA_F16 need_f16_K=1 need_f16_V=0 workspace_end_offset=4718592 dst_data=(nil) f16_K=0x400000 f16_V=(nil) f16_end=0x480000
CUDA_FA_ROUTE_PLAN device=0 Q=[256,256,16,1] Kraw=q4_0 Vraw=turbo3 Kshape=[256,256,4,1] Vshape=[256,256,4,1] Keff=q4_0 Veff=f16 turbo_kv=1 prefer_native_vec=0 decode=1 dk=0 dv=1 unsafe_vec_after_turbo_v_decode=1 allow_vec=0 kernel=MMA_F16 need_f16_K=1 need_f16_V=0 Knb=[18,576,144,147456] Vnb=[50,400,100,102400] Keff_nb=[18,576,144,147456] Veff_nb=[2,2048,512,524288]
CUDA_FA_ROUTE_ALLOC kernel=MMA_F16 need_f16_K=1 need_f16_V=0 workspace_end_offset=4718592 dst_data=(nil) f16_K=0x400000 f16_V=(nil) f16_end=0x480000
CUDA_FA_ROUTE_PLAN device=0 Q=[256,256,16,1] Kraw=q4_0 Vraw=turbo3 Kshape=[256,256,4,1] Vshape=[256,256,4,1] Keff=q4_0 Veff=f16 turbo_kv=1 prefer_native_vec=0 decode=1 dk=0 dv=1 unsafe_vec_after_turbo_v_decode=1 allow_vec=0 kernel=MMA_F16 need_f16_K=1 need_f16_V=0 Knb=[18,576,144,147456] Vnb=[50,400,100,102400] Keff_nb=[18,576,144,147456] Veff_nb=[2,2048,512,524288]
CUDA_FA_ROUTE_ALLOC kernel=MMA_F16 need_f16_K=1 need_f16_V=0 workspace_end_offset=4718592 dst_data=(nil) f16_K=0x400000 f16_V=(nil) f16_end=0x480000
CUDA_FA_ROUTE_PLAN device=0 Q=[256,256,16,1] Kraw=q4_0 Vraw=turbo3 Kshape=[256,256,4,1] Vshape=[256,256,4,1] Keff=q4_0 Veff=f16 turbo_kv=1 prefer_native_vec=0 decode=1 dk=0 dv=1 unsafe_vec_after_turbo_v_decode=1 allow_vec=0 kernel=MMA_F16 need_f16_K=1 need_f16_V=0 Knb=[18,576,144,147456] Vnb=[50,400,100,102400] Keff_nb=[18,576,144,147456] Veff_nb=[2,2048,512,524288]
CUDA_FA_ROUTE_ALLOC kernel=MMA_F16 need_f16_K=1 need_f16_V=0 workspace_end_offset=4718592 dst_data=(nil) f16_K=0x400000 f16_V=(nil) f16_end=0x480000
CUDA_FA_ROUTE_PLAN device=0 Q=[256,256,16,1] Kraw=q4_0 Vraw=turbo3 Kshape=[256,256,4,1] Vshape=[256,256,4,1] Keff=q4_0 Veff=f16 turbo_kv=1 prefer_native_vec=0 decode=1 dk=0 dv=1 unsafe_vec_after_turbo_v_decode=1 allow_vec=0 kernel=MMA_F16 need_f16_K=1 need_f16_V=0 Knb=[18,576,144,147456] Vnb=[50,400,100,102400] Keff_nb=[18,576,144,147456] Veff_nb=[2,2048,512,524288]
CUDA_FA_ROUTE_ALLOC kernel=MMA_F16 need_f16_K=1 need_f16_V=0 workspace_end_offset=4718592 dst_data=(nil) f16_K=0x400000 f16_V=(nil) f16_end=0x480000
CUDA_FA_ROUTE_PLAN device=0 Q=[256,256,16,1] Kraw=q4_0 Vraw=turbo3 Kshape=[256,256,4,1] Vshape=[256,256,4,1] Keff=q4_0 Veff=f16 turbo_kv=1 prefer_native_vec=0 decode=1 dk=0 dv=1 unsafe_vec_after_turbo_v_decode=1 allow_vec=0 kernel=MMA_F16 need_f16_K=1 need_f16_V=0 Knb=[18,576,144,147456] Vnb=[50,400,100,102400] Keff_nb=[18,576,144,147456] Veff_nb=[2,2048,512,524288]
CUDA_FA_ROUTE_ALLOC kernel=MMA_F16 need_f16_K=1 need_f16_V=0 workspace_end_offset=4718592 dst_data=(nil) f16_K=0x400000 f16_V=(nil) f16_end=0x480000
CUDA_FA_ROUTE_PLAN device=0 Q=[256,256,16,1] Kraw=q4_0 Vraw=turbo3 Kshape=[256,256,4,1] Vshape=[256,256,4,1] Keff=q4_0 Veff=f16 turbo_kv=1 prefer_native_vec=0 decode=1 dk=0 dv=1 unsafe_vec_after_turbo_v_decode=1 allow_vec=0 kernel=MMA_F16 need_f16_K=1 need_f16_V=0 Knb=[18,576,144,147456] Vnb=[50,400,100,102400] Keff_nb=[18,576,144,147456] Veff_nb=[2,2048,512,524288]
CUDA_FA_ROUTE_ALLOC kernel=MMA_F16 need_f16_K=1 need_f16_V=0 workspace_end_offset=4718592 dst_data=(nil) f16_K=0x400000 f16_V=(nil) f16_end=0x480000
CUDA_FA_ROUTE_PLAN device=0 Q=[256,256,16,1] Kraw=q4_0 Vraw=turbo3 Kshape=[256,256,4,1] Vshape=[256,256,4,1] Keff=q4_0 Veff=f16 turbo_kv=1 prefer_native_vec=0 decode=1 dk=0 dv=1 unsafe_vec_after_turbo_v_decode=1 allow_vec=0 kernel=MMA_F16 need_f16_K=1 need_f16_V=0 Knb=[18,576,144,147456] Vnb=[50,400,100,102400] Keff_nb=[18,576,144,147456] Veff_nb=[2,2048,512,524288]
CUDA_FA_ROUTE_ALLOC kernel=MMA_F16 need_f16_K=1 need_f16_V=0 workspace_end_offset=4718592 dst_data=(nil) f16_K=0x400000 f16_V=(nil) f16_end=0x480000
CUDA_FA_ROUTE_PLAN device=0 Q=[256,256,16,1] Kraw=q4_0 Vraw=turbo3 Kshape=[256,256,4,1] Vshape=[256,256,4,1] Keff=q4_0 Veff=f16 turbo_kv=1 prefer_native_vec=0 decode=1 dk=0 dv=1 unsafe_vec_after_turbo_v_decode=1 allow_vec=0 kernel=MMA_F16 need_f16_K=1 need_f16_V=0 Knb=[18,576,144,147456] Vnb=[50,400,100,102400] Keff_nb=[18,576,144,147456] Veff_nb=[2,2048,512,524288]
CUDA_FA_ROUTE_ALLOC kernel=MMA_F16 need_f16_K=1 need_f16_V=0 workspace_end_offset=4718592 dst_data=(nil) f16_K=0x400000 f16_V=(nil) f16_end=0x480000
CUDA_FA_ROUTE_PLAN device=0 Q=[256,256,16,1] Kraw=q4_0 Vraw=turbo3 Kshape=[256,256,4,1] Vshape=[256,256,4,1] Keff=q4_0 Veff=f16 turbo_kv=1 prefer_native_vec=0 decode=1 dk=0 dv=1 unsafe_vec_after_turbo_v_decode=1 allow_vec=0 kernel=MMA_F16 need_f16_K=1 need_f16_V=0 Knb=[18,576,144,147456] Vnb=[50,400,100,102400] Keff_nb=[18,576,144,147456] Veff_nb=[2,2048,512,524288]
CUDA_FA_ROUTE_ALLOC kernel=MMA_F16 need_f16_K=1 need_f16_V=0 workspace_end_offset=4718592 dst_data=(nil) f16_K=0x400000 f16_V=(nil) f16_end=0x480000
CUDA_FA_ROUTE_PLAN device=0 Q=[256,256,16,1] Kraw=q4_0 Vraw=turbo3 Kshape=[256,256,4,1] Vshape=[256,256,4,1] Keff=q4_0 Veff=f16 turbo_kv=1 prefer_native_vec=0 decode=1 dk=0 dv=1 unsafe_vec_after_turbo_v_decode=1 allow_vec=0 kernel=MMA_F16 need_f16_K=1 need_f16_V=0 Knb=[18,576,144,147456] Vnb=[50,400,100,102400] Keff_nb=[18,576,144,147456] Veff_nb=[2,2048,512,524288]
CUDA_FA_ROUTE_ALLOC kernel=MMA_F16 need_f16_K=1 need_f16_V=0 workspace_end_offset=4718592 dst_data=(nil) f16_K=0x400000 f16_V=(nil) f16_end=0x480000
CUDA_FA_ROUTE_PLAN device=0 Q=[256,256,16,1] Kraw=q4_0 Vraw=turbo3 Kshape=[256,256,4,1] Vshape=[256,256,4,1] Keff=q4_0 Veff=f16 turbo_kv=1 prefer_native_vec=0 decode=1 dk=0 dv=1 unsafe_vec_after_turbo_v_decode=1 allow_vec=0 kernel=MMA_F16 need_f16_K=1 need_f16_V=0 Knb=[18,576,144,147456] Vnb=[50,400,100,102400] Keff_nb=[18,576,144,147456] Veff_nb=[2,2048,512,524288]
CUDA_FA_ROUTE_ALLOC kernel=MMA_F16 need_f16_K=1 need_f16_V=0 workspace_end_offset=4718592 dst_data=(nil) f16_K=0x400000 f16_V=(nil) f16_end=0x480000
CUDA_FA_ROUTE_PLAN device=0 Q=[256,256,16,1] Kraw=q4_0 Vraw=turbo3 Kshape=[256,256,4,1] Vshape=[256,256,4,1] Keff=q4_0 Veff=f16 turbo_kv=1 prefer_native_vec=0 decode=1 dk=0 dv=1 unsafe_vec_after_turbo_v_decode=1 allow_vec=0 kernel=MMA_F16 need_f16_K=1 need_f16_V=0 Knb=[18,576,144,147456] Vnb=[50,400,100,102400] Keff_nb=[18,576,144,147456] Veff_nb=[2,2048,512,524288]
CUDA_FA_ROUTE_ALLOC kernel=MMA_F16 need_f16_K=1 need_f16_V=0 workspace_end_offset=4718592 dst_data=(nil) f16_K=0x400000 f16_V=(nil) f16_end=0x480000
CUDA_FA_ROUTE_PLAN device=0 Q=[256,256,16,1] Kraw=q4_0 Vraw=turbo3 Kshape=[256,256,4,1] Vshape=[256,256,4,1] Keff=q4_0 Veff=f16 turbo_kv=1 prefer_native_vec=0 decode=1 dk=0 dv=1 unsafe_vec_after_turbo_v_decode=1 allow_vec=0 kernel=MMA_F16 need_f16_K=1 need_f16_V=0 Knb=[18,576,144,147456] Vnb=[50,400,100,102400] Keff_nb=[18,576,144,147456] Veff_nb=[2,2048,512,524288]
CUDA_FA_ROUTE_ALLOC kernel=MMA_F16 need_f16_K=1 need_f16_V=0 workspace_end_offset=4718592 dst_data=(nil) f16_K=0x400000 f16_V=(nil) f16_end=0x480000
CUDA_FA_ROUTE_PLAN device=0 Q=[256,256,16,1] Kraw=q4_0 Vraw=turbo3 Kshape=[256,256,4,1] Vshape=[256,256,4,1] Keff=q4_0 Veff=f16 turbo_kv=1 prefer_native_vec=0 decode=1 dk=0 dv=1 unsafe_vec_after_turbo_v_decode=1 allow_vec=0 kernel=MMA_F16 need_f16_K=1 need_f16_V=0 Knb=[18,576,144,147456] Vnb=[50,400,100,102400] Keff_nb=[18,576,144,147456] Veff_nb=[2,2048,512,524288]
CUDA_FA_ROUTE_ALLOC kernel=MMA_F16 need_f16_K=1 need_f16_V=0 workspace_end_offset=4718592 dst_data=(nil) f16_K=0x400000 f16_V=(nil) f16_end=0x480000
CUDA_FA_ROUTE_PLAN device=0 Q=[256,256,16,1] Kraw=q4_0 Vraw=turbo3 Kshape=[256,256,4,1] Vshape=[256,256,4,1] Keff=q4_0 Veff=f16 turbo_kv=1 prefer_native_vec=0 decode=1 dk=0 dv=1 unsafe_vec_after_turbo_v_decode=1 allow_vec=0 kernel=MMA_F16 need_f16_K=1 need_f16_V=0 Knb=[18,576,144,147456] Vnb=[50,400,100,102400] Keff_nb=[18,576,144,147456] Veff_nb=[2,2048,512,524288]
CUDA_FA_ROUTE_ALLOC kernel=MMA_F16 need_f16_K=1 need_f16_V=0 workspace_end_offset=4718592 dst_data=(nil) f16_K=0x400000 f16_V=(nil) f16_end=0x480000
CUDA_FA_ROUTE_PLAN device=0 Q=[256,256,16,1] Kraw=q4_0 Vraw=turbo3 Kshape=[256,256,4,1] Vshape=[256,256,4,1] Keff=q4_0 Veff=f16 turbo_kv=1 prefer_native_vec=0 decode=1 dk=0 dv=1 unsafe_vec_after_turbo_v_decode=1 allow_vec=0 kernel=MMA_F16 need_f16_K=1 need_f16_V=0 Knb=[18,576,144,147456] Vnb=[50,400,100,102400] Keff_nb=[18,576,144,147456] Veff_nb=[2,2048,512,524288]
CUDA_FA_ROUTE_ALLOC kernel=MMA_F16 need_f16_K=1 need_f16_V=0 workspace_end_offset=4718592 dst_data=(nil) f16_K=0x400000 f16_V=(nil) f16_end=0x480000
CUDA_FA_ROUTE_PLAN device=0 Q=[256,256,16,1] Kraw=q4_0 Vraw=turbo3 Kshape=[256,256,4,1] Vshape=[256,256,4,1] Keff=q4_0 Veff=f16 turbo_kv=1 prefer_native_vec=0 decode=1 dk=0 dv=1 unsafe_vec_after_turbo_v_decode=1 allow_vec=0 kernel=MMA_F16 need_f16_K=1 need_f16_V=0 Knb=[18,576,144,147456] Vnb=[50,400,100,102400] Keff_nb=[18,576,144,147456] Veff_nb=[2,2048,512,524288]
CUDA_FA_ROUTE_ALLOC kernel=MMA_F16 need_f16_K=1 need_f16_V=0 workspace_end_offset=4718592 dst_data=(nil) f16_K=0x400000 f16_V=(nil) f16_end=0x480000
CUDA_FA_ROUTE_PLAN device=0 Q=[256,256,16,1] Kraw=q4_0 Vraw=turbo3 Kshape=[256,256,4,1] Vshape=[256,256,4,1] Keff=q4_0 Veff=f16 turbo_kv=1 prefer_native_vec=0 decode=1 dk=0 dv=1 unsafe_vec_after_turbo_v_decode=1 allow_vec=0 kernel=MMA_F16 need_f16_K=1 need_f16_V=0 Knb=[18,576,144,147456] Vnb=[50,400,100,102400] Keff_nb=[18,576,144,147456] Veff_nb=[2,2048,512,524288]
CUDA_FA_ROUTE_ALLOC kernel=MMA_F16 need_f16_K=1 need_f16_V=0 workspace_end_offset=4718592 dst_data=(nil) f16_K=0x400000 f16_V=(nil) f16_end=0x480000
CUDA_FA_ROUTE_PLAN device=0 Q=[256,256,16,1] Kraw=q4_0 Vraw=turbo3 Kshape=[256,256,4,1] Vshape=[256,256,4,1] Keff=q4_0 Veff=f16 turbo_kv=1 prefer_native_vec=0 decode=1 dk=0 dv=1 unsafe_vec_after_turbo_v_decode=1 allow_vec=0 kernel=MMA_F16 need_f16_K=1 need_f16_V=0 Knb=[18,576,144,147456] Vnb=[50,400,100,102400] Keff_nb=[18,576,144,147456] Veff_nb=[2,2048,512,524288]
CUDA_FA_ROUTE_ALLOC kernel=MMA_F16 need_f16_K=1 need_f16_V=0 workspace_end_offset=4718592 dst_data=(nil) f16_K=0x400000 f16_V=(nil) f16_end=0x480000
CUDA_FA_ROUTE_PLAN device=0 Q=[256,256,16,1] Kraw=q4_0 Vraw=turbo3 Kshape=[256,256,4,1] Vshape=[256,256,4,1] Keff=q4_0 Veff=f16 turbo_kv=1 prefer_native_vec=0 decode=1 dk=0 dv=1 unsafe_vec_after_turbo_v_decode=1 allow_vec=0 kernel=MMA_F16 need_f16_K=1 need_f16_V=0 Knb=[18,576,144,147456] Vnb=[50,400,100,102400] Keff_nb=[18,576,144,147456] Veff_nb=[2,2048,512,524288]
CUDA_FA_ROUTE_ALLOC kernel=MMA_F16 need_f16_K=1 need_f16_V=0 workspace_end_offset=4718592 dst_data=(nil) f16_K=0x400000 f16_V=(nil) f16_end=0x480000
CUDA_FA_ROUTE_PLAN device=0 Q=[256,256,16,1] Kraw=q4_0 Vraw=turbo3 Kshape=[256,256,4,1] Vshape=[256,256,4,1] Keff=q4_0 Veff=f16 turbo_kv=1 prefer_native_vec=0 decode=1 dk=0 dv=1 unsafe_vec_after_turbo_v_decode=1 allow_vec=0 kernel=MMA_F16 need_f16_K=1 need_f16_V=0 Knb=[18,576,144,147456] Vnb=[50,400,100,102400] Keff_nb=[18,576,144,147456] Veff_nb=[2,2048,512,524288]
CUDA_FA_ROUTE_ALLOC kernel=MMA_F16 need_f16_K=1 need_f16_V=0 workspace_end_offset=4718592 dst_data=(nil) f16_K=0x400000 f16_V=(nil) f16_end=0x480000
CUDA_FA_ROUTE_PLAN device=0 Q=[256,1,16,1] Kraw=q4_0 Vraw=turbo3 Kshape=[256,256,4,1] Vshape=[256,256,4,1] Keff=q4_0 Veff=f16 turbo_kv=1 prefer_native_vec=0 decode=1 dk=0 dv=1 unsafe_vec_after_turbo_v_decode=1 allow_vec=0 kernel=MMA_F16 need_f16_K=1 need_f16_V=0 Knb=[18,576,144,147456] Vnb=[50,400,100,102400] Keff_nb=[18,576,144,147456] Veff_nb=[2,2048,512,524288]
CUDA_FA_ROUTE_SUPPORTED kernel=MMA_F16 effK=q4_0 effV=f16 supported=1
CUDA_FA_ROUTE_PLAN device=0 Q=[256,1,16,1] Kraw=q4_0 Vraw=turbo3 Kshape=[256,256,4,1] Vshape=[256,256,4,1] Keff=q4_0 Veff=f16 turbo_kv=1 prefer_native_vec=0 decode=1 dk=0 dv=1 unsafe_vec_after_turbo_v_decode=1 allow_vec=0 kernel=MMA_F16 need_f16_K=1 need_f16_V=0 Knb=[18,576,144,147456] Vnb=[50,400,100,102400] Keff_nb=[18,576,144,147456] Veff_nb=[2,2048,512,524288]
CUDA_FA_ROUTE_SUPPORTED kernel=MMA_F16 effK=q4_0 effV=f16 supported=1
CUDA_FA_ROUTE_PLAN device=0 Q=[256,1,16,1] Kraw=q4_0 Vraw=turbo3 Kshape=[256,256,4,1] Vshape=[256,256,4,1] Keff=q4_0 Veff=f16 turbo_kv=1 prefer_native_vec=0 decode=1 dk=0 dv=1 unsafe_vec_after_turbo_v_decode=1 allow_vec=0 kernel=MMA_F16 need_f16_K=1 need_f16_V=0 Knb=[18,576,144,147456] Vnb=[50,400,100,102400] Keff_nb=[18,576,144,147456] Veff_nb=[2,2048,512,524288]
CUDA_FA_ROUTE_SUPPORTED kernel=MMA_F16 effK=q4_0 effV=f16 supported=1
CUDA_FA_ROUTE_PLAN device=0 Q=[256,1,16,1] Kraw=q4_0 Vraw=turbo3 Kshape=[256,256,4,1] Vshape=[256,256,4,1] Keff=q4_0 Veff=f16 turbo_kv=1 prefer_native_vec=0 decode=1 dk=0 dv=1 unsafe_vec_after_turbo_v_decode=1 allow_vec=0 kernel=MMA_F16 need_f16_K=1 need_f16_V=0 Knb=[18,576,144,147456] Vnb=[50,400,100,102400] Keff_nb=[18,576,144,147456] Veff_nb=[2,2048,512,524288]
CUDA_FA_ROUTE_SUPPORTED kernel=MMA_F16 effK=q4_0 effV=f16 supported=1
CUDA_FA_ROUTE_PLAN device=0 Q=[256,1,16,1] Kraw=q4_0 Vraw=turbo3 Kshape=[256,256,4,1] Vshape=[256,256,4,1] Keff=q4_0 Veff=f16 turbo_kv=1 prefer_native_vec=0 decode=1 dk=0 dv=1 unsafe_vec_after_turbo_v_decode=1 allow_vec=0 kernel=MMA_F16 need_f16_K=1 need_f16_V=0 Knb=[18,576,144,147456] Vnb=[50,400,100,102400] Keff_nb=[18,576,144,147456] Veff_nb=[2,2048,512,524288]
CUDA_FA_ROUTE_SUPPORTED kernel=MMA_F16 effK=q4_0 effV=f16 supported=1
CUDA_FA_ROUTE_PLAN device=0 Q=[256,1,16,1] Kraw=q4_0 Vraw=turbo3 Kshape=[256,256,4,1] Vshape=[256,256,4,1] Keff=q4_0 Veff=f16 turbo_kv=1 prefer_native_vec=0 decode=1 dk=0 dv=1 unsafe_vec_after_turbo_v_decode=1 allow_vec=0 kernel=MMA_F16 need_f16_K=1 need_f16_V=0 Knb=[18,576,144,147456] Vnb=[50,400,100,102400] Keff_nb=[18,576,144,147456] Veff_nb=[2,2048,512,524288]
CUDA_FA_ROUTE_SUPPORTED kernel=MMA_F16 effK=q4_0 effV=f16 supported=1
CUDA_FA_ROUTE_PLAN device=0 Q=[256,1,16,1] Kraw=q4_0 Vraw=turbo3 Kshape=[256,256,4,1] Vshape=[256,256,4,1] Keff=q4_0 Veff=f16 turbo_kv=1 prefer_native_vec=0 decode=1 dk=0 dv=1 unsafe_vec_after_turbo_v_decode=1 allow_vec=0 kernel=MMA_F16 need_f16_K=1 need_f16_V=0 Knb=[18,576,144,147456] Vnb=[50,400,100,102400] Keff_nb=[18,576,144,147456] Veff_nb=[2,2048,512,524288]
CUDA_FA_ROUTE_SUPPORTED kernel=MMA_F16 effK=q4_0 effV=f16 supported=1
CUDA_FA_ROUTE_PLAN device=0 Q=[256,1,16,1] Kraw=q4_0 Vraw=turbo3 Kshape=[256,256,4,1] Vshape=[256,256,4,1] Keff=q4_0 Veff=f16 turbo_kv=1 prefer_native_vec=0 decode=1 dk=0 dv=1 unsafe_vec_after_turbo_v_decode=1 allow_vec=0 kernel=MMA_F16 need_f16_K=1 need_f16_V=0 Knb=[18,576,144,147456] Vnb=[50,400,100,102400] Keff_nb=[18,576,144,147456] Veff_nb=[2,2048,512,524288]
CUDA_FA_ROUTE_SUPPORTED kernel=MMA_F16 effK=q4_0 effV=f16 supported=1
CUDA_FA_ROUTE_PLAN device=0 Q=[256,256,16,1] Kraw=q4_0 Vraw=turbo3 Kshape=[256,256,4,1] Vshape=[256,256,4,1] Keff=q4_0 Veff=f16 turbo_kv=1 prefer_native_vec=0 decode=1 dk=0 dv=1 unsafe_vec_after_turbo_v_decode=1 allow_vec=0 kernel=MMA_F16 need_f16_K=1 need_f16_V=0 Knb=[18,576,144,147456] Vnb=[50,400,100,102400] Keff_nb=[18,576,144,147456] Veff_nb=[2,2048,512,524288]
CUDA_FA_ROUTE_SUPPORTED kernel=MMA_F16 effK=q4_0 effV=f16 supported=1
CUDA_FA_ROUTE_PLAN device=0 Q=[256,256,16,1] Kraw=q4_0 Vraw=turbo3 Kshape=[256,256,4,1] Vshape=[256,256,4,1] Keff=q4_0 Veff=f16 turbo_kv=1 prefer_native_vec=0 decode=1 dk=0 dv=1 unsafe_vec_after_turbo_v_decode=1 allow_vec=0 kernel=MMA_F16 need_f16_K=1 need_f16_V=0 Knb=[18,576,144,147456] Vnb=[50,400,100,102400] Keff_nb=[18,576,144,147456] Veff_nb=[2,2048,512,524288]
CUDA_FA_ROUTE_SUPPORTED kernel=MMA_F16 effK=q4_0 effV=f16 supported=1
CUDA_FA_ROUTE_PLAN device=0 Q=[256,256,16,1] Kraw=q4_0 Vraw=turbo3 Kshape=[256,256,4,1] Vshape=[256,256,4,1] Keff=q4_0 Veff=f16 turbo_kv=1 prefer_native_vec=0 decode=1 dk=0 dv=1 unsafe_vec_after_turbo_v_decode=1 allow_vec=0 kernel=MMA_F16 need_f16_K=1 need_f16_V=0 Knb=[18,576,144,147456] Vnb=[50,400,100,102400] Keff_nb=[18,576,144,147456] Veff_nb=[2,2048,512,524288]
CUDA_FA_ROUTE_SUPPORTED kernel=MMA_F16 effK=q4_0 effV=f16 supported=1
CUDA_FA_ROUTE_PLAN device=0 Q=[256,256,16,1] Kraw=q4_0 Vraw=turbo3 Kshape=[256,256,4,1] Vshape=[256,256,4,1] Keff=q4_0 Veff=f16 turbo_kv=1 prefer_native_vec=0 decode=1 dk=0 dv=1 unsafe_vec_after_turbo_v_decode=1 allow_vec=0 kernel=MMA_F16 need_f16_K=1 need_f16_V=0 Knb=[18,576,144,147456] Vnb=[50,400,100,102400] Keff_nb=[18,576,144,147456] Veff_nb=[2,2048,512,524288]
CUDA_FA_ROUTE_SUPPORTED kernel=MMA_F16 effK=q4_0 effV=f16 supported=1
CUDA_FA_ROUTE_PLAN device=0 Q=[256,256,16,1] Kraw=q4_0 Vraw=turbo3 Kshape=[256,256,4,1] Vshape=[256,256,4,1] Keff=q4_0 Veff=f16 turbo_kv=1 prefer_native_vec=0 decode=1 dk=0 dv=1 unsafe_vec_after_turbo_v_decode=1 allow_vec=0 kernel=MMA_F16 need_f16_K=1 need_f16_V=0 Knb=[18,576,144,147456] Vnb=[50,400,100,102400] Keff_nb=[18,576,144,147456] Veff_nb=[2,2048,512,524288]
CUDA_FA_ROUTE_SUPPORTED kernel=MMA_F16 effK=q4_0 effV=f16 supported=1
CUDA_FA_ROUTE_PLAN device=0 Q=[256,256,16,1] Kraw=q4_0 Vraw=turbo3 Kshape=[256,256,4,1] Vshape=[256,256,4,1] Keff=q4_0 Veff=f16 turbo_kv=1 prefer_native_vec=0 decode=1 dk=0 dv=1 unsafe_vec_after_turbo_v_decode=1 allow_vec=0 kernel=MMA_F16 need_f16_K=1 need_f16_V=0 Knb=[18,576,144,147456] Vnb=[50,400,100,102400] Keff_nb=[18,576,144,147456] Veff_nb=[2,2048,512,524288]
CUDA_FA_ROUTE_SUPPORTED kernel=MMA_F16 effK=q4_0 effV=f16 supported=1
CUDA_FA_ROUTE_PLAN device=0 Q=[256,256,16,1] Kraw=q4_0 Vraw=turbo3 Kshape=[256,256,4,1] Vshape=[256,256,4,1] Keff=q4_0 Veff=f16 turbo_kv=1 prefer_native_vec=0 decode=1 dk=0 dv=1 unsafe_vec_after_turbo_v_decode=1 allow_vec=0 kernel=MMA_F16 need_f16_K=1 need_f16_V=0 Knb=[18,576,144,147456] Vnb=[50,400,100,102400] Keff_nb=[18,576,144,147456] Veff_nb=[2,2048,512,524288]
CUDA_FA_ROUTE_SUPPORTED kernel=MMA_F16 effK=q4_0 effV=f16 supported=1
CUDA_FA_ROUTE_PLAN device=0 Q=[256,256,16,1] Kraw=q4_0 Vraw=turbo3 Kshape=[256,256,4,1] Vshape=[256,256,4,1] Keff=q4_0 Veff=f16 turbo_kv=1 prefer_native_vec=0 decode=1 dk=0 dv=1 unsafe_vec_after_turbo_v_decode=1 allow_vec=0 kernel=MMA_F16 need_f16_K=1 need_f16_V=0 Knb=[18,576,144,147456] Vnb=[50,400,100,102400] Keff_nb=[18,576,144,147456] Veff_nb=[2,2048,512,524288]
CUDA_FA_ROUTE_SUPPORTED kernel=MMA_F16 effK=q4_0 effV=f16 supported=1
CUDA_FA_ROUTE_PLAN device=0 Q=[256,1,16,1] Kraw=q4_0 Vraw=turbo3 Kshape=[256,256,4,1] Vshape=[256,256,4,1] Keff=q4_0 Veff=f16 turbo_kv=1 prefer_native_vec=0 decode=1 dk=0 dv=1 unsafe_vec_after_turbo_v_decode=1 allow_vec=0 kernel=MMA_F16 need_f16_K=1 need_f16_V=0 Knb=[18,576,144,147456] Vnb=[50,400,100,102400] Keff_nb=[18,576,144,147456] Veff_nb=[2,2048,512,524288]
CUDA_FA_ROUTE_SUPPORTED kernel=MMA_F16 effK=q4_0 effV=f16 supported=1
CUDA_FA_ROUTE_PLAN device=0 Q=[256,1,16,1] Kraw=q4_0 Vraw=turbo3 Kshape=[256,256,4,1] Vshape=[256,256,4,1] Keff=q4_0 Veff=f16 turbo_kv=1 prefer_native_vec=0 decode=1 dk=0 dv=1 unsafe_vec_after_turbo_v_decode=1 allow_vec=0 kernel=MMA_F16 need_f16_K=1 need_f16_V=0 Knb=[18,576,144,147456] Vnb=[50,400,100,102400] Keff_nb=[18,576,144,147456] Veff_nb=[2,2048,512,524288]
CUDA_FA_ROUTE_SUPPORTED kernel=MMA_F16 effK=q4_0 effV=f16 supported=1
CUDA_FA_ROUTE_PLAN device=0 Q=[256,1,16,1] Kraw=q4_0 Vraw=turbo3 Kshape=[256,256,4,1] Vshape=[256,256,4,1] Keff=q4_0 Veff=f16 turbo_kv=1 prefer_native_vec=0 decode=1 dk=0 dv=1 unsafe_vec_after_turbo_v_decode=1 allow_vec=0 kernel=MMA_F16 need_f16_K=1 need_f16_V=0 Knb=[18,576,144,147456] Vnb=[50,400,100,102400] Keff_nb=[18,576,144,147456] Veff_nb=[2,2048,512,524288]
CUDA_FA_ROUTE_SUPPORTED kernel=MMA_F16 effK=q4_0 effV=f16 supported=1
CUDA_FA_ROUTE_PLAN device=0 Q=[256,1,16,1] Kraw=q4_0 Vraw=turbo3 Kshape=[256,256,4,1] Vshape=[256,256,4,1] Keff=q4_0 Veff=f16 turbo_kv=1 prefer_native_vec=0 decode=1 dk=0 dv=1 unsafe_vec_after_turbo_v_decode=1 allow_vec=0 kernel=MMA_F16 need_f16_K=1 need_f16_V=0 Knb=[18,576,144,147456] Vnb=[50,400,100,102400] Keff_nb=[18,576,144,147456] Veff_nb=[2,2048,512,524288]
CUDA_FA_ROUTE_SUPPORTED kernel=MMA_F16 effK=q4_0 effV=f16 supported=1
CUDA_FA_ROUTE_PLAN device=0 Q=[256,1,16,1] Kraw=q4_0 Vraw=turbo3 Kshape=[256,256,4,1] Vshape=[256,256,4,1] Keff=q4_0 Veff=f16 turbo_kv=1 prefer_native_vec=0 decode=1 dk=0 dv=1 unsafe_vec_after_turbo_v_decode=1 allow_vec=0 kernel=MMA_F16 need_f16_K=1 need_f16_V=0 Knb=[18,576,144,147456] Vnb=[50,400,100,102400] Keff_nb=[18,576,144,147456] Veff_nb=[2,2048,512,524288]
CUDA_FA_ROUTE_SUPPORTED kernel=MMA_F16 effK=q4_0 effV=f16 supported=1
CUDA_FA_ROUTE_PLAN device=0 Q=[256,1,16,1] Kraw=q4_0 Vraw=turbo3 Kshape=[256,256,4,1] Vshape=[256,256,4,1] Keff=q4_0 Veff=f16 turbo_kv=1 prefer_native_vec=0 decode=1 dk=0 dv=1 unsafe_vec_after_turbo_v_decode=1 allow_vec=0 kernel=MMA_F16 need_f16_K=1 need_f16_V=0 Knb=[18,576,144,147456] Vnb=[50,400,100,102400] Keff_nb=[18,576,144,147456] Veff_nb=[2,2048,512,524288]
CUDA_FA_ROUTE_SUPPORTED kernel=MMA_F16 effK=q4_0 effV=f16 supported=1
CUDA_FA_ROUTE_PLAN device=0 Q=[256,1,16,1] Kraw=q4_0 Vraw=turbo3 Kshape=[256,256,4,1] Vshape=[256,256,4,1] Keff=q4_0 Veff=f16 turbo_kv=1 prefer_native_vec=0 decode=1 dk=0 dv=1 unsafe_vec_after_turbo_v_decode=1 allow_vec=0 kernel=MMA_F16 need_f16_K=1 need_f16_V=0 Knb=[18,576,144,147456] Vnb=[50,400,100,102400] Keff_nb=[18,576,144,147456] Veff_nb=[2,2048,512,524288]
CUDA_FA_ROUTE_SUPPORTED kernel=MMA_F16 effK=q4_0 effV=f16 supported=1
CUDA_FA_ROUTE_PLAN device=0 Q=[256,1,16,1] Kraw=q4_0 Vraw=turbo3 Kshape=[256,256,4,1] Vshape=[256,256,4,1] Keff=q4_0 Veff=f16 turbo_kv=1 prefer_native_vec=0 decode=1 dk=0 dv=1 unsafe_vec_after_turbo_v_decode=1 allow_vec=0 kernel=MMA_F16 need_f16_K=1 need_f16_V=0 Knb=[18,576,144,147456] Vnb=[50,400,100,102400] Keff_nb=[18,576,144,147456] Veff_nb=[2,2048,512,524288]
CUDA_FA_ROUTE_SUPPORTED kernel=MMA_F16 effK=q4_0 effV=f16 supported=1
CUDA_FA_ROUTE_PLAN device=0 Q=[256,16,16,1] Kraw=q4_0 Vraw=turbo3 Kshape=[256,256,4,1] Vshape=[256,256,4,1] Keff=q4_0 Veff=f16 turbo_kv=1 prefer_native_vec=0 decode=1 dk=0 dv=1 unsafe_vec_after_turbo_v_decode=1 allow_vec=0 kernel=MMA_F16 need_f16_K=1 need_f16_V=0 Knb=[18,576,144,147456] Vnb=[50,400,100,102400] Keff_nb=[18,576,144,147456] Veff_nb=[2,2048,512,524288]
CUDA_FA_ROUTE_SUPPORTED kernel=MMA_F16 effK=q4_0 effV=f16 supported=1
CUDA_FA_ROUTE_PLAN device=0 Q=[256,16,16,1] Kraw=q4_0 Vraw=turbo3 Kshape=[256,256,4,1] Vshape=[256,256,4,1] Keff=q4_0 Veff=f16 turbo_kv=1 prefer_native_vec=0 decode=1 dk=0 dv=1 unsafe_vec_after_turbo_v_decode=1 allow_vec=0 kernel=MMA_F16 need_f16_K=1 need_f16_V=0 Knb=[18,576,144,147456] Vnb=[50,400,100,102400] Keff_nb=[18,576,144,147456] Veff_nb=[2,2048,512,524288]
CUDA_FA_ROUTE_SUPPORTED kernel=MMA_F16 effK=q4_0 effV=f16 supported=1
CUDA_FA_ROUTE_PLAN device=0 Q=[256,16,16,1] Kraw=q4_0 Vraw=turbo3 Kshape=[256,256,4,1] Vshape=[256,256,4,1] Keff=q4_0 Veff=f16 turbo_kv=1 prefer_native_vec=0 decode=1 dk=0 dv=1 unsafe_vec_after_turbo_v_decode=1 allow_vec=0 kernel=MMA_F16 need_f16_K=1 need_f16_V=0 Knb=[18,576,144,147456] Vnb=[50,400,100,102400] Keff_nb=[18,576,144,147456] Veff_nb=[2,2048,512,524288]
CUDA_FA_ROUTE_SUPPORTED kernel=MMA_F16 effK=q4_0 effV=f16 supported=1
CUDA_FA_ROUTE_PLAN device=0 Q=[256,16,16,1] Kraw=q4_0 Vraw=turbo3 Kshape=[256,256,4,1] Vshape=[256,256,4,1] Keff=q4_0 Veff=f16 turbo_kv=1 prefer_native_vec=0 decode=1 dk=0 dv=1 unsafe_vec_after_turbo_v_decode=1 allow_vec=0 kernel=MMA_F16 need_f16_K=1 need_f16_V=0 Knb=[18,576,144,147456] Vnb=[50,400,100,102400] Keff_nb=[18,576,144,147456] Veff_nb=[2,2048,512,524288]
CUDA_FA_ROUTE_SUPPORTED kernel=MMA_F16 effK=q4_0 effV=f16 supported=1
CUDA_FA_ROUTE_PLAN device=0 Q=[256,16,16,1] Kraw=q4_0 Vraw=turbo3 Kshape=[256,256,4,1] Vshape=[256,256,4,1] Keff=q4_0 Veff=f16 turbo_kv=1 prefer_native_vec=0 decode=1 dk=0 dv=1 unsafe_vec_after_turbo_v_decode=1 allow_vec=0 kernel=MMA_F16 need_f16_K=1 need_f16_V=0 Knb=[18,576,144,147456] Vnb=[50,400,100,102400] Keff_nb=[18,576,144,147456] Veff_nb=[2,2048,512,524288]
CUDA_FA_ROUTE_SUPPORTED kernel=MMA_F16 effK=q4_0 effV=f16 supported=1
CUDA_FA_ROUTE_PLAN device=0 Q=[256,16,16,1] Kraw=q4_0 Vraw=turbo3 Kshape=[256,256,4,1] Vshape=[256,256,4,1] Keff=q4_0 Veff=f16 turbo_kv=1 prefer_native_vec=0 decode=1 dk=0 dv=1 unsafe_vec_after_turbo_v_decode=1 allow_vec=0 kernel=MMA_F16 need_f16_K=1 need_f16_V=0 Knb=[18,576,144,147456] Vnb=[50,400,100,102400] Keff_nb=[18,576,144,147456] Veff_nb=[2,2048,512,524288]
CUDA_FA_ROUTE_SUPPORTED kernel=MMA_F16 effK=q4_0 effV=f16 supported=1
CUDA_FA_ROUTE_PLAN device=0 Q=[256,16,16,1] Kraw=q4_0 Vraw=turbo3 Kshape=[256,256,4,1] Vshape=[256,256,4,1] Keff=q4_0 Veff=f16 turbo_kv=1 prefer_native_vec=0 decode=1 dk=0 dv=1 unsafe_vec_after_turbo_v_decode=1 allow_vec=0 kernel=MMA_F16 need_f16_K=1 need_f16_V=0 Knb=[18,576,144,147456] Vnb=[50,400,100,102400] Keff_nb=[18,576,144,147456] Veff_nb=[2,2048,512,524288]
CUDA_FA_ROUTE_SUPPORTED kernel=MMA_F16 effK=q4_0 effV=f16 supported=1
CUDA_FA_ROUTE_PLAN device=0 Q=[256,16,16,1] Kraw=q4_0 Vraw=turbo3 Kshape=[256,256,4,1] Vshape=[256,256,4,1] Keff=q4_0 Veff=f16 turbo_kv=1 prefer_native_vec=0 decode=1 dk=0 dv=1 unsafe_vec_after_turbo_v_decode=1 allow_vec=0 kernel=MMA_F16 need_f16_K=1 need_f16_V=0 Knb=[18,576,144,147456] Vnb=[50,400,100,102400] Keff_nb=[18,576,144,147456] Veff_nb=[2,2048,512,524288]
CUDA_FA_ROUTE_SUPPORTED kernel=MMA_F16 effK=q4_0 effV=f16 supported=1
CUDA_FA_ROUTE_PLAN device=0 Q=[256,1,16,1] Kraw=q4_0 Vraw=turbo3 Kshape=[256,256,4,1] Vshape=[256,256,4,1] Keff=q4_0 Veff=f16 turbo_kv=1 prefer_native_vec=0 decode=1 dk=0 dv=1 unsafe_vec_after_turbo_v_decode=1 allow_vec=0 kernel=MMA_F16 need_f16_K=1 need_f16_V=0 Knb=[18,576,144,147456] Vnb=[50,400,100,102400] Keff_nb=[18,576,144,147456] Veff_nb=[2,2048,512,524288]
CUDA_FA_ROUTE_SUPPORTED kernel=MMA_F16 effK=q4_0 effV=f16 supported=1
CUDA_FA_ROUTE_PLAN device=0 Q=[256,1,16,1] Kraw=q4_0 Vraw=turbo3 Kshape=[256,256,4,1] Vshape=[256,256,4,1] Keff=q4_0 Veff=f16 turbo_kv=1 prefer_native_vec=0 decode=1 dk=0 dv=1 unsafe_vec_after_turbo_v_decode=1 allow_vec=0 kernel=MMA_F16 need_f16_K=1 need_f16_V=0 Knb=[18,576,144,147456] Vnb=[50,400,100,102400] Keff_nb=[18,576,144,147456] Veff_nb=[2,2048,512,524288]
CUDA_FA_ROUTE_SUPPORTED kernel=MMA_F16 effK=q4_0 effV=f16 supported=1
CUDA_FA_ROUTE_PLAN device=0 Q=[256,1,16,1] Kraw=q4_0 Vraw=turbo3 Kshape=[256,256,4,1] Vshape=[256,256,4,1] Keff=q4_0 Veff=f16 turbo_kv=1 prefer_native_vec=0 decode=1 dk=0 dv=1 unsafe_vec_after_turbo_v_decode=1 allow_vec=0 kernel=MMA_F16 need_f16_K=1 need_f16_V=0 Knb=[18,576,144,147456] Vnb=[50,400,100,102400] Keff_nb=[18,576,144,147456] Veff_nb=[2,2048,512,524288]
CUDA_FA_ROUTE_SUPPORTED kernel=MMA_F16 effK=q4_0 effV=f16 supported=1
CUDA_FA_ROUTE_PLAN device=0 Q=[256,1,16,1] Kraw=q4_0 Vraw=turbo3 Kshape=[256,256,4,1] Vshape=[256,256,4,1] Keff=q4_0 Veff=f16 turbo_kv=1 prefer_native_vec=0 decode=1 dk=0 dv=1 unsafe_vec_after_turbo_v_decode=1 allow_vec=0 kernel=MMA_F16 need_f16_K=1 need_f16_V=0 Knb=[18,576,144,147456] Vnb=[50,400,100,102400] Keff_nb=[18,576,144,147456] Veff_nb=[2,2048,512,524288]
CUDA_FA_ROUTE_SUPPORTED kernel=MMA_F16 effK=q4_0 effV=f16 supported=1
CUDA_FA_ROUTE_PLAN device=0 Q=[256,1,16,1] Kraw=q4_0 Vraw=turbo3 Kshape=[256,256,4,1] Vshape=[256,256,4,1] Keff=q4_0 Veff=f16 turbo_kv=1 prefer_native_vec=0 decode=1 dk=0 dv=1 unsafe_vec_after_turbo_v_decode=1 allow_vec=0 kernel=MMA_F16 need_f16_K=1 need_f16_V=0 Knb=[18,576,144,147456] Vnb=[50,400,100,102400] Keff_nb=[18,576,144,147456] Veff_nb=[2,2048,512,524288]
CUDA_FA_ROUTE_SUPPORTED kernel=MMA_F16 effK=q4_0 effV=f16 supported=1
CUDA_FA_ROUTE_PLAN device=0 Q=[256,1,16,1] Kraw=q4_0 Vraw=turbo3 Kshape=[256,256,4,1] Vshape=[256,256,4,1] Keff=q4_0 Veff=f16 turbo_kv=1 prefer_native_vec=0 decode=1 dk=0 dv=1 unsafe_vec_after_turbo_v_decode=1 allow_vec=0 kernel=MMA_F16 need_f16_K=1 need_f16_V=0 Knb=[18,576,144,147456] Vnb=[50,400,100,102400] Keff_nb=[18,576,144,147456] Veff_nb=[2,2048,512,524288]
CUDA_FA_ROUTE_SUPPORTED kernel=MMA_F16 effK=q4_0 effV=f16 supported=1
CUDA_FA_ROUTE_PLAN device=0 Q=[256,1,16,1] Kraw=q4_0 Vraw=turbo3 Kshape=[256,256,4,1] Vshape=[256,256,4,1] Keff=q4_0 Veff=f16 turbo_kv=1 prefer_native_vec=0 decode=1 dk=0 dv=1 unsafe_vec_after_turbo_v_decode=1 allow_vec=0 kernel=MMA_F16 need_f16_K=1 need_f16_V=0 Knb=[18,576,144,147456] Vnb=[50,400,100,102400] Keff_nb=[18,576,144,147456] Veff_nb=[2,2048,512,524288]
CUDA_FA_ROUTE_SUPPORTED kernel=MMA_F16 effK=q4_0 effV=f16 supported=1
CUDA_FA_ROUTE_PLAN device=0 Q=[256,1,16,1] Kraw=q4_0 Vraw=turbo3 Kshape=[256,256,4,1] Vshape=[256,256,4,1] Keff=q4_0 Veff=f16 turbo_kv=1 prefer_native_vec=0 decode=1 dk=0 dv=1 unsafe_vec_after_turbo_v_decode=1 allow_vec=0 kernel=MMA_F16 need_f16_K=1 need_f16_V=0 Knb=[18,576,144,147456] Vnb=[50,400,100,102400] Keff_nb=[18,576,144,147456] Veff_nb=[2,2048,512,524288]
CUDA_FA_ROUTE_SUPPORTED kernel=MMA_F16 effK=q4_0 effV=f16 supported=1
CUDA_FA_ROUTE_PLAN device=0 Q=[256,256,16,1] Kraw=q4_0 Vraw=turbo3 Kshape=[256,256,4,1] Vshape=[256,256,4,1] Keff=q4_0 Veff=f16 turbo_kv=1 prefer_native_vec=0 decode=1 dk=0 dv=1 unsafe_vec_after_turbo_v_decode=1 allow_vec=0 kernel=MMA_F16 need_f16_K=1 need_f16_V=0 Knb=[18,576,144,147456] Vnb=[50,400,100,102400] Keff_nb=[18,576,144,147456] Veff_nb=[2,2048,512,524288]
CUDA_FA_ROUTE_SUPPORTED kernel=MMA_F16 effK=q4_0 effV=f16 supported=1
CUDA_FA_ROUTE_PLAN device=0 Q=[256,256,16,1] Kraw=q4_0 Vraw=turbo3 Kshape=[256,256,4,1] Vshape=[256,256,4,1] Keff=q4_0 Veff=f16 turbo_kv=1 prefer_native_vec=0 decode=1 dk=0 dv=1 unsafe_vec_after_turbo_v_decode=1 allow_vec=0 kernel=MMA_F16 need_f16_K=1 need_f16_V=0 Knb=[18,576,144,147456] Vnb=[50,400,100,102400] Keff_nb=[18,576,144,147456] Veff_nb=[2,2048,512,524288]
CUDA_FA_ROUTE_SUPPORTED kernel=MMA_F16 effK=q4_0 effV=f16 supported=1
CUDA_FA_ROUTE_PLAN device=0 Q=[256,256,16,1] Kraw=q4_0 Vraw=turbo3 Kshape=[256,256,4,1] Vshape=[256,256,4,1] Keff=q4_0 Veff=f16 turbo_kv=1 prefer_native_vec=0 decode=1 dk=0 dv=1 unsafe_vec_after_turbo_v_decode=1 allow_vec=0 kernel=MMA_F16 need_f16_K=1 need_f16_V=0 Knb=[18,576,144,147456] Vnb=[50,400,100,102400] Keff_nb=[18,576,144,147456] Veff_nb=[2,2048,512,524288]
CUDA_FA_ROUTE_SUPPORTED kernel=MMA_F16 effK=q4_0 effV=f16 supported=1
CUDA_FA_ROUTE_PLAN device=0 Q=[256,256,16,1] Kraw=q4_0 Vraw=turbo3 Kshape=[256,256,4,1] Vshape=[256,256,4,1] Keff=q4_0 Veff=f16 turbo_kv=1 prefer_native_vec=0 decode=1 dk=0 dv=1 unsafe_vec_after_turbo_v_decode=1 allow_vec=0 kernel=MMA_F16 need_f16_K=1 need_f16_V=0 Knb=[18,576,144,147456] Vnb=[50,400,100,102400] Keff_nb=[18,576,144,147456] Veff_nb=[2,2048,512,524288]
CUDA_FA_ROUTE_SUPPORTED kernel=MMA_F16 effK=q4_0 effV=f16 supported=1
CUDA_FA_ROUTE_PLAN device=0 Q=[256,256,16,1] Kraw=q4_0 Vraw=turbo3 Kshape=[256,256,4,1] Vshape=[256,256,4,1] Keff=q4_0 Veff=f16 turbo_kv=1 prefer_native_vec=0 decode=1 dk=0 dv=1 unsafe_vec_after_turbo_v_decode=1 allow_vec=0 kernel=MMA_F16 need_f16_K=1 need_f16_V=0 Knb=[18,576,144,147456] Vnb=[50,400,100,102400] Keff_nb=[18,576,144,147456] Veff_nb=[2,2048,512,524288]
CUDA_FA_ROUTE_SUPPORTED kernel=MMA_F16 effK=q4_0 effV=f16 supported=1
CUDA_FA_ROUTE_PLAN device=0 Q=[256,256,16,1] Kraw=q4_0 Vraw=turbo3 Kshape=[256,256,4,1] Vshape=[256,256,4,1] Keff=q4_0 Veff=f16 turbo_kv=1 prefer_native_vec=0 decode=1 dk=0 dv=1 unsafe_vec_after_turbo_v_decode=1 allow_vec=0 kernel=MMA_F16 need_f16_K=1 need_f16_V=0 Knb=[18,576,144,147456] Vnb=[50,400,100,102400] Keff_nb=[18,576,144,147456] Veff_nb=[2,2048,512,524288]
CUDA_FA_ROUTE_SUPPORTED kernel=MMA_F16 effK=q4_0 effV=f16 supported=1
CUDA_FA_ROUTE_PLAN device=0 Q=[256,256,16,1] Kraw=q4_0 Vraw=turbo3 Kshape=[256,256,4,1] Vshape=[256,256,4,1] Keff=q4_0 Veff=f16 turbo_kv=1 prefer_native_vec=0 decode=1 dk=0 dv=1 unsafe_vec_after_turbo_v_decode=1 allow_vec=0 kernel=MMA_F16 need_f16_K=1 need_f16_V=0 Knb=[18,576,144,147456] Vnb=[50,400,100,102400] Keff_nb=[18,576,144,147456] Veff_nb=[2,2048,512,524288]
CUDA_FA_ROUTE_SUPPORTED kernel=MMA_F16 effK=q4_0 effV=f16 supported=1
CUDA_FA_ROUTE_PLAN device=0 Q=[256,256,16,1] Kraw=q4_0 Vraw=turbo3 Kshape=[256,256,4,1] Vshape=[256,256,4,1] Keff=q4_0 Veff=f16 turbo_kv=1 prefer_native_vec=0 decode=1 dk=0 dv=1 unsafe_vec_after_turbo_v_decode=1 allow_vec=0 kernel=MMA_F16 need_f16_K=1 need_f16_V=0 Knb=[18,576,144,147456] Vnb=[50,400,100,102400] Keff_nb=[18,576,144,147456] Veff_nb=[2,2048,512,524288]
CUDA_FA_ROUTE_SUPPORTED kernel=MMA_F16 effK=q4_0 effV=f16 supported=1
CUDA_FA_ROUTE_PLAN device=0 Q=[256,256,16,1] Kraw=q4_0 Vraw=turbo3 Kshape=[256,256,4,1] Vshape=[256,256,4,1] Keff=q4_0 Veff=f16 turbo_kv=1 prefer_native_vec=0 decode=1 dk=0 dv=1 unsafe_vec_after_turbo_v_decode=1 allow_vec=0 kernel=MMA_F16 need_f16_K=1 need_f16_V=0 Knb=[18,576,144,147456] Vnb=[50,400,100,102400] Keff_nb=[18,576,144,147456] Veff_nb=[2,2048,512,524288]
CUDA_FA_ROUTE_ALLOC kernel=MMA_F16 need_f16_K=1 need_f16_V=0 workspace_end_offset=4718592 dst_data=(nil) f16_K=0x400000 f16_V=(nil) f16_end=0x480000
CUDA_FA_ROUTE_PLAN device=0 Q=[256,256,16,1] Kraw=q4_0 Vraw=turbo3 Kshape=[256,256,4,1] Vshape=[256,256,4,1] Keff=q4_0 Veff=f16 turbo_kv=1 prefer_native_vec=0 decode=1 dk=0 dv=1 unsafe_vec_after_turbo_v_decode=1 allow_vec=0 kernel=MMA_F16 need_f16_K=1 need_f16_V=0 Knb=[18,576,144,147456] Vnb=[50,400,100,102400] Keff_nb=[18,576,144,147456] Veff_nb=[2,2048,512,524288]
CUDA_FA_ROUTE_ALLOC kernel=MMA_F16 need_f16_K=1 need_f16_V=0 workspace_end_offset=4718592 dst_data=(nil) f16_K=0x400000 f16_V=(nil) f16_end=0x480000
CUDA_FA_ROUTE_PLAN device=0 Q=[256,256,16,1] Kraw=q4_0 Vraw=turbo3 Kshape=[256,256,4,1] Vshape=[256,256,4,1] Keff=q4_0 Veff=f16 turbo_kv=1 prefer_native_vec=0 decode=1 dk=0 dv=1 unsafe_vec_after_turbo_v_decode=1 allow_vec=0 kernel=MMA_F16 need_f16_K=1 need_f16_V=0 Knb=[18,576,144,147456] Vnb=[50,400,100,102400] Keff_nb=[18,576,144,147456] Veff_nb=[2,2048,512,524288]
CUDA_FA_ROUTE_ALLOC kernel=MMA_F16 need_f16_K=1 need_f16_V=0 workspace_end_offset=4718592 dst_data=(nil) f16_K=0x400000 f16_V=(nil) f16_end=0x480000
CUDA_FA_ROUTE_PLAN device=0 Q=[256,256,16,1] Kraw=q4_0 Vraw=turbo3 Kshape=[256,256,4,1] Vshape=[256,256,4,1] Keff=q4_0 Veff=f16 turbo_kv=1 prefer_native_vec=0 decode=1 dk=0 dv=1 unsafe_vec_after_turbo_v_decode=1 allow_vec=0 kernel=MMA_F16 need_f16_K=1 need_f16_V=0 Knb=[18,576,144,147456] Vnb=[50,400,100,102400] Keff_nb=[18,576,144,147456] Veff_nb=[2,2048,512,524288]
CUDA_FA_ROUTE_ALLOC kernel=MMA_F16 need_f16_K=1 need_f16_V=0 workspace_end_offset=4718592 dst_data=(nil) f16_K=0x400000 f16_V=(nil) f16_end=0x480000
CUDA_FA_ROUTE_PLAN device=0 Q=[256,256,16,1] Kraw=q4_0 Vraw=turbo3 Kshape=[256,256,4,1] Vshape=[256,256,4,1] Keff=q4_0 Veff=f16 turbo_kv=1 prefer_native_vec=0 decode=1 dk=0 dv=1 unsafe_vec_after_turbo_v_decode=1 allow_vec=0 kernel=MMA_F16 need_f16_K=1 need_f16_V=0 Knb=[18,576,144,147456] Vnb=[50,400,100,102400] Keff_nb=[18,576,144,147456] Veff_nb=[2,2048,512,524288]
CUDA_FA_ROUTE_ALLOC kernel=MMA_F16 need_f16_K=1 need_f16_V=0 workspace_end_offset=4718592 dst_data=(nil) f16_K=0x400000 f16_V=(nil) f16_end=0x480000
CUDA_FA_ROUTE_PLAN device=0 Q=[256,256,16,1] Kraw=q4_0 Vraw=turbo3 Kshape=[256,256,4,1] Vshape=[256,256,4,1] Keff=q4_0 Veff=f16 turbo_kv=1 prefer_native_vec=0 decode=1 dk=0 dv=1 unsafe_vec_after_turbo_v_decode=1 allow_vec=0 kernel=MMA_F16 need_f16_K=1 need_f16_V=0 Knb=[18,576,144,147456] Vnb=[50,400,100,102400] Keff_nb=[18,576,144,147456] Veff_nb=[2,2048,512,524288]
CUDA_FA_ROUTE_ALLOC kernel=MMA_F16 need_f16_K=1 need_f16_V=0 workspace_end_offset=4718592 dst_data=(nil) f16_K=0x400000 f16_V=(nil) f16_end=0x480000
CUDA_FA_ROUTE_PLAN device=0 Q=[256,256,16,1] Kraw=q4_0 Vraw=turbo3 Kshape=[256,256,4,1] Vshape=[256,256,4,1] Keff=q4_0 Veff=f16 turbo_kv=1 prefer_native_vec=0 decode=1 dk=0 dv=1 unsafe_vec_after_turbo_v_decode=1 allow_vec=0 kernel=MMA_F16 need_f16_K=1 need_f16_V=0 Knb=[18,576,144,147456] Vnb=[50,400,100,102400] Keff_nb=[18,576,144,147456] Veff_nb=[2,2048,512,524288]
CUDA_FA_ROUTE_ALLOC kernel=MMA_F16 need_f16_K=1 need_f16_V=0 workspace_end_offset=4718592 dst_data=(nil) f16_K=0x400000 f16_V=(nil) f16_end=0x480000
CUDA_FA_ROUTE_PLAN device=0 Q=[256,256,16,1] Kraw=q4_0 Vraw=turbo3 Kshape=[256,256,4,1] Vshape=[256,256,4,1] Keff=q4_0 Veff=f16 turbo_kv=1 prefer_native_vec=0 decode=1 dk=0 dv=1 unsafe_vec_after_turbo_v_decode=1 allow_vec=0 kernel=MMA_F16 need_f16_K=1 need_f16_V=0 Knb=[18,576,144,147456] Vnb=[50,400,100,102400] Keff_nb=[18,576,144,147456] Veff_nb=[2,2048,512,524288]
CUDA_FA_ROUTE_ALLOC kernel=MMA_F16 need_f16_K=1 need_f16_V=0 workspace_end_offset=4718592 dst_data=(nil) f16_K=0x400000 f16_V=(nil) f16_end=0x480000
CUDA_FA_ROUTE_PLAN device=0 Q=[256,256,16,1] Kraw=q4_0 Vraw=turbo3 Kshape=[256,256,4,1] Vshape=[256,256,4,1] Keff=q4_0 Veff=f16 turbo_kv=1 prefer_native_vec=0 decode=1 dk=0 dv=1 unsafe_vec_after_turbo_v_decode=1 allow_vec=0 kernel=MMA_F16 need_f16_K=1 need_f16_V=0 Knb=[18,576,144,147456] Vnb=[50,400,100,102400] Keff_nb=[18,576,144,147456] Veff_nb=[2,2048,512,524288]
CUDA_FA_ROUTE_ALLOC kernel=MMA_F16 need_f16_K=1 need_f16_V=0 workspace_end_offset=4718592 dst_data=(nil) f16_K=0x400000 f16_V=(nil) f16_end=0x480000
CUDA_FA_ROUTE_PLAN device=0 Q=[256,256,16,1] Kraw=q4_0 Vraw=turbo3 Kshape=[256,256,4,1] Vshape=[256,256,4,1] Keff=q4_0 Veff=f16 turbo_kv=1 prefer_native_vec=0 decode=1 dk=0 dv=1 unsafe_vec_after_turbo_v_decode=1 allow_vec=0 kernel=MMA_F16 need_f16_K=1 need_f16_V=0 Knb=[18,576,144,147456] Vnb=[50,400,100,102400] Keff_nb=[18,576,144,147456] Veff_nb=[2,2048,512,524288]
CUDA_FA_ROUTE_ALLOC kernel=MMA_F16 need_f16_K=1 need_f16_V=0 workspace_end_offset=4718592 dst_data=(nil) f16_K=0x400000 f16_V=(nil) f16_end=0x480000
CUDA_FA_ROUTE_PLAN device=0 Q=[256,256,16,1] Kraw=q4_0 Vraw=turbo3 Kshape=[256,256,4,1] Vshape=[256,256,4,1] Keff=q4_0 Veff=f16 turbo_kv=1 prefer_native_vec=0 decode=1 dk=0 dv=1 unsafe_vec_after_turbo_v_decode=1 allow_vec=0 kernel=MMA_F16 need_f16_K=1 need_f16_V=0 Knb=[18,576,144,147456] Vnb=[50,400,100,102400] Keff_nb=[18,576,144,147456] Veff_nb=[2,2048,512,524288]
CUDA_FA_ROUTE_ALLOC kernel=MMA_F16 need_f16_K=1 need_f16_V=0 workspace_end_offset=4718592 dst_data=(nil) f16_K=0x400000 f16_V=(nil) f16_end=0x480000
CUDA_FA_ROUTE_PLAN device=0 Q=[256,256,16,1] Kraw=q4_0 Vraw=turbo3 Kshape=[256,256,4,1] Vshape=[256,256,4,1] Keff=q4_0 Veff=f16 turbo_kv=1 prefer_native_vec=0 decode=1 dk=0 dv=1 unsafe_vec_after_turbo_v_decode=1 allow_vec=0 kernel=MMA_F16 need_f16_K=1 need_f16_V=0 Knb=[18,576,144,147456] Vnb=[50,400,100,102400] Keff_nb=[18,576,144,147456] Veff_nb=[2,2048,512,524288]
CUDA_FA_ROUTE_ALLOC kernel=MMA_F16 need_f16_K=1 need_f16_V=0 workspace_end_offset=4718592 dst_data=(nil) f16_K=0x400000 f16_V=(nil) f16_end=0x480000
CUDA_FA_ROUTE_PLAN device=0 Q=[256,256,16,1] Kraw=q4_0 Vraw=turbo3 Kshape=[256,256,4,1] Vshape=[256,256,4,1] Keff=q4_0 Veff=f16 turbo_kv=1 prefer_native_vec=0 decode=1 dk=0 dv=1 unsafe_vec_after_turbo_v_decode=1 allow_vec=0 kernel=MMA_F16 need_f16_K=1 need_f16_V=0 Knb=[18,576,144,147456] Vnb=[50,400,100,102400] Keff_nb=[18,576,144,147456] Veff_nb=[2,2048,512,524288]
CUDA_FA_ROUTE_ALLOC kernel=MMA_F16 need_f16_K=1 need_f16_V=0 workspace_end_offset=4718592 dst_data=(nil) f16_K=0x400000 f16_V=(nil) f16_end=0x480000
CUDA_FA_ROUTE_PLAN device=0 Q=[256,256,16,1] Kraw=q4_0 Vraw=turbo3 Kshape=[256,256,4,1] Vshape=[256,256,4,1] Keff=q4_0 Veff=f16 turbo_kv=1 prefer_native_vec=0 decode=1 dk=0 dv=1 unsafe_vec_after_turbo_v_decode=1 allow_vec=0 kernel=MMA_F16 need_f16_K=1 need_f16_V=0 Knb=[18,576,144,147456] Vnb=[50,400,100,102400] Keff_nb=[18,576,144,147456] Veff_nb=[2,2048,512,524288]
CUDA_FA_ROUTE_ALLOC kernel=MMA_F16 need_f16_K=1 need_f16_V=0 workspace_end_offset=4718592 dst_data=(nil) f16_K=0x400000 f16_V=(nil) f16_end=0x480000
CUDA_FA_ROUTE_PLAN device=0 Q=[256,256,16,1] Kraw=q4_0 Vraw=turbo3 Kshape=[256,256,4,1] Vshape=[256,256,4,1] Keff=q4_0 Veff=f16 turbo_kv=1 prefer_native_vec=0 decode=1 dk=0 dv=1 unsafe_vec_after_turbo_v_decode=1 allow_vec=0 kernel=MMA_F16 need_f16_K=1 need_f16_V=0 Knb=[18,576,144,147456] Vnb=[50,400,100,102400] Keff_nb=[18,576,144,147456] Veff_nb=[2,2048,512,524288]
CUDA_FA_ROUTE_ALLOC kernel=MMA_F16 need_f16_K=1 need_f16_V=0 workspace_end_offset=4718592 dst_data=(nil) f16_K=0x400000 f16_V=(nil) f16_end=0x480000
CUDA_FA_ROUTE_PLAN device=0 Q=[256,256,16,1] Kraw=q4_0 Vraw=turbo3 Kshape=[256,256,4,1] Vshape=[256,256,4,1] Keff=q4_0 Veff=f16 turbo_kv=1 prefer_native_vec=0 decode=1 dk=0 dv=1 unsafe_vec_after_turbo_v_decode=1 allow_vec=0 kernel=MMA_F16 need_f16_K=1 need_f16_V=0 Knb=[18,576,144,147456] Vnb=[50,400,100,102400] Keff_nb=[18,576,144,147456] Veff_nb=[2,2048,512,524288]
CUDA_FA_ROUTE_ALLOC kernel=MMA_F16 need_f16_K=1 need_f16_V=0 workspace_end_offset=4718592 dst_data=(nil) f16_K=0x400000 f16_V=(nil) f16_end=0x480000
CUDA_FA_ROUTE_PLAN device=0 Q=[256,256,16,1] Kraw=q4_0 Vraw=turbo3 Kshape=[256,256,4,1] Vshape=[256,256,4,1] Keff=q4_0 Veff=f16 turbo_kv=1 prefer_native_vec=0 decode=1 dk=0 dv=1 unsafe_vec_after_turbo_v_decode=1 allow_vec=0 kernel=MMA_F16 need_f16_K=1 need_f16_V=0 Knb=[18,576,144,147456] Vnb=[50,400,100,102400] Keff_nb=[18,576,144,147456] Veff_nb=[2,2048,512,524288]
CUDA_FA_ROUTE_ALLOC kernel=MMA_F16 need_f16_K=1 need_f16_V=0 workspace_end_offset=4718592 dst_data=(nil) f16_K=0x400000 f16_V=(nil) f16_end=0x480000
CUDA_FA_ROUTE_PLAN device=0 Q=[256,256,16,1] Kraw=q4_0 Vraw=turbo3 Kshape=[256,256,4,1] Vshape=[256,256,4,1] Keff=q4_0 Veff=f16 turbo_kv=1 prefer_native_vec=0 decode=1 dk=0 dv=1 unsafe_vec_after_turbo_v_decode=1 allow_vec=0 kernel=MMA_F16 need_f16_K=1 need_f16_V=0 Knb=[18,576,144,147456] Vnb=[50,400,100,102400] Keff_nb=[18,576,144,147456] Veff_nb=[2,2048,512,524288]
CUDA_FA_ROUTE_ALLOC kernel=MMA_F16 need_f16_K=1 need_f16_V=0 workspace_end_offset=4718592 dst_data=(nil) f16_K=0x400000 f16_V=(nil) f16_end=0x480000
CUDA_FA_ROUTE_PLAN device=0 Q=[256,256,16,1] Kraw=q4_0 Vraw=turbo3 Kshape=[256,256,4,1] Vshape=[256,256,4,1] Keff=q4_0 Veff=f16 turbo_kv=1 prefer_native_vec=0 decode=1 dk=0 dv=1 unsafe_vec_after_turbo_v_decode=1 allow_vec=0 kernel=MMA_F16 need_f16_K=1 need_f16_V=0 Knb=[18,576,144,147456] Vnb=[50,400,100,102400] Keff_nb=[18,576,144,147456] Veff_nb=[2,2048,512,524288]
CUDA_FA_ROUTE_ALLOC kernel=MMA_F16 need_f16_K=1 need_f16_V=0 workspace_end_offset=4718592 dst_data=(nil) f16_K=0x400000 f16_V=(nil) f16_end=0x480000
CUDA_FA_ROUTE_PLAN device=0 Q=[256,256,16,1] Kraw=q4_0 Vraw=turbo3 Kshape=[256,256,4,1] Vshape=[256,256,4,1] Keff=q4_0 Veff=f16 turbo_kv=1 prefer_native_vec=0 decode=1 dk=0 dv=1 unsafe_vec_after_turbo_v_decode=1 allow_vec=0 kernel=MMA_F16 need_f16_K=1 need_f16_V=0 Knb=[18,576,144,147456] Vnb=[50,400,100,102400] Keff_nb=[18,576,144,147456] Veff_nb=[2,2048,512,524288]
CUDA_FA_ROUTE_ALLOC kernel=MMA_F16 need_f16_K=1 need_f16_V=0 workspace_end_offset=4718592 dst_data=(nil) f16_K=0x400000 f16_V=(nil) f16_end=0x480000
CUDA_FA_ROUTE_PLAN device=0 Q=[256,256,16,1] Kraw=q4_0 Vraw=turbo3 Kshape=[256,256,4,1] Vshape=[256,256,4,1] Keff=q4_0 Veff=f16 turbo_kv=1 prefer_native_vec=0 decode=1 dk=0 dv=1 unsafe_vec_after_turbo_v_decode=1 allow_vec=0 kernel=MMA_F16 need_f16_K=1 need_f16_V=0 Knb=[18,576,144,147456] Vnb=[50,400,100,102400] Keff_nb=[18,576,144,147456] Veff_nb=[2,2048,512,524288]
CUDA_FA_ROUTE_ALLOC kernel=MMA_F16 need_f16_K=1 need_f16_V=0 workspace_end_offset=4718592 dst_data=(nil) f16_K=0x400000 f16_V=(nil) f16_end=0x480000
CUDA_FA_ROUTE_PLAN device=0 Q=[256,256,16,1] Kraw=q4_0 Vraw=turbo3 Kshape=[256,256,4,1] Vshape=[256,256,4,1] Keff=q4_0 Veff=f16 turbo_kv=1 prefer_native_vec=0 decode=1 dk=0 dv=1 unsafe_vec_after_turbo_v_decode=1 allow_vec=0 kernel=MMA_F16 need_f16_K=1 need_f16_V=0 Knb=[18,576,144,147456] Vnb=[50,400,100,102400] Keff_nb=[18,576,144,147456] Veff_nb=[2,2048,512,524288]
CUDA_FA_ROUTE_ALLOC kernel=MMA_F16 need_f16_K=1 need_f16_V=0 workspace_end_offset=4718592 dst_data=(nil) f16_K=0x400000 f16_V=(nil) f16_end=0x480000
CUDA_FA_ROUTE_PLAN device=0 Q=[256,256,16,1] Kraw=q4_0 Vraw=turbo3 Kshape=[256,256,4,1] Vshape=[256,256,4,1] Keff=q4_0 Veff=f16 turbo_kv=1 prefer_native_vec=0 decode=1 dk=0 dv=1 unsafe_vec_after_turbo_v_decode=1 allow_vec=0 kernel=MMA_F16 need_f16_K=1 need_f16_V=0 Knb=[18,576,144,147456] Vnb=[50,400,100,102400] Keff_nb=[18,576,144,147456] Veff_nb=[2,2048,512,524288]
CUDA_FA_ROUTE_ALLOC kernel=MMA_F16 need_f16_K=1 need_f16_V=0 workspace_end_offset=4718592 dst_data=(nil) f16_K=0x400000 f16_V=(nil) f16_end=0x480000
CUDA_FA_ROUTE_PLAN device=0 Q=[256,256,16,1] Kraw=q4_0 Vraw=turbo3 Kshape=[256,256,4,1] Vshape=[256,256,4,1] Keff=q4_0 Veff=f16 turbo_kv=1 prefer_native_vec=0 decode=1 dk=0 dv=1 unsafe_vec_after_turbo_v_decode=1 allow_vec=0 kernel=MMA_F16 need_f16_K=1 need_f16_V=0 Knb=[18,576,144,147456] Vnb=[50,400,100,102400] Keff_nb=[18,576,144,147456] Veff_nb=[2,2048,512,524288]
CUDA_FA_ROUTE_ALLOC kernel=MMA_F16 need_f16_K=1 need_f16_V=0 workspace_end_offset=4718592 dst_data=(nil) f16_K=0x400000 f16_V=(nil) f16_end=0x480000
CUDA_FA_ROUTE_PLAN device=0 Q=[256,256,16,1] Kraw=q4_0 Vraw=turbo3 Kshape=[256,256,4,1] Vshape=[256,256,4,1] Keff=q4_0 Veff=f16 turbo_kv=1 prefer_native_vec=0 decode=1 dk=0 dv=1 unsafe_vec_after_turbo_v_decode=1 allow_vec=0 kernel=MMA_F16 need_f16_K=1 need_f16_V=0 Knb=[18,576,144,147456] Vnb=[50,400,100,102400] Keff_nb=[18,576,144,147456] Veff_nb=[2,2048,512,524288]
CUDA_FA_ROUTE_ALLOC kernel=MMA_F16 need_f16_K=1 need_f16_V=0 workspace_end_offset=4718592 dst_data=(nil) f16_K=0x400000 f16_V=(nil) f16_end=0x480000
CUDA_FA_ROUTE_PLAN device=0 Q=[256,256,16,1] Kraw=q4_0 Vraw=turbo3 Kshape=[256,256,4,1] Vshape=[256,256,4,1] Keff=q4_0 Veff=f16 turbo_kv=1 prefer_native_vec=0 decode=1 dk=0 dv=1 unsafe_vec_after_turbo_v_decode=1 allow_vec=0 kernel=MMA_F16 need_f16_K=1 need_f16_V=0 Knb=[18,576,144,147456] Vnb=[50,400,100,102400] Keff_nb=[18,576,144,147456] Veff_nb=[2,2048,512,524288]
CUDA_FA_ROUTE_ALLOC kernel=MMA_F16 need_f16_K=1 need_f16_V=0 workspace_end_offset=4718592 dst_data=(nil) f16_K=0x400000 f16_V=(nil) f16_end=0x480000
CUDA_FA_ROUTE_PLAN device=0 Q=[256,256,16,1] Kraw=q4_0 Vraw=turbo3 Kshape=[256,256,4,1] Vshape=[256,256,4,1] Keff=q4_0 Veff=f16 turbo_kv=1 prefer_native_vec=0 decode=1 dk=0 dv=1 unsafe_vec_after_turbo_v_decode=1 allow_vec=0 kernel=MMA_F16 need_f16_K=1 need_f16_V=0 Knb=[18,576,144,147456] Vnb=[50,400,100,102400] Keff_nb=[18,576,144,147456] Veff_nb=[2,2048,512,524288]
CUDA_FA_ROUTE_ALLOC kernel=MMA_F16 need_f16_K=1 need_f16_V=0 workspace_end_offset=4718592 dst_data=(nil) f16_K=0x400000 f16_V=(nil) f16_end=0x480000
CUDA_FA_ROUTE_PLAN device=0 Q=[256,256,16,1] Kraw=q4_0 Vraw=turbo3 Kshape=[256,256,4,1] Vshape=[256,256,4,1] Keff=q4_0 Veff=f16 turbo_kv=1 prefer_native_vec=0 decode=1 dk=0 dv=1 unsafe_vec_after_turbo_v_decode=1 allow_vec=0 kernel=MMA_F16 need_f16_K=1 need_f16_V=0 Knb=[18,576,144,147456] Vnb=[50,400,100,102400] Keff_nb=[18,576,144,147456] Veff_nb=[2,2048,512,524288]
CUDA_FA_ROUTE_ALLOC kernel=MMA_F16 need_f16_K=1 need_f16_V=0 workspace_end_offset=4718592 dst_data=(nil) f16_K=0x400000 f16_V=(nil) f16_end=0x480000
CUDA_FA_ROUTE_PLAN device=0 Q=[256,256,16,1] Kraw=q4_0 Vraw=turbo3 Kshape=[256,256,4,1] Vshape=[256,256,4,1] Keff=q4_0 Veff=f16 turbo_kv=1 prefer_native_vec=0 decode=1 dk=0 dv=1 unsafe_vec_after_turbo_v_decode=1 allow_vec=0 kernel=MMA_F16 need_f16_K=1 need_f16_V=0 Knb=[18,576,144,147456] Vnb=[50,400,100,102400] Keff_nb=[18,576,144,147456] Veff_nb=[2,2048,512,524288]
CUDA_FA_ROUTE_ALLOC kernel=MMA_F16 need_f16_K=1 need_f16_V=0 workspace_end_offset=4718592 dst_data=(nil) f16_K=0x400000 f16_V=(nil) f16_end=0x480000
CUDA_FA_ROUTE_PLAN device=0 Q=[256,256,16,1] Kraw=q4_0 Vraw=turbo3 Kshape=[256,256,4,1] Vshape=[256,256,4,1] Keff=q4_0 Veff=f16 turbo_kv=1 prefer_native_vec=0 decode=1 dk=0 dv=1 unsafe_vec_after_turbo_v_decode=1 allow_vec=0 kernel=MMA_F16 need_f16_K=1 need_f16_V=0 Knb=[18,576,144,147456] Vnb=[50,400,100,102400] Keff_nb=[18,576,144,147456] Veff_nb=[2,2048,512,524288]
CUDA_FA_ROUTE_ALLOC kernel=MMA_F16 need_f16_K=1 need_f16_V=0 workspace_end_offset=4718592 dst_data=(nil) f16_K=0x400000 f16_V=(nil) f16_end=0x480000
CUDA_FA_ROUTE_PLAN device=0 Q=[256,256,16,1] Kraw=q4_0 Vraw=turbo3 Kshape=[256,256,4,1] Vshape=[256,256,4,1] Keff=q4_0 Veff=f16 turbo_kv=1 prefer_native_vec=0 decode=1 dk=0 dv=1 unsafe_vec_after_turbo_v_decode=1 allow_vec=0 kernel=MMA_F16 need_f16_K=1 need_f16_V=0 Knb=[18,576,144,147456] Vnb=[50,400,100,102400] Keff_nb=[18,576,144,147456] Veff_nb=[2,2048,512,524288]
CUDA_FA_ROUTE_ALLOC kernel=MMA_F16 need_f16_K=1 need_f16_V=0 workspace_end_offset=4718592 dst_data=(nil) f16_K=0x400000 f16_V=(nil) f16_end=0x480000
CUDA_FA_ROUTE_PLAN device=0 Q=[256,256,16,1] Kraw=q4_0 Vraw=turbo3 Kshape=[256,256,4,1] Vshape=[256,256,4,1] Keff=q4_0 Veff=f16 turbo_kv=1 prefer_native_vec=0 decode=1 dk=0 dv=1 unsafe_vec_after_turbo_v_decode=1 allow_vec=0 kernel=MMA_F16 need_f16_K=1 need_f16_V=0 Knb=[18,576,144,147456] Vnb=[50,400,100,102400] Keff_nb=[18,576,144,147456] Veff_nb=[2,2048,512,524288]
CUDA_FA_ROUTE_ALLOC kernel=MMA_F16 need_f16_K=1 need_f16_V=0 workspace_end_offset=4718592 dst_data=(nil) f16_K=0x400000 f16_V=(nil) f16_end=0x480000
CUDA_FA_ROUTE_PLAN device=0 Q=[256,1,16,1] Kraw=q4_0 Vraw=turbo3 Kshape=[256,256,4,1] Vshape=[256,256,4,1] Keff=q4_0 Veff=f16 turbo_kv=1 prefer_native_vec=0 decode=1 dk=0 dv=1 unsafe_vec_after_turbo_v_decode=1 allow_vec=0 kernel=MMA_F16 need_f16_K=1 need_f16_V=0 Knb=[18,576,144,147456] Vnb=[50,400,100,102400] Keff_nb=[18,576,144,147456] Veff_nb=[2,2048,512,524288]
CUDA_FA_ROUTE_SUPPORTED kernel=MMA_F16 effK=q4_0 effV=f16 supported=1
CUDA_FA_ROUTE_PLAN device=0 Q=[256,1,16,1] Kraw=q4_0 Vraw=turbo3 Kshape=[256,256,4,1] Vshape=[256,256,4,1] Keff=q4_0 Veff=f16 turbo_kv=1 prefer_native_vec=0 decode=1 dk=0 dv=1 unsafe_vec_after_turbo_v_decode=1 allow_vec=0 kernel=MMA_F16 need_f16_K=1 need_f16_V=0 Knb=[18,576,144,147456] Vnb=[50,400,100,102400] Keff_nb=[18,576,144,147456] Veff_nb=[2,2048,512,524288]
CUDA_FA_ROUTE_SUPPORTED kernel=MMA_F16 effK=q4_0 effV=f16 supported=1
CUDA_FA_ROUTE_PLAN device=0 Q=[256,1,16,1] Kraw=q4_0 Vraw=turbo3 Kshape=[256,256,4,1] Vshape=[256,256,4,1] Keff=q4_0 Veff=f16 turbo_kv=1 prefer_native_vec=0 decode=1 dk=0 dv=1 unsafe_vec_after_turbo_v_decode=1 allow_vec=0 kernel=MMA_F16 need_f16_K=1 need_f16_V=0 Knb=[18,576,144,147456] Vnb=[50,400,100,102400] Keff_nb=[18,576,144,147456] Veff_nb=[2,2048,512,524288]
CUDA_FA_ROUTE_SUPPORTED kernel=MMA_F16 effK=q4_0 effV=f16 supported=1
CUDA_FA_ROUTE_PLAN device=0 Q=[256,1,16,1] Kraw=q4_0 Vraw=turbo3 Kshape=[256,256,4,1] Vshape=[256,256,4,1] Keff=q4_0 Veff=f16 turbo_kv=1 prefer_native_vec=0 decode=1 dk=0 dv=1 unsafe_vec_after_turbo_v_decode=1 allow_vec=0 kernel=MMA_F16 need_f16_K=1 need_f16_V=0 Knb=[18,576,144,147456] Vnb=[50,400,100,102400] Keff_nb=[18,576,144,147456] Veff_nb=[2,2048,512,524288]
CUDA_FA_ROUTE_SUPPORTED kernel=MMA_F16 effK=q4_0 effV=f16 supported=1
CUDA_FA_ROUTE_PLAN device=0 Q=[256,1,16,1] Kraw=q4_0 Vraw=turbo3 Kshape=[256,256,4,1] Vshape=[256,256,4,1] Keff=q4_0 Veff=f16 turbo_kv=1 prefer_native_vec=0 decode=1 dk=0 dv=1 unsafe_vec_after_turbo_v_decode=1 allow_vec=0 kernel=MMA_F16 need_f16_K=1 need_f16_V=0 Knb=[18,576,144,147456] Vnb=[50,400,100,102400] Keff_nb=[18,576,144,147456] Veff_nb=[2,2048,512,524288]
CUDA_FA_ROUTE_SUPPORTED kernel=MMA_F16 effK=q4_0 effV=f16 supported=1
CUDA_FA_ROUTE_PLAN device=0 Q=[256,1,16,1] Kraw=q4_0 Vraw=turbo3 Kshape=[256,256,4,1] Vshape=[256,256,4,1] Keff=q4_0 Veff=f16 turbo_kv=1 prefer_native_vec=0 decode=1 dk=0 dv=1 unsafe_vec_after_turbo_v_decode=1 allow_vec=0 kernel=MMA_F16 need_f16_K=1 need_f16_V=0 Knb=[18,576,144,147456] Vnb=[50,400,100,102400] Keff_nb=[18,576,144,147456] Veff_nb=[2,2048,512,524288]
CUDA_FA_ROUTE_SUPPORTED kernel=MMA_F16 effK=q4_0 effV=f16 supported=1
CUDA_FA_ROUTE_PLAN device=0 Q=[256,1,16,1] Kraw=q4_0 Vraw=turbo3 Kshape=[256,256,4,1] Vshape=[256,256,4,1] Keff=q4_0 Veff=f16 turbo_kv=1 prefer_native_vec=0 decode=1 dk=0 dv=1 unsafe_vec_after_turbo_v_decode=1 allow_vec=0 kernel=MMA_F16 need_f16_K=1 need_f16_V=0 Knb=[18,576,144,147456] Vnb=[50,400,100,102400] Keff_nb=[18,576,144,147456] Veff_nb=[2,2048,512,524288]
CUDA_FA_ROUTE_SUPPORTED kernel=MMA_F16 effK=q4_0 effV=f16 supported=1
CUDA_FA_ROUTE_PLAN device=0 Q=[256,1,16,1] Kraw=q4_0 Vraw=turbo3 Kshape=[256,256,4,1] Vshape=[256,256,4,1] Keff=q4_0 Veff=f16 turbo_kv=1 prefer_native_vec=0 decode=1 dk=0 dv=1 unsafe_vec_after_turbo_v_decode=1 allow_vec=0 kernel=MMA_F16 need_f16_K=1 need_f16_V=0 Knb=[18,576,144,147456] Vnb=[50,400,100,102400] Keff_nb=[18,576,144,147456] Veff_nb=[2,2048,512,524288]
CUDA_FA_ROUTE_SUPPORTED kernel=MMA_F16 effK=q4_0 effV=f16 supported=1
CUDA_FA_ROUTE_PLAN device=0 Q=[256,256,16,1] Kraw=q4_0 Vraw=turbo3 Kshape=[256,256,4,1] Vshape=[256,256,4,1] Keff=q4_0 Veff=f16 turbo_kv=1 prefer_native_vec=0 decode=1 dk=0 dv=1 unsafe_vec_after_turbo_v_decode=1 allow_vec=0 kernel=MMA_F16 need_f16_K=1 need_f16_V=0 Knb=[18,576,144,147456] Vnb=[50,400,100,102400] Keff_nb=[18,576,144,147456] Veff_nb=[2,2048,512,524288]
CUDA_FA_ROUTE_SUPPORTED kernel=MMA_F16 effK=q4_0 effV=f16 supported=1
CUDA_FA_ROUTE_PLAN device=0 Q=[256,256,16,1] Kraw=q4_0 Vraw=turbo3 Kshape=[256,256,4,1] Vshape=[256,256,4,1] Keff=q4_0 Veff=f16 turbo_kv=1 prefer_native_vec=0 decode=1 dk=0 dv=1 unsafe_vec_after_turbo_v_decode=1 allow_vec=0 kernel=MMA_F16 need_f16_K=1 need_f16_V=0 Knb=[18,576,144,147456] Vnb=[50,400,100,102400] Keff_nb=[18,576,144,147456] Veff_nb=[2,2048,512,524288]
CUDA_FA_ROUTE_SUPPORTED kernel=MMA_F16 effK=q4_0 effV=f16 supported=1
CUDA_FA_ROUTE_PLAN device=0 Q=[256,256,16,1] Kraw=q4_0 Vraw=turbo3 Kshape=[256,256,4,1] Vshape=[256,256,4,1] Keff=q4_0 Veff=f16 turbo_kv=1 prefer_native_vec=0 decode=1 dk=0 dv=1 unsafe_vec_after_turbo_v_decode=1 allow_vec=0 kernel=MMA_F16 need_f16_K=1 need_f16_V=0 Knb=[18,576,144,147456] Vnb=[50,400,100,102400] Keff_nb=[18,576,144,147456] Veff_nb=[2,2048,512,524288]
CUDA_FA_ROUTE_SUPPORTED kernel=MMA_F16 effK=q4_0 effV=f16 supported=1
CUDA_FA_ROUTE_PLAN device=0 Q=[256,256,16,1] Kraw=q4_0 Vraw=turbo3 Kshape=[256,256,4,1] Vshape=[256,256,4,1] Keff=q4_0 Veff=f16 turbo_kv=1 prefer_native_vec=0 decode=1 dk=0 dv=1 unsafe_vec_after_turbo_v_decode=1 allow_vec=0 kernel=MMA_F16 need_f16_K=1 need_f16_V=0 Knb=[18,576,144,147456] Vnb=[50,400,100,102400] Keff_nb=[18,576,144,147456] Veff_nb=[2,2048,512,524288]
CUDA_FA_ROUTE_SUPPORTED kernel=MMA_F16 effK=q4_0 effV=f16 supported=1
CUDA_FA_ROUTE_PLAN device=0 Q=[256,256,16,1] Kraw=q4_0 Vraw=turbo3 Kshape=[256,256,4,1] Vshape=[256,256,4,1] Keff=q4_0 Veff=f16 turbo_kv=1 prefer_native_vec=0 decode=1 dk=0 dv=1 unsafe_vec_after_turbo_v_decode=1 allow_vec=0 kernel=MMA_F16 need_f16_K=1 need_f16_V=0 Knb=[18,576,144,147456] Vnb=[50,400,100,102400] Keff_nb=[18,576,144,147456] Veff_nb=[2,2048,512,524288]
CUDA_FA_ROUTE_SUPPORTED kernel=MMA_F16 effK=q4_0 effV=f16 supported=1
CUDA_FA_ROUTE_PLAN device=0 Q=[256,256,16,1] Kraw=q4_0 Vraw=turbo3 Kshape=[256,256,4,1] Vshape=[256,256,4,1] Keff=q4_0 Veff=f16 turbo_kv=1 prefer_native_vec=0 decode=1 dk=0 dv=1 unsafe_vec_after_turbo_v_decode=1 allow_vec=0 kernel=MMA_F16 need_f16_K=1 need_f16_V=0 Knb=[18,576,144,147456] Vnb=[50,400,100,102400] Keff_nb=[18,576,144,147456] Veff_nb=[2,2048,512,524288]
CUDA_FA_ROUTE_SUPPORTED kernel=MMA_F16 effK=q4_0 effV=f16 supported=1
CUDA_FA_ROUTE_PLAN device=0 Q=[256,256,16,1] Kraw=q4_0 Vraw=turbo3 Kshape=[256,256,4,1] Vshape=[256,256,4,1] Keff=q4_0 Veff=f16 turbo_kv=1 prefer_native_vec=0 decode=1 dk=0 dv=1 unsafe_vec_after_turbo_v_decode=1 allow_vec=0 kernel=MMA_F16 need_f16_K=1 need_f16_V=0 Knb=[18,576,144,147456] Vnb=[50,400,100,102400] Keff_nb=[18,576,144,147456] Veff_nb=[2,2048,512,524288]
CUDA_FA_ROUTE_SUPPORTED kernel=MMA_F16 effK=q4_0 effV=f16 supported=1
CUDA_FA_ROUTE_PLAN device=0 Q=[256,256,16,1] Kraw=q4_0 Vraw=turbo3 Kshape=[256,256,4,1] Vshape=[256,256,4,1] Keff=q4_0 Veff=f16 turbo_kv=1 prefer_native_vec=0 decode=1 dk=0 dv=1 unsafe_vec_after_turbo_v_decode=1 allow_vec=0 kernel=MMA_F16 need_f16_K=1 need_f16_V=0 Knb=[18,576,144,147456] Vnb=[50,400,100,102400] Keff_nb=[18,576,144,147456] Veff_nb=[2,2048,512,524288]
CUDA_FA_ROUTE_SUPPORTED kernel=MMA_F16 effK=q4_0 effV=f16 supported=1
CUDA_FA_ROUTE_PLAN device=0 Q=[256,1,16,1] Kraw=q4_0 Vraw=turbo3 Kshape=[256,256,4,1] Vshape=[256,256,4,1] Keff=q4_0 Veff=f16 turbo_kv=1 prefer_native_vec=0 decode=1 dk=0 dv=1 unsafe_vec_after_turbo_v_decode=1 allow_vec=0 kernel=MMA_F16 need_f16_K=1 need_f16_V=0 Knb=[18,576,144,147456] Vnb=[50,400,100,102400] Keff_nb=[18,576,144,147456] Veff_nb=[2,2048,512,524288]
CUDA_FA_ROUTE_SUPPORTED kernel=MMA_F16 effK=q4_0 effV=f16 supported=1
CUDA_FA_ROUTE_PLAN device=0 Q=[256,1,16,1] Kraw=q4_0 Vraw=turbo3 Kshape=[256,256,4,1] Vshape=[256,256,4,1] Keff=q4_0 Veff=f16 turbo_kv=1 prefer_native_vec=0 decode=1 dk=0 dv=1 unsafe_vec_after_turbo_v_decode=1 allow_vec=0 kernel=MMA_F16 need_f16_K=1 need_f16_V=0 Knb=[18,576,144,147456] Vnb=[50,400,100,102400] Keff_nb=[18,576,144,147456] Veff_nb=[2,2048,512,524288]
CUDA_FA_ROUTE_SUPPORTED kernel=MMA_F16 effK=q4_0 effV=f16 supported=1
CUDA_FA_ROUTE_PLAN device=0 Q=[256,1,16,1] Kraw=q4_0 Vraw=turbo3 Kshape=[256,256,4,1] Vshape=[256,256,4,1] Keff=q4_0 Veff=f16 turbo_kv=1 prefer_native_vec=0 decode=1 dk=0 dv=1 unsafe_vec_after_turbo_v_decode=1 allow_vec=0 kernel=MMA_F16 need_f16_K=1 need_f16_V=0 Knb=[18,576,144,147456] Vnb=[50,400,100,102400] Keff_nb=[18,576,144,147456] Veff_nb=[2,2048,512,524288]
CUDA_FA_ROUTE_SUPPORTED kernel=MMA_F16 effK=q4_0 effV=f16 supported=1
CUDA_FA_ROUTE_PLAN device=0 Q=[256,1,16,1] Kraw=q4_0 Vraw=turbo3 Kshape=[256,256,4,1] Vshape=[256,256,4,1] Keff=q4_0 Veff=f16 turbo_kv=1 prefer_native_vec=0 decode=1 dk=0 dv=1 unsafe_vec_after_turbo_v_decode=1 allow_vec=0 kernel=MMA_F16 need_f16_K=1 need_f16_V=0 Knb=[18,576,144,147456] Vnb=[50,400,100,102400] Keff_nb=[18,576,144,147456] Veff_nb=[2,2048,512,524288]
CUDA_FA_ROUTE_SUPPORTED kernel=MMA_F16 effK=q4_0 effV=f16 supported=1
CUDA_FA_ROUTE_PLAN device=0 Q=[256,1,16,1] Kraw=q4_0 Vraw=turbo3 Kshape=[256,256,4,1] Vshape=[256,256,4,1] Keff=q4_0 Veff=f16 turbo_kv=1 prefer_native_vec=0 decode=1 dk=0 dv=1 unsafe_vec_after_turbo_v_decode=1 allow_vec=0 kernel=MMA_F16 need_f16_K=1 need_f16_V=0 Knb=[18,576,144,147456] Vnb=[50,400,100,102400] Keff_nb=[18,576,144,147456] Veff_nb=[2,2048,512,524288]
CUDA_FA_ROUTE_SUPPORTED kernel=MMA_F16 effK=q4_0 effV=f16 supported=1
CUDA_FA_ROUTE_PLAN device=0 Q=[256,1,16,1] Kraw=q4_0 Vraw=turbo3 Kshape=[256,256,4,1] Vshape=[256,256,4,1] Keff=q4_0 Veff=f16 turbo_kv=1 prefer_native_vec=0 decode=1 dk=0 dv=1 unsafe_vec_after_turbo_v_decode=1 allow_vec=0 kernel=MMA_F16 need_f16_K=1 need_f16_V=0 Knb=[18,576,144,147456] Vnb=[50,400,100,102400] Keff_nb=[18,576,144,147456] Veff_nb=[2,2048,512,524288]
CUDA_FA_ROUTE_SUPPORTED kernel=MMA_F16 effK=q4_0 effV=f16 supported=1
CUDA_FA_ROUTE_PLAN device=0 Q=[256,1,16,1] Kraw=q4_0 Vraw=turbo3 Kshape=[256,256,4,1] Vshape=[256,256,4,1] Keff=q4_0 Veff=f16 turbo_kv=1 prefer_native_vec=0 decode=1 dk=0 dv=1 unsafe_vec_after_turbo_v_decode=1 allow_vec=0 kernel=MMA_F16 need_f16_K=1 need_f16_V=0 Knb=[18,576,144,147456] Vnb=[50,400,100,102400] Keff_nb=[18,576,144,147456] Veff_nb=[2,2048,512,524288]
CUDA_FA_ROUTE_SUPPORTED kernel=MMA_F16 effK=q4_0 effV=f16 supported=1
CUDA_FA_ROUTE_PLAN device=0 Q=[256,1,16,1] Kraw=q4_0 Vraw=turbo3 Kshape=[256,256,4,1] Vshape=[256,256,4,1] Keff=q4_0 Veff=f16 turbo_kv=1 prefer_native_vec=0 decode=1 dk=0 dv=1 unsafe_vec_after_turbo_v_decode=1 allow_vec=0 kernel=MMA_F16 need_f16_K=1 need_f16_V=0 Knb=[18,576,144,147456] Vnb=[50,400,100,102400] Keff_nb=[18,576,144,147456] Veff_nb=[2,2048,512,524288]
CUDA_FA_ROUTE_SUPPORTED kernel=MMA_F16 effK=q4_0 effV=f16 supported=1
CUDA_FA_ROUTE_PLAN device=0 Q=[256,16,16,1] Kraw=q4_0 Vraw=turbo3 Kshape=[256,256,4,1] Vshape=[256,256,4,1] Keff=q4_0 Veff=f16 turbo_kv=1 prefer_native_vec=0 decode=1 dk=0 dv=1 unsafe_vec_after_turbo_v_decode=1 allow_vec=0 kernel=MMA_F16 need_f16_K=1 need_f16_V=0 Knb=[18,576,144,147456] Vnb=[50,400,100,102400] Keff_nb=[18,576,144,147456] Veff_nb=[2,2048,512,524288]
CUDA_FA_ROUTE_SUPPORTED kernel=MMA_F16 effK=q4_0 effV=f16 supported=1
CUDA_FA_ROUTE_PLAN device=0 Q=[256,16,16,1] Kraw=q4_0 Vraw=turbo3 Kshape=[256,256,4,1] Vshape=[256,256,4,1] Keff=q4_0 Veff=f16 turbo_kv=1 prefer_native_vec=0 decode=1 dk=0 dv=1 unsafe_vec_after_turbo_v_decode=1 allow_vec=0 kernel=MMA_F16 need_f16_K=1 need_f16_V=0 Knb=[18,576,144,147456] Vnb=[50,400,100,102400] Keff_nb=[18,576,144,147456] Veff_nb=[2,2048,512,524288]
CUDA_FA_ROUTE_SUPPORTED kernel=MMA_F16 effK=q4_0 effV=f16 supported=1
CUDA_FA_ROUTE_PLAN device=0 Q=[256,16,16,1] Kraw=q4_0 Vraw=turbo3 Kshape=[256,256,4,1] Vshape=[256,256,4,1] Keff=q4_0 Veff=f16 turbo_kv=1 prefer_native_vec=0 decode=1 dk=0 dv=1 unsafe_vec_after_turbo_v_decode=1 allow_vec=0 kernel=MMA_F16 need_f16_K=1 need_f16_V=0 Knb=[18,576,144,147456] Vnb=[50,400,100,102400] Keff_nb=[18,576,144,147456] Veff_nb=[2,2048,512,524288]
CUDA_FA_ROUTE_SUPPORTED kernel=MMA_F16 effK=q4_0 effV=f16 supported=1
CUDA_FA_ROUTE_PLAN device=0 Q=[256,16,16,1] Kraw=q4_0 Vraw=turbo3 Kshape=[256,256,4,1] Vshape=[256,256,4,1] Keff=q4_0 Veff=f16 turbo_kv=1 prefer_native_vec=0 decode=1 dk=0 dv=1 unsafe_vec_after_turbo_v_decode=1 allow_vec=0 kernel=MMA_F16 need_f16_K=1 need_f16_V=0 Knb=[18,576,144,147456] Vnb=[50,400,100,102400] Keff_nb=[18,576,144,147456] Veff_nb=[2,2048,512,524288]
CUDA_FA_ROUTE_SUPPORTED kernel=MMA_F16 effK=q4_0 effV=f16 supported=1
CUDA_FA_ROUTE_PLAN device=0 Q=[256,16,16,1] Kraw=q4_0 Vraw=turbo3 Kshape=[256,256,4,1] Vshape=[256,256,4,1] Keff=q4_0 Veff=f16 turbo_kv=1 prefer_native_vec=0 decode=1 dk=0 dv=1 unsafe_vec_after_turbo_v_decode=1 allow_vec=0 kernel=MMA_F16 need_f16_K=1 need_f16_V=0 Knb=[18,576,144,147456] Vnb=[50,400,100,102400] Keff_nb=[18,576,144,147456] Veff_nb=[2,2048,512,524288]
CUDA_FA_ROUTE_SUPPORTED kernel=MMA_F16 effK=q4_0 effV=f16 supported=1
CUDA_FA_ROUTE_PLAN device=0 Q=[256,16,16,1] Kraw=q4_0 Vraw=turbo3 Kshape=[256,256,4,1] Vshape=[256,256,4,1] Keff=q4_0 Veff=f16 turbo_kv=1 prefer_native_vec=0 decode=1 dk=0 dv=1 unsafe_vec_after_turbo_v_decode=1 allow_vec=0 kernel=MMA_F16 need_f16_K=1 need_f16_V=0 Knb=[18,576,144,147456] Vnb=[50,400,100,102400] Keff_nb=[18,576,144,147456] Veff_nb=[2,2048,512,524288]
CUDA_FA_ROUTE_SUPPORTED kernel=MMA_F16 effK=q4_0 effV=f16 supported=1
CUDA_FA_ROUTE_PLAN device=0 Q=[256,16,16,1] Kraw=q4_0 Vraw=turbo3 Kshape=[256,256,4,1] Vshape=[256,256,4,1] Keff=q4_0 Veff=f16 turbo_kv=1 prefer_native_vec=0 decode=1 dk=0 dv=1 unsafe_vec_after_turbo_v_decode=1 allow_vec=0 kernel=MMA_F16 need_f16_K=1 need_f16_V=0 Knb=[18,576,144,147456] Vnb=[50,400,100,102400] Keff_nb=[18,576,144,147456] Veff_nb=[2,2048,512,524288]
CUDA_FA_ROUTE_SUPPORTED kernel=MMA_F16 effK=q4_0 effV=f16 supported=1
CUDA_FA_ROUTE_PLAN device=0 Q=[256,16,16,1] Kraw=q4_0 Vraw=turbo3 Kshape=[256,256,4,1] Vshape=[256,256,4,1] Keff=q4_0 Veff=f16 turbo_kv=1 prefer_native_vec=0 decode=1 dk=0 dv=1 unsafe_vec_after_turbo_v_decode=1 allow_vec=0 kernel=MMA_F16 need_f16_K=1 need_f16_V=0 Knb=[18,576,144,147456] Vnb=[50,400,100,102400] Keff_nb=[18,576,144,147456] Veff_nb=[2,2048,512,524288]
CUDA_FA_ROUTE_SUPPORTED kernel=MMA_F16 effK=q4_0 effV=f16 supported=1
CUDA_FA_ROUTE_PLAN device=0 Q=[256,1,16,1] Kraw=q4_0 Vraw=turbo3 Kshape=[256,256,4,1] Vshape=[256,256,4,1] Keff=q4_0 Veff=f16 turbo_kv=1 prefer_native_vec=0 decode=1 dk=0 dv=1 unsafe_vec_after_turbo_v_decode=1 allow_vec=0 kernel=MMA_F16 need_f16_K=1 need_f16_V=0 Knb=[18,576,144,147456] Vnb=[50,400,100,102400] Keff_nb=[18,576,144,147456] Veff_nb=[2,2048,512,524288]
CUDA_FA_ROUTE_SUPPORTED kernel=MMA_F16 effK=q4_0 effV=f16 supported=1
CUDA_FA_ROUTE_PLAN device=0 Q=[256,1,16,1] Kraw=q4_0 Vraw=turbo3 Kshape=[256,256,4,1] Vshape=[256,256,4,1] Keff=q4_0 Veff=f16 turbo_kv=1 prefer_native_vec=0 decode=1 dk=0 dv=1 unsafe_vec_after_turbo_v_decode=1 allow_vec=0 kernel=MMA_F16 need_f16_K=1 need_f16_V=0 Knb=[18,576,144,147456] Vnb=[50,400,100,102400] Keff_nb=[18,576,144,147456] Veff_nb=[2,2048,512,524288]
CUDA_FA_ROUTE_SUPPORTED kernel=MMA_F16 effK=q4_0 effV=f16 supported=1
CUDA_FA_ROUTE_PLAN device=0 Q=[256,1,16,1] Kraw=q4_0 Vraw=turbo3 Kshape=[256,256,4,1] Vshape=[256,256,4,1] Keff=q4_0 Veff=f16 turbo_kv=1 prefer_native_vec=0 decode=1 dk=0 dv=1 unsafe_vec_after_turbo_v_decode=1 allow_vec=0 kernel=MMA_F16 need_f16_K=1 need_f16_V=0 Knb=[18,576,144,147456] Vnb=[50,400,100,102400] Keff_nb=[18,576,144,147456] Veff_nb=[2,2048,512,524288]
CUDA_FA_ROUTE_SUPPORTED kernel=MMA_F16 effK=q4_0 effV=f16 supported=1
CUDA_FA_ROUTE_PLAN device=0 Q=[256,1,16,1] Kraw=q4_0 Vraw=turbo3 Kshape=[256,256,4,1] Vshape=[256,256,4,1] Keff=q4_0 Veff=f16 turbo_kv=1 prefer_native_vec=0 decode=1 dk=0 dv=1 unsafe_vec_after_turbo_v_decode=1 allow_vec=0 kernel=MMA_F16 need_f16_K=1 need_f16_V=0 Knb=[18,576,144,147456] Vnb=[50,400,100,102400] Keff_nb=[18,576,144,147456] Veff_nb=[2,2048,512,524288]
CUDA_FA_ROUTE_SUPPORTED kernel=MMA_F16 effK=q4_0 effV=f16 supported=1
CUDA_FA_ROUTE_PLAN device=0 Q=[256,1,16,1] Kraw=q4_0 Vraw=turbo3 Kshape=[256,256,4,1] Vshape=[256,256,4,1] Keff=q4_0 Veff=f16 turbo_kv=1 prefer_native_vec=0 decode=1 dk=0 dv=1 unsafe_vec_after_turbo_v_decode=1 allow_vec=0 kernel=MMA_F16 need_f16_K=1 need_f16_V=0 Knb=[18,576,144,147456] Vnb=[50,400,100,102400] Keff_nb=[18,576,144,147456] Veff_nb=[2,2048,512,524288]
CUDA_FA_ROUTE_SUPPORTED kernel=MMA_F16 effK=q4_0 effV=f16 supported=1
CUDA_FA_ROUTE_PLAN device=0 Q=[256,1,16,1] Kraw=q4_0 Vraw=turbo3 Kshape=[256,256,4,1] Vshape=[256,256,4,1] Keff=q4_0 Veff=f16 turbo_kv=1 prefer_native_vec=0 decode=1 dk=0 dv=1 unsafe_vec_after_turbo_v_decode=1 allow_vec=0 kernel=MMA_F16 need_f16_K=1 need_f16_V=0 Knb=[18,576,144,147456] Vnb=[50,400,100,102400] Keff_nb=[18,576,144,147456] Veff_nb=[2,2048,512,524288]
CUDA_FA_ROUTE_SUPPORTED kernel=MMA_F16 effK=q4_0 effV=f16 supported=1
CUDA_FA_ROUTE_PLAN device=0 Q=[256,1,16,1] Kraw=q4_0 Vraw=turbo3 Kshape=[256,256,4,1] Vshape=[256,256,4,1] Keff=q4_0 Veff=f16 turbo_kv=1 prefer_native_vec=0 decode=1 dk=0 dv=1 unsafe_vec_after_turbo_v_decode=1 allow_vec=0 kernel=MMA_F16 need_f16_K=1 need_f16_V=0 Knb=[18,576,144,147456] Vnb=[50,400,100,102400] Keff_nb=[18,576,144,147456] Veff_nb=[2,2048,512,524288]
CUDA_FA_ROUTE_SUPPORTED kernel=MMA_F16 effK=q4_0 effV=f16 supported=1
CUDA_FA_ROUTE_PLAN device=0 Q=[256,1,16,1] Kraw=q4_0 Vraw=turbo3 Kshape=[256,256,4,1] Vshape=[256,256,4,1] Keff=q4_0 Veff=f16 turbo_kv=1 prefer_native_vec=0 decode=1 dk=0 dv=1 unsafe_vec_after_turbo_v_decode=1 allow_vec=0 kernel=MMA_F16 need_f16_K=1 need_f16_V=0 Knb=[18,576,144,147456] Vnb=[50,400,100,102400] Keff_nb=[18,576,144,147456] Veff_nb=[2,2048,512,524288]
CUDA_FA_ROUTE_SUPPORTED kernel=MMA_F16 effK=q4_0 effV=f16 supported=1
CUDA_FA_ROUTE_PLAN device=0 Q=[256,256,16,1] Kraw=q4_0 Vraw=turbo3 Kshape=[256,256,4,1] Vshape=[256,256,4,1] Keff=q4_0 Veff=f16 turbo_kv=1 prefer_native_vec=0 decode=1 dk=0 dv=1 unsafe_vec_after_turbo_v_decode=1 allow_vec=0 kernel=MMA_F16 need_f16_K=1 need_f16_V=0 Knb=[18,576,144,147456] Vnb=[50,400,100,102400] Keff_nb=[18,576,144,147456] Veff_nb=[2,2048,512,524288]
CUDA_FA_ROUTE_SUPPORTED kernel=MMA_F16 effK=q4_0 effV=f16 supported=1
CUDA_FA_ROUTE_PLAN device=0 Q=[256,256,16,1] Kraw=q4_0 Vraw=turbo3 Kshape=[256,256,4,1] Vshape=[256,256,4,1] Keff=q4_0 Veff=f16 turbo_kv=1 prefer_native_vec=0 decode=1 dk=0 dv=1 unsafe_vec_after_turbo_v_decode=1 allow_vec=0 kernel=MMA_F16 need_f16_K=1 need_f16_V=0 Knb=[18,576,144,147456] Vnb=[50,400,100,102400] Keff_nb=[18,576,144,147456] Veff_nb=[2,2048,512,524288]
CUDA_FA_ROUTE_SUPPORTED kernel=MMA_F16 effK=q4_0 effV=f16 supported=1
CUDA_FA_ROUTE_PLAN device=0 Q=[256,256,16,1] Kraw=q4_0 Vraw=turbo3 Kshape=[256,256,4,1] Vshape=[256,256,4,1] Keff=q4_0 Veff=f16 turbo_kv=1 prefer_native_vec=0 decode=1 dk=0 dv=1 unsafe_vec_after_turbo_v_decode=1 allow_vec=0 kernel=MMA_F16 need_f16_K=1 need_f16_V=0 Knb=[18,576,144,147456] Vnb=[50,400,100,102400] Keff_nb=[18,576,144,147456] Veff_nb=[2,2048,512,524288]
CUDA_FA_ROUTE_SUPPORTED kernel=MMA_F16 effK=q4_0 effV=f16 supported=1
CUDA_FA_ROUTE_PLAN device=0 Q=[256,256,16,1] Kraw=q4_0 Vraw=turbo3 Kshape=[256,256,4,1] Vshape=[256,256,4,1] Keff=q4_0 Veff=f16 turbo_kv=1 prefer_native_vec=0 decode=1 dk=0 dv=1 unsafe_vec_after_turbo_v_decode=1 allow_vec=0 kernel=MMA_F16 need_f16_K=1 need_f16_V=0 Knb=[18,576,144,147456] Vnb=[50,400,100,102400] Keff_nb=[18,576,144,147456] Veff_nb=[2,2048,512,524288]
CUDA_FA_ROUTE_SUPPORTED kernel=MMA_F16 effK=q4_0 effV=f16 supported=1
CUDA_FA_ROUTE_PLAN device=0 Q=[256,256,16,1] Kraw=q4_0 Vraw=turbo3 Kshape=[256,256,4,1] Vshape=[256,256,4,1] Keff=q4_0 Veff=f16 turbo_kv=1 prefer_native_vec=0 decode=1 dk=0 dv=1 unsafe_vec_after_turbo_v_decode=1 allow_vec=0 kernel=MMA_F16 need_f16_K=1 need_f16_V=0 Knb=[18,576,144,147456] Vnb=[50,400,100,102400] Keff_nb=[18,576,144,147456] Veff_nb=[2,2048,512,524288]
CUDA_FA_ROUTE_SUPPORTED kernel=MMA_F16 effK=q4_0 effV=f16 supported=1
CUDA_FA_ROUTE_PLAN device=0 Q=[256,256,16,1] Kraw=q4_0 Vraw=turbo3 Kshape=[256,256,4,1] Vshape=[256,256,4,1] Keff=q4_0 Veff=f16 turbo_kv=1 prefer_native_vec=0 decode=1 dk=0 dv=1 unsafe_vec_after_turbo_v_decode=1 allow_vec=0 kernel=MMA_F16 need_f16_K=1 need_f16_V=0 Knb=[18,576,144,147456] Vnb=[50,400,100,102400] Keff_nb=[18,576,144,147456] Veff_nb=[2,2048,512,524288]
CUDA_FA_ROUTE_SUPPORTED kernel=MMA_F16 effK=q4_0 effV=f16 supported=1
CUDA_FA_ROUTE_PLAN device=0 Q=[256,256,16,1] Kraw=q4_0 Vraw=turbo3 Kshape=[256,256,4,1] Vshape=[256,256,4,1] Keff=q4_0 Veff=f16 turbo_kv=1 prefer_native_vec=0 decode=1 dk=0 dv=1 unsafe_vec_after_turbo_v_decode=1 allow_vec=0 kernel=MMA_F16 need_f16_K=1 need_f16_V=0 Knb=[18,576,144,147456] Vnb=[50,400,100,102400] Keff_nb=[18,576,144,147456] Veff_nb=[2,2048,512,524288]
CUDA_FA_ROUTE_SUPPORTED kernel=MMA_F16 effK=q4_0 effV=f16 supported=1
CUDA_FA_ROUTE_PLAN device=0 Q=[256,256,16,1] Kraw=q4_0 Vraw=turbo3 Kshape=[256,256,4,1] Vshape=[256,256,4,1] Keff=q4_0 Veff=f16 turbo_kv=1 prefer_native_vec=0 decode=1 dk=0 dv=1 unsafe_vec_after_turbo_v_decode=1 allow_vec=0 kernel=MMA_F16 need_f16_K=1 need_f16_V=0 Knb=[18,576,144,147456] Vnb=[50,400,100,102400] Keff_nb=[18,576,144,147456] Veff_nb=[2,2048,512,524288]
CUDA_FA_ROUTE_SUPPORTED kernel=MMA_F16 effK=q4_0 effV=f16 supported=1
CUDA_FA_ROUTE_PLAN device=0 Q=[256,256,16,1] Kraw=q4_0 Vraw=turbo3 Kshape=[256,256,4,1] Vshape=[256,256,4,1] Keff=q4_0 Veff=f16 turbo_kv=1 prefer_native_vec=0 decode=1 dk=0 dv=1 unsafe_vec_after_turbo_v_decode=1 allow_vec=0 kernel=MMA_F16 need_f16_K=1 need_f16_V=0 Knb=[18,576,144,147456] Vnb=[50,400,100,102400] Keff_nb=[18,576,144,147456] Veff_nb=[2,2048,512,524288]
CUDA_FA_ROUTE_ALLOC kernel=MMA_F16 need_f16_K=1 need_f16_V=0 workspace_end_offset=4718592 dst_data=(nil) f16_K=0x400000 f16_V=(nil) f16_end=0x480000
CUDA_FA_ROUTE_PLAN device=0 Q=[256,256,16,1] Kraw=q4_0 Vraw=turbo3 Kshape=[256,256,4,1] Vshape=[256,256,4,1] Keff=q4_0 Veff=f16 turbo_kv=1 prefer_native_vec=0 decode=1 dk=0 dv=1 unsafe_vec_after_turbo_v_decode=1 allow_vec=0 kernel=MMA_F16 need_f16_K=1 need_f16_V=0 Knb=[18,576,144,147456] Vnb=[50,400,100,102400] Keff_nb=[18,576,144,147456] Veff_nb=[2,2048,512,524288]
CUDA_FA_ROUTE_ALLOC kernel=MMA_F16 need_f16_K=1 need_f16_V=0 workspace_end_offset=4718592 dst_data=(nil) f16_K=0x400000 f16_V=(nil) f16_end=0x480000
CUDA_FA_ROUTE_PLAN device=0 Q=[256,256,16,1] Kraw=q4_0 Vraw=turbo3 Kshape=[256,256,4,1] Vshape=[256,256,4,1] Keff=q4_0 Veff=f16 turbo_kv=1 prefer_native_vec=0 decode=1 dk=0 dv=1 unsafe_vec_after_turbo_v_decode=1 allow_vec=0 kernel=MMA_F16 need_f16_K=1 need_f16_V=0 Knb=[18,576,144,147456] Vnb=[50,400,100,102400] Keff_nb=[18,576,144,147456] Veff_nb=[2,2048,512,524288]
CUDA_FA_ROUTE_ALLOC kernel=MMA_F16 need_f16_K=1 need_f16_V=0 workspace_end_offset=4718592 dst_data=(nil) f16_K=0x400000 f16_V=(nil) f16_end=0x480000
CUDA_FA_ROUTE_PLAN device=0 Q=[256,256,16,1] Kraw=q4_0 Vraw=turbo3 Kshape=[256,256,4,1] Vshape=[256,256,4,1] Keff=q4_0 Veff=f16 turbo_kv=1 prefer_native_vec=0 decode=1 dk=0 dv=1 unsafe_vec_after_turbo_v_decode=1 allow_vec=0 kernel=MMA_F16 need_f16_K=1 need_f16_V=0 Knb=[18,576,144,147456] Vnb=[50,400,100,102400] Keff_nb=[18,576,144,147456] Veff_nb=[2,2048,512,524288]
CUDA_FA_ROUTE_ALLOC kernel=MMA_F16 need_f16_K=1 need_f16_V=0 workspace_end_offset=4718592 dst_data=(nil) f16_K=0x400000 f16_V=(nil) f16_end=0x480000
CUDA_FA_ROUTE_PLAN device=0 Q=[256,256,16,1] Kraw=q4_0 Vraw=turbo3 Kshape=[256,256,4,1] Vshape=[256,256,4,1] Keff=q4_0 Veff=f16 turbo_kv=1 prefer_native_vec=0 decode=1 dk=0 dv=1 unsafe_vec_after_turbo_v_decode=1 allow_vec=0 kernel=MMA_F16 need_f16_K=1 need_f16_V=0 Knb=[18,576,144,147456] Vnb=[50,400,100,102400] Keff_nb=[18,576,144,147456] Veff_nb=[2,2048,512,524288]
CUDA_FA_ROUTE_ALLOC kernel=MMA_F16 need_f16_K=1 need_f16_V=0 workspace_end_offset=4718592 dst_data=(nil) f16_K=0x400000 f16_V=(nil) f16_end=0x480000
CUDA_FA_ROUTE_PLAN device=0 Q=[256,256,16,1] Kraw=q4_0 Vraw=turbo3 Kshape=[256,256,4,1] Vshape=[256,256,4,1] Keff=q4_0 Veff=f16 turbo_kv=1 prefer_native_vec=0 decode=1 dk=0 dv=1 unsafe_vec_after_turbo_v_decode=1 allow_vec=0 kernel=MMA_F16 need_f16_K=1 need_f16_V=0 Knb=[18,576,144,147456] Vnb=[50,400,100,102400] Keff_nb=[18,576,144,147456] Veff_nb=[2,2048,512,524288]
CUDA_FA_ROUTE_ALLOC kernel=MMA_F16 need_f16_K=1 need_f16_V=0 workspace_end_offset=4718592 dst_data=(nil) f16_K=0x400000 f16_V=(nil) f16_end=0x480000
CUDA_FA_ROUTE_PLAN device=0 Q=[256,256,16,1] Kraw=q4_0 Vraw=turbo3 Kshape=[256,256,4,1] Vshape=[256,256,4,1] Keff=q4_0 Veff=f16 turbo_kv=1 prefer_native_vec=0 decode=1 dk=0 dv=1 unsafe_vec_after_turbo_v_decode=1 allow_vec=0 kernel=MMA_F16 need_f16_K=1 need_f16_V=0 Knb=[18,576,144,147456] Vnb=[50,400,100,102400] Keff_nb=[18,576,144,147456] Veff_nb=[2,2048,512,524288]
CUDA_FA_ROUTE_ALLOC kernel=MMA_F16 need_f16_K=1 need_f16_V=0 workspace_end_offset=4718592 dst_data=(nil) f16_K=0x400000 f16_V=(nil) f16_end=0x480000
CUDA_FA_ROUTE_PLAN device=0 Q=[256,256,16,1] Kraw=q4_0 Vraw=turbo3 Kshape=[256,256,4,1] Vshape=[256,256,4,1] Keff=q4_0 Veff=f16 turbo_kv=1 prefer_native_vec=0 decode=1 dk=0 dv=1 unsafe_vec_after_turbo_v_decode=1 allow_vec=0 kernel=MMA_F16 need_f16_K=1 need_f16_V=0 Knb=[18,576,144,147456] Vnb=[50,400,100,102400] Keff_nb=[18,576,144,147456] Veff_nb=[2,2048,512,524288]
CUDA_FA_ROUTE_ALLOC kernel=MMA_F16 need_f16_K=1 need_f16_V=0 workspace_end_offset=4718592 dst_data=(nil) f16_K=0x400000 f16_V=(nil) f16_end=0x480000
CUDA_FA_ROUTE_PLAN device=0 Q=[256,256,16,1] Kraw=q4_0 Vraw=turbo3 Kshape=[256,256,4,1] Vshape=[256,256,4,1] Keff=q4_0 Veff=f16 turbo_kv=1 prefer_native_vec=0 decode=1 dk=0 dv=1 unsafe_vec_after_turbo_v_decode=1 allow_vec=0 kernel=MMA_F16 need_f16_K=1 need_f16_V=0 Knb=[18,576,144,147456] Vnb=[50,400,100,102400] Keff_nb=[18,576,144,147456] Veff_nb=[2,2048,512,524288]
CUDA_FA_ROUTE_ALLOC kernel=MMA_F16 need_f16_K=1 need_f16_V=0 workspace_end_offset=4718592 dst_data=(nil) f16_K=0x400000 f16_V=(nil) f16_end=0x480000
CUDA_FA_ROUTE_PLAN device=0 Q=[256,256,16,1] Kraw=q4_0 Vraw=turbo3 Kshape=[256,256,4,1] Vshape=[256,256,4,1] Keff=q4_0 Veff=f16 turbo_kv=1 prefer_native_vec=0 decode=1 dk=0 dv=1 unsafe_vec_after_turbo_v_decode=1 allow_vec=0 kernel=MMA_F16 need_f16_K=1 need_f16_V=0 Knb=[18,576,144,147456] Vnb=[50,400,100,102400] Keff_nb=[18,576,144,147456] Veff_nb=[2,2048,512,524288]
CUDA_FA_ROUTE_ALLOC kernel=MMA_F16 need_f16_K=1 need_f16_V=0 workspace_end_offset=4718592 dst_data=(nil) f16_K=0x400000 f16_V=(nil) f16_end=0x480000
CUDA_FA_ROUTE_PLAN device=0 Q=[256,256,16,1] Kraw=q4_0 Vraw=turbo3 Kshape=[256,256,4,1] Vshape=[256,256,4,1] Keff=q4_0 Veff=f16 turbo_kv=1 prefer_native_vec=0 decode=1 dk=0 dv=1 unsafe_vec_after_turbo_v_decode=1 allow_vec=0 kernel=MMA_F16 need_f16_K=1 need_f16_V=0 Knb=[18,576,144,147456] Vnb=[50,400,100,102400] Keff_nb=[18,576,144,147456] Veff_nb=[2,2048,512,524288]
CUDA_FA_ROUTE_ALLOC kernel=MMA_F16 need_f16_K=1 need_f16_V=0 workspace_end_offset=4718592 dst_data=(nil) f16_K=0x400000 f16_V=(nil) f16_end=0x480000
CUDA_FA_ROUTE_PLAN device=0 Q=[256,256,16,1] Kraw=q4_0 Vraw=turbo3 Kshape=[256,256,4,1] Vshape=[256,256,4,1] Keff=q4_0 Veff=f16 turbo_kv=1 prefer_native_vec=0 decode=1 dk=0 dv=1 unsafe_vec_after_turbo_v_decode=1 allow_vec=0 kernel=MMA_F16 need_f16_K=1 need_f16_V=0 Knb=[18,576,144,147456] Vnb=[50,400,100,102400] Keff_nb=[18,576,144,147456] Veff_nb=[2,2048,512,524288]
CUDA_FA_ROUTE_ALLOC kernel=MMA_F16 need_f16_K=1 need_f16_V=0 workspace_end_offset=4718592 dst_data=(nil) f16_K=0x400000 f16_V=(nil) f16_end=0x480000
CUDA_FA_ROUTE_PLAN device=0 Q=[256,256,16,1] Kraw=q4_0 Vraw=turbo3 Kshape=[256,256,4,1] Vshape=[256,256,4,1] Keff=q4_0 Veff=f16 turbo_kv=1 prefer_native_vec=0 decode=1 dk=0 dv=1 unsafe_vec_after_turbo_v_decode=1 allow_vec=0 kernel=MMA_F16 need_f16_K=1 need_f16_V=0 Knb=[18,576,144,147456] Vnb=[50,400,100,102400] Keff_nb=[18,576,144,147456] Veff_nb=[2,2048,512,524288]
CUDA_FA_ROUTE_ALLOC kernel=MMA_F16 need_f16_K=1 need_f16_V=0 workspace_end_offset=4718592 dst_data=(nil) f16_K=0x400000 f16_V=(nil) f16_end=0x480000
CUDA_FA_ROUTE_PLAN device=0 Q=[256,256,16,1] Kraw=q4_0 Vraw=turbo3 Kshape=[256,256,4,1] Vshape=[256,256,4,1] Keff=q4_0 Veff=f16 turbo_kv=1 prefer_native_vec=0 decode=1 dk=0 dv=1 unsafe_vec_after_turbo_v_decode=1 allow_vec=0 kernel=MMA_F16 need_f16_K=1 need_f16_V=0 Knb=[18,576,144,147456] Vnb=[50,400,100,102400] Keff_nb=[18,576,144,147456] Veff_nb=[2,2048,512,524288]
CUDA_FA_ROUTE_ALLOC kernel=MMA_F16 need_f16_K=1 need_f16_V=0 workspace_end_offset=4718592 dst_data=(nil) f16_K=0x400000 f16_V=(nil) f16_end=0x480000
CUDA_FA_ROUTE_PLAN device=0 Q=[256,256,16,1] Kraw=q4_0 Vraw=turbo3 Kshape=[256,256,4,1] Vshape=[256,256,4,1] Keff=q4_0 Veff=f16 turbo_kv=1 prefer_native_vec=0 decode=1 dk=0 dv=1 unsafe_vec_after_turbo_v_decode=1 allow_vec=0 kernel=MMA_F16 need_f16_K=1 need_f16_V=0 Knb=[18,576,144,147456] Vnb=[50,400,100,102400] Keff_nb=[18,576,144,147456] Veff_nb=[2,2048,512,524288]
CUDA_FA_ROUTE_ALLOC kernel=MMA_F16 need_f16_K=1 need_f16_V=0 workspace_end_offset=4718592 dst_data=(nil) f16_K=0x400000 f16_V=(nil) f16_end=0x480000
CUDA_FA_ROUTE_PLAN device=0 Q=[256,256,16,1] Kraw=q4_0 Vraw=turbo3 Kshape=[256,256,4,1] Vshape=[256,256,4,1] Keff=q4_0 Veff=f16 turbo_kv=1 prefer_native_vec=0 decode=1 dk=0 dv=1 unsafe_vec_after_turbo_v_decode=1 allow_vec=0 kernel=MMA_F16 need_f16_K=1 need_f16_V=0 Knb=[18,576,144,147456] Vnb=[50,400,100,102400] Keff_nb=[18,576,144,147456] Veff_nb=[2,2048,512,524288]
CUDA_FA_ROUTE_ALLOC kernel=MMA_F16 need_f16_K=1 need_f16_V=0 workspace_end_offset=4718592 dst_data=(nil) f16_K=0x400000 f16_V=(nil) f16_end=0x480000
CUDA_FA_ROUTE_PLAN device=0 Q=[256,256,16,1] Kraw=q4_0 Vraw=turbo3 Kshape=[256,256,4,1] Vshape=[256,256,4,1] Keff=q4_0 Veff=f16 turbo_kv=1 prefer_native_vec=0 decode=1 dk=0 dv=1 unsafe_vec_after_turbo_v_decode=1 allow_vec=0 kernel=MMA_F16 need_f16_K=1 need_f16_V=0 Knb=[18,576,144,147456] Vnb=[50,400,100,102400] Keff_nb=[18,576,144,147456] Veff_nb=[2,2048,512,524288]
CUDA_FA_ROUTE_ALLOC kernel=MMA_F16 need_f16_K=1 need_f16_V=0 workspace_end_offset=4718592 dst_data=(nil) f16_K=0x400000 f16_V=(nil) f16_end=0x480000
CUDA_FA_ROUTE_PLAN device=0 Q=[256,256,16,1] Kraw=q4_0 Vraw=turbo3 Kshape=[256,256,4,1] Vshape=[256,256,4,1] Keff=q4_0 Veff=f16 turbo_kv=1 prefer_native_vec=0 decode=1 dk=0 dv=1 unsafe_vec_after_turbo_v_decode=1 allow_vec=0 kernel=MMA_F16 need_f16_K=1 need_f16_V=0 Knb=[18,576,144,147456] Vnb=[50,400,100,102400] Keff_nb=[18,576,144,147456] Veff_nb=[2,2048,512,524288]
CUDA_FA_ROUTE_ALLOC kernel=MMA_F16 need_f16_K=1 need_f16_V=0 workspace_end_offset=4718592 dst_data=(nil) f16_K=0x400000 f16_V=(nil) f16_end=0x480000
CUDA_FA_ROUTE_PLAN device=0 Q=[256,256,16,1] Kraw=q4_0 Vraw=turbo3 Kshape=[256,256,4,1] Vshape=[256,256,4,1] Keff=q4_0 Veff=f16 turbo_kv=1 prefer_native_vec=0 decode=1 dk=0 dv=1 unsafe_vec_after_turbo_v_decode=1 allow_vec=0 kernel=MMA_F16 need_f16_K=1 need_f16_V=0 Knb=[18,576,144,147456] Vnb=[50,400,100,102400] Keff_nb=[18,576,144,147456] Veff_nb=[2,2048,512,524288]
CUDA_FA_ROUTE_ALLOC kernel=MMA_F16 need_f16_K=1 need_f16_V=0 workspace_end_offset=4718592 dst_data=(nil) f16_K=0x400000 f16_V=(nil) f16_end=0x480000
CUDA_FA_ROUTE_PLAN device=0 Q=[256,256,16,1] Kraw=q4_0 Vraw=turbo3 Kshape=[256,256,4,1] Vshape=[256,256,4,1] Keff=q4_0 Veff=f16 turbo_kv=1 prefer_native_vec=0 decode=1 dk=0 dv=1 unsafe_vec_after_turbo_v_decode=1 allow_vec=0 kernel=MMA_F16 need_f16_K=1 need_f16_V=0 Knb=[18,576,144,147456] Vnb=[50,400,100,102400] Keff_nb=[18,576,144,147456] Veff_nb=[2,2048,512,524288]
CUDA_FA_ROUTE_ALLOC kernel=MMA_F16 need_f16_K=1 need_f16_V=0 workspace_end_offset=4718592 dst_data=(nil) f16_K=0x400000 f16_V=(nil) f16_end=0x480000
CUDA_FA_ROUTE_PLAN device=0 Q=[256,256,16,1] Kraw=q4_0 Vraw=turbo3 Kshape=[256,256,4,1] Vshape=[256,256,4,1] Keff=q4_0 Veff=f16 turbo_kv=1 prefer_native_vec=0 decode=1 dk=0 dv=1 unsafe_vec_after_turbo_v_decode=1 allow_vec=0 kernel=MMA_F16 need_f16_K=1 need_f16_V=0 Knb=[18,576,144,147456] Vnb=[50,400,100,102400] Keff_nb=[18,576,144,147456] Veff_nb=[2,2048,512,524288]
CUDA_FA_ROUTE_ALLOC kernel=MMA_F16 need_f16_K=1 need_f16_V=0 workspace_end_offset=4718592 dst_data=(nil) f16_K=0x400000 f16_V=(nil) f16_end=0x480000
CUDA_FA_ROUTE_PLAN device=0 Q=[256,256,16,1] Kraw=q4_0 Vraw=turbo3 Kshape=[256,256,4,1] Vshape=[256,256,4,1] Keff=q4_0 Veff=f16 turbo_kv=1 prefer_native_vec=0 decode=1 dk=0 dv=1 unsafe_vec_after_turbo_v_decode=1 allow_vec=0 kernel=MMA_F16 need_f16_K=1 need_f16_V=0 Knb=[18,576,144,147456] Vnb=[50,400,100,102400] Keff_nb=[18,576,144,147456] Veff_nb=[2,2048,512,524288]
CUDA_FA_ROUTE_ALLOC kernel=MMA_F16 need_f16_K=1 need_f16_V=0 workspace_end_offset=4718592 dst_data=(nil) f16_K=0x400000 f16_V=(nil) f16_end=0x480000
CUDA_FA_ROUTE_PLAN device=0 Q=[256,256,16,1] Kraw=q4_0 Vraw=turbo3 Kshape=[256,256,4,1] Vshape=[256,256,4,1] Keff=q4_0 Veff=f16 turbo_kv=1 prefer_native_vec=0 decode=1 dk=0 dv=1 unsafe_vec_after_turbo_v_decode=1 allow_vec=0 kernel=MMA_F16 need_f16_K=1 need_f16_V=0 Knb=[18,576,144,147456] Vnb=[50,400,100,102400] Keff_nb=[18,576,144,147456] Veff_nb=[2,2048,512,524288]
CUDA_FA_ROUTE_ALLOC kernel=MMA_F16 need_f16_K=1 need_f16_V=0 workspace_end_offset=4718592 dst_data=(nil) f16_K=0x400000 f16_V=(nil) f16_end=0x480000
CUDA_FA_ROUTE_PLAN device=0 Q=[256,256,16,1] Kraw=q4_0 Vraw=turbo3 Kshape=[256,256,4,1] Vshape=[256,256,4,1] Keff=q4_0 Veff=f16 turbo_kv=1 prefer_native_vec=0 decode=1 dk=0 dv=1 unsafe_vec_after_turbo_v_decode=1 allow_vec=0 kernel=MMA_F16 need_f16_K=1 need_f16_V=0 Knb=[18,576,144,147456] Vnb=[50,400,100,102400] Keff_nb=[18,576,144,147456] Veff_nb=[2,2048,512,524288]
CUDA_FA_ROUTE_ALLOC kernel=MMA_F16 need_f16_K=1 need_f16_V=0 workspace_end_offset=4718592 dst_data=(nil) f16_K=0x400000 f16_V=(nil) f16_end=0x480000
CUDA_FA_ROUTE_PLAN device=0 Q=[256,256,16,1] Kraw=q4_0 Vraw=turbo3 Kshape=[256,256,4,1] Vshape=[256,256,4,1] Keff=q4_0 Veff=f16 turbo_kv=1 prefer_native_vec=0 decode=1 dk=0 dv=1 unsafe_vec_after_turbo_v_decode=1 allow_vec=0 kernel=MMA_F16 need_f16_K=1 need_f16_V=0 Knb=[18,576,144,147456] Vnb=[50,400,100,102400] Keff_nb=[18,576,144,147456] Veff_nb=[2,2048,512,524288]
CUDA_FA_ROUTE_ALLOC kernel=MMA_F16 need_f16_K=1 need_f16_V=0 workspace_end_offset=4718592 dst_data=(nil) f16_K=0x400000 f16_V=(nil) f16_end=0x480000
CUDA_FA_ROUTE_PLAN device=0 Q=[256,256,16,1] Kraw=q4_0 Vraw=turbo3 Kshape=[256,256,4,1] Vshape=[256,256,4,1] Keff=q4_0 Veff=f16 turbo_kv=1 prefer_native_vec=0 decode=1 dk=0 dv=1 unsafe_vec_after_turbo_v_decode=1 allow_vec=0 kernel=MMA_F16 need_f16_K=1 need_f16_V=0 Knb=[18,576,144,147456] Vnb=[50,400,100,102400] Keff_nb=[18,576,144,147456] Veff_nb=[2,2048,512,524288]
CUDA_FA_ROUTE_ALLOC kernel=MMA_F16 need_f16_K=1 need_f16_V=0 workspace_end_offset=4718592 dst_data=(nil) f16_K=0x400000 f16_V=(nil) f16_end=0x480000
CUDA_FA_ROUTE_PLAN device=0 Q=[256,256,16,1] Kraw=q4_0 Vraw=turbo3 Kshape=[256,256,4,1] Vshape=[256,256,4,1] Keff=q4_0 Veff=f16 turbo_kv=1 prefer_native_vec=0 decode=1 dk=0 dv=1 unsafe_vec_after_turbo_v_decode=1 allow_vec=0 kernel=MMA_F16 need_f16_K=1 need_f16_V=0 Knb=[18,576,144,147456] Vnb=[50,400,100,102400] Keff_nb=[18,576,144,147456] Veff_nb=[2,2048,512,524288]
CUDA_FA_ROUTE_ALLOC kernel=MMA_F16 need_f16_K=1 need_f16_V=0 workspace_end_offset=4718592 dst_data=(nil) f16_K=0x400000 f16_V=(nil) f16_end=0x480000
CUDA_FA_ROUTE_PLAN device=0 Q=[256,256,16,1] Kraw=q4_0 Vraw=turbo3 Kshape=[256,256,4,1] Vshape=[256,256,4,1] Keff=q4_0 Veff=f16 turbo_kv=1 prefer_native_vec=0 decode=1 dk=0 dv=1 unsafe_vec_after_turbo_v_decode=1 allow_vec=0 kernel=MMA_F16 need_f16_K=1 need_f16_V=0 Knb=[18,576,144,147456] Vnb=[50,400,100,102400] Keff_nb=[18,576,144,147456] Veff_nb=[2,2048,512,524288]
CUDA_FA_ROUTE_ALLOC kernel=MMA_F16 need_f16_K=1 need_f16_V=0 workspace_end_offset=4718592 dst_data=(nil) f16_K=0x400000 f16_V=(nil) f16_end=0x480000
CUDA_FA_ROUTE_PLAN device=0 Q=[256,256,16,1] Kraw=q4_0 Vraw=turbo3 Kshape=[256,256,4,1] Vshape=[256,256,4,1] Keff=q4_0 Veff=f16 turbo_kv=1 prefer_native_vec=0 decode=1 dk=0 dv=1 unsafe_vec_after_turbo_v_decode=1 allow_vec=0 kernel=MMA_F16 need_f16_K=1 need_f16_V=0 Knb=[18,576,144,147456] Vnb=[50,400,100,102400] Keff_nb=[18,576,144,147456] Veff_nb=[2,2048,512,524288]
CUDA_FA_ROUTE_ALLOC kernel=MMA_F16 need_f16_K=1 need_f16_V=0 workspace_end_offset=4718592 dst_data=(nil) f16_K=0x400000 f16_V=(nil) f16_end=0x480000
CUDA_FA_ROUTE_PLAN device=0 Q=[256,256,16,1] Kraw=q4_0 Vraw=turbo3 Kshape=[256,256,4,1] Vshape=[256,256,4,1] Keff=q4_0 Veff=f16 turbo_kv=1 prefer_native_vec=0 decode=1 dk=0 dv=1 unsafe_vec_after_turbo_v_decode=1 allow_vec=0 kernel=MMA_F16 need_f16_K=1 need_f16_V=0 Knb=[18,576,144,147456] Vnb=[50,400,100,102400] Keff_nb=[18,576,144,147456] Veff_nb=[2,2048,512,524288]
CUDA_FA_ROUTE_ALLOC kernel=MMA_F16 need_f16_K=1 need_f16_V=0 workspace_end_offset=4718592 dst_data=(nil) f16_K=0x400000 f16_V=(nil) f16_end=0x480000
CUDA_FA_ROUTE_PLAN device=0 Q=[256,256,16,1] Kraw=q4_0 Vraw=turbo3 Kshape=[256,256,4,1] Vshape=[256,256,4,1] Keff=q4_0 Veff=f16 turbo_kv=1 prefer_native_vec=0 decode=1 dk=0 dv=1 unsafe_vec_after_turbo_v_decode=1 allow_vec=0 kernel=MMA_F16 need_f16_K=1 need_f16_V=0 Knb=[18,576,144,147456] Vnb=[50,400,100,102400] Keff_nb=[18,576,144,147456] Veff_nb=[2,2048,512,524288]
CUDA_FA_ROUTE_ALLOC kernel=MMA_F16 need_f16_K=1 need_f16_V=0 workspace_end_offset=4718592 dst_data=(nil) f16_K=0x400000 f16_V=(nil) f16_end=0x480000
CUDA_FA_ROUTE_PLAN device=0 Q=[256,256,16,1] Kraw=q4_0 Vraw=turbo3 Kshape=[256,256,4,1] Vshape=[256,256,4,1] Keff=q4_0 Veff=f16 turbo_kv=1 prefer_native_vec=0 decode=1 dk=0 dv=1 unsafe_vec_after_turbo_v_decode=1 allow_vec=0 kernel=MMA_F16 need_f16_K=1 need_f16_V=0 Knb=[18,576,144,147456] Vnb=[50,400,100,102400] Keff_nb=[18,576,144,147456] Veff_nb=[2,2048,512,524288]
CUDA_FA_ROUTE_ALLOC kernel=MMA_F16 need_f16_K=1 need_f16_V=0 workspace_end_offset=4718592 dst_data=(nil) f16_K=0x400000 f16_V=(nil) f16_end=0x480000
CUDA_FA_ROUTE_PLAN device=0 Q=[256,1,16,1] Kraw=q4_0 Vraw=turbo3 Kshape=[256,256,4,1] Vshape=[256,256,4,1] Keff=q4_0 Veff=f16 turbo_kv=1 prefer_native_vec=0 decode=1 dk=0 dv=1 unsafe_vec_after_turbo_v_decode=1 allow_vec=0 kernel=MMA_F16 need_f16_K=1 need_f16_V=0 Knb=[18,576,144,147456] Vnb=[50,400,100,102400] Keff_nb=[18,576,144,147456] Veff_nb=[2,2048,512,524288]
CUDA_FA_ROUTE_SUPPORTED kernel=MMA_F16 effK=q4_0 effV=f16 supported=1
CUDA_FA_ROUTE_PLAN device=0 Q=[256,1,16,1] Kraw=q4_0 Vraw=turbo3 Kshape=[256,256,4,1] Vshape=[256,256,4,1] Keff=q4_0 Veff=f16 turbo_kv=1 prefer_native_vec=0 decode=1 dk=0 dv=1 unsafe_vec_after_turbo_v_decode=1 allow_vec=0 kernel=MMA_F16 need_f16_K=1 need_f16_V=0 Knb=[18,576,144,147456] Vnb=[50,400,100,102400] Keff_nb=[18,576,144,147456] Veff_nb=[2,2048,512,524288]
CUDA_FA_ROUTE_SUPPORTED kernel=MMA_F16 effK=q4_0 effV=f16 supported=1
CUDA_FA_ROUTE_PLAN device=0 Q=[256,1,16,1] Kraw=q4_0 Vraw=turbo3 Kshape=[256,256,4,1] Vshape=[256,256,4,1] Keff=q4_0 Veff=f16 turbo_kv=1 prefer_native_vec=0 decode=1 dk=0 dv=1 unsafe_vec_after_turbo_v_decode=1 allow_vec=0 kernel=MMA_F16 need_f16_K=1 need_f16_V=0 Knb=[18,576,144,147456] Vnb=[50,400,100,102400] Keff_nb=[18,576,144,147456] Veff_nb=[2,2048,512,524288]
CUDA_FA_ROUTE_SUPPORTED kernel=MMA_F16 effK=q4_0 effV=f16 supported=1
CUDA_FA_ROUTE_PLAN device=0 Q=[256,1,16,1] Kraw=q4_0 Vraw=turbo3 Kshape=[256,256,4,1] Vshape=[256,256,4,1] Keff=q4_0 Veff=f16 turbo_kv=1 prefer_native_vec=0 decode=1 dk=0 dv=1 unsafe_vec_after_turbo_v_decode=1 allow_vec=0 kernel=MMA_F16 need_f16_K=1 need_f16_V=0 Knb=[18,576,144,147456] Vnb=[50,400,100,102400] Keff_nb=[18,576,144,147456] Veff_nb=[2,2048,512,524288]
CUDA_FA_ROUTE_SUPPORTED kernel=MMA_F16 effK=q4_0 effV=f16 supported=1
CUDA_FA_ROUTE_PLAN device=0 Q=[256,1,16,1] Kraw=q4_0 Vraw=turbo3 Kshape=[256,256,4,1] Vshape=[256,256,4,1] Keff=q4_0 Veff=f16 turbo_kv=1 prefer_native_vec=0 decode=1 dk=0 dv=1 unsafe_vec_after_turbo_v_decode=1 allow_vec=0 kernel=MMA_F16 need_f16_K=1 need_f16_V=0 Knb=[18,576,144,147456] Vnb=[50,400,100,102400] Keff_nb=[18,576,144,147456] Veff_nb=[2,2048,512,524288]
CUDA_FA_ROUTE_SUPPORTED kernel=MMA_F16 effK=q4_0 effV=f16 supported=1
CUDA_FA_ROUTE_PLAN device=0 Q=[256,1,16,1] Kraw=q4_0 Vraw=turbo3 Kshape=[256,256,4,1] Vshape=[256,256,4,1] Keff=q4_0 Veff=f16 turbo_kv=1 prefer_native_vec=0 decode=1 dk=0 dv=1 unsafe_vec_after_turbo_v_decode=1 allow_vec=0 kernel=MMA_F16 need_f16_K=1 need_f16_V=0 Knb=[18,576,144,147456] Vnb=[50,400,100,102400] Keff_nb=[18,576,144,147456] Veff_nb=[2,2048,512,524288]
CUDA_FA_ROUTE_SUPPORTED kernel=MMA_F16 effK=q4_0 effV=f16 supported=1
CUDA_FA_ROUTE_PLAN device=0 Q=[256,1,16,1] Kraw=q4_0 Vraw=turbo3 Kshape=[256,256,4,1] Vshape=[256,256,4,1] Keff=q4_0 Veff=f16 turbo_kv=1 prefer_native_vec=0 decode=1 dk=0 dv=1 unsafe_vec_after_turbo_v_decode=1 allow_vec=0 kernel=MMA_F16 need_f16_K=1 need_f16_V=0 Knb=[18,576,144,147456] Vnb=[50,400,100,102400] Keff_nb=[18,576,144,147456] Veff_nb=[2,2048,512,524288]
CUDA_FA_ROUTE_SUPPORTED kernel=MMA_F16 effK=q4_0 effV=f16 supported=1
CUDA_FA_ROUTE_PLAN device=0 Q=[256,1,16,1] Kraw=q4_0 Vraw=turbo3 Kshape=[256,256,4,1] Vshape=[256,256,4,1] Keff=q4_0 Veff=f16 turbo_kv=1 prefer_native_vec=0 decode=1 dk=0 dv=1 unsafe_vec_after_turbo_v_decode=1 allow_vec=0 kernel=MMA_F16 need_f16_K=1 need_f16_V=0 Knb=[18,576,144,147456] Vnb=[50,400,100,102400] Keff_nb=[18,576,144,147456] Veff_nb=[2,2048,512,524288]
CUDA_FA_ROUTE_SUPPORTED kernel=MMA_F16 effK=q4_0 effV=f16 supported=1
CUDA_FA_ROUTE_PLAN device=0 Q=[256,1,16,1] Kraw=q4_0 Vraw=turbo3 Kshape=[256,256,4,1] Vshape=[256,256,4,1] Keff=q4_0 Veff=f16 turbo_kv=1 prefer_native_vec=0 decode=1 dk=0 dv=1 unsafe_vec_after_turbo_v_decode=1 allow_vec=0 kernel=MMA_F16 need_f16_K=1 need_f16_V=0 Knb=[18,576,144,147456] Vnb=[50,400,100,102400] Keff_nb=[18,576,144,147456] Veff_nb=[2,2048,512,524288]
CUDA_FA_ROUTE_ALLOC kernel=MMA_F16 need_f16_K=1 need_f16_V=0 workspace_end_offset=540672 dst_data=(nil) f16_K=0x4000 f16_V=(nil) f16_end=0x84000
CUDA_FA_ROUTE_PLAN device=0 Q=[256,1,16,1] Kraw=q4_0 Vraw=turbo3 Kshape=[256,256,4,1] Vshape=[256,256,4,1] Keff=q4_0 Veff=f16 turbo_kv=1 prefer_native_vec=0 decode=1 dk=0 dv=1 unsafe_vec_after_turbo_v_decode=1 allow_vec=0 kernel=MMA_F16 need_f16_K=1 need_f16_V=0 Knb=[18,576,144,147456] Vnb=[50,400,100,102400] Keff_nb=[18,576,144,147456] Veff_nb=[2,2048,512,524288]
CUDA_FA_ROUTE_ALLOC kernel=MMA_F16 need_f16_K=1 need_f16_V=0 workspace_end_offset=540672 dst_data=(nil) f16_K=0x4000 f16_V=(nil) f16_end=0x84000
CUDA_FA_ROUTE_PLAN device=0 Q=[256,1,16,1] Kraw=q4_0 Vraw=turbo3 Kshape=[256,256,4,1] Vshape=[256,256,4,1] Keff=q4_0 Veff=f16 turbo_kv=1 prefer_native_vec=0 decode=1 dk=0 dv=1 unsafe_vec_after_turbo_v_decode=1 allow_vec=0 kernel=MMA_F16 need_f16_K=1 need_f16_V=0 Knb=[18,576,144,147456] Vnb=[50,400,100,102400] Keff_nb=[18,576,144,147456] Veff_nb=[2,2048,512,524288]
CUDA_FA_ROUTE_ALLOC kernel=MMA_F16 need_f16_K=1 need_f16_V=0 workspace_end_offset=540672 dst_data=(nil) f16_K=0x4000 f16_V=(nil) f16_end=0x84000
CUDA_FA_ROUTE_PLAN device=0 Q=[256,1,16,1] Kraw=q4_0 Vraw=turbo3 Kshape=[256,256,4,1] Vshape=[256,256,4,1] Keff=q4_0 Veff=f16 turbo_kv=1 prefer_native_vec=0 decode=1 dk=0 dv=1 unsafe_vec_after_turbo_v_decode=1 allow_vec=0 kernel=MMA_F16 need_f16_K=1 need_f16_V=0 Knb=[18,576,144,147456] Vnb=[50,400,100,102400] Keff_nb=[18,576,144,147456] Veff_nb=[2,2048,512,524288]
CUDA_FA_ROUTE_ALLOC kernel=MMA_F16 need_f16_K=1 need_f16_V=0 workspace_end_offset=540672 dst_data=(nil) f16_K=0x4000 f16_V=(nil) f16_end=0x84000
CUDA_FA_ROUTE_PLAN device=0 Q=[256,1,16,1] Kraw=q4_0 Vraw=turbo3 Kshape=[256,256,4,1] Vshape=[256,256,4,1] Keff=q4_0 Veff=f16 turbo_kv=1 prefer_native_vec=0 decode=1 dk=0 dv=1 unsafe_vec_after_turbo_v_decode=1 allow_vec=0 kernel=MMA_F16 need_f16_K=1 need_f16_V=0 Knb=[18,576,144,147456] Vnb=[50,400,100,102400] Keff_nb=[18,576,144,147456] Veff_nb=[2,2048,512,524288]
CUDA_FA_ROUTE_ALLOC kernel=MMA_F16 need_f16_K=1 need_f16_V=0 workspace_end_offset=540672 dst_data=(nil) f16_K=0x4000 f16_V=(nil) f16_end=0x84000
CUDA_FA_ROUTE_PLAN device=0 Q=[256,1,16,1] Kraw=q4_0 Vraw=turbo3 Kshape=[256,256,4,1] Vshape=[256,256,4,1] Keff=q4_0 Veff=f16 turbo_kv=1 prefer_native_vec=0 decode=1 dk=0 dv=1 unsafe_vec_after_turbo_v_decode=1 allow_vec=0 kernel=MMA_F16 need_f16_K=1 need_f16_V=0 Knb=[18,576,144,147456] Vnb=[50,400,100,102400] Keff_nb=[18,576,144,147456] Veff_nb=[2,2048,512,524288]
CUDA_FA_ROUTE_ALLOC kernel=MMA_F16 need_f16_K=1 need_f16_V=0 workspace_end_offset=540672 dst_data=(nil) f16_K=0x4000 f16_V=(nil) f16_end=0x84000
CUDA_FA_ROUTE_PLAN device=0 Q=[256,1,16,1] Kraw=q4_0 Vraw=turbo3 Kshape=[256,256,4,1] Vshape=[256,256,4,1] Keff=q4_0 Veff=f16 turbo_kv=1 prefer_native_vec=0 decode=1 dk=0 dv=1 unsafe_vec_after_turbo_v_decode=1 allow_vec=0 kernel=MMA_F16 need_f16_K=1 need_f16_V=0 Knb=[18,576,144,147456] Vnb=[50,400,100,102400] Keff_nb=[18,576,144,147456] Veff_nb=[2,2048,512,524288]
CUDA_FA_ROUTE_ALLOC kernel=MMA_F16 need_f16_K=1 need_f16_V=0 workspace_end_offset=540672 dst_data=(nil) f16_K=0x4000 f16_V=(nil) f16_end=0x84000
CUDA_FA_ROUTE_PLAN device=0 Q=[256,1,16,1] Kraw=q4_0 Vraw=turbo3 Kshape=[256,256,4,1] Vshape=[256,256,4,1] Keff=q4_0 Veff=f16 turbo_kv=1 prefer_native_vec=0 decode=1 dk=0 dv=1 unsafe_vec_after_turbo_v_decode=1 allow_vec=0 kernel=MMA_F16 need_f16_K=1 need_f16_V=0 Knb=[18,576,144,147456] Vnb=[50,400,100,102400] Keff_nb=[18,576,144,147456] Veff_nb=[2,2048,512,524288]
CUDA_FA_ROUTE_ALLOC kernel=MMA_F16 need_f16_K=1 need_f16_V=0 workspace_end_offset=540672 dst_data=(nil) f16_K=0x4000 f16_V=(nil) f16_end=0x84000
CUDA_FA_ROUTE_PLAN device=0 Q=[256,1,16,1] Kraw=q4_0 Vraw=turbo3 Kshape=[256,256,4,1] Vshape=[256,256,4,1] Keff=q4_0 Veff=f16 turbo_kv=1 prefer_native_vec=0 decode=1 dk=0 dv=1 unsafe_vec_after_turbo_v_decode=1 allow_vec=0 kernel=MMA_F16 need_f16_K=1 need_f16_V=0 Knb=[18,576,144,147456] Vnb=[50,400,100,102400] Keff_nb=[18,576,144,147456] Veff_nb=[2,2048,512,524288]
CUDA_FA_ROUTE_ALLOC kernel=MMA_F16 need_f16_K=1 need_f16_V=0 workspace_end_offset=540672 dst_data=(nil) f16_K=0x4000 f16_V=(nil) f16_end=0x84000
CUDA_FA_ROUTE_PLAN device=0 Q=[256,1,16,1] Kraw=q4_0 Vraw=turbo3 Kshape=[256,256,4,1] Vshape=[256,256,4,1] Keff=q4_0 Veff=f16 turbo_kv=1 prefer_native_vec=0 decode=1 dk=0 dv=1 unsafe_vec_after_turbo_v_decode=1 allow_vec=0 kernel=MMA_F16 need_f16_K=1 need_f16_V=0 Knb=[18,576,144,147456] Vnb=[50,400,100,102400] Keff_nb=[18,576,144,147456] Veff_nb=[2,2048,512,524288]
CUDA_FA_ROUTE_ALLOC kernel=MMA_F16 need_f16_K=1 need_f16_V=0 workspace_end_offset=540672 dst_data=(nil) f16_K=0x4000 f16_V=(nil) f16_end=0x84000
CUDA_FA_ROUTE_PLAN device=0 Q=[256,1,16,1] Kraw=q4_0 Vraw=turbo3 Kshape=[256,256,4,1] Vshape=[256,256,4,1] Keff=q4_0 Veff=f16 turbo_kv=1 prefer_native_vec=0 decode=1 dk=0 dv=1 unsafe_vec_after_turbo_v_decode=1 allow_vec=0 kernel=MMA_F16 need_f16_K=1 need_f16_V=0 Knb=[18,576,144,147456] Vnb=[50,400,100,102400] Keff_nb=[18,576,144,147456] Veff_nb=[2,2048,512,524288]
CUDA_FA_ROUTE_ALLOC kernel=MMA_F16 need_f16_K=1 need_f16_V=0 workspace_end_offset=540672 dst_data=(nil) f16_K=0x4000 f16_V=(nil) f16_end=0x84000
CUDA_FA_ROUTE_PLAN device=0 Q=[256,1,16,1] Kraw=q4_0 Vraw=turbo3 Kshape=[256,256,4,1] Vshape=[256,256,4,1] Keff=q4_0 Veff=f16 turbo_kv=1 prefer_native_vec=0 decode=1 dk=0 dv=1 unsafe_vec_after_turbo_v_decode=1 allow_vec=0 kernel=MMA_F16 need_f16_K=1 need_f16_V=0 Knb=[18,576,144,147456] Vnb=[50,400,100,102400] Keff_nb=[18,576,144,147456] Veff_nb=[2,2048,512,524288]
CUDA_FA_ROUTE_ALLOC kernel=MMA_F16 need_f16_K=1 need_f16_V=0 workspace_end_offset=540672 dst_data=(nil) f16_K=0x4000 f16_V=(nil) f16_end=0x84000
CUDA_FA_ROUTE_PLAN device=0 Q=[256,1,16,1] Kraw=q4_0 Vraw=turbo3 Kshape=[256,256,4,1] Vshape=[256,256,4,1] Keff=q4_0 Veff=f16 turbo_kv=1 prefer_native_vec=0 decode=1 dk=0 dv=1 unsafe_vec_after_turbo_v_decode=1 allow_vec=0 kernel=MMA_F16 need_f16_K=1 need_f16_V=0 Knb=[18,576,144,147456] Vnb=[50,400,100,102400] Keff_nb=[18,576,144,147456] Veff_nb=[2,2048,512,524288]
CUDA_FA_ROUTE_ALLOC kernel=MMA_F16 need_f16_K=1 need_f16_V=0 workspace_end_offset=540672 dst_data=(nil) f16_K=0x4000 f16_V=(nil) f16_end=0x84000
CUDA_FA_ROUTE_PLAN device=0 Q=[256,1,16,1] Kraw=q4_0 Vraw=turbo3 Kshape=[256,256,4,1] Vshape=[256,256,4,1] Keff=q4_0 Veff=f16 turbo_kv=1 prefer_native_vec=0 decode=1 dk=0 dv=1 unsafe_vec_after_turbo_v_decode=1 allow_vec=0 kernel=MMA_F16 need_f16_K=1 need_f16_V=0 Knb=[18,576,144,147456] Vnb=[50,400,100,102400] Keff_nb=[18,576,144,147456] Veff_nb=[2,2048,512,524288]
CUDA_FA_ROUTE_ALLOC kernel=MMA_F16 need_f16_K=1 need_f16_V=0 workspace_end_offset=540672 dst_data=(nil) f16_K=0x4000 f16_V=(nil) f16_end=0x84000
CUDA_FA_ROUTE_PLAN device=0 Q=[256,1,16,1] Kraw=q4_0 Vraw=turbo3 Kshape=[256,256,4,1] Vshape=[256,256,4,1] Keff=q4_0 Veff=f16 turbo_kv=1 prefer_native_vec=0 decode=1 dk=0 dv=1 unsafe_vec_after_turbo_v_decode=1 allow_vec=0 kernel=MMA_F16 need_f16_K=1 need_f16_V=0 Knb=[18,576,144,147456] Vnb=[50,400,100,102400] Keff_nb=[18,576,144,147456] Veff_nb=[2,2048,512,524288]
CUDA_FA_ROUTE_ALLOC kernel=MMA_F16 need_f16_K=1 need_f16_V=0 workspace_end_offset=540672 dst_data=(nil) f16_K=0x4000 f16_V=(nil) f16_end=0x84000
CUDA_FA_ROUTE_PLAN device=0 Q=[256,1,16,1] Kraw=q4_0 Vraw=turbo3 Kshape=[256,256,4,1] Vshape=[256,256,4,1] Keff=q4_0 Veff=f16 turbo_kv=1 prefer_native_vec=0 decode=1 dk=0 dv=1 unsafe_vec_after_turbo_v_decode=1 allow_vec=0 kernel=MMA_F16 need_f16_K=1 need_f16_V=0 Knb=[18,576,144,147456] Vnb=[50,400,100,102400] Keff_nb=[18,576,144,147456] Veff_nb=[2,2048,512,524288]
CUDA_FA_ROUTE_ALLOC kernel=MMA_F16 need_f16_K=1 need_f16_V=0 workspace_end_offset=540672 dst_data=(nil) f16_K=0x4000 f16_V=(nil) f16_end=0x84000
CUDA_FA_ROUTE_PLAN device=0 Q=[256,1,16,1] Kraw=q4_0 Vraw=turbo3 Kshape=[256,256,4,1] Vshape=[256,256,4,1] Keff=q4_0 Veff=f16 turbo_kv=1 prefer_native_vec=0 decode=1 dk=0 dv=1 unsafe_vec_after_turbo_v_decode=1 allow_vec=0 kernel=MMA_F16 need_f16_K=1 need_f16_V=0 Knb=[18,576,144,147456] Vnb=[50,400,100,102400] Keff_nb=[18,576,144,147456] Veff_nb=[2,2048,512,524288]
CUDA_FA_ROUTE_ALLOC kernel=MMA_F16 need_f16_K=1 need_f16_V=0 workspace_end_offset=540672 dst_data=(nil) f16_K=0x4000 f16_V=(nil) f16_end=0x84000
CUDA_FA_ROUTE_PLAN device=0 Q=[256,1,16,1] Kraw=q4_0 Vraw=turbo3 Kshape=[256,256,4,1] Vshape=[256,256,4,1] Keff=q4_0 Veff=f16 turbo_kv=1 prefer_native_vec=0 decode=1 dk=0 dv=1 unsafe_vec_after_turbo_v_decode=1 allow_vec=0 kernel=MMA_F16 need_f16_K=1 need_f16_V=0 Knb=[18,576,144,147456] Vnb=[50,400,100,102400] Keff_nb=[18,576,144,147456] Veff_nb=[2,2048,512,524288]
CUDA_FA_ROUTE_ALLOC kernel=MMA_F16 need_f16_K=1 need_f16_V=0 workspace_end_offset=540672 dst_data=(nil) f16_K=0x4000 f16_V=(nil) f16_end=0x84000
CUDA_FA_ROUTE_PLAN device=0 Q=[256,1,16,1] Kraw=q4_0 Vraw=turbo3 Kshape=[256,256,4,1] Vshape=[256,256,4,1] Keff=q4_0 Veff=f16 turbo_kv=1 prefer_native_vec=0 decode=1 dk=0 dv=1 unsafe_vec_after_turbo_v_decode=1 allow_vec=0 kernel=MMA_F16 need_f16_K=1 need_f16_V=0 Knb=[18,576,144,147456] Vnb=[50,400,100,102400] Keff_nb=[18,576,144,147456] Veff_nb=[2,2048,512,524288]
CUDA_FA_ROUTE_ALLOC kernel=MMA_F16 need_f16_K=1 need_f16_V=0 workspace_end_offset=540672 dst_data=(nil) f16_K=0x4000 f16_V=(nil) f16_end=0x84000
CUDA_FA_ROUTE_PLAN device=0 Q=[256,1,16,1] Kraw=q4_0 Vraw=turbo3 Kshape=[256,256,4,1] Vshape=[256,256,4,1] Keff=q4_0 Veff=f16 turbo_kv=1 prefer_native_vec=0 decode=1 dk=0 dv=1 unsafe_vec_after_turbo_v_decode=1 allow_vec=0 kernel=MMA_F16 need_f16_K=1 need_f16_V=0 Knb=[18,576,144,147456] Vnb=[50,400,100,102400] Keff_nb=[18,576,144,147456] Veff_nb=[2,2048,512,524288]
CUDA_FA_ROUTE_ALLOC kernel=MMA_F16 need_f16_K=1 need_f16_V=0 workspace_end_offset=540672 dst_data=(nil) f16_K=0x4000 f16_V=(nil) f16_end=0x84000
CUDA_FA_ROUTE_PLAN device=0 Q=[256,1,16,1] Kraw=q4_0 Vraw=turbo3 Kshape=[256,256,4,1] Vshape=[256,256,4,1] Keff=q4_0 Veff=f16 turbo_kv=1 prefer_native_vec=0 decode=1 dk=0 dv=1 unsafe_vec_after_turbo_v_decode=1 allow_vec=0 kernel=MMA_F16 need_f16_K=1 need_f16_V=0 Knb=[18,576,144,147456] Vnb=[50,400,100,102400] Keff_nb=[18,576,144,147456] Veff_nb=[2,2048,512,524288]
CUDA_FA_ROUTE_ALLOC kernel=MMA_F16 need_f16_K=1 need_f16_V=0 workspace_end_offset=540672 dst_data=(nil) f16_K=0x4000 f16_V=(nil) f16_end=0x84000
CUDA_FA_ROUTE_PLAN device=0 Q=[256,1,16,1] Kraw=q4_0 Vraw=turbo3 Kshape=[256,256,4,1] Vshape=[256,256,4,1] Keff=q4_0 Veff=f16 turbo_kv=1 prefer_native_vec=0 decode=1 dk=0 dv=1 unsafe_vec_after_turbo_v_decode=1 allow_vec=0 kernel=MMA_F16 need_f16_K=1 need_f16_V=0 Knb=[18,576,144,147456] Vnb=[50,400,100,102400] Keff_nb=[18,576,144,147456] Veff_nb=[2,2048,512,524288]
CUDA_FA_ROUTE_ALLOC kernel=MMA_F16 need_f16_K=1 need_f16_V=0 workspace_end_offset=540672 dst_data=(nil) f16_K=0x4000 f16_V=(nil) f16_end=0x84000
CUDA_FA_ROUTE_PLAN device=0 Q=[256,1,16,1] Kraw=q4_0 Vraw=turbo3 Kshape=[256,256,4,1] Vshape=[256,256,4,1] Keff=q4_0 Veff=f16 turbo_kv=1 prefer_native_vec=0 decode=1 dk=0 dv=1 unsafe_vec_after_turbo_v_decode=1 allow_vec=0 kernel=MMA_F16 need_f16_K=1 need_f16_V=0 Knb=[18,576,144,147456] Vnb=[50,400,100,102400] Keff_nb=[18,576,144,147456] Veff_nb=[2,2048,512,524288]
CUDA_FA_ROUTE_ALLOC kernel=MMA_F16 need_f16_K=1 need_f16_V=0 workspace_end_offset=540672 dst_data=(nil) f16_K=0x4000 f16_V=(nil) f16_end=0x84000
CUDA_FA_ROUTE_PLAN device=0 Q=[256,1,16,1] Kraw=q4_0 Vraw=turbo3 Kshape=[256,256,4,1] Vshape=[256,256,4,1] Keff=q4_0 Veff=f16 turbo_kv=1 prefer_native_vec=0 decode=1 dk=0 dv=1 unsafe_vec_after_turbo_v_decode=1 allow_vec=0 kernel=MMA_F16 need_f16_K=1 need_f16_V=0 Knb=[18,576,144,147456] Vnb=[50,400,100,102400] Keff_nb=[18,576,144,147456] Veff_nb=[2,2048,512,524288]
CUDA_FA_ROUTE_ALLOC kernel=MMA_F16 need_f16_K=1 need_f16_V=0 workspace_end_offset=540672 dst_data=(nil) f16_K=0x4000 f16_V=(nil) f16_end=0x84000
CUDA_FA_ROUTE_PLAN device=0 Q=[256,1,16,1] Kraw=q4_0 Vraw=turbo3 Kshape=[256,256,4,1] Vshape=[256,256,4,1] Keff=q4_0 Veff=f16 turbo_kv=1 prefer_native_vec=0 decode=1 dk=0 dv=1 unsafe_vec_after_turbo_v_decode=1 allow_vec=0 kernel=MMA_F16 need_f16_K=1 need_f16_V=0 Knb=[18,576,144,147456] Vnb=[50,400,100,102400] Keff_nb=[18,576,144,147456] Veff_nb=[2,2048,512,524288]
CUDA_FA_ROUTE_ALLOC kernel=MMA_F16 need_f16_K=1 need_f16_V=0 workspace_end_offset=540672 dst_data=(nil) f16_K=0x4000 f16_V=(nil) f16_end=0x84000
CUDA_FA_ROUTE_PLAN device=0 Q=[256,1,16,1] Kraw=q4_0 Vraw=turbo3 Kshape=[256,256,4,1] Vshape=[256,256,4,1] Keff=q4_0 Veff=f16 turbo_kv=1 prefer_native_vec=0 decode=1 dk=0 dv=1 unsafe_vec_after_turbo_v_decode=1 allow_vec=0 kernel=MMA_F16 need_f16_K=1 need_f16_V=0 Knb=[18,576,144,147456] Vnb=[50,400,100,102400] Keff_nb=[18,576,144,147456] Veff_nb=[2,2048,512,524288]
CUDA_FA_ROUTE_ALLOC kernel=MMA_F16 need_f16_K=1 need_f16_V=0 workspace_end_offset=540672 dst_data=(nil) f16_K=0x4000 f16_V=(nil) f16_end=0x84000
CUDA_FA_ROUTE_PLAN device=0 Q=[256,1,16,1] Kraw=q4_0 Vraw=turbo3 Kshape=[256,256,4,1] Vshape=[256,256,4,1] Keff=q4_0 Veff=f16 turbo_kv=1 prefer_native_vec=0 decode=1 dk=0 dv=1 unsafe_vec_after_turbo_v_decode=1 allow_vec=0 kernel=MMA_F16 need_f16_K=1 need_f16_V=0 Knb=[18,576,144,147456] Vnb=[50,400,100,102400] Keff_nb=[18,576,144,147456] Veff_nb=[2,2048,512,524288]
CUDA_FA_ROUTE_ALLOC kernel=MMA_F16 need_f16_K=1 need_f16_V=0 workspace_end_offset=540672 dst_data=(nil) f16_K=0x4000 f16_V=(nil) f16_end=0x84000
CUDA_FA_ROUTE_PLAN device=0 Q=[256,1,16,1] Kraw=q4_0 Vraw=turbo3 Kshape=[256,256,4,1] Vshape=[256,256,4,1] Keff=q4_0 Veff=f16 turbo_kv=1 prefer_native_vec=0 decode=1 dk=0 dv=1 unsafe_vec_after_turbo_v_decode=1 allow_vec=0 kernel=MMA_F16 need_f16_K=1 need_f16_V=0 Knb=[18,576,144,147456] Vnb=[50,400,100,102400] Keff_nb=[18,576,144,147456] Veff_nb=[2,2048,512,524288]
CUDA_FA_ROUTE_ALLOC kernel=MMA_F16 need_f16_K=1 need_f16_V=0 workspace_end_offset=540672 dst_data=(nil) f16_K=0x4000 f16_V=(nil) f16_end=0x84000
CUDA_FA_ROUTE_PLAN device=0 Q=[256,1,16,1] Kraw=q4_0 Vraw=turbo3 Kshape=[256,256,4,1] Vshape=[256,256,4,1] Keff=q4_0 Veff=f16 turbo_kv=1 prefer_native_vec=0 decode=1 dk=0 dv=1 unsafe_vec_after_turbo_v_decode=1 allow_vec=0 kernel=MMA_F16 need_f16_K=1 need_f16_V=0 Knb=[18,576,144,147456] Vnb=[50,400,100,102400] Keff_nb=[18,576,144,147456] Veff_nb=[2,2048,512,524288]
CUDA_FA_ROUTE_ALLOC kernel=MMA_F16 need_f16_K=1 need_f16_V=0 workspace_end_offset=540672 dst_data=(nil) f16_K=0x4000 f16_V=(nil) f16_end=0x84000
CUDA_FA_ROUTE_PLAN device=0 Q=[256,1,16,1] Kraw=q4_0 Vraw=turbo3 Kshape=[256,256,4,1] Vshape=[256,256,4,1] Keff=q4_0 Veff=f16 turbo_kv=1 prefer_native_vec=0 decode=1 dk=0 dv=1 unsafe_vec_after_turbo_v_decode=1 allow_vec=0 kernel=MMA_F16 need_f16_K=1 need_f16_V=0 Knb=[18,576,144,147456] Vnb=[50,400,100,102400] Keff_nb=[18,576,144,147456] Veff_nb=[2,2048,512,524288]
CUDA_FA_ROUTE_ALLOC kernel=MMA_F16 need_f16_K=1 need_f16_V=0 workspace_end_offset=540672 dst_data=(nil) f16_K=0x4000 f16_V=(nil) f16_end=0x84000
CUDA_FA_ROUTE_PLAN device=0 Q=[256,1,16,1] Kraw=q4_0 Vraw=turbo3 Kshape=[256,256,4,1] Vshape=[256,256,4,1] Keff=q4_0 Veff=f16 turbo_kv=1 prefer_native_vec=0 decode=1 dk=0 dv=1 unsafe_vec_after_turbo_v_decode=1 allow_vec=0 kernel=MMA_F16 need_f16_K=1 need_f16_V=0 Knb=[18,576,144,147456] Vnb=[50,400,100,102400] Keff_nb=[18,576,144,147456] Veff_nb=[2,2048,512,524288]
CUDA_FA_ROUTE_ALLOC kernel=MMA_F16 need_f16_K=1 need_f16_V=0 workspace_end_offset=540672 dst_data=(nil) f16_K=0x4000 f16_V=(nil) f16_end=0x84000
CUDA_FA_ROUTE_PLAN device=0 Q=[256,1,16,1] Kraw=q4_0 Vraw=turbo3 Kshape=[256,256,4,1] Vshape=[256,256,4,1] Keff=q4_0 Veff=f16 turbo_kv=1 prefer_native_vec=0 decode=1 dk=0 dv=1 unsafe_vec_after_turbo_v_decode=1 allow_vec=0 kernel=MMA_F16 need_f16_K=1 need_f16_V=0 Knb=[18,576,144,147456] Vnb=[50,400,100,102400] Keff_nb=[18,576,144,147456] Veff_nb=[2,2048,512,524288]
CUDA_FA_ROUTE_ALLOC kernel=MMA_F16 need_f16_K=1 need_f16_V=0 workspace_end_offset=540672 dst_data=(nil) f16_K=0x4000 f16_V=(nil) f16_end=0x84000
CUDA_FA_ROUTE_PLAN device=0 Q=[256,256,16,1] Kraw=q4_0 Vraw=turbo3 Kshape=[256,256,4,1] Vshape=[256,256,4,1] Keff=q4_0 Veff=f16 turbo_kv=1 prefer_native_vec=0 decode=1 dk=0 dv=1 unsafe_vec_after_turbo_v_decode=1 allow_vec=0 kernel=MMA_F16 need_f16_K=1 need_f16_V=0 Knb=[18,576,144,147456] Vnb=[50,400,100,102400] Keff_nb=[18,576,144,147456] Veff_nb=[2,2048,512,524288]
CUDA_FA_ROUTE_SUPPORTED kernel=MMA_F16 effK=q4_0 effV=f16 supported=1
CUDA_FA_ROUTE_PLAN device=0 Q=[256,256,16,1] Kraw=q4_0 Vraw=turbo3 Kshape=[256,256,4,1] Vshape=[256,256,4,1] Keff=q4_0 Veff=f16 turbo_kv=1 prefer_native_vec=0 decode=1 dk=0 dv=1 unsafe_vec_after_turbo_v_decode=1 allow_vec=0 kernel=MMA_F16 need_f16_K=1 need_f16_V=0 Knb=[18,576,144,147456] Vnb=[50,400,100,102400] Keff_nb=[18,576,144,147456] Veff_nb=[2,2048,512,524288]
CUDA_FA_ROUTE_SUPPORTED kernel=MMA_F16 effK=q4_0 effV=f16 supported=1
CUDA_FA_ROUTE_PLAN device=0 Q=[256,256,16,1] Kraw=q4_0 Vraw=turbo3 Kshape=[256,256,4,1] Vshape=[256,256,4,1] Keff=q4_0 Veff=f16 turbo_kv=1 prefer_native_vec=0 decode=1 dk=0 dv=1 unsafe_vec_after_turbo_v_decode=1 allow_vec=0 kernel=MMA_F16 need_f16_K=1 need_f16_V=0 Knb=[18,576,144,147456] Vnb=[50,400,100,102400] Keff_nb=[18,576,144,147456] Veff_nb=[2,2048,512,524288]
CUDA_FA_ROUTE_SUPPORTED kernel=MMA_F16 effK=q4_0 effV=f16 supported=1
CUDA_FA_ROUTE_PLAN device=0 Q=[256,256,16,1] Kraw=q4_0 Vraw=turbo3 Kshape=[256,256,4,1] Vshape=[256,256,4,1] Keff=q4_0 Veff=f16 turbo_kv=1 prefer_native_vec=0 decode=1 dk=0 dv=1 unsafe_vec_after_turbo_v_decode=1 allow_vec=0 kernel=MMA_F16 need_f16_K=1 need_f16_V=0 Knb=[18,576,144,147456] Vnb=[50,400,100,102400] Keff_nb=[18,576,144,147456] Veff_nb=[2,2048,512,524288]
CUDA_FA_ROUTE_SUPPORTED kernel=MMA_F16 effK=q4_0 effV=f16 supported=1
CUDA_FA_ROUTE_PLAN device=0 Q=[256,256,16,1] Kraw=q4_0 Vraw=turbo3 Kshape=[256,256,4,1] Vshape=[256,256,4,1] Keff=q4_0 Veff=f16 turbo_kv=1 prefer_native_vec=0 decode=1 dk=0 dv=1 unsafe_vec_after_turbo_v_decode=1 allow_vec=0 kernel=MMA_F16 need_f16_K=1 need_f16_V=0 Knb=[18,576,144,147456] Vnb=[50,400,100,102400] Keff_nb=[18,576,144,147456] Veff_nb=[2,2048,512,524288]
CUDA_FA_ROUTE_SUPPORTED kernel=MMA_F16 effK=q4_0 effV=f16 supported=1
CUDA_FA_ROUTE_PLAN device=0 Q=[256,256,16,1] Kraw=q4_0 Vraw=turbo3 Kshape=[256,256,4,1] Vshape=[256,256,4,1] Keff=q4_0 Veff=f16 turbo_kv=1 prefer_native_vec=0 decode=1 dk=0 dv=1 unsafe_vec_after_turbo_v_decode=1 allow_vec=0 kernel=MMA_F16 need_f16_K=1 need_f16_V=0 Knb=[18,576,144,147456] Vnb=[50,400,100,102400] Keff_nb=[18,576,144,147456] Veff_nb=[2,2048,512,524288]
CUDA_FA_ROUTE_SUPPORTED kernel=MMA_F16 effK=q4_0 effV=f16 supported=1
CUDA_FA_ROUTE_PLAN device=0 Q=[256,256,16,1] Kraw=q4_0 Vraw=turbo3 Kshape=[256,256,4,1] Vshape=[256,256,4,1] Keff=q4_0 Veff=f16 turbo_kv=1 prefer_native_vec=0 decode=1 dk=0 dv=1 unsafe_vec_after_turbo_v_decode=1 allow_vec=0 kernel=MMA_F16 need_f16_K=1 need_f16_V=0 Knb=[18,576,144,147456] Vnb=[50,400,100,102400] Keff_nb=[18,576,144,147456] Veff_nb=[2,2048,512,524288]
CUDA_FA_ROUTE_SUPPORTED kernel=MMA_F16 effK=q4_0 effV=f16 supported=1
CUDA_FA_ROUTE_PLAN device=0 Q=[256,256,16,1] Kraw=q4_0 Vraw=turbo3 Kshape=[256,256,4,1] Vshape=[256,256,4,1] Keff=q4_0 Veff=f16 turbo_kv=1 prefer_native_vec=0 decode=1 dk=0 dv=1 unsafe_vec_after_turbo_v_decode=1 allow_vec=0 kernel=MMA_F16 need_f16_K=1 need_f16_V=0 Knb=[18,576,144,147456] Vnb=[50,400,100,102400] Keff_nb=[18,576,144,147456] Veff_nb=[2,2048,512,524288]
CUDA_FA_ROUTE_SUPPORTED kernel=MMA_F16 effK=q4_0 effV=f16 supported=1
CUDA_FA_ROUTE_PLAN device=0 Q=[256,256,16,1] Kraw=q4_0 Vraw=turbo3 Kshape=[256,256,4,1] Vshape=[256,256,4,1] Keff=q4_0 Veff=f16 turbo_kv=1 prefer_native_vec=0 decode=1 dk=0 dv=1 unsafe_vec_after_turbo_v_decode=1 allow_vec=0 kernel=MMA_F16 need_f16_K=1 need_f16_V=0 Knb=[18,576,144,147456] Vnb=[50,400,100,102400] Keff_nb=[18,576,144,147456] Veff_nb=[2,2048,512,524288]
CUDA_FA_ROUTE_ALLOC kernel=MMA_F16 need_f16_K=1 need_f16_V=0 workspace_end_offset=4718592 dst_data=(nil) f16_K=0x400000 f16_V=(nil) f16_end=0x480000
CUDA_FA_ROUTE_PLAN device=0 Q=[256,256,16,1] Kraw=q4_0 Vraw=turbo3 Kshape=[256,256,4,1] Vshape=[256,256,4,1] Keff=q4_0 Veff=f16 turbo_kv=1 prefer_native_vec=0 decode=1 dk=0 dv=1 unsafe_vec_after_turbo_v_decode=1 allow_vec=0 kernel=MMA_F16 need_f16_K=1 need_f16_V=0 Knb=[18,576,144,147456] Vnb=[50,400,100,102400] Keff_nb=[18,576,144,147456] Veff_nb=[2,2048,512,524288]
CUDA_FA_ROUTE_ALLOC kernel=MMA_F16 need_f16_K=1 need_f16_V=0 workspace_end_offset=4718592 dst_data=(nil) f16_K=0x400000 f16_V=(nil) f16_end=0x480000
CUDA_FA_ROUTE_PLAN device=0 Q=[256,256,16,1] Kraw=q4_0 Vraw=turbo3 Kshape=[256,256,4,1] Vshape=[256,256,4,1] Keff=q4_0 Veff=f16 turbo_kv=1 prefer_native_vec=0 decode=1 dk=0 dv=1 unsafe_vec_after_turbo_v_decode=1 allow_vec=0 kernel=MMA_F16 need_f16_K=1 need_f16_V=0 Knb=[18,576,144,147456] Vnb=[50,400,100,102400] Keff_nb=[18,576,144,147456] Veff_nb=[2,2048,512,524288]
CUDA_FA_ROUTE_ALLOC kernel=MMA_F16 need_f16_K=1 need_f16_V=0 workspace_end_offset=4718592 dst_data=(nil) f16_K=0x400000 f16_V=(nil) f16_end=0x480000
CUDA_FA_ROUTE_PLAN device=0 Q=[256,256,16,1] Kraw=q4_0 Vraw=turbo3 Kshape=[256,256,4,1] Vshape=[256,256,4,1] Keff=q4_0 Veff=f16 turbo_kv=1 prefer_native_vec=0 decode=1 dk=0 dv=1 unsafe_vec_after_turbo_v_decode=1 allow_vec=0 kernel=MMA_F16 need_f16_K=1 need_f16_V=0 Knb=[18,576,144,147456] Vnb=[50,400,100,102400] Keff_nb=[18,576,144,147456] Veff_nb=[2,2048,512,524288]
CUDA_FA_ROUTE_ALLOC kernel=MMA_F16 need_f16_K=1 need_f16_V=0 workspace_end_offset=4718592 dst_data=(nil) f16_K=0x400000 f16_V=(nil) f16_end=0x480000
CUDA_FA_ROUTE_PLAN device=0 Q=[256,256,16,1] Kraw=q4_0 Vraw=turbo3 Kshape=[256,256,4,1] Vshape=[256,256,4,1] Keff=q4_0 Veff=f16 turbo_kv=1 prefer_native_vec=0 decode=1 dk=0 dv=1 unsafe_vec_after_turbo_v_decode=1 allow_vec=0 kernel=MMA_F16 need_f16_K=1 need_f16_V=0 Knb=[18,576,144,147456] Vnb=[50,400,100,102400] Keff_nb=[18,576,144,147456] Veff_nb=[2,2048,512,524288]
CUDA_FA_ROUTE_ALLOC kernel=MMA_F16 need_f16_K=1 need_f16_V=0 workspace_end_offset=4718592 dst_data=(nil) f16_K=0x400000 f16_V=(nil) f16_end=0x480000
CUDA_FA_ROUTE_PLAN device=0 Q=[256,256,16,1] Kraw=q4_0 Vraw=turbo3 Kshape=[256,256,4,1] Vshape=[256,256,4,1] Keff=q4_0 Veff=f16 turbo_kv=1 prefer_native_vec=0 decode=1 dk=0 dv=1 unsafe_vec_after_turbo_v_decode=1 allow_vec=0 kernel=MMA_F16 need_f16_K=1 need_f16_V=0 Knb=[18,576,144,147456] Vnb=[50,400,100,102400] Keff_nb=[18,576,144,147456] Veff_nb=[2,2048,512,524288]
CUDA_FA_ROUTE_ALLOC kernel=MMA_F16 need_f16_K=1 need_f16_V=0 workspace_end_offset=4718592 dst_data=(nil) f16_K=0x400000 f16_V=(nil) f16_end=0x480000
CUDA_FA_ROUTE_PLAN device=0 Q=[256,256,16,1] Kraw=q4_0 Vraw=turbo3 Kshape=[256,256,4,1] Vshape=[256,256,4,1] Keff=q4_0 Veff=f16 turbo_kv=1 prefer_native_vec=0 decode=1 dk=0 dv=1 unsafe_vec_after_turbo_v_decode=1 allow_vec=0 kernel=MMA_F16 need_f16_K=1 need_f16_V=0 Knb=[18,576,144,147456] Vnb=[50,400,100,102400] Keff_nb=[18,576,144,147456] Veff_nb=[2,2048,512,524288]
CUDA_FA_ROUTE_ALLOC kernel=MMA_F16 need_f16_K=1 need_f16_V=0 workspace_end_offset=4718592 dst_data=(nil) f16_K=0x400000 f16_V=(nil) f16_end=0x480000
CUDA_FA_ROUTE_PLAN device=0 Q=[256,256,16,1] Kraw=q4_0 Vraw=turbo3 Kshape=[256,256,4,1] Vshape=[256,256,4,1] Keff=q4_0 Veff=f16 turbo_kv=1 prefer_native_vec=0 decode=1 dk=0 dv=1 unsafe_vec_after_turbo_v_decode=1 allow_vec=0 kernel=MMA_F16 need_f16_K=1 need_f16_V=0 Knb=[18,576,144,147456] Vnb=[50,400,100,102400] Keff_nb=[18,576,144,147456] Veff_nb=[2,2048,512,524288]
CUDA_FA_ROUTE_ALLOC kernel=MMA_F16 need_f16_K=1 need_f16_V=0 workspace_end_offset=4718592 dst_data=(nil) f16_K=0x400000 f16_V=(nil) f16_end=0x480000
CUDA_FA_ROUTE_PLAN device=0 Q=[256,256,16,1] Kraw=q4_0 Vraw=turbo3 Kshape=[256,256,4,1] Vshape=[256,256,4,1] Keff=q4_0 Veff=f16 turbo_kv=1 prefer_native_vec=0 decode=1 dk=0 dv=1 unsafe_vec_after_turbo_v_decode=1 allow_vec=0 kernel=MMA_F16 need_f16_K=1 need_f16_V=0 Knb=[18,576,144,147456] Vnb=[50,400,100,102400] Keff_nb=[18,576,144,147456] Veff_nb=[2,2048,512,524288]
CUDA_FA_ROUTE_ALLOC kernel=MMA_F16 need_f16_K=1 need_f16_V=0 workspace_end_offset=4718592 dst_data=(nil) f16_K=0x400000 f16_V=(nil) f16_end=0x480000
CUDA_FA_ROUTE_PLAN device=0 Q=[256,256,16,1] Kraw=q4_0 Vraw=turbo3 Kshape=[256,256,4,1] Vshape=[256,256,4,1] Keff=q4_0 Veff=f16 turbo_kv=1 prefer_native_vec=0 decode=1 dk=0 dv=1 unsafe_vec_after_turbo_v_decode=1 allow_vec=0 kernel=MMA_F16 need_f16_K=1 need_f16_V=0 Knb=[18,576,144,147456] Vnb=[50,400,100,102400] Keff_nb=[18,576,144,147456] Veff_nb=[2,2048,512,524288]
CUDA_FA_ROUTE_ALLOC kernel=MMA_F16 need_f16_K=1 need_f16_V=0 workspace_end_offset=4718592 dst_data=(nil) f16_K=0x400000 f16_V=(nil) f16_end=0x480000
CUDA_FA_ROUTE_PLAN device=0 Q=[256,256,16,1] Kraw=q4_0 Vraw=turbo3 Kshape=[256,256,4,1] Vshape=[256,256,4,1] Keff=q4_0 Veff=f16 turbo_kv=1 prefer_native_vec=0 decode=1 dk=0 dv=1 unsafe_vec_after_turbo_v_decode=1 allow_vec=0 kernel=MMA_F16 need_f16_K=1 need_f16_V=0 Knb=[18,576,144,147456] Vnb=[50,400,100,102400] Keff_nb=[18,576,144,147456] Veff_nb=[2,2048,512,524288]
CUDA_FA_ROUTE_ALLOC kernel=MMA_F16 need_f16_K=1 need_f16_V=0 workspace_end_offset=4718592 dst_data=(nil) f16_K=0x400000 f16_V=(nil) f16_end=0x480000
CUDA_FA_ROUTE_PLAN device=0 Q=[256,256,16,1] Kraw=q4_0 Vraw=turbo3 Kshape=[256,256,4,1] Vshape=[256,256,4,1] Keff=q4_0 Veff=f16 turbo_kv=1 prefer_native_vec=0 decode=1 dk=0 dv=1 unsafe_vec_after_turbo_v_decode=1 allow_vec=0 kernel=MMA_F16 need_f16_K=1 need_f16_V=0 Knb=[18,576,144,147456] Vnb=[50,400,100,102400] Keff_nb=[18,576,144,147456] Veff_nb=[2,2048,512,524288]
CUDA_FA_ROUTE_ALLOC kernel=MMA_F16 need_f16_K=1 need_f16_V=0 workspace_end_offset=4718592 dst_data=(nil) f16_K=0x400000 f16_V=(nil) f16_end=0x480000
CUDA_FA_ROUTE_PLAN device=0 Q=[256,256,16,1] Kraw=q4_0 Vraw=turbo3 Kshape=[256,256,4,1] Vshape=[256,256,4,1] Keff=q4_0 Veff=f16 turbo_kv=1 prefer_native_vec=0 decode=1 dk=0 dv=1 unsafe_vec_after_turbo_v_decode=1 allow_vec=0 kernel=MMA_F16 need_f16_K=1 need_f16_V=0 Knb=[18,576,144,147456] Vnb=[50,400,100,102400] Keff_nb=[18,576,144,147456] Veff_nb=[2,2048,512,524288]
CUDA_FA_ROUTE_ALLOC kernel=MMA_F16 need_f16_K=1 need_f16_V=0 workspace_end_offset=4718592 dst_data=(nil) f16_K=0x400000 f16_V=(nil) f16_end=0x480000
CUDA_FA_ROUTE_PLAN device=0 Q=[256,256,16,1] Kraw=q4_0 Vraw=turbo3 Kshape=[256,256,4,1] Vshape=[256,256,4,1] Keff=q4_0 Veff=f16 turbo_kv=1 prefer_native_vec=0 decode=1 dk=0 dv=1 unsafe_vec_after_turbo_v_decode=1 allow_vec=0 kernel=MMA_F16 need_f16_K=1 need_f16_V=0 Knb=[18,576,144,147456] Vnb=[50,400,100,102400] Keff_nb=[18,576,144,147456] Veff_nb=[2,2048,512,524288]
CUDA_FA_ROUTE_ALLOC kernel=MMA_F16 need_f16_K=1 need_f16_V=0 workspace_end_offset=4718592 dst_data=(nil) f16_K=0x400000 f16_V=(nil) f16_end=0x480000
CUDA_FA_ROUTE_PLAN device=0 Q=[256,256,16,1] Kraw=q4_0 Vraw=turbo3 Kshape=[256,256,4,1] Vshape=[256,256,4,1] Keff=q4_0 Veff=f16 turbo_kv=1 prefer_native_vec=0 decode=1 dk=0 dv=1 unsafe_vec_after_turbo_v_decode=1 allow_vec=0 kernel=MMA_F16 need_f16_K=1 need_f16_V=0 Knb=[18,576,144,147456] Vnb=[50,400,100,102400] Keff_nb=[18,576,144,147456] Veff_nb=[2,2048,512,524288]
CUDA_FA_ROUTE_ALLOC kernel=MMA_F16 need_f16_K=1 need_f16_V=0 workspace_end_offset=4718592 dst_data=(nil) f16_K=0x400000 f16_V=(nil) f16_end=0x480000
CUDA_FA_ROUTE_PLAN device=0 Q=[256,256,16,1] Kraw=q4_0 Vraw=turbo3 Kshape=[256,256,4,1] Vshape=[256,256,4,1] Keff=q4_0 Veff=f16 turbo_kv=1 prefer_native_vec=0 decode=1 dk=0 dv=1 unsafe_vec_after_turbo_v_decode=1 allow_vec=0 kernel=MMA_F16 need_f16_K=1 need_f16_V=0 Knb=[18,576,144,147456] Vnb=[50,400,100,102400] Keff_nb=[18,576,144,147456] Veff_nb=[2,2048,512,524288]
CUDA_FA_ROUTE_ALLOC kernel=MMA_F16 need_f16_K=1 need_f16_V=0 workspace_end_offset=4718592 dst_data=(nil) f16_K=0x400000 f16_V=(nil) f16_end=0x480000
CUDA_FA_ROUTE_PLAN device=0 Q=[256,256,16,1] Kraw=q4_0 Vraw=turbo3 Kshape=[256,256,4,1] Vshape=[256,256,4,1] Keff=q4_0 Veff=f16 turbo_kv=1 prefer_native_vec=0 decode=1 dk=0 dv=1 unsafe_vec_after_turbo_v_decode=1 allow_vec=0 kernel=MMA_F16 need_f16_K=1 need_f16_V=0 Knb=[18,576,144,147456] Vnb=[50,400,100,102400] Keff_nb=[18,576,144,147456] Veff_nb=[2,2048,512,524288]
CUDA_FA_ROUTE_ALLOC kernel=MMA_F16 need_f16_K=1 need_f16_V=0 workspace_end_offset=4718592 dst_data=(nil) f16_K=0x400000 f16_V=(nil) f16_end=0x480000
CUDA_FA_ROUTE_PLAN device=0 Q=[256,256,16,1] Kraw=q4_0 Vraw=turbo3 Kshape=[256,256,4,1] Vshape=[256,256,4,1] Keff=q4_0 Veff=f16 turbo_kv=1 prefer_native_vec=0 decode=1 dk=0 dv=1 unsafe_vec_after_turbo_v_decode=1 allow_vec=0 kernel=MMA_F16 need_f16_K=1 need_f16_V=0 Knb=[18,576,144,147456] Vnb=[50,400,100,102400] Keff_nb=[18,576,144,147456] Veff_nb=[2,2048,512,524288]
CUDA_FA_ROUTE_ALLOC kernel=MMA_F16 need_f16_K=1 need_f16_V=0 workspace_end_offset=4718592 dst_data=(nil) f16_K=0x400000 f16_V=(nil) f16_end=0x480000
CUDA_FA_ROUTE_PLAN device=0 Q=[256,256,16,1] Kraw=q4_0 Vraw=turbo3 Kshape=[256,256,4,1] Vshape=[256,256,4,1] Keff=q4_0 Veff=f16 turbo_kv=1 prefer_native_vec=0 decode=1 dk=0 dv=1 unsafe_vec_after_turbo_v_decode=1 allow_vec=0 kernel=MMA_F16 need_f16_K=1 need_f16_V=0 Knb=[18,576,144,147456] Vnb=[50,400,100,102400] Keff_nb=[18,576,144,147456] Veff_nb=[2,2048,512,524288]
CUDA_FA_ROUTE_ALLOC kernel=MMA_F16 need_f16_K=1 need_f16_V=0 workspace_end_offset=4718592 dst_data=(nil) f16_K=0x400000 f16_V=(nil) f16_end=0x480000
CUDA_FA_ROUTE_PLAN device=0 Q=[256,256,16,1] Kraw=q4_0 Vraw=turbo3 Kshape=[256,256,4,1] Vshape=[256,256,4,1] Keff=q4_0 Veff=f16 turbo_kv=1 prefer_native_vec=0 decode=1 dk=0 dv=1 unsafe_vec_after_turbo_v_decode=1 allow_vec=0 kernel=MMA_F16 need_f16_K=1 need_f16_V=0 Knb=[18,576,144,147456] Vnb=[50,400,100,102400] Keff_nb=[18,576,144,147456] Veff_nb=[2,2048,512,524288]
CUDA_FA_ROUTE_ALLOC kernel=MMA_F16 need_f16_K=1 need_f16_V=0 workspace_end_offset=4718592 dst_data=(nil) f16_K=0x400000 f16_V=(nil) f16_end=0x480000
CUDA_FA_ROUTE_PLAN device=0 Q=[256,256,16,1] Kraw=q4_0 Vraw=turbo3 Kshape=[256,256,4,1] Vshape=[256,256,4,1] Keff=q4_0 Veff=f16 turbo_kv=1 prefer_native_vec=0 decode=1 dk=0 dv=1 unsafe_vec_after_turbo_v_decode=1 allow_vec=0 kernel=MMA_F16 need_f16_K=1 need_f16_V=0 Knb=[18,576,144,147456] Vnb=[50,400,100,102400] Keff_nb=[18,576,144,147456] Veff_nb=[2,2048,512,524288]
CUDA_FA_ROUTE_ALLOC kernel=MMA_F16 need_f16_K=1 need_f16_V=0 workspace_end_offset=4718592 dst_data=(nil) f16_K=0x400000 f16_V=(nil) f16_end=0x480000
CUDA_FA_ROUTE_PLAN device=0 Q=[256,256,16,1] Kraw=q4_0 Vraw=turbo3 Kshape=[256,256,4,1] Vshape=[256,256,4,1] Keff=q4_0 Veff=f16 turbo_kv=1 prefer_native_vec=0 decode=1 dk=0 dv=1 unsafe_vec_after_turbo_v_decode=1 allow_vec=0 kernel=MMA_F16 need_f16_K=1 need_f16_V=0 Knb=[18,576,144,147456] Vnb=[50,400,100,102400] Keff_nb=[18,576,144,147456] Veff_nb=[2,2048,512,524288]
CUDA_FA_ROUTE_ALLOC kernel=MMA_F16 need_f16_K=1 need_f16_V=0 workspace_end_offset=4718592 dst_data=(nil) f16_K=0x400000 f16_V=(nil) f16_end=0x480000
CUDA_FA_ROUTE_PLAN device=0 Q=[256,256,16,1] Kraw=q4_0 Vraw=turbo3 Kshape=[256,256,4,1] Vshape=[256,256,4,1] Keff=q4_0 Veff=f16 turbo_kv=1 prefer_native_vec=0 decode=1 dk=0 dv=1 unsafe_vec_after_turbo_v_decode=1 allow_vec=0 kernel=MMA_F16 need_f16_K=1 need_f16_V=0 Knb=[18,576,144,147456] Vnb=[50,400,100,102400] Keff_nb=[18,576,144,147456] Veff_nb=[2,2048,512,524288]
CUDA_FA_ROUTE_ALLOC kernel=MMA_F16 need_f16_K=1 need_f16_V=0 workspace_end_offset=4718592 dst_data=(nil) f16_K=0x400000 f16_V=(nil) f16_end=0x480000
CUDA_FA_ROUTE_PLAN device=0 Q=[256,256,16,1] Kraw=q4_0 Vraw=turbo3 Kshape=[256,256,4,1] Vshape=[256,256,4,1] Keff=q4_0 Veff=f16 turbo_kv=1 prefer_native_vec=0 decode=1 dk=0 dv=1 unsafe_vec_after_turbo_v_decode=1 allow_vec=0 kernel=MMA_F16 need_f16_K=1 need_f16_V=0 Knb=[18,576,144,147456] Vnb=[50,400,100,102400] Keff_nb=[18,576,144,147456] Veff_nb=[2,2048,512,524288]
CUDA_FA_ROUTE_ALLOC kernel=MMA_F16 need_f16_K=1 need_f16_V=0 workspace_end_offset=4718592 dst_data=(nil) f16_K=0x400000 f16_V=(nil) f16_end=0x480000
CUDA_FA_ROUTE_PLAN device=0 Q=[256,256,16,1] Kraw=q4_0 Vraw=turbo3 Kshape=[256,256,4,1] Vshape=[256,256,4,1] Keff=q4_0 Veff=f16 turbo_kv=1 prefer_native_vec=0 decode=1 dk=0 dv=1 unsafe_vec_after_turbo_v_decode=1 allow_vec=0 kernel=MMA_F16 need_f16_K=1 need_f16_V=0 Knb=[18,576,144,147456] Vnb=[50,400,100,102400] Keff_nb=[18,576,144,147456] Veff_nb=[2,2048,512,524288]
CUDA_FA_ROUTE_ALLOC kernel=MMA_F16 need_f16_K=1 need_f16_V=0 workspace_end_offset=4718592 dst_data=(nil) f16_K=0x400000 f16_V=(nil) f16_end=0x480000
CUDA_FA_ROUTE_PLAN device=0 Q=[256,256,16,1] Kraw=q4_0 Vraw=turbo3 Kshape=[256,256,4,1] Vshape=[256,256,4,1] Keff=q4_0 Veff=f16 turbo_kv=1 prefer_native_vec=0 decode=1 dk=0 dv=1 unsafe_vec_after_turbo_v_decode=1 allow_vec=0 kernel=MMA_F16 need_f16_K=1 need_f16_V=0 Knb=[18,576,144,147456] Vnb=[50,400,100,102400] Keff_nb=[18,576,144,147456] Veff_nb=[2,2048,512,524288]
CUDA_FA_ROUTE_ALLOC kernel=MMA_F16 need_f16_K=1 need_f16_V=0 workspace_end_offset=4718592 dst_data=(nil) f16_K=0x400000 f16_V=(nil) f16_end=0x480000
CUDA_FA_ROUTE_PLAN device=0 Q=[256,256,16,1] Kraw=q4_0 Vraw=turbo3 Kshape=[256,256,4,1] Vshape=[256,256,4,1] Keff=q4_0 Veff=f16 turbo_kv=1 prefer_native_vec=0 decode=1 dk=0 dv=1 unsafe_vec_after_turbo_v_decode=1 allow_vec=0 kernel=MMA_F16 need_f16_K=1 need_f16_V=0 Knb=[18,576,144,147456] Vnb=[50,400,100,102400] Keff_nb=[18,576,144,147456] Veff_nb=[2,2048,512,524288]
CUDA_FA_ROUTE_ALLOC kernel=MMA_F16 need_f16_K=1 need_f16_V=0 workspace_end_offset=4718592 dst_data=(nil) f16_K=0x400000 f16_V=(nil) f16_end=0x480000
CUDA_FA_ROUTE_PLAN device=0 Q=[256,256,16,1] Kraw=q4_0 Vraw=turbo3 Kshape=[256,256,4,1] Vshape=[256,256,4,1] Keff=q4_0 Veff=f16 turbo_kv=1 prefer_native_vec=0 decode=1 dk=0 dv=1 unsafe_vec_after_turbo_v_decode=1 allow_vec=0 kernel=MMA_F16 need_f16_K=1 need_f16_V=0 Knb=[18,576,144,147456] Vnb=[50,400,100,102400] Keff_nb=[18,576,144,147456] Veff_nb=[2,2048,512,524288]
CUDA_FA_ROUTE_ALLOC kernel=MMA_F16 need_f16_K=1 need_f16_V=0 workspace_end_offset=4718592 dst_data=(nil) f16_K=0x400000 f16_V=(nil) f16_end=0x480000
CUDA_FA_ROUTE_PLAN device=0 Q=[256,256,16,1] Kraw=q4_0 Vraw=turbo3 Kshape=[256,256,4,1] Vshape=[256,256,4,1] Keff=q4_0 Veff=f16 turbo_kv=1 prefer_native_vec=0 decode=1 dk=0 dv=1 unsafe_vec_after_turbo_v_decode=1 allow_vec=0 kernel=MMA_F16 need_f16_K=1 need_f16_V=0 Knb=[18,576,144,147456] Vnb=[50,400,100,102400] Keff_nb=[18,576,144,147456] Veff_nb=[2,2048,512,524288]
CUDA_FA_ROUTE_ALLOC kernel=MMA_F16 need_f16_K=1 need_f16_V=0 workspace_end_offset=4718592 dst_data=(nil) f16_K=0x400000 f16_V=(nil) f16_end=0x480000
CUDA_FA_ROUTE_PLAN device=0 Q=[256,256,16,1] Kraw=q4_0 Vraw=turbo3 Kshape=[256,256,4,1] Vshape=[256,256,4,1] Keff=q4_0 Veff=f16 turbo_kv=1 prefer_native_vec=0 decode=1 dk=0 dv=1 unsafe_vec_after_turbo_v_decode=1 allow_vec=0 kernel=MMA_F16 need_f16_K=1 need_f16_V=0 Knb=[18,576,144,147456] Vnb=[50,400,100,102400] Keff_nb=[18,576,144,147456] Veff_nb=[2,2048,512,524288]
CUDA_FA_ROUTE_ALLOC kernel=MMA_F16 need_f16_K=1 need_f16_V=0 workspace_end_offset=4718592 dst_data=(nil) f16_K=0x400000 f16_V=(nil) f16_end=0x480000
CUDA_FA_ROUTE_PLAN device=0 Q=[256,256,16,1] Kraw=q4_0 Vraw=turbo3 Kshape=[256,256,4,1] Vshape=[256,256,4,1] Keff=q4_0 Veff=f16 turbo_kv=1 prefer_native_vec=0 decode=1 dk=0 dv=1 unsafe_vec_after_turbo_v_decode=1 allow_vec=0 kernel=MMA_F16 need_f16_K=1 need_f16_V=0 Knb=[18,576,144,147456] Vnb=[50,400,100,102400] Keff_nb=[18,576,144,147456] Veff_nb=[2,2048,512,524288]
CUDA_FA_ROUTE_ALLOC kernel=MMA_F16 need_f16_K=1 need_f16_V=0 workspace_end_offset=4718592 dst_data=(nil) f16_K=0x400000 f16_V=(nil) f16_end=0x480000
CUDA_FA_ROUTE_PLAN device=0 Q=[256,256,16,1] Kraw=q4_0 Vraw=turbo3 Kshape=[256,256,4,1] Vshape=[256,256,4,1] Keff=q4_0 Veff=f16 turbo_kv=1 prefer_native_vec=0 decode=1 dk=0 dv=1 unsafe_vec_after_turbo_v_decode=1 allow_vec=0 kernel=MMA_F16 need_f16_K=1 need_f16_V=0 Knb=[18,576,144,147456] Vnb=[50,400,100,102400] Keff_nb=[18,576,144,147456] Veff_nb=[2,2048,512,524288]
CUDA_FA_ROUTE_ALLOC kernel=MMA_F16 need_f16_K=1 need_f16_V=0 workspace_end_offset=4718592 dst_data=(nil) f16_K=0x400000 f16_V=(nil) f16_end=0x480000
CUDA_FA_ROUTE_PLAN device=0 Q=[256,2,16,1] Kraw=q4_0 Vraw=turbo3 Kshape=[256,256,4,1] Vshape=[256,256,4,1] Keff=q4_0 Veff=f16 turbo_kv=1 prefer_native_vec=0 decode=1 dk=0 dv=1 unsafe_vec_after_turbo_v_decode=1 allow_vec=0 kernel=MMA_F16 need_f16_K=1 need_f16_V=0 Knb=[18,576,144,147456] Vnb=[50,400,100,102400] Keff_nb=[18,576,144,147456] Veff_nb=[2,2048,512,524288]
CUDA_FA_ROUTE_SUPPORTED kernel=MMA_F16 effK=q4_0 effV=f16 supported=1
CUDA_FA_ROUTE_PLAN device=0 Q=[256,2,16,1] Kraw=q4_0 Vraw=turbo3 Kshape=[256,256,4,1] Vshape=[256,256,4,1] Keff=q4_0 Veff=f16 turbo_kv=1 prefer_native_vec=0 decode=1 dk=0 dv=1 unsafe_vec_after_turbo_v_decode=1 allow_vec=0 kernel=MMA_F16 need_f16_K=1 need_f16_V=0 Knb=[18,576,144,147456] Vnb=[50,400,100,102400] Keff_nb=[18,576,144,147456] Veff_nb=[2,2048,512,524288]
CUDA_FA_ROUTE_SUPPORTED kernel=MMA_F16 effK=q4_0 effV=f16 supported=1
CUDA_FA_ROUTE_PLAN device=0 Q=[256,2,16,1] Kraw=q4_0 Vraw=turbo3 Kshape=[256,256,4,1] Vshape=[256,256,4,1] Keff=q4_0 Veff=f16 turbo_kv=1 prefer_native_vec=0 decode=1 dk=0 dv=1 unsafe_vec_after_turbo_v_decode=1 allow_vec=0 kernel=MMA_F16 need_f16_K=1 need_f16_V=0 Knb=[18,576,144,147456] Vnb=[50,400,100,102400] Keff_nb=[18,576,144,147456] Veff_nb=[2,2048,512,524288]
CUDA_FA_ROUTE_SUPPORTED kernel=MMA_F16 effK=q4_0 effV=f16 supported=1
CUDA_FA_ROUTE_PLAN device=0 Q=[256,2,16,1] Kraw=q4_0 Vraw=turbo3 Kshape=[256,256,4,1] Vshape=[256,256,4,1] Keff=q4_0 Veff=f16 turbo_kv=1 prefer_native_vec=0 decode=1 dk=0 dv=1 unsafe_vec_after_turbo_v_decode=1 allow_vec=0 kernel=MMA_F16 need_f16_K=1 need_f16_V=0 Knb=[18,576,144,147456] Vnb=[50,400,100,102400] Keff_nb=[18,576,144,147456] Veff_nb=[2,2048,512,524288]
CUDA_FA_ROUTE_SUPPORTED kernel=MMA_F16 effK=q4_0 effV=f16 supported=1
CUDA_FA_ROUTE_PLAN device=0 Q=[256,2,16,1] Kraw=q4_0 Vraw=turbo3 Kshape=[256,256,4,1] Vshape=[256,256,4,1] Keff=q4_0 Veff=f16 turbo_kv=1 prefer_native_vec=0 decode=1 dk=0 dv=1 unsafe_vec_after_turbo_v_decode=1 allow_vec=0 kernel=MMA_F16 need_f16_K=1 need_f16_V=0 Knb=[18,576,144,147456] Vnb=[50,400,100,102400] Keff_nb=[18,576,144,147456] Veff_nb=[2,2048,512,524288]
CUDA_FA_ROUTE_SUPPORTED kernel=MMA_F16 effK=q4_0 effV=f16 supported=1
CUDA_FA_ROUTE_PLAN device=0 Q=[256,2,16,1] Kraw=q4_0 Vraw=turbo3 Kshape=[256,256,4,1] Vshape=[256,256,4,1] Keff=q4_0 Veff=f16 turbo_kv=1 prefer_native_vec=0 decode=1 dk=0 dv=1 unsafe_vec_after_turbo_v_decode=1 allow_vec=0 kernel=MMA_F16 need_f16_K=1 need_f16_V=0 Knb=[18,576,144,147456] Vnb=[50,400,100,102400] Keff_nb=[18,576,144,147456] Veff_nb=[2,2048,512,524288]
CUDA_FA_ROUTE_SUPPORTED kernel=MMA_F16 effK=q4_0 effV=f16 supported=1
CUDA_FA_ROUTE_PLAN device=0 Q=[256,2,16,1] Kraw=q4_0 Vraw=turbo3 Kshape=[256,256,4,1] Vshape=[256,256,4,1] Keff=q4_0 Veff=f16 turbo_kv=1 prefer_native_vec=0 decode=1 dk=0 dv=1 unsafe_vec_after_turbo_v_decode=1 allow_vec=0 kernel=MMA_F16 need_f16_K=1 need_f16_V=0 Knb=[18,576,144,147456] Vnb=[50,400,100,102400] Keff_nb=[18,576,144,147456] Veff_nb=[2,2048,512,524288]
CUDA_FA_ROUTE_SUPPORTED kernel=MMA_F16 effK=q4_0 effV=f16 supported=1
CUDA_FA_ROUTE_PLAN device=0 Q=[256,2,16,1] Kraw=q4_0 Vraw=turbo3 Kshape=[256,256,4,1] Vshape=[256,256,4,1] Keff=q4_0 Veff=f16 turbo_kv=1 prefer_native_vec=0 decode=1 dk=0 dv=1 unsafe_vec_after_turbo_v_decode=1 allow_vec=0 kernel=MMA_F16 need_f16_K=1 need_f16_V=0 Knb=[18,576,144,147456] Vnb=[50,400,100,102400] Keff_nb=[18,576,144,147456] Veff_nb=[2,2048,512,524288]
CUDA_FA_ROUTE_SUPPORTED kernel=MMA_F16 effK=q4_0 effV=f16 supported=1
CUDA_FA_ROUTE_PLAN device=0 Q=[256,2,16,1] Kraw=q4_0 Vraw=turbo3 Kshape=[256,256,4,1] Vshape=[256,256,4,1] Keff=q4_0 Veff=f16 turbo_kv=1 prefer_native_vec=0 decode=1 dk=0 dv=1 unsafe_vec_after_turbo_v_decode=1 allow_vec=0 kernel=MMA_F16 need_f16_K=1 need_f16_V=0 Knb=[18,576,144,147456] Vnb=[50,400,100,102400] Keff_nb=[18,576,144,147456] Veff_nb=[2,2048,512,524288]
CUDA_FA_ROUTE_ALLOC kernel=MMA_F16 need_f16_K=1 need_f16_V=0 workspace_end_offset=557056 dst_data=(nil) f16_K=0x8000 f16_V=(nil) f16_end=0x88000
CUDA_FA_ROUTE_PLAN device=0 Q=[256,2,16,1] Kraw=q4_0 Vraw=turbo3 Kshape=[256,256,4,1] Vshape=[256,256,4,1] Keff=q4_0 Veff=f16 turbo_kv=1 prefer_native_vec=0 decode=1 dk=0 dv=1 unsafe_vec_after_turbo_v_decode=1 allow_vec=0 kernel=MMA_F16 need_f16_K=1 need_f16_V=0 Knb=[18,576,144,147456] Vnb=[50,400,100,102400] Keff_nb=[18,576,144,147456] Veff_nb=[2,2048,512,524288]
CUDA_FA_ROUTE_ALLOC kernel=MMA_F16 need_f16_K=1 need_f16_V=0 workspace_end_offset=557056 dst_data=(nil) f16_K=0x8000 f16_V=(nil) f16_end=0x88000
CUDA_FA_ROUTE_PLAN device=0 Q=[256,2,16,1] Kraw=q4_0 Vraw=turbo3 Kshape=[256,256,4,1] Vshape=[256,256,4,1] Keff=q4_0 Veff=f16 turbo_kv=1 prefer_native_vec=0 decode=1 dk=0 dv=1 unsafe_vec_after_turbo_v_decode=1 allow_vec=0 kernel=MMA_F16 need_f16_K=1 need_f16_V=0 Knb=[18,576,144,147456] Vnb=[50,400,100,102400] Keff_nb=[18,576,144,147456] Veff_nb=[2,2048,512,524288]
CUDA_FA_ROUTE_ALLOC kernel=MMA_F16 need_f16_K=1 need_f16_V=0 workspace_end_offset=557056 dst_data=(nil) f16_K=0x8000 f16_V=(nil) f16_end=0x88000
CUDA_FA_ROUTE_PLAN device=0 Q=[256,2,16,1] Kraw=q4_0 Vraw=turbo3 Kshape=[256,256,4,1] Vshape=[256,256,4,1] Keff=q4_0 Veff=f16 turbo_kv=1 prefer_native_vec=0 decode=1 dk=0 dv=1 unsafe_vec_after_turbo_v_decode=1 allow_vec=0 kernel=MMA_F16 need_f16_K=1 need_f16_V=0 Knb=[18,576,144,147456] Vnb=[50,400,100,102400] Keff_nb=[18,576,144,147456] Veff_nb=[2,2048,512,524288]
CUDA_FA_ROUTE_ALLOC kernel=MMA_F16 need_f16_K=1 need_f16_V=0 workspace_end_offset=557056 dst_data=(nil) f16_K=0x8000 f16_V=(nil) f16_end=0x88000
CUDA_FA_ROUTE_PLAN device=0 Q=[256,2,16,1] Kraw=q4_0 Vraw=turbo3 Kshape=[256,256,4,1] Vshape=[256,256,4,1] Keff=q4_0 Veff=f16 turbo_kv=1 prefer_native_vec=0 decode=1 dk=0 dv=1 unsafe_vec_after_turbo_v_decode=1 allow_vec=0 kernel=MMA_F16 need_f16_K=1 need_f16_V=0 Knb=[18,576,144,147456] Vnb=[50,400,100,102400] Keff_nb=[18,576,144,147456] Veff_nb=[2,2048,512,524288]
CUDA_FA_ROUTE_ALLOC kernel=MMA_F16 need_f16_K=1 need_f16_V=0 workspace_end_offset=557056 dst_data=(nil) f16_K=0x8000 f16_V=(nil) f16_end=0x88000
CUDA_FA_ROUTE_PLAN device=0 Q=[256,2,16,1] Kraw=q4_0 Vraw=turbo3 Kshape=[256,256,4,1] Vshape=[256,256,4,1] Keff=q4_0 Veff=f16 turbo_kv=1 prefer_native_vec=0 decode=1 dk=0 dv=1 unsafe_vec_after_turbo_v_decode=1 allow_vec=0 kernel=MMA_F16 need_f16_K=1 need_f16_V=0 Knb=[18,576,144,147456] Vnb=[50,400,100,102400] Keff_nb=[18,576,144,147456] Veff_nb=[2,2048,512,524288]
CUDA_FA_ROUTE_ALLOC kernel=MMA_F16 need_f16_K=1 need_f16_V=0 workspace_end_offset=557056 dst_data=(nil) f16_K=0x8000 f16_V=(nil) f16_end=0x88000
CUDA_FA_ROUTE_PLAN device=0 Q=[256,2,16,1] Kraw=q4_0 Vraw=turbo3 Kshape=[256,256,4,1] Vshape=[256,256,4,1] Keff=q4_0 Veff=f16 turbo_kv=1 prefer_native_vec=0 decode=1 dk=0 dv=1 unsafe_vec_after_turbo_v_decode=1 allow_vec=0 kernel=MMA_F16 need_f16_K=1 need_f16_V=0 Knb=[18,576,144,147456] Vnb=[50,400,100,102400] Keff_nb=[18,576,144,147456] Veff_nb=[2,2048,512,524288]
CUDA_FA_ROUTE_ALLOC kernel=MMA_F16 need_f16_K=1 need_f16_V=0 workspace_end_offset=557056 dst_data=(nil) f16_K=0x8000 f16_V=(nil) f16_end=0x88000
CUDA_FA_ROUTE_PLAN device=0 Q=[256,2,16,1] Kraw=q4_0 Vraw=turbo3 Kshape=[256,256,4,1] Vshape=[256,256,4,1] Keff=q4_0 Veff=f16 turbo_kv=1 prefer_native_vec=0 decode=1 dk=0 dv=1 unsafe_vec_after_turbo_v_decode=1 allow_vec=0 kernel=MMA_F16 need_f16_K=1 need_f16_V=0 Knb=[18,576,144,147456] Vnb=[50,400,100,102400] Keff_nb=[18,576,144,147456] Veff_nb=[2,2048,512,524288]
CUDA_FA_ROUTE_ALLOC kernel=MMA_F16 need_f16_K=1 need_f16_V=0 workspace_end_offset=557056 dst_data=(nil) f16_K=0x8000 f16_V=(nil) f16_end=0x88000
CUDA_FA_ROUTE_PLAN device=0 Q=[256,2,16,1] Kraw=q4_0 Vraw=turbo3 Kshape=[256,256,4,1] Vshape=[256,256,4,1] Keff=q4_0 Veff=f16 turbo_kv=1 prefer_native_vec=0 decode=1 dk=0 dv=1 unsafe_vec_after_turbo_v_decode=1 allow_vec=0 kernel=MMA_F16 need_f16_K=1 need_f16_V=0 Knb=[18,576,144,147456] Vnb=[50,400,100,102400] Keff_nb=[18,576,144,147456] Veff_nb=[2,2048,512,524288]
CUDA_FA_ROUTE_ALLOC kernel=MMA_F16 need_f16_K=1 need_f16_V=0 workspace_end_offset=557056 dst_data=(nil) f16_K=0x8000 f16_V=(nil) f16_end=0x88000
CUDA_FA_ROUTE_PLAN device=0 Q=[256,2,16,1] Kraw=q4_0 Vraw=turbo3 Kshape=[256,256,4,1] Vshape=[256,256,4,1] Keff=q4_0 Veff=f16 turbo_kv=1 prefer_native_vec=0 decode=1 dk=0 dv=1 unsafe_vec_after_turbo_v_decode=1 allow_vec=0 kernel=MMA_F16 need_f16_K=1 need_f16_V=0 Knb=[18,576,144,147456] Vnb=[50,400,100,102400] Keff_nb=[18,576,144,147456] Veff_nb=[2,2048,512,524288]
CUDA_FA_ROUTE_ALLOC kernel=MMA_F16 need_f16_K=1 need_f16_V=0 workspace_end_offset=557056 dst_data=(nil) f16_K=0x8000 f16_V=(nil) f16_end=0x88000
CUDA_FA_ROUTE_PLAN device=0 Q=[256,2,16,1] Kraw=q4_0 Vraw=turbo3 Kshape=[256,256,4,1] Vshape=[256,256,4,1] Keff=q4_0 Veff=f16 turbo_kv=1 prefer_native_vec=0 decode=1 dk=0 dv=1 unsafe_vec_after_turbo_v_decode=1 allow_vec=0 kernel=MMA_F16 need_f16_K=1 need_f16_V=0 Knb=[18,576,144,147456] Vnb=[50,400,100,102400] Keff_nb=[18,576,144,147456] Veff_nb=[2,2048,512,524288]
CUDA_FA_ROUTE_ALLOC kernel=MMA_F16 need_f16_K=1 need_f16_V=0 workspace_end_offset=557056 dst_data=(nil) f16_K=0x8000 f16_V=(nil) f16_end=0x88000
CUDA_FA_ROUTE_PLAN device=0 Q=[256,2,16,1] Kraw=q4_0 Vraw=turbo3 Kshape=[256,256,4,1] Vshape=[256,256,4,1] Keff=q4_0 Veff=f16 turbo_kv=1 prefer_native_vec=0 decode=1 dk=0 dv=1 unsafe_vec_after_turbo_v_decode=1 allow_vec=0 kernel=MMA_F16 need_f16_K=1 need_f16_V=0 Knb=[18,576,144,147456] Vnb=[50,400,100,102400] Keff_nb=[18,576,144,147456] Veff_nb=[2,2048,512,524288]
CUDA_FA_ROUTE_ALLOC kernel=MMA_F16 need_f16_K=1 need_f16_V=0 workspace_end_offset=557056 dst_data=(nil) f16_K=0x8000 f16_V=(nil) f16_end=0x88000
CUDA_FA_ROUTE_PLAN device=0 Q=[256,2,16,1] Kraw=q4_0 Vraw=turbo3 Kshape=[256,256,4,1] Vshape=[256,256,4,1] Keff=q4_0 Veff=f16 turbo_kv=1 prefer_native_vec=0 decode=1 dk=0 dv=1 unsafe_vec_after_turbo_v_decode=1 allow_vec=0 kernel=MMA_F16 need_f16_K=1 need_f16_V=0 Knb=[18,576,144,147456] Vnb=[50,400,100,102400] Keff_nb=[18,576,144,147456] Veff_nb=[2,2048,512,524288]
CUDA_FA_ROUTE_ALLOC kernel=MMA_F16 need_f16_K=1 need_f16_V=0 workspace_end_offset=557056 dst_data=(nil) f16_K=0x8000 f16_V=(nil) f16_end=0x88000
CUDA_FA_ROUTE_PLAN device=0 Q=[256,2,16,1] Kraw=q4_0 Vraw=turbo3 Kshape=[256,256,4,1] Vshape=[256,256,4,1] Keff=q4_0 Veff=f16 turbo_kv=1 prefer_native_vec=0 decode=1 dk=0 dv=1 unsafe_vec_after_turbo_v_decode=1 allow_vec=0 kernel=MMA_F16 need_f16_K=1 need_f16_V=0 Knb=[18,576,144,147456] Vnb=[50,400,100,102400] Keff_nb=[18,576,144,147456] Veff_nb=[2,2048,512,524288]
CUDA_FA_ROUTE_ALLOC kernel=MMA_F16 need_f16_K=1 need_f16_V=0 workspace_end_offset=557056 dst_data=(nil) f16_K=0x8000 f16_V=(nil) f16_end=0x88000
CUDA_FA_ROUTE_PLAN device=0 Q=[256,2,16,1] Kraw=q4_0 Vraw=turbo3 Kshape=[256,256,4,1] Vshape=[256,256,4,1] Keff=q4_0 Veff=f16 turbo_kv=1 prefer_native_vec=0 decode=1 dk=0 dv=1 unsafe_vec_after_turbo_v_decode=1 allow_vec=0 kernel=MMA_F16 need_f16_K=1 need_f16_V=0 Knb=[18,576,144,147456] Vnb=[50,400,100,102400] Keff_nb=[18,576,144,147456] Veff_nb=[2,2048,512,524288]
CUDA_FA_ROUTE_ALLOC kernel=MMA_F16 need_f16_K=1 need_f16_V=0 workspace_end_offset=557056 dst_data=(nil) f16_K=0x8000 f16_V=(nil) f16_end=0x88000
CUDA_FA_ROUTE_PLAN device=0 Q=[256,2,16,1] Kraw=q4_0 Vraw=turbo3 Kshape=[256,256,4,1] Vshape=[256,256,4,1] Keff=q4_0 Veff=f16 turbo_kv=1 prefer_native_vec=0 decode=1 dk=0 dv=1 unsafe_vec_after_turbo_v_decode=1 allow_vec=0 kernel=MMA_F16 need_f16_K=1 need_f16_V=0 Knb=[18,576,144,147456] Vnb=[50,400,100,102400] Keff_nb=[18,576,144,147456] Veff_nb=[2,2048,512,524288]
CUDA_FA_ROUTE_ALLOC kernel=MMA_F16 need_f16_K=1 need_f16_V=0 workspace_end_offset=557056 dst_data=(nil) f16_K=0x8000 f16_V=(nil) f16_end=0x88000
CUDA_FA_ROUTE_PLAN device=0 Q=[256,2,16,1] Kraw=q4_0 Vraw=turbo3 Kshape=[256,256,4,1] Vshape=[256,256,4,1] Keff=q4_0 Veff=f16 turbo_kv=1 prefer_native_vec=0 decode=1 dk=0 dv=1 unsafe_vec_after_turbo_v_decode=1 allow_vec=0 kernel=MMA_F16 need_f16_K=1 need_f16_V=0 Knb=[18,576,144,147456] Vnb=[50,400,100,102400] Keff_nb=[18,576,144,147456] Veff_nb=[2,2048,512,524288]
CUDA_FA_ROUTE_ALLOC kernel=MMA_F16 need_f16_K=1 need_f16_V=0 workspace_end_offset=557056 dst_data=(nil) f16_K=0x8000 f16_V=(nil) f16_end=0x88000
CUDA_FA_ROUTE_PLAN device=0 Q=[256,2,16,1] Kraw=q4_0 Vraw=turbo3 Kshape=[256,256,4,1] Vshape=[256,256,4,1] Keff=q4_0 Veff=f16 turbo_kv=1 prefer_native_vec=0 decode=1 dk=0 dv=1 unsafe_vec_after_turbo_v_decode=1 allow_vec=0 kernel=MMA_F16 need_f16_K=1 need_f16_V=0 Knb=[18,576,144,147456] Vnb=[50,400,100,102400] Keff_nb=[18,576,144,147456] Veff_nb=[2,2048,512,524288]
CUDA_FA_ROUTE_ALLOC kernel=MMA_F16 need_f16_K=1 need_f16_V=0 workspace_end_offset=557056 dst_data=(nil) f16_K=0x8000 f16_V=(nil) f16_end=0x88000
CUDA_FA_ROUTE_PLAN device=0 Q=[256,2,16,1] Kraw=q4_0 Vraw=turbo3 Kshape=[256,256,4,1] Vshape=[256,256,4,1] Keff=q4_0 Veff=f16 turbo_kv=1 prefer_native_vec=0 decode=1 dk=0 dv=1 unsafe_vec_after_turbo_v_decode=1 allow_vec=0 kernel=MMA_F16 need_f16_K=1 need_f16_V=0 Knb=[18,576,144,147456] Vnb=[50,400,100,102400] Keff_nb=[18,576,144,147456] Veff_nb=[2,2048,512,524288]
CUDA_FA_ROUTE_ALLOC kernel=MMA_F16 need_f16_K=1 need_f16_V=0 workspace_end_offset=557056 dst_data=(nil) f16_K=0x8000 f16_V=(nil) f16_end=0x88000
CUDA_FA_ROUTE_PLAN device=0 Q=[256,2,16,1] Kraw=q4_0 Vraw=turbo3 Kshape=[256,256,4,1] Vshape=[256,256,4,1] Keff=q4_0 Veff=f16 turbo_kv=1 prefer_native_vec=0 decode=1 dk=0 dv=1 unsafe_vec_after_turbo_v_decode=1 allow_vec=0 kernel=MMA_F16 need_f16_K=1 need_f16_V=0 Knb=[18,576,144,147456] Vnb=[50,400,100,102400] Keff_nb=[18,576,144,147456] Veff_nb=[2,2048,512,524288]
CUDA_FA_ROUTE_ALLOC kernel=MMA_F16 need_f16_K=1 need_f16_V=0 workspace_end_offset=557056 dst_data=(nil) f16_K=0x8000 f16_V=(nil) f16_end=0x88000
CUDA_FA_ROUTE_PLAN device=0 Q=[256,2,16,1] Kraw=q4_0 Vraw=turbo3 Kshape=[256,256,4,1] Vshape=[256,256,4,1] Keff=q4_0 Veff=f16 turbo_kv=1 prefer_native_vec=0 decode=1 dk=0 dv=1 unsafe_vec_after_turbo_v_decode=1 allow_vec=0 kernel=MMA_F16 need_f16_K=1 need_f16_V=0 Knb=[18,576,144,147456] Vnb=[50,400,100,102400] Keff_nb=[18,576,144,147456] Veff_nb=[2,2048,512,524288]
CUDA_FA_ROUTE_ALLOC kernel=MMA_F16 need_f16_K=1 need_f16_V=0 workspace_end_offset=557056 dst_data=(nil) f16_K=0x8000 f16_V=(nil) f16_end=0x88000
CUDA_FA_ROUTE_PLAN device=0 Q=[256,2,16,1] Kraw=q4_0 Vraw=turbo3 Kshape=[256,256,4,1] Vshape=[256,256,4,1] Keff=q4_0 Veff=f16 turbo_kv=1 prefer_native_vec=0 decode=1 dk=0 dv=1 unsafe_vec_after_turbo_v_decode=1 allow_vec=0 kernel=MMA_F16 need_f16_K=1 need_f16_V=0 Knb=[18,576,144,147456] Vnb=[50,400,100,102400] Keff_nb=[18,576,144,147456] Veff_nb=[2,2048,512,524288]
CUDA_FA_ROUTE_ALLOC kernel=MMA_F16 need_f16_K=1 need_f16_V=0 workspace_end_offset=557056 dst_data=(nil) f16_K=0x8000 f16_V=(nil) f16_end=0x88000
CUDA_FA_ROUTE_PLAN device=0 Q=[256,2,16,1] Kraw=q4_0 Vraw=turbo3 Kshape=[256,256,4,1] Vshape=[256,256,4,1] Keff=q4_0 Veff=f16 turbo_kv=1 prefer_native_vec=0 decode=1 dk=0 dv=1 unsafe_vec_after_turbo_v_decode=1 allow_vec=0 kernel=MMA_F16 need_f16_K=1 need_f16_V=0 Knb=[18,576,144,147456] Vnb=[50,400,100,102400] Keff_nb=[18,576,144,147456] Veff_nb=[2,2048,512,524288]
CUDA_FA_ROUTE_ALLOC kernel=MMA_F16 need_f16_K=1 need_f16_V=0 workspace_end_offset=557056 dst_data=(nil) f16_K=0x8000 f16_V=(nil) f16_end=0x88000
CUDA_FA_ROUTE_PLAN device=0 Q=[256,2,16,1] Kraw=q4_0 Vraw=turbo3 Kshape=[256,256,4,1] Vshape=[256,256,4,1] Keff=q4_0 Veff=f16 turbo_kv=1 prefer_native_vec=0 decode=1 dk=0 dv=1 unsafe_vec_after_turbo_v_decode=1 allow_vec=0 kernel=MMA_F16 need_f16_K=1 need_f16_V=0 Knb=[18,576,144,147456] Vnb=[50,400,100,102400] Keff_nb=[18,576,144,147456] Veff_nb=[2,2048,512,524288]
CUDA_FA_ROUTE_ALLOC kernel=MMA_F16 need_f16_K=1 need_f16_V=0 workspace_end_offset=557056 dst_data=(nil) f16_K=0x8000 f16_V=(nil) f16_end=0x88000
CUDA_FA_ROUTE_PLAN device=0 Q=[256,2,16,1] Kraw=q4_0 Vraw=turbo3 Kshape=[256,256,4,1] Vshape=[256,256,4,1] Keff=q4_0 Veff=f16 turbo_kv=1 prefer_native_vec=0 decode=1 dk=0 dv=1 unsafe_vec_after_turbo_v_decode=1 allow_vec=0 kernel=MMA_F16 need_f16_K=1 need_f16_V=0 Knb=[18,576,144,147456] Vnb=[50,400,100,102400] Keff_nb=[18,576,144,147456] Veff_nb=[2,2048,512,524288]
CUDA_FA_ROUTE_ALLOC kernel=MMA_F16 need_f16_K=1 need_f16_V=0 workspace_end_offset=557056 dst_data=(nil) f16_K=0x8000 f16_V=(nil) f16_end=0x88000
CUDA_FA_ROUTE_PLAN device=0 Q=[256,2,16,1] Kraw=q4_0 Vraw=turbo3 Kshape=[256,256,4,1] Vshape=[256,256,4,1] Keff=q4_0 Veff=f16 turbo_kv=1 prefer_native_vec=0 decode=1 dk=0 dv=1 unsafe_vec_after_turbo_v_decode=1 allow_vec=0 kernel=MMA_F16 need_f16_K=1 need_f16_V=0 Knb=[18,576,144,147456] Vnb=[50,400,100,102400] Keff_nb=[18,576,144,147456] Veff_nb=[2,2048,512,524288]
CUDA_FA_ROUTE_ALLOC kernel=MMA_F16 need_f16_K=1 need_f16_V=0 workspace_end_offset=557056 dst_data=(nil) f16_K=0x8000 f16_V=(nil) f16_end=0x88000
CUDA_FA_ROUTE_PLAN device=0 Q=[256,2,16,1] Kraw=q4_0 Vraw=turbo3 Kshape=[256,256,4,1] Vshape=[256,256,4,1] Keff=q4_0 Veff=f16 turbo_kv=1 prefer_native_vec=0 decode=1 dk=0 dv=1 unsafe_vec_after_turbo_v_decode=1 allow_vec=0 kernel=MMA_F16 need_f16_K=1 need_f16_V=0 Knb=[18,576,144,147456] Vnb=[50,400,100,102400] Keff_nb=[18,576,144,147456] Veff_nb=[2,2048,512,524288]
CUDA_FA_ROUTE_ALLOC kernel=MMA_F16 need_f16_K=1 need_f16_V=0 workspace_end_offset=557056 dst_data=(nil) f16_K=0x8000 f16_V=(nil) f16_end=0x88000
CUDA_FA_ROUTE_PLAN device=0 Q=[256,2,16,1] Kraw=q4_0 Vraw=turbo3 Kshape=[256,256,4,1] Vshape=[256,256,4,1] Keff=q4_0 Veff=f16 turbo_kv=1 prefer_native_vec=0 decode=1 dk=0 dv=1 unsafe_vec_after_turbo_v_decode=1 allow_vec=0 kernel=MMA_F16 need_f16_K=1 need_f16_V=0 Knb=[18,576,144,147456] Vnb=[50,400,100,102400] Keff_nb=[18,576,144,147456] Veff_nb=[2,2048,512,524288]
CUDA_FA_ROUTE_ALLOC kernel=MMA_F16 need_f16_K=1 need_f16_V=0 workspace_end_offset=557056 dst_data=(nil) f16_K=0x8000 f16_V=(nil) f16_end=0x88000
CUDA_FA_ROUTE_PLAN device=0 Q=[256,2,16,1] Kraw=q4_0 Vraw=turbo3 Kshape=[256,256,4,1] Vshape=[256,256,4,1] Keff=q4_0 Veff=f16 turbo_kv=1 prefer_native_vec=0 decode=1 dk=0 dv=1 unsafe_vec_after_turbo_v_decode=1 allow_vec=0 kernel=MMA_F16 need_f16_K=1 need_f16_V=0 Knb=[18,576,144,147456] Vnb=[50,400,100,102400] Keff_nb=[18,576,144,147456] Veff_nb=[2,2048,512,524288]
CUDA_FA_ROUTE_ALLOC kernel=MMA_F16 need_f16_K=1 need_f16_V=0 workspace_end_offset=557056 dst_data=(nil) f16_K=0x8000 f16_V=(nil) f16_end=0x88000
CUDA_FA_ROUTE_PLAN device=0 Q=[256,2,16,1] Kraw=q4_0 Vraw=turbo3 Kshape=[256,256,4,1] Vshape=[256,256,4,1] Keff=q4_0 Veff=f16 turbo_kv=1 prefer_native_vec=0 decode=1 dk=0 dv=1 unsafe_vec_after_turbo_v_decode=1 allow_vec=0 kernel=MMA_F16 need_f16_K=1 need_f16_V=0 Knb=[18,576,144,147456] Vnb=[50,400,100,102400] Keff_nb=[18,576,144,147456] Veff_nb=[2,2048,512,524288]
CUDA_FA_ROUTE_ALLOC kernel=MMA_F16 need_f16_K=1 need_f16_V=0 workspace_end_offset=557056 dst_data=(nil) f16_K=0x8000 f16_V=(nil) f16_end=0x88000
CUDA_FA_ROUTE_PLAN device=0 Q=[256,2,16,1] Kraw=q4_0 Vraw=turbo3 Kshape=[256,256,4,1] Vshape=[256,256,4,1] Keff=q4_0 Veff=f16 turbo_kv=1 prefer_native_vec=0 decode=1 dk=0 dv=1 unsafe_vec_after_turbo_v_decode=1 allow_vec=0 kernel=MMA_F16 need_f16_K=1 need_f16_V=0 Knb=[18,576,144,147456] Vnb=[50,400,100,102400] Keff_nb=[18,576,144,147456] Veff_nb=[2,2048,512,524288]
CUDA_FA_ROUTE_ALLOC kernel=MMA_F16 need_f16_K=1 need_f16_V=0 workspace_end_offset=557056 dst_data=(nil) f16_K=0x8000 f16_V=(nil) f16_end=0x88000
CUDA_FA_ROUTE_PLAN device=0 Q=[256,2,16,1] Kraw=q4_0 Vraw=turbo3 Kshape=[256,256,4,1] Vshape=[256,256,4,1] Keff=q4_0 Veff=f16 turbo_kv=1 prefer_native_vec=0 decode=1 dk=0 dv=1 unsafe_vec_after_turbo_v_decode=1 allow_vec=0 kernel=MMA_F16 need_f16_K=1 need_f16_V=0 Knb=[18,576,144,147456] Vnb=[50,400,100,102400] Keff_nb=[18,576,144,147456] Veff_nb=[2,2048,512,524288]
CUDA_FA_ROUTE_ALLOC kernel=MMA_F16 need_f16_K=1 need_f16_V=0 workspace_end_offset=557056 dst_data=(nil) f16_K=0x8000 f16_V=(nil) f16_end=0x88000
CUDA_FA_ROUTE_PLAN device=0 Q=[256,2,16,1] Kraw=q4_0 Vraw=turbo3 Kshape=[256,256,4,1] Vshape=[256,256,4,1] Keff=q4_0 Veff=f16 turbo_kv=1 prefer_native_vec=0 decode=1 dk=0 dv=1 unsafe_vec_after_turbo_v_decode=1 allow_vec=0 kernel=MMA_F16 need_f16_K=1 need_f16_V=0 Knb=[18,576,144,147456] Vnb=[50,400,100,102400] Keff_nb=[18,576,144,147456] Veff_nb=[2,2048,512,524288]
CUDA_FA_ROUTE_ALLOC kernel=MMA_F16 need_f16_K=1 need_f16_V=0 workspace_end_offset=557056 dst_data=(nil) f16_K=0x8000 f16_V=(nil) f16_end=0x88000
CUDA_FA_ROUTE_PLAN device=0 Q=[256,2,16,1] Kraw=q4_0 Vraw=turbo3 Kshape=[256,256,4,1] Vshape=[256,256,4,1] Keff=q4_0 Veff=f16 turbo_kv=1 prefer_native_vec=0 decode=1 dk=0 dv=1 unsafe_vec_after_turbo_v_decode=1 allow_vec=0 kernel=MMA_F16 need_f16_K=1 need_f16_V=0 Knb=[18,576,144,147456] Vnb=[50,400,100,102400] Keff_nb=[18,576,144,147456] Veff_nb=[2,2048,512,524288]
CUDA_FA_ROUTE_ALLOC kernel=MMA_F16 need_f16_K=1 need_f16_V=0 workspace_end_offset=557056 dst_data=(nil) f16_K=0x8000 f16_V=(nil) f16_end=0x88000
CUDA_FA_ROUTE_PLAN device=0 Q=[256,2,16,1] Kraw=q4_0 Vraw=turbo3 Kshape=[256,256,4,1] Vshape=[256,256,4,1] Keff=q4_0 Veff=f16 turbo_kv=1 prefer_native_vec=0 decode=1 dk=0 dv=1 unsafe_vec_after_turbo_v_decode=1 allow_vec=0 kernel=MMA_F16 need_f16_K=1 need_f16_V=0 Knb=[18,576,144,147456] Vnb=[50,400,100,102400] Keff_nb=[18,576,144,147456] Veff_nb=[2,2048,512,524288]
CUDA_FA_ROUTE_ALLOC kernel=MMA_F16 need_f16_K=1 need_f16_V=0 workspace_end_offset=557056 dst_data=(nil) f16_K=0x8000 f16_V=(nil) f16_end=0x88000
CUDA_FA_ROUTE_PLAN device=0 Q=[256,2,16,1] Kraw=q4_0 Vraw=turbo3 Kshape=[256,256,4,1] Vshape=[256,256,4,1] Keff=q4_0 Veff=f16 turbo_kv=1 prefer_native_vec=0 decode=1 dk=0 dv=1 unsafe_vec_after_turbo_v_decode=1 allow_vec=0 kernel=MMA_F16 need_f16_K=1 need_f16_V=0 Knb=[18,576,144,147456] Vnb=[50,400,100,102400] Keff_nb=[18,576,144,147456] Veff_nb=[2,2048,512,524288]
CUDA_FA_ROUTE_ALLOC kernel=MMA_F16 need_f16_K=1 need_f16_V=0 workspace_end_offset=557056 dst_data=(nil) f16_K=0x8000 f16_V=(nil) f16_end=0x88000
CUDA_FA_ROUTE_PLAN device=0 Q=[256,2,16,1] Kraw=q4_0 Vraw=turbo3 Kshape=[256,256,4,1] Vshape=[256,256,4,1] Keff=q4_0 Veff=f16 turbo_kv=1 prefer_native_vec=0 decode=1 dk=0 dv=1 unsafe_vec_after_turbo_v_decode=1 allow_vec=0 kernel=MMA_F16 need_f16_K=1 need_f16_V=0 Knb=[18,576,144,147456] Vnb=[50,400,100,102400] Keff_nb=[18,576,144,147456] Veff_nb=[2,2048,512,524288]
CUDA_FA_ROUTE_ALLOC kernel=MMA_F16 need_f16_K=1 need_f16_V=0 workspace_end_offset=557056 dst_data=(nil) f16_K=0x8000 f16_V=(nil) f16_end=0x88000
CUDA_FA_ROUTE_PLAN device=0 Q=[256,2,16,1] Kraw=q4_0 Vraw=turbo3 Kshape=[256,256,4,1] Vshape=[256,256,4,1] Keff=q4_0 Veff=f16 turbo_kv=1 prefer_native_vec=0 decode=1 dk=0 dv=1 unsafe_vec_after_turbo_v_decode=1 allow_vec=0 kernel=MMA_F16 need_f16_K=1 need_f16_V=0 Knb=[18,576,144,147456] Vnb=[50,400,100,102400] Keff_nb=[18,576,144,147456] Veff_nb=[2,2048,512,524288]
CUDA_FA_ROUTE_ALLOC kernel=MMA_F16 need_f16_K=1 need_f16_V=0 workspace_end_offset=557056 dst_data=(nil) f16_K=0x8000 f16_V=(nil) f16_end=0x88000
CUDA_FA_ROUTE_PLAN device=0 Q=[256,2,16,1] Kraw=q4_0 Vraw=turbo3 Kshape=[256,256,4,1] Vshape=[256,256,4,1] Keff=q4_0 Veff=f16 turbo_kv=1 prefer_native_vec=0 decode=1 dk=0 dv=1 unsafe_vec_after_turbo_v_decode=1 allow_vec=0 kernel=MMA_F16 need_f16_K=1 need_f16_V=0 Knb=[18,576,144,147456] Vnb=[50,400,100,102400] Keff_nb=[18,576,144,147456] Veff_nb=[2,2048,512,524288]
CUDA_FA_ROUTE_ALLOC kernel=MMA_F16 need_f16_K=1 need_f16_V=0 workspace_end_offset=557056 dst_data=(nil) f16_K=0x8000 f16_V=(nil) f16_end=0x88000
CUDA_FA_ROUTE_PLAN device=0 Q=[256,2,16,1] Kraw=q4_0 Vraw=turbo3 Kshape=[256,256,4,1] Vshape=[256,256,4,1] Keff=q4_0 Veff=f16 turbo_kv=1 prefer_native_vec=0 decode=1 dk=0 dv=1 unsafe_vec_after_turbo_v_decode=1 allow_vec=0 kernel=MMA_F16 need_f16_K=1 need_f16_V=0 Knb=[18,576,144,147456] Vnb=[50,400,100,102400] Keff_nb=[18,576,144,147456] Veff_nb=[2,2048,512,524288]
CUDA_FA_ROUTE_ALLOC kernel=MMA_F16 need_f16_K=1 need_f16_V=0 workspace_end_offset=557056 dst_data=(nil) f16_K=0x8000 f16_V=(nil) f16_end=0x88000
CUDA_FA_ROUTE_PLAN device=0 Q=[256,2,16,1] Kraw=q4_0 Vraw=turbo3 Kshape=[256,256,4,1] Vshape=[256,256,4,1] Keff=q4_0 Veff=f16 turbo_kv=1 prefer_native_vec=0 decode=1 dk=0 dv=1 unsafe_vec_after_turbo_v_decode=1 allow_vec=0 kernel=MMA_F16 need_f16_K=1 need_f16_V=0 Knb=[18,576,144,147456] Vnb=[50,400,100,102400] Keff_nb=[18,576,144,147456] Veff_nb=[2,2048,512,524288]
CUDA_FA_ROUTE_ALLOC kernel=MMA_F16 need_f16_K=1 need_f16_V=0 workspace_end_offset=557056 dst_data=(nil) f16_K=0x8000 f16_V=(nil) f16_end=0x88000
CUDA_FA_ROUTE_PLAN device=0 Q=[256,2,16,1] Kraw=q4_0 Vraw=turbo3 Kshape=[256,256,4,1] Vshape=[256,256,4,1] Keff=q4_0 Veff=f16 turbo_kv=1 prefer_native_vec=0 decode=1 dk=0 dv=1 unsafe_vec_after_turbo_v_decode=1 allow_vec=0 kernel=MMA_F16 need_f16_K=1 need_f16_V=0 Knb=[18,576,144,147456] Vnb=[50,400,100,102400] Keff_nb=[18,576,144,147456] Veff_nb=[2,2048,512,524288]
CUDA_FA_ROUTE_ALLOC kernel=MMA_F16 need_f16_K=1 need_f16_V=0 workspace_end_offset=557056 dst_data=(nil) f16_K=0x8000 f16_V=(nil) f16_end=0x88000
CUDA_FA_ROUTE_PLAN device=0 Q=[256,2,16,1] Kraw=q4_0 Vraw=turbo3 Kshape=[256,256,4,1] Vshape=[256,256,4,1] Keff=q4_0 Veff=f16 turbo_kv=1 prefer_native_vec=0 decode=1 dk=0 dv=1 unsafe_vec_after_turbo_v_decode=1 allow_vec=0 kernel=MMA_F16 need_f16_K=1 need_f16_V=0 Knb=[18,576,144,147456] Vnb=[50,400,100,102400] Keff_nb=[18,576,144,147456] Veff_nb=[2,2048,512,524288]
CUDA_FA_ROUTE_ALLOC kernel=MMA_F16 need_f16_K=1 need_f16_V=0 workspace_end_offset=557056 dst_data=(nil) f16_K=0x8000 f16_V=(nil) f16_end=0x88000
CUDA_FA_ROUTE_PLAN device=0 Q=[256,2,16,1] Kraw=q4_0 Vraw=turbo3 Kshape=[256,256,4,1] Vshape=[256,256,4,1] Keff=q4_0 Veff=f16 turbo_kv=1 prefer_native_vec=0 decode=1 dk=0 dv=1 unsafe_vec_after_turbo_v_decode=1 allow_vec=0 kernel=MMA_F16 need_f16_K=1 need_f16_V=0 Knb=[18,576,144,147456] Vnb=[50,400,100,102400] Keff_nb=[18,576,144,147456] Veff_nb=[2,2048,512,524288]
CUDA_FA_ROUTE_ALLOC kernel=MMA_F16 need_f16_K=1 need_f16_V=0 workspace_end_offset=557056 dst_data=(nil) f16_K=0x8000 f16_V=(nil) f16_end=0x88000
CUDA_FA_ROUTE_PLAN device=0 Q=[256,2,16,1] Kraw=q4_0 Vraw=turbo3 Kshape=[256,256,4,1] Vshape=[256,256,4,1] Keff=q4_0 Veff=f16 turbo_kv=1 prefer_native_vec=0 decode=1 dk=0 dv=1 unsafe_vec_after_turbo_v_decode=1 allow_vec=0 kernel=MMA_F16 need_f16_K=1 need_f16_V=0 Knb=[18,576,144,147456] Vnb=[50,400,100,102400] Keff_nb=[18,576,144,147456] Veff_nb=[2,2048,512,524288]
CUDA_FA_ROUTE_ALLOC kernel=MMA_F16 need_f16_K=1 need_f16_V=0 workspace_end_offset=557056 dst_data=(nil) f16_K=0x8000 f16_V=(nil) f16_end=0x88000
CUDA_FA_ROUTE_PLAN device=0 Q=[256,2,16,1] Kraw=q4_0 Vraw=turbo3 Kshape=[256,256,4,1] Vshape=[256,256,4,1] Keff=q4_0 Veff=f16 turbo_kv=1 prefer_native_vec=0 decode=1 dk=0 dv=1 unsafe_vec_after_turbo_v_decode=1 allow_vec=0 kernel=MMA_F16 need_f16_K=1 need_f16_V=0 Knb=[18,576,144,147456] Vnb=[50,400,100,102400] Keff_nb=[18,576,144,147456] Veff_nb=[2,2048,512,524288]
CUDA_FA_ROUTE_ALLOC kernel=MMA_F16 need_f16_K=1 need_f16_V=0 workspace_end_offset=557056 dst_data=(nil) f16_K=0x8000 f16_V=(nil) f16_end=0x88000
CUDA_FA_ROUTE_PLAN device=0 Q=[256,2,16,1] Kraw=q4_0 Vraw=turbo3 Kshape=[256,256,4,1] Vshape=[256,256,4,1] Keff=q4_0 Veff=f16 turbo_kv=1 prefer_native_vec=0 decode=1 dk=0 dv=1 unsafe_vec_after_turbo_v_decode=1 allow_vec=0 kernel=MMA_F16 need_f16_K=1 need_f16_V=0 Knb=[18,576,144,147456] Vnb=[50,400,100,102400] Keff_nb=[18,576,144,147456] Veff_nb=[2,2048,512,524288]
CUDA_FA_ROUTE_ALLOC kernel=MMA_F16 need_f16_K=1 need_f16_V=0 workspace_end_offset=557056 dst_data=(nil) f16_K=0x8000 f16_V=(nil) f16_end=0x88000
CUDA_FA_ROUTE_PLAN device=0 Q=[256,2,16,1] Kraw=q4_0 Vraw=turbo3 Kshape=[256,256,4,1] Vshape=[256,256,4,1] Keff=q4_0 Veff=f16 turbo_kv=1 prefer_native_vec=0 decode=1 dk=0 dv=1 unsafe_vec_after_turbo_v_decode=1 allow_vec=0 kernel=MMA_F16 need_f16_K=1 need_f16_V=0 Knb=[18,576,144,147456] Vnb=[50,400,100,102400] Keff_nb=[18,576,144,147456] Veff_nb=[2,2048,512,524288]
CUDA_FA_ROUTE_ALLOC kernel=MMA_F16 need_f16_K=1 need_f16_V=0 workspace_end_offset=557056 dst_data=(nil) f16_K=0x8000 f16_V=(nil) f16_end=0x88000
CUDA_FA_ROUTE_PLAN device=0 Q=[256,2,16,1] Kraw=q4_0 Vraw=turbo3 Kshape=[256,256,4,1] Vshape=[256,256,4,1] Keff=q4_0 Veff=f16 turbo_kv=1 prefer_native_vec=0 decode=1 dk=0 dv=1 unsafe_vec_after_turbo_v_decode=1 allow_vec=0 kernel=MMA_F16 need_f16_K=1 need_f16_V=0 Knb=[18,576,144,147456] Vnb=[50,400,100,102400] Keff_nb=[18,576,144,147456] Veff_nb=[2,2048,512,524288]
CUDA_FA_ROUTE_ALLOC kernel=MMA_F16 need_f16_K=1 need_f16_V=0 workspace_end_offset=557056 dst_data=(nil) f16_K=0x8000 f16_V=(nil) f16_end=0x88000
CUDA_FA_ROUTE_PLAN device=0 Q=[256,2,16,1] Kraw=q4_0 Vraw=turbo3 Kshape=[256,256,4,1] Vshape=[256,256,4,1] Keff=q4_0 Veff=f16 turbo_kv=1 prefer_native_vec=0 decode=1 dk=0 dv=1 unsafe_vec_after_turbo_v_decode=1 allow_vec=0 kernel=MMA_F16 need_f16_K=1 need_f16_V=0 Knb=[18,576,144,147456] Vnb=[50,400,100,102400] Keff_nb=[18,576,144,147456] Veff_nb=[2,2048,512,524288]
CUDA_FA_ROUTE_ALLOC kernel=MMA_F16 need_f16_K=1 need_f16_V=0 workspace_end_offset=557056 dst_data=(nil) f16_K=0x8000 f16_V=(nil) f16_end=0x88000
CUDA_FA_ROUTE_PLAN device=0 Q=[256,2,16,1] Kraw=q4_0 Vraw=turbo3 Kshape=[256,256,4,1] Vshape=[256,256,4,1] Keff=q4_0 Veff=f16 turbo_kv=1 prefer_native_vec=0 decode=1 dk=0 dv=1 unsafe_vec_after_turbo_v_decode=1 allow_vec=0 kernel=MMA_F16 need_f16_K=1 need_f16_V=0 Knb=[18,576,144,147456] Vnb=[50,400,100,102400] Keff_nb=[18,576,144,147456] Veff_nb=[2,2048,512,524288]
CUDA_FA_ROUTE_ALLOC kernel=MMA_F16 need_f16_K=1 need_f16_V=0 workspace_end_offset=557056 dst_data=(nil) f16_K=0x8000 f16_V=(nil) f16_end=0x88000
CUDA_FA_ROUTE_PLAN device=0 Q=[256,2,16,1] Kraw=q4_0 Vraw=turbo3 Kshape=[256,256,4,1] Vshape=[256,256,4,1] Keff=q4_0 Veff=f16 turbo_kv=1 prefer_native_vec=0 decode=1 dk=0 dv=1 unsafe_vec_after_turbo_v_decode=1 allow_vec=0 kernel=MMA_F16 need_f16_K=1 need_f16_V=0 Knb=[18,576,144,147456] Vnb=[50,400,100,102400] Keff_nb=[18,576,144,147456] Veff_nb=[2,2048,512,524288]
CUDA_FA_ROUTE_ALLOC kernel=MMA_F16 need_f16_K=1 need_f16_V=0 workspace_end_offset=557056 dst_data=(nil) f16_K=0x8000 f16_V=(nil) f16_end=0x88000
CUDA_FA_ROUTE_PLAN device=0 Q=[256,2,16,1] Kraw=q4_0 Vraw=turbo3 Kshape=[256,256,4,1] Vshape=[256,256,4,1] Keff=q4_0 Veff=f16 turbo_kv=1 prefer_native_vec=0 decode=1 dk=0 dv=1 unsafe_vec_after_turbo_v_decode=1 allow_vec=0 kernel=MMA_F16 need_f16_K=1 need_f16_V=0 Knb=[18,576,144,147456] Vnb=[50,400,100,102400] Keff_nb=[18,576,144,147456] Veff_nb=[2,2048,512,524288]
CUDA_FA_ROUTE_ALLOC kernel=MMA_F16 need_f16_K=1 need_f16_V=0 workspace_end_offset=557056 dst_data=(nil) f16_K=0x8000 f16_V=(nil) f16_end=0x88000
CUDA_FA_ROUTE_PLAN device=0 Q=[256,2,16,1] Kraw=q4_0 Vraw=turbo3 Kshape=[256,256,4,1] Vshape=[256,256,4,1] Keff=q4_0 Veff=f16 turbo_kv=1 prefer_native_vec=0 decode=1 dk=0 dv=1 unsafe_vec_after_turbo_v_decode=1 allow_vec=0 kernel=MMA_F16 need_f16_K=1 need_f16_V=0 Knb=[18,576,144,147456] Vnb=[50,400,100,102400] Keff_nb=[18,576,144,147456] Veff_nb=[2,2048,512,524288]
CUDA_FA_ROUTE_ALLOC kernel=MMA_F16 need_f16_K=1 need_f16_V=0 workspace_end_offset=557056 dst_data=(nil) f16_K=0x8000 f16_V=(nil) f16_end=0x88000
CUDA_FA_ROUTE_PLAN device=0 Q=[256,2,16,1] Kraw=q4_0 Vraw=turbo3 Kshape=[256,256,4,1] Vshape=[256,256,4,1] Keff=q4_0 Veff=f16 turbo_kv=1 prefer_native_vec=0 decode=1 dk=0 dv=1 unsafe_vec_after_turbo_v_decode=1 allow_vec=0 kernel=MMA_F16 need_f16_K=1 need_f16_V=0 Knb=[18,576,144,147456] Vnb=[50,400,100,102400] Keff_nb=[18,576,144,147456] Veff_nb=[2,2048,512,524288]
CUDA_FA_ROUTE_ALLOC kernel=MMA_F16 need_f16_K=1 need_f16_V=0 workspace_end_offset=557056 dst_data=(nil) f16_K=0x8000 f16_V=(nil) f16_end=0x88000
CUDA_FA_ROUTE_PLAN device=0 Q=[256,2,16,1] Kraw=q4_0 Vraw=turbo3 Kshape=[256,256,4,1] Vshape=[256,256,4,1] Keff=q4_0 Veff=f16 turbo_kv=1 prefer_native_vec=0 decode=1 dk=0 dv=1 unsafe_vec_after_turbo_v_decode=1 allow_vec=0 kernel=MMA_F16 need_f16_K=1 need_f16_V=0 Knb=[18,576,144,147456] Vnb=[50,400,100,102400] Keff_nb=[18,576,144,147456] Veff_nb=[2,2048,512,524288]
CUDA_FA_ROUTE_ALLOC kernel=MMA_F16 need_f16_K=1 need_f16_V=0 workspace_end_offset=557056 dst_data=(nil) f16_K=0x8000 f16_V=(nil) f16_end=0x88000
CUDA_FA_ROUTE_PLAN device=0 Q=[256,2,16,1] Kraw=q4_0 Vraw=turbo3 Kshape=[256,256,4,1] Vshape=[256,256,4,1] Keff=q4_0 Veff=f16 turbo_kv=1 prefer_native_vec=0 decode=1 dk=0 dv=1 unsafe_vec_after_turbo_v_decode=1 allow_vec=0 kernel=MMA_F16 need_f16_K=1 need_f16_V=0 Knb=[18,576,144,147456] Vnb=[50,400,100,102400] Keff_nb=[18,576,144,147456] Veff_nb=[2,2048,512,524288]
GGML_TURBO_FA_DEBUG: path=decode-dequant-or-vec K=q4_0 V=turbo3 Q=[256,2,16,1] K=[256,256,4,1] V=[256,256,4,1] prefill_safe=0 can_make_f16_K=0 can_make_f16_V=1 turbo_k_classic_v_prefill=0 vec_override=0 batch_ok=1 dim_ok=1 turing_mma=1
TCQ decode: context-adaptive V alpha enabled
CUDA_FA_ROUTE_EXEC_BEGIN Q=[256,2,16,1] Kraw=q4_0 Vraw=turbo3 decode=1 dk=0 dv=1 allow_vec=0 kernel=MMA_F16 need_f16_K=1 need_f16_V=0 Kdata=0x7facce200000 Vdata=0x7facce224000 dst=0x1000e074680
CUDA_FA_ROUTE_EXEC_DISPATCH Qrun=f32 Q=[256,2,16,1] Qdata=0x1000e06c680 Krun=q4_0 K=[256,256,4,1] Kdata=0x7facce200000 Knb=[18,576,144,147456] Vrun=f16 V=[256,256,4,1] Vdata=0x7facd7400000 Vnb=[2,2048,512,524288] kernel=MMA_F16 compiled_pair=1
CUDA_FA_ROUTE_PLAN device=0 Q=[256,2,16,1] Kraw=q4_0 Vraw=turbo3 Kshape=[256,256,4,1] Vshape=[256,256,4,1] Keff=q4_0 Veff=f16 turbo_kv=1 prefer_native_vec=0 decode=1 dk=0 dv=1 unsafe_vec_after_turbo_v_decode=1 allow_vec=0 kernel=MMA_F16 need_f16_K=1 need_f16_V=0 Knb=[18,576,144,147456] Vnb=[50,400,100,102400] Keff_nb=[18,576,144,147456] Veff_nb=[2,2048,512,524288]
GGML_TURBO_FA_DEBUG: path=decode-dequant-or-vec K=q4_0 V=turbo3 Q=[256,2,16,1] K=[256,256,4,1] V=[256,256,4,1] prefill_safe=0 can_make_f16_K=0 can_make_f16_V=1 turbo_k_classic_v_prefill=0 vec_override=0 batch_ok=1 dim_ok=1 turing_mma=1
CUDA_FA_ROUTE_EXEC_BEGIN Q=[256,2,16,1] Kraw=q4_0 Vraw=turbo3 decode=1 dk=0 dv=1 allow_vec=0 kernel=MMA_F16 need_f16_K=1 need_f16_V=0 Kdata=0x7facce23d000 Vdata=0x7facce261000 dst=0x1000e074680
CUDA_FA_ROUTE_EXEC_DISPATCH Qrun=f32 Q=[256,2,16,1] Qdata=0x1000e06c680 Krun=q4_0 K=[256,256,4,1] Kdata=0x7facce23d000 Knb=[18,576,144,147456] Vrun=f16 V=[256,256,4,1] Vdata=0x7facd7400000 Vnb=[2,2048,512,524288] kernel=MMA_F16 compiled_pair=1
CUDA_FA_ROUTE_PLAN device=0 Q=[256,2,16,1] Kraw=q4_0 Vraw=turbo3 Kshape=[256,256,4,1] Vshape=[256,256,4,1] Keff=q4_0 Veff=f16 turbo_kv=1 prefer_native_vec=0 decode=1 dk=0 dv=1 unsafe_vec_after_turbo_v_decode=1 allow_vec=0 kernel=MMA_F16 need_f16_K=1 need_f16_V=0 Knb=[18,576,144,147456] Vnb=[50,400,100,102400] Keff_nb=[18,576,144,147456] Veff_nb=[2,2048,512,524288]
GGML_TURBO_FA_DEBUG: path=decode-dequant-or-vec K=q4_0 V=turbo3 Q=[256,2,16,1] K=[256,256,4,1] V=[256,256,4,1] prefill_safe=0 can_make_f16_K=0 can_make_f16_V=1 turbo_k_classic_v_prefill=0 vec_override=0 batch_ok=1 dim_ok=1 turing_mma=1
CUDA_FA_ROUTE_EXEC_BEGIN Q=[256,2,16,1] Kraw=q4_0 Vraw=turbo3 decode=1 dk=0 dv=1 allow_vec=0 kernel=MMA_F16 need_f16_K=1 need_f16_V=0 Kdata=0x7facce27a000 Vdata=0x7facce29e000 dst=0x1000e074680
CUDA_FA_ROUTE_EXEC_DISPATCH Qrun=f32 Q=[256,2,16,1] Qdata=0x1000e06c680 Krun=q4_0 K=[256,256,4,1] Kdata=0x7facce27a000 Knb=[18,576,144,147456] Vrun=f16 V=[256,256,4,1] Vdata=0x7facd7400000 Vnb=[2,2048,512,524288] kernel=MMA_F16 compiled_pair=1
CUDA_FA_ROUTE_PLAN device=0 Q=[256,2,16,1] Kraw=q4_0 Vraw=turbo3 Kshape=[256,256,4,1] Vshape=[256,256,4,1] Keff=q4_0 Veff=f16 turbo_kv=1 prefer_native_vec=0 decode=1 dk=0 dv=1 unsafe_vec_after_turbo_v_decode=1 allow_vec=0 kernel=MMA_F16 need_f16_K=1 need_f16_V=0 Knb=[18,576,144,147456] Vnb=[50,400,100,102400] Keff_nb=[18,576,144,147456] Veff_nb=[2,2048,512,524288]
GGML_TURBO_FA_DEBUG: path=decode-dequant-or-vec K=q4_0 V=turbo3 Q=[256,2,16,1] K=[256,256,4,1] V=[256,256,4,1] prefill_safe=0 can_make_f16_K=0 can_make_f16_V=1 turbo_k_classic_v_prefill=0 vec_override=0 batch_ok=1 dim_ok=1 turing_mma=1
CUDA_FA_ROUTE_EXEC_BEGIN Q=[256,2,16,1] Kraw=q4_0 Vraw=turbo3 decode=1 dk=0 dv=1 allow_vec=0 kernel=MMA_F16 need_f16_K=1 need_f16_V=0 Kdata=0x7facce2b7000 Vdata=0x7facce2db000 dst=0x1000e074680
CUDA_FA_ROUTE_EXEC_DISPATCH Qrun=f32 Q=[256,2,16,1] Qdata=0x1000e06c680 Krun=q4_0 K=[256,256,4,1] Kdata=0x7facce2b7000 Knb=[18,576,144,147456] Vrun=f16 V=[256,256,4,1] Vdata=0x7facd7400000 Vnb=[2,2048,512,524288] kernel=MMA_F16 compiled_pair=1
CUDA_FA_ROUTE_PLAN device=0 Q=[256,2,16,1] Kraw=q4_0 Vraw=turbo3 Kshape=[256,256,4,1] Vshape=[256,256,4,1] Keff=q4_0 Veff=f16 turbo_kv=1 prefer_native_vec=0 decode=1 dk=0 dv=1 unsafe_vec_after_turbo_v_decode=1 allow_vec=0 kernel=MMA_F16 need_f16_K=1 need_f16_V=0 Knb=[18,576,144,147456] Vnb=[50,400,100,102400] Keff_nb=[18,576,144,147456] Veff_nb=[2,2048,512,524288]
GGML_TURBO_FA_DEBUG: path=decode-dequant-or-vec K=q4_0 V=turbo3 Q=[256,2,16,1] K=[256,256,4,1] V=[256,256,4,1] prefill_safe=0 can_make_f16_K=0 can_make_f16_V=1 turbo_k_classic_v_prefill=0 vec_override=0 batch_ok=1 dim_ok=1 turing_mma=1
CUDA_FA_ROUTE_EXEC_BEGIN Q=[256,2,16,1] Kraw=q4_0 Vraw=turbo3 decode=1 dk=0 dv=1 allow_vec=0 kernel=MMA_F16 need_f16_K=1 need_f16_V=0 Kdata=0x7facce2f4000 Vdata=0x7facce318000 dst=0x1000e074680
CUDA_FA_ROUTE_EXEC_DISPATCH Qrun=f32 Q=[256,2,16,1] Qdata=0x1000e06c680 Krun=q4_0 K=[256,256,4,1] Kdata=0x7facce2f4000 Knb=[18,576,144,147456] Vrun=f16 V=[256,256,4,1] Vdata=0x7facd7400000 Vnb=[2,2048,512,524288] kernel=MMA_F16 compiled_pair=1
CUDA_FA_ROUTE_PLAN device=0 Q=[256,2,16,1] Kraw=q4_0 Vraw=turbo3 Kshape=[256,256,4,1] Vshape=[256,256,4,1] Keff=q4_0 Veff=f16 turbo_kv=1 prefer_native_vec=0 decode=1 dk=0 dv=1 unsafe_vec_after_turbo_v_decode=1 allow_vec=0 kernel=MMA_F16 need_f16_K=1 need_f16_V=0 Knb=[18,576,144,147456] Vnb=[50,400,100,102400] Keff_nb=[18,576,144,147456] Veff_nb=[2,2048,512,524288]
GGML_TURBO_FA_DEBUG: path=decode-dequant-or-vec K=q4_0 V=turbo3 Q=[256,2,16,1] K=[256,256,4,1] V=[256,256,4,1] prefill_safe=0 can_make_f16_K=0 can_make_f16_V=1 turbo_k_classic_v_prefill=0 vec_override=0 batch_ok=1 dim_ok=1 turing_mma=1
CUDA_FA_ROUTE_EXEC_BEGIN Q=[256,2,16,1] Kraw=q4_0 Vraw=turbo3 decode=1 dk=0 dv=1 allow_vec=0 kernel=MMA_F16 need_f16_K=1 need_f16_V=0 Kdata=0x7facce331000 Vdata=0x7facce355000 dst=0x1000e074680
CUDA_FA_ROUTE_EXEC_DISPATCH Qrun=f32 Q=[256,2,16,1] Qdata=0x1000e06c680 Krun=q4_0 K=[256,256,4,1] Kdata=0x7facce331000 Knb=[18,576,144,147456] Vrun=f16 V=[256,256,4,1] Vdata=0x7facd7400000 Vnb=[2,2048,512,524288] kernel=MMA_F16 compiled_pair=1
CUDA_FA_ROUTE_PLAN device=0 Q=[256,2,16,1] Kraw=q4_0 Vraw=turbo3 Kshape=[256,256,4,1] Vshape=[256,256,4,1] Keff=q4_0 Veff=f16 turbo_kv=1 prefer_native_vec=0 decode=1 dk=0 dv=1 unsafe_vec_after_turbo_v_decode=1 allow_vec=0 kernel=MMA_F16 need_f16_K=1 need_f16_V=0 Knb=[18,576,144,147456] Vnb=[50,400,100,102400] Keff_nb=[18,576,144,147456] Veff_nb=[2,2048,512,524288]
GGML_TURBO_FA_DEBUG: path=decode-dequant-or-vec K=q4_0 V=turbo3 Q=[256,2,16,1] K=[256,256,4,1] V=[256,256,4,1] prefill_safe=0 can_make_f16_K=0 can_make_f16_V=1 turbo_k_classic_v_prefill=0 vec_override=0 batch_ok=1 dim_ok=1 turing_mma=1
CUDA_FA_ROUTE_EXEC_BEGIN Q=[256,2,16,1] Kraw=q4_0 Vraw=turbo3 decode=1 dk=0 dv=1 allow_vec=0 kernel=MMA_F16 need_f16_K=1 need_f16_V=0 Kdata=0x7facce36e000 Vdata=0x7facce392000 dst=0x1000e074680
CUDA_FA_ROUTE_EXEC_DISPATCH Qrun=f32 Q=[256,2,16,1] Qdata=0x1000e06c680 Krun=q4_0 K=[256,256,4,1] Kdata=0x7facce36e000 Knb=[18,576,144,147456] Vrun=f16 V=[256,256,4,1] Vdata=0x7facd7400000 Vnb=[2,2048,512,524288] kernel=MMA_F16 compiled_pair=1
CUDA_FA_ROUTE_PLAN device=0 Q=[256,2,16,1] Kraw=q4_0 Vraw=turbo3 Kshape=[256,256,4,1] Vshape=[256,256,4,1] Keff=q4_0 Veff=f16 turbo_kv=1 prefer_native_vec=0 decode=1 dk=0 dv=1 unsafe_vec_after_turbo_v_decode=1 allow_vec=0 kernel=MMA_F16 need_f16_K=1 need_f16_V=0 Knb=[18,576,144,147456] Vnb=[50,400,100,102400] Keff_nb=[18,576,144,147456] Veff_nb=[2,2048,512,524288]
GGML_TURBO_FA_DEBUG: path=decode-dequant-or-vec K=q4_0 V=turbo3 Q=[256,2,16,1] K=[256,256,4,1] V=[256,256,4,1] prefill_safe=0 can_make_f16_K=0 can_make_f16_V=1 turbo_k_classic_v_prefill=0 vec_override=0 batch_ok=1 dim_ok=1 turing_mma=1
CUDA_FA_ROUTE_EXEC_BEGIN Q=[256,2,16,1] Kraw=q4_0 Vraw=turbo3 decode=1 dk=0 dv=1 allow_vec=0 kernel=MMA_F16 need_f16_K=1 need_f16_V=0 Kdata=0x7facce3ab000 Vdata=0x7facce3cf000 dst=0x1000e074680
CUDA_FA_ROUTE_EXEC_DISPATCH Qrun=f32 Q=[256,2,16,1] Qdata=0x1000e06c680 Krun=q4_0 K=[256,256,4,1] Kdata=0x7facce3ab000 Knb=[18,576,144,147456] Vrun=f16 V=[256,256,4,1] Vdata=0x7facd7400000 Vnb=[2,2048,512,524288] kernel=MMA_F16 compiled_pair=1
0.02.800.474 I llama_completion: llama threadpool init, n_threads = 6
0.02.800.500 I 
0.02.800.558 I system_info: n_threads = 6 (n_threads_batch = 6) / 12 | CUDA : ARCHS = 860 | USE_GRAPHS = 1 | CPU : SSE3 = 1 | SSSE3 = 1 | AVX = 1 | AVX_VNNI = 1 | AVX2 = 1 | F16C = 1 | FMA = 1 | BMI2 = 1 | LLAMAFILE = 1 | OPENMP = 1 | REPACK = 1 | 
0.02.800.561 I 
0.02.800.645 I sampler seed: 2014251019
0.02.800.658 I sampler params: 
	repeat_last_n = 64, repeat_penalty = 1.000, frequency_penalty = 0.000, presence_penalty = 0.000
	dry_multiplier = 0.000, dry_base = 1.750, dry_allowed_length = 2, dry_penalty_last_n = -1
	top_k = 40, top_p = 0.950, min_p = 0.050, xtc_probability = 0.000, xtc_threshold = 0.100, typical_p = 1.000, top_n_sigma = -1.000, temp = 0.800
	mirostat = 0, mirostat_lr = 0.100, mirostat_ent = 5.000, adaptive_target = -1.000, adaptive_decay = 0.900
0.02.800.665 I sampler chain: logits -> ?penalties -> ?dry -> ?top-n-sigma -> top-k -> ?typical -> top-p -> min-p -> ?xtc -> temp-ext -> dist 
0.02.800.666 I generate: n_ctx = 256, n_batch = 2048, n_predict = 2, n_keep = 0
0.02.800.666 I 
The capital of France isCUDA_FA_ROUTE_PLAN device=0 Q=[256,5,16,1] Kraw=q4_0 Vraw=turbo3 Kshape=[256,256,4,1] Vshape=[256,256,4,1] Keff=q4_0 Veff=f16 turbo_kv=1 prefer_native_vec=0 decode=1 dk=0 dv=1 unsafe_vec_after_turbo_v_decode=1 allow_vec=0 kernel=MMA_F16 need_f16_K=1 need_f16_V=0 Knb=[18,576,144,147456] Vnb=[50,400,100,102400] Keff_nb=[18,576,144,147456] Veff_nb=[2,2048,512,524288]
CUDA_FA_ROUTE_SUPPORTED kernel=MMA_F16 effK=q4_0 effV=f16 supported=1
CUDA_FA_ROUTE_PLAN device=0 Q=[256,5,16,1] Kraw=q4_0 Vraw=turbo3 Kshape=[256,256,4,1] Vshape=[256,256,4,1] Keff=q4_0 Veff=f16 turbo_kv=1 prefer_native_vec=0 decode=1 dk=0 dv=1 unsafe_vec_after_turbo_v_decode=1 allow_vec=0 kernel=MMA_F16 need_f16_K=1 need_f16_V=0 Knb=[18,576,144,147456] Vnb=[50,400,100,102400] Keff_nb=[18,576,144,147456] Veff_nb=[2,2048,512,524288]
CUDA_FA_ROUTE_SUPPORTED kernel=MMA_F16 effK=q4_0 effV=f16 supported=1
CUDA_FA_ROUTE_PLAN device=0 Q=[256,5,16,1] Kraw=q4_0 Vraw=turbo3 Kshape=[256,256,4,1] Vshape=[256,256,4,1] Keff=q4_0 Veff=f16 turbo_kv=1 prefer_native_vec=0 decode=1 dk=0 dv=1 unsafe_vec_after_turbo_v_decode=1 allow_vec=0 kernel=MMA_F16 need_f16_K=1 need_f16_V=0 Knb=[18,576,144,147456] Vnb=[50,400,100,102400] Keff_nb=[18,576,144,147456] Veff_nb=[2,2048,512,524288]
CUDA_FA_ROUTE_SUPPORTED kernel=MMA_F16 effK=q4_0 effV=f16 supported=1
CUDA_FA_ROUTE_PLAN device=0 Q=[256,5,16,1] Kraw=q4_0 Vraw=turbo3 Kshape=[256,256,4,1] Vshape=[256,256,4,1] Keff=q4_0 Veff=f16 turbo_kv=1 prefer_native_vec=0 decode=1 dk=0 dv=1 unsafe_vec_after_turbo_v_decode=1 allow_vec=0 kernel=MMA_F16 need_f16_K=1 need_f16_V=0 Knb=[18,576,144,147456] Vnb=[50,400,100,102400] Keff_nb=[18,576,144,147456] Veff_nb=[2,2048,512,524288]
CUDA_FA_ROUTE_SUPPORTED kernel=MMA_F16 effK=q4_0 effV=f16 supported=1
CUDA_FA_ROUTE_PLAN device=0 Q=[256,5,16,1] Kraw=q4_0 Vraw=turbo3 Kshape=[256,256,4,1] Vshape=[256,256,4,1] Keff=q4_0 Veff=f16 turbo_kv=1 prefer_native_vec=0 decode=1 dk=0 dv=1 unsafe_vec_after_turbo_v_decode=1 allow_vec=0 kernel=MMA_F16 need_f16_K=1 need_f16_V=0 Knb=[18,576,144,147456] Vnb=[50,400,100,102400] Keff_nb=[18,576,144,147456] Veff_nb=[2,2048,512,524288]
CUDA_FA_ROUTE_SUPPORTED kernel=MMA_F16 effK=q4_0 effV=f16 supported=1
CUDA_FA_ROUTE_PLAN device=0 Q=[256,5,16,1] Kraw=q4_0 Vraw=turbo3 Kshape=[256,256,4,1] Vshape=[256,256,4,1] Keff=q4_0 Veff=f16 turbo_kv=1 prefer_native_vec=0 decode=1 dk=0 dv=1 unsafe_vec_after_turbo_v_decode=1 allow_vec=0 kernel=MMA_F16 need_f16_K=1 need_f16_V=0 Knb=[18,576,144,147456] Vnb=[50,400,100,102400] Keff_nb=[18,576,144,147456] Veff_nb=[2,2048,512,524288]
CUDA_FA_ROUTE_SUPPORTED kernel=MMA_F16 effK=q4_0 effV=f16 supported=1
CUDA_FA_ROUTE_PLAN device=0 Q=[256,5,16,1] Kraw=q4_0 Vraw=turbo3 Kshape=[256,256,4,1] Vshape=[256,256,4,1] Keff=q4_0 Veff=f16 turbo_kv=1 prefer_native_vec=0 decode=1 dk=0 dv=1 unsafe_vec_after_turbo_v_decode=1 allow_vec=0 kernel=MMA_F16 need_f16_K=1 need_f16_V=0 Knb=[18,576,144,147456] Vnb=[50,400,100,102400] Keff_nb=[18,576,144,147456] Veff_nb=[2,2048,512,524288]
CUDA_FA_ROUTE_SUPPORTED kernel=MMA_F16 effK=q4_0 effV=f16 supported=1
CUDA_FA_ROUTE_PLAN device=0 Q=[256,5,16,1] Kraw=q4_0 Vraw=turbo3 Kshape=[256,256,4,1] Vshape=[256,256,4,1] Keff=q4_0 Veff=f16 turbo_kv=1 prefer_native_vec=0 decode=1 dk=0 dv=1 unsafe_vec_after_turbo_v_decode=1 allow_vec=0 kernel=MMA_F16 need_f16_K=1 need_f16_V=0 Knb=[18,576,144,147456] Vnb=[50,400,100,102400] Keff_nb=[18,576,144,147456] Veff_nb=[2,2048,512,524288]
CUDA_FA_ROUTE_SUPPORTED kernel=MMA_F16 effK=q4_0 effV=f16 supported=1
CUDA_FA_ROUTE_PLAN device=0 Q=[256,5,16,1] Kraw=q4_0 Vraw=turbo3 Kshape=[256,256,4,1] Vshape=[256,256,4,1] Keff=q4_0 Veff=f16 turbo_kv=1 prefer_native_vec=0 decode=1 dk=0 dv=1 unsafe_vec_after_turbo_v_decode=1 allow_vec=0 kernel=MMA_F16 need_f16_K=1 need_f16_V=0 Knb=[18,576,144,147456] Vnb=[50,400,100,102400] Keff_nb=[18,576,144,147456] Veff_nb=[2,2048,512,524288]
CUDA_FA_ROUTE_ALLOC kernel=MMA_F16 need_f16_K=1 need_f16_V=0 workspace_end_offset=606208 dst_data=(nil) f16_K=0x14000 f16_V=(nil) f16_end=0x94000
CUDA_FA_ROUTE_PLAN device=0 Q=[256,5,16,1] Kraw=q4_0 Vraw=turbo3 Kshape=[256,256,4,1] Vshape=[256,256,4,1] Keff=q4_0 Veff=f16 turbo_kv=1 prefer_native_vec=0 decode=1 dk=0 dv=1 unsafe_vec_after_turbo_v_decode=1 allow_vec=0 kernel=MMA_F16 need_f16_K=1 need_f16_V=0 Knb=[18,576,144,147456] Vnb=[50,400,100,102400] Keff_nb=[18,576,144,147456] Veff_nb=[2,2048,512,524288]
CUDA_FA_ROUTE_ALLOC kernel=MMA_F16 need_f16_K=1 need_f16_V=0 workspace_end_offset=606208 dst_data=(nil) f16_K=0x14000 f16_V=(nil) f16_end=0x94000
CUDA_FA_ROUTE_PLAN device=0 Q=[256,5,16,1] Kraw=q4_0 Vraw=turbo3 Kshape=[256,256,4,1] Vshape=[256,256,4,1] Keff=q4_0 Veff=f16 turbo_kv=1 prefer_native_vec=0 decode=1 dk=0 dv=1 unsafe_vec_after_turbo_v_decode=1 allow_vec=0 kernel=MMA_F16 need_f16_K=1 need_f16_V=0 Knb=[18,576,144,147456] Vnb=[50,400,100,102400] Keff_nb=[18,576,144,147456] Veff_nb=[2,2048,512,524288]
CUDA_FA_ROUTE_ALLOC kernel=MMA_F16 need_f16_K=1 need_f16_V=0 workspace_end_offset=606208 dst_data=(nil) f16_K=0x14000 f16_V=(nil) f16_end=0x94000
CUDA_FA_ROUTE_PLAN device=0 Q=[256,5,16,1] Kraw=q4_0 Vraw=turbo3 Kshape=[256,256,4,1] Vshape=[256,256,4,1] Keff=q4_0 Veff=f16 turbo_kv=1 prefer_native_vec=0 decode=1 dk=0 dv=1 unsafe_vec_after_turbo_v_decode=1 allow_vec=0 kernel=MMA_F16 need_f16_K=1 need_f16_V=0 Knb=[18,576,144,147456] Vnb=[50,400,100,102400] Keff_nb=[18,576,144,147456] Veff_nb=[2,2048,512,524288]
CUDA_FA_ROUTE_ALLOC kernel=MMA_F16 need_f16_K=1 need_f16_V=0 workspace_end_offset=606208 dst_data=(nil) f16_K=0x14000 f16_V=(nil) f16_end=0x94000
CUDA_FA_ROUTE_PLAN device=0 Q=[256,5,16,1] Kraw=q4_0 Vraw=turbo3 Kshape=[256,256,4,1] Vshape=[256,256,4,1] Keff=q4_0 Veff=f16 turbo_kv=1 prefer_native_vec=0 decode=1 dk=0 dv=1 unsafe_vec_after_turbo_v_decode=1 allow_vec=0 kernel=MMA_F16 need_f16_K=1 need_f16_V=0 Knb=[18,576,144,147456] Vnb=[50,400,100,102400] Keff_nb=[18,576,144,147456] Veff_nb=[2,2048,512,524288]
CUDA_FA_ROUTE_ALLOC kernel=MMA_F16 need_f16_K=1 need_f16_V=0 workspace_end_offset=606208 dst_data=(nil) f16_K=0x14000 f16_V=(nil) f16_end=0x94000
CUDA_FA_ROUTE_PLAN device=0 Q=[256,5,16,1] Kraw=q4_0 Vraw=turbo3 Kshape=[256,256,4,1] Vshape=[256,256,4,1] Keff=q4_0 Veff=f16 turbo_kv=1 prefer_native_vec=0 decode=1 dk=0 dv=1 unsafe_vec_after_turbo_v_decode=1 allow_vec=0 kernel=MMA_F16 need_f16_K=1 need_f16_V=0 Knb=[18,576,144,147456] Vnb=[50,400,100,102400] Keff_nb=[18,576,144,147456] Veff_nb=[2,2048,512,524288]
CUDA_FA_ROUTE_ALLOC kernel=MMA_F16 need_f16_K=1 need_f16_V=0 workspace_end_offset=606208 dst_data=(nil) f16_K=0x14000 f16_V=(nil) f16_end=0x94000
CUDA_FA_ROUTE_PLAN device=0 Q=[256,5,16,1] Kraw=q4_0 Vraw=turbo3 Kshape=[256,256,4,1] Vshape=[256,256,4,1] Keff=q4_0 Veff=f16 turbo_kv=1 prefer_native_vec=0 decode=1 dk=0 dv=1 unsafe_vec_after_turbo_v_decode=1 allow_vec=0 kernel=MMA_F16 need_f16_K=1 need_f16_V=0 Knb=[18,576,144,147456] Vnb=[50,400,100,102400] Keff_nb=[18,576,144,147456] Veff_nb=[2,2048,512,524288]
CUDA_FA_ROUTE_ALLOC kernel=MMA_F16 need_f16_K=1 need_f16_V=0 workspace_end_offset=606208 dst_data=(nil) f16_K=0x14000 f16_V=(nil) f16_end=0x94000
CUDA_FA_ROUTE_PLAN device=0 Q=[256,5,16,1] Kraw=q4_0 Vraw=turbo3 Kshape=[256,256,4,1] Vshape=[256,256,4,1] Keff=q4_0 Veff=f16 turbo_kv=1 prefer_native_vec=0 decode=1 dk=0 dv=1 unsafe_vec_after_turbo_v_decode=1 allow_vec=0 kernel=MMA_F16 need_f16_K=1 need_f16_V=0 Knb=[18,576,144,147456] Vnb=[50,400,100,102400] Keff_nb=[18,576,144,147456] Veff_nb=[2,2048,512,524288]
CUDA_FA_ROUTE_ALLOC kernel=MMA_F16 need_f16_K=1 need_f16_V=0 workspace_end_offset=606208 dst_data=(nil) f16_K=0x14000 f16_V=(nil) f16_end=0x94000
CUDA_FA_ROUTE_PLAN device=0 Q=[256,5,16,1] Kraw=q4_0 Vraw=turbo3 Kshape=[256,256,4,1] Vshape=[256,256,4,1] Keff=q4_0 Veff=f16 turbo_kv=1 prefer_native_vec=0 decode=1 dk=0 dv=1 unsafe_vec_after_turbo_v_decode=1 allow_vec=0 kernel=MMA_F16 need_f16_K=1 need_f16_V=0 Knb=[18,576,144,147456] Vnb=[50,400,100,102400] Keff_nb=[18,576,144,147456] Veff_nb=[2,2048,512,524288]
CUDA_FA_ROUTE_ALLOC kernel=MMA_F16 need_f16_K=1 need_f16_V=0 workspace_end_offset=606208 dst_data=(nil) f16_K=0x14000 f16_V=(nil) f16_end=0x94000
CUDA_FA_ROUTE_PLAN device=0 Q=[256,5,16,1] Kraw=q4_0 Vraw=turbo3 Kshape=[256,256,4,1] Vshape=[256,256,4,1] Keff=q4_0 Veff=f16 turbo_kv=1 prefer_native_vec=0 decode=1 dk=0 dv=1 unsafe_vec_after_turbo_v_decode=1 allow_vec=0 kernel=MMA_F16 need_f16_K=1 need_f16_V=0 Knb=[18,576,144,147456] Vnb=[50,400,100,102400] Keff_nb=[18,576,144,147456] Veff_nb=[2,2048,512,524288]
CUDA_FA_ROUTE_ALLOC kernel=MMA_F16 need_f16_K=1 need_f16_V=0 workspace_end_offset=606208 dst_data=(nil) f16_K=0x14000 f16_V=(nil) f16_end=0x94000
CUDA_FA_ROUTE_PLAN device=0 Q=[256,5,16,1] Kraw=q4_0 Vraw=turbo3 Kshape=[256,256,4,1] Vshape=[256,256,4,1] Keff=q4_0 Veff=f16 turbo_kv=1 prefer_native_vec=0 decode=1 dk=0 dv=1 unsafe_vec_after_turbo_v_decode=1 allow_vec=0 kernel=MMA_F16 need_f16_K=1 need_f16_V=0 Knb=[18,576,144,147456] Vnb=[50,400,100,102400] Keff_nb=[18,576,144,147456] Veff_nb=[2,2048,512,524288]
CUDA_FA_ROUTE_ALLOC kernel=MMA_F16 need_f16_K=1 need_f16_V=0 workspace_end_offset=606208 dst_data=(nil) f16_K=0x14000 f16_V=(nil) f16_end=0x94000
CUDA_FA_ROUTE_PLAN device=0 Q=[256,5,16,1] Kraw=q4_0 Vraw=turbo3 Kshape=[256,256,4,1] Vshape=[256,256,4,1] Keff=q4_0 Veff=f16 turbo_kv=1 prefer_native_vec=0 decode=1 dk=0 dv=1 unsafe_vec_after_turbo_v_decode=1 allow_vec=0 kernel=MMA_F16 need_f16_K=1 need_f16_V=0 Knb=[18,576,144,147456] Vnb=[50,400,100,102400] Keff_nb=[18,576,144,147456] Veff_nb=[2,2048,512,524288]
CUDA_FA_ROUTE_ALLOC kernel=MMA_F16 need_f16_K=1 need_f16_V=0 workspace_end_offset=606208 dst_data=(nil) f16_K=0x14000 f16_V=(nil) f16_end=0x94000
CUDA_FA_ROUTE_PLAN device=0 Q=[256,5,16,1] Kraw=q4_0 Vraw=turbo3 Kshape=[256,256,4,1] Vshape=[256,256,4,1] Keff=q4_0 Veff=f16 turbo_kv=1 prefer_native_vec=0 decode=1 dk=0 dv=1 unsafe_vec_after_turbo_v_decode=1 allow_vec=0 kernel=MMA_F16 need_f16_K=1 need_f16_V=0 Knb=[18,576,144,147456] Vnb=[50,400,100,102400] Keff_nb=[18,576,144,147456] Veff_nb=[2,2048,512,524288]
CUDA_FA_ROUTE_ALLOC kernel=MMA_F16 need_f16_K=1 need_f16_V=0 workspace_end_offset=606208 dst_data=(nil) f16_K=0x14000 f16_V=(nil) f16_end=0x94000
CUDA_FA_ROUTE_PLAN device=0 Q=[256,5,16,1] Kraw=q4_0 Vraw=turbo3 Kshape=[256,256,4,1] Vshape=[256,256,4,1] Keff=q4_0 Veff=f16 turbo_kv=1 prefer_native_vec=0 decode=1 dk=0 dv=1 unsafe_vec_after_turbo_v_decode=1 allow_vec=0 kernel=MMA_F16 need_f16_K=1 need_f16_V=0 Knb=[18,576,144,147456] Vnb=[50,400,100,102400] Keff_nb=[18,576,144,147456] Veff_nb=[2,2048,512,524288]
CUDA_FA_ROUTE_ALLOC kernel=MMA_F16 need_f16_K=1 need_f16_V=0 workspace_end_offset=606208 dst_data=(nil) f16_K=0x14000 f16_V=(nil) f16_end=0x94000
CUDA_FA_ROUTE_PLAN device=0 Q=[256,5,16,1] Kraw=q4_0 Vraw=turbo3 Kshape=[256,256,4,1] Vshape=[256,256,4,1] Keff=q4_0 Veff=f16 turbo_kv=1 prefer_native_vec=0 decode=1 dk=0 dv=1 unsafe_vec_after_turbo_v_decode=1 allow_vec=0 kernel=MMA_F16 need_f16_K=1 need_f16_V=0 Knb=[18,576,144,147456] Vnb=[50,400,100,102400] Keff_nb=[18,576,144,147456] Veff_nb=[2,2048,512,524288]
CUDA_FA_ROUTE_ALLOC kernel=MMA_F16 need_f16_K=1 need_f16_V=0 workspace_end_offset=606208 dst_data=(nil) f16_K=0x14000 f16_V=(nil) f16_end=0x94000
CUDA_FA_ROUTE_PLAN device=0 Q=[256,5,16,1] Kraw=q4_0 Vraw=turbo3 Kshape=[256,256,4,1] Vshape=[256,256,4,1] Keff=q4_0 Veff=f16 turbo_kv=1 prefer_native_vec=0 decode=1 dk=0 dv=1 unsafe_vec_after_turbo_v_decode=1 allow_vec=0 kernel=MMA_F16 need_f16_K=1 need_f16_V=0 Knb=[18,576,144,147456] Vnb=[50,400,100,102400] Keff_nb=[18,576,144,147456] Veff_nb=[2,2048,512,524288]
CUDA_FA_ROUTE_ALLOC kernel=MMA_F16 need_f16_K=1 need_f16_V=0 workspace_end_offset=606208 dst_data=(nil) f16_K=0x14000 f16_V=(nil) f16_end=0x94000
CUDA_FA_ROUTE_PLAN device=0 Q=[256,5,16,1] Kraw=q4_0 Vraw=turbo3 Kshape=[256,256,4,1] Vshape=[256,256,4,1] Keff=q4_0 Veff=f16 turbo_kv=1 prefer_native_vec=0 decode=1 dk=0 dv=1 unsafe_vec_after_turbo_v_decode=1 allow_vec=0 kernel=MMA_F16 need_f16_K=1 need_f16_V=0 Knb=[18,576,144,147456] Vnb=[50,400,100,102400] Keff_nb=[18,576,144,147456] Veff_nb=[2,2048,512,524288]
CUDA_FA_ROUTE_ALLOC kernel=MMA_F16 need_f16_K=1 need_f16_V=0 workspace_end_offset=606208 dst_data=(nil) f16_K=0x14000 f16_V=(nil) f16_end=0x94000
CUDA_FA_ROUTE_PLAN device=0 Q=[256,5,16,1] Kraw=q4_0 Vraw=turbo3 Kshape=[256,256,4,1] Vshape=[256,256,4,1] Keff=q4_0 Veff=f16 turbo_kv=1 prefer_native_vec=0 decode=1 dk=0 dv=1 unsafe_vec_after_turbo_v_decode=1 allow_vec=0 kernel=MMA_F16 need_f16_K=1 need_f16_V=0 Knb=[18,576,144,147456] Vnb=[50,400,100,102400] Keff_nb=[18,576,144,147456] Veff_nb=[2,2048,512,524288]
CUDA_FA_ROUTE_ALLOC kernel=MMA_F16 need_f16_K=1 need_f16_V=0 workspace_end_offset=606208 dst_data=(nil) f16_K=0x14000 f16_V=(nil) f16_end=0x94000
CUDA_FA_ROUTE_PLAN device=0 Q=[256,5,16,1] Kraw=q4_0 Vraw=turbo3 Kshape=[256,256,4,1] Vshape=[256,256,4,1] Keff=q4_0 Veff=f16 turbo_kv=1 prefer_native_vec=0 decode=1 dk=0 dv=1 unsafe_vec_after_turbo_v_decode=1 allow_vec=0 kernel=MMA_F16 need_f16_K=1 need_f16_V=0 Knb=[18,576,144,147456] Vnb=[50,400,100,102400] Keff_nb=[18,576,144,147456] Veff_nb=[2,2048,512,524288]
CUDA_FA_ROUTE_ALLOC kernel=MMA_F16 need_f16_K=1 need_f16_V=0 workspace_end_offset=606208 dst_data=(nil) f16_K=0x14000 f16_V=(nil) f16_end=0x94000
CUDA_FA_ROUTE_PLAN device=0 Q=[256,5,16,1] Kraw=q4_0 Vraw=turbo3 Kshape=[256,256,4,1] Vshape=[256,256,4,1] Keff=q4_0 Veff=f16 turbo_kv=1 prefer_native_vec=0 decode=1 dk=0 dv=1 unsafe_vec_after_turbo_v_decode=1 allow_vec=0 kernel=MMA_F16 need_f16_K=1 need_f16_V=0 Knb=[18,576,144,147456] Vnb=[50,400,100,102400] Keff_nb=[18,576,144,147456] Veff_nb=[2,2048,512,524288]
CUDA_FA_ROUTE_ALLOC kernel=MMA_F16 need_f16_K=1 need_f16_V=0 workspace_end_offset=606208 dst_data=(nil) f16_K=0x14000 f16_V=(nil) f16_end=0x94000
CUDA_FA_ROUTE_PLAN device=0 Q=[256,5,16,1] Kraw=q4_0 Vraw=turbo3 Kshape=[256,256,4,1] Vshape=[256,256,4,1] Keff=q4_0 Veff=f16 turbo_kv=1 prefer_native_vec=0 decode=1 dk=0 dv=1 unsafe_vec_after_turbo_v_decode=1 allow_vec=0 kernel=MMA_F16 need_f16_K=1 need_f16_V=0 Knb=[18,576,144,147456] Vnb=[50,400,100,102400] Keff_nb=[18,576,144,147456] Veff_nb=[2,2048,512,524288]
CUDA_FA_ROUTE_ALLOC kernel=MMA_F16 need_f16_K=1 need_f16_V=0 workspace_end_offset=606208 dst_data=(nil) f16_K=0x14000 f16_V=(nil) f16_end=0x94000
CUDA_FA_ROUTE_PLAN device=0 Q=[256,5,16,1] Kraw=q4_0 Vraw=turbo3 Kshape=[256,256,4,1] Vshape=[256,256,4,1] Keff=q4_0 Veff=f16 turbo_kv=1 prefer_native_vec=0 decode=1 dk=0 dv=1 unsafe_vec_after_turbo_v_decode=1 allow_vec=0 kernel=MMA_F16 need_f16_K=1 need_f16_V=0 Knb=[18,576,144,147456] Vnb=[50,400,100,102400] Keff_nb=[18,576,144,147456] Veff_nb=[2,2048,512,524288]
CUDA_FA_ROUTE_ALLOC kernel=MMA_F16 need_f16_K=1 need_f16_V=0 workspace_end_offset=606208 dst_data=(nil) f16_K=0x14000 f16_V=(nil) f16_end=0x94000
CUDA_FA_ROUTE_PLAN device=0 Q=[256,5,16,1] Kraw=q4_0 Vraw=turbo3 Kshape=[256,256,4,1] Vshape=[256,256,4,1] Keff=q4_0 Veff=f16 turbo_kv=1 prefer_native_vec=0 decode=1 dk=0 dv=1 unsafe_vec_after_turbo_v_decode=1 allow_vec=0 kernel=MMA_F16 need_f16_K=1 need_f16_V=0 Knb=[18,576,144,147456] Vnb=[50,400,100,102400] Keff_nb=[18,576,144,147456] Veff_nb=[2,2048,512,524288]
CUDA_FA_ROUTE_ALLOC kernel=MMA_F16 need_f16_K=1 need_f16_V=0 workspace_end_offset=606208 dst_data=(nil) f16_K=0x14000 f16_V=(nil) f16_end=0x94000
CUDA_FA_ROUTE_PLAN device=0 Q=[256,5,16,1] Kraw=q4_0 Vraw=turbo3 Kshape=[256,256,4,1] Vshape=[256,256,4,1] Keff=q4_0 Veff=f16 turbo_kv=1 prefer_native_vec=0 decode=1 dk=0 dv=1 unsafe_vec_after_turbo_v_decode=1 allow_vec=0 kernel=MMA_F16 need_f16_K=1 need_f16_V=0 Knb=[18,576,144,147456] Vnb=[50,400,100,102400] Keff_nb=[18,576,144,147456] Veff_nb=[2,2048,512,524288]
CUDA_FA_ROUTE_ALLOC kernel=MMA_F16 need_f16_K=1 need_f16_V=0 workspace_end_offset=606208 dst_data=(nil) f16_K=0x14000 f16_V=(nil) f16_end=0x94000
CUDA_FA_ROUTE_PLAN device=0 Q=[256,5,16,1] Kraw=q4_0 Vraw=turbo3 Kshape=[256,256,4,1] Vshape=[256,256,4,1] Keff=q4_0 Veff=f16 turbo_kv=1 prefer_native_vec=0 decode=1 dk=0 dv=1 unsafe_vec_after_turbo_v_decode=1 allow_vec=0 kernel=MMA_F16 need_f16_K=1 need_f16_V=0 Knb=[18,576,144,147456] Vnb=[50,400,100,102400] Keff_nb=[18,576,144,147456] Veff_nb=[2,2048,512,524288]
CUDA_FA_ROUTE_ALLOC kernel=MMA_F16 need_f16_K=1 need_f16_V=0 workspace_end_offset=606208 dst_data=(nil) f16_K=0x14000 f16_V=(nil) f16_end=0x94000
CUDA_FA_ROUTE_PLAN device=0 Q=[256,5,16,1] Kraw=q4_0 Vraw=turbo3 Kshape=[256,256,4,1] Vshape=[256,256,4,1] Keff=q4_0 Veff=f16 turbo_kv=1 prefer_native_vec=0 decode=1 dk=0 dv=1 unsafe_vec_after_turbo_v_decode=1 allow_vec=0 kernel=MMA_F16 need_f16_K=1 need_f16_V=0 Knb=[18,576,144,147456] Vnb=[50,400,100,102400] Keff_nb=[18,576,144,147456] Veff_nb=[2,2048,512,524288]
CUDA_FA_ROUTE_ALLOC kernel=MMA_F16 need_f16_K=1 need_f16_V=0 workspace_end_offset=606208 dst_data=(nil) f16_K=0x14000 f16_V=(nil) f16_end=0x94000
CUDA_FA_ROUTE_PLAN device=0 Q=[256,5,16,1] Kraw=q4_0 Vraw=turbo3 Kshape=[256,256,4,1] Vshape=[256,256,4,1] Keff=q4_0 Veff=f16 turbo_kv=1 prefer_native_vec=0 decode=1 dk=0 dv=1 unsafe_vec_after_turbo_v_decode=1 allow_vec=0 kernel=MMA_F16 need_f16_K=1 need_f16_V=0 Knb=[18,576,144,147456] Vnb=[50,400,100,102400] Keff_nb=[18,576,144,147456] Veff_nb=[2,2048,512,524288]
CUDA_FA_ROUTE_ALLOC kernel=MMA_F16 need_f16_K=1 need_f16_V=0 workspace_end_offset=606208 dst_data=(nil) f16_K=0x14000 f16_V=(nil) f16_end=0x94000
CUDA_FA_ROUTE_PLAN device=0 Q=[256,5,16,1] Kraw=q4_0 Vraw=turbo3 Kshape=[256,256,4,1] Vshape=[256,256,4,1] Keff=q4_0 Veff=f16 turbo_kv=1 prefer_native_vec=0 decode=1 dk=0 dv=1 unsafe_vec_after_turbo_v_decode=1 allow_vec=0 kernel=MMA_F16 need_f16_K=1 need_f16_V=0 Knb=[18,576,144,147456] Vnb=[50,400,100,102400] Keff_nb=[18,576,144,147456] Veff_nb=[2,2048,512,524288]
CUDA_FA_ROUTE_ALLOC kernel=MMA_F16 need_f16_K=1 need_f16_V=0 workspace_end_offset=606208 dst_data=(nil) f16_K=0x14000 f16_V=(nil) f16_end=0x94000
CUDA_FA_ROUTE_PLAN device=0 Q=[256,5,16,1] Kraw=q4_0 Vraw=turbo3 Kshape=[256,256,4,1] Vshape=[256,256,4,1] Keff=q4_0 Veff=f16 turbo_kv=1 prefer_native_vec=0 decode=1 dk=0 dv=1 unsafe_vec_after_turbo_v_decode=1 allow_vec=0 kernel=MMA_F16 need_f16_K=1 need_f16_V=0 Knb=[18,576,144,147456] Vnb=[50,400,100,102400] Keff_nb=[18,576,144,147456] Veff_nb=[2,2048,512,524288]
CUDA_FA_ROUTE_ALLOC kernel=MMA_F16 need_f16_K=1 need_f16_V=0 workspace_end_offset=606208 dst_data=(nil) f16_K=0x14000 f16_V=(nil) f16_end=0x94000
CUDA_FA_ROUTE_PLAN device=0 Q=[256,5,16,1] Kraw=q4_0 Vraw=turbo3 Kshape=[256,256,4,1] Vshape=[256,256,4,1] Keff=q4_0 Veff=f16 turbo_kv=1 prefer_native_vec=0 decode=1 dk=0 dv=1 unsafe_vec_after_turbo_v_decode=1 allow_vec=0 kernel=MMA_F16 need_f16_K=1 need_f16_V=0 Knb=[18,576,144,147456] Vnb=[50,400,100,102400] Keff_nb=[18,576,144,147456] Veff_nb=[2,2048,512,524288]
CUDA_FA_ROUTE_ALLOC kernel=MMA_F16 need_f16_K=1 need_f16_V=0 workspace_end_offset=606208 dst_data=(nil) f16_K=0x14000 f16_V=(nil) f16_end=0x94000
CUDA_FA_ROUTE_PLAN device=0 Q=[256,5,16,1] Kraw=q4_0 Vraw=turbo3 Kshape=[256,256,4,1] Vshape=[256,256,4,1] Keff=q4_0 Veff=f16 turbo_kv=1 prefer_native_vec=0 decode=1 dk=0 dv=1 unsafe_vec_after_turbo_v_decode=1 allow_vec=0 kernel=MMA_F16 need_f16_K=1 need_f16_V=0 Knb=[18,576,144,147456] Vnb=[50,400,100,102400] Keff_nb=[18,576,144,147456] Veff_nb=[2,2048,512,524288]
CUDA_FA_ROUTE_ALLOC kernel=MMA_F16 need_f16_K=1 need_f16_V=0 workspace_end_offset=606208 dst_data=(nil) f16_K=0x14000 f16_V=(nil) f16_end=0x94000
CUDA_FA_ROUTE_PLAN device=0 Q=[256,5,16,1] Kraw=q4_0 Vraw=turbo3 Kshape=[256,256,4,1] Vshape=[256,256,4,1] Keff=q4_0 Veff=f16 turbo_kv=1 prefer_native_vec=0 decode=1 dk=0 dv=1 unsafe_vec_after_turbo_v_decode=1 allow_vec=0 kernel=MMA_F16 need_f16_K=1 need_f16_V=0 Knb=[18,576,144,147456] Vnb=[50,400,100,102400] Keff_nb=[18,576,144,147456] Veff_nb=[2,2048,512,524288]
CUDA_FA_ROUTE_ALLOC kernel=MMA_F16 need_f16_K=1 need_f16_V=0 workspace_end_offset=606208 dst_data=(nil) f16_K=0x14000 f16_V=(nil) f16_end=0x94000
CUDA_FA_ROUTE_PLAN device=0 Q=[256,5,16,1] Kraw=q4_0 Vraw=turbo3 Kshape=[256,256,4,1] Vshape=[256,256,4,1] Keff=q4_0 Veff=f16 turbo_kv=1 prefer_native_vec=0 decode=1 dk=0 dv=1 unsafe_vec_after_turbo_v_decode=1 allow_vec=0 kernel=MMA_F16 need_f16_K=1 need_f16_V=0 Knb=[18,576,144,147456] Vnb=[50,400,100,102400] Keff_nb=[18,576,144,147456] Veff_nb=[2,2048,512,524288]
CUDA_FA_ROUTE_ALLOC kernel=MMA_F16 need_f16_K=1 need_f16_V=0 workspace_end_offset=606208 dst_data=(nil) f16_K=0x14000 f16_V=(nil) f16_end=0x94000
CUDA_FA_ROUTE_PLAN device=0 Q=[256,5,16,1] Kraw=q4_0 Vraw=turbo3 Kshape=[256,256,4,1] Vshape=[256,256,4,1] Keff=q4_0 Veff=f16 turbo_kv=1 prefer_native_vec=0 decode=1 dk=0 dv=1 unsafe_vec_after_turbo_v_decode=1 allow_vec=0 kernel=MMA_F16 need_f16_K=1 need_f16_V=0 Knb=[18,576,144,147456] Vnb=[50,400,100,102400] Keff_nb=[18,576,144,147456] Veff_nb=[2,2048,512,524288]
CUDA_FA_ROUTE_ALLOC kernel=MMA_F16 need_f16_K=1 need_f16_V=0 workspace_end_offset=606208 dst_data=(nil) f16_K=0x14000 f16_V=(nil) f16_end=0x94000
CUDA_FA_ROUTE_PLAN device=0 Q=[256,5,16,1] Kraw=q4_0 Vraw=turbo3 Kshape=[256,256,4,1] Vshape=[256,256,4,1] Keff=q4_0 Veff=f16 turbo_kv=1 prefer_native_vec=0 decode=1 dk=0 dv=1 unsafe_vec_after_turbo_v_decode=1 allow_vec=0 kernel=MMA_F16 need_f16_K=1 need_f16_V=0 Knb=[18,576,144,147456] Vnb=[50,400,100,102400] Keff_nb=[18,576,144,147456] Veff_nb=[2,2048,512,524288]
CUDA_FA_ROUTE_ALLOC kernel=MMA_F16 need_f16_K=1 need_f16_V=0 workspace_end_offset=606208 dst_data=(nil) f16_K=0x14000 f16_V=(nil) f16_end=0x94000
CUDA_FA_ROUTE_PLAN device=0 Q=[256,5,16,1] Kraw=q4_0 Vraw=turbo3 Kshape=[256,256,4,1] Vshape=[256,256,4,1] Keff=q4_0 Veff=f16 turbo_kv=1 prefer_native_vec=0 decode=1 dk=0 dv=1 unsafe_vec_after_turbo_v_decode=1 allow_vec=0 kernel=MMA_F16 need_f16_K=1 need_f16_V=0 Knb=[18,576,144,147456] Vnb=[50,400,100,102400] Keff_nb=[18,576,144,147456] Veff_nb=[2,2048,512,524288]
CUDA_FA_ROUTE_ALLOC kernel=MMA_F16 need_f16_K=1 need_f16_V=0 workspace_end_offset=606208 dst_data=(nil) f16_K=0x14000 f16_V=(nil) f16_end=0x94000
CUDA_FA_ROUTE_PLAN device=0 Q=[256,5,16,1] Kraw=q4_0 Vraw=turbo3 Kshape=[256,256,4,1] Vshape=[256,256,4,1] Keff=q4_0 Veff=f16 turbo_kv=1 prefer_native_vec=0 decode=1 dk=0 dv=1 unsafe_vec_after_turbo_v_decode=1 allow_vec=0 kernel=MMA_F16 need_f16_K=1 need_f16_V=0 Knb=[18,576,144,147456] Vnb=[50,400,100,102400] Keff_nb=[18,576,144,147456] Veff_nb=[2,2048,512,524288]
CUDA_FA_ROUTE_ALLOC kernel=MMA_F16 need_f16_K=1 need_f16_V=0 workspace_end_offset=606208 dst_data=(nil) f16_K=0x14000 f16_V=(nil) f16_end=0x94000
CUDA_FA_ROUTE_PLAN device=0 Q=[256,5,16,1] Kraw=q4_0 Vraw=turbo3 Kshape=[256,256,4,1] Vshape=[256,256,4,1] Keff=q4_0 Veff=f16 turbo_kv=1 prefer_native_vec=0 decode=1 dk=0 dv=1 unsafe_vec_after_turbo_v_decode=1 allow_vec=0 kernel=MMA_F16 need_f16_K=1 need_f16_V=0 Knb=[18,576,144,147456] Vnb=[50,400,100,102400] Keff_nb=[18,576,144,147456] Veff_nb=[2,2048,512,524288]
CUDA_FA_ROUTE_ALLOC kernel=MMA_F16 need_f16_K=1 need_f16_V=0 workspace_end_offset=606208 dst_data=(nil) f16_K=0x14000 f16_V=(nil) f16_end=0x94000
CUDA_FA_ROUTE_PLAN device=0 Q=[256,5,16,1] Kraw=q4_0 Vraw=turbo3 Kshape=[256,256,4,1] Vshape=[256,256,4,1] Keff=q4_0 Veff=f16 turbo_kv=1 prefer_native_vec=0 decode=1 dk=0 dv=1 unsafe_vec_after_turbo_v_decode=1 allow_vec=0 kernel=MMA_F16 need_f16_K=1 need_f16_V=0 Knb=[18,576,144,147456] Vnb=[50,400,100,102400] Keff_nb=[18,576,144,147456] Veff_nb=[2,2048,512,524288]
CUDA_FA_ROUTE_ALLOC kernel=MMA_F16 need_f16_K=1 need_f16_V=0 workspace_end_offset=606208 dst_data=(nil) f16_K=0x14000 f16_V=(nil) f16_end=0x94000
CUDA_FA_ROUTE_PLAN device=0 Q=[256,5,16,1] Kraw=q4_0 Vraw=turbo3 Kshape=[256,256,4,1] Vshape=[256,256,4,1] Keff=q4_0 Veff=f16 turbo_kv=1 prefer_native_vec=0 decode=1 dk=0 dv=1 unsafe_vec_after_turbo_v_decode=1 allow_vec=0 kernel=MMA_F16 need_f16_K=1 need_f16_V=0 Knb=[18,576,144,147456] Vnb=[50,400,100,102400] Keff_nb=[18,576,144,147456] Veff_nb=[2,2048,512,524288]
CUDA_FA_ROUTE_ALLOC kernel=MMA_F16 need_f16_K=1 need_f16_V=0 workspace_end_offset=606208 dst_data=(nil) f16_K=0x14000 f16_V=(nil) f16_end=0x94000
CUDA_FA_ROUTE_PLAN device=0 Q=[256,5,16,1] Kraw=q4_0 Vraw=turbo3 Kshape=[256,256,4,1] Vshape=[256,256,4,1] Keff=q4_0 Veff=f16 turbo_kv=1 prefer_native_vec=0 decode=1 dk=0 dv=1 unsafe_vec_after_turbo_v_decode=1 allow_vec=0 kernel=MMA_F16 need_f16_K=1 need_f16_V=0 Knb=[18,576,144,147456] Vnb=[50,400,100,102400] Keff_nb=[18,576,144,147456] Veff_nb=[2,2048,512,524288]
CUDA_FA_ROUTE_ALLOC kernel=MMA_F16 need_f16_K=1 need_f16_V=0 workspace_end_offset=606208 dst_data=(nil) f16_K=0x14000 f16_V=(nil) f16_end=0x94000
CUDA_FA_ROUTE_PLAN device=0 Q=[256,5,16,1] Kraw=q4_0 Vraw=turbo3 Kshape=[256,256,4,1] Vshape=[256,256,4,1] Keff=q4_0 Veff=f16 turbo_kv=1 prefer_native_vec=0 decode=1 dk=0 dv=1 unsafe_vec_after_turbo_v_decode=1 allow_vec=0 kernel=MMA_F16 need_f16_K=1 need_f16_V=0 Knb=[18,576,144,147456] Vnb=[50,400,100,102400] Keff_nb=[18,576,144,147456] Veff_nb=[2,2048,512,524288]
CUDA_FA_ROUTE_ALLOC kernel=MMA_F16 need_f16_K=1 need_f16_V=0 workspace_end_offset=606208 dst_data=(nil) f16_K=0x14000 f16_V=(nil) f16_end=0x94000
CUDA_FA_ROUTE_PLAN device=0 Q=[256,5,16,1] Kraw=q4_0 Vraw=turbo3 Kshape=[256,256,4,1] Vshape=[256,256,4,1] Keff=q4_0 Veff=f16 turbo_kv=1 prefer_native_vec=0 decode=1 dk=0 dv=1 unsafe_vec_after_turbo_v_decode=1 allow_vec=0 kernel=MMA_F16 need_f16_K=1 need_f16_V=0 Knb=[18,576,144,147456] Vnb=[50,400,100,102400] Keff_nb=[18,576,144,147456] Veff_nb=[2,2048,512,524288]
CUDA_FA_ROUTE_ALLOC kernel=MMA_F16 need_f16_K=1 need_f16_V=0 workspace_end_offset=606208 dst_data=(nil) f16_K=0x14000 f16_V=(nil) f16_end=0x94000
CUDA_FA_ROUTE_PLAN device=0 Q=[256,5,16,1] Kraw=q4_0 Vraw=turbo3 Kshape=[256,256,4,1] Vshape=[256,256,4,1] Keff=q4_0 Veff=f16 turbo_kv=1 prefer_native_vec=0 decode=1 dk=0 dv=1 unsafe_vec_after_turbo_v_decode=1 allow_vec=0 kernel=MMA_F16 need_f16_K=1 need_f16_V=0 Knb=[18,576,144,147456] Vnb=[50,400,100,102400] Keff_nb=[18,576,144,147456] Veff_nb=[2,2048,512,524288]
CUDA_FA_ROUTE_ALLOC kernel=MMA_F16 need_f16_K=1 need_f16_V=0 workspace_end_offset=606208 dst_data=(nil) f16_K=0x14000 f16_V=(nil) f16_end=0x94000
CUDA_FA_ROUTE_PLAN device=0 Q=[256,5,16,1] Kraw=q4_0 Vraw=turbo3 Kshape=[256,256,4,1] Vshape=[256,256,4,1] Keff=q4_0 Veff=f16 turbo_kv=1 prefer_native_vec=0 decode=1 dk=0 dv=1 unsafe_vec_after_turbo_v_decode=1 allow_vec=0 kernel=MMA_F16 need_f16_K=1 need_f16_V=0 Knb=[18,576,144,147456] Vnb=[50,400,100,102400] Keff_nb=[18,576,144,147456] Veff_nb=[2,2048,512,524288]
CUDA_FA_ROUTE_ALLOC kernel=MMA_F16 need_f16_K=1 need_f16_V=0 workspace_end_offset=606208 dst_data=(nil) f16_K=0x14000 f16_V=(nil) f16_end=0x94000
CUDA_FA_ROUTE_PLAN device=0 Q=[256,5,16,1] Kraw=q4_0 Vraw=turbo3 Kshape=[256,256,4,1] Vshape=[256,256,4,1] Keff=q4_0 Veff=f16 turbo_kv=1 prefer_native_vec=0 decode=1 dk=0 dv=1 unsafe_vec_after_turbo_v_decode=1 allow_vec=0 kernel=MMA_F16 need_f16_K=1 need_f16_V=0 Knb=[18,576,144,147456] Vnb=[50,400,100,102400] Keff_nb=[18,576,144,147456] Veff_nb=[2,2048,512,524288]
CUDA_FA_ROUTE_ALLOC kernel=MMA_F16 need_f16_K=1 need_f16_V=0 workspace_end_offset=606208 dst_data=(nil) f16_K=0x14000 f16_V=(nil) f16_end=0x94000
CUDA_FA_ROUTE_PLAN device=0 Q=[256,5,16,1] Kraw=q4_0 Vraw=turbo3 Kshape=[256,256,4,1] Vshape=[256,256,4,1] Keff=q4_0 Veff=f16 turbo_kv=1 prefer_native_vec=0 decode=1 dk=0 dv=1 unsafe_vec_after_turbo_v_decode=1 allow_vec=0 kernel=MMA_F16 need_f16_K=1 need_f16_V=0 Knb=[18,576,144,147456] Vnb=[50,400,100,102400] Keff_nb=[18,576,144,147456] Veff_nb=[2,2048,512,524288]
CUDA_FA_ROUTE_ALLOC kernel=MMA_F16 need_f16_K=1 need_f16_V=0 workspace_end_offset=606208 dst_data=(nil) f16_K=0x14000 f16_V=(nil) f16_end=0x94000
CUDA_FA_ROUTE_PLAN device=0 Q=[256,5,16,1] Kraw=q4_0 Vraw=turbo3 Kshape=[256,256,4,1] Vshape=[256,256,4,1] Keff=q4_0 Veff=f16 turbo_kv=1 prefer_native_vec=0 decode=1 dk=0 dv=1 unsafe_vec_after_turbo_v_decode=1 allow_vec=0 kernel=MMA_F16 need_f16_K=1 need_f16_V=0 Knb=[18,576,144,147456] Vnb=[50,400,100,102400] Keff_nb=[18,576,144,147456] Veff_nb=[2,2048,512,524288]
CUDA_FA_ROUTE_ALLOC kernel=MMA_F16 need_f16_K=1 need_f16_V=0 workspace_end_offset=606208 dst_data=(nil) f16_K=0x14000 f16_V=(nil) f16_end=0x94000
CUDA_FA_ROUTE_PLAN device=0 Q=[256,5,16,1] Kraw=q4_0 Vraw=turbo3 Kshape=[256,256,4,1] Vshape=[256,256,4,1] Keff=q4_0 Veff=f16 turbo_kv=1 prefer_native_vec=0 decode=1 dk=0 dv=1 unsafe_vec_after_turbo_v_decode=1 allow_vec=0 kernel=MMA_F16 need_f16_K=1 need_f16_V=0 Knb=[18,576,144,147456] Vnb=[50,400,100,102400] Keff_nb=[18,576,144,147456] Veff_nb=[2,2048,512,524288]
CUDA_FA_ROUTE_ALLOC kernel=MMA_F16 need_f16_K=1 need_f16_V=0 workspace_end_offset=606208 dst_data=(nil) f16_K=0x14000 f16_V=(nil) f16_end=0x94000
CUDA_FA_ROUTE_PLAN device=0 Q=[256,5,16,1] Kraw=q4_0 Vraw=turbo3 Kshape=[256,256,4,1] Vshape=[256,256,4,1] Keff=q4_0 Veff=f16 turbo_kv=1 prefer_native_vec=0 decode=1 dk=0 dv=1 unsafe_vec_after_turbo_v_decode=1 allow_vec=0 kernel=MMA_F16 need_f16_K=1 need_f16_V=0 Knb=[18,576,144,147456] Vnb=[50,400,100,102400] Keff_nb=[18,576,144,147456] Veff_nb=[2,2048,512,524288]
CUDA_FA_ROUTE_ALLOC kernel=MMA_F16 need_f16_K=1 need_f16_V=0 workspace_end_offset=606208 dst_data=(nil) f16_K=0x14000 f16_V=(nil) f16_end=0x94000
CUDA_FA_ROUTE_PLAN device=0 Q=[256,5,16,1] Kraw=q4_0 Vraw=turbo3 Kshape=[256,256,4,1] Vshape=[256,256,4,1] Keff=q4_0 Veff=f16 turbo_kv=1 prefer_native_vec=0 decode=1 dk=0 dv=1 unsafe_vec_after_turbo_v_decode=1 allow_vec=0 kernel=MMA_F16 need_f16_K=1 need_f16_V=0 Knb=[18,576,144,147456] Vnb=[50,400,100,102400] Keff_nb=[18,576,144,147456] Veff_nb=[2,2048,512,524288]
CUDA_FA_ROUTE_ALLOC kernel=MMA_F16 need_f16_K=1 need_f16_V=0 workspace_end_offset=606208 dst_data=(nil) f16_K=0x14000 f16_V=(nil) f16_end=0x94000
CUDA_FA_ROUTE_PLAN device=0 Q=[256,5,16,1] Kraw=q4_0 Vraw=turbo3 Kshape=[256,256,4,1] Vshape=[256,256,4,1] Keff=q4_0 Veff=f16 turbo_kv=1 prefer_native_vec=0 decode=1 dk=0 dv=1 unsafe_vec_after_turbo_v_decode=1 allow_vec=0 kernel=MMA_F16 need_f16_K=1 need_f16_V=0 Knb=[18,576,144,147456] Vnb=[50,400,100,102400] Keff_nb=[18,576,144,147456] Veff_nb=[2,2048,512,524288]
CUDA_FA_ROUTE_ALLOC kernel=MMA_F16 need_f16_K=1 need_f16_V=0 workspace_end_offset=606208 dst_data=(nil) f16_K=0x14000 f16_V=(nil) f16_end=0x94000
CUDA_FA_ROUTE_PLAN device=0 Q=[256,5,16,1] Kraw=q4_0 Vraw=turbo3 Kshape=[256,256,4,1] Vshape=[256,256,4,1] Keff=q4_0 Veff=f16 turbo_kv=1 prefer_native_vec=0 decode=1 dk=0 dv=1 unsafe_vec_after_turbo_v_decode=1 allow_vec=0 kernel=MMA_F16 need_f16_K=1 need_f16_V=0 Knb=[18,576,144,147456] Vnb=[50,400,100,102400] Keff_nb=[18,576,144,147456] Veff_nb=[2,2048,512,524288]
CUDA_FA_ROUTE_ALLOC kernel=MMA_F16 need_f16_K=1 need_f16_V=0 workspace_end_offset=606208 dst_data=(nil) f16_K=0x14000 f16_V=(nil) f16_end=0x94000
CUDA_FA_ROUTE_PLAN device=0 Q=[256,5,16,1] Kraw=q4_0 Vraw=turbo3 Kshape=[256,256,4,1] Vshape=[256,256,4,1] Keff=q4_0 Veff=f16 turbo_kv=1 prefer_native_vec=0 decode=1 dk=0 dv=1 unsafe_vec_after_turbo_v_decode=1 allow_vec=0 kernel=MMA_F16 need_f16_K=1 need_f16_V=0 Knb=[18,576,144,147456] Vnb=[50,400,100,102400] Keff_nb=[18,576,144,147456] Veff_nb=[2,2048,512,524288]
CUDA_FA_ROUTE_ALLOC kernel=MMA_F16 need_f16_K=1 need_f16_V=0 workspace_end_offset=606208 dst_data=(nil) f16_K=0x14000 f16_V=(nil) f16_end=0x94000
CUDA_FA_ROUTE_PLAN device=0 Q=[256,5,16,1] Kraw=q4_0 Vraw=turbo3 Kshape=[256,256,4,1] Vshape=[256,256,4,1] Keff=q4_0 Veff=f16 turbo_kv=1 prefer_native_vec=0 decode=1 dk=0 dv=1 unsafe_vec_after_turbo_v_decode=1 allow_vec=0 kernel=MMA_F16 need_f16_K=1 need_f16_V=0 Knb=[18,576,144,147456] Vnb=[50,400,100,102400] Keff_nb=[18,576,144,147456] Veff_nb=[2,2048,512,524288]
CUDA_FA_ROUTE_ALLOC kernel=MMA_F16 need_f16_K=1 need_f16_V=0 workspace_end_offset=606208 dst_data=(nil) f16_K=0x14000 f16_V=(nil) f16_end=0x94000
CUDA_FA_ROUTE_PLAN device=0 Q=[256,5,16,1] Kraw=q4_0 Vraw=turbo3 Kshape=[256,256,4,1] Vshape=[256,256,4,1] Keff=q4_0 Veff=f16 turbo_kv=1 prefer_native_vec=0 decode=1 dk=0 dv=1 unsafe_vec_after_turbo_v_decode=1 allow_vec=0 kernel=MMA_F16 need_f16_K=1 need_f16_V=0 Knb=[18,576,144,147456] Vnb=[50,400,100,102400] Keff_nb=[18,576,144,147456] Veff_nb=[2,2048,512,524288]
CUDA_FA_ROUTE_ALLOC kernel=MMA_F16 need_f16_K=1 need_f16_V=0 workspace_end_offset=606208 dst_data=(nil) f16_K=0x14000 f16_V=(nil) f16_end=0x94000
CUDA_FA_ROUTE_PLAN device=0 Q=[256,5,16,1] Kraw=q4_0 Vraw=turbo3 Kshape=[256,256,4,1] Vshape=[256,256,4,1] Keff=q4_0 Veff=f16 turbo_kv=1 prefer_native_vec=0 decode=1 dk=0 dv=1 unsafe_vec_after_turbo_v_decode=1 allow_vec=0 kernel=MMA_F16 need_f16_K=1 need_f16_V=0 Knb=[18,576,144,147456] Vnb=[50,400,100,102400] Keff_nb=[18,576,144,147456] Veff_nb=[2,2048,512,524288]
GGML_TURBO_FA_DEBUG: path=decode-dequant-or-vec K=q4_0 V=turbo3 Q=[256,5,16,1] K=[256,256,4,1] V=[256,256,4,1] prefill_safe=0 can_make_f16_K=0 can_make_f16_V=1 turbo_k_classic_v_prefill=0 vec_override=0 batch_ok=1 dim_ok=1 turing_mma=1
CUDA_FA_ROUTE_EXEC_BEGIN Q=[256,5,16,1] Kraw=q4_0 Vraw=turbo3 decode=1 dk=0 dv=1 allow_vec=0 kernel=MMA_F16 need_f16_K=1 need_f16_V=0 Kdata=0x7facce200000 Vdata=0x7facce224000 dst=0x1000e0bcc80
CUDA_FA_ROUTE_EXEC_DISPATCH Qrun=f32 Q=[256,5,16,1] Qdata=0x1000e0a8c80 Krun=q4_0 K=[256,256,4,1] Kdata=0x7facce200000 Knb=[18,576,144,147456] Vrun=f16 V=[256,256,4,1] Vdata=0x7facd7400000 Vnb=[2,2048,512,524288] kernel=MMA_F16 compiled_pair=1
CUDA_FA_ROUTE_PLAN device=0 Q=[256,5,16,1] Kraw=q4_0 Vraw=turbo3 Kshape=[256,256,4,1] Vshape=[256,256,4,1] Keff=q4_0 Veff=f16 turbo_kv=1 prefer_native_vec=0 decode=1 dk=0 dv=1 unsafe_vec_after_turbo_v_decode=1 allow_vec=0 kernel=MMA_F16 need_f16_K=1 need_f16_V=0 Knb=[18,576,144,147456] Vnb=[50,400,100,102400] Keff_nb=[18,576,144,147456] Veff_nb=[2,2048,512,524288]
GGML_TURBO_FA_DEBUG: path=decode-dequant-or-vec K=q4_0 V=turbo3 Q=[256,5,16,1] K=[256,256,4,1] V=[256,256,4,1] prefill_safe=0 can_make_f16_K=0 can_make_f16_V=1 turbo_k_classic_v_prefill=0 vec_override=0 batch_ok=1 dim_ok=1 turing_mma=1
CUDA_FA_ROUTE_EXEC_BEGIN Q=[256,5,16,1] Kraw=q4_0 Vraw=turbo3 decode=1 dk=0 dv=1 allow_vec=0 kernel=MMA_F16 need_f16_K=1 need_f16_V=0 Kdata=0x7facce23d000 Vdata=0x7facce261000 dst=0x1000e0bcc80
CUDA_FA_ROUTE_EXEC_DISPATCH Qrun=f32 Q=[256,5,16,1] Qdata=0x1000e0a8c80 Krun=q4_0 K=[256,256,4,1] Kdata=0x7facce23d000 Knb=[18,576,144,147456] Vrun=f16 V=[256,256,4,1] Vdata=0x7facd7400000 Vnb=[2,2048,512,524288] kernel=MMA_F16 compiled_pair=1
CUDA_FA_ROUTE_PLAN device=0 Q=[256,5,16,1] Kraw=q4_0 Vraw=turbo3 Kshape=[256,256,4,1] Vshape=[256,256,4,1] Keff=q4_0 Veff=f16 turbo_kv=1 prefer_native_vec=0 decode=1 dk=0 dv=1 unsafe_vec_after_turbo_v_decode=1 allow_vec=0 kernel=MMA_F16 need_f16_K=1 need_f16_V=0 Knb=[18,576,144,147456] Vnb=[50,400,100,102400] Keff_nb=[18,576,144,147456] Veff_nb=[2,2048,512,524288]
GGML_TURBO_FA_DEBUG: path=decode-dequant-or-vec K=q4_0 V=turbo3 Q=[256,5,16,1] K=[256,256,4,1] V=[256,256,4,1] prefill_safe=0 can_make_f16_K=0 can_make_f16_V=1 turbo_k_classic_v_prefill=0 vec_override=0 batch_ok=1 dim_ok=1 turing_mma=1
CUDA_FA_ROUTE_EXEC_BEGIN Q=[256,5,16,1] Kraw=q4_0 Vraw=turbo3 decode=1 dk=0 dv=1 allow_vec=0 kernel=MMA_F16 need_f16_K=1 need_f16_V=0 Kdata=0x7facce27a000 Vdata=0x7facce29e000 dst=0x1000e0bcc80
CUDA_FA_ROUTE_EXEC_DISPATCH Qrun=f32 Q=[256,5,16,1] Qdata=0x1000e0a8c80 Krun=q4_0 K=[256,256,4,1] Kdata=0x7facce27a000 Knb=[18,576,144,147456] Vrun=f16 V=[256,256,4,1] Vdata=0x7facd7400000 Vnb=[2,2048,512,524288] kernel=MMA_F16 compiled_pair=1
CUDA_FA_ROUTE_PLAN device=0 Q=[256,5,16,1] Kraw=q4_0 Vraw=turbo3 Kshape=[256,256,4,1] Vshape=[256,256,4,1] Keff=q4_0 Veff=f16 turbo_kv=1 prefer_native_vec=0 decode=1 dk=0 dv=1 unsafe_vec_after_turbo_v_decode=1 allow_vec=0 kernel=MMA_F16 need_f16_K=1 need_f16_V=0 Knb=[18,576,144,147456] Vnb=[50,400,100,102400] Keff_nb=[18,576,144,147456] Veff_nb=[2,2048,512,524288]
GGML_TURBO_FA_DEBUG: path=decode-dequant-or-vec K=q4_0 V=turbo3 Q=[256,5,16,1] K=[256,256,4,1] V=[256,256,4,1] prefill_safe=0 can_make_f16_K=0 can_make_f16_V=1 turbo_k_classic_v_prefill=0 vec_override=0 batch_ok=1 dim_ok=1 turing_mma=1
CUDA_FA_ROUTE_EXEC_BEGIN Q=[256,5,16,1] Kraw=q4_0 Vraw=turbo3 decode=1 dk=0 dv=1 allow_vec=0 kernel=MMA_F16 need_f16_K=1 need_f16_V=0 Kdata=0x7facce2b7000 Vdata=0x7facce2db000 dst=0x1000e0bcc80
CUDA_FA_ROUTE_EXEC_DISPATCH Qrun=f32 Q=[256,5,16,1] Qdata=0x1000e0a8c80 Krun=q4_0 K=[256,256,4,1] Kdata=0x7facce2b7000 Knb=[18,576,144,147456] Vrun=f16 V=[256,256,4,1] Vdata=0x7facd7400000 Vnb=[2,2048,512,524288] kernel=MMA_F16 compiled_pair=1
CUDA_FA_ROUTE_PLAN device=0 Q=[256,5,16,1] Kraw=q4_0 Vraw=turbo3 Kshape=[256,256,4,1] Vshape=[256,256,4,1] Keff=q4_0 Veff=f16 turbo_kv=1 prefer_native_vec=0 decode=1 dk=0 dv=1 unsafe_vec_after_turbo_v_decode=1 allow_vec=0 kernel=MMA_F16 need_f16_K=1 need_f16_V=0 Knb=[18,576,144,147456] Vnb=[50,400,100,102400] Keff_nb=[18,576,144,147456] Veff_nb=[2,2048,512,524288]
GGML_TURBO_FA_DEBUG: path=decode-dequant-or-vec K=q4_0 V=turbo3 Q=[256,5,16,1] K=[256,256,4,1] V=[256,256,4,1] prefill_safe=0 can_make_f16_K=0 can_make_f16_V=1 turbo_k_classic_v_prefill=0 vec_override=0 batch_ok=1 dim_ok=1 turing_mma=1
CUDA_FA_ROUTE_EXEC_BEGIN Q=[256,5,16,1] Kraw=q4_0 Vraw=turbo3 decode=1 dk=0 dv=1 allow_vec=0 kernel=MMA_F16 need_f16_K=1 need_f16_V=0 Kdata=0x7facce2f4000 Vdata=0x7facce318000 dst=0x1000e0bcc80
CUDA_FA_ROUTE_EXEC_DISPATCH Qrun=f32 Q=[256,5,16,1] Qdata=0x1000e0a8c80 Krun=q4_0 K=[256,256,4,1] Kdata=0x7facce2f4000 Knb=[18,576,144,147456] Vrun=f16 V=[256,256,4,1] Vdata=0x7facd7400000 Vnb=[2,2048,512,524288] kernel=MMA_F16 compiled_pair=1
CUDA_FA_ROUTE_PLAN device=0 Q=[256,5,16,1] Kraw=q4_0 Vraw=turbo3 Kshape=[256,256,4,1] Vshape=[256,256,4,1] Keff=q4_0 Veff=f16 turbo_kv=1 prefer_native_vec=0 decode=1 dk=0 dv=1 unsafe_vec_after_turbo_v_decode=1 allow_vec=0 kernel=MMA_F16 need_f16_K=1 need_f16_V=0 Knb=[18,576,144,147456] Vnb=[50,400,100,102400] Keff_nb=[18,576,144,147456] Veff_nb=[2,2048,512,524288]
GGML_TURBO_FA_DEBUG: path=decode-dequant-or-vec K=q4_0 V=turbo3 Q=[256,5,16,1] K=[256,256,4,1] V=[256,256,4,1] prefill_safe=0 can_make_f16_K=0 can_make_f16_V=1 turbo_k_classic_v_prefill=0 vec_override=0 batch_ok=1 dim_ok=1 turing_mma=1
CUDA_FA_ROUTE_EXEC_BEGIN Q=[256,5,16,1] Kraw=q4_0 Vraw=turbo3 decode=1 dk=0 dv=1 allow_vec=0 kernel=MMA_F16 need_f16_K=1 need_f16_V=0 Kdata=0x7facce331000 Vdata=0x7facce355000 dst=0x1000e0bcc80
CUDA_FA_ROUTE_EXEC_DISPATCH Qrun=f32 Q=[256,5,16,1] Qdata=0x1000e0a8c80 Krun=q4_0 K=[256,256,4,1] Kdata=0x7facce331000 Knb=[18,576,144,147456] Vrun=f16 V=[256,256,4,1] Vdata=0x7facd7400000 Vnb=[2,2048,512,524288] kernel=MMA_F16 compiled_pair=1
CUDA_FA_ROUTE_PLAN device=0 Q=[256,5,16,1] Kraw=q4_0 Vraw=turbo3 Kshape=[256,256,4,1] Vshape=[256,256,4,1] Keff=q4_0 Veff=f16 turbo_kv=1 prefer_native_vec=0 decode=1 dk=0 dv=1 unsafe_vec_after_turbo_v_decode=1 allow_vec=0 kernel=MMA_F16 need_f16_K=1 need_f16_V=0 Knb=[18,576,144,147456] Vnb=[50,400,100,102400] Keff_nb=[18,576,144,147456] Veff_nb=[2,2048,512,524288]
GGML_TURBO_FA_DEBUG: path=decode-dequant-or-vec K=q4_0 V=turbo3 Q=[256,5,16,1] K=[256,256,4,1] V=[256,256,4,1] prefill_safe=0 can_make_f16_K=0 can_make_f16_V=1 turbo_k_classic_v_prefill=0 vec_override=0 batch_ok=1 dim_ok=1 turing_mma=1
CUDA_FA_ROUTE_EXEC_BEGIN Q=[256,5,16,1] Kraw=q4_0 Vraw=turbo3 decode=1 dk=0 dv=1 allow_vec=0 kernel=MMA_F16 need_f16_K=1 need_f16_V=0 Kdata=0x7facce36e000 Vdata=0x7facce392000 dst=0x1000e0bcc80
CUDA_FA_ROUTE_EXEC_DISPATCH Qrun=f32 Q=[256,5,16,1] Qdata=0x1000e0a8c80 Krun=q4_0 K=[256,256,4,1] Kdata=0x7facce36e000 Knb=[18,576,144,147456] Vrun=f16 V=[256,256,4,1] Vdata=0x7facd7400000 Vnb=[2,2048,512,524288] kernel=MMA_F16 compiled_pair=1
CUDA_FA_ROUTE_PLAN device=0 Q=[256,5,16,1] Kraw=q4_0 Vraw=turbo3 Kshape=[256,256,4,1] Vshape=[256,256,4,1] Keff=q4_0 Veff=f16 turbo_kv=1 prefer_native_vec=0 decode=1 dk=0 dv=1 unsafe_vec_after_turbo_v_decode=1 allow_vec=0 kernel=MMA_F16 need_f16_K=1 need_f16_V=0 Knb=[18,576,144,147456] Vnb=[50,400,100,102400] Keff_nb=[18,576,144,147456] Veff_nb=[2,2048,512,524288]
GGML_TURBO_FA_DEBUG: path=decode-dequant-or-vec K=q4_0 V=turbo3 Q=[256,5,16,1] K=[256,256,4,1] V=[256,256,4,1] prefill_safe=0 can_make_f16_K=0 can_make_f16_V=1 turbo_k_classic_v_prefill=0 vec_override=0 batch_ok=1 dim_ok=1 turing_mma=1
CUDA_FA_ROUTE_EXEC_BEGIN Q=[256,5,16,1] Kraw=q4_0 Vraw=turbo3 decode=1 dk=0 dv=1 allow_vec=0 kernel=MMA_F16 need_f16_K=1 need_f16_V=0 Kdata=0x7facce3ab000 Vdata=0x7facce3cf000 dst=0x1000e0bcc80
CUDA_FA_ROUTE_EXEC_DISPATCH Qrun=f32 Q=[256,5,16,1] Qdata=0x1000e0a8c80 Krun=q4_0 K=[256,256,4,1] Kdata=0x7facce3ab000 Knb=[18,576,144,147456] Vrun=f16 V=[256,256,4,1] Vdata=0x7facd7400000 Vnb=[2,2048,512,524288] kernel=MMA_F16 compiled_pair=1
 ParisCUDA_FA_ROUTE_PLAN device=0 Q=[256,1,16,1] Kraw=q4_0 Vraw=turbo3 Kshape=[256,256,4,1] Vshape=[256,256,4,1] Keff=q4_0 Veff=f16 turbo_kv=1 prefer_native_vec=0 decode=1 dk=0 dv=1 unsafe_vec_after_turbo_v_decode=1 allow_vec=0 kernel=MMA_F16 need_f16_K=1 need_f16_V=0 Knb=[18,576,144,147456] Vnb=[50,400,100,102400] Keff_nb=[18,576,144,147456] Veff_nb=[2,2048,512,524288]
CUDA_FA_ROUTE_SUPPORTED kernel=MMA_F16 effK=q4_0 effV=f16 supported=1
CUDA_FA_ROUTE_PLAN device=0 Q=[256,1,16,1] Kraw=q4_0 Vraw=turbo3 Kshape=[256,256,4,1] Vshape=[256,256,4,1] Keff=q4_0 Veff=f16 turbo_kv=1 prefer_native_vec=0 decode=1 dk=0 dv=1 unsafe_vec_after_turbo_v_decode=1 allow_vec=0 kernel=MMA_F16 need_f16_K=1 need_f16_V=0 Knb=[18,576,144,147456] Vnb=[50,400,100,102400] Keff_nb=[18,576,144,147456] Veff_nb=[2,2048,512,524288]
CUDA_FA_ROUTE_SUPPORTED kernel=MMA_F16 effK=q4_0 effV=f16 supported=1
CUDA_FA_ROUTE_PLAN device=0 Q=[256,1,16,1] Kraw=q4_0 Vraw=turbo3 Kshape=[256,256,4,1] Vshape=[256,256,4,1] Keff=q4_0 Veff=f16 turbo_kv=1 prefer_native_vec=0 decode=1 dk=0 dv=1 unsafe_vec_after_turbo_v_decode=1 allow_vec=0 kernel=MMA_F16 need_f16_K=1 need_f16_V=0 Knb=[18,576,144,147456] Vnb=[50,400,100,102400] Keff_nb=[18,576,144,147456] Veff_nb=[2,2048,512,524288]
CUDA_FA_ROUTE_SUPPORTED kernel=MMA_F16 effK=q4_0 effV=f16 supported=1
CUDA_FA_ROUTE_PLAN device=0 Q=[256,1,16,1] Kraw=q4_0 Vraw=turbo3 Kshape=[256,256,4,1] Vshape=[256,256,4,1] Keff=q4_0 Veff=f16 turbo_kv=1 prefer_native_vec=0 decode=1 dk=0 dv=1 unsafe_vec_after_turbo_v_decode=1 allow_vec=0 kernel=MMA_F16 need_f16_K=1 need_f16_V=0 Knb=[18,576,144,147456] Vnb=[50,400,100,102400] Keff_nb=[18,576,144,147456] Veff_nb=[2,2048,512,524288]
CUDA_FA_ROUTE_SUPPORTED kernel=MMA_F16 effK=q4_0 effV=f16 supported=1
CUDA_FA_ROUTE_PLAN device=0 Q=[256,1,16,1] Kraw=q4_0 Vraw=turbo3 Kshape=[256,256,4,1] Vshape=[256,256,4,1] Keff=q4_0 Veff=f16 turbo_kv=1 prefer_native_vec=0 decode=1 dk=0 dv=1 unsafe_vec_after_turbo_v_decode=1 allow_vec=0 kernel=MMA_F16 need_f16_K=1 need_f16_V=0 Knb=[18,576,144,147456] Vnb=[50,400,100,102400] Keff_nb=[18,576,144,147456] Veff_nb=[2,2048,512,524288]
CUDA_FA_ROUTE_SUPPORTED kernel=MMA_F16 effK=q4_0 effV=f16 supported=1
CUDA_FA_ROUTE_PLAN device=0 Q=[256,1,16,1] Kraw=q4_0 Vraw=turbo3 Kshape=[256,256,4,1] Vshape=[256,256,4,1] Keff=q4_0 Veff=f16 turbo_kv=1 prefer_native_vec=0 decode=1 dk=0 dv=1 unsafe_vec_after_turbo_v_decode=1 allow_vec=0 kernel=MMA_F16 need_f16_K=1 need_f16_V=0 Knb=[18,576,144,147456] Vnb=[50,400,100,102400] Keff_nb=[18,576,144,147456] Veff_nb=[2,2048,512,524288]
CUDA_FA_ROUTE_SUPPORTED kernel=MMA_F16 effK=q4_0 effV=f16 supported=1
CUDA_FA_ROUTE_PLAN device=0 Q=[256,1,16,1] Kraw=q4_0 Vraw=turbo3 Kshape=[256,256,4,1] Vshape=[256,256,4,1] Keff=q4_0 Veff=f16 turbo_kv=1 prefer_native_vec=0 decode=1 dk=0 dv=1 unsafe_vec_after_turbo_v_decode=1 allow_vec=0 kernel=MMA_F16 need_f16_K=1 need_f16_V=0 Knb=[18,576,144,147456] Vnb=[50,400,100,102400] Keff_nb=[18,576,144,147456] Veff_nb=[2,2048,512,524288]
CUDA_FA_ROUTE_SUPPORTED kernel=MMA_F16 effK=q4_0 effV=f16 supported=1
CUDA_FA_ROUTE_PLAN device=0 Q=[256,1,16,1] Kraw=q4_0 Vraw=turbo3 Kshape=[256,256,4,1] Vshape=[256,256,4,1] Keff=q4_0 Veff=f16 turbo_kv=1 prefer_native_vec=0 decode=1 dk=0 dv=1 unsafe_vec_after_turbo_v_decode=1 allow_vec=0 kernel=MMA_F16 need_f16_K=1 need_f16_V=0 Knb=[18,576,144,147456] Vnb=[50,400,100,102400] Keff_nb=[18,576,144,147456] Veff_nb=[2,2048,512,524288]
CUDA_FA_ROUTE_SUPPORTED kernel=MMA_F16 effK=q4_0 effV=f16 supported=1
CUDA_FA_ROUTE_PLAN device=0 Q=[256,1,16,1] Kraw=q4_0 Vraw=turbo3 Kshape=[256,256,4,1] Vshape=[256,256,4,1] Keff=q4_0 Veff=f16 turbo_kv=1 prefer_native_vec=0 decode=1 dk=0 dv=1 unsafe_vec_after_turbo_v_decode=1 allow_vec=0 kernel=MMA_F16 need_f16_K=1 need_f16_V=0 Knb=[18,576,144,147456] Vnb=[50,400,100,102400] Keff_nb=[18,576,144,147456] Veff_nb=[2,2048,512,524288]
CUDA_FA_ROUTE_ALLOC kernel=MMA_F16 need_f16_K=1 need_f16_V=0 workspace_end_offset=540672 dst_data=(nil) f16_K=0x4000 f16_V=(nil) f16_end=0x84000
CUDA_FA_ROUTE_PLAN device=0 Q=[256,1,16,1] Kraw=q4_0 Vraw=turbo3 Kshape=[256,256,4,1] Vshape=[256,256,4,1] Keff=q4_0 Veff=f16 turbo_kv=1 prefer_native_vec=0 decode=1 dk=0 dv=1 unsafe_vec_after_turbo_v_decode=1 allow_vec=0 kernel=MMA_F16 need_f16_K=1 need_f16_V=0 Knb=[18,576,144,147456] Vnb=[50,400,100,102400] Keff_nb=[18,576,144,147456] Veff_nb=[2,2048,512,524288]
CUDA_FA_ROUTE_ALLOC kernel=MMA_F16 need_f16_K=1 need_f16_V=0 workspace_end_offset=540672 dst_data=(nil) f16_K=0x4000 f16_V=(nil) f16_end=0x84000
CUDA_FA_ROUTE_PLAN device=0 Q=[256,1,16,1] Kraw=q4_0 Vraw=turbo3 Kshape=[256,256,4,1] Vshape=[256,256,4,1] Keff=q4_0 Veff=f16 turbo_kv=1 prefer_native_vec=0 decode=1 dk=0 dv=1 unsafe_vec_after_turbo_v_decode=1 allow_vec=0 kernel=MMA_F16 need_f16_K=1 need_f16_V=0 Knb=[18,576,144,147456] Vnb=[50,400,100,102400] Keff_nb=[18,576,144,147456] Veff_nb=[2,2048,512,524288]
CUDA_FA_ROUTE_ALLOC kernel=MMA_F16 need_f16_K=1 need_f16_V=0 workspace_end_offset=540672 dst_data=(nil) f16_K=0x4000 f16_V=(nil) f16_end=0x84000
CUDA_FA_ROUTE_PLAN device=0 Q=[256,1,16,1] Kraw=q4_0 Vraw=turbo3 Kshape=[256,256,4,1] Vshape=[256,256,4,1] Keff=q4_0 Veff=f16 turbo_kv=1 prefer_native_vec=0 decode=1 dk=0 dv=1 unsafe_vec_after_turbo_v_decode=1 allow_vec=0 kernel=MMA_F16 need_f16_K=1 need_f16_V=0 Knb=[18,576,144,147456] Vnb=[50,400,100,102400] Keff_nb=[18,576,144,147456] Veff_nb=[2,2048,512,524288]
CUDA_FA_ROUTE_ALLOC kernel=MMA_F16 need_f16_K=1 need_f16_V=0 workspace_end_offset=540672 dst_data=(nil) f16_K=0x4000 f16_V=(nil) f16_end=0x84000
CUDA_FA_ROUTE_PLAN device=0 Q=[256,1,16,1] Kraw=q4_0 Vraw=turbo3 Kshape=[256,256,4,1] Vshape=[256,256,4,1] Keff=q4_0 Veff=f16 turbo_kv=1 prefer_native_vec=0 decode=1 dk=0 dv=1 unsafe_vec_after_turbo_v_decode=1 allow_vec=0 kernel=MMA_F16 need_f16_K=1 need_f16_V=0 Knb=[18,576,144,147456] Vnb=[50,400,100,102400] Keff_nb=[18,576,144,147456] Veff_nb=[2,2048,512,524288]
CUDA_FA_ROUTE_ALLOC kernel=MMA_F16 need_f16_K=1 need_f16_V=0 workspace_end_offset=540672 dst_data=(nil) f16_K=0x4000 f16_V=(nil) f16_end=0x84000
CUDA_FA_ROUTE_PLAN device=0 Q=[256,1,16,1] Kraw=q4_0 Vraw=turbo3 Kshape=[256,256,4,1] Vshape=[256,256,4,1] Keff=q4_0 Veff=f16 turbo_kv=1 prefer_native_vec=0 decode=1 dk=0 dv=1 unsafe_vec_after_turbo_v_decode=1 allow_vec=0 kernel=MMA_F16 need_f16_K=1 need_f16_V=0 Knb=[18,576,144,147456] Vnb=[50,400,100,102400] Keff_nb=[18,576,144,147456] Veff_nb=[2,2048,512,524288]
CUDA_FA_ROUTE_ALLOC kernel=MMA_F16 need_f16_K=1 need_f16_V=0 workspace_end_offset=540672 dst_data=(nil) f16_K=0x4000 f16_V=(nil) f16_end=0x84000
CUDA_FA_ROUTE_PLAN device=0 Q=[256,1,16,1] Kraw=q4_0 Vraw=turbo3 Kshape=[256,256,4,1] Vshape=[256,256,4,1] Keff=q4_0 Veff=f16 turbo_kv=1 prefer_native_vec=0 decode=1 dk=0 dv=1 unsafe_vec_after_turbo_v_decode=1 allow_vec=0 kernel=MMA_F16 need_f16_K=1 need_f16_V=0 Knb=[18,576,144,147456] Vnb=[50,400,100,102400] Keff_nb=[18,576,144,147456] Veff_nb=[2,2048,512,524288]
CUDA_FA_ROUTE_ALLOC kernel=MMA_F16 need_f16_K=1 need_f16_V=0 workspace_end_offset=540672 dst_data=(nil) f16_K=0x4000 f16_V=(nil) f16_end=0x84000
CUDA_FA_ROUTE_PLAN device=0 Q=[256,1,16,1] Kraw=q4_0 Vraw=turbo3 Kshape=[256,256,4,1] Vshape=[256,256,4,1] Keff=q4_0 Veff=f16 turbo_kv=1 prefer_native_vec=0 decode=1 dk=0 dv=1 unsafe_vec_after_turbo_v_decode=1 allow_vec=0 kernel=MMA_F16 need_f16_K=1 need_f16_V=0 Knb=[18,576,144,147456] Vnb=[50,400,100,102400] Keff_nb=[18,576,144,147456] Veff_nb=[2,2048,512,524288]
CUDA_FA_ROUTE_ALLOC kernel=MMA_F16 need_f16_K=1 need_f16_V=0 workspace_end_offset=540672 dst_data=(nil) f16_K=0x4000 f16_V=(nil) f16_end=0x84000
CUDA_FA_ROUTE_PLAN device=0 Q=[256,1,16,1] Kraw=q4_0 Vraw=turbo3 Kshape=[256,256,4,1] Vshape=[256,256,4,1] Keff=q4_0 Veff=f16 turbo_kv=1 prefer_native_vec=0 decode=1 dk=0 dv=1 unsafe_vec_after_turbo_v_decode=1 allow_vec=0 kernel=MMA_F16 need_f16_K=1 need_f16_V=0 Knb=[18,576,144,147456] Vnb=[50,400,100,102400] Keff_nb=[18,576,144,147456] Veff_nb=[2,2048,512,524288]
CUDA_FA_ROUTE_ALLOC kernel=MMA_F16 need_f16_K=1 need_f16_V=0 workspace_end_offset=540672 dst_data=(nil) f16_K=0x4000 f16_V=(nil) f16_end=0x84000
CUDA_FA_ROUTE_PLAN device=0 Q=[256,1,16,1] Kraw=q4_0 Vraw=turbo3 Kshape=[256,256,4,1] Vshape=[256,256,4,1] Keff=q4_0 Veff=f16 turbo_kv=1 prefer_native_vec=0 decode=1 dk=0 dv=1 unsafe_vec_after_turbo_v_decode=1 allow_vec=0 kernel=MMA_F16 need_f16_K=1 need_f16_V=0 Knb=[18,576,144,147456] Vnb=[50,400,100,102400] Keff_nb=[18,576,144,147456] Veff_nb=[2,2048,512,524288]
CUDA_FA_ROUTE_ALLOC kernel=MMA_F16 need_f16_K=1 need_f16_V=0 workspace_end_offset=540672 dst_data=(nil) f16_K=0x4000 f16_V=(nil) f16_end=0x84000
CUDA_FA_ROUTE_PLAN device=0 Q=[256,1,16,1] Kraw=q4_0 Vraw=turbo3 Kshape=[256,256,4,1] Vshape=[256,256,4,1] Keff=q4_0 Veff=f16 turbo_kv=1 prefer_native_vec=0 decode=1 dk=0 dv=1 unsafe_vec_after_turbo_v_decode=1 allow_vec=0 kernel=MMA_F16 need_f16_K=1 need_f16_V=0 Knb=[18,576,144,147456] Vnb=[50,400,100,102400] Keff_nb=[18,576,144,147456] Veff_nb=[2,2048,512,524288]
CUDA_FA_ROUTE_ALLOC kernel=MMA_F16 need_f16_K=1 need_f16_V=0 workspace_end_offset=540672 dst_data=(nil) f16_K=0x4000 f16_V=(nil) f16_end=0x84000
CUDA_FA_ROUTE_PLAN device=0 Q=[256,1,16,1] Kraw=q4_0 Vraw=turbo3 Kshape=[256,256,4,1] Vshape=[256,256,4,1] Keff=q4_0 Veff=f16 turbo_kv=1 prefer_native_vec=0 decode=1 dk=0 dv=1 unsafe_vec_after_turbo_v_decode=1 allow_vec=0 kernel=MMA_F16 need_f16_K=1 need_f16_V=0 Knb=[18,576,144,147456] Vnb=[50,400,100,102400] Keff_nb=[18,576,144,147456] Veff_nb=[2,2048,512,524288]
CUDA_FA_ROUTE_ALLOC kernel=MMA_F16 need_f16_K=1 need_f16_V=0 workspace_end_offset=540672 dst_data=(nil) f16_K=0x4000 f16_V=(nil) f16_end=0x84000
CUDA_FA_ROUTE_PLAN device=0 Q=[256,1,16,1] Kraw=q4_0 Vraw=turbo3 Kshape=[256,256,4,1] Vshape=[256,256,4,1] Keff=q4_0 Veff=f16 turbo_kv=1 prefer_native_vec=0 decode=1 dk=0 dv=1 unsafe_vec_after_turbo_v_decode=1 allow_vec=0 kernel=MMA_F16 need_f16_K=1 need_f16_V=0 Knb=[18,576,144,147456] Vnb=[50,400,100,102400] Keff_nb=[18,576,144,147456] Veff_nb=[2,2048,512,524288]
CUDA_FA_ROUTE_ALLOC kernel=MMA_F16 need_f16_K=1 need_f16_V=0 workspace_end_offset=540672 dst_data=(nil) f16_K=0x4000 f16_V=(nil) f16_end=0x84000
CUDA_FA_ROUTE_PLAN device=0 Q=[256,1,16,1] Kraw=q4_0 Vraw=turbo3 Kshape=[256,256,4,1] Vshape=[256,256,4,1] Keff=q4_0 Veff=f16 turbo_kv=1 prefer_native_vec=0 decode=1 dk=0 dv=1 unsafe_vec_after_turbo_v_decode=1 allow_vec=0 kernel=MMA_F16 need_f16_K=1 need_f16_V=0 Knb=[18,576,144,147456] Vnb=[50,400,100,102400] Keff_nb=[18,576,144,147456] Veff_nb=[2,2048,512,524288]
CUDA_FA_ROUTE_ALLOC kernel=MMA_F16 need_f16_K=1 need_f16_V=0 workspace_end_offset=540672 dst_data=(nil) f16_K=0x4000 f16_V=(nil) f16_end=0x84000
CUDA_FA_ROUTE_PLAN device=0 Q=[256,1,16,1] Kraw=q4_0 Vraw=turbo3 Kshape=[256,256,4,1] Vshape=[256,256,4,1] Keff=q4_0 Veff=f16 turbo_kv=1 prefer_native_vec=0 decode=1 dk=0 dv=1 unsafe_vec_after_turbo_v_decode=1 allow_vec=0 kernel=MMA_F16 need_f16_K=1 need_f16_V=0 Knb=[18,576,144,147456] Vnb=[50,400,100,102400] Keff_nb=[18,576,144,147456] Veff_nb=[2,2048,512,524288]
CUDA_FA_ROUTE_ALLOC kernel=MMA_F16 need_f16_K=1 need_f16_V=0 workspace_end_offset=540672 dst_data=(nil) f16_K=0x4000 f16_V=(nil) f16_end=0x84000
CUDA_FA_ROUTE_PLAN device=0 Q=[256,1,16,1] Kraw=q4_0 Vraw=turbo3 Kshape=[256,256,4,1] Vshape=[256,256,4,1] Keff=q4_0 Veff=f16 turbo_kv=1 prefer_native_vec=0 decode=1 dk=0 dv=1 unsafe_vec_after_turbo_v_decode=1 allow_vec=0 kernel=MMA_F16 need_f16_K=1 need_f16_V=0 Knb=[18,576,144,147456] Vnb=[50,400,100,102400] Keff_nb=[18,576,144,147456] Veff_nb=[2,2048,512,524288]
CUDA_FA_ROUTE_ALLOC kernel=MMA_F16 need_f16_K=1 need_f16_V=0 workspace_end_offset=540672 dst_data=(nil) f16_K=0x4000 f16_V=(nil) f16_end=0x84000
CUDA_FA_ROUTE_PLAN device=0 Q=[256,1,16,1] Kraw=q4_0 Vraw=turbo3 Kshape=[256,256,4,1] Vshape=[256,256,4,1] Keff=q4_0 Veff=f16 turbo_kv=1 prefer_native_vec=0 decode=1 dk=0 dv=1 unsafe_vec_after_turbo_v_decode=1 allow_vec=0 kernel=MMA_F16 need_f16_K=1 need_f16_V=0 Knb=[18,576,144,147456] Vnb=[50,400,100,102400] Keff_nb=[18,576,144,147456] Veff_nb=[2,2048,512,524288]
CUDA_FA_ROUTE_ALLOC kernel=MMA_F16 need_f16_K=1 need_f16_V=0 workspace_end_offset=540672 dst_data=(nil) f16_K=0x4000 f16_V=(nil) f16_end=0x84000
CUDA_FA_ROUTE_PLAN device=0 Q=[256,1,16,1] Kraw=q4_0 Vraw=turbo3 Kshape=[256,256,4,1] Vshape=[256,256,4,1] Keff=q4_0 Veff=f16 turbo_kv=1 prefer_native_vec=0 decode=1 dk=0 dv=1 unsafe_vec_after_turbo_v_decode=1 allow_vec=0 kernel=MMA_F16 need_f16_K=1 need_f16_V=0 Knb=[18,576,144,147456] Vnb=[50,400,100,102400] Keff_nb=[18,576,144,147456] Veff_nb=[2,2048,512,524288]
CUDA_FA_ROUTE_ALLOC kernel=MMA_F16 need_f16_K=1 need_f16_V=0 workspace_end_offset=540672 dst_data=(nil) f16_K=0x4000 f16_V=(nil) f16_end=0x84000
CUDA_FA_ROUTE_PLAN device=0 Q=[256,1,16,1] Kraw=q4_0 Vraw=turbo3 Kshape=[256,256,4,1] Vshape=[256,256,4,1] Keff=q4_0 Veff=f16 turbo_kv=1 prefer_native_vec=0 decode=1 dk=0 dv=1 unsafe_vec_after_turbo_v_decode=1 allow_vec=0 kernel=MMA_F16 need_f16_K=1 need_f16_V=0 Knb=[18,576,144,147456] Vnb=[50,400,100,102400] Keff_nb=[18,576,144,147456] Veff_nb=[2,2048,512,524288]
CUDA_FA_ROUTE_ALLOC kernel=MMA_F16 need_f16_K=1 need_f16_V=0 workspace_end_offset=540672 dst_data=(nil) f16_K=0x4000 f16_V=(nil) f16_end=0x84000
CUDA_FA_ROUTE_PLAN device=0 Q=[256,1,16,1] Kraw=q4_0 Vraw=turbo3 Kshape=[256,256,4,1] Vshape=[256,256,4,1] Keff=q4_0 Veff=f16 turbo_kv=1 prefer_native_vec=0 decode=1 dk=0 dv=1 unsafe_vec_after_turbo_v_decode=1 allow_vec=0 kernel=MMA_F16 need_f16_K=1 need_f16_V=0 Knb=[18,576,144,147456] Vnb=[50,400,100,102400] Keff_nb=[18,576,144,147456] Veff_nb=[2,2048,512,524288]
CUDA_FA_ROUTE_ALLOC kernel=MMA_F16 need_f16_K=1 need_f16_V=0 workspace_end_offset=540672 dst_data=(nil) f16_K=0x4000 f16_V=(nil) f16_end=0x84000
CUDA_FA_ROUTE_PLAN device=0 Q=[256,1,16,1] Kraw=q4_0 Vraw=turbo3 Kshape=[256,256,4,1] Vshape=[256,256,4,1] Keff=q4_0 Veff=f16 turbo_kv=1 prefer_native_vec=0 decode=1 dk=0 dv=1 unsafe_vec_after_turbo_v_decode=1 allow_vec=0 kernel=MMA_F16 need_f16_K=1 need_f16_V=0 Knb=[18,576,144,147456] Vnb=[50,400,100,102400] Keff_nb=[18,576,144,147456] Veff_nb=[2,2048,512,524288]
CUDA_FA_ROUTE_ALLOC kernel=MMA_F16 need_f16_K=1 need_f16_V=0 workspace_end_offset=540672 dst_data=(nil) f16_K=0x4000 f16_V=(nil) f16_end=0x84000
CUDA_FA_ROUTE_PLAN device=0 Q=[256,1,16,1] Kraw=q4_0 Vraw=turbo3 Kshape=[256,256,4,1] Vshape=[256,256,4,1] Keff=q4_0 Veff=f16 turbo_kv=1 prefer_native_vec=0 decode=1 dk=0 dv=1 unsafe_vec_after_turbo_v_decode=1 allow_vec=0 kernel=MMA_F16 need_f16_K=1 need_f16_V=0 Knb=[18,576,144,147456] Vnb=[50,400,100,102400] Keff_nb=[18,576,144,147456] Veff_nb=[2,2048,512,524288]
CUDA_FA_ROUTE_ALLOC kernel=MMA_F16 need_f16_K=1 need_f16_V=0 workspace_end_offset=540672 dst_data=(nil) f16_K=0x4000 f16_V=(nil) f16_end=0x84000
CUDA_FA_ROUTE_PLAN device=0 Q=[256,1,16,1] Kraw=q4_0 Vraw=turbo3 Kshape=[256,256,4,1] Vshape=[256,256,4,1] Keff=q4_0 Veff=f16 turbo_kv=1 prefer_native_vec=0 decode=1 dk=0 dv=1 unsafe_vec_after_turbo_v_decode=1 allow_vec=0 kernel=MMA_F16 need_f16_K=1 need_f16_V=0 Knb=[18,576,144,147456] Vnb=[50,400,100,102400] Keff_nb=[18,576,144,147456] Veff_nb=[2,2048,512,524288]
CUDA_FA_ROUTE_ALLOC kernel=MMA_F16 need_f16_K=1 need_f16_V=0 workspace_end_offset=540672 dst_data=(nil) f16_K=0x4000 f16_V=(nil) f16_end=0x84000
CUDA_FA_ROUTE_PLAN device=0 Q=[256,1,16,1] Kraw=q4_0 Vraw=turbo3 Kshape=[256,256,4,1] Vshape=[256,256,4,1] Keff=q4_0 Veff=f16 turbo_kv=1 prefer_native_vec=0 decode=1 dk=0 dv=1 unsafe_vec_after_turbo_v_decode=1 allow_vec=0 kernel=MMA_F16 need_f16_K=1 need_f16_V=0 Knb=[18,576,144,147456] Vnb=[50,400,100,102400] Keff_nb=[18,576,144,147456] Veff_nb=[2,2048,512,524288]
CUDA_FA_ROUTE_ALLOC kernel=MMA_F16 need_f16_K=1 need_f16_V=0 workspace_end_offset=540672 dst_data=(nil) f16_K=0x4000 f16_V=(nil) f16_end=0x84000
CUDA_FA_ROUTE_PLAN device=0 Q=[256,1,16,1] Kraw=q4_0 Vraw=turbo3 Kshape=[256,256,4,1] Vshape=[256,256,4,1] Keff=q4_0 Veff=f16 turbo_kv=1 prefer_native_vec=0 decode=1 dk=0 dv=1 unsafe_vec_after_turbo_v_decode=1 allow_vec=0 kernel=MMA_F16 need_f16_K=1 need_f16_V=0 Knb=[18,576,144,147456] Vnb=[50,400,100,102400] Keff_nb=[18,576,144,147456] Veff_nb=[2,2048,512,524288]
GGML_TURBO_FA_DEBUG: path=decode-dequant-or-vec K=q4_0 V=turbo3 Q=[256,1,16,1] K=[256,256,4,1] V=[256,256,4,1] prefill_safe=0 can_make_f16_K=0 can_make_f16_V=1 turbo_k_classic_v_prefill=0 vec_override=0 batch_ok=0 dim_ok=1 turing_mma=1
CUDA_FA_ROUTE_EXEC_BEGIN Q=[256,1,16,1] Kraw=q4_0 Vraw=turbo3 decode=1 dk=0 dv=1 allow_vec=0 kernel=MMA_F16 need_f16_K=1 need_f16_V=0 Kdata=0x7facce200000 Vdata=0x7facce224000 dst=0x1000e0bcc80
CUDA_FA_ROUTE_EXEC_DISPATCH Qrun=f32 Q=[256,1,16,1] Qdata=0x1000e0a8c80 Krun=q4_0 K=[256,256,4,1] Kdata=0x7facce200000 Knb=[18,576,144,147456] Vrun=f16 V=[256,256,4,1] Vdata=0x7facd7400000 Vnb=[2,2048,512,524288] kernel=MMA_F16 compiled_pair=1
CUDA_FA_ROUTE_PLAN device=0 Q=[256,1,16,1] Kraw=q4_0 Vraw=turbo3 Kshape=[256,256,4,1] Vshape=[256,256,4,1] Keff=q4_0 Veff=f16 turbo_kv=1 prefer_native_vec=0 decode=1 dk=0 dv=1 unsafe_vec_after_turbo_v_decode=1 allow_vec=0 kernel=MMA_F16 need_f16_K=1 need_f16_V=0 Knb=[18,576,144,147456] Vnb=[50,400,100,102400] Keff_nb=[18,576,144,147456] Veff_nb=[2,2048,512,524288]
GGML_TURBO_FA_DEBUG: path=decode-dequant-or-vec K=q4_0 V=turbo3 Q=[256,1,16,1] K=[256,256,4,1] V=[256,256,4,1] prefill_safe=0 can_make_f16_K=0 can_make_f16_V=1 turbo_k_classic_v_prefill=0 vec_override=0 batch_ok=0 dim_ok=1 turing_mma=1
CUDA_FA_ROUTE_EXEC_BEGIN Q=[256,1,16,1] Kraw=q4_0 Vraw=turbo3 decode=1 dk=0 dv=1 allow_vec=0 kernel=MMA_F16 need_f16_K=1 need_f16_V=0 Kdata=0x7facce23d000 Vdata=0x7facce261000 dst=0x1000e0bcc80
CUDA_FA_ROUTE_EXEC_DISPATCH Qrun=f32 Q=[256,1,16,1] Qdata=0x1000e0a8c80 Krun=q4_0 K=[256,256,4,1] Kdata=0x7facce23d000 Knb=[18,576,144,147456] Vrun=f16 V=[256,256,4,1] Vdata=0x7facd7400000 Vnb=[2,2048,512,524288] kernel=MMA_F16 compiled_pair=1
CUDA_FA_ROUTE_PLAN device=0 Q=[256,1,16,1] Kraw=q4_0 Vraw=turbo3 Kshape=[256,256,4,1] Vshape=[256,256,4,1] Keff=q4_0 Veff=f16 turbo_kv=1 prefer_native_vec=0 decode=1 dk=0 dv=1 unsafe_vec_after_turbo_v_decode=1 allow_vec=0 kernel=MMA_F16 need_f16_K=1 need_f16_V=0 Knb=[18,576,144,147456] Vnb=[50,400,100,102400] Keff_nb=[18,576,144,147456] Veff_nb=[2,2048,512,524288]
GGML_TURBO_FA_DEBUG: path=decode-dequant-or-vec K=q4_0 V=turbo3 Q=[256,1,16,1] K=[256,256,4,1] V=[256,256,4,1] prefill_safe=0 can_make_f16_K=0 can_make_f16_V=1 turbo_k_classic_v_prefill=0 vec_override=0 batch_ok=0 dim_ok=1 turing_mma=1
CUDA_FA_ROUTE_EXEC_BEGIN Q=[256,1,16,1] Kraw=q4_0 Vraw=turbo3 decode=1 dk=0 dv=1 allow_vec=0 kernel=MMA_F16 need_f16_K=1 need_f16_V=0 Kdata=0x7facce27a000 Vdata=0x7facce29e000 dst=0x1000e0bcc80
CUDA_FA_ROUTE_EXEC_DISPATCH Qrun=f32 Q=[256,1,16,1] Qdata=0x1000e0a8c80 Krun=q4_0 K=[256,256,4,1] Kdata=0x7facce27a000 Knb=[18,576,144,147456] Vrun=f16 V=[256,256,4,1] Vdata=0x7facd7400000 Vnb=[2,2048,512,524288] kernel=MMA_F16 compiled_pair=1
CUDA_FA_ROUTE_PLAN device=0 Q=[256,1,16,1] Kraw=q4_0 Vraw=turbo3 Kshape=[256,256,4,1] Vshape=[256,256,4,1] Keff=q4_0 Veff=f16 turbo_kv=1 prefer_native_vec=0 decode=1 dk=0 dv=1 unsafe_vec_after_turbo_v_decode=1 allow_vec=0 kernel=MMA_F16 need_f16_K=1 need_f16_V=0 Knb=[18,576,144,147456] Vnb=[50,400,100,102400] Keff_nb=[18,576,144,147456] Veff_nb=[2,2048,512,524288]
GGML_TURBO_FA_DEBUG: path=decode-dequant-or-vec K=q4_0 V=turbo3 Q=[256,1,16,1] K=[256,256,4,1] V=[256,256,4,1] prefill_safe=0 can_make_f16_K=0 can_make_f16_V=1 turbo_k_classic_v_prefill=0 vec_override=0 batch_ok=0 dim_ok=1 turing_mma=1
CUDA_FA_ROUTE_EXEC_BEGIN Q=[256,1,16,1] Kraw=q4_0 Vraw=turbo3 decode=1 dk=0 dv=1 allow_vec=0 kernel=MMA_F16 need_f16_K=1 need_f16_V=0 Kdata=0x7facce2b7000 Vdata=0x7facce2db000 dst=0x1000e0bcc80
CUDA_FA_ROUTE_EXEC_DISPATCH Qrun=f32 Q=[256,1,16,1] Qdata=0x1000e0a8c80 Krun=q4_0 K=[256,256,4,1] Kdata=0x7facce2b7000 Knb=[18,576,144,147456] Vrun=f16 V=[256,256,4,1] Vdata=0x7facd7400000 Vnb=[2,2048,512,524288] kernel=MMA_F16 compiled_pair=1
CUDA_FA_ROUTE_PLAN device=0 Q=[256,1,16,1] Kraw=q4_0 Vraw=turbo3 Kshape=[256,256,4,1] Vshape=[256,256,4,1] Keff=q4_0 Veff=f16 turbo_kv=1 prefer_native_vec=0 decode=1 dk=0 dv=1 unsafe_vec_after_turbo_v_decode=1 allow_vec=0 kernel=MMA_F16 need_f16_K=1 need_f16_V=0 Knb=[18,576,144,147456] Vnb=[50,400,100,102400] Keff_nb=[18,576,144,147456] Veff_nb=[2,2048,512,524288]
GGML_TURBO_FA_DEBUG: path=decode-dequant-or-vec K=q4_0 V=turbo3 Q=[256,1,16,1] K=[256,256,4,1] V=[256,256,4,1] prefill_safe=0 can_make_f16_K=0 can_make_f16_V=1 turbo_k_classic_v_prefill=0 vec_override=0 batch_ok=0 dim_ok=1 turing_mma=1
CUDA_FA_ROUTE_EXEC_BEGIN Q=[256,1,16,1] Kraw=q4_0 Vraw=turbo3 decode=1 dk=0 dv=1 allow_vec=0 kernel=MMA_F16 need_f16_K=1 need_f16_V=0 Kdata=0x7facce2f4000 Vdata=0x7facce318000 dst=0x1000e0bcc80
CUDA_FA_ROUTE_EXEC_DISPATCH Qrun=f32 Q=[256,1,16,1] Qdata=0x1000e0a8c80 Krun=q4_0 K=[256,256,4,1] Kdata=0x7facce2f4000 Knb=[18,576,144,147456] Vrun=f16 V=[256,256,4,1] Vdata=0x7facd7400000 Vnb=[2,2048,512,524288] kernel=MMA_F16 compiled_pair=1
CUDA_FA_ROUTE_PLAN device=0 Q=[256,1,16,1] Kraw=q4_0 Vraw=turbo3 Kshape=[256,256,4,1] Vshape=[256,256,4,1] Keff=q4_0 Veff=f16 turbo_kv=1 prefer_native_vec=0 decode=1 dk=0 dv=1 unsafe_vec_after_turbo_v_decode=1 allow_vec=0 kernel=MMA_F16 need_f16_K=1 need_f16_V=0 Knb=[18,576,144,147456] Vnb=[50,400,100,102400] Keff_nb=[18,576,144,147456] Veff_nb=[2,2048,512,524288]
GGML_TURBO_FA_DEBUG: path=decode-dequant-or-vec K=q4_0 V=turbo3 Q=[256,1,16,1] K=[256,256,4,1] V=[256,256,4,1] prefill_safe=0 can_make_f16_K=0 can_make_f16_V=1 turbo_k_classic_v_prefill=0 vec_override=0 batch_ok=0 dim_ok=1 turing_mma=1
CUDA_FA_ROUTE_EXEC_BEGIN Q=[256,1,16,1] Kraw=q4_0 Vraw=turbo3 decode=1 dk=0 dv=1 allow_vec=0 kernel=MMA_F16 need_f16_K=1 need_f16_V=0 Kdata=0x7facce331000 Vdata=0x7facce355000 dst=0x1000e0bcc80
CUDA_FA_ROUTE_EXEC_DISPATCH Qrun=f32 Q=[256,1,16,1] Qdata=0x1000e0a8c80 Krun=q4_0 K=[256,256,4,1] Kdata=0x7facce331000 Knb=[18,576,144,147456] Vrun=f16 V=[256,256,4,1] Vdata=0x7facd7400000 Vnb=[2,2048,512,524288] kernel=MMA_F16 compiled_pair=1
CUDA_FA_ROUTE_PLAN device=0 Q=[256,1,16,1] Kraw=q4_0 Vraw=turbo3 Kshape=[256,256,4,1] Vshape=[256,256,4,1] Keff=q4_0 Veff=f16 turbo_kv=1 prefer_native_vec=0 decode=1 dk=0 dv=1 unsafe_vec_after_turbo_v_decode=1 allow_vec=0 kernel=MMA_F16 need_f16_K=1 need_f16_V=0 Knb=[18,576,144,147456] Vnb=[50,400,100,102400] Keff_nb=[18,576,144,147456] Veff_nb=[2,2048,512,524288]
GGML_TURBO_FA_DEBUG: path=decode-dequant-or-vec K=q4_0 V=turbo3 Q=[256,1,16,1] K=[256,256,4,1] V=[256,256,4,1] prefill_safe=0 can_make_f16_K=0 can_make_f16_V=1 turbo_k_classic_v_prefill=0 vec_override=0 batch_ok=0 dim_ok=1 turing_mma=1
CUDA_FA_ROUTE_EXEC_BEGIN Q=[256,1,16,1] Kraw=q4_0 Vraw=turbo3 decode=1 dk=0 dv=1 allow_vec=0 kernel=MMA_F16 need_f16_K=1 need_f16_V=0 Kdata=0x7facce36e000 Vdata=0x7facce392000 dst=0x1000e0bcc80
CUDA_FA_ROUTE_EXEC_DISPATCH Qrun=f32 Q=[256,1,16,1] Qdata=0x1000e0a8c80 Krun=q4_0 K=[256,256,4,1] Kdata=0x7facce36e000 Knb=[18,576,144,147456] Vrun=f16 V=[256,256,4,1] Vdata=0x7facd7400000 Vnb=[2,2048,512,524288] kernel=MMA_F16 compiled_pair=1
CUDA_FA_ROUTE_PLAN device=0 Q=[256,1,16,1] Kraw=q4_0 Vraw=turbo3 Kshape=[256,256,4,1] Vshape=[256,256,4,1] Keff=q4_0 Veff=f16 turbo_kv=1 prefer_native_vec=0 decode=1 dk=0 dv=1 unsafe_vec_after_turbo_v_decode=1 allow_vec=0 kernel=MMA_F16 need_f16_K=1 need_f16_V=0 Knb=[18,576,144,147456] Vnb=[50,400,100,102400] Keff_nb=[18,576,144,147456] Veff_nb=[2,2048,512,524288]
GGML_TURBO_FA_DEBUG: path=decode-dequant-or-vec K=q4_0 V=turbo3 Q=[256,1,16,1] K=[256,256,4,1] V=[256,256,4,1] prefill_safe=0 can_make_f16_K=0 can_make_f16_V=1 turbo_k_classic_v_prefill=0 vec_override=0 batch_ok=0 dim_ok=1 turing_mma=1
CUDA_FA_ROUTE_EXEC_BEGIN Q=[256,1,16,1] Kraw=q4_0 Vraw=turbo3 decode=1 dk=0 dv=1 allow_vec=0 kernel=MMA_F16 need_f16_K=1 need_f16_V=0 Kdata=0x7facce3ab000 Vdata=0x7facce3cf000 dst=0x1000e0bcc80
CUDA_FA_ROUTE_EXEC_DISPATCH Qrun=f32 Q=[256,1,16,1] Qdata=0x1000e0a8c80 Krun=q4_0 K=[256,256,4,1] Kdata=0x7facce3ab000 Knb=[18,576,144,147456] Vrun=f16 V=[256,256,4,1] Vdata=0x7facd7400000 Vnb=[2,2048,512,524288] kernel=MMA_F16 compiled_pair=1
.

0.02.879.685 I common_perf_print:    sampling time =       1.62 ms
0.02.879.686 I common_perf_print:    samplers time =       0.29 ms /     7 tokens
0.02.879.689 I common_perf_print:        load time =    1081.33 ms
0.02.879.690 I common_perf_print: prompt eval time =      51.12 ms /     5 tokens (   10.22 ms per token,    97.80 tokens per second)
0.02.879.697 I common_perf_print:        eval time =      26.21 ms /     1 runs   (   26.21 ms per token,    38.16 tokens per second)
0.02.879.698 I common_perf_print:       total time =      79.22 ms /     6 tokens
0.02.879.698 I common_perf_print: unaccounted time =       0.27 ms /   0.3 %      (total - sampling - prompt eval - eval) / (total)
0.02.879.699 I common_perf_print:    graphs reused =          0
