0.00.014.625 I llama_completion: llama backend init
0.00.014.632 I llama_completion: load the model and apply lora adapter, if any
CUDA_FA_ROUTE_PLAN device=0 Q=[256,1,16,1] Kraw=q4_1 Vraw=turbo4 Kshape=[256,256,4,1] Vshape=[256,256,4,1] Keff=q4_1 Veff=f16 turbo_kv=1 prefer_native_vec=0 decode=1 dk=0 dv=1 unsafe_vec_after_turbo_v_decode=1 allow_vec=0 kernel=MMA_F16 need_f16_K=1 need_f16_V=0 Knb=[20,640,160,163840] Vnb=[66,528,132,135168] Keff_nb=[20,640,160,163840] Veff_nb=[2,2048,512,524288]
CUDA_FA_ROUTE_SUPPORTED kernel=MMA_F16 effK=q4_1 effV=f16 supported=1
CUDA_FA_ROUTE_PLAN device=0 Q=[256,1,16,1] Kraw=q4_1 Vraw=turbo4 Kshape=[256,256,4,1] Vshape=[256,256,4,1] Keff=q4_1 Veff=f16 turbo_kv=1 prefer_native_vec=0 decode=1 dk=0 dv=1 unsafe_vec_after_turbo_v_decode=1 allow_vec=0 kernel=MMA_F16 need_f16_K=1 need_f16_V=0 Knb=[20,640,160,163840] Vnb=[66,528,132,135168] Keff_nb=[20,640,160,163840] Veff_nb=[2,2048,512,524288]
CUDA_FA_ROUTE_SUPPORTED kernel=MMA_F16 effK=q4_1 effV=f16 supported=1
CUDA_FA_ROUTE_PLAN device=0 Q=[256,1,16,1] Kraw=q4_1 Vraw=turbo4 Kshape=[256,256,4,1] Vshape=[256,256,4,1] Keff=q4_1 Veff=f16 turbo_kv=1 prefer_native_vec=0 decode=1 dk=0 dv=1 unsafe_vec_after_turbo_v_decode=1 allow_vec=0 kernel=MMA_F16 need_f16_K=1 need_f16_V=0 Knb=[20,640,160,163840] Vnb=[66,528,132,135168] Keff_nb=[20,640,160,163840] Veff_nb=[2,2048,512,524288]
CUDA_FA_ROUTE_SUPPORTED kernel=MMA_F16 effK=q4_1 effV=f16 supported=1
CUDA_FA_ROUTE_PLAN device=0 Q=[256,1,16,1] Kraw=q4_1 Vraw=turbo4 Kshape=[256,256,4,1] Vshape=[256,256,4,1] Keff=q4_1 Veff=f16 turbo_kv=1 prefer_native_vec=0 decode=1 dk=0 dv=1 unsafe_vec_after_turbo_v_decode=1 allow_vec=0 kernel=MMA_F16 need_f16_K=1 need_f16_V=0 Knb=[20,640,160,163840] Vnb=[66,528,132,135168] Keff_nb=[20,640,160,163840] Veff_nb=[2,2048,512,524288]
CUDA_FA_ROUTE_SUPPORTED kernel=MMA_F16 effK=q4_1 effV=f16 supported=1
CUDA_FA_ROUTE_PLAN device=0 Q=[256,1,16,1] Kraw=q4_1 Vraw=turbo4 Kshape=[256,256,4,1] Vshape=[256,256,4,1] Keff=q4_1 Veff=f16 turbo_kv=1 prefer_native_vec=0 decode=1 dk=0 dv=1 unsafe_vec_after_turbo_v_decode=1 allow_vec=0 kernel=MMA_F16 need_f16_K=1 need_f16_V=0 Knb=[20,640,160,163840] Vnb=[66,528,132,135168] Keff_nb=[20,640,160,163840] Veff_nb=[2,2048,512,524288]
CUDA_FA_ROUTE_SUPPORTED kernel=MMA_F16 effK=q4_1 effV=f16 supported=1
CUDA_FA_ROUTE_PLAN device=0 Q=[256,1,16,1] Kraw=q4_1 Vraw=turbo4 Kshape=[256,256,4,1] Vshape=[256,256,4,1] Keff=q4_1 Veff=f16 turbo_kv=1 prefer_native_vec=0 decode=1 dk=0 dv=1 unsafe_vec_after_turbo_v_decode=1 allow_vec=0 kernel=MMA_F16 need_f16_K=1 need_f16_V=0 Knb=[20,640,160,163840] Vnb=[66,528,132,135168] Keff_nb=[20,640,160,163840] Veff_nb=[2,2048,512,524288]
CUDA_FA_ROUTE_SUPPORTED kernel=MMA_F16 effK=q4_1 effV=f16 supported=1
CUDA_FA_ROUTE_PLAN device=0 Q=[256,1,16,1] Kraw=q4_1 Vraw=turbo4 Kshape=[256,256,4,1] Vshape=[256,256,4,1] Keff=q4_1 Veff=f16 turbo_kv=1 prefer_native_vec=0 decode=1 dk=0 dv=1 unsafe_vec_after_turbo_v_decode=1 allow_vec=0 kernel=MMA_F16 need_f16_K=1 need_f16_V=0 Knb=[20,640,160,163840] Vnb=[66,528,132,135168] Keff_nb=[20,640,160,163840] Veff_nb=[2,2048,512,524288]
CUDA_FA_ROUTE_SUPPORTED kernel=MMA_F16 effK=q4_1 effV=f16 supported=1
CUDA_FA_ROUTE_PLAN device=0 Q=[256,1,16,1] Kraw=q4_1 Vraw=turbo4 Kshape=[256,256,4,1] Vshape=[256,256,4,1] Keff=q4_1 Veff=f16 turbo_kv=1 prefer_native_vec=0 decode=1 dk=0 dv=1 unsafe_vec_after_turbo_v_decode=1 allow_vec=0 kernel=MMA_F16 need_f16_K=1 need_f16_V=0 Knb=[20,640,160,163840] Vnb=[66,528,132,135168] Keff_nb=[20,640,160,163840] Veff_nb=[2,2048,512,524288]
CUDA_FA_ROUTE_SUPPORTED kernel=MMA_F16 effK=q4_1 effV=f16 supported=1
CUDA_FA_ROUTE_PLAN device=0 Q=[256,16,16,1] Kraw=q4_1 Vraw=turbo4 Kshape=[256,256,4,1] Vshape=[256,256,4,1] Keff=q4_1 Veff=f16 turbo_kv=1 prefer_native_vec=0 decode=1 dk=0 dv=1 unsafe_vec_after_turbo_v_decode=1 allow_vec=0 kernel=MMA_F16 need_f16_K=1 need_f16_V=0 Knb=[20,640,160,163840] Vnb=[66,528,132,135168] Keff_nb=[20,640,160,163840] Veff_nb=[2,2048,512,524288]
CUDA_FA_ROUTE_SUPPORTED kernel=MMA_F16 effK=q4_1 effV=f16 supported=1
CUDA_FA_ROUTE_PLAN device=0 Q=[256,16,16,1] Kraw=q4_1 Vraw=turbo4 Kshape=[256,256,4,1] Vshape=[256,256,4,1] Keff=q4_1 Veff=f16 turbo_kv=1 prefer_native_vec=0 decode=1 dk=0 dv=1 unsafe_vec_after_turbo_v_decode=1 allow_vec=0 kernel=MMA_F16 need_f16_K=1 need_f16_V=0 Knb=[20,640,160,163840] Vnb=[66,528,132,135168] Keff_nb=[20,640,160,163840] Veff_nb=[2,2048,512,524288]
CUDA_FA_ROUTE_SUPPORTED kernel=MMA_F16 effK=q4_1 effV=f16 supported=1
CUDA_FA_ROUTE_PLAN device=0 Q=[256,16,16,1] Kraw=q4_1 Vraw=turbo4 Kshape=[256,256,4,1] Vshape=[256,256,4,1] Keff=q4_1 Veff=f16 turbo_kv=1 prefer_native_vec=0 decode=1 dk=0 dv=1 unsafe_vec_after_turbo_v_decode=1 allow_vec=0 kernel=MMA_F16 need_f16_K=1 need_f16_V=0 Knb=[20,640,160,163840] Vnb=[66,528,132,135168] Keff_nb=[20,640,160,163840] Veff_nb=[2,2048,512,524288]
CUDA_FA_ROUTE_SUPPORTED kernel=MMA_F16 effK=q4_1 effV=f16 supported=1
CUDA_FA_ROUTE_PLAN device=0 Q=[256,16,16,1] Kraw=q4_1 Vraw=turbo4 Kshape=[256,256,4,1] Vshape=[256,256,4,1] Keff=q4_1 Veff=f16 turbo_kv=1 prefer_native_vec=0 decode=1 dk=0 dv=1 unsafe_vec_after_turbo_v_decode=1 allow_vec=0 kernel=MMA_F16 need_f16_K=1 need_f16_V=0 Knb=[20,640,160,163840] Vnb=[66,528,132,135168] Keff_nb=[20,640,160,163840] Veff_nb=[2,2048,512,524288]
CUDA_FA_ROUTE_SUPPORTED kernel=MMA_F16 effK=q4_1 effV=f16 supported=1
CUDA_FA_ROUTE_PLAN device=0 Q=[256,16,16,1] Kraw=q4_1 Vraw=turbo4 Kshape=[256,256,4,1] Vshape=[256,256,4,1] Keff=q4_1 Veff=f16 turbo_kv=1 prefer_native_vec=0 decode=1 dk=0 dv=1 unsafe_vec_after_turbo_v_decode=1 allow_vec=0 kernel=MMA_F16 need_f16_K=1 need_f16_V=0 Knb=[20,640,160,163840] Vnb=[66,528,132,135168] Keff_nb=[20,640,160,163840] Veff_nb=[2,2048,512,524288]
CUDA_FA_ROUTE_SUPPORTED kernel=MMA_F16 effK=q4_1 effV=f16 supported=1
CUDA_FA_ROUTE_PLAN device=0 Q=[256,16,16,1] Kraw=q4_1 Vraw=turbo4 Kshape=[256,256,4,1] Vshape=[256,256,4,1] Keff=q4_1 Veff=f16 turbo_kv=1 prefer_native_vec=0 decode=1 dk=0 dv=1 unsafe_vec_after_turbo_v_decode=1 allow_vec=0 kernel=MMA_F16 need_f16_K=1 need_f16_V=0 Knb=[20,640,160,163840] Vnb=[66,528,132,135168] Keff_nb=[20,640,160,163840] Veff_nb=[2,2048,512,524288]
CUDA_FA_ROUTE_SUPPORTED kernel=MMA_F16 effK=q4_1 effV=f16 supported=1
CUDA_FA_ROUTE_PLAN device=0 Q=[256,16,16,1] Kraw=q4_1 Vraw=turbo4 Kshape=[256,256,4,1] Vshape=[256,256,4,1] Keff=q4_1 Veff=f16 turbo_kv=1 prefer_native_vec=0 decode=1 dk=0 dv=1 unsafe_vec_after_turbo_v_decode=1 allow_vec=0 kernel=MMA_F16 need_f16_K=1 need_f16_V=0 Knb=[20,640,160,163840] Vnb=[66,528,132,135168] Keff_nb=[20,640,160,163840] Veff_nb=[2,2048,512,524288]
CUDA_FA_ROUTE_SUPPORTED kernel=MMA_F16 effK=q4_1 effV=f16 supported=1
CUDA_FA_ROUTE_PLAN device=0 Q=[256,16,16,1] Kraw=q4_1 Vraw=turbo4 Kshape=[256,256,4,1] Vshape=[256,256,4,1] Keff=q4_1 Veff=f16 turbo_kv=1 prefer_native_vec=0 decode=1 dk=0 dv=1 unsafe_vec_after_turbo_v_decode=1 allow_vec=0 kernel=MMA_F16 need_f16_K=1 need_f16_V=0 Knb=[20,640,160,163840] Vnb=[66,528,132,135168] Keff_nb=[20,640,160,163840] Veff_nb=[2,2048,512,524288]
CUDA_FA_ROUTE_SUPPORTED kernel=MMA_F16 effK=q4_1 effV=f16 supported=1
CUDA_FA_ROUTE_PLAN device=0 Q=[256,1,16,1] Kraw=q4_1 Vraw=turbo4 Kshape=[256,256,4,1] Vshape=[256,256,4,1] Keff=q4_1 Veff=f16 turbo_kv=1 prefer_native_vec=0 decode=1 dk=0 dv=1 unsafe_vec_after_turbo_v_decode=1 allow_vec=0 kernel=MMA_F16 need_f16_K=1 need_f16_V=0 Knb=[20,640,160,163840] Vnb=[66,528,132,135168] Keff_nb=[20,640,160,163840] Veff_nb=[2,2048,512,524288]
CUDA_FA_ROUTE_SUPPORTED kernel=MMA_F16 effK=q4_1 effV=f16 supported=1
CUDA_FA_ROUTE_PLAN device=0 Q=[256,1,16,1] Kraw=q4_1 Vraw=turbo4 Kshape=[256,256,4,1] Vshape=[256,256,4,1] Keff=q4_1 Veff=f16 turbo_kv=1 prefer_native_vec=0 decode=1 dk=0 dv=1 unsafe_vec_after_turbo_v_decode=1 allow_vec=0 kernel=MMA_F16 need_f16_K=1 need_f16_V=0 Knb=[20,640,160,163840] Vnb=[66,528,132,135168] Keff_nb=[20,640,160,163840] Veff_nb=[2,2048,512,524288]
CUDA_FA_ROUTE_SUPPORTED kernel=MMA_F16 effK=q4_1 effV=f16 supported=1
CUDA_FA_ROUTE_PLAN device=0 Q=[256,1,16,1] Kraw=q4_1 Vraw=turbo4 Kshape=[256,256,4,1] Vshape=[256,256,4,1] Keff=q4_1 Veff=f16 turbo_kv=1 prefer_native_vec=0 decode=1 dk=0 dv=1 unsafe_vec_after_turbo_v_decode=1 allow_vec=0 kernel=MMA_F16 need_f16_K=1 need_f16_V=0 Knb=[20,640,160,163840] Vnb=[66,528,132,135168] Keff_nb=[20,640,160,163840] Veff_nb=[2,2048,512,524288]
CUDA_FA_ROUTE_SUPPORTED kernel=MMA_F16 effK=q4_1 effV=f16 supported=1
CUDA_FA_ROUTE_PLAN device=0 Q=[256,1,16,1] Kraw=q4_1 Vraw=turbo4 Kshape=[256,256,4,1] Vshape=[256,256,4,1] Keff=q4_1 Veff=f16 turbo_kv=1 prefer_native_vec=0 decode=1 dk=0 dv=1 unsafe_vec_after_turbo_v_decode=1 allow_vec=0 kernel=MMA_F16 need_f16_K=1 need_f16_V=0 Knb=[20,640,160,163840] Vnb=[66,528,132,135168] Keff_nb=[20,640,160,163840] Veff_nb=[2,2048,512,524288]
CUDA_FA_ROUTE_SUPPORTED kernel=MMA_F16 effK=q4_1 effV=f16 supported=1
CUDA_FA_ROUTE_PLAN device=0 Q=[256,1,16,1] Kraw=q4_1 Vraw=turbo4 Kshape=[256,256,4,1] Vshape=[256,256,4,1] Keff=q4_1 Veff=f16 turbo_kv=1 prefer_native_vec=0 decode=1 dk=0 dv=1 unsafe_vec_after_turbo_v_decode=1 allow_vec=0 kernel=MMA_F16 need_f16_K=1 need_f16_V=0 Knb=[20,640,160,163840] Vnb=[66,528,132,135168] Keff_nb=[20,640,160,163840] Veff_nb=[2,2048,512,524288]
CUDA_FA_ROUTE_SUPPORTED kernel=MMA_F16 effK=q4_1 effV=f16 supported=1
CUDA_FA_ROUTE_PLAN device=0 Q=[256,1,16,1] Kraw=q4_1 Vraw=turbo4 Kshape=[256,256,4,1] Vshape=[256,256,4,1] Keff=q4_1 Veff=f16 turbo_kv=1 prefer_native_vec=0 decode=1 dk=0 dv=1 unsafe_vec_after_turbo_v_decode=1 allow_vec=0 kernel=MMA_F16 need_f16_K=1 need_f16_V=0 Knb=[20,640,160,163840] Vnb=[66,528,132,135168] Keff_nb=[20,640,160,163840] Veff_nb=[2,2048,512,524288]
CUDA_FA_ROUTE_SUPPORTED kernel=MMA_F16 effK=q4_1 effV=f16 supported=1
CUDA_FA_ROUTE_PLAN device=0 Q=[256,1,16,1] Kraw=q4_1 Vraw=turbo4 Kshape=[256,256,4,1] Vshape=[256,256,4,1] Keff=q4_1 Veff=f16 turbo_kv=1 prefer_native_vec=0 decode=1 dk=0 dv=1 unsafe_vec_after_turbo_v_decode=1 allow_vec=0 kernel=MMA_F16 need_f16_K=1 need_f16_V=0 Knb=[20,640,160,163840] Vnb=[66,528,132,135168] Keff_nb=[20,640,160,163840] Veff_nb=[2,2048,512,524288]
CUDA_FA_ROUTE_SUPPORTED kernel=MMA_F16 effK=q4_1 effV=f16 supported=1
CUDA_FA_ROUTE_PLAN device=0 Q=[256,1,16,1] Kraw=q4_1 Vraw=turbo4 Kshape=[256,256,4,1] Vshape=[256,256,4,1] Keff=q4_1 Veff=f16 turbo_kv=1 prefer_native_vec=0 decode=1 dk=0 dv=1 unsafe_vec_after_turbo_v_decode=1 allow_vec=0 kernel=MMA_F16 need_f16_K=1 need_f16_V=0 Knb=[20,640,160,163840] Vnb=[66,528,132,135168] Keff_nb=[20,640,160,163840] Veff_nb=[2,2048,512,524288]
CUDA_FA_ROUTE_SUPPORTED kernel=MMA_F16 effK=q4_1 effV=f16 supported=1
CUDA_FA_ROUTE_PLAN device=0 Q=[256,256,16,1] Kraw=q4_1 Vraw=turbo4 Kshape=[256,256,4,1] Vshape=[256,256,4,1] Keff=q4_1 Veff=f16 turbo_kv=1 prefer_native_vec=0 decode=1 dk=0 dv=1 unsafe_vec_after_turbo_v_decode=1 allow_vec=0 kernel=MMA_F16 need_f16_K=1 need_f16_V=0 Knb=[20,640,160,163840] Vnb=[66,528,132,135168] Keff_nb=[20,640,160,163840] Veff_nb=[2,2048,512,524288]
CUDA_FA_ROUTE_SUPPORTED kernel=MMA_F16 effK=q4_1 effV=f16 supported=1
CUDA_FA_ROUTE_PLAN device=0 Q=[256,256,16,1] Kraw=q4_1 Vraw=turbo4 Kshape=[256,256,4,1] Vshape=[256,256,4,1] Keff=q4_1 Veff=f16 turbo_kv=1 prefer_native_vec=0 decode=1 dk=0 dv=1 unsafe_vec_after_turbo_v_decode=1 allow_vec=0 kernel=MMA_F16 need_f16_K=1 need_f16_V=0 Knb=[20,640,160,163840] Vnb=[66,528,132,135168] Keff_nb=[20,640,160,163840] Veff_nb=[2,2048,512,524288]
CUDA_FA_ROUTE_SUPPORTED kernel=MMA_F16 effK=q4_1 effV=f16 supported=1
CUDA_FA_ROUTE_PLAN device=0 Q=[256,256,16,1] Kraw=q4_1 Vraw=turbo4 Kshape=[256,256,4,1] Vshape=[256,256,4,1] Keff=q4_1 Veff=f16 turbo_kv=1 prefer_native_vec=0 decode=1 dk=0 dv=1 unsafe_vec_after_turbo_v_decode=1 allow_vec=0 kernel=MMA_F16 need_f16_K=1 need_f16_V=0 Knb=[20,640,160,163840] Vnb=[66,528,132,135168] Keff_nb=[20,640,160,163840] Veff_nb=[2,2048,512,524288]
CUDA_FA_ROUTE_SUPPORTED kernel=MMA_F16 effK=q4_1 effV=f16 supported=1
CUDA_FA_ROUTE_PLAN device=0 Q=[256,256,16,1] Kraw=q4_1 Vraw=turbo4 Kshape=[256,256,4,1] Vshape=[256,256,4,1] Keff=q4_1 Veff=f16 turbo_kv=1 prefer_native_vec=0 decode=1 dk=0 dv=1 unsafe_vec_after_turbo_v_decode=1 allow_vec=0 kernel=MMA_F16 need_f16_K=1 need_f16_V=0 Knb=[20,640,160,163840] Vnb=[66,528,132,135168] Keff_nb=[20,640,160,163840] Veff_nb=[2,2048,512,524288]
CUDA_FA_ROUTE_SUPPORTED kernel=MMA_F16 effK=q4_1 effV=f16 supported=1
CUDA_FA_ROUTE_PLAN device=0 Q=[256,256,16,1] Kraw=q4_1 Vraw=turbo4 Kshape=[256,256,4,1] Vshape=[256,256,4,1] Keff=q4_1 Veff=f16 turbo_kv=1 prefer_native_vec=0 decode=1 dk=0 dv=1 unsafe_vec_after_turbo_v_decode=1 allow_vec=0 kernel=MMA_F16 need_f16_K=1 need_f16_V=0 Knb=[20,640,160,163840] Vnb=[66,528,132,135168] Keff_nb=[20,640,160,163840] Veff_nb=[2,2048,512,524288]
CUDA_FA_ROUTE_SUPPORTED kernel=MMA_F16 effK=q4_1 effV=f16 supported=1
CUDA_FA_ROUTE_PLAN device=0 Q=[256,256,16,1] Kraw=q4_1 Vraw=turbo4 Kshape=[256,256,4,1] Vshape=[256,256,4,1] Keff=q4_1 Veff=f16 turbo_kv=1 prefer_native_vec=0 decode=1 dk=0 dv=1 unsafe_vec_after_turbo_v_decode=1 allow_vec=0 kernel=MMA_F16 need_f16_K=1 need_f16_V=0 Knb=[20,640,160,163840] Vnb=[66,528,132,135168] Keff_nb=[20,640,160,163840] Veff_nb=[2,2048,512,524288]
CUDA_FA_ROUTE_SUPPORTED kernel=MMA_F16 effK=q4_1 effV=f16 supported=1
CUDA_FA_ROUTE_PLAN device=0 Q=[256,256,16,1] Kraw=q4_1 Vraw=turbo4 Kshape=[256,256,4,1] Vshape=[256,256,4,1] Keff=q4_1 Veff=f16 turbo_kv=1 prefer_native_vec=0 decode=1 dk=0 dv=1 unsafe_vec_after_turbo_v_decode=1 allow_vec=0 kernel=MMA_F16 need_f16_K=1 need_f16_V=0 Knb=[20,640,160,163840] Vnb=[66,528,132,135168] Keff_nb=[20,640,160,163840] Veff_nb=[2,2048,512,524288]
CUDA_FA_ROUTE_SUPPORTED kernel=MMA_F16 effK=q4_1 effV=f16 supported=1
CUDA_FA_ROUTE_PLAN device=0 Q=[256,256,16,1] Kraw=q4_1 Vraw=turbo4 Kshape=[256,256,4,1] Vshape=[256,256,4,1] Keff=q4_1 Veff=f16 turbo_kv=1 prefer_native_vec=0 decode=1 dk=0 dv=1 unsafe_vec_after_turbo_v_decode=1 allow_vec=0 kernel=MMA_F16 need_f16_K=1 need_f16_V=0 Knb=[20,640,160,163840] Vnb=[66,528,132,135168] Keff_nb=[20,640,160,163840] Veff_nb=[2,2048,512,524288]
CUDA_FA_ROUTE_SUPPORTED kernel=MMA_F16 effK=q4_1 effV=f16 supported=1
CUDA_FA_ROUTE_PLAN device=0 Q=[256,256,16,1] Kraw=q4_1 Vraw=turbo4 Kshape=[256,256,4,1] Vshape=[256,256,4,1] Keff=q4_1 Veff=f16 turbo_kv=1 prefer_native_vec=0 decode=1 dk=0 dv=1 unsafe_vec_after_turbo_v_decode=1 allow_vec=0 kernel=MMA_F16 need_f16_K=1 need_f16_V=0 Knb=[20,640,160,163840] Vnb=[66,528,132,135168] Keff_nb=[20,640,160,163840] Veff_nb=[2,2048,512,524288]
CUDA_FA_ROUTE_ALLOC kernel=MMA_F16 need_f16_K=1 need_f16_V=0 workspace_end_offset=4718592 dst_data=(nil) f16_K=0x400000 f16_V=(nil) f16_end=0x480000
CUDA_FA_ROUTE_PLAN device=0 Q=[256,256,16,1] Kraw=q4_1 Vraw=turbo4 Kshape=[256,256,4,1] Vshape=[256,256,4,1] Keff=q4_1 Veff=f16 turbo_kv=1 prefer_native_vec=0 decode=1 dk=0 dv=1 unsafe_vec_after_turbo_v_decode=1 allow_vec=0 kernel=MMA_F16 need_f16_K=1 need_f16_V=0 Knb=[20,640,160,163840] Vnb=[66,528,132,135168] Keff_nb=[20,640,160,163840] Veff_nb=[2,2048,512,524288]
CUDA_FA_ROUTE_ALLOC kernel=MMA_F16 need_f16_K=1 need_f16_V=0 workspace_end_offset=4718592 dst_data=(nil) f16_K=0x400000 f16_V=(nil) f16_end=0x480000
CUDA_FA_ROUTE_PLAN device=0 Q=[256,256,16,1] Kraw=q4_1 Vraw=turbo4 Kshape=[256,256,4,1] Vshape=[256,256,4,1] Keff=q4_1 Veff=f16 turbo_kv=1 prefer_native_vec=0 decode=1 dk=0 dv=1 unsafe_vec_after_turbo_v_decode=1 allow_vec=0 kernel=MMA_F16 need_f16_K=1 need_f16_V=0 Knb=[20,640,160,163840] Vnb=[66,528,132,135168] Keff_nb=[20,640,160,163840] Veff_nb=[2,2048,512,524288]
CUDA_FA_ROUTE_ALLOC kernel=MMA_F16 need_f16_K=1 need_f16_V=0 workspace_end_offset=4718592 dst_data=(nil) f16_K=0x400000 f16_V=(nil) f16_end=0x480000
CUDA_FA_ROUTE_PLAN device=0 Q=[256,256,16,1] Kraw=q4_1 Vraw=turbo4 Kshape=[256,256,4,1] Vshape=[256,256,4,1] Keff=q4_1 Veff=f16 turbo_kv=1 prefer_native_vec=0 decode=1 dk=0 dv=1 unsafe_vec_after_turbo_v_decode=1 allow_vec=0 kernel=MMA_F16 need_f16_K=1 need_f16_V=0 Knb=[20,640,160,163840] Vnb=[66,528,132,135168] Keff_nb=[20,640,160,163840] Veff_nb=[2,2048,512,524288]
CUDA_FA_ROUTE_ALLOC kernel=MMA_F16 need_f16_K=1 need_f16_V=0 workspace_end_offset=4718592 dst_data=(nil) f16_K=0x400000 f16_V=(nil) f16_end=0x480000
CUDA_FA_ROUTE_PLAN device=0 Q=[256,256,16,1] Kraw=q4_1 Vraw=turbo4 Kshape=[256,256,4,1] Vshape=[256,256,4,1] Keff=q4_1 Veff=f16 turbo_kv=1 prefer_native_vec=0 decode=1 dk=0 dv=1 unsafe_vec_after_turbo_v_decode=1 allow_vec=0 kernel=MMA_F16 need_f16_K=1 need_f16_V=0 Knb=[20,640,160,163840] Vnb=[66,528,132,135168] Keff_nb=[20,640,160,163840] Veff_nb=[2,2048,512,524288]
CUDA_FA_ROUTE_ALLOC kernel=MMA_F16 need_f16_K=1 need_f16_V=0 workspace_end_offset=4718592 dst_data=(nil) f16_K=0x400000 f16_V=(nil) f16_end=0x480000
CUDA_FA_ROUTE_PLAN device=0 Q=[256,256,16,1] Kraw=q4_1 Vraw=turbo4 Kshape=[256,256,4,1] Vshape=[256,256,4,1] Keff=q4_1 Veff=f16 turbo_kv=1 prefer_native_vec=0 decode=1 dk=0 dv=1 unsafe_vec_after_turbo_v_decode=1 allow_vec=0 kernel=MMA_F16 need_f16_K=1 need_f16_V=0 Knb=[20,640,160,163840] Vnb=[66,528,132,135168] Keff_nb=[20,640,160,163840] Veff_nb=[2,2048,512,524288]
CUDA_FA_ROUTE_ALLOC kernel=MMA_F16 need_f16_K=1 need_f16_V=0 workspace_end_offset=4718592 dst_data=(nil) f16_K=0x400000 f16_V=(nil) f16_end=0x480000
CUDA_FA_ROUTE_PLAN device=0 Q=[256,256,16,1] Kraw=q4_1 Vraw=turbo4 Kshape=[256,256,4,1] Vshape=[256,256,4,1] Keff=q4_1 Veff=f16 turbo_kv=1 prefer_native_vec=0 decode=1 dk=0 dv=1 unsafe_vec_after_turbo_v_decode=1 allow_vec=0 kernel=MMA_F16 need_f16_K=1 need_f16_V=0 Knb=[20,640,160,163840] Vnb=[66,528,132,135168] Keff_nb=[20,640,160,163840] Veff_nb=[2,2048,512,524288]
CUDA_FA_ROUTE_ALLOC kernel=MMA_F16 need_f16_K=1 need_f16_V=0 workspace_end_offset=4718592 dst_data=(nil) f16_K=0x400000 f16_V=(nil) f16_end=0x480000
CUDA_FA_ROUTE_PLAN device=0 Q=[256,256,16,1] Kraw=q4_1 Vraw=turbo4 Kshape=[256,256,4,1] Vshape=[256,256,4,1] Keff=q4_1 Veff=f16 turbo_kv=1 prefer_native_vec=0 decode=1 dk=0 dv=1 unsafe_vec_after_turbo_v_decode=1 allow_vec=0 kernel=MMA_F16 need_f16_K=1 need_f16_V=0 Knb=[20,640,160,163840] Vnb=[66,528,132,135168] Keff_nb=[20,640,160,163840] Veff_nb=[2,2048,512,524288]
CUDA_FA_ROUTE_ALLOC kernel=MMA_F16 need_f16_K=1 need_f16_V=0 workspace_end_offset=4718592 dst_data=(nil) f16_K=0x400000 f16_V=(nil) f16_end=0x480000
CUDA_FA_ROUTE_PLAN device=0 Q=[256,256,16,1] Kraw=q4_1 Vraw=turbo4 Kshape=[256,256,4,1] Vshape=[256,256,4,1] Keff=q4_1 Veff=f16 turbo_kv=1 prefer_native_vec=0 decode=1 dk=0 dv=1 unsafe_vec_after_turbo_v_decode=1 allow_vec=0 kernel=MMA_F16 need_f16_K=1 need_f16_V=0 Knb=[20,640,160,163840] Vnb=[66,528,132,135168] Keff_nb=[20,640,160,163840] Veff_nb=[2,2048,512,524288]
CUDA_FA_ROUTE_ALLOC kernel=MMA_F16 need_f16_K=1 need_f16_V=0 workspace_end_offset=4718592 dst_data=(nil) f16_K=0x400000 f16_V=(nil) f16_end=0x480000
CUDA_FA_ROUTE_PLAN device=0 Q=[256,256,16,1] Kraw=q4_1 Vraw=turbo4 Kshape=[256,256,4,1] Vshape=[256,256,4,1] Keff=q4_1 Veff=f16 turbo_kv=1 prefer_native_vec=0 decode=1 dk=0 dv=1 unsafe_vec_after_turbo_v_decode=1 allow_vec=0 kernel=MMA_F16 need_f16_K=1 need_f16_V=0 Knb=[20,640,160,163840] Vnb=[66,528,132,135168] Keff_nb=[20,640,160,163840] Veff_nb=[2,2048,512,524288]
CUDA_FA_ROUTE_ALLOC kernel=MMA_F16 need_f16_K=1 need_f16_V=0 workspace_end_offset=4718592 dst_data=(nil) f16_K=0x400000 f16_V=(nil) f16_end=0x480000
CUDA_FA_ROUTE_PLAN device=0 Q=[256,256,16,1] Kraw=q4_1 Vraw=turbo4 Kshape=[256,256,4,1] Vshape=[256,256,4,1] Keff=q4_1 Veff=f16 turbo_kv=1 prefer_native_vec=0 decode=1 dk=0 dv=1 unsafe_vec_after_turbo_v_decode=1 allow_vec=0 kernel=MMA_F16 need_f16_K=1 need_f16_V=0 Knb=[20,640,160,163840] Vnb=[66,528,132,135168] Keff_nb=[20,640,160,163840] Veff_nb=[2,2048,512,524288]
CUDA_FA_ROUTE_ALLOC kernel=MMA_F16 need_f16_K=1 need_f16_V=0 workspace_end_offset=4718592 dst_data=(nil) f16_K=0x400000 f16_V=(nil) f16_end=0x480000
CUDA_FA_ROUTE_PLAN device=0 Q=[256,256,16,1] Kraw=q4_1 Vraw=turbo4 Kshape=[256,256,4,1] Vshape=[256,256,4,1] Keff=q4_1 Veff=f16 turbo_kv=1 prefer_native_vec=0 decode=1 dk=0 dv=1 unsafe_vec_after_turbo_v_decode=1 allow_vec=0 kernel=MMA_F16 need_f16_K=1 need_f16_V=0 Knb=[20,640,160,163840] Vnb=[66,528,132,135168] Keff_nb=[20,640,160,163840] Veff_nb=[2,2048,512,524288]
CUDA_FA_ROUTE_ALLOC kernel=MMA_F16 need_f16_K=1 need_f16_V=0 workspace_end_offset=4718592 dst_data=(nil) f16_K=0x400000 f16_V=(nil) f16_end=0x480000
CUDA_FA_ROUTE_PLAN device=0 Q=[256,256,16,1] Kraw=q4_1 Vraw=turbo4 Kshape=[256,256,4,1] Vshape=[256,256,4,1] Keff=q4_1 Veff=f16 turbo_kv=1 prefer_native_vec=0 decode=1 dk=0 dv=1 unsafe_vec_after_turbo_v_decode=1 allow_vec=0 kernel=MMA_F16 need_f16_K=1 need_f16_V=0 Knb=[20,640,160,163840] Vnb=[66,528,132,135168] Keff_nb=[20,640,160,163840] Veff_nb=[2,2048,512,524288]
CUDA_FA_ROUTE_ALLOC kernel=MMA_F16 need_f16_K=1 need_f16_V=0 workspace_end_offset=4718592 dst_data=(nil) f16_K=0x400000 f16_V=(nil) f16_end=0x480000
CUDA_FA_ROUTE_PLAN device=0 Q=[256,256,16,1] Kraw=q4_1 Vraw=turbo4 Kshape=[256,256,4,1] Vshape=[256,256,4,1] Keff=q4_1 Veff=f16 turbo_kv=1 prefer_native_vec=0 decode=1 dk=0 dv=1 unsafe_vec_after_turbo_v_decode=1 allow_vec=0 kernel=MMA_F16 need_f16_K=1 need_f16_V=0 Knb=[20,640,160,163840] Vnb=[66,528,132,135168] Keff_nb=[20,640,160,163840] Veff_nb=[2,2048,512,524288]
CUDA_FA_ROUTE_ALLOC kernel=MMA_F16 need_f16_K=1 need_f16_V=0 workspace_end_offset=4718592 dst_data=(nil) f16_K=0x400000 f16_V=(nil) f16_end=0x480000
CUDA_FA_ROUTE_PLAN device=0 Q=[256,256,16,1] Kraw=q4_1 Vraw=turbo4 Kshape=[256,256,4,1] Vshape=[256,256,4,1] Keff=q4_1 Veff=f16 turbo_kv=1 prefer_native_vec=0 decode=1 dk=0 dv=1 unsafe_vec_after_turbo_v_decode=1 allow_vec=0 kernel=MMA_F16 need_f16_K=1 need_f16_V=0 Knb=[20,640,160,163840] Vnb=[66,528,132,135168] Keff_nb=[20,640,160,163840] Veff_nb=[2,2048,512,524288]
CUDA_FA_ROUTE_ALLOC kernel=MMA_F16 need_f16_K=1 need_f16_V=0 workspace_end_offset=4718592 dst_data=(nil) f16_K=0x400000 f16_V=(nil) f16_end=0x480000
CUDA_FA_ROUTE_PLAN device=0 Q=[256,256,16,1] Kraw=q4_1 Vraw=turbo4 Kshape=[256,256,4,1] Vshape=[256,256,4,1] Keff=q4_1 Veff=f16 turbo_kv=1 prefer_native_vec=0 decode=1 dk=0 dv=1 unsafe_vec_after_turbo_v_decode=1 allow_vec=0 kernel=MMA_F16 need_f16_K=1 need_f16_V=0 Knb=[20,640,160,163840] Vnb=[66,528,132,135168] Keff_nb=[20,640,160,163840] Veff_nb=[2,2048,512,524288]
CUDA_FA_ROUTE_ALLOC kernel=MMA_F16 need_f16_K=1 need_f16_V=0 workspace_end_offset=4718592 dst_data=(nil) f16_K=0x400000 f16_V=(nil) f16_end=0x480000
CUDA_FA_ROUTE_PLAN device=0 Q=[256,256,16,1] Kraw=q4_1 Vraw=turbo4 Kshape=[256,256,4,1] Vshape=[256,256,4,1] Keff=q4_1 Veff=f16 turbo_kv=1 prefer_native_vec=0 decode=1 dk=0 dv=1 unsafe_vec_after_turbo_v_decode=1 allow_vec=0 kernel=MMA_F16 need_f16_K=1 need_f16_V=0 Knb=[20,640,160,163840] Vnb=[66,528,132,135168] Keff_nb=[20,640,160,163840] Veff_nb=[2,2048,512,524288]
CUDA_FA_ROUTE_ALLOC kernel=MMA_F16 need_f16_K=1 need_f16_V=0 workspace_end_offset=4718592 dst_data=(nil) f16_K=0x400000 f16_V=(nil) f16_end=0x480000
CUDA_FA_ROUTE_PLAN device=0 Q=[256,256,16,1] Kraw=q4_1 Vraw=turbo4 Kshape=[256,256,4,1] Vshape=[256,256,4,1] Keff=q4_1 Veff=f16 turbo_kv=1 prefer_native_vec=0 decode=1 dk=0 dv=1 unsafe_vec_after_turbo_v_decode=1 allow_vec=0 kernel=MMA_F16 need_f16_K=1 need_f16_V=0 Knb=[20,640,160,163840] Vnb=[66,528,132,135168] Keff_nb=[20,640,160,163840] Veff_nb=[2,2048,512,524288]
CUDA_FA_ROUTE_ALLOC kernel=MMA_F16 need_f16_K=1 need_f16_V=0 workspace_end_offset=4718592 dst_data=(nil) f16_K=0x400000 f16_V=(nil) f16_end=0x480000
CUDA_FA_ROUTE_PLAN device=0 Q=[256,256,16,1] Kraw=q4_1 Vraw=turbo4 Kshape=[256,256,4,1] Vshape=[256,256,4,1] Keff=q4_1 Veff=f16 turbo_kv=1 prefer_native_vec=0 decode=1 dk=0 dv=1 unsafe_vec_after_turbo_v_decode=1 allow_vec=0 kernel=MMA_F16 need_f16_K=1 need_f16_V=0 Knb=[20,640,160,163840] Vnb=[66,528,132,135168] Keff_nb=[20,640,160,163840] Veff_nb=[2,2048,512,524288]
CUDA_FA_ROUTE_ALLOC kernel=MMA_F16 need_f16_K=1 need_f16_V=0 workspace_end_offset=4718592 dst_data=(nil) f16_K=0x400000 f16_V=(nil) f16_end=0x480000
CUDA_FA_ROUTE_PLAN device=0 Q=[256,256,16,1] Kraw=q4_1 Vraw=turbo4 Kshape=[256,256,4,1] Vshape=[256,256,4,1] Keff=q4_1 Veff=f16 turbo_kv=1 prefer_native_vec=0 decode=1 dk=0 dv=1 unsafe_vec_after_turbo_v_decode=1 allow_vec=0 kernel=MMA_F16 need_f16_K=1 need_f16_V=0 Knb=[20,640,160,163840] Vnb=[66,528,132,135168] Keff_nb=[20,640,160,163840] Veff_nb=[2,2048,512,524288]
CUDA_FA_ROUTE_ALLOC kernel=MMA_F16 need_f16_K=1 need_f16_V=0 workspace_end_offset=4718592 dst_data=(nil) f16_K=0x400000 f16_V=(nil) f16_end=0x480000
CUDA_FA_ROUTE_PLAN device=0 Q=[256,256,16,1] Kraw=q4_1 Vraw=turbo4 Kshape=[256,256,4,1] Vshape=[256,256,4,1] Keff=q4_1 Veff=f16 turbo_kv=1 prefer_native_vec=0 decode=1 dk=0 dv=1 unsafe_vec_after_turbo_v_decode=1 allow_vec=0 kernel=MMA_F16 need_f16_K=1 need_f16_V=0 Knb=[20,640,160,163840] Vnb=[66,528,132,135168] Keff_nb=[20,640,160,163840] Veff_nb=[2,2048,512,524288]
CUDA_FA_ROUTE_ALLOC kernel=MMA_F16 need_f16_K=1 need_f16_V=0 workspace_end_offset=4718592 dst_data=(nil) f16_K=0x400000 f16_V=(nil) f16_end=0x480000
CUDA_FA_ROUTE_PLAN device=0 Q=[256,256,16,1] Kraw=q4_1 Vraw=turbo4 Kshape=[256,256,4,1] Vshape=[256,256,4,1] Keff=q4_1 Veff=f16 turbo_kv=1 prefer_native_vec=0 decode=1 dk=0 dv=1 unsafe_vec_after_turbo_v_decode=1 allow_vec=0 kernel=MMA_F16 need_f16_K=1 need_f16_V=0 Knb=[20,640,160,163840] Vnb=[66,528,132,135168] Keff_nb=[20,640,160,163840] Veff_nb=[2,2048,512,524288]
CUDA_FA_ROUTE_ALLOC kernel=MMA_F16 need_f16_K=1 need_f16_V=0 workspace_end_offset=4718592 dst_data=(nil) f16_K=0x400000 f16_V=(nil) f16_end=0x480000
CUDA_FA_ROUTE_PLAN device=0 Q=[256,256,16,1] Kraw=q4_1 Vraw=turbo4 Kshape=[256,256,4,1] Vshape=[256,256,4,1] Keff=q4_1 Veff=f16 turbo_kv=1 prefer_native_vec=0 decode=1 dk=0 dv=1 unsafe_vec_after_turbo_v_decode=1 allow_vec=0 kernel=MMA_F16 need_f16_K=1 need_f16_V=0 Knb=[20,640,160,163840] Vnb=[66,528,132,135168] Keff_nb=[20,640,160,163840] Veff_nb=[2,2048,512,524288]
CUDA_FA_ROUTE_ALLOC kernel=MMA_F16 need_f16_K=1 need_f16_V=0 workspace_end_offset=4718592 dst_data=(nil) f16_K=0x400000 f16_V=(nil) f16_end=0x480000
CUDA_FA_ROUTE_PLAN device=0 Q=[256,256,16,1] Kraw=q4_1 Vraw=turbo4 Kshape=[256,256,4,1] Vshape=[256,256,4,1] Keff=q4_1 Veff=f16 turbo_kv=1 prefer_native_vec=0 decode=1 dk=0 dv=1 unsafe_vec_after_turbo_v_decode=1 allow_vec=0 kernel=MMA_F16 need_f16_K=1 need_f16_V=0 Knb=[20,640,160,163840] Vnb=[66,528,132,135168] Keff_nb=[20,640,160,163840] Veff_nb=[2,2048,512,524288]
CUDA_FA_ROUTE_ALLOC kernel=MMA_F16 need_f16_K=1 need_f16_V=0 workspace_end_offset=4718592 dst_data=(nil) f16_K=0x400000 f16_V=(nil) f16_end=0x480000
CUDA_FA_ROUTE_PLAN device=0 Q=[256,256,16,1] Kraw=q4_1 Vraw=turbo4 Kshape=[256,256,4,1] Vshape=[256,256,4,1] Keff=q4_1 Veff=f16 turbo_kv=1 prefer_native_vec=0 decode=1 dk=0 dv=1 unsafe_vec_after_turbo_v_decode=1 allow_vec=0 kernel=MMA_F16 need_f16_K=1 need_f16_V=0 Knb=[20,640,160,163840] Vnb=[66,528,132,135168] Keff_nb=[20,640,160,163840] Veff_nb=[2,2048,512,524288]
CUDA_FA_ROUTE_ALLOC kernel=MMA_F16 need_f16_K=1 need_f16_V=0 workspace_end_offset=4718592 dst_data=(nil) f16_K=0x400000 f16_V=(nil) f16_end=0x480000
CUDA_FA_ROUTE_PLAN device=0 Q=[256,256,16,1] Kraw=q4_1 Vraw=turbo4 Kshape=[256,256,4,1] Vshape=[256,256,4,1] Keff=q4_1 Veff=f16 turbo_kv=1 prefer_native_vec=0 decode=1 dk=0 dv=1 unsafe_vec_after_turbo_v_decode=1 allow_vec=0 kernel=MMA_F16 need_f16_K=1 need_f16_V=0 Knb=[20,640,160,163840] Vnb=[66,528,132,135168] Keff_nb=[20,640,160,163840] Veff_nb=[2,2048,512,524288]
CUDA_FA_ROUTE_ALLOC kernel=MMA_F16 need_f16_K=1 need_f16_V=0 workspace_end_offset=4718592 dst_data=(nil) f16_K=0x400000 f16_V=(nil) f16_end=0x480000
CUDA_FA_ROUTE_PLAN device=0 Q=[256,256,16,1] Kraw=q4_1 Vraw=turbo4 Kshape=[256,256,4,1] Vshape=[256,256,4,1] Keff=q4_1 Veff=f16 turbo_kv=1 prefer_native_vec=0 decode=1 dk=0 dv=1 unsafe_vec_after_turbo_v_decode=1 allow_vec=0 kernel=MMA_F16 need_f16_K=1 need_f16_V=0 Knb=[20,640,160,163840] Vnb=[66,528,132,135168] Keff_nb=[20,640,160,163840] Veff_nb=[2,2048,512,524288]
CUDA_FA_ROUTE_ALLOC kernel=MMA_F16 need_f16_K=1 need_f16_V=0 workspace_end_offset=4718592 dst_data=(nil) f16_K=0x400000 f16_V=(nil) f16_end=0x480000
CUDA_FA_ROUTE_PLAN device=0 Q=[256,256,16,1] Kraw=q4_1 Vraw=turbo4 Kshape=[256,256,4,1] Vshape=[256,256,4,1] Keff=q4_1 Veff=f16 turbo_kv=1 prefer_native_vec=0 decode=1 dk=0 dv=1 unsafe_vec_after_turbo_v_decode=1 allow_vec=0 kernel=MMA_F16 need_f16_K=1 need_f16_V=0 Knb=[20,640,160,163840] Vnb=[66,528,132,135168] Keff_nb=[20,640,160,163840] Veff_nb=[2,2048,512,524288]
CUDA_FA_ROUTE_ALLOC kernel=MMA_F16 need_f16_K=1 need_f16_V=0 workspace_end_offset=4718592 dst_data=(nil) f16_K=0x400000 f16_V=(nil) f16_end=0x480000
CUDA_FA_ROUTE_PLAN device=0 Q=[256,256,16,1] Kraw=q4_1 Vraw=turbo4 Kshape=[256,256,4,1] Vshape=[256,256,4,1] Keff=q4_1 Veff=f16 turbo_kv=1 prefer_native_vec=0 decode=1 dk=0 dv=1 unsafe_vec_after_turbo_v_decode=1 allow_vec=0 kernel=MMA_F16 need_f16_K=1 need_f16_V=0 Knb=[20,640,160,163840] Vnb=[66,528,132,135168] Keff_nb=[20,640,160,163840] Veff_nb=[2,2048,512,524288]
CUDA_FA_ROUTE_ALLOC kernel=MMA_F16 need_f16_K=1 need_f16_V=0 workspace_end_offset=4718592 dst_data=(nil) f16_K=0x400000 f16_V=(nil) f16_end=0x480000
CUDA_FA_ROUTE_PLAN device=0 Q=[256,256,16,1] Kraw=q4_1 Vraw=turbo4 Kshape=[256,256,4,1] Vshape=[256,256,4,1] Keff=q4_1 Veff=f16 turbo_kv=1 prefer_native_vec=0 decode=1 dk=0 dv=1 unsafe_vec_after_turbo_v_decode=1 allow_vec=0 kernel=MMA_F16 need_f16_K=1 need_f16_V=0 Knb=[20,640,160,163840] Vnb=[66,528,132,135168] Keff_nb=[20,640,160,163840] Veff_nb=[2,2048,512,524288]
CUDA_FA_ROUTE_ALLOC kernel=MMA_F16 need_f16_K=1 need_f16_V=0 workspace_end_offset=4718592 dst_data=(nil) f16_K=0x400000 f16_V=(nil) f16_end=0x480000
CUDA_FA_ROUTE_PLAN device=0 Q=[256,256,16,1] Kraw=q4_1 Vraw=turbo4 Kshape=[256,256,4,1] Vshape=[256,256,4,1] Keff=q4_1 Veff=f16 turbo_kv=1 prefer_native_vec=0 decode=1 dk=0 dv=1 unsafe_vec_after_turbo_v_decode=1 allow_vec=0 kernel=MMA_F16 need_f16_K=1 need_f16_V=0 Knb=[20,640,160,163840] Vnb=[66,528,132,135168] Keff_nb=[20,640,160,163840] Veff_nb=[2,2048,512,524288]
CUDA_FA_ROUTE_ALLOC kernel=MMA_F16 need_f16_K=1 need_f16_V=0 workspace_end_offset=4718592 dst_data=(nil) f16_K=0x400000 f16_V=(nil) f16_end=0x480000
CUDA_FA_ROUTE_PLAN device=0 Q=[256,256,16,1] Kraw=q4_1 Vraw=turbo4 Kshape=[256,256,4,1] Vshape=[256,256,4,1] Keff=q4_1 Veff=f16 turbo_kv=1 prefer_native_vec=0 decode=1 dk=0 dv=1 unsafe_vec_after_turbo_v_decode=1 allow_vec=0 kernel=MMA_F16 need_f16_K=1 need_f16_V=0 Knb=[20,640,160,163840] Vnb=[66,528,132,135168] Keff_nb=[20,640,160,163840] Veff_nb=[2,2048,512,524288]
CUDA_FA_ROUTE_ALLOC kernel=MMA_F16 need_f16_K=1 need_f16_V=0 workspace_end_offset=4718592 dst_data=(nil) f16_K=0x400000 f16_V=(nil) f16_end=0x480000
CUDA_FA_ROUTE_PLAN device=0 Q=[256,1,16,1] Kraw=q4_1 Vraw=turbo4 Kshape=[256,256,4,1] Vshape=[256,256,4,1] Keff=q4_1 Veff=f16 turbo_kv=1 prefer_native_vec=0 decode=1 dk=0 dv=1 unsafe_vec_after_turbo_v_decode=1 allow_vec=0 kernel=MMA_F16 need_f16_K=1 need_f16_V=0 Knb=[20,640,160,163840] Vnb=[66,528,132,135168] Keff_nb=[20,640,160,163840] Veff_nb=[2,2048,512,524288]
CUDA_FA_ROUTE_SUPPORTED kernel=MMA_F16 effK=q4_1 effV=f16 supported=1
CUDA_FA_ROUTE_PLAN device=0 Q=[256,1,16,1] Kraw=q4_1 Vraw=turbo4 Kshape=[256,256,4,1] Vshape=[256,256,4,1] Keff=q4_1 Veff=f16 turbo_kv=1 prefer_native_vec=0 decode=1 dk=0 dv=1 unsafe_vec_after_turbo_v_decode=1 allow_vec=0 kernel=MMA_F16 need_f16_K=1 need_f16_V=0 Knb=[20,640,160,163840] Vnb=[66,528,132,135168] Keff_nb=[20,640,160,163840] Veff_nb=[2,2048,512,524288]
CUDA_FA_ROUTE_SUPPORTED kernel=MMA_F16 effK=q4_1 effV=f16 supported=1
CUDA_FA_ROUTE_PLAN device=0 Q=[256,1,16,1] Kraw=q4_1 Vraw=turbo4 Kshape=[256,256,4,1] Vshape=[256,256,4,1] Keff=q4_1 Veff=f16 turbo_kv=1 prefer_native_vec=0 decode=1 dk=0 dv=1 unsafe_vec_after_turbo_v_decode=1 allow_vec=0 kernel=MMA_F16 need_f16_K=1 need_f16_V=0 Knb=[20,640,160,163840] Vnb=[66,528,132,135168] Keff_nb=[20,640,160,163840] Veff_nb=[2,2048,512,524288]
CUDA_FA_ROUTE_SUPPORTED kernel=MMA_F16 effK=q4_1 effV=f16 supported=1
CUDA_FA_ROUTE_PLAN device=0 Q=[256,1,16,1] Kraw=q4_1 Vraw=turbo4 Kshape=[256,256,4,1] Vshape=[256,256,4,1] Keff=q4_1 Veff=f16 turbo_kv=1 prefer_native_vec=0 decode=1 dk=0 dv=1 unsafe_vec_after_turbo_v_decode=1 allow_vec=0 kernel=MMA_F16 need_f16_K=1 need_f16_V=0 Knb=[20,640,160,163840] Vnb=[66,528,132,135168] Keff_nb=[20,640,160,163840] Veff_nb=[2,2048,512,524288]
CUDA_FA_ROUTE_SUPPORTED kernel=MMA_F16 effK=q4_1 effV=f16 supported=1
CUDA_FA_ROUTE_PLAN device=0 Q=[256,1,16,1] Kraw=q4_1 Vraw=turbo4 Kshape=[256,256,4,1] Vshape=[256,256,4,1] Keff=q4_1 Veff=f16 turbo_kv=1 prefer_native_vec=0 decode=1 dk=0 dv=1 unsafe_vec_after_turbo_v_decode=1 allow_vec=0 kernel=MMA_F16 need_f16_K=1 need_f16_V=0 Knb=[20,640,160,163840] Vnb=[66,528,132,135168] Keff_nb=[20,640,160,163840] Veff_nb=[2,2048,512,524288]
CUDA_FA_ROUTE_SUPPORTED kernel=MMA_F16 effK=q4_1 effV=f16 supported=1
CUDA_FA_ROUTE_PLAN device=0 Q=[256,1,16,1] Kraw=q4_1 Vraw=turbo4 Kshape=[256,256,4,1] Vshape=[256,256,4,1] Keff=q4_1 Veff=f16 turbo_kv=1 prefer_native_vec=0 decode=1 dk=0 dv=1 unsafe_vec_after_turbo_v_decode=1 allow_vec=0 kernel=MMA_F16 need_f16_K=1 need_f16_V=0 Knb=[20,640,160,163840] Vnb=[66,528,132,135168] Keff_nb=[20,640,160,163840] Veff_nb=[2,2048,512,524288]
CUDA_FA_ROUTE_SUPPORTED kernel=MMA_F16 effK=q4_1 effV=f16 supported=1
CUDA_FA_ROUTE_PLAN device=0 Q=[256,1,16,1] Kraw=q4_1 Vraw=turbo4 Kshape=[256,256,4,1] Vshape=[256,256,4,1] Keff=q4_1 Veff=f16 turbo_kv=1 prefer_native_vec=0 decode=1 dk=0 dv=1 unsafe_vec_after_turbo_v_decode=1 allow_vec=0 kernel=MMA_F16 need_f16_K=1 need_f16_V=0 Knb=[20,640,160,163840] Vnb=[66,528,132,135168] Keff_nb=[20,640,160,163840] Veff_nb=[2,2048,512,524288]
CUDA_FA_ROUTE_SUPPORTED kernel=MMA_F16 effK=q4_1 effV=f16 supported=1
CUDA_FA_ROUTE_PLAN device=0 Q=[256,1,16,1] Kraw=q4_1 Vraw=turbo4 Kshape=[256,256,4,1] Vshape=[256,256,4,1] Keff=q4_1 Veff=f16 turbo_kv=1 prefer_native_vec=0 decode=1 dk=0 dv=1 unsafe_vec_after_turbo_v_decode=1 allow_vec=0 kernel=MMA_F16 need_f16_K=1 need_f16_V=0 Knb=[20,640,160,163840] Vnb=[66,528,132,135168] Keff_nb=[20,640,160,163840] Veff_nb=[2,2048,512,524288]
CUDA_FA_ROUTE_SUPPORTED kernel=MMA_F16 effK=q4_1 effV=f16 supported=1
CUDA_FA_ROUTE_PLAN device=0 Q=[256,256,16,1] Kraw=q4_1 Vraw=turbo4 Kshape=[256,256,4,1] Vshape=[256,256,4,1] Keff=q4_1 Veff=f16 turbo_kv=1 prefer_native_vec=0 decode=1 dk=0 dv=1 unsafe_vec_after_turbo_v_decode=1 allow_vec=0 kernel=MMA_F16 need_f16_K=1 need_f16_V=0 Knb=[20,640,160,163840] Vnb=[66,528,132,135168] Keff_nb=[20,640,160,163840] Veff_nb=[2,2048,512,524288]
CUDA_FA_ROUTE_SUPPORTED kernel=MMA_F16 effK=q4_1 effV=f16 supported=1
CUDA_FA_ROUTE_PLAN device=0 Q=[256,256,16,1] Kraw=q4_1 Vraw=turbo4 Kshape=[256,256,4,1] Vshape=[256,256,4,1] Keff=q4_1 Veff=f16 turbo_kv=1 prefer_native_vec=0 decode=1 dk=0 dv=1 unsafe_vec_after_turbo_v_decode=1 allow_vec=0 kernel=MMA_F16 need_f16_K=1 need_f16_V=0 Knb=[20,640,160,163840] Vnb=[66,528,132,135168] Keff_nb=[20,640,160,163840] Veff_nb=[2,2048,512,524288]
CUDA_FA_ROUTE_SUPPORTED kernel=MMA_F16 effK=q4_1 effV=f16 supported=1
CUDA_FA_ROUTE_PLAN device=0 Q=[256,256,16,1] Kraw=q4_1 Vraw=turbo4 Kshape=[256,256,4,1] Vshape=[256,256,4,1] Keff=q4_1 Veff=f16 turbo_kv=1 prefer_native_vec=0 decode=1 dk=0 dv=1 unsafe_vec_after_turbo_v_decode=1 allow_vec=0 kernel=MMA_F16 need_f16_K=1 need_f16_V=0 Knb=[20,640,160,163840] Vnb=[66,528,132,135168] Keff_nb=[20,640,160,163840] Veff_nb=[2,2048,512,524288]
CUDA_FA_ROUTE_SUPPORTED kernel=MMA_F16 effK=q4_1 effV=f16 supported=1
CUDA_FA_ROUTE_PLAN device=0 Q=[256,256,16,1] Kraw=q4_1 Vraw=turbo4 Kshape=[256,256,4,1] Vshape=[256,256,4,1] Keff=q4_1 Veff=f16 turbo_kv=1 prefer_native_vec=0 decode=1 dk=0 dv=1 unsafe_vec_after_turbo_v_decode=1 allow_vec=0 kernel=MMA_F16 need_f16_K=1 need_f16_V=0 Knb=[20,640,160,163840] Vnb=[66,528,132,135168] Keff_nb=[20,640,160,163840] Veff_nb=[2,2048,512,524288]
CUDA_FA_ROUTE_SUPPORTED kernel=MMA_F16 effK=q4_1 effV=f16 supported=1
CUDA_FA_ROUTE_PLAN device=0 Q=[256,256,16,1] Kraw=q4_1 Vraw=turbo4 Kshape=[256,256,4,1] Vshape=[256,256,4,1] Keff=q4_1 Veff=f16 turbo_kv=1 prefer_native_vec=0 decode=1 dk=0 dv=1 unsafe_vec_after_turbo_v_decode=1 allow_vec=0 kernel=MMA_F16 need_f16_K=1 need_f16_V=0 Knb=[20,640,160,163840] Vnb=[66,528,132,135168] Keff_nb=[20,640,160,163840] Veff_nb=[2,2048,512,524288]
CUDA_FA_ROUTE_SUPPORTED kernel=MMA_F16 effK=q4_1 effV=f16 supported=1
CUDA_FA_ROUTE_PLAN device=0 Q=[256,256,16,1] Kraw=q4_1 Vraw=turbo4 Kshape=[256,256,4,1] Vshape=[256,256,4,1] Keff=q4_1 Veff=f16 turbo_kv=1 prefer_native_vec=0 decode=1 dk=0 dv=1 unsafe_vec_after_turbo_v_decode=1 allow_vec=0 kernel=MMA_F16 need_f16_K=1 need_f16_V=0 Knb=[20,640,160,163840] Vnb=[66,528,132,135168] Keff_nb=[20,640,160,163840] Veff_nb=[2,2048,512,524288]
CUDA_FA_ROUTE_SUPPORTED kernel=MMA_F16 effK=q4_1 effV=f16 supported=1
CUDA_FA_ROUTE_PLAN device=0 Q=[256,256,16,1] Kraw=q4_1 Vraw=turbo4 Kshape=[256,256,4,1] Vshape=[256,256,4,1] Keff=q4_1 Veff=f16 turbo_kv=1 prefer_native_vec=0 decode=1 dk=0 dv=1 unsafe_vec_after_turbo_v_decode=1 allow_vec=0 kernel=MMA_F16 need_f16_K=1 need_f16_V=0 Knb=[20,640,160,163840] Vnb=[66,528,132,135168] Keff_nb=[20,640,160,163840] Veff_nb=[2,2048,512,524288]
CUDA_FA_ROUTE_SUPPORTED kernel=MMA_F16 effK=q4_1 effV=f16 supported=1
CUDA_FA_ROUTE_PLAN device=0 Q=[256,256,16,1] Kraw=q4_1 Vraw=turbo4 Kshape=[256,256,4,1] Vshape=[256,256,4,1] Keff=q4_1 Veff=f16 turbo_kv=1 prefer_native_vec=0 decode=1 dk=0 dv=1 unsafe_vec_after_turbo_v_decode=1 allow_vec=0 kernel=MMA_F16 need_f16_K=1 need_f16_V=0 Knb=[20,640,160,163840] Vnb=[66,528,132,135168] Keff_nb=[20,640,160,163840] Veff_nb=[2,2048,512,524288]
CUDA_FA_ROUTE_SUPPORTED kernel=MMA_F16 effK=q4_1 effV=f16 supported=1
CUDA_FA_ROUTE_PLAN device=0 Q=[256,256,16,1] Kraw=q4_1 Vraw=turbo4 Kshape=[256,256,4,1] Vshape=[256,256,4,1] Keff=q4_1 Veff=f16 turbo_kv=1 prefer_native_vec=0 decode=1 dk=0 dv=1 unsafe_vec_after_turbo_v_decode=1 allow_vec=0 kernel=MMA_F16 need_f16_K=1 need_f16_V=0 Knb=[20,640,160,163840] Vnb=[66,528,132,135168] Keff_nb=[20,640,160,163840] Veff_nb=[2,2048,512,524288]
CUDA_FA_ROUTE_SUPPORTED kernel=MMA_F16 effK=q4_1 effV=f16 supported=1
CUDA_FA_ROUTE_PLAN device=0 Q=[256,256,16,1] Kraw=q4_1 Vraw=turbo4 Kshape=[256,256,4,1] Vshape=[256,256,4,1] Keff=q4_1 Veff=f16 turbo_kv=1 prefer_native_vec=0 decode=1 dk=0 dv=1 unsafe_vec_after_turbo_v_decode=1 allow_vec=0 kernel=MMA_F16 need_f16_K=1 need_f16_V=0 Knb=[20,640,160,163840] Vnb=[66,528,132,135168] Keff_nb=[20,640,160,163840] Veff_nb=[2,2048,512,524288]
CUDA_FA_ROUTE_SUPPORTED kernel=MMA_F16 effK=q4_1 effV=f16 supported=1
CUDA_FA_ROUTE_PLAN device=0 Q=[256,256,16,1] Kraw=q4_1 Vraw=turbo4 Kshape=[256,256,4,1] Vshape=[256,256,4,1] Keff=q4_1 Veff=f16 turbo_kv=1 prefer_native_vec=0 decode=1 dk=0 dv=1 unsafe_vec_after_turbo_v_decode=1 allow_vec=0 kernel=MMA_F16 need_f16_K=1 need_f16_V=0 Knb=[20,640,160,163840] Vnb=[66,528,132,135168] Keff_nb=[20,640,160,163840] Veff_nb=[2,2048,512,524288]
CUDA_FA_ROUTE_SUPPORTED kernel=MMA_F16 effK=q4_1 effV=f16 supported=1
CUDA_FA_ROUTE_PLAN device=0 Q=[256,256,16,1] Kraw=q4_1 Vraw=turbo4 Kshape=[256,256,4,1] Vshape=[256,256,4,1] Keff=q4_1 Veff=f16 turbo_kv=1 prefer_native_vec=0 decode=1 dk=0 dv=1 unsafe_vec_after_turbo_v_decode=1 allow_vec=0 kernel=MMA_F16 need_f16_K=1 need_f16_V=0 Knb=[20,640,160,163840] Vnb=[66,528,132,135168] Keff_nb=[20,640,160,163840] Veff_nb=[2,2048,512,524288]
CUDA_FA_ROUTE_SUPPORTED kernel=MMA_F16 effK=q4_1 effV=f16 supported=1
CUDA_FA_ROUTE_PLAN device=0 Q=[256,256,16,1] Kraw=q4_1 Vraw=turbo4 Kshape=[256,256,4,1] Vshape=[256,256,4,1] Keff=q4_1 Veff=f16 turbo_kv=1 prefer_native_vec=0 decode=1 dk=0 dv=1 unsafe_vec_after_turbo_v_decode=1 allow_vec=0 kernel=MMA_F16 need_f16_K=1 need_f16_V=0 Knb=[20,640,160,163840] Vnb=[66,528,132,135168] Keff_nb=[20,640,160,163840] Veff_nb=[2,2048,512,524288]
CUDA_FA_ROUTE_SUPPORTED kernel=MMA_F16 effK=q4_1 effV=f16 supported=1
CUDA_FA_ROUTE_PLAN device=0 Q=[256,256,16,1] Kraw=q4_1 Vraw=turbo4 Kshape=[256,256,4,1] Vshape=[256,256,4,1] Keff=q4_1 Veff=f16 turbo_kv=1 prefer_native_vec=0 decode=1 dk=0 dv=1 unsafe_vec_after_turbo_v_decode=1 allow_vec=0 kernel=MMA_F16 need_f16_K=1 need_f16_V=0 Knb=[20,640,160,163840] Vnb=[66,528,132,135168] Keff_nb=[20,640,160,163840] Veff_nb=[2,2048,512,524288]
CUDA_FA_ROUTE_SUPPORTED kernel=MMA_F16 effK=q4_1 effV=f16 supported=1
CUDA_FA_ROUTE_PLAN device=0 Q=[256,256,16,1] Kraw=q4_1 Vraw=turbo4 Kshape=[256,256,4,1] Vshape=[256,256,4,1] Keff=q4_1 Veff=f16 turbo_kv=1 prefer_native_vec=0 decode=1 dk=0 dv=1 unsafe_vec_after_turbo_v_decode=1 allow_vec=0 kernel=MMA_F16 need_f16_K=1 need_f16_V=0 Knb=[20,640,160,163840] Vnb=[66,528,132,135168] Keff_nb=[20,640,160,163840] Veff_nb=[2,2048,512,524288]
CUDA_FA_ROUTE_SUPPORTED kernel=MMA_F16 effK=q4_1 effV=f16 supported=1
CUDA_FA_ROUTE_PLAN device=0 Q=[256,256,16,1] Kraw=q4_1 Vraw=turbo4 Kshape=[256,256,4,1] Vshape=[256,256,4,1] Keff=q4_1 Veff=f16 turbo_kv=1 prefer_native_vec=0 decode=1 dk=0 dv=1 unsafe_vec_after_turbo_v_decode=1 allow_vec=0 kernel=MMA_F16 need_f16_K=1 need_f16_V=0 Knb=[20,640,160,163840] Vnb=[66,528,132,135168] Keff_nb=[20,640,160,163840] Veff_nb=[2,2048,512,524288]
CUDA_FA_ROUTE_SUPPORTED kernel=MMA_F16 effK=q4_1 effV=f16 supported=1
CUDA_FA_ROUTE_PLAN device=0 Q=[256,256,16,1] Kraw=q4_1 Vraw=turbo4 Kshape=[256,256,4,1] Vshape=[256,256,4,1] Keff=q4_1 Veff=f16 turbo_kv=1 prefer_native_vec=0 decode=1 dk=0 dv=1 unsafe_vec_after_turbo_v_decode=1 allow_vec=0 kernel=MMA_F16 need_f16_K=1 need_f16_V=0 Knb=[20,640,160,163840] Vnb=[66,528,132,135168] Keff_nb=[20,640,160,163840] Veff_nb=[2,2048,512,524288]
CUDA_FA_ROUTE_ALLOC kernel=MMA_F16 need_f16_K=1 need_f16_V=0 workspace_end_offset=4718592 dst_data=(nil) f16_K=0x400000 f16_V=(nil) f16_end=0x480000
CUDA_FA_ROUTE_PLAN device=0 Q=[256,256,16,1] Kraw=q4_1 Vraw=turbo4 Kshape=[256,256,4,1] Vshape=[256,256,4,1] Keff=q4_1 Veff=f16 turbo_kv=1 prefer_native_vec=0 decode=1 dk=0 dv=1 unsafe_vec_after_turbo_v_decode=1 allow_vec=0 kernel=MMA_F16 need_f16_K=1 need_f16_V=0 Knb=[20,640,160,163840] Vnb=[66,528,132,135168] Keff_nb=[20,640,160,163840] Veff_nb=[2,2048,512,524288]
CUDA_FA_ROUTE_ALLOC kernel=MMA_F16 need_f16_K=1 need_f16_V=0 workspace_end_offset=4718592 dst_data=(nil) f16_K=0x400000 f16_V=(nil) f16_end=0x480000
CUDA_FA_ROUTE_PLAN device=0 Q=[256,256,16,1] Kraw=q4_1 Vraw=turbo4 Kshape=[256,256,4,1] Vshape=[256,256,4,1] Keff=q4_1 Veff=f16 turbo_kv=1 prefer_native_vec=0 decode=1 dk=0 dv=1 unsafe_vec_after_turbo_v_decode=1 allow_vec=0 kernel=MMA_F16 need_f16_K=1 need_f16_V=0 Knb=[20,640,160,163840] Vnb=[66,528,132,135168] Keff_nb=[20,640,160,163840] Veff_nb=[2,2048,512,524288]
CUDA_FA_ROUTE_ALLOC kernel=MMA_F16 need_f16_K=1 need_f16_V=0 workspace_end_offset=4718592 dst_data=(nil) f16_K=0x400000 f16_V=(nil) f16_end=0x480000
CUDA_FA_ROUTE_PLAN device=0 Q=[256,256,16,1] Kraw=q4_1 Vraw=turbo4 Kshape=[256,256,4,1] Vshape=[256,256,4,1] Keff=q4_1 Veff=f16 turbo_kv=1 prefer_native_vec=0 decode=1 dk=0 dv=1 unsafe_vec_after_turbo_v_decode=1 allow_vec=0 kernel=MMA_F16 need_f16_K=1 need_f16_V=0 Knb=[20,640,160,163840] Vnb=[66,528,132,135168] Keff_nb=[20,640,160,163840] Veff_nb=[2,2048,512,524288]
CUDA_FA_ROUTE_ALLOC kernel=MMA_F16 need_f16_K=1 need_f16_V=0 workspace_end_offset=4718592 dst_data=(nil) f16_K=0x400000 f16_V=(nil) f16_end=0x480000
CUDA_FA_ROUTE_PLAN device=0 Q=[256,256,16,1] Kraw=q4_1 Vraw=turbo4 Kshape=[256,256,4,1] Vshape=[256,256,4,1] Keff=q4_1 Veff=f16 turbo_kv=1 prefer_native_vec=0 decode=1 dk=0 dv=1 unsafe_vec_after_turbo_v_decode=1 allow_vec=0 kernel=MMA_F16 need_f16_K=1 need_f16_V=0 Knb=[20,640,160,163840] Vnb=[66,528,132,135168] Keff_nb=[20,640,160,163840] Veff_nb=[2,2048,512,524288]
CUDA_FA_ROUTE_ALLOC kernel=MMA_F16 need_f16_K=1 need_f16_V=0 workspace_end_offset=4718592 dst_data=(nil) f16_K=0x400000 f16_V=(nil) f16_end=0x480000
CUDA_FA_ROUTE_PLAN device=0 Q=[256,256,16,1] Kraw=q4_1 Vraw=turbo4 Kshape=[256,256,4,1] Vshape=[256,256,4,1] Keff=q4_1 Veff=f16 turbo_kv=1 prefer_native_vec=0 decode=1 dk=0 dv=1 unsafe_vec_after_turbo_v_decode=1 allow_vec=0 kernel=MMA_F16 need_f16_K=1 need_f16_V=0 Knb=[20,640,160,163840] Vnb=[66,528,132,135168] Keff_nb=[20,640,160,163840] Veff_nb=[2,2048,512,524288]
CUDA_FA_ROUTE_ALLOC kernel=MMA_F16 need_f16_K=1 need_f16_V=0 workspace_end_offset=4718592 dst_data=(nil) f16_K=0x400000 f16_V=(nil) f16_end=0x480000
CUDA_FA_ROUTE_PLAN device=0 Q=[256,256,16,1] Kraw=q4_1 Vraw=turbo4 Kshape=[256,256,4,1] Vshape=[256,256,4,1] Keff=q4_1 Veff=f16 turbo_kv=1 prefer_native_vec=0 decode=1 dk=0 dv=1 unsafe_vec_after_turbo_v_decode=1 allow_vec=0 kernel=MMA_F16 need_f16_K=1 need_f16_V=0 Knb=[20,640,160,163840] Vnb=[66,528,132,135168] Keff_nb=[20,640,160,163840] Veff_nb=[2,2048,512,524288]
CUDA_FA_ROUTE_ALLOC kernel=MMA_F16 need_f16_K=1 need_f16_V=0 workspace_end_offset=4718592 dst_data=(nil) f16_K=0x400000 f16_V=(nil) f16_end=0x480000
CUDA_FA_ROUTE_PLAN device=0 Q=[256,256,16,1] Kraw=q4_1 Vraw=turbo4 Kshape=[256,256,4,1] Vshape=[256,256,4,1] Keff=q4_1 Veff=f16 turbo_kv=1 prefer_native_vec=0 decode=1 dk=0 dv=1 unsafe_vec_after_turbo_v_decode=1 allow_vec=0 kernel=MMA_F16 need_f16_K=1 need_f16_V=0 Knb=[20,640,160,163840] Vnb=[66,528,132,135168] Keff_nb=[20,640,160,163840] Veff_nb=[2,2048,512,524288]
CUDA_FA_ROUTE_ALLOC kernel=MMA_F16 need_f16_K=1 need_f16_V=0 workspace_end_offset=4718592 dst_data=(nil) f16_K=0x400000 f16_V=(nil) f16_end=0x480000
CUDA_FA_ROUTE_PLAN device=0 Q=[256,256,16,1] Kraw=q4_1 Vraw=turbo4 Kshape=[256,256,4,1] Vshape=[256,256,4,1] Keff=q4_1 Veff=f16 turbo_kv=1 prefer_native_vec=0 decode=1 dk=0 dv=1 unsafe_vec_after_turbo_v_decode=1 allow_vec=0 kernel=MMA_F16 need_f16_K=1 need_f16_V=0 Knb=[20,640,160,163840] Vnb=[66,528,132,135168] Keff_nb=[20,640,160,163840] Veff_nb=[2,2048,512,524288]
CUDA_FA_ROUTE_ALLOC kernel=MMA_F16 need_f16_K=1 need_f16_V=0 workspace_end_offset=4718592 dst_data=(nil) f16_K=0x400000 f16_V=(nil) f16_end=0x480000
CUDA_FA_ROUTE_PLAN device=0 Q=[256,256,16,1] Kraw=q4_1 Vraw=turbo4 Kshape=[256,256,4,1] Vshape=[256,256,4,1] Keff=q4_1 Veff=f16 turbo_kv=1 prefer_native_vec=0 decode=1 dk=0 dv=1 unsafe_vec_after_turbo_v_decode=1 allow_vec=0 kernel=MMA_F16 need_f16_K=1 need_f16_V=0 Knb=[20,640,160,163840] Vnb=[66,528,132,135168] Keff_nb=[20,640,160,163840] Veff_nb=[2,2048,512,524288]
CUDA_FA_ROUTE_ALLOC kernel=MMA_F16 need_f16_K=1 need_f16_V=0 workspace_end_offset=4718592 dst_data=(nil) f16_K=0x400000 f16_V=(nil) f16_end=0x480000
CUDA_FA_ROUTE_PLAN device=0 Q=[256,256,16,1] Kraw=q4_1 Vraw=turbo4 Kshape=[256,256,4,1] Vshape=[256,256,4,1] Keff=q4_1 Veff=f16 turbo_kv=1 prefer_native_vec=0 decode=1 dk=0 dv=1 unsafe_vec_after_turbo_v_decode=1 allow_vec=0 kernel=MMA_F16 need_f16_K=1 need_f16_V=0 Knb=[20,640,160,163840] Vnb=[66,528,132,135168] Keff_nb=[20,640,160,163840] Veff_nb=[2,2048,512,524288]
CUDA_FA_ROUTE_ALLOC kernel=MMA_F16 need_f16_K=1 need_f16_V=0 workspace_end_offset=4718592 dst_data=(nil) f16_K=0x400000 f16_V=(nil) f16_end=0x480000
CUDA_FA_ROUTE_PLAN device=0 Q=[256,256,16,1] Kraw=q4_1 Vraw=turbo4 Kshape=[256,256,4,1] Vshape=[256,256,4,1] Keff=q4_1 Veff=f16 turbo_kv=1 prefer_native_vec=0 decode=1 dk=0 dv=1 unsafe_vec_after_turbo_v_decode=1 allow_vec=0 kernel=MMA_F16 need_f16_K=1 need_f16_V=0 Knb=[20,640,160,163840] Vnb=[66,528,132,135168] Keff_nb=[20,640,160,163840] Veff_nb=[2,2048,512,524288]
CUDA_FA_ROUTE_ALLOC kernel=MMA_F16 need_f16_K=1 need_f16_V=0 workspace_end_offset=4718592 dst_data=(nil) f16_K=0x400000 f16_V=(nil) f16_end=0x480000
CUDA_FA_ROUTE_PLAN device=0 Q=[256,256,16,1] Kraw=q4_1 Vraw=turbo4 Kshape=[256,256,4,1] Vshape=[256,256,4,1] Keff=q4_1 Veff=f16 turbo_kv=1 prefer_native_vec=0 decode=1 dk=0 dv=1 unsafe_vec_after_turbo_v_decode=1 allow_vec=0 kernel=MMA_F16 need_f16_K=1 need_f16_V=0 Knb=[20,640,160,163840] Vnb=[66,528,132,135168] Keff_nb=[20,640,160,163840] Veff_nb=[2,2048,512,524288]
CUDA_FA_ROUTE_ALLOC kernel=MMA_F16 need_f16_K=1 need_f16_V=0 workspace_end_offset=4718592 dst_data=(nil) f16_K=0x400000 f16_V=(nil) f16_end=0x480000
CUDA_FA_ROUTE_PLAN device=0 Q=[256,256,16,1] Kraw=q4_1 Vraw=turbo4 Kshape=[256,256,4,1] Vshape=[256,256,4,1] Keff=q4_1 Veff=f16 turbo_kv=1 prefer_native_vec=0 decode=1 dk=0 dv=1 unsafe_vec_after_turbo_v_decode=1 allow_vec=0 kernel=MMA_F16 need_f16_K=1 need_f16_V=0 Knb=[20,640,160,163840] Vnb=[66,528,132,135168] Keff_nb=[20,640,160,163840] Veff_nb=[2,2048,512,524288]
CUDA_FA_ROUTE_ALLOC kernel=MMA_F16 need_f16_K=1 need_f16_V=0 workspace_end_offset=4718592 dst_data=(nil) f16_K=0x400000 f16_V=(nil) f16_end=0x480000
CUDA_FA_ROUTE_PLAN device=0 Q=[256,256,16,1] Kraw=q4_1 Vraw=turbo4 Kshape=[256,256,4,1] Vshape=[256,256,4,1] Keff=q4_1 Veff=f16 turbo_kv=1 prefer_native_vec=0 decode=1 dk=0 dv=1 unsafe_vec_after_turbo_v_decode=1 allow_vec=0 kernel=MMA_F16 need_f16_K=1 need_f16_V=0 Knb=[20,640,160,163840] Vnb=[66,528,132,135168] Keff_nb=[20,640,160,163840] Veff_nb=[2,2048,512,524288]
CUDA_FA_ROUTE_ALLOC kernel=MMA_F16 need_f16_K=1 need_f16_V=0 workspace_end_offset=4718592 dst_data=(nil) f16_K=0x400000 f16_V=(nil) f16_end=0x480000
CUDA_FA_ROUTE_PLAN device=0 Q=[256,256,16,1] Kraw=q4_1 Vraw=turbo4 Kshape=[256,256,4,1] Vshape=[256,256,4,1] Keff=q4_1 Veff=f16 turbo_kv=1 prefer_native_vec=0 decode=1 dk=0 dv=1 unsafe_vec_after_turbo_v_decode=1 allow_vec=0 kernel=MMA_F16 need_f16_K=1 need_f16_V=0 Knb=[20,640,160,163840] Vnb=[66,528,132,135168] Keff_nb=[20,640,160,163840] Veff_nb=[2,2048,512,524288]
CUDA_FA_ROUTE_ALLOC kernel=MMA_F16 need_f16_K=1 need_f16_V=0 workspace_end_offset=4718592 dst_data=(nil) f16_K=0x400000 f16_V=(nil) f16_end=0x480000
CUDA_FA_ROUTE_PLAN device=0 Q=[256,256,16,1] Kraw=q4_1 Vraw=turbo4 Kshape=[256,256,4,1] Vshape=[256,256,4,1] Keff=q4_1 Veff=f16 turbo_kv=1 prefer_native_vec=0 decode=1 dk=0 dv=1 unsafe_vec_after_turbo_v_decode=1 allow_vec=0 kernel=MMA_F16 need_f16_K=1 need_f16_V=0 Knb=[20,640,160,163840] Vnb=[66,528,132,135168] Keff_nb=[20,640,160,163840] Veff_nb=[2,2048,512,524288]
CUDA_FA_ROUTE_ALLOC kernel=MMA_F16 need_f16_K=1 need_f16_V=0 workspace_end_offset=4718592 dst_data=(nil) f16_K=0x400000 f16_V=(nil) f16_end=0x480000
CUDA_FA_ROUTE_PLAN device=0 Q=[256,256,16,1] Kraw=q4_1 Vraw=turbo4 Kshape=[256,256,4,1] Vshape=[256,256,4,1] Keff=q4_1 Veff=f16 turbo_kv=1 prefer_native_vec=0 decode=1 dk=0 dv=1 unsafe_vec_after_turbo_v_decode=1 allow_vec=0 kernel=MMA_F16 need_f16_K=1 need_f16_V=0 Knb=[20,640,160,163840] Vnb=[66,528,132,135168] Keff_nb=[20,640,160,163840] Veff_nb=[2,2048,512,524288]
CUDA_FA_ROUTE_ALLOC kernel=MMA_F16 need_f16_K=1 need_f16_V=0 workspace_end_offset=4718592 dst_data=(nil) f16_K=0x400000 f16_V=(nil) f16_end=0x480000
CUDA_FA_ROUTE_PLAN device=0 Q=[256,256,16,1] Kraw=q4_1 Vraw=turbo4 Kshape=[256,256,4,1] Vshape=[256,256,4,1] Keff=q4_1 Veff=f16 turbo_kv=1 prefer_native_vec=0 decode=1 dk=0 dv=1 unsafe_vec_after_turbo_v_decode=1 allow_vec=0 kernel=MMA_F16 need_f16_K=1 need_f16_V=0 Knb=[20,640,160,163840] Vnb=[66,528,132,135168] Keff_nb=[20,640,160,163840] Veff_nb=[2,2048,512,524288]
CUDA_FA_ROUTE_ALLOC kernel=MMA_F16 need_f16_K=1 need_f16_V=0 workspace_end_offset=4718592 dst_data=(nil) f16_K=0x400000 f16_V=(nil) f16_end=0x480000
CUDA_FA_ROUTE_PLAN device=0 Q=[256,256,16,1] Kraw=q4_1 Vraw=turbo4 Kshape=[256,256,4,1] Vshape=[256,256,4,1] Keff=q4_1 Veff=f16 turbo_kv=1 prefer_native_vec=0 decode=1 dk=0 dv=1 unsafe_vec_after_turbo_v_decode=1 allow_vec=0 kernel=MMA_F16 need_f16_K=1 need_f16_V=0 Knb=[20,640,160,163840] Vnb=[66,528,132,135168] Keff_nb=[20,640,160,163840] Veff_nb=[2,2048,512,524288]
CUDA_FA_ROUTE_ALLOC kernel=MMA_F16 need_f16_K=1 need_f16_V=0 workspace_end_offset=4718592 dst_data=(nil) f16_K=0x400000 f16_V=(nil) f16_end=0x480000
CUDA_FA_ROUTE_PLAN device=0 Q=[256,256,16,1] Kraw=q4_1 Vraw=turbo4 Kshape=[256,256,4,1] Vshape=[256,256,4,1] Keff=q4_1 Veff=f16 turbo_kv=1 prefer_native_vec=0 decode=1 dk=0 dv=1 unsafe_vec_after_turbo_v_decode=1 allow_vec=0 kernel=MMA_F16 need_f16_K=1 need_f16_V=0 Knb=[20,640,160,163840] Vnb=[66,528,132,135168] Keff_nb=[20,640,160,163840] Veff_nb=[2,2048,512,524288]
CUDA_FA_ROUTE_ALLOC kernel=MMA_F16 need_f16_K=1 need_f16_V=0 workspace_end_offset=4718592 dst_data=(nil) f16_K=0x400000 f16_V=(nil) f16_end=0x480000
CUDA_FA_ROUTE_PLAN device=0 Q=[256,256,16,1] Kraw=q4_1 Vraw=turbo4 Kshape=[256,256,4,1] Vshape=[256,256,4,1] Keff=q4_1 Veff=f16 turbo_kv=1 prefer_native_vec=0 decode=1 dk=0 dv=1 unsafe_vec_after_turbo_v_decode=1 allow_vec=0 kernel=MMA_F16 need_f16_K=1 need_f16_V=0 Knb=[20,640,160,163840] Vnb=[66,528,132,135168] Keff_nb=[20,640,160,163840] Veff_nb=[2,2048,512,524288]
CUDA_FA_ROUTE_ALLOC kernel=MMA_F16 need_f16_K=1 need_f16_V=0 workspace_end_offset=4718592 dst_data=(nil) f16_K=0x400000 f16_V=(nil) f16_end=0x480000
CUDA_FA_ROUTE_PLAN device=0 Q=[256,256,16,1] Kraw=q4_1 Vraw=turbo4 Kshape=[256,256,4,1] Vshape=[256,256,4,1] Keff=q4_1 Veff=f16 turbo_kv=1 prefer_native_vec=0 decode=1 dk=0 dv=1 unsafe_vec_after_turbo_v_decode=1 allow_vec=0 kernel=MMA_F16 need_f16_K=1 need_f16_V=0 Knb=[20,640,160,163840] Vnb=[66,528,132,135168] Keff_nb=[20,640,160,163840] Veff_nb=[2,2048,512,524288]
CUDA_FA_ROUTE_ALLOC kernel=MMA_F16 need_f16_K=1 need_f16_V=0 workspace_end_offset=4718592 dst_data=(nil) f16_K=0x400000 f16_V=(nil) f16_end=0x480000
CUDA_FA_ROUTE_PLAN device=0 Q=[256,256,16,1] Kraw=q4_1 Vraw=turbo4 Kshape=[256,256,4,1] Vshape=[256,256,4,1] Keff=q4_1 Veff=f16 turbo_kv=1 prefer_native_vec=0 decode=1 dk=0 dv=1 unsafe_vec_after_turbo_v_decode=1 allow_vec=0 kernel=MMA_F16 need_f16_K=1 need_f16_V=0 Knb=[20,640,160,163840] Vnb=[66,528,132,135168] Keff_nb=[20,640,160,163840] Veff_nb=[2,2048,512,524288]
CUDA_FA_ROUTE_ALLOC kernel=MMA_F16 need_f16_K=1 need_f16_V=0 workspace_end_offset=4718592 dst_data=(nil) f16_K=0x400000 f16_V=(nil) f16_end=0x480000
CUDA_FA_ROUTE_PLAN device=0 Q=[256,256,16,1] Kraw=q4_1 Vraw=turbo4 Kshape=[256,256,4,1] Vshape=[256,256,4,1] Keff=q4_1 Veff=f16 turbo_kv=1 prefer_native_vec=0 decode=1 dk=0 dv=1 unsafe_vec_after_turbo_v_decode=1 allow_vec=0 kernel=MMA_F16 need_f16_K=1 need_f16_V=0 Knb=[20,640,160,163840] Vnb=[66,528,132,135168] Keff_nb=[20,640,160,163840] Veff_nb=[2,2048,512,524288]
CUDA_FA_ROUTE_ALLOC kernel=MMA_F16 need_f16_K=1 need_f16_V=0 workspace_end_offset=4718592 dst_data=(nil) f16_K=0x400000 f16_V=(nil) f16_end=0x480000
CUDA_FA_ROUTE_PLAN device=0 Q=[256,256,16,1] Kraw=q4_1 Vraw=turbo4 Kshape=[256,256,4,1] Vshape=[256,256,4,1] Keff=q4_1 Veff=f16 turbo_kv=1 prefer_native_vec=0 decode=1 dk=0 dv=1 unsafe_vec_after_turbo_v_decode=1 allow_vec=0 kernel=MMA_F16 need_f16_K=1 need_f16_V=0 Knb=[20,640,160,163840] Vnb=[66,528,132,135168] Keff_nb=[20,640,160,163840] Veff_nb=[2,2048,512,524288]
CUDA_FA_ROUTE_ALLOC kernel=MMA_F16 need_f16_K=1 need_f16_V=0 workspace_end_offset=4718592 dst_data=(nil) f16_K=0x400000 f16_V=(nil) f16_end=0x480000
CUDA_FA_ROUTE_PLAN device=0 Q=[256,256,16,1] Kraw=q4_1 Vraw=turbo4 Kshape=[256,256,4,1] Vshape=[256,256,4,1] Keff=q4_1 Veff=f16 turbo_kv=1 prefer_native_vec=0 decode=1 dk=0 dv=1 unsafe_vec_after_turbo_v_decode=1 allow_vec=0 kernel=MMA_F16 need_f16_K=1 need_f16_V=0 Knb=[20,640,160,163840] Vnb=[66,528,132,135168] Keff_nb=[20,640,160,163840] Veff_nb=[2,2048,512,524288]
CUDA_FA_ROUTE_ALLOC kernel=MMA_F16 need_f16_K=1 need_f16_V=0 workspace_end_offset=4718592 dst_data=(nil) f16_K=0x400000 f16_V=(nil) f16_end=0x480000
CUDA_FA_ROUTE_PLAN device=0 Q=[256,256,16,1] Kraw=q4_1 Vraw=turbo4 Kshape=[256,256,4,1] Vshape=[256,256,4,1] Keff=q4_1 Veff=f16 turbo_kv=1 prefer_native_vec=0 decode=1 dk=0 dv=1 unsafe_vec_after_turbo_v_decode=1 allow_vec=0 kernel=MMA_F16 need_f16_K=1 need_f16_V=0 Knb=[20,640,160,163840] Vnb=[66,528,132,135168] Keff_nb=[20,640,160,163840] Veff_nb=[2,2048,512,524288]
CUDA_FA_ROUTE_ALLOC kernel=MMA_F16 need_f16_K=1 need_f16_V=0 workspace_end_offset=4718592 dst_data=(nil) f16_K=0x400000 f16_V=(nil) f16_end=0x480000
CUDA_FA_ROUTE_PLAN device=0 Q=[256,256,16,1] Kraw=q4_1 Vraw=turbo4 Kshape=[256,256,4,1] Vshape=[256,256,4,1] Keff=q4_1 Veff=f16 turbo_kv=1 prefer_native_vec=0 decode=1 dk=0 dv=1 unsafe_vec_after_turbo_v_decode=1 allow_vec=0 kernel=MMA_F16 need_f16_K=1 need_f16_V=0 Knb=[20,640,160,163840] Vnb=[66,528,132,135168] Keff_nb=[20,640,160,163840] Veff_nb=[2,2048,512,524288]
CUDA_FA_ROUTE_ALLOC kernel=MMA_F16 need_f16_K=1 need_f16_V=0 workspace_end_offset=4718592 dst_data=(nil) f16_K=0x400000 f16_V=(nil) f16_end=0x480000
CUDA_FA_ROUTE_PLAN device=0 Q=[256,256,16,1] Kraw=q4_1 Vraw=turbo4 Kshape=[256,256,4,1] Vshape=[256,256,4,1] Keff=q4_1 Veff=f16 turbo_kv=1 prefer_native_vec=0 decode=1 dk=0 dv=1 unsafe_vec_after_turbo_v_decode=1 allow_vec=0 kernel=MMA_F16 need_f16_K=1 need_f16_V=0 Knb=[20,640,160,163840] Vnb=[66,528,132,135168] Keff_nb=[20,640,160,163840] Veff_nb=[2,2048,512,524288]
CUDA_FA_ROUTE_ALLOC kernel=MMA_F16 need_f16_K=1 need_f16_V=0 workspace_end_offset=4718592 dst_data=(nil) f16_K=0x400000 f16_V=(nil) f16_end=0x480000
CUDA_FA_ROUTE_PLAN device=0 Q=[256,256,16,1] Kraw=q4_1 Vraw=turbo4 Kshape=[256,256,4,1] Vshape=[256,256,4,1] Keff=q4_1 Veff=f16 turbo_kv=1 prefer_native_vec=0 decode=1 dk=0 dv=1 unsafe_vec_after_turbo_v_decode=1 allow_vec=0 kernel=MMA_F16 need_f16_K=1 need_f16_V=0 Knb=[20,640,160,163840] Vnb=[66,528,132,135168] Keff_nb=[20,640,160,163840] Veff_nb=[2,2048,512,524288]
CUDA_FA_ROUTE_ALLOC kernel=MMA_F16 need_f16_K=1 need_f16_V=0 workspace_end_offset=4718592 dst_data=(nil) f16_K=0x400000 f16_V=(nil) f16_end=0x480000
CUDA_FA_ROUTE_PLAN device=0 Q=[256,256,16,1] Kraw=q4_1 Vraw=turbo4 Kshape=[256,256,4,1] Vshape=[256,256,4,1] Keff=q4_1 Veff=f16 turbo_kv=1 prefer_native_vec=0 decode=1 dk=0 dv=1 unsafe_vec_after_turbo_v_decode=1 allow_vec=0 kernel=MMA_F16 need_f16_K=1 need_f16_V=0 Knb=[20,640,160,163840] Vnb=[66,528,132,135168] Keff_nb=[20,640,160,163840] Veff_nb=[2,2048,512,524288]
CUDA_FA_ROUTE_ALLOC kernel=MMA_F16 need_f16_K=1 need_f16_V=0 workspace_end_offset=4718592 dst_data=(nil) f16_K=0x400000 f16_V=(nil) f16_end=0x480000
CUDA_FA_ROUTE_PLAN device=0 Q=[256,256,16,1] Kraw=q4_1 Vraw=turbo4 Kshape=[256,256,4,1] Vshape=[256,256,4,1] Keff=q4_1 Veff=f16 turbo_kv=1 prefer_native_vec=0 decode=1 dk=0 dv=1 unsafe_vec_after_turbo_v_decode=1 allow_vec=0 kernel=MMA_F16 need_f16_K=1 need_f16_V=0 Knb=[20,640,160,163840] Vnb=[66,528,132,135168] Keff_nb=[20,640,160,163840] Veff_nb=[2,2048,512,524288]
CUDA_FA_ROUTE_SUPPORTED kernel=MMA_F16 effK=q4_1 effV=f16 supported=1
CUDA_FA_ROUTE_PLAN device=0 Q=[256,256,16,1] Kraw=q4_1 Vraw=turbo4 Kshape=[256,256,4,1] Vshape=[256,256,4,1] Keff=q4_1 Veff=f16 turbo_kv=1 prefer_native_vec=0 decode=1 dk=0 dv=1 unsafe_vec_after_turbo_v_decode=1 allow_vec=0 kernel=MMA_F16 need_f16_K=1 need_f16_V=0 Knb=[20,640,160,163840] Vnb=[66,528,132,135168] Keff_nb=[20,640,160,163840] Veff_nb=[2,2048,512,524288]
CUDA_FA_ROUTE_SUPPORTED kernel=MMA_F16 effK=q4_1 effV=f16 supported=1
CUDA_FA_ROUTE_PLAN device=0 Q=[256,256,16,1] Kraw=q4_1 Vraw=turbo4 Kshape=[256,256,4,1] Vshape=[256,256,4,1] Keff=q4_1 Veff=f16 turbo_kv=1 prefer_native_vec=0 decode=1 dk=0 dv=1 unsafe_vec_after_turbo_v_decode=1 allow_vec=0 kernel=MMA_F16 need_f16_K=1 need_f16_V=0 Knb=[20,640,160,163840] Vnb=[66,528,132,135168] Keff_nb=[20,640,160,163840] Veff_nb=[2,2048,512,524288]
CUDA_FA_ROUTE_SUPPORTED kernel=MMA_F16 effK=q4_1 effV=f16 supported=1
CUDA_FA_ROUTE_PLAN device=0 Q=[256,256,16,1] Kraw=q4_1 Vraw=turbo4 Kshape=[256,256,4,1] Vshape=[256,256,4,1] Keff=q4_1 Veff=f16 turbo_kv=1 prefer_native_vec=0 decode=1 dk=0 dv=1 unsafe_vec_after_turbo_v_decode=1 allow_vec=0 kernel=MMA_F16 need_f16_K=1 need_f16_V=0 Knb=[20,640,160,163840] Vnb=[66,528,132,135168] Keff_nb=[20,640,160,163840] Veff_nb=[2,2048,512,524288]
CUDA_FA_ROUTE_SUPPORTED kernel=MMA_F16 effK=q4_1 effV=f16 supported=1
CUDA_FA_ROUTE_PLAN device=0 Q=[256,256,16,1] Kraw=q4_1 Vraw=turbo4 Kshape=[256,256,4,1] Vshape=[256,256,4,1] Keff=q4_1 Veff=f16 turbo_kv=1 prefer_native_vec=0 decode=1 dk=0 dv=1 unsafe_vec_after_turbo_v_decode=1 allow_vec=0 kernel=MMA_F16 need_f16_K=1 need_f16_V=0 Knb=[20,640,160,163840] Vnb=[66,528,132,135168] Keff_nb=[20,640,160,163840] Veff_nb=[2,2048,512,524288]
CUDA_FA_ROUTE_SUPPORTED kernel=MMA_F16 effK=q4_1 effV=f16 supported=1
CUDA_FA_ROUTE_PLAN device=0 Q=[256,256,16,1] Kraw=q4_1 Vraw=turbo4 Kshape=[256,256,4,1] Vshape=[256,256,4,1] Keff=q4_1 Veff=f16 turbo_kv=1 prefer_native_vec=0 decode=1 dk=0 dv=1 unsafe_vec_after_turbo_v_decode=1 allow_vec=0 kernel=MMA_F16 need_f16_K=1 need_f16_V=0 Knb=[20,640,160,163840] Vnb=[66,528,132,135168] Keff_nb=[20,640,160,163840] Veff_nb=[2,2048,512,524288]
CUDA_FA_ROUTE_SUPPORTED kernel=MMA_F16 effK=q4_1 effV=f16 supported=1
CUDA_FA_ROUTE_PLAN device=0 Q=[256,256,16,1] Kraw=q4_1 Vraw=turbo4 Kshape=[256,256,4,1] Vshape=[256,256,4,1] Keff=q4_1 Veff=f16 turbo_kv=1 prefer_native_vec=0 decode=1 dk=0 dv=1 unsafe_vec_after_turbo_v_decode=1 allow_vec=0 kernel=MMA_F16 need_f16_K=1 need_f16_V=0 Knb=[20,640,160,163840] Vnb=[66,528,132,135168] Keff_nb=[20,640,160,163840] Veff_nb=[2,2048,512,524288]
CUDA_FA_ROUTE_SUPPORTED kernel=MMA_F16 effK=q4_1 effV=f16 supported=1
CUDA_FA_ROUTE_PLAN device=0 Q=[256,256,16,1] Kraw=q4_1 Vraw=turbo4 Kshape=[256,256,4,1] Vshape=[256,256,4,1] Keff=q4_1 Veff=f16 turbo_kv=1 prefer_native_vec=0 decode=1 dk=0 dv=1 unsafe_vec_after_turbo_v_decode=1 allow_vec=0 kernel=MMA_F16 need_f16_K=1 need_f16_V=0 Knb=[20,640,160,163840] Vnb=[66,528,132,135168] Keff_nb=[20,640,160,163840] Veff_nb=[2,2048,512,524288]
CUDA_FA_ROUTE_SUPPORTED kernel=MMA_F16 effK=q4_1 effV=f16 supported=1
CUDA_FA_ROUTE_PLAN device=0 Q=[256,1,16,1] Kraw=q4_1 Vraw=turbo4 Kshape=[256,256,4,1] Vshape=[256,256,4,1] Keff=q4_1 Veff=f16 turbo_kv=1 prefer_native_vec=0 decode=1 dk=0 dv=1 unsafe_vec_after_turbo_v_decode=1 allow_vec=0 kernel=MMA_F16 need_f16_K=1 need_f16_V=0 Knb=[20,640,160,163840] Vnb=[66,528,132,135168] Keff_nb=[20,640,160,163840] Veff_nb=[2,2048,512,524288]
CUDA_FA_ROUTE_SUPPORTED kernel=MMA_F16 effK=q4_1 effV=f16 supported=1
CUDA_FA_ROUTE_PLAN device=0 Q=[256,1,16,1] Kraw=q4_1 Vraw=turbo4 Kshape=[256,256,4,1] Vshape=[256,256,4,1] Keff=q4_1 Veff=f16 turbo_kv=1 prefer_native_vec=0 decode=1 dk=0 dv=1 unsafe_vec_after_turbo_v_decode=1 allow_vec=0 kernel=MMA_F16 need_f16_K=1 need_f16_V=0 Knb=[20,640,160,163840] Vnb=[66,528,132,135168] Keff_nb=[20,640,160,163840] Veff_nb=[2,2048,512,524288]
CUDA_FA_ROUTE_SUPPORTED kernel=MMA_F16 effK=q4_1 effV=f16 supported=1
CUDA_FA_ROUTE_PLAN device=0 Q=[256,1,16,1] Kraw=q4_1 Vraw=turbo4 Kshape=[256,256,4,1] Vshape=[256,256,4,1] Keff=q4_1 Veff=f16 turbo_kv=1 prefer_native_vec=0 decode=1 dk=0 dv=1 unsafe_vec_after_turbo_v_decode=1 allow_vec=0 kernel=MMA_F16 need_f16_K=1 need_f16_V=0 Knb=[20,640,160,163840] Vnb=[66,528,132,135168] Keff_nb=[20,640,160,163840] Veff_nb=[2,2048,512,524288]
CUDA_FA_ROUTE_SUPPORTED kernel=MMA_F16 effK=q4_1 effV=f16 supported=1
CUDA_FA_ROUTE_PLAN device=0 Q=[256,1,16,1] Kraw=q4_1 Vraw=turbo4 Kshape=[256,256,4,1] Vshape=[256,256,4,1] Keff=q4_1 Veff=f16 turbo_kv=1 prefer_native_vec=0 decode=1 dk=0 dv=1 unsafe_vec_after_turbo_v_decode=1 allow_vec=0 kernel=MMA_F16 need_f16_K=1 need_f16_V=0 Knb=[20,640,160,163840] Vnb=[66,528,132,135168] Keff_nb=[20,640,160,163840] Veff_nb=[2,2048,512,524288]
CUDA_FA_ROUTE_SUPPORTED kernel=MMA_F16 effK=q4_1 effV=f16 supported=1
CUDA_FA_ROUTE_PLAN device=0 Q=[256,1,16,1] Kraw=q4_1 Vraw=turbo4 Kshape=[256,256,4,1] Vshape=[256,256,4,1] Keff=q4_1 Veff=f16 turbo_kv=1 prefer_native_vec=0 decode=1 dk=0 dv=1 unsafe_vec_after_turbo_v_decode=1 allow_vec=0 kernel=MMA_F16 need_f16_K=1 need_f16_V=0 Knb=[20,640,160,163840] Vnb=[66,528,132,135168] Keff_nb=[20,640,160,163840] Veff_nb=[2,2048,512,524288]
CUDA_FA_ROUTE_SUPPORTED kernel=MMA_F16 effK=q4_1 effV=f16 supported=1
CUDA_FA_ROUTE_PLAN device=0 Q=[256,1,16,1] Kraw=q4_1 Vraw=turbo4 Kshape=[256,256,4,1] Vshape=[256,256,4,1] Keff=q4_1 Veff=f16 turbo_kv=1 prefer_native_vec=0 decode=1 dk=0 dv=1 unsafe_vec_after_turbo_v_decode=1 allow_vec=0 kernel=MMA_F16 need_f16_K=1 need_f16_V=0 Knb=[20,640,160,163840] Vnb=[66,528,132,135168] Keff_nb=[20,640,160,163840] Veff_nb=[2,2048,512,524288]
CUDA_FA_ROUTE_SUPPORTED kernel=MMA_F16 effK=q4_1 effV=f16 supported=1
CUDA_FA_ROUTE_PLAN device=0 Q=[256,1,16,1] Kraw=q4_1 Vraw=turbo4 Kshape=[256,256,4,1] Vshape=[256,256,4,1] Keff=q4_1 Veff=f16 turbo_kv=1 prefer_native_vec=0 decode=1 dk=0 dv=1 unsafe_vec_after_turbo_v_decode=1 allow_vec=0 kernel=MMA_F16 need_f16_K=1 need_f16_V=0 Knb=[20,640,160,163840] Vnb=[66,528,132,135168] Keff_nb=[20,640,160,163840] Veff_nb=[2,2048,512,524288]
CUDA_FA_ROUTE_SUPPORTED kernel=MMA_F16 effK=q4_1 effV=f16 supported=1
CUDA_FA_ROUTE_PLAN device=0 Q=[256,1,16,1] Kraw=q4_1 Vraw=turbo4 Kshape=[256,256,4,1] Vshape=[256,256,4,1] Keff=q4_1 Veff=f16 turbo_kv=1 prefer_native_vec=0 decode=1 dk=0 dv=1 unsafe_vec_after_turbo_v_decode=1 allow_vec=0 kernel=MMA_F16 need_f16_K=1 need_f16_V=0 Knb=[20,640,160,163840] Vnb=[66,528,132,135168] Keff_nb=[20,640,160,163840] Veff_nb=[2,2048,512,524288]
CUDA_FA_ROUTE_SUPPORTED kernel=MMA_F16 effK=q4_1 effV=f16 supported=1
CUDA_FA_ROUTE_PLAN device=0 Q=[256,16,16,1] Kraw=q4_1 Vraw=turbo4 Kshape=[256,256,4,1] Vshape=[256,256,4,1] Keff=q4_1 Veff=f16 turbo_kv=1 prefer_native_vec=0 decode=1 dk=0 dv=1 unsafe_vec_after_turbo_v_decode=1 allow_vec=0 kernel=MMA_F16 need_f16_K=1 need_f16_V=0 Knb=[20,640,160,163840] Vnb=[66,528,132,135168] Keff_nb=[20,640,160,163840] Veff_nb=[2,2048,512,524288]
CUDA_FA_ROUTE_SUPPORTED kernel=MMA_F16 effK=q4_1 effV=f16 supported=1
CUDA_FA_ROUTE_PLAN device=0 Q=[256,16,16,1] Kraw=q4_1 Vraw=turbo4 Kshape=[256,256,4,1] Vshape=[256,256,4,1] Keff=q4_1 Veff=f16 turbo_kv=1 prefer_native_vec=0 decode=1 dk=0 dv=1 unsafe_vec_after_turbo_v_decode=1 allow_vec=0 kernel=MMA_F16 need_f16_K=1 need_f16_V=0 Knb=[20,640,160,163840] Vnb=[66,528,132,135168] Keff_nb=[20,640,160,163840] Veff_nb=[2,2048,512,524288]
CUDA_FA_ROUTE_SUPPORTED kernel=MMA_F16 effK=q4_1 effV=f16 supported=1
CUDA_FA_ROUTE_PLAN device=0 Q=[256,16,16,1] Kraw=q4_1 Vraw=turbo4 Kshape=[256,256,4,1] Vshape=[256,256,4,1] Keff=q4_1 Veff=f16 turbo_kv=1 prefer_native_vec=0 decode=1 dk=0 dv=1 unsafe_vec_after_turbo_v_decode=1 allow_vec=0 kernel=MMA_F16 need_f16_K=1 need_f16_V=0 Knb=[20,640,160,163840] Vnb=[66,528,132,135168] Keff_nb=[20,640,160,163840] Veff_nb=[2,2048,512,524288]
CUDA_FA_ROUTE_SUPPORTED kernel=MMA_F16 effK=q4_1 effV=f16 supported=1
CUDA_FA_ROUTE_PLAN device=0 Q=[256,16,16,1] Kraw=q4_1 Vraw=turbo4 Kshape=[256,256,4,1] Vshape=[256,256,4,1] Keff=q4_1 Veff=f16 turbo_kv=1 prefer_native_vec=0 decode=1 dk=0 dv=1 unsafe_vec_after_turbo_v_decode=1 allow_vec=0 kernel=MMA_F16 need_f16_K=1 need_f16_V=0 Knb=[20,640,160,163840] Vnb=[66,528,132,135168] Keff_nb=[20,640,160,163840] Veff_nb=[2,2048,512,524288]
CUDA_FA_ROUTE_SUPPORTED kernel=MMA_F16 effK=q4_1 effV=f16 supported=1
CUDA_FA_ROUTE_PLAN device=0 Q=[256,16,16,1] Kraw=q4_1 Vraw=turbo4 Kshape=[256,256,4,1] Vshape=[256,256,4,1] Keff=q4_1 Veff=f16 turbo_kv=1 prefer_native_vec=0 decode=1 dk=0 dv=1 unsafe_vec_after_turbo_v_decode=1 allow_vec=0 kernel=MMA_F16 need_f16_K=1 need_f16_V=0 Knb=[20,640,160,163840] Vnb=[66,528,132,135168] Keff_nb=[20,640,160,163840] Veff_nb=[2,2048,512,524288]
CUDA_FA_ROUTE_SUPPORTED kernel=MMA_F16 effK=q4_1 effV=f16 supported=1
CUDA_FA_ROUTE_PLAN device=0 Q=[256,16,16,1] Kraw=q4_1 Vraw=turbo4 Kshape=[256,256,4,1] Vshape=[256,256,4,1] Keff=q4_1 Veff=f16 turbo_kv=1 prefer_native_vec=0 decode=1 dk=0 dv=1 unsafe_vec_after_turbo_v_decode=1 allow_vec=0 kernel=MMA_F16 need_f16_K=1 need_f16_V=0 Knb=[20,640,160,163840] Vnb=[66,528,132,135168] Keff_nb=[20,640,160,163840] Veff_nb=[2,2048,512,524288]
CUDA_FA_ROUTE_SUPPORTED kernel=MMA_F16 effK=q4_1 effV=f16 supported=1
CUDA_FA_ROUTE_PLAN device=0 Q=[256,16,16,1] Kraw=q4_1 Vraw=turbo4 Kshape=[256,256,4,1] Vshape=[256,256,4,1] Keff=q4_1 Veff=f16 turbo_kv=1 prefer_native_vec=0 decode=1 dk=0 dv=1 unsafe_vec_after_turbo_v_decode=1 allow_vec=0 kernel=MMA_F16 need_f16_K=1 need_f16_V=0 Knb=[20,640,160,163840] Vnb=[66,528,132,135168] Keff_nb=[20,640,160,163840] Veff_nb=[2,2048,512,524288]
CUDA_FA_ROUTE_SUPPORTED kernel=MMA_F16 effK=q4_1 effV=f16 supported=1
CUDA_FA_ROUTE_PLAN device=0 Q=[256,16,16,1] Kraw=q4_1 Vraw=turbo4 Kshape=[256,256,4,1] Vshape=[256,256,4,1] Keff=q4_1 Veff=f16 turbo_kv=1 prefer_native_vec=0 decode=1 dk=0 dv=1 unsafe_vec_after_turbo_v_decode=1 allow_vec=0 kernel=MMA_F16 need_f16_K=1 need_f16_V=0 Knb=[20,640,160,163840] Vnb=[66,528,132,135168] Keff_nb=[20,640,160,163840] Veff_nb=[2,2048,512,524288]
CUDA_FA_ROUTE_SUPPORTED kernel=MMA_F16 effK=q4_1 effV=f16 supported=1
CUDA_FA_ROUTE_PLAN device=0 Q=[256,1,16,1] Kraw=q4_1 Vraw=turbo4 Kshape=[256,256,4,1] Vshape=[256,256,4,1] Keff=q4_1 Veff=f16 turbo_kv=1 prefer_native_vec=0 decode=1 dk=0 dv=1 unsafe_vec_after_turbo_v_decode=1 allow_vec=0 kernel=MMA_F16 need_f16_K=1 need_f16_V=0 Knb=[20,640,160,163840] Vnb=[66,528,132,135168] Keff_nb=[20,640,160,163840] Veff_nb=[2,2048,512,524288]
CUDA_FA_ROUTE_SUPPORTED kernel=MMA_F16 effK=q4_1 effV=f16 supported=1
CUDA_FA_ROUTE_PLAN device=0 Q=[256,1,16,1] Kraw=q4_1 Vraw=turbo4 Kshape=[256,256,4,1] Vshape=[256,256,4,1] Keff=q4_1 Veff=f16 turbo_kv=1 prefer_native_vec=0 decode=1 dk=0 dv=1 unsafe_vec_after_turbo_v_decode=1 allow_vec=0 kernel=MMA_F16 need_f16_K=1 need_f16_V=0 Knb=[20,640,160,163840] Vnb=[66,528,132,135168] Keff_nb=[20,640,160,163840] Veff_nb=[2,2048,512,524288]
CUDA_FA_ROUTE_SUPPORTED kernel=MMA_F16 effK=q4_1 effV=f16 supported=1
CUDA_FA_ROUTE_PLAN device=0 Q=[256,1,16,1] Kraw=q4_1 Vraw=turbo4 Kshape=[256,256,4,1] Vshape=[256,256,4,1] Keff=q4_1 Veff=f16 turbo_kv=1 prefer_native_vec=0 decode=1 dk=0 dv=1 unsafe_vec_after_turbo_v_decode=1 allow_vec=0 kernel=MMA_F16 need_f16_K=1 need_f16_V=0 Knb=[20,640,160,163840] Vnb=[66,528,132,135168] Keff_nb=[20,640,160,163840] Veff_nb=[2,2048,512,524288]
CUDA_FA_ROUTE_SUPPORTED kernel=MMA_F16 effK=q4_1 effV=f16 supported=1
CUDA_FA_ROUTE_PLAN device=0 Q=[256,1,16,1] Kraw=q4_1 Vraw=turbo4 Kshape=[256,256,4,1] Vshape=[256,256,4,1] Keff=q4_1 Veff=f16 turbo_kv=1 prefer_native_vec=0 decode=1 dk=0 dv=1 unsafe_vec_after_turbo_v_decode=1 allow_vec=0 kernel=MMA_F16 need_f16_K=1 need_f16_V=0 Knb=[20,640,160,163840] Vnb=[66,528,132,135168] Keff_nb=[20,640,160,163840] Veff_nb=[2,2048,512,524288]
CUDA_FA_ROUTE_SUPPORTED kernel=MMA_F16 effK=q4_1 effV=f16 supported=1
CUDA_FA_ROUTE_PLAN device=0 Q=[256,1,16,1] Kraw=q4_1 Vraw=turbo4 Kshape=[256,256,4,1] Vshape=[256,256,4,1] Keff=q4_1 Veff=f16 turbo_kv=1 prefer_native_vec=0 decode=1 dk=0 dv=1 unsafe_vec_after_turbo_v_decode=1 allow_vec=0 kernel=MMA_F16 need_f16_K=1 need_f16_V=0 Knb=[20,640,160,163840] Vnb=[66,528,132,135168] Keff_nb=[20,640,160,163840] Veff_nb=[2,2048,512,524288]
CUDA_FA_ROUTE_SUPPORTED kernel=MMA_F16 effK=q4_1 effV=f16 supported=1
CUDA_FA_ROUTE_PLAN device=0 Q=[256,1,16,1] Kraw=q4_1 Vraw=turbo4 Kshape=[256,256,4,1] Vshape=[256,256,4,1] Keff=q4_1 Veff=f16 turbo_kv=1 prefer_native_vec=0 decode=1 dk=0 dv=1 unsafe_vec_after_turbo_v_decode=1 allow_vec=0 kernel=MMA_F16 need_f16_K=1 need_f16_V=0 Knb=[20,640,160,163840] Vnb=[66,528,132,135168] Keff_nb=[20,640,160,163840] Veff_nb=[2,2048,512,524288]
CUDA_FA_ROUTE_SUPPORTED kernel=MMA_F16 effK=q4_1 effV=f16 supported=1
CUDA_FA_ROUTE_PLAN device=0 Q=[256,1,16,1] Kraw=q4_1 Vraw=turbo4 Kshape=[256,256,4,1] Vshape=[256,256,4,1] Keff=q4_1 Veff=f16 turbo_kv=1 prefer_native_vec=0 decode=1 dk=0 dv=1 unsafe_vec_after_turbo_v_decode=1 allow_vec=0 kernel=MMA_F16 need_f16_K=1 need_f16_V=0 Knb=[20,640,160,163840] Vnb=[66,528,132,135168] Keff_nb=[20,640,160,163840] Veff_nb=[2,2048,512,524288]
CUDA_FA_ROUTE_SUPPORTED kernel=MMA_F16 effK=q4_1 effV=f16 supported=1
CUDA_FA_ROUTE_PLAN device=0 Q=[256,1,16,1] Kraw=q4_1 Vraw=turbo4 Kshape=[256,256,4,1] Vshape=[256,256,4,1] Keff=q4_1 Veff=f16 turbo_kv=1 prefer_native_vec=0 decode=1 dk=0 dv=1 unsafe_vec_after_turbo_v_decode=1 allow_vec=0 kernel=MMA_F16 need_f16_K=1 need_f16_V=0 Knb=[20,640,160,163840] Vnb=[66,528,132,135168] Keff_nb=[20,640,160,163840] Veff_nb=[2,2048,512,524288]
CUDA_FA_ROUTE_SUPPORTED kernel=MMA_F16 effK=q4_1 effV=f16 supported=1
CUDA_FA_ROUTE_PLAN device=0 Q=[256,256,16,1] Kraw=q4_1 Vraw=turbo4 Kshape=[256,256,4,1] Vshape=[256,256,4,1] Keff=q4_1 Veff=f16 turbo_kv=1 prefer_native_vec=0 decode=1 dk=0 dv=1 unsafe_vec_after_turbo_v_decode=1 allow_vec=0 kernel=MMA_F16 need_f16_K=1 need_f16_V=0 Knb=[20,640,160,163840] Vnb=[66,528,132,135168] Keff_nb=[20,640,160,163840] Veff_nb=[2,2048,512,524288]
CUDA_FA_ROUTE_SUPPORTED kernel=MMA_F16 effK=q4_1 effV=f16 supported=1
CUDA_FA_ROUTE_PLAN device=0 Q=[256,256,16,1] Kraw=q4_1 Vraw=turbo4 Kshape=[256,256,4,1] Vshape=[256,256,4,1] Keff=q4_1 Veff=f16 turbo_kv=1 prefer_native_vec=0 decode=1 dk=0 dv=1 unsafe_vec_after_turbo_v_decode=1 allow_vec=0 kernel=MMA_F16 need_f16_K=1 need_f16_V=0 Knb=[20,640,160,163840] Vnb=[66,528,132,135168] Keff_nb=[20,640,160,163840] Veff_nb=[2,2048,512,524288]
CUDA_FA_ROUTE_SUPPORTED kernel=MMA_F16 effK=q4_1 effV=f16 supported=1
CUDA_FA_ROUTE_PLAN device=0 Q=[256,256,16,1] Kraw=q4_1 Vraw=turbo4 Kshape=[256,256,4,1] Vshape=[256,256,4,1] Keff=q4_1 Veff=f16 turbo_kv=1 prefer_native_vec=0 decode=1 dk=0 dv=1 unsafe_vec_after_turbo_v_decode=1 allow_vec=0 kernel=MMA_F16 need_f16_K=1 need_f16_V=0 Knb=[20,640,160,163840] Vnb=[66,528,132,135168] Keff_nb=[20,640,160,163840] Veff_nb=[2,2048,512,524288]
CUDA_FA_ROUTE_SUPPORTED kernel=MMA_F16 effK=q4_1 effV=f16 supported=1
CUDA_FA_ROUTE_PLAN device=0 Q=[256,256,16,1] Kraw=q4_1 Vraw=turbo4 Kshape=[256,256,4,1] Vshape=[256,256,4,1] Keff=q4_1 Veff=f16 turbo_kv=1 prefer_native_vec=0 decode=1 dk=0 dv=1 unsafe_vec_after_turbo_v_decode=1 allow_vec=0 kernel=MMA_F16 need_f16_K=1 need_f16_V=0 Knb=[20,640,160,163840] Vnb=[66,528,132,135168] Keff_nb=[20,640,160,163840] Veff_nb=[2,2048,512,524288]
CUDA_FA_ROUTE_SUPPORTED kernel=MMA_F16 effK=q4_1 effV=f16 supported=1
CUDA_FA_ROUTE_PLAN device=0 Q=[256,256,16,1] Kraw=q4_1 Vraw=turbo4 Kshape=[256,256,4,1] Vshape=[256,256,4,1] Keff=q4_1 Veff=f16 turbo_kv=1 prefer_native_vec=0 decode=1 dk=0 dv=1 unsafe_vec_after_turbo_v_decode=1 allow_vec=0 kernel=MMA_F16 need_f16_K=1 need_f16_V=0 Knb=[20,640,160,163840] Vnb=[66,528,132,135168] Keff_nb=[20,640,160,163840] Veff_nb=[2,2048,512,524288]
CUDA_FA_ROUTE_SUPPORTED kernel=MMA_F16 effK=q4_1 effV=f16 supported=1
CUDA_FA_ROUTE_PLAN device=0 Q=[256,256,16,1] Kraw=q4_1 Vraw=turbo4 Kshape=[256,256,4,1] Vshape=[256,256,4,1] Keff=q4_1 Veff=f16 turbo_kv=1 prefer_native_vec=0 decode=1 dk=0 dv=1 unsafe_vec_after_turbo_v_decode=1 allow_vec=0 kernel=MMA_F16 need_f16_K=1 need_f16_V=0 Knb=[20,640,160,163840] Vnb=[66,528,132,135168] Keff_nb=[20,640,160,163840] Veff_nb=[2,2048,512,524288]
CUDA_FA_ROUTE_SUPPORTED kernel=MMA_F16 effK=q4_1 effV=f16 supported=1
CUDA_FA_ROUTE_PLAN device=0 Q=[256,256,16,1] Kraw=q4_1 Vraw=turbo4 Kshape=[256,256,4,1] Vshape=[256,256,4,1] Keff=q4_1 Veff=f16 turbo_kv=1 prefer_native_vec=0 decode=1 dk=0 dv=1 unsafe_vec_after_turbo_v_decode=1 allow_vec=0 kernel=MMA_F16 need_f16_K=1 need_f16_V=0 Knb=[20,640,160,163840] Vnb=[66,528,132,135168] Keff_nb=[20,640,160,163840] Veff_nb=[2,2048,512,524288]
CUDA_FA_ROUTE_SUPPORTED kernel=MMA_F16 effK=q4_1 effV=f16 supported=1
CUDA_FA_ROUTE_PLAN device=0 Q=[256,256,16,1] Kraw=q4_1 Vraw=turbo4 Kshape=[256,256,4,1] Vshape=[256,256,4,1] Keff=q4_1 Veff=f16 turbo_kv=1 prefer_native_vec=0 decode=1 dk=0 dv=1 unsafe_vec_after_turbo_v_decode=1 allow_vec=0 kernel=MMA_F16 need_f16_K=1 need_f16_V=0 Knb=[20,640,160,163840] Vnb=[66,528,132,135168] Keff_nb=[20,640,160,163840] Veff_nb=[2,2048,512,524288]
CUDA_FA_ROUTE_SUPPORTED kernel=MMA_F16 effK=q4_1 effV=f16 supported=1
CUDA_FA_ROUTE_PLAN device=0 Q=[256,256,16,1] Kraw=q4_1 Vraw=turbo4 Kshape=[256,256,4,1] Vshape=[256,256,4,1] Keff=q4_1 Veff=f16 turbo_kv=1 prefer_native_vec=0 decode=1 dk=0 dv=1 unsafe_vec_after_turbo_v_decode=1 allow_vec=0 kernel=MMA_F16 need_f16_K=1 need_f16_V=0 Knb=[20,640,160,163840] Vnb=[66,528,132,135168] Keff_nb=[20,640,160,163840] Veff_nb=[2,2048,512,524288]
CUDA_FA_ROUTE_ALLOC kernel=MMA_F16 need_f16_K=1 need_f16_V=0 workspace_end_offset=4718592 dst_data=(nil) f16_K=0x400000 f16_V=(nil) f16_end=0x480000
CUDA_FA_ROUTE_PLAN device=0 Q=[256,256,16,1] Kraw=q4_1 Vraw=turbo4 Kshape=[256,256,4,1] Vshape=[256,256,4,1] Keff=q4_1 Veff=f16 turbo_kv=1 prefer_native_vec=0 decode=1 dk=0 dv=1 unsafe_vec_after_turbo_v_decode=1 allow_vec=0 kernel=MMA_F16 need_f16_K=1 need_f16_V=0 Knb=[20,640,160,163840] Vnb=[66,528,132,135168] Keff_nb=[20,640,160,163840] Veff_nb=[2,2048,512,524288]
CUDA_FA_ROUTE_ALLOC kernel=MMA_F16 need_f16_K=1 need_f16_V=0 workspace_end_offset=4718592 dst_data=(nil) f16_K=0x400000 f16_V=(nil) f16_end=0x480000
CUDA_FA_ROUTE_PLAN device=0 Q=[256,256,16,1] Kraw=q4_1 Vraw=turbo4 Kshape=[256,256,4,1] Vshape=[256,256,4,1] Keff=q4_1 Veff=f16 turbo_kv=1 prefer_native_vec=0 decode=1 dk=0 dv=1 unsafe_vec_after_turbo_v_decode=1 allow_vec=0 kernel=MMA_F16 need_f16_K=1 need_f16_V=0 Knb=[20,640,160,163840] Vnb=[66,528,132,135168] Keff_nb=[20,640,160,163840] Veff_nb=[2,2048,512,524288]
CUDA_FA_ROUTE_ALLOC kernel=MMA_F16 need_f16_K=1 need_f16_V=0 workspace_end_offset=4718592 dst_data=(nil) f16_K=0x400000 f16_V=(nil) f16_end=0x480000
CUDA_FA_ROUTE_PLAN device=0 Q=[256,256,16,1] Kraw=q4_1 Vraw=turbo4 Kshape=[256,256,4,1] Vshape=[256,256,4,1] Keff=q4_1 Veff=f16 turbo_kv=1 prefer_native_vec=0 decode=1 dk=0 dv=1 unsafe_vec_after_turbo_v_decode=1 allow_vec=0 kernel=MMA_F16 need_f16_K=1 need_f16_V=0 Knb=[20,640,160,163840] Vnb=[66,528,132,135168] Keff_nb=[20,640,160,163840] Veff_nb=[2,2048,512,524288]
CUDA_FA_ROUTE_ALLOC kernel=MMA_F16 need_f16_K=1 need_f16_V=0 workspace_end_offset=4718592 dst_data=(nil) f16_K=0x400000 f16_V=(nil) f16_end=0x480000
CUDA_FA_ROUTE_PLAN device=0 Q=[256,256,16,1] Kraw=q4_1 Vraw=turbo4 Kshape=[256,256,4,1] Vshape=[256,256,4,1] Keff=q4_1 Veff=f16 turbo_kv=1 prefer_native_vec=0 decode=1 dk=0 dv=1 unsafe_vec_after_turbo_v_decode=1 allow_vec=0 kernel=MMA_F16 need_f16_K=1 need_f16_V=0 Knb=[20,640,160,163840] Vnb=[66,528,132,135168] Keff_nb=[20,640,160,163840] Veff_nb=[2,2048,512,524288]
CUDA_FA_ROUTE_ALLOC kernel=MMA_F16 need_f16_K=1 need_f16_V=0 workspace_end_offset=4718592 dst_data=(nil) f16_K=0x400000 f16_V=(nil) f16_end=0x480000
CUDA_FA_ROUTE_PLAN device=0 Q=[256,256,16,1] Kraw=q4_1 Vraw=turbo4 Kshape=[256,256,4,1] Vshape=[256,256,4,1] Keff=q4_1 Veff=f16 turbo_kv=1 prefer_native_vec=0 decode=1 dk=0 dv=1 unsafe_vec_after_turbo_v_decode=1 allow_vec=0 kernel=MMA_F16 need_f16_K=1 need_f16_V=0 Knb=[20,640,160,163840] Vnb=[66,528,132,135168] Keff_nb=[20,640,160,163840] Veff_nb=[2,2048,512,524288]
CUDA_FA_ROUTE_ALLOC kernel=MMA_F16 need_f16_K=1 need_f16_V=0 workspace_end_offset=4718592 dst_data=(nil) f16_K=0x400000 f16_V=(nil) f16_end=0x480000
CUDA_FA_ROUTE_PLAN device=0 Q=[256,256,16,1] Kraw=q4_1 Vraw=turbo4 Kshape=[256,256,4,1] Vshape=[256,256,4,1] Keff=q4_1 Veff=f16 turbo_kv=1 prefer_native_vec=0 decode=1 dk=0 dv=1 unsafe_vec_after_turbo_v_decode=1 allow_vec=0 kernel=MMA_F16 need_f16_K=1 need_f16_V=0 Knb=[20,640,160,163840] Vnb=[66,528,132,135168] Keff_nb=[20,640,160,163840] Veff_nb=[2,2048,512,524288]
CUDA_FA_ROUTE_ALLOC kernel=MMA_F16 need_f16_K=1 need_f16_V=0 workspace_end_offset=4718592 dst_data=(nil) f16_K=0x400000 f16_V=(nil) f16_end=0x480000
CUDA_FA_ROUTE_PLAN device=0 Q=[256,256,16,1] Kraw=q4_1 Vraw=turbo4 Kshape=[256,256,4,1] Vshape=[256,256,4,1] Keff=q4_1 Veff=f16 turbo_kv=1 prefer_native_vec=0 decode=1 dk=0 dv=1 unsafe_vec_after_turbo_v_decode=1 allow_vec=0 kernel=MMA_F16 need_f16_K=1 need_f16_V=0 Knb=[20,640,160,163840] Vnb=[66,528,132,135168] Keff_nb=[20,640,160,163840] Veff_nb=[2,2048,512,524288]
CUDA_FA_ROUTE_ALLOC kernel=MMA_F16 need_f16_K=1 need_f16_V=0 workspace_end_offset=4718592 dst_data=(nil) f16_K=0x400000 f16_V=(nil) f16_end=0x480000
CUDA_FA_ROUTE_PLAN device=0 Q=[256,256,16,1] Kraw=q4_1 Vraw=turbo4 Kshape=[256,256,4,1] Vshape=[256,256,4,1] Keff=q4_1 Veff=f16 turbo_kv=1 prefer_native_vec=0 decode=1 dk=0 dv=1 unsafe_vec_after_turbo_v_decode=1 allow_vec=0 kernel=MMA_F16 need_f16_K=1 need_f16_V=0 Knb=[20,640,160,163840] Vnb=[66,528,132,135168] Keff_nb=[20,640,160,163840] Veff_nb=[2,2048,512,524288]
CUDA_FA_ROUTE_ALLOC kernel=MMA_F16 need_f16_K=1 need_f16_V=0 workspace_end_offset=4718592 dst_data=(nil) f16_K=0x400000 f16_V=(nil) f16_end=0x480000
CUDA_FA_ROUTE_PLAN device=0 Q=[256,256,16,1] Kraw=q4_1 Vraw=turbo4 Kshape=[256,256,4,1] Vshape=[256,256,4,1] Keff=q4_1 Veff=f16 turbo_kv=1 prefer_native_vec=0 decode=1 dk=0 dv=1 unsafe_vec_after_turbo_v_decode=1 allow_vec=0 kernel=MMA_F16 need_f16_K=1 need_f16_V=0 Knb=[20,640,160,163840] Vnb=[66,528,132,135168] Keff_nb=[20,640,160,163840] Veff_nb=[2,2048,512,524288]
CUDA_FA_ROUTE_ALLOC kernel=MMA_F16 need_f16_K=1 need_f16_V=0 workspace_end_offset=4718592 dst_data=(nil) f16_K=0x400000 f16_V=(nil) f16_end=0x480000
CUDA_FA_ROUTE_PLAN device=0 Q=[256,256,16,1] Kraw=q4_1 Vraw=turbo4 Kshape=[256,256,4,1] Vshape=[256,256,4,1] Keff=q4_1 Veff=f16 turbo_kv=1 prefer_native_vec=0 decode=1 dk=0 dv=1 unsafe_vec_after_turbo_v_decode=1 allow_vec=0 kernel=MMA_F16 need_f16_K=1 need_f16_V=0 Knb=[20,640,160,163840] Vnb=[66,528,132,135168] Keff_nb=[20,640,160,163840] Veff_nb=[2,2048,512,524288]
CUDA_FA_ROUTE_ALLOC kernel=MMA_F16 need_f16_K=1 need_f16_V=0 workspace_end_offset=4718592 dst_data=(nil) f16_K=0x400000 f16_V=(nil) f16_end=0x480000
CUDA_FA_ROUTE_PLAN device=0 Q=[256,256,16,1] Kraw=q4_1 Vraw=turbo4 Kshape=[256,256,4,1] Vshape=[256,256,4,1] Keff=q4_1 Veff=f16 turbo_kv=1 prefer_native_vec=0 decode=1 dk=0 dv=1 unsafe_vec_after_turbo_v_decode=1 allow_vec=0 kernel=MMA_F16 need_f16_K=1 need_f16_V=0 Knb=[20,640,160,163840] Vnb=[66,528,132,135168] Keff_nb=[20,640,160,163840] Veff_nb=[2,2048,512,524288]
CUDA_FA_ROUTE_ALLOC kernel=MMA_F16 need_f16_K=1 need_f16_V=0 workspace_end_offset=4718592 dst_data=(nil) f16_K=0x400000 f16_V=(nil) f16_end=0x480000
CUDA_FA_ROUTE_PLAN device=0 Q=[256,256,16,1] Kraw=q4_1 Vraw=turbo4 Kshape=[256,256,4,1] Vshape=[256,256,4,1] Keff=q4_1 Veff=f16 turbo_kv=1 prefer_native_vec=0 decode=1 dk=0 dv=1 unsafe_vec_after_turbo_v_decode=1 allow_vec=0 kernel=MMA_F16 need_f16_K=1 need_f16_V=0 Knb=[20,640,160,163840] Vnb=[66,528,132,135168] Keff_nb=[20,640,160,163840] Veff_nb=[2,2048,512,524288]
CUDA_FA_ROUTE_ALLOC kernel=MMA_F16 need_f16_K=1 need_f16_V=0 workspace_end_offset=4718592 dst_data=(nil) f16_K=0x400000 f16_V=(nil) f16_end=0x480000
CUDA_FA_ROUTE_PLAN device=0 Q=[256,256,16,1] Kraw=q4_1 Vraw=turbo4 Kshape=[256,256,4,1] Vshape=[256,256,4,1] Keff=q4_1 Veff=f16 turbo_kv=1 prefer_native_vec=0 decode=1 dk=0 dv=1 unsafe_vec_after_turbo_v_decode=1 allow_vec=0 kernel=MMA_F16 need_f16_K=1 need_f16_V=0 Knb=[20,640,160,163840] Vnb=[66,528,132,135168] Keff_nb=[20,640,160,163840] Veff_nb=[2,2048,512,524288]
CUDA_FA_ROUTE_ALLOC kernel=MMA_F16 need_f16_K=1 need_f16_V=0 workspace_end_offset=4718592 dst_data=(nil) f16_K=0x400000 f16_V=(nil) f16_end=0x480000
CUDA_FA_ROUTE_PLAN device=0 Q=[256,256,16,1] Kraw=q4_1 Vraw=turbo4 Kshape=[256,256,4,1] Vshape=[256,256,4,1] Keff=q4_1 Veff=f16 turbo_kv=1 prefer_native_vec=0 decode=1 dk=0 dv=1 unsafe_vec_after_turbo_v_decode=1 allow_vec=0 kernel=MMA_F16 need_f16_K=1 need_f16_V=0 Knb=[20,640,160,163840] Vnb=[66,528,132,135168] Keff_nb=[20,640,160,163840] Veff_nb=[2,2048,512,524288]
CUDA_FA_ROUTE_ALLOC kernel=MMA_F16 need_f16_K=1 need_f16_V=0 workspace_end_offset=4718592 dst_data=(nil) f16_K=0x400000 f16_V=(nil) f16_end=0x480000
CUDA_FA_ROUTE_PLAN device=0 Q=[256,256,16,1] Kraw=q4_1 Vraw=turbo4 Kshape=[256,256,4,1] Vshape=[256,256,4,1] Keff=q4_1 Veff=f16 turbo_kv=1 prefer_native_vec=0 decode=1 dk=0 dv=1 unsafe_vec_after_turbo_v_decode=1 allow_vec=0 kernel=MMA_F16 need_f16_K=1 need_f16_V=0 Knb=[20,640,160,163840] Vnb=[66,528,132,135168] Keff_nb=[20,640,160,163840] Veff_nb=[2,2048,512,524288]
CUDA_FA_ROUTE_ALLOC kernel=MMA_F16 need_f16_K=1 need_f16_V=0 workspace_end_offset=4718592 dst_data=(nil) f16_K=0x400000 f16_V=(nil) f16_end=0x480000
CUDA_FA_ROUTE_PLAN device=0 Q=[256,256,16,1] Kraw=q4_1 Vraw=turbo4 Kshape=[256,256,4,1] Vshape=[256,256,4,1] Keff=q4_1 Veff=f16 turbo_kv=1 prefer_native_vec=0 decode=1 dk=0 dv=1 unsafe_vec_after_turbo_v_decode=1 allow_vec=0 kernel=MMA_F16 need_f16_K=1 need_f16_V=0 Knb=[20,640,160,163840] Vnb=[66,528,132,135168] Keff_nb=[20,640,160,163840] Veff_nb=[2,2048,512,524288]
CUDA_FA_ROUTE_ALLOC kernel=MMA_F16 need_f16_K=1 need_f16_V=0 workspace_end_offset=4718592 dst_data=(nil) f16_K=0x400000 f16_V=(nil) f16_end=0x480000
CUDA_FA_ROUTE_PLAN device=0 Q=[256,256,16,1] Kraw=q4_1 Vraw=turbo4 Kshape=[256,256,4,1] Vshape=[256,256,4,1] Keff=q4_1 Veff=f16 turbo_kv=1 prefer_native_vec=0 decode=1 dk=0 dv=1 unsafe_vec_after_turbo_v_decode=1 allow_vec=0 kernel=MMA_F16 need_f16_K=1 need_f16_V=0 Knb=[20,640,160,163840] Vnb=[66,528,132,135168] Keff_nb=[20,640,160,163840] Veff_nb=[2,2048,512,524288]
CUDA_FA_ROUTE_ALLOC kernel=MMA_F16 need_f16_K=1 need_f16_V=0 workspace_end_offset=4718592 dst_data=(nil) f16_K=0x400000 f16_V=(nil) f16_end=0x480000
CUDA_FA_ROUTE_PLAN device=0 Q=[256,256,16,1] Kraw=q4_1 Vraw=turbo4 Kshape=[256,256,4,1] Vshape=[256,256,4,1] Keff=q4_1 Veff=f16 turbo_kv=1 prefer_native_vec=0 decode=1 dk=0 dv=1 unsafe_vec_after_turbo_v_decode=1 allow_vec=0 kernel=MMA_F16 need_f16_K=1 need_f16_V=0 Knb=[20,640,160,163840] Vnb=[66,528,132,135168] Keff_nb=[20,640,160,163840] Veff_nb=[2,2048,512,524288]
CUDA_FA_ROUTE_ALLOC kernel=MMA_F16 need_f16_K=1 need_f16_V=0 workspace_end_offset=4718592 dst_data=(nil) f16_K=0x400000 f16_V=(nil) f16_end=0x480000
CUDA_FA_ROUTE_PLAN device=0 Q=[256,256,16,1] Kraw=q4_1 Vraw=turbo4 Kshape=[256,256,4,1] Vshape=[256,256,4,1] Keff=q4_1 Veff=f16 turbo_kv=1 prefer_native_vec=0 decode=1 dk=0 dv=1 unsafe_vec_after_turbo_v_decode=1 allow_vec=0 kernel=MMA_F16 need_f16_K=1 need_f16_V=0 Knb=[20,640,160,163840] Vnb=[66,528,132,135168] Keff_nb=[20,640,160,163840] Veff_nb=[2,2048,512,524288]
CUDA_FA_ROUTE_ALLOC kernel=MMA_F16 need_f16_K=1 need_f16_V=0 workspace_end_offset=4718592 dst_data=(nil) f16_K=0x400000 f16_V=(nil) f16_end=0x480000
CUDA_FA_ROUTE_PLAN device=0 Q=[256,256,16,1] Kraw=q4_1 Vraw=turbo4 Kshape=[256,256,4,1] Vshape=[256,256,4,1] Keff=q4_1 Veff=f16 turbo_kv=1 prefer_native_vec=0 decode=1 dk=0 dv=1 unsafe_vec_after_turbo_v_decode=1 allow_vec=0 kernel=MMA_F16 need_f16_K=1 need_f16_V=0 Knb=[20,640,160,163840] Vnb=[66,528,132,135168] Keff_nb=[20,640,160,163840] Veff_nb=[2,2048,512,524288]
CUDA_FA_ROUTE_ALLOC kernel=MMA_F16 need_f16_K=1 need_f16_V=0 workspace_end_offset=4718592 dst_data=(nil) f16_K=0x400000 f16_V=(nil) f16_end=0x480000
CUDA_FA_ROUTE_PLAN device=0 Q=[256,256,16,1] Kraw=q4_1 Vraw=turbo4 Kshape=[256,256,4,1] Vshape=[256,256,4,1] Keff=q4_1 Veff=f16 turbo_kv=1 prefer_native_vec=0 decode=1 dk=0 dv=1 unsafe_vec_after_turbo_v_decode=1 allow_vec=0 kernel=MMA_F16 need_f16_K=1 need_f16_V=0 Knb=[20,640,160,163840] Vnb=[66,528,132,135168] Keff_nb=[20,640,160,163840] Veff_nb=[2,2048,512,524288]
CUDA_FA_ROUTE_ALLOC kernel=MMA_F16 need_f16_K=1 need_f16_V=0 workspace_end_offset=4718592 dst_data=(nil) f16_K=0x400000 f16_V=(nil) f16_end=0x480000
CUDA_FA_ROUTE_PLAN device=0 Q=[256,256,16,1] Kraw=q4_1 Vraw=turbo4 Kshape=[256,256,4,1] Vshape=[256,256,4,1] Keff=q4_1 Veff=f16 turbo_kv=1 prefer_native_vec=0 decode=1 dk=0 dv=1 unsafe_vec_after_turbo_v_decode=1 allow_vec=0 kernel=MMA_F16 need_f16_K=1 need_f16_V=0 Knb=[20,640,160,163840] Vnb=[66,528,132,135168] Keff_nb=[20,640,160,163840] Veff_nb=[2,2048,512,524288]
CUDA_FA_ROUTE_ALLOC kernel=MMA_F16 need_f16_K=1 need_f16_V=0 workspace_end_offset=4718592 dst_data=(nil) f16_K=0x400000 f16_V=(nil) f16_end=0x480000
CUDA_FA_ROUTE_PLAN device=0 Q=[256,256,16,1] Kraw=q4_1 Vraw=turbo4 Kshape=[256,256,4,1] Vshape=[256,256,4,1] Keff=q4_1 Veff=f16 turbo_kv=1 prefer_native_vec=0 decode=1 dk=0 dv=1 unsafe_vec_after_turbo_v_decode=1 allow_vec=0 kernel=MMA_F16 need_f16_K=1 need_f16_V=0 Knb=[20,640,160,163840] Vnb=[66,528,132,135168] Keff_nb=[20,640,160,163840] Veff_nb=[2,2048,512,524288]
CUDA_FA_ROUTE_ALLOC kernel=MMA_F16 need_f16_K=1 need_f16_V=0 workspace_end_offset=4718592 dst_data=(nil) f16_K=0x400000 f16_V=(nil) f16_end=0x480000
CUDA_FA_ROUTE_PLAN device=0 Q=[256,256,16,1] Kraw=q4_1 Vraw=turbo4 Kshape=[256,256,4,1] Vshape=[256,256,4,1] Keff=q4_1 Veff=f16 turbo_kv=1 prefer_native_vec=0 decode=1 dk=0 dv=1 unsafe_vec_after_turbo_v_decode=1 allow_vec=0 kernel=MMA_F16 need_f16_K=1 need_f16_V=0 Knb=[20,640,160,163840] Vnb=[66,528,132,135168] Keff_nb=[20,640,160,163840] Veff_nb=[2,2048,512,524288]
CUDA_FA_ROUTE_ALLOC kernel=MMA_F16 need_f16_K=1 need_f16_V=0 workspace_end_offset=4718592 dst_data=(nil) f16_K=0x400000 f16_V=(nil) f16_end=0x480000
CUDA_FA_ROUTE_PLAN device=0 Q=[256,256,16,1] Kraw=q4_1 Vraw=turbo4 Kshape=[256,256,4,1] Vshape=[256,256,4,1] Keff=q4_1 Veff=f16 turbo_kv=1 prefer_native_vec=0 decode=1 dk=0 dv=1 unsafe_vec_after_turbo_v_decode=1 allow_vec=0 kernel=MMA_F16 need_f16_K=1 need_f16_V=0 Knb=[20,640,160,163840] Vnb=[66,528,132,135168] Keff_nb=[20,640,160,163840] Veff_nb=[2,2048,512,524288]
CUDA_FA_ROUTE_ALLOC kernel=MMA_F16 need_f16_K=1 need_f16_V=0 workspace_end_offset=4718592 dst_data=(nil) f16_K=0x400000 f16_V=(nil) f16_end=0x480000
CUDA_FA_ROUTE_PLAN device=0 Q=[256,256,16,1] Kraw=q4_1 Vraw=turbo4 Kshape=[256,256,4,1] Vshape=[256,256,4,1] Keff=q4_1 Veff=f16 turbo_kv=1 prefer_native_vec=0 decode=1 dk=0 dv=1 unsafe_vec_after_turbo_v_decode=1 allow_vec=0 kernel=MMA_F16 need_f16_K=1 need_f16_V=0 Knb=[20,640,160,163840] Vnb=[66,528,132,135168] Keff_nb=[20,640,160,163840] Veff_nb=[2,2048,512,524288]
CUDA_FA_ROUTE_ALLOC kernel=MMA_F16 need_f16_K=1 need_f16_V=0 workspace_end_offset=4718592 dst_data=(nil) f16_K=0x400000 f16_V=(nil) f16_end=0x480000
CUDA_FA_ROUTE_PLAN device=0 Q=[256,256,16,1] Kraw=q4_1 Vraw=turbo4 Kshape=[256,256,4,1] Vshape=[256,256,4,1] Keff=q4_1 Veff=f16 turbo_kv=1 prefer_native_vec=0 decode=1 dk=0 dv=1 unsafe_vec_after_turbo_v_decode=1 allow_vec=0 kernel=MMA_F16 need_f16_K=1 need_f16_V=0 Knb=[20,640,160,163840] Vnb=[66,528,132,135168] Keff_nb=[20,640,160,163840] Veff_nb=[2,2048,512,524288]
CUDA_FA_ROUTE_ALLOC kernel=MMA_F16 need_f16_K=1 need_f16_V=0 workspace_end_offset=4718592 dst_data=(nil) f16_K=0x400000 f16_V=(nil) f16_end=0x480000
CUDA_FA_ROUTE_PLAN device=0 Q=[256,256,16,1] Kraw=q4_1 Vraw=turbo4 Kshape=[256,256,4,1] Vshape=[256,256,4,1] Keff=q4_1 Veff=f16 turbo_kv=1 prefer_native_vec=0 decode=1 dk=0 dv=1 unsafe_vec_after_turbo_v_decode=1 allow_vec=0 kernel=MMA_F16 need_f16_K=1 need_f16_V=0 Knb=[20,640,160,163840] Vnb=[66,528,132,135168] Keff_nb=[20,640,160,163840] Veff_nb=[2,2048,512,524288]
CUDA_FA_ROUTE_ALLOC kernel=MMA_F16 need_f16_K=1 need_f16_V=0 workspace_end_offset=4718592 dst_data=(nil) f16_K=0x400000 f16_V=(nil) f16_end=0x480000
CUDA_FA_ROUTE_PLAN device=0 Q=[256,256,16,1] Kraw=q4_1 Vraw=turbo4 Kshape=[256,256,4,1] Vshape=[256,256,4,1] Keff=q4_1 Veff=f16 turbo_kv=1 prefer_native_vec=0 decode=1 dk=0 dv=1 unsafe_vec_after_turbo_v_decode=1 allow_vec=0 kernel=MMA_F16 need_f16_K=1 need_f16_V=0 Knb=[20,640,160,163840] Vnb=[66,528,132,135168] Keff_nb=[20,640,160,163840] Veff_nb=[2,2048,512,524288]
CUDA_FA_ROUTE_ALLOC kernel=MMA_F16 need_f16_K=1 need_f16_V=0 workspace_end_offset=4718592 dst_data=(nil) f16_K=0x400000 f16_V=(nil) f16_end=0x480000
CUDA_FA_ROUTE_PLAN device=0 Q=[256,256,16,1] Kraw=q4_1 Vraw=turbo4 Kshape=[256,256,4,1] Vshape=[256,256,4,1] Keff=q4_1 Veff=f16 turbo_kv=1 prefer_native_vec=0 decode=1 dk=0 dv=1 unsafe_vec_after_turbo_v_decode=1 allow_vec=0 kernel=MMA_F16 need_f16_K=1 need_f16_V=0 Knb=[20,640,160,163840] Vnb=[66,528,132,135168] Keff_nb=[20,640,160,163840] Veff_nb=[2,2048,512,524288]
CUDA_FA_ROUTE_ALLOC kernel=MMA_F16 need_f16_K=1 need_f16_V=0 workspace_end_offset=4718592 dst_data=(nil) f16_K=0x400000 f16_V=(nil) f16_end=0x480000
CUDA_FA_ROUTE_PLAN device=0 Q=[256,256,16,1] Kraw=q4_1 Vraw=turbo4 Kshape=[256,256,4,1] Vshape=[256,256,4,1] Keff=q4_1 Veff=f16 turbo_kv=1 prefer_native_vec=0 decode=1 dk=0 dv=1 unsafe_vec_after_turbo_v_decode=1 allow_vec=0 kernel=MMA_F16 need_f16_K=1 need_f16_V=0 Knb=[20,640,160,163840] Vnb=[66,528,132,135168] Keff_nb=[20,640,160,163840] Veff_nb=[2,2048,512,524288]
CUDA_FA_ROUTE_ALLOC kernel=MMA_F16 need_f16_K=1 need_f16_V=0 workspace_end_offset=4718592 dst_data=(nil) f16_K=0x400000 f16_V=(nil) f16_end=0x480000
CUDA_FA_ROUTE_PLAN device=0 Q=[256,1,16,1] Kraw=q4_1 Vraw=turbo4 Kshape=[256,256,4,1] Vshape=[256,256,4,1] Keff=q4_1 Veff=f16 turbo_kv=1 prefer_native_vec=0 decode=1 dk=0 dv=1 unsafe_vec_after_turbo_v_decode=1 allow_vec=0 kernel=MMA_F16 need_f16_K=1 need_f16_V=0 Knb=[20,640,160,163840] Vnb=[66,528,132,135168] Keff_nb=[20,640,160,163840] Veff_nb=[2,2048,512,524288]
CUDA_FA_ROUTE_SUPPORTED kernel=MMA_F16 effK=q4_1 effV=f16 supported=1
CUDA_FA_ROUTE_PLAN device=0 Q=[256,1,16,1] Kraw=q4_1 Vraw=turbo4 Kshape=[256,256,4,1] Vshape=[256,256,4,1] Keff=q4_1 Veff=f16 turbo_kv=1 prefer_native_vec=0 decode=1 dk=0 dv=1 unsafe_vec_after_turbo_v_decode=1 allow_vec=0 kernel=MMA_F16 need_f16_K=1 need_f16_V=0 Knb=[20,640,160,163840] Vnb=[66,528,132,135168] Keff_nb=[20,640,160,163840] Veff_nb=[2,2048,512,524288]
CUDA_FA_ROUTE_SUPPORTED kernel=MMA_F16 effK=q4_1 effV=f16 supported=1
CUDA_FA_ROUTE_PLAN device=0 Q=[256,1,16,1] Kraw=q4_1 Vraw=turbo4 Kshape=[256,256,4,1] Vshape=[256,256,4,1] Keff=q4_1 Veff=f16 turbo_kv=1 prefer_native_vec=0 decode=1 dk=0 dv=1 unsafe_vec_after_turbo_v_decode=1 allow_vec=0 kernel=MMA_F16 need_f16_K=1 need_f16_V=0 Knb=[20,640,160,163840] Vnb=[66,528,132,135168] Keff_nb=[20,640,160,163840] Veff_nb=[2,2048,512,524288]
CUDA_FA_ROUTE_SUPPORTED kernel=MMA_F16 effK=q4_1 effV=f16 supported=1
CUDA_FA_ROUTE_PLAN device=0 Q=[256,1,16,1] Kraw=q4_1 Vraw=turbo4 Kshape=[256,256,4,1] Vshape=[256,256,4,1] Keff=q4_1 Veff=f16 turbo_kv=1 prefer_native_vec=0 decode=1 dk=0 dv=1 unsafe_vec_after_turbo_v_decode=1 allow_vec=0 kernel=MMA_F16 need_f16_K=1 need_f16_V=0 Knb=[20,640,160,163840] Vnb=[66,528,132,135168] Keff_nb=[20,640,160,163840] Veff_nb=[2,2048,512,524288]
CUDA_FA_ROUTE_SUPPORTED kernel=MMA_F16 effK=q4_1 effV=f16 supported=1
CUDA_FA_ROUTE_PLAN device=0 Q=[256,1,16,1] Kraw=q4_1 Vraw=turbo4 Kshape=[256,256,4,1] Vshape=[256,256,4,1] Keff=q4_1 Veff=f16 turbo_kv=1 prefer_native_vec=0 decode=1 dk=0 dv=1 unsafe_vec_after_turbo_v_decode=1 allow_vec=0 kernel=MMA_F16 need_f16_K=1 need_f16_V=0 Knb=[20,640,160,163840] Vnb=[66,528,132,135168] Keff_nb=[20,640,160,163840] Veff_nb=[2,2048,512,524288]
CUDA_FA_ROUTE_SUPPORTED kernel=MMA_F16 effK=q4_1 effV=f16 supported=1
CUDA_FA_ROUTE_PLAN device=0 Q=[256,1,16,1] Kraw=q4_1 Vraw=turbo4 Kshape=[256,256,4,1] Vshape=[256,256,4,1] Keff=q4_1 Veff=f16 turbo_kv=1 prefer_native_vec=0 decode=1 dk=0 dv=1 unsafe_vec_after_turbo_v_decode=1 allow_vec=0 kernel=MMA_F16 need_f16_K=1 need_f16_V=0 Knb=[20,640,160,163840] Vnb=[66,528,132,135168] Keff_nb=[20,640,160,163840] Veff_nb=[2,2048,512,524288]
CUDA_FA_ROUTE_SUPPORTED kernel=MMA_F16 effK=q4_1 effV=f16 supported=1
CUDA_FA_ROUTE_PLAN device=0 Q=[256,1,16,1] Kraw=q4_1 Vraw=turbo4 Kshape=[256,256,4,1] Vshape=[256,256,4,1] Keff=q4_1 Veff=f16 turbo_kv=1 prefer_native_vec=0 decode=1 dk=0 dv=1 unsafe_vec_after_turbo_v_decode=1 allow_vec=0 kernel=MMA_F16 need_f16_K=1 need_f16_V=0 Knb=[20,640,160,163840] Vnb=[66,528,132,135168] Keff_nb=[20,640,160,163840] Veff_nb=[2,2048,512,524288]
CUDA_FA_ROUTE_SUPPORTED kernel=MMA_F16 effK=q4_1 effV=f16 supported=1
CUDA_FA_ROUTE_PLAN device=0 Q=[256,1,16,1] Kraw=q4_1 Vraw=turbo4 Kshape=[256,256,4,1] Vshape=[256,256,4,1] Keff=q4_1 Veff=f16 turbo_kv=1 prefer_native_vec=0 decode=1 dk=0 dv=1 unsafe_vec_after_turbo_v_decode=1 allow_vec=0 kernel=MMA_F16 need_f16_K=1 need_f16_V=0 Knb=[20,640,160,163840] Vnb=[66,528,132,135168] Keff_nb=[20,640,160,163840] Veff_nb=[2,2048,512,524288]
CUDA_FA_ROUTE_SUPPORTED kernel=MMA_F16 effK=q4_1 effV=f16 supported=1
CUDA_FA_ROUTE_PLAN device=0 Q=[256,256,16,1] Kraw=q4_1 Vraw=turbo4 Kshape=[256,256,4,1] Vshape=[256,256,4,1] Keff=q4_1 Veff=f16 turbo_kv=1 prefer_native_vec=0 decode=1 dk=0 dv=1 unsafe_vec_after_turbo_v_decode=1 allow_vec=0 kernel=MMA_F16 need_f16_K=1 need_f16_V=0 Knb=[20,640,160,163840] Vnb=[66,528,132,135168] Keff_nb=[20,640,160,163840] Veff_nb=[2,2048,512,524288]
CUDA_FA_ROUTE_SUPPORTED kernel=MMA_F16 effK=q4_1 effV=f16 supported=1
CUDA_FA_ROUTE_PLAN device=0 Q=[256,256,16,1] Kraw=q4_1 Vraw=turbo4 Kshape=[256,256,4,1] Vshape=[256,256,4,1] Keff=q4_1 Veff=f16 turbo_kv=1 prefer_native_vec=0 decode=1 dk=0 dv=1 unsafe_vec_after_turbo_v_decode=1 allow_vec=0 kernel=MMA_F16 need_f16_K=1 need_f16_V=0 Knb=[20,640,160,163840] Vnb=[66,528,132,135168] Keff_nb=[20,640,160,163840] Veff_nb=[2,2048,512,524288]
CUDA_FA_ROUTE_SUPPORTED kernel=MMA_F16 effK=q4_1 effV=f16 supported=1
CUDA_FA_ROUTE_PLAN device=0 Q=[256,256,16,1] Kraw=q4_1 Vraw=turbo4 Kshape=[256,256,4,1] Vshape=[256,256,4,1] Keff=q4_1 Veff=f16 turbo_kv=1 prefer_native_vec=0 decode=1 dk=0 dv=1 unsafe_vec_after_turbo_v_decode=1 allow_vec=0 kernel=MMA_F16 need_f16_K=1 need_f16_V=0 Knb=[20,640,160,163840] Vnb=[66,528,132,135168] Keff_nb=[20,640,160,163840] Veff_nb=[2,2048,512,524288]
CUDA_FA_ROUTE_SUPPORTED kernel=MMA_F16 effK=q4_1 effV=f16 supported=1
CUDA_FA_ROUTE_PLAN device=0 Q=[256,256,16,1] Kraw=q4_1 Vraw=turbo4 Kshape=[256,256,4,1] Vshape=[256,256,4,1] Keff=q4_1 Veff=f16 turbo_kv=1 prefer_native_vec=0 decode=1 dk=0 dv=1 unsafe_vec_after_turbo_v_decode=1 allow_vec=0 kernel=MMA_F16 need_f16_K=1 need_f16_V=0 Knb=[20,640,160,163840] Vnb=[66,528,132,135168] Keff_nb=[20,640,160,163840] Veff_nb=[2,2048,512,524288]
CUDA_FA_ROUTE_SUPPORTED kernel=MMA_F16 effK=q4_1 effV=f16 supported=1
CUDA_FA_ROUTE_PLAN device=0 Q=[256,256,16,1] Kraw=q4_1 Vraw=turbo4 Kshape=[256,256,4,1] Vshape=[256,256,4,1] Keff=q4_1 Veff=f16 turbo_kv=1 prefer_native_vec=0 decode=1 dk=0 dv=1 unsafe_vec_after_turbo_v_decode=1 allow_vec=0 kernel=MMA_F16 need_f16_K=1 need_f16_V=0 Knb=[20,640,160,163840] Vnb=[66,528,132,135168] Keff_nb=[20,640,160,163840] Veff_nb=[2,2048,512,524288]
CUDA_FA_ROUTE_SUPPORTED kernel=MMA_F16 effK=q4_1 effV=f16 supported=1
CUDA_FA_ROUTE_PLAN device=0 Q=[256,256,16,1] Kraw=q4_1 Vraw=turbo4 Kshape=[256,256,4,1] Vshape=[256,256,4,1] Keff=q4_1 Veff=f16 turbo_kv=1 prefer_native_vec=0 decode=1 dk=0 dv=1 unsafe_vec_after_turbo_v_decode=1 allow_vec=0 kernel=MMA_F16 need_f16_K=1 need_f16_V=0 Knb=[20,640,160,163840] Vnb=[66,528,132,135168] Keff_nb=[20,640,160,163840] Veff_nb=[2,2048,512,524288]
CUDA_FA_ROUTE_SUPPORTED kernel=MMA_F16 effK=q4_1 effV=f16 supported=1
CUDA_FA_ROUTE_PLAN device=0 Q=[256,256,16,1] Kraw=q4_1 Vraw=turbo4 Kshape=[256,256,4,1] Vshape=[256,256,4,1] Keff=q4_1 Veff=f16 turbo_kv=1 prefer_native_vec=0 decode=1 dk=0 dv=1 unsafe_vec_after_turbo_v_decode=1 allow_vec=0 kernel=MMA_F16 need_f16_K=1 need_f16_V=0 Knb=[20,640,160,163840] Vnb=[66,528,132,135168] Keff_nb=[20,640,160,163840] Veff_nb=[2,2048,512,524288]
CUDA_FA_ROUTE_SUPPORTED kernel=MMA_F16 effK=q4_1 effV=f16 supported=1
CUDA_FA_ROUTE_PLAN device=0 Q=[256,256,16,1] Kraw=q4_1 Vraw=turbo4 Kshape=[256,256,4,1] Vshape=[256,256,4,1] Keff=q4_1 Veff=f16 turbo_kv=1 prefer_native_vec=0 decode=1 dk=0 dv=1 unsafe_vec_after_turbo_v_decode=1 allow_vec=0 kernel=MMA_F16 need_f16_K=1 need_f16_V=0 Knb=[20,640,160,163840] Vnb=[66,528,132,135168] Keff_nb=[20,640,160,163840] Veff_nb=[2,2048,512,524288]
CUDA_FA_ROUTE_SUPPORTED kernel=MMA_F16 effK=q4_1 effV=f16 supported=1
CUDA_FA_ROUTE_PLAN device=0 Q=[256,1,16,1] Kraw=q4_1 Vraw=turbo4 Kshape=[256,256,4,1] Vshape=[256,256,4,1] Keff=q4_1 Veff=f16 turbo_kv=1 prefer_native_vec=0 decode=1 dk=0 dv=1 unsafe_vec_after_turbo_v_decode=1 allow_vec=0 kernel=MMA_F16 need_f16_K=1 need_f16_V=0 Knb=[20,640,160,163840] Vnb=[66,528,132,135168] Keff_nb=[20,640,160,163840] Veff_nb=[2,2048,512,524288]
CUDA_FA_ROUTE_SUPPORTED kernel=MMA_F16 effK=q4_1 effV=f16 supported=1
CUDA_FA_ROUTE_PLAN device=0 Q=[256,1,16,1] Kraw=q4_1 Vraw=turbo4 Kshape=[256,256,4,1] Vshape=[256,256,4,1] Keff=q4_1 Veff=f16 turbo_kv=1 prefer_native_vec=0 decode=1 dk=0 dv=1 unsafe_vec_after_turbo_v_decode=1 allow_vec=0 kernel=MMA_F16 need_f16_K=1 need_f16_V=0 Knb=[20,640,160,163840] Vnb=[66,528,132,135168] Keff_nb=[20,640,160,163840] Veff_nb=[2,2048,512,524288]
CUDA_FA_ROUTE_SUPPORTED kernel=MMA_F16 effK=q4_1 effV=f16 supported=1
CUDA_FA_ROUTE_PLAN device=0 Q=[256,1,16,1] Kraw=q4_1 Vraw=turbo4 Kshape=[256,256,4,1] Vshape=[256,256,4,1] Keff=q4_1 Veff=f16 turbo_kv=1 prefer_native_vec=0 decode=1 dk=0 dv=1 unsafe_vec_after_turbo_v_decode=1 allow_vec=0 kernel=MMA_F16 need_f16_K=1 need_f16_V=0 Knb=[20,640,160,163840] Vnb=[66,528,132,135168] Keff_nb=[20,640,160,163840] Veff_nb=[2,2048,512,524288]
CUDA_FA_ROUTE_SUPPORTED kernel=MMA_F16 effK=q4_1 effV=f16 supported=1
CUDA_FA_ROUTE_PLAN device=0 Q=[256,1,16,1] Kraw=q4_1 Vraw=turbo4 Kshape=[256,256,4,1] Vshape=[256,256,4,1] Keff=q4_1 Veff=f16 turbo_kv=1 prefer_native_vec=0 decode=1 dk=0 dv=1 unsafe_vec_after_turbo_v_decode=1 allow_vec=0 kernel=MMA_F16 need_f16_K=1 need_f16_V=0 Knb=[20,640,160,163840] Vnb=[66,528,132,135168] Keff_nb=[20,640,160,163840] Veff_nb=[2,2048,512,524288]
CUDA_FA_ROUTE_SUPPORTED kernel=MMA_F16 effK=q4_1 effV=f16 supported=1
CUDA_FA_ROUTE_PLAN device=0 Q=[256,1,16,1] Kraw=q4_1 Vraw=turbo4 Kshape=[256,256,4,1] Vshape=[256,256,4,1] Keff=q4_1 Veff=f16 turbo_kv=1 prefer_native_vec=0 decode=1 dk=0 dv=1 unsafe_vec_after_turbo_v_decode=1 allow_vec=0 kernel=MMA_F16 need_f16_K=1 need_f16_V=0 Knb=[20,640,160,163840] Vnb=[66,528,132,135168] Keff_nb=[20,640,160,163840] Veff_nb=[2,2048,512,524288]
CUDA_FA_ROUTE_SUPPORTED kernel=MMA_F16 effK=q4_1 effV=f16 supported=1
CUDA_FA_ROUTE_PLAN device=0 Q=[256,1,16,1] Kraw=q4_1 Vraw=turbo4 Kshape=[256,256,4,1] Vshape=[256,256,4,1] Keff=q4_1 Veff=f16 turbo_kv=1 prefer_native_vec=0 decode=1 dk=0 dv=1 unsafe_vec_after_turbo_v_decode=1 allow_vec=0 kernel=MMA_F16 need_f16_K=1 need_f16_V=0 Knb=[20,640,160,163840] Vnb=[66,528,132,135168] Keff_nb=[20,640,160,163840] Veff_nb=[2,2048,512,524288]
CUDA_FA_ROUTE_SUPPORTED kernel=MMA_F16 effK=q4_1 effV=f16 supported=1
CUDA_FA_ROUTE_PLAN device=0 Q=[256,1,16,1] Kraw=q4_1 Vraw=turbo4 Kshape=[256,256,4,1] Vshape=[256,256,4,1] Keff=q4_1 Veff=f16 turbo_kv=1 prefer_native_vec=0 decode=1 dk=0 dv=1 unsafe_vec_after_turbo_v_decode=1 allow_vec=0 kernel=MMA_F16 need_f16_K=1 need_f16_V=0 Knb=[20,640,160,163840] Vnb=[66,528,132,135168] Keff_nb=[20,640,160,163840] Veff_nb=[2,2048,512,524288]
CUDA_FA_ROUTE_SUPPORTED kernel=MMA_F16 effK=q4_1 effV=f16 supported=1
CUDA_FA_ROUTE_PLAN device=0 Q=[256,1,16,1] Kraw=q4_1 Vraw=turbo4 Kshape=[256,256,4,1] Vshape=[256,256,4,1] Keff=q4_1 Veff=f16 turbo_kv=1 prefer_native_vec=0 decode=1 dk=0 dv=1 unsafe_vec_after_turbo_v_decode=1 allow_vec=0 kernel=MMA_F16 need_f16_K=1 need_f16_V=0 Knb=[20,640,160,163840] Vnb=[66,528,132,135168] Keff_nb=[20,640,160,163840] Veff_nb=[2,2048,512,524288]
CUDA_FA_ROUTE_SUPPORTED kernel=MMA_F16 effK=q4_1 effV=f16 supported=1
CUDA_FA_ROUTE_PLAN device=0 Q=[256,16,16,1] Kraw=q4_1 Vraw=turbo4 Kshape=[256,256,4,1] Vshape=[256,256,4,1] Keff=q4_1 Veff=f16 turbo_kv=1 prefer_native_vec=0 decode=1 dk=0 dv=1 unsafe_vec_after_turbo_v_decode=1 allow_vec=0 kernel=MMA_F16 need_f16_K=1 need_f16_V=0 Knb=[20,640,160,163840] Vnb=[66,528,132,135168] Keff_nb=[20,640,160,163840] Veff_nb=[2,2048,512,524288]
CUDA_FA_ROUTE_SUPPORTED kernel=MMA_F16 effK=q4_1 effV=f16 supported=1
CUDA_FA_ROUTE_PLAN device=0 Q=[256,16,16,1] Kraw=q4_1 Vraw=turbo4 Kshape=[256,256,4,1] Vshape=[256,256,4,1] Keff=q4_1 Veff=f16 turbo_kv=1 prefer_native_vec=0 decode=1 dk=0 dv=1 unsafe_vec_after_turbo_v_decode=1 allow_vec=0 kernel=MMA_F16 need_f16_K=1 need_f16_V=0 Knb=[20,640,160,163840] Vnb=[66,528,132,135168] Keff_nb=[20,640,160,163840] Veff_nb=[2,2048,512,524288]
CUDA_FA_ROUTE_SUPPORTED kernel=MMA_F16 effK=q4_1 effV=f16 supported=1
CUDA_FA_ROUTE_PLAN device=0 Q=[256,16,16,1] Kraw=q4_1 Vraw=turbo4 Kshape=[256,256,4,1] Vshape=[256,256,4,1] Keff=q4_1 Veff=f16 turbo_kv=1 prefer_native_vec=0 decode=1 dk=0 dv=1 unsafe_vec_after_turbo_v_decode=1 allow_vec=0 kernel=MMA_F16 need_f16_K=1 need_f16_V=0 Knb=[20,640,160,163840] Vnb=[66,528,132,135168] Keff_nb=[20,640,160,163840] Veff_nb=[2,2048,512,524288]
CUDA_FA_ROUTE_SUPPORTED kernel=MMA_F16 effK=q4_1 effV=f16 supported=1
CUDA_FA_ROUTE_PLAN device=0 Q=[256,16,16,1] Kraw=q4_1 Vraw=turbo4 Kshape=[256,256,4,1] Vshape=[256,256,4,1] Keff=q4_1 Veff=f16 turbo_kv=1 prefer_native_vec=0 decode=1 dk=0 dv=1 unsafe_vec_after_turbo_v_decode=1 allow_vec=0 kernel=MMA_F16 need_f16_K=1 need_f16_V=0 Knb=[20,640,160,163840] Vnb=[66,528,132,135168] Keff_nb=[20,640,160,163840] Veff_nb=[2,2048,512,524288]
CUDA_FA_ROUTE_SUPPORTED kernel=MMA_F16 effK=q4_1 effV=f16 supported=1
CUDA_FA_ROUTE_PLAN device=0 Q=[256,16,16,1] Kraw=q4_1 Vraw=turbo4 Kshape=[256,256,4,1] Vshape=[256,256,4,1] Keff=q4_1 Veff=f16 turbo_kv=1 prefer_native_vec=0 decode=1 dk=0 dv=1 unsafe_vec_after_turbo_v_decode=1 allow_vec=0 kernel=MMA_F16 need_f16_K=1 need_f16_V=0 Knb=[20,640,160,163840] Vnb=[66,528,132,135168] Keff_nb=[20,640,160,163840] Veff_nb=[2,2048,512,524288]
CUDA_FA_ROUTE_SUPPORTED kernel=MMA_F16 effK=q4_1 effV=f16 supported=1
CUDA_FA_ROUTE_PLAN device=0 Q=[256,16,16,1] Kraw=q4_1 Vraw=turbo4 Kshape=[256,256,4,1] Vshape=[256,256,4,1] Keff=q4_1 Veff=f16 turbo_kv=1 prefer_native_vec=0 decode=1 dk=0 dv=1 unsafe_vec_after_turbo_v_decode=1 allow_vec=0 kernel=MMA_F16 need_f16_K=1 need_f16_V=0 Knb=[20,640,160,163840] Vnb=[66,528,132,135168] Keff_nb=[20,640,160,163840] Veff_nb=[2,2048,512,524288]
CUDA_FA_ROUTE_SUPPORTED kernel=MMA_F16 effK=q4_1 effV=f16 supported=1
CUDA_FA_ROUTE_PLAN device=0 Q=[256,16,16,1] Kraw=q4_1 Vraw=turbo4 Kshape=[256,256,4,1] Vshape=[256,256,4,1] Keff=q4_1 Veff=f16 turbo_kv=1 prefer_native_vec=0 decode=1 dk=0 dv=1 unsafe_vec_after_turbo_v_decode=1 allow_vec=0 kernel=MMA_F16 need_f16_K=1 need_f16_V=0 Knb=[20,640,160,163840] Vnb=[66,528,132,135168] Keff_nb=[20,640,160,163840] Veff_nb=[2,2048,512,524288]
CUDA_FA_ROUTE_SUPPORTED kernel=MMA_F16 effK=q4_1 effV=f16 supported=1
CUDA_FA_ROUTE_PLAN device=0 Q=[256,16,16,1] Kraw=q4_1 Vraw=turbo4 Kshape=[256,256,4,1] Vshape=[256,256,4,1] Keff=q4_1 Veff=f16 turbo_kv=1 prefer_native_vec=0 decode=1 dk=0 dv=1 unsafe_vec_after_turbo_v_decode=1 allow_vec=0 kernel=MMA_F16 need_f16_K=1 need_f16_V=0 Knb=[20,640,160,163840] Vnb=[66,528,132,135168] Keff_nb=[20,640,160,163840] Veff_nb=[2,2048,512,524288]
CUDA_FA_ROUTE_SUPPORTED kernel=MMA_F16 effK=q4_1 effV=f16 supported=1
CUDA_FA_ROUTE_PLAN device=0 Q=[256,1,16,1] Kraw=q4_1 Vraw=turbo4 Kshape=[256,256,4,1] Vshape=[256,256,4,1] Keff=q4_1 Veff=f16 turbo_kv=1 prefer_native_vec=0 decode=1 dk=0 dv=1 unsafe_vec_after_turbo_v_decode=1 allow_vec=0 kernel=MMA_F16 need_f16_K=1 need_f16_V=0 Knb=[20,640,160,163840] Vnb=[66,528,132,135168] Keff_nb=[20,640,160,163840] Veff_nb=[2,2048,512,524288]
CUDA_FA_ROUTE_SUPPORTED kernel=MMA_F16 effK=q4_1 effV=f16 supported=1
CUDA_FA_ROUTE_PLAN device=0 Q=[256,1,16,1] Kraw=q4_1 Vraw=turbo4 Kshape=[256,256,4,1] Vshape=[256,256,4,1] Keff=q4_1 Veff=f16 turbo_kv=1 prefer_native_vec=0 decode=1 dk=0 dv=1 unsafe_vec_after_turbo_v_decode=1 allow_vec=0 kernel=MMA_F16 need_f16_K=1 need_f16_V=0 Knb=[20,640,160,163840] Vnb=[66,528,132,135168] Keff_nb=[20,640,160,163840] Veff_nb=[2,2048,512,524288]
CUDA_FA_ROUTE_SUPPORTED kernel=MMA_F16 effK=q4_1 effV=f16 supported=1
CUDA_FA_ROUTE_PLAN device=0 Q=[256,1,16,1] Kraw=q4_1 Vraw=turbo4 Kshape=[256,256,4,1] Vshape=[256,256,4,1] Keff=q4_1 Veff=f16 turbo_kv=1 prefer_native_vec=0 decode=1 dk=0 dv=1 unsafe_vec_after_turbo_v_decode=1 allow_vec=0 kernel=MMA_F16 need_f16_K=1 need_f16_V=0 Knb=[20,640,160,163840] Vnb=[66,528,132,135168] Keff_nb=[20,640,160,163840] Veff_nb=[2,2048,512,524288]
CUDA_FA_ROUTE_SUPPORTED kernel=MMA_F16 effK=q4_1 effV=f16 supported=1
CUDA_FA_ROUTE_PLAN device=0 Q=[256,1,16,1] Kraw=q4_1 Vraw=turbo4 Kshape=[256,256,4,1] Vshape=[256,256,4,1] Keff=q4_1 Veff=f16 turbo_kv=1 prefer_native_vec=0 decode=1 dk=0 dv=1 unsafe_vec_after_turbo_v_decode=1 allow_vec=0 kernel=MMA_F16 need_f16_K=1 need_f16_V=0 Knb=[20,640,160,163840] Vnb=[66,528,132,135168] Keff_nb=[20,640,160,163840] Veff_nb=[2,2048,512,524288]
CUDA_FA_ROUTE_SUPPORTED kernel=MMA_F16 effK=q4_1 effV=f16 supported=1
CUDA_FA_ROUTE_PLAN device=0 Q=[256,1,16,1] Kraw=q4_1 Vraw=turbo4 Kshape=[256,256,4,1] Vshape=[256,256,4,1] Keff=q4_1 Veff=f16 turbo_kv=1 prefer_native_vec=0 decode=1 dk=0 dv=1 unsafe_vec_after_turbo_v_decode=1 allow_vec=0 kernel=MMA_F16 need_f16_K=1 need_f16_V=0 Knb=[20,640,160,163840] Vnb=[66,528,132,135168] Keff_nb=[20,640,160,163840] Veff_nb=[2,2048,512,524288]
CUDA_FA_ROUTE_SUPPORTED kernel=MMA_F16 effK=q4_1 effV=f16 supported=1
CUDA_FA_ROUTE_PLAN device=0 Q=[256,1,16,1] Kraw=q4_1 Vraw=turbo4 Kshape=[256,256,4,1] Vshape=[256,256,4,1] Keff=q4_1 Veff=f16 turbo_kv=1 prefer_native_vec=0 decode=1 dk=0 dv=1 unsafe_vec_after_turbo_v_decode=1 allow_vec=0 kernel=MMA_F16 need_f16_K=1 need_f16_V=0 Knb=[20,640,160,163840] Vnb=[66,528,132,135168] Keff_nb=[20,640,160,163840] Veff_nb=[2,2048,512,524288]
CUDA_FA_ROUTE_SUPPORTED kernel=MMA_F16 effK=q4_1 effV=f16 supported=1
CUDA_FA_ROUTE_PLAN device=0 Q=[256,1,16,1] Kraw=q4_1 Vraw=turbo4 Kshape=[256,256,4,1] Vshape=[256,256,4,1] Keff=q4_1 Veff=f16 turbo_kv=1 prefer_native_vec=0 decode=1 dk=0 dv=1 unsafe_vec_after_turbo_v_decode=1 allow_vec=0 kernel=MMA_F16 need_f16_K=1 need_f16_V=0 Knb=[20,640,160,163840] Vnb=[66,528,132,135168] Keff_nb=[20,640,160,163840] Veff_nb=[2,2048,512,524288]
CUDA_FA_ROUTE_SUPPORTED kernel=MMA_F16 effK=q4_1 effV=f16 supported=1
CUDA_FA_ROUTE_PLAN device=0 Q=[256,1,16,1] Kraw=q4_1 Vraw=turbo4 Kshape=[256,256,4,1] Vshape=[256,256,4,1] Keff=q4_1 Veff=f16 turbo_kv=1 prefer_native_vec=0 decode=1 dk=0 dv=1 unsafe_vec_after_turbo_v_decode=1 allow_vec=0 kernel=MMA_F16 need_f16_K=1 need_f16_V=0 Knb=[20,640,160,163840] Vnb=[66,528,132,135168] Keff_nb=[20,640,160,163840] Veff_nb=[2,2048,512,524288]
CUDA_FA_ROUTE_SUPPORTED kernel=MMA_F16 effK=q4_1 effV=f16 supported=1
CUDA_FA_ROUTE_PLAN device=0 Q=[256,256,16,1] Kraw=q4_1 Vraw=turbo4 Kshape=[256,256,4,1] Vshape=[256,256,4,1] Keff=q4_1 Veff=f16 turbo_kv=1 prefer_native_vec=0 decode=1 dk=0 dv=1 unsafe_vec_after_turbo_v_decode=1 allow_vec=0 kernel=MMA_F16 need_f16_K=1 need_f16_V=0 Knb=[20,640,160,163840] Vnb=[66,528,132,135168] Keff_nb=[20,640,160,163840] Veff_nb=[2,2048,512,524288]
CUDA_FA_ROUTE_SUPPORTED kernel=MMA_F16 effK=q4_1 effV=f16 supported=1
CUDA_FA_ROUTE_PLAN device=0 Q=[256,256,16,1] Kraw=q4_1 Vraw=turbo4 Kshape=[256,256,4,1] Vshape=[256,256,4,1] Keff=q4_1 Veff=f16 turbo_kv=1 prefer_native_vec=0 decode=1 dk=0 dv=1 unsafe_vec_after_turbo_v_decode=1 allow_vec=0 kernel=MMA_F16 need_f16_K=1 need_f16_V=0 Knb=[20,640,160,163840] Vnb=[66,528,132,135168] Keff_nb=[20,640,160,163840] Veff_nb=[2,2048,512,524288]
CUDA_FA_ROUTE_SUPPORTED kernel=MMA_F16 effK=q4_1 effV=f16 supported=1
CUDA_FA_ROUTE_PLAN device=0 Q=[256,256,16,1] Kraw=q4_1 Vraw=turbo4 Kshape=[256,256,4,1] Vshape=[256,256,4,1] Keff=q4_1 Veff=f16 turbo_kv=1 prefer_native_vec=0 decode=1 dk=0 dv=1 unsafe_vec_after_turbo_v_decode=1 allow_vec=0 kernel=MMA_F16 need_f16_K=1 need_f16_V=0 Knb=[20,640,160,163840] Vnb=[66,528,132,135168] Keff_nb=[20,640,160,163840] Veff_nb=[2,2048,512,524288]
CUDA_FA_ROUTE_SUPPORTED kernel=MMA_F16 effK=q4_1 effV=f16 supported=1
CUDA_FA_ROUTE_PLAN device=0 Q=[256,256,16,1] Kraw=q4_1 Vraw=turbo4 Kshape=[256,256,4,1] Vshape=[256,256,4,1] Keff=q4_1 Veff=f16 turbo_kv=1 prefer_native_vec=0 decode=1 dk=0 dv=1 unsafe_vec_after_turbo_v_decode=1 allow_vec=0 kernel=MMA_F16 need_f16_K=1 need_f16_V=0 Knb=[20,640,160,163840] Vnb=[66,528,132,135168] Keff_nb=[20,640,160,163840] Veff_nb=[2,2048,512,524288]
CUDA_FA_ROUTE_SUPPORTED kernel=MMA_F16 effK=q4_1 effV=f16 supported=1
CUDA_FA_ROUTE_PLAN device=0 Q=[256,256,16,1] Kraw=q4_1 Vraw=turbo4 Kshape=[256,256,4,1] Vshape=[256,256,4,1] Keff=q4_1 Veff=f16 turbo_kv=1 prefer_native_vec=0 decode=1 dk=0 dv=1 unsafe_vec_after_turbo_v_decode=1 allow_vec=0 kernel=MMA_F16 need_f16_K=1 need_f16_V=0 Knb=[20,640,160,163840] Vnb=[66,528,132,135168] Keff_nb=[20,640,160,163840] Veff_nb=[2,2048,512,524288]
CUDA_FA_ROUTE_SUPPORTED kernel=MMA_F16 effK=q4_1 effV=f16 supported=1
CUDA_FA_ROUTE_PLAN device=0 Q=[256,256,16,1] Kraw=q4_1 Vraw=turbo4 Kshape=[256,256,4,1] Vshape=[256,256,4,1] Keff=q4_1 Veff=f16 turbo_kv=1 prefer_native_vec=0 decode=1 dk=0 dv=1 unsafe_vec_after_turbo_v_decode=1 allow_vec=0 kernel=MMA_F16 need_f16_K=1 need_f16_V=0 Knb=[20,640,160,163840] Vnb=[66,528,132,135168] Keff_nb=[20,640,160,163840] Veff_nb=[2,2048,512,524288]
CUDA_FA_ROUTE_SUPPORTED kernel=MMA_F16 effK=q4_1 effV=f16 supported=1
CUDA_FA_ROUTE_PLAN device=0 Q=[256,256,16,1] Kraw=q4_1 Vraw=turbo4 Kshape=[256,256,4,1] Vshape=[256,256,4,1] Keff=q4_1 Veff=f16 turbo_kv=1 prefer_native_vec=0 decode=1 dk=0 dv=1 unsafe_vec_after_turbo_v_decode=1 allow_vec=0 kernel=MMA_F16 need_f16_K=1 need_f16_V=0 Knb=[20,640,160,163840] Vnb=[66,528,132,135168] Keff_nb=[20,640,160,163840] Veff_nb=[2,2048,512,524288]
CUDA_FA_ROUTE_SUPPORTED kernel=MMA_F16 effK=q4_1 effV=f16 supported=1
CUDA_FA_ROUTE_PLAN device=0 Q=[256,256,16,1] Kraw=q4_1 Vraw=turbo4 Kshape=[256,256,4,1] Vshape=[256,256,4,1] Keff=q4_1 Veff=f16 turbo_kv=1 prefer_native_vec=0 decode=1 dk=0 dv=1 unsafe_vec_after_turbo_v_decode=1 allow_vec=0 kernel=MMA_F16 need_f16_K=1 need_f16_V=0 Knb=[20,640,160,163840] Vnb=[66,528,132,135168] Keff_nb=[20,640,160,163840] Veff_nb=[2,2048,512,524288]
CUDA_FA_ROUTE_SUPPORTED kernel=MMA_F16 effK=q4_1 effV=f16 supported=1
CUDA_FA_ROUTE_PLAN device=0 Q=[256,256,16,1] Kraw=q4_1 Vraw=turbo4 Kshape=[256,256,4,1] Vshape=[256,256,4,1] Keff=q4_1 Veff=f16 turbo_kv=1 prefer_native_vec=0 decode=1 dk=0 dv=1 unsafe_vec_after_turbo_v_decode=1 allow_vec=0 kernel=MMA_F16 need_f16_K=1 need_f16_V=0 Knb=[20,640,160,163840] Vnb=[66,528,132,135168] Keff_nb=[20,640,160,163840] Veff_nb=[2,2048,512,524288]
CUDA_FA_ROUTE_ALLOC kernel=MMA_F16 need_f16_K=1 need_f16_V=0 workspace_end_offset=4718592 dst_data=(nil) f16_K=0x400000 f16_V=(nil) f16_end=0x480000
CUDA_FA_ROUTE_PLAN device=0 Q=[256,256,16,1] Kraw=q4_1 Vraw=turbo4 Kshape=[256,256,4,1] Vshape=[256,256,4,1] Keff=q4_1 Veff=f16 turbo_kv=1 prefer_native_vec=0 decode=1 dk=0 dv=1 unsafe_vec_after_turbo_v_decode=1 allow_vec=0 kernel=MMA_F16 need_f16_K=1 need_f16_V=0 Knb=[20,640,160,163840] Vnb=[66,528,132,135168] Keff_nb=[20,640,160,163840] Veff_nb=[2,2048,512,524288]
CUDA_FA_ROUTE_ALLOC kernel=MMA_F16 need_f16_K=1 need_f16_V=0 workspace_end_offset=4718592 dst_data=(nil) f16_K=0x400000 f16_V=(nil) f16_end=0x480000
CUDA_FA_ROUTE_PLAN device=0 Q=[256,256,16,1] Kraw=q4_1 Vraw=turbo4 Kshape=[256,256,4,1] Vshape=[256,256,4,1] Keff=q4_1 Veff=f16 turbo_kv=1 prefer_native_vec=0 decode=1 dk=0 dv=1 unsafe_vec_after_turbo_v_decode=1 allow_vec=0 kernel=MMA_F16 need_f16_K=1 need_f16_V=0 Knb=[20,640,160,163840] Vnb=[66,528,132,135168] Keff_nb=[20,640,160,163840] Veff_nb=[2,2048,512,524288]
CUDA_FA_ROUTE_ALLOC kernel=MMA_F16 need_f16_K=1 need_f16_V=0 workspace_end_offset=4718592 dst_data=(nil) f16_K=0x400000 f16_V=(nil) f16_end=0x480000
CUDA_FA_ROUTE_PLAN device=0 Q=[256,256,16,1] Kraw=q4_1 Vraw=turbo4 Kshape=[256,256,4,1] Vshape=[256,256,4,1] Keff=q4_1 Veff=f16 turbo_kv=1 prefer_native_vec=0 decode=1 dk=0 dv=1 unsafe_vec_after_turbo_v_decode=1 allow_vec=0 kernel=MMA_F16 need_f16_K=1 need_f16_V=0 Knb=[20,640,160,163840] Vnb=[66,528,132,135168] Keff_nb=[20,640,160,163840] Veff_nb=[2,2048,512,524288]
CUDA_FA_ROUTE_ALLOC kernel=MMA_F16 need_f16_K=1 need_f16_V=0 workspace_end_offset=4718592 dst_data=(nil) f16_K=0x400000 f16_V=(nil) f16_end=0x480000
CUDA_FA_ROUTE_PLAN device=0 Q=[256,256,16,1] Kraw=q4_1 Vraw=turbo4 Kshape=[256,256,4,1] Vshape=[256,256,4,1] Keff=q4_1 Veff=f16 turbo_kv=1 prefer_native_vec=0 decode=1 dk=0 dv=1 unsafe_vec_after_turbo_v_decode=1 allow_vec=0 kernel=MMA_F16 need_f16_K=1 need_f16_V=0 Knb=[20,640,160,163840] Vnb=[66,528,132,135168] Keff_nb=[20,640,160,163840] Veff_nb=[2,2048,512,524288]
CUDA_FA_ROUTE_ALLOC kernel=MMA_F16 need_f16_K=1 need_f16_V=0 workspace_end_offset=4718592 dst_data=(nil) f16_K=0x400000 f16_V=(nil) f16_end=0x480000
CUDA_FA_ROUTE_PLAN device=0 Q=[256,256,16,1] Kraw=q4_1 Vraw=turbo4 Kshape=[256,256,4,1] Vshape=[256,256,4,1] Keff=q4_1 Veff=f16 turbo_kv=1 prefer_native_vec=0 decode=1 dk=0 dv=1 unsafe_vec_after_turbo_v_decode=1 allow_vec=0 kernel=MMA_F16 need_f16_K=1 need_f16_V=0 Knb=[20,640,160,163840] Vnb=[66,528,132,135168] Keff_nb=[20,640,160,163840] Veff_nb=[2,2048,512,524288]
CUDA_FA_ROUTE_ALLOC kernel=MMA_F16 need_f16_K=1 need_f16_V=0 workspace_end_offset=4718592 dst_data=(nil) f16_K=0x400000 f16_V=(nil) f16_end=0x480000
CUDA_FA_ROUTE_PLAN device=0 Q=[256,256,16,1] Kraw=q4_1 Vraw=turbo4 Kshape=[256,256,4,1] Vshape=[256,256,4,1] Keff=q4_1 Veff=f16 turbo_kv=1 prefer_native_vec=0 decode=1 dk=0 dv=1 unsafe_vec_after_turbo_v_decode=1 allow_vec=0 kernel=MMA_F16 need_f16_K=1 need_f16_V=0 Knb=[20,640,160,163840] Vnb=[66,528,132,135168] Keff_nb=[20,640,160,163840] Veff_nb=[2,2048,512,524288]
CUDA_FA_ROUTE_ALLOC kernel=MMA_F16 need_f16_K=1 need_f16_V=0 workspace_end_offset=4718592 dst_data=(nil) f16_K=0x400000 f16_V=(nil) f16_end=0x480000
CUDA_FA_ROUTE_PLAN device=0 Q=[256,256,16,1] Kraw=q4_1 Vraw=turbo4 Kshape=[256,256,4,1] Vshape=[256,256,4,1] Keff=q4_1 Veff=f16 turbo_kv=1 prefer_native_vec=0 decode=1 dk=0 dv=1 unsafe_vec_after_turbo_v_decode=1 allow_vec=0 kernel=MMA_F16 need_f16_K=1 need_f16_V=0 Knb=[20,640,160,163840] Vnb=[66,528,132,135168] Keff_nb=[20,640,160,163840] Veff_nb=[2,2048,512,524288]
CUDA_FA_ROUTE_ALLOC kernel=MMA_F16 need_f16_K=1 need_f16_V=0 workspace_end_offset=4718592 dst_data=(nil) f16_K=0x400000 f16_V=(nil) f16_end=0x480000
CUDA_FA_ROUTE_PLAN device=0 Q=[256,256,16,1] Kraw=q4_1 Vraw=turbo4 Kshape=[256,256,4,1] Vshape=[256,256,4,1] Keff=q4_1 Veff=f16 turbo_kv=1 prefer_native_vec=0 decode=1 dk=0 dv=1 unsafe_vec_after_turbo_v_decode=1 allow_vec=0 kernel=MMA_F16 need_f16_K=1 need_f16_V=0 Knb=[20,640,160,163840] Vnb=[66,528,132,135168] Keff_nb=[20,640,160,163840] Veff_nb=[2,2048,512,524288]
CUDA_FA_ROUTE_ALLOC kernel=MMA_F16 need_f16_K=1 need_f16_V=0 workspace_end_offset=4718592 dst_data=(nil) f16_K=0x400000 f16_V=(nil) f16_end=0x480000
CUDA_FA_ROUTE_PLAN device=0 Q=[256,256,16,1] Kraw=q4_1 Vraw=turbo4 Kshape=[256,256,4,1] Vshape=[256,256,4,1] Keff=q4_1 Veff=f16 turbo_kv=1 prefer_native_vec=0 decode=1 dk=0 dv=1 unsafe_vec_after_turbo_v_decode=1 allow_vec=0 kernel=MMA_F16 need_f16_K=1 need_f16_V=0 Knb=[20,640,160,163840] Vnb=[66,528,132,135168] Keff_nb=[20,640,160,163840] Veff_nb=[2,2048,512,524288]
CUDA_FA_ROUTE_ALLOC kernel=MMA_F16 need_f16_K=1 need_f16_V=0 workspace_end_offset=4718592 dst_data=(nil) f16_K=0x400000 f16_V=(nil) f16_end=0x480000
CUDA_FA_ROUTE_PLAN device=0 Q=[256,256,16,1] Kraw=q4_1 Vraw=turbo4 Kshape=[256,256,4,1] Vshape=[256,256,4,1] Keff=q4_1 Veff=f16 turbo_kv=1 prefer_native_vec=0 decode=1 dk=0 dv=1 unsafe_vec_after_turbo_v_decode=1 allow_vec=0 kernel=MMA_F16 need_f16_K=1 need_f16_V=0 Knb=[20,640,160,163840] Vnb=[66,528,132,135168] Keff_nb=[20,640,160,163840] Veff_nb=[2,2048,512,524288]
CUDA_FA_ROUTE_ALLOC kernel=MMA_F16 need_f16_K=1 need_f16_V=0 workspace_end_offset=4718592 dst_data=(nil) f16_K=0x400000 f16_V=(nil) f16_end=0x480000
CUDA_FA_ROUTE_PLAN device=0 Q=[256,256,16,1] Kraw=q4_1 Vraw=turbo4 Kshape=[256,256,4,1] Vshape=[256,256,4,1] Keff=q4_1 Veff=f16 turbo_kv=1 prefer_native_vec=0 decode=1 dk=0 dv=1 unsafe_vec_after_turbo_v_decode=1 allow_vec=0 kernel=MMA_F16 need_f16_K=1 need_f16_V=0 Knb=[20,640,160,163840] Vnb=[66,528,132,135168] Keff_nb=[20,640,160,163840] Veff_nb=[2,2048,512,524288]
CUDA_FA_ROUTE_ALLOC kernel=MMA_F16 need_f16_K=1 need_f16_V=0 workspace_end_offset=4718592 dst_data=(nil) f16_K=0x400000 f16_V=(nil) f16_end=0x480000
CUDA_FA_ROUTE_PLAN device=0 Q=[256,256,16,1] Kraw=q4_1 Vraw=turbo4 Kshape=[256,256,4,1] Vshape=[256,256,4,1] Keff=q4_1 Veff=f16 turbo_kv=1 prefer_native_vec=0 decode=1 dk=0 dv=1 unsafe_vec_after_turbo_v_decode=1 allow_vec=0 kernel=MMA_F16 need_f16_K=1 need_f16_V=0 Knb=[20,640,160,163840] Vnb=[66,528,132,135168] Keff_nb=[20,640,160,163840] Veff_nb=[2,2048,512,524288]
CUDA_FA_ROUTE_ALLOC kernel=MMA_F16 need_f16_K=1 need_f16_V=0 workspace_end_offset=4718592 dst_data=(nil) f16_K=0x400000 f16_V=(nil) f16_end=0x480000
CUDA_FA_ROUTE_PLAN device=0 Q=[256,256,16,1] Kraw=q4_1 Vraw=turbo4 Kshape=[256,256,4,1] Vshape=[256,256,4,1] Keff=q4_1 Veff=f16 turbo_kv=1 prefer_native_vec=0 decode=1 dk=0 dv=1 unsafe_vec_after_turbo_v_decode=1 allow_vec=0 kernel=MMA_F16 need_f16_K=1 need_f16_V=0 Knb=[20,640,160,163840] Vnb=[66,528,132,135168] Keff_nb=[20,640,160,163840] Veff_nb=[2,2048,512,524288]
CUDA_FA_ROUTE_ALLOC kernel=MMA_F16 need_f16_K=1 need_f16_V=0 workspace_end_offset=4718592 dst_data=(nil) f16_K=0x400000 f16_V=(nil) f16_end=0x480000
CUDA_FA_ROUTE_PLAN device=0 Q=[256,256,16,1] Kraw=q4_1 Vraw=turbo4 Kshape=[256,256,4,1] Vshape=[256,256,4,1] Keff=q4_1 Veff=f16 turbo_kv=1 prefer_native_vec=0 decode=1 dk=0 dv=1 unsafe_vec_after_turbo_v_decode=1 allow_vec=0 kernel=MMA_F16 need_f16_K=1 need_f16_V=0 Knb=[20,640,160,163840] Vnb=[66,528,132,135168] Keff_nb=[20,640,160,163840] Veff_nb=[2,2048,512,524288]
CUDA_FA_ROUTE_ALLOC kernel=MMA_F16 need_f16_K=1 need_f16_V=0 workspace_end_offset=4718592 dst_data=(nil) f16_K=0x400000 f16_V=(nil) f16_end=0x480000
CUDA_FA_ROUTE_PLAN device=0 Q=[256,256,16,1] Kraw=q4_1 Vraw=turbo4 Kshape=[256,256,4,1] Vshape=[256,256,4,1] Keff=q4_1 Veff=f16 turbo_kv=1 prefer_native_vec=0 decode=1 dk=0 dv=1 unsafe_vec_after_turbo_v_decode=1 allow_vec=0 kernel=MMA_F16 need_f16_K=1 need_f16_V=0 Knb=[20,640,160,163840] Vnb=[66,528,132,135168] Keff_nb=[20,640,160,163840] Veff_nb=[2,2048,512,524288]
CUDA_FA_ROUTE_ALLOC kernel=MMA_F16 need_f16_K=1 need_f16_V=0 workspace_end_offset=4718592 dst_data=(nil) f16_K=0x400000 f16_V=(nil) f16_end=0x480000
CUDA_FA_ROUTE_PLAN device=0 Q=[256,256,16,1] Kraw=q4_1 Vraw=turbo4 Kshape=[256,256,4,1] Vshape=[256,256,4,1] Keff=q4_1 Veff=f16 turbo_kv=1 prefer_native_vec=0 decode=1 dk=0 dv=1 unsafe_vec_after_turbo_v_decode=1 allow_vec=0 kernel=MMA_F16 need_f16_K=1 need_f16_V=0 Knb=[20,640,160,163840] Vnb=[66,528,132,135168] Keff_nb=[20,640,160,163840] Veff_nb=[2,2048,512,524288]
CUDA_FA_ROUTE_ALLOC kernel=MMA_F16 need_f16_K=1 need_f16_V=0 workspace_end_offset=4718592 dst_data=(nil) f16_K=0x400000 f16_V=(nil) f16_end=0x480000
CUDA_FA_ROUTE_PLAN device=0 Q=[256,256,16,1] Kraw=q4_1 Vraw=turbo4 Kshape=[256,256,4,1] Vshape=[256,256,4,1] Keff=q4_1 Veff=f16 turbo_kv=1 prefer_native_vec=0 decode=1 dk=0 dv=1 unsafe_vec_after_turbo_v_decode=1 allow_vec=0 kernel=MMA_F16 need_f16_K=1 need_f16_V=0 Knb=[20,640,160,163840] Vnb=[66,528,132,135168] Keff_nb=[20,640,160,163840] Veff_nb=[2,2048,512,524288]
CUDA_FA_ROUTE_ALLOC kernel=MMA_F16 need_f16_K=1 need_f16_V=0 workspace_end_offset=4718592 dst_data=(nil) f16_K=0x400000 f16_V=(nil) f16_end=0x480000
CUDA_FA_ROUTE_PLAN device=0 Q=[256,256,16,1] Kraw=q4_1 Vraw=turbo4 Kshape=[256,256,4,1] Vshape=[256,256,4,1] Keff=q4_1 Veff=f16 turbo_kv=1 prefer_native_vec=0 decode=1 dk=0 dv=1 unsafe_vec_after_turbo_v_decode=1 allow_vec=0 kernel=MMA_F16 need_f16_K=1 need_f16_V=0 Knb=[20,640,160,163840] Vnb=[66,528,132,135168] Keff_nb=[20,640,160,163840] Veff_nb=[2,2048,512,524288]
CUDA_FA_ROUTE_ALLOC kernel=MMA_F16 need_f16_K=1 need_f16_V=0 workspace_end_offset=4718592 dst_data=(nil) f16_K=0x400000 f16_V=(nil) f16_end=0x480000
CUDA_FA_ROUTE_PLAN device=0 Q=[256,256,16,1] Kraw=q4_1 Vraw=turbo4 Kshape=[256,256,4,1] Vshape=[256,256,4,1] Keff=q4_1 Veff=f16 turbo_kv=1 prefer_native_vec=0 decode=1 dk=0 dv=1 unsafe_vec_after_turbo_v_decode=1 allow_vec=0 kernel=MMA_F16 need_f16_K=1 need_f16_V=0 Knb=[20,640,160,163840] Vnb=[66,528,132,135168] Keff_nb=[20,640,160,163840] Veff_nb=[2,2048,512,524288]
CUDA_FA_ROUTE_ALLOC kernel=MMA_F16 need_f16_K=1 need_f16_V=0 workspace_end_offset=4718592 dst_data=(nil) f16_K=0x400000 f16_V=(nil) f16_end=0x480000
CUDA_FA_ROUTE_PLAN device=0 Q=[256,256,16,1] Kraw=q4_1 Vraw=turbo4 Kshape=[256,256,4,1] Vshape=[256,256,4,1] Keff=q4_1 Veff=f16 turbo_kv=1 prefer_native_vec=0 decode=1 dk=0 dv=1 unsafe_vec_after_turbo_v_decode=1 allow_vec=0 kernel=MMA_F16 need_f16_K=1 need_f16_V=0 Knb=[20,640,160,163840] Vnb=[66,528,132,135168] Keff_nb=[20,640,160,163840] Veff_nb=[2,2048,512,524288]
CUDA_FA_ROUTE_ALLOC kernel=MMA_F16 need_f16_K=1 need_f16_V=0 workspace_end_offset=4718592 dst_data=(nil) f16_K=0x400000 f16_V=(nil) f16_end=0x480000
CUDA_FA_ROUTE_PLAN device=0 Q=[256,256,16,1] Kraw=q4_1 Vraw=turbo4 Kshape=[256,256,4,1] Vshape=[256,256,4,1] Keff=q4_1 Veff=f16 turbo_kv=1 prefer_native_vec=0 decode=1 dk=0 dv=1 unsafe_vec_after_turbo_v_decode=1 allow_vec=0 kernel=MMA_F16 need_f16_K=1 need_f16_V=0 Knb=[20,640,160,163840] Vnb=[66,528,132,135168] Keff_nb=[20,640,160,163840] Veff_nb=[2,2048,512,524288]
CUDA_FA_ROUTE_ALLOC kernel=MMA_F16 need_f16_K=1 need_f16_V=0 workspace_end_offset=4718592 dst_data=(nil) f16_K=0x400000 f16_V=(nil) f16_end=0x480000
CUDA_FA_ROUTE_PLAN device=0 Q=[256,256,16,1] Kraw=q4_1 Vraw=turbo4 Kshape=[256,256,4,1] Vshape=[256,256,4,1] Keff=q4_1 Veff=f16 turbo_kv=1 prefer_native_vec=0 decode=1 dk=0 dv=1 unsafe_vec_after_turbo_v_decode=1 allow_vec=0 kernel=MMA_F16 need_f16_K=1 need_f16_V=0 Knb=[20,640,160,163840] Vnb=[66,528,132,135168] Keff_nb=[20,640,160,163840] Veff_nb=[2,2048,512,524288]
CUDA_FA_ROUTE_ALLOC kernel=MMA_F16 need_f16_K=1 need_f16_V=0 workspace_end_offset=4718592 dst_data=(nil) f16_K=0x400000 f16_V=(nil) f16_end=0x480000
CUDA_FA_ROUTE_PLAN device=0 Q=[256,256,16,1] Kraw=q4_1 Vraw=turbo4 Kshape=[256,256,4,1] Vshape=[256,256,4,1] Keff=q4_1 Veff=f16 turbo_kv=1 prefer_native_vec=0 decode=1 dk=0 dv=1 unsafe_vec_after_turbo_v_decode=1 allow_vec=0 kernel=MMA_F16 need_f16_K=1 need_f16_V=0 Knb=[20,640,160,163840] Vnb=[66,528,132,135168] Keff_nb=[20,640,160,163840] Veff_nb=[2,2048,512,524288]
CUDA_FA_ROUTE_ALLOC kernel=MMA_F16 need_f16_K=1 need_f16_V=0 workspace_end_offset=4718592 dst_data=(nil) f16_K=0x400000 f16_V=(nil) f16_end=0x480000
CUDA_FA_ROUTE_PLAN device=0 Q=[256,256,16,1] Kraw=q4_1 Vraw=turbo4 Kshape=[256,256,4,1] Vshape=[256,256,4,1] Keff=q4_1 Veff=f16 turbo_kv=1 prefer_native_vec=0 decode=1 dk=0 dv=1 unsafe_vec_after_turbo_v_decode=1 allow_vec=0 kernel=MMA_F16 need_f16_K=1 need_f16_V=0 Knb=[20,640,160,163840] Vnb=[66,528,132,135168] Keff_nb=[20,640,160,163840] Veff_nb=[2,2048,512,524288]
CUDA_FA_ROUTE_ALLOC kernel=MMA_F16 need_f16_K=1 need_f16_V=0 workspace_end_offset=4718592 dst_data=(nil) f16_K=0x400000 f16_V=(nil) f16_end=0x480000
CUDA_FA_ROUTE_PLAN device=0 Q=[256,256,16,1] Kraw=q4_1 Vraw=turbo4 Kshape=[256,256,4,1] Vshape=[256,256,4,1] Keff=q4_1 Veff=f16 turbo_kv=1 prefer_native_vec=0 decode=1 dk=0 dv=1 unsafe_vec_after_turbo_v_decode=1 allow_vec=0 kernel=MMA_F16 need_f16_K=1 need_f16_V=0 Knb=[20,640,160,163840] Vnb=[66,528,132,135168] Keff_nb=[20,640,160,163840] Veff_nb=[2,2048,512,524288]
CUDA_FA_ROUTE_ALLOC kernel=MMA_F16 need_f16_K=1 need_f16_V=0 workspace_end_offset=4718592 dst_data=(nil) f16_K=0x400000 f16_V=(nil) f16_end=0x480000
CUDA_FA_ROUTE_PLAN device=0 Q=[256,256,16,1] Kraw=q4_1 Vraw=turbo4 Kshape=[256,256,4,1] Vshape=[256,256,4,1] Keff=q4_1 Veff=f16 turbo_kv=1 prefer_native_vec=0 decode=1 dk=0 dv=1 unsafe_vec_after_turbo_v_decode=1 allow_vec=0 kernel=MMA_F16 need_f16_K=1 need_f16_V=0 Knb=[20,640,160,163840] Vnb=[66,528,132,135168] Keff_nb=[20,640,160,163840] Veff_nb=[2,2048,512,524288]
CUDA_FA_ROUTE_ALLOC kernel=MMA_F16 need_f16_K=1 need_f16_V=0 workspace_end_offset=4718592 dst_data=(nil) f16_K=0x400000 f16_V=(nil) f16_end=0x480000
CUDA_FA_ROUTE_PLAN device=0 Q=[256,256,16,1] Kraw=q4_1 Vraw=turbo4 Kshape=[256,256,4,1] Vshape=[256,256,4,1] Keff=q4_1 Veff=f16 turbo_kv=1 prefer_native_vec=0 decode=1 dk=0 dv=1 unsafe_vec_after_turbo_v_decode=1 allow_vec=0 kernel=MMA_F16 need_f16_K=1 need_f16_V=0 Knb=[20,640,160,163840] Vnb=[66,528,132,135168] Keff_nb=[20,640,160,163840] Veff_nb=[2,2048,512,524288]
CUDA_FA_ROUTE_ALLOC kernel=MMA_F16 need_f16_K=1 need_f16_V=0 workspace_end_offset=4718592 dst_data=(nil) f16_K=0x400000 f16_V=(nil) f16_end=0x480000
CUDA_FA_ROUTE_PLAN device=0 Q=[256,256,16,1] Kraw=q4_1 Vraw=turbo4 Kshape=[256,256,4,1] Vshape=[256,256,4,1] Keff=q4_1 Veff=f16 turbo_kv=1 prefer_native_vec=0 decode=1 dk=0 dv=1 unsafe_vec_after_turbo_v_decode=1 allow_vec=0 kernel=MMA_F16 need_f16_K=1 need_f16_V=0 Knb=[20,640,160,163840] Vnb=[66,528,132,135168] Keff_nb=[20,640,160,163840] Veff_nb=[2,2048,512,524288]
CUDA_FA_ROUTE_ALLOC kernel=MMA_F16 need_f16_K=1 need_f16_V=0 workspace_end_offset=4718592 dst_data=(nil) f16_K=0x400000 f16_V=(nil) f16_end=0x480000
CUDA_FA_ROUTE_PLAN device=0 Q=[256,256,16,1] Kraw=q4_1 Vraw=turbo4 Kshape=[256,256,4,1] Vshape=[256,256,4,1] Keff=q4_1 Veff=f16 turbo_kv=1 prefer_native_vec=0 decode=1 dk=0 dv=1 unsafe_vec_after_turbo_v_decode=1 allow_vec=0 kernel=MMA_F16 need_f16_K=1 need_f16_V=0 Knb=[20,640,160,163840] Vnb=[66,528,132,135168] Keff_nb=[20,640,160,163840] Veff_nb=[2,2048,512,524288]
CUDA_FA_ROUTE_ALLOC kernel=MMA_F16 need_f16_K=1 need_f16_V=0 workspace_end_offset=4718592 dst_data=(nil) f16_K=0x400000 f16_V=(nil) f16_end=0x480000
CUDA_FA_ROUTE_PLAN device=0 Q=[256,256,16,1] Kraw=q4_1 Vraw=turbo4 Kshape=[256,256,4,1] Vshape=[256,256,4,1] Keff=q4_1 Veff=f16 turbo_kv=1 prefer_native_vec=0 decode=1 dk=0 dv=1 unsafe_vec_after_turbo_v_decode=1 allow_vec=0 kernel=MMA_F16 need_f16_K=1 need_f16_V=0 Knb=[20,640,160,163840] Vnb=[66,528,132,135168] Keff_nb=[20,640,160,163840] Veff_nb=[2,2048,512,524288]
CUDA_FA_ROUTE_ALLOC kernel=MMA_F16 need_f16_K=1 need_f16_V=0 workspace_end_offset=4718592 dst_data=(nil) f16_K=0x400000 f16_V=(nil) f16_end=0x480000
CUDA_FA_ROUTE_PLAN device=0 Q=[256,256,16,1] Kraw=q4_1 Vraw=turbo4 Kshape=[256,256,4,1] Vshape=[256,256,4,1] Keff=q4_1 Veff=f16 turbo_kv=1 prefer_native_vec=0 decode=1 dk=0 dv=1 unsafe_vec_after_turbo_v_decode=1 allow_vec=0 kernel=MMA_F16 need_f16_K=1 need_f16_V=0 Knb=[20,640,160,163840] Vnb=[66,528,132,135168] Keff_nb=[20,640,160,163840] Veff_nb=[2,2048,512,524288]
CUDA_FA_ROUTE_ALLOC kernel=MMA_F16 need_f16_K=1 need_f16_V=0 workspace_end_offset=4718592 dst_data=(nil) f16_K=0x400000 f16_V=(nil) f16_end=0x480000
CUDA_FA_ROUTE_PLAN device=0 Q=[256,1,16,1] Kraw=q4_1 Vraw=turbo4 Kshape=[256,256,4,1] Vshape=[256,256,4,1] Keff=q4_1 Veff=f16 turbo_kv=1 prefer_native_vec=0 decode=1 dk=0 dv=1 unsafe_vec_after_turbo_v_decode=1 allow_vec=0 kernel=MMA_F16 need_f16_K=1 need_f16_V=0 Knb=[20,640,160,163840] Vnb=[66,528,132,135168] Keff_nb=[20,640,160,163840] Veff_nb=[2,2048,512,524288]
CUDA_FA_ROUTE_SUPPORTED kernel=MMA_F16 effK=q4_1 effV=f16 supported=1
CUDA_FA_ROUTE_PLAN device=0 Q=[256,1,16,1] Kraw=q4_1 Vraw=turbo4 Kshape=[256,256,4,1] Vshape=[256,256,4,1] Keff=q4_1 Veff=f16 turbo_kv=1 prefer_native_vec=0 decode=1 dk=0 dv=1 unsafe_vec_after_turbo_v_decode=1 allow_vec=0 kernel=MMA_F16 need_f16_K=1 need_f16_V=0 Knb=[20,640,160,163840] Vnb=[66,528,132,135168] Keff_nb=[20,640,160,163840] Veff_nb=[2,2048,512,524288]
CUDA_FA_ROUTE_SUPPORTED kernel=MMA_F16 effK=q4_1 effV=f16 supported=1
CUDA_FA_ROUTE_PLAN device=0 Q=[256,1,16,1] Kraw=q4_1 Vraw=turbo4 Kshape=[256,256,4,1] Vshape=[256,256,4,1] Keff=q4_1 Veff=f16 turbo_kv=1 prefer_native_vec=0 decode=1 dk=0 dv=1 unsafe_vec_after_turbo_v_decode=1 allow_vec=0 kernel=MMA_F16 need_f16_K=1 need_f16_V=0 Knb=[20,640,160,163840] Vnb=[66,528,132,135168] Keff_nb=[20,640,160,163840] Veff_nb=[2,2048,512,524288]
CUDA_FA_ROUTE_SUPPORTED kernel=MMA_F16 effK=q4_1 effV=f16 supported=1
CUDA_FA_ROUTE_PLAN device=0 Q=[256,1,16,1] Kraw=q4_1 Vraw=turbo4 Kshape=[256,256,4,1] Vshape=[256,256,4,1] Keff=q4_1 Veff=f16 turbo_kv=1 prefer_native_vec=0 decode=1 dk=0 dv=1 unsafe_vec_after_turbo_v_decode=1 allow_vec=0 kernel=MMA_F16 need_f16_K=1 need_f16_V=0 Knb=[20,640,160,163840] Vnb=[66,528,132,135168] Keff_nb=[20,640,160,163840] Veff_nb=[2,2048,512,524288]
CUDA_FA_ROUTE_SUPPORTED kernel=MMA_F16 effK=q4_1 effV=f16 supported=1
CUDA_FA_ROUTE_PLAN device=0 Q=[256,1,16,1] Kraw=q4_1 Vraw=turbo4 Kshape=[256,256,4,1] Vshape=[256,256,4,1] Keff=q4_1 Veff=f16 turbo_kv=1 prefer_native_vec=0 decode=1 dk=0 dv=1 unsafe_vec_after_turbo_v_decode=1 allow_vec=0 kernel=MMA_F16 need_f16_K=1 need_f16_V=0 Knb=[20,640,160,163840] Vnb=[66,528,132,135168] Keff_nb=[20,640,160,163840] Veff_nb=[2,2048,512,524288]
CUDA_FA_ROUTE_SUPPORTED kernel=MMA_F16 effK=q4_1 effV=f16 supported=1
CUDA_FA_ROUTE_PLAN device=0 Q=[256,1,16,1] Kraw=q4_1 Vraw=turbo4 Kshape=[256,256,4,1] Vshape=[256,256,4,1] Keff=q4_1 Veff=f16 turbo_kv=1 prefer_native_vec=0 decode=1 dk=0 dv=1 unsafe_vec_after_turbo_v_decode=1 allow_vec=0 kernel=MMA_F16 need_f16_K=1 need_f16_V=0 Knb=[20,640,160,163840] Vnb=[66,528,132,135168] Keff_nb=[20,640,160,163840] Veff_nb=[2,2048,512,524288]
CUDA_FA_ROUTE_SUPPORTED kernel=MMA_F16 effK=q4_1 effV=f16 supported=1
CUDA_FA_ROUTE_PLAN device=0 Q=[256,1,16,1] Kraw=q4_1 Vraw=turbo4 Kshape=[256,256,4,1] Vshape=[256,256,4,1] Keff=q4_1 Veff=f16 turbo_kv=1 prefer_native_vec=0 decode=1 dk=0 dv=1 unsafe_vec_after_turbo_v_decode=1 allow_vec=0 kernel=MMA_F16 need_f16_K=1 need_f16_V=0 Knb=[20,640,160,163840] Vnb=[66,528,132,135168] Keff_nb=[20,640,160,163840] Veff_nb=[2,2048,512,524288]
CUDA_FA_ROUTE_SUPPORTED kernel=MMA_F16 effK=q4_1 effV=f16 supported=1
CUDA_FA_ROUTE_PLAN device=0 Q=[256,1,16,1] Kraw=q4_1 Vraw=turbo4 Kshape=[256,256,4,1] Vshape=[256,256,4,1] Keff=q4_1 Veff=f16 turbo_kv=1 prefer_native_vec=0 decode=1 dk=0 dv=1 unsafe_vec_after_turbo_v_decode=1 allow_vec=0 kernel=MMA_F16 need_f16_K=1 need_f16_V=0 Knb=[20,640,160,163840] Vnb=[66,528,132,135168] Keff_nb=[20,640,160,163840] Veff_nb=[2,2048,512,524288]
CUDA_FA_ROUTE_SUPPORTED kernel=MMA_F16 effK=q4_1 effV=f16 supported=1
CUDA_FA_ROUTE_PLAN device=0 Q=[256,256,16,1] Kraw=q4_1 Vraw=turbo4 Kshape=[256,256,4,1] Vshape=[256,256,4,1] Keff=q4_1 Veff=f16 turbo_kv=1 prefer_native_vec=0 decode=1 dk=0 dv=1 unsafe_vec_after_turbo_v_decode=1 allow_vec=0 kernel=MMA_F16 need_f16_K=1 need_f16_V=0 Knb=[20,640,160,163840] Vnb=[66,528,132,135168] Keff_nb=[20,640,160,163840] Veff_nb=[2,2048,512,524288]
CUDA_FA_ROUTE_SUPPORTED kernel=MMA_F16 effK=q4_1 effV=f16 supported=1
CUDA_FA_ROUTE_PLAN device=0 Q=[256,256,16,1] Kraw=q4_1 Vraw=turbo4 Kshape=[256,256,4,1] Vshape=[256,256,4,1] Keff=q4_1 Veff=f16 turbo_kv=1 prefer_native_vec=0 decode=1 dk=0 dv=1 unsafe_vec_after_turbo_v_decode=1 allow_vec=0 kernel=MMA_F16 need_f16_K=1 need_f16_V=0 Knb=[20,640,160,163840] Vnb=[66,528,132,135168] Keff_nb=[20,640,160,163840] Veff_nb=[2,2048,512,524288]
CUDA_FA_ROUTE_SUPPORTED kernel=MMA_F16 effK=q4_1 effV=f16 supported=1
CUDA_FA_ROUTE_PLAN device=0 Q=[256,256,16,1] Kraw=q4_1 Vraw=turbo4 Kshape=[256,256,4,1] Vshape=[256,256,4,1] Keff=q4_1 Veff=f16 turbo_kv=1 prefer_native_vec=0 decode=1 dk=0 dv=1 unsafe_vec_after_turbo_v_decode=1 allow_vec=0 kernel=MMA_F16 need_f16_K=1 need_f16_V=0 Knb=[20,640,160,163840] Vnb=[66,528,132,135168] Keff_nb=[20,640,160,163840] Veff_nb=[2,2048,512,524288]
CUDA_FA_ROUTE_SUPPORTED kernel=MMA_F16 effK=q4_1 effV=f16 supported=1
CUDA_FA_ROUTE_PLAN device=0 Q=[256,256,16,1] Kraw=q4_1 Vraw=turbo4 Kshape=[256,256,4,1] Vshape=[256,256,4,1] Keff=q4_1 Veff=f16 turbo_kv=1 prefer_native_vec=0 decode=1 dk=0 dv=1 unsafe_vec_after_turbo_v_decode=1 allow_vec=0 kernel=MMA_F16 need_f16_K=1 need_f16_V=0 Knb=[20,640,160,163840] Vnb=[66,528,132,135168] Keff_nb=[20,640,160,163840] Veff_nb=[2,2048,512,524288]
CUDA_FA_ROUTE_SUPPORTED kernel=MMA_F16 effK=q4_1 effV=f16 supported=1
CUDA_FA_ROUTE_PLAN device=0 Q=[256,256,16,1] Kraw=q4_1 Vraw=turbo4 Kshape=[256,256,4,1] Vshape=[256,256,4,1] Keff=q4_1 Veff=f16 turbo_kv=1 prefer_native_vec=0 decode=1 dk=0 dv=1 unsafe_vec_after_turbo_v_decode=1 allow_vec=0 kernel=MMA_F16 need_f16_K=1 need_f16_V=0 Knb=[20,640,160,163840] Vnb=[66,528,132,135168] Keff_nb=[20,640,160,163840] Veff_nb=[2,2048,512,524288]
CUDA_FA_ROUTE_SUPPORTED kernel=MMA_F16 effK=q4_1 effV=f16 supported=1
CUDA_FA_ROUTE_PLAN device=0 Q=[256,256,16,1] Kraw=q4_1 Vraw=turbo4 Kshape=[256,256,4,1] Vshape=[256,256,4,1] Keff=q4_1 Veff=f16 turbo_kv=1 prefer_native_vec=0 decode=1 dk=0 dv=1 unsafe_vec_after_turbo_v_decode=1 allow_vec=0 kernel=MMA_F16 need_f16_K=1 need_f16_V=0 Knb=[20,640,160,163840] Vnb=[66,528,132,135168] Keff_nb=[20,640,160,163840] Veff_nb=[2,2048,512,524288]
CUDA_FA_ROUTE_SUPPORTED kernel=MMA_F16 effK=q4_1 effV=f16 supported=1
CUDA_FA_ROUTE_PLAN device=0 Q=[256,256,16,1] Kraw=q4_1 Vraw=turbo4 Kshape=[256,256,4,1] Vshape=[256,256,4,1] Keff=q4_1 Veff=f16 turbo_kv=1 prefer_native_vec=0 decode=1 dk=0 dv=1 unsafe_vec_after_turbo_v_decode=1 allow_vec=0 kernel=MMA_F16 need_f16_K=1 need_f16_V=0 Knb=[20,640,160,163840] Vnb=[66,528,132,135168] Keff_nb=[20,640,160,163840] Veff_nb=[2,2048,512,524288]
CUDA_FA_ROUTE_SUPPORTED kernel=MMA_F16 effK=q4_1 effV=f16 supported=1
CUDA_FA_ROUTE_PLAN device=0 Q=[256,256,16,1] Kraw=q4_1 Vraw=turbo4 Kshape=[256,256,4,1] Vshape=[256,256,4,1] Keff=q4_1 Veff=f16 turbo_kv=1 prefer_native_vec=0 decode=1 dk=0 dv=1 unsafe_vec_after_turbo_v_decode=1 allow_vec=0 kernel=MMA_F16 need_f16_K=1 need_f16_V=0 Knb=[20,640,160,163840] Vnb=[66,528,132,135168] Keff_nb=[20,640,160,163840] Veff_nb=[2,2048,512,524288]
CUDA_FA_ROUTE_SUPPORTED kernel=MMA_F16 effK=q4_1 effV=f16 supported=1
CUDA_FA_ROUTE_PLAN device=0 Q=[256,1,16,1] Kraw=q4_1 Vraw=turbo4 Kshape=[256,256,4,1] Vshape=[256,256,4,1] Keff=q4_1 Veff=f16 turbo_kv=1 prefer_native_vec=0 decode=1 dk=0 dv=1 unsafe_vec_after_turbo_v_decode=1 allow_vec=0 kernel=MMA_F16 need_f16_K=1 need_f16_V=0 Knb=[20,640,160,163840] Vnb=[66,528,132,135168] Keff_nb=[20,640,160,163840] Veff_nb=[2,2048,512,524288]
CUDA_FA_ROUTE_SUPPORTED kernel=MMA_F16 effK=q4_1 effV=f16 supported=1
CUDA_FA_ROUTE_PLAN device=0 Q=[256,1,16,1] Kraw=q4_1 Vraw=turbo4 Kshape=[256,256,4,1] Vshape=[256,256,4,1] Keff=q4_1 Veff=f16 turbo_kv=1 prefer_native_vec=0 decode=1 dk=0 dv=1 unsafe_vec_after_turbo_v_decode=1 allow_vec=0 kernel=MMA_F16 need_f16_K=1 need_f16_V=0 Knb=[20,640,160,163840] Vnb=[66,528,132,135168] Keff_nb=[20,640,160,163840] Veff_nb=[2,2048,512,524288]
CUDA_FA_ROUTE_SUPPORTED kernel=MMA_F16 effK=q4_1 effV=f16 supported=1
CUDA_FA_ROUTE_PLAN device=0 Q=[256,1,16,1] Kraw=q4_1 Vraw=turbo4 Kshape=[256,256,4,1] Vshape=[256,256,4,1] Keff=q4_1 Veff=f16 turbo_kv=1 prefer_native_vec=0 decode=1 dk=0 dv=1 unsafe_vec_after_turbo_v_decode=1 allow_vec=0 kernel=MMA_F16 need_f16_K=1 need_f16_V=0 Knb=[20,640,160,163840] Vnb=[66,528,132,135168] Keff_nb=[20,640,160,163840] Veff_nb=[2,2048,512,524288]
CUDA_FA_ROUTE_SUPPORTED kernel=MMA_F16 effK=q4_1 effV=f16 supported=1
CUDA_FA_ROUTE_PLAN device=0 Q=[256,1,16,1] Kraw=q4_1 Vraw=turbo4 Kshape=[256,256,4,1] Vshape=[256,256,4,1] Keff=q4_1 Veff=f16 turbo_kv=1 prefer_native_vec=0 decode=1 dk=0 dv=1 unsafe_vec_after_turbo_v_decode=1 allow_vec=0 kernel=MMA_F16 need_f16_K=1 need_f16_V=0 Knb=[20,640,160,163840] Vnb=[66,528,132,135168] Keff_nb=[20,640,160,163840] Veff_nb=[2,2048,512,524288]
CUDA_FA_ROUTE_SUPPORTED kernel=MMA_F16 effK=q4_1 effV=f16 supported=1
CUDA_FA_ROUTE_PLAN device=0 Q=[256,1,16,1] Kraw=q4_1 Vraw=turbo4 Kshape=[256,256,4,1] Vshape=[256,256,4,1] Keff=q4_1 Veff=f16 turbo_kv=1 prefer_native_vec=0 decode=1 dk=0 dv=1 unsafe_vec_after_turbo_v_decode=1 allow_vec=0 kernel=MMA_F16 need_f16_K=1 need_f16_V=0 Knb=[20,640,160,163840] Vnb=[66,528,132,135168] Keff_nb=[20,640,160,163840] Veff_nb=[2,2048,512,524288]
CUDA_FA_ROUTE_SUPPORTED kernel=MMA_F16 effK=q4_1 effV=f16 supported=1
CUDA_FA_ROUTE_PLAN device=0 Q=[256,1,16,1] Kraw=q4_1 Vraw=turbo4 Kshape=[256,256,4,1] Vshape=[256,256,4,1] Keff=q4_1 Veff=f16 turbo_kv=1 prefer_native_vec=0 decode=1 dk=0 dv=1 unsafe_vec_after_turbo_v_decode=1 allow_vec=0 kernel=MMA_F16 need_f16_K=1 need_f16_V=0 Knb=[20,640,160,163840] Vnb=[66,528,132,135168] Keff_nb=[20,640,160,163840] Veff_nb=[2,2048,512,524288]
CUDA_FA_ROUTE_SUPPORTED kernel=MMA_F16 effK=q4_1 effV=f16 supported=1
CUDA_FA_ROUTE_PLAN device=0 Q=[256,1,16,1] Kraw=q4_1 Vraw=turbo4 Kshape=[256,256,4,1] Vshape=[256,256,4,1] Keff=q4_1 Veff=f16 turbo_kv=1 prefer_native_vec=0 decode=1 dk=0 dv=1 unsafe_vec_after_turbo_v_decode=1 allow_vec=0 kernel=MMA_F16 need_f16_K=1 need_f16_V=0 Knb=[20,640,160,163840] Vnb=[66,528,132,135168] Keff_nb=[20,640,160,163840] Veff_nb=[2,2048,512,524288]
CUDA_FA_ROUTE_SUPPORTED kernel=MMA_F16 effK=q4_1 effV=f16 supported=1
CUDA_FA_ROUTE_PLAN device=0 Q=[256,1,16,1] Kraw=q4_1 Vraw=turbo4 Kshape=[256,256,4,1] Vshape=[256,256,4,1] Keff=q4_1 Veff=f16 turbo_kv=1 prefer_native_vec=0 decode=1 dk=0 dv=1 unsafe_vec_after_turbo_v_decode=1 allow_vec=0 kernel=MMA_F16 need_f16_K=1 need_f16_V=0 Knb=[20,640,160,163840] Vnb=[66,528,132,135168] Keff_nb=[20,640,160,163840] Veff_nb=[2,2048,512,524288]
CUDA_FA_ROUTE_SUPPORTED kernel=MMA_F16 effK=q4_1 effV=f16 supported=1
CUDA_FA_ROUTE_PLAN device=0 Q=[256,16,16,1] Kraw=q4_1 Vraw=turbo4 Kshape=[256,256,4,1] Vshape=[256,256,4,1] Keff=q4_1 Veff=f16 turbo_kv=1 prefer_native_vec=0 decode=1 dk=0 dv=1 unsafe_vec_after_turbo_v_decode=1 allow_vec=0 kernel=MMA_F16 need_f16_K=1 need_f16_V=0 Knb=[20,640,160,163840] Vnb=[66,528,132,135168] Keff_nb=[20,640,160,163840] Veff_nb=[2,2048,512,524288]
CUDA_FA_ROUTE_SUPPORTED kernel=MMA_F16 effK=q4_1 effV=f16 supported=1
CUDA_FA_ROUTE_PLAN device=0 Q=[256,16,16,1] Kraw=q4_1 Vraw=turbo4 Kshape=[256,256,4,1] Vshape=[256,256,4,1] Keff=q4_1 Veff=f16 turbo_kv=1 prefer_native_vec=0 decode=1 dk=0 dv=1 unsafe_vec_after_turbo_v_decode=1 allow_vec=0 kernel=MMA_F16 need_f16_K=1 need_f16_V=0 Knb=[20,640,160,163840] Vnb=[66,528,132,135168] Keff_nb=[20,640,160,163840] Veff_nb=[2,2048,512,524288]
CUDA_FA_ROUTE_SUPPORTED kernel=MMA_F16 effK=q4_1 effV=f16 supported=1
CUDA_FA_ROUTE_PLAN device=0 Q=[256,16,16,1] Kraw=q4_1 Vraw=turbo4 Kshape=[256,256,4,1] Vshape=[256,256,4,1] Keff=q4_1 Veff=f16 turbo_kv=1 prefer_native_vec=0 decode=1 dk=0 dv=1 unsafe_vec_after_turbo_v_decode=1 allow_vec=0 kernel=MMA_F16 need_f16_K=1 need_f16_V=0 Knb=[20,640,160,163840] Vnb=[66,528,132,135168] Keff_nb=[20,640,160,163840] Veff_nb=[2,2048,512,524288]
CUDA_FA_ROUTE_SUPPORTED kernel=MMA_F16 effK=q4_1 effV=f16 supported=1
CUDA_FA_ROUTE_PLAN device=0 Q=[256,16,16,1] Kraw=q4_1 Vraw=turbo4 Kshape=[256,256,4,1] Vshape=[256,256,4,1] Keff=q4_1 Veff=f16 turbo_kv=1 prefer_native_vec=0 decode=1 dk=0 dv=1 unsafe_vec_after_turbo_v_decode=1 allow_vec=0 kernel=MMA_F16 need_f16_K=1 need_f16_V=0 Knb=[20,640,160,163840] Vnb=[66,528,132,135168] Keff_nb=[20,640,160,163840] Veff_nb=[2,2048,512,524288]
CUDA_FA_ROUTE_SUPPORTED kernel=MMA_F16 effK=q4_1 effV=f16 supported=1
CUDA_FA_ROUTE_PLAN device=0 Q=[256,16,16,1] Kraw=q4_1 Vraw=turbo4 Kshape=[256,256,4,1] Vshape=[256,256,4,1] Keff=q4_1 Veff=f16 turbo_kv=1 prefer_native_vec=0 decode=1 dk=0 dv=1 unsafe_vec_after_turbo_v_decode=1 allow_vec=0 kernel=MMA_F16 need_f16_K=1 need_f16_V=0 Knb=[20,640,160,163840] Vnb=[66,528,132,135168] Keff_nb=[20,640,160,163840] Veff_nb=[2,2048,512,524288]
CUDA_FA_ROUTE_SUPPORTED kernel=MMA_F16 effK=q4_1 effV=f16 supported=1
CUDA_FA_ROUTE_PLAN device=0 Q=[256,16,16,1] Kraw=q4_1 Vraw=turbo4 Kshape=[256,256,4,1] Vshape=[256,256,4,1] Keff=q4_1 Veff=f16 turbo_kv=1 prefer_native_vec=0 decode=1 dk=0 dv=1 unsafe_vec_after_turbo_v_decode=1 allow_vec=0 kernel=MMA_F16 need_f16_K=1 need_f16_V=0 Knb=[20,640,160,163840] Vnb=[66,528,132,135168] Keff_nb=[20,640,160,163840] Veff_nb=[2,2048,512,524288]
CUDA_FA_ROUTE_SUPPORTED kernel=MMA_F16 effK=q4_1 effV=f16 supported=1
CUDA_FA_ROUTE_PLAN device=0 Q=[256,16,16,1] Kraw=q4_1 Vraw=turbo4 Kshape=[256,256,4,1] Vshape=[256,256,4,1] Keff=q4_1 Veff=f16 turbo_kv=1 prefer_native_vec=0 decode=1 dk=0 dv=1 unsafe_vec_after_turbo_v_decode=1 allow_vec=0 kernel=MMA_F16 need_f16_K=1 need_f16_V=0 Knb=[20,640,160,163840] Vnb=[66,528,132,135168] Keff_nb=[20,640,160,163840] Veff_nb=[2,2048,512,524288]
CUDA_FA_ROUTE_SUPPORTED kernel=MMA_F16 effK=q4_1 effV=f16 supported=1
CUDA_FA_ROUTE_PLAN device=0 Q=[256,16,16,1] Kraw=q4_1 Vraw=turbo4 Kshape=[256,256,4,1] Vshape=[256,256,4,1] Keff=q4_1 Veff=f16 turbo_kv=1 prefer_native_vec=0 decode=1 dk=0 dv=1 unsafe_vec_after_turbo_v_decode=1 allow_vec=0 kernel=MMA_F16 need_f16_K=1 need_f16_V=0 Knb=[20,640,160,163840] Vnb=[66,528,132,135168] Keff_nb=[20,640,160,163840] Veff_nb=[2,2048,512,524288]
CUDA_FA_ROUTE_SUPPORTED kernel=MMA_F16 effK=q4_1 effV=f16 supported=1
CUDA_FA_ROUTE_PLAN device=0 Q=[256,1,16,1] Kraw=q4_1 Vraw=turbo4 Kshape=[256,256,4,1] Vshape=[256,256,4,1] Keff=q4_1 Veff=f16 turbo_kv=1 prefer_native_vec=0 decode=1 dk=0 dv=1 unsafe_vec_after_turbo_v_decode=1 allow_vec=0 kernel=MMA_F16 need_f16_K=1 need_f16_V=0 Knb=[20,640,160,163840] Vnb=[66,528,132,135168] Keff_nb=[20,640,160,163840] Veff_nb=[2,2048,512,524288]
CUDA_FA_ROUTE_SUPPORTED kernel=MMA_F16 effK=q4_1 effV=f16 supported=1
CUDA_FA_ROUTE_PLAN device=0 Q=[256,1,16,1] Kraw=q4_1 Vraw=turbo4 Kshape=[256,256,4,1] Vshape=[256,256,4,1] Keff=q4_1 Veff=f16 turbo_kv=1 prefer_native_vec=0 decode=1 dk=0 dv=1 unsafe_vec_after_turbo_v_decode=1 allow_vec=0 kernel=MMA_F16 need_f16_K=1 need_f16_V=0 Knb=[20,640,160,163840] Vnb=[66,528,132,135168] Keff_nb=[20,640,160,163840] Veff_nb=[2,2048,512,524288]
CUDA_FA_ROUTE_SUPPORTED kernel=MMA_F16 effK=q4_1 effV=f16 supported=1
CUDA_FA_ROUTE_PLAN device=0 Q=[256,1,16,1] Kraw=q4_1 Vraw=turbo4 Kshape=[256,256,4,1] Vshape=[256,256,4,1] Keff=q4_1 Veff=f16 turbo_kv=1 prefer_native_vec=0 decode=1 dk=0 dv=1 unsafe_vec_after_turbo_v_decode=1 allow_vec=0 kernel=MMA_F16 need_f16_K=1 need_f16_V=0 Knb=[20,640,160,163840] Vnb=[66,528,132,135168] Keff_nb=[20,640,160,163840] Veff_nb=[2,2048,512,524288]
CUDA_FA_ROUTE_SUPPORTED kernel=MMA_F16 effK=q4_1 effV=f16 supported=1
CUDA_FA_ROUTE_PLAN device=0 Q=[256,1,16,1] Kraw=q4_1 Vraw=turbo4 Kshape=[256,256,4,1] Vshape=[256,256,4,1] Keff=q4_1 Veff=f16 turbo_kv=1 prefer_native_vec=0 decode=1 dk=0 dv=1 unsafe_vec_after_turbo_v_decode=1 allow_vec=0 kernel=MMA_F16 need_f16_K=1 need_f16_V=0 Knb=[20,640,160,163840] Vnb=[66,528,132,135168] Keff_nb=[20,640,160,163840] Veff_nb=[2,2048,512,524288]
CUDA_FA_ROUTE_SUPPORTED kernel=MMA_F16 effK=q4_1 effV=f16 supported=1
CUDA_FA_ROUTE_PLAN device=0 Q=[256,1,16,1] Kraw=q4_1 Vraw=turbo4 Kshape=[256,256,4,1] Vshape=[256,256,4,1] Keff=q4_1 Veff=f16 turbo_kv=1 prefer_native_vec=0 decode=1 dk=0 dv=1 unsafe_vec_after_turbo_v_decode=1 allow_vec=0 kernel=MMA_F16 need_f16_K=1 need_f16_V=0 Knb=[20,640,160,163840] Vnb=[66,528,132,135168] Keff_nb=[20,640,160,163840] Veff_nb=[2,2048,512,524288]
CUDA_FA_ROUTE_SUPPORTED kernel=MMA_F16 effK=q4_1 effV=f16 supported=1
CUDA_FA_ROUTE_PLAN device=0 Q=[256,1,16,1] Kraw=q4_1 Vraw=turbo4 Kshape=[256,256,4,1] Vshape=[256,256,4,1] Keff=q4_1 Veff=f16 turbo_kv=1 prefer_native_vec=0 decode=1 dk=0 dv=1 unsafe_vec_after_turbo_v_decode=1 allow_vec=0 kernel=MMA_F16 need_f16_K=1 need_f16_V=0 Knb=[20,640,160,163840] Vnb=[66,528,132,135168] Keff_nb=[20,640,160,163840] Veff_nb=[2,2048,512,524288]
CUDA_FA_ROUTE_SUPPORTED kernel=MMA_F16 effK=q4_1 effV=f16 supported=1
CUDA_FA_ROUTE_PLAN device=0 Q=[256,1,16,1] Kraw=q4_1 Vraw=turbo4 Kshape=[256,256,4,1] Vshape=[256,256,4,1] Keff=q4_1 Veff=f16 turbo_kv=1 prefer_native_vec=0 decode=1 dk=0 dv=1 unsafe_vec_after_turbo_v_decode=1 allow_vec=0 kernel=MMA_F16 need_f16_K=1 need_f16_V=0 Knb=[20,640,160,163840] Vnb=[66,528,132,135168] Keff_nb=[20,640,160,163840] Veff_nb=[2,2048,512,524288]
CUDA_FA_ROUTE_SUPPORTED kernel=MMA_F16 effK=q4_1 effV=f16 supported=1
CUDA_FA_ROUTE_PLAN device=0 Q=[256,1,16,1] Kraw=q4_1 Vraw=turbo4 Kshape=[256,256,4,1] Vshape=[256,256,4,1] Keff=q4_1 Veff=f16 turbo_kv=1 prefer_native_vec=0 decode=1 dk=0 dv=1 unsafe_vec_after_turbo_v_decode=1 allow_vec=0 kernel=MMA_F16 need_f16_K=1 need_f16_V=0 Knb=[20,640,160,163840] Vnb=[66,528,132,135168] Keff_nb=[20,640,160,163840] Veff_nb=[2,2048,512,524288]
CUDA_FA_ROUTE_SUPPORTED kernel=MMA_F16 effK=q4_1 effV=f16 supported=1
CUDA_FA_ROUTE_PLAN device=0 Q=[256,256,16,1] Kraw=q4_1 Vraw=turbo4 Kshape=[256,256,4,1] Vshape=[256,256,4,1] Keff=q4_1 Veff=f16 turbo_kv=1 prefer_native_vec=0 decode=1 dk=0 dv=1 unsafe_vec_after_turbo_v_decode=1 allow_vec=0 kernel=MMA_F16 need_f16_K=1 need_f16_V=0 Knb=[20,640,160,163840] Vnb=[66,528,132,135168] Keff_nb=[20,640,160,163840] Veff_nb=[2,2048,512,524288]
CUDA_FA_ROUTE_SUPPORTED kernel=MMA_F16 effK=q4_1 effV=f16 supported=1
CUDA_FA_ROUTE_PLAN device=0 Q=[256,256,16,1] Kraw=q4_1 Vraw=turbo4 Kshape=[256,256,4,1] Vshape=[256,256,4,1] Keff=q4_1 Veff=f16 turbo_kv=1 prefer_native_vec=0 decode=1 dk=0 dv=1 unsafe_vec_after_turbo_v_decode=1 allow_vec=0 kernel=MMA_F16 need_f16_K=1 need_f16_V=0 Knb=[20,640,160,163840] Vnb=[66,528,132,135168] Keff_nb=[20,640,160,163840] Veff_nb=[2,2048,512,524288]
CUDA_FA_ROUTE_SUPPORTED kernel=MMA_F16 effK=q4_1 effV=f16 supported=1
CUDA_FA_ROUTE_PLAN device=0 Q=[256,256,16,1] Kraw=q4_1 Vraw=turbo4 Kshape=[256,256,4,1] Vshape=[256,256,4,1] Keff=q4_1 Veff=f16 turbo_kv=1 prefer_native_vec=0 decode=1 dk=0 dv=1 unsafe_vec_after_turbo_v_decode=1 allow_vec=0 kernel=MMA_F16 need_f16_K=1 need_f16_V=0 Knb=[20,640,160,163840] Vnb=[66,528,132,135168] Keff_nb=[20,640,160,163840] Veff_nb=[2,2048,512,524288]
CUDA_FA_ROUTE_SUPPORTED kernel=MMA_F16 effK=q4_1 effV=f16 supported=1
CUDA_FA_ROUTE_PLAN device=0 Q=[256,256,16,1] Kraw=q4_1 Vraw=turbo4 Kshape=[256,256,4,1] Vshape=[256,256,4,1] Keff=q4_1 Veff=f16 turbo_kv=1 prefer_native_vec=0 decode=1 dk=0 dv=1 unsafe_vec_after_turbo_v_decode=1 allow_vec=0 kernel=MMA_F16 need_f16_K=1 need_f16_V=0 Knb=[20,640,160,163840] Vnb=[66,528,132,135168] Keff_nb=[20,640,160,163840] Veff_nb=[2,2048,512,524288]
CUDA_FA_ROUTE_SUPPORTED kernel=MMA_F16 effK=q4_1 effV=f16 supported=1
CUDA_FA_ROUTE_PLAN device=0 Q=[256,256,16,1] Kraw=q4_1 Vraw=turbo4 Kshape=[256,256,4,1] Vshape=[256,256,4,1] Keff=q4_1 Veff=f16 turbo_kv=1 prefer_native_vec=0 decode=1 dk=0 dv=1 unsafe_vec_after_turbo_v_decode=1 allow_vec=0 kernel=MMA_F16 need_f16_K=1 need_f16_V=0 Knb=[20,640,160,163840] Vnb=[66,528,132,135168] Keff_nb=[20,640,160,163840] Veff_nb=[2,2048,512,524288]
CUDA_FA_ROUTE_SUPPORTED kernel=MMA_F16 effK=q4_1 effV=f16 supported=1
CUDA_FA_ROUTE_PLAN device=0 Q=[256,256,16,1] Kraw=q4_1 Vraw=turbo4 Kshape=[256,256,4,1] Vshape=[256,256,4,1] Keff=q4_1 Veff=f16 turbo_kv=1 prefer_native_vec=0 decode=1 dk=0 dv=1 unsafe_vec_after_turbo_v_decode=1 allow_vec=0 kernel=MMA_F16 need_f16_K=1 need_f16_V=0 Knb=[20,640,160,163840] Vnb=[66,528,132,135168] Keff_nb=[20,640,160,163840] Veff_nb=[2,2048,512,524288]
CUDA_FA_ROUTE_SUPPORTED kernel=MMA_F16 effK=q4_1 effV=f16 supported=1
CUDA_FA_ROUTE_PLAN device=0 Q=[256,256,16,1] Kraw=q4_1 Vraw=turbo4 Kshape=[256,256,4,1] Vshape=[256,256,4,1] Keff=q4_1 Veff=f16 turbo_kv=1 prefer_native_vec=0 decode=1 dk=0 dv=1 unsafe_vec_after_turbo_v_decode=1 allow_vec=0 kernel=MMA_F16 need_f16_K=1 need_f16_V=0 Knb=[20,640,160,163840] Vnb=[66,528,132,135168] Keff_nb=[20,640,160,163840] Veff_nb=[2,2048,512,524288]
CUDA_FA_ROUTE_SUPPORTED kernel=MMA_F16 effK=q4_1 effV=f16 supported=1
CUDA_FA_ROUTE_PLAN device=0 Q=[256,256,16,1] Kraw=q4_1 Vraw=turbo4 Kshape=[256,256,4,1] Vshape=[256,256,4,1] Keff=q4_1 Veff=f16 turbo_kv=1 prefer_native_vec=0 decode=1 dk=0 dv=1 unsafe_vec_after_turbo_v_decode=1 allow_vec=0 kernel=MMA_F16 need_f16_K=1 need_f16_V=0 Knb=[20,640,160,163840] Vnb=[66,528,132,135168] Keff_nb=[20,640,160,163840] Veff_nb=[2,2048,512,524288]
CUDA_FA_ROUTE_SUPPORTED kernel=MMA_F16 effK=q4_1 effV=f16 supported=1
CUDA_FA_ROUTE_PLAN device=0 Q=[256,256,16,1] Kraw=q4_1 Vraw=turbo4 Kshape=[256,256,4,1] Vshape=[256,256,4,1] Keff=q4_1 Veff=f16 turbo_kv=1 prefer_native_vec=0 decode=1 dk=0 dv=1 unsafe_vec_after_turbo_v_decode=1 allow_vec=0 kernel=MMA_F16 need_f16_K=1 need_f16_V=0 Knb=[20,640,160,163840] Vnb=[66,528,132,135168] Keff_nb=[20,640,160,163840] Veff_nb=[2,2048,512,524288]
CUDA_FA_ROUTE_ALLOC kernel=MMA_F16 need_f16_K=1 need_f16_V=0 workspace_end_offset=4718592 dst_data=(nil) f16_K=0x400000 f16_V=(nil) f16_end=0x480000
CUDA_FA_ROUTE_PLAN device=0 Q=[256,256,16,1] Kraw=q4_1 Vraw=turbo4 Kshape=[256,256,4,1] Vshape=[256,256,4,1] Keff=q4_1 Veff=f16 turbo_kv=1 prefer_native_vec=0 decode=1 dk=0 dv=1 unsafe_vec_after_turbo_v_decode=1 allow_vec=0 kernel=MMA_F16 need_f16_K=1 need_f16_V=0 Knb=[20,640,160,163840] Vnb=[66,528,132,135168] Keff_nb=[20,640,160,163840] Veff_nb=[2,2048,512,524288]
CUDA_FA_ROUTE_ALLOC kernel=MMA_F16 need_f16_K=1 need_f16_V=0 workspace_end_offset=4718592 dst_data=(nil) f16_K=0x400000 f16_V=(nil) f16_end=0x480000
CUDA_FA_ROUTE_PLAN device=0 Q=[256,256,16,1] Kraw=q4_1 Vraw=turbo4 Kshape=[256,256,4,1] Vshape=[256,256,4,1] Keff=q4_1 Veff=f16 turbo_kv=1 prefer_native_vec=0 decode=1 dk=0 dv=1 unsafe_vec_after_turbo_v_decode=1 allow_vec=0 kernel=MMA_F16 need_f16_K=1 need_f16_V=0 Knb=[20,640,160,163840] Vnb=[66,528,132,135168] Keff_nb=[20,640,160,163840] Veff_nb=[2,2048,512,524288]
CUDA_FA_ROUTE_ALLOC kernel=MMA_F16 need_f16_K=1 need_f16_V=0 workspace_end_offset=4718592 dst_data=(nil) f16_K=0x400000 f16_V=(nil) f16_end=0x480000
CUDA_FA_ROUTE_PLAN device=0 Q=[256,256,16,1] Kraw=q4_1 Vraw=turbo4 Kshape=[256,256,4,1] Vshape=[256,256,4,1] Keff=q4_1 Veff=f16 turbo_kv=1 prefer_native_vec=0 decode=1 dk=0 dv=1 unsafe_vec_after_turbo_v_decode=1 allow_vec=0 kernel=MMA_F16 need_f16_K=1 need_f16_V=0 Knb=[20,640,160,163840] Vnb=[66,528,132,135168] Keff_nb=[20,640,160,163840] Veff_nb=[2,2048,512,524288]
CUDA_FA_ROUTE_ALLOC kernel=MMA_F16 need_f16_K=1 need_f16_V=0 workspace_end_offset=4718592 dst_data=(nil) f16_K=0x400000 f16_V=(nil) f16_end=0x480000
CUDA_FA_ROUTE_PLAN device=0 Q=[256,256,16,1] Kraw=q4_1 Vraw=turbo4 Kshape=[256,256,4,1] Vshape=[256,256,4,1] Keff=q4_1 Veff=f16 turbo_kv=1 prefer_native_vec=0 decode=1 dk=0 dv=1 unsafe_vec_after_turbo_v_decode=1 allow_vec=0 kernel=MMA_F16 need_f16_K=1 need_f16_V=0 Knb=[20,640,160,163840] Vnb=[66,528,132,135168] Keff_nb=[20,640,160,163840] Veff_nb=[2,2048,512,524288]
CUDA_FA_ROUTE_ALLOC kernel=MMA_F16 need_f16_K=1 need_f16_V=0 workspace_end_offset=4718592 dst_data=(nil) f16_K=0x400000 f16_V=(nil) f16_end=0x480000
CUDA_FA_ROUTE_PLAN device=0 Q=[256,256,16,1] Kraw=q4_1 Vraw=turbo4 Kshape=[256,256,4,1] Vshape=[256,256,4,1] Keff=q4_1 Veff=f16 turbo_kv=1 prefer_native_vec=0 decode=1 dk=0 dv=1 unsafe_vec_after_turbo_v_decode=1 allow_vec=0 kernel=MMA_F16 need_f16_K=1 need_f16_V=0 Knb=[20,640,160,163840] Vnb=[66,528,132,135168] Keff_nb=[20,640,160,163840] Veff_nb=[2,2048,512,524288]
CUDA_FA_ROUTE_ALLOC kernel=MMA_F16 need_f16_K=1 need_f16_V=0 workspace_end_offset=4718592 dst_data=(nil) f16_K=0x400000 f16_V=(nil) f16_end=0x480000
CUDA_FA_ROUTE_PLAN device=0 Q=[256,256,16,1] Kraw=q4_1 Vraw=turbo4 Kshape=[256,256,4,1] Vshape=[256,256,4,1] Keff=q4_1 Veff=f16 turbo_kv=1 prefer_native_vec=0 decode=1 dk=0 dv=1 unsafe_vec_after_turbo_v_decode=1 allow_vec=0 kernel=MMA_F16 need_f16_K=1 need_f16_V=0 Knb=[20,640,160,163840] Vnb=[66,528,132,135168] Keff_nb=[20,640,160,163840] Veff_nb=[2,2048,512,524288]
CUDA_FA_ROUTE_ALLOC kernel=MMA_F16 need_f16_K=1 need_f16_V=0 workspace_end_offset=4718592 dst_data=(nil) f16_K=0x400000 f16_V=(nil) f16_end=0x480000
CUDA_FA_ROUTE_PLAN device=0 Q=[256,256,16,1] Kraw=q4_1 Vraw=turbo4 Kshape=[256,256,4,1] Vshape=[256,256,4,1] Keff=q4_1 Veff=f16 turbo_kv=1 prefer_native_vec=0 decode=1 dk=0 dv=1 unsafe_vec_after_turbo_v_decode=1 allow_vec=0 kernel=MMA_F16 need_f16_K=1 need_f16_V=0 Knb=[20,640,160,163840] Vnb=[66,528,132,135168] Keff_nb=[20,640,160,163840] Veff_nb=[2,2048,512,524288]
CUDA_FA_ROUTE_ALLOC kernel=MMA_F16 need_f16_K=1 need_f16_V=0 workspace_end_offset=4718592 dst_data=(nil) f16_K=0x400000 f16_V=(nil) f16_end=0x480000
CUDA_FA_ROUTE_PLAN device=0 Q=[256,256,16,1] Kraw=q4_1 Vraw=turbo4 Kshape=[256,256,4,1] Vshape=[256,256,4,1] Keff=q4_1 Veff=f16 turbo_kv=1 prefer_native_vec=0 decode=1 dk=0 dv=1 unsafe_vec_after_turbo_v_decode=1 allow_vec=0 kernel=MMA_F16 need_f16_K=1 need_f16_V=0 Knb=[20,640,160,163840] Vnb=[66,528,132,135168] Keff_nb=[20,640,160,163840] Veff_nb=[2,2048,512,524288]
CUDA_FA_ROUTE_ALLOC kernel=MMA_F16 need_f16_K=1 need_f16_V=0 workspace_end_offset=4718592 dst_data=(nil) f16_K=0x400000 f16_V=(nil) f16_end=0x480000
CUDA_FA_ROUTE_PLAN device=0 Q=[256,256,16,1] Kraw=q4_1 Vraw=turbo4 Kshape=[256,256,4,1] Vshape=[256,256,4,1] Keff=q4_1 Veff=f16 turbo_kv=1 prefer_native_vec=0 decode=1 dk=0 dv=1 unsafe_vec_after_turbo_v_decode=1 allow_vec=0 kernel=MMA_F16 need_f16_K=1 need_f16_V=0 Knb=[20,640,160,163840] Vnb=[66,528,132,135168] Keff_nb=[20,640,160,163840] Veff_nb=[2,2048,512,524288]
CUDA_FA_ROUTE_ALLOC kernel=MMA_F16 need_f16_K=1 need_f16_V=0 workspace_end_offset=4718592 dst_data=(nil) f16_K=0x400000 f16_V=(nil) f16_end=0x480000
CUDA_FA_ROUTE_PLAN device=0 Q=[256,256,16,1] Kraw=q4_1 Vraw=turbo4 Kshape=[256,256,4,1] Vshape=[256,256,4,1] Keff=q4_1 Veff=f16 turbo_kv=1 prefer_native_vec=0 decode=1 dk=0 dv=1 unsafe_vec_after_turbo_v_decode=1 allow_vec=0 kernel=MMA_F16 need_f16_K=1 need_f16_V=0 Knb=[20,640,160,163840] Vnb=[66,528,132,135168] Keff_nb=[20,640,160,163840] Veff_nb=[2,2048,512,524288]
CUDA_FA_ROUTE_ALLOC kernel=MMA_F16 need_f16_K=1 need_f16_V=0 workspace_end_offset=4718592 dst_data=(nil) f16_K=0x400000 f16_V=(nil) f16_end=0x480000
CUDA_FA_ROUTE_PLAN device=0 Q=[256,256,16,1] Kraw=q4_1 Vraw=turbo4 Kshape=[256,256,4,1] Vshape=[256,256,4,1] Keff=q4_1 Veff=f16 turbo_kv=1 prefer_native_vec=0 decode=1 dk=0 dv=1 unsafe_vec_after_turbo_v_decode=1 allow_vec=0 kernel=MMA_F16 need_f16_K=1 need_f16_V=0 Knb=[20,640,160,163840] Vnb=[66,528,132,135168] Keff_nb=[20,640,160,163840] Veff_nb=[2,2048,512,524288]
CUDA_FA_ROUTE_ALLOC kernel=MMA_F16 need_f16_K=1 need_f16_V=0 workspace_end_offset=4718592 dst_data=(nil) f16_K=0x400000 f16_V=(nil) f16_end=0x480000
CUDA_FA_ROUTE_PLAN device=0 Q=[256,256,16,1] Kraw=q4_1 Vraw=turbo4 Kshape=[256,256,4,1] Vshape=[256,256,4,1] Keff=q4_1 Veff=f16 turbo_kv=1 prefer_native_vec=0 decode=1 dk=0 dv=1 unsafe_vec_after_turbo_v_decode=1 allow_vec=0 kernel=MMA_F16 need_f16_K=1 need_f16_V=0 Knb=[20,640,160,163840] Vnb=[66,528,132,135168] Keff_nb=[20,640,160,163840] Veff_nb=[2,2048,512,524288]
CUDA_FA_ROUTE_ALLOC kernel=MMA_F16 need_f16_K=1 need_f16_V=0 workspace_end_offset=4718592 dst_data=(nil) f16_K=0x400000 f16_V=(nil) f16_end=0x480000
CUDA_FA_ROUTE_PLAN device=0 Q=[256,256,16,1] Kraw=q4_1 Vraw=turbo4 Kshape=[256,256,4,1] Vshape=[256,256,4,1] Keff=q4_1 Veff=f16 turbo_kv=1 prefer_native_vec=0 decode=1 dk=0 dv=1 unsafe_vec_after_turbo_v_decode=1 allow_vec=0 kernel=MMA_F16 need_f16_K=1 need_f16_V=0 Knb=[20,640,160,163840] Vnb=[66,528,132,135168] Keff_nb=[20,640,160,163840] Veff_nb=[2,2048,512,524288]
CUDA_FA_ROUTE_ALLOC kernel=MMA_F16 need_f16_K=1 need_f16_V=0 workspace_end_offset=4718592 dst_data=(nil) f16_K=0x400000 f16_V=(nil) f16_end=0x480000
CUDA_FA_ROUTE_PLAN device=0 Q=[256,256,16,1] Kraw=q4_1 Vraw=turbo4 Kshape=[256,256,4,1] Vshape=[256,256,4,1] Keff=q4_1 Veff=f16 turbo_kv=1 prefer_native_vec=0 decode=1 dk=0 dv=1 unsafe_vec_after_turbo_v_decode=1 allow_vec=0 kernel=MMA_F16 need_f16_K=1 need_f16_V=0 Knb=[20,640,160,163840] Vnb=[66,528,132,135168] Keff_nb=[20,640,160,163840] Veff_nb=[2,2048,512,524288]
CUDA_FA_ROUTE_ALLOC kernel=MMA_F16 need_f16_K=1 need_f16_V=0 workspace_end_offset=4718592 dst_data=(nil) f16_K=0x400000 f16_V=(nil) f16_end=0x480000
CUDA_FA_ROUTE_PLAN device=0 Q=[256,256,16,1] Kraw=q4_1 Vraw=turbo4 Kshape=[256,256,4,1] Vshape=[256,256,4,1] Keff=q4_1 Veff=f16 turbo_kv=1 prefer_native_vec=0 decode=1 dk=0 dv=1 unsafe_vec_after_turbo_v_decode=1 allow_vec=0 kernel=MMA_F16 need_f16_K=1 need_f16_V=0 Knb=[20,640,160,163840] Vnb=[66,528,132,135168] Keff_nb=[20,640,160,163840] Veff_nb=[2,2048,512,524288]
CUDA_FA_ROUTE_ALLOC kernel=MMA_F16 need_f16_K=1 need_f16_V=0 workspace_end_offset=4718592 dst_data=(nil) f16_K=0x400000 f16_V=(nil) f16_end=0x480000
CUDA_FA_ROUTE_PLAN device=0 Q=[256,256,16,1] Kraw=q4_1 Vraw=turbo4 Kshape=[256,256,4,1] Vshape=[256,256,4,1] Keff=q4_1 Veff=f16 turbo_kv=1 prefer_native_vec=0 decode=1 dk=0 dv=1 unsafe_vec_after_turbo_v_decode=1 allow_vec=0 kernel=MMA_F16 need_f16_K=1 need_f16_V=0 Knb=[20,640,160,163840] Vnb=[66,528,132,135168] Keff_nb=[20,640,160,163840] Veff_nb=[2,2048,512,524288]
CUDA_FA_ROUTE_ALLOC kernel=MMA_F16 need_f16_K=1 need_f16_V=0 workspace_end_offset=4718592 dst_data=(nil) f16_K=0x400000 f16_V=(nil) f16_end=0x480000
CUDA_FA_ROUTE_PLAN device=0 Q=[256,256,16,1] Kraw=q4_1 Vraw=turbo4 Kshape=[256,256,4,1] Vshape=[256,256,4,1] Keff=q4_1 Veff=f16 turbo_kv=1 prefer_native_vec=0 decode=1 dk=0 dv=1 unsafe_vec_after_turbo_v_decode=1 allow_vec=0 kernel=MMA_F16 need_f16_K=1 need_f16_V=0 Knb=[20,640,160,163840] Vnb=[66,528,132,135168] Keff_nb=[20,640,160,163840] Veff_nb=[2,2048,512,524288]
CUDA_FA_ROUTE_ALLOC kernel=MMA_F16 need_f16_K=1 need_f16_V=0 workspace_end_offset=4718592 dst_data=(nil) f16_K=0x400000 f16_V=(nil) f16_end=0x480000
CUDA_FA_ROUTE_PLAN device=0 Q=[256,256,16,1] Kraw=q4_1 Vraw=turbo4 Kshape=[256,256,4,1] Vshape=[256,256,4,1] Keff=q4_1 Veff=f16 turbo_kv=1 prefer_native_vec=0 decode=1 dk=0 dv=1 unsafe_vec_after_turbo_v_decode=1 allow_vec=0 kernel=MMA_F16 need_f16_K=1 need_f16_V=0 Knb=[20,640,160,163840] Vnb=[66,528,132,135168] Keff_nb=[20,640,160,163840] Veff_nb=[2,2048,512,524288]
CUDA_FA_ROUTE_ALLOC kernel=MMA_F16 need_f16_K=1 need_f16_V=0 workspace_end_offset=4718592 dst_data=(nil) f16_K=0x400000 f16_V=(nil) f16_end=0x480000
CUDA_FA_ROUTE_PLAN device=0 Q=[256,256,16,1] Kraw=q4_1 Vraw=turbo4 Kshape=[256,256,4,1] Vshape=[256,256,4,1] Keff=q4_1 Veff=f16 turbo_kv=1 prefer_native_vec=0 decode=1 dk=0 dv=1 unsafe_vec_after_turbo_v_decode=1 allow_vec=0 kernel=MMA_F16 need_f16_K=1 need_f16_V=0 Knb=[20,640,160,163840] Vnb=[66,528,132,135168] Keff_nb=[20,640,160,163840] Veff_nb=[2,2048,512,524288]
CUDA_FA_ROUTE_ALLOC kernel=MMA_F16 need_f16_K=1 need_f16_V=0 workspace_end_offset=4718592 dst_data=(nil) f16_K=0x400000 f16_V=(nil) f16_end=0x480000
CUDA_FA_ROUTE_PLAN device=0 Q=[256,256,16,1] Kraw=q4_1 Vraw=turbo4 Kshape=[256,256,4,1] Vshape=[256,256,4,1] Keff=q4_1 Veff=f16 turbo_kv=1 prefer_native_vec=0 decode=1 dk=0 dv=1 unsafe_vec_after_turbo_v_decode=1 allow_vec=0 kernel=MMA_F16 need_f16_K=1 need_f16_V=0 Knb=[20,640,160,163840] Vnb=[66,528,132,135168] Keff_nb=[20,640,160,163840] Veff_nb=[2,2048,512,524288]
CUDA_FA_ROUTE_ALLOC kernel=MMA_F16 need_f16_K=1 need_f16_V=0 workspace_end_offset=4718592 dst_data=(nil) f16_K=0x400000 f16_V=(nil) f16_end=0x480000
CUDA_FA_ROUTE_PLAN device=0 Q=[256,256,16,1] Kraw=q4_1 Vraw=turbo4 Kshape=[256,256,4,1] Vshape=[256,256,4,1] Keff=q4_1 Veff=f16 turbo_kv=1 prefer_native_vec=0 decode=1 dk=0 dv=1 unsafe_vec_after_turbo_v_decode=1 allow_vec=0 kernel=MMA_F16 need_f16_K=1 need_f16_V=0 Knb=[20,640,160,163840] Vnb=[66,528,132,135168] Keff_nb=[20,640,160,163840] Veff_nb=[2,2048,512,524288]
CUDA_FA_ROUTE_ALLOC kernel=MMA_F16 need_f16_K=1 need_f16_V=0 workspace_end_offset=4718592 dst_data=(nil) f16_K=0x400000 f16_V=(nil) f16_end=0x480000
CUDA_FA_ROUTE_PLAN device=0 Q=[256,256,16,1] Kraw=q4_1 Vraw=turbo4 Kshape=[256,256,4,1] Vshape=[256,256,4,1] Keff=q4_1 Veff=f16 turbo_kv=1 prefer_native_vec=0 decode=1 dk=0 dv=1 unsafe_vec_after_turbo_v_decode=1 allow_vec=0 kernel=MMA_F16 need_f16_K=1 need_f16_V=0 Knb=[20,640,160,163840] Vnb=[66,528,132,135168] Keff_nb=[20,640,160,163840] Veff_nb=[2,2048,512,524288]
CUDA_FA_ROUTE_ALLOC kernel=MMA_F16 need_f16_K=1 need_f16_V=0 workspace_end_offset=4718592 dst_data=(nil) f16_K=0x400000 f16_V=(nil) f16_end=0x480000
CUDA_FA_ROUTE_PLAN device=0 Q=[256,256,16,1] Kraw=q4_1 Vraw=turbo4 Kshape=[256,256,4,1] Vshape=[256,256,4,1] Keff=q4_1 Veff=f16 turbo_kv=1 prefer_native_vec=0 decode=1 dk=0 dv=1 unsafe_vec_after_turbo_v_decode=1 allow_vec=0 kernel=MMA_F16 need_f16_K=1 need_f16_V=0 Knb=[20,640,160,163840] Vnb=[66,528,132,135168] Keff_nb=[20,640,160,163840] Veff_nb=[2,2048,512,524288]
CUDA_FA_ROUTE_ALLOC kernel=MMA_F16 need_f16_K=1 need_f16_V=0 workspace_end_offset=4718592 dst_data=(nil) f16_K=0x400000 f16_V=(nil) f16_end=0x480000
CUDA_FA_ROUTE_PLAN device=0 Q=[256,256,16,1] Kraw=q4_1 Vraw=turbo4 Kshape=[256,256,4,1] Vshape=[256,256,4,1] Keff=q4_1 Veff=f16 turbo_kv=1 prefer_native_vec=0 decode=1 dk=0 dv=1 unsafe_vec_after_turbo_v_decode=1 allow_vec=0 kernel=MMA_F16 need_f16_K=1 need_f16_V=0 Knb=[20,640,160,163840] Vnb=[66,528,132,135168] Keff_nb=[20,640,160,163840] Veff_nb=[2,2048,512,524288]
CUDA_FA_ROUTE_ALLOC kernel=MMA_F16 need_f16_K=1 need_f16_V=0 workspace_end_offset=4718592 dst_data=(nil) f16_K=0x400000 f16_V=(nil) f16_end=0x480000
CUDA_FA_ROUTE_PLAN device=0 Q=[256,256,16,1] Kraw=q4_1 Vraw=turbo4 Kshape=[256,256,4,1] Vshape=[256,256,4,1] Keff=q4_1 Veff=f16 turbo_kv=1 prefer_native_vec=0 decode=1 dk=0 dv=1 unsafe_vec_after_turbo_v_decode=1 allow_vec=0 kernel=MMA_F16 need_f16_K=1 need_f16_V=0 Knb=[20,640,160,163840] Vnb=[66,528,132,135168] Keff_nb=[20,640,160,163840] Veff_nb=[2,2048,512,524288]
CUDA_FA_ROUTE_ALLOC kernel=MMA_F16 need_f16_K=1 need_f16_V=0 workspace_end_offset=4718592 dst_data=(nil) f16_K=0x400000 f16_V=(nil) f16_end=0x480000
CUDA_FA_ROUTE_PLAN device=0 Q=[256,256,16,1] Kraw=q4_1 Vraw=turbo4 Kshape=[256,256,4,1] Vshape=[256,256,4,1] Keff=q4_1 Veff=f16 turbo_kv=1 prefer_native_vec=0 decode=1 dk=0 dv=1 unsafe_vec_after_turbo_v_decode=1 allow_vec=0 kernel=MMA_F16 need_f16_K=1 need_f16_V=0 Knb=[20,640,160,163840] Vnb=[66,528,132,135168] Keff_nb=[20,640,160,163840] Veff_nb=[2,2048,512,524288]
CUDA_FA_ROUTE_ALLOC kernel=MMA_F16 need_f16_K=1 need_f16_V=0 workspace_end_offset=4718592 dst_data=(nil) f16_K=0x400000 f16_V=(nil) f16_end=0x480000
CUDA_FA_ROUTE_PLAN device=0 Q=[256,256,16,1] Kraw=q4_1 Vraw=turbo4 Kshape=[256,256,4,1] Vshape=[256,256,4,1] Keff=q4_1 Veff=f16 turbo_kv=1 prefer_native_vec=0 decode=1 dk=0 dv=1 unsafe_vec_after_turbo_v_decode=1 allow_vec=0 kernel=MMA_F16 need_f16_K=1 need_f16_V=0 Knb=[20,640,160,163840] Vnb=[66,528,132,135168] Keff_nb=[20,640,160,163840] Veff_nb=[2,2048,512,524288]
CUDA_FA_ROUTE_ALLOC kernel=MMA_F16 need_f16_K=1 need_f16_V=0 workspace_end_offset=4718592 dst_data=(nil) f16_K=0x400000 f16_V=(nil) f16_end=0x480000
CUDA_FA_ROUTE_PLAN device=0 Q=[256,256,16,1] Kraw=q4_1 Vraw=turbo4 Kshape=[256,256,4,1] Vshape=[256,256,4,1] Keff=q4_1 Veff=f16 turbo_kv=1 prefer_native_vec=0 decode=1 dk=0 dv=1 unsafe_vec_after_turbo_v_decode=1 allow_vec=0 kernel=MMA_F16 need_f16_K=1 need_f16_V=0 Knb=[20,640,160,163840] Vnb=[66,528,132,135168] Keff_nb=[20,640,160,163840] Veff_nb=[2,2048,512,524288]
CUDA_FA_ROUTE_ALLOC kernel=MMA_F16 need_f16_K=1 need_f16_V=0 workspace_end_offset=4718592 dst_data=(nil) f16_K=0x400000 f16_V=(nil) f16_end=0x480000
CUDA_FA_ROUTE_PLAN device=0 Q=[256,256,16,1] Kraw=q4_1 Vraw=turbo4 Kshape=[256,256,4,1] Vshape=[256,256,4,1] Keff=q4_1 Veff=f16 turbo_kv=1 prefer_native_vec=0 decode=1 dk=0 dv=1 unsafe_vec_after_turbo_v_decode=1 allow_vec=0 kernel=MMA_F16 need_f16_K=1 need_f16_V=0 Knb=[20,640,160,163840] Vnb=[66,528,132,135168] Keff_nb=[20,640,160,163840] Veff_nb=[2,2048,512,524288]
CUDA_FA_ROUTE_ALLOC kernel=MMA_F16 need_f16_K=1 need_f16_V=0 workspace_end_offset=4718592 dst_data=(nil) f16_K=0x400000 f16_V=(nil) f16_end=0x480000
CUDA_FA_ROUTE_PLAN device=0 Q=[256,256,16,1] Kraw=q4_1 Vraw=turbo4 Kshape=[256,256,4,1] Vshape=[256,256,4,1] Keff=q4_1 Veff=f16 turbo_kv=1 prefer_native_vec=0 decode=1 dk=0 dv=1 unsafe_vec_after_turbo_v_decode=1 allow_vec=0 kernel=MMA_F16 need_f16_K=1 need_f16_V=0 Knb=[20,640,160,163840] Vnb=[66,528,132,135168] Keff_nb=[20,640,160,163840] Veff_nb=[2,2048,512,524288]
CUDA_FA_ROUTE_ALLOC kernel=MMA_F16 need_f16_K=1 need_f16_V=0 workspace_end_offset=4718592 dst_data=(nil) f16_K=0x400000 f16_V=(nil) f16_end=0x480000
CUDA_FA_ROUTE_PLAN device=0 Q=[256,256,16,1] Kraw=q4_1 Vraw=turbo4 Kshape=[256,256,4,1] Vshape=[256,256,4,1] Keff=q4_1 Veff=f16 turbo_kv=1 prefer_native_vec=0 decode=1 dk=0 dv=1 unsafe_vec_after_turbo_v_decode=1 allow_vec=0 kernel=MMA_F16 need_f16_K=1 need_f16_V=0 Knb=[20,640,160,163840] Vnb=[66,528,132,135168] Keff_nb=[20,640,160,163840] Veff_nb=[2,2048,512,524288]
CUDA_FA_ROUTE_ALLOC kernel=MMA_F16 need_f16_K=1 need_f16_V=0 workspace_end_offset=4718592 dst_data=(nil) f16_K=0x400000 f16_V=(nil) f16_end=0x480000
CUDA_FA_ROUTE_PLAN device=0 Q=[256,1,16,1] Kraw=q4_1 Vraw=turbo4 Kshape=[256,256,4,1] Vshape=[256,256,4,1] Keff=q4_1 Veff=f16 turbo_kv=1 prefer_native_vec=0 decode=1 dk=0 dv=1 unsafe_vec_after_turbo_v_decode=1 allow_vec=0 kernel=MMA_F16 need_f16_K=1 need_f16_V=0 Knb=[20,640,160,163840] Vnb=[66,528,132,135168] Keff_nb=[20,640,160,163840] Veff_nb=[2,2048,512,524288]
CUDA_FA_ROUTE_SUPPORTED kernel=MMA_F16 effK=q4_1 effV=f16 supported=1
CUDA_FA_ROUTE_PLAN device=0 Q=[256,1,16,1] Kraw=q4_1 Vraw=turbo4 Kshape=[256,256,4,1] Vshape=[256,256,4,1] Keff=q4_1 Veff=f16 turbo_kv=1 prefer_native_vec=0 decode=1 dk=0 dv=1 unsafe_vec_after_turbo_v_decode=1 allow_vec=0 kernel=MMA_F16 need_f16_K=1 need_f16_V=0 Knb=[20,640,160,163840] Vnb=[66,528,132,135168] Keff_nb=[20,640,160,163840] Veff_nb=[2,2048,512,524288]
CUDA_FA_ROUTE_SUPPORTED kernel=MMA_F16 effK=q4_1 effV=f16 supported=1
CUDA_FA_ROUTE_PLAN device=0 Q=[256,1,16,1] Kraw=q4_1 Vraw=turbo4 Kshape=[256,256,4,1] Vshape=[256,256,4,1] Keff=q4_1 Veff=f16 turbo_kv=1 prefer_native_vec=0 decode=1 dk=0 dv=1 unsafe_vec_after_turbo_v_decode=1 allow_vec=0 kernel=MMA_F16 need_f16_K=1 need_f16_V=0 Knb=[20,640,160,163840] Vnb=[66,528,132,135168] Keff_nb=[20,640,160,163840] Veff_nb=[2,2048,512,524288]
CUDA_FA_ROUTE_SUPPORTED kernel=MMA_F16 effK=q4_1 effV=f16 supported=1
CUDA_FA_ROUTE_PLAN device=0 Q=[256,1,16,1] Kraw=q4_1 Vraw=turbo4 Kshape=[256,256,4,1] Vshape=[256,256,4,1] Keff=q4_1 Veff=f16 turbo_kv=1 prefer_native_vec=0 decode=1 dk=0 dv=1 unsafe_vec_after_turbo_v_decode=1 allow_vec=0 kernel=MMA_F16 need_f16_K=1 need_f16_V=0 Knb=[20,640,160,163840] Vnb=[66,528,132,135168] Keff_nb=[20,640,160,163840] Veff_nb=[2,2048,512,524288]
CUDA_FA_ROUTE_SUPPORTED kernel=MMA_F16 effK=q4_1 effV=f16 supported=1
CUDA_FA_ROUTE_PLAN device=0 Q=[256,1,16,1] Kraw=q4_1 Vraw=turbo4 Kshape=[256,256,4,1] Vshape=[256,256,4,1] Keff=q4_1 Veff=f16 turbo_kv=1 prefer_native_vec=0 decode=1 dk=0 dv=1 unsafe_vec_after_turbo_v_decode=1 allow_vec=0 kernel=MMA_F16 need_f16_K=1 need_f16_V=0 Knb=[20,640,160,163840] Vnb=[66,528,132,135168] Keff_nb=[20,640,160,163840] Veff_nb=[2,2048,512,524288]
CUDA_FA_ROUTE_SUPPORTED kernel=MMA_F16 effK=q4_1 effV=f16 supported=1
CUDA_FA_ROUTE_PLAN device=0 Q=[256,1,16,1] Kraw=q4_1 Vraw=turbo4 Kshape=[256,256,4,1] Vshape=[256,256,4,1] Keff=q4_1 Veff=f16 turbo_kv=1 prefer_native_vec=0 decode=1 dk=0 dv=1 unsafe_vec_after_turbo_v_decode=1 allow_vec=0 kernel=MMA_F16 need_f16_K=1 need_f16_V=0 Knb=[20,640,160,163840] Vnb=[66,528,132,135168] Keff_nb=[20,640,160,163840] Veff_nb=[2,2048,512,524288]
CUDA_FA_ROUTE_SUPPORTED kernel=MMA_F16 effK=q4_1 effV=f16 supported=1
CUDA_FA_ROUTE_PLAN device=0 Q=[256,1,16,1] Kraw=q4_1 Vraw=turbo4 Kshape=[256,256,4,1] Vshape=[256,256,4,1] Keff=q4_1 Veff=f16 turbo_kv=1 prefer_native_vec=0 decode=1 dk=0 dv=1 unsafe_vec_after_turbo_v_decode=1 allow_vec=0 kernel=MMA_F16 need_f16_K=1 need_f16_V=0 Knb=[20,640,160,163840] Vnb=[66,528,132,135168] Keff_nb=[20,640,160,163840] Veff_nb=[2,2048,512,524288]
CUDA_FA_ROUTE_SUPPORTED kernel=MMA_F16 effK=q4_1 effV=f16 supported=1
CUDA_FA_ROUTE_PLAN device=0 Q=[256,1,16,1] Kraw=q4_1 Vraw=turbo4 Kshape=[256,256,4,1] Vshape=[256,256,4,1] Keff=q4_1 Veff=f16 turbo_kv=1 prefer_native_vec=0 decode=1 dk=0 dv=1 unsafe_vec_after_turbo_v_decode=1 allow_vec=0 kernel=MMA_F16 need_f16_K=1 need_f16_V=0 Knb=[20,640,160,163840] Vnb=[66,528,132,135168] Keff_nb=[20,640,160,163840] Veff_nb=[2,2048,512,524288]
CUDA_FA_ROUTE_SUPPORTED kernel=MMA_F16 effK=q4_1 effV=f16 supported=1
CUDA_FA_ROUTE_PLAN device=0 Q=[256,1,16,1] Kraw=q4_1 Vraw=turbo4 Kshape=[256,256,4,1] Vshape=[256,256,4,1] Keff=q4_1 Veff=f16 turbo_kv=1 prefer_native_vec=0 decode=1 dk=0 dv=1 unsafe_vec_after_turbo_v_decode=1 allow_vec=0 kernel=MMA_F16 need_f16_K=1 need_f16_V=0 Knb=[20,640,160,163840] Vnb=[66,528,132,135168] Keff_nb=[20,640,160,163840] Veff_nb=[2,2048,512,524288]
CUDA_FA_ROUTE_ALLOC kernel=MMA_F16 need_f16_K=1 need_f16_V=0 workspace_end_offset=540672 dst_data=(nil) f16_K=0x4000 f16_V=(nil) f16_end=0x84000
CUDA_FA_ROUTE_PLAN device=0 Q=[256,1,16,1] Kraw=q4_1 Vraw=turbo4 Kshape=[256,256,4,1] Vshape=[256,256,4,1] Keff=q4_1 Veff=f16 turbo_kv=1 prefer_native_vec=0 decode=1 dk=0 dv=1 unsafe_vec_after_turbo_v_decode=1 allow_vec=0 kernel=MMA_F16 need_f16_K=1 need_f16_V=0 Knb=[20,640,160,163840] Vnb=[66,528,132,135168] Keff_nb=[20,640,160,163840] Veff_nb=[2,2048,512,524288]
CUDA_FA_ROUTE_ALLOC kernel=MMA_F16 need_f16_K=1 need_f16_V=0 workspace_end_offset=540672 dst_data=(nil) f16_K=0x4000 f16_V=(nil) f16_end=0x84000
CUDA_FA_ROUTE_PLAN device=0 Q=[256,1,16,1] Kraw=q4_1 Vraw=turbo4 Kshape=[256,256,4,1] Vshape=[256,256,4,1] Keff=q4_1 Veff=f16 turbo_kv=1 prefer_native_vec=0 decode=1 dk=0 dv=1 unsafe_vec_after_turbo_v_decode=1 allow_vec=0 kernel=MMA_F16 need_f16_K=1 need_f16_V=0 Knb=[20,640,160,163840] Vnb=[66,528,132,135168] Keff_nb=[20,640,160,163840] Veff_nb=[2,2048,512,524288]
CUDA_FA_ROUTE_ALLOC kernel=MMA_F16 need_f16_K=1 need_f16_V=0 workspace_end_offset=540672 dst_data=(nil) f16_K=0x4000 f16_V=(nil) f16_end=0x84000
CUDA_FA_ROUTE_PLAN device=0 Q=[256,1,16,1] Kraw=q4_1 Vraw=turbo4 Kshape=[256,256,4,1] Vshape=[256,256,4,1] Keff=q4_1 Veff=f16 turbo_kv=1 prefer_native_vec=0 decode=1 dk=0 dv=1 unsafe_vec_after_turbo_v_decode=1 allow_vec=0 kernel=MMA_F16 need_f16_K=1 need_f16_V=0 Knb=[20,640,160,163840] Vnb=[66,528,132,135168] Keff_nb=[20,640,160,163840] Veff_nb=[2,2048,512,524288]
CUDA_FA_ROUTE_ALLOC kernel=MMA_F16 need_f16_K=1 need_f16_V=0 workspace_end_offset=540672 dst_data=(nil) f16_K=0x4000 f16_V=(nil) f16_end=0x84000
CUDA_FA_ROUTE_PLAN device=0 Q=[256,1,16,1] Kraw=q4_1 Vraw=turbo4 Kshape=[256,256,4,1] Vshape=[256,256,4,1] Keff=q4_1 Veff=f16 turbo_kv=1 prefer_native_vec=0 decode=1 dk=0 dv=1 unsafe_vec_after_turbo_v_decode=1 allow_vec=0 kernel=MMA_F16 need_f16_K=1 need_f16_V=0 Knb=[20,640,160,163840] Vnb=[66,528,132,135168] Keff_nb=[20,640,160,163840] Veff_nb=[2,2048,512,524288]
CUDA_FA_ROUTE_ALLOC kernel=MMA_F16 need_f16_K=1 need_f16_V=0 workspace_end_offset=540672 dst_data=(nil) f16_K=0x4000 f16_V=(nil) f16_end=0x84000
CUDA_FA_ROUTE_PLAN device=0 Q=[256,1,16,1] Kraw=q4_1 Vraw=turbo4 Kshape=[256,256,4,1] Vshape=[256,256,4,1] Keff=q4_1 Veff=f16 turbo_kv=1 prefer_native_vec=0 decode=1 dk=0 dv=1 unsafe_vec_after_turbo_v_decode=1 allow_vec=0 kernel=MMA_F16 need_f16_K=1 need_f16_V=0 Knb=[20,640,160,163840] Vnb=[66,528,132,135168] Keff_nb=[20,640,160,163840] Veff_nb=[2,2048,512,524288]
CUDA_FA_ROUTE_ALLOC kernel=MMA_F16 need_f16_K=1 need_f16_V=0 workspace_end_offset=540672 dst_data=(nil) f16_K=0x4000 f16_V=(nil) f16_end=0x84000
CUDA_FA_ROUTE_PLAN device=0 Q=[256,1,16,1] Kraw=q4_1 Vraw=turbo4 Kshape=[256,256,4,1] Vshape=[256,256,4,1] Keff=q4_1 Veff=f16 turbo_kv=1 prefer_native_vec=0 decode=1 dk=0 dv=1 unsafe_vec_after_turbo_v_decode=1 allow_vec=0 kernel=MMA_F16 need_f16_K=1 need_f16_V=0 Knb=[20,640,160,163840] Vnb=[66,528,132,135168] Keff_nb=[20,640,160,163840] Veff_nb=[2,2048,512,524288]
CUDA_FA_ROUTE_ALLOC kernel=MMA_F16 need_f16_K=1 need_f16_V=0 workspace_end_offset=540672 dst_data=(nil) f16_K=0x4000 f16_V=(nil) f16_end=0x84000
CUDA_FA_ROUTE_PLAN device=0 Q=[256,1,16,1] Kraw=q4_1 Vraw=turbo4 Kshape=[256,256,4,1] Vshape=[256,256,4,1] Keff=q4_1 Veff=f16 turbo_kv=1 prefer_native_vec=0 decode=1 dk=0 dv=1 unsafe_vec_after_turbo_v_decode=1 allow_vec=0 kernel=MMA_F16 need_f16_K=1 need_f16_V=0 Knb=[20,640,160,163840] Vnb=[66,528,132,135168] Keff_nb=[20,640,160,163840] Veff_nb=[2,2048,512,524288]
CUDA_FA_ROUTE_ALLOC kernel=MMA_F16 need_f16_K=1 need_f16_V=0 workspace_end_offset=540672 dst_data=(nil) f16_K=0x4000 f16_V=(nil) f16_end=0x84000
CUDA_FA_ROUTE_PLAN device=0 Q=[256,1,16,1] Kraw=q4_1 Vraw=turbo4 Kshape=[256,256,4,1] Vshape=[256,256,4,1] Keff=q4_1 Veff=f16 turbo_kv=1 prefer_native_vec=0 decode=1 dk=0 dv=1 unsafe_vec_after_turbo_v_decode=1 allow_vec=0 kernel=MMA_F16 need_f16_K=1 need_f16_V=0 Knb=[20,640,160,163840] Vnb=[66,528,132,135168] Keff_nb=[20,640,160,163840] Veff_nb=[2,2048,512,524288]
CUDA_FA_ROUTE_ALLOC kernel=MMA_F16 need_f16_K=1 need_f16_V=0 workspace_end_offset=540672 dst_data=(nil) f16_K=0x4000 f16_V=(nil) f16_end=0x84000
CUDA_FA_ROUTE_PLAN device=0 Q=[256,1,16,1] Kraw=q4_1 Vraw=turbo4 Kshape=[256,256,4,1] Vshape=[256,256,4,1] Keff=q4_1 Veff=f16 turbo_kv=1 prefer_native_vec=0 decode=1 dk=0 dv=1 unsafe_vec_after_turbo_v_decode=1 allow_vec=0 kernel=MMA_F16 need_f16_K=1 need_f16_V=0 Knb=[20,640,160,163840] Vnb=[66,528,132,135168] Keff_nb=[20,640,160,163840] Veff_nb=[2,2048,512,524288]
CUDA_FA_ROUTE_ALLOC kernel=MMA_F16 need_f16_K=1 need_f16_V=0 workspace_end_offset=540672 dst_data=(nil) f16_K=0x4000 f16_V=(nil) f16_end=0x84000
CUDA_FA_ROUTE_PLAN device=0 Q=[256,1,16,1] Kraw=q4_1 Vraw=turbo4 Kshape=[256,256,4,1] Vshape=[256,256,4,1] Keff=q4_1 Veff=f16 turbo_kv=1 prefer_native_vec=0 decode=1 dk=0 dv=1 unsafe_vec_after_turbo_v_decode=1 allow_vec=0 kernel=MMA_F16 need_f16_K=1 need_f16_V=0 Knb=[20,640,160,163840] Vnb=[66,528,132,135168] Keff_nb=[20,640,160,163840] Veff_nb=[2,2048,512,524288]
CUDA_FA_ROUTE_ALLOC kernel=MMA_F16 need_f16_K=1 need_f16_V=0 workspace_end_offset=540672 dst_data=(nil) f16_K=0x4000 f16_V=(nil) f16_end=0x84000
CUDA_FA_ROUTE_PLAN device=0 Q=[256,1,16,1] Kraw=q4_1 Vraw=turbo4 Kshape=[256,256,4,1] Vshape=[256,256,4,1] Keff=q4_1 Veff=f16 turbo_kv=1 prefer_native_vec=0 decode=1 dk=0 dv=1 unsafe_vec_after_turbo_v_decode=1 allow_vec=0 kernel=MMA_F16 need_f16_K=1 need_f16_V=0 Knb=[20,640,160,163840] Vnb=[66,528,132,135168] Keff_nb=[20,640,160,163840] Veff_nb=[2,2048,512,524288]
CUDA_FA_ROUTE_ALLOC kernel=MMA_F16 need_f16_K=1 need_f16_V=0 workspace_end_offset=540672 dst_data=(nil) f16_K=0x4000 f16_V=(nil) f16_end=0x84000
CUDA_FA_ROUTE_PLAN device=0 Q=[256,1,16,1] Kraw=q4_1 Vraw=turbo4 Kshape=[256,256,4,1] Vshape=[256,256,4,1] Keff=q4_1 Veff=f16 turbo_kv=1 prefer_native_vec=0 decode=1 dk=0 dv=1 unsafe_vec_after_turbo_v_decode=1 allow_vec=0 kernel=MMA_F16 need_f16_K=1 need_f16_V=0 Knb=[20,640,160,163840] Vnb=[66,528,132,135168] Keff_nb=[20,640,160,163840] Veff_nb=[2,2048,512,524288]
CUDA_FA_ROUTE_ALLOC kernel=MMA_F16 need_f16_K=1 need_f16_V=0 workspace_end_offset=540672 dst_data=(nil) f16_K=0x4000 f16_V=(nil) f16_end=0x84000
CUDA_FA_ROUTE_PLAN device=0 Q=[256,1,16,1] Kraw=q4_1 Vraw=turbo4 Kshape=[256,256,4,1] Vshape=[256,256,4,1] Keff=q4_1 Veff=f16 turbo_kv=1 prefer_native_vec=0 decode=1 dk=0 dv=1 unsafe_vec_after_turbo_v_decode=1 allow_vec=0 kernel=MMA_F16 need_f16_K=1 need_f16_V=0 Knb=[20,640,160,163840] Vnb=[66,528,132,135168] Keff_nb=[20,640,160,163840] Veff_nb=[2,2048,512,524288]
CUDA_FA_ROUTE_ALLOC kernel=MMA_F16 need_f16_K=1 need_f16_V=0 workspace_end_offset=540672 dst_data=(nil) f16_K=0x4000 f16_V=(nil) f16_end=0x84000
CUDA_FA_ROUTE_PLAN device=0 Q=[256,1,16,1] Kraw=q4_1 Vraw=turbo4 Kshape=[256,256,4,1] Vshape=[256,256,4,1] Keff=q4_1 Veff=f16 turbo_kv=1 prefer_native_vec=0 decode=1 dk=0 dv=1 unsafe_vec_after_turbo_v_decode=1 allow_vec=0 kernel=MMA_F16 need_f16_K=1 need_f16_V=0 Knb=[20,640,160,163840] Vnb=[66,528,132,135168] Keff_nb=[20,640,160,163840] Veff_nb=[2,2048,512,524288]
CUDA_FA_ROUTE_ALLOC kernel=MMA_F16 need_f16_K=1 need_f16_V=0 workspace_end_offset=540672 dst_data=(nil) f16_K=0x4000 f16_V=(nil) f16_end=0x84000
CUDA_FA_ROUTE_PLAN device=0 Q=[256,1,16,1] Kraw=q4_1 Vraw=turbo4 Kshape=[256,256,4,1] Vshape=[256,256,4,1] Keff=q4_1 Veff=f16 turbo_kv=1 prefer_native_vec=0 decode=1 dk=0 dv=1 unsafe_vec_after_turbo_v_decode=1 allow_vec=0 kernel=MMA_F16 need_f16_K=1 need_f16_V=0 Knb=[20,640,160,163840] Vnb=[66,528,132,135168] Keff_nb=[20,640,160,163840] Veff_nb=[2,2048,512,524288]
CUDA_FA_ROUTE_ALLOC kernel=MMA_F16 need_f16_K=1 need_f16_V=0 workspace_end_offset=540672 dst_data=(nil) f16_K=0x4000 f16_V=(nil) f16_end=0x84000
CUDA_FA_ROUTE_PLAN device=0 Q=[256,1,16,1] Kraw=q4_1 Vraw=turbo4 Kshape=[256,256,4,1] Vshape=[256,256,4,1] Keff=q4_1 Veff=f16 turbo_kv=1 prefer_native_vec=0 decode=1 dk=0 dv=1 unsafe_vec_after_turbo_v_decode=1 allow_vec=0 kernel=MMA_F16 need_f16_K=1 need_f16_V=0 Knb=[20,640,160,163840] Vnb=[66,528,132,135168] Keff_nb=[20,640,160,163840] Veff_nb=[2,2048,512,524288]
CUDA_FA_ROUTE_ALLOC kernel=MMA_F16 need_f16_K=1 need_f16_V=0 workspace_end_offset=540672 dst_data=(nil) f16_K=0x4000 f16_V=(nil) f16_end=0x84000
CUDA_FA_ROUTE_PLAN device=0 Q=[256,1,16,1] Kraw=q4_1 Vraw=turbo4 Kshape=[256,256,4,1] Vshape=[256,256,4,1] Keff=q4_1 Veff=f16 turbo_kv=1 prefer_native_vec=0 decode=1 dk=0 dv=1 unsafe_vec_after_turbo_v_decode=1 allow_vec=0 kernel=MMA_F16 need_f16_K=1 need_f16_V=0 Knb=[20,640,160,163840] Vnb=[66,528,132,135168] Keff_nb=[20,640,160,163840] Veff_nb=[2,2048,512,524288]
CUDA_FA_ROUTE_ALLOC kernel=MMA_F16 need_f16_K=1 need_f16_V=0 workspace_end_offset=540672 dst_data=(nil) f16_K=0x4000 f16_V=(nil) f16_end=0x84000
CUDA_FA_ROUTE_PLAN device=0 Q=[256,1,16,1] Kraw=q4_1 Vraw=turbo4 Kshape=[256,256,4,1] Vshape=[256,256,4,1] Keff=q4_1 Veff=f16 turbo_kv=1 prefer_native_vec=0 decode=1 dk=0 dv=1 unsafe_vec_after_turbo_v_decode=1 allow_vec=0 kernel=MMA_F16 need_f16_K=1 need_f16_V=0 Knb=[20,640,160,163840] Vnb=[66,528,132,135168] Keff_nb=[20,640,160,163840] Veff_nb=[2,2048,512,524288]
CUDA_FA_ROUTE_ALLOC kernel=MMA_F16 need_f16_K=1 need_f16_V=0 workspace_end_offset=540672 dst_data=(nil) f16_K=0x4000 f16_V=(nil) f16_end=0x84000
CUDA_FA_ROUTE_PLAN device=0 Q=[256,1,16,1] Kraw=q4_1 Vraw=turbo4 Kshape=[256,256,4,1] Vshape=[256,256,4,1] Keff=q4_1 Veff=f16 turbo_kv=1 prefer_native_vec=0 decode=1 dk=0 dv=1 unsafe_vec_after_turbo_v_decode=1 allow_vec=0 kernel=MMA_F16 need_f16_K=1 need_f16_V=0 Knb=[20,640,160,163840] Vnb=[66,528,132,135168] Keff_nb=[20,640,160,163840] Veff_nb=[2,2048,512,524288]
CUDA_FA_ROUTE_ALLOC kernel=MMA_F16 need_f16_K=1 need_f16_V=0 workspace_end_offset=540672 dst_data=(nil) f16_K=0x4000 f16_V=(nil) f16_end=0x84000
CUDA_FA_ROUTE_PLAN device=0 Q=[256,1,16,1] Kraw=q4_1 Vraw=turbo4 Kshape=[256,256,4,1] Vshape=[256,256,4,1] Keff=q4_1 Veff=f16 turbo_kv=1 prefer_native_vec=0 decode=1 dk=0 dv=1 unsafe_vec_after_turbo_v_decode=1 allow_vec=0 kernel=MMA_F16 need_f16_K=1 need_f16_V=0 Knb=[20,640,160,163840] Vnb=[66,528,132,135168] Keff_nb=[20,640,160,163840] Veff_nb=[2,2048,512,524288]
CUDA_FA_ROUTE_ALLOC kernel=MMA_F16 need_f16_K=1 need_f16_V=0 workspace_end_offset=540672 dst_data=(nil) f16_K=0x4000 f16_V=(nil) f16_end=0x84000
CUDA_FA_ROUTE_PLAN device=0 Q=[256,1,16,1] Kraw=q4_1 Vraw=turbo4 Kshape=[256,256,4,1] Vshape=[256,256,4,1] Keff=q4_1 Veff=f16 turbo_kv=1 prefer_native_vec=0 decode=1 dk=0 dv=1 unsafe_vec_after_turbo_v_decode=1 allow_vec=0 kernel=MMA_F16 need_f16_K=1 need_f16_V=0 Knb=[20,640,160,163840] Vnb=[66,528,132,135168] Keff_nb=[20,640,160,163840] Veff_nb=[2,2048,512,524288]
CUDA_FA_ROUTE_ALLOC kernel=MMA_F16 need_f16_K=1 need_f16_V=0 workspace_end_offset=540672 dst_data=(nil) f16_K=0x4000 f16_V=(nil) f16_end=0x84000
CUDA_FA_ROUTE_PLAN device=0 Q=[256,1,16,1] Kraw=q4_1 Vraw=turbo4 Kshape=[256,256,4,1] Vshape=[256,256,4,1] Keff=q4_1 Veff=f16 turbo_kv=1 prefer_native_vec=0 decode=1 dk=0 dv=1 unsafe_vec_after_turbo_v_decode=1 allow_vec=0 kernel=MMA_F16 need_f16_K=1 need_f16_V=0 Knb=[20,640,160,163840] Vnb=[66,528,132,135168] Keff_nb=[20,640,160,163840] Veff_nb=[2,2048,512,524288]
CUDA_FA_ROUTE_ALLOC kernel=MMA_F16 need_f16_K=1 need_f16_V=0 workspace_end_offset=540672 dst_data=(nil) f16_K=0x4000 f16_V=(nil) f16_end=0x84000
CUDA_FA_ROUTE_PLAN device=0 Q=[256,1,16,1] Kraw=q4_1 Vraw=turbo4 Kshape=[256,256,4,1] Vshape=[256,256,4,1] Keff=q4_1 Veff=f16 turbo_kv=1 prefer_native_vec=0 decode=1 dk=0 dv=1 unsafe_vec_after_turbo_v_decode=1 allow_vec=0 kernel=MMA_F16 need_f16_K=1 need_f16_V=0 Knb=[20,640,160,163840] Vnb=[66,528,132,135168] Keff_nb=[20,640,160,163840] Veff_nb=[2,2048,512,524288]
CUDA_FA_ROUTE_ALLOC kernel=MMA_F16 need_f16_K=1 need_f16_V=0 workspace_end_offset=540672 dst_data=(nil) f16_K=0x4000 f16_V=(nil) f16_end=0x84000
CUDA_FA_ROUTE_PLAN device=0 Q=[256,1,16,1] Kraw=q4_1 Vraw=turbo4 Kshape=[256,256,4,1] Vshape=[256,256,4,1] Keff=q4_1 Veff=f16 turbo_kv=1 prefer_native_vec=0 decode=1 dk=0 dv=1 unsafe_vec_after_turbo_v_decode=1 allow_vec=0 kernel=MMA_F16 need_f16_K=1 need_f16_V=0 Knb=[20,640,160,163840] Vnb=[66,528,132,135168] Keff_nb=[20,640,160,163840] Veff_nb=[2,2048,512,524288]
CUDA_FA_ROUTE_ALLOC kernel=MMA_F16 need_f16_K=1 need_f16_V=0 workspace_end_offset=540672 dst_data=(nil) f16_K=0x4000 f16_V=(nil) f16_end=0x84000
CUDA_FA_ROUTE_PLAN device=0 Q=[256,1,16,1] Kraw=q4_1 Vraw=turbo4 Kshape=[256,256,4,1] Vshape=[256,256,4,1] Keff=q4_1 Veff=f16 turbo_kv=1 prefer_native_vec=0 decode=1 dk=0 dv=1 unsafe_vec_after_turbo_v_decode=1 allow_vec=0 kernel=MMA_F16 need_f16_K=1 need_f16_V=0 Knb=[20,640,160,163840] Vnb=[66,528,132,135168] Keff_nb=[20,640,160,163840] Veff_nb=[2,2048,512,524288]
CUDA_FA_ROUTE_ALLOC kernel=MMA_F16 need_f16_K=1 need_f16_V=0 workspace_end_offset=540672 dst_data=(nil) f16_K=0x4000 f16_V=(nil) f16_end=0x84000
CUDA_FA_ROUTE_PLAN device=0 Q=[256,1,16,1] Kraw=q4_1 Vraw=turbo4 Kshape=[256,256,4,1] Vshape=[256,256,4,1] Keff=q4_1 Veff=f16 turbo_kv=1 prefer_native_vec=0 decode=1 dk=0 dv=1 unsafe_vec_after_turbo_v_decode=1 allow_vec=0 kernel=MMA_F16 need_f16_K=1 need_f16_V=0 Knb=[20,640,160,163840] Vnb=[66,528,132,135168] Keff_nb=[20,640,160,163840] Veff_nb=[2,2048,512,524288]
CUDA_FA_ROUTE_ALLOC kernel=MMA_F16 need_f16_K=1 need_f16_V=0 workspace_end_offset=540672 dst_data=(nil) f16_K=0x4000 f16_V=(nil) f16_end=0x84000
CUDA_FA_ROUTE_PLAN device=0 Q=[256,1,16,1] Kraw=q4_1 Vraw=turbo4 Kshape=[256,256,4,1] Vshape=[256,256,4,1] Keff=q4_1 Veff=f16 turbo_kv=1 prefer_native_vec=0 decode=1 dk=0 dv=1 unsafe_vec_after_turbo_v_decode=1 allow_vec=0 kernel=MMA_F16 need_f16_K=1 need_f16_V=0 Knb=[20,640,160,163840] Vnb=[66,528,132,135168] Keff_nb=[20,640,160,163840] Veff_nb=[2,2048,512,524288]
CUDA_FA_ROUTE_ALLOC kernel=MMA_F16 need_f16_K=1 need_f16_V=0 workspace_end_offset=540672 dst_data=(nil) f16_K=0x4000 f16_V=(nil) f16_end=0x84000
CUDA_FA_ROUTE_PLAN device=0 Q=[256,1,16,1] Kraw=q4_1 Vraw=turbo4 Kshape=[256,256,4,1] Vshape=[256,256,4,1] Keff=q4_1 Veff=f16 turbo_kv=1 prefer_native_vec=0 decode=1 dk=0 dv=1 unsafe_vec_after_turbo_v_decode=1 allow_vec=0 kernel=MMA_F16 need_f16_K=1 need_f16_V=0 Knb=[20,640,160,163840] Vnb=[66,528,132,135168] Keff_nb=[20,640,160,163840] Veff_nb=[2,2048,512,524288]
CUDA_FA_ROUTE_ALLOC kernel=MMA_F16 need_f16_K=1 need_f16_V=0 workspace_end_offset=540672 dst_data=(nil) f16_K=0x4000 f16_V=(nil) f16_end=0x84000
CUDA_FA_ROUTE_PLAN device=0 Q=[256,1,16,1] Kraw=q4_1 Vraw=turbo4 Kshape=[256,256,4,1] Vshape=[256,256,4,1] Keff=q4_1 Veff=f16 turbo_kv=1 prefer_native_vec=0 decode=1 dk=0 dv=1 unsafe_vec_after_turbo_v_decode=1 allow_vec=0 kernel=MMA_F16 need_f16_K=1 need_f16_V=0 Knb=[20,640,160,163840] Vnb=[66,528,132,135168] Keff_nb=[20,640,160,163840] Veff_nb=[2,2048,512,524288]
CUDA_FA_ROUTE_ALLOC kernel=MMA_F16 need_f16_K=1 need_f16_V=0 workspace_end_offset=540672 dst_data=(nil) f16_K=0x4000 f16_V=(nil) f16_end=0x84000
CUDA_FA_ROUTE_PLAN device=0 Q=[256,1,16,1] Kraw=q4_1 Vraw=turbo4 Kshape=[256,256,4,1] Vshape=[256,256,4,1] Keff=q4_1 Veff=f16 turbo_kv=1 prefer_native_vec=0 decode=1 dk=0 dv=1 unsafe_vec_after_turbo_v_decode=1 allow_vec=0 kernel=MMA_F16 need_f16_K=1 need_f16_V=0 Knb=[20,640,160,163840] Vnb=[66,528,132,135168] Keff_nb=[20,640,160,163840] Veff_nb=[2,2048,512,524288]
CUDA_FA_ROUTE_ALLOC kernel=MMA_F16 need_f16_K=1 need_f16_V=0 workspace_end_offset=540672 dst_data=(nil) f16_K=0x4000 f16_V=(nil) f16_end=0x84000
CUDA_FA_ROUTE_PLAN device=0 Q=[256,1,16,1] Kraw=q4_1 Vraw=turbo4 Kshape=[256,256,4,1] Vshape=[256,256,4,1] Keff=q4_1 Veff=f16 turbo_kv=1 prefer_native_vec=0 decode=1 dk=0 dv=1 unsafe_vec_after_turbo_v_decode=1 allow_vec=0 kernel=MMA_F16 need_f16_K=1 need_f16_V=0 Knb=[20,640,160,163840] Vnb=[66,528,132,135168] Keff_nb=[20,640,160,163840] Veff_nb=[2,2048,512,524288]
CUDA_FA_ROUTE_ALLOC kernel=MMA_F16 need_f16_K=1 need_f16_V=0 workspace_end_offset=540672 dst_data=(nil) f16_K=0x4000 f16_V=(nil) f16_end=0x84000
CUDA_FA_ROUTE_PLAN device=0 Q=[256,256,16,1] Kraw=q4_1 Vraw=turbo4 Kshape=[256,256,4,1] Vshape=[256,256,4,1] Keff=q4_1 Veff=f16 turbo_kv=1 prefer_native_vec=0 decode=1 dk=0 dv=1 unsafe_vec_after_turbo_v_decode=1 allow_vec=0 kernel=MMA_F16 need_f16_K=1 need_f16_V=0 Knb=[20,640,160,163840] Vnb=[66,528,132,135168] Keff_nb=[20,640,160,163840] Veff_nb=[2,2048,512,524288]
CUDA_FA_ROUTE_SUPPORTED kernel=MMA_F16 effK=q4_1 effV=f16 supported=1
CUDA_FA_ROUTE_PLAN device=0 Q=[256,256,16,1] Kraw=q4_1 Vraw=turbo4 Kshape=[256,256,4,1] Vshape=[256,256,4,1] Keff=q4_1 Veff=f16 turbo_kv=1 prefer_native_vec=0 decode=1 dk=0 dv=1 unsafe_vec_after_turbo_v_decode=1 allow_vec=0 kernel=MMA_F16 need_f16_K=1 need_f16_V=0 Knb=[20,640,160,163840] Vnb=[66,528,132,135168] Keff_nb=[20,640,160,163840] Veff_nb=[2,2048,512,524288]
CUDA_FA_ROUTE_SUPPORTED kernel=MMA_F16 effK=q4_1 effV=f16 supported=1
CUDA_FA_ROUTE_PLAN device=0 Q=[256,256,16,1] Kraw=q4_1 Vraw=turbo4 Kshape=[256,256,4,1] Vshape=[256,256,4,1] Keff=q4_1 Veff=f16 turbo_kv=1 prefer_native_vec=0 decode=1 dk=0 dv=1 unsafe_vec_after_turbo_v_decode=1 allow_vec=0 kernel=MMA_F16 need_f16_K=1 need_f16_V=0 Knb=[20,640,160,163840] Vnb=[66,528,132,135168] Keff_nb=[20,640,160,163840] Veff_nb=[2,2048,512,524288]
CUDA_FA_ROUTE_SUPPORTED kernel=MMA_F16 effK=q4_1 effV=f16 supported=1
CUDA_FA_ROUTE_PLAN device=0 Q=[256,256,16,1] Kraw=q4_1 Vraw=turbo4 Kshape=[256,256,4,1] Vshape=[256,256,4,1] Keff=q4_1 Veff=f16 turbo_kv=1 prefer_native_vec=0 decode=1 dk=0 dv=1 unsafe_vec_after_turbo_v_decode=1 allow_vec=0 kernel=MMA_F16 need_f16_K=1 need_f16_V=0 Knb=[20,640,160,163840] Vnb=[66,528,132,135168] Keff_nb=[20,640,160,163840] Veff_nb=[2,2048,512,524288]
CUDA_FA_ROUTE_SUPPORTED kernel=MMA_F16 effK=q4_1 effV=f16 supported=1
CUDA_FA_ROUTE_PLAN device=0 Q=[256,256,16,1] Kraw=q4_1 Vraw=turbo4 Kshape=[256,256,4,1] Vshape=[256,256,4,1] Keff=q4_1 Veff=f16 turbo_kv=1 prefer_native_vec=0 decode=1 dk=0 dv=1 unsafe_vec_after_turbo_v_decode=1 allow_vec=0 kernel=MMA_F16 need_f16_K=1 need_f16_V=0 Knb=[20,640,160,163840] Vnb=[66,528,132,135168] Keff_nb=[20,640,160,163840] Veff_nb=[2,2048,512,524288]
CUDA_FA_ROUTE_SUPPORTED kernel=MMA_F16 effK=q4_1 effV=f16 supported=1
CUDA_FA_ROUTE_PLAN device=0 Q=[256,256,16,1] Kraw=q4_1 Vraw=turbo4 Kshape=[256,256,4,1] Vshape=[256,256,4,1] Keff=q4_1 Veff=f16 turbo_kv=1 prefer_native_vec=0 decode=1 dk=0 dv=1 unsafe_vec_after_turbo_v_decode=1 allow_vec=0 kernel=MMA_F16 need_f16_K=1 need_f16_V=0 Knb=[20,640,160,163840] Vnb=[66,528,132,135168] Keff_nb=[20,640,160,163840] Veff_nb=[2,2048,512,524288]
CUDA_FA_ROUTE_SUPPORTED kernel=MMA_F16 effK=q4_1 effV=f16 supported=1
CUDA_FA_ROUTE_PLAN device=0 Q=[256,256,16,1] Kraw=q4_1 Vraw=turbo4 Kshape=[256,256,4,1] Vshape=[256,256,4,1] Keff=q4_1 Veff=f16 turbo_kv=1 prefer_native_vec=0 decode=1 dk=0 dv=1 unsafe_vec_after_turbo_v_decode=1 allow_vec=0 kernel=MMA_F16 need_f16_K=1 need_f16_V=0 Knb=[20,640,160,163840] Vnb=[66,528,132,135168] Keff_nb=[20,640,160,163840] Veff_nb=[2,2048,512,524288]
CUDA_FA_ROUTE_SUPPORTED kernel=MMA_F16 effK=q4_1 effV=f16 supported=1
CUDA_FA_ROUTE_PLAN device=0 Q=[256,256,16,1] Kraw=q4_1 Vraw=turbo4 Kshape=[256,256,4,1] Vshape=[256,256,4,1] Keff=q4_1 Veff=f16 turbo_kv=1 prefer_native_vec=0 decode=1 dk=0 dv=1 unsafe_vec_after_turbo_v_decode=1 allow_vec=0 kernel=MMA_F16 need_f16_K=1 need_f16_V=0 Knb=[20,640,160,163840] Vnb=[66,528,132,135168] Keff_nb=[20,640,160,163840] Veff_nb=[2,2048,512,524288]
CUDA_FA_ROUTE_SUPPORTED kernel=MMA_F16 effK=q4_1 effV=f16 supported=1
CUDA_FA_ROUTE_PLAN device=0 Q=[256,256,16,1] Kraw=q4_1 Vraw=turbo4 Kshape=[256,256,4,1] Vshape=[256,256,4,1] Keff=q4_1 Veff=f16 turbo_kv=1 prefer_native_vec=0 decode=1 dk=0 dv=1 unsafe_vec_after_turbo_v_decode=1 allow_vec=0 kernel=MMA_F16 need_f16_K=1 need_f16_V=0 Knb=[20,640,160,163840] Vnb=[66,528,132,135168] Keff_nb=[20,640,160,163840] Veff_nb=[2,2048,512,524288]
CUDA_FA_ROUTE_ALLOC kernel=MMA_F16 need_f16_K=1 need_f16_V=0 workspace_end_offset=4718592 dst_data=(nil) f16_K=0x400000 f16_V=(nil) f16_end=0x480000
CUDA_FA_ROUTE_PLAN device=0 Q=[256,256,16,1] Kraw=q4_1 Vraw=turbo4 Kshape=[256,256,4,1] Vshape=[256,256,4,1] Keff=q4_1 Veff=f16 turbo_kv=1 prefer_native_vec=0 decode=1 dk=0 dv=1 unsafe_vec_after_turbo_v_decode=1 allow_vec=0 kernel=MMA_F16 need_f16_K=1 need_f16_V=0 Knb=[20,640,160,163840] Vnb=[66,528,132,135168] Keff_nb=[20,640,160,163840] Veff_nb=[2,2048,512,524288]
CUDA_FA_ROUTE_ALLOC kernel=MMA_F16 need_f16_K=1 need_f16_V=0 workspace_end_offset=4718592 dst_data=(nil) f16_K=0x400000 f16_V=(nil) f16_end=0x480000
CUDA_FA_ROUTE_PLAN device=0 Q=[256,256,16,1] Kraw=q4_1 Vraw=turbo4 Kshape=[256,256,4,1] Vshape=[256,256,4,1] Keff=q4_1 Veff=f16 turbo_kv=1 prefer_native_vec=0 decode=1 dk=0 dv=1 unsafe_vec_after_turbo_v_decode=1 allow_vec=0 kernel=MMA_F16 need_f16_K=1 need_f16_V=0 Knb=[20,640,160,163840] Vnb=[66,528,132,135168] Keff_nb=[20,640,160,163840] Veff_nb=[2,2048,512,524288]
CUDA_FA_ROUTE_ALLOC kernel=MMA_F16 need_f16_K=1 need_f16_V=0 workspace_end_offset=4718592 dst_data=(nil) f16_K=0x400000 f16_V=(nil) f16_end=0x480000
CUDA_FA_ROUTE_PLAN device=0 Q=[256,256,16,1] Kraw=q4_1 Vraw=turbo4 Kshape=[256,256,4,1] Vshape=[256,256,4,1] Keff=q4_1 Veff=f16 turbo_kv=1 prefer_native_vec=0 decode=1 dk=0 dv=1 unsafe_vec_after_turbo_v_decode=1 allow_vec=0 kernel=MMA_F16 need_f16_K=1 need_f16_V=0 Knb=[20,640,160,163840] Vnb=[66,528,132,135168] Keff_nb=[20,640,160,163840] Veff_nb=[2,2048,512,524288]
CUDA_FA_ROUTE_ALLOC kernel=MMA_F16 need_f16_K=1 need_f16_V=0 workspace_end_offset=4718592 dst_data=(nil) f16_K=0x400000 f16_V=(nil) f16_end=0x480000
CUDA_FA_ROUTE_PLAN device=0 Q=[256,256,16,1] Kraw=q4_1 Vraw=turbo4 Kshape=[256,256,4,1] Vshape=[256,256,4,1] Keff=q4_1 Veff=f16 turbo_kv=1 prefer_native_vec=0 decode=1 dk=0 dv=1 unsafe_vec_after_turbo_v_decode=1 allow_vec=0 kernel=MMA_F16 need_f16_K=1 need_f16_V=0 Knb=[20,640,160,163840] Vnb=[66,528,132,135168] Keff_nb=[20,640,160,163840] Veff_nb=[2,2048,512,524288]
CUDA_FA_ROUTE_ALLOC kernel=MMA_F16 need_f16_K=1 need_f16_V=0 workspace_end_offset=4718592 dst_data=(nil) f16_K=0x400000 f16_V=(nil) f16_end=0x480000
CUDA_FA_ROUTE_PLAN device=0 Q=[256,256,16,1] Kraw=q4_1 Vraw=turbo4 Kshape=[256,256,4,1] Vshape=[256,256,4,1] Keff=q4_1 Veff=f16 turbo_kv=1 prefer_native_vec=0 decode=1 dk=0 dv=1 unsafe_vec_after_turbo_v_decode=1 allow_vec=0 kernel=MMA_F16 need_f16_K=1 need_f16_V=0 Knb=[20,640,160,163840] Vnb=[66,528,132,135168] Keff_nb=[20,640,160,163840] Veff_nb=[2,2048,512,524288]
CUDA_FA_ROUTE_ALLOC kernel=MMA_F16 need_f16_K=1 need_f16_V=0 workspace_end_offset=4718592 dst_data=(nil) f16_K=0x400000 f16_V=(nil) f16_end=0x480000
CUDA_FA_ROUTE_PLAN device=0 Q=[256,256,16,1] Kraw=q4_1 Vraw=turbo4 Kshape=[256,256,4,1] Vshape=[256,256,4,1] Keff=q4_1 Veff=f16 turbo_kv=1 prefer_native_vec=0 decode=1 dk=0 dv=1 unsafe_vec_after_turbo_v_decode=1 allow_vec=0 kernel=MMA_F16 need_f16_K=1 need_f16_V=0 Knb=[20,640,160,163840] Vnb=[66,528,132,135168] Keff_nb=[20,640,160,163840] Veff_nb=[2,2048,512,524288]
CUDA_FA_ROUTE_ALLOC kernel=MMA_F16 need_f16_K=1 need_f16_V=0 workspace_end_offset=4718592 dst_data=(nil) f16_K=0x400000 f16_V=(nil) f16_end=0x480000
CUDA_FA_ROUTE_PLAN device=0 Q=[256,256,16,1] Kraw=q4_1 Vraw=turbo4 Kshape=[256,256,4,1] Vshape=[256,256,4,1] Keff=q4_1 Veff=f16 turbo_kv=1 prefer_native_vec=0 decode=1 dk=0 dv=1 unsafe_vec_after_turbo_v_decode=1 allow_vec=0 kernel=MMA_F16 need_f16_K=1 need_f16_V=0 Knb=[20,640,160,163840] Vnb=[66,528,132,135168] Keff_nb=[20,640,160,163840] Veff_nb=[2,2048,512,524288]
CUDA_FA_ROUTE_ALLOC kernel=MMA_F16 need_f16_K=1 need_f16_V=0 workspace_end_offset=4718592 dst_data=(nil) f16_K=0x400000 f16_V=(nil) f16_end=0x480000
CUDA_FA_ROUTE_PLAN device=0 Q=[256,256,16,1] Kraw=q4_1 Vraw=turbo4 Kshape=[256,256,4,1] Vshape=[256,256,4,1] Keff=q4_1 Veff=f16 turbo_kv=1 prefer_native_vec=0 decode=1 dk=0 dv=1 unsafe_vec_after_turbo_v_decode=1 allow_vec=0 kernel=MMA_F16 need_f16_K=1 need_f16_V=0 Knb=[20,640,160,163840] Vnb=[66,528,132,135168] Keff_nb=[20,640,160,163840] Veff_nb=[2,2048,512,524288]
CUDA_FA_ROUTE_ALLOC kernel=MMA_F16 need_f16_K=1 need_f16_V=0 workspace_end_offset=4718592 dst_data=(nil) f16_K=0x400000 f16_V=(nil) f16_end=0x480000
CUDA_FA_ROUTE_PLAN device=0 Q=[256,256,16,1] Kraw=q4_1 Vraw=turbo4 Kshape=[256,256,4,1] Vshape=[256,256,4,1] Keff=q4_1 Veff=f16 turbo_kv=1 prefer_native_vec=0 decode=1 dk=0 dv=1 unsafe_vec_after_turbo_v_decode=1 allow_vec=0 kernel=MMA_F16 need_f16_K=1 need_f16_V=0 Knb=[20,640,160,163840] Vnb=[66,528,132,135168] Keff_nb=[20,640,160,163840] Veff_nb=[2,2048,512,524288]
CUDA_FA_ROUTE_ALLOC kernel=MMA_F16 need_f16_K=1 need_f16_V=0 workspace_end_offset=4718592 dst_data=(nil) f16_K=0x400000 f16_V=(nil) f16_end=0x480000
CUDA_FA_ROUTE_PLAN device=0 Q=[256,256,16,1] Kraw=q4_1 Vraw=turbo4 Kshape=[256,256,4,1] Vshape=[256,256,4,1] Keff=q4_1 Veff=f16 turbo_kv=1 prefer_native_vec=0 decode=1 dk=0 dv=1 unsafe_vec_after_turbo_v_decode=1 allow_vec=0 kernel=MMA_F16 need_f16_K=1 need_f16_V=0 Knb=[20,640,160,163840] Vnb=[66,528,132,135168] Keff_nb=[20,640,160,163840] Veff_nb=[2,2048,512,524288]
CUDA_FA_ROUTE_ALLOC kernel=MMA_F16 need_f16_K=1 need_f16_V=0 workspace_end_offset=4718592 dst_data=(nil) f16_K=0x400000 f16_V=(nil) f16_end=0x480000
CUDA_FA_ROUTE_PLAN device=0 Q=[256,256,16,1] Kraw=q4_1 Vraw=turbo4 Kshape=[256,256,4,1] Vshape=[256,256,4,1] Keff=q4_1 Veff=f16 turbo_kv=1 prefer_native_vec=0 decode=1 dk=0 dv=1 unsafe_vec_after_turbo_v_decode=1 allow_vec=0 kernel=MMA_F16 need_f16_K=1 need_f16_V=0 Knb=[20,640,160,163840] Vnb=[66,528,132,135168] Keff_nb=[20,640,160,163840] Veff_nb=[2,2048,512,524288]
CUDA_FA_ROUTE_ALLOC kernel=MMA_F16 need_f16_K=1 need_f16_V=0 workspace_end_offset=4718592 dst_data=(nil) f16_K=0x400000 f16_V=(nil) f16_end=0x480000
CUDA_FA_ROUTE_PLAN device=0 Q=[256,256,16,1] Kraw=q4_1 Vraw=turbo4 Kshape=[256,256,4,1] Vshape=[256,256,4,1] Keff=q4_1 Veff=f16 turbo_kv=1 prefer_native_vec=0 decode=1 dk=0 dv=1 unsafe_vec_after_turbo_v_decode=1 allow_vec=0 kernel=MMA_F16 need_f16_K=1 need_f16_V=0 Knb=[20,640,160,163840] Vnb=[66,528,132,135168] Keff_nb=[20,640,160,163840] Veff_nb=[2,2048,512,524288]
CUDA_FA_ROUTE_ALLOC kernel=MMA_F16 need_f16_K=1 need_f16_V=0 workspace_end_offset=4718592 dst_data=(nil) f16_K=0x400000 f16_V=(nil) f16_end=0x480000
CUDA_FA_ROUTE_PLAN device=0 Q=[256,256,16,1] Kraw=q4_1 Vraw=turbo4 Kshape=[256,256,4,1] Vshape=[256,256,4,1] Keff=q4_1 Veff=f16 turbo_kv=1 prefer_native_vec=0 decode=1 dk=0 dv=1 unsafe_vec_after_turbo_v_decode=1 allow_vec=0 kernel=MMA_F16 need_f16_K=1 need_f16_V=0 Knb=[20,640,160,163840] Vnb=[66,528,132,135168] Keff_nb=[20,640,160,163840] Veff_nb=[2,2048,512,524288]
CUDA_FA_ROUTE_ALLOC kernel=MMA_F16 need_f16_K=1 need_f16_V=0 workspace_end_offset=4718592 dst_data=(nil) f16_K=0x400000 f16_V=(nil) f16_end=0x480000
CUDA_FA_ROUTE_PLAN device=0 Q=[256,256,16,1] Kraw=q4_1 Vraw=turbo4 Kshape=[256,256,4,1] Vshape=[256,256,4,1] Keff=q4_1 Veff=f16 turbo_kv=1 prefer_native_vec=0 decode=1 dk=0 dv=1 unsafe_vec_after_turbo_v_decode=1 allow_vec=0 kernel=MMA_F16 need_f16_K=1 need_f16_V=0 Knb=[20,640,160,163840] Vnb=[66,528,132,135168] Keff_nb=[20,640,160,163840] Veff_nb=[2,2048,512,524288]
CUDA_FA_ROUTE_ALLOC kernel=MMA_F16 need_f16_K=1 need_f16_V=0 workspace_end_offset=4718592 dst_data=(nil) f16_K=0x400000 f16_V=(nil) f16_end=0x480000
CUDA_FA_ROUTE_PLAN device=0 Q=[256,256,16,1] Kraw=q4_1 Vraw=turbo4 Kshape=[256,256,4,1] Vshape=[256,256,4,1] Keff=q4_1 Veff=f16 turbo_kv=1 prefer_native_vec=0 decode=1 dk=0 dv=1 unsafe_vec_after_turbo_v_decode=1 allow_vec=0 kernel=MMA_F16 need_f16_K=1 need_f16_V=0 Knb=[20,640,160,163840] Vnb=[66,528,132,135168] Keff_nb=[20,640,160,163840] Veff_nb=[2,2048,512,524288]
CUDA_FA_ROUTE_ALLOC kernel=MMA_F16 need_f16_K=1 need_f16_V=0 workspace_end_offset=4718592 dst_data=(nil) f16_K=0x400000 f16_V=(nil) f16_end=0x480000
CUDA_FA_ROUTE_PLAN device=0 Q=[256,256,16,1] Kraw=q4_1 Vraw=turbo4 Kshape=[256,256,4,1] Vshape=[256,256,4,1] Keff=q4_1 Veff=f16 turbo_kv=1 prefer_native_vec=0 decode=1 dk=0 dv=1 unsafe_vec_after_turbo_v_decode=1 allow_vec=0 kernel=MMA_F16 need_f16_K=1 need_f16_V=0 Knb=[20,640,160,163840] Vnb=[66,528,132,135168] Keff_nb=[20,640,160,163840] Veff_nb=[2,2048,512,524288]
CUDA_FA_ROUTE_ALLOC kernel=MMA_F16 need_f16_K=1 need_f16_V=0 workspace_end_offset=4718592 dst_data=(nil) f16_K=0x400000 f16_V=(nil) f16_end=0x480000
CUDA_FA_ROUTE_PLAN device=0 Q=[256,256,16,1] Kraw=q4_1 Vraw=turbo4 Kshape=[256,256,4,1] Vshape=[256,256,4,1] Keff=q4_1 Veff=f16 turbo_kv=1 prefer_native_vec=0 decode=1 dk=0 dv=1 unsafe_vec_after_turbo_v_decode=1 allow_vec=0 kernel=MMA_F16 need_f16_K=1 need_f16_V=0 Knb=[20,640,160,163840] Vnb=[66,528,132,135168] Keff_nb=[20,640,160,163840] Veff_nb=[2,2048,512,524288]
CUDA_FA_ROUTE_ALLOC kernel=MMA_F16 need_f16_K=1 need_f16_V=0 workspace_end_offset=4718592 dst_data=(nil) f16_K=0x400000 f16_V=(nil) f16_end=0x480000
CUDA_FA_ROUTE_PLAN device=0 Q=[256,256,16,1] Kraw=q4_1 Vraw=turbo4 Kshape=[256,256,4,1] Vshape=[256,256,4,1] Keff=q4_1 Veff=f16 turbo_kv=1 prefer_native_vec=0 decode=1 dk=0 dv=1 unsafe_vec_after_turbo_v_decode=1 allow_vec=0 kernel=MMA_F16 need_f16_K=1 need_f16_V=0 Knb=[20,640,160,163840] Vnb=[66,528,132,135168] Keff_nb=[20,640,160,163840] Veff_nb=[2,2048,512,524288]
CUDA_FA_ROUTE_ALLOC kernel=MMA_F16 need_f16_K=1 need_f16_V=0 workspace_end_offset=4718592 dst_data=(nil) f16_K=0x400000 f16_V=(nil) f16_end=0x480000
CUDA_FA_ROUTE_PLAN device=0 Q=[256,256,16,1] Kraw=q4_1 Vraw=turbo4 Kshape=[256,256,4,1] Vshape=[256,256,4,1] Keff=q4_1 Veff=f16 turbo_kv=1 prefer_native_vec=0 decode=1 dk=0 dv=1 unsafe_vec_after_turbo_v_decode=1 allow_vec=0 kernel=MMA_F16 need_f16_K=1 need_f16_V=0 Knb=[20,640,160,163840] Vnb=[66,528,132,135168] Keff_nb=[20,640,160,163840] Veff_nb=[2,2048,512,524288]
CUDA_FA_ROUTE_ALLOC kernel=MMA_F16 need_f16_K=1 need_f16_V=0 workspace_end_offset=4718592 dst_data=(nil) f16_K=0x400000 f16_V=(nil) f16_end=0x480000
CUDA_FA_ROUTE_PLAN device=0 Q=[256,256,16,1] Kraw=q4_1 Vraw=turbo4 Kshape=[256,256,4,1] Vshape=[256,256,4,1] Keff=q4_1 Veff=f16 turbo_kv=1 prefer_native_vec=0 decode=1 dk=0 dv=1 unsafe_vec_after_turbo_v_decode=1 allow_vec=0 kernel=MMA_F16 need_f16_K=1 need_f16_V=0 Knb=[20,640,160,163840] Vnb=[66,528,132,135168] Keff_nb=[20,640,160,163840] Veff_nb=[2,2048,512,524288]
CUDA_FA_ROUTE_ALLOC kernel=MMA_F16 need_f16_K=1 need_f16_V=0 workspace_end_offset=4718592 dst_data=(nil) f16_K=0x400000 f16_V=(nil) f16_end=0x480000
CUDA_FA_ROUTE_PLAN device=0 Q=[256,256,16,1] Kraw=q4_1 Vraw=turbo4 Kshape=[256,256,4,1] Vshape=[256,256,4,1] Keff=q4_1 Veff=f16 turbo_kv=1 prefer_native_vec=0 decode=1 dk=0 dv=1 unsafe_vec_after_turbo_v_decode=1 allow_vec=0 kernel=MMA_F16 need_f16_K=1 need_f16_V=0 Knb=[20,640,160,163840] Vnb=[66,528,132,135168] Keff_nb=[20,640,160,163840] Veff_nb=[2,2048,512,524288]
CUDA_FA_ROUTE_ALLOC kernel=MMA_F16 need_f16_K=1 need_f16_V=0 workspace_end_offset=4718592 dst_data=(nil) f16_K=0x400000 f16_V=(nil) f16_end=0x480000
CUDA_FA_ROUTE_PLAN device=0 Q=[256,256,16,1] Kraw=q4_1 Vraw=turbo4 Kshape=[256,256,4,1] Vshape=[256,256,4,1] Keff=q4_1 Veff=f16 turbo_kv=1 prefer_native_vec=0 decode=1 dk=0 dv=1 unsafe_vec_after_turbo_v_decode=1 allow_vec=0 kernel=MMA_F16 need_f16_K=1 need_f16_V=0 Knb=[20,640,160,163840] Vnb=[66,528,132,135168] Keff_nb=[20,640,160,163840] Veff_nb=[2,2048,512,524288]
CUDA_FA_ROUTE_ALLOC kernel=MMA_F16 need_f16_K=1 need_f16_V=0 workspace_end_offset=4718592 dst_data=(nil) f16_K=0x400000 f16_V=(nil) f16_end=0x480000
CUDA_FA_ROUTE_PLAN device=0 Q=[256,256,16,1] Kraw=q4_1 Vraw=turbo4 Kshape=[256,256,4,1] Vshape=[256,256,4,1] Keff=q4_1 Veff=f16 turbo_kv=1 prefer_native_vec=0 decode=1 dk=0 dv=1 unsafe_vec_after_turbo_v_decode=1 allow_vec=0 kernel=MMA_F16 need_f16_K=1 need_f16_V=0 Knb=[20,640,160,163840] Vnb=[66,528,132,135168] Keff_nb=[20,640,160,163840] Veff_nb=[2,2048,512,524288]
CUDA_FA_ROUTE_ALLOC kernel=MMA_F16 need_f16_K=1 need_f16_V=0 workspace_end_offset=4718592 dst_data=(nil) f16_K=0x400000 f16_V=(nil) f16_end=0x480000
CUDA_FA_ROUTE_PLAN device=0 Q=[256,256,16,1] Kraw=q4_1 Vraw=turbo4 Kshape=[256,256,4,1] Vshape=[256,256,4,1] Keff=q4_1 Veff=f16 turbo_kv=1 prefer_native_vec=0 decode=1 dk=0 dv=1 unsafe_vec_after_turbo_v_decode=1 allow_vec=0 kernel=MMA_F16 need_f16_K=1 need_f16_V=0 Knb=[20,640,160,163840] Vnb=[66,528,132,135168] Keff_nb=[20,640,160,163840] Veff_nb=[2,2048,512,524288]
CUDA_FA_ROUTE_ALLOC kernel=MMA_F16 need_f16_K=1 need_f16_V=0 workspace_end_offset=4718592 dst_data=(nil) f16_K=0x400000 f16_V=(nil) f16_end=0x480000
CUDA_FA_ROUTE_PLAN device=0 Q=[256,256,16,1] Kraw=q4_1 Vraw=turbo4 Kshape=[256,256,4,1] Vshape=[256,256,4,1] Keff=q4_1 Veff=f16 turbo_kv=1 prefer_native_vec=0 decode=1 dk=0 dv=1 unsafe_vec_after_turbo_v_decode=1 allow_vec=0 kernel=MMA_F16 need_f16_K=1 need_f16_V=0 Knb=[20,640,160,163840] Vnb=[66,528,132,135168] Keff_nb=[20,640,160,163840] Veff_nb=[2,2048,512,524288]
CUDA_FA_ROUTE_ALLOC kernel=MMA_F16 need_f16_K=1 need_f16_V=0 workspace_end_offset=4718592 dst_data=(nil) f16_K=0x400000 f16_V=(nil) f16_end=0x480000
CUDA_FA_ROUTE_PLAN device=0 Q=[256,256,16,1] Kraw=q4_1 Vraw=turbo4 Kshape=[256,256,4,1] Vshape=[256,256,4,1] Keff=q4_1 Veff=f16 turbo_kv=1 prefer_native_vec=0 decode=1 dk=0 dv=1 unsafe_vec_after_turbo_v_decode=1 allow_vec=0 kernel=MMA_F16 need_f16_K=1 need_f16_V=0 Knb=[20,640,160,163840] Vnb=[66,528,132,135168] Keff_nb=[20,640,160,163840] Veff_nb=[2,2048,512,524288]
CUDA_FA_ROUTE_ALLOC kernel=MMA_F16 need_f16_K=1 need_f16_V=0 workspace_end_offset=4718592 dst_data=(nil) f16_K=0x400000 f16_V=(nil) f16_end=0x480000
CUDA_FA_ROUTE_PLAN device=0 Q=[256,256,16,1] Kraw=q4_1 Vraw=turbo4 Kshape=[256,256,4,1] Vshape=[256,256,4,1] Keff=q4_1 Veff=f16 turbo_kv=1 prefer_native_vec=0 decode=1 dk=0 dv=1 unsafe_vec_after_turbo_v_decode=1 allow_vec=0 kernel=MMA_F16 need_f16_K=1 need_f16_V=0 Knb=[20,640,160,163840] Vnb=[66,528,132,135168] Keff_nb=[20,640,160,163840] Veff_nb=[2,2048,512,524288]
CUDA_FA_ROUTE_ALLOC kernel=MMA_F16 need_f16_K=1 need_f16_V=0 workspace_end_offset=4718592 dst_data=(nil) f16_K=0x400000 f16_V=(nil) f16_end=0x480000
CUDA_FA_ROUTE_PLAN device=0 Q=[256,256,16,1] Kraw=q4_1 Vraw=turbo4 Kshape=[256,256,4,1] Vshape=[256,256,4,1] Keff=q4_1 Veff=f16 turbo_kv=1 prefer_native_vec=0 decode=1 dk=0 dv=1 unsafe_vec_after_turbo_v_decode=1 allow_vec=0 kernel=MMA_F16 need_f16_K=1 need_f16_V=0 Knb=[20,640,160,163840] Vnb=[66,528,132,135168] Keff_nb=[20,640,160,163840] Veff_nb=[2,2048,512,524288]
CUDA_FA_ROUTE_ALLOC kernel=MMA_F16 need_f16_K=1 need_f16_V=0 workspace_end_offset=4718592 dst_data=(nil) f16_K=0x400000 f16_V=(nil) f16_end=0x480000
CUDA_FA_ROUTE_PLAN device=0 Q=[256,256,16,1] Kraw=q4_1 Vraw=turbo4 Kshape=[256,256,4,1] Vshape=[256,256,4,1] Keff=q4_1 Veff=f16 turbo_kv=1 prefer_native_vec=0 decode=1 dk=0 dv=1 unsafe_vec_after_turbo_v_decode=1 allow_vec=0 kernel=MMA_F16 need_f16_K=1 need_f16_V=0 Knb=[20,640,160,163840] Vnb=[66,528,132,135168] Keff_nb=[20,640,160,163840] Veff_nb=[2,2048,512,524288]
CUDA_FA_ROUTE_ALLOC kernel=MMA_F16 need_f16_K=1 need_f16_V=0 workspace_end_offset=4718592 dst_data=(nil) f16_K=0x400000 f16_V=(nil) f16_end=0x480000
CUDA_FA_ROUTE_PLAN device=0 Q=[256,256,16,1] Kraw=q4_1 Vraw=turbo4 Kshape=[256,256,4,1] Vshape=[256,256,4,1] Keff=q4_1 Veff=f16 turbo_kv=1 prefer_native_vec=0 decode=1 dk=0 dv=1 unsafe_vec_after_turbo_v_decode=1 allow_vec=0 kernel=MMA_F16 need_f16_K=1 need_f16_V=0 Knb=[20,640,160,163840] Vnb=[66,528,132,135168] Keff_nb=[20,640,160,163840] Veff_nb=[2,2048,512,524288]
CUDA_FA_ROUTE_ALLOC kernel=MMA_F16 need_f16_K=1 need_f16_V=0 workspace_end_offset=4718592 dst_data=(nil) f16_K=0x400000 f16_V=(nil) f16_end=0x480000
CUDA_FA_ROUTE_PLAN device=0 Q=[256,256,16,1] Kraw=q4_1 Vraw=turbo4 Kshape=[256,256,4,1] Vshape=[256,256,4,1] Keff=q4_1 Veff=f16 turbo_kv=1 prefer_native_vec=0 decode=1 dk=0 dv=1 unsafe_vec_after_turbo_v_decode=1 allow_vec=0 kernel=MMA_F16 need_f16_K=1 need_f16_V=0 Knb=[20,640,160,163840] Vnb=[66,528,132,135168] Keff_nb=[20,640,160,163840] Veff_nb=[2,2048,512,524288]
CUDA_FA_ROUTE_ALLOC kernel=MMA_F16 need_f16_K=1 need_f16_V=0 workspace_end_offset=4718592 dst_data=(nil) f16_K=0x400000 f16_V=(nil) f16_end=0x480000
CUDA_FA_ROUTE_PLAN device=0 Q=[256,2,16,1] Kraw=q4_1 Vraw=turbo4 Kshape=[256,256,4,1] Vshape=[256,256,4,1] Keff=q4_1 Veff=f16 turbo_kv=1 prefer_native_vec=0 decode=1 dk=0 dv=1 unsafe_vec_after_turbo_v_decode=1 allow_vec=0 kernel=MMA_F16 need_f16_K=1 need_f16_V=0 Knb=[20,640,160,163840] Vnb=[66,528,132,135168] Keff_nb=[20,640,160,163840] Veff_nb=[2,2048,512,524288]
CUDA_FA_ROUTE_SUPPORTED kernel=MMA_F16 effK=q4_1 effV=f16 supported=1
CUDA_FA_ROUTE_PLAN device=0 Q=[256,2,16,1] Kraw=q4_1 Vraw=turbo4 Kshape=[256,256,4,1] Vshape=[256,256,4,1] Keff=q4_1 Veff=f16 turbo_kv=1 prefer_native_vec=0 decode=1 dk=0 dv=1 unsafe_vec_after_turbo_v_decode=1 allow_vec=0 kernel=MMA_F16 need_f16_K=1 need_f16_V=0 Knb=[20,640,160,163840] Vnb=[66,528,132,135168] Keff_nb=[20,640,160,163840] Veff_nb=[2,2048,512,524288]
CUDA_FA_ROUTE_SUPPORTED kernel=MMA_F16 effK=q4_1 effV=f16 supported=1
CUDA_FA_ROUTE_PLAN device=0 Q=[256,2,16,1] Kraw=q4_1 Vraw=turbo4 Kshape=[256,256,4,1] Vshape=[256,256,4,1] Keff=q4_1 Veff=f16 turbo_kv=1 prefer_native_vec=0 decode=1 dk=0 dv=1 unsafe_vec_after_turbo_v_decode=1 allow_vec=0 kernel=MMA_F16 need_f16_K=1 need_f16_V=0 Knb=[20,640,160,163840] Vnb=[66,528,132,135168] Keff_nb=[20,640,160,163840] Veff_nb=[2,2048,512,524288]
CUDA_FA_ROUTE_SUPPORTED kernel=MMA_F16 effK=q4_1 effV=f16 supported=1
CUDA_FA_ROUTE_PLAN device=0 Q=[256,2,16,1] Kraw=q4_1 Vraw=turbo4 Kshape=[256,256,4,1] Vshape=[256,256,4,1] Keff=q4_1 Veff=f16 turbo_kv=1 prefer_native_vec=0 decode=1 dk=0 dv=1 unsafe_vec_after_turbo_v_decode=1 allow_vec=0 kernel=MMA_F16 need_f16_K=1 need_f16_V=0 Knb=[20,640,160,163840] Vnb=[66,528,132,135168] Keff_nb=[20,640,160,163840] Veff_nb=[2,2048,512,524288]
CUDA_FA_ROUTE_SUPPORTED kernel=MMA_F16 effK=q4_1 effV=f16 supported=1
CUDA_FA_ROUTE_PLAN device=0 Q=[256,2,16,1] Kraw=q4_1 Vraw=turbo4 Kshape=[256,256,4,1] Vshape=[256,256,4,1] Keff=q4_1 Veff=f16 turbo_kv=1 prefer_native_vec=0 decode=1 dk=0 dv=1 unsafe_vec_after_turbo_v_decode=1 allow_vec=0 kernel=MMA_F16 need_f16_K=1 need_f16_V=0 Knb=[20,640,160,163840] Vnb=[66,528,132,135168] Keff_nb=[20,640,160,163840] Veff_nb=[2,2048,512,524288]
CUDA_FA_ROUTE_SUPPORTED kernel=MMA_F16 effK=q4_1 effV=f16 supported=1
CUDA_FA_ROUTE_PLAN device=0 Q=[256,2,16,1] Kraw=q4_1 Vraw=turbo4 Kshape=[256,256,4,1] Vshape=[256,256,4,1] Keff=q4_1 Veff=f16 turbo_kv=1 prefer_native_vec=0 decode=1 dk=0 dv=1 unsafe_vec_after_turbo_v_decode=1 allow_vec=0 kernel=MMA_F16 need_f16_K=1 need_f16_V=0 Knb=[20,640,160,163840] Vnb=[66,528,132,135168] Keff_nb=[20,640,160,163840] Veff_nb=[2,2048,512,524288]
CUDA_FA_ROUTE_SUPPORTED kernel=MMA_F16 effK=q4_1 effV=f16 supported=1
CUDA_FA_ROUTE_PLAN device=0 Q=[256,2,16,1] Kraw=q4_1 Vraw=turbo4 Kshape=[256,256,4,1] Vshape=[256,256,4,1] Keff=q4_1 Veff=f16 turbo_kv=1 prefer_native_vec=0 decode=1 dk=0 dv=1 unsafe_vec_after_turbo_v_decode=1 allow_vec=0 kernel=MMA_F16 need_f16_K=1 need_f16_V=0 Knb=[20,640,160,163840] Vnb=[66,528,132,135168] Keff_nb=[20,640,160,163840] Veff_nb=[2,2048,512,524288]
CUDA_FA_ROUTE_SUPPORTED kernel=MMA_F16 effK=q4_1 effV=f16 supported=1
CUDA_FA_ROUTE_PLAN device=0 Q=[256,2,16,1] Kraw=q4_1 Vraw=turbo4 Kshape=[256,256,4,1] Vshape=[256,256,4,1] Keff=q4_1 Veff=f16 turbo_kv=1 prefer_native_vec=0 decode=1 dk=0 dv=1 unsafe_vec_after_turbo_v_decode=1 allow_vec=0 kernel=MMA_F16 need_f16_K=1 need_f16_V=0 Knb=[20,640,160,163840] Vnb=[66,528,132,135168] Keff_nb=[20,640,160,163840] Veff_nb=[2,2048,512,524288]
CUDA_FA_ROUTE_SUPPORTED kernel=MMA_F16 effK=q4_1 effV=f16 supported=1
CUDA_FA_ROUTE_PLAN device=0 Q=[256,2,16,1] Kraw=q4_1 Vraw=turbo4 Kshape=[256,256,4,1] Vshape=[256,256,4,1] Keff=q4_1 Veff=f16 turbo_kv=1 prefer_native_vec=0 decode=1 dk=0 dv=1 unsafe_vec_after_turbo_v_decode=1 allow_vec=0 kernel=MMA_F16 need_f16_K=1 need_f16_V=0 Knb=[20,640,160,163840] Vnb=[66,528,132,135168] Keff_nb=[20,640,160,163840] Veff_nb=[2,2048,512,524288]
CUDA_FA_ROUTE_ALLOC kernel=MMA_F16 need_f16_K=1 need_f16_V=0 workspace_end_offset=557056 dst_data=(nil) f16_K=0x8000 f16_V=(nil) f16_end=0x88000
CUDA_FA_ROUTE_PLAN device=0 Q=[256,2,16,1] Kraw=q4_1 Vraw=turbo4 Kshape=[256,256,4,1] Vshape=[256,256,4,1] Keff=q4_1 Veff=f16 turbo_kv=1 prefer_native_vec=0 decode=1 dk=0 dv=1 unsafe_vec_after_turbo_v_decode=1 allow_vec=0 kernel=MMA_F16 need_f16_K=1 need_f16_V=0 Knb=[20,640,160,163840] Vnb=[66,528,132,135168] Keff_nb=[20,640,160,163840] Veff_nb=[2,2048,512,524288]
CUDA_FA_ROUTE_ALLOC kernel=MMA_F16 need_f16_K=1 need_f16_V=0 workspace_end_offset=557056 dst_data=(nil) f16_K=0x8000 f16_V=(nil) f16_end=0x88000
CUDA_FA_ROUTE_PLAN device=0 Q=[256,2,16,1] Kraw=q4_1 Vraw=turbo4 Kshape=[256,256,4,1] Vshape=[256,256,4,1] Keff=q4_1 Veff=f16 turbo_kv=1 prefer_native_vec=0 decode=1 dk=0 dv=1 unsafe_vec_after_turbo_v_decode=1 allow_vec=0 kernel=MMA_F16 need_f16_K=1 need_f16_V=0 Knb=[20,640,160,163840] Vnb=[66,528,132,135168] Keff_nb=[20,640,160,163840] Veff_nb=[2,2048,512,524288]
CUDA_FA_ROUTE_ALLOC kernel=MMA_F16 need_f16_K=1 need_f16_V=0 workspace_end_offset=557056 dst_data=(nil) f16_K=0x8000 f16_V=(nil) f16_end=0x88000
CUDA_FA_ROUTE_PLAN device=0 Q=[256,2,16,1] Kraw=q4_1 Vraw=turbo4 Kshape=[256,256,4,1] Vshape=[256,256,4,1] Keff=q4_1 Veff=f16 turbo_kv=1 prefer_native_vec=0 decode=1 dk=0 dv=1 unsafe_vec_after_turbo_v_decode=1 allow_vec=0 kernel=MMA_F16 need_f16_K=1 need_f16_V=0 Knb=[20,640,160,163840] Vnb=[66,528,132,135168] Keff_nb=[20,640,160,163840] Veff_nb=[2,2048,512,524288]
CUDA_FA_ROUTE_ALLOC kernel=MMA_F16 need_f16_K=1 need_f16_V=0 workspace_end_offset=557056 dst_data=(nil) f16_K=0x8000 f16_V=(nil) f16_end=0x88000
CUDA_FA_ROUTE_PLAN device=0 Q=[256,2,16,1] Kraw=q4_1 Vraw=turbo4 Kshape=[256,256,4,1] Vshape=[256,256,4,1] Keff=q4_1 Veff=f16 turbo_kv=1 prefer_native_vec=0 decode=1 dk=0 dv=1 unsafe_vec_after_turbo_v_decode=1 allow_vec=0 kernel=MMA_F16 need_f16_K=1 need_f16_V=0 Knb=[20,640,160,163840] Vnb=[66,528,132,135168] Keff_nb=[20,640,160,163840] Veff_nb=[2,2048,512,524288]
CUDA_FA_ROUTE_ALLOC kernel=MMA_F16 need_f16_K=1 need_f16_V=0 workspace_end_offset=557056 dst_data=(nil) f16_K=0x8000 f16_V=(nil) f16_end=0x88000
CUDA_FA_ROUTE_PLAN device=0 Q=[256,2,16,1] Kraw=q4_1 Vraw=turbo4 Kshape=[256,256,4,1] Vshape=[256,256,4,1] Keff=q4_1 Veff=f16 turbo_kv=1 prefer_native_vec=0 decode=1 dk=0 dv=1 unsafe_vec_after_turbo_v_decode=1 allow_vec=0 kernel=MMA_F16 need_f16_K=1 need_f16_V=0 Knb=[20,640,160,163840] Vnb=[66,528,132,135168] Keff_nb=[20,640,160,163840] Veff_nb=[2,2048,512,524288]
CUDA_FA_ROUTE_ALLOC kernel=MMA_F16 need_f16_K=1 need_f16_V=0 workspace_end_offset=557056 dst_data=(nil) f16_K=0x8000 f16_V=(nil) f16_end=0x88000
CUDA_FA_ROUTE_PLAN device=0 Q=[256,2,16,1] Kraw=q4_1 Vraw=turbo4 Kshape=[256,256,4,1] Vshape=[256,256,4,1] Keff=q4_1 Veff=f16 turbo_kv=1 prefer_native_vec=0 decode=1 dk=0 dv=1 unsafe_vec_after_turbo_v_decode=1 allow_vec=0 kernel=MMA_F16 need_f16_K=1 need_f16_V=0 Knb=[20,640,160,163840] Vnb=[66,528,132,135168] Keff_nb=[20,640,160,163840] Veff_nb=[2,2048,512,524288]
CUDA_FA_ROUTE_ALLOC kernel=MMA_F16 need_f16_K=1 need_f16_V=0 workspace_end_offset=557056 dst_data=(nil) f16_K=0x8000 f16_V=(nil) f16_end=0x88000
CUDA_FA_ROUTE_PLAN device=0 Q=[256,2,16,1] Kraw=q4_1 Vraw=turbo4 Kshape=[256,256,4,1] Vshape=[256,256,4,1] Keff=q4_1 Veff=f16 turbo_kv=1 prefer_native_vec=0 decode=1 dk=0 dv=1 unsafe_vec_after_turbo_v_decode=1 allow_vec=0 kernel=MMA_F16 need_f16_K=1 need_f16_V=0 Knb=[20,640,160,163840] Vnb=[66,528,132,135168] Keff_nb=[20,640,160,163840] Veff_nb=[2,2048,512,524288]
CUDA_FA_ROUTE_ALLOC kernel=MMA_F16 need_f16_K=1 need_f16_V=0 workspace_end_offset=557056 dst_data=(nil) f16_K=0x8000 f16_V=(nil) f16_end=0x88000
CUDA_FA_ROUTE_PLAN device=0 Q=[256,2,16,1] Kraw=q4_1 Vraw=turbo4 Kshape=[256,256,4,1] Vshape=[256,256,4,1] Keff=q4_1 Veff=f16 turbo_kv=1 prefer_native_vec=0 decode=1 dk=0 dv=1 unsafe_vec_after_turbo_v_decode=1 allow_vec=0 kernel=MMA_F16 need_f16_K=1 need_f16_V=0 Knb=[20,640,160,163840] Vnb=[66,528,132,135168] Keff_nb=[20,640,160,163840] Veff_nb=[2,2048,512,524288]
CUDA_FA_ROUTE_ALLOC kernel=MMA_F16 need_f16_K=1 need_f16_V=0 workspace_end_offset=557056 dst_data=(nil) f16_K=0x8000 f16_V=(nil) f16_end=0x88000
CUDA_FA_ROUTE_PLAN device=0 Q=[256,2,16,1] Kraw=q4_1 Vraw=turbo4 Kshape=[256,256,4,1] Vshape=[256,256,4,1] Keff=q4_1 Veff=f16 turbo_kv=1 prefer_native_vec=0 decode=1 dk=0 dv=1 unsafe_vec_after_turbo_v_decode=1 allow_vec=0 kernel=MMA_F16 need_f16_K=1 need_f16_V=0 Knb=[20,640,160,163840] Vnb=[66,528,132,135168] Keff_nb=[20,640,160,163840] Veff_nb=[2,2048,512,524288]
CUDA_FA_ROUTE_ALLOC kernel=MMA_F16 need_f16_K=1 need_f16_V=0 workspace_end_offset=557056 dst_data=(nil) f16_K=0x8000 f16_V=(nil) f16_end=0x88000
CUDA_FA_ROUTE_PLAN device=0 Q=[256,2,16,1] Kraw=q4_1 Vraw=turbo4 Kshape=[256,256,4,1] Vshape=[256,256,4,1] Keff=q4_1 Veff=f16 turbo_kv=1 prefer_native_vec=0 decode=1 dk=0 dv=1 unsafe_vec_after_turbo_v_decode=1 allow_vec=0 kernel=MMA_F16 need_f16_K=1 need_f16_V=0 Knb=[20,640,160,163840] Vnb=[66,528,132,135168] Keff_nb=[20,640,160,163840] Veff_nb=[2,2048,512,524288]
CUDA_FA_ROUTE_ALLOC kernel=MMA_F16 need_f16_K=1 need_f16_V=0 workspace_end_offset=557056 dst_data=(nil) f16_K=0x8000 f16_V=(nil) f16_end=0x88000
CUDA_FA_ROUTE_PLAN device=0 Q=[256,2,16,1] Kraw=q4_1 Vraw=turbo4 Kshape=[256,256,4,1] Vshape=[256,256,4,1] Keff=q4_1 Veff=f16 turbo_kv=1 prefer_native_vec=0 decode=1 dk=0 dv=1 unsafe_vec_after_turbo_v_decode=1 allow_vec=0 kernel=MMA_F16 need_f16_K=1 need_f16_V=0 Knb=[20,640,160,163840] Vnb=[66,528,132,135168] Keff_nb=[20,640,160,163840] Veff_nb=[2,2048,512,524288]
CUDA_FA_ROUTE_ALLOC kernel=MMA_F16 need_f16_K=1 need_f16_V=0 workspace_end_offset=557056 dst_data=(nil) f16_K=0x8000 f16_V=(nil) f16_end=0x88000
CUDA_FA_ROUTE_PLAN device=0 Q=[256,2,16,1] Kraw=q4_1 Vraw=turbo4 Kshape=[256,256,4,1] Vshape=[256,256,4,1] Keff=q4_1 Veff=f16 turbo_kv=1 prefer_native_vec=0 decode=1 dk=0 dv=1 unsafe_vec_after_turbo_v_decode=1 allow_vec=0 kernel=MMA_F16 need_f16_K=1 need_f16_V=0 Knb=[20,640,160,163840] Vnb=[66,528,132,135168] Keff_nb=[20,640,160,163840] Veff_nb=[2,2048,512,524288]
CUDA_FA_ROUTE_ALLOC kernel=MMA_F16 need_f16_K=1 need_f16_V=0 workspace_end_offset=557056 dst_data=(nil) f16_K=0x8000 f16_V=(nil) f16_end=0x88000
CUDA_FA_ROUTE_PLAN device=0 Q=[256,2,16,1] Kraw=q4_1 Vraw=turbo4 Kshape=[256,256,4,1] Vshape=[256,256,4,1] Keff=q4_1 Veff=f16 turbo_kv=1 prefer_native_vec=0 decode=1 dk=0 dv=1 unsafe_vec_after_turbo_v_decode=1 allow_vec=0 kernel=MMA_F16 need_f16_K=1 need_f16_V=0 Knb=[20,640,160,163840] Vnb=[66,528,132,135168] Keff_nb=[20,640,160,163840] Veff_nb=[2,2048,512,524288]
CUDA_FA_ROUTE_ALLOC kernel=MMA_F16 need_f16_K=1 need_f16_V=0 workspace_end_offset=557056 dst_data=(nil) f16_K=0x8000 f16_V=(nil) f16_end=0x88000
CUDA_FA_ROUTE_PLAN device=0 Q=[256,2,16,1] Kraw=q4_1 Vraw=turbo4 Kshape=[256,256,4,1] Vshape=[256,256,4,1] Keff=q4_1 Veff=f16 turbo_kv=1 prefer_native_vec=0 decode=1 dk=0 dv=1 unsafe_vec_after_turbo_v_decode=1 allow_vec=0 kernel=MMA_F16 need_f16_K=1 need_f16_V=0 Knb=[20,640,160,163840] Vnb=[66,528,132,135168] Keff_nb=[20,640,160,163840] Veff_nb=[2,2048,512,524288]
CUDA_FA_ROUTE_ALLOC kernel=MMA_F16 need_f16_K=1 need_f16_V=0 workspace_end_offset=557056 dst_data=(nil) f16_K=0x8000 f16_V=(nil) f16_end=0x88000
CUDA_FA_ROUTE_PLAN device=0 Q=[256,2,16,1] Kraw=q4_1 Vraw=turbo4 Kshape=[256,256,4,1] Vshape=[256,256,4,1] Keff=q4_1 Veff=f16 turbo_kv=1 prefer_native_vec=0 decode=1 dk=0 dv=1 unsafe_vec_after_turbo_v_decode=1 allow_vec=0 kernel=MMA_F16 need_f16_K=1 need_f16_V=0 Knb=[20,640,160,163840] Vnb=[66,528,132,135168] Keff_nb=[20,640,160,163840] Veff_nb=[2,2048,512,524288]
CUDA_FA_ROUTE_ALLOC kernel=MMA_F16 need_f16_K=1 need_f16_V=0 workspace_end_offset=557056 dst_data=(nil) f16_K=0x8000 f16_V=(nil) f16_end=0x88000
CUDA_FA_ROUTE_PLAN device=0 Q=[256,2,16,1] Kraw=q4_1 Vraw=turbo4 Kshape=[256,256,4,1] Vshape=[256,256,4,1] Keff=q4_1 Veff=f16 turbo_kv=1 prefer_native_vec=0 decode=1 dk=0 dv=1 unsafe_vec_after_turbo_v_decode=1 allow_vec=0 kernel=MMA_F16 need_f16_K=1 need_f16_V=0 Knb=[20,640,160,163840] Vnb=[66,528,132,135168] Keff_nb=[20,640,160,163840] Veff_nb=[2,2048,512,524288]
CUDA_FA_ROUTE_ALLOC kernel=MMA_F16 need_f16_K=1 need_f16_V=0 workspace_end_offset=557056 dst_data=(nil) f16_K=0x8000 f16_V=(nil) f16_end=0x88000
CUDA_FA_ROUTE_PLAN device=0 Q=[256,2,16,1] Kraw=q4_1 Vraw=turbo4 Kshape=[256,256,4,1] Vshape=[256,256,4,1] Keff=q4_1 Veff=f16 turbo_kv=1 prefer_native_vec=0 decode=1 dk=0 dv=1 unsafe_vec_after_turbo_v_decode=1 allow_vec=0 kernel=MMA_F16 need_f16_K=1 need_f16_V=0 Knb=[20,640,160,163840] Vnb=[66,528,132,135168] Keff_nb=[20,640,160,163840] Veff_nb=[2,2048,512,524288]
CUDA_FA_ROUTE_ALLOC kernel=MMA_F16 need_f16_K=1 need_f16_V=0 workspace_end_offset=557056 dst_data=(nil) f16_K=0x8000 f16_V=(nil) f16_end=0x88000
CUDA_FA_ROUTE_PLAN device=0 Q=[256,2,16,1] Kraw=q4_1 Vraw=turbo4 Kshape=[256,256,4,1] Vshape=[256,256,4,1] Keff=q4_1 Veff=f16 turbo_kv=1 prefer_native_vec=0 decode=1 dk=0 dv=1 unsafe_vec_after_turbo_v_decode=1 allow_vec=0 kernel=MMA_F16 need_f16_K=1 need_f16_V=0 Knb=[20,640,160,163840] Vnb=[66,528,132,135168] Keff_nb=[20,640,160,163840] Veff_nb=[2,2048,512,524288]
CUDA_FA_ROUTE_ALLOC kernel=MMA_F16 need_f16_K=1 need_f16_V=0 workspace_end_offset=557056 dst_data=(nil) f16_K=0x8000 f16_V=(nil) f16_end=0x88000
CUDA_FA_ROUTE_PLAN device=0 Q=[256,2,16,1] Kraw=q4_1 Vraw=turbo4 Kshape=[256,256,4,1] Vshape=[256,256,4,1] Keff=q4_1 Veff=f16 turbo_kv=1 prefer_native_vec=0 decode=1 dk=0 dv=1 unsafe_vec_after_turbo_v_decode=1 allow_vec=0 kernel=MMA_F16 need_f16_K=1 need_f16_V=0 Knb=[20,640,160,163840] Vnb=[66,528,132,135168] Keff_nb=[20,640,160,163840] Veff_nb=[2,2048,512,524288]
CUDA_FA_ROUTE_ALLOC kernel=MMA_F16 need_f16_K=1 need_f16_V=0 workspace_end_offset=557056 dst_data=(nil) f16_K=0x8000 f16_V=(nil) f16_end=0x88000
CUDA_FA_ROUTE_PLAN device=0 Q=[256,2,16,1] Kraw=q4_1 Vraw=turbo4 Kshape=[256,256,4,1] Vshape=[256,256,4,1] Keff=q4_1 Veff=f16 turbo_kv=1 prefer_native_vec=0 decode=1 dk=0 dv=1 unsafe_vec_after_turbo_v_decode=1 allow_vec=0 kernel=MMA_F16 need_f16_K=1 need_f16_V=0 Knb=[20,640,160,163840] Vnb=[66,528,132,135168] Keff_nb=[20,640,160,163840] Veff_nb=[2,2048,512,524288]
CUDA_FA_ROUTE_ALLOC kernel=MMA_F16 need_f16_K=1 need_f16_V=0 workspace_end_offset=557056 dst_data=(nil) f16_K=0x8000 f16_V=(nil) f16_end=0x88000
CUDA_FA_ROUTE_PLAN device=0 Q=[256,2,16,1] Kraw=q4_1 Vraw=turbo4 Kshape=[256,256,4,1] Vshape=[256,256,4,1] Keff=q4_1 Veff=f16 turbo_kv=1 prefer_native_vec=0 decode=1 dk=0 dv=1 unsafe_vec_after_turbo_v_decode=1 allow_vec=0 kernel=MMA_F16 need_f16_K=1 need_f16_V=0 Knb=[20,640,160,163840] Vnb=[66,528,132,135168] Keff_nb=[20,640,160,163840] Veff_nb=[2,2048,512,524288]
CUDA_FA_ROUTE_ALLOC kernel=MMA_F16 need_f16_K=1 need_f16_V=0 workspace_end_offset=557056 dst_data=(nil) f16_K=0x8000 f16_V=(nil) f16_end=0x88000
CUDA_FA_ROUTE_PLAN device=0 Q=[256,2,16,1] Kraw=q4_1 Vraw=turbo4 Kshape=[256,256,4,1] Vshape=[256,256,4,1] Keff=q4_1 Veff=f16 turbo_kv=1 prefer_native_vec=0 decode=1 dk=0 dv=1 unsafe_vec_after_turbo_v_decode=1 allow_vec=0 kernel=MMA_F16 need_f16_K=1 need_f16_V=0 Knb=[20,640,160,163840] Vnb=[66,528,132,135168] Keff_nb=[20,640,160,163840] Veff_nb=[2,2048,512,524288]
CUDA_FA_ROUTE_ALLOC kernel=MMA_F16 need_f16_K=1 need_f16_V=0 workspace_end_offset=557056 dst_data=(nil) f16_K=0x8000 f16_V=(nil) f16_end=0x88000
CUDA_FA_ROUTE_PLAN device=0 Q=[256,2,16,1] Kraw=q4_1 Vraw=turbo4 Kshape=[256,256,4,1] Vshape=[256,256,4,1] Keff=q4_1 Veff=f16 turbo_kv=1 prefer_native_vec=0 decode=1 dk=0 dv=1 unsafe_vec_after_turbo_v_decode=1 allow_vec=0 kernel=MMA_F16 need_f16_K=1 need_f16_V=0 Knb=[20,640,160,163840] Vnb=[66,528,132,135168] Keff_nb=[20,640,160,163840] Veff_nb=[2,2048,512,524288]
CUDA_FA_ROUTE_ALLOC kernel=MMA_F16 need_f16_K=1 need_f16_V=0 workspace_end_offset=557056 dst_data=(nil) f16_K=0x8000 f16_V=(nil) f16_end=0x88000
CUDA_FA_ROUTE_PLAN device=0 Q=[256,2,16,1] Kraw=q4_1 Vraw=turbo4 Kshape=[256,256,4,1] Vshape=[256,256,4,1] Keff=q4_1 Veff=f16 turbo_kv=1 prefer_native_vec=0 decode=1 dk=0 dv=1 unsafe_vec_after_turbo_v_decode=1 allow_vec=0 kernel=MMA_F16 need_f16_K=1 need_f16_V=0 Knb=[20,640,160,163840] Vnb=[66,528,132,135168] Keff_nb=[20,640,160,163840] Veff_nb=[2,2048,512,524288]
CUDA_FA_ROUTE_ALLOC kernel=MMA_F16 need_f16_K=1 need_f16_V=0 workspace_end_offset=557056 dst_data=(nil) f16_K=0x8000 f16_V=(nil) f16_end=0x88000
CUDA_FA_ROUTE_PLAN device=0 Q=[256,2,16,1] Kraw=q4_1 Vraw=turbo4 Kshape=[256,256,4,1] Vshape=[256,256,4,1] Keff=q4_1 Veff=f16 turbo_kv=1 prefer_native_vec=0 decode=1 dk=0 dv=1 unsafe_vec_after_turbo_v_decode=1 allow_vec=0 kernel=MMA_F16 need_f16_K=1 need_f16_V=0 Knb=[20,640,160,163840] Vnb=[66,528,132,135168] Keff_nb=[20,640,160,163840] Veff_nb=[2,2048,512,524288]
CUDA_FA_ROUTE_ALLOC kernel=MMA_F16 need_f16_K=1 need_f16_V=0 workspace_end_offset=557056 dst_data=(nil) f16_K=0x8000 f16_V=(nil) f16_end=0x88000
CUDA_FA_ROUTE_PLAN device=0 Q=[256,2,16,1] Kraw=q4_1 Vraw=turbo4 Kshape=[256,256,4,1] Vshape=[256,256,4,1] Keff=q4_1 Veff=f16 turbo_kv=1 prefer_native_vec=0 decode=1 dk=0 dv=1 unsafe_vec_after_turbo_v_decode=1 allow_vec=0 kernel=MMA_F16 need_f16_K=1 need_f16_V=0 Knb=[20,640,160,163840] Vnb=[66,528,132,135168] Keff_nb=[20,640,160,163840] Veff_nb=[2,2048,512,524288]
CUDA_FA_ROUTE_ALLOC kernel=MMA_F16 need_f16_K=1 need_f16_V=0 workspace_end_offset=557056 dst_data=(nil) f16_K=0x8000 f16_V=(nil) f16_end=0x88000
CUDA_FA_ROUTE_PLAN device=0 Q=[256,2,16,1] Kraw=q4_1 Vraw=turbo4 Kshape=[256,256,4,1] Vshape=[256,256,4,1] Keff=q4_1 Veff=f16 turbo_kv=1 prefer_native_vec=0 decode=1 dk=0 dv=1 unsafe_vec_after_turbo_v_decode=1 allow_vec=0 kernel=MMA_F16 need_f16_K=1 need_f16_V=0 Knb=[20,640,160,163840] Vnb=[66,528,132,135168] Keff_nb=[20,640,160,163840] Veff_nb=[2,2048,512,524288]
CUDA_FA_ROUTE_ALLOC kernel=MMA_F16 need_f16_K=1 need_f16_V=0 workspace_end_offset=557056 dst_data=(nil) f16_K=0x8000 f16_V=(nil) f16_end=0x88000
CUDA_FA_ROUTE_PLAN device=0 Q=[256,2,16,1] Kraw=q4_1 Vraw=turbo4 Kshape=[256,256,4,1] Vshape=[256,256,4,1] Keff=q4_1 Veff=f16 turbo_kv=1 prefer_native_vec=0 decode=1 dk=0 dv=1 unsafe_vec_after_turbo_v_decode=1 allow_vec=0 kernel=MMA_F16 need_f16_K=1 need_f16_V=0 Knb=[20,640,160,163840] Vnb=[66,528,132,135168] Keff_nb=[20,640,160,163840] Veff_nb=[2,2048,512,524288]
CUDA_FA_ROUTE_ALLOC kernel=MMA_F16 need_f16_K=1 need_f16_V=0 workspace_end_offset=557056 dst_data=(nil) f16_K=0x8000 f16_V=(nil) f16_end=0x88000
CUDA_FA_ROUTE_PLAN device=0 Q=[256,2,16,1] Kraw=q4_1 Vraw=turbo4 Kshape=[256,256,4,1] Vshape=[256,256,4,1] Keff=q4_1 Veff=f16 turbo_kv=1 prefer_native_vec=0 decode=1 dk=0 dv=1 unsafe_vec_after_turbo_v_decode=1 allow_vec=0 kernel=MMA_F16 need_f16_K=1 need_f16_V=0 Knb=[20,640,160,163840] Vnb=[66,528,132,135168] Keff_nb=[20,640,160,163840] Veff_nb=[2,2048,512,524288]
CUDA_FA_ROUTE_ALLOC kernel=MMA_F16 need_f16_K=1 need_f16_V=0 workspace_end_offset=557056 dst_data=(nil) f16_K=0x8000 f16_V=(nil) f16_end=0x88000
CUDA_FA_ROUTE_PLAN device=0 Q=[256,2,16,1] Kraw=q4_1 Vraw=turbo4 Kshape=[256,256,4,1] Vshape=[256,256,4,1] Keff=q4_1 Veff=f16 turbo_kv=1 prefer_native_vec=0 decode=1 dk=0 dv=1 unsafe_vec_after_turbo_v_decode=1 allow_vec=0 kernel=MMA_F16 need_f16_K=1 need_f16_V=0 Knb=[20,640,160,163840] Vnb=[66,528,132,135168] Keff_nb=[20,640,160,163840] Veff_nb=[2,2048,512,524288]
CUDA_FA_ROUTE_ALLOC kernel=MMA_F16 need_f16_K=1 need_f16_V=0 workspace_end_offset=557056 dst_data=(nil) f16_K=0x8000 f16_V=(nil) f16_end=0x88000
CUDA_FA_ROUTE_PLAN device=0 Q=[256,2,16,1] Kraw=q4_1 Vraw=turbo4 Kshape=[256,256,4,1] Vshape=[256,256,4,1] Keff=q4_1 Veff=f16 turbo_kv=1 prefer_native_vec=0 decode=1 dk=0 dv=1 unsafe_vec_after_turbo_v_decode=1 allow_vec=0 kernel=MMA_F16 need_f16_K=1 need_f16_V=0 Knb=[20,640,160,163840] Vnb=[66,528,132,135168] Keff_nb=[20,640,160,163840] Veff_nb=[2,2048,512,524288]
CUDA_FA_ROUTE_ALLOC kernel=MMA_F16 need_f16_K=1 need_f16_V=0 workspace_end_offset=557056 dst_data=(nil) f16_K=0x8000 f16_V=(nil) f16_end=0x88000
CUDA_FA_ROUTE_PLAN device=0 Q=[256,2,16,1] Kraw=q4_1 Vraw=turbo4 Kshape=[256,256,4,1] Vshape=[256,256,4,1] Keff=q4_1 Veff=f16 turbo_kv=1 prefer_native_vec=0 decode=1 dk=0 dv=1 unsafe_vec_after_turbo_v_decode=1 allow_vec=0 kernel=MMA_F16 need_f16_K=1 need_f16_V=0 Knb=[20,640,160,163840] Vnb=[66,528,132,135168] Keff_nb=[20,640,160,163840] Veff_nb=[2,2048,512,524288]
CUDA_FA_ROUTE_ALLOC kernel=MMA_F16 need_f16_K=1 need_f16_V=0 workspace_end_offset=557056 dst_data=(nil) f16_K=0x8000 f16_V=(nil) f16_end=0x88000
CUDA_FA_ROUTE_PLAN device=0 Q=[256,2,16,1] Kraw=q4_1 Vraw=turbo4 Kshape=[256,256,4,1] Vshape=[256,256,4,1] Keff=q4_1 Veff=f16 turbo_kv=1 prefer_native_vec=0 decode=1 dk=0 dv=1 unsafe_vec_after_turbo_v_decode=1 allow_vec=0 kernel=MMA_F16 need_f16_K=1 need_f16_V=0 Knb=[20,640,160,163840] Vnb=[66,528,132,135168] Keff_nb=[20,640,160,163840] Veff_nb=[2,2048,512,524288]
CUDA_FA_ROUTE_ALLOC kernel=MMA_F16 need_f16_K=1 need_f16_V=0 workspace_end_offset=557056 dst_data=(nil) f16_K=0x8000 f16_V=(nil) f16_end=0x88000
CUDA_FA_ROUTE_PLAN device=0 Q=[256,2,16,1] Kraw=q4_1 Vraw=turbo4 Kshape=[256,256,4,1] Vshape=[256,256,4,1] Keff=q4_1 Veff=f16 turbo_kv=1 prefer_native_vec=0 decode=1 dk=0 dv=1 unsafe_vec_after_turbo_v_decode=1 allow_vec=0 kernel=MMA_F16 need_f16_K=1 need_f16_V=0 Knb=[20,640,160,163840] Vnb=[66,528,132,135168] Keff_nb=[20,640,160,163840] Veff_nb=[2,2048,512,524288]
CUDA_FA_ROUTE_ALLOC kernel=MMA_F16 need_f16_K=1 need_f16_V=0 workspace_end_offset=557056 dst_data=(nil) f16_K=0x8000 f16_V=(nil) f16_end=0x88000
CUDA_FA_ROUTE_PLAN device=0 Q=[256,2,16,1] Kraw=q4_1 Vraw=turbo4 Kshape=[256,256,4,1] Vshape=[256,256,4,1] Keff=q4_1 Veff=f16 turbo_kv=1 prefer_native_vec=0 decode=1 dk=0 dv=1 unsafe_vec_after_turbo_v_decode=1 allow_vec=0 kernel=MMA_F16 need_f16_K=1 need_f16_V=0 Knb=[20,640,160,163840] Vnb=[66,528,132,135168] Keff_nb=[20,640,160,163840] Veff_nb=[2,2048,512,524288]
CUDA_FA_ROUTE_ALLOC kernel=MMA_F16 need_f16_K=1 need_f16_V=0 workspace_end_offset=557056 dst_data=(nil) f16_K=0x8000 f16_V=(nil) f16_end=0x88000
CUDA_FA_ROUTE_PLAN device=0 Q=[256,2,16,1] Kraw=q4_1 Vraw=turbo4 Kshape=[256,256,4,1] Vshape=[256,256,4,1] Keff=q4_1 Veff=f16 turbo_kv=1 prefer_native_vec=0 decode=1 dk=0 dv=1 unsafe_vec_after_turbo_v_decode=1 allow_vec=0 kernel=MMA_F16 need_f16_K=1 need_f16_V=0 Knb=[20,640,160,163840] Vnb=[66,528,132,135168] Keff_nb=[20,640,160,163840] Veff_nb=[2,2048,512,524288]
CUDA_FA_ROUTE_ALLOC kernel=MMA_F16 need_f16_K=1 need_f16_V=0 workspace_end_offset=557056 dst_data=(nil) f16_K=0x8000 f16_V=(nil) f16_end=0x88000
CUDA_FA_ROUTE_PLAN device=0 Q=[256,2,16,1] Kraw=q4_1 Vraw=turbo4 Kshape=[256,256,4,1] Vshape=[256,256,4,1] Keff=q4_1 Veff=f16 turbo_kv=1 prefer_native_vec=0 decode=1 dk=0 dv=1 unsafe_vec_after_turbo_v_decode=1 allow_vec=0 kernel=MMA_F16 need_f16_K=1 need_f16_V=0 Knb=[20,640,160,163840] Vnb=[66,528,132,135168] Keff_nb=[20,640,160,163840] Veff_nb=[2,2048,512,524288]
CUDA_FA_ROUTE_ALLOC kernel=MMA_F16 need_f16_K=1 need_f16_V=0 workspace_end_offset=557056 dst_data=(nil) f16_K=0x8000 f16_V=(nil) f16_end=0x88000
CUDA_FA_ROUTE_PLAN device=0 Q=[256,2,16,1] Kraw=q4_1 Vraw=turbo4 Kshape=[256,256,4,1] Vshape=[256,256,4,1] Keff=q4_1 Veff=f16 turbo_kv=1 prefer_native_vec=0 decode=1 dk=0 dv=1 unsafe_vec_after_turbo_v_decode=1 allow_vec=0 kernel=MMA_F16 need_f16_K=1 need_f16_V=0 Knb=[20,640,160,163840] Vnb=[66,528,132,135168] Keff_nb=[20,640,160,163840] Veff_nb=[2,2048,512,524288]
CUDA_FA_ROUTE_ALLOC kernel=MMA_F16 need_f16_K=1 need_f16_V=0 workspace_end_offset=557056 dst_data=(nil) f16_K=0x8000 f16_V=(nil) f16_end=0x88000
CUDA_FA_ROUTE_PLAN device=0 Q=[256,2,16,1] Kraw=q4_1 Vraw=turbo4 Kshape=[256,256,4,1] Vshape=[256,256,4,1] Keff=q4_1 Veff=f16 turbo_kv=1 prefer_native_vec=0 decode=1 dk=0 dv=1 unsafe_vec_after_turbo_v_decode=1 allow_vec=0 kernel=MMA_F16 need_f16_K=1 need_f16_V=0 Knb=[20,640,160,163840] Vnb=[66,528,132,135168] Keff_nb=[20,640,160,163840] Veff_nb=[2,2048,512,524288]
CUDA_FA_ROUTE_ALLOC kernel=MMA_F16 need_f16_K=1 need_f16_V=0 workspace_end_offset=557056 dst_data=(nil) f16_K=0x8000 f16_V=(nil) f16_end=0x88000
CUDA_FA_ROUTE_PLAN device=0 Q=[256,2,16,1] Kraw=q4_1 Vraw=turbo4 Kshape=[256,256,4,1] Vshape=[256,256,4,1] Keff=q4_1 Veff=f16 turbo_kv=1 prefer_native_vec=0 decode=1 dk=0 dv=1 unsafe_vec_after_turbo_v_decode=1 allow_vec=0 kernel=MMA_F16 need_f16_K=1 need_f16_V=0 Knb=[20,640,160,163840] Vnb=[66,528,132,135168] Keff_nb=[20,640,160,163840] Veff_nb=[2,2048,512,524288]
CUDA_FA_ROUTE_ALLOC kernel=MMA_F16 need_f16_K=1 need_f16_V=0 workspace_end_offset=557056 dst_data=(nil) f16_K=0x8000 f16_V=(nil) f16_end=0x88000
CUDA_FA_ROUTE_PLAN device=0 Q=[256,2,16,1] Kraw=q4_1 Vraw=turbo4 Kshape=[256,256,4,1] Vshape=[256,256,4,1] Keff=q4_1 Veff=f16 turbo_kv=1 prefer_native_vec=0 decode=1 dk=0 dv=1 unsafe_vec_after_turbo_v_decode=1 allow_vec=0 kernel=MMA_F16 need_f16_K=1 need_f16_V=0 Knb=[20,640,160,163840] Vnb=[66,528,132,135168] Keff_nb=[20,640,160,163840] Veff_nb=[2,2048,512,524288]
CUDA_FA_ROUTE_ALLOC kernel=MMA_F16 need_f16_K=1 need_f16_V=0 workspace_end_offset=557056 dst_data=(nil) f16_K=0x8000 f16_V=(nil) f16_end=0x88000
CUDA_FA_ROUTE_PLAN device=0 Q=[256,2,16,1] Kraw=q4_1 Vraw=turbo4 Kshape=[256,256,4,1] Vshape=[256,256,4,1] Keff=q4_1 Veff=f16 turbo_kv=1 prefer_native_vec=0 decode=1 dk=0 dv=1 unsafe_vec_after_turbo_v_decode=1 allow_vec=0 kernel=MMA_F16 need_f16_K=1 need_f16_V=0 Knb=[20,640,160,163840] Vnb=[66,528,132,135168] Keff_nb=[20,640,160,163840] Veff_nb=[2,2048,512,524288]
CUDA_FA_ROUTE_ALLOC kernel=MMA_F16 need_f16_K=1 need_f16_V=0 workspace_end_offset=557056 dst_data=(nil) f16_K=0x8000 f16_V=(nil) f16_end=0x88000
CUDA_FA_ROUTE_PLAN device=0 Q=[256,2,16,1] Kraw=q4_1 Vraw=turbo4 Kshape=[256,256,4,1] Vshape=[256,256,4,1] Keff=q4_1 Veff=f16 turbo_kv=1 prefer_native_vec=0 decode=1 dk=0 dv=1 unsafe_vec_after_turbo_v_decode=1 allow_vec=0 kernel=MMA_F16 need_f16_K=1 need_f16_V=0 Knb=[20,640,160,163840] Vnb=[66,528,132,135168] Keff_nb=[20,640,160,163840] Veff_nb=[2,2048,512,524288]
CUDA_FA_ROUTE_ALLOC kernel=MMA_F16 need_f16_K=1 need_f16_V=0 workspace_end_offset=557056 dst_data=(nil) f16_K=0x8000 f16_V=(nil) f16_end=0x88000
CUDA_FA_ROUTE_PLAN device=0 Q=[256,2,16,1] Kraw=q4_1 Vraw=turbo4 Kshape=[256,256,4,1] Vshape=[256,256,4,1] Keff=q4_1 Veff=f16 turbo_kv=1 prefer_native_vec=0 decode=1 dk=0 dv=1 unsafe_vec_after_turbo_v_decode=1 allow_vec=0 kernel=MMA_F16 need_f16_K=1 need_f16_V=0 Knb=[20,640,160,163840] Vnb=[66,528,132,135168] Keff_nb=[20,640,160,163840] Veff_nb=[2,2048,512,524288]
CUDA_FA_ROUTE_ALLOC kernel=MMA_F16 need_f16_K=1 need_f16_V=0 workspace_end_offset=557056 dst_data=(nil) f16_K=0x8000 f16_V=(nil) f16_end=0x88000
CUDA_FA_ROUTE_PLAN device=0 Q=[256,2,16,1] Kraw=q4_1 Vraw=turbo4 Kshape=[256,256,4,1] Vshape=[256,256,4,1] Keff=q4_1 Veff=f16 turbo_kv=1 prefer_native_vec=0 decode=1 dk=0 dv=1 unsafe_vec_after_turbo_v_decode=1 allow_vec=0 kernel=MMA_F16 need_f16_K=1 need_f16_V=0 Knb=[20,640,160,163840] Vnb=[66,528,132,135168] Keff_nb=[20,640,160,163840] Veff_nb=[2,2048,512,524288]
CUDA_FA_ROUTE_ALLOC kernel=MMA_F16 need_f16_K=1 need_f16_V=0 workspace_end_offset=557056 dst_data=(nil) f16_K=0x8000 f16_V=(nil) f16_end=0x88000
CUDA_FA_ROUTE_PLAN device=0 Q=[256,2,16,1] Kraw=q4_1 Vraw=turbo4 Kshape=[256,256,4,1] Vshape=[256,256,4,1] Keff=q4_1 Veff=f16 turbo_kv=1 prefer_native_vec=0 decode=1 dk=0 dv=1 unsafe_vec_after_turbo_v_decode=1 allow_vec=0 kernel=MMA_F16 need_f16_K=1 need_f16_V=0 Knb=[20,640,160,163840] Vnb=[66,528,132,135168] Keff_nb=[20,640,160,163840] Veff_nb=[2,2048,512,524288]
CUDA_FA_ROUTE_ALLOC kernel=MMA_F16 need_f16_K=1 need_f16_V=0 workspace_end_offset=557056 dst_data=(nil) f16_K=0x8000 f16_V=(nil) f16_end=0x88000
CUDA_FA_ROUTE_PLAN device=0 Q=[256,2,16,1] Kraw=q4_1 Vraw=turbo4 Kshape=[256,256,4,1] Vshape=[256,256,4,1] Keff=q4_1 Veff=f16 turbo_kv=1 prefer_native_vec=0 decode=1 dk=0 dv=1 unsafe_vec_after_turbo_v_decode=1 allow_vec=0 kernel=MMA_F16 need_f16_K=1 need_f16_V=0 Knb=[20,640,160,163840] Vnb=[66,528,132,135168] Keff_nb=[20,640,160,163840] Veff_nb=[2,2048,512,524288]
CUDA_FA_ROUTE_ALLOC kernel=MMA_F16 need_f16_K=1 need_f16_V=0 workspace_end_offset=557056 dst_data=(nil) f16_K=0x8000 f16_V=(nil) f16_end=0x88000
CUDA_FA_ROUTE_PLAN device=0 Q=[256,2,16,1] Kraw=q4_1 Vraw=turbo4 Kshape=[256,256,4,1] Vshape=[256,256,4,1] Keff=q4_1 Veff=f16 turbo_kv=1 prefer_native_vec=0 decode=1 dk=0 dv=1 unsafe_vec_after_turbo_v_decode=1 allow_vec=0 kernel=MMA_F16 need_f16_K=1 need_f16_V=0 Knb=[20,640,160,163840] Vnb=[66,528,132,135168] Keff_nb=[20,640,160,163840] Veff_nb=[2,2048,512,524288]
CUDA_FA_ROUTE_ALLOC kernel=MMA_F16 need_f16_K=1 need_f16_V=0 workspace_end_offset=557056 dst_data=(nil) f16_K=0x8000 f16_V=(nil) f16_end=0x88000
CUDA_FA_ROUTE_PLAN device=0 Q=[256,2,16,1] Kraw=q4_1 Vraw=turbo4 Kshape=[256,256,4,1] Vshape=[256,256,4,1] Keff=q4_1 Veff=f16 turbo_kv=1 prefer_native_vec=0 decode=1 dk=0 dv=1 unsafe_vec_after_turbo_v_decode=1 allow_vec=0 kernel=MMA_F16 need_f16_K=1 need_f16_V=0 Knb=[20,640,160,163840] Vnb=[66,528,132,135168] Keff_nb=[20,640,160,163840] Veff_nb=[2,2048,512,524288]
CUDA_FA_ROUTE_ALLOC kernel=MMA_F16 need_f16_K=1 need_f16_V=0 workspace_end_offset=557056 dst_data=(nil) f16_K=0x8000 f16_V=(nil) f16_end=0x88000
CUDA_FA_ROUTE_PLAN device=0 Q=[256,2,16,1] Kraw=q4_1 Vraw=turbo4 Kshape=[256,256,4,1] Vshape=[256,256,4,1] Keff=q4_1 Veff=f16 turbo_kv=1 prefer_native_vec=0 decode=1 dk=0 dv=1 unsafe_vec_after_turbo_v_decode=1 allow_vec=0 kernel=MMA_F16 need_f16_K=1 need_f16_V=0 Knb=[20,640,160,163840] Vnb=[66,528,132,135168] Keff_nb=[20,640,160,163840] Veff_nb=[2,2048,512,524288]
CUDA_FA_ROUTE_ALLOC kernel=MMA_F16 need_f16_K=1 need_f16_V=0 workspace_end_offset=557056 dst_data=(nil) f16_K=0x8000 f16_V=(nil) f16_end=0x88000
CUDA_FA_ROUTE_PLAN device=0 Q=[256,2,16,1] Kraw=q4_1 Vraw=turbo4 Kshape=[256,256,4,1] Vshape=[256,256,4,1] Keff=q4_1 Veff=f16 turbo_kv=1 prefer_native_vec=0 decode=1 dk=0 dv=1 unsafe_vec_after_turbo_v_decode=1 allow_vec=0 kernel=MMA_F16 need_f16_K=1 need_f16_V=0 Knb=[20,640,160,163840] Vnb=[66,528,132,135168] Keff_nb=[20,640,160,163840] Veff_nb=[2,2048,512,524288]
CUDA_FA_ROUTE_ALLOC kernel=MMA_F16 need_f16_K=1 need_f16_V=0 workspace_end_offset=557056 dst_data=(nil) f16_K=0x8000 f16_V=(nil) f16_end=0x88000
CUDA_FA_ROUTE_PLAN device=0 Q=[256,2,16,1] Kraw=q4_1 Vraw=turbo4 Kshape=[256,256,4,1] Vshape=[256,256,4,1] Keff=q4_1 Veff=f16 turbo_kv=1 prefer_native_vec=0 decode=1 dk=0 dv=1 unsafe_vec_after_turbo_v_decode=1 allow_vec=0 kernel=MMA_F16 need_f16_K=1 need_f16_V=0 Knb=[20,640,160,163840] Vnb=[66,528,132,135168] Keff_nb=[20,640,160,163840] Veff_nb=[2,2048,512,524288]
CUDA_FA_ROUTE_ALLOC kernel=MMA_F16 need_f16_K=1 need_f16_V=0 workspace_end_offset=557056 dst_data=(nil) f16_K=0x8000 f16_V=(nil) f16_end=0x88000
CUDA_FA_ROUTE_PLAN device=0 Q=[256,2,16,1] Kraw=q4_1 Vraw=turbo4 Kshape=[256,256,4,1] Vshape=[256,256,4,1] Keff=q4_1 Veff=f16 turbo_kv=1 prefer_native_vec=0 decode=1 dk=0 dv=1 unsafe_vec_after_turbo_v_decode=1 allow_vec=0 kernel=MMA_F16 need_f16_K=1 need_f16_V=0 Knb=[20,640,160,163840] Vnb=[66,528,132,135168] Keff_nb=[20,640,160,163840] Veff_nb=[2,2048,512,524288]
CUDA_FA_ROUTE_ALLOC kernel=MMA_F16 need_f16_K=1 need_f16_V=0 workspace_end_offset=557056 dst_data=(nil) f16_K=0x8000 f16_V=(nil) f16_end=0x88000
CUDA_FA_ROUTE_PLAN device=0 Q=[256,2,16,1] Kraw=q4_1 Vraw=turbo4 Kshape=[256,256,4,1] Vshape=[256,256,4,1] Keff=q4_1 Veff=f16 turbo_kv=1 prefer_native_vec=0 decode=1 dk=0 dv=1 unsafe_vec_after_turbo_v_decode=1 allow_vec=0 kernel=MMA_F16 need_f16_K=1 need_f16_V=0 Knb=[20,640,160,163840] Vnb=[66,528,132,135168] Keff_nb=[20,640,160,163840] Veff_nb=[2,2048,512,524288]
CUDA_FA_ROUTE_ALLOC kernel=MMA_F16 need_f16_K=1 need_f16_V=0 workspace_end_offset=557056 dst_data=(nil) f16_K=0x8000 f16_V=(nil) f16_end=0x88000
CUDA_FA_ROUTE_PLAN device=0 Q=[256,2,16,1] Kraw=q4_1 Vraw=turbo4 Kshape=[256,256,4,1] Vshape=[256,256,4,1] Keff=q4_1 Veff=f16 turbo_kv=1 prefer_native_vec=0 decode=1 dk=0 dv=1 unsafe_vec_after_turbo_v_decode=1 allow_vec=0 kernel=MMA_F16 need_f16_K=1 need_f16_V=0 Knb=[20,640,160,163840] Vnb=[66,528,132,135168] Keff_nb=[20,640,160,163840] Veff_nb=[2,2048,512,524288]
CUDA_FA_ROUTE_ALLOC kernel=MMA_F16 need_f16_K=1 need_f16_V=0 workspace_end_offset=557056 dst_data=(nil) f16_K=0x8000 f16_V=(nil) f16_end=0x88000
CUDA_FA_ROUTE_PLAN device=0 Q=[256,2,16,1] Kraw=q4_1 Vraw=turbo4 Kshape=[256,256,4,1] Vshape=[256,256,4,1] Keff=q4_1 Veff=f16 turbo_kv=1 prefer_native_vec=0 decode=1 dk=0 dv=1 unsafe_vec_after_turbo_v_decode=1 allow_vec=0 kernel=MMA_F16 need_f16_K=1 need_f16_V=0 Knb=[20,640,160,163840] Vnb=[66,528,132,135168] Keff_nb=[20,640,160,163840] Veff_nb=[2,2048,512,524288]
GGML_TURBO_FA_DEBUG: path=decode-dequant-or-vec K=q4_1 V=turbo4 Q=[256,2,16,1] K=[256,256,4,1] V=[256,256,4,1] prefill_safe=0 can_make_f16_K=0 can_make_f16_V=1 turbo_k_classic_v_prefill=0 vec_override=0 batch_ok=1 dim_ok=1 turing_mma=1
TCQ decode: context-adaptive V alpha enabled
CUDA_FA_ROUTE_EXEC_BEGIN Q=[256,2,16,1] Kraw=q4_1 Vraw=turbo4 decode=1 dk=0 dv=1 allow_vec=0 kernel=MMA_F16 need_f16_K=1 need_f16_V=0 Kdata=0x7efbae200000 Vdata=0x7efbae228000 dst=0x1000e074680
CUDA_FA_ROUTE_EXEC_DISPATCH Qrun=f32 Q=[256,2,16,1] Qdata=0x1000e06c680 Krun=q4_1 K=[256,256,4,1] Kdata=0x7efbae200000 Knb=[20,640,160,163840] Vrun=f16 V=[256,256,4,1] Vdata=0x7efbb7400000 Vnb=[2,2048,512,524288] kernel=MMA_F16 compiled_pair=1
CUDA_FA_ROUTE_PLAN device=0 Q=[256,2,16,1] Kraw=q4_1 Vraw=turbo4 Kshape=[256,256,4,1] Vshape=[256,256,4,1] Keff=q4_1 Veff=f16 turbo_kv=1 prefer_native_vec=0 decode=1 dk=0 dv=1 unsafe_vec_after_turbo_v_decode=1 allow_vec=0 kernel=MMA_F16 need_f16_K=1 need_f16_V=0 Knb=[20,640,160,163840] Vnb=[66,528,132,135168] Keff_nb=[20,640,160,163840] Veff_nb=[2,2048,512,524288]
GGML_TURBO_FA_DEBUG: path=decode-dequant-or-vec K=q4_1 V=turbo4 Q=[256,2,16,1] K=[256,256,4,1] V=[256,256,4,1] prefill_safe=0 can_make_f16_K=0 can_make_f16_V=1 turbo_k_classic_v_prefill=0 vec_override=0 batch_ok=1 dim_ok=1 turing_mma=1
CUDA_FA_ROUTE_EXEC_BEGIN Q=[256,2,16,1] Kraw=q4_1 Vraw=turbo4 decode=1 dk=0 dv=1 allow_vec=0 kernel=MMA_F16 need_f16_K=1 need_f16_V=0 Kdata=0x7efbae249000 Vdata=0x7efbae271000 dst=0x1000e074680
CUDA_FA_ROUTE_EXEC_DISPATCH Qrun=f32 Q=[256,2,16,1] Qdata=0x1000e06c680 Krun=q4_1 K=[256,256,4,1] Kdata=0x7efbae249000 Knb=[20,640,160,163840] Vrun=f16 V=[256,256,4,1] Vdata=0x7efbb7400000 Vnb=[2,2048,512,524288] kernel=MMA_F16 compiled_pair=1
CUDA_FA_ROUTE_PLAN device=0 Q=[256,2,16,1] Kraw=q4_1 Vraw=turbo4 Kshape=[256,256,4,1] Vshape=[256,256,4,1] Keff=q4_1 Veff=f16 turbo_kv=1 prefer_native_vec=0 decode=1 dk=0 dv=1 unsafe_vec_after_turbo_v_decode=1 allow_vec=0 kernel=MMA_F16 need_f16_K=1 need_f16_V=0 Knb=[20,640,160,163840] Vnb=[66,528,132,135168] Keff_nb=[20,640,160,163840] Veff_nb=[2,2048,512,524288]
GGML_TURBO_FA_DEBUG: path=decode-dequant-or-vec K=q4_1 V=turbo4 Q=[256,2,16,1] K=[256,256,4,1] V=[256,256,4,1] prefill_safe=0 can_make_f16_K=0 can_make_f16_V=1 turbo_k_classic_v_prefill=0 vec_override=0 batch_ok=1 dim_ok=1 turing_mma=1
CUDA_FA_ROUTE_EXEC_BEGIN Q=[256,2,16,1] Kraw=q4_1 Vraw=turbo4 decode=1 dk=0 dv=1 allow_vec=0 kernel=MMA_F16 need_f16_K=1 need_f16_V=0 Kdata=0x7efbae292000 Vdata=0x7efbae2ba000 dst=0x1000e074680
CUDA_FA_ROUTE_EXEC_DISPATCH Qrun=f32 Q=[256,2,16,1] Qdata=0x1000e06c680 Krun=q4_1 K=[256,256,4,1] Kdata=0x7efbae292000 Knb=[20,640,160,163840] Vrun=f16 V=[256,256,4,1] Vdata=0x7efbb7400000 Vnb=[2,2048,512,524288] kernel=MMA_F16 compiled_pair=1
CUDA_FA_ROUTE_PLAN device=0 Q=[256,2,16,1] Kraw=q4_1 Vraw=turbo4 Kshape=[256,256,4,1] Vshape=[256,256,4,1] Keff=q4_1 Veff=f16 turbo_kv=1 prefer_native_vec=0 decode=1 dk=0 dv=1 unsafe_vec_after_turbo_v_decode=1 allow_vec=0 kernel=MMA_F16 need_f16_K=1 need_f16_V=0 Knb=[20,640,160,163840] Vnb=[66,528,132,135168] Keff_nb=[20,640,160,163840] Veff_nb=[2,2048,512,524288]
GGML_TURBO_FA_DEBUG: path=decode-dequant-or-vec K=q4_1 V=turbo4 Q=[256,2,16,1] K=[256,256,4,1] V=[256,256,4,1] prefill_safe=0 can_make_f16_K=0 can_make_f16_V=1 turbo_k_classic_v_prefill=0 vec_override=0 batch_ok=1 dim_ok=1 turing_mma=1
CUDA_FA_ROUTE_EXEC_BEGIN Q=[256,2,16,1] Kraw=q4_1 Vraw=turbo4 decode=1 dk=0 dv=1 allow_vec=0 kernel=MMA_F16 need_f16_K=1 need_f16_V=0 Kdata=0x7efbae2db000 Vdata=0x7efbae303000 dst=0x1000e074680
CUDA_FA_ROUTE_EXEC_DISPATCH Qrun=f32 Q=[256,2,16,1] Qdata=0x1000e06c680 Krun=q4_1 K=[256,256,4,1] Kdata=0x7efbae2db000 Knb=[20,640,160,163840] Vrun=f16 V=[256,256,4,1] Vdata=0x7efbb7400000 Vnb=[2,2048,512,524288] kernel=MMA_F16 compiled_pair=1
CUDA_FA_ROUTE_PLAN device=0 Q=[256,2,16,1] Kraw=q4_1 Vraw=turbo4 Kshape=[256,256,4,1] Vshape=[256,256,4,1] Keff=q4_1 Veff=f16 turbo_kv=1 prefer_native_vec=0 decode=1 dk=0 dv=1 unsafe_vec_after_turbo_v_decode=1 allow_vec=0 kernel=MMA_F16 need_f16_K=1 need_f16_V=0 Knb=[20,640,160,163840] Vnb=[66,528,132,135168] Keff_nb=[20,640,160,163840] Veff_nb=[2,2048,512,524288]
GGML_TURBO_FA_DEBUG: path=decode-dequant-or-vec K=q4_1 V=turbo4 Q=[256,2,16,1] K=[256,256,4,1] V=[256,256,4,1] prefill_safe=0 can_make_f16_K=0 can_make_f16_V=1 turbo_k_classic_v_prefill=0 vec_override=0 batch_ok=1 dim_ok=1 turing_mma=1
CUDA_FA_ROUTE_EXEC_BEGIN Q=[256,2,16,1] Kraw=q4_1 Vraw=turbo4 decode=1 dk=0 dv=1 allow_vec=0 kernel=MMA_F16 need_f16_K=1 need_f16_V=0 Kdata=0x7efbae324000 Vdata=0x7efbae34c000 dst=0x1000e074680
CUDA_FA_ROUTE_EXEC_DISPATCH Qrun=f32 Q=[256,2,16,1] Qdata=0x1000e06c680 Krun=q4_1 K=[256,256,4,1] Kdata=0x7efbae324000 Knb=[20,640,160,163840] Vrun=f16 V=[256,256,4,1] Vdata=0x7efbb7400000 Vnb=[2,2048,512,524288] kernel=MMA_F16 compiled_pair=1
CUDA_FA_ROUTE_PLAN device=0 Q=[256,2,16,1] Kraw=q4_1 Vraw=turbo4 Kshape=[256,256,4,1] Vshape=[256,256,4,1] Keff=q4_1 Veff=f16 turbo_kv=1 prefer_native_vec=0 decode=1 dk=0 dv=1 unsafe_vec_after_turbo_v_decode=1 allow_vec=0 kernel=MMA_F16 need_f16_K=1 need_f16_V=0 Knb=[20,640,160,163840] Vnb=[66,528,132,135168] Keff_nb=[20,640,160,163840] Veff_nb=[2,2048,512,524288]
GGML_TURBO_FA_DEBUG: path=decode-dequant-or-vec K=q4_1 V=turbo4 Q=[256,2,16,1] K=[256,256,4,1] V=[256,256,4,1] prefill_safe=0 can_make_f16_K=0 can_make_f16_V=1 turbo_k_classic_v_prefill=0 vec_override=0 batch_ok=1 dim_ok=1 turing_mma=1
CUDA_FA_ROUTE_EXEC_BEGIN Q=[256,2,16,1] Kraw=q4_1 Vraw=turbo4 decode=1 dk=0 dv=1 allow_vec=0 kernel=MMA_F16 need_f16_K=1 need_f16_V=0 Kdata=0x7efbae36d000 Vdata=0x7efbae395000 dst=0x1000e074680
CUDA_FA_ROUTE_EXEC_DISPATCH Qrun=f32 Q=[256,2,16,1] Qdata=0x1000e06c680 Krun=q4_1 K=[256,256,4,1] Kdata=0x7efbae36d000 Knb=[20,640,160,163840] Vrun=f16 V=[256,256,4,1] Vdata=0x7efbb7400000 Vnb=[2,2048,512,524288] kernel=MMA_F16 compiled_pair=1
CUDA_FA_ROUTE_PLAN device=0 Q=[256,2,16,1] Kraw=q4_1 Vraw=turbo4 Kshape=[256,256,4,1] Vshape=[256,256,4,1] Keff=q4_1 Veff=f16 turbo_kv=1 prefer_native_vec=0 decode=1 dk=0 dv=1 unsafe_vec_after_turbo_v_decode=1 allow_vec=0 kernel=MMA_F16 need_f16_K=1 need_f16_V=0 Knb=[20,640,160,163840] Vnb=[66,528,132,135168] Keff_nb=[20,640,160,163840] Veff_nb=[2,2048,512,524288]
GGML_TURBO_FA_DEBUG: path=decode-dequant-or-vec K=q4_1 V=turbo4 Q=[256,2,16,1] K=[256,256,4,1] V=[256,256,4,1] prefill_safe=0 can_make_f16_K=0 can_make_f16_V=1 turbo_k_classic_v_prefill=0 vec_override=0 batch_ok=1 dim_ok=1 turing_mma=1
CUDA_FA_ROUTE_EXEC_BEGIN Q=[256,2,16,1] Kraw=q4_1 Vraw=turbo4 decode=1 dk=0 dv=1 allow_vec=0 kernel=MMA_F16 need_f16_K=1 need_f16_V=0 Kdata=0x7efbae3b6000 Vdata=0x7efbae3de000 dst=0x1000e074680
CUDA_FA_ROUTE_EXEC_DISPATCH Qrun=f32 Q=[256,2,16,1] Qdata=0x1000e06c680 Krun=q4_1 K=[256,256,4,1] Kdata=0x7efbae3b6000 Knb=[20,640,160,163840] Vrun=f16 V=[256,256,4,1] Vdata=0x7efbb7400000 Vnb=[2,2048,512,524288] kernel=MMA_F16 compiled_pair=1
CUDA_FA_ROUTE_PLAN device=0 Q=[256,2,16,1] Kraw=q4_1 Vraw=turbo4 Kshape=[256,256,4,1] Vshape=[256,256,4,1] Keff=q4_1 Veff=f16 turbo_kv=1 prefer_native_vec=0 decode=1 dk=0 dv=1 unsafe_vec_after_turbo_v_decode=1 allow_vec=0 kernel=MMA_F16 need_f16_K=1 need_f16_V=0 Knb=[20,640,160,163840] Vnb=[66,528,132,135168] Keff_nb=[20,640,160,163840] Veff_nb=[2,2048,512,524288]
GGML_TURBO_FA_DEBUG: path=decode-dequant-or-vec K=q4_1 V=turbo4 Q=[256,2,16,1] K=[256,256,4,1] V=[256,256,4,1] prefill_safe=0 can_make_f16_K=0 can_make_f16_V=1 turbo_k_classic_v_prefill=0 vec_override=0 batch_ok=1 dim_ok=1 turing_mma=1
CUDA_FA_ROUTE_EXEC_BEGIN Q=[256,2,16,1] Kraw=q4_1 Vraw=turbo4 decode=1 dk=0 dv=1 allow_vec=0 kernel=MMA_F16 need_f16_K=1 need_f16_V=0 Kdata=0x7efbae3ff000 Vdata=0x7efbae427000 dst=0x1000e074680
CUDA_FA_ROUTE_EXEC_DISPATCH Qrun=f32 Q=[256,2,16,1] Qdata=0x1000e06c680 Krun=q4_1 K=[256,256,4,1] Kdata=0x7efbae3ff000 Knb=[20,640,160,163840] Vrun=f16 V=[256,256,4,1] Vdata=0x7efbb7400000 Vnb=[2,2048,512,524288] kernel=MMA_F16 compiled_pair=1
0.02.909.174 I llama_completion: llama threadpool init, n_threads = 6
0.02.909.197 I 
0.02.909.242 I system_info: n_threads = 6 (n_threads_batch = 6) / 12 | CUDA : ARCHS = 860 | USE_GRAPHS = 1 | CPU : SSE3 = 1 | SSSE3 = 1 | AVX = 1 | AVX_VNNI = 1 | AVX2 = 1 | F16C = 1 | FMA = 1 | BMI2 = 1 | LLAMAFILE = 1 | OPENMP = 1 | REPACK = 1 | 
0.02.909.244 I 
0.02.909.301 I sampler seed: 3696049655
0.02.909.308 I sampler params: 
	repeat_last_n = 64, repeat_penalty = 1.000, frequency_penalty = 0.000, presence_penalty = 0.000
	dry_multiplier = 0.000, dry_base = 1.750, dry_allowed_length = 2, dry_penalty_last_n = -1
	top_k = 40, top_p = 0.950, min_p = 0.050, xtc_probability = 0.000, xtc_threshold = 0.100, typical_p = 1.000, top_n_sigma = -1.000, temp = 0.800
	mirostat = 0, mirostat_lr = 0.100, mirostat_ent = 5.000, adaptive_target = -1.000, adaptive_decay = 0.900
0.02.909.312 I sampler chain: logits -> ?penalties -> ?dry -> ?top-n-sigma -> top-k -> ?typical -> top-p -> min-p -> ?xtc -> temp-ext -> dist 
0.02.909.313 I generate: n_ctx = 256, n_batch = 2048, n_predict = 2, n_keep = 0
0.02.909.313 I 
The capital of France isCUDA_FA_ROUTE_PLAN device=0 Q=[256,5,16,1] Kraw=q4_1 Vraw=turbo4 Kshape=[256,256,4,1] Vshape=[256,256,4,1] Keff=q4_1 Veff=f16 turbo_kv=1 prefer_native_vec=0 decode=1 dk=0 dv=1 unsafe_vec_after_turbo_v_decode=1 allow_vec=0 kernel=MMA_F16 need_f16_K=1 need_f16_V=0 Knb=[20,640,160,163840] Vnb=[66,528,132,135168] Keff_nb=[20,640,160,163840] Veff_nb=[2,2048,512,524288]
CUDA_FA_ROUTE_SUPPORTED kernel=MMA_F16 effK=q4_1 effV=f16 supported=1
CUDA_FA_ROUTE_PLAN device=0 Q=[256,5,16,1] Kraw=q4_1 Vraw=turbo4 Kshape=[256,256,4,1] Vshape=[256,256,4,1] Keff=q4_1 Veff=f16 turbo_kv=1 prefer_native_vec=0 decode=1 dk=0 dv=1 unsafe_vec_after_turbo_v_decode=1 allow_vec=0 kernel=MMA_F16 need_f16_K=1 need_f16_V=0 Knb=[20,640,160,163840] Vnb=[66,528,132,135168] Keff_nb=[20,640,160,163840] Veff_nb=[2,2048,512,524288]
CUDA_FA_ROUTE_SUPPORTED kernel=MMA_F16 effK=q4_1 effV=f16 supported=1
CUDA_FA_ROUTE_PLAN device=0 Q=[256,5,16,1] Kraw=q4_1 Vraw=turbo4 Kshape=[256,256,4,1] Vshape=[256,256,4,1] Keff=q4_1 Veff=f16 turbo_kv=1 prefer_native_vec=0 decode=1 dk=0 dv=1 unsafe_vec_after_turbo_v_decode=1 allow_vec=0 kernel=MMA_F16 need_f16_K=1 need_f16_V=0 Knb=[20,640,160,163840] Vnb=[66,528,132,135168] Keff_nb=[20,640,160,163840] Veff_nb=[2,2048,512,524288]
CUDA_FA_ROUTE_SUPPORTED kernel=MMA_F16 effK=q4_1 effV=f16 supported=1
CUDA_FA_ROUTE_PLAN device=0 Q=[256,5,16,1] Kraw=q4_1 Vraw=turbo4 Kshape=[256,256,4,1] Vshape=[256,256,4,1] Keff=q4_1 Veff=f16 turbo_kv=1 prefer_native_vec=0 decode=1 dk=0 dv=1 unsafe_vec_after_turbo_v_decode=1 allow_vec=0 kernel=MMA_F16 need_f16_K=1 need_f16_V=0 Knb=[20,640,160,163840] Vnb=[66,528,132,135168] Keff_nb=[20,640,160,163840] Veff_nb=[2,2048,512,524288]
CUDA_FA_ROUTE_SUPPORTED kernel=MMA_F16 effK=q4_1 effV=f16 supported=1
CUDA_FA_ROUTE_PLAN device=0 Q=[256,5,16,1] Kraw=q4_1 Vraw=turbo4 Kshape=[256,256,4,1] Vshape=[256,256,4,1] Keff=q4_1 Veff=f16 turbo_kv=1 prefer_native_vec=0 decode=1 dk=0 dv=1 unsafe_vec_after_turbo_v_decode=1 allow_vec=0 kernel=MMA_F16 need_f16_K=1 need_f16_V=0 Knb=[20,640,160,163840] Vnb=[66,528,132,135168] Keff_nb=[20,640,160,163840] Veff_nb=[2,2048,512,524288]
CUDA_FA_ROUTE_SUPPORTED kernel=MMA_F16 effK=q4_1 effV=f16 supported=1
CUDA_FA_ROUTE_PLAN device=0 Q=[256,5,16,1] Kraw=q4_1 Vraw=turbo4 Kshape=[256,256,4,1] Vshape=[256,256,4,1] Keff=q4_1 Veff=f16 turbo_kv=1 prefer_native_vec=0 decode=1 dk=0 dv=1 unsafe_vec_after_turbo_v_decode=1 allow_vec=0 kernel=MMA_F16 need_f16_K=1 need_f16_V=0 Knb=[20,640,160,163840] Vnb=[66,528,132,135168] Keff_nb=[20,640,160,163840] Veff_nb=[2,2048,512,524288]
CUDA_FA_ROUTE_SUPPORTED kernel=MMA_F16 effK=q4_1 effV=f16 supported=1
CUDA_FA_ROUTE_PLAN device=0 Q=[256,5,16,1] Kraw=q4_1 Vraw=turbo4 Kshape=[256,256,4,1] Vshape=[256,256,4,1] Keff=q4_1 Veff=f16 turbo_kv=1 prefer_native_vec=0 decode=1 dk=0 dv=1 unsafe_vec_after_turbo_v_decode=1 allow_vec=0 kernel=MMA_F16 need_f16_K=1 need_f16_V=0 Knb=[20,640,160,163840] Vnb=[66,528,132,135168] Keff_nb=[20,640,160,163840] Veff_nb=[2,2048,512,524288]
CUDA_FA_ROUTE_SUPPORTED kernel=MMA_F16 effK=q4_1 effV=f16 supported=1
CUDA_FA_ROUTE_PLAN device=0 Q=[256,5,16,1] Kraw=q4_1 Vraw=turbo4 Kshape=[256,256,4,1] Vshape=[256,256,4,1] Keff=q4_1 Veff=f16 turbo_kv=1 prefer_native_vec=0 decode=1 dk=0 dv=1 unsafe_vec_after_turbo_v_decode=1 allow_vec=0 kernel=MMA_F16 need_f16_K=1 need_f16_V=0 Knb=[20,640,160,163840] Vnb=[66,528,132,135168] Keff_nb=[20,640,160,163840] Veff_nb=[2,2048,512,524288]
CUDA_FA_ROUTE_SUPPORTED kernel=MMA_F16 effK=q4_1 effV=f16 supported=1
CUDA_FA_ROUTE_PLAN device=0 Q=[256,5,16,1] Kraw=q4_1 Vraw=turbo4 Kshape=[256,256,4,1] Vshape=[256,256,4,1] Keff=q4_1 Veff=f16 turbo_kv=1 prefer_native_vec=0 decode=1 dk=0 dv=1 unsafe_vec_after_turbo_v_decode=1 allow_vec=0 kernel=MMA_F16 need_f16_K=1 need_f16_V=0 Knb=[20,640,160,163840] Vnb=[66,528,132,135168] Keff_nb=[20,640,160,163840] Veff_nb=[2,2048,512,524288]
CUDA_FA_ROUTE_ALLOC kernel=MMA_F16 need_f16_K=1 need_f16_V=0 workspace_end_offset=606208 dst_data=(nil) f16_K=0x14000 f16_V=(nil) f16_end=0x94000
CUDA_FA_ROUTE_PLAN device=0 Q=[256,5,16,1] Kraw=q4_1 Vraw=turbo4 Kshape=[256,256,4,1] Vshape=[256,256,4,1] Keff=q4_1 Veff=f16 turbo_kv=1 prefer_native_vec=0 decode=1 dk=0 dv=1 unsafe_vec_after_turbo_v_decode=1 allow_vec=0 kernel=MMA_F16 need_f16_K=1 need_f16_V=0 Knb=[20,640,160,163840] Vnb=[66,528,132,135168] Keff_nb=[20,640,160,163840] Veff_nb=[2,2048,512,524288]
CUDA_FA_ROUTE_ALLOC kernel=MMA_F16 need_f16_K=1 need_f16_V=0 workspace_end_offset=606208 dst_data=(nil) f16_K=0x14000 f16_V=(nil) f16_end=0x94000
CUDA_FA_ROUTE_PLAN device=0 Q=[256,5,16,1] Kraw=q4_1 Vraw=turbo4 Kshape=[256,256,4,1] Vshape=[256,256,4,1] Keff=q4_1 Veff=f16 turbo_kv=1 prefer_native_vec=0 decode=1 dk=0 dv=1 unsafe_vec_after_turbo_v_decode=1 allow_vec=0 kernel=MMA_F16 need_f16_K=1 need_f16_V=0 Knb=[20,640,160,163840] Vnb=[66,528,132,135168] Keff_nb=[20,640,160,163840] Veff_nb=[2,2048,512,524288]
CUDA_FA_ROUTE_ALLOC kernel=MMA_F16 need_f16_K=1 need_f16_V=0 workspace_end_offset=606208 dst_data=(nil) f16_K=0x14000 f16_V=(nil) f16_end=0x94000
CUDA_FA_ROUTE_PLAN device=0 Q=[256,5,16,1] Kraw=q4_1 Vraw=turbo4 Kshape=[256,256,4,1] Vshape=[256,256,4,1] Keff=q4_1 Veff=f16 turbo_kv=1 prefer_native_vec=0 decode=1 dk=0 dv=1 unsafe_vec_after_turbo_v_decode=1 allow_vec=0 kernel=MMA_F16 need_f16_K=1 need_f16_V=0 Knb=[20,640,160,163840] Vnb=[66,528,132,135168] Keff_nb=[20,640,160,163840] Veff_nb=[2,2048,512,524288]
CUDA_FA_ROUTE_ALLOC kernel=MMA_F16 need_f16_K=1 need_f16_V=0 workspace_end_offset=606208 dst_data=(nil) f16_K=0x14000 f16_V=(nil) f16_end=0x94000
CUDA_FA_ROUTE_PLAN device=0 Q=[256,5,16,1] Kraw=q4_1 Vraw=turbo4 Kshape=[256,256,4,1] Vshape=[256,256,4,1] Keff=q4_1 Veff=f16 turbo_kv=1 prefer_native_vec=0 decode=1 dk=0 dv=1 unsafe_vec_after_turbo_v_decode=1 allow_vec=0 kernel=MMA_F16 need_f16_K=1 need_f16_V=0 Knb=[20,640,160,163840] Vnb=[66,528,132,135168] Keff_nb=[20,640,160,163840] Veff_nb=[2,2048,512,524288]
CUDA_FA_ROUTE_ALLOC kernel=MMA_F16 need_f16_K=1 need_f16_V=0 workspace_end_offset=606208 dst_data=(nil) f16_K=0x14000 f16_V=(nil) f16_end=0x94000
CUDA_FA_ROUTE_PLAN device=0 Q=[256,5,16,1] Kraw=q4_1 Vraw=turbo4 Kshape=[256,256,4,1] Vshape=[256,256,4,1] Keff=q4_1 Veff=f16 turbo_kv=1 prefer_native_vec=0 decode=1 dk=0 dv=1 unsafe_vec_after_turbo_v_decode=1 allow_vec=0 kernel=MMA_F16 need_f16_K=1 need_f16_V=0 Knb=[20,640,160,163840] Vnb=[66,528,132,135168] Keff_nb=[20,640,160,163840] Veff_nb=[2,2048,512,524288]
CUDA_FA_ROUTE_ALLOC kernel=MMA_F16 need_f16_K=1 need_f16_V=0 workspace_end_offset=606208 dst_data=(nil) f16_K=0x14000 f16_V=(nil) f16_end=0x94000
CUDA_FA_ROUTE_PLAN device=0 Q=[256,5,16,1] Kraw=q4_1 Vraw=turbo4 Kshape=[256,256,4,1] Vshape=[256,256,4,1] Keff=q4_1 Veff=f16 turbo_kv=1 prefer_native_vec=0 decode=1 dk=0 dv=1 unsafe_vec_after_turbo_v_decode=1 allow_vec=0 kernel=MMA_F16 need_f16_K=1 need_f16_V=0 Knb=[20,640,160,163840] Vnb=[66,528,132,135168] Keff_nb=[20,640,160,163840] Veff_nb=[2,2048,512,524288]
CUDA_FA_ROUTE_ALLOC kernel=MMA_F16 need_f16_K=1 need_f16_V=0 workspace_end_offset=606208 dst_data=(nil) f16_K=0x14000 f16_V=(nil) f16_end=0x94000
CUDA_FA_ROUTE_PLAN device=0 Q=[256,5,16,1] Kraw=q4_1 Vraw=turbo4 Kshape=[256,256,4,1] Vshape=[256,256,4,1] Keff=q4_1 Veff=f16 turbo_kv=1 prefer_native_vec=0 decode=1 dk=0 dv=1 unsafe_vec_after_turbo_v_decode=1 allow_vec=0 kernel=MMA_F16 need_f16_K=1 need_f16_V=0 Knb=[20,640,160,163840] Vnb=[66,528,132,135168] Keff_nb=[20,640,160,163840] Veff_nb=[2,2048,512,524288]
CUDA_FA_ROUTE_ALLOC kernel=MMA_F16 need_f16_K=1 need_f16_V=0 workspace_end_offset=606208 dst_data=(nil) f16_K=0x14000 f16_V=(nil) f16_end=0x94000
CUDA_FA_ROUTE_PLAN device=0 Q=[256,5,16,1] Kraw=q4_1 Vraw=turbo4 Kshape=[256,256,4,1] Vshape=[256,256,4,1] Keff=q4_1 Veff=f16 turbo_kv=1 prefer_native_vec=0 decode=1 dk=0 dv=1 unsafe_vec_after_turbo_v_decode=1 allow_vec=0 kernel=MMA_F16 need_f16_K=1 need_f16_V=0 Knb=[20,640,160,163840] Vnb=[66,528,132,135168] Keff_nb=[20,640,160,163840] Veff_nb=[2,2048,512,524288]
CUDA_FA_ROUTE_ALLOC kernel=MMA_F16 need_f16_K=1 need_f16_V=0 workspace_end_offset=606208 dst_data=(nil) f16_K=0x14000 f16_V=(nil) f16_end=0x94000
CUDA_FA_ROUTE_PLAN device=0 Q=[256,5,16,1] Kraw=q4_1 Vraw=turbo4 Kshape=[256,256,4,1] Vshape=[256,256,4,1] Keff=q4_1 Veff=f16 turbo_kv=1 prefer_native_vec=0 decode=1 dk=0 dv=1 unsafe_vec_after_turbo_v_decode=1 allow_vec=0 kernel=MMA_F16 need_f16_K=1 need_f16_V=0 Knb=[20,640,160,163840] Vnb=[66,528,132,135168] Keff_nb=[20,640,160,163840] Veff_nb=[2,2048,512,524288]
CUDA_FA_ROUTE_ALLOC kernel=MMA_F16 need_f16_K=1 need_f16_V=0 workspace_end_offset=606208 dst_data=(nil) f16_K=0x14000 f16_V=(nil) f16_end=0x94000
CUDA_FA_ROUTE_PLAN device=0 Q=[256,5,16,1] Kraw=q4_1 Vraw=turbo4 Kshape=[256,256,4,1] Vshape=[256,256,4,1] Keff=q4_1 Veff=f16 turbo_kv=1 prefer_native_vec=0 decode=1 dk=0 dv=1 unsafe_vec_after_turbo_v_decode=1 allow_vec=0 kernel=MMA_F16 need_f16_K=1 need_f16_V=0 Knb=[20,640,160,163840] Vnb=[66,528,132,135168] Keff_nb=[20,640,160,163840] Veff_nb=[2,2048,512,524288]
CUDA_FA_ROUTE_ALLOC kernel=MMA_F16 need_f16_K=1 need_f16_V=0 workspace_end_offset=606208 dst_data=(nil) f16_K=0x14000 f16_V=(nil) f16_end=0x94000
CUDA_FA_ROUTE_PLAN device=0 Q=[256,5,16,1] Kraw=q4_1 Vraw=turbo4 Kshape=[256,256,4,1] Vshape=[256,256,4,1] Keff=q4_1 Veff=f16 turbo_kv=1 prefer_native_vec=0 decode=1 dk=0 dv=1 unsafe_vec_after_turbo_v_decode=1 allow_vec=0 kernel=MMA_F16 need_f16_K=1 need_f16_V=0 Knb=[20,640,160,163840] Vnb=[66,528,132,135168] Keff_nb=[20,640,160,163840] Veff_nb=[2,2048,512,524288]
CUDA_FA_ROUTE_ALLOC kernel=MMA_F16 need_f16_K=1 need_f16_V=0 workspace_end_offset=606208 dst_data=(nil) f16_K=0x14000 f16_V=(nil) f16_end=0x94000
CUDA_FA_ROUTE_PLAN device=0 Q=[256,5,16,1] Kraw=q4_1 Vraw=turbo4 Kshape=[256,256,4,1] Vshape=[256,256,4,1] Keff=q4_1 Veff=f16 turbo_kv=1 prefer_native_vec=0 decode=1 dk=0 dv=1 unsafe_vec_after_turbo_v_decode=1 allow_vec=0 kernel=MMA_F16 need_f16_K=1 need_f16_V=0 Knb=[20,640,160,163840] Vnb=[66,528,132,135168] Keff_nb=[20,640,160,163840] Veff_nb=[2,2048,512,524288]
CUDA_FA_ROUTE_ALLOC kernel=MMA_F16 need_f16_K=1 need_f16_V=0 workspace_end_offset=606208 dst_data=(nil) f16_K=0x14000 f16_V=(nil) f16_end=0x94000
CUDA_FA_ROUTE_PLAN device=0 Q=[256,5,16,1] Kraw=q4_1 Vraw=turbo4 Kshape=[256,256,4,1] Vshape=[256,256,4,1] Keff=q4_1 Veff=f16 turbo_kv=1 prefer_native_vec=0 decode=1 dk=0 dv=1 unsafe_vec_after_turbo_v_decode=1 allow_vec=0 kernel=MMA_F16 need_f16_K=1 need_f16_V=0 Knb=[20,640,160,163840] Vnb=[66,528,132,135168] Keff_nb=[20,640,160,163840] Veff_nb=[2,2048,512,524288]
CUDA_FA_ROUTE_ALLOC kernel=MMA_F16 need_f16_K=1 need_f16_V=0 workspace_end_offset=606208 dst_data=(nil) f16_K=0x14000 f16_V=(nil) f16_end=0x94000
CUDA_FA_ROUTE_PLAN device=0 Q=[256,5,16,1] Kraw=q4_1 Vraw=turbo4 Kshape=[256,256,4,1] Vshape=[256,256,4,1] Keff=q4_1 Veff=f16 turbo_kv=1 prefer_native_vec=0 decode=1 dk=0 dv=1 unsafe_vec_after_turbo_v_decode=1 allow_vec=0 kernel=MMA_F16 need_f16_K=1 need_f16_V=0 Knb=[20,640,160,163840] Vnb=[66,528,132,135168] Keff_nb=[20,640,160,163840] Veff_nb=[2,2048,512,524288]
CUDA_FA_ROUTE_ALLOC kernel=MMA_F16 need_f16_K=1 need_f16_V=0 workspace_end_offset=606208 dst_data=(nil) f16_K=0x14000 f16_V=(nil) f16_end=0x94000
CUDA_FA_ROUTE_PLAN device=0 Q=[256,5,16,1] Kraw=q4_1 Vraw=turbo4 Kshape=[256,256,4,1] Vshape=[256,256,4,1] Keff=q4_1 Veff=f16 turbo_kv=1 prefer_native_vec=0 decode=1 dk=0 dv=1 unsafe_vec_after_turbo_v_decode=1 allow_vec=0 kernel=MMA_F16 need_f16_K=1 need_f16_V=0 Knb=[20,640,160,163840] Vnb=[66,528,132,135168] Keff_nb=[20,640,160,163840] Veff_nb=[2,2048,512,524288]
CUDA_FA_ROUTE_ALLOC kernel=MMA_F16 need_f16_K=1 need_f16_V=0 workspace_end_offset=606208 dst_data=(nil) f16_K=0x14000 f16_V=(nil) f16_end=0x94000
CUDA_FA_ROUTE_PLAN device=0 Q=[256,5,16,1] Kraw=q4_1 Vraw=turbo4 Kshape=[256,256,4,1] Vshape=[256,256,4,1] Keff=q4_1 Veff=f16 turbo_kv=1 prefer_native_vec=0 decode=1 dk=0 dv=1 unsafe_vec_after_turbo_v_decode=1 allow_vec=0 kernel=MMA_F16 need_f16_K=1 need_f16_V=0 Knb=[20,640,160,163840] Vnb=[66,528,132,135168] Keff_nb=[20,640,160,163840] Veff_nb=[2,2048,512,524288]
CUDA_FA_ROUTE_ALLOC kernel=MMA_F16 need_f16_K=1 need_f16_V=0 workspace_end_offset=606208 dst_data=(nil) f16_K=0x14000 f16_V=(nil) f16_end=0x94000
CUDA_FA_ROUTE_PLAN device=0 Q=[256,5,16,1] Kraw=q4_1 Vraw=turbo4 Kshape=[256,256,4,1] Vshape=[256,256,4,1] Keff=q4_1 Veff=f16 turbo_kv=1 prefer_native_vec=0 decode=1 dk=0 dv=1 unsafe_vec_after_turbo_v_decode=1 allow_vec=0 kernel=MMA_F16 need_f16_K=1 need_f16_V=0 Knb=[20,640,160,163840] Vnb=[66,528,132,135168] Keff_nb=[20,640,160,163840] Veff_nb=[2,2048,512,524288]
CUDA_FA_ROUTE_ALLOC kernel=MMA_F16 need_f16_K=1 need_f16_V=0 workspace_end_offset=606208 dst_data=(nil) f16_K=0x14000 f16_V=(nil) f16_end=0x94000
CUDA_FA_ROUTE_PLAN device=0 Q=[256,5,16,1] Kraw=q4_1 Vraw=turbo4 Kshape=[256,256,4,1] Vshape=[256,256,4,1] Keff=q4_1 Veff=f16 turbo_kv=1 prefer_native_vec=0 decode=1 dk=0 dv=1 unsafe_vec_after_turbo_v_decode=1 allow_vec=0 kernel=MMA_F16 need_f16_K=1 need_f16_V=0 Knb=[20,640,160,163840] Vnb=[66,528,132,135168] Keff_nb=[20,640,160,163840] Veff_nb=[2,2048,512,524288]
CUDA_FA_ROUTE_ALLOC kernel=MMA_F16 need_f16_K=1 need_f16_V=0 workspace_end_offset=606208 dst_data=(nil) f16_K=0x14000 f16_V=(nil) f16_end=0x94000
CUDA_FA_ROUTE_PLAN device=0 Q=[256,5,16,1] Kraw=q4_1 Vraw=turbo4 Kshape=[256,256,4,1] Vshape=[256,256,4,1] Keff=q4_1 Veff=f16 turbo_kv=1 prefer_native_vec=0 decode=1 dk=0 dv=1 unsafe_vec_after_turbo_v_decode=1 allow_vec=0 kernel=MMA_F16 need_f16_K=1 need_f16_V=0 Knb=[20,640,160,163840] Vnb=[66,528,132,135168] Keff_nb=[20,640,160,163840] Veff_nb=[2,2048,512,524288]
CUDA_FA_ROUTE_ALLOC kernel=MMA_F16 need_f16_K=1 need_f16_V=0 workspace_end_offset=606208 dst_data=(nil) f16_K=0x14000 f16_V=(nil) f16_end=0x94000
CUDA_FA_ROUTE_PLAN device=0 Q=[256,5,16,1] Kraw=q4_1 Vraw=turbo4 Kshape=[256,256,4,1] Vshape=[256,256,4,1] Keff=q4_1 Veff=f16 turbo_kv=1 prefer_native_vec=0 decode=1 dk=0 dv=1 unsafe_vec_after_turbo_v_decode=1 allow_vec=0 kernel=MMA_F16 need_f16_K=1 need_f16_V=0 Knb=[20,640,160,163840] Vnb=[66,528,132,135168] Keff_nb=[20,640,160,163840] Veff_nb=[2,2048,512,524288]
CUDA_FA_ROUTE_ALLOC kernel=MMA_F16 need_f16_K=1 need_f16_V=0 workspace_end_offset=606208 dst_data=(nil) f16_K=0x14000 f16_V=(nil) f16_end=0x94000
CUDA_FA_ROUTE_PLAN device=0 Q=[256,5,16,1] Kraw=q4_1 Vraw=turbo4 Kshape=[256,256,4,1] Vshape=[256,256,4,1] Keff=q4_1 Veff=f16 turbo_kv=1 prefer_native_vec=0 decode=1 dk=0 dv=1 unsafe_vec_after_turbo_v_decode=1 allow_vec=0 kernel=MMA_F16 need_f16_K=1 need_f16_V=0 Knb=[20,640,160,163840] Vnb=[66,528,132,135168] Keff_nb=[20,640,160,163840] Veff_nb=[2,2048,512,524288]
CUDA_FA_ROUTE_ALLOC kernel=MMA_F16 need_f16_K=1 need_f16_V=0 workspace_end_offset=606208 dst_data=(nil) f16_K=0x14000 f16_V=(nil) f16_end=0x94000
CUDA_FA_ROUTE_PLAN device=0 Q=[256,5,16,1] Kraw=q4_1 Vraw=turbo4 Kshape=[256,256,4,1] Vshape=[256,256,4,1] Keff=q4_1 Veff=f16 turbo_kv=1 prefer_native_vec=0 decode=1 dk=0 dv=1 unsafe_vec_after_turbo_v_decode=1 allow_vec=0 kernel=MMA_F16 need_f16_K=1 need_f16_V=0 Knb=[20,640,160,163840] Vnb=[66,528,132,135168] Keff_nb=[20,640,160,163840] Veff_nb=[2,2048,512,524288]
CUDA_FA_ROUTE_ALLOC kernel=MMA_F16 need_f16_K=1 need_f16_V=0 workspace_end_offset=606208 dst_data=(nil) f16_K=0x14000 f16_V=(nil) f16_end=0x94000
CUDA_FA_ROUTE_PLAN device=0 Q=[256,5,16,1] Kraw=q4_1 Vraw=turbo4 Kshape=[256,256,4,1] Vshape=[256,256,4,1] Keff=q4_1 Veff=f16 turbo_kv=1 prefer_native_vec=0 decode=1 dk=0 dv=1 unsafe_vec_after_turbo_v_decode=1 allow_vec=0 kernel=MMA_F16 need_f16_K=1 need_f16_V=0 Knb=[20,640,160,163840] Vnb=[66,528,132,135168] Keff_nb=[20,640,160,163840] Veff_nb=[2,2048,512,524288]
CUDA_FA_ROUTE_ALLOC kernel=MMA_F16 need_f16_K=1 need_f16_V=0 workspace_end_offset=606208 dst_data=(nil) f16_K=0x14000 f16_V=(nil) f16_end=0x94000
CUDA_FA_ROUTE_PLAN device=0 Q=[256,5,16,1] Kraw=q4_1 Vraw=turbo4 Kshape=[256,256,4,1] Vshape=[256,256,4,1] Keff=q4_1 Veff=f16 turbo_kv=1 prefer_native_vec=0 decode=1 dk=0 dv=1 unsafe_vec_after_turbo_v_decode=1 allow_vec=0 kernel=MMA_F16 need_f16_K=1 need_f16_V=0 Knb=[20,640,160,163840] Vnb=[66,528,132,135168] Keff_nb=[20,640,160,163840] Veff_nb=[2,2048,512,524288]
CUDA_FA_ROUTE_ALLOC kernel=MMA_F16 need_f16_K=1 need_f16_V=0 workspace_end_offset=606208 dst_data=(nil) f16_K=0x14000 f16_V=(nil) f16_end=0x94000
CUDA_FA_ROUTE_PLAN device=0 Q=[256,5,16,1] Kraw=q4_1 Vraw=turbo4 Kshape=[256,256,4,1] Vshape=[256,256,4,1] Keff=q4_1 Veff=f16 turbo_kv=1 prefer_native_vec=0 decode=1 dk=0 dv=1 unsafe_vec_after_turbo_v_decode=1 allow_vec=0 kernel=MMA_F16 need_f16_K=1 need_f16_V=0 Knb=[20,640,160,163840] Vnb=[66,528,132,135168] Keff_nb=[20,640,160,163840] Veff_nb=[2,2048,512,524288]
CUDA_FA_ROUTE_ALLOC kernel=MMA_F16 need_f16_K=1 need_f16_V=0 workspace_end_offset=606208 dst_data=(nil) f16_K=0x14000 f16_V=(nil) f16_end=0x94000
CUDA_FA_ROUTE_PLAN device=0 Q=[256,5,16,1] Kraw=q4_1 Vraw=turbo4 Kshape=[256,256,4,1] Vshape=[256,256,4,1] Keff=q4_1 Veff=f16 turbo_kv=1 prefer_native_vec=0 decode=1 dk=0 dv=1 unsafe_vec_after_turbo_v_decode=1 allow_vec=0 kernel=MMA_F16 need_f16_K=1 need_f16_V=0 Knb=[20,640,160,163840] Vnb=[66,528,132,135168] Keff_nb=[20,640,160,163840] Veff_nb=[2,2048,512,524288]
CUDA_FA_ROUTE_ALLOC kernel=MMA_F16 need_f16_K=1 need_f16_V=0 workspace_end_offset=606208 dst_data=(nil) f16_K=0x14000 f16_V=(nil) f16_end=0x94000
CUDA_FA_ROUTE_PLAN device=0 Q=[256,5,16,1] Kraw=q4_1 Vraw=turbo4 Kshape=[256,256,4,1] Vshape=[256,256,4,1] Keff=q4_1 Veff=f16 turbo_kv=1 prefer_native_vec=0 decode=1 dk=0 dv=1 unsafe_vec_after_turbo_v_decode=1 allow_vec=0 kernel=MMA_F16 need_f16_K=1 need_f16_V=0 Knb=[20,640,160,163840] Vnb=[66,528,132,135168] Keff_nb=[20,640,160,163840] Veff_nb=[2,2048,512,524288]
CUDA_FA_ROUTE_ALLOC kernel=MMA_F16 need_f16_K=1 need_f16_V=0 workspace_end_offset=606208 dst_data=(nil) f16_K=0x14000 f16_V=(nil) f16_end=0x94000
CUDA_FA_ROUTE_PLAN device=0 Q=[256,5,16,1] Kraw=q4_1 Vraw=turbo4 Kshape=[256,256,4,1] Vshape=[256,256,4,1] Keff=q4_1 Veff=f16 turbo_kv=1 prefer_native_vec=0 decode=1 dk=0 dv=1 unsafe_vec_after_turbo_v_decode=1 allow_vec=0 kernel=MMA_F16 need_f16_K=1 need_f16_V=0 Knb=[20,640,160,163840] Vnb=[66,528,132,135168] Keff_nb=[20,640,160,163840] Veff_nb=[2,2048,512,524288]
CUDA_FA_ROUTE_ALLOC kernel=MMA_F16 need_f16_K=1 need_f16_V=0 workspace_end_offset=606208 dst_data=(nil) f16_K=0x14000 f16_V=(nil) f16_end=0x94000
CUDA_FA_ROUTE_PLAN device=0 Q=[256,5,16,1] Kraw=q4_1 Vraw=turbo4 Kshape=[256,256,4,1] Vshape=[256,256,4,1] Keff=q4_1 Veff=f16 turbo_kv=1 prefer_native_vec=0 decode=1 dk=0 dv=1 unsafe_vec_after_turbo_v_decode=1 allow_vec=0 kernel=MMA_F16 need_f16_K=1 need_f16_V=0 Knb=[20,640,160,163840] Vnb=[66,528,132,135168] Keff_nb=[20,640,160,163840] Veff_nb=[2,2048,512,524288]
CUDA_FA_ROUTE_ALLOC kernel=MMA_F16 need_f16_K=1 need_f16_V=0 workspace_end_offset=606208 dst_data=(nil) f16_K=0x14000 f16_V=(nil) f16_end=0x94000
CUDA_FA_ROUTE_PLAN device=0 Q=[256,5,16,1] Kraw=q4_1 Vraw=turbo4 Kshape=[256,256,4,1] Vshape=[256,256,4,1] Keff=q4_1 Veff=f16 turbo_kv=1 prefer_native_vec=0 decode=1 dk=0 dv=1 unsafe_vec_after_turbo_v_decode=1 allow_vec=0 kernel=MMA_F16 need_f16_K=1 need_f16_V=0 Knb=[20,640,160,163840] Vnb=[66,528,132,135168] Keff_nb=[20,640,160,163840] Veff_nb=[2,2048,512,524288]
CUDA_FA_ROUTE_ALLOC kernel=MMA_F16 need_f16_K=1 need_f16_V=0 workspace_end_offset=606208 dst_data=(nil) f16_K=0x14000 f16_V=(nil) f16_end=0x94000
CUDA_FA_ROUTE_PLAN device=0 Q=[256,5,16,1] Kraw=q4_1 Vraw=turbo4 Kshape=[256,256,4,1] Vshape=[256,256,4,1] Keff=q4_1 Veff=f16 turbo_kv=1 prefer_native_vec=0 decode=1 dk=0 dv=1 unsafe_vec_after_turbo_v_decode=1 allow_vec=0 kernel=MMA_F16 need_f16_K=1 need_f16_V=0 Knb=[20,640,160,163840] Vnb=[66,528,132,135168] Keff_nb=[20,640,160,163840] Veff_nb=[2,2048,512,524288]
CUDA_FA_ROUTE_ALLOC kernel=MMA_F16 need_f16_K=1 need_f16_V=0 workspace_end_offset=606208 dst_data=(nil) f16_K=0x14000 f16_V=(nil) f16_end=0x94000
CUDA_FA_ROUTE_PLAN device=0 Q=[256,5,16,1] Kraw=q4_1 Vraw=turbo4 Kshape=[256,256,4,1] Vshape=[256,256,4,1] Keff=q4_1 Veff=f16 turbo_kv=1 prefer_native_vec=0 decode=1 dk=0 dv=1 unsafe_vec_after_turbo_v_decode=1 allow_vec=0 kernel=MMA_F16 need_f16_K=1 need_f16_V=0 Knb=[20,640,160,163840] Vnb=[66,528,132,135168] Keff_nb=[20,640,160,163840] Veff_nb=[2,2048,512,524288]
CUDA_FA_ROUTE_ALLOC kernel=MMA_F16 need_f16_K=1 need_f16_V=0 workspace_end_offset=606208 dst_data=(nil) f16_K=0x14000 f16_V=(nil) f16_end=0x94000
CUDA_FA_ROUTE_PLAN device=0 Q=[256,5,16,1] Kraw=q4_1 Vraw=turbo4 Kshape=[256,256,4,1] Vshape=[256,256,4,1] Keff=q4_1 Veff=f16 turbo_kv=1 prefer_native_vec=0 decode=1 dk=0 dv=1 unsafe_vec_after_turbo_v_decode=1 allow_vec=0 kernel=MMA_F16 need_f16_K=1 need_f16_V=0 Knb=[20,640,160,163840] Vnb=[66,528,132,135168] Keff_nb=[20,640,160,163840] Veff_nb=[2,2048,512,524288]
CUDA_FA_ROUTE_ALLOC kernel=MMA_F16 need_f16_K=1 need_f16_V=0 workspace_end_offset=606208 dst_data=(nil) f16_K=0x14000 f16_V=(nil) f16_end=0x94000
CUDA_FA_ROUTE_PLAN device=0 Q=[256,5,16,1] Kraw=q4_1 Vraw=turbo4 Kshape=[256,256,4,1] Vshape=[256,256,4,1] Keff=q4_1 Veff=f16 turbo_kv=1 prefer_native_vec=0 decode=1 dk=0 dv=1 unsafe_vec_after_turbo_v_decode=1 allow_vec=0 kernel=MMA_F16 need_f16_K=1 need_f16_V=0 Knb=[20,640,160,163840] Vnb=[66,528,132,135168] Keff_nb=[20,640,160,163840] Veff_nb=[2,2048,512,524288]
CUDA_FA_ROUTE_ALLOC kernel=MMA_F16 need_f16_K=1 need_f16_V=0 workspace_end_offset=606208 dst_data=(nil) f16_K=0x14000 f16_V=(nil) f16_end=0x94000
CUDA_FA_ROUTE_PLAN device=0 Q=[256,5,16,1] Kraw=q4_1 Vraw=turbo4 Kshape=[256,256,4,1] Vshape=[256,256,4,1] Keff=q4_1 Veff=f16 turbo_kv=1 prefer_native_vec=0 decode=1 dk=0 dv=1 unsafe_vec_after_turbo_v_decode=1 allow_vec=0 kernel=MMA_F16 need_f16_K=1 need_f16_V=0 Knb=[20,640,160,163840] Vnb=[66,528,132,135168] Keff_nb=[20,640,160,163840] Veff_nb=[2,2048,512,524288]
CUDA_FA_ROUTE_ALLOC kernel=MMA_F16 need_f16_K=1 need_f16_V=0 workspace_end_offset=606208 dst_data=(nil) f16_K=0x14000 f16_V=(nil) f16_end=0x94000
CUDA_FA_ROUTE_PLAN device=0 Q=[256,5,16,1] Kraw=q4_1 Vraw=turbo4 Kshape=[256,256,4,1] Vshape=[256,256,4,1] Keff=q4_1 Veff=f16 turbo_kv=1 prefer_native_vec=0 decode=1 dk=0 dv=1 unsafe_vec_after_turbo_v_decode=1 allow_vec=0 kernel=MMA_F16 need_f16_K=1 need_f16_V=0 Knb=[20,640,160,163840] Vnb=[66,528,132,135168] Keff_nb=[20,640,160,163840] Veff_nb=[2,2048,512,524288]
CUDA_FA_ROUTE_ALLOC kernel=MMA_F16 need_f16_K=1 need_f16_V=0 workspace_end_offset=606208 dst_data=(nil) f16_K=0x14000 f16_V=(nil) f16_end=0x94000
CUDA_FA_ROUTE_PLAN device=0 Q=[256,5,16,1] Kraw=q4_1 Vraw=turbo4 Kshape=[256,256,4,1] Vshape=[256,256,4,1] Keff=q4_1 Veff=f16 turbo_kv=1 prefer_native_vec=0 decode=1 dk=0 dv=1 unsafe_vec_after_turbo_v_decode=1 allow_vec=0 kernel=MMA_F16 need_f16_K=1 need_f16_V=0 Knb=[20,640,160,163840] Vnb=[66,528,132,135168] Keff_nb=[20,640,160,163840] Veff_nb=[2,2048,512,524288]
CUDA_FA_ROUTE_ALLOC kernel=MMA_F16 need_f16_K=1 need_f16_V=0 workspace_end_offset=606208 dst_data=(nil) f16_K=0x14000 f16_V=(nil) f16_end=0x94000
CUDA_FA_ROUTE_PLAN device=0 Q=[256,5,16,1] Kraw=q4_1 Vraw=turbo4 Kshape=[256,256,4,1] Vshape=[256,256,4,1] Keff=q4_1 Veff=f16 turbo_kv=1 prefer_native_vec=0 decode=1 dk=0 dv=1 unsafe_vec_after_turbo_v_decode=1 allow_vec=0 kernel=MMA_F16 need_f16_K=1 need_f16_V=0 Knb=[20,640,160,163840] Vnb=[66,528,132,135168] Keff_nb=[20,640,160,163840] Veff_nb=[2,2048,512,524288]
CUDA_FA_ROUTE_ALLOC kernel=MMA_F16 need_f16_K=1 need_f16_V=0 workspace_end_offset=606208 dst_data=(nil) f16_K=0x14000 f16_V=(nil) f16_end=0x94000
CUDA_FA_ROUTE_PLAN device=0 Q=[256,5,16,1] Kraw=q4_1 Vraw=turbo4 Kshape=[256,256,4,1] Vshape=[256,256,4,1] Keff=q4_1 Veff=f16 turbo_kv=1 prefer_native_vec=0 decode=1 dk=0 dv=1 unsafe_vec_after_turbo_v_decode=1 allow_vec=0 kernel=MMA_F16 need_f16_K=1 need_f16_V=0 Knb=[20,640,160,163840] Vnb=[66,528,132,135168] Keff_nb=[20,640,160,163840] Veff_nb=[2,2048,512,524288]
CUDA_FA_ROUTE_ALLOC kernel=MMA_F16 need_f16_K=1 need_f16_V=0 workspace_end_offset=606208 dst_data=(nil) f16_K=0x14000 f16_V=(nil) f16_end=0x94000
CUDA_FA_ROUTE_PLAN device=0 Q=[256,5,16,1] Kraw=q4_1 Vraw=turbo4 Kshape=[256,256,4,1] Vshape=[256,256,4,1] Keff=q4_1 Veff=f16 turbo_kv=1 prefer_native_vec=0 decode=1 dk=0 dv=1 unsafe_vec_after_turbo_v_decode=1 allow_vec=0 kernel=MMA_F16 need_f16_K=1 need_f16_V=0 Knb=[20,640,160,163840] Vnb=[66,528,132,135168] Keff_nb=[20,640,160,163840] Veff_nb=[2,2048,512,524288]
CUDA_FA_ROUTE_ALLOC kernel=MMA_F16 need_f16_K=1 need_f16_V=0 workspace_end_offset=606208 dst_data=(nil) f16_K=0x14000 f16_V=(nil) f16_end=0x94000
CUDA_FA_ROUTE_PLAN device=0 Q=[256,5,16,1] Kraw=q4_1 Vraw=turbo4 Kshape=[256,256,4,1] Vshape=[256,256,4,1] Keff=q4_1 Veff=f16 turbo_kv=1 prefer_native_vec=0 decode=1 dk=0 dv=1 unsafe_vec_after_turbo_v_decode=1 allow_vec=0 kernel=MMA_F16 need_f16_K=1 need_f16_V=0 Knb=[20,640,160,163840] Vnb=[66,528,132,135168] Keff_nb=[20,640,160,163840] Veff_nb=[2,2048,512,524288]
CUDA_FA_ROUTE_ALLOC kernel=MMA_F16 need_f16_K=1 need_f16_V=0 workspace_end_offset=606208 dst_data=(nil) f16_K=0x14000 f16_V=(nil) f16_end=0x94000
CUDA_FA_ROUTE_PLAN device=0 Q=[256,5,16,1] Kraw=q4_1 Vraw=turbo4 Kshape=[256,256,4,1] Vshape=[256,256,4,1] Keff=q4_1 Veff=f16 turbo_kv=1 prefer_native_vec=0 decode=1 dk=0 dv=1 unsafe_vec_after_turbo_v_decode=1 allow_vec=0 kernel=MMA_F16 need_f16_K=1 need_f16_V=0 Knb=[20,640,160,163840] Vnb=[66,528,132,135168] Keff_nb=[20,640,160,163840] Veff_nb=[2,2048,512,524288]
CUDA_FA_ROUTE_ALLOC kernel=MMA_F16 need_f16_K=1 need_f16_V=0 workspace_end_offset=606208 dst_data=(nil) f16_K=0x14000 f16_V=(nil) f16_end=0x94000
CUDA_FA_ROUTE_PLAN device=0 Q=[256,5,16,1] Kraw=q4_1 Vraw=turbo4 Kshape=[256,256,4,1] Vshape=[256,256,4,1] Keff=q4_1 Veff=f16 turbo_kv=1 prefer_native_vec=0 decode=1 dk=0 dv=1 unsafe_vec_after_turbo_v_decode=1 allow_vec=0 kernel=MMA_F16 need_f16_K=1 need_f16_V=0 Knb=[20,640,160,163840] Vnb=[66,528,132,135168] Keff_nb=[20,640,160,163840] Veff_nb=[2,2048,512,524288]
CUDA_FA_ROUTE_ALLOC kernel=MMA_F16 need_f16_K=1 need_f16_V=0 workspace_end_offset=606208 dst_data=(nil) f16_K=0x14000 f16_V=(nil) f16_end=0x94000
CUDA_FA_ROUTE_PLAN device=0 Q=[256,5,16,1] Kraw=q4_1 Vraw=turbo4 Kshape=[256,256,4,1] Vshape=[256,256,4,1] Keff=q4_1 Veff=f16 turbo_kv=1 prefer_native_vec=0 decode=1 dk=0 dv=1 unsafe_vec_after_turbo_v_decode=1 allow_vec=0 kernel=MMA_F16 need_f16_K=1 need_f16_V=0 Knb=[20,640,160,163840] Vnb=[66,528,132,135168] Keff_nb=[20,640,160,163840] Veff_nb=[2,2048,512,524288]
CUDA_FA_ROUTE_ALLOC kernel=MMA_F16 need_f16_K=1 need_f16_V=0 workspace_end_offset=606208 dst_data=(nil) f16_K=0x14000 f16_V=(nil) f16_end=0x94000
CUDA_FA_ROUTE_PLAN device=0 Q=[256,5,16,1] Kraw=q4_1 Vraw=turbo4 Kshape=[256,256,4,1] Vshape=[256,256,4,1] Keff=q4_1 Veff=f16 turbo_kv=1 prefer_native_vec=0 decode=1 dk=0 dv=1 unsafe_vec_after_turbo_v_decode=1 allow_vec=0 kernel=MMA_F16 need_f16_K=1 need_f16_V=0 Knb=[20,640,160,163840] Vnb=[66,528,132,135168] Keff_nb=[20,640,160,163840] Veff_nb=[2,2048,512,524288]
CUDA_FA_ROUTE_ALLOC kernel=MMA_F16 need_f16_K=1 need_f16_V=0 workspace_end_offset=606208 dst_data=(nil) f16_K=0x14000 f16_V=(nil) f16_end=0x94000
CUDA_FA_ROUTE_PLAN device=0 Q=[256,5,16,1] Kraw=q4_1 Vraw=turbo4 Kshape=[256,256,4,1] Vshape=[256,256,4,1] Keff=q4_1 Veff=f16 turbo_kv=1 prefer_native_vec=0 decode=1 dk=0 dv=1 unsafe_vec_after_turbo_v_decode=1 allow_vec=0 kernel=MMA_F16 need_f16_K=1 need_f16_V=0 Knb=[20,640,160,163840] Vnb=[66,528,132,135168] Keff_nb=[20,640,160,163840] Veff_nb=[2,2048,512,524288]
CUDA_FA_ROUTE_ALLOC kernel=MMA_F16 need_f16_K=1 need_f16_V=0 workspace_end_offset=606208 dst_data=(nil) f16_K=0x14000 f16_V=(nil) f16_end=0x94000
CUDA_FA_ROUTE_PLAN device=0 Q=[256,5,16,1] Kraw=q4_1 Vraw=turbo4 Kshape=[256,256,4,1] Vshape=[256,256,4,1] Keff=q4_1 Veff=f16 turbo_kv=1 prefer_native_vec=0 decode=1 dk=0 dv=1 unsafe_vec_after_turbo_v_decode=1 allow_vec=0 kernel=MMA_F16 need_f16_K=1 need_f16_V=0 Knb=[20,640,160,163840] Vnb=[66,528,132,135168] Keff_nb=[20,640,160,163840] Veff_nb=[2,2048,512,524288]
CUDA_FA_ROUTE_ALLOC kernel=MMA_F16 need_f16_K=1 need_f16_V=0 workspace_end_offset=606208 dst_data=(nil) f16_K=0x14000 f16_V=(nil) f16_end=0x94000
CUDA_FA_ROUTE_PLAN device=0 Q=[256,5,16,1] Kraw=q4_1 Vraw=turbo4 Kshape=[256,256,4,1] Vshape=[256,256,4,1] Keff=q4_1 Veff=f16 turbo_kv=1 prefer_native_vec=0 decode=1 dk=0 dv=1 unsafe_vec_after_turbo_v_decode=1 allow_vec=0 kernel=MMA_F16 need_f16_K=1 need_f16_V=0 Knb=[20,640,160,163840] Vnb=[66,528,132,135168] Keff_nb=[20,640,160,163840] Veff_nb=[2,2048,512,524288]
CUDA_FA_ROUTE_ALLOC kernel=MMA_F16 need_f16_K=1 need_f16_V=0 workspace_end_offset=606208 dst_data=(nil) f16_K=0x14000 f16_V=(nil) f16_end=0x94000
CUDA_FA_ROUTE_PLAN device=0 Q=[256,5,16,1] Kraw=q4_1 Vraw=turbo4 Kshape=[256,256,4,1] Vshape=[256,256,4,1] Keff=q4_1 Veff=f16 turbo_kv=1 prefer_native_vec=0 decode=1 dk=0 dv=1 unsafe_vec_after_turbo_v_decode=1 allow_vec=0 kernel=MMA_F16 need_f16_K=1 need_f16_V=0 Knb=[20,640,160,163840] Vnb=[66,528,132,135168] Keff_nb=[20,640,160,163840] Veff_nb=[2,2048,512,524288]
CUDA_FA_ROUTE_ALLOC kernel=MMA_F16 need_f16_K=1 need_f16_V=0 workspace_end_offset=606208 dst_data=(nil) f16_K=0x14000 f16_V=(nil) f16_end=0x94000
CUDA_FA_ROUTE_PLAN device=0 Q=[256,5,16,1] Kraw=q4_1 Vraw=turbo4 Kshape=[256,256,4,1] Vshape=[256,256,4,1] Keff=q4_1 Veff=f16 turbo_kv=1 prefer_native_vec=0 decode=1 dk=0 dv=1 unsafe_vec_after_turbo_v_decode=1 allow_vec=0 kernel=MMA_F16 need_f16_K=1 need_f16_V=0 Knb=[20,640,160,163840] Vnb=[66,528,132,135168] Keff_nb=[20,640,160,163840] Veff_nb=[2,2048,512,524288]
CUDA_FA_ROUTE_ALLOC kernel=MMA_F16 need_f16_K=1 need_f16_V=0 workspace_end_offset=606208 dst_data=(nil) f16_K=0x14000 f16_V=(nil) f16_end=0x94000
CUDA_FA_ROUTE_PLAN device=0 Q=[256,5,16,1] Kraw=q4_1 Vraw=turbo4 Kshape=[256,256,4,1] Vshape=[256,256,4,1] Keff=q4_1 Veff=f16 turbo_kv=1 prefer_native_vec=0 decode=1 dk=0 dv=1 unsafe_vec_after_turbo_v_decode=1 allow_vec=0 kernel=MMA_F16 need_f16_K=1 need_f16_V=0 Knb=[20,640,160,163840] Vnb=[66,528,132,135168] Keff_nb=[20,640,160,163840] Veff_nb=[2,2048,512,524288]
CUDA_FA_ROUTE_ALLOC kernel=MMA_F16 need_f16_K=1 need_f16_V=0 workspace_end_offset=606208 dst_data=(nil) f16_K=0x14000 f16_V=(nil) f16_end=0x94000
CUDA_FA_ROUTE_PLAN device=0 Q=[256,5,16,1] Kraw=q4_1 Vraw=turbo4 Kshape=[256,256,4,1] Vshape=[256,256,4,1] Keff=q4_1 Veff=f16 turbo_kv=1 prefer_native_vec=0 decode=1 dk=0 dv=1 unsafe_vec_after_turbo_v_decode=1 allow_vec=0 kernel=MMA_F16 need_f16_K=1 need_f16_V=0 Knb=[20,640,160,163840] Vnb=[66,528,132,135168] Keff_nb=[20,640,160,163840] Veff_nb=[2,2048,512,524288]
CUDA_FA_ROUTE_ALLOC kernel=MMA_F16 need_f16_K=1 need_f16_V=0 workspace_end_offset=606208 dst_data=(nil) f16_K=0x14000 f16_V=(nil) f16_end=0x94000
CUDA_FA_ROUTE_PLAN device=0 Q=[256,5,16,1] Kraw=q4_1 Vraw=turbo4 Kshape=[256,256,4,1] Vshape=[256,256,4,1] Keff=q4_1 Veff=f16 turbo_kv=1 prefer_native_vec=0 decode=1 dk=0 dv=1 unsafe_vec_after_turbo_v_decode=1 allow_vec=0 kernel=MMA_F16 need_f16_K=1 need_f16_V=0 Knb=[20,640,160,163840] Vnb=[66,528,132,135168] Keff_nb=[20,640,160,163840] Veff_nb=[2,2048,512,524288]
CUDA_FA_ROUTE_ALLOC kernel=MMA_F16 need_f16_K=1 need_f16_V=0 workspace_end_offset=606208 dst_data=(nil) f16_K=0x14000 f16_V=(nil) f16_end=0x94000
CUDA_FA_ROUTE_PLAN device=0 Q=[256,5,16,1] Kraw=q4_1 Vraw=turbo4 Kshape=[256,256,4,1] Vshape=[256,256,4,1] Keff=q4_1 Veff=f16 turbo_kv=1 prefer_native_vec=0 decode=1 dk=0 dv=1 unsafe_vec_after_turbo_v_decode=1 allow_vec=0 kernel=MMA_F16 need_f16_K=1 need_f16_V=0 Knb=[20,640,160,163840] Vnb=[66,528,132,135168] Keff_nb=[20,640,160,163840] Veff_nb=[2,2048,512,524288]
CUDA_FA_ROUTE_ALLOC kernel=MMA_F16 need_f16_K=1 need_f16_V=0 workspace_end_offset=606208 dst_data=(nil) f16_K=0x14000 f16_V=(nil) f16_end=0x94000
CUDA_FA_ROUTE_PLAN device=0 Q=[256,5,16,1] Kraw=q4_1 Vraw=turbo4 Kshape=[256,256,4,1] Vshape=[256,256,4,1] Keff=q4_1 Veff=f16 turbo_kv=1 prefer_native_vec=0 decode=1 dk=0 dv=1 unsafe_vec_after_turbo_v_decode=1 allow_vec=0 kernel=MMA_F16 need_f16_K=1 need_f16_V=0 Knb=[20,640,160,163840] Vnb=[66,528,132,135168] Keff_nb=[20,640,160,163840] Veff_nb=[2,2048,512,524288]
CUDA_FA_ROUTE_ALLOC kernel=MMA_F16 need_f16_K=1 need_f16_V=0 workspace_end_offset=606208 dst_data=(nil) f16_K=0x14000 f16_V=(nil) f16_end=0x94000
CUDA_FA_ROUTE_PLAN device=0 Q=[256,5,16,1] Kraw=q4_1 Vraw=turbo4 Kshape=[256,256,4,1] Vshape=[256,256,4,1] Keff=q4_1 Veff=f16 turbo_kv=1 prefer_native_vec=0 decode=1 dk=0 dv=1 unsafe_vec_after_turbo_v_decode=1 allow_vec=0 kernel=MMA_F16 need_f16_K=1 need_f16_V=0 Knb=[20,640,160,163840] Vnb=[66,528,132,135168] Keff_nb=[20,640,160,163840] Veff_nb=[2,2048,512,524288]
GGML_TURBO_FA_DEBUG: path=decode-dequant-or-vec K=q4_1 V=turbo4 Q=[256,5,16,1] K=[256,256,4,1] V=[256,256,4,1] prefill_safe=0 can_make_f16_K=0 can_make_f16_V=1 turbo_k_classic_v_prefill=0 vec_override=0 batch_ok=1 dim_ok=1 turing_mma=1
CUDA_FA_ROUTE_EXEC_BEGIN Q=[256,5,16,1] Kraw=q4_1 Vraw=turbo4 decode=1 dk=0 dv=1 allow_vec=0 kernel=MMA_F16 need_f16_K=1 need_f16_V=0 Kdata=0x7efbae200000 Vdata=0x7efbae228000 dst=0x1000e0bcc80
CUDA_FA_ROUTE_EXEC_DISPATCH Qrun=f32 Q=[256,5,16,1] Qdata=0x1000e0a8c80 Krun=q4_1 K=[256,256,4,1] Kdata=0x7efbae200000 Knb=[20,640,160,163840] Vrun=f16 V=[256,256,4,1] Vdata=0x7efbb7400000 Vnb=[2,2048,512,524288] kernel=MMA_F16 compiled_pair=1
CUDA_FA_ROUTE_PLAN device=0 Q=[256,5,16,1] Kraw=q4_1 Vraw=turbo4 Kshape=[256,256,4,1] Vshape=[256,256,4,1] Keff=q4_1 Veff=f16 turbo_kv=1 prefer_native_vec=0 decode=1 dk=0 dv=1 unsafe_vec_after_turbo_v_decode=1 allow_vec=0 kernel=MMA_F16 need_f16_K=1 need_f16_V=0 Knb=[20,640,160,163840] Vnb=[66,528,132,135168] Keff_nb=[20,640,160,163840] Veff_nb=[2,2048,512,524288]
GGML_TURBO_FA_DEBUG: path=decode-dequant-or-vec K=q4_1 V=turbo4 Q=[256,5,16,1] K=[256,256,4,1] V=[256,256,4,1] prefill_safe=0 can_make_f16_K=0 can_make_f16_V=1 turbo_k_classic_v_prefill=0 vec_override=0 batch_ok=1 dim_ok=1 turing_mma=1
CUDA_FA_ROUTE_EXEC_BEGIN Q=[256,5,16,1] Kraw=q4_1 Vraw=turbo4 decode=1 dk=0 dv=1 allow_vec=0 kernel=MMA_F16 need_f16_K=1 need_f16_V=0 Kdata=0x7efbae249000 Vdata=0x7efbae271000 dst=0x1000e0bcc80
CUDA_FA_ROUTE_EXEC_DISPATCH Qrun=f32 Q=[256,5,16,1] Qdata=0x1000e0a8c80 Krun=q4_1 K=[256,256,4,1] Kdata=0x7efbae249000 Knb=[20,640,160,163840] Vrun=f16 V=[256,256,4,1] Vdata=0x7efbb7400000 Vnb=[2,2048,512,524288] kernel=MMA_F16 compiled_pair=1
CUDA_FA_ROUTE_PLAN device=0 Q=[256,5,16,1] Kraw=q4_1 Vraw=turbo4 Kshape=[256,256,4,1] Vshape=[256,256,4,1] Keff=q4_1 Veff=f16 turbo_kv=1 prefer_native_vec=0 decode=1 dk=0 dv=1 unsafe_vec_after_turbo_v_decode=1 allow_vec=0 kernel=MMA_F16 need_f16_K=1 need_f16_V=0 Knb=[20,640,160,163840] Vnb=[66,528,132,135168] Keff_nb=[20,640,160,163840] Veff_nb=[2,2048,512,524288]
GGML_TURBO_FA_DEBUG: path=decode-dequant-or-vec K=q4_1 V=turbo4 Q=[256,5,16,1] K=[256,256,4,1] V=[256,256,4,1] prefill_safe=0 can_make_f16_K=0 can_make_f16_V=1 turbo_k_classic_v_prefill=0 vec_override=0 batch_ok=1 dim_ok=1 turing_mma=1
CUDA_FA_ROUTE_EXEC_BEGIN Q=[256,5,16,1] Kraw=q4_1 Vraw=turbo4 decode=1 dk=0 dv=1 allow_vec=0 kernel=MMA_F16 need_f16_K=1 need_f16_V=0 Kdata=0x7efbae292000 Vdata=0x7efbae2ba000 dst=0x1000e0bcc80
CUDA_FA_ROUTE_EXEC_DISPATCH Qrun=f32 Q=[256,5,16,1] Qdata=0x1000e0a8c80 Krun=q4_1 K=[256,256,4,1] Kdata=0x7efbae292000 Knb=[20,640,160,163840] Vrun=f16 V=[256,256,4,1] Vdata=0x7efbb7400000 Vnb=[2,2048,512,524288] kernel=MMA_F16 compiled_pair=1
CUDA_FA_ROUTE_PLAN device=0 Q=[256,5,16,1] Kraw=q4_1 Vraw=turbo4 Kshape=[256,256,4,1] Vshape=[256,256,4,1] Keff=q4_1 Veff=f16 turbo_kv=1 prefer_native_vec=0 decode=1 dk=0 dv=1 unsafe_vec_after_turbo_v_decode=1 allow_vec=0 kernel=MMA_F16 need_f16_K=1 need_f16_V=0 Knb=[20,640,160,163840] Vnb=[66,528,132,135168] Keff_nb=[20,640,160,163840] Veff_nb=[2,2048,512,524288]
GGML_TURBO_FA_DEBUG: path=decode-dequant-or-vec K=q4_1 V=turbo4 Q=[256,5,16,1] K=[256,256,4,1] V=[256,256,4,1] prefill_safe=0 can_make_f16_K=0 can_make_f16_V=1 turbo_k_classic_v_prefill=0 vec_override=0 batch_ok=1 dim_ok=1 turing_mma=1
CUDA_FA_ROUTE_EXEC_BEGIN Q=[256,5,16,1] Kraw=q4_1 Vraw=turbo4 decode=1 dk=0 dv=1 allow_vec=0 kernel=MMA_F16 need_f16_K=1 need_f16_V=0 Kdata=0x7efbae2db000 Vdata=0x7efbae303000 dst=0x1000e0bcc80
CUDA_FA_ROUTE_EXEC_DISPATCH Qrun=f32 Q=[256,5,16,1] Qdata=0x1000e0a8c80 Krun=q4_1 K=[256,256,4,1] Kdata=0x7efbae2db000 Knb=[20,640,160,163840] Vrun=f16 V=[256,256,4,1] Vdata=0x7efbb7400000 Vnb=[2,2048,512,524288] kernel=MMA_F16 compiled_pair=1
CUDA_FA_ROUTE_PLAN device=0 Q=[256,5,16,1] Kraw=q4_1 Vraw=turbo4 Kshape=[256,256,4,1] Vshape=[256,256,4,1] Keff=q4_1 Veff=f16 turbo_kv=1 prefer_native_vec=0 decode=1 dk=0 dv=1 unsafe_vec_after_turbo_v_decode=1 allow_vec=0 kernel=MMA_F16 need_f16_K=1 need_f16_V=0 Knb=[20,640,160,163840] Vnb=[66,528,132,135168] Keff_nb=[20,640,160,163840] Veff_nb=[2,2048,512,524288]
GGML_TURBO_FA_DEBUG: path=decode-dequant-or-vec K=q4_1 V=turbo4 Q=[256,5,16,1] K=[256,256,4,1] V=[256,256,4,1] prefill_safe=0 can_make_f16_K=0 can_make_f16_V=1 turbo_k_classic_v_prefill=0 vec_override=0 batch_ok=1 dim_ok=1 turing_mma=1
CUDA_FA_ROUTE_EXEC_BEGIN Q=[256,5,16,1] Kraw=q4_1 Vraw=turbo4 decode=1 dk=0 dv=1 allow_vec=0 kernel=MMA_F16 need_f16_K=1 need_f16_V=0 Kdata=0x7efbae324000 Vdata=0x7efbae34c000 dst=0x1000e0bcc80
CUDA_FA_ROUTE_EXEC_DISPATCH Qrun=f32 Q=[256,5,16,1] Qdata=0x1000e0a8c80 Krun=q4_1 K=[256,256,4,1] Kdata=0x7efbae324000 Knb=[20,640,160,163840] Vrun=f16 V=[256,256,4,1] Vdata=0x7efbb7400000 Vnb=[2,2048,512,524288] kernel=MMA_F16 compiled_pair=1
CUDA_FA_ROUTE_PLAN device=0 Q=[256,5,16,1] Kraw=q4_1 Vraw=turbo4 Kshape=[256,256,4,1] Vshape=[256,256,4,1] Keff=q4_1 Veff=f16 turbo_kv=1 prefer_native_vec=0 decode=1 dk=0 dv=1 unsafe_vec_after_turbo_v_decode=1 allow_vec=0 kernel=MMA_F16 need_f16_K=1 need_f16_V=0 Knb=[20,640,160,163840] Vnb=[66,528,132,135168] Keff_nb=[20,640,160,163840] Veff_nb=[2,2048,512,524288]
GGML_TURBO_FA_DEBUG: path=decode-dequant-or-vec K=q4_1 V=turbo4 Q=[256,5,16,1] K=[256,256,4,1] V=[256,256,4,1] prefill_safe=0 can_make_f16_K=0 can_make_f16_V=1 turbo_k_classic_v_prefill=0 vec_override=0 batch_ok=1 dim_ok=1 turing_mma=1
CUDA_FA_ROUTE_EXEC_BEGIN Q=[256,5,16,1] Kraw=q4_1 Vraw=turbo4 decode=1 dk=0 dv=1 allow_vec=0 kernel=MMA_F16 need_f16_K=1 need_f16_V=0 Kdata=0x7efbae36d000 Vdata=0x7efbae395000 dst=0x1000e0bcc80
CUDA_FA_ROUTE_EXEC_DISPATCH Qrun=f32 Q=[256,5,16,1] Qdata=0x1000e0a8c80 Krun=q4_1 K=[256,256,4,1] Kdata=0x7efbae36d000 Knb=[20,640,160,163840] Vrun=f16 V=[256,256,4,1] Vdata=0x7efbb7400000 Vnb=[2,2048,512,524288] kernel=MMA_F16 compiled_pair=1
CUDA_FA_ROUTE_PLAN device=0 Q=[256,5,16,1] Kraw=q4_1 Vraw=turbo4 Kshape=[256,256,4,1] Vshape=[256,256,4,1] Keff=q4_1 Veff=f16 turbo_kv=1 prefer_native_vec=0 decode=1 dk=0 dv=1 unsafe_vec_after_turbo_v_decode=1 allow_vec=0 kernel=MMA_F16 need_f16_K=1 need_f16_V=0 Knb=[20,640,160,163840] Vnb=[66,528,132,135168] Keff_nb=[20,640,160,163840] Veff_nb=[2,2048,512,524288]
GGML_TURBO_FA_DEBUG: path=decode-dequant-or-vec K=q4_1 V=turbo4 Q=[256,5,16,1] K=[256,256,4,1] V=[256,256,4,1] prefill_safe=0 can_make_f16_K=0 can_make_f16_V=1 turbo_k_classic_v_prefill=0 vec_override=0 batch_ok=1 dim_ok=1 turing_mma=1
CUDA_FA_ROUTE_EXEC_BEGIN Q=[256,5,16,1] Kraw=q4_1 Vraw=turbo4 decode=1 dk=0 dv=1 allow_vec=0 kernel=MMA_F16 need_f16_K=1 need_f16_V=0 Kdata=0x7efbae3b6000 Vdata=0x7efbae3de000 dst=0x1000e0bcc80
CUDA_FA_ROUTE_EXEC_DISPATCH Qrun=f32 Q=[256,5,16,1] Qdata=0x1000e0a8c80 Krun=q4_1 K=[256,256,4,1] Kdata=0x7efbae3b6000 Knb=[20,640,160,163840] Vrun=f16 V=[256,256,4,1] Vdata=0x7efbb7400000 Vnb=[2,2048,512,524288] kernel=MMA_F16 compiled_pair=1
CUDA_FA_ROUTE_PLAN device=0 Q=[256,5,16,1] Kraw=q4_1 Vraw=turbo4 Kshape=[256,256,4,1] Vshape=[256,256,4,1] Keff=q4_1 Veff=f16 turbo_kv=1 prefer_native_vec=0 decode=1 dk=0 dv=1 unsafe_vec_after_turbo_v_decode=1 allow_vec=0 kernel=MMA_F16 need_f16_K=1 need_f16_V=0 Knb=[20,640,160,163840] Vnb=[66,528,132,135168] Keff_nb=[20,640,160,163840] Veff_nb=[2,2048,512,524288]
GGML_TURBO_FA_DEBUG: path=decode-dequant-or-vec K=q4_1 V=turbo4 Q=[256,5,16,1] K=[256,256,4,1] V=[256,256,4,1] prefill_safe=0 can_make_f16_K=0 can_make_f16_V=1 turbo_k_classic_v_prefill=0 vec_override=0 batch_ok=1 dim_ok=1 turing_mma=1
CUDA_FA_ROUTE_EXEC_BEGIN Q=[256,5,16,1] Kraw=q4_1 Vraw=turbo4 decode=1 dk=0 dv=1 allow_vec=0 kernel=MMA_F16 need_f16_K=1 need_f16_V=0 Kdata=0x7efbae3ff000 Vdata=0x7efbae427000 dst=0x1000e0bcc80
CUDA_FA_ROUTE_EXEC_DISPATCH Qrun=f32 Q=[256,5,16,1] Qdata=0x1000e0a8c80 Krun=q4_1 K=[256,256,4,1] Kdata=0x7efbae3ff000 Knb=[20,640,160,163840] Vrun=f16 V=[256,256,4,1] Vdata=0x7efbb7400000 Vnb=[2,2048,512,524288] kernel=MMA_F16 compiled_pair=1
 ParisCUDA_FA_ROUTE_PLAN device=0 Q=[256,1,16,1] Kraw=q4_1 Vraw=turbo4 Kshape=[256,256,4,1] Vshape=[256,256,4,1] Keff=q4_1 Veff=f16 turbo_kv=1 prefer_native_vec=0 decode=1 dk=0 dv=1 unsafe_vec_after_turbo_v_decode=1 allow_vec=0 kernel=MMA_F16 need_f16_K=1 need_f16_V=0 Knb=[20,640,160,163840] Vnb=[66,528,132,135168] Keff_nb=[20,640,160,163840] Veff_nb=[2,2048,512,524288]
CUDA_FA_ROUTE_SUPPORTED kernel=MMA_F16 effK=q4_1 effV=f16 supported=1
CUDA_FA_ROUTE_PLAN device=0 Q=[256,1,16,1] Kraw=q4_1 Vraw=turbo4 Kshape=[256,256,4,1] Vshape=[256,256,4,1] Keff=q4_1 Veff=f16 turbo_kv=1 prefer_native_vec=0 decode=1 dk=0 dv=1 unsafe_vec_after_turbo_v_decode=1 allow_vec=0 kernel=MMA_F16 need_f16_K=1 need_f16_V=0 Knb=[20,640,160,163840] Vnb=[66,528,132,135168] Keff_nb=[20,640,160,163840] Veff_nb=[2,2048,512,524288]
CUDA_FA_ROUTE_SUPPORTED kernel=MMA_F16 effK=q4_1 effV=f16 supported=1
CUDA_FA_ROUTE_PLAN device=0 Q=[256,1,16,1] Kraw=q4_1 Vraw=turbo4 Kshape=[256,256,4,1] Vshape=[256,256,4,1] Keff=q4_1 Veff=f16 turbo_kv=1 prefer_native_vec=0 decode=1 dk=0 dv=1 unsafe_vec_after_turbo_v_decode=1 allow_vec=0 kernel=MMA_F16 need_f16_K=1 need_f16_V=0 Knb=[20,640,160,163840] Vnb=[66,528,132,135168] Keff_nb=[20,640,160,163840] Veff_nb=[2,2048,512,524288]
CUDA_FA_ROUTE_SUPPORTED kernel=MMA_F16 effK=q4_1 effV=f16 supported=1
CUDA_FA_ROUTE_PLAN device=0 Q=[256,1,16,1] Kraw=q4_1 Vraw=turbo4 Kshape=[256,256,4,1] Vshape=[256,256,4,1] Keff=q4_1 Veff=f16 turbo_kv=1 prefer_native_vec=0 decode=1 dk=0 dv=1 unsafe_vec_after_turbo_v_decode=1 allow_vec=0 kernel=MMA_F16 need_f16_K=1 need_f16_V=0 Knb=[20,640,160,163840] Vnb=[66,528,132,135168] Keff_nb=[20,640,160,163840] Veff_nb=[2,2048,512,524288]
CUDA_FA_ROUTE_SUPPORTED kernel=MMA_F16 effK=q4_1 effV=f16 supported=1
CUDA_FA_ROUTE_PLAN device=0 Q=[256,1,16,1] Kraw=q4_1 Vraw=turbo4 Kshape=[256,256,4,1] Vshape=[256,256,4,1] Keff=q4_1 Veff=f16 turbo_kv=1 prefer_native_vec=0 decode=1 dk=0 dv=1 unsafe_vec_after_turbo_v_decode=1 allow_vec=0 kernel=MMA_F16 need_f16_K=1 need_f16_V=0 Knb=[20,640,160,163840] Vnb=[66,528,132,135168] Keff_nb=[20,640,160,163840] Veff_nb=[2,2048,512,524288]
CUDA_FA_ROUTE_SUPPORTED kernel=MMA_F16 effK=q4_1 effV=f16 supported=1
CUDA_FA_ROUTE_PLAN device=0 Q=[256,1,16,1] Kraw=q4_1 Vraw=turbo4 Kshape=[256,256,4,1] Vshape=[256,256,4,1] Keff=q4_1 Veff=f16 turbo_kv=1 prefer_native_vec=0 decode=1 dk=0 dv=1 unsafe_vec_after_turbo_v_decode=1 allow_vec=0 kernel=MMA_F16 need_f16_K=1 need_f16_V=0 Knb=[20,640,160,163840] Vnb=[66,528,132,135168] Keff_nb=[20,640,160,163840] Veff_nb=[2,2048,512,524288]
CUDA_FA_ROUTE_SUPPORTED kernel=MMA_F16 effK=q4_1 effV=f16 supported=1
CUDA_FA_ROUTE_PLAN device=0 Q=[256,1,16,1] Kraw=q4_1 Vraw=turbo4 Kshape=[256,256,4,1] Vshape=[256,256,4,1] Keff=q4_1 Veff=f16 turbo_kv=1 prefer_native_vec=0 decode=1 dk=0 dv=1 unsafe_vec_after_turbo_v_decode=1 allow_vec=0 kernel=MMA_F16 need_f16_K=1 need_f16_V=0 Knb=[20,640,160,163840] Vnb=[66,528,132,135168] Keff_nb=[20,640,160,163840] Veff_nb=[2,2048,512,524288]
CUDA_FA_ROUTE_SUPPORTED kernel=MMA_F16 effK=q4_1 effV=f16 supported=1
CUDA_FA_ROUTE_PLAN device=0 Q=[256,1,16,1] Kraw=q4_1 Vraw=turbo4 Kshape=[256,256,4,1] Vshape=[256,256,4,1] Keff=q4_1 Veff=f16 turbo_kv=1 prefer_native_vec=0 decode=1 dk=0 dv=1 unsafe_vec_after_turbo_v_decode=1 allow_vec=0 kernel=MMA_F16 need_f16_K=1 need_f16_V=0 Knb=[20,640,160,163840] Vnb=[66,528,132,135168] Keff_nb=[20,640,160,163840] Veff_nb=[2,2048,512,524288]
CUDA_FA_ROUTE_SUPPORTED kernel=MMA_F16 effK=q4_1 effV=f16 supported=1
CUDA_FA_ROUTE_PLAN device=0 Q=[256,1,16,1] Kraw=q4_1 Vraw=turbo4 Kshape=[256,256,4,1] Vshape=[256,256,4,1] Keff=q4_1 Veff=f16 turbo_kv=1 prefer_native_vec=0 decode=1 dk=0 dv=1 unsafe_vec_after_turbo_v_decode=1 allow_vec=0 kernel=MMA_F16 need_f16_K=1 need_f16_V=0 Knb=[20,640,160,163840] Vnb=[66,528,132,135168] Keff_nb=[20,640,160,163840] Veff_nb=[2,2048,512,524288]
CUDA_FA_ROUTE_ALLOC kernel=MMA_F16 need_f16_K=1 need_f16_V=0 workspace_end_offset=540672 dst_data=(nil) f16_K=0x4000 f16_V=(nil) f16_end=0x84000
CUDA_FA_ROUTE_PLAN device=0 Q=[256,1,16,1] Kraw=q4_1 Vraw=turbo4 Kshape=[256,256,4,1] Vshape=[256,256,4,1] Keff=q4_1 Veff=f16 turbo_kv=1 prefer_native_vec=0 decode=1 dk=0 dv=1 unsafe_vec_after_turbo_v_decode=1 allow_vec=0 kernel=MMA_F16 need_f16_K=1 need_f16_V=0 Knb=[20,640,160,163840] Vnb=[66,528,132,135168] Keff_nb=[20,640,160,163840] Veff_nb=[2,2048,512,524288]
CUDA_FA_ROUTE_ALLOC kernel=MMA_F16 need_f16_K=1 need_f16_V=0 workspace_end_offset=540672 dst_data=(nil) f16_K=0x4000 f16_V=(nil) f16_end=0x84000
CUDA_FA_ROUTE_PLAN device=0 Q=[256,1,16,1] Kraw=q4_1 Vraw=turbo4 Kshape=[256,256,4,1] Vshape=[256,256,4,1] Keff=q4_1 Veff=f16 turbo_kv=1 prefer_native_vec=0 decode=1 dk=0 dv=1 unsafe_vec_after_turbo_v_decode=1 allow_vec=0 kernel=MMA_F16 need_f16_K=1 need_f16_V=0 Knb=[20,640,160,163840] Vnb=[66,528,132,135168] Keff_nb=[20,640,160,163840] Veff_nb=[2,2048,512,524288]
CUDA_FA_ROUTE_ALLOC kernel=MMA_F16 need_f16_K=1 need_f16_V=0 workspace_end_offset=540672 dst_data=(nil) f16_K=0x4000 f16_V=(nil) f16_end=0x84000
CUDA_FA_ROUTE_PLAN device=0 Q=[256,1,16,1] Kraw=q4_1 Vraw=turbo4 Kshape=[256,256,4,1] Vshape=[256,256,4,1] Keff=q4_1 Veff=f16 turbo_kv=1 prefer_native_vec=0 decode=1 dk=0 dv=1 unsafe_vec_after_turbo_v_decode=1 allow_vec=0 kernel=MMA_F16 need_f16_K=1 need_f16_V=0 Knb=[20,640,160,163840] Vnb=[66,528,132,135168] Keff_nb=[20,640,160,163840] Veff_nb=[2,2048,512,524288]
CUDA_FA_ROUTE_ALLOC kernel=MMA_F16 need_f16_K=1 need_f16_V=0 workspace_end_offset=540672 dst_data=(nil) f16_K=0x4000 f16_V=(nil) f16_end=0x84000
CUDA_FA_ROUTE_PLAN device=0 Q=[256,1,16,1] Kraw=q4_1 Vraw=turbo4 Kshape=[256,256,4,1] Vshape=[256,256,4,1] Keff=q4_1 Veff=f16 turbo_kv=1 prefer_native_vec=0 decode=1 dk=0 dv=1 unsafe_vec_after_turbo_v_decode=1 allow_vec=0 kernel=MMA_F16 need_f16_K=1 need_f16_V=0 Knb=[20,640,160,163840] Vnb=[66,528,132,135168] Keff_nb=[20,640,160,163840] Veff_nb=[2,2048,512,524288]
CUDA_FA_ROUTE_ALLOC kernel=MMA_F16 need_f16_K=1 need_f16_V=0 workspace_end_offset=540672 dst_data=(nil) f16_K=0x4000 f16_V=(nil) f16_end=0x84000
CUDA_FA_ROUTE_PLAN device=0 Q=[256,1,16,1] Kraw=q4_1 Vraw=turbo4 Kshape=[256,256,4,1] Vshape=[256,256,4,1] Keff=q4_1 Veff=f16 turbo_kv=1 prefer_native_vec=0 decode=1 dk=0 dv=1 unsafe_vec_after_turbo_v_decode=1 allow_vec=0 kernel=MMA_F16 need_f16_K=1 need_f16_V=0 Knb=[20,640,160,163840] Vnb=[66,528,132,135168] Keff_nb=[20,640,160,163840] Veff_nb=[2,2048,512,524288]
CUDA_FA_ROUTE_ALLOC kernel=MMA_F16 need_f16_K=1 need_f16_V=0 workspace_end_offset=540672 dst_data=(nil) f16_K=0x4000 f16_V=(nil) f16_end=0x84000
CUDA_FA_ROUTE_PLAN device=0 Q=[256,1,16,1] Kraw=q4_1 Vraw=turbo4 Kshape=[256,256,4,1] Vshape=[256,256,4,1] Keff=q4_1 Veff=f16 turbo_kv=1 prefer_native_vec=0 decode=1 dk=0 dv=1 unsafe_vec_after_turbo_v_decode=1 allow_vec=0 kernel=MMA_F16 need_f16_K=1 need_f16_V=0 Knb=[20,640,160,163840] Vnb=[66,528,132,135168] Keff_nb=[20,640,160,163840] Veff_nb=[2,2048,512,524288]
CUDA_FA_ROUTE_ALLOC kernel=MMA_F16 need_f16_K=1 need_f16_V=0 workspace_end_offset=540672 dst_data=(nil) f16_K=0x4000 f16_V=(nil) f16_end=0x84000
CUDA_FA_ROUTE_PLAN device=0 Q=[256,1,16,1] Kraw=q4_1 Vraw=turbo4 Kshape=[256,256,4,1] Vshape=[256,256,4,1] Keff=q4_1 Veff=f16 turbo_kv=1 prefer_native_vec=0 decode=1 dk=0 dv=1 unsafe_vec_after_turbo_v_decode=1 allow_vec=0 kernel=MMA_F16 need_f16_K=1 need_f16_V=0 Knb=[20,640,160,163840] Vnb=[66,528,132,135168] Keff_nb=[20,640,160,163840] Veff_nb=[2,2048,512,524288]
CUDA_FA_ROUTE_ALLOC kernel=MMA_F16 need_f16_K=1 need_f16_V=0 workspace_end_offset=540672 dst_data=(nil) f16_K=0x4000 f16_V=(nil) f16_end=0x84000
CUDA_FA_ROUTE_PLAN device=0 Q=[256,1,16,1] Kraw=q4_1 Vraw=turbo4 Kshape=[256,256,4,1] Vshape=[256,256,4,1] Keff=q4_1 Veff=f16 turbo_kv=1 prefer_native_vec=0 decode=1 dk=0 dv=1 unsafe_vec_after_turbo_v_decode=1 allow_vec=0 kernel=MMA_F16 need_f16_K=1 need_f16_V=0 Knb=[20,640,160,163840] Vnb=[66,528,132,135168] Keff_nb=[20,640,160,163840] Veff_nb=[2,2048,512,524288]
CUDA_FA_ROUTE_ALLOC kernel=MMA_F16 need_f16_K=1 need_f16_V=0 workspace_end_offset=540672 dst_data=(nil) f16_K=0x4000 f16_V=(nil) f16_end=0x84000
CUDA_FA_ROUTE_PLAN device=0 Q=[256,1,16,1] Kraw=q4_1 Vraw=turbo4 Kshape=[256,256,4,1] Vshape=[256,256,4,1] Keff=q4_1 Veff=f16 turbo_kv=1 prefer_native_vec=0 decode=1 dk=0 dv=1 unsafe_vec_after_turbo_v_decode=1 allow_vec=0 kernel=MMA_F16 need_f16_K=1 need_f16_V=0 Knb=[20,640,160,163840] Vnb=[66,528,132,135168] Keff_nb=[20,640,160,163840] Veff_nb=[2,2048,512,524288]
CUDA_FA_ROUTE_ALLOC kernel=MMA_F16 need_f16_K=1 need_f16_V=0 workspace_end_offset=540672 dst_data=(nil) f16_K=0x4000 f16_V=(nil) f16_end=0x84000
CUDA_FA_ROUTE_PLAN device=0 Q=[256,1,16,1] Kraw=q4_1 Vraw=turbo4 Kshape=[256,256,4,1] Vshape=[256,256,4,1] Keff=q4_1 Veff=f16 turbo_kv=1 prefer_native_vec=0 decode=1 dk=0 dv=1 unsafe_vec_after_turbo_v_decode=1 allow_vec=0 kernel=MMA_F16 need_f16_K=1 need_f16_V=0 Knb=[20,640,160,163840] Vnb=[66,528,132,135168] Keff_nb=[20,640,160,163840] Veff_nb=[2,2048,512,524288]
CUDA_FA_ROUTE_ALLOC kernel=MMA_F16 need_f16_K=1 need_f16_V=0 workspace_end_offset=540672 dst_data=(nil) f16_K=0x4000 f16_V=(nil) f16_end=0x84000
CUDA_FA_ROUTE_PLAN device=0 Q=[256,1,16,1] Kraw=q4_1 Vraw=turbo4 Kshape=[256,256,4,1] Vshape=[256,256,4,1] Keff=q4_1 Veff=f16 turbo_kv=1 prefer_native_vec=0 decode=1 dk=0 dv=1 unsafe_vec_after_turbo_v_decode=1 allow_vec=0 kernel=MMA_F16 need_f16_K=1 need_f16_V=0 Knb=[20,640,160,163840] Vnb=[66,528,132,135168] Keff_nb=[20,640,160,163840] Veff_nb=[2,2048,512,524288]
CUDA_FA_ROUTE_ALLOC kernel=MMA_F16 need_f16_K=1 need_f16_V=0 workspace_end_offset=540672 dst_data=(nil) f16_K=0x4000 f16_V=(nil) f16_end=0x84000
CUDA_FA_ROUTE_PLAN device=0 Q=[256,1,16,1] Kraw=q4_1 Vraw=turbo4 Kshape=[256,256,4,1] Vshape=[256,256,4,1] Keff=q4_1 Veff=f16 turbo_kv=1 prefer_native_vec=0 decode=1 dk=0 dv=1 unsafe_vec_after_turbo_v_decode=1 allow_vec=0 kernel=MMA_F16 need_f16_K=1 need_f16_V=0 Knb=[20,640,160,163840] Vnb=[66,528,132,135168] Keff_nb=[20,640,160,163840] Veff_nb=[2,2048,512,524288]
CUDA_FA_ROUTE_ALLOC kernel=MMA_F16 need_f16_K=1 need_f16_V=0 workspace_end_offset=540672 dst_data=(nil) f16_K=0x4000 f16_V=(nil) f16_end=0x84000
CUDA_FA_ROUTE_PLAN device=0 Q=[256,1,16,1] Kraw=q4_1 Vraw=turbo4 Kshape=[256,256,4,1] Vshape=[256,256,4,1] Keff=q4_1 Veff=f16 turbo_kv=1 prefer_native_vec=0 decode=1 dk=0 dv=1 unsafe_vec_after_turbo_v_decode=1 allow_vec=0 kernel=MMA_F16 need_f16_K=1 need_f16_V=0 Knb=[20,640,160,163840] Vnb=[66,528,132,135168] Keff_nb=[20,640,160,163840] Veff_nb=[2,2048,512,524288]
CUDA_FA_ROUTE_ALLOC kernel=MMA_F16 need_f16_K=1 need_f16_V=0 workspace_end_offset=540672 dst_data=(nil) f16_K=0x4000 f16_V=(nil) f16_end=0x84000
CUDA_FA_ROUTE_PLAN device=0 Q=[256,1,16,1] Kraw=q4_1 Vraw=turbo4 Kshape=[256,256,4,1] Vshape=[256,256,4,1] Keff=q4_1 Veff=f16 turbo_kv=1 prefer_native_vec=0 decode=1 dk=0 dv=1 unsafe_vec_after_turbo_v_decode=1 allow_vec=0 kernel=MMA_F16 need_f16_K=1 need_f16_V=0 Knb=[20,640,160,163840] Vnb=[66,528,132,135168] Keff_nb=[20,640,160,163840] Veff_nb=[2,2048,512,524288]
CUDA_FA_ROUTE_ALLOC kernel=MMA_F16 need_f16_K=1 need_f16_V=0 workspace_end_offset=540672 dst_data=(nil) f16_K=0x4000 f16_V=(nil) f16_end=0x84000
CUDA_FA_ROUTE_PLAN device=0 Q=[256,1,16,1] Kraw=q4_1 Vraw=turbo4 Kshape=[256,256,4,1] Vshape=[256,256,4,1] Keff=q4_1 Veff=f16 turbo_kv=1 prefer_native_vec=0 decode=1 dk=0 dv=1 unsafe_vec_after_turbo_v_decode=1 allow_vec=0 kernel=MMA_F16 need_f16_K=1 need_f16_V=0 Knb=[20,640,160,163840] Vnb=[66,528,132,135168] Keff_nb=[20,640,160,163840] Veff_nb=[2,2048,512,524288]
CUDA_FA_ROUTE_ALLOC kernel=MMA_F16 need_f16_K=1 need_f16_V=0 workspace_end_offset=540672 dst_data=(nil) f16_K=0x4000 f16_V=(nil) f16_end=0x84000
CUDA_FA_ROUTE_PLAN device=0 Q=[256,1,16,1] Kraw=q4_1 Vraw=turbo4 Kshape=[256,256,4,1] Vshape=[256,256,4,1] Keff=q4_1 Veff=f16 turbo_kv=1 prefer_native_vec=0 decode=1 dk=0 dv=1 unsafe_vec_after_turbo_v_decode=1 allow_vec=0 kernel=MMA_F16 need_f16_K=1 need_f16_V=0 Knb=[20,640,160,163840] Vnb=[66,528,132,135168] Keff_nb=[20,640,160,163840] Veff_nb=[2,2048,512,524288]
CUDA_FA_ROUTE_ALLOC kernel=MMA_F16 need_f16_K=1 need_f16_V=0 workspace_end_offset=540672 dst_data=(nil) f16_K=0x4000 f16_V=(nil) f16_end=0x84000
CUDA_FA_ROUTE_PLAN device=0 Q=[256,1,16,1] Kraw=q4_1 Vraw=turbo4 Kshape=[256,256,4,1] Vshape=[256,256,4,1] Keff=q4_1 Veff=f16 turbo_kv=1 prefer_native_vec=0 decode=1 dk=0 dv=1 unsafe_vec_after_turbo_v_decode=1 allow_vec=0 kernel=MMA_F16 need_f16_K=1 need_f16_V=0 Knb=[20,640,160,163840] Vnb=[66,528,132,135168] Keff_nb=[20,640,160,163840] Veff_nb=[2,2048,512,524288]
CUDA_FA_ROUTE_ALLOC kernel=MMA_F16 need_f16_K=1 need_f16_V=0 workspace_end_offset=540672 dst_data=(nil) f16_K=0x4000 f16_V=(nil) f16_end=0x84000
CUDA_FA_ROUTE_PLAN device=0 Q=[256,1,16,1] Kraw=q4_1 Vraw=turbo4 Kshape=[256,256,4,1] Vshape=[256,256,4,1] Keff=q4_1 Veff=f16 turbo_kv=1 prefer_native_vec=0 decode=1 dk=0 dv=1 unsafe_vec_after_turbo_v_decode=1 allow_vec=0 kernel=MMA_F16 need_f16_K=1 need_f16_V=0 Knb=[20,640,160,163840] Vnb=[66,528,132,135168] Keff_nb=[20,640,160,163840] Veff_nb=[2,2048,512,524288]
CUDA_FA_ROUTE_ALLOC kernel=MMA_F16 need_f16_K=1 need_f16_V=0 workspace_end_offset=540672 dst_data=(nil) f16_K=0x4000 f16_V=(nil) f16_end=0x84000
CUDA_FA_ROUTE_PLAN device=0 Q=[256,1,16,1] Kraw=q4_1 Vraw=turbo4 Kshape=[256,256,4,1] Vshape=[256,256,4,1] Keff=q4_1 Veff=f16 turbo_kv=1 prefer_native_vec=0 decode=1 dk=0 dv=1 unsafe_vec_after_turbo_v_decode=1 allow_vec=0 kernel=MMA_F16 need_f16_K=1 need_f16_V=0 Knb=[20,640,160,163840] Vnb=[66,528,132,135168] Keff_nb=[20,640,160,163840] Veff_nb=[2,2048,512,524288]
CUDA_FA_ROUTE_ALLOC kernel=MMA_F16 need_f16_K=1 need_f16_V=0 workspace_end_offset=540672 dst_data=(nil) f16_K=0x4000 f16_V=(nil) f16_end=0x84000
CUDA_FA_ROUTE_PLAN device=0 Q=[256,1,16,1] Kraw=q4_1 Vraw=turbo4 Kshape=[256,256,4,1] Vshape=[256,256,4,1] Keff=q4_1 Veff=f16 turbo_kv=1 prefer_native_vec=0 decode=1 dk=0 dv=1 unsafe_vec_after_turbo_v_decode=1 allow_vec=0 kernel=MMA_F16 need_f16_K=1 need_f16_V=0 Knb=[20,640,160,163840] Vnb=[66,528,132,135168] Keff_nb=[20,640,160,163840] Veff_nb=[2,2048,512,524288]
CUDA_FA_ROUTE_ALLOC kernel=MMA_F16 need_f16_K=1 need_f16_V=0 workspace_end_offset=540672 dst_data=(nil) f16_K=0x4000 f16_V=(nil) f16_end=0x84000
CUDA_FA_ROUTE_PLAN device=0 Q=[256,1,16,1] Kraw=q4_1 Vraw=turbo4 Kshape=[256,256,4,1] Vshape=[256,256,4,1] Keff=q4_1 Veff=f16 turbo_kv=1 prefer_native_vec=0 decode=1 dk=0 dv=1 unsafe_vec_after_turbo_v_decode=1 allow_vec=0 kernel=MMA_F16 need_f16_K=1 need_f16_V=0 Knb=[20,640,160,163840] Vnb=[66,528,132,135168] Keff_nb=[20,640,160,163840] Veff_nb=[2,2048,512,524288]
CUDA_FA_ROUTE_ALLOC kernel=MMA_F16 need_f16_K=1 need_f16_V=0 workspace_end_offset=540672 dst_data=(nil) f16_K=0x4000 f16_V=(nil) f16_end=0x84000
CUDA_FA_ROUTE_PLAN device=0 Q=[256,1,16,1] Kraw=q4_1 Vraw=turbo4 Kshape=[256,256,4,1] Vshape=[256,256,4,1] Keff=q4_1 Veff=f16 turbo_kv=1 prefer_native_vec=0 decode=1 dk=0 dv=1 unsafe_vec_after_turbo_v_decode=1 allow_vec=0 kernel=MMA_F16 need_f16_K=1 need_f16_V=0 Knb=[20,640,160,163840] Vnb=[66,528,132,135168] Keff_nb=[20,640,160,163840] Veff_nb=[2,2048,512,524288]
CUDA_FA_ROUTE_ALLOC kernel=MMA_F16 need_f16_K=1 need_f16_V=0 workspace_end_offset=540672 dst_data=(nil) f16_K=0x4000 f16_V=(nil) f16_end=0x84000
CUDA_FA_ROUTE_PLAN device=0 Q=[256,1,16,1] Kraw=q4_1 Vraw=turbo4 Kshape=[256,256,4,1] Vshape=[256,256,4,1] Keff=q4_1 Veff=f16 turbo_kv=1 prefer_native_vec=0 decode=1 dk=0 dv=1 unsafe_vec_after_turbo_v_decode=1 allow_vec=0 kernel=MMA_F16 need_f16_K=1 need_f16_V=0 Knb=[20,640,160,163840] Vnb=[66,528,132,135168] Keff_nb=[20,640,160,163840] Veff_nb=[2,2048,512,524288]
CUDA_FA_ROUTE_ALLOC kernel=MMA_F16 need_f16_K=1 need_f16_V=0 workspace_end_offset=540672 dst_data=(nil) f16_K=0x4000 f16_V=(nil) f16_end=0x84000
CUDA_FA_ROUTE_PLAN device=0 Q=[256,1,16,1] Kraw=q4_1 Vraw=turbo4 Kshape=[256,256,4,1] Vshape=[256,256,4,1] Keff=q4_1 Veff=f16 turbo_kv=1 prefer_native_vec=0 decode=1 dk=0 dv=1 unsafe_vec_after_turbo_v_decode=1 allow_vec=0 kernel=MMA_F16 need_f16_K=1 need_f16_V=0 Knb=[20,640,160,163840] Vnb=[66,528,132,135168] Keff_nb=[20,640,160,163840] Veff_nb=[2,2048,512,524288]
GGML_TURBO_FA_DEBUG: path=decode-dequant-or-vec K=q4_1 V=turbo4 Q=[256,1,16,1] K=[256,256,4,1] V=[256,256,4,1] prefill_safe=0 can_make_f16_K=0 can_make_f16_V=1 turbo_k_classic_v_prefill=0 vec_override=0 batch_ok=0 dim_ok=1 turing_mma=1
CUDA_FA_ROUTE_EXEC_BEGIN Q=[256,1,16,1] Kraw=q4_1 Vraw=turbo4 decode=1 dk=0 dv=1 allow_vec=0 kernel=MMA_F16 need_f16_K=1 need_f16_V=0 Kdata=0x7efbae200000 Vdata=0x7efbae228000 dst=0x1000e0bcc80
CUDA_FA_ROUTE_EXEC_DISPATCH Qrun=f32 Q=[256,1,16,1] Qdata=0x1000e0a8c80 Krun=q4_1 K=[256,256,4,1] Kdata=0x7efbae200000 Knb=[20,640,160,163840] Vrun=f16 V=[256,256,4,1] Vdata=0x7efbb7400000 Vnb=[2,2048,512,524288] kernel=MMA_F16 compiled_pair=1
CUDA_FA_ROUTE_PLAN device=0 Q=[256,1,16,1] Kraw=q4_1 Vraw=turbo4 Kshape=[256,256,4,1] Vshape=[256,256,4,1] Keff=q4_1 Veff=f16 turbo_kv=1 prefer_native_vec=0 decode=1 dk=0 dv=1 unsafe_vec_after_turbo_v_decode=1 allow_vec=0 kernel=MMA_F16 need_f16_K=1 need_f16_V=0 Knb=[20,640,160,163840] Vnb=[66,528,132,135168] Keff_nb=[20,640,160,163840] Veff_nb=[2,2048,512,524288]
GGML_TURBO_FA_DEBUG: path=decode-dequant-or-vec K=q4_1 V=turbo4 Q=[256,1,16,1] K=[256,256,4,1] V=[256,256,4,1] prefill_safe=0 can_make_f16_K=0 can_make_f16_V=1 turbo_k_classic_v_prefill=0 vec_override=0 batch_ok=0 dim_ok=1 turing_mma=1
CUDA_FA_ROUTE_EXEC_BEGIN Q=[256,1,16,1] Kraw=q4_1 Vraw=turbo4 decode=1 dk=0 dv=1 allow_vec=0 kernel=MMA_F16 need_f16_K=1 need_f16_V=0 Kdata=0x7efbae249000 Vdata=0x7efbae271000 dst=0x1000e0bcc80
CUDA_FA_ROUTE_EXEC_DISPATCH Qrun=f32 Q=[256,1,16,1] Qdata=0x1000e0a8c80 Krun=q4_1 K=[256,256,4,1] Kdata=0x7efbae249000 Knb=[20,640,160,163840] Vrun=f16 V=[256,256,4,1] Vdata=0x7efbb7400000 Vnb=[2,2048,512,524288] kernel=MMA_F16 compiled_pair=1
CUDA_FA_ROUTE_PLAN device=0 Q=[256,1,16,1] Kraw=q4_1 Vraw=turbo4 Kshape=[256,256,4,1] Vshape=[256,256,4,1] Keff=q4_1 Veff=f16 turbo_kv=1 prefer_native_vec=0 decode=1 dk=0 dv=1 unsafe_vec_after_turbo_v_decode=1 allow_vec=0 kernel=MMA_F16 need_f16_K=1 need_f16_V=0 Knb=[20,640,160,163840] Vnb=[66,528,132,135168] Keff_nb=[20,640,160,163840] Veff_nb=[2,2048,512,524288]
GGML_TURBO_FA_DEBUG: path=decode-dequant-or-vec K=q4_1 V=turbo4 Q=[256,1,16,1] K=[256,256,4,1] V=[256,256,4,1] prefill_safe=0 can_make_f16_K=0 can_make_f16_V=1 turbo_k_classic_v_prefill=0 vec_override=0 batch_ok=0 dim_ok=1 turing_mma=1
CUDA_FA_ROUTE_EXEC_BEGIN Q=[256,1,16,1] Kraw=q4_1 Vraw=turbo4 decode=1 dk=0 dv=1 allow_vec=0 kernel=MMA_F16 need_f16_K=1 need_f16_V=0 Kdata=0x7efbae292000 Vdata=0x7efbae2ba000 dst=0x1000e0bcc80
CUDA_FA_ROUTE_EXEC_DISPATCH Qrun=f32 Q=[256,1,16,1] Qdata=0x1000e0a8c80 Krun=q4_1 K=[256,256,4,1] Kdata=0x7efbae292000 Knb=[20,640,160,163840] Vrun=f16 V=[256,256,4,1] Vdata=0x7efbb7400000 Vnb=[2,2048,512,524288] kernel=MMA_F16 compiled_pair=1
CUDA_FA_ROUTE_PLAN device=0 Q=[256,1,16,1] Kraw=q4_1 Vraw=turbo4 Kshape=[256,256,4,1] Vshape=[256,256,4,1] Keff=q4_1 Veff=f16 turbo_kv=1 prefer_native_vec=0 decode=1 dk=0 dv=1 unsafe_vec_after_turbo_v_decode=1 allow_vec=0 kernel=MMA_F16 need_f16_K=1 need_f16_V=0 Knb=[20,640,160,163840] Vnb=[66,528,132,135168] Keff_nb=[20,640,160,163840] Veff_nb=[2,2048,512,524288]
GGML_TURBO_FA_DEBUG: path=decode-dequant-or-vec K=q4_1 V=turbo4 Q=[256,1,16,1] K=[256,256,4,1] V=[256,256,4,1] prefill_safe=0 can_make_f16_K=0 can_make_f16_V=1 turbo_k_classic_v_prefill=0 vec_override=0 batch_ok=0 dim_ok=1 turing_mma=1
CUDA_FA_ROUTE_EXEC_BEGIN Q=[256,1,16,1] Kraw=q4_1 Vraw=turbo4 decode=1 dk=0 dv=1 allow_vec=0 kernel=MMA_F16 need_f16_K=1 need_f16_V=0 Kdata=0x7efbae2db000 Vdata=0x7efbae303000 dst=0x1000e0bcc80
CUDA_FA_ROUTE_EXEC_DISPATCH Qrun=f32 Q=[256,1,16,1] Qdata=0x1000e0a8c80 Krun=q4_1 K=[256,256,4,1] Kdata=0x7efbae2db000 Knb=[20,640,160,163840] Vrun=f16 V=[256,256,4,1] Vdata=0x7efbb7400000 Vnb=[2,2048,512,524288] kernel=MMA_F16 compiled_pair=1
CUDA_FA_ROUTE_PLAN device=0 Q=[256,1,16,1] Kraw=q4_1 Vraw=turbo4 Kshape=[256,256,4,1] Vshape=[256,256,4,1] Keff=q4_1 Veff=f16 turbo_kv=1 prefer_native_vec=0 decode=1 dk=0 dv=1 unsafe_vec_after_turbo_v_decode=1 allow_vec=0 kernel=MMA_F16 need_f16_K=1 need_f16_V=0 Knb=[20,640,160,163840] Vnb=[66,528,132,135168] Keff_nb=[20,640,160,163840] Veff_nb=[2,2048,512,524288]
GGML_TURBO_FA_DEBUG: path=decode-dequant-or-vec K=q4_1 V=turbo4 Q=[256,1,16,1] K=[256,256,4,1] V=[256,256,4,1] prefill_safe=0 can_make_f16_K=0 can_make_f16_V=1 turbo_k_classic_v_prefill=0 vec_override=0 batch_ok=0 dim_ok=1 turing_mma=1
CUDA_FA_ROUTE_EXEC_BEGIN Q=[256,1,16,1] Kraw=q4_1 Vraw=turbo4 decode=1 dk=0 dv=1 allow_vec=0 kernel=MMA_F16 need_f16_K=1 need_f16_V=0 Kdata=0x7efbae324000 Vdata=0x7efbae34c000 dst=0x1000e0bcc80
CUDA_FA_ROUTE_EXEC_DISPATCH Qrun=f32 Q=[256,1,16,1] Qdata=0x1000e0a8c80 Krun=q4_1 K=[256,256,4,1] Kdata=0x7efbae324000 Knb=[20,640,160,163840] Vrun=f16 V=[256,256,4,1] Vdata=0x7efbb7400000 Vnb=[2,2048,512,524288] kernel=MMA_F16 compiled_pair=1
CUDA_FA_ROUTE_PLAN device=0 Q=[256,1,16,1] Kraw=q4_1 Vraw=turbo4 Kshape=[256,256,4,1] Vshape=[256,256,4,1] Keff=q4_1 Veff=f16 turbo_kv=1 prefer_native_vec=0 decode=1 dk=0 dv=1 unsafe_vec_after_turbo_v_decode=1 allow_vec=0 kernel=MMA_F16 need_f16_K=1 need_f16_V=0 Knb=[20,640,160,163840] Vnb=[66,528,132,135168] Keff_nb=[20,640,160,163840] Veff_nb=[2,2048,512,524288]
GGML_TURBO_FA_DEBUG: path=decode-dequant-or-vec K=q4_1 V=turbo4 Q=[256,1,16,1] K=[256,256,4,1] V=[256,256,4,1] prefill_safe=0 can_make_f16_K=0 can_make_f16_V=1 turbo_k_classic_v_prefill=0 vec_override=0 batch_ok=0 dim_ok=1 turing_mma=1
CUDA_FA_ROUTE_EXEC_BEGIN Q=[256,1,16,1] Kraw=q4_1 Vraw=turbo4 decode=1 dk=0 dv=1 allow_vec=0 kernel=MMA_F16 need_f16_K=1 need_f16_V=0 Kdata=0x7efbae36d000 Vdata=0x7efbae395000 dst=0x1000e0bcc80
CUDA_FA_ROUTE_EXEC_DISPATCH Qrun=f32 Q=[256,1,16,1] Qdata=0x1000e0a8c80 Krun=q4_1 K=[256,256,4,1] Kdata=0x7efbae36d000 Knb=[20,640,160,163840] Vrun=f16 V=[256,256,4,1] Vdata=0x7efbb7400000 Vnb=[2,2048,512,524288] kernel=MMA_F16 compiled_pair=1
CUDA_FA_ROUTE_PLAN device=0 Q=[256,1,16,1] Kraw=q4_1 Vraw=turbo4 Kshape=[256,256,4,1] Vshape=[256,256,4,1] Keff=q4_1 Veff=f16 turbo_kv=1 prefer_native_vec=0 decode=1 dk=0 dv=1 unsafe_vec_after_turbo_v_decode=1 allow_vec=0 kernel=MMA_F16 need_f16_K=1 need_f16_V=0 Knb=[20,640,160,163840] Vnb=[66,528,132,135168] Keff_nb=[20,640,160,163840] Veff_nb=[2,2048,512,524288]
GGML_TURBO_FA_DEBUG: path=decode-dequant-or-vec K=q4_1 V=turbo4 Q=[256,1,16,1] K=[256,256,4,1] V=[256,256,4,1] prefill_safe=0 can_make_f16_K=0 can_make_f16_V=1 turbo_k_classic_v_prefill=0 vec_override=0 batch_ok=0 dim_ok=1 turing_mma=1
CUDA_FA_ROUTE_EXEC_BEGIN Q=[256,1,16,1] Kraw=q4_1 Vraw=turbo4 decode=1 dk=0 dv=1 allow_vec=0 kernel=MMA_F16 need_f16_K=1 need_f16_V=0 Kdata=0x7efbae3b6000 Vdata=0x7efbae3de000 dst=0x1000e0bcc80
CUDA_FA_ROUTE_EXEC_DISPATCH Qrun=f32 Q=[256,1,16,1] Qdata=0x1000e0a8c80 Krun=q4_1 K=[256,256,4,1] Kdata=0x7efbae3b6000 Knb=[20,640,160,163840] Vrun=f16 V=[256,256,4,1] Vdata=0x7efbb7400000 Vnb=[2,2048,512,524288] kernel=MMA_F16 compiled_pair=1
CUDA_FA_ROUTE_PLAN device=0 Q=[256,1,16,1] Kraw=q4_1 Vraw=turbo4 Kshape=[256,256,4,1] Vshape=[256,256,4,1] Keff=q4_1 Veff=f16 turbo_kv=1 prefer_native_vec=0 decode=1 dk=0 dv=1 unsafe_vec_after_turbo_v_decode=1 allow_vec=0 kernel=MMA_F16 need_f16_K=1 need_f16_V=0 Knb=[20,640,160,163840] Vnb=[66,528,132,135168] Keff_nb=[20,640,160,163840] Veff_nb=[2,2048,512,524288]
GGML_TURBO_FA_DEBUG: path=decode-dequant-or-vec K=q4_1 V=turbo4 Q=[256,1,16,1] K=[256,256,4,1] V=[256,256,4,1] prefill_safe=0 can_make_f16_K=0 can_make_f16_V=1 turbo_k_classic_v_prefill=0 vec_override=0 batch_ok=0 dim_ok=1 turing_mma=1
CUDA_FA_ROUTE_EXEC_BEGIN Q=[256,1,16,1] Kraw=q4_1 Vraw=turbo4 decode=1 dk=0 dv=1 allow_vec=0 kernel=MMA_F16 need_f16_K=1 need_f16_V=0 Kdata=0x7efbae3ff000 Vdata=0x7efbae427000 dst=0x1000e0bcc80
CUDA_FA_ROUTE_EXEC_DISPATCH Qrun=f32 Q=[256,1,16,1] Qdata=0x1000e0a8c80 Krun=q4_1 K=[256,256,4,1] Kdata=0x7efbae3ff000 Knb=[20,640,160,163840] Vrun=f16 V=[256,256,4,1] Vdata=0x7efbb7400000 Vnb=[2,2048,512,524288] kernel=MMA_F16 compiled_pair=1
.

0.02.982.989 I common_perf_print:    sampling time =       1.57 ms
0.02.982.990 I common_perf_print:    samplers time =       0.28 ms /     7 tokens
0.02.982.993 I common_perf_print:        load time =    1110.35 ms
0.02.982.994 I common_perf_print: prompt eval time =      44.31 ms /     5 tokens (    8.86 ms per token,   112.85 tokens per second)
0.02.982.994 I common_perf_print:        eval time =      27.73 ms /     1 runs   (   27.73 ms per token,    36.06 tokens per second)
0.02.982.995 I common_perf_print:       total time =      73.82 ms /     6 tokens
0.02.982.995 I common_perf_print: unaccounted time =       0.21 ms /   0.3 %      (total - sampling - prompt eval - eval) / (total)
0.02.982.995 I common_perf_print:    graphs reused =          0
