0.00.014.792 I llama_completion: llama backend init
0.00.014.797 I llama_completion: load the model and apply lora adapter, if any
CUDA_FA_ROUTE_PLAN device=0 Q=[256,1,16,1] Kraw=q5_0 Vraw=turbo2_tcq Kshape=[256,256,4,1] Vshape=[256,256,4,1] Keff=q5_0 Veff=f16 turbo_kv=1 prefer_native_vec=0 decode=1 dk=0 dv=1 unsafe_vec_after_turbo_v_decode=1 allow_vec=0 kernel=MMA_F16 need_f16_K=1 need_f16_V=0 Knb=[22,704,176,180224] Vnb=[36,288,72,73728] Keff_nb=[22,704,176,180224] Veff_nb=[2,2048,512,524288]
CUDA_FA_ROUTE_SUPPORTED kernel=MMA_F16 effK=q5_0 effV=f16 supported=1
CUDA_FA_ROUTE_PLAN device=0 Q=[256,1,16,1] Kraw=q5_0 Vraw=turbo2_tcq Kshape=[256,256,4,1] Vshape=[256,256,4,1] Keff=q5_0 Veff=f16 turbo_kv=1 prefer_native_vec=0 decode=1 dk=0 dv=1 unsafe_vec_after_turbo_v_decode=1 allow_vec=0 kernel=MMA_F16 need_f16_K=1 need_f16_V=0 Knb=[22,704,176,180224] Vnb=[36,288,72,73728] Keff_nb=[22,704,176,180224] Veff_nb=[2,2048,512,524288]
CUDA_FA_ROUTE_SUPPORTED kernel=MMA_F16 effK=q5_0 effV=f16 supported=1
CUDA_FA_ROUTE_PLAN device=0 Q=[256,1,16,1] Kraw=q5_0 Vraw=turbo2_tcq Kshape=[256,256,4,1] Vshape=[256,256,4,1] Keff=q5_0 Veff=f16 turbo_kv=1 prefer_native_vec=0 decode=1 dk=0 dv=1 unsafe_vec_after_turbo_v_decode=1 allow_vec=0 kernel=MMA_F16 need_f16_K=1 need_f16_V=0 Knb=[22,704,176,180224] Vnb=[36,288,72,73728] Keff_nb=[22,704,176,180224] Veff_nb=[2,2048,512,524288]
CUDA_FA_ROUTE_SUPPORTED kernel=MMA_F16 effK=q5_0 effV=f16 supported=1
CUDA_FA_ROUTE_PLAN device=0 Q=[256,1,16,1] Kraw=q5_0 Vraw=turbo2_tcq Kshape=[256,256,4,1] Vshape=[256,256,4,1] Keff=q5_0 Veff=f16 turbo_kv=1 prefer_native_vec=0 decode=1 dk=0 dv=1 unsafe_vec_after_turbo_v_decode=1 allow_vec=0 kernel=MMA_F16 need_f16_K=1 need_f16_V=0 Knb=[22,704,176,180224] Vnb=[36,288,72,73728] Keff_nb=[22,704,176,180224] Veff_nb=[2,2048,512,524288]
CUDA_FA_ROUTE_SUPPORTED kernel=MMA_F16 effK=q5_0 effV=f16 supported=1
CUDA_FA_ROUTE_PLAN device=0 Q=[256,1,16,1] Kraw=q5_0 Vraw=turbo2_tcq Kshape=[256,256,4,1] Vshape=[256,256,4,1] Keff=q5_0 Veff=f16 turbo_kv=1 prefer_native_vec=0 decode=1 dk=0 dv=1 unsafe_vec_after_turbo_v_decode=1 allow_vec=0 kernel=MMA_F16 need_f16_K=1 need_f16_V=0 Knb=[22,704,176,180224] Vnb=[36,288,72,73728] Keff_nb=[22,704,176,180224] Veff_nb=[2,2048,512,524288]
CUDA_FA_ROUTE_SUPPORTED kernel=MMA_F16 effK=q5_0 effV=f16 supported=1
CUDA_FA_ROUTE_PLAN device=0 Q=[256,1,16,1] Kraw=q5_0 Vraw=turbo2_tcq Kshape=[256,256,4,1] Vshape=[256,256,4,1] Keff=q5_0 Veff=f16 turbo_kv=1 prefer_native_vec=0 decode=1 dk=0 dv=1 unsafe_vec_after_turbo_v_decode=1 allow_vec=0 kernel=MMA_F16 need_f16_K=1 need_f16_V=0 Knb=[22,704,176,180224] Vnb=[36,288,72,73728] Keff_nb=[22,704,176,180224] Veff_nb=[2,2048,512,524288]
CUDA_FA_ROUTE_SUPPORTED kernel=MMA_F16 effK=q5_0 effV=f16 supported=1
CUDA_FA_ROUTE_PLAN device=0 Q=[256,1,16,1] Kraw=q5_0 Vraw=turbo2_tcq Kshape=[256,256,4,1] Vshape=[256,256,4,1] Keff=q5_0 Veff=f16 turbo_kv=1 prefer_native_vec=0 decode=1 dk=0 dv=1 unsafe_vec_after_turbo_v_decode=1 allow_vec=0 kernel=MMA_F16 need_f16_K=1 need_f16_V=0 Knb=[22,704,176,180224] Vnb=[36,288,72,73728] Keff_nb=[22,704,176,180224] Veff_nb=[2,2048,512,524288]
CUDA_FA_ROUTE_SUPPORTED kernel=MMA_F16 effK=q5_0 effV=f16 supported=1
CUDA_FA_ROUTE_PLAN device=0 Q=[256,1,16,1] Kraw=q5_0 Vraw=turbo2_tcq Kshape=[256,256,4,1] Vshape=[256,256,4,1] Keff=q5_0 Veff=f16 turbo_kv=1 prefer_native_vec=0 decode=1 dk=0 dv=1 unsafe_vec_after_turbo_v_decode=1 allow_vec=0 kernel=MMA_F16 need_f16_K=1 need_f16_V=0 Knb=[22,704,176,180224] Vnb=[36,288,72,73728] Keff_nb=[22,704,176,180224] Veff_nb=[2,2048,512,524288]
CUDA_FA_ROUTE_SUPPORTED kernel=MMA_F16 effK=q5_0 effV=f16 supported=1
CUDA_FA_ROUTE_PLAN device=0 Q=[256,16,16,1] Kraw=q5_0 Vraw=turbo2_tcq Kshape=[256,256,4,1] Vshape=[256,256,4,1] Keff=q5_0 Veff=f16 turbo_kv=1 prefer_native_vec=0 decode=1 dk=0 dv=1 unsafe_vec_after_turbo_v_decode=1 allow_vec=0 kernel=MMA_F16 need_f16_K=1 need_f16_V=0 Knb=[22,704,176,180224] Vnb=[36,288,72,73728] Keff_nb=[22,704,176,180224] Veff_nb=[2,2048,512,524288]
CUDA_FA_ROUTE_SUPPORTED kernel=MMA_F16 effK=q5_0 effV=f16 supported=1
CUDA_FA_ROUTE_PLAN device=0 Q=[256,16,16,1] Kraw=q5_0 Vraw=turbo2_tcq Kshape=[256,256,4,1] Vshape=[256,256,4,1] Keff=q5_0 Veff=f16 turbo_kv=1 prefer_native_vec=0 decode=1 dk=0 dv=1 unsafe_vec_after_turbo_v_decode=1 allow_vec=0 kernel=MMA_F16 need_f16_K=1 need_f16_V=0 Knb=[22,704,176,180224] Vnb=[36,288,72,73728] Keff_nb=[22,704,176,180224] Veff_nb=[2,2048,512,524288]
CUDA_FA_ROUTE_SUPPORTED kernel=MMA_F16 effK=q5_0 effV=f16 supported=1
CUDA_FA_ROUTE_PLAN device=0 Q=[256,16,16,1] Kraw=q5_0 Vraw=turbo2_tcq Kshape=[256,256,4,1] Vshape=[256,256,4,1] Keff=q5_0 Veff=f16 turbo_kv=1 prefer_native_vec=0 decode=1 dk=0 dv=1 unsafe_vec_after_turbo_v_decode=1 allow_vec=0 kernel=MMA_F16 need_f16_K=1 need_f16_V=0 Knb=[22,704,176,180224] Vnb=[36,288,72,73728] Keff_nb=[22,704,176,180224] Veff_nb=[2,2048,512,524288]
CUDA_FA_ROUTE_SUPPORTED kernel=MMA_F16 effK=q5_0 effV=f16 supported=1
CUDA_FA_ROUTE_PLAN device=0 Q=[256,16,16,1] Kraw=q5_0 Vraw=turbo2_tcq Kshape=[256,256,4,1] Vshape=[256,256,4,1] Keff=q5_0 Veff=f16 turbo_kv=1 prefer_native_vec=0 decode=1 dk=0 dv=1 unsafe_vec_after_turbo_v_decode=1 allow_vec=0 kernel=MMA_F16 need_f16_K=1 need_f16_V=0 Knb=[22,704,176,180224] Vnb=[36,288,72,73728] Keff_nb=[22,704,176,180224] Veff_nb=[2,2048,512,524288]
CUDA_FA_ROUTE_SUPPORTED kernel=MMA_F16 effK=q5_0 effV=f16 supported=1
CUDA_FA_ROUTE_PLAN device=0 Q=[256,16,16,1] Kraw=q5_0 Vraw=turbo2_tcq Kshape=[256,256,4,1] Vshape=[256,256,4,1] Keff=q5_0 Veff=f16 turbo_kv=1 prefer_native_vec=0 decode=1 dk=0 dv=1 unsafe_vec_after_turbo_v_decode=1 allow_vec=0 kernel=MMA_F16 need_f16_K=1 need_f16_V=0 Knb=[22,704,176,180224] Vnb=[36,288,72,73728] Keff_nb=[22,704,176,180224] Veff_nb=[2,2048,512,524288]
CUDA_FA_ROUTE_SUPPORTED kernel=MMA_F16 effK=q5_0 effV=f16 supported=1
CUDA_FA_ROUTE_PLAN device=0 Q=[256,16,16,1] Kraw=q5_0 Vraw=turbo2_tcq Kshape=[256,256,4,1] Vshape=[256,256,4,1] Keff=q5_0 Veff=f16 turbo_kv=1 prefer_native_vec=0 decode=1 dk=0 dv=1 unsafe_vec_after_turbo_v_decode=1 allow_vec=0 kernel=MMA_F16 need_f16_K=1 need_f16_V=0 Knb=[22,704,176,180224] Vnb=[36,288,72,73728] Keff_nb=[22,704,176,180224] Veff_nb=[2,2048,512,524288]
CUDA_FA_ROUTE_SUPPORTED kernel=MMA_F16 effK=q5_0 effV=f16 supported=1
CUDA_FA_ROUTE_PLAN device=0 Q=[256,16,16,1] Kraw=q5_0 Vraw=turbo2_tcq Kshape=[256,256,4,1] Vshape=[256,256,4,1] Keff=q5_0 Veff=f16 turbo_kv=1 prefer_native_vec=0 decode=1 dk=0 dv=1 unsafe_vec_after_turbo_v_decode=1 allow_vec=0 kernel=MMA_F16 need_f16_K=1 need_f16_V=0 Knb=[22,704,176,180224] Vnb=[36,288,72,73728] Keff_nb=[22,704,176,180224] Veff_nb=[2,2048,512,524288]
CUDA_FA_ROUTE_SUPPORTED kernel=MMA_F16 effK=q5_0 effV=f16 supported=1
CUDA_FA_ROUTE_PLAN device=0 Q=[256,16,16,1] Kraw=q5_0 Vraw=turbo2_tcq Kshape=[256,256,4,1] Vshape=[256,256,4,1] Keff=q5_0 Veff=f16 turbo_kv=1 prefer_native_vec=0 decode=1 dk=0 dv=1 unsafe_vec_after_turbo_v_decode=1 allow_vec=0 kernel=MMA_F16 need_f16_K=1 need_f16_V=0 Knb=[22,704,176,180224] Vnb=[36,288,72,73728] Keff_nb=[22,704,176,180224] Veff_nb=[2,2048,512,524288]
CUDA_FA_ROUTE_SUPPORTED kernel=MMA_F16 effK=q5_0 effV=f16 supported=1
CUDA_FA_ROUTE_PLAN device=0 Q=[256,1,16,1] Kraw=q5_0 Vraw=turbo2_tcq Kshape=[256,256,4,1] Vshape=[256,256,4,1] Keff=q5_0 Veff=f16 turbo_kv=1 prefer_native_vec=0 decode=1 dk=0 dv=1 unsafe_vec_after_turbo_v_decode=1 allow_vec=0 kernel=MMA_F16 need_f16_K=1 need_f16_V=0 Knb=[22,704,176,180224] Vnb=[36,288,72,73728] Keff_nb=[22,704,176,180224] Veff_nb=[2,2048,512,524288]
CUDA_FA_ROUTE_SUPPORTED kernel=MMA_F16 effK=q5_0 effV=f16 supported=1
CUDA_FA_ROUTE_PLAN device=0 Q=[256,1,16,1] Kraw=q5_0 Vraw=turbo2_tcq Kshape=[256,256,4,1] Vshape=[256,256,4,1] Keff=q5_0 Veff=f16 turbo_kv=1 prefer_native_vec=0 decode=1 dk=0 dv=1 unsafe_vec_after_turbo_v_decode=1 allow_vec=0 kernel=MMA_F16 need_f16_K=1 need_f16_V=0 Knb=[22,704,176,180224] Vnb=[36,288,72,73728] Keff_nb=[22,704,176,180224] Veff_nb=[2,2048,512,524288]
CUDA_FA_ROUTE_SUPPORTED kernel=MMA_F16 effK=q5_0 effV=f16 supported=1
CUDA_FA_ROUTE_PLAN device=0 Q=[256,1,16,1] Kraw=q5_0 Vraw=turbo2_tcq Kshape=[256,256,4,1] Vshape=[256,256,4,1] Keff=q5_0 Veff=f16 turbo_kv=1 prefer_native_vec=0 decode=1 dk=0 dv=1 unsafe_vec_after_turbo_v_decode=1 allow_vec=0 kernel=MMA_F16 need_f16_K=1 need_f16_V=0 Knb=[22,704,176,180224] Vnb=[36,288,72,73728] Keff_nb=[22,704,176,180224] Veff_nb=[2,2048,512,524288]
CUDA_FA_ROUTE_SUPPORTED kernel=MMA_F16 effK=q5_0 effV=f16 supported=1
CUDA_FA_ROUTE_PLAN device=0 Q=[256,1,16,1] Kraw=q5_0 Vraw=turbo2_tcq Kshape=[256,256,4,1] Vshape=[256,256,4,1] Keff=q5_0 Veff=f16 turbo_kv=1 prefer_native_vec=0 decode=1 dk=0 dv=1 unsafe_vec_after_turbo_v_decode=1 allow_vec=0 kernel=MMA_F16 need_f16_K=1 need_f16_V=0 Knb=[22,704,176,180224] Vnb=[36,288,72,73728] Keff_nb=[22,704,176,180224] Veff_nb=[2,2048,512,524288]
CUDA_FA_ROUTE_SUPPORTED kernel=MMA_F16 effK=q5_0 effV=f16 supported=1
CUDA_FA_ROUTE_PLAN device=0 Q=[256,1,16,1] Kraw=q5_0 Vraw=turbo2_tcq Kshape=[256,256,4,1] Vshape=[256,256,4,1] Keff=q5_0 Veff=f16 turbo_kv=1 prefer_native_vec=0 decode=1 dk=0 dv=1 unsafe_vec_after_turbo_v_decode=1 allow_vec=0 kernel=MMA_F16 need_f16_K=1 need_f16_V=0 Knb=[22,704,176,180224] Vnb=[36,288,72,73728] Keff_nb=[22,704,176,180224] Veff_nb=[2,2048,512,524288]
CUDA_FA_ROUTE_SUPPORTED kernel=MMA_F16 effK=q5_0 effV=f16 supported=1
CUDA_FA_ROUTE_PLAN device=0 Q=[256,1,16,1] Kraw=q5_0 Vraw=turbo2_tcq Kshape=[256,256,4,1] Vshape=[256,256,4,1] Keff=q5_0 Veff=f16 turbo_kv=1 prefer_native_vec=0 decode=1 dk=0 dv=1 unsafe_vec_after_turbo_v_decode=1 allow_vec=0 kernel=MMA_F16 need_f16_K=1 need_f16_V=0 Knb=[22,704,176,180224] Vnb=[36,288,72,73728] Keff_nb=[22,704,176,180224] Veff_nb=[2,2048,512,524288]
CUDA_FA_ROUTE_SUPPORTED kernel=MMA_F16 effK=q5_0 effV=f16 supported=1
CUDA_FA_ROUTE_PLAN device=0 Q=[256,1,16,1] Kraw=q5_0 Vraw=turbo2_tcq Kshape=[256,256,4,1] Vshape=[256,256,4,1] Keff=q5_0 Veff=f16 turbo_kv=1 prefer_native_vec=0 decode=1 dk=0 dv=1 unsafe_vec_after_turbo_v_decode=1 allow_vec=0 kernel=MMA_F16 need_f16_K=1 need_f16_V=0 Knb=[22,704,176,180224] Vnb=[36,288,72,73728] Keff_nb=[22,704,176,180224] Veff_nb=[2,2048,512,524288]
CUDA_FA_ROUTE_SUPPORTED kernel=MMA_F16 effK=q5_0 effV=f16 supported=1
CUDA_FA_ROUTE_PLAN device=0 Q=[256,1,16,1] Kraw=q5_0 Vraw=turbo2_tcq Kshape=[256,256,4,1] Vshape=[256,256,4,1] Keff=q5_0 Veff=f16 turbo_kv=1 prefer_native_vec=0 decode=1 dk=0 dv=1 unsafe_vec_after_turbo_v_decode=1 allow_vec=0 kernel=MMA_F16 need_f16_K=1 need_f16_V=0 Knb=[22,704,176,180224] Vnb=[36,288,72,73728] Keff_nb=[22,704,176,180224] Veff_nb=[2,2048,512,524288]
CUDA_FA_ROUTE_SUPPORTED kernel=MMA_F16 effK=q5_0 effV=f16 supported=1
CUDA_FA_ROUTE_PLAN device=0 Q=[256,256,16,1] Kraw=q5_0 Vraw=turbo2_tcq Kshape=[256,256,4,1] Vshape=[256,256,4,1] Keff=q5_0 Veff=f16 turbo_kv=1 prefer_native_vec=0 decode=1 dk=0 dv=1 unsafe_vec_after_turbo_v_decode=1 allow_vec=0 kernel=MMA_F16 need_f16_K=1 need_f16_V=0 Knb=[22,704,176,180224] Vnb=[36,288,72,73728] Keff_nb=[22,704,176,180224] Veff_nb=[2,2048,512,524288]
CUDA_FA_ROUTE_SUPPORTED kernel=MMA_F16 effK=q5_0 effV=f16 supported=1
CUDA_FA_ROUTE_PLAN device=0 Q=[256,256,16,1] Kraw=q5_0 Vraw=turbo2_tcq Kshape=[256,256,4,1] Vshape=[256,256,4,1] Keff=q5_0 Veff=f16 turbo_kv=1 prefer_native_vec=0 decode=1 dk=0 dv=1 unsafe_vec_after_turbo_v_decode=1 allow_vec=0 kernel=MMA_F16 need_f16_K=1 need_f16_V=0 Knb=[22,704,176,180224] Vnb=[36,288,72,73728] Keff_nb=[22,704,176,180224] Veff_nb=[2,2048,512,524288]
CUDA_FA_ROUTE_SUPPORTED kernel=MMA_F16 effK=q5_0 effV=f16 supported=1
CUDA_FA_ROUTE_PLAN device=0 Q=[256,256,16,1] Kraw=q5_0 Vraw=turbo2_tcq Kshape=[256,256,4,1] Vshape=[256,256,4,1] Keff=q5_0 Veff=f16 turbo_kv=1 prefer_native_vec=0 decode=1 dk=0 dv=1 unsafe_vec_after_turbo_v_decode=1 allow_vec=0 kernel=MMA_F16 need_f16_K=1 need_f16_V=0 Knb=[22,704,176,180224] Vnb=[36,288,72,73728] Keff_nb=[22,704,176,180224] Veff_nb=[2,2048,512,524288]
CUDA_FA_ROUTE_SUPPORTED kernel=MMA_F16 effK=q5_0 effV=f16 supported=1
CUDA_FA_ROUTE_PLAN device=0 Q=[256,256,16,1] Kraw=q5_0 Vraw=turbo2_tcq Kshape=[256,256,4,1] Vshape=[256,256,4,1] Keff=q5_0 Veff=f16 turbo_kv=1 prefer_native_vec=0 decode=1 dk=0 dv=1 unsafe_vec_after_turbo_v_decode=1 allow_vec=0 kernel=MMA_F16 need_f16_K=1 need_f16_V=0 Knb=[22,704,176,180224] Vnb=[36,288,72,73728] Keff_nb=[22,704,176,180224] Veff_nb=[2,2048,512,524288]
CUDA_FA_ROUTE_SUPPORTED kernel=MMA_F16 effK=q5_0 effV=f16 supported=1
CUDA_FA_ROUTE_PLAN device=0 Q=[256,256,16,1] Kraw=q5_0 Vraw=turbo2_tcq Kshape=[256,256,4,1] Vshape=[256,256,4,1] Keff=q5_0 Veff=f16 turbo_kv=1 prefer_native_vec=0 decode=1 dk=0 dv=1 unsafe_vec_after_turbo_v_decode=1 allow_vec=0 kernel=MMA_F16 need_f16_K=1 need_f16_V=0 Knb=[22,704,176,180224] Vnb=[36,288,72,73728] Keff_nb=[22,704,176,180224] Veff_nb=[2,2048,512,524288]
CUDA_FA_ROUTE_SUPPORTED kernel=MMA_F16 effK=q5_0 effV=f16 supported=1
CUDA_FA_ROUTE_PLAN device=0 Q=[256,256,16,1] Kraw=q5_0 Vraw=turbo2_tcq Kshape=[256,256,4,1] Vshape=[256,256,4,1] Keff=q5_0 Veff=f16 turbo_kv=1 prefer_native_vec=0 decode=1 dk=0 dv=1 unsafe_vec_after_turbo_v_decode=1 allow_vec=0 kernel=MMA_F16 need_f16_K=1 need_f16_V=0 Knb=[22,704,176,180224] Vnb=[36,288,72,73728] Keff_nb=[22,704,176,180224] Veff_nb=[2,2048,512,524288]
CUDA_FA_ROUTE_SUPPORTED kernel=MMA_F16 effK=q5_0 effV=f16 supported=1
CUDA_FA_ROUTE_PLAN device=0 Q=[256,256,16,1] Kraw=q5_0 Vraw=turbo2_tcq Kshape=[256,256,4,1] Vshape=[256,256,4,1] Keff=q5_0 Veff=f16 turbo_kv=1 prefer_native_vec=0 decode=1 dk=0 dv=1 unsafe_vec_after_turbo_v_decode=1 allow_vec=0 kernel=MMA_F16 need_f16_K=1 need_f16_V=0 Knb=[22,704,176,180224] Vnb=[36,288,72,73728] Keff_nb=[22,704,176,180224] Veff_nb=[2,2048,512,524288]
CUDA_FA_ROUTE_SUPPORTED kernel=MMA_F16 effK=q5_0 effV=f16 supported=1
CUDA_FA_ROUTE_PLAN device=0 Q=[256,256,16,1] Kraw=q5_0 Vraw=turbo2_tcq Kshape=[256,256,4,1] Vshape=[256,256,4,1] Keff=q5_0 Veff=f16 turbo_kv=1 prefer_native_vec=0 decode=1 dk=0 dv=1 unsafe_vec_after_turbo_v_decode=1 allow_vec=0 kernel=MMA_F16 need_f16_K=1 need_f16_V=0 Knb=[22,704,176,180224] Vnb=[36,288,72,73728] Keff_nb=[22,704,176,180224] Veff_nb=[2,2048,512,524288]
CUDA_FA_ROUTE_SUPPORTED kernel=MMA_F16 effK=q5_0 effV=f16 supported=1
CUDA_FA_ROUTE_PLAN device=0 Q=[256,256,16,1] Kraw=q5_0 Vraw=turbo2_tcq Kshape=[256,256,4,1] Vshape=[256,256,4,1] Keff=q5_0 Veff=f16 turbo_kv=1 prefer_native_vec=0 decode=1 dk=0 dv=1 unsafe_vec_after_turbo_v_decode=1 allow_vec=0 kernel=MMA_F16 need_f16_K=1 need_f16_V=0 Knb=[22,704,176,180224] Vnb=[36,288,72,73728] Keff_nb=[22,704,176,180224] Veff_nb=[2,2048,512,524288]
CUDA_FA_ROUTE_ALLOC kernel=MMA_F16 need_f16_K=1 need_f16_V=0 workspace_end_offset=4718592 dst_data=(nil) f16_K=0x400000 f16_V=(nil) f16_end=0x480000
CUDA_FA_ROUTE_PLAN device=0 Q=[256,256,16,1] Kraw=q5_0 Vraw=turbo2_tcq Kshape=[256,256,4,1] Vshape=[256,256,4,1] Keff=q5_0 Veff=f16 turbo_kv=1 prefer_native_vec=0 decode=1 dk=0 dv=1 unsafe_vec_after_turbo_v_decode=1 allow_vec=0 kernel=MMA_F16 need_f16_K=1 need_f16_V=0 Knb=[22,704,176,180224] Vnb=[36,288,72,73728] Keff_nb=[22,704,176,180224] Veff_nb=[2,2048,512,524288]
CUDA_FA_ROUTE_ALLOC kernel=MMA_F16 need_f16_K=1 need_f16_V=0 workspace_end_offset=4718592 dst_data=(nil) f16_K=0x400000 f16_V=(nil) f16_end=0x480000
CUDA_FA_ROUTE_PLAN device=0 Q=[256,256,16,1] Kraw=q5_0 Vraw=turbo2_tcq Kshape=[256,256,4,1] Vshape=[256,256,4,1] Keff=q5_0 Veff=f16 turbo_kv=1 prefer_native_vec=0 decode=1 dk=0 dv=1 unsafe_vec_after_turbo_v_decode=1 allow_vec=0 kernel=MMA_F16 need_f16_K=1 need_f16_V=0 Knb=[22,704,176,180224] Vnb=[36,288,72,73728] Keff_nb=[22,704,176,180224] Veff_nb=[2,2048,512,524288]
CUDA_FA_ROUTE_ALLOC kernel=MMA_F16 need_f16_K=1 need_f16_V=0 workspace_end_offset=4718592 dst_data=(nil) f16_K=0x400000 f16_V=(nil) f16_end=0x480000
CUDA_FA_ROUTE_PLAN device=0 Q=[256,256,16,1] Kraw=q5_0 Vraw=turbo2_tcq Kshape=[256,256,4,1] Vshape=[256,256,4,1] Keff=q5_0 Veff=f16 turbo_kv=1 prefer_native_vec=0 decode=1 dk=0 dv=1 unsafe_vec_after_turbo_v_decode=1 allow_vec=0 kernel=MMA_F16 need_f16_K=1 need_f16_V=0 Knb=[22,704,176,180224] Vnb=[36,288,72,73728] Keff_nb=[22,704,176,180224] Veff_nb=[2,2048,512,524288]
CUDA_FA_ROUTE_ALLOC kernel=MMA_F16 need_f16_K=1 need_f16_V=0 workspace_end_offset=4718592 dst_data=(nil) f16_K=0x400000 f16_V=(nil) f16_end=0x480000
CUDA_FA_ROUTE_PLAN device=0 Q=[256,256,16,1] Kraw=q5_0 Vraw=turbo2_tcq Kshape=[256,256,4,1] Vshape=[256,256,4,1] Keff=q5_0 Veff=f16 turbo_kv=1 prefer_native_vec=0 decode=1 dk=0 dv=1 unsafe_vec_after_turbo_v_decode=1 allow_vec=0 kernel=MMA_F16 need_f16_K=1 need_f16_V=0 Knb=[22,704,176,180224] Vnb=[36,288,72,73728] Keff_nb=[22,704,176,180224] Veff_nb=[2,2048,512,524288]
CUDA_FA_ROUTE_ALLOC kernel=MMA_F16 need_f16_K=1 need_f16_V=0 workspace_end_offset=4718592 dst_data=(nil) f16_K=0x400000 f16_V=(nil) f16_end=0x480000
CUDA_FA_ROUTE_PLAN device=0 Q=[256,256,16,1] Kraw=q5_0 Vraw=turbo2_tcq Kshape=[256,256,4,1] Vshape=[256,256,4,1] Keff=q5_0 Veff=f16 turbo_kv=1 prefer_native_vec=0 decode=1 dk=0 dv=1 unsafe_vec_after_turbo_v_decode=1 allow_vec=0 kernel=MMA_F16 need_f16_K=1 need_f16_V=0 Knb=[22,704,176,180224] Vnb=[36,288,72,73728] Keff_nb=[22,704,176,180224] Veff_nb=[2,2048,512,524288]
CUDA_FA_ROUTE_ALLOC kernel=MMA_F16 need_f16_K=1 need_f16_V=0 workspace_end_offset=4718592 dst_data=(nil) f16_K=0x400000 f16_V=(nil) f16_end=0x480000
CUDA_FA_ROUTE_PLAN device=0 Q=[256,256,16,1] Kraw=q5_0 Vraw=turbo2_tcq Kshape=[256,256,4,1] Vshape=[256,256,4,1] Keff=q5_0 Veff=f16 turbo_kv=1 prefer_native_vec=0 decode=1 dk=0 dv=1 unsafe_vec_after_turbo_v_decode=1 allow_vec=0 kernel=MMA_F16 need_f16_K=1 need_f16_V=0 Knb=[22,704,176,180224] Vnb=[36,288,72,73728] Keff_nb=[22,704,176,180224] Veff_nb=[2,2048,512,524288]
CUDA_FA_ROUTE_ALLOC kernel=MMA_F16 need_f16_K=1 need_f16_V=0 workspace_end_offset=4718592 dst_data=(nil) f16_K=0x400000 f16_V=(nil) f16_end=0x480000
CUDA_FA_ROUTE_PLAN device=0 Q=[256,256,16,1] Kraw=q5_0 Vraw=turbo2_tcq Kshape=[256,256,4,1] Vshape=[256,256,4,1] Keff=q5_0 Veff=f16 turbo_kv=1 prefer_native_vec=0 decode=1 dk=0 dv=1 unsafe_vec_after_turbo_v_decode=1 allow_vec=0 kernel=MMA_F16 need_f16_K=1 need_f16_V=0 Knb=[22,704,176,180224] Vnb=[36,288,72,73728] Keff_nb=[22,704,176,180224] Veff_nb=[2,2048,512,524288]
CUDA_FA_ROUTE_ALLOC kernel=MMA_F16 need_f16_K=1 need_f16_V=0 workspace_end_offset=4718592 dst_data=(nil) f16_K=0x400000 f16_V=(nil) f16_end=0x480000
CUDA_FA_ROUTE_PLAN device=0 Q=[256,256,16,1] Kraw=q5_0 Vraw=turbo2_tcq Kshape=[256,256,4,1] Vshape=[256,256,4,1] Keff=q5_0 Veff=f16 turbo_kv=1 prefer_native_vec=0 decode=1 dk=0 dv=1 unsafe_vec_after_turbo_v_decode=1 allow_vec=0 kernel=MMA_F16 need_f16_K=1 need_f16_V=0 Knb=[22,704,176,180224] Vnb=[36,288,72,73728] Keff_nb=[22,704,176,180224] Veff_nb=[2,2048,512,524288]
CUDA_FA_ROUTE_ALLOC kernel=MMA_F16 need_f16_K=1 need_f16_V=0 workspace_end_offset=4718592 dst_data=(nil) f16_K=0x400000 f16_V=(nil) f16_end=0x480000
CUDA_FA_ROUTE_PLAN device=0 Q=[256,256,16,1] Kraw=q5_0 Vraw=turbo2_tcq Kshape=[256,256,4,1] Vshape=[256,256,4,1] Keff=q5_0 Veff=f16 turbo_kv=1 prefer_native_vec=0 decode=1 dk=0 dv=1 unsafe_vec_after_turbo_v_decode=1 allow_vec=0 kernel=MMA_F16 need_f16_K=1 need_f16_V=0 Knb=[22,704,176,180224] Vnb=[36,288,72,73728] Keff_nb=[22,704,176,180224] Veff_nb=[2,2048,512,524288]
CUDA_FA_ROUTE_ALLOC kernel=MMA_F16 need_f16_K=1 need_f16_V=0 workspace_end_offset=4718592 dst_data=(nil) f16_K=0x400000 f16_V=(nil) f16_end=0x480000
CUDA_FA_ROUTE_PLAN device=0 Q=[256,256,16,1] Kraw=q5_0 Vraw=turbo2_tcq Kshape=[256,256,4,1] Vshape=[256,256,4,1] Keff=q5_0 Veff=f16 turbo_kv=1 prefer_native_vec=0 decode=1 dk=0 dv=1 unsafe_vec_after_turbo_v_decode=1 allow_vec=0 kernel=MMA_F16 need_f16_K=1 need_f16_V=0 Knb=[22,704,176,180224] Vnb=[36,288,72,73728] Keff_nb=[22,704,176,180224] Veff_nb=[2,2048,512,524288]
CUDA_FA_ROUTE_ALLOC kernel=MMA_F16 need_f16_K=1 need_f16_V=0 workspace_end_offset=4718592 dst_data=(nil) f16_K=0x400000 f16_V=(nil) f16_end=0x480000
CUDA_FA_ROUTE_PLAN device=0 Q=[256,256,16,1] Kraw=q5_0 Vraw=turbo2_tcq Kshape=[256,256,4,1] Vshape=[256,256,4,1] Keff=q5_0 Veff=f16 turbo_kv=1 prefer_native_vec=0 decode=1 dk=0 dv=1 unsafe_vec_after_turbo_v_decode=1 allow_vec=0 kernel=MMA_F16 need_f16_K=1 need_f16_V=0 Knb=[22,704,176,180224] Vnb=[36,288,72,73728] Keff_nb=[22,704,176,180224] Veff_nb=[2,2048,512,524288]
CUDA_FA_ROUTE_ALLOC kernel=MMA_F16 need_f16_K=1 need_f16_V=0 workspace_end_offset=4718592 dst_data=(nil) f16_K=0x400000 f16_V=(nil) f16_end=0x480000
CUDA_FA_ROUTE_PLAN device=0 Q=[256,256,16,1] Kraw=q5_0 Vraw=turbo2_tcq Kshape=[256,256,4,1] Vshape=[256,256,4,1] Keff=q5_0 Veff=f16 turbo_kv=1 prefer_native_vec=0 decode=1 dk=0 dv=1 unsafe_vec_after_turbo_v_decode=1 allow_vec=0 kernel=MMA_F16 need_f16_K=1 need_f16_V=0 Knb=[22,704,176,180224] Vnb=[36,288,72,73728] Keff_nb=[22,704,176,180224] Veff_nb=[2,2048,512,524288]
CUDA_FA_ROUTE_ALLOC kernel=MMA_F16 need_f16_K=1 need_f16_V=0 workspace_end_offset=4718592 dst_data=(nil) f16_K=0x400000 f16_V=(nil) f16_end=0x480000
CUDA_FA_ROUTE_PLAN device=0 Q=[256,256,16,1] Kraw=q5_0 Vraw=turbo2_tcq Kshape=[256,256,4,1] Vshape=[256,256,4,1] Keff=q5_0 Veff=f16 turbo_kv=1 prefer_native_vec=0 decode=1 dk=0 dv=1 unsafe_vec_after_turbo_v_decode=1 allow_vec=0 kernel=MMA_F16 need_f16_K=1 need_f16_V=0 Knb=[22,704,176,180224] Vnb=[36,288,72,73728] Keff_nb=[22,704,176,180224] Veff_nb=[2,2048,512,524288]
CUDA_FA_ROUTE_ALLOC kernel=MMA_F16 need_f16_K=1 need_f16_V=0 workspace_end_offset=4718592 dst_data=(nil) f16_K=0x400000 f16_V=(nil) f16_end=0x480000
CUDA_FA_ROUTE_PLAN device=0 Q=[256,256,16,1] Kraw=q5_0 Vraw=turbo2_tcq Kshape=[256,256,4,1] Vshape=[256,256,4,1] Keff=q5_0 Veff=f16 turbo_kv=1 prefer_native_vec=0 decode=1 dk=0 dv=1 unsafe_vec_after_turbo_v_decode=1 allow_vec=0 kernel=MMA_F16 need_f16_K=1 need_f16_V=0 Knb=[22,704,176,180224] Vnb=[36,288,72,73728] Keff_nb=[22,704,176,180224] Veff_nb=[2,2048,512,524288]
CUDA_FA_ROUTE_ALLOC kernel=MMA_F16 need_f16_K=1 need_f16_V=0 workspace_end_offset=4718592 dst_data=(nil) f16_K=0x400000 f16_V=(nil) f16_end=0x480000
CUDA_FA_ROUTE_PLAN device=0 Q=[256,256,16,1] Kraw=q5_0 Vraw=turbo2_tcq Kshape=[256,256,4,1] Vshape=[256,256,4,1] Keff=q5_0 Veff=f16 turbo_kv=1 prefer_native_vec=0 decode=1 dk=0 dv=1 unsafe_vec_after_turbo_v_decode=1 allow_vec=0 kernel=MMA_F16 need_f16_K=1 need_f16_V=0 Knb=[22,704,176,180224] Vnb=[36,288,72,73728] Keff_nb=[22,704,176,180224] Veff_nb=[2,2048,512,524288]
CUDA_FA_ROUTE_ALLOC kernel=MMA_F16 need_f16_K=1 need_f16_V=0 workspace_end_offset=4718592 dst_data=(nil) f16_K=0x400000 f16_V=(nil) f16_end=0x480000
CUDA_FA_ROUTE_PLAN device=0 Q=[256,256,16,1] Kraw=q5_0 Vraw=turbo2_tcq Kshape=[256,256,4,1] Vshape=[256,256,4,1] Keff=q5_0 Veff=f16 turbo_kv=1 prefer_native_vec=0 decode=1 dk=0 dv=1 unsafe_vec_after_turbo_v_decode=1 allow_vec=0 kernel=MMA_F16 need_f16_K=1 need_f16_V=0 Knb=[22,704,176,180224] Vnb=[36,288,72,73728] Keff_nb=[22,704,176,180224] Veff_nb=[2,2048,512,524288]
CUDA_FA_ROUTE_ALLOC kernel=MMA_F16 need_f16_K=1 need_f16_V=0 workspace_end_offset=4718592 dst_data=(nil) f16_K=0x400000 f16_V=(nil) f16_end=0x480000
CUDA_FA_ROUTE_PLAN device=0 Q=[256,256,16,1] Kraw=q5_0 Vraw=turbo2_tcq Kshape=[256,256,4,1] Vshape=[256,256,4,1] Keff=q5_0 Veff=f16 turbo_kv=1 prefer_native_vec=0 decode=1 dk=0 dv=1 unsafe_vec_after_turbo_v_decode=1 allow_vec=0 kernel=MMA_F16 need_f16_K=1 need_f16_V=0 Knb=[22,704,176,180224] Vnb=[36,288,72,73728] Keff_nb=[22,704,176,180224] Veff_nb=[2,2048,512,524288]
CUDA_FA_ROUTE_ALLOC kernel=MMA_F16 need_f16_K=1 need_f16_V=0 workspace_end_offset=4718592 dst_data=(nil) f16_K=0x400000 f16_V=(nil) f16_end=0x480000
CUDA_FA_ROUTE_PLAN device=0 Q=[256,256,16,1] Kraw=q5_0 Vraw=turbo2_tcq Kshape=[256,256,4,1] Vshape=[256,256,4,1] Keff=q5_0 Veff=f16 turbo_kv=1 prefer_native_vec=0 decode=1 dk=0 dv=1 unsafe_vec_after_turbo_v_decode=1 allow_vec=0 kernel=MMA_F16 need_f16_K=1 need_f16_V=0 Knb=[22,704,176,180224] Vnb=[36,288,72,73728] Keff_nb=[22,704,176,180224] Veff_nb=[2,2048,512,524288]
CUDA_FA_ROUTE_ALLOC kernel=MMA_F16 need_f16_K=1 need_f16_V=0 workspace_end_offset=4718592 dst_data=(nil) f16_K=0x400000 f16_V=(nil) f16_end=0x480000
CUDA_FA_ROUTE_PLAN device=0 Q=[256,256,16,1] Kraw=q5_0 Vraw=turbo2_tcq Kshape=[256,256,4,1] Vshape=[256,256,4,1] Keff=q5_0 Veff=f16 turbo_kv=1 prefer_native_vec=0 decode=1 dk=0 dv=1 unsafe_vec_after_turbo_v_decode=1 allow_vec=0 kernel=MMA_F16 need_f16_K=1 need_f16_V=0 Knb=[22,704,176,180224] Vnb=[36,288,72,73728] Keff_nb=[22,704,176,180224] Veff_nb=[2,2048,512,524288]
CUDA_FA_ROUTE_ALLOC kernel=MMA_F16 need_f16_K=1 need_f16_V=0 workspace_end_offset=4718592 dst_data=(nil) f16_K=0x400000 f16_V=(nil) f16_end=0x480000
CUDA_FA_ROUTE_PLAN device=0 Q=[256,256,16,1] Kraw=q5_0 Vraw=turbo2_tcq Kshape=[256,256,4,1] Vshape=[256,256,4,1] Keff=q5_0 Veff=f16 turbo_kv=1 prefer_native_vec=0 decode=1 dk=0 dv=1 unsafe_vec_after_turbo_v_decode=1 allow_vec=0 kernel=MMA_F16 need_f16_K=1 need_f16_V=0 Knb=[22,704,176,180224] Vnb=[36,288,72,73728] Keff_nb=[22,704,176,180224] Veff_nb=[2,2048,512,524288]
CUDA_FA_ROUTE_ALLOC kernel=MMA_F16 need_f16_K=1 need_f16_V=0 workspace_end_offset=4718592 dst_data=(nil) f16_K=0x400000 f16_V=(nil) f16_end=0x480000
CUDA_FA_ROUTE_PLAN device=0 Q=[256,256,16,1] Kraw=q5_0 Vraw=turbo2_tcq Kshape=[256,256,4,1] Vshape=[256,256,4,1] Keff=q5_0 Veff=f16 turbo_kv=1 prefer_native_vec=0 decode=1 dk=0 dv=1 unsafe_vec_after_turbo_v_decode=1 allow_vec=0 kernel=MMA_F16 need_f16_K=1 need_f16_V=0 Knb=[22,704,176,180224] Vnb=[36,288,72,73728] Keff_nb=[22,704,176,180224] Veff_nb=[2,2048,512,524288]
CUDA_FA_ROUTE_ALLOC kernel=MMA_F16 need_f16_K=1 need_f16_V=0 workspace_end_offset=4718592 dst_data=(nil) f16_K=0x400000 f16_V=(nil) f16_end=0x480000
CUDA_FA_ROUTE_PLAN device=0 Q=[256,256,16,1] Kraw=q5_0 Vraw=turbo2_tcq Kshape=[256,256,4,1] Vshape=[256,256,4,1] Keff=q5_0 Veff=f16 turbo_kv=1 prefer_native_vec=0 decode=1 dk=0 dv=1 unsafe_vec_after_turbo_v_decode=1 allow_vec=0 kernel=MMA_F16 need_f16_K=1 need_f16_V=0 Knb=[22,704,176,180224] Vnb=[36,288,72,73728] Keff_nb=[22,704,176,180224] Veff_nb=[2,2048,512,524288]
CUDA_FA_ROUTE_ALLOC kernel=MMA_F16 need_f16_K=1 need_f16_V=0 workspace_end_offset=4718592 dst_data=(nil) f16_K=0x400000 f16_V=(nil) f16_end=0x480000
CUDA_FA_ROUTE_PLAN device=0 Q=[256,256,16,1] Kraw=q5_0 Vraw=turbo2_tcq Kshape=[256,256,4,1] Vshape=[256,256,4,1] Keff=q5_0 Veff=f16 turbo_kv=1 prefer_native_vec=0 decode=1 dk=0 dv=1 unsafe_vec_after_turbo_v_decode=1 allow_vec=0 kernel=MMA_F16 need_f16_K=1 need_f16_V=0 Knb=[22,704,176,180224] Vnb=[36,288,72,73728] Keff_nb=[22,704,176,180224] Veff_nb=[2,2048,512,524288]
CUDA_FA_ROUTE_ALLOC kernel=MMA_F16 need_f16_K=1 need_f16_V=0 workspace_end_offset=4718592 dst_data=(nil) f16_K=0x400000 f16_V=(nil) f16_end=0x480000
CUDA_FA_ROUTE_PLAN device=0 Q=[256,256,16,1] Kraw=q5_0 Vraw=turbo2_tcq Kshape=[256,256,4,1] Vshape=[256,256,4,1] Keff=q5_0 Veff=f16 turbo_kv=1 prefer_native_vec=0 decode=1 dk=0 dv=1 unsafe_vec_after_turbo_v_decode=1 allow_vec=0 kernel=MMA_F16 need_f16_K=1 need_f16_V=0 Knb=[22,704,176,180224] Vnb=[36,288,72,73728] Keff_nb=[22,704,176,180224] Veff_nb=[2,2048,512,524288]
CUDA_FA_ROUTE_ALLOC kernel=MMA_F16 need_f16_K=1 need_f16_V=0 workspace_end_offset=4718592 dst_data=(nil) f16_K=0x400000 f16_V=(nil) f16_end=0x480000
CUDA_FA_ROUTE_PLAN device=0 Q=[256,256,16,1] Kraw=q5_0 Vraw=turbo2_tcq Kshape=[256,256,4,1] Vshape=[256,256,4,1] Keff=q5_0 Veff=f16 turbo_kv=1 prefer_native_vec=0 decode=1 dk=0 dv=1 unsafe_vec_after_turbo_v_decode=1 allow_vec=0 kernel=MMA_F16 need_f16_K=1 need_f16_V=0 Knb=[22,704,176,180224] Vnb=[36,288,72,73728] Keff_nb=[22,704,176,180224] Veff_nb=[2,2048,512,524288]
CUDA_FA_ROUTE_ALLOC kernel=MMA_F16 need_f16_K=1 need_f16_V=0 workspace_end_offset=4718592 dst_data=(nil) f16_K=0x400000 f16_V=(nil) f16_end=0x480000
CUDA_FA_ROUTE_PLAN device=0 Q=[256,256,16,1] Kraw=q5_0 Vraw=turbo2_tcq Kshape=[256,256,4,1] Vshape=[256,256,4,1] Keff=q5_0 Veff=f16 turbo_kv=1 prefer_native_vec=0 decode=1 dk=0 dv=1 unsafe_vec_after_turbo_v_decode=1 allow_vec=0 kernel=MMA_F16 need_f16_K=1 need_f16_V=0 Knb=[22,704,176,180224] Vnb=[36,288,72,73728] Keff_nb=[22,704,176,180224] Veff_nb=[2,2048,512,524288]
CUDA_FA_ROUTE_ALLOC kernel=MMA_F16 need_f16_K=1 need_f16_V=0 workspace_end_offset=4718592 dst_data=(nil) f16_K=0x400000 f16_V=(nil) f16_end=0x480000
CUDA_FA_ROUTE_PLAN device=0 Q=[256,256,16,1] Kraw=q5_0 Vraw=turbo2_tcq Kshape=[256,256,4,1] Vshape=[256,256,4,1] Keff=q5_0 Veff=f16 turbo_kv=1 prefer_native_vec=0 decode=1 dk=0 dv=1 unsafe_vec_after_turbo_v_decode=1 allow_vec=0 kernel=MMA_F16 need_f16_K=1 need_f16_V=0 Knb=[22,704,176,180224] Vnb=[36,288,72,73728] Keff_nb=[22,704,176,180224] Veff_nb=[2,2048,512,524288]
CUDA_FA_ROUTE_ALLOC kernel=MMA_F16 need_f16_K=1 need_f16_V=0 workspace_end_offset=4718592 dst_data=(nil) f16_K=0x400000 f16_V=(nil) f16_end=0x480000
CUDA_FA_ROUTE_PLAN device=0 Q=[256,256,16,1] Kraw=q5_0 Vraw=turbo2_tcq Kshape=[256,256,4,1] Vshape=[256,256,4,1] Keff=q5_0 Veff=f16 turbo_kv=1 prefer_native_vec=0 decode=1 dk=0 dv=1 unsafe_vec_after_turbo_v_decode=1 allow_vec=0 kernel=MMA_F16 need_f16_K=1 need_f16_V=0 Knb=[22,704,176,180224] Vnb=[36,288,72,73728] Keff_nb=[22,704,176,180224] Veff_nb=[2,2048,512,524288]
CUDA_FA_ROUTE_ALLOC kernel=MMA_F16 need_f16_K=1 need_f16_V=0 workspace_end_offset=4718592 dst_data=(nil) f16_K=0x400000 f16_V=(nil) f16_end=0x480000
CUDA_FA_ROUTE_PLAN device=0 Q=[256,256,16,1] Kraw=q5_0 Vraw=turbo2_tcq Kshape=[256,256,4,1] Vshape=[256,256,4,1] Keff=q5_0 Veff=f16 turbo_kv=1 prefer_native_vec=0 decode=1 dk=0 dv=1 unsafe_vec_after_turbo_v_decode=1 allow_vec=0 kernel=MMA_F16 need_f16_K=1 need_f16_V=0 Knb=[22,704,176,180224] Vnb=[36,288,72,73728] Keff_nb=[22,704,176,180224] Veff_nb=[2,2048,512,524288]
CUDA_FA_ROUTE_ALLOC kernel=MMA_F16 need_f16_K=1 need_f16_V=0 workspace_end_offset=4718592 dst_data=(nil) f16_K=0x400000 f16_V=(nil) f16_end=0x480000
CUDA_FA_ROUTE_PLAN device=0 Q=[256,256,16,1] Kraw=q5_0 Vraw=turbo2_tcq Kshape=[256,256,4,1] Vshape=[256,256,4,1] Keff=q5_0 Veff=f16 turbo_kv=1 prefer_native_vec=0 decode=1 dk=0 dv=1 unsafe_vec_after_turbo_v_decode=1 allow_vec=0 kernel=MMA_F16 need_f16_K=1 need_f16_V=0 Knb=[22,704,176,180224] Vnb=[36,288,72,73728] Keff_nb=[22,704,176,180224] Veff_nb=[2,2048,512,524288]
CUDA_FA_ROUTE_ALLOC kernel=MMA_F16 need_f16_K=1 need_f16_V=0 workspace_end_offset=4718592 dst_data=(nil) f16_K=0x400000 f16_V=(nil) f16_end=0x480000
CUDA_FA_ROUTE_PLAN device=0 Q=[256,256,16,1] Kraw=q5_0 Vraw=turbo2_tcq Kshape=[256,256,4,1] Vshape=[256,256,4,1] Keff=q5_0 Veff=f16 turbo_kv=1 prefer_native_vec=0 decode=1 dk=0 dv=1 unsafe_vec_after_turbo_v_decode=1 allow_vec=0 kernel=MMA_F16 need_f16_K=1 need_f16_V=0 Knb=[22,704,176,180224] Vnb=[36,288,72,73728] Keff_nb=[22,704,176,180224] Veff_nb=[2,2048,512,524288]
CUDA_FA_ROUTE_ALLOC kernel=MMA_F16 need_f16_K=1 need_f16_V=0 workspace_end_offset=4718592 dst_data=(nil) f16_K=0x400000 f16_V=(nil) f16_end=0x480000
CUDA_FA_ROUTE_PLAN device=0 Q=[256,1,16,1] Kraw=q5_0 Vraw=turbo2_tcq Kshape=[256,256,4,1] Vshape=[256,256,4,1] Keff=q5_0 Veff=f16 turbo_kv=1 prefer_native_vec=0 decode=1 dk=0 dv=1 unsafe_vec_after_turbo_v_decode=1 allow_vec=0 kernel=MMA_F16 need_f16_K=1 need_f16_V=0 Knb=[22,704,176,180224] Vnb=[36,288,72,73728] Keff_nb=[22,704,176,180224] Veff_nb=[2,2048,512,524288]
CUDA_FA_ROUTE_SUPPORTED kernel=MMA_F16 effK=q5_0 effV=f16 supported=1
CUDA_FA_ROUTE_PLAN device=0 Q=[256,1,16,1] Kraw=q5_0 Vraw=turbo2_tcq Kshape=[256,256,4,1] Vshape=[256,256,4,1] Keff=q5_0 Veff=f16 turbo_kv=1 prefer_native_vec=0 decode=1 dk=0 dv=1 unsafe_vec_after_turbo_v_decode=1 allow_vec=0 kernel=MMA_F16 need_f16_K=1 need_f16_V=0 Knb=[22,704,176,180224] Vnb=[36,288,72,73728] Keff_nb=[22,704,176,180224] Veff_nb=[2,2048,512,524288]
CUDA_FA_ROUTE_SUPPORTED kernel=MMA_F16 effK=q5_0 effV=f16 supported=1
CUDA_FA_ROUTE_PLAN device=0 Q=[256,1,16,1] Kraw=q5_0 Vraw=turbo2_tcq Kshape=[256,256,4,1] Vshape=[256,256,4,1] Keff=q5_0 Veff=f16 turbo_kv=1 prefer_native_vec=0 decode=1 dk=0 dv=1 unsafe_vec_after_turbo_v_decode=1 allow_vec=0 kernel=MMA_F16 need_f16_K=1 need_f16_V=0 Knb=[22,704,176,180224] Vnb=[36,288,72,73728] Keff_nb=[22,704,176,180224] Veff_nb=[2,2048,512,524288]
CUDA_FA_ROUTE_SUPPORTED kernel=MMA_F16 effK=q5_0 effV=f16 supported=1
CUDA_FA_ROUTE_PLAN device=0 Q=[256,1,16,1] Kraw=q5_0 Vraw=turbo2_tcq Kshape=[256,256,4,1] Vshape=[256,256,4,1] Keff=q5_0 Veff=f16 turbo_kv=1 prefer_native_vec=0 decode=1 dk=0 dv=1 unsafe_vec_after_turbo_v_decode=1 allow_vec=0 kernel=MMA_F16 need_f16_K=1 need_f16_V=0 Knb=[22,704,176,180224] Vnb=[36,288,72,73728] Keff_nb=[22,704,176,180224] Veff_nb=[2,2048,512,524288]
CUDA_FA_ROUTE_SUPPORTED kernel=MMA_F16 effK=q5_0 effV=f16 supported=1
CUDA_FA_ROUTE_PLAN device=0 Q=[256,1,16,1] Kraw=q5_0 Vraw=turbo2_tcq Kshape=[256,256,4,1] Vshape=[256,256,4,1] Keff=q5_0 Veff=f16 turbo_kv=1 prefer_native_vec=0 decode=1 dk=0 dv=1 unsafe_vec_after_turbo_v_decode=1 allow_vec=0 kernel=MMA_F16 need_f16_K=1 need_f16_V=0 Knb=[22,704,176,180224] Vnb=[36,288,72,73728] Keff_nb=[22,704,176,180224] Veff_nb=[2,2048,512,524288]
CUDA_FA_ROUTE_SUPPORTED kernel=MMA_F16 effK=q5_0 effV=f16 supported=1
CUDA_FA_ROUTE_PLAN device=0 Q=[256,1,16,1] Kraw=q5_0 Vraw=turbo2_tcq Kshape=[256,256,4,1] Vshape=[256,256,4,1] Keff=q5_0 Veff=f16 turbo_kv=1 prefer_native_vec=0 decode=1 dk=0 dv=1 unsafe_vec_after_turbo_v_decode=1 allow_vec=0 kernel=MMA_F16 need_f16_K=1 need_f16_V=0 Knb=[22,704,176,180224] Vnb=[36,288,72,73728] Keff_nb=[22,704,176,180224] Veff_nb=[2,2048,512,524288]
CUDA_FA_ROUTE_SUPPORTED kernel=MMA_F16 effK=q5_0 effV=f16 supported=1
CUDA_FA_ROUTE_PLAN device=0 Q=[256,1,16,1] Kraw=q5_0 Vraw=turbo2_tcq Kshape=[256,256,4,1] Vshape=[256,256,4,1] Keff=q5_0 Veff=f16 turbo_kv=1 prefer_native_vec=0 decode=1 dk=0 dv=1 unsafe_vec_after_turbo_v_decode=1 allow_vec=0 kernel=MMA_F16 need_f16_K=1 need_f16_V=0 Knb=[22,704,176,180224] Vnb=[36,288,72,73728] Keff_nb=[22,704,176,180224] Veff_nb=[2,2048,512,524288]
CUDA_FA_ROUTE_SUPPORTED kernel=MMA_F16 effK=q5_0 effV=f16 supported=1
CUDA_FA_ROUTE_PLAN device=0 Q=[256,1,16,1] Kraw=q5_0 Vraw=turbo2_tcq Kshape=[256,256,4,1] Vshape=[256,256,4,1] Keff=q5_0 Veff=f16 turbo_kv=1 prefer_native_vec=0 decode=1 dk=0 dv=1 unsafe_vec_after_turbo_v_decode=1 allow_vec=0 kernel=MMA_F16 need_f16_K=1 need_f16_V=0 Knb=[22,704,176,180224] Vnb=[36,288,72,73728] Keff_nb=[22,704,176,180224] Veff_nb=[2,2048,512,524288]
CUDA_FA_ROUTE_SUPPORTED kernel=MMA_F16 effK=q5_0 effV=f16 supported=1
CUDA_FA_ROUTE_PLAN device=0 Q=[256,256,16,1] Kraw=q5_0 Vraw=turbo2_tcq Kshape=[256,256,4,1] Vshape=[256,256,4,1] Keff=q5_0 Veff=f16 turbo_kv=1 prefer_native_vec=0 decode=1 dk=0 dv=1 unsafe_vec_after_turbo_v_decode=1 allow_vec=0 kernel=MMA_F16 need_f16_K=1 need_f16_V=0 Knb=[22,704,176,180224] Vnb=[36,288,72,73728] Keff_nb=[22,704,176,180224] Veff_nb=[2,2048,512,524288]
CUDA_FA_ROUTE_SUPPORTED kernel=MMA_F16 effK=q5_0 effV=f16 supported=1
CUDA_FA_ROUTE_PLAN device=0 Q=[256,256,16,1] Kraw=q5_0 Vraw=turbo2_tcq Kshape=[256,256,4,1] Vshape=[256,256,4,1] Keff=q5_0 Veff=f16 turbo_kv=1 prefer_native_vec=0 decode=1 dk=0 dv=1 unsafe_vec_after_turbo_v_decode=1 allow_vec=0 kernel=MMA_F16 need_f16_K=1 need_f16_V=0 Knb=[22,704,176,180224] Vnb=[36,288,72,73728] Keff_nb=[22,704,176,180224] Veff_nb=[2,2048,512,524288]
CUDA_FA_ROUTE_SUPPORTED kernel=MMA_F16 effK=q5_0 effV=f16 supported=1
CUDA_FA_ROUTE_PLAN device=0 Q=[256,256,16,1] Kraw=q5_0 Vraw=turbo2_tcq Kshape=[256,256,4,1] Vshape=[256,256,4,1] Keff=q5_0 Veff=f16 turbo_kv=1 prefer_native_vec=0 decode=1 dk=0 dv=1 unsafe_vec_after_turbo_v_decode=1 allow_vec=0 kernel=MMA_F16 need_f16_K=1 need_f16_V=0 Knb=[22,704,176,180224] Vnb=[36,288,72,73728] Keff_nb=[22,704,176,180224] Veff_nb=[2,2048,512,524288]
CUDA_FA_ROUTE_SUPPORTED kernel=MMA_F16 effK=q5_0 effV=f16 supported=1
CUDA_FA_ROUTE_PLAN device=0 Q=[256,256,16,1] Kraw=q5_0 Vraw=turbo2_tcq Kshape=[256,256,4,1] Vshape=[256,256,4,1] Keff=q5_0 Veff=f16 turbo_kv=1 prefer_native_vec=0 decode=1 dk=0 dv=1 unsafe_vec_after_turbo_v_decode=1 allow_vec=0 kernel=MMA_F16 need_f16_K=1 need_f16_V=0 Knb=[22,704,176,180224] Vnb=[36,288,72,73728] Keff_nb=[22,704,176,180224] Veff_nb=[2,2048,512,524288]
CUDA_FA_ROUTE_SUPPORTED kernel=MMA_F16 effK=q5_0 effV=f16 supported=1
CUDA_FA_ROUTE_PLAN device=0 Q=[256,256,16,1] Kraw=q5_0 Vraw=turbo2_tcq Kshape=[256,256,4,1] Vshape=[256,256,4,1] Keff=q5_0 Veff=f16 turbo_kv=1 prefer_native_vec=0 decode=1 dk=0 dv=1 unsafe_vec_after_turbo_v_decode=1 allow_vec=0 kernel=MMA_F16 need_f16_K=1 need_f16_V=0 Knb=[22,704,176,180224] Vnb=[36,288,72,73728] Keff_nb=[22,704,176,180224] Veff_nb=[2,2048,512,524288]
CUDA_FA_ROUTE_SUPPORTED kernel=MMA_F16 effK=q5_0 effV=f16 supported=1
CUDA_FA_ROUTE_PLAN device=0 Q=[256,256,16,1] Kraw=q5_0 Vraw=turbo2_tcq Kshape=[256,256,4,1] Vshape=[256,256,4,1] Keff=q5_0 Veff=f16 turbo_kv=1 prefer_native_vec=0 decode=1 dk=0 dv=1 unsafe_vec_after_turbo_v_decode=1 allow_vec=0 kernel=MMA_F16 need_f16_K=1 need_f16_V=0 Knb=[22,704,176,180224] Vnb=[36,288,72,73728] Keff_nb=[22,704,176,180224] Veff_nb=[2,2048,512,524288]
CUDA_FA_ROUTE_SUPPORTED kernel=MMA_F16 effK=q5_0 effV=f16 supported=1
CUDA_FA_ROUTE_PLAN device=0 Q=[256,256,16,1] Kraw=q5_0 Vraw=turbo2_tcq Kshape=[256,256,4,1] Vshape=[256,256,4,1] Keff=q5_0 Veff=f16 turbo_kv=1 prefer_native_vec=0 decode=1 dk=0 dv=1 unsafe_vec_after_turbo_v_decode=1 allow_vec=0 kernel=MMA_F16 need_f16_K=1 need_f16_V=0 Knb=[22,704,176,180224] Vnb=[36,288,72,73728] Keff_nb=[22,704,176,180224] Veff_nb=[2,2048,512,524288]
CUDA_FA_ROUTE_SUPPORTED kernel=MMA_F16 effK=q5_0 effV=f16 supported=1
CUDA_FA_ROUTE_PLAN device=0 Q=[256,256,16,1] Kraw=q5_0 Vraw=turbo2_tcq Kshape=[256,256,4,1] Vshape=[256,256,4,1] Keff=q5_0 Veff=f16 turbo_kv=1 prefer_native_vec=0 decode=1 dk=0 dv=1 unsafe_vec_after_turbo_v_decode=1 allow_vec=0 kernel=MMA_F16 need_f16_K=1 need_f16_V=0 Knb=[22,704,176,180224] Vnb=[36,288,72,73728] Keff_nb=[22,704,176,180224] Veff_nb=[2,2048,512,524288]
CUDA_FA_ROUTE_SUPPORTED kernel=MMA_F16 effK=q5_0 effV=f16 supported=1
CUDA_FA_ROUTE_PLAN device=0 Q=[256,256,16,1] Kraw=q5_0 Vraw=turbo2_tcq Kshape=[256,256,4,1] Vshape=[256,256,4,1] Keff=q5_0 Veff=f16 turbo_kv=1 prefer_native_vec=0 decode=1 dk=0 dv=1 unsafe_vec_after_turbo_v_decode=1 allow_vec=0 kernel=MMA_F16 need_f16_K=1 need_f16_V=0 Knb=[22,704,176,180224] Vnb=[36,288,72,73728] Keff_nb=[22,704,176,180224] Veff_nb=[2,2048,512,524288]
CUDA_FA_ROUTE_SUPPORTED kernel=MMA_F16 effK=q5_0 effV=f16 supported=1
CUDA_FA_ROUTE_PLAN device=0 Q=[256,256,16,1] Kraw=q5_0 Vraw=turbo2_tcq Kshape=[256,256,4,1] Vshape=[256,256,4,1] Keff=q5_0 Veff=f16 turbo_kv=1 prefer_native_vec=0 decode=1 dk=0 dv=1 unsafe_vec_after_turbo_v_decode=1 allow_vec=0 kernel=MMA_F16 need_f16_K=1 need_f16_V=0 Knb=[22,704,176,180224] Vnb=[36,288,72,73728] Keff_nb=[22,704,176,180224] Veff_nb=[2,2048,512,524288]
CUDA_FA_ROUTE_SUPPORTED kernel=MMA_F16 effK=q5_0 effV=f16 supported=1
CUDA_FA_ROUTE_PLAN device=0 Q=[256,256,16,1] Kraw=q5_0 Vraw=turbo2_tcq Kshape=[256,256,4,1] Vshape=[256,256,4,1] Keff=q5_0 Veff=f16 turbo_kv=1 prefer_native_vec=0 decode=1 dk=0 dv=1 unsafe_vec_after_turbo_v_decode=1 allow_vec=0 kernel=MMA_F16 need_f16_K=1 need_f16_V=0 Knb=[22,704,176,180224] Vnb=[36,288,72,73728] Keff_nb=[22,704,176,180224] Veff_nb=[2,2048,512,524288]
CUDA_FA_ROUTE_SUPPORTED kernel=MMA_F16 effK=q5_0 effV=f16 supported=1
CUDA_FA_ROUTE_PLAN device=0 Q=[256,256,16,1] Kraw=q5_0 Vraw=turbo2_tcq Kshape=[256,256,4,1] Vshape=[256,256,4,1] Keff=q5_0 Veff=f16 turbo_kv=1 prefer_native_vec=0 decode=1 dk=0 dv=1 unsafe_vec_after_turbo_v_decode=1 allow_vec=0 kernel=MMA_F16 need_f16_K=1 need_f16_V=0 Knb=[22,704,176,180224] Vnb=[36,288,72,73728] Keff_nb=[22,704,176,180224] Veff_nb=[2,2048,512,524288]
CUDA_FA_ROUTE_SUPPORTED kernel=MMA_F16 effK=q5_0 effV=f16 supported=1
CUDA_FA_ROUTE_PLAN device=0 Q=[256,256,16,1] Kraw=q5_0 Vraw=turbo2_tcq Kshape=[256,256,4,1] Vshape=[256,256,4,1] Keff=q5_0 Veff=f16 turbo_kv=1 prefer_native_vec=0 decode=1 dk=0 dv=1 unsafe_vec_after_turbo_v_decode=1 allow_vec=0 kernel=MMA_F16 need_f16_K=1 need_f16_V=0 Knb=[22,704,176,180224] Vnb=[36,288,72,73728] Keff_nb=[22,704,176,180224] Veff_nb=[2,2048,512,524288]
CUDA_FA_ROUTE_SUPPORTED kernel=MMA_F16 effK=q5_0 effV=f16 supported=1
CUDA_FA_ROUTE_PLAN device=0 Q=[256,256,16,1] Kraw=q5_0 Vraw=turbo2_tcq Kshape=[256,256,4,1] Vshape=[256,256,4,1] Keff=q5_0 Veff=f16 turbo_kv=1 prefer_native_vec=0 decode=1 dk=0 dv=1 unsafe_vec_after_turbo_v_decode=1 allow_vec=0 kernel=MMA_F16 need_f16_K=1 need_f16_V=0 Knb=[22,704,176,180224] Vnb=[36,288,72,73728] Keff_nb=[22,704,176,180224] Veff_nb=[2,2048,512,524288]
CUDA_FA_ROUTE_SUPPORTED kernel=MMA_F16 effK=q5_0 effV=f16 supported=1
CUDA_FA_ROUTE_PLAN device=0 Q=[256,256,16,1] Kraw=q5_0 Vraw=turbo2_tcq Kshape=[256,256,4,1] Vshape=[256,256,4,1] Keff=q5_0 Veff=f16 turbo_kv=1 prefer_native_vec=0 decode=1 dk=0 dv=1 unsafe_vec_after_turbo_v_decode=1 allow_vec=0 kernel=MMA_F16 need_f16_K=1 need_f16_V=0 Knb=[22,704,176,180224] Vnb=[36,288,72,73728] Keff_nb=[22,704,176,180224] Veff_nb=[2,2048,512,524288]
CUDA_FA_ROUTE_SUPPORTED kernel=MMA_F16 effK=q5_0 effV=f16 supported=1
CUDA_FA_ROUTE_PLAN device=0 Q=[256,256,16,1] Kraw=q5_0 Vraw=turbo2_tcq Kshape=[256,256,4,1] Vshape=[256,256,4,1] Keff=q5_0 Veff=f16 turbo_kv=1 prefer_native_vec=0 decode=1 dk=0 dv=1 unsafe_vec_after_turbo_v_decode=1 allow_vec=0 kernel=MMA_F16 need_f16_K=1 need_f16_V=0 Knb=[22,704,176,180224] Vnb=[36,288,72,73728] Keff_nb=[22,704,176,180224] Veff_nb=[2,2048,512,524288]
CUDA_FA_ROUTE_SUPPORTED kernel=MMA_F16 effK=q5_0 effV=f16 supported=1
CUDA_FA_ROUTE_PLAN device=0 Q=[256,256,16,1] Kraw=q5_0 Vraw=turbo2_tcq Kshape=[256,256,4,1] Vshape=[256,256,4,1] Keff=q5_0 Veff=f16 turbo_kv=1 prefer_native_vec=0 decode=1 dk=0 dv=1 unsafe_vec_after_turbo_v_decode=1 allow_vec=0 kernel=MMA_F16 need_f16_K=1 need_f16_V=0 Knb=[22,704,176,180224] Vnb=[36,288,72,73728] Keff_nb=[22,704,176,180224] Veff_nb=[2,2048,512,524288]
CUDA_FA_ROUTE_ALLOC kernel=MMA_F16 need_f16_K=1 need_f16_V=0 workspace_end_offset=4718592 dst_data=(nil) f16_K=0x400000 f16_V=(nil) f16_end=0x480000
CUDA_FA_ROUTE_PLAN device=0 Q=[256,256,16,1] Kraw=q5_0 Vraw=turbo2_tcq Kshape=[256,256,4,1] Vshape=[256,256,4,1] Keff=q5_0 Veff=f16 turbo_kv=1 prefer_native_vec=0 decode=1 dk=0 dv=1 unsafe_vec_after_turbo_v_decode=1 allow_vec=0 kernel=MMA_F16 need_f16_K=1 need_f16_V=0 Knb=[22,704,176,180224] Vnb=[36,288,72,73728] Keff_nb=[22,704,176,180224] Veff_nb=[2,2048,512,524288]
CUDA_FA_ROUTE_ALLOC kernel=MMA_F16 need_f16_K=1 need_f16_V=0 workspace_end_offset=4718592 dst_data=(nil) f16_K=0x400000 f16_V=(nil) f16_end=0x480000
CUDA_FA_ROUTE_PLAN device=0 Q=[256,256,16,1] Kraw=q5_0 Vraw=turbo2_tcq Kshape=[256,256,4,1] Vshape=[256,256,4,1] Keff=q5_0 Veff=f16 turbo_kv=1 prefer_native_vec=0 decode=1 dk=0 dv=1 unsafe_vec_after_turbo_v_decode=1 allow_vec=0 kernel=MMA_F16 need_f16_K=1 need_f16_V=0 Knb=[22,704,176,180224] Vnb=[36,288,72,73728] Keff_nb=[22,704,176,180224] Veff_nb=[2,2048,512,524288]
CUDA_FA_ROUTE_ALLOC kernel=MMA_F16 need_f16_K=1 need_f16_V=0 workspace_end_offset=4718592 dst_data=(nil) f16_K=0x400000 f16_V=(nil) f16_end=0x480000
CUDA_FA_ROUTE_PLAN device=0 Q=[256,256,16,1] Kraw=q5_0 Vraw=turbo2_tcq Kshape=[256,256,4,1] Vshape=[256,256,4,1] Keff=q5_0 Veff=f16 turbo_kv=1 prefer_native_vec=0 decode=1 dk=0 dv=1 unsafe_vec_after_turbo_v_decode=1 allow_vec=0 kernel=MMA_F16 need_f16_K=1 need_f16_V=0 Knb=[22,704,176,180224] Vnb=[36,288,72,73728] Keff_nb=[22,704,176,180224] Veff_nb=[2,2048,512,524288]
CUDA_FA_ROUTE_ALLOC kernel=MMA_F16 need_f16_K=1 need_f16_V=0 workspace_end_offset=4718592 dst_data=(nil) f16_K=0x400000 f16_V=(nil) f16_end=0x480000
CUDA_FA_ROUTE_PLAN device=0 Q=[256,256,16,1] Kraw=q5_0 Vraw=turbo2_tcq Kshape=[256,256,4,1] Vshape=[256,256,4,1] Keff=q5_0 Veff=f16 turbo_kv=1 prefer_native_vec=0 decode=1 dk=0 dv=1 unsafe_vec_after_turbo_v_decode=1 allow_vec=0 kernel=MMA_F16 need_f16_K=1 need_f16_V=0 Knb=[22,704,176,180224] Vnb=[36,288,72,73728] Keff_nb=[22,704,176,180224] Veff_nb=[2,2048,512,524288]
CUDA_FA_ROUTE_ALLOC kernel=MMA_F16 need_f16_K=1 need_f16_V=0 workspace_end_offset=4718592 dst_data=(nil) f16_K=0x400000 f16_V=(nil) f16_end=0x480000
CUDA_FA_ROUTE_PLAN device=0 Q=[256,256,16,1] Kraw=q5_0 Vraw=turbo2_tcq Kshape=[256,256,4,1] Vshape=[256,256,4,1] Keff=q5_0 Veff=f16 turbo_kv=1 prefer_native_vec=0 decode=1 dk=0 dv=1 unsafe_vec_after_turbo_v_decode=1 allow_vec=0 kernel=MMA_F16 need_f16_K=1 need_f16_V=0 Knb=[22,704,176,180224] Vnb=[36,288,72,73728] Keff_nb=[22,704,176,180224] Veff_nb=[2,2048,512,524288]
CUDA_FA_ROUTE_ALLOC kernel=MMA_F16 need_f16_K=1 need_f16_V=0 workspace_end_offset=4718592 dst_data=(nil) f16_K=0x400000 f16_V=(nil) f16_end=0x480000
CUDA_FA_ROUTE_PLAN device=0 Q=[256,256,16,1] Kraw=q5_0 Vraw=turbo2_tcq Kshape=[256,256,4,1] Vshape=[256,256,4,1] Keff=q5_0 Veff=f16 turbo_kv=1 prefer_native_vec=0 decode=1 dk=0 dv=1 unsafe_vec_after_turbo_v_decode=1 allow_vec=0 kernel=MMA_F16 need_f16_K=1 need_f16_V=0 Knb=[22,704,176,180224] Vnb=[36,288,72,73728] Keff_nb=[22,704,176,180224] Veff_nb=[2,2048,512,524288]
CUDA_FA_ROUTE_ALLOC kernel=MMA_F16 need_f16_K=1 need_f16_V=0 workspace_end_offset=4718592 dst_data=(nil) f16_K=0x400000 f16_V=(nil) f16_end=0x480000
CUDA_FA_ROUTE_PLAN device=0 Q=[256,256,16,1] Kraw=q5_0 Vraw=turbo2_tcq Kshape=[256,256,4,1] Vshape=[256,256,4,1] Keff=q5_0 Veff=f16 turbo_kv=1 prefer_native_vec=0 decode=1 dk=0 dv=1 unsafe_vec_after_turbo_v_decode=1 allow_vec=0 kernel=MMA_F16 need_f16_K=1 need_f16_V=0 Knb=[22,704,176,180224] Vnb=[36,288,72,73728] Keff_nb=[22,704,176,180224] Veff_nb=[2,2048,512,524288]
CUDA_FA_ROUTE_ALLOC kernel=MMA_F16 need_f16_K=1 need_f16_V=0 workspace_end_offset=4718592 dst_data=(nil) f16_K=0x400000 f16_V=(nil) f16_end=0x480000
CUDA_FA_ROUTE_PLAN device=0 Q=[256,256,16,1] Kraw=q5_0 Vraw=turbo2_tcq Kshape=[256,256,4,1] Vshape=[256,256,4,1] Keff=q5_0 Veff=f16 turbo_kv=1 prefer_native_vec=0 decode=1 dk=0 dv=1 unsafe_vec_after_turbo_v_decode=1 allow_vec=0 kernel=MMA_F16 need_f16_K=1 need_f16_V=0 Knb=[22,704,176,180224] Vnb=[36,288,72,73728] Keff_nb=[22,704,176,180224] Veff_nb=[2,2048,512,524288]
CUDA_FA_ROUTE_ALLOC kernel=MMA_F16 need_f16_K=1 need_f16_V=0 workspace_end_offset=4718592 dst_data=(nil) f16_K=0x400000 f16_V=(nil) f16_end=0x480000
CUDA_FA_ROUTE_PLAN device=0 Q=[256,256,16,1] Kraw=q5_0 Vraw=turbo2_tcq Kshape=[256,256,4,1] Vshape=[256,256,4,1] Keff=q5_0 Veff=f16 turbo_kv=1 prefer_native_vec=0 decode=1 dk=0 dv=1 unsafe_vec_after_turbo_v_decode=1 allow_vec=0 kernel=MMA_F16 need_f16_K=1 need_f16_V=0 Knb=[22,704,176,180224] Vnb=[36,288,72,73728] Keff_nb=[22,704,176,180224] Veff_nb=[2,2048,512,524288]
CUDA_FA_ROUTE_ALLOC kernel=MMA_F16 need_f16_K=1 need_f16_V=0 workspace_end_offset=4718592 dst_data=(nil) f16_K=0x400000 f16_V=(nil) f16_end=0x480000
CUDA_FA_ROUTE_PLAN device=0 Q=[256,256,16,1] Kraw=q5_0 Vraw=turbo2_tcq Kshape=[256,256,4,1] Vshape=[256,256,4,1] Keff=q5_0 Veff=f16 turbo_kv=1 prefer_native_vec=0 decode=1 dk=0 dv=1 unsafe_vec_after_turbo_v_decode=1 allow_vec=0 kernel=MMA_F16 need_f16_K=1 need_f16_V=0 Knb=[22,704,176,180224] Vnb=[36,288,72,73728] Keff_nb=[22,704,176,180224] Veff_nb=[2,2048,512,524288]
CUDA_FA_ROUTE_ALLOC kernel=MMA_F16 need_f16_K=1 need_f16_V=0 workspace_end_offset=4718592 dst_data=(nil) f16_K=0x400000 f16_V=(nil) f16_end=0x480000
CUDA_FA_ROUTE_PLAN device=0 Q=[256,256,16,1] Kraw=q5_0 Vraw=turbo2_tcq Kshape=[256,256,4,1] Vshape=[256,256,4,1] Keff=q5_0 Veff=f16 turbo_kv=1 prefer_native_vec=0 decode=1 dk=0 dv=1 unsafe_vec_after_turbo_v_decode=1 allow_vec=0 kernel=MMA_F16 need_f16_K=1 need_f16_V=0 Knb=[22,704,176,180224] Vnb=[36,288,72,73728] Keff_nb=[22,704,176,180224] Veff_nb=[2,2048,512,524288]
CUDA_FA_ROUTE_ALLOC kernel=MMA_F16 need_f16_K=1 need_f16_V=0 workspace_end_offset=4718592 dst_data=(nil) f16_K=0x400000 f16_V=(nil) f16_end=0x480000
CUDA_FA_ROUTE_PLAN device=0 Q=[256,256,16,1] Kraw=q5_0 Vraw=turbo2_tcq Kshape=[256,256,4,1] Vshape=[256,256,4,1] Keff=q5_0 Veff=f16 turbo_kv=1 prefer_native_vec=0 decode=1 dk=0 dv=1 unsafe_vec_after_turbo_v_decode=1 allow_vec=0 kernel=MMA_F16 need_f16_K=1 need_f16_V=0 Knb=[22,704,176,180224] Vnb=[36,288,72,73728] Keff_nb=[22,704,176,180224] Veff_nb=[2,2048,512,524288]
CUDA_FA_ROUTE_ALLOC kernel=MMA_F16 need_f16_K=1 need_f16_V=0 workspace_end_offset=4718592 dst_data=(nil) f16_K=0x400000 f16_V=(nil) f16_end=0x480000
CUDA_FA_ROUTE_PLAN device=0 Q=[256,256,16,1] Kraw=q5_0 Vraw=turbo2_tcq Kshape=[256,256,4,1] Vshape=[256,256,4,1] Keff=q5_0 Veff=f16 turbo_kv=1 prefer_native_vec=0 decode=1 dk=0 dv=1 unsafe_vec_after_turbo_v_decode=1 allow_vec=0 kernel=MMA_F16 need_f16_K=1 need_f16_V=0 Knb=[22,704,176,180224] Vnb=[36,288,72,73728] Keff_nb=[22,704,176,180224] Veff_nb=[2,2048,512,524288]
CUDA_FA_ROUTE_ALLOC kernel=MMA_F16 need_f16_K=1 need_f16_V=0 workspace_end_offset=4718592 dst_data=(nil) f16_K=0x400000 f16_V=(nil) f16_end=0x480000
CUDA_FA_ROUTE_PLAN device=0 Q=[256,256,16,1] Kraw=q5_0 Vraw=turbo2_tcq Kshape=[256,256,4,1] Vshape=[256,256,4,1] Keff=q5_0 Veff=f16 turbo_kv=1 prefer_native_vec=0 decode=1 dk=0 dv=1 unsafe_vec_after_turbo_v_decode=1 allow_vec=0 kernel=MMA_F16 need_f16_K=1 need_f16_V=0 Knb=[22,704,176,180224] Vnb=[36,288,72,73728] Keff_nb=[22,704,176,180224] Veff_nb=[2,2048,512,524288]
CUDA_FA_ROUTE_ALLOC kernel=MMA_F16 need_f16_K=1 need_f16_V=0 workspace_end_offset=4718592 dst_data=(nil) f16_K=0x400000 f16_V=(nil) f16_end=0x480000
CUDA_FA_ROUTE_PLAN device=0 Q=[256,256,16,1] Kraw=q5_0 Vraw=turbo2_tcq Kshape=[256,256,4,1] Vshape=[256,256,4,1] Keff=q5_0 Veff=f16 turbo_kv=1 prefer_native_vec=0 decode=1 dk=0 dv=1 unsafe_vec_after_turbo_v_decode=1 allow_vec=0 kernel=MMA_F16 need_f16_K=1 need_f16_V=0 Knb=[22,704,176,180224] Vnb=[36,288,72,73728] Keff_nb=[22,704,176,180224] Veff_nb=[2,2048,512,524288]
CUDA_FA_ROUTE_ALLOC kernel=MMA_F16 need_f16_K=1 need_f16_V=0 workspace_end_offset=4718592 dst_data=(nil) f16_K=0x400000 f16_V=(nil) f16_end=0x480000
CUDA_FA_ROUTE_PLAN device=0 Q=[256,256,16,1] Kraw=q5_0 Vraw=turbo2_tcq Kshape=[256,256,4,1] Vshape=[256,256,4,1] Keff=q5_0 Veff=f16 turbo_kv=1 prefer_native_vec=0 decode=1 dk=0 dv=1 unsafe_vec_after_turbo_v_decode=1 allow_vec=0 kernel=MMA_F16 need_f16_K=1 need_f16_V=0 Knb=[22,704,176,180224] Vnb=[36,288,72,73728] Keff_nb=[22,704,176,180224] Veff_nb=[2,2048,512,524288]
CUDA_FA_ROUTE_ALLOC kernel=MMA_F16 need_f16_K=1 need_f16_V=0 workspace_end_offset=4718592 dst_data=(nil) f16_K=0x400000 f16_V=(nil) f16_end=0x480000
CUDA_FA_ROUTE_PLAN device=0 Q=[256,256,16,1] Kraw=q5_0 Vraw=turbo2_tcq Kshape=[256,256,4,1] Vshape=[256,256,4,1] Keff=q5_0 Veff=f16 turbo_kv=1 prefer_native_vec=0 decode=1 dk=0 dv=1 unsafe_vec_after_turbo_v_decode=1 allow_vec=0 kernel=MMA_F16 need_f16_K=1 need_f16_V=0 Knb=[22,704,176,180224] Vnb=[36,288,72,73728] Keff_nb=[22,704,176,180224] Veff_nb=[2,2048,512,524288]
CUDA_FA_ROUTE_ALLOC kernel=MMA_F16 need_f16_K=1 need_f16_V=0 workspace_end_offset=4718592 dst_data=(nil) f16_K=0x400000 f16_V=(nil) f16_end=0x480000
CUDA_FA_ROUTE_PLAN device=0 Q=[256,256,16,1] Kraw=q5_0 Vraw=turbo2_tcq Kshape=[256,256,4,1] Vshape=[256,256,4,1] Keff=q5_0 Veff=f16 turbo_kv=1 prefer_native_vec=0 decode=1 dk=0 dv=1 unsafe_vec_after_turbo_v_decode=1 allow_vec=0 kernel=MMA_F16 need_f16_K=1 need_f16_V=0 Knb=[22,704,176,180224] Vnb=[36,288,72,73728] Keff_nb=[22,704,176,180224] Veff_nb=[2,2048,512,524288]
CUDA_FA_ROUTE_ALLOC kernel=MMA_F16 need_f16_K=1 need_f16_V=0 workspace_end_offset=4718592 dst_data=(nil) f16_K=0x400000 f16_V=(nil) f16_end=0x480000
CUDA_FA_ROUTE_PLAN device=0 Q=[256,256,16,1] Kraw=q5_0 Vraw=turbo2_tcq Kshape=[256,256,4,1] Vshape=[256,256,4,1] Keff=q5_0 Veff=f16 turbo_kv=1 prefer_native_vec=0 decode=1 dk=0 dv=1 unsafe_vec_after_turbo_v_decode=1 allow_vec=0 kernel=MMA_F16 need_f16_K=1 need_f16_V=0 Knb=[22,704,176,180224] Vnb=[36,288,72,73728] Keff_nb=[22,704,176,180224] Veff_nb=[2,2048,512,524288]
CUDA_FA_ROUTE_ALLOC kernel=MMA_F16 need_f16_K=1 need_f16_V=0 workspace_end_offset=4718592 dst_data=(nil) f16_K=0x400000 f16_V=(nil) f16_end=0x480000
CUDA_FA_ROUTE_PLAN device=0 Q=[256,256,16,1] Kraw=q5_0 Vraw=turbo2_tcq Kshape=[256,256,4,1] Vshape=[256,256,4,1] Keff=q5_0 Veff=f16 turbo_kv=1 prefer_native_vec=0 decode=1 dk=0 dv=1 unsafe_vec_after_turbo_v_decode=1 allow_vec=0 kernel=MMA_F16 need_f16_K=1 need_f16_V=0 Knb=[22,704,176,180224] Vnb=[36,288,72,73728] Keff_nb=[22,704,176,180224] Veff_nb=[2,2048,512,524288]
CUDA_FA_ROUTE_ALLOC kernel=MMA_F16 need_f16_K=1 need_f16_V=0 workspace_end_offset=4718592 dst_data=(nil) f16_K=0x400000 f16_V=(nil) f16_end=0x480000
CUDA_FA_ROUTE_PLAN device=0 Q=[256,256,16,1] Kraw=q5_0 Vraw=turbo2_tcq Kshape=[256,256,4,1] Vshape=[256,256,4,1] Keff=q5_0 Veff=f16 turbo_kv=1 prefer_native_vec=0 decode=1 dk=0 dv=1 unsafe_vec_after_turbo_v_decode=1 allow_vec=0 kernel=MMA_F16 need_f16_K=1 need_f16_V=0 Knb=[22,704,176,180224] Vnb=[36,288,72,73728] Keff_nb=[22,704,176,180224] Veff_nb=[2,2048,512,524288]
CUDA_FA_ROUTE_ALLOC kernel=MMA_F16 need_f16_K=1 need_f16_V=0 workspace_end_offset=4718592 dst_data=(nil) f16_K=0x400000 f16_V=(nil) f16_end=0x480000
CUDA_FA_ROUTE_PLAN device=0 Q=[256,256,16,1] Kraw=q5_0 Vraw=turbo2_tcq Kshape=[256,256,4,1] Vshape=[256,256,4,1] Keff=q5_0 Veff=f16 turbo_kv=1 prefer_native_vec=0 decode=1 dk=0 dv=1 unsafe_vec_after_turbo_v_decode=1 allow_vec=0 kernel=MMA_F16 need_f16_K=1 need_f16_V=0 Knb=[22,704,176,180224] Vnb=[36,288,72,73728] Keff_nb=[22,704,176,180224] Veff_nb=[2,2048,512,524288]
CUDA_FA_ROUTE_ALLOC kernel=MMA_F16 need_f16_K=1 need_f16_V=0 workspace_end_offset=4718592 dst_data=(nil) f16_K=0x400000 f16_V=(nil) f16_end=0x480000
CUDA_FA_ROUTE_PLAN device=0 Q=[256,256,16,1] Kraw=q5_0 Vraw=turbo2_tcq Kshape=[256,256,4,1] Vshape=[256,256,4,1] Keff=q5_0 Veff=f16 turbo_kv=1 prefer_native_vec=0 decode=1 dk=0 dv=1 unsafe_vec_after_turbo_v_decode=1 allow_vec=0 kernel=MMA_F16 need_f16_K=1 need_f16_V=0 Knb=[22,704,176,180224] Vnb=[36,288,72,73728] Keff_nb=[22,704,176,180224] Veff_nb=[2,2048,512,524288]
CUDA_FA_ROUTE_ALLOC kernel=MMA_F16 need_f16_K=1 need_f16_V=0 workspace_end_offset=4718592 dst_data=(nil) f16_K=0x400000 f16_V=(nil) f16_end=0x480000
CUDA_FA_ROUTE_PLAN device=0 Q=[256,256,16,1] Kraw=q5_0 Vraw=turbo2_tcq Kshape=[256,256,4,1] Vshape=[256,256,4,1] Keff=q5_0 Veff=f16 turbo_kv=1 prefer_native_vec=0 decode=1 dk=0 dv=1 unsafe_vec_after_turbo_v_decode=1 allow_vec=0 kernel=MMA_F16 need_f16_K=1 need_f16_V=0 Knb=[22,704,176,180224] Vnb=[36,288,72,73728] Keff_nb=[22,704,176,180224] Veff_nb=[2,2048,512,524288]
CUDA_FA_ROUTE_ALLOC kernel=MMA_F16 need_f16_K=1 need_f16_V=0 workspace_end_offset=4718592 dst_data=(nil) f16_K=0x400000 f16_V=(nil) f16_end=0x480000
CUDA_FA_ROUTE_PLAN device=0 Q=[256,256,16,1] Kraw=q5_0 Vraw=turbo2_tcq Kshape=[256,256,4,1] Vshape=[256,256,4,1] Keff=q5_0 Veff=f16 turbo_kv=1 prefer_native_vec=0 decode=1 dk=0 dv=1 unsafe_vec_after_turbo_v_decode=1 allow_vec=0 kernel=MMA_F16 need_f16_K=1 need_f16_V=0 Knb=[22,704,176,180224] Vnb=[36,288,72,73728] Keff_nb=[22,704,176,180224] Veff_nb=[2,2048,512,524288]
CUDA_FA_ROUTE_ALLOC kernel=MMA_F16 need_f16_K=1 need_f16_V=0 workspace_end_offset=4718592 dst_data=(nil) f16_K=0x400000 f16_V=(nil) f16_end=0x480000
CUDA_FA_ROUTE_PLAN device=0 Q=[256,256,16,1] Kraw=q5_0 Vraw=turbo2_tcq Kshape=[256,256,4,1] Vshape=[256,256,4,1] Keff=q5_0 Veff=f16 turbo_kv=1 prefer_native_vec=0 decode=1 dk=0 dv=1 unsafe_vec_after_turbo_v_decode=1 allow_vec=0 kernel=MMA_F16 need_f16_K=1 need_f16_V=0 Knb=[22,704,176,180224] Vnb=[36,288,72,73728] Keff_nb=[22,704,176,180224] Veff_nb=[2,2048,512,524288]
CUDA_FA_ROUTE_ALLOC kernel=MMA_F16 need_f16_K=1 need_f16_V=0 workspace_end_offset=4718592 dst_data=(nil) f16_K=0x400000 f16_V=(nil) f16_end=0x480000
CUDA_FA_ROUTE_PLAN device=0 Q=[256,256,16,1] Kraw=q5_0 Vraw=turbo2_tcq Kshape=[256,256,4,1] Vshape=[256,256,4,1] Keff=q5_0 Veff=f16 turbo_kv=1 prefer_native_vec=0 decode=1 dk=0 dv=1 unsafe_vec_after_turbo_v_decode=1 allow_vec=0 kernel=MMA_F16 need_f16_K=1 need_f16_V=0 Knb=[22,704,176,180224] Vnb=[36,288,72,73728] Keff_nb=[22,704,176,180224] Veff_nb=[2,2048,512,524288]
CUDA_FA_ROUTE_ALLOC kernel=MMA_F16 need_f16_K=1 need_f16_V=0 workspace_end_offset=4718592 dst_data=(nil) f16_K=0x400000 f16_V=(nil) f16_end=0x480000
CUDA_FA_ROUTE_PLAN device=0 Q=[256,256,16,1] Kraw=q5_0 Vraw=turbo2_tcq Kshape=[256,256,4,1] Vshape=[256,256,4,1] Keff=q5_0 Veff=f16 turbo_kv=1 prefer_native_vec=0 decode=1 dk=0 dv=1 unsafe_vec_after_turbo_v_decode=1 allow_vec=0 kernel=MMA_F16 need_f16_K=1 need_f16_V=0 Knb=[22,704,176,180224] Vnb=[36,288,72,73728] Keff_nb=[22,704,176,180224] Veff_nb=[2,2048,512,524288]
CUDA_FA_ROUTE_ALLOC kernel=MMA_F16 need_f16_K=1 need_f16_V=0 workspace_end_offset=4718592 dst_data=(nil) f16_K=0x400000 f16_V=(nil) f16_end=0x480000
CUDA_FA_ROUTE_PLAN device=0 Q=[256,256,16,1] Kraw=q5_0 Vraw=turbo2_tcq Kshape=[256,256,4,1] Vshape=[256,256,4,1] Keff=q5_0 Veff=f16 turbo_kv=1 prefer_native_vec=0 decode=1 dk=0 dv=1 unsafe_vec_after_turbo_v_decode=1 allow_vec=0 kernel=MMA_F16 need_f16_K=1 need_f16_V=0 Knb=[22,704,176,180224] Vnb=[36,288,72,73728] Keff_nb=[22,704,176,180224] Veff_nb=[2,2048,512,524288]
CUDA_FA_ROUTE_ALLOC kernel=MMA_F16 need_f16_K=1 need_f16_V=0 workspace_end_offset=4718592 dst_data=(nil) f16_K=0x400000 f16_V=(nil) f16_end=0x480000
CUDA_FA_ROUTE_PLAN device=0 Q=[256,256,16,1] Kraw=q5_0 Vraw=turbo2_tcq Kshape=[256,256,4,1] Vshape=[256,256,4,1] Keff=q5_0 Veff=f16 turbo_kv=1 prefer_native_vec=0 decode=1 dk=0 dv=1 unsafe_vec_after_turbo_v_decode=1 allow_vec=0 kernel=MMA_F16 need_f16_K=1 need_f16_V=0 Knb=[22,704,176,180224] Vnb=[36,288,72,73728] Keff_nb=[22,704,176,180224] Veff_nb=[2,2048,512,524288]
CUDA_FA_ROUTE_ALLOC kernel=MMA_F16 need_f16_K=1 need_f16_V=0 workspace_end_offset=4718592 dst_data=(nil) f16_K=0x400000 f16_V=(nil) f16_end=0x480000
CUDA_FA_ROUTE_PLAN device=0 Q=[256,256,16,1] Kraw=q5_0 Vraw=turbo2_tcq Kshape=[256,256,4,1] Vshape=[256,256,4,1] Keff=q5_0 Veff=f16 turbo_kv=1 prefer_native_vec=0 decode=1 dk=0 dv=1 unsafe_vec_after_turbo_v_decode=1 allow_vec=0 kernel=MMA_F16 need_f16_K=1 need_f16_V=0 Knb=[22,704,176,180224] Vnb=[36,288,72,73728] Keff_nb=[22,704,176,180224] Veff_nb=[2,2048,512,524288]
CUDA_FA_ROUTE_ALLOC kernel=MMA_F16 need_f16_K=1 need_f16_V=0 workspace_end_offset=4718592 dst_data=(nil) f16_K=0x400000 f16_V=(nil) f16_end=0x480000
CUDA_FA_ROUTE_PLAN device=0 Q=[256,256,16,1] Kraw=q5_0 Vraw=turbo2_tcq Kshape=[256,256,4,1] Vshape=[256,256,4,1] Keff=q5_0 Veff=f16 turbo_kv=1 prefer_native_vec=0 decode=1 dk=0 dv=1 unsafe_vec_after_turbo_v_decode=1 allow_vec=0 kernel=MMA_F16 need_f16_K=1 need_f16_V=0 Knb=[22,704,176,180224] Vnb=[36,288,72,73728] Keff_nb=[22,704,176,180224] Veff_nb=[2,2048,512,524288]
CUDA_FA_ROUTE_SUPPORTED kernel=MMA_F16 effK=q5_0 effV=f16 supported=1
CUDA_FA_ROUTE_PLAN device=0 Q=[256,256,16,1] Kraw=q5_0 Vraw=turbo2_tcq Kshape=[256,256,4,1] Vshape=[256,256,4,1] Keff=q5_0 Veff=f16 turbo_kv=1 prefer_native_vec=0 decode=1 dk=0 dv=1 unsafe_vec_after_turbo_v_decode=1 allow_vec=0 kernel=MMA_F16 need_f16_K=1 need_f16_V=0 Knb=[22,704,176,180224] Vnb=[36,288,72,73728] Keff_nb=[22,704,176,180224] Veff_nb=[2,2048,512,524288]
CUDA_FA_ROUTE_SUPPORTED kernel=MMA_F16 effK=q5_0 effV=f16 supported=1
CUDA_FA_ROUTE_PLAN device=0 Q=[256,256,16,1] Kraw=q5_0 Vraw=turbo2_tcq Kshape=[256,256,4,1] Vshape=[256,256,4,1] Keff=q5_0 Veff=f16 turbo_kv=1 prefer_native_vec=0 decode=1 dk=0 dv=1 unsafe_vec_after_turbo_v_decode=1 allow_vec=0 kernel=MMA_F16 need_f16_K=1 need_f16_V=0 Knb=[22,704,176,180224] Vnb=[36,288,72,73728] Keff_nb=[22,704,176,180224] Veff_nb=[2,2048,512,524288]
CUDA_FA_ROUTE_SUPPORTED kernel=MMA_F16 effK=q5_0 effV=f16 supported=1
CUDA_FA_ROUTE_PLAN device=0 Q=[256,256,16,1] Kraw=q5_0 Vraw=turbo2_tcq Kshape=[256,256,4,1] Vshape=[256,256,4,1] Keff=q5_0 Veff=f16 turbo_kv=1 prefer_native_vec=0 decode=1 dk=0 dv=1 unsafe_vec_after_turbo_v_decode=1 allow_vec=0 kernel=MMA_F16 need_f16_K=1 need_f16_V=0 Knb=[22,704,176,180224] Vnb=[36,288,72,73728] Keff_nb=[22,704,176,180224] Veff_nb=[2,2048,512,524288]
CUDA_FA_ROUTE_SUPPORTED kernel=MMA_F16 effK=q5_0 effV=f16 supported=1
CUDA_FA_ROUTE_PLAN device=0 Q=[256,256,16,1] Kraw=q5_0 Vraw=turbo2_tcq Kshape=[256,256,4,1] Vshape=[256,256,4,1] Keff=q5_0 Veff=f16 turbo_kv=1 prefer_native_vec=0 decode=1 dk=0 dv=1 unsafe_vec_after_turbo_v_decode=1 allow_vec=0 kernel=MMA_F16 need_f16_K=1 need_f16_V=0 Knb=[22,704,176,180224] Vnb=[36,288,72,73728] Keff_nb=[22,704,176,180224] Veff_nb=[2,2048,512,524288]
CUDA_FA_ROUTE_SUPPORTED kernel=MMA_F16 effK=q5_0 effV=f16 supported=1
CUDA_FA_ROUTE_PLAN device=0 Q=[256,256,16,1] Kraw=q5_0 Vraw=turbo2_tcq Kshape=[256,256,4,1] Vshape=[256,256,4,1] Keff=q5_0 Veff=f16 turbo_kv=1 prefer_native_vec=0 decode=1 dk=0 dv=1 unsafe_vec_after_turbo_v_decode=1 allow_vec=0 kernel=MMA_F16 need_f16_K=1 need_f16_V=0 Knb=[22,704,176,180224] Vnb=[36,288,72,73728] Keff_nb=[22,704,176,180224] Veff_nb=[2,2048,512,524288]
CUDA_FA_ROUTE_SUPPORTED kernel=MMA_F16 effK=q5_0 effV=f16 supported=1
CUDA_FA_ROUTE_PLAN device=0 Q=[256,256,16,1] Kraw=q5_0 Vraw=turbo2_tcq Kshape=[256,256,4,1] Vshape=[256,256,4,1] Keff=q5_0 Veff=f16 turbo_kv=1 prefer_native_vec=0 decode=1 dk=0 dv=1 unsafe_vec_after_turbo_v_decode=1 allow_vec=0 kernel=MMA_F16 need_f16_K=1 need_f16_V=0 Knb=[22,704,176,180224] Vnb=[36,288,72,73728] Keff_nb=[22,704,176,180224] Veff_nb=[2,2048,512,524288]
CUDA_FA_ROUTE_SUPPORTED kernel=MMA_F16 effK=q5_0 effV=f16 supported=1
CUDA_FA_ROUTE_PLAN device=0 Q=[256,256,16,1] Kraw=q5_0 Vraw=turbo2_tcq Kshape=[256,256,4,1] Vshape=[256,256,4,1] Keff=q5_0 Veff=f16 turbo_kv=1 prefer_native_vec=0 decode=1 dk=0 dv=1 unsafe_vec_after_turbo_v_decode=1 allow_vec=0 kernel=MMA_F16 need_f16_K=1 need_f16_V=0 Knb=[22,704,176,180224] Vnb=[36,288,72,73728] Keff_nb=[22,704,176,180224] Veff_nb=[2,2048,512,524288]
CUDA_FA_ROUTE_SUPPORTED kernel=MMA_F16 effK=q5_0 effV=f16 supported=1
CUDA_FA_ROUTE_PLAN device=0 Q=[256,1,16,1] Kraw=q5_0 Vraw=turbo2_tcq Kshape=[256,256,4,1] Vshape=[256,256,4,1] Keff=q5_0 Veff=f16 turbo_kv=1 prefer_native_vec=0 decode=1 dk=0 dv=1 unsafe_vec_after_turbo_v_decode=1 allow_vec=0 kernel=MMA_F16 need_f16_K=1 need_f16_V=0 Knb=[22,704,176,180224] Vnb=[36,288,72,73728] Keff_nb=[22,704,176,180224] Veff_nb=[2,2048,512,524288]
CUDA_FA_ROUTE_SUPPORTED kernel=MMA_F16 effK=q5_0 effV=f16 supported=1
CUDA_FA_ROUTE_PLAN device=0 Q=[256,1,16,1] Kraw=q5_0 Vraw=turbo2_tcq Kshape=[256,256,4,1] Vshape=[256,256,4,1] Keff=q5_0 Veff=f16 turbo_kv=1 prefer_native_vec=0 decode=1 dk=0 dv=1 unsafe_vec_after_turbo_v_decode=1 allow_vec=0 kernel=MMA_F16 need_f16_K=1 need_f16_V=0 Knb=[22,704,176,180224] Vnb=[36,288,72,73728] Keff_nb=[22,704,176,180224] Veff_nb=[2,2048,512,524288]
CUDA_FA_ROUTE_SUPPORTED kernel=MMA_F16 effK=q5_0 effV=f16 supported=1
CUDA_FA_ROUTE_PLAN device=0 Q=[256,1,16,1] Kraw=q5_0 Vraw=turbo2_tcq Kshape=[256,256,4,1] Vshape=[256,256,4,1] Keff=q5_0 Veff=f16 turbo_kv=1 prefer_native_vec=0 decode=1 dk=0 dv=1 unsafe_vec_after_turbo_v_decode=1 allow_vec=0 kernel=MMA_F16 need_f16_K=1 need_f16_V=0 Knb=[22,704,176,180224] Vnb=[36,288,72,73728] Keff_nb=[22,704,176,180224] Veff_nb=[2,2048,512,524288]
CUDA_FA_ROUTE_SUPPORTED kernel=MMA_F16 effK=q5_0 effV=f16 supported=1
CUDA_FA_ROUTE_PLAN device=0 Q=[256,1,16,1] Kraw=q5_0 Vraw=turbo2_tcq Kshape=[256,256,4,1] Vshape=[256,256,4,1] Keff=q5_0 Veff=f16 turbo_kv=1 prefer_native_vec=0 decode=1 dk=0 dv=1 unsafe_vec_after_turbo_v_decode=1 allow_vec=0 kernel=MMA_F16 need_f16_K=1 need_f16_V=0 Knb=[22,704,176,180224] Vnb=[36,288,72,73728] Keff_nb=[22,704,176,180224] Veff_nb=[2,2048,512,524288]
CUDA_FA_ROUTE_SUPPORTED kernel=MMA_F16 effK=q5_0 effV=f16 supported=1
CUDA_FA_ROUTE_PLAN device=0 Q=[256,1,16,1] Kraw=q5_0 Vraw=turbo2_tcq Kshape=[256,256,4,1] Vshape=[256,256,4,1] Keff=q5_0 Veff=f16 turbo_kv=1 prefer_native_vec=0 decode=1 dk=0 dv=1 unsafe_vec_after_turbo_v_decode=1 allow_vec=0 kernel=MMA_F16 need_f16_K=1 need_f16_V=0 Knb=[22,704,176,180224] Vnb=[36,288,72,73728] Keff_nb=[22,704,176,180224] Veff_nb=[2,2048,512,524288]
CUDA_FA_ROUTE_SUPPORTED kernel=MMA_F16 effK=q5_0 effV=f16 supported=1
CUDA_FA_ROUTE_PLAN device=0 Q=[256,1,16,1] Kraw=q5_0 Vraw=turbo2_tcq Kshape=[256,256,4,1] Vshape=[256,256,4,1] Keff=q5_0 Veff=f16 turbo_kv=1 prefer_native_vec=0 decode=1 dk=0 dv=1 unsafe_vec_after_turbo_v_decode=1 allow_vec=0 kernel=MMA_F16 need_f16_K=1 need_f16_V=0 Knb=[22,704,176,180224] Vnb=[36,288,72,73728] Keff_nb=[22,704,176,180224] Veff_nb=[2,2048,512,524288]
CUDA_FA_ROUTE_SUPPORTED kernel=MMA_F16 effK=q5_0 effV=f16 supported=1
CUDA_FA_ROUTE_PLAN device=0 Q=[256,1,16,1] Kraw=q5_0 Vraw=turbo2_tcq Kshape=[256,256,4,1] Vshape=[256,256,4,1] Keff=q5_0 Veff=f16 turbo_kv=1 prefer_native_vec=0 decode=1 dk=0 dv=1 unsafe_vec_after_turbo_v_decode=1 allow_vec=0 kernel=MMA_F16 need_f16_K=1 need_f16_V=0 Knb=[22,704,176,180224] Vnb=[36,288,72,73728] Keff_nb=[22,704,176,180224] Veff_nb=[2,2048,512,524288]
CUDA_FA_ROUTE_SUPPORTED kernel=MMA_F16 effK=q5_0 effV=f16 supported=1
CUDA_FA_ROUTE_PLAN device=0 Q=[256,1,16,1] Kraw=q5_0 Vraw=turbo2_tcq Kshape=[256,256,4,1] Vshape=[256,256,4,1] Keff=q5_0 Veff=f16 turbo_kv=1 prefer_native_vec=0 decode=1 dk=0 dv=1 unsafe_vec_after_turbo_v_decode=1 allow_vec=0 kernel=MMA_F16 need_f16_K=1 need_f16_V=0 Knb=[22,704,176,180224] Vnb=[36,288,72,73728] Keff_nb=[22,704,176,180224] Veff_nb=[2,2048,512,524288]
CUDA_FA_ROUTE_SUPPORTED kernel=MMA_F16 effK=q5_0 effV=f16 supported=1
CUDA_FA_ROUTE_PLAN device=0 Q=[256,16,16,1] Kraw=q5_0 Vraw=turbo2_tcq Kshape=[256,256,4,1] Vshape=[256,256,4,1] Keff=q5_0 Veff=f16 turbo_kv=1 prefer_native_vec=0 decode=1 dk=0 dv=1 unsafe_vec_after_turbo_v_decode=1 allow_vec=0 kernel=MMA_F16 need_f16_K=1 need_f16_V=0 Knb=[22,704,176,180224] Vnb=[36,288,72,73728] Keff_nb=[22,704,176,180224] Veff_nb=[2,2048,512,524288]
CUDA_FA_ROUTE_SUPPORTED kernel=MMA_F16 effK=q5_0 effV=f16 supported=1
CUDA_FA_ROUTE_PLAN device=0 Q=[256,16,16,1] Kraw=q5_0 Vraw=turbo2_tcq Kshape=[256,256,4,1] Vshape=[256,256,4,1] Keff=q5_0 Veff=f16 turbo_kv=1 prefer_native_vec=0 decode=1 dk=0 dv=1 unsafe_vec_after_turbo_v_decode=1 allow_vec=0 kernel=MMA_F16 need_f16_K=1 need_f16_V=0 Knb=[22,704,176,180224] Vnb=[36,288,72,73728] Keff_nb=[22,704,176,180224] Veff_nb=[2,2048,512,524288]
CUDA_FA_ROUTE_SUPPORTED kernel=MMA_F16 effK=q5_0 effV=f16 supported=1
CUDA_FA_ROUTE_PLAN device=0 Q=[256,16,16,1] Kraw=q5_0 Vraw=turbo2_tcq Kshape=[256,256,4,1] Vshape=[256,256,4,1] Keff=q5_0 Veff=f16 turbo_kv=1 prefer_native_vec=0 decode=1 dk=0 dv=1 unsafe_vec_after_turbo_v_decode=1 allow_vec=0 kernel=MMA_F16 need_f16_K=1 need_f16_V=0 Knb=[22,704,176,180224] Vnb=[36,288,72,73728] Keff_nb=[22,704,176,180224] Veff_nb=[2,2048,512,524288]
CUDA_FA_ROUTE_SUPPORTED kernel=MMA_F16 effK=q5_0 effV=f16 supported=1
CUDA_FA_ROUTE_PLAN device=0 Q=[256,16,16,1] Kraw=q5_0 Vraw=turbo2_tcq Kshape=[256,256,4,1] Vshape=[256,256,4,1] Keff=q5_0 Veff=f16 turbo_kv=1 prefer_native_vec=0 decode=1 dk=0 dv=1 unsafe_vec_after_turbo_v_decode=1 allow_vec=0 kernel=MMA_F16 need_f16_K=1 need_f16_V=0 Knb=[22,704,176,180224] Vnb=[36,288,72,73728] Keff_nb=[22,704,176,180224] Veff_nb=[2,2048,512,524288]
CUDA_FA_ROUTE_SUPPORTED kernel=MMA_F16 effK=q5_0 effV=f16 supported=1
CUDA_FA_ROUTE_PLAN device=0 Q=[256,16,16,1] Kraw=q5_0 Vraw=turbo2_tcq Kshape=[256,256,4,1] Vshape=[256,256,4,1] Keff=q5_0 Veff=f16 turbo_kv=1 prefer_native_vec=0 decode=1 dk=0 dv=1 unsafe_vec_after_turbo_v_decode=1 allow_vec=0 kernel=MMA_F16 need_f16_K=1 need_f16_V=0 Knb=[22,704,176,180224] Vnb=[36,288,72,73728] Keff_nb=[22,704,176,180224] Veff_nb=[2,2048,512,524288]
CUDA_FA_ROUTE_SUPPORTED kernel=MMA_F16 effK=q5_0 effV=f16 supported=1
CUDA_FA_ROUTE_PLAN device=0 Q=[256,16,16,1] Kraw=q5_0 Vraw=turbo2_tcq Kshape=[256,256,4,1] Vshape=[256,256,4,1] Keff=q5_0 Veff=f16 turbo_kv=1 prefer_native_vec=0 decode=1 dk=0 dv=1 unsafe_vec_after_turbo_v_decode=1 allow_vec=0 kernel=MMA_F16 need_f16_K=1 need_f16_V=0 Knb=[22,704,176,180224] Vnb=[36,288,72,73728] Keff_nb=[22,704,176,180224] Veff_nb=[2,2048,512,524288]
CUDA_FA_ROUTE_SUPPORTED kernel=MMA_F16 effK=q5_0 effV=f16 supported=1
CUDA_FA_ROUTE_PLAN device=0 Q=[256,16,16,1] Kraw=q5_0 Vraw=turbo2_tcq Kshape=[256,256,4,1] Vshape=[256,256,4,1] Keff=q5_0 Veff=f16 turbo_kv=1 prefer_native_vec=0 decode=1 dk=0 dv=1 unsafe_vec_after_turbo_v_decode=1 allow_vec=0 kernel=MMA_F16 need_f16_K=1 need_f16_V=0 Knb=[22,704,176,180224] Vnb=[36,288,72,73728] Keff_nb=[22,704,176,180224] Veff_nb=[2,2048,512,524288]
CUDA_FA_ROUTE_SUPPORTED kernel=MMA_F16 effK=q5_0 effV=f16 supported=1
CUDA_FA_ROUTE_PLAN device=0 Q=[256,16,16,1] Kraw=q5_0 Vraw=turbo2_tcq Kshape=[256,256,4,1] Vshape=[256,256,4,1] Keff=q5_0 Veff=f16 turbo_kv=1 prefer_native_vec=0 decode=1 dk=0 dv=1 unsafe_vec_after_turbo_v_decode=1 allow_vec=0 kernel=MMA_F16 need_f16_K=1 need_f16_V=0 Knb=[22,704,176,180224] Vnb=[36,288,72,73728] Keff_nb=[22,704,176,180224] Veff_nb=[2,2048,512,524288]
CUDA_FA_ROUTE_SUPPORTED kernel=MMA_F16 effK=q5_0 effV=f16 supported=1
CUDA_FA_ROUTE_PLAN device=0 Q=[256,1,16,1] Kraw=q5_0 Vraw=turbo2_tcq Kshape=[256,256,4,1] Vshape=[256,256,4,1] Keff=q5_0 Veff=f16 turbo_kv=1 prefer_native_vec=0 decode=1 dk=0 dv=1 unsafe_vec_after_turbo_v_decode=1 allow_vec=0 kernel=MMA_F16 need_f16_K=1 need_f16_V=0 Knb=[22,704,176,180224] Vnb=[36,288,72,73728] Keff_nb=[22,704,176,180224] Veff_nb=[2,2048,512,524288]
CUDA_FA_ROUTE_SUPPORTED kernel=MMA_F16 effK=q5_0 effV=f16 supported=1
CUDA_FA_ROUTE_PLAN device=0 Q=[256,1,16,1] Kraw=q5_0 Vraw=turbo2_tcq Kshape=[256,256,4,1] Vshape=[256,256,4,1] Keff=q5_0 Veff=f16 turbo_kv=1 prefer_native_vec=0 decode=1 dk=0 dv=1 unsafe_vec_after_turbo_v_decode=1 allow_vec=0 kernel=MMA_F16 need_f16_K=1 need_f16_V=0 Knb=[22,704,176,180224] Vnb=[36,288,72,73728] Keff_nb=[22,704,176,180224] Veff_nb=[2,2048,512,524288]
CUDA_FA_ROUTE_SUPPORTED kernel=MMA_F16 effK=q5_0 effV=f16 supported=1
CUDA_FA_ROUTE_PLAN device=0 Q=[256,1,16,1] Kraw=q5_0 Vraw=turbo2_tcq Kshape=[256,256,4,1] Vshape=[256,256,4,1] Keff=q5_0 Veff=f16 turbo_kv=1 prefer_native_vec=0 decode=1 dk=0 dv=1 unsafe_vec_after_turbo_v_decode=1 allow_vec=0 kernel=MMA_F16 need_f16_K=1 need_f16_V=0 Knb=[22,704,176,180224] Vnb=[36,288,72,73728] Keff_nb=[22,704,176,180224] Veff_nb=[2,2048,512,524288]
CUDA_FA_ROUTE_SUPPORTED kernel=MMA_F16 effK=q5_0 effV=f16 supported=1
CUDA_FA_ROUTE_PLAN device=0 Q=[256,1,16,1] Kraw=q5_0 Vraw=turbo2_tcq Kshape=[256,256,4,1] Vshape=[256,256,4,1] Keff=q5_0 Veff=f16 turbo_kv=1 prefer_native_vec=0 decode=1 dk=0 dv=1 unsafe_vec_after_turbo_v_decode=1 allow_vec=0 kernel=MMA_F16 need_f16_K=1 need_f16_V=0 Knb=[22,704,176,180224] Vnb=[36,288,72,73728] Keff_nb=[22,704,176,180224] Veff_nb=[2,2048,512,524288]
CUDA_FA_ROUTE_SUPPORTED kernel=MMA_F16 effK=q5_0 effV=f16 supported=1
CUDA_FA_ROUTE_PLAN device=0 Q=[256,1,16,1] Kraw=q5_0 Vraw=turbo2_tcq Kshape=[256,256,4,1] Vshape=[256,256,4,1] Keff=q5_0 Veff=f16 turbo_kv=1 prefer_native_vec=0 decode=1 dk=0 dv=1 unsafe_vec_after_turbo_v_decode=1 allow_vec=0 kernel=MMA_F16 need_f16_K=1 need_f16_V=0 Knb=[22,704,176,180224] Vnb=[36,288,72,73728] Keff_nb=[22,704,176,180224] Veff_nb=[2,2048,512,524288]
CUDA_FA_ROUTE_SUPPORTED kernel=MMA_F16 effK=q5_0 effV=f16 supported=1
CUDA_FA_ROUTE_PLAN device=0 Q=[256,1,16,1] Kraw=q5_0 Vraw=turbo2_tcq Kshape=[256,256,4,1] Vshape=[256,256,4,1] Keff=q5_0 Veff=f16 turbo_kv=1 prefer_native_vec=0 decode=1 dk=0 dv=1 unsafe_vec_after_turbo_v_decode=1 allow_vec=0 kernel=MMA_F16 need_f16_K=1 need_f16_V=0 Knb=[22,704,176,180224] Vnb=[36,288,72,73728] Keff_nb=[22,704,176,180224] Veff_nb=[2,2048,512,524288]
CUDA_FA_ROUTE_SUPPORTED kernel=MMA_F16 effK=q5_0 effV=f16 supported=1
CUDA_FA_ROUTE_PLAN device=0 Q=[256,1,16,1] Kraw=q5_0 Vraw=turbo2_tcq Kshape=[256,256,4,1] Vshape=[256,256,4,1] Keff=q5_0 Veff=f16 turbo_kv=1 prefer_native_vec=0 decode=1 dk=0 dv=1 unsafe_vec_after_turbo_v_decode=1 allow_vec=0 kernel=MMA_F16 need_f16_K=1 need_f16_V=0 Knb=[22,704,176,180224] Vnb=[36,288,72,73728] Keff_nb=[22,704,176,180224] Veff_nb=[2,2048,512,524288]
CUDA_FA_ROUTE_SUPPORTED kernel=MMA_F16 effK=q5_0 effV=f16 supported=1
CUDA_FA_ROUTE_PLAN device=0 Q=[256,1,16,1] Kraw=q5_0 Vraw=turbo2_tcq Kshape=[256,256,4,1] Vshape=[256,256,4,1] Keff=q5_0 Veff=f16 turbo_kv=1 prefer_native_vec=0 decode=1 dk=0 dv=1 unsafe_vec_after_turbo_v_decode=1 allow_vec=0 kernel=MMA_F16 need_f16_K=1 need_f16_V=0 Knb=[22,704,176,180224] Vnb=[36,288,72,73728] Keff_nb=[22,704,176,180224] Veff_nb=[2,2048,512,524288]
CUDA_FA_ROUTE_SUPPORTED kernel=MMA_F16 effK=q5_0 effV=f16 supported=1
CUDA_FA_ROUTE_PLAN device=0 Q=[256,256,16,1] Kraw=q5_0 Vraw=turbo2_tcq Kshape=[256,256,4,1] Vshape=[256,256,4,1] Keff=q5_0 Veff=f16 turbo_kv=1 prefer_native_vec=0 decode=1 dk=0 dv=1 unsafe_vec_after_turbo_v_decode=1 allow_vec=0 kernel=MMA_F16 need_f16_K=1 need_f16_V=0 Knb=[22,704,176,180224] Vnb=[36,288,72,73728] Keff_nb=[22,704,176,180224] Veff_nb=[2,2048,512,524288]
CUDA_FA_ROUTE_SUPPORTED kernel=MMA_F16 effK=q5_0 effV=f16 supported=1
CUDA_FA_ROUTE_PLAN device=0 Q=[256,256,16,1] Kraw=q5_0 Vraw=turbo2_tcq Kshape=[256,256,4,1] Vshape=[256,256,4,1] Keff=q5_0 Veff=f16 turbo_kv=1 prefer_native_vec=0 decode=1 dk=0 dv=1 unsafe_vec_after_turbo_v_decode=1 allow_vec=0 kernel=MMA_F16 need_f16_K=1 need_f16_V=0 Knb=[22,704,176,180224] Vnb=[36,288,72,73728] Keff_nb=[22,704,176,180224] Veff_nb=[2,2048,512,524288]
CUDA_FA_ROUTE_SUPPORTED kernel=MMA_F16 effK=q5_0 effV=f16 supported=1
CUDA_FA_ROUTE_PLAN device=0 Q=[256,256,16,1] Kraw=q5_0 Vraw=turbo2_tcq Kshape=[256,256,4,1] Vshape=[256,256,4,1] Keff=q5_0 Veff=f16 turbo_kv=1 prefer_native_vec=0 decode=1 dk=0 dv=1 unsafe_vec_after_turbo_v_decode=1 allow_vec=0 kernel=MMA_F16 need_f16_K=1 need_f16_V=0 Knb=[22,704,176,180224] Vnb=[36,288,72,73728] Keff_nb=[22,704,176,180224] Veff_nb=[2,2048,512,524288]
CUDA_FA_ROUTE_SUPPORTED kernel=MMA_F16 effK=q5_0 effV=f16 supported=1
CUDA_FA_ROUTE_PLAN device=0 Q=[256,256,16,1] Kraw=q5_0 Vraw=turbo2_tcq Kshape=[256,256,4,1] Vshape=[256,256,4,1] Keff=q5_0 Veff=f16 turbo_kv=1 prefer_native_vec=0 decode=1 dk=0 dv=1 unsafe_vec_after_turbo_v_decode=1 allow_vec=0 kernel=MMA_F16 need_f16_K=1 need_f16_V=0 Knb=[22,704,176,180224] Vnb=[36,288,72,73728] Keff_nb=[22,704,176,180224] Veff_nb=[2,2048,512,524288]
CUDA_FA_ROUTE_SUPPORTED kernel=MMA_F16 effK=q5_0 effV=f16 supported=1
CUDA_FA_ROUTE_PLAN device=0 Q=[256,256,16,1] Kraw=q5_0 Vraw=turbo2_tcq Kshape=[256,256,4,1] Vshape=[256,256,4,1] Keff=q5_0 Veff=f16 turbo_kv=1 prefer_native_vec=0 decode=1 dk=0 dv=1 unsafe_vec_after_turbo_v_decode=1 allow_vec=0 kernel=MMA_F16 need_f16_K=1 need_f16_V=0 Knb=[22,704,176,180224] Vnb=[36,288,72,73728] Keff_nb=[22,704,176,180224] Veff_nb=[2,2048,512,524288]
CUDA_FA_ROUTE_SUPPORTED kernel=MMA_F16 effK=q5_0 effV=f16 supported=1
CUDA_FA_ROUTE_PLAN device=0 Q=[256,256,16,1] Kraw=q5_0 Vraw=turbo2_tcq Kshape=[256,256,4,1] Vshape=[256,256,4,1] Keff=q5_0 Veff=f16 turbo_kv=1 prefer_native_vec=0 decode=1 dk=0 dv=1 unsafe_vec_after_turbo_v_decode=1 allow_vec=0 kernel=MMA_F16 need_f16_K=1 need_f16_V=0 Knb=[22,704,176,180224] Vnb=[36,288,72,73728] Keff_nb=[22,704,176,180224] Veff_nb=[2,2048,512,524288]
CUDA_FA_ROUTE_SUPPORTED kernel=MMA_F16 effK=q5_0 effV=f16 supported=1
CUDA_FA_ROUTE_PLAN device=0 Q=[256,256,16,1] Kraw=q5_0 Vraw=turbo2_tcq Kshape=[256,256,4,1] Vshape=[256,256,4,1] Keff=q5_0 Veff=f16 turbo_kv=1 prefer_native_vec=0 decode=1 dk=0 dv=1 unsafe_vec_after_turbo_v_decode=1 allow_vec=0 kernel=MMA_F16 need_f16_K=1 need_f16_V=0 Knb=[22,704,176,180224] Vnb=[36,288,72,73728] Keff_nb=[22,704,176,180224] Veff_nb=[2,2048,512,524288]
CUDA_FA_ROUTE_SUPPORTED kernel=MMA_F16 effK=q5_0 effV=f16 supported=1
CUDA_FA_ROUTE_PLAN device=0 Q=[256,256,16,1] Kraw=q5_0 Vraw=turbo2_tcq Kshape=[256,256,4,1] Vshape=[256,256,4,1] Keff=q5_0 Veff=f16 turbo_kv=1 prefer_native_vec=0 decode=1 dk=0 dv=1 unsafe_vec_after_turbo_v_decode=1 allow_vec=0 kernel=MMA_F16 need_f16_K=1 need_f16_V=0 Knb=[22,704,176,180224] Vnb=[36,288,72,73728] Keff_nb=[22,704,176,180224] Veff_nb=[2,2048,512,524288]
CUDA_FA_ROUTE_SUPPORTED kernel=MMA_F16 effK=q5_0 effV=f16 supported=1
CUDA_FA_ROUTE_PLAN device=0 Q=[256,256,16,1] Kraw=q5_0 Vraw=turbo2_tcq Kshape=[256,256,4,1] Vshape=[256,256,4,1] Keff=q5_0 Veff=f16 turbo_kv=1 prefer_native_vec=0 decode=1 dk=0 dv=1 unsafe_vec_after_turbo_v_decode=1 allow_vec=0 kernel=MMA_F16 need_f16_K=1 need_f16_V=0 Knb=[22,704,176,180224] Vnb=[36,288,72,73728] Keff_nb=[22,704,176,180224] Veff_nb=[2,2048,512,524288]
CUDA_FA_ROUTE_ALLOC kernel=MMA_F16 need_f16_K=1 need_f16_V=0 workspace_end_offset=4718592 dst_data=(nil) f16_K=0x400000 f16_V=(nil) f16_end=0x480000
CUDA_FA_ROUTE_PLAN device=0 Q=[256,256,16,1] Kraw=q5_0 Vraw=turbo2_tcq Kshape=[256,256,4,1] Vshape=[256,256,4,1] Keff=q5_0 Veff=f16 turbo_kv=1 prefer_native_vec=0 decode=1 dk=0 dv=1 unsafe_vec_after_turbo_v_decode=1 allow_vec=0 kernel=MMA_F16 need_f16_K=1 need_f16_V=0 Knb=[22,704,176,180224] Vnb=[36,288,72,73728] Keff_nb=[22,704,176,180224] Veff_nb=[2,2048,512,524288]
CUDA_FA_ROUTE_ALLOC kernel=MMA_F16 need_f16_K=1 need_f16_V=0 workspace_end_offset=4718592 dst_data=(nil) f16_K=0x400000 f16_V=(nil) f16_end=0x480000
CUDA_FA_ROUTE_PLAN device=0 Q=[256,256,16,1] Kraw=q5_0 Vraw=turbo2_tcq Kshape=[256,256,4,1] Vshape=[256,256,4,1] Keff=q5_0 Veff=f16 turbo_kv=1 prefer_native_vec=0 decode=1 dk=0 dv=1 unsafe_vec_after_turbo_v_decode=1 allow_vec=0 kernel=MMA_F16 need_f16_K=1 need_f16_V=0 Knb=[22,704,176,180224] Vnb=[36,288,72,73728] Keff_nb=[22,704,176,180224] Veff_nb=[2,2048,512,524288]
CUDA_FA_ROUTE_ALLOC kernel=MMA_F16 need_f16_K=1 need_f16_V=0 workspace_end_offset=4718592 dst_data=(nil) f16_K=0x400000 f16_V=(nil) f16_end=0x480000
CUDA_FA_ROUTE_PLAN device=0 Q=[256,256,16,1] Kraw=q5_0 Vraw=turbo2_tcq Kshape=[256,256,4,1] Vshape=[256,256,4,1] Keff=q5_0 Veff=f16 turbo_kv=1 prefer_native_vec=0 decode=1 dk=0 dv=1 unsafe_vec_after_turbo_v_decode=1 allow_vec=0 kernel=MMA_F16 need_f16_K=1 need_f16_V=0 Knb=[22,704,176,180224] Vnb=[36,288,72,73728] Keff_nb=[22,704,176,180224] Veff_nb=[2,2048,512,524288]
CUDA_FA_ROUTE_ALLOC kernel=MMA_F16 need_f16_K=1 need_f16_V=0 workspace_end_offset=4718592 dst_data=(nil) f16_K=0x400000 f16_V=(nil) f16_end=0x480000
CUDA_FA_ROUTE_PLAN device=0 Q=[256,256,16,1] Kraw=q5_0 Vraw=turbo2_tcq Kshape=[256,256,4,1] Vshape=[256,256,4,1] Keff=q5_0 Veff=f16 turbo_kv=1 prefer_native_vec=0 decode=1 dk=0 dv=1 unsafe_vec_after_turbo_v_decode=1 allow_vec=0 kernel=MMA_F16 need_f16_K=1 need_f16_V=0 Knb=[22,704,176,180224] Vnb=[36,288,72,73728] Keff_nb=[22,704,176,180224] Veff_nb=[2,2048,512,524288]
CUDA_FA_ROUTE_ALLOC kernel=MMA_F16 need_f16_K=1 need_f16_V=0 workspace_end_offset=4718592 dst_data=(nil) f16_K=0x400000 f16_V=(nil) f16_end=0x480000
CUDA_FA_ROUTE_PLAN device=0 Q=[256,256,16,1] Kraw=q5_0 Vraw=turbo2_tcq Kshape=[256,256,4,1] Vshape=[256,256,4,1] Keff=q5_0 Veff=f16 turbo_kv=1 prefer_native_vec=0 decode=1 dk=0 dv=1 unsafe_vec_after_turbo_v_decode=1 allow_vec=0 kernel=MMA_F16 need_f16_K=1 need_f16_V=0 Knb=[22,704,176,180224] Vnb=[36,288,72,73728] Keff_nb=[22,704,176,180224] Veff_nb=[2,2048,512,524288]
CUDA_FA_ROUTE_ALLOC kernel=MMA_F16 need_f16_K=1 need_f16_V=0 workspace_end_offset=4718592 dst_data=(nil) f16_K=0x400000 f16_V=(nil) f16_end=0x480000
CUDA_FA_ROUTE_PLAN device=0 Q=[256,256,16,1] Kraw=q5_0 Vraw=turbo2_tcq Kshape=[256,256,4,1] Vshape=[256,256,4,1] Keff=q5_0 Veff=f16 turbo_kv=1 prefer_native_vec=0 decode=1 dk=0 dv=1 unsafe_vec_after_turbo_v_decode=1 allow_vec=0 kernel=MMA_F16 need_f16_K=1 need_f16_V=0 Knb=[22,704,176,180224] Vnb=[36,288,72,73728] Keff_nb=[22,704,176,180224] Veff_nb=[2,2048,512,524288]
CUDA_FA_ROUTE_ALLOC kernel=MMA_F16 need_f16_K=1 need_f16_V=0 workspace_end_offset=4718592 dst_data=(nil) f16_K=0x400000 f16_V=(nil) f16_end=0x480000
CUDA_FA_ROUTE_PLAN device=0 Q=[256,256,16,1] Kraw=q5_0 Vraw=turbo2_tcq Kshape=[256,256,4,1] Vshape=[256,256,4,1] Keff=q5_0 Veff=f16 turbo_kv=1 prefer_native_vec=0 decode=1 dk=0 dv=1 unsafe_vec_after_turbo_v_decode=1 allow_vec=0 kernel=MMA_F16 need_f16_K=1 need_f16_V=0 Knb=[22,704,176,180224] Vnb=[36,288,72,73728] Keff_nb=[22,704,176,180224] Veff_nb=[2,2048,512,524288]
CUDA_FA_ROUTE_ALLOC kernel=MMA_F16 need_f16_K=1 need_f16_V=0 workspace_end_offset=4718592 dst_data=(nil) f16_K=0x400000 f16_V=(nil) f16_end=0x480000
CUDA_FA_ROUTE_PLAN device=0 Q=[256,256,16,1] Kraw=q5_0 Vraw=turbo2_tcq Kshape=[256,256,4,1] Vshape=[256,256,4,1] Keff=q5_0 Veff=f16 turbo_kv=1 prefer_native_vec=0 decode=1 dk=0 dv=1 unsafe_vec_after_turbo_v_decode=1 allow_vec=0 kernel=MMA_F16 need_f16_K=1 need_f16_V=0 Knb=[22,704,176,180224] Vnb=[36,288,72,73728] Keff_nb=[22,704,176,180224] Veff_nb=[2,2048,512,524288]
CUDA_FA_ROUTE_ALLOC kernel=MMA_F16 need_f16_K=1 need_f16_V=0 workspace_end_offset=4718592 dst_data=(nil) f16_K=0x400000 f16_V=(nil) f16_end=0x480000
CUDA_FA_ROUTE_PLAN device=0 Q=[256,256,16,1] Kraw=q5_0 Vraw=turbo2_tcq Kshape=[256,256,4,1] Vshape=[256,256,4,1] Keff=q5_0 Veff=f16 turbo_kv=1 prefer_native_vec=0 decode=1 dk=0 dv=1 unsafe_vec_after_turbo_v_decode=1 allow_vec=0 kernel=MMA_F16 need_f16_K=1 need_f16_V=0 Knb=[22,704,176,180224] Vnb=[36,288,72,73728] Keff_nb=[22,704,176,180224] Veff_nb=[2,2048,512,524288]
CUDA_FA_ROUTE_ALLOC kernel=MMA_F16 need_f16_K=1 need_f16_V=0 workspace_end_offset=4718592 dst_data=(nil) f16_K=0x400000 f16_V=(nil) f16_end=0x480000
CUDA_FA_ROUTE_PLAN device=0 Q=[256,256,16,1] Kraw=q5_0 Vraw=turbo2_tcq Kshape=[256,256,4,1] Vshape=[256,256,4,1] Keff=q5_0 Veff=f16 turbo_kv=1 prefer_native_vec=0 decode=1 dk=0 dv=1 unsafe_vec_after_turbo_v_decode=1 allow_vec=0 kernel=MMA_F16 need_f16_K=1 need_f16_V=0 Knb=[22,704,176,180224] Vnb=[36,288,72,73728] Keff_nb=[22,704,176,180224] Veff_nb=[2,2048,512,524288]
CUDA_FA_ROUTE_ALLOC kernel=MMA_F16 need_f16_K=1 need_f16_V=0 workspace_end_offset=4718592 dst_data=(nil) f16_K=0x400000 f16_V=(nil) f16_end=0x480000
CUDA_FA_ROUTE_PLAN device=0 Q=[256,256,16,1] Kraw=q5_0 Vraw=turbo2_tcq Kshape=[256,256,4,1] Vshape=[256,256,4,1] Keff=q5_0 Veff=f16 turbo_kv=1 prefer_native_vec=0 decode=1 dk=0 dv=1 unsafe_vec_after_turbo_v_decode=1 allow_vec=0 kernel=MMA_F16 need_f16_K=1 need_f16_V=0 Knb=[22,704,176,180224] Vnb=[36,288,72,73728] Keff_nb=[22,704,176,180224] Veff_nb=[2,2048,512,524288]
CUDA_FA_ROUTE_ALLOC kernel=MMA_F16 need_f16_K=1 need_f16_V=0 workspace_end_offset=4718592 dst_data=(nil) f16_K=0x400000 f16_V=(nil) f16_end=0x480000
CUDA_FA_ROUTE_PLAN device=0 Q=[256,256,16,1] Kraw=q5_0 Vraw=turbo2_tcq Kshape=[256,256,4,1] Vshape=[256,256,4,1] Keff=q5_0 Veff=f16 turbo_kv=1 prefer_native_vec=0 decode=1 dk=0 dv=1 unsafe_vec_after_turbo_v_decode=1 allow_vec=0 kernel=MMA_F16 need_f16_K=1 need_f16_V=0 Knb=[22,704,176,180224] Vnb=[36,288,72,73728] Keff_nb=[22,704,176,180224] Veff_nb=[2,2048,512,524288]
CUDA_FA_ROUTE_ALLOC kernel=MMA_F16 need_f16_K=1 need_f16_V=0 workspace_end_offset=4718592 dst_data=(nil) f16_K=0x400000 f16_V=(nil) f16_end=0x480000
CUDA_FA_ROUTE_PLAN device=0 Q=[256,256,16,1] Kraw=q5_0 Vraw=turbo2_tcq Kshape=[256,256,4,1] Vshape=[256,256,4,1] Keff=q5_0 Veff=f16 turbo_kv=1 prefer_native_vec=0 decode=1 dk=0 dv=1 unsafe_vec_after_turbo_v_decode=1 allow_vec=0 kernel=MMA_F16 need_f16_K=1 need_f16_V=0 Knb=[22,704,176,180224] Vnb=[36,288,72,73728] Keff_nb=[22,704,176,180224] Veff_nb=[2,2048,512,524288]
CUDA_FA_ROUTE_ALLOC kernel=MMA_F16 need_f16_K=1 need_f16_V=0 workspace_end_offset=4718592 dst_data=(nil) f16_K=0x400000 f16_V=(nil) f16_end=0x480000
CUDA_FA_ROUTE_PLAN device=0 Q=[256,256,16,1] Kraw=q5_0 Vraw=turbo2_tcq Kshape=[256,256,4,1] Vshape=[256,256,4,1] Keff=q5_0 Veff=f16 turbo_kv=1 prefer_native_vec=0 decode=1 dk=0 dv=1 unsafe_vec_after_turbo_v_decode=1 allow_vec=0 kernel=MMA_F16 need_f16_K=1 need_f16_V=0 Knb=[22,704,176,180224] Vnb=[36,288,72,73728] Keff_nb=[22,704,176,180224] Veff_nb=[2,2048,512,524288]
CUDA_FA_ROUTE_ALLOC kernel=MMA_F16 need_f16_K=1 need_f16_V=0 workspace_end_offset=4718592 dst_data=(nil) f16_K=0x400000 f16_V=(nil) f16_end=0x480000
CUDA_FA_ROUTE_PLAN device=0 Q=[256,256,16,1] Kraw=q5_0 Vraw=turbo2_tcq Kshape=[256,256,4,1] Vshape=[256,256,4,1] Keff=q5_0 Veff=f16 turbo_kv=1 prefer_native_vec=0 decode=1 dk=0 dv=1 unsafe_vec_after_turbo_v_decode=1 allow_vec=0 kernel=MMA_F16 need_f16_K=1 need_f16_V=0 Knb=[22,704,176,180224] Vnb=[36,288,72,73728] Keff_nb=[22,704,176,180224] Veff_nb=[2,2048,512,524288]
CUDA_FA_ROUTE_ALLOC kernel=MMA_F16 need_f16_K=1 need_f16_V=0 workspace_end_offset=4718592 dst_data=(nil) f16_K=0x400000 f16_V=(nil) f16_end=0x480000
CUDA_FA_ROUTE_PLAN device=0 Q=[256,256,16,1] Kraw=q5_0 Vraw=turbo2_tcq Kshape=[256,256,4,1] Vshape=[256,256,4,1] Keff=q5_0 Veff=f16 turbo_kv=1 prefer_native_vec=0 decode=1 dk=0 dv=1 unsafe_vec_after_turbo_v_decode=1 allow_vec=0 kernel=MMA_F16 need_f16_K=1 need_f16_V=0 Knb=[22,704,176,180224] Vnb=[36,288,72,73728] Keff_nb=[22,704,176,180224] Veff_nb=[2,2048,512,524288]
CUDA_FA_ROUTE_ALLOC kernel=MMA_F16 need_f16_K=1 need_f16_V=0 workspace_end_offset=4718592 dst_data=(nil) f16_K=0x400000 f16_V=(nil) f16_end=0x480000
CUDA_FA_ROUTE_PLAN device=0 Q=[256,256,16,1] Kraw=q5_0 Vraw=turbo2_tcq Kshape=[256,256,4,1] Vshape=[256,256,4,1] Keff=q5_0 Veff=f16 turbo_kv=1 prefer_native_vec=0 decode=1 dk=0 dv=1 unsafe_vec_after_turbo_v_decode=1 allow_vec=0 kernel=MMA_F16 need_f16_K=1 need_f16_V=0 Knb=[22,704,176,180224] Vnb=[36,288,72,73728] Keff_nb=[22,704,176,180224] Veff_nb=[2,2048,512,524288]
CUDA_FA_ROUTE_ALLOC kernel=MMA_F16 need_f16_K=1 need_f16_V=0 workspace_end_offset=4718592 dst_data=(nil) f16_K=0x400000 f16_V=(nil) f16_end=0x480000
CUDA_FA_ROUTE_PLAN device=0 Q=[256,256,16,1] Kraw=q5_0 Vraw=turbo2_tcq Kshape=[256,256,4,1] Vshape=[256,256,4,1] Keff=q5_0 Veff=f16 turbo_kv=1 prefer_native_vec=0 decode=1 dk=0 dv=1 unsafe_vec_after_turbo_v_decode=1 allow_vec=0 kernel=MMA_F16 need_f16_K=1 need_f16_V=0 Knb=[22,704,176,180224] Vnb=[36,288,72,73728] Keff_nb=[22,704,176,180224] Veff_nb=[2,2048,512,524288]
CUDA_FA_ROUTE_ALLOC kernel=MMA_F16 need_f16_K=1 need_f16_V=0 workspace_end_offset=4718592 dst_data=(nil) f16_K=0x400000 f16_V=(nil) f16_end=0x480000
CUDA_FA_ROUTE_PLAN device=0 Q=[256,256,16,1] Kraw=q5_0 Vraw=turbo2_tcq Kshape=[256,256,4,1] Vshape=[256,256,4,1] Keff=q5_0 Veff=f16 turbo_kv=1 prefer_native_vec=0 decode=1 dk=0 dv=1 unsafe_vec_after_turbo_v_decode=1 allow_vec=0 kernel=MMA_F16 need_f16_K=1 need_f16_V=0 Knb=[22,704,176,180224] Vnb=[36,288,72,73728] Keff_nb=[22,704,176,180224] Veff_nb=[2,2048,512,524288]
CUDA_FA_ROUTE_ALLOC kernel=MMA_F16 need_f16_K=1 need_f16_V=0 workspace_end_offset=4718592 dst_data=(nil) f16_K=0x400000 f16_V=(nil) f16_end=0x480000
CUDA_FA_ROUTE_PLAN device=0 Q=[256,256,16,1] Kraw=q5_0 Vraw=turbo2_tcq Kshape=[256,256,4,1] Vshape=[256,256,4,1] Keff=q5_0 Veff=f16 turbo_kv=1 prefer_native_vec=0 decode=1 dk=0 dv=1 unsafe_vec_after_turbo_v_decode=1 allow_vec=0 kernel=MMA_F16 need_f16_K=1 need_f16_V=0 Knb=[22,704,176,180224] Vnb=[36,288,72,73728] Keff_nb=[22,704,176,180224] Veff_nb=[2,2048,512,524288]
CUDA_FA_ROUTE_ALLOC kernel=MMA_F16 need_f16_K=1 need_f16_V=0 workspace_end_offset=4718592 dst_data=(nil) f16_K=0x400000 f16_V=(nil) f16_end=0x480000
CUDA_FA_ROUTE_PLAN device=0 Q=[256,256,16,1] Kraw=q5_0 Vraw=turbo2_tcq Kshape=[256,256,4,1] Vshape=[256,256,4,1] Keff=q5_0 Veff=f16 turbo_kv=1 prefer_native_vec=0 decode=1 dk=0 dv=1 unsafe_vec_after_turbo_v_decode=1 allow_vec=0 kernel=MMA_F16 need_f16_K=1 need_f16_V=0 Knb=[22,704,176,180224] Vnb=[36,288,72,73728] Keff_nb=[22,704,176,180224] Veff_nb=[2,2048,512,524288]
CUDA_FA_ROUTE_ALLOC kernel=MMA_F16 need_f16_K=1 need_f16_V=0 workspace_end_offset=4718592 dst_data=(nil) f16_K=0x400000 f16_V=(nil) f16_end=0x480000
CUDA_FA_ROUTE_PLAN device=0 Q=[256,256,16,1] Kraw=q5_0 Vraw=turbo2_tcq Kshape=[256,256,4,1] Vshape=[256,256,4,1] Keff=q5_0 Veff=f16 turbo_kv=1 prefer_native_vec=0 decode=1 dk=0 dv=1 unsafe_vec_after_turbo_v_decode=1 allow_vec=0 kernel=MMA_F16 need_f16_K=1 need_f16_V=0 Knb=[22,704,176,180224] Vnb=[36,288,72,73728] Keff_nb=[22,704,176,180224] Veff_nb=[2,2048,512,524288]
CUDA_FA_ROUTE_ALLOC kernel=MMA_F16 need_f16_K=1 need_f16_V=0 workspace_end_offset=4718592 dst_data=(nil) f16_K=0x400000 f16_V=(nil) f16_end=0x480000
CUDA_FA_ROUTE_PLAN device=0 Q=[256,256,16,1] Kraw=q5_0 Vraw=turbo2_tcq Kshape=[256,256,4,1] Vshape=[256,256,4,1] Keff=q5_0 Veff=f16 turbo_kv=1 prefer_native_vec=0 decode=1 dk=0 dv=1 unsafe_vec_after_turbo_v_decode=1 allow_vec=0 kernel=MMA_F16 need_f16_K=1 need_f16_V=0 Knb=[22,704,176,180224] Vnb=[36,288,72,73728] Keff_nb=[22,704,176,180224] Veff_nb=[2,2048,512,524288]
CUDA_FA_ROUTE_ALLOC kernel=MMA_F16 need_f16_K=1 need_f16_V=0 workspace_end_offset=4718592 dst_data=(nil) f16_K=0x400000 f16_V=(nil) f16_end=0x480000
CUDA_FA_ROUTE_PLAN device=0 Q=[256,256,16,1] Kraw=q5_0 Vraw=turbo2_tcq Kshape=[256,256,4,1] Vshape=[256,256,4,1] Keff=q5_0 Veff=f16 turbo_kv=1 prefer_native_vec=0 decode=1 dk=0 dv=1 unsafe_vec_after_turbo_v_decode=1 allow_vec=0 kernel=MMA_F16 need_f16_K=1 need_f16_V=0 Knb=[22,704,176,180224] Vnb=[36,288,72,73728] Keff_nb=[22,704,176,180224] Veff_nb=[2,2048,512,524288]
CUDA_FA_ROUTE_ALLOC kernel=MMA_F16 need_f16_K=1 need_f16_V=0 workspace_end_offset=4718592 dst_data=(nil) f16_K=0x400000 f16_V=(nil) f16_end=0x480000
CUDA_FA_ROUTE_PLAN device=0 Q=[256,256,16,1] Kraw=q5_0 Vraw=turbo2_tcq Kshape=[256,256,4,1] Vshape=[256,256,4,1] Keff=q5_0 Veff=f16 turbo_kv=1 prefer_native_vec=0 decode=1 dk=0 dv=1 unsafe_vec_after_turbo_v_decode=1 allow_vec=0 kernel=MMA_F16 need_f16_K=1 need_f16_V=0 Knb=[22,704,176,180224] Vnb=[36,288,72,73728] Keff_nb=[22,704,176,180224] Veff_nb=[2,2048,512,524288]
CUDA_FA_ROUTE_ALLOC kernel=MMA_F16 need_f16_K=1 need_f16_V=0 workspace_end_offset=4718592 dst_data=(nil) f16_K=0x400000 f16_V=(nil) f16_end=0x480000
CUDA_FA_ROUTE_PLAN device=0 Q=[256,256,16,1] Kraw=q5_0 Vraw=turbo2_tcq Kshape=[256,256,4,1] Vshape=[256,256,4,1] Keff=q5_0 Veff=f16 turbo_kv=1 prefer_native_vec=0 decode=1 dk=0 dv=1 unsafe_vec_after_turbo_v_decode=1 allow_vec=0 kernel=MMA_F16 need_f16_K=1 need_f16_V=0 Knb=[22,704,176,180224] Vnb=[36,288,72,73728] Keff_nb=[22,704,176,180224] Veff_nb=[2,2048,512,524288]
CUDA_FA_ROUTE_ALLOC kernel=MMA_F16 need_f16_K=1 need_f16_V=0 workspace_end_offset=4718592 dst_data=(nil) f16_K=0x400000 f16_V=(nil) f16_end=0x480000
CUDA_FA_ROUTE_PLAN device=0 Q=[256,256,16,1] Kraw=q5_0 Vraw=turbo2_tcq Kshape=[256,256,4,1] Vshape=[256,256,4,1] Keff=q5_0 Veff=f16 turbo_kv=1 prefer_native_vec=0 decode=1 dk=0 dv=1 unsafe_vec_after_turbo_v_decode=1 allow_vec=0 kernel=MMA_F16 need_f16_K=1 need_f16_V=0 Knb=[22,704,176,180224] Vnb=[36,288,72,73728] Keff_nb=[22,704,176,180224] Veff_nb=[2,2048,512,524288]
CUDA_FA_ROUTE_ALLOC kernel=MMA_F16 need_f16_K=1 need_f16_V=0 workspace_end_offset=4718592 dst_data=(nil) f16_K=0x400000 f16_V=(nil) f16_end=0x480000
CUDA_FA_ROUTE_PLAN device=0 Q=[256,256,16,1] Kraw=q5_0 Vraw=turbo2_tcq Kshape=[256,256,4,1] Vshape=[256,256,4,1] Keff=q5_0 Veff=f16 turbo_kv=1 prefer_native_vec=0 decode=1 dk=0 dv=1 unsafe_vec_after_turbo_v_decode=1 allow_vec=0 kernel=MMA_F16 need_f16_K=1 need_f16_V=0 Knb=[22,704,176,180224] Vnb=[36,288,72,73728] Keff_nb=[22,704,176,180224] Veff_nb=[2,2048,512,524288]
CUDA_FA_ROUTE_ALLOC kernel=MMA_F16 need_f16_K=1 need_f16_V=0 workspace_end_offset=4718592 dst_data=(nil) f16_K=0x400000 f16_V=(nil) f16_end=0x480000
CUDA_FA_ROUTE_PLAN device=0 Q=[256,256,16,1] Kraw=q5_0 Vraw=turbo2_tcq Kshape=[256,256,4,1] Vshape=[256,256,4,1] Keff=q5_0 Veff=f16 turbo_kv=1 prefer_native_vec=0 decode=1 dk=0 dv=1 unsafe_vec_after_turbo_v_decode=1 allow_vec=0 kernel=MMA_F16 need_f16_K=1 need_f16_V=0 Knb=[22,704,176,180224] Vnb=[36,288,72,73728] Keff_nb=[22,704,176,180224] Veff_nb=[2,2048,512,524288]
CUDA_FA_ROUTE_ALLOC kernel=MMA_F16 need_f16_K=1 need_f16_V=0 workspace_end_offset=4718592 dst_data=(nil) f16_K=0x400000 f16_V=(nil) f16_end=0x480000
CUDA_FA_ROUTE_PLAN device=0 Q=[256,256,16,1] Kraw=q5_0 Vraw=turbo2_tcq Kshape=[256,256,4,1] Vshape=[256,256,4,1] Keff=q5_0 Veff=f16 turbo_kv=1 prefer_native_vec=0 decode=1 dk=0 dv=1 unsafe_vec_after_turbo_v_decode=1 allow_vec=0 kernel=MMA_F16 need_f16_K=1 need_f16_V=0 Knb=[22,704,176,180224] Vnb=[36,288,72,73728] Keff_nb=[22,704,176,180224] Veff_nb=[2,2048,512,524288]
CUDA_FA_ROUTE_ALLOC kernel=MMA_F16 need_f16_K=1 need_f16_V=0 workspace_end_offset=4718592 dst_data=(nil) f16_K=0x400000 f16_V=(nil) f16_end=0x480000
CUDA_FA_ROUTE_PLAN device=0 Q=[256,256,16,1] Kraw=q5_0 Vraw=turbo2_tcq Kshape=[256,256,4,1] Vshape=[256,256,4,1] Keff=q5_0 Veff=f16 turbo_kv=1 prefer_native_vec=0 decode=1 dk=0 dv=1 unsafe_vec_after_turbo_v_decode=1 allow_vec=0 kernel=MMA_F16 need_f16_K=1 need_f16_V=0 Knb=[22,704,176,180224] Vnb=[36,288,72,73728] Keff_nb=[22,704,176,180224] Veff_nb=[2,2048,512,524288]
CUDA_FA_ROUTE_ALLOC kernel=MMA_F16 need_f16_K=1 need_f16_V=0 workspace_end_offset=4718592 dst_data=(nil) f16_K=0x400000 f16_V=(nil) f16_end=0x480000
CUDA_FA_ROUTE_PLAN device=0 Q=[256,1,16,1] Kraw=q5_0 Vraw=turbo2_tcq Kshape=[256,256,4,1] Vshape=[256,256,4,1] Keff=q5_0 Veff=f16 turbo_kv=1 prefer_native_vec=0 decode=1 dk=0 dv=1 unsafe_vec_after_turbo_v_decode=1 allow_vec=0 kernel=MMA_F16 need_f16_K=1 need_f16_V=0 Knb=[22,704,176,180224] Vnb=[36,288,72,73728] Keff_nb=[22,704,176,180224] Veff_nb=[2,2048,512,524288]
CUDA_FA_ROUTE_SUPPORTED kernel=MMA_F16 effK=q5_0 effV=f16 supported=1
CUDA_FA_ROUTE_PLAN device=0 Q=[256,1,16,1] Kraw=q5_0 Vraw=turbo2_tcq Kshape=[256,256,4,1] Vshape=[256,256,4,1] Keff=q5_0 Veff=f16 turbo_kv=1 prefer_native_vec=0 decode=1 dk=0 dv=1 unsafe_vec_after_turbo_v_decode=1 allow_vec=0 kernel=MMA_F16 need_f16_K=1 need_f16_V=0 Knb=[22,704,176,180224] Vnb=[36,288,72,73728] Keff_nb=[22,704,176,180224] Veff_nb=[2,2048,512,524288]
CUDA_FA_ROUTE_SUPPORTED kernel=MMA_F16 effK=q5_0 effV=f16 supported=1
CUDA_FA_ROUTE_PLAN device=0 Q=[256,1,16,1] Kraw=q5_0 Vraw=turbo2_tcq Kshape=[256,256,4,1] Vshape=[256,256,4,1] Keff=q5_0 Veff=f16 turbo_kv=1 prefer_native_vec=0 decode=1 dk=0 dv=1 unsafe_vec_after_turbo_v_decode=1 allow_vec=0 kernel=MMA_F16 need_f16_K=1 need_f16_V=0 Knb=[22,704,176,180224] Vnb=[36,288,72,73728] Keff_nb=[22,704,176,180224] Veff_nb=[2,2048,512,524288]
CUDA_FA_ROUTE_SUPPORTED kernel=MMA_F16 effK=q5_0 effV=f16 supported=1
CUDA_FA_ROUTE_PLAN device=0 Q=[256,1,16,1] Kraw=q5_0 Vraw=turbo2_tcq Kshape=[256,256,4,1] Vshape=[256,256,4,1] Keff=q5_0 Veff=f16 turbo_kv=1 prefer_native_vec=0 decode=1 dk=0 dv=1 unsafe_vec_after_turbo_v_decode=1 allow_vec=0 kernel=MMA_F16 need_f16_K=1 need_f16_V=0 Knb=[22,704,176,180224] Vnb=[36,288,72,73728] Keff_nb=[22,704,176,180224] Veff_nb=[2,2048,512,524288]
CUDA_FA_ROUTE_SUPPORTED kernel=MMA_F16 effK=q5_0 effV=f16 supported=1
CUDA_FA_ROUTE_PLAN device=0 Q=[256,1,16,1] Kraw=q5_0 Vraw=turbo2_tcq Kshape=[256,256,4,1] Vshape=[256,256,4,1] Keff=q5_0 Veff=f16 turbo_kv=1 prefer_native_vec=0 decode=1 dk=0 dv=1 unsafe_vec_after_turbo_v_decode=1 allow_vec=0 kernel=MMA_F16 need_f16_K=1 need_f16_V=0 Knb=[22,704,176,180224] Vnb=[36,288,72,73728] Keff_nb=[22,704,176,180224] Veff_nb=[2,2048,512,524288]
CUDA_FA_ROUTE_SUPPORTED kernel=MMA_F16 effK=q5_0 effV=f16 supported=1
CUDA_FA_ROUTE_PLAN device=0 Q=[256,1,16,1] Kraw=q5_0 Vraw=turbo2_tcq Kshape=[256,256,4,1] Vshape=[256,256,4,1] Keff=q5_0 Veff=f16 turbo_kv=1 prefer_native_vec=0 decode=1 dk=0 dv=1 unsafe_vec_after_turbo_v_decode=1 allow_vec=0 kernel=MMA_F16 need_f16_K=1 need_f16_V=0 Knb=[22,704,176,180224] Vnb=[36,288,72,73728] Keff_nb=[22,704,176,180224] Veff_nb=[2,2048,512,524288]
CUDA_FA_ROUTE_SUPPORTED kernel=MMA_F16 effK=q5_0 effV=f16 supported=1
CUDA_FA_ROUTE_PLAN device=0 Q=[256,1,16,1] Kraw=q5_0 Vraw=turbo2_tcq Kshape=[256,256,4,1] Vshape=[256,256,4,1] Keff=q5_0 Veff=f16 turbo_kv=1 prefer_native_vec=0 decode=1 dk=0 dv=1 unsafe_vec_after_turbo_v_decode=1 allow_vec=0 kernel=MMA_F16 need_f16_K=1 need_f16_V=0 Knb=[22,704,176,180224] Vnb=[36,288,72,73728] Keff_nb=[22,704,176,180224] Veff_nb=[2,2048,512,524288]
CUDA_FA_ROUTE_SUPPORTED kernel=MMA_F16 effK=q5_0 effV=f16 supported=1
CUDA_FA_ROUTE_PLAN device=0 Q=[256,1,16,1] Kraw=q5_0 Vraw=turbo2_tcq Kshape=[256,256,4,1] Vshape=[256,256,4,1] Keff=q5_0 Veff=f16 turbo_kv=1 prefer_native_vec=0 decode=1 dk=0 dv=1 unsafe_vec_after_turbo_v_decode=1 allow_vec=0 kernel=MMA_F16 need_f16_K=1 need_f16_V=0 Knb=[22,704,176,180224] Vnb=[36,288,72,73728] Keff_nb=[22,704,176,180224] Veff_nb=[2,2048,512,524288]
CUDA_FA_ROUTE_SUPPORTED kernel=MMA_F16 effK=q5_0 effV=f16 supported=1
CUDA_FA_ROUTE_PLAN device=0 Q=[256,256,16,1] Kraw=q5_0 Vraw=turbo2_tcq Kshape=[256,256,4,1] Vshape=[256,256,4,1] Keff=q5_0 Veff=f16 turbo_kv=1 prefer_native_vec=0 decode=1 dk=0 dv=1 unsafe_vec_after_turbo_v_decode=1 allow_vec=0 kernel=MMA_F16 need_f16_K=1 need_f16_V=0 Knb=[22,704,176,180224] Vnb=[36,288,72,73728] Keff_nb=[22,704,176,180224] Veff_nb=[2,2048,512,524288]
CUDA_FA_ROUTE_SUPPORTED kernel=MMA_F16 effK=q5_0 effV=f16 supported=1
CUDA_FA_ROUTE_PLAN device=0 Q=[256,256,16,1] Kraw=q5_0 Vraw=turbo2_tcq Kshape=[256,256,4,1] Vshape=[256,256,4,1] Keff=q5_0 Veff=f16 turbo_kv=1 prefer_native_vec=0 decode=1 dk=0 dv=1 unsafe_vec_after_turbo_v_decode=1 allow_vec=0 kernel=MMA_F16 need_f16_K=1 need_f16_V=0 Knb=[22,704,176,180224] Vnb=[36,288,72,73728] Keff_nb=[22,704,176,180224] Veff_nb=[2,2048,512,524288]
CUDA_FA_ROUTE_SUPPORTED kernel=MMA_F16 effK=q5_0 effV=f16 supported=1
CUDA_FA_ROUTE_PLAN device=0 Q=[256,256,16,1] Kraw=q5_0 Vraw=turbo2_tcq Kshape=[256,256,4,1] Vshape=[256,256,4,1] Keff=q5_0 Veff=f16 turbo_kv=1 prefer_native_vec=0 decode=1 dk=0 dv=1 unsafe_vec_after_turbo_v_decode=1 allow_vec=0 kernel=MMA_F16 need_f16_K=1 need_f16_V=0 Knb=[22,704,176,180224] Vnb=[36,288,72,73728] Keff_nb=[22,704,176,180224] Veff_nb=[2,2048,512,524288]
CUDA_FA_ROUTE_SUPPORTED kernel=MMA_F16 effK=q5_0 effV=f16 supported=1
CUDA_FA_ROUTE_PLAN device=0 Q=[256,256,16,1] Kraw=q5_0 Vraw=turbo2_tcq Kshape=[256,256,4,1] Vshape=[256,256,4,1] Keff=q5_0 Veff=f16 turbo_kv=1 prefer_native_vec=0 decode=1 dk=0 dv=1 unsafe_vec_after_turbo_v_decode=1 allow_vec=0 kernel=MMA_F16 need_f16_K=1 need_f16_V=0 Knb=[22,704,176,180224] Vnb=[36,288,72,73728] Keff_nb=[22,704,176,180224] Veff_nb=[2,2048,512,524288]
CUDA_FA_ROUTE_SUPPORTED kernel=MMA_F16 effK=q5_0 effV=f16 supported=1
CUDA_FA_ROUTE_PLAN device=0 Q=[256,256,16,1] Kraw=q5_0 Vraw=turbo2_tcq Kshape=[256,256,4,1] Vshape=[256,256,4,1] Keff=q5_0 Veff=f16 turbo_kv=1 prefer_native_vec=0 decode=1 dk=0 dv=1 unsafe_vec_after_turbo_v_decode=1 allow_vec=0 kernel=MMA_F16 need_f16_K=1 need_f16_V=0 Knb=[22,704,176,180224] Vnb=[36,288,72,73728] Keff_nb=[22,704,176,180224] Veff_nb=[2,2048,512,524288]
CUDA_FA_ROUTE_SUPPORTED kernel=MMA_F16 effK=q5_0 effV=f16 supported=1
CUDA_FA_ROUTE_PLAN device=0 Q=[256,256,16,1] Kraw=q5_0 Vraw=turbo2_tcq Kshape=[256,256,4,1] Vshape=[256,256,4,1] Keff=q5_0 Veff=f16 turbo_kv=1 prefer_native_vec=0 decode=1 dk=0 dv=1 unsafe_vec_after_turbo_v_decode=1 allow_vec=0 kernel=MMA_F16 need_f16_K=1 need_f16_V=0 Knb=[22,704,176,180224] Vnb=[36,288,72,73728] Keff_nb=[22,704,176,180224] Veff_nb=[2,2048,512,524288]
CUDA_FA_ROUTE_SUPPORTED kernel=MMA_F16 effK=q5_0 effV=f16 supported=1
CUDA_FA_ROUTE_PLAN device=0 Q=[256,256,16,1] Kraw=q5_0 Vraw=turbo2_tcq Kshape=[256,256,4,1] Vshape=[256,256,4,1] Keff=q5_0 Veff=f16 turbo_kv=1 prefer_native_vec=0 decode=1 dk=0 dv=1 unsafe_vec_after_turbo_v_decode=1 allow_vec=0 kernel=MMA_F16 need_f16_K=1 need_f16_V=0 Knb=[22,704,176,180224] Vnb=[36,288,72,73728] Keff_nb=[22,704,176,180224] Veff_nb=[2,2048,512,524288]
CUDA_FA_ROUTE_SUPPORTED kernel=MMA_F16 effK=q5_0 effV=f16 supported=1
CUDA_FA_ROUTE_PLAN device=0 Q=[256,256,16,1] Kraw=q5_0 Vraw=turbo2_tcq Kshape=[256,256,4,1] Vshape=[256,256,4,1] Keff=q5_0 Veff=f16 turbo_kv=1 prefer_native_vec=0 decode=1 dk=0 dv=1 unsafe_vec_after_turbo_v_decode=1 allow_vec=0 kernel=MMA_F16 need_f16_K=1 need_f16_V=0 Knb=[22,704,176,180224] Vnb=[36,288,72,73728] Keff_nb=[22,704,176,180224] Veff_nb=[2,2048,512,524288]
CUDA_FA_ROUTE_SUPPORTED kernel=MMA_F16 effK=q5_0 effV=f16 supported=1
CUDA_FA_ROUTE_PLAN device=0 Q=[256,1,16,1] Kraw=q5_0 Vraw=turbo2_tcq Kshape=[256,256,4,1] Vshape=[256,256,4,1] Keff=q5_0 Veff=f16 turbo_kv=1 prefer_native_vec=0 decode=1 dk=0 dv=1 unsafe_vec_after_turbo_v_decode=1 allow_vec=0 kernel=MMA_F16 need_f16_K=1 need_f16_V=0 Knb=[22,704,176,180224] Vnb=[36,288,72,73728] Keff_nb=[22,704,176,180224] Veff_nb=[2,2048,512,524288]
CUDA_FA_ROUTE_SUPPORTED kernel=MMA_F16 effK=q5_0 effV=f16 supported=1
CUDA_FA_ROUTE_PLAN device=0 Q=[256,1,16,1] Kraw=q5_0 Vraw=turbo2_tcq Kshape=[256,256,4,1] Vshape=[256,256,4,1] Keff=q5_0 Veff=f16 turbo_kv=1 prefer_native_vec=0 decode=1 dk=0 dv=1 unsafe_vec_after_turbo_v_decode=1 allow_vec=0 kernel=MMA_F16 need_f16_K=1 need_f16_V=0 Knb=[22,704,176,180224] Vnb=[36,288,72,73728] Keff_nb=[22,704,176,180224] Veff_nb=[2,2048,512,524288]
CUDA_FA_ROUTE_SUPPORTED kernel=MMA_F16 effK=q5_0 effV=f16 supported=1
CUDA_FA_ROUTE_PLAN device=0 Q=[256,1,16,1] Kraw=q5_0 Vraw=turbo2_tcq Kshape=[256,256,4,1] Vshape=[256,256,4,1] Keff=q5_0 Veff=f16 turbo_kv=1 prefer_native_vec=0 decode=1 dk=0 dv=1 unsafe_vec_after_turbo_v_decode=1 allow_vec=0 kernel=MMA_F16 need_f16_K=1 need_f16_V=0 Knb=[22,704,176,180224] Vnb=[36,288,72,73728] Keff_nb=[22,704,176,180224] Veff_nb=[2,2048,512,524288]
CUDA_FA_ROUTE_SUPPORTED kernel=MMA_F16 effK=q5_0 effV=f16 supported=1
CUDA_FA_ROUTE_PLAN device=0 Q=[256,1,16,1] Kraw=q5_0 Vraw=turbo2_tcq Kshape=[256,256,4,1] Vshape=[256,256,4,1] Keff=q5_0 Veff=f16 turbo_kv=1 prefer_native_vec=0 decode=1 dk=0 dv=1 unsafe_vec_after_turbo_v_decode=1 allow_vec=0 kernel=MMA_F16 need_f16_K=1 need_f16_V=0 Knb=[22,704,176,180224] Vnb=[36,288,72,73728] Keff_nb=[22,704,176,180224] Veff_nb=[2,2048,512,524288]
CUDA_FA_ROUTE_SUPPORTED kernel=MMA_F16 effK=q5_0 effV=f16 supported=1
CUDA_FA_ROUTE_PLAN device=0 Q=[256,1,16,1] Kraw=q5_0 Vraw=turbo2_tcq Kshape=[256,256,4,1] Vshape=[256,256,4,1] Keff=q5_0 Veff=f16 turbo_kv=1 prefer_native_vec=0 decode=1 dk=0 dv=1 unsafe_vec_after_turbo_v_decode=1 allow_vec=0 kernel=MMA_F16 need_f16_K=1 need_f16_V=0 Knb=[22,704,176,180224] Vnb=[36,288,72,73728] Keff_nb=[22,704,176,180224] Veff_nb=[2,2048,512,524288]
CUDA_FA_ROUTE_SUPPORTED kernel=MMA_F16 effK=q5_0 effV=f16 supported=1
CUDA_FA_ROUTE_PLAN device=0 Q=[256,1,16,1] Kraw=q5_0 Vraw=turbo2_tcq Kshape=[256,256,4,1] Vshape=[256,256,4,1] Keff=q5_0 Veff=f16 turbo_kv=1 prefer_native_vec=0 decode=1 dk=0 dv=1 unsafe_vec_after_turbo_v_decode=1 allow_vec=0 kernel=MMA_F16 need_f16_K=1 need_f16_V=0 Knb=[22,704,176,180224] Vnb=[36,288,72,73728] Keff_nb=[22,704,176,180224] Veff_nb=[2,2048,512,524288]
CUDA_FA_ROUTE_SUPPORTED kernel=MMA_F16 effK=q5_0 effV=f16 supported=1
CUDA_FA_ROUTE_PLAN device=0 Q=[256,1,16,1] Kraw=q5_0 Vraw=turbo2_tcq Kshape=[256,256,4,1] Vshape=[256,256,4,1] Keff=q5_0 Veff=f16 turbo_kv=1 prefer_native_vec=0 decode=1 dk=0 dv=1 unsafe_vec_after_turbo_v_decode=1 allow_vec=0 kernel=MMA_F16 need_f16_K=1 need_f16_V=0 Knb=[22,704,176,180224] Vnb=[36,288,72,73728] Keff_nb=[22,704,176,180224] Veff_nb=[2,2048,512,524288]
CUDA_FA_ROUTE_SUPPORTED kernel=MMA_F16 effK=q5_0 effV=f16 supported=1
CUDA_FA_ROUTE_PLAN device=0 Q=[256,1,16,1] Kraw=q5_0 Vraw=turbo2_tcq Kshape=[256,256,4,1] Vshape=[256,256,4,1] Keff=q5_0 Veff=f16 turbo_kv=1 prefer_native_vec=0 decode=1 dk=0 dv=1 unsafe_vec_after_turbo_v_decode=1 allow_vec=0 kernel=MMA_F16 need_f16_K=1 need_f16_V=0 Knb=[22,704,176,180224] Vnb=[36,288,72,73728] Keff_nb=[22,704,176,180224] Veff_nb=[2,2048,512,524288]
CUDA_FA_ROUTE_SUPPORTED kernel=MMA_F16 effK=q5_0 effV=f16 supported=1
CUDA_FA_ROUTE_PLAN device=0 Q=[256,16,16,1] Kraw=q5_0 Vraw=turbo2_tcq Kshape=[256,256,4,1] Vshape=[256,256,4,1] Keff=q5_0 Veff=f16 turbo_kv=1 prefer_native_vec=0 decode=1 dk=0 dv=1 unsafe_vec_after_turbo_v_decode=1 allow_vec=0 kernel=MMA_F16 need_f16_K=1 need_f16_V=0 Knb=[22,704,176,180224] Vnb=[36,288,72,73728] Keff_nb=[22,704,176,180224] Veff_nb=[2,2048,512,524288]
CUDA_FA_ROUTE_SUPPORTED kernel=MMA_F16 effK=q5_0 effV=f16 supported=1
CUDA_FA_ROUTE_PLAN device=0 Q=[256,16,16,1] Kraw=q5_0 Vraw=turbo2_tcq Kshape=[256,256,4,1] Vshape=[256,256,4,1] Keff=q5_0 Veff=f16 turbo_kv=1 prefer_native_vec=0 decode=1 dk=0 dv=1 unsafe_vec_after_turbo_v_decode=1 allow_vec=0 kernel=MMA_F16 need_f16_K=1 need_f16_V=0 Knb=[22,704,176,180224] Vnb=[36,288,72,73728] Keff_nb=[22,704,176,180224] Veff_nb=[2,2048,512,524288]
CUDA_FA_ROUTE_SUPPORTED kernel=MMA_F16 effK=q5_0 effV=f16 supported=1
CUDA_FA_ROUTE_PLAN device=0 Q=[256,16,16,1] Kraw=q5_0 Vraw=turbo2_tcq Kshape=[256,256,4,1] Vshape=[256,256,4,1] Keff=q5_0 Veff=f16 turbo_kv=1 prefer_native_vec=0 decode=1 dk=0 dv=1 unsafe_vec_after_turbo_v_decode=1 allow_vec=0 kernel=MMA_F16 need_f16_K=1 need_f16_V=0 Knb=[22,704,176,180224] Vnb=[36,288,72,73728] Keff_nb=[22,704,176,180224] Veff_nb=[2,2048,512,524288]
CUDA_FA_ROUTE_SUPPORTED kernel=MMA_F16 effK=q5_0 effV=f16 supported=1
CUDA_FA_ROUTE_PLAN device=0 Q=[256,16,16,1] Kraw=q5_0 Vraw=turbo2_tcq Kshape=[256,256,4,1] Vshape=[256,256,4,1] Keff=q5_0 Veff=f16 turbo_kv=1 prefer_native_vec=0 decode=1 dk=0 dv=1 unsafe_vec_after_turbo_v_decode=1 allow_vec=0 kernel=MMA_F16 need_f16_K=1 need_f16_V=0 Knb=[22,704,176,180224] Vnb=[36,288,72,73728] Keff_nb=[22,704,176,180224] Veff_nb=[2,2048,512,524288]
CUDA_FA_ROUTE_SUPPORTED kernel=MMA_F16 effK=q5_0 effV=f16 supported=1
CUDA_FA_ROUTE_PLAN device=0 Q=[256,16,16,1] Kraw=q5_0 Vraw=turbo2_tcq Kshape=[256,256,4,1] Vshape=[256,256,4,1] Keff=q5_0 Veff=f16 turbo_kv=1 prefer_native_vec=0 decode=1 dk=0 dv=1 unsafe_vec_after_turbo_v_decode=1 allow_vec=0 kernel=MMA_F16 need_f16_K=1 need_f16_V=0 Knb=[22,704,176,180224] Vnb=[36,288,72,73728] Keff_nb=[22,704,176,180224] Veff_nb=[2,2048,512,524288]
CUDA_FA_ROUTE_SUPPORTED kernel=MMA_F16 effK=q5_0 effV=f16 supported=1
CUDA_FA_ROUTE_PLAN device=0 Q=[256,16,16,1] Kraw=q5_0 Vraw=turbo2_tcq Kshape=[256,256,4,1] Vshape=[256,256,4,1] Keff=q5_0 Veff=f16 turbo_kv=1 prefer_native_vec=0 decode=1 dk=0 dv=1 unsafe_vec_after_turbo_v_decode=1 allow_vec=0 kernel=MMA_F16 need_f16_K=1 need_f16_V=0 Knb=[22,704,176,180224] Vnb=[36,288,72,73728] Keff_nb=[22,704,176,180224] Veff_nb=[2,2048,512,524288]
CUDA_FA_ROUTE_SUPPORTED kernel=MMA_F16 effK=q5_0 effV=f16 supported=1
CUDA_FA_ROUTE_PLAN device=0 Q=[256,16,16,1] Kraw=q5_0 Vraw=turbo2_tcq Kshape=[256,256,4,1] Vshape=[256,256,4,1] Keff=q5_0 Veff=f16 turbo_kv=1 prefer_native_vec=0 decode=1 dk=0 dv=1 unsafe_vec_after_turbo_v_decode=1 allow_vec=0 kernel=MMA_F16 need_f16_K=1 need_f16_V=0 Knb=[22,704,176,180224] Vnb=[36,288,72,73728] Keff_nb=[22,704,176,180224] Veff_nb=[2,2048,512,524288]
CUDA_FA_ROUTE_SUPPORTED kernel=MMA_F16 effK=q5_0 effV=f16 supported=1
CUDA_FA_ROUTE_PLAN device=0 Q=[256,16,16,1] Kraw=q5_0 Vraw=turbo2_tcq Kshape=[256,256,4,1] Vshape=[256,256,4,1] Keff=q5_0 Veff=f16 turbo_kv=1 prefer_native_vec=0 decode=1 dk=0 dv=1 unsafe_vec_after_turbo_v_decode=1 allow_vec=0 kernel=MMA_F16 need_f16_K=1 need_f16_V=0 Knb=[22,704,176,180224] Vnb=[36,288,72,73728] Keff_nb=[22,704,176,180224] Veff_nb=[2,2048,512,524288]
CUDA_FA_ROUTE_SUPPORTED kernel=MMA_F16 effK=q5_0 effV=f16 supported=1
CUDA_FA_ROUTE_PLAN device=0 Q=[256,1,16,1] Kraw=q5_0 Vraw=turbo2_tcq Kshape=[256,256,4,1] Vshape=[256,256,4,1] Keff=q5_0 Veff=f16 turbo_kv=1 prefer_native_vec=0 decode=1 dk=0 dv=1 unsafe_vec_after_turbo_v_decode=1 allow_vec=0 kernel=MMA_F16 need_f16_K=1 need_f16_V=0 Knb=[22,704,176,180224] Vnb=[36,288,72,73728] Keff_nb=[22,704,176,180224] Veff_nb=[2,2048,512,524288]
CUDA_FA_ROUTE_SUPPORTED kernel=MMA_F16 effK=q5_0 effV=f16 supported=1
CUDA_FA_ROUTE_PLAN device=0 Q=[256,1,16,1] Kraw=q5_0 Vraw=turbo2_tcq Kshape=[256,256,4,1] Vshape=[256,256,4,1] Keff=q5_0 Veff=f16 turbo_kv=1 prefer_native_vec=0 decode=1 dk=0 dv=1 unsafe_vec_after_turbo_v_decode=1 allow_vec=0 kernel=MMA_F16 need_f16_K=1 need_f16_V=0 Knb=[22,704,176,180224] Vnb=[36,288,72,73728] Keff_nb=[22,704,176,180224] Veff_nb=[2,2048,512,524288]
CUDA_FA_ROUTE_SUPPORTED kernel=MMA_F16 effK=q5_0 effV=f16 supported=1
CUDA_FA_ROUTE_PLAN device=0 Q=[256,1,16,1] Kraw=q5_0 Vraw=turbo2_tcq Kshape=[256,256,4,1] Vshape=[256,256,4,1] Keff=q5_0 Veff=f16 turbo_kv=1 prefer_native_vec=0 decode=1 dk=0 dv=1 unsafe_vec_after_turbo_v_decode=1 allow_vec=0 kernel=MMA_F16 need_f16_K=1 need_f16_V=0 Knb=[22,704,176,180224] Vnb=[36,288,72,73728] Keff_nb=[22,704,176,180224] Veff_nb=[2,2048,512,524288]
CUDA_FA_ROUTE_SUPPORTED kernel=MMA_F16 effK=q5_0 effV=f16 supported=1
CUDA_FA_ROUTE_PLAN device=0 Q=[256,1,16,1] Kraw=q5_0 Vraw=turbo2_tcq Kshape=[256,256,4,1] Vshape=[256,256,4,1] Keff=q5_0 Veff=f16 turbo_kv=1 prefer_native_vec=0 decode=1 dk=0 dv=1 unsafe_vec_after_turbo_v_decode=1 allow_vec=0 kernel=MMA_F16 need_f16_K=1 need_f16_V=0 Knb=[22,704,176,180224] Vnb=[36,288,72,73728] Keff_nb=[22,704,176,180224] Veff_nb=[2,2048,512,524288]
CUDA_FA_ROUTE_SUPPORTED kernel=MMA_F16 effK=q5_0 effV=f16 supported=1
CUDA_FA_ROUTE_PLAN device=0 Q=[256,1,16,1] Kraw=q5_0 Vraw=turbo2_tcq Kshape=[256,256,4,1] Vshape=[256,256,4,1] Keff=q5_0 Veff=f16 turbo_kv=1 prefer_native_vec=0 decode=1 dk=0 dv=1 unsafe_vec_after_turbo_v_decode=1 allow_vec=0 kernel=MMA_F16 need_f16_K=1 need_f16_V=0 Knb=[22,704,176,180224] Vnb=[36,288,72,73728] Keff_nb=[22,704,176,180224] Veff_nb=[2,2048,512,524288]
CUDA_FA_ROUTE_SUPPORTED kernel=MMA_F16 effK=q5_0 effV=f16 supported=1
CUDA_FA_ROUTE_PLAN device=0 Q=[256,1,16,1] Kraw=q5_0 Vraw=turbo2_tcq Kshape=[256,256,4,1] Vshape=[256,256,4,1] Keff=q5_0 Veff=f16 turbo_kv=1 prefer_native_vec=0 decode=1 dk=0 dv=1 unsafe_vec_after_turbo_v_decode=1 allow_vec=0 kernel=MMA_F16 need_f16_K=1 need_f16_V=0 Knb=[22,704,176,180224] Vnb=[36,288,72,73728] Keff_nb=[22,704,176,180224] Veff_nb=[2,2048,512,524288]
CUDA_FA_ROUTE_SUPPORTED kernel=MMA_F16 effK=q5_0 effV=f16 supported=1
CUDA_FA_ROUTE_PLAN device=0 Q=[256,1,16,1] Kraw=q5_0 Vraw=turbo2_tcq Kshape=[256,256,4,1] Vshape=[256,256,4,1] Keff=q5_0 Veff=f16 turbo_kv=1 prefer_native_vec=0 decode=1 dk=0 dv=1 unsafe_vec_after_turbo_v_decode=1 allow_vec=0 kernel=MMA_F16 need_f16_K=1 need_f16_V=0 Knb=[22,704,176,180224] Vnb=[36,288,72,73728] Keff_nb=[22,704,176,180224] Veff_nb=[2,2048,512,524288]
CUDA_FA_ROUTE_SUPPORTED kernel=MMA_F16 effK=q5_0 effV=f16 supported=1
CUDA_FA_ROUTE_PLAN device=0 Q=[256,1,16,1] Kraw=q5_0 Vraw=turbo2_tcq Kshape=[256,256,4,1] Vshape=[256,256,4,1] Keff=q5_0 Veff=f16 turbo_kv=1 prefer_native_vec=0 decode=1 dk=0 dv=1 unsafe_vec_after_turbo_v_decode=1 allow_vec=0 kernel=MMA_F16 need_f16_K=1 need_f16_V=0 Knb=[22,704,176,180224] Vnb=[36,288,72,73728] Keff_nb=[22,704,176,180224] Veff_nb=[2,2048,512,524288]
CUDA_FA_ROUTE_SUPPORTED kernel=MMA_F16 effK=q5_0 effV=f16 supported=1
CUDA_FA_ROUTE_PLAN device=0 Q=[256,256,16,1] Kraw=q5_0 Vraw=turbo2_tcq Kshape=[256,256,4,1] Vshape=[256,256,4,1] Keff=q5_0 Veff=f16 turbo_kv=1 prefer_native_vec=0 decode=1 dk=0 dv=1 unsafe_vec_after_turbo_v_decode=1 allow_vec=0 kernel=MMA_F16 need_f16_K=1 need_f16_V=0 Knb=[22,704,176,180224] Vnb=[36,288,72,73728] Keff_nb=[22,704,176,180224] Veff_nb=[2,2048,512,524288]
CUDA_FA_ROUTE_SUPPORTED kernel=MMA_F16 effK=q5_0 effV=f16 supported=1
CUDA_FA_ROUTE_PLAN device=0 Q=[256,256,16,1] Kraw=q5_0 Vraw=turbo2_tcq Kshape=[256,256,4,1] Vshape=[256,256,4,1] Keff=q5_0 Veff=f16 turbo_kv=1 prefer_native_vec=0 decode=1 dk=0 dv=1 unsafe_vec_after_turbo_v_decode=1 allow_vec=0 kernel=MMA_F16 need_f16_K=1 need_f16_V=0 Knb=[22,704,176,180224] Vnb=[36,288,72,73728] Keff_nb=[22,704,176,180224] Veff_nb=[2,2048,512,524288]
CUDA_FA_ROUTE_SUPPORTED kernel=MMA_F16 effK=q5_0 effV=f16 supported=1
CUDA_FA_ROUTE_PLAN device=0 Q=[256,256,16,1] Kraw=q5_0 Vraw=turbo2_tcq Kshape=[256,256,4,1] Vshape=[256,256,4,1] Keff=q5_0 Veff=f16 turbo_kv=1 prefer_native_vec=0 decode=1 dk=0 dv=1 unsafe_vec_after_turbo_v_decode=1 allow_vec=0 kernel=MMA_F16 need_f16_K=1 need_f16_V=0 Knb=[22,704,176,180224] Vnb=[36,288,72,73728] Keff_nb=[22,704,176,180224] Veff_nb=[2,2048,512,524288]
CUDA_FA_ROUTE_SUPPORTED kernel=MMA_F16 effK=q5_0 effV=f16 supported=1
CUDA_FA_ROUTE_PLAN device=0 Q=[256,256,16,1] Kraw=q5_0 Vraw=turbo2_tcq Kshape=[256,256,4,1] Vshape=[256,256,4,1] Keff=q5_0 Veff=f16 turbo_kv=1 prefer_native_vec=0 decode=1 dk=0 dv=1 unsafe_vec_after_turbo_v_decode=1 allow_vec=0 kernel=MMA_F16 need_f16_K=1 need_f16_V=0 Knb=[22,704,176,180224] Vnb=[36,288,72,73728] Keff_nb=[22,704,176,180224] Veff_nb=[2,2048,512,524288]
CUDA_FA_ROUTE_SUPPORTED kernel=MMA_F16 effK=q5_0 effV=f16 supported=1
CUDA_FA_ROUTE_PLAN device=0 Q=[256,256,16,1] Kraw=q5_0 Vraw=turbo2_tcq Kshape=[256,256,4,1] Vshape=[256,256,4,1] Keff=q5_0 Veff=f16 turbo_kv=1 prefer_native_vec=0 decode=1 dk=0 dv=1 unsafe_vec_after_turbo_v_decode=1 allow_vec=0 kernel=MMA_F16 need_f16_K=1 need_f16_V=0 Knb=[22,704,176,180224] Vnb=[36,288,72,73728] Keff_nb=[22,704,176,180224] Veff_nb=[2,2048,512,524288]
CUDA_FA_ROUTE_SUPPORTED kernel=MMA_F16 effK=q5_0 effV=f16 supported=1
CUDA_FA_ROUTE_PLAN device=0 Q=[256,256,16,1] Kraw=q5_0 Vraw=turbo2_tcq Kshape=[256,256,4,1] Vshape=[256,256,4,1] Keff=q5_0 Veff=f16 turbo_kv=1 prefer_native_vec=0 decode=1 dk=0 dv=1 unsafe_vec_after_turbo_v_decode=1 allow_vec=0 kernel=MMA_F16 need_f16_K=1 need_f16_V=0 Knb=[22,704,176,180224] Vnb=[36,288,72,73728] Keff_nb=[22,704,176,180224] Veff_nb=[2,2048,512,524288]
CUDA_FA_ROUTE_SUPPORTED kernel=MMA_F16 effK=q5_0 effV=f16 supported=1
CUDA_FA_ROUTE_PLAN device=0 Q=[256,256,16,1] Kraw=q5_0 Vraw=turbo2_tcq Kshape=[256,256,4,1] Vshape=[256,256,4,1] Keff=q5_0 Veff=f16 turbo_kv=1 prefer_native_vec=0 decode=1 dk=0 dv=1 unsafe_vec_after_turbo_v_decode=1 allow_vec=0 kernel=MMA_F16 need_f16_K=1 need_f16_V=0 Knb=[22,704,176,180224] Vnb=[36,288,72,73728] Keff_nb=[22,704,176,180224] Veff_nb=[2,2048,512,524288]
CUDA_FA_ROUTE_SUPPORTED kernel=MMA_F16 effK=q5_0 effV=f16 supported=1
CUDA_FA_ROUTE_PLAN device=0 Q=[256,256,16,1] Kraw=q5_0 Vraw=turbo2_tcq Kshape=[256,256,4,1] Vshape=[256,256,4,1] Keff=q5_0 Veff=f16 turbo_kv=1 prefer_native_vec=0 decode=1 dk=0 dv=1 unsafe_vec_after_turbo_v_decode=1 allow_vec=0 kernel=MMA_F16 need_f16_K=1 need_f16_V=0 Knb=[22,704,176,180224] Vnb=[36,288,72,73728] Keff_nb=[22,704,176,180224] Veff_nb=[2,2048,512,524288]
CUDA_FA_ROUTE_SUPPORTED kernel=MMA_F16 effK=q5_0 effV=f16 supported=1
CUDA_FA_ROUTE_PLAN device=0 Q=[256,256,16,1] Kraw=q5_0 Vraw=turbo2_tcq Kshape=[256,256,4,1] Vshape=[256,256,4,1] Keff=q5_0 Veff=f16 turbo_kv=1 prefer_native_vec=0 decode=1 dk=0 dv=1 unsafe_vec_after_turbo_v_decode=1 allow_vec=0 kernel=MMA_F16 need_f16_K=1 need_f16_V=0 Knb=[22,704,176,180224] Vnb=[36,288,72,73728] Keff_nb=[22,704,176,180224] Veff_nb=[2,2048,512,524288]
CUDA_FA_ROUTE_ALLOC kernel=MMA_F16 need_f16_K=1 need_f16_V=0 workspace_end_offset=4718592 dst_data=(nil) f16_K=0x400000 f16_V=(nil) f16_end=0x480000
CUDA_FA_ROUTE_PLAN device=0 Q=[256,256,16,1] Kraw=q5_0 Vraw=turbo2_tcq Kshape=[256,256,4,1] Vshape=[256,256,4,1] Keff=q5_0 Veff=f16 turbo_kv=1 prefer_native_vec=0 decode=1 dk=0 dv=1 unsafe_vec_after_turbo_v_decode=1 allow_vec=0 kernel=MMA_F16 need_f16_K=1 need_f16_V=0 Knb=[22,704,176,180224] Vnb=[36,288,72,73728] Keff_nb=[22,704,176,180224] Veff_nb=[2,2048,512,524288]
CUDA_FA_ROUTE_ALLOC kernel=MMA_F16 need_f16_K=1 need_f16_V=0 workspace_end_offset=4718592 dst_data=(nil) f16_K=0x400000 f16_V=(nil) f16_end=0x480000
CUDA_FA_ROUTE_PLAN device=0 Q=[256,256,16,1] Kraw=q5_0 Vraw=turbo2_tcq Kshape=[256,256,4,1] Vshape=[256,256,4,1] Keff=q5_0 Veff=f16 turbo_kv=1 prefer_native_vec=0 decode=1 dk=0 dv=1 unsafe_vec_after_turbo_v_decode=1 allow_vec=0 kernel=MMA_F16 need_f16_K=1 need_f16_V=0 Knb=[22,704,176,180224] Vnb=[36,288,72,73728] Keff_nb=[22,704,176,180224] Veff_nb=[2,2048,512,524288]
CUDA_FA_ROUTE_ALLOC kernel=MMA_F16 need_f16_K=1 need_f16_V=0 workspace_end_offset=4718592 dst_data=(nil) f16_K=0x400000 f16_V=(nil) f16_end=0x480000
CUDA_FA_ROUTE_PLAN device=0 Q=[256,256,16,1] Kraw=q5_0 Vraw=turbo2_tcq Kshape=[256,256,4,1] Vshape=[256,256,4,1] Keff=q5_0 Veff=f16 turbo_kv=1 prefer_native_vec=0 decode=1 dk=0 dv=1 unsafe_vec_after_turbo_v_decode=1 allow_vec=0 kernel=MMA_F16 need_f16_K=1 need_f16_V=0 Knb=[22,704,176,180224] Vnb=[36,288,72,73728] Keff_nb=[22,704,176,180224] Veff_nb=[2,2048,512,524288]
CUDA_FA_ROUTE_ALLOC kernel=MMA_F16 need_f16_K=1 need_f16_V=0 workspace_end_offset=4718592 dst_data=(nil) f16_K=0x400000 f16_V=(nil) f16_end=0x480000
CUDA_FA_ROUTE_PLAN device=0 Q=[256,256,16,1] Kraw=q5_0 Vraw=turbo2_tcq Kshape=[256,256,4,1] Vshape=[256,256,4,1] Keff=q5_0 Veff=f16 turbo_kv=1 prefer_native_vec=0 decode=1 dk=0 dv=1 unsafe_vec_after_turbo_v_decode=1 allow_vec=0 kernel=MMA_F16 need_f16_K=1 need_f16_V=0 Knb=[22,704,176,180224] Vnb=[36,288,72,73728] Keff_nb=[22,704,176,180224] Veff_nb=[2,2048,512,524288]
CUDA_FA_ROUTE_ALLOC kernel=MMA_F16 need_f16_K=1 need_f16_V=0 workspace_end_offset=4718592 dst_data=(nil) f16_K=0x400000 f16_V=(nil) f16_end=0x480000
CUDA_FA_ROUTE_PLAN device=0 Q=[256,256,16,1] Kraw=q5_0 Vraw=turbo2_tcq Kshape=[256,256,4,1] Vshape=[256,256,4,1] Keff=q5_0 Veff=f16 turbo_kv=1 prefer_native_vec=0 decode=1 dk=0 dv=1 unsafe_vec_after_turbo_v_decode=1 allow_vec=0 kernel=MMA_F16 need_f16_K=1 need_f16_V=0 Knb=[22,704,176,180224] Vnb=[36,288,72,73728] Keff_nb=[22,704,176,180224] Veff_nb=[2,2048,512,524288]
CUDA_FA_ROUTE_ALLOC kernel=MMA_F16 need_f16_K=1 need_f16_V=0 workspace_end_offset=4718592 dst_data=(nil) f16_K=0x400000 f16_V=(nil) f16_end=0x480000
CUDA_FA_ROUTE_PLAN device=0 Q=[256,256,16,1] Kraw=q5_0 Vraw=turbo2_tcq Kshape=[256,256,4,1] Vshape=[256,256,4,1] Keff=q5_0 Veff=f16 turbo_kv=1 prefer_native_vec=0 decode=1 dk=0 dv=1 unsafe_vec_after_turbo_v_decode=1 allow_vec=0 kernel=MMA_F16 need_f16_K=1 need_f16_V=0 Knb=[22,704,176,180224] Vnb=[36,288,72,73728] Keff_nb=[22,704,176,180224] Veff_nb=[2,2048,512,524288]
CUDA_FA_ROUTE_ALLOC kernel=MMA_F16 need_f16_K=1 need_f16_V=0 workspace_end_offset=4718592 dst_data=(nil) f16_K=0x400000 f16_V=(nil) f16_end=0x480000
CUDA_FA_ROUTE_PLAN device=0 Q=[256,256,16,1] Kraw=q5_0 Vraw=turbo2_tcq Kshape=[256,256,4,1] Vshape=[256,256,4,1] Keff=q5_0 Veff=f16 turbo_kv=1 prefer_native_vec=0 decode=1 dk=0 dv=1 unsafe_vec_after_turbo_v_decode=1 allow_vec=0 kernel=MMA_F16 need_f16_K=1 need_f16_V=0 Knb=[22,704,176,180224] Vnb=[36,288,72,73728] Keff_nb=[22,704,176,180224] Veff_nb=[2,2048,512,524288]
CUDA_FA_ROUTE_ALLOC kernel=MMA_F16 need_f16_K=1 need_f16_V=0 workspace_end_offset=4718592 dst_data=(nil) f16_K=0x400000 f16_V=(nil) f16_end=0x480000
CUDA_FA_ROUTE_PLAN device=0 Q=[256,256,16,1] Kraw=q5_0 Vraw=turbo2_tcq Kshape=[256,256,4,1] Vshape=[256,256,4,1] Keff=q5_0 Veff=f16 turbo_kv=1 prefer_native_vec=0 decode=1 dk=0 dv=1 unsafe_vec_after_turbo_v_decode=1 allow_vec=0 kernel=MMA_F16 need_f16_K=1 need_f16_V=0 Knb=[22,704,176,180224] Vnb=[36,288,72,73728] Keff_nb=[22,704,176,180224] Veff_nb=[2,2048,512,524288]
CUDA_FA_ROUTE_ALLOC kernel=MMA_F16 need_f16_K=1 need_f16_V=0 workspace_end_offset=4718592 dst_data=(nil) f16_K=0x400000 f16_V=(nil) f16_end=0x480000
CUDA_FA_ROUTE_PLAN device=0 Q=[256,256,16,1] Kraw=q5_0 Vraw=turbo2_tcq Kshape=[256,256,4,1] Vshape=[256,256,4,1] Keff=q5_0 Veff=f16 turbo_kv=1 prefer_native_vec=0 decode=1 dk=0 dv=1 unsafe_vec_after_turbo_v_decode=1 allow_vec=0 kernel=MMA_F16 need_f16_K=1 need_f16_V=0 Knb=[22,704,176,180224] Vnb=[36,288,72,73728] Keff_nb=[22,704,176,180224] Veff_nb=[2,2048,512,524288]
CUDA_FA_ROUTE_ALLOC kernel=MMA_F16 need_f16_K=1 need_f16_V=0 workspace_end_offset=4718592 dst_data=(nil) f16_K=0x400000 f16_V=(nil) f16_end=0x480000
CUDA_FA_ROUTE_PLAN device=0 Q=[256,256,16,1] Kraw=q5_0 Vraw=turbo2_tcq Kshape=[256,256,4,1] Vshape=[256,256,4,1] Keff=q5_0 Veff=f16 turbo_kv=1 prefer_native_vec=0 decode=1 dk=0 dv=1 unsafe_vec_after_turbo_v_decode=1 allow_vec=0 kernel=MMA_F16 need_f16_K=1 need_f16_V=0 Knb=[22,704,176,180224] Vnb=[36,288,72,73728] Keff_nb=[22,704,176,180224] Veff_nb=[2,2048,512,524288]
CUDA_FA_ROUTE_ALLOC kernel=MMA_F16 need_f16_K=1 need_f16_V=0 workspace_end_offset=4718592 dst_data=(nil) f16_K=0x400000 f16_V=(nil) f16_end=0x480000
CUDA_FA_ROUTE_PLAN device=0 Q=[256,256,16,1] Kraw=q5_0 Vraw=turbo2_tcq Kshape=[256,256,4,1] Vshape=[256,256,4,1] Keff=q5_0 Veff=f16 turbo_kv=1 prefer_native_vec=0 decode=1 dk=0 dv=1 unsafe_vec_after_turbo_v_decode=1 allow_vec=0 kernel=MMA_F16 need_f16_K=1 need_f16_V=0 Knb=[22,704,176,180224] Vnb=[36,288,72,73728] Keff_nb=[22,704,176,180224] Veff_nb=[2,2048,512,524288]
CUDA_FA_ROUTE_ALLOC kernel=MMA_F16 need_f16_K=1 need_f16_V=0 workspace_end_offset=4718592 dst_data=(nil) f16_K=0x400000 f16_V=(nil) f16_end=0x480000
CUDA_FA_ROUTE_PLAN device=0 Q=[256,256,16,1] Kraw=q5_0 Vraw=turbo2_tcq Kshape=[256,256,4,1] Vshape=[256,256,4,1] Keff=q5_0 Veff=f16 turbo_kv=1 prefer_native_vec=0 decode=1 dk=0 dv=1 unsafe_vec_after_turbo_v_decode=1 allow_vec=0 kernel=MMA_F16 need_f16_K=1 need_f16_V=0 Knb=[22,704,176,180224] Vnb=[36,288,72,73728] Keff_nb=[22,704,176,180224] Veff_nb=[2,2048,512,524288]
CUDA_FA_ROUTE_ALLOC kernel=MMA_F16 need_f16_K=1 need_f16_V=0 workspace_end_offset=4718592 dst_data=(nil) f16_K=0x400000 f16_V=(nil) f16_end=0x480000
CUDA_FA_ROUTE_PLAN device=0 Q=[256,256,16,1] Kraw=q5_0 Vraw=turbo2_tcq Kshape=[256,256,4,1] Vshape=[256,256,4,1] Keff=q5_0 Veff=f16 turbo_kv=1 prefer_native_vec=0 decode=1 dk=0 dv=1 unsafe_vec_after_turbo_v_decode=1 allow_vec=0 kernel=MMA_F16 need_f16_K=1 need_f16_V=0 Knb=[22,704,176,180224] Vnb=[36,288,72,73728] Keff_nb=[22,704,176,180224] Veff_nb=[2,2048,512,524288]
CUDA_FA_ROUTE_ALLOC kernel=MMA_F16 need_f16_K=1 need_f16_V=0 workspace_end_offset=4718592 dst_data=(nil) f16_K=0x400000 f16_V=(nil) f16_end=0x480000
CUDA_FA_ROUTE_PLAN device=0 Q=[256,256,16,1] Kraw=q5_0 Vraw=turbo2_tcq Kshape=[256,256,4,1] Vshape=[256,256,4,1] Keff=q5_0 Veff=f16 turbo_kv=1 prefer_native_vec=0 decode=1 dk=0 dv=1 unsafe_vec_after_turbo_v_decode=1 allow_vec=0 kernel=MMA_F16 need_f16_K=1 need_f16_V=0 Knb=[22,704,176,180224] Vnb=[36,288,72,73728] Keff_nb=[22,704,176,180224] Veff_nb=[2,2048,512,524288]
CUDA_FA_ROUTE_ALLOC kernel=MMA_F16 need_f16_K=1 need_f16_V=0 workspace_end_offset=4718592 dst_data=(nil) f16_K=0x400000 f16_V=(nil) f16_end=0x480000
CUDA_FA_ROUTE_PLAN device=0 Q=[256,256,16,1] Kraw=q5_0 Vraw=turbo2_tcq Kshape=[256,256,4,1] Vshape=[256,256,4,1] Keff=q5_0 Veff=f16 turbo_kv=1 prefer_native_vec=0 decode=1 dk=0 dv=1 unsafe_vec_after_turbo_v_decode=1 allow_vec=0 kernel=MMA_F16 need_f16_K=1 need_f16_V=0 Knb=[22,704,176,180224] Vnb=[36,288,72,73728] Keff_nb=[22,704,176,180224] Veff_nb=[2,2048,512,524288]
CUDA_FA_ROUTE_ALLOC kernel=MMA_F16 need_f16_K=1 need_f16_V=0 workspace_end_offset=4718592 dst_data=(nil) f16_K=0x400000 f16_V=(nil) f16_end=0x480000
CUDA_FA_ROUTE_PLAN device=0 Q=[256,256,16,1] Kraw=q5_0 Vraw=turbo2_tcq Kshape=[256,256,4,1] Vshape=[256,256,4,1] Keff=q5_0 Veff=f16 turbo_kv=1 prefer_native_vec=0 decode=1 dk=0 dv=1 unsafe_vec_after_turbo_v_decode=1 allow_vec=0 kernel=MMA_F16 need_f16_K=1 need_f16_V=0 Knb=[22,704,176,180224] Vnb=[36,288,72,73728] Keff_nb=[22,704,176,180224] Veff_nb=[2,2048,512,524288]
CUDA_FA_ROUTE_ALLOC kernel=MMA_F16 need_f16_K=1 need_f16_V=0 workspace_end_offset=4718592 dst_data=(nil) f16_K=0x400000 f16_V=(nil) f16_end=0x480000
CUDA_FA_ROUTE_PLAN device=0 Q=[256,256,16,1] Kraw=q5_0 Vraw=turbo2_tcq Kshape=[256,256,4,1] Vshape=[256,256,4,1] Keff=q5_0 Veff=f16 turbo_kv=1 prefer_native_vec=0 decode=1 dk=0 dv=1 unsafe_vec_after_turbo_v_decode=1 allow_vec=0 kernel=MMA_F16 need_f16_K=1 need_f16_V=0 Knb=[22,704,176,180224] Vnb=[36,288,72,73728] Keff_nb=[22,704,176,180224] Veff_nb=[2,2048,512,524288]
CUDA_FA_ROUTE_ALLOC kernel=MMA_F16 need_f16_K=1 need_f16_V=0 workspace_end_offset=4718592 dst_data=(nil) f16_K=0x400000 f16_V=(nil) f16_end=0x480000
CUDA_FA_ROUTE_PLAN device=0 Q=[256,256,16,1] Kraw=q5_0 Vraw=turbo2_tcq Kshape=[256,256,4,1] Vshape=[256,256,4,1] Keff=q5_0 Veff=f16 turbo_kv=1 prefer_native_vec=0 decode=1 dk=0 dv=1 unsafe_vec_after_turbo_v_decode=1 allow_vec=0 kernel=MMA_F16 need_f16_K=1 need_f16_V=0 Knb=[22,704,176,180224] Vnb=[36,288,72,73728] Keff_nb=[22,704,176,180224] Veff_nb=[2,2048,512,524288]
CUDA_FA_ROUTE_ALLOC kernel=MMA_F16 need_f16_K=1 need_f16_V=0 workspace_end_offset=4718592 dst_data=(nil) f16_K=0x400000 f16_V=(nil) f16_end=0x480000
CUDA_FA_ROUTE_PLAN device=0 Q=[256,256,16,1] Kraw=q5_0 Vraw=turbo2_tcq Kshape=[256,256,4,1] Vshape=[256,256,4,1] Keff=q5_0 Veff=f16 turbo_kv=1 prefer_native_vec=0 decode=1 dk=0 dv=1 unsafe_vec_after_turbo_v_decode=1 allow_vec=0 kernel=MMA_F16 need_f16_K=1 need_f16_V=0 Knb=[22,704,176,180224] Vnb=[36,288,72,73728] Keff_nb=[22,704,176,180224] Veff_nb=[2,2048,512,524288]
CUDA_FA_ROUTE_ALLOC kernel=MMA_F16 need_f16_K=1 need_f16_V=0 workspace_end_offset=4718592 dst_data=(nil) f16_K=0x400000 f16_V=(nil) f16_end=0x480000
CUDA_FA_ROUTE_PLAN device=0 Q=[256,256,16,1] Kraw=q5_0 Vraw=turbo2_tcq Kshape=[256,256,4,1] Vshape=[256,256,4,1] Keff=q5_0 Veff=f16 turbo_kv=1 prefer_native_vec=0 decode=1 dk=0 dv=1 unsafe_vec_after_turbo_v_decode=1 allow_vec=0 kernel=MMA_F16 need_f16_K=1 need_f16_V=0 Knb=[22,704,176,180224] Vnb=[36,288,72,73728] Keff_nb=[22,704,176,180224] Veff_nb=[2,2048,512,524288]
CUDA_FA_ROUTE_ALLOC kernel=MMA_F16 need_f16_K=1 need_f16_V=0 workspace_end_offset=4718592 dst_data=(nil) f16_K=0x400000 f16_V=(nil) f16_end=0x480000
CUDA_FA_ROUTE_PLAN device=0 Q=[256,256,16,1] Kraw=q5_0 Vraw=turbo2_tcq Kshape=[256,256,4,1] Vshape=[256,256,4,1] Keff=q5_0 Veff=f16 turbo_kv=1 prefer_native_vec=0 decode=1 dk=0 dv=1 unsafe_vec_after_turbo_v_decode=1 allow_vec=0 kernel=MMA_F16 need_f16_K=1 need_f16_V=0 Knb=[22,704,176,180224] Vnb=[36,288,72,73728] Keff_nb=[22,704,176,180224] Veff_nb=[2,2048,512,524288]
CUDA_FA_ROUTE_ALLOC kernel=MMA_F16 need_f16_K=1 need_f16_V=0 workspace_end_offset=4718592 dst_data=(nil) f16_K=0x400000 f16_V=(nil) f16_end=0x480000
CUDA_FA_ROUTE_PLAN device=0 Q=[256,256,16,1] Kraw=q5_0 Vraw=turbo2_tcq Kshape=[256,256,4,1] Vshape=[256,256,4,1] Keff=q5_0 Veff=f16 turbo_kv=1 prefer_native_vec=0 decode=1 dk=0 dv=1 unsafe_vec_after_turbo_v_decode=1 allow_vec=0 kernel=MMA_F16 need_f16_K=1 need_f16_V=0 Knb=[22,704,176,180224] Vnb=[36,288,72,73728] Keff_nb=[22,704,176,180224] Veff_nb=[2,2048,512,524288]
CUDA_FA_ROUTE_ALLOC kernel=MMA_F16 need_f16_K=1 need_f16_V=0 workspace_end_offset=4718592 dst_data=(nil) f16_K=0x400000 f16_V=(nil) f16_end=0x480000
CUDA_FA_ROUTE_PLAN device=0 Q=[256,256,16,1] Kraw=q5_0 Vraw=turbo2_tcq Kshape=[256,256,4,1] Vshape=[256,256,4,1] Keff=q5_0 Veff=f16 turbo_kv=1 prefer_native_vec=0 decode=1 dk=0 dv=1 unsafe_vec_after_turbo_v_decode=1 allow_vec=0 kernel=MMA_F16 need_f16_K=1 need_f16_V=0 Knb=[22,704,176,180224] Vnb=[36,288,72,73728] Keff_nb=[22,704,176,180224] Veff_nb=[2,2048,512,524288]
CUDA_FA_ROUTE_ALLOC kernel=MMA_F16 need_f16_K=1 need_f16_V=0 workspace_end_offset=4718592 dst_data=(nil) f16_K=0x400000 f16_V=(nil) f16_end=0x480000
CUDA_FA_ROUTE_PLAN device=0 Q=[256,256,16,1] Kraw=q5_0 Vraw=turbo2_tcq Kshape=[256,256,4,1] Vshape=[256,256,4,1] Keff=q5_0 Veff=f16 turbo_kv=1 prefer_native_vec=0 decode=1 dk=0 dv=1 unsafe_vec_after_turbo_v_decode=1 allow_vec=0 kernel=MMA_F16 need_f16_K=1 need_f16_V=0 Knb=[22,704,176,180224] Vnb=[36,288,72,73728] Keff_nb=[22,704,176,180224] Veff_nb=[2,2048,512,524288]
CUDA_FA_ROUTE_ALLOC kernel=MMA_F16 need_f16_K=1 need_f16_V=0 workspace_end_offset=4718592 dst_data=(nil) f16_K=0x400000 f16_V=(nil) f16_end=0x480000
CUDA_FA_ROUTE_PLAN device=0 Q=[256,256,16,1] Kraw=q5_0 Vraw=turbo2_tcq Kshape=[256,256,4,1] Vshape=[256,256,4,1] Keff=q5_0 Veff=f16 turbo_kv=1 prefer_native_vec=0 decode=1 dk=0 dv=1 unsafe_vec_after_turbo_v_decode=1 allow_vec=0 kernel=MMA_F16 need_f16_K=1 need_f16_V=0 Knb=[22,704,176,180224] Vnb=[36,288,72,73728] Keff_nb=[22,704,176,180224] Veff_nb=[2,2048,512,524288]
CUDA_FA_ROUTE_ALLOC kernel=MMA_F16 need_f16_K=1 need_f16_V=0 workspace_end_offset=4718592 dst_data=(nil) f16_K=0x400000 f16_V=(nil) f16_end=0x480000
CUDA_FA_ROUTE_PLAN device=0 Q=[256,256,16,1] Kraw=q5_0 Vraw=turbo2_tcq Kshape=[256,256,4,1] Vshape=[256,256,4,1] Keff=q5_0 Veff=f16 turbo_kv=1 prefer_native_vec=0 decode=1 dk=0 dv=1 unsafe_vec_after_turbo_v_decode=1 allow_vec=0 kernel=MMA_F16 need_f16_K=1 need_f16_V=0 Knb=[22,704,176,180224] Vnb=[36,288,72,73728] Keff_nb=[22,704,176,180224] Veff_nb=[2,2048,512,524288]
CUDA_FA_ROUTE_ALLOC kernel=MMA_F16 need_f16_K=1 need_f16_V=0 workspace_end_offset=4718592 dst_data=(nil) f16_K=0x400000 f16_V=(nil) f16_end=0x480000
CUDA_FA_ROUTE_PLAN device=0 Q=[256,256,16,1] Kraw=q5_0 Vraw=turbo2_tcq Kshape=[256,256,4,1] Vshape=[256,256,4,1] Keff=q5_0 Veff=f16 turbo_kv=1 prefer_native_vec=0 decode=1 dk=0 dv=1 unsafe_vec_after_turbo_v_decode=1 allow_vec=0 kernel=MMA_F16 need_f16_K=1 need_f16_V=0 Knb=[22,704,176,180224] Vnb=[36,288,72,73728] Keff_nb=[22,704,176,180224] Veff_nb=[2,2048,512,524288]
CUDA_FA_ROUTE_ALLOC kernel=MMA_F16 need_f16_K=1 need_f16_V=0 workspace_end_offset=4718592 dst_data=(nil) f16_K=0x400000 f16_V=(nil) f16_end=0x480000
CUDA_FA_ROUTE_PLAN device=0 Q=[256,256,16,1] Kraw=q5_0 Vraw=turbo2_tcq Kshape=[256,256,4,1] Vshape=[256,256,4,1] Keff=q5_0 Veff=f16 turbo_kv=1 prefer_native_vec=0 decode=1 dk=0 dv=1 unsafe_vec_after_turbo_v_decode=1 allow_vec=0 kernel=MMA_F16 need_f16_K=1 need_f16_V=0 Knb=[22,704,176,180224] Vnb=[36,288,72,73728] Keff_nb=[22,704,176,180224] Veff_nb=[2,2048,512,524288]
CUDA_FA_ROUTE_ALLOC kernel=MMA_F16 need_f16_K=1 need_f16_V=0 workspace_end_offset=4718592 dst_data=(nil) f16_K=0x400000 f16_V=(nil) f16_end=0x480000
CUDA_FA_ROUTE_PLAN device=0 Q=[256,256,16,1] Kraw=q5_0 Vraw=turbo2_tcq Kshape=[256,256,4,1] Vshape=[256,256,4,1] Keff=q5_0 Veff=f16 turbo_kv=1 prefer_native_vec=0 decode=1 dk=0 dv=1 unsafe_vec_after_turbo_v_decode=1 allow_vec=0 kernel=MMA_F16 need_f16_K=1 need_f16_V=0 Knb=[22,704,176,180224] Vnb=[36,288,72,73728] Keff_nb=[22,704,176,180224] Veff_nb=[2,2048,512,524288]
CUDA_FA_ROUTE_ALLOC kernel=MMA_F16 need_f16_K=1 need_f16_V=0 workspace_end_offset=4718592 dst_data=(nil) f16_K=0x400000 f16_V=(nil) f16_end=0x480000
CUDA_FA_ROUTE_PLAN device=0 Q=[256,256,16,1] Kraw=q5_0 Vraw=turbo2_tcq Kshape=[256,256,4,1] Vshape=[256,256,4,1] Keff=q5_0 Veff=f16 turbo_kv=1 prefer_native_vec=0 decode=1 dk=0 dv=1 unsafe_vec_after_turbo_v_decode=1 allow_vec=0 kernel=MMA_F16 need_f16_K=1 need_f16_V=0 Knb=[22,704,176,180224] Vnb=[36,288,72,73728] Keff_nb=[22,704,176,180224] Veff_nb=[2,2048,512,524288]
CUDA_FA_ROUTE_ALLOC kernel=MMA_F16 need_f16_K=1 need_f16_V=0 workspace_end_offset=4718592 dst_data=(nil) f16_K=0x400000 f16_V=(nil) f16_end=0x480000
CUDA_FA_ROUTE_PLAN device=0 Q=[256,256,16,1] Kraw=q5_0 Vraw=turbo2_tcq Kshape=[256,256,4,1] Vshape=[256,256,4,1] Keff=q5_0 Veff=f16 turbo_kv=1 prefer_native_vec=0 decode=1 dk=0 dv=1 unsafe_vec_after_turbo_v_decode=1 allow_vec=0 kernel=MMA_F16 need_f16_K=1 need_f16_V=0 Knb=[22,704,176,180224] Vnb=[36,288,72,73728] Keff_nb=[22,704,176,180224] Veff_nb=[2,2048,512,524288]
CUDA_FA_ROUTE_ALLOC kernel=MMA_F16 need_f16_K=1 need_f16_V=0 workspace_end_offset=4718592 dst_data=(nil) f16_K=0x400000 f16_V=(nil) f16_end=0x480000
CUDA_FA_ROUTE_PLAN device=0 Q=[256,1,16,1] Kraw=q5_0 Vraw=turbo2_tcq Kshape=[256,256,4,1] Vshape=[256,256,4,1] Keff=q5_0 Veff=f16 turbo_kv=1 prefer_native_vec=0 decode=1 dk=0 dv=1 unsafe_vec_after_turbo_v_decode=1 allow_vec=0 kernel=MMA_F16 need_f16_K=1 need_f16_V=0 Knb=[22,704,176,180224] Vnb=[36,288,72,73728] Keff_nb=[22,704,176,180224] Veff_nb=[2,2048,512,524288]
CUDA_FA_ROUTE_SUPPORTED kernel=MMA_F16 effK=q5_0 effV=f16 supported=1
CUDA_FA_ROUTE_PLAN device=0 Q=[256,1,16,1] Kraw=q5_0 Vraw=turbo2_tcq Kshape=[256,256,4,1] Vshape=[256,256,4,1] Keff=q5_0 Veff=f16 turbo_kv=1 prefer_native_vec=0 decode=1 dk=0 dv=1 unsafe_vec_after_turbo_v_decode=1 allow_vec=0 kernel=MMA_F16 need_f16_K=1 need_f16_V=0 Knb=[22,704,176,180224] Vnb=[36,288,72,73728] Keff_nb=[22,704,176,180224] Veff_nb=[2,2048,512,524288]
CUDA_FA_ROUTE_SUPPORTED kernel=MMA_F16 effK=q5_0 effV=f16 supported=1
CUDA_FA_ROUTE_PLAN device=0 Q=[256,1,16,1] Kraw=q5_0 Vraw=turbo2_tcq Kshape=[256,256,4,1] Vshape=[256,256,4,1] Keff=q5_0 Veff=f16 turbo_kv=1 prefer_native_vec=0 decode=1 dk=0 dv=1 unsafe_vec_after_turbo_v_decode=1 allow_vec=0 kernel=MMA_F16 need_f16_K=1 need_f16_V=0 Knb=[22,704,176,180224] Vnb=[36,288,72,73728] Keff_nb=[22,704,176,180224] Veff_nb=[2,2048,512,524288]
CUDA_FA_ROUTE_SUPPORTED kernel=MMA_F16 effK=q5_0 effV=f16 supported=1
CUDA_FA_ROUTE_PLAN device=0 Q=[256,1,16,1] Kraw=q5_0 Vraw=turbo2_tcq Kshape=[256,256,4,1] Vshape=[256,256,4,1] Keff=q5_0 Veff=f16 turbo_kv=1 prefer_native_vec=0 decode=1 dk=0 dv=1 unsafe_vec_after_turbo_v_decode=1 allow_vec=0 kernel=MMA_F16 need_f16_K=1 need_f16_V=0 Knb=[22,704,176,180224] Vnb=[36,288,72,73728] Keff_nb=[22,704,176,180224] Veff_nb=[2,2048,512,524288]
CUDA_FA_ROUTE_SUPPORTED kernel=MMA_F16 effK=q5_0 effV=f16 supported=1
CUDA_FA_ROUTE_PLAN device=0 Q=[256,1,16,1] Kraw=q5_0 Vraw=turbo2_tcq Kshape=[256,256,4,1] Vshape=[256,256,4,1] Keff=q5_0 Veff=f16 turbo_kv=1 prefer_native_vec=0 decode=1 dk=0 dv=1 unsafe_vec_after_turbo_v_decode=1 allow_vec=0 kernel=MMA_F16 need_f16_K=1 need_f16_V=0 Knb=[22,704,176,180224] Vnb=[36,288,72,73728] Keff_nb=[22,704,176,180224] Veff_nb=[2,2048,512,524288]
CUDA_FA_ROUTE_SUPPORTED kernel=MMA_F16 effK=q5_0 effV=f16 supported=1
CUDA_FA_ROUTE_PLAN device=0 Q=[256,1,16,1] Kraw=q5_0 Vraw=turbo2_tcq Kshape=[256,256,4,1] Vshape=[256,256,4,1] Keff=q5_0 Veff=f16 turbo_kv=1 prefer_native_vec=0 decode=1 dk=0 dv=1 unsafe_vec_after_turbo_v_decode=1 allow_vec=0 kernel=MMA_F16 need_f16_K=1 need_f16_V=0 Knb=[22,704,176,180224] Vnb=[36,288,72,73728] Keff_nb=[22,704,176,180224] Veff_nb=[2,2048,512,524288]
CUDA_FA_ROUTE_SUPPORTED kernel=MMA_F16 effK=q5_0 effV=f16 supported=1
CUDA_FA_ROUTE_PLAN device=0 Q=[256,1,16,1] Kraw=q5_0 Vraw=turbo2_tcq Kshape=[256,256,4,1] Vshape=[256,256,4,1] Keff=q5_0 Veff=f16 turbo_kv=1 prefer_native_vec=0 decode=1 dk=0 dv=1 unsafe_vec_after_turbo_v_decode=1 allow_vec=0 kernel=MMA_F16 need_f16_K=1 need_f16_V=0 Knb=[22,704,176,180224] Vnb=[36,288,72,73728] Keff_nb=[22,704,176,180224] Veff_nb=[2,2048,512,524288]
CUDA_FA_ROUTE_SUPPORTED kernel=MMA_F16 effK=q5_0 effV=f16 supported=1
CUDA_FA_ROUTE_PLAN device=0 Q=[256,1,16,1] Kraw=q5_0 Vraw=turbo2_tcq Kshape=[256,256,4,1] Vshape=[256,256,4,1] Keff=q5_0 Veff=f16 turbo_kv=1 prefer_native_vec=0 decode=1 dk=0 dv=1 unsafe_vec_after_turbo_v_decode=1 allow_vec=0 kernel=MMA_F16 need_f16_K=1 need_f16_V=0 Knb=[22,704,176,180224] Vnb=[36,288,72,73728] Keff_nb=[22,704,176,180224] Veff_nb=[2,2048,512,524288]
CUDA_FA_ROUTE_SUPPORTED kernel=MMA_F16 effK=q5_0 effV=f16 supported=1
CUDA_FA_ROUTE_PLAN device=0 Q=[256,256,16,1] Kraw=q5_0 Vraw=turbo2_tcq Kshape=[256,256,4,1] Vshape=[256,256,4,1] Keff=q5_0 Veff=f16 turbo_kv=1 prefer_native_vec=0 decode=1 dk=0 dv=1 unsafe_vec_after_turbo_v_decode=1 allow_vec=0 kernel=MMA_F16 need_f16_K=1 need_f16_V=0 Knb=[22,704,176,180224] Vnb=[36,288,72,73728] Keff_nb=[22,704,176,180224] Veff_nb=[2,2048,512,524288]
CUDA_FA_ROUTE_SUPPORTED kernel=MMA_F16 effK=q5_0 effV=f16 supported=1
CUDA_FA_ROUTE_PLAN device=0 Q=[256,256,16,1] Kraw=q5_0 Vraw=turbo2_tcq Kshape=[256,256,4,1] Vshape=[256,256,4,1] Keff=q5_0 Veff=f16 turbo_kv=1 prefer_native_vec=0 decode=1 dk=0 dv=1 unsafe_vec_after_turbo_v_decode=1 allow_vec=0 kernel=MMA_F16 need_f16_K=1 need_f16_V=0 Knb=[22,704,176,180224] Vnb=[36,288,72,73728] Keff_nb=[22,704,176,180224] Veff_nb=[2,2048,512,524288]
CUDA_FA_ROUTE_SUPPORTED kernel=MMA_F16 effK=q5_0 effV=f16 supported=1
CUDA_FA_ROUTE_PLAN device=0 Q=[256,256,16,1] Kraw=q5_0 Vraw=turbo2_tcq Kshape=[256,256,4,1] Vshape=[256,256,4,1] Keff=q5_0 Veff=f16 turbo_kv=1 prefer_native_vec=0 decode=1 dk=0 dv=1 unsafe_vec_after_turbo_v_decode=1 allow_vec=0 kernel=MMA_F16 need_f16_K=1 need_f16_V=0 Knb=[22,704,176,180224] Vnb=[36,288,72,73728] Keff_nb=[22,704,176,180224] Veff_nb=[2,2048,512,524288]
CUDA_FA_ROUTE_SUPPORTED kernel=MMA_F16 effK=q5_0 effV=f16 supported=1
CUDA_FA_ROUTE_PLAN device=0 Q=[256,256,16,1] Kraw=q5_0 Vraw=turbo2_tcq Kshape=[256,256,4,1] Vshape=[256,256,4,1] Keff=q5_0 Veff=f16 turbo_kv=1 prefer_native_vec=0 decode=1 dk=0 dv=1 unsafe_vec_after_turbo_v_decode=1 allow_vec=0 kernel=MMA_F16 need_f16_K=1 need_f16_V=0 Knb=[22,704,176,180224] Vnb=[36,288,72,73728] Keff_nb=[22,704,176,180224] Veff_nb=[2,2048,512,524288]
CUDA_FA_ROUTE_SUPPORTED kernel=MMA_F16 effK=q5_0 effV=f16 supported=1
CUDA_FA_ROUTE_PLAN device=0 Q=[256,256,16,1] Kraw=q5_0 Vraw=turbo2_tcq Kshape=[256,256,4,1] Vshape=[256,256,4,1] Keff=q5_0 Veff=f16 turbo_kv=1 prefer_native_vec=0 decode=1 dk=0 dv=1 unsafe_vec_after_turbo_v_decode=1 allow_vec=0 kernel=MMA_F16 need_f16_K=1 need_f16_V=0 Knb=[22,704,176,180224] Vnb=[36,288,72,73728] Keff_nb=[22,704,176,180224] Veff_nb=[2,2048,512,524288]
CUDA_FA_ROUTE_SUPPORTED kernel=MMA_F16 effK=q5_0 effV=f16 supported=1
CUDA_FA_ROUTE_PLAN device=0 Q=[256,256,16,1] Kraw=q5_0 Vraw=turbo2_tcq Kshape=[256,256,4,1] Vshape=[256,256,4,1] Keff=q5_0 Veff=f16 turbo_kv=1 prefer_native_vec=0 decode=1 dk=0 dv=1 unsafe_vec_after_turbo_v_decode=1 allow_vec=0 kernel=MMA_F16 need_f16_K=1 need_f16_V=0 Knb=[22,704,176,180224] Vnb=[36,288,72,73728] Keff_nb=[22,704,176,180224] Veff_nb=[2,2048,512,524288]
CUDA_FA_ROUTE_SUPPORTED kernel=MMA_F16 effK=q5_0 effV=f16 supported=1
CUDA_FA_ROUTE_PLAN device=0 Q=[256,256,16,1] Kraw=q5_0 Vraw=turbo2_tcq Kshape=[256,256,4,1] Vshape=[256,256,4,1] Keff=q5_0 Veff=f16 turbo_kv=1 prefer_native_vec=0 decode=1 dk=0 dv=1 unsafe_vec_after_turbo_v_decode=1 allow_vec=0 kernel=MMA_F16 need_f16_K=1 need_f16_V=0 Knb=[22,704,176,180224] Vnb=[36,288,72,73728] Keff_nb=[22,704,176,180224] Veff_nb=[2,2048,512,524288]
CUDA_FA_ROUTE_SUPPORTED kernel=MMA_F16 effK=q5_0 effV=f16 supported=1
CUDA_FA_ROUTE_PLAN device=0 Q=[256,256,16,1] Kraw=q5_0 Vraw=turbo2_tcq Kshape=[256,256,4,1] Vshape=[256,256,4,1] Keff=q5_0 Veff=f16 turbo_kv=1 prefer_native_vec=0 decode=1 dk=0 dv=1 unsafe_vec_after_turbo_v_decode=1 allow_vec=0 kernel=MMA_F16 need_f16_K=1 need_f16_V=0 Knb=[22,704,176,180224] Vnb=[36,288,72,73728] Keff_nb=[22,704,176,180224] Veff_nb=[2,2048,512,524288]
CUDA_FA_ROUTE_SUPPORTED kernel=MMA_F16 effK=q5_0 effV=f16 supported=1
CUDA_FA_ROUTE_PLAN device=0 Q=[256,1,16,1] Kraw=q5_0 Vraw=turbo2_tcq Kshape=[256,256,4,1] Vshape=[256,256,4,1] Keff=q5_0 Veff=f16 turbo_kv=1 prefer_native_vec=0 decode=1 dk=0 dv=1 unsafe_vec_after_turbo_v_decode=1 allow_vec=0 kernel=MMA_F16 need_f16_K=1 need_f16_V=0 Knb=[22,704,176,180224] Vnb=[36,288,72,73728] Keff_nb=[22,704,176,180224] Veff_nb=[2,2048,512,524288]
CUDA_FA_ROUTE_SUPPORTED kernel=MMA_F16 effK=q5_0 effV=f16 supported=1
CUDA_FA_ROUTE_PLAN device=0 Q=[256,1,16,1] Kraw=q5_0 Vraw=turbo2_tcq Kshape=[256,256,4,1] Vshape=[256,256,4,1] Keff=q5_0 Veff=f16 turbo_kv=1 prefer_native_vec=0 decode=1 dk=0 dv=1 unsafe_vec_after_turbo_v_decode=1 allow_vec=0 kernel=MMA_F16 need_f16_K=1 need_f16_V=0 Knb=[22,704,176,180224] Vnb=[36,288,72,73728] Keff_nb=[22,704,176,180224] Veff_nb=[2,2048,512,524288]
CUDA_FA_ROUTE_SUPPORTED kernel=MMA_F16 effK=q5_0 effV=f16 supported=1
CUDA_FA_ROUTE_PLAN device=0 Q=[256,1,16,1] Kraw=q5_0 Vraw=turbo2_tcq Kshape=[256,256,4,1] Vshape=[256,256,4,1] Keff=q5_0 Veff=f16 turbo_kv=1 prefer_native_vec=0 decode=1 dk=0 dv=1 unsafe_vec_after_turbo_v_decode=1 allow_vec=0 kernel=MMA_F16 need_f16_K=1 need_f16_V=0 Knb=[22,704,176,180224] Vnb=[36,288,72,73728] Keff_nb=[22,704,176,180224] Veff_nb=[2,2048,512,524288]
CUDA_FA_ROUTE_SUPPORTED kernel=MMA_F16 effK=q5_0 effV=f16 supported=1
CUDA_FA_ROUTE_PLAN device=0 Q=[256,1,16,1] Kraw=q5_0 Vraw=turbo2_tcq Kshape=[256,256,4,1] Vshape=[256,256,4,1] Keff=q5_0 Veff=f16 turbo_kv=1 prefer_native_vec=0 decode=1 dk=0 dv=1 unsafe_vec_after_turbo_v_decode=1 allow_vec=0 kernel=MMA_F16 need_f16_K=1 need_f16_V=0 Knb=[22,704,176,180224] Vnb=[36,288,72,73728] Keff_nb=[22,704,176,180224] Veff_nb=[2,2048,512,524288]
CUDA_FA_ROUTE_SUPPORTED kernel=MMA_F16 effK=q5_0 effV=f16 supported=1
CUDA_FA_ROUTE_PLAN device=0 Q=[256,1,16,1] Kraw=q5_0 Vraw=turbo2_tcq Kshape=[256,256,4,1] Vshape=[256,256,4,1] Keff=q5_0 Veff=f16 turbo_kv=1 prefer_native_vec=0 decode=1 dk=0 dv=1 unsafe_vec_after_turbo_v_decode=1 allow_vec=0 kernel=MMA_F16 need_f16_K=1 need_f16_V=0 Knb=[22,704,176,180224] Vnb=[36,288,72,73728] Keff_nb=[22,704,176,180224] Veff_nb=[2,2048,512,524288]
CUDA_FA_ROUTE_SUPPORTED kernel=MMA_F16 effK=q5_0 effV=f16 supported=1
CUDA_FA_ROUTE_PLAN device=0 Q=[256,1,16,1] Kraw=q5_0 Vraw=turbo2_tcq Kshape=[256,256,4,1] Vshape=[256,256,4,1] Keff=q5_0 Veff=f16 turbo_kv=1 prefer_native_vec=0 decode=1 dk=0 dv=1 unsafe_vec_after_turbo_v_decode=1 allow_vec=0 kernel=MMA_F16 need_f16_K=1 need_f16_V=0 Knb=[22,704,176,180224] Vnb=[36,288,72,73728] Keff_nb=[22,704,176,180224] Veff_nb=[2,2048,512,524288]
CUDA_FA_ROUTE_SUPPORTED kernel=MMA_F16 effK=q5_0 effV=f16 supported=1
CUDA_FA_ROUTE_PLAN device=0 Q=[256,1,16,1] Kraw=q5_0 Vraw=turbo2_tcq Kshape=[256,256,4,1] Vshape=[256,256,4,1] Keff=q5_0 Veff=f16 turbo_kv=1 prefer_native_vec=0 decode=1 dk=0 dv=1 unsafe_vec_after_turbo_v_decode=1 allow_vec=0 kernel=MMA_F16 need_f16_K=1 need_f16_V=0 Knb=[22,704,176,180224] Vnb=[36,288,72,73728] Keff_nb=[22,704,176,180224] Veff_nb=[2,2048,512,524288]
CUDA_FA_ROUTE_SUPPORTED kernel=MMA_F16 effK=q5_0 effV=f16 supported=1
CUDA_FA_ROUTE_PLAN device=0 Q=[256,1,16,1] Kraw=q5_0 Vraw=turbo2_tcq Kshape=[256,256,4,1] Vshape=[256,256,4,1] Keff=q5_0 Veff=f16 turbo_kv=1 prefer_native_vec=0 decode=1 dk=0 dv=1 unsafe_vec_after_turbo_v_decode=1 allow_vec=0 kernel=MMA_F16 need_f16_K=1 need_f16_V=0 Knb=[22,704,176,180224] Vnb=[36,288,72,73728] Keff_nb=[22,704,176,180224] Veff_nb=[2,2048,512,524288]
CUDA_FA_ROUTE_SUPPORTED kernel=MMA_F16 effK=q5_0 effV=f16 supported=1
CUDA_FA_ROUTE_PLAN device=0 Q=[256,16,16,1] Kraw=q5_0 Vraw=turbo2_tcq Kshape=[256,256,4,1] Vshape=[256,256,4,1] Keff=q5_0 Veff=f16 turbo_kv=1 prefer_native_vec=0 decode=1 dk=0 dv=1 unsafe_vec_after_turbo_v_decode=1 allow_vec=0 kernel=MMA_F16 need_f16_K=1 need_f16_V=0 Knb=[22,704,176,180224] Vnb=[36,288,72,73728] Keff_nb=[22,704,176,180224] Veff_nb=[2,2048,512,524288]
CUDA_FA_ROUTE_SUPPORTED kernel=MMA_F16 effK=q5_0 effV=f16 supported=1
CUDA_FA_ROUTE_PLAN device=0 Q=[256,16,16,1] Kraw=q5_0 Vraw=turbo2_tcq Kshape=[256,256,4,1] Vshape=[256,256,4,1] Keff=q5_0 Veff=f16 turbo_kv=1 prefer_native_vec=0 decode=1 dk=0 dv=1 unsafe_vec_after_turbo_v_decode=1 allow_vec=0 kernel=MMA_F16 need_f16_K=1 need_f16_V=0 Knb=[22,704,176,180224] Vnb=[36,288,72,73728] Keff_nb=[22,704,176,180224] Veff_nb=[2,2048,512,524288]
CUDA_FA_ROUTE_SUPPORTED kernel=MMA_F16 effK=q5_0 effV=f16 supported=1
CUDA_FA_ROUTE_PLAN device=0 Q=[256,16,16,1] Kraw=q5_0 Vraw=turbo2_tcq Kshape=[256,256,4,1] Vshape=[256,256,4,1] Keff=q5_0 Veff=f16 turbo_kv=1 prefer_native_vec=0 decode=1 dk=0 dv=1 unsafe_vec_after_turbo_v_decode=1 allow_vec=0 kernel=MMA_F16 need_f16_K=1 need_f16_V=0 Knb=[22,704,176,180224] Vnb=[36,288,72,73728] Keff_nb=[22,704,176,180224] Veff_nb=[2,2048,512,524288]
CUDA_FA_ROUTE_SUPPORTED kernel=MMA_F16 effK=q5_0 effV=f16 supported=1
CUDA_FA_ROUTE_PLAN device=0 Q=[256,16,16,1] Kraw=q5_0 Vraw=turbo2_tcq Kshape=[256,256,4,1] Vshape=[256,256,4,1] Keff=q5_0 Veff=f16 turbo_kv=1 prefer_native_vec=0 decode=1 dk=0 dv=1 unsafe_vec_after_turbo_v_decode=1 allow_vec=0 kernel=MMA_F16 need_f16_K=1 need_f16_V=0 Knb=[22,704,176,180224] Vnb=[36,288,72,73728] Keff_nb=[22,704,176,180224] Veff_nb=[2,2048,512,524288]
CUDA_FA_ROUTE_SUPPORTED kernel=MMA_F16 effK=q5_0 effV=f16 supported=1
CUDA_FA_ROUTE_PLAN device=0 Q=[256,16,16,1] Kraw=q5_0 Vraw=turbo2_tcq Kshape=[256,256,4,1] Vshape=[256,256,4,1] Keff=q5_0 Veff=f16 turbo_kv=1 prefer_native_vec=0 decode=1 dk=0 dv=1 unsafe_vec_after_turbo_v_decode=1 allow_vec=0 kernel=MMA_F16 need_f16_K=1 need_f16_V=0 Knb=[22,704,176,180224] Vnb=[36,288,72,73728] Keff_nb=[22,704,176,180224] Veff_nb=[2,2048,512,524288]
CUDA_FA_ROUTE_SUPPORTED kernel=MMA_F16 effK=q5_0 effV=f16 supported=1
CUDA_FA_ROUTE_PLAN device=0 Q=[256,16,16,1] Kraw=q5_0 Vraw=turbo2_tcq Kshape=[256,256,4,1] Vshape=[256,256,4,1] Keff=q5_0 Veff=f16 turbo_kv=1 prefer_native_vec=0 decode=1 dk=0 dv=1 unsafe_vec_after_turbo_v_decode=1 allow_vec=0 kernel=MMA_F16 need_f16_K=1 need_f16_V=0 Knb=[22,704,176,180224] Vnb=[36,288,72,73728] Keff_nb=[22,704,176,180224] Veff_nb=[2,2048,512,524288]
CUDA_FA_ROUTE_SUPPORTED kernel=MMA_F16 effK=q5_0 effV=f16 supported=1
CUDA_FA_ROUTE_PLAN device=0 Q=[256,16,16,1] Kraw=q5_0 Vraw=turbo2_tcq Kshape=[256,256,4,1] Vshape=[256,256,4,1] Keff=q5_0 Veff=f16 turbo_kv=1 prefer_native_vec=0 decode=1 dk=0 dv=1 unsafe_vec_after_turbo_v_decode=1 allow_vec=0 kernel=MMA_F16 need_f16_K=1 need_f16_V=0 Knb=[22,704,176,180224] Vnb=[36,288,72,73728] Keff_nb=[22,704,176,180224] Veff_nb=[2,2048,512,524288]
CUDA_FA_ROUTE_SUPPORTED kernel=MMA_F16 effK=q5_0 effV=f16 supported=1
CUDA_FA_ROUTE_PLAN device=0 Q=[256,16,16,1] Kraw=q5_0 Vraw=turbo2_tcq Kshape=[256,256,4,1] Vshape=[256,256,4,1] Keff=q5_0 Veff=f16 turbo_kv=1 prefer_native_vec=0 decode=1 dk=0 dv=1 unsafe_vec_after_turbo_v_decode=1 allow_vec=0 kernel=MMA_F16 need_f16_K=1 need_f16_V=0 Knb=[22,704,176,180224] Vnb=[36,288,72,73728] Keff_nb=[22,704,176,180224] Veff_nb=[2,2048,512,524288]
CUDA_FA_ROUTE_SUPPORTED kernel=MMA_F16 effK=q5_0 effV=f16 supported=1
CUDA_FA_ROUTE_PLAN device=0 Q=[256,1,16,1] Kraw=q5_0 Vraw=turbo2_tcq Kshape=[256,256,4,1] Vshape=[256,256,4,1] Keff=q5_0 Veff=f16 turbo_kv=1 prefer_native_vec=0 decode=1 dk=0 dv=1 unsafe_vec_after_turbo_v_decode=1 allow_vec=0 kernel=MMA_F16 need_f16_K=1 need_f16_V=0 Knb=[22,704,176,180224] Vnb=[36,288,72,73728] Keff_nb=[22,704,176,180224] Veff_nb=[2,2048,512,524288]
CUDA_FA_ROUTE_SUPPORTED kernel=MMA_F16 effK=q5_0 effV=f16 supported=1
CUDA_FA_ROUTE_PLAN device=0 Q=[256,1,16,1] Kraw=q5_0 Vraw=turbo2_tcq Kshape=[256,256,4,1] Vshape=[256,256,4,1] Keff=q5_0 Veff=f16 turbo_kv=1 prefer_native_vec=0 decode=1 dk=0 dv=1 unsafe_vec_after_turbo_v_decode=1 allow_vec=0 kernel=MMA_F16 need_f16_K=1 need_f16_V=0 Knb=[22,704,176,180224] Vnb=[36,288,72,73728] Keff_nb=[22,704,176,180224] Veff_nb=[2,2048,512,524288]
CUDA_FA_ROUTE_SUPPORTED kernel=MMA_F16 effK=q5_0 effV=f16 supported=1
CUDA_FA_ROUTE_PLAN device=0 Q=[256,1,16,1] Kraw=q5_0 Vraw=turbo2_tcq Kshape=[256,256,4,1] Vshape=[256,256,4,1] Keff=q5_0 Veff=f16 turbo_kv=1 prefer_native_vec=0 decode=1 dk=0 dv=1 unsafe_vec_after_turbo_v_decode=1 allow_vec=0 kernel=MMA_F16 need_f16_K=1 need_f16_V=0 Knb=[22,704,176,180224] Vnb=[36,288,72,73728] Keff_nb=[22,704,176,180224] Veff_nb=[2,2048,512,524288]
CUDA_FA_ROUTE_SUPPORTED kernel=MMA_F16 effK=q5_0 effV=f16 supported=1
CUDA_FA_ROUTE_PLAN device=0 Q=[256,1,16,1] Kraw=q5_0 Vraw=turbo2_tcq Kshape=[256,256,4,1] Vshape=[256,256,4,1] Keff=q5_0 Veff=f16 turbo_kv=1 prefer_native_vec=0 decode=1 dk=0 dv=1 unsafe_vec_after_turbo_v_decode=1 allow_vec=0 kernel=MMA_F16 need_f16_K=1 need_f16_V=0 Knb=[22,704,176,180224] Vnb=[36,288,72,73728] Keff_nb=[22,704,176,180224] Veff_nb=[2,2048,512,524288]
CUDA_FA_ROUTE_SUPPORTED kernel=MMA_F16 effK=q5_0 effV=f16 supported=1
CUDA_FA_ROUTE_PLAN device=0 Q=[256,1,16,1] Kraw=q5_0 Vraw=turbo2_tcq Kshape=[256,256,4,1] Vshape=[256,256,4,1] Keff=q5_0 Veff=f16 turbo_kv=1 prefer_native_vec=0 decode=1 dk=0 dv=1 unsafe_vec_after_turbo_v_decode=1 allow_vec=0 kernel=MMA_F16 need_f16_K=1 need_f16_V=0 Knb=[22,704,176,180224] Vnb=[36,288,72,73728] Keff_nb=[22,704,176,180224] Veff_nb=[2,2048,512,524288]
CUDA_FA_ROUTE_SUPPORTED kernel=MMA_F16 effK=q5_0 effV=f16 supported=1
CUDA_FA_ROUTE_PLAN device=0 Q=[256,1,16,1] Kraw=q5_0 Vraw=turbo2_tcq Kshape=[256,256,4,1] Vshape=[256,256,4,1] Keff=q5_0 Veff=f16 turbo_kv=1 prefer_native_vec=0 decode=1 dk=0 dv=1 unsafe_vec_after_turbo_v_decode=1 allow_vec=0 kernel=MMA_F16 need_f16_K=1 need_f16_V=0 Knb=[22,704,176,180224] Vnb=[36,288,72,73728] Keff_nb=[22,704,176,180224] Veff_nb=[2,2048,512,524288]
CUDA_FA_ROUTE_SUPPORTED kernel=MMA_F16 effK=q5_0 effV=f16 supported=1
CUDA_FA_ROUTE_PLAN device=0 Q=[256,1,16,1] Kraw=q5_0 Vraw=turbo2_tcq Kshape=[256,256,4,1] Vshape=[256,256,4,1] Keff=q5_0 Veff=f16 turbo_kv=1 prefer_native_vec=0 decode=1 dk=0 dv=1 unsafe_vec_after_turbo_v_decode=1 allow_vec=0 kernel=MMA_F16 need_f16_K=1 need_f16_V=0 Knb=[22,704,176,180224] Vnb=[36,288,72,73728] Keff_nb=[22,704,176,180224] Veff_nb=[2,2048,512,524288]
CUDA_FA_ROUTE_SUPPORTED kernel=MMA_F16 effK=q5_0 effV=f16 supported=1
CUDA_FA_ROUTE_PLAN device=0 Q=[256,1,16,1] Kraw=q5_0 Vraw=turbo2_tcq Kshape=[256,256,4,1] Vshape=[256,256,4,1] Keff=q5_0 Veff=f16 turbo_kv=1 prefer_native_vec=0 decode=1 dk=0 dv=1 unsafe_vec_after_turbo_v_decode=1 allow_vec=0 kernel=MMA_F16 need_f16_K=1 need_f16_V=0 Knb=[22,704,176,180224] Vnb=[36,288,72,73728] Keff_nb=[22,704,176,180224] Veff_nb=[2,2048,512,524288]
CUDA_FA_ROUTE_SUPPORTED kernel=MMA_F16 effK=q5_0 effV=f16 supported=1
CUDA_FA_ROUTE_PLAN device=0 Q=[256,256,16,1] Kraw=q5_0 Vraw=turbo2_tcq Kshape=[256,256,4,1] Vshape=[256,256,4,1] Keff=q5_0 Veff=f16 turbo_kv=1 prefer_native_vec=0 decode=1 dk=0 dv=1 unsafe_vec_after_turbo_v_decode=1 allow_vec=0 kernel=MMA_F16 need_f16_K=1 need_f16_V=0 Knb=[22,704,176,180224] Vnb=[36,288,72,73728] Keff_nb=[22,704,176,180224] Veff_nb=[2,2048,512,524288]
CUDA_FA_ROUTE_SUPPORTED kernel=MMA_F16 effK=q5_0 effV=f16 supported=1
CUDA_FA_ROUTE_PLAN device=0 Q=[256,256,16,1] Kraw=q5_0 Vraw=turbo2_tcq Kshape=[256,256,4,1] Vshape=[256,256,4,1] Keff=q5_0 Veff=f16 turbo_kv=1 prefer_native_vec=0 decode=1 dk=0 dv=1 unsafe_vec_after_turbo_v_decode=1 allow_vec=0 kernel=MMA_F16 need_f16_K=1 need_f16_V=0 Knb=[22,704,176,180224] Vnb=[36,288,72,73728] Keff_nb=[22,704,176,180224] Veff_nb=[2,2048,512,524288]
CUDA_FA_ROUTE_SUPPORTED kernel=MMA_F16 effK=q5_0 effV=f16 supported=1
CUDA_FA_ROUTE_PLAN device=0 Q=[256,256,16,1] Kraw=q5_0 Vraw=turbo2_tcq Kshape=[256,256,4,1] Vshape=[256,256,4,1] Keff=q5_0 Veff=f16 turbo_kv=1 prefer_native_vec=0 decode=1 dk=0 dv=1 unsafe_vec_after_turbo_v_decode=1 allow_vec=0 kernel=MMA_F16 need_f16_K=1 need_f16_V=0 Knb=[22,704,176,180224] Vnb=[36,288,72,73728] Keff_nb=[22,704,176,180224] Veff_nb=[2,2048,512,524288]
CUDA_FA_ROUTE_SUPPORTED kernel=MMA_F16 effK=q5_0 effV=f16 supported=1
CUDA_FA_ROUTE_PLAN device=0 Q=[256,256,16,1] Kraw=q5_0 Vraw=turbo2_tcq Kshape=[256,256,4,1] Vshape=[256,256,4,1] Keff=q5_0 Veff=f16 turbo_kv=1 prefer_native_vec=0 decode=1 dk=0 dv=1 unsafe_vec_after_turbo_v_decode=1 allow_vec=0 kernel=MMA_F16 need_f16_K=1 need_f16_V=0 Knb=[22,704,176,180224] Vnb=[36,288,72,73728] Keff_nb=[22,704,176,180224] Veff_nb=[2,2048,512,524288]
CUDA_FA_ROUTE_SUPPORTED kernel=MMA_F16 effK=q5_0 effV=f16 supported=1
CUDA_FA_ROUTE_PLAN device=0 Q=[256,256,16,1] Kraw=q5_0 Vraw=turbo2_tcq Kshape=[256,256,4,1] Vshape=[256,256,4,1] Keff=q5_0 Veff=f16 turbo_kv=1 prefer_native_vec=0 decode=1 dk=0 dv=1 unsafe_vec_after_turbo_v_decode=1 allow_vec=0 kernel=MMA_F16 need_f16_K=1 need_f16_V=0 Knb=[22,704,176,180224] Vnb=[36,288,72,73728] Keff_nb=[22,704,176,180224] Veff_nb=[2,2048,512,524288]
CUDA_FA_ROUTE_SUPPORTED kernel=MMA_F16 effK=q5_0 effV=f16 supported=1
CUDA_FA_ROUTE_PLAN device=0 Q=[256,256,16,1] Kraw=q5_0 Vraw=turbo2_tcq Kshape=[256,256,4,1] Vshape=[256,256,4,1] Keff=q5_0 Veff=f16 turbo_kv=1 prefer_native_vec=0 decode=1 dk=0 dv=1 unsafe_vec_after_turbo_v_decode=1 allow_vec=0 kernel=MMA_F16 need_f16_K=1 need_f16_V=0 Knb=[22,704,176,180224] Vnb=[36,288,72,73728] Keff_nb=[22,704,176,180224] Veff_nb=[2,2048,512,524288]
CUDA_FA_ROUTE_SUPPORTED kernel=MMA_F16 effK=q5_0 effV=f16 supported=1
CUDA_FA_ROUTE_PLAN device=0 Q=[256,256,16,1] Kraw=q5_0 Vraw=turbo2_tcq Kshape=[256,256,4,1] Vshape=[256,256,4,1] Keff=q5_0 Veff=f16 turbo_kv=1 prefer_native_vec=0 decode=1 dk=0 dv=1 unsafe_vec_after_turbo_v_decode=1 allow_vec=0 kernel=MMA_F16 need_f16_K=1 need_f16_V=0 Knb=[22,704,176,180224] Vnb=[36,288,72,73728] Keff_nb=[22,704,176,180224] Veff_nb=[2,2048,512,524288]
CUDA_FA_ROUTE_SUPPORTED kernel=MMA_F16 effK=q5_0 effV=f16 supported=1
CUDA_FA_ROUTE_PLAN device=0 Q=[256,256,16,1] Kraw=q5_0 Vraw=turbo2_tcq Kshape=[256,256,4,1] Vshape=[256,256,4,1] Keff=q5_0 Veff=f16 turbo_kv=1 prefer_native_vec=0 decode=1 dk=0 dv=1 unsafe_vec_after_turbo_v_decode=1 allow_vec=0 kernel=MMA_F16 need_f16_K=1 need_f16_V=0 Knb=[22,704,176,180224] Vnb=[36,288,72,73728] Keff_nb=[22,704,176,180224] Veff_nb=[2,2048,512,524288]
CUDA_FA_ROUTE_SUPPORTED kernel=MMA_F16 effK=q5_0 effV=f16 supported=1
CUDA_FA_ROUTE_PLAN device=0 Q=[256,256,16,1] Kraw=q5_0 Vraw=turbo2_tcq Kshape=[256,256,4,1] Vshape=[256,256,4,1] Keff=q5_0 Veff=f16 turbo_kv=1 prefer_native_vec=0 decode=1 dk=0 dv=1 unsafe_vec_after_turbo_v_decode=1 allow_vec=0 kernel=MMA_F16 need_f16_K=1 need_f16_V=0 Knb=[22,704,176,180224] Vnb=[36,288,72,73728] Keff_nb=[22,704,176,180224] Veff_nb=[2,2048,512,524288]
CUDA_FA_ROUTE_ALLOC kernel=MMA_F16 need_f16_K=1 need_f16_V=0 workspace_end_offset=4718592 dst_data=(nil) f16_K=0x400000 f16_V=(nil) f16_end=0x480000
CUDA_FA_ROUTE_PLAN device=0 Q=[256,256,16,1] Kraw=q5_0 Vraw=turbo2_tcq Kshape=[256,256,4,1] Vshape=[256,256,4,1] Keff=q5_0 Veff=f16 turbo_kv=1 prefer_native_vec=0 decode=1 dk=0 dv=1 unsafe_vec_after_turbo_v_decode=1 allow_vec=0 kernel=MMA_F16 need_f16_K=1 need_f16_V=0 Knb=[22,704,176,180224] Vnb=[36,288,72,73728] Keff_nb=[22,704,176,180224] Veff_nb=[2,2048,512,524288]
CUDA_FA_ROUTE_ALLOC kernel=MMA_F16 need_f16_K=1 need_f16_V=0 workspace_end_offset=4718592 dst_data=(nil) f16_K=0x400000 f16_V=(nil) f16_end=0x480000
CUDA_FA_ROUTE_PLAN device=0 Q=[256,256,16,1] Kraw=q5_0 Vraw=turbo2_tcq Kshape=[256,256,4,1] Vshape=[256,256,4,1] Keff=q5_0 Veff=f16 turbo_kv=1 prefer_native_vec=0 decode=1 dk=0 dv=1 unsafe_vec_after_turbo_v_decode=1 allow_vec=0 kernel=MMA_F16 need_f16_K=1 need_f16_V=0 Knb=[22,704,176,180224] Vnb=[36,288,72,73728] Keff_nb=[22,704,176,180224] Veff_nb=[2,2048,512,524288]
CUDA_FA_ROUTE_ALLOC kernel=MMA_F16 need_f16_K=1 need_f16_V=0 workspace_end_offset=4718592 dst_data=(nil) f16_K=0x400000 f16_V=(nil) f16_end=0x480000
CUDA_FA_ROUTE_PLAN device=0 Q=[256,256,16,1] Kraw=q5_0 Vraw=turbo2_tcq Kshape=[256,256,4,1] Vshape=[256,256,4,1] Keff=q5_0 Veff=f16 turbo_kv=1 prefer_native_vec=0 decode=1 dk=0 dv=1 unsafe_vec_after_turbo_v_decode=1 allow_vec=0 kernel=MMA_F16 need_f16_K=1 need_f16_V=0 Knb=[22,704,176,180224] Vnb=[36,288,72,73728] Keff_nb=[22,704,176,180224] Veff_nb=[2,2048,512,524288]
CUDA_FA_ROUTE_ALLOC kernel=MMA_F16 need_f16_K=1 need_f16_V=0 workspace_end_offset=4718592 dst_data=(nil) f16_K=0x400000 f16_V=(nil) f16_end=0x480000
CUDA_FA_ROUTE_PLAN device=0 Q=[256,256,16,1] Kraw=q5_0 Vraw=turbo2_tcq Kshape=[256,256,4,1] Vshape=[256,256,4,1] Keff=q5_0 Veff=f16 turbo_kv=1 prefer_native_vec=0 decode=1 dk=0 dv=1 unsafe_vec_after_turbo_v_decode=1 allow_vec=0 kernel=MMA_F16 need_f16_K=1 need_f16_V=0 Knb=[22,704,176,180224] Vnb=[36,288,72,73728] Keff_nb=[22,704,176,180224] Veff_nb=[2,2048,512,524288]
CUDA_FA_ROUTE_ALLOC kernel=MMA_F16 need_f16_K=1 need_f16_V=0 workspace_end_offset=4718592 dst_data=(nil) f16_K=0x400000 f16_V=(nil) f16_end=0x480000
CUDA_FA_ROUTE_PLAN device=0 Q=[256,256,16,1] Kraw=q5_0 Vraw=turbo2_tcq Kshape=[256,256,4,1] Vshape=[256,256,4,1] Keff=q5_0 Veff=f16 turbo_kv=1 prefer_native_vec=0 decode=1 dk=0 dv=1 unsafe_vec_after_turbo_v_decode=1 allow_vec=0 kernel=MMA_F16 need_f16_K=1 need_f16_V=0 Knb=[22,704,176,180224] Vnb=[36,288,72,73728] Keff_nb=[22,704,176,180224] Veff_nb=[2,2048,512,524288]
CUDA_FA_ROUTE_ALLOC kernel=MMA_F16 need_f16_K=1 need_f16_V=0 workspace_end_offset=4718592 dst_data=(nil) f16_K=0x400000 f16_V=(nil) f16_end=0x480000
CUDA_FA_ROUTE_PLAN device=0 Q=[256,256,16,1] Kraw=q5_0 Vraw=turbo2_tcq Kshape=[256,256,4,1] Vshape=[256,256,4,1] Keff=q5_0 Veff=f16 turbo_kv=1 prefer_native_vec=0 decode=1 dk=0 dv=1 unsafe_vec_after_turbo_v_decode=1 allow_vec=0 kernel=MMA_F16 need_f16_K=1 need_f16_V=0 Knb=[22,704,176,180224] Vnb=[36,288,72,73728] Keff_nb=[22,704,176,180224] Veff_nb=[2,2048,512,524288]
CUDA_FA_ROUTE_ALLOC kernel=MMA_F16 need_f16_K=1 need_f16_V=0 workspace_end_offset=4718592 dst_data=(nil) f16_K=0x400000 f16_V=(nil) f16_end=0x480000
CUDA_FA_ROUTE_PLAN device=0 Q=[256,256,16,1] Kraw=q5_0 Vraw=turbo2_tcq Kshape=[256,256,4,1] Vshape=[256,256,4,1] Keff=q5_0 Veff=f16 turbo_kv=1 prefer_native_vec=0 decode=1 dk=0 dv=1 unsafe_vec_after_turbo_v_decode=1 allow_vec=0 kernel=MMA_F16 need_f16_K=1 need_f16_V=0 Knb=[22,704,176,180224] Vnb=[36,288,72,73728] Keff_nb=[22,704,176,180224] Veff_nb=[2,2048,512,524288]
CUDA_FA_ROUTE_ALLOC kernel=MMA_F16 need_f16_K=1 need_f16_V=0 workspace_end_offset=4718592 dst_data=(nil) f16_K=0x400000 f16_V=(nil) f16_end=0x480000
CUDA_FA_ROUTE_PLAN device=0 Q=[256,256,16,1] Kraw=q5_0 Vraw=turbo2_tcq Kshape=[256,256,4,1] Vshape=[256,256,4,1] Keff=q5_0 Veff=f16 turbo_kv=1 prefer_native_vec=0 decode=1 dk=0 dv=1 unsafe_vec_after_turbo_v_decode=1 allow_vec=0 kernel=MMA_F16 need_f16_K=1 need_f16_V=0 Knb=[22,704,176,180224] Vnb=[36,288,72,73728] Keff_nb=[22,704,176,180224] Veff_nb=[2,2048,512,524288]
CUDA_FA_ROUTE_ALLOC kernel=MMA_F16 need_f16_K=1 need_f16_V=0 workspace_end_offset=4718592 dst_data=(nil) f16_K=0x400000 f16_V=(nil) f16_end=0x480000
CUDA_FA_ROUTE_PLAN device=0 Q=[256,256,16,1] Kraw=q5_0 Vraw=turbo2_tcq Kshape=[256,256,4,1] Vshape=[256,256,4,1] Keff=q5_0 Veff=f16 turbo_kv=1 prefer_native_vec=0 decode=1 dk=0 dv=1 unsafe_vec_after_turbo_v_decode=1 allow_vec=0 kernel=MMA_F16 need_f16_K=1 need_f16_V=0 Knb=[22,704,176,180224] Vnb=[36,288,72,73728] Keff_nb=[22,704,176,180224] Veff_nb=[2,2048,512,524288]
CUDA_FA_ROUTE_ALLOC kernel=MMA_F16 need_f16_K=1 need_f16_V=0 workspace_end_offset=4718592 dst_data=(nil) f16_K=0x400000 f16_V=(nil) f16_end=0x480000
CUDA_FA_ROUTE_PLAN device=0 Q=[256,256,16,1] Kraw=q5_0 Vraw=turbo2_tcq Kshape=[256,256,4,1] Vshape=[256,256,4,1] Keff=q5_0 Veff=f16 turbo_kv=1 prefer_native_vec=0 decode=1 dk=0 dv=1 unsafe_vec_after_turbo_v_decode=1 allow_vec=0 kernel=MMA_F16 need_f16_K=1 need_f16_V=0 Knb=[22,704,176,180224] Vnb=[36,288,72,73728] Keff_nb=[22,704,176,180224] Veff_nb=[2,2048,512,524288]
CUDA_FA_ROUTE_ALLOC kernel=MMA_F16 need_f16_K=1 need_f16_V=0 workspace_end_offset=4718592 dst_data=(nil) f16_K=0x400000 f16_V=(nil) f16_end=0x480000
CUDA_FA_ROUTE_PLAN device=0 Q=[256,256,16,1] Kraw=q5_0 Vraw=turbo2_tcq Kshape=[256,256,4,1] Vshape=[256,256,4,1] Keff=q5_0 Veff=f16 turbo_kv=1 prefer_native_vec=0 decode=1 dk=0 dv=1 unsafe_vec_after_turbo_v_decode=1 allow_vec=0 kernel=MMA_F16 need_f16_K=1 need_f16_V=0 Knb=[22,704,176,180224] Vnb=[36,288,72,73728] Keff_nb=[22,704,176,180224] Veff_nb=[2,2048,512,524288]
CUDA_FA_ROUTE_ALLOC kernel=MMA_F16 need_f16_K=1 need_f16_V=0 workspace_end_offset=4718592 dst_data=(nil) f16_K=0x400000 f16_V=(nil) f16_end=0x480000
CUDA_FA_ROUTE_PLAN device=0 Q=[256,256,16,1] Kraw=q5_0 Vraw=turbo2_tcq Kshape=[256,256,4,1] Vshape=[256,256,4,1] Keff=q5_0 Veff=f16 turbo_kv=1 prefer_native_vec=0 decode=1 dk=0 dv=1 unsafe_vec_after_turbo_v_decode=1 allow_vec=0 kernel=MMA_F16 need_f16_K=1 need_f16_V=0 Knb=[22,704,176,180224] Vnb=[36,288,72,73728] Keff_nb=[22,704,176,180224] Veff_nb=[2,2048,512,524288]
CUDA_FA_ROUTE_ALLOC kernel=MMA_F16 need_f16_K=1 need_f16_V=0 workspace_end_offset=4718592 dst_data=(nil) f16_K=0x400000 f16_V=(nil) f16_end=0x480000
CUDA_FA_ROUTE_PLAN device=0 Q=[256,256,16,1] Kraw=q5_0 Vraw=turbo2_tcq Kshape=[256,256,4,1] Vshape=[256,256,4,1] Keff=q5_0 Veff=f16 turbo_kv=1 prefer_native_vec=0 decode=1 dk=0 dv=1 unsafe_vec_after_turbo_v_decode=1 allow_vec=0 kernel=MMA_F16 need_f16_K=1 need_f16_V=0 Knb=[22,704,176,180224] Vnb=[36,288,72,73728] Keff_nb=[22,704,176,180224] Veff_nb=[2,2048,512,524288]
CUDA_FA_ROUTE_ALLOC kernel=MMA_F16 need_f16_K=1 need_f16_V=0 workspace_end_offset=4718592 dst_data=(nil) f16_K=0x400000 f16_V=(nil) f16_end=0x480000
CUDA_FA_ROUTE_PLAN device=0 Q=[256,256,16,1] Kraw=q5_0 Vraw=turbo2_tcq Kshape=[256,256,4,1] Vshape=[256,256,4,1] Keff=q5_0 Veff=f16 turbo_kv=1 prefer_native_vec=0 decode=1 dk=0 dv=1 unsafe_vec_after_turbo_v_decode=1 allow_vec=0 kernel=MMA_F16 need_f16_K=1 need_f16_V=0 Knb=[22,704,176,180224] Vnb=[36,288,72,73728] Keff_nb=[22,704,176,180224] Veff_nb=[2,2048,512,524288]
CUDA_FA_ROUTE_ALLOC kernel=MMA_F16 need_f16_K=1 need_f16_V=0 workspace_end_offset=4718592 dst_data=(nil) f16_K=0x400000 f16_V=(nil) f16_end=0x480000
CUDA_FA_ROUTE_PLAN device=0 Q=[256,256,16,1] Kraw=q5_0 Vraw=turbo2_tcq Kshape=[256,256,4,1] Vshape=[256,256,4,1] Keff=q5_0 Veff=f16 turbo_kv=1 prefer_native_vec=0 decode=1 dk=0 dv=1 unsafe_vec_after_turbo_v_decode=1 allow_vec=0 kernel=MMA_F16 need_f16_K=1 need_f16_V=0 Knb=[22,704,176,180224] Vnb=[36,288,72,73728] Keff_nb=[22,704,176,180224] Veff_nb=[2,2048,512,524288]
CUDA_FA_ROUTE_ALLOC kernel=MMA_F16 need_f16_K=1 need_f16_V=0 workspace_end_offset=4718592 dst_data=(nil) f16_K=0x400000 f16_V=(nil) f16_end=0x480000
CUDA_FA_ROUTE_PLAN device=0 Q=[256,256,16,1] Kraw=q5_0 Vraw=turbo2_tcq Kshape=[256,256,4,1] Vshape=[256,256,4,1] Keff=q5_0 Veff=f16 turbo_kv=1 prefer_native_vec=0 decode=1 dk=0 dv=1 unsafe_vec_after_turbo_v_decode=1 allow_vec=0 kernel=MMA_F16 need_f16_K=1 need_f16_V=0 Knb=[22,704,176,180224] Vnb=[36,288,72,73728] Keff_nb=[22,704,176,180224] Veff_nb=[2,2048,512,524288]
CUDA_FA_ROUTE_ALLOC kernel=MMA_F16 need_f16_K=1 need_f16_V=0 workspace_end_offset=4718592 dst_data=(nil) f16_K=0x400000 f16_V=(nil) f16_end=0x480000
CUDA_FA_ROUTE_PLAN device=0 Q=[256,256,16,1] Kraw=q5_0 Vraw=turbo2_tcq Kshape=[256,256,4,1] Vshape=[256,256,4,1] Keff=q5_0 Veff=f16 turbo_kv=1 prefer_native_vec=0 decode=1 dk=0 dv=1 unsafe_vec_after_turbo_v_decode=1 allow_vec=0 kernel=MMA_F16 need_f16_K=1 need_f16_V=0 Knb=[22,704,176,180224] Vnb=[36,288,72,73728] Keff_nb=[22,704,176,180224] Veff_nb=[2,2048,512,524288]
CUDA_FA_ROUTE_ALLOC kernel=MMA_F16 need_f16_K=1 need_f16_V=0 workspace_end_offset=4718592 dst_data=(nil) f16_K=0x400000 f16_V=(nil) f16_end=0x480000
CUDA_FA_ROUTE_PLAN device=0 Q=[256,256,16,1] Kraw=q5_0 Vraw=turbo2_tcq Kshape=[256,256,4,1] Vshape=[256,256,4,1] Keff=q5_0 Veff=f16 turbo_kv=1 prefer_native_vec=0 decode=1 dk=0 dv=1 unsafe_vec_after_turbo_v_decode=1 allow_vec=0 kernel=MMA_F16 need_f16_K=1 need_f16_V=0 Knb=[22,704,176,180224] Vnb=[36,288,72,73728] Keff_nb=[22,704,176,180224] Veff_nb=[2,2048,512,524288]
CUDA_FA_ROUTE_ALLOC kernel=MMA_F16 need_f16_K=1 need_f16_V=0 workspace_end_offset=4718592 dst_data=(nil) f16_K=0x400000 f16_V=(nil) f16_end=0x480000
CUDA_FA_ROUTE_PLAN device=0 Q=[256,256,16,1] Kraw=q5_0 Vraw=turbo2_tcq Kshape=[256,256,4,1] Vshape=[256,256,4,1] Keff=q5_0 Veff=f16 turbo_kv=1 prefer_native_vec=0 decode=1 dk=0 dv=1 unsafe_vec_after_turbo_v_decode=1 allow_vec=0 kernel=MMA_F16 need_f16_K=1 need_f16_V=0 Knb=[22,704,176,180224] Vnb=[36,288,72,73728] Keff_nb=[22,704,176,180224] Veff_nb=[2,2048,512,524288]
CUDA_FA_ROUTE_ALLOC kernel=MMA_F16 need_f16_K=1 need_f16_V=0 workspace_end_offset=4718592 dst_data=(nil) f16_K=0x400000 f16_V=(nil) f16_end=0x480000
CUDA_FA_ROUTE_PLAN device=0 Q=[256,256,16,1] Kraw=q5_0 Vraw=turbo2_tcq Kshape=[256,256,4,1] Vshape=[256,256,4,1] Keff=q5_0 Veff=f16 turbo_kv=1 prefer_native_vec=0 decode=1 dk=0 dv=1 unsafe_vec_after_turbo_v_decode=1 allow_vec=0 kernel=MMA_F16 need_f16_K=1 need_f16_V=0 Knb=[22,704,176,180224] Vnb=[36,288,72,73728] Keff_nb=[22,704,176,180224] Veff_nb=[2,2048,512,524288]
CUDA_FA_ROUTE_ALLOC kernel=MMA_F16 need_f16_K=1 need_f16_V=0 workspace_end_offset=4718592 dst_data=(nil) f16_K=0x400000 f16_V=(nil) f16_end=0x480000
CUDA_FA_ROUTE_PLAN device=0 Q=[256,256,16,1] Kraw=q5_0 Vraw=turbo2_tcq Kshape=[256,256,4,1] Vshape=[256,256,4,1] Keff=q5_0 Veff=f16 turbo_kv=1 prefer_native_vec=0 decode=1 dk=0 dv=1 unsafe_vec_after_turbo_v_decode=1 allow_vec=0 kernel=MMA_F16 need_f16_K=1 need_f16_V=0 Knb=[22,704,176,180224] Vnb=[36,288,72,73728] Keff_nb=[22,704,176,180224] Veff_nb=[2,2048,512,524288]
CUDA_FA_ROUTE_ALLOC kernel=MMA_F16 need_f16_K=1 need_f16_V=0 workspace_end_offset=4718592 dst_data=(nil) f16_K=0x400000 f16_V=(nil) f16_end=0x480000
CUDA_FA_ROUTE_PLAN device=0 Q=[256,256,16,1] Kraw=q5_0 Vraw=turbo2_tcq Kshape=[256,256,4,1] Vshape=[256,256,4,1] Keff=q5_0 Veff=f16 turbo_kv=1 prefer_native_vec=0 decode=1 dk=0 dv=1 unsafe_vec_after_turbo_v_decode=1 allow_vec=0 kernel=MMA_F16 need_f16_K=1 need_f16_V=0 Knb=[22,704,176,180224] Vnb=[36,288,72,73728] Keff_nb=[22,704,176,180224] Veff_nb=[2,2048,512,524288]
CUDA_FA_ROUTE_ALLOC kernel=MMA_F16 need_f16_K=1 need_f16_V=0 workspace_end_offset=4718592 dst_data=(nil) f16_K=0x400000 f16_V=(nil) f16_end=0x480000
CUDA_FA_ROUTE_PLAN device=0 Q=[256,256,16,1] Kraw=q5_0 Vraw=turbo2_tcq Kshape=[256,256,4,1] Vshape=[256,256,4,1] Keff=q5_0 Veff=f16 turbo_kv=1 prefer_native_vec=0 decode=1 dk=0 dv=1 unsafe_vec_after_turbo_v_decode=1 allow_vec=0 kernel=MMA_F16 need_f16_K=1 need_f16_V=0 Knb=[22,704,176,180224] Vnb=[36,288,72,73728] Keff_nb=[22,704,176,180224] Veff_nb=[2,2048,512,524288]
CUDA_FA_ROUTE_ALLOC kernel=MMA_F16 need_f16_K=1 need_f16_V=0 workspace_end_offset=4718592 dst_data=(nil) f16_K=0x400000 f16_V=(nil) f16_end=0x480000
CUDA_FA_ROUTE_PLAN device=0 Q=[256,256,16,1] Kraw=q5_0 Vraw=turbo2_tcq Kshape=[256,256,4,1] Vshape=[256,256,4,1] Keff=q5_0 Veff=f16 turbo_kv=1 prefer_native_vec=0 decode=1 dk=0 dv=1 unsafe_vec_after_turbo_v_decode=1 allow_vec=0 kernel=MMA_F16 need_f16_K=1 need_f16_V=0 Knb=[22,704,176,180224] Vnb=[36,288,72,73728] Keff_nb=[22,704,176,180224] Veff_nb=[2,2048,512,524288]
CUDA_FA_ROUTE_ALLOC kernel=MMA_F16 need_f16_K=1 need_f16_V=0 workspace_end_offset=4718592 dst_data=(nil) f16_K=0x400000 f16_V=(nil) f16_end=0x480000
CUDA_FA_ROUTE_PLAN device=0 Q=[256,256,16,1] Kraw=q5_0 Vraw=turbo2_tcq Kshape=[256,256,4,1] Vshape=[256,256,4,1] Keff=q5_0 Veff=f16 turbo_kv=1 prefer_native_vec=0 decode=1 dk=0 dv=1 unsafe_vec_after_turbo_v_decode=1 allow_vec=0 kernel=MMA_F16 need_f16_K=1 need_f16_V=0 Knb=[22,704,176,180224] Vnb=[36,288,72,73728] Keff_nb=[22,704,176,180224] Veff_nb=[2,2048,512,524288]
CUDA_FA_ROUTE_ALLOC kernel=MMA_F16 need_f16_K=1 need_f16_V=0 workspace_end_offset=4718592 dst_data=(nil) f16_K=0x400000 f16_V=(nil) f16_end=0x480000
CUDA_FA_ROUTE_PLAN device=0 Q=[256,256,16,1] Kraw=q5_0 Vraw=turbo2_tcq Kshape=[256,256,4,1] Vshape=[256,256,4,1] Keff=q5_0 Veff=f16 turbo_kv=1 prefer_native_vec=0 decode=1 dk=0 dv=1 unsafe_vec_after_turbo_v_decode=1 allow_vec=0 kernel=MMA_F16 need_f16_K=1 need_f16_V=0 Knb=[22,704,176,180224] Vnb=[36,288,72,73728] Keff_nb=[22,704,176,180224] Veff_nb=[2,2048,512,524288]
CUDA_FA_ROUTE_ALLOC kernel=MMA_F16 need_f16_K=1 need_f16_V=0 workspace_end_offset=4718592 dst_data=(nil) f16_K=0x400000 f16_V=(nil) f16_end=0x480000
CUDA_FA_ROUTE_PLAN device=0 Q=[256,256,16,1] Kraw=q5_0 Vraw=turbo2_tcq Kshape=[256,256,4,1] Vshape=[256,256,4,1] Keff=q5_0 Veff=f16 turbo_kv=1 prefer_native_vec=0 decode=1 dk=0 dv=1 unsafe_vec_after_turbo_v_decode=1 allow_vec=0 kernel=MMA_F16 need_f16_K=1 need_f16_V=0 Knb=[22,704,176,180224] Vnb=[36,288,72,73728] Keff_nb=[22,704,176,180224] Veff_nb=[2,2048,512,524288]
CUDA_FA_ROUTE_ALLOC kernel=MMA_F16 need_f16_K=1 need_f16_V=0 workspace_end_offset=4718592 dst_data=(nil) f16_K=0x400000 f16_V=(nil) f16_end=0x480000
CUDA_FA_ROUTE_PLAN device=0 Q=[256,256,16,1] Kraw=q5_0 Vraw=turbo2_tcq Kshape=[256,256,4,1] Vshape=[256,256,4,1] Keff=q5_0 Veff=f16 turbo_kv=1 prefer_native_vec=0 decode=1 dk=0 dv=1 unsafe_vec_after_turbo_v_decode=1 allow_vec=0 kernel=MMA_F16 need_f16_K=1 need_f16_V=0 Knb=[22,704,176,180224] Vnb=[36,288,72,73728] Keff_nb=[22,704,176,180224] Veff_nb=[2,2048,512,524288]
CUDA_FA_ROUTE_ALLOC kernel=MMA_F16 need_f16_K=1 need_f16_V=0 workspace_end_offset=4718592 dst_data=(nil) f16_K=0x400000 f16_V=(nil) f16_end=0x480000
CUDA_FA_ROUTE_PLAN device=0 Q=[256,256,16,1] Kraw=q5_0 Vraw=turbo2_tcq Kshape=[256,256,4,1] Vshape=[256,256,4,1] Keff=q5_0 Veff=f16 turbo_kv=1 prefer_native_vec=0 decode=1 dk=0 dv=1 unsafe_vec_after_turbo_v_decode=1 allow_vec=0 kernel=MMA_F16 need_f16_K=1 need_f16_V=0 Knb=[22,704,176,180224] Vnb=[36,288,72,73728] Keff_nb=[22,704,176,180224] Veff_nb=[2,2048,512,524288]
CUDA_FA_ROUTE_ALLOC kernel=MMA_F16 need_f16_K=1 need_f16_V=0 workspace_end_offset=4718592 dst_data=(nil) f16_K=0x400000 f16_V=(nil) f16_end=0x480000
CUDA_FA_ROUTE_PLAN device=0 Q=[256,256,16,1] Kraw=q5_0 Vraw=turbo2_tcq Kshape=[256,256,4,1] Vshape=[256,256,4,1] Keff=q5_0 Veff=f16 turbo_kv=1 prefer_native_vec=0 decode=1 dk=0 dv=1 unsafe_vec_after_turbo_v_decode=1 allow_vec=0 kernel=MMA_F16 need_f16_K=1 need_f16_V=0 Knb=[22,704,176,180224] Vnb=[36,288,72,73728] Keff_nb=[22,704,176,180224] Veff_nb=[2,2048,512,524288]
CUDA_FA_ROUTE_ALLOC kernel=MMA_F16 need_f16_K=1 need_f16_V=0 workspace_end_offset=4718592 dst_data=(nil) f16_K=0x400000 f16_V=(nil) f16_end=0x480000
CUDA_FA_ROUTE_PLAN device=0 Q=[256,256,16,1] Kraw=q5_0 Vraw=turbo2_tcq Kshape=[256,256,4,1] Vshape=[256,256,4,1] Keff=q5_0 Veff=f16 turbo_kv=1 prefer_native_vec=0 decode=1 dk=0 dv=1 unsafe_vec_after_turbo_v_decode=1 allow_vec=0 kernel=MMA_F16 need_f16_K=1 need_f16_V=0 Knb=[22,704,176,180224] Vnb=[36,288,72,73728] Keff_nb=[22,704,176,180224] Veff_nb=[2,2048,512,524288]
CUDA_FA_ROUTE_ALLOC kernel=MMA_F16 need_f16_K=1 need_f16_V=0 workspace_end_offset=4718592 dst_data=(nil) f16_K=0x400000 f16_V=(nil) f16_end=0x480000
CUDA_FA_ROUTE_PLAN device=0 Q=[256,1,16,1] Kraw=q5_0 Vraw=turbo2_tcq Kshape=[256,256,4,1] Vshape=[256,256,4,1] Keff=q5_0 Veff=f16 turbo_kv=1 prefer_native_vec=0 decode=1 dk=0 dv=1 unsafe_vec_after_turbo_v_decode=1 allow_vec=0 kernel=MMA_F16 need_f16_K=1 need_f16_V=0 Knb=[22,704,176,180224] Vnb=[36,288,72,73728] Keff_nb=[22,704,176,180224] Veff_nb=[2,2048,512,524288]
CUDA_FA_ROUTE_SUPPORTED kernel=MMA_F16 effK=q5_0 effV=f16 supported=1
CUDA_FA_ROUTE_PLAN device=0 Q=[256,1,16,1] Kraw=q5_0 Vraw=turbo2_tcq Kshape=[256,256,4,1] Vshape=[256,256,4,1] Keff=q5_0 Veff=f16 turbo_kv=1 prefer_native_vec=0 decode=1 dk=0 dv=1 unsafe_vec_after_turbo_v_decode=1 allow_vec=0 kernel=MMA_F16 need_f16_K=1 need_f16_V=0 Knb=[22,704,176,180224] Vnb=[36,288,72,73728] Keff_nb=[22,704,176,180224] Veff_nb=[2,2048,512,524288]
CUDA_FA_ROUTE_SUPPORTED kernel=MMA_F16 effK=q5_0 effV=f16 supported=1
CUDA_FA_ROUTE_PLAN device=0 Q=[256,1,16,1] Kraw=q5_0 Vraw=turbo2_tcq Kshape=[256,256,4,1] Vshape=[256,256,4,1] Keff=q5_0 Veff=f16 turbo_kv=1 prefer_native_vec=0 decode=1 dk=0 dv=1 unsafe_vec_after_turbo_v_decode=1 allow_vec=0 kernel=MMA_F16 need_f16_K=1 need_f16_V=0 Knb=[22,704,176,180224] Vnb=[36,288,72,73728] Keff_nb=[22,704,176,180224] Veff_nb=[2,2048,512,524288]
CUDA_FA_ROUTE_SUPPORTED kernel=MMA_F16 effK=q5_0 effV=f16 supported=1
CUDA_FA_ROUTE_PLAN device=0 Q=[256,1,16,1] Kraw=q5_0 Vraw=turbo2_tcq Kshape=[256,256,4,1] Vshape=[256,256,4,1] Keff=q5_0 Veff=f16 turbo_kv=1 prefer_native_vec=0 decode=1 dk=0 dv=1 unsafe_vec_after_turbo_v_decode=1 allow_vec=0 kernel=MMA_F16 need_f16_K=1 need_f16_V=0 Knb=[22,704,176,180224] Vnb=[36,288,72,73728] Keff_nb=[22,704,176,180224] Veff_nb=[2,2048,512,524288]
CUDA_FA_ROUTE_SUPPORTED kernel=MMA_F16 effK=q5_0 effV=f16 supported=1
CUDA_FA_ROUTE_PLAN device=0 Q=[256,1,16,1] Kraw=q5_0 Vraw=turbo2_tcq Kshape=[256,256,4,1] Vshape=[256,256,4,1] Keff=q5_0 Veff=f16 turbo_kv=1 prefer_native_vec=0 decode=1 dk=0 dv=1 unsafe_vec_after_turbo_v_decode=1 allow_vec=0 kernel=MMA_F16 need_f16_K=1 need_f16_V=0 Knb=[22,704,176,180224] Vnb=[36,288,72,73728] Keff_nb=[22,704,176,180224] Veff_nb=[2,2048,512,524288]
CUDA_FA_ROUTE_SUPPORTED kernel=MMA_F16 effK=q5_0 effV=f16 supported=1
CUDA_FA_ROUTE_PLAN device=0 Q=[256,1,16,1] Kraw=q5_0 Vraw=turbo2_tcq Kshape=[256,256,4,1] Vshape=[256,256,4,1] Keff=q5_0 Veff=f16 turbo_kv=1 prefer_native_vec=0 decode=1 dk=0 dv=1 unsafe_vec_after_turbo_v_decode=1 allow_vec=0 kernel=MMA_F16 need_f16_K=1 need_f16_V=0 Knb=[22,704,176,180224] Vnb=[36,288,72,73728] Keff_nb=[22,704,176,180224] Veff_nb=[2,2048,512,524288]
CUDA_FA_ROUTE_SUPPORTED kernel=MMA_F16 effK=q5_0 effV=f16 supported=1
CUDA_FA_ROUTE_PLAN device=0 Q=[256,1,16,1] Kraw=q5_0 Vraw=turbo2_tcq Kshape=[256,256,4,1] Vshape=[256,256,4,1] Keff=q5_0 Veff=f16 turbo_kv=1 prefer_native_vec=0 decode=1 dk=0 dv=1 unsafe_vec_after_turbo_v_decode=1 allow_vec=0 kernel=MMA_F16 need_f16_K=1 need_f16_V=0 Knb=[22,704,176,180224] Vnb=[36,288,72,73728] Keff_nb=[22,704,176,180224] Veff_nb=[2,2048,512,524288]
CUDA_FA_ROUTE_SUPPORTED kernel=MMA_F16 effK=q5_0 effV=f16 supported=1
CUDA_FA_ROUTE_PLAN device=0 Q=[256,1,16,1] Kraw=q5_0 Vraw=turbo2_tcq Kshape=[256,256,4,1] Vshape=[256,256,4,1] Keff=q5_0 Veff=f16 turbo_kv=1 prefer_native_vec=0 decode=1 dk=0 dv=1 unsafe_vec_after_turbo_v_decode=1 allow_vec=0 kernel=MMA_F16 need_f16_K=1 need_f16_V=0 Knb=[22,704,176,180224] Vnb=[36,288,72,73728] Keff_nb=[22,704,176,180224] Veff_nb=[2,2048,512,524288]
CUDA_FA_ROUTE_SUPPORTED kernel=MMA_F16 effK=q5_0 effV=f16 supported=1
CUDA_FA_ROUTE_PLAN device=0 Q=[256,1,16,1] Kraw=q5_0 Vraw=turbo2_tcq Kshape=[256,256,4,1] Vshape=[256,256,4,1] Keff=q5_0 Veff=f16 turbo_kv=1 prefer_native_vec=0 decode=1 dk=0 dv=1 unsafe_vec_after_turbo_v_decode=1 allow_vec=0 kernel=MMA_F16 need_f16_K=1 need_f16_V=0 Knb=[22,704,176,180224] Vnb=[36,288,72,73728] Keff_nb=[22,704,176,180224] Veff_nb=[2,2048,512,524288]
CUDA_FA_ROUTE_ALLOC kernel=MMA_F16 need_f16_K=1 need_f16_V=0 workspace_end_offset=540672 dst_data=(nil) f16_K=0x4000 f16_V=(nil) f16_end=0x84000
CUDA_FA_ROUTE_PLAN device=0 Q=[256,1,16,1] Kraw=q5_0 Vraw=turbo2_tcq Kshape=[256,256,4,1] Vshape=[256,256,4,1] Keff=q5_0 Veff=f16 turbo_kv=1 prefer_native_vec=0 decode=1 dk=0 dv=1 unsafe_vec_after_turbo_v_decode=1 allow_vec=0 kernel=MMA_F16 need_f16_K=1 need_f16_V=0 Knb=[22,704,176,180224] Vnb=[36,288,72,73728] Keff_nb=[22,704,176,180224] Veff_nb=[2,2048,512,524288]
CUDA_FA_ROUTE_ALLOC kernel=MMA_F16 need_f16_K=1 need_f16_V=0 workspace_end_offset=540672 dst_data=(nil) f16_K=0x4000 f16_V=(nil) f16_end=0x84000
CUDA_FA_ROUTE_PLAN device=0 Q=[256,1,16,1] Kraw=q5_0 Vraw=turbo2_tcq Kshape=[256,256,4,1] Vshape=[256,256,4,1] Keff=q5_0 Veff=f16 turbo_kv=1 prefer_native_vec=0 decode=1 dk=0 dv=1 unsafe_vec_after_turbo_v_decode=1 allow_vec=0 kernel=MMA_F16 need_f16_K=1 need_f16_V=0 Knb=[22,704,176,180224] Vnb=[36,288,72,73728] Keff_nb=[22,704,176,180224] Veff_nb=[2,2048,512,524288]
CUDA_FA_ROUTE_ALLOC kernel=MMA_F16 need_f16_K=1 need_f16_V=0 workspace_end_offset=540672 dst_data=(nil) f16_K=0x4000 f16_V=(nil) f16_end=0x84000
CUDA_FA_ROUTE_PLAN device=0 Q=[256,1,16,1] Kraw=q5_0 Vraw=turbo2_tcq Kshape=[256,256,4,1] Vshape=[256,256,4,1] Keff=q5_0 Veff=f16 turbo_kv=1 prefer_native_vec=0 decode=1 dk=0 dv=1 unsafe_vec_after_turbo_v_decode=1 allow_vec=0 kernel=MMA_F16 need_f16_K=1 need_f16_V=0 Knb=[22,704,176,180224] Vnb=[36,288,72,73728] Keff_nb=[22,704,176,180224] Veff_nb=[2,2048,512,524288]
CUDA_FA_ROUTE_ALLOC kernel=MMA_F16 need_f16_K=1 need_f16_V=0 workspace_end_offset=540672 dst_data=(nil) f16_K=0x4000 f16_V=(nil) f16_end=0x84000
CUDA_FA_ROUTE_PLAN device=0 Q=[256,1,16,1] Kraw=q5_0 Vraw=turbo2_tcq Kshape=[256,256,4,1] Vshape=[256,256,4,1] Keff=q5_0 Veff=f16 turbo_kv=1 prefer_native_vec=0 decode=1 dk=0 dv=1 unsafe_vec_after_turbo_v_decode=1 allow_vec=0 kernel=MMA_F16 need_f16_K=1 need_f16_V=0 Knb=[22,704,176,180224] Vnb=[36,288,72,73728] Keff_nb=[22,704,176,180224] Veff_nb=[2,2048,512,524288]
CUDA_FA_ROUTE_ALLOC kernel=MMA_F16 need_f16_K=1 need_f16_V=0 workspace_end_offset=540672 dst_data=(nil) f16_K=0x4000 f16_V=(nil) f16_end=0x84000
CUDA_FA_ROUTE_PLAN device=0 Q=[256,1,16,1] Kraw=q5_0 Vraw=turbo2_tcq Kshape=[256,256,4,1] Vshape=[256,256,4,1] Keff=q5_0 Veff=f16 turbo_kv=1 prefer_native_vec=0 decode=1 dk=0 dv=1 unsafe_vec_after_turbo_v_decode=1 allow_vec=0 kernel=MMA_F16 need_f16_K=1 need_f16_V=0 Knb=[22,704,176,180224] Vnb=[36,288,72,73728] Keff_nb=[22,704,176,180224] Veff_nb=[2,2048,512,524288]
CUDA_FA_ROUTE_ALLOC kernel=MMA_F16 need_f16_K=1 need_f16_V=0 workspace_end_offset=540672 dst_data=(nil) f16_K=0x4000 f16_V=(nil) f16_end=0x84000
CUDA_FA_ROUTE_PLAN device=0 Q=[256,1,16,1] Kraw=q5_0 Vraw=turbo2_tcq Kshape=[256,256,4,1] Vshape=[256,256,4,1] Keff=q5_0 Veff=f16 turbo_kv=1 prefer_native_vec=0 decode=1 dk=0 dv=1 unsafe_vec_after_turbo_v_decode=1 allow_vec=0 kernel=MMA_F16 need_f16_K=1 need_f16_V=0 Knb=[22,704,176,180224] Vnb=[36,288,72,73728] Keff_nb=[22,704,176,180224] Veff_nb=[2,2048,512,524288]
CUDA_FA_ROUTE_ALLOC kernel=MMA_F16 need_f16_K=1 need_f16_V=0 workspace_end_offset=540672 dst_data=(nil) f16_K=0x4000 f16_V=(nil) f16_end=0x84000
CUDA_FA_ROUTE_PLAN device=0 Q=[256,1,16,1] Kraw=q5_0 Vraw=turbo2_tcq Kshape=[256,256,4,1] Vshape=[256,256,4,1] Keff=q5_0 Veff=f16 turbo_kv=1 prefer_native_vec=0 decode=1 dk=0 dv=1 unsafe_vec_after_turbo_v_decode=1 allow_vec=0 kernel=MMA_F16 need_f16_K=1 need_f16_V=0 Knb=[22,704,176,180224] Vnb=[36,288,72,73728] Keff_nb=[22,704,176,180224] Veff_nb=[2,2048,512,524288]
CUDA_FA_ROUTE_ALLOC kernel=MMA_F16 need_f16_K=1 need_f16_V=0 workspace_end_offset=540672 dst_data=(nil) f16_K=0x4000 f16_V=(nil) f16_end=0x84000
CUDA_FA_ROUTE_PLAN device=0 Q=[256,1,16,1] Kraw=q5_0 Vraw=turbo2_tcq Kshape=[256,256,4,1] Vshape=[256,256,4,1] Keff=q5_0 Veff=f16 turbo_kv=1 prefer_native_vec=0 decode=1 dk=0 dv=1 unsafe_vec_after_turbo_v_decode=1 allow_vec=0 kernel=MMA_F16 need_f16_K=1 need_f16_V=0 Knb=[22,704,176,180224] Vnb=[36,288,72,73728] Keff_nb=[22,704,176,180224] Veff_nb=[2,2048,512,524288]
CUDA_FA_ROUTE_ALLOC kernel=MMA_F16 need_f16_K=1 need_f16_V=0 workspace_end_offset=540672 dst_data=(nil) f16_K=0x4000 f16_V=(nil) f16_end=0x84000
CUDA_FA_ROUTE_PLAN device=0 Q=[256,1,16,1] Kraw=q5_0 Vraw=turbo2_tcq Kshape=[256,256,4,1] Vshape=[256,256,4,1] Keff=q5_0 Veff=f16 turbo_kv=1 prefer_native_vec=0 decode=1 dk=0 dv=1 unsafe_vec_after_turbo_v_decode=1 allow_vec=0 kernel=MMA_F16 need_f16_K=1 need_f16_V=0 Knb=[22,704,176,180224] Vnb=[36,288,72,73728] Keff_nb=[22,704,176,180224] Veff_nb=[2,2048,512,524288]
CUDA_FA_ROUTE_ALLOC kernel=MMA_F16 need_f16_K=1 need_f16_V=0 workspace_end_offset=540672 dst_data=(nil) f16_K=0x4000 f16_V=(nil) f16_end=0x84000
CUDA_FA_ROUTE_PLAN device=0 Q=[256,1,16,1] Kraw=q5_0 Vraw=turbo2_tcq Kshape=[256,256,4,1] Vshape=[256,256,4,1] Keff=q5_0 Veff=f16 turbo_kv=1 prefer_native_vec=0 decode=1 dk=0 dv=1 unsafe_vec_after_turbo_v_decode=1 allow_vec=0 kernel=MMA_F16 need_f16_K=1 need_f16_V=0 Knb=[22,704,176,180224] Vnb=[36,288,72,73728] Keff_nb=[22,704,176,180224] Veff_nb=[2,2048,512,524288]
CUDA_FA_ROUTE_ALLOC kernel=MMA_F16 need_f16_K=1 need_f16_V=0 workspace_end_offset=540672 dst_data=(nil) f16_K=0x4000 f16_V=(nil) f16_end=0x84000
CUDA_FA_ROUTE_PLAN device=0 Q=[256,1,16,1] Kraw=q5_0 Vraw=turbo2_tcq Kshape=[256,256,4,1] Vshape=[256,256,4,1] Keff=q5_0 Veff=f16 turbo_kv=1 prefer_native_vec=0 decode=1 dk=0 dv=1 unsafe_vec_after_turbo_v_decode=1 allow_vec=0 kernel=MMA_F16 need_f16_K=1 need_f16_V=0 Knb=[22,704,176,180224] Vnb=[36,288,72,73728] Keff_nb=[22,704,176,180224] Veff_nb=[2,2048,512,524288]
CUDA_FA_ROUTE_ALLOC kernel=MMA_F16 need_f16_K=1 need_f16_V=0 workspace_end_offset=540672 dst_data=(nil) f16_K=0x4000 f16_V=(nil) f16_end=0x84000
CUDA_FA_ROUTE_PLAN device=0 Q=[256,1,16,1] Kraw=q5_0 Vraw=turbo2_tcq Kshape=[256,256,4,1] Vshape=[256,256,4,1] Keff=q5_0 Veff=f16 turbo_kv=1 prefer_native_vec=0 decode=1 dk=0 dv=1 unsafe_vec_after_turbo_v_decode=1 allow_vec=0 kernel=MMA_F16 need_f16_K=1 need_f16_V=0 Knb=[22,704,176,180224] Vnb=[36,288,72,73728] Keff_nb=[22,704,176,180224] Veff_nb=[2,2048,512,524288]
CUDA_FA_ROUTE_ALLOC kernel=MMA_F16 need_f16_K=1 need_f16_V=0 workspace_end_offset=540672 dst_data=(nil) f16_K=0x4000 f16_V=(nil) f16_end=0x84000
CUDA_FA_ROUTE_PLAN device=0 Q=[256,1,16,1] Kraw=q5_0 Vraw=turbo2_tcq Kshape=[256,256,4,1] Vshape=[256,256,4,1] Keff=q5_0 Veff=f16 turbo_kv=1 prefer_native_vec=0 decode=1 dk=0 dv=1 unsafe_vec_after_turbo_v_decode=1 allow_vec=0 kernel=MMA_F16 need_f16_K=1 need_f16_V=0 Knb=[22,704,176,180224] Vnb=[36,288,72,73728] Keff_nb=[22,704,176,180224] Veff_nb=[2,2048,512,524288]
CUDA_FA_ROUTE_ALLOC kernel=MMA_F16 need_f16_K=1 need_f16_V=0 workspace_end_offset=540672 dst_data=(nil) f16_K=0x4000 f16_V=(nil) f16_end=0x84000
CUDA_FA_ROUTE_PLAN device=0 Q=[256,1,16,1] Kraw=q5_0 Vraw=turbo2_tcq Kshape=[256,256,4,1] Vshape=[256,256,4,1] Keff=q5_0 Veff=f16 turbo_kv=1 prefer_native_vec=0 decode=1 dk=0 dv=1 unsafe_vec_after_turbo_v_decode=1 allow_vec=0 kernel=MMA_F16 need_f16_K=1 need_f16_V=0 Knb=[22,704,176,180224] Vnb=[36,288,72,73728] Keff_nb=[22,704,176,180224] Veff_nb=[2,2048,512,524288]
CUDA_FA_ROUTE_ALLOC kernel=MMA_F16 need_f16_K=1 need_f16_V=0 workspace_end_offset=540672 dst_data=(nil) f16_K=0x4000 f16_V=(nil) f16_end=0x84000
CUDA_FA_ROUTE_PLAN device=0 Q=[256,1,16,1] Kraw=q5_0 Vraw=turbo2_tcq Kshape=[256,256,4,1] Vshape=[256,256,4,1] Keff=q5_0 Veff=f16 turbo_kv=1 prefer_native_vec=0 decode=1 dk=0 dv=1 unsafe_vec_after_turbo_v_decode=1 allow_vec=0 kernel=MMA_F16 need_f16_K=1 need_f16_V=0 Knb=[22,704,176,180224] Vnb=[36,288,72,73728] Keff_nb=[22,704,176,180224] Veff_nb=[2,2048,512,524288]
CUDA_FA_ROUTE_ALLOC kernel=MMA_F16 need_f16_K=1 need_f16_V=0 workspace_end_offset=540672 dst_data=(nil) f16_K=0x4000 f16_V=(nil) f16_end=0x84000
CUDA_FA_ROUTE_PLAN device=0 Q=[256,1,16,1] Kraw=q5_0 Vraw=turbo2_tcq Kshape=[256,256,4,1] Vshape=[256,256,4,1] Keff=q5_0 Veff=f16 turbo_kv=1 prefer_native_vec=0 decode=1 dk=0 dv=1 unsafe_vec_after_turbo_v_decode=1 allow_vec=0 kernel=MMA_F16 need_f16_K=1 need_f16_V=0 Knb=[22,704,176,180224] Vnb=[36,288,72,73728] Keff_nb=[22,704,176,180224] Veff_nb=[2,2048,512,524288]
CUDA_FA_ROUTE_ALLOC kernel=MMA_F16 need_f16_K=1 need_f16_V=0 workspace_end_offset=540672 dst_data=(nil) f16_K=0x4000 f16_V=(nil) f16_end=0x84000
CUDA_FA_ROUTE_PLAN device=0 Q=[256,1,16,1] Kraw=q5_0 Vraw=turbo2_tcq Kshape=[256,256,4,1] Vshape=[256,256,4,1] Keff=q5_0 Veff=f16 turbo_kv=1 prefer_native_vec=0 decode=1 dk=0 dv=1 unsafe_vec_after_turbo_v_decode=1 allow_vec=0 kernel=MMA_F16 need_f16_K=1 need_f16_V=0 Knb=[22,704,176,180224] Vnb=[36,288,72,73728] Keff_nb=[22,704,176,180224] Veff_nb=[2,2048,512,524288]
CUDA_FA_ROUTE_ALLOC kernel=MMA_F16 need_f16_K=1 need_f16_V=0 workspace_end_offset=540672 dst_data=(nil) f16_K=0x4000 f16_V=(nil) f16_end=0x84000
CUDA_FA_ROUTE_PLAN device=0 Q=[256,1,16,1] Kraw=q5_0 Vraw=turbo2_tcq Kshape=[256,256,4,1] Vshape=[256,256,4,1] Keff=q5_0 Veff=f16 turbo_kv=1 prefer_native_vec=0 decode=1 dk=0 dv=1 unsafe_vec_after_turbo_v_decode=1 allow_vec=0 kernel=MMA_F16 need_f16_K=1 need_f16_V=0 Knb=[22,704,176,180224] Vnb=[36,288,72,73728] Keff_nb=[22,704,176,180224] Veff_nb=[2,2048,512,524288]
CUDA_FA_ROUTE_ALLOC kernel=MMA_F16 need_f16_K=1 need_f16_V=0 workspace_end_offset=540672 dst_data=(nil) f16_K=0x4000 f16_V=(nil) f16_end=0x84000
CUDA_FA_ROUTE_PLAN device=0 Q=[256,1,16,1] Kraw=q5_0 Vraw=turbo2_tcq Kshape=[256,256,4,1] Vshape=[256,256,4,1] Keff=q5_0 Veff=f16 turbo_kv=1 prefer_native_vec=0 decode=1 dk=0 dv=1 unsafe_vec_after_turbo_v_decode=1 allow_vec=0 kernel=MMA_F16 need_f16_K=1 need_f16_V=0 Knb=[22,704,176,180224] Vnb=[36,288,72,73728] Keff_nb=[22,704,176,180224] Veff_nb=[2,2048,512,524288]
CUDA_FA_ROUTE_ALLOC kernel=MMA_F16 need_f16_K=1 need_f16_V=0 workspace_end_offset=540672 dst_data=(nil) f16_K=0x4000 f16_V=(nil) f16_end=0x84000
CUDA_FA_ROUTE_PLAN device=0 Q=[256,1,16,1] Kraw=q5_0 Vraw=turbo2_tcq Kshape=[256,256,4,1] Vshape=[256,256,4,1] Keff=q5_0 Veff=f16 turbo_kv=1 prefer_native_vec=0 decode=1 dk=0 dv=1 unsafe_vec_after_turbo_v_decode=1 allow_vec=0 kernel=MMA_F16 need_f16_K=1 need_f16_V=0 Knb=[22,704,176,180224] Vnb=[36,288,72,73728] Keff_nb=[22,704,176,180224] Veff_nb=[2,2048,512,524288]
CUDA_FA_ROUTE_ALLOC kernel=MMA_F16 need_f16_K=1 need_f16_V=0 workspace_end_offset=540672 dst_data=(nil) f16_K=0x4000 f16_V=(nil) f16_end=0x84000
CUDA_FA_ROUTE_PLAN device=0 Q=[256,1,16,1] Kraw=q5_0 Vraw=turbo2_tcq Kshape=[256,256,4,1] Vshape=[256,256,4,1] Keff=q5_0 Veff=f16 turbo_kv=1 prefer_native_vec=0 decode=1 dk=0 dv=1 unsafe_vec_after_turbo_v_decode=1 allow_vec=0 kernel=MMA_F16 need_f16_K=1 need_f16_V=0 Knb=[22,704,176,180224] Vnb=[36,288,72,73728] Keff_nb=[22,704,176,180224] Veff_nb=[2,2048,512,524288]
CUDA_FA_ROUTE_ALLOC kernel=MMA_F16 need_f16_K=1 need_f16_V=0 workspace_end_offset=540672 dst_data=(nil) f16_K=0x4000 f16_V=(nil) f16_end=0x84000
CUDA_FA_ROUTE_PLAN device=0 Q=[256,1,16,1] Kraw=q5_0 Vraw=turbo2_tcq Kshape=[256,256,4,1] Vshape=[256,256,4,1] Keff=q5_0 Veff=f16 turbo_kv=1 prefer_native_vec=0 decode=1 dk=0 dv=1 unsafe_vec_after_turbo_v_decode=1 allow_vec=0 kernel=MMA_F16 need_f16_K=1 need_f16_V=0 Knb=[22,704,176,180224] Vnb=[36,288,72,73728] Keff_nb=[22,704,176,180224] Veff_nb=[2,2048,512,524288]
CUDA_FA_ROUTE_ALLOC kernel=MMA_F16 need_f16_K=1 need_f16_V=0 workspace_end_offset=540672 dst_data=(nil) f16_K=0x4000 f16_V=(nil) f16_end=0x84000
CUDA_FA_ROUTE_PLAN device=0 Q=[256,1,16,1] Kraw=q5_0 Vraw=turbo2_tcq Kshape=[256,256,4,1] Vshape=[256,256,4,1] Keff=q5_0 Veff=f16 turbo_kv=1 prefer_native_vec=0 decode=1 dk=0 dv=1 unsafe_vec_after_turbo_v_decode=1 allow_vec=0 kernel=MMA_F16 need_f16_K=1 need_f16_V=0 Knb=[22,704,176,180224] Vnb=[36,288,72,73728] Keff_nb=[22,704,176,180224] Veff_nb=[2,2048,512,524288]
CUDA_FA_ROUTE_ALLOC kernel=MMA_F16 need_f16_K=1 need_f16_V=0 workspace_end_offset=540672 dst_data=(nil) f16_K=0x4000 f16_V=(nil) f16_end=0x84000
CUDA_FA_ROUTE_PLAN device=0 Q=[256,1,16,1] Kraw=q5_0 Vraw=turbo2_tcq Kshape=[256,256,4,1] Vshape=[256,256,4,1] Keff=q5_0 Veff=f16 turbo_kv=1 prefer_native_vec=0 decode=1 dk=0 dv=1 unsafe_vec_after_turbo_v_decode=1 allow_vec=0 kernel=MMA_F16 need_f16_K=1 need_f16_V=0 Knb=[22,704,176,180224] Vnb=[36,288,72,73728] Keff_nb=[22,704,176,180224] Veff_nb=[2,2048,512,524288]
CUDA_FA_ROUTE_ALLOC kernel=MMA_F16 need_f16_K=1 need_f16_V=0 workspace_end_offset=540672 dst_data=(nil) f16_K=0x4000 f16_V=(nil) f16_end=0x84000
CUDA_FA_ROUTE_PLAN device=0 Q=[256,1,16,1] Kraw=q5_0 Vraw=turbo2_tcq Kshape=[256,256,4,1] Vshape=[256,256,4,1] Keff=q5_0 Veff=f16 turbo_kv=1 prefer_native_vec=0 decode=1 dk=0 dv=1 unsafe_vec_after_turbo_v_decode=1 allow_vec=0 kernel=MMA_F16 need_f16_K=1 need_f16_V=0 Knb=[22,704,176,180224] Vnb=[36,288,72,73728] Keff_nb=[22,704,176,180224] Veff_nb=[2,2048,512,524288]
CUDA_FA_ROUTE_ALLOC kernel=MMA_F16 need_f16_K=1 need_f16_V=0 workspace_end_offset=540672 dst_data=(nil) f16_K=0x4000 f16_V=(nil) f16_end=0x84000
CUDA_FA_ROUTE_PLAN device=0 Q=[256,1,16,1] Kraw=q5_0 Vraw=turbo2_tcq Kshape=[256,256,4,1] Vshape=[256,256,4,1] Keff=q5_0 Veff=f16 turbo_kv=1 prefer_native_vec=0 decode=1 dk=0 dv=1 unsafe_vec_after_turbo_v_decode=1 allow_vec=0 kernel=MMA_F16 need_f16_K=1 need_f16_V=0 Knb=[22,704,176,180224] Vnb=[36,288,72,73728] Keff_nb=[22,704,176,180224] Veff_nb=[2,2048,512,524288]
CUDA_FA_ROUTE_ALLOC kernel=MMA_F16 need_f16_K=1 need_f16_V=0 workspace_end_offset=540672 dst_data=(nil) f16_K=0x4000 f16_V=(nil) f16_end=0x84000
CUDA_FA_ROUTE_PLAN device=0 Q=[256,1,16,1] Kraw=q5_0 Vraw=turbo2_tcq Kshape=[256,256,4,1] Vshape=[256,256,4,1] Keff=q5_0 Veff=f16 turbo_kv=1 prefer_native_vec=0 decode=1 dk=0 dv=1 unsafe_vec_after_turbo_v_decode=1 allow_vec=0 kernel=MMA_F16 need_f16_K=1 need_f16_V=0 Knb=[22,704,176,180224] Vnb=[36,288,72,73728] Keff_nb=[22,704,176,180224] Veff_nb=[2,2048,512,524288]
CUDA_FA_ROUTE_ALLOC kernel=MMA_F16 need_f16_K=1 need_f16_V=0 workspace_end_offset=540672 dst_data=(nil) f16_K=0x4000 f16_V=(nil) f16_end=0x84000
CUDA_FA_ROUTE_PLAN device=0 Q=[256,1,16,1] Kraw=q5_0 Vraw=turbo2_tcq Kshape=[256,256,4,1] Vshape=[256,256,4,1] Keff=q5_0 Veff=f16 turbo_kv=1 prefer_native_vec=0 decode=1 dk=0 dv=1 unsafe_vec_after_turbo_v_decode=1 allow_vec=0 kernel=MMA_F16 need_f16_K=1 need_f16_V=0 Knb=[22,704,176,180224] Vnb=[36,288,72,73728] Keff_nb=[22,704,176,180224] Veff_nb=[2,2048,512,524288]
CUDA_FA_ROUTE_ALLOC kernel=MMA_F16 need_f16_K=1 need_f16_V=0 workspace_end_offset=540672 dst_data=(nil) f16_K=0x4000 f16_V=(nil) f16_end=0x84000
CUDA_FA_ROUTE_PLAN device=0 Q=[256,1,16,1] Kraw=q5_0 Vraw=turbo2_tcq Kshape=[256,256,4,1] Vshape=[256,256,4,1] Keff=q5_0 Veff=f16 turbo_kv=1 prefer_native_vec=0 decode=1 dk=0 dv=1 unsafe_vec_after_turbo_v_decode=1 allow_vec=0 kernel=MMA_F16 need_f16_K=1 need_f16_V=0 Knb=[22,704,176,180224] Vnb=[36,288,72,73728] Keff_nb=[22,704,176,180224] Veff_nb=[2,2048,512,524288]
CUDA_FA_ROUTE_ALLOC kernel=MMA_F16 need_f16_K=1 need_f16_V=0 workspace_end_offset=540672 dst_data=(nil) f16_K=0x4000 f16_V=(nil) f16_end=0x84000
CUDA_FA_ROUTE_PLAN device=0 Q=[256,1,16,1] Kraw=q5_0 Vraw=turbo2_tcq Kshape=[256,256,4,1] Vshape=[256,256,4,1] Keff=q5_0 Veff=f16 turbo_kv=1 prefer_native_vec=0 decode=1 dk=0 dv=1 unsafe_vec_after_turbo_v_decode=1 allow_vec=0 kernel=MMA_F16 need_f16_K=1 need_f16_V=0 Knb=[22,704,176,180224] Vnb=[36,288,72,73728] Keff_nb=[22,704,176,180224] Veff_nb=[2,2048,512,524288]
CUDA_FA_ROUTE_ALLOC kernel=MMA_F16 need_f16_K=1 need_f16_V=0 workspace_end_offset=540672 dst_data=(nil) f16_K=0x4000 f16_V=(nil) f16_end=0x84000
CUDA_FA_ROUTE_PLAN device=0 Q=[256,1,16,1] Kraw=q5_0 Vraw=turbo2_tcq Kshape=[256,256,4,1] Vshape=[256,256,4,1] Keff=q5_0 Veff=f16 turbo_kv=1 prefer_native_vec=0 decode=1 dk=0 dv=1 unsafe_vec_after_turbo_v_decode=1 allow_vec=0 kernel=MMA_F16 need_f16_K=1 need_f16_V=0 Knb=[22,704,176,180224] Vnb=[36,288,72,73728] Keff_nb=[22,704,176,180224] Veff_nb=[2,2048,512,524288]
CUDA_FA_ROUTE_ALLOC kernel=MMA_F16 need_f16_K=1 need_f16_V=0 workspace_end_offset=540672 dst_data=(nil) f16_K=0x4000 f16_V=(nil) f16_end=0x84000
CUDA_FA_ROUTE_PLAN device=0 Q=[256,256,16,1] Kraw=q5_0 Vraw=turbo2_tcq Kshape=[256,256,4,1] Vshape=[256,256,4,1] Keff=q5_0 Veff=f16 turbo_kv=1 prefer_native_vec=0 decode=1 dk=0 dv=1 unsafe_vec_after_turbo_v_decode=1 allow_vec=0 kernel=MMA_F16 need_f16_K=1 need_f16_V=0 Knb=[22,704,176,180224] Vnb=[36,288,72,73728] Keff_nb=[22,704,176,180224] Veff_nb=[2,2048,512,524288]
CUDA_FA_ROUTE_SUPPORTED kernel=MMA_F16 effK=q5_0 effV=f16 supported=1
CUDA_FA_ROUTE_PLAN device=0 Q=[256,256,16,1] Kraw=q5_0 Vraw=turbo2_tcq Kshape=[256,256,4,1] Vshape=[256,256,4,1] Keff=q5_0 Veff=f16 turbo_kv=1 prefer_native_vec=0 decode=1 dk=0 dv=1 unsafe_vec_after_turbo_v_decode=1 allow_vec=0 kernel=MMA_F16 need_f16_K=1 need_f16_V=0 Knb=[22,704,176,180224] Vnb=[36,288,72,73728] Keff_nb=[22,704,176,180224] Veff_nb=[2,2048,512,524288]
CUDA_FA_ROUTE_SUPPORTED kernel=MMA_F16 effK=q5_0 effV=f16 supported=1
CUDA_FA_ROUTE_PLAN device=0 Q=[256,256,16,1] Kraw=q5_0 Vraw=turbo2_tcq Kshape=[256,256,4,1] Vshape=[256,256,4,1] Keff=q5_0 Veff=f16 turbo_kv=1 prefer_native_vec=0 decode=1 dk=0 dv=1 unsafe_vec_after_turbo_v_decode=1 allow_vec=0 kernel=MMA_F16 need_f16_K=1 need_f16_V=0 Knb=[22,704,176,180224] Vnb=[36,288,72,73728] Keff_nb=[22,704,176,180224] Veff_nb=[2,2048,512,524288]
CUDA_FA_ROUTE_SUPPORTED kernel=MMA_F16 effK=q5_0 effV=f16 supported=1
CUDA_FA_ROUTE_PLAN device=0 Q=[256,256,16,1] Kraw=q5_0 Vraw=turbo2_tcq Kshape=[256,256,4,1] Vshape=[256,256,4,1] Keff=q5_0 Veff=f16 turbo_kv=1 prefer_native_vec=0 decode=1 dk=0 dv=1 unsafe_vec_after_turbo_v_decode=1 allow_vec=0 kernel=MMA_F16 need_f16_K=1 need_f16_V=0 Knb=[22,704,176,180224] Vnb=[36,288,72,73728] Keff_nb=[22,704,176,180224] Veff_nb=[2,2048,512,524288]
CUDA_FA_ROUTE_SUPPORTED kernel=MMA_F16 effK=q5_0 effV=f16 supported=1
CUDA_FA_ROUTE_PLAN device=0 Q=[256,256,16,1] Kraw=q5_0 Vraw=turbo2_tcq Kshape=[256,256,4,1] Vshape=[256,256,4,1] Keff=q5_0 Veff=f16 turbo_kv=1 prefer_native_vec=0 decode=1 dk=0 dv=1 unsafe_vec_after_turbo_v_decode=1 allow_vec=0 kernel=MMA_F16 need_f16_K=1 need_f16_V=0 Knb=[22,704,176,180224] Vnb=[36,288,72,73728] Keff_nb=[22,704,176,180224] Veff_nb=[2,2048,512,524288]
CUDA_FA_ROUTE_SUPPORTED kernel=MMA_F16 effK=q5_0 effV=f16 supported=1
CUDA_FA_ROUTE_PLAN device=0 Q=[256,256,16,1] Kraw=q5_0 Vraw=turbo2_tcq Kshape=[256,256,4,1] Vshape=[256,256,4,1] Keff=q5_0 Veff=f16 turbo_kv=1 prefer_native_vec=0 decode=1 dk=0 dv=1 unsafe_vec_after_turbo_v_decode=1 allow_vec=0 kernel=MMA_F16 need_f16_K=1 need_f16_V=0 Knb=[22,704,176,180224] Vnb=[36,288,72,73728] Keff_nb=[22,704,176,180224] Veff_nb=[2,2048,512,524288]
CUDA_FA_ROUTE_SUPPORTED kernel=MMA_F16 effK=q5_0 effV=f16 supported=1
CUDA_FA_ROUTE_PLAN device=0 Q=[256,256,16,1] Kraw=q5_0 Vraw=turbo2_tcq Kshape=[256,256,4,1] Vshape=[256,256,4,1] Keff=q5_0 Veff=f16 turbo_kv=1 prefer_native_vec=0 decode=1 dk=0 dv=1 unsafe_vec_after_turbo_v_decode=1 allow_vec=0 kernel=MMA_F16 need_f16_K=1 need_f16_V=0 Knb=[22,704,176,180224] Vnb=[36,288,72,73728] Keff_nb=[22,704,176,180224] Veff_nb=[2,2048,512,524288]
CUDA_FA_ROUTE_SUPPORTED kernel=MMA_F16 effK=q5_0 effV=f16 supported=1
CUDA_FA_ROUTE_PLAN device=0 Q=[256,256,16,1] Kraw=q5_0 Vraw=turbo2_tcq Kshape=[256,256,4,1] Vshape=[256,256,4,1] Keff=q5_0 Veff=f16 turbo_kv=1 prefer_native_vec=0 decode=1 dk=0 dv=1 unsafe_vec_after_turbo_v_decode=1 allow_vec=0 kernel=MMA_F16 need_f16_K=1 need_f16_V=0 Knb=[22,704,176,180224] Vnb=[36,288,72,73728] Keff_nb=[22,704,176,180224] Veff_nb=[2,2048,512,524288]
CUDA_FA_ROUTE_SUPPORTED kernel=MMA_F16 effK=q5_0 effV=f16 supported=1
CUDA_FA_ROUTE_PLAN device=0 Q=[256,256,16,1] Kraw=q5_0 Vraw=turbo2_tcq Kshape=[256,256,4,1] Vshape=[256,256,4,1] Keff=q5_0 Veff=f16 turbo_kv=1 prefer_native_vec=0 decode=1 dk=0 dv=1 unsafe_vec_after_turbo_v_decode=1 allow_vec=0 kernel=MMA_F16 need_f16_K=1 need_f16_V=0 Knb=[22,704,176,180224] Vnb=[36,288,72,73728] Keff_nb=[22,704,176,180224] Veff_nb=[2,2048,512,524288]
CUDA_FA_ROUTE_ALLOC kernel=MMA_F16 need_f16_K=1 need_f16_V=0 workspace_end_offset=4718592 dst_data=(nil) f16_K=0x400000 f16_V=(nil) f16_end=0x480000
CUDA_FA_ROUTE_PLAN device=0 Q=[256,256,16,1] Kraw=q5_0 Vraw=turbo2_tcq Kshape=[256,256,4,1] Vshape=[256,256,4,1] Keff=q5_0 Veff=f16 turbo_kv=1 prefer_native_vec=0 decode=1 dk=0 dv=1 unsafe_vec_after_turbo_v_decode=1 allow_vec=0 kernel=MMA_F16 need_f16_K=1 need_f16_V=0 Knb=[22,704,176,180224] Vnb=[36,288,72,73728] Keff_nb=[22,704,176,180224] Veff_nb=[2,2048,512,524288]
CUDA_FA_ROUTE_ALLOC kernel=MMA_F16 need_f16_K=1 need_f16_V=0 workspace_end_offset=4718592 dst_data=(nil) f16_K=0x400000 f16_V=(nil) f16_end=0x480000
CUDA_FA_ROUTE_PLAN device=0 Q=[256,256,16,1] Kraw=q5_0 Vraw=turbo2_tcq Kshape=[256,256,4,1] Vshape=[256,256,4,1] Keff=q5_0 Veff=f16 turbo_kv=1 prefer_native_vec=0 decode=1 dk=0 dv=1 unsafe_vec_after_turbo_v_decode=1 allow_vec=0 kernel=MMA_F16 need_f16_K=1 need_f16_V=0 Knb=[22,704,176,180224] Vnb=[36,288,72,73728] Keff_nb=[22,704,176,180224] Veff_nb=[2,2048,512,524288]
CUDA_FA_ROUTE_ALLOC kernel=MMA_F16 need_f16_K=1 need_f16_V=0 workspace_end_offset=4718592 dst_data=(nil) f16_K=0x400000 f16_V=(nil) f16_end=0x480000
CUDA_FA_ROUTE_PLAN device=0 Q=[256,256,16,1] Kraw=q5_0 Vraw=turbo2_tcq Kshape=[256,256,4,1] Vshape=[256,256,4,1] Keff=q5_0 Veff=f16 turbo_kv=1 prefer_native_vec=0 decode=1 dk=0 dv=1 unsafe_vec_after_turbo_v_decode=1 allow_vec=0 kernel=MMA_F16 need_f16_K=1 need_f16_V=0 Knb=[22,704,176,180224] Vnb=[36,288,72,73728] Keff_nb=[22,704,176,180224] Veff_nb=[2,2048,512,524288]
CUDA_FA_ROUTE_ALLOC kernel=MMA_F16 need_f16_K=1 need_f16_V=0 workspace_end_offset=4718592 dst_data=(nil) f16_K=0x400000 f16_V=(nil) f16_end=0x480000
CUDA_FA_ROUTE_PLAN device=0 Q=[256,256,16,1] Kraw=q5_0 Vraw=turbo2_tcq Kshape=[256,256,4,1] Vshape=[256,256,4,1] Keff=q5_0 Veff=f16 turbo_kv=1 prefer_native_vec=0 decode=1 dk=0 dv=1 unsafe_vec_after_turbo_v_decode=1 allow_vec=0 kernel=MMA_F16 need_f16_K=1 need_f16_V=0 Knb=[22,704,176,180224] Vnb=[36,288,72,73728] Keff_nb=[22,704,176,180224] Veff_nb=[2,2048,512,524288]
CUDA_FA_ROUTE_ALLOC kernel=MMA_F16 need_f16_K=1 need_f16_V=0 workspace_end_offset=4718592 dst_data=(nil) f16_K=0x400000 f16_V=(nil) f16_end=0x480000
CUDA_FA_ROUTE_PLAN device=0 Q=[256,256,16,1] Kraw=q5_0 Vraw=turbo2_tcq Kshape=[256,256,4,1] Vshape=[256,256,4,1] Keff=q5_0 Veff=f16 turbo_kv=1 prefer_native_vec=0 decode=1 dk=0 dv=1 unsafe_vec_after_turbo_v_decode=1 allow_vec=0 kernel=MMA_F16 need_f16_K=1 need_f16_V=0 Knb=[22,704,176,180224] Vnb=[36,288,72,73728] Keff_nb=[22,704,176,180224] Veff_nb=[2,2048,512,524288]
CUDA_FA_ROUTE_ALLOC kernel=MMA_F16 need_f16_K=1 need_f16_V=0 workspace_end_offset=4718592 dst_data=(nil) f16_K=0x400000 f16_V=(nil) f16_end=0x480000
CUDA_FA_ROUTE_PLAN device=0 Q=[256,256,16,1] Kraw=q5_0 Vraw=turbo2_tcq Kshape=[256,256,4,1] Vshape=[256,256,4,1] Keff=q5_0 Veff=f16 turbo_kv=1 prefer_native_vec=0 decode=1 dk=0 dv=1 unsafe_vec_after_turbo_v_decode=1 allow_vec=0 kernel=MMA_F16 need_f16_K=1 need_f16_V=0 Knb=[22,704,176,180224] Vnb=[36,288,72,73728] Keff_nb=[22,704,176,180224] Veff_nb=[2,2048,512,524288]
CUDA_FA_ROUTE_ALLOC kernel=MMA_F16 need_f16_K=1 need_f16_V=0 workspace_end_offset=4718592 dst_data=(nil) f16_K=0x400000 f16_V=(nil) f16_end=0x480000
CUDA_FA_ROUTE_PLAN device=0 Q=[256,256,16,1] Kraw=q5_0 Vraw=turbo2_tcq Kshape=[256,256,4,1] Vshape=[256,256,4,1] Keff=q5_0 Veff=f16 turbo_kv=1 prefer_native_vec=0 decode=1 dk=0 dv=1 unsafe_vec_after_turbo_v_decode=1 allow_vec=0 kernel=MMA_F16 need_f16_K=1 need_f16_V=0 Knb=[22,704,176,180224] Vnb=[36,288,72,73728] Keff_nb=[22,704,176,180224] Veff_nb=[2,2048,512,524288]
CUDA_FA_ROUTE_ALLOC kernel=MMA_F16 need_f16_K=1 need_f16_V=0 workspace_end_offset=4718592 dst_data=(nil) f16_K=0x400000 f16_V=(nil) f16_end=0x480000
CUDA_FA_ROUTE_PLAN device=0 Q=[256,256,16,1] Kraw=q5_0 Vraw=turbo2_tcq Kshape=[256,256,4,1] Vshape=[256,256,4,1] Keff=q5_0 Veff=f16 turbo_kv=1 prefer_native_vec=0 decode=1 dk=0 dv=1 unsafe_vec_after_turbo_v_decode=1 allow_vec=0 kernel=MMA_F16 need_f16_K=1 need_f16_V=0 Knb=[22,704,176,180224] Vnb=[36,288,72,73728] Keff_nb=[22,704,176,180224] Veff_nb=[2,2048,512,524288]
CUDA_FA_ROUTE_ALLOC kernel=MMA_F16 need_f16_K=1 need_f16_V=0 workspace_end_offset=4718592 dst_data=(nil) f16_K=0x400000 f16_V=(nil) f16_end=0x480000
CUDA_FA_ROUTE_PLAN device=0 Q=[256,256,16,1] Kraw=q5_0 Vraw=turbo2_tcq Kshape=[256,256,4,1] Vshape=[256,256,4,1] Keff=q5_0 Veff=f16 turbo_kv=1 prefer_native_vec=0 decode=1 dk=0 dv=1 unsafe_vec_after_turbo_v_decode=1 allow_vec=0 kernel=MMA_F16 need_f16_K=1 need_f16_V=0 Knb=[22,704,176,180224] Vnb=[36,288,72,73728] Keff_nb=[22,704,176,180224] Veff_nb=[2,2048,512,524288]
CUDA_FA_ROUTE_ALLOC kernel=MMA_F16 need_f16_K=1 need_f16_V=0 workspace_end_offset=4718592 dst_data=(nil) f16_K=0x400000 f16_V=(nil) f16_end=0x480000
CUDA_FA_ROUTE_PLAN device=0 Q=[256,256,16,1] Kraw=q5_0 Vraw=turbo2_tcq Kshape=[256,256,4,1] Vshape=[256,256,4,1] Keff=q5_0 Veff=f16 turbo_kv=1 prefer_native_vec=0 decode=1 dk=0 dv=1 unsafe_vec_after_turbo_v_decode=1 allow_vec=0 kernel=MMA_F16 need_f16_K=1 need_f16_V=0 Knb=[22,704,176,180224] Vnb=[36,288,72,73728] Keff_nb=[22,704,176,180224] Veff_nb=[2,2048,512,524288]
CUDA_FA_ROUTE_ALLOC kernel=MMA_F16 need_f16_K=1 need_f16_V=0 workspace_end_offset=4718592 dst_data=(nil) f16_K=0x400000 f16_V=(nil) f16_end=0x480000
CUDA_FA_ROUTE_PLAN device=0 Q=[256,256,16,1] Kraw=q5_0 Vraw=turbo2_tcq Kshape=[256,256,4,1] Vshape=[256,256,4,1] Keff=q5_0 Veff=f16 turbo_kv=1 prefer_native_vec=0 decode=1 dk=0 dv=1 unsafe_vec_after_turbo_v_decode=1 allow_vec=0 kernel=MMA_F16 need_f16_K=1 need_f16_V=0 Knb=[22,704,176,180224] Vnb=[36,288,72,73728] Keff_nb=[22,704,176,180224] Veff_nb=[2,2048,512,524288]
CUDA_FA_ROUTE_ALLOC kernel=MMA_F16 need_f16_K=1 need_f16_V=0 workspace_end_offset=4718592 dst_data=(nil) f16_K=0x400000 f16_V=(nil) f16_end=0x480000
CUDA_FA_ROUTE_PLAN device=0 Q=[256,256,16,1] Kraw=q5_0 Vraw=turbo2_tcq Kshape=[256,256,4,1] Vshape=[256,256,4,1] Keff=q5_0 Veff=f16 turbo_kv=1 prefer_native_vec=0 decode=1 dk=0 dv=1 unsafe_vec_after_turbo_v_decode=1 allow_vec=0 kernel=MMA_F16 need_f16_K=1 need_f16_V=0 Knb=[22,704,176,180224] Vnb=[36,288,72,73728] Keff_nb=[22,704,176,180224] Veff_nb=[2,2048,512,524288]
CUDA_FA_ROUTE_ALLOC kernel=MMA_F16 need_f16_K=1 need_f16_V=0 workspace_end_offset=4718592 dst_data=(nil) f16_K=0x400000 f16_V=(nil) f16_end=0x480000
CUDA_FA_ROUTE_PLAN device=0 Q=[256,256,16,1] Kraw=q5_0 Vraw=turbo2_tcq Kshape=[256,256,4,1] Vshape=[256,256,4,1] Keff=q5_0 Veff=f16 turbo_kv=1 prefer_native_vec=0 decode=1 dk=0 dv=1 unsafe_vec_after_turbo_v_decode=1 allow_vec=0 kernel=MMA_F16 need_f16_K=1 need_f16_V=0 Knb=[22,704,176,180224] Vnb=[36,288,72,73728] Keff_nb=[22,704,176,180224] Veff_nb=[2,2048,512,524288]
CUDA_FA_ROUTE_ALLOC kernel=MMA_F16 need_f16_K=1 need_f16_V=0 workspace_end_offset=4718592 dst_data=(nil) f16_K=0x400000 f16_V=(nil) f16_end=0x480000
CUDA_FA_ROUTE_PLAN device=0 Q=[256,256,16,1] Kraw=q5_0 Vraw=turbo2_tcq Kshape=[256,256,4,1] Vshape=[256,256,4,1] Keff=q5_0 Veff=f16 turbo_kv=1 prefer_native_vec=0 decode=1 dk=0 dv=1 unsafe_vec_after_turbo_v_decode=1 allow_vec=0 kernel=MMA_F16 need_f16_K=1 need_f16_V=0 Knb=[22,704,176,180224] Vnb=[36,288,72,73728] Keff_nb=[22,704,176,180224] Veff_nb=[2,2048,512,524288]
CUDA_FA_ROUTE_ALLOC kernel=MMA_F16 need_f16_K=1 need_f16_V=0 workspace_end_offset=4718592 dst_data=(nil) f16_K=0x400000 f16_V=(nil) f16_end=0x480000
CUDA_FA_ROUTE_PLAN device=0 Q=[256,256,16,1] Kraw=q5_0 Vraw=turbo2_tcq Kshape=[256,256,4,1] Vshape=[256,256,4,1] Keff=q5_0 Veff=f16 turbo_kv=1 prefer_native_vec=0 decode=1 dk=0 dv=1 unsafe_vec_after_turbo_v_decode=1 allow_vec=0 kernel=MMA_F16 need_f16_K=1 need_f16_V=0 Knb=[22,704,176,180224] Vnb=[36,288,72,73728] Keff_nb=[22,704,176,180224] Veff_nb=[2,2048,512,524288]
CUDA_FA_ROUTE_ALLOC kernel=MMA_F16 need_f16_K=1 need_f16_V=0 workspace_end_offset=4718592 dst_data=(nil) f16_K=0x400000 f16_V=(nil) f16_end=0x480000
CUDA_FA_ROUTE_PLAN device=0 Q=[256,256,16,1] Kraw=q5_0 Vraw=turbo2_tcq Kshape=[256,256,4,1] Vshape=[256,256,4,1] Keff=q5_0 Veff=f16 turbo_kv=1 prefer_native_vec=0 decode=1 dk=0 dv=1 unsafe_vec_after_turbo_v_decode=1 allow_vec=0 kernel=MMA_F16 need_f16_K=1 need_f16_V=0 Knb=[22,704,176,180224] Vnb=[36,288,72,73728] Keff_nb=[22,704,176,180224] Veff_nb=[2,2048,512,524288]
CUDA_FA_ROUTE_ALLOC kernel=MMA_F16 need_f16_K=1 need_f16_V=0 workspace_end_offset=4718592 dst_data=(nil) f16_K=0x400000 f16_V=(nil) f16_end=0x480000
CUDA_FA_ROUTE_PLAN device=0 Q=[256,256,16,1] Kraw=q5_0 Vraw=turbo2_tcq Kshape=[256,256,4,1] Vshape=[256,256,4,1] Keff=q5_0 Veff=f16 turbo_kv=1 prefer_native_vec=0 decode=1 dk=0 dv=1 unsafe_vec_after_turbo_v_decode=1 allow_vec=0 kernel=MMA_F16 need_f16_K=1 need_f16_V=0 Knb=[22,704,176,180224] Vnb=[36,288,72,73728] Keff_nb=[22,704,176,180224] Veff_nb=[2,2048,512,524288]
CUDA_FA_ROUTE_ALLOC kernel=MMA_F16 need_f16_K=1 need_f16_V=0 workspace_end_offset=4718592 dst_data=(nil) f16_K=0x400000 f16_V=(nil) f16_end=0x480000
CUDA_FA_ROUTE_PLAN device=0 Q=[256,256,16,1] Kraw=q5_0 Vraw=turbo2_tcq Kshape=[256,256,4,1] Vshape=[256,256,4,1] Keff=q5_0 Veff=f16 turbo_kv=1 prefer_native_vec=0 decode=1 dk=0 dv=1 unsafe_vec_after_turbo_v_decode=1 allow_vec=0 kernel=MMA_F16 need_f16_K=1 need_f16_V=0 Knb=[22,704,176,180224] Vnb=[36,288,72,73728] Keff_nb=[22,704,176,180224] Veff_nb=[2,2048,512,524288]
CUDA_FA_ROUTE_ALLOC kernel=MMA_F16 need_f16_K=1 need_f16_V=0 workspace_end_offset=4718592 dst_data=(nil) f16_K=0x400000 f16_V=(nil) f16_end=0x480000
CUDA_FA_ROUTE_PLAN device=0 Q=[256,256,16,1] Kraw=q5_0 Vraw=turbo2_tcq Kshape=[256,256,4,1] Vshape=[256,256,4,1] Keff=q5_0 Veff=f16 turbo_kv=1 prefer_native_vec=0 decode=1 dk=0 dv=1 unsafe_vec_after_turbo_v_decode=1 allow_vec=0 kernel=MMA_F16 need_f16_K=1 need_f16_V=0 Knb=[22,704,176,180224] Vnb=[36,288,72,73728] Keff_nb=[22,704,176,180224] Veff_nb=[2,2048,512,524288]
CUDA_FA_ROUTE_ALLOC kernel=MMA_F16 need_f16_K=1 need_f16_V=0 workspace_end_offset=4718592 dst_data=(nil) f16_K=0x400000 f16_V=(nil) f16_end=0x480000
CUDA_FA_ROUTE_PLAN device=0 Q=[256,256,16,1] Kraw=q5_0 Vraw=turbo2_tcq Kshape=[256,256,4,1] Vshape=[256,256,4,1] Keff=q5_0 Veff=f16 turbo_kv=1 prefer_native_vec=0 decode=1 dk=0 dv=1 unsafe_vec_after_turbo_v_decode=1 allow_vec=0 kernel=MMA_F16 need_f16_K=1 need_f16_V=0 Knb=[22,704,176,180224] Vnb=[36,288,72,73728] Keff_nb=[22,704,176,180224] Veff_nb=[2,2048,512,524288]
CUDA_FA_ROUTE_ALLOC kernel=MMA_F16 need_f16_K=1 need_f16_V=0 workspace_end_offset=4718592 dst_data=(nil) f16_K=0x400000 f16_V=(nil) f16_end=0x480000
CUDA_FA_ROUTE_PLAN device=0 Q=[256,256,16,1] Kraw=q5_0 Vraw=turbo2_tcq Kshape=[256,256,4,1] Vshape=[256,256,4,1] Keff=q5_0 Veff=f16 turbo_kv=1 prefer_native_vec=0 decode=1 dk=0 dv=1 unsafe_vec_after_turbo_v_decode=1 allow_vec=0 kernel=MMA_F16 need_f16_K=1 need_f16_V=0 Knb=[22,704,176,180224] Vnb=[36,288,72,73728] Keff_nb=[22,704,176,180224] Veff_nb=[2,2048,512,524288]
CUDA_FA_ROUTE_ALLOC kernel=MMA_F16 need_f16_K=1 need_f16_V=0 workspace_end_offset=4718592 dst_data=(nil) f16_K=0x400000 f16_V=(nil) f16_end=0x480000
CUDA_FA_ROUTE_PLAN device=0 Q=[256,256,16,1] Kraw=q5_0 Vraw=turbo2_tcq Kshape=[256,256,4,1] Vshape=[256,256,4,1] Keff=q5_0 Veff=f16 turbo_kv=1 prefer_native_vec=0 decode=1 dk=0 dv=1 unsafe_vec_after_turbo_v_decode=1 allow_vec=0 kernel=MMA_F16 need_f16_K=1 need_f16_V=0 Knb=[22,704,176,180224] Vnb=[36,288,72,73728] Keff_nb=[22,704,176,180224] Veff_nb=[2,2048,512,524288]
CUDA_FA_ROUTE_ALLOC kernel=MMA_F16 need_f16_K=1 need_f16_V=0 workspace_end_offset=4718592 dst_data=(nil) f16_K=0x400000 f16_V=(nil) f16_end=0x480000
CUDA_FA_ROUTE_PLAN device=0 Q=[256,256,16,1] Kraw=q5_0 Vraw=turbo2_tcq Kshape=[256,256,4,1] Vshape=[256,256,4,1] Keff=q5_0 Veff=f16 turbo_kv=1 prefer_native_vec=0 decode=1 dk=0 dv=1 unsafe_vec_after_turbo_v_decode=1 allow_vec=0 kernel=MMA_F16 need_f16_K=1 need_f16_V=0 Knb=[22,704,176,180224] Vnb=[36,288,72,73728] Keff_nb=[22,704,176,180224] Veff_nb=[2,2048,512,524288]
CUDA_FA_ROUTE_ALLOC kernel=MMA_F16 need_f16_K=1 need_f16_V=0 workspace_end_offset=4718592 dst_data=(nil) f16_K=0x400000 f16_V=(nil) f16_end=0x480000
CUDA_FA_ROUTE_PLAN device=0 Q=[256,256,16,1] Kraw=q5_0 Vraw=turbo2_tcq Kshape=[256,256,4,1] Vshape=[256,256,4,1] Keff=q5_0 Veff=f16 turbo_kv=1 prefer_native_vec=0 decode=1 dk=0 dv=1 unsafe_vec_after_turbo_v_decode=1 allow_vec=0 kernel=MMA_F16 need_f16_K=1 need_f16_V=0 Knb=[22,704,176,180224] Vnb=[36,288,72,73728] Keff_nb=[22,704,176,180224] Veff_nb=[2,2048,512,524288]
CUDA_FA_ROUTE_ALLOC kernel=MMA_F16 need_f16_K=1 need_f16_V=0 workspace_end_offset=4718592 dst_data=(nil) f16_K=0x400000 f16_V=(nil) f16_end=0x480000
CUDA_FA_ROUTE_PLAN device=0 Q=[256,256,16,1] Kraw=q5_0 Vraw=turbo2_tcq Kshape=[256,256,4,1] Vshape=[256,256,4,1] Keff=q5_0 Veff=f16 turbo_kv=1 prefer_native_vec=0 decode=1 dk=0 dv=1 unsafe_vec_after_turbo_v_decode=1 allow_vec=0 kernel=MMA_F16 need_f16_K=1 need_f16_V=0 Knb=[22,704,176,180224] Vnb=[36,288,72,73728] Keff_nb=[22,704,176,180224] Veff_nb=[2,2048,512,524288]
CUDA_FA_ROUTE_ALLOC kernel=MMA_F16 need_f16_K=1 need_f16_V=0 workspace_end_offset=4718592 dst_data=(nil) f16_K=0x400000 f16_V=(nil) f16_end=0x480000
CUDA_FA_ROUTE_PLAN device=0 Q=[256,256,16,1] Kraw=q5_0 Vraw=turbo2_tcq Kshape=[256,256,4,1] Vshape=[256,256,4,1] Keff=q5_0 Veff=f16 turbo_kv=1 prefer_native_vec=0 decode=1 dk=0 dv=1 unsafe_vec_after_turbo_v_decode=1 allow_vec=0 kernel=MMA_F16 need_f16_K=1 need_f16_V=0 Knb=[22,704,176,180224] Vnb=[36,288,72,73728] Keff_nb=[22,704,176,180224] Veff_nb=[2,2048,512,524288]
CUDA_FA_ROUTE_ALLOC kernel=MMA_F16 need_f16_K=1 need_f16_V=0 workspace_end_offset=4718592 dst_data=(nil) f16_K=0x400000 f16_V=(nil) f16_end=0x480000
CUDA_FA_ROUTE_PLAN device=0 Q=[256,256,16,1] Kraw=q5_0 Vraw=turbo2_tcq Kshape=[256,256,4,1] Vshape=[256,256,4,1] Keff=q5_0 Veff=f16 turbo_kv=1 prefer_native_vec=0 decode=1 dk=0 dv=1 unsafe_vec_after_turbo_v_decode=1 allow_vec=0 kernel=MMA_F16 need_f16_K=1 need_f16_V=0 Knb=[22,704,176,180224] Vnb=[36,288,72,73728] Keff_nb=[22,704,176,180224] Veff_nb=[2,2048,512,524288]
CUDA_FA_ROUTE_ALLOC kernel=MMA_F16 need_f16_K=1 need_f16_V=0 workspace_end_offset=4718592 dst_data=(nil) f16_K=0x400000 f16_V=(nil) f16_end=0x480000
CUDA_FA_ROUTE_PLAN device=0 Q=[256,256,16,1] Kraw=q5_0 Vraw=turbo2_tcq Kshape=[256,256,4,1] Vshape=[256,256,4,1] Keff=q5_0 Veff=f16 turbo_kv=1 prefer_native_vec=0 decode=1 dk=0 dv=1 unsafe_vec_after_turbo_v_decode=1 allow_vec=0 kernel=MMA_F16 need_f16_K=1 need_f16_V=0 Knb=[22,704,176,180224] Vnb=[36,288,72,73728] Keff_nb=[22,704,176,180224] Veff_nb=[2,2048,512,524288]
CUDA_FA_ROUTE_ALLOC kernel=MMA_F16 need_f16_K=1 need_f16_V=0 workspace_end_offset=4718592 dst_data=(nil) f16_K=0x400000 f16_V=(nil) f16_end=0x480000
CUDA_FA_ROUTE_PLAN device=0 Q=[256,256,16,1] Kraw=q5_0 Vraw=turbo2_tcq Kshape=[256,256,4,1] Vshape=[256,256,4,1] Keff=q5_0 Veff=f16 turbo_kv=1 prefer_native_vec=0 decode=1 dk=0 dv=1 unsafe_vec_after_turbo_v_decode=1 allow_vec=0 kernel=MMA_F16 need_f16_K=1 need_f16_V=0 Knb=[22,704,176,180224] Vnb=[36,288,72,73728] Keff_nb=[22,704,176,180224] Veff_nb=[2,2048,512,524288]
CUDA_FA_ROUTE_ALLOC kernel=MMA_F16 need_f16_K=1 need_f16_V=0 workspace_end_offset=4718592 dst_data=(nil) f16_K=0x400000 f16_V=(nil) f16_end=0x480000
CUDA_FA_ROUTE_PLAN device=0 Q=[256,256,16,1] Kraw=q5_0 Vraw=turbo2_tcq Kshape=[256,256,4,1] Vshape=[256,256,4,1] Keff=q5_0 Veff=f16 turbo_kv=1 prefer_native_vec=0 decode=1 dk=0 dv=1 unsafe_vec_after_turbo_v_decode=1 allow_vec=0 kernel=MMA_F16 need_f16_K=1 need_f16_V=0 Knb=[22,704,176,180224] Vnb=[36,288,72,73728] Keff_nb=[22,704,176,180224] Veff_nb=[2,2048,512,524288]
CUDA_FA_ROUTE_ALLOC kernel=MMA_F16 need_f16_K=1 need_f16_V=0 workspace_end_offset=4718592 dst_data=(nil) f16_K=0x400000 f16_V=(nil) f16_end=0x480000
CUDA_FA_ROUTE_PLAN device=0 Q=[256,256,16,1] Kraw=q5_0 Vraw=turbo2_tcq Kshape=[256,256,4,1] Vshape=[256,256,4,1] Keff=q5_0 Veff=f16 turbo_kv=1 prefer_native_vec=0 decode=1 dk=0 dv=1 unsafe_vec_after_turbo_v_decode=1 allow_vec=0 kernel=MMA_F16 need_f16_K=1 need_f16_V=0 Knb=[22,704,176,180224] Vnb=[36,288,72,73728] Keff_nb=[22,704,176,180224] Veff_nb=[2,2048,512,524288]
CUDA_FA_ROUTE_ALLOC kernel=MMA_F16 need_f16_K=1 need_f16_V=0 workspace_end_offset=4718592 dst_data=(nil) f16_K=0x400000 f16_V=(nil) f16_end=0x480000
CUDA_FA_ROUTE_PLAN device=0 Q=[256,2,16,1] Kraw=q5_0 Vraw=turbo2_tcq Kshape=[256,256,4,1] Vshape=[256,256,4,1] Keff=q5_0 Veff=f16 turbo_kv=1 prefer_native_vec=0 decode=1 dk=0 dv=1 unsafe_vec_after_turbo_v_decode=1 allow_vec=0 kernel=MMA_F16 need_f16_K=1 need_f16_V=0 Knb=[22,704,176,180224] Vnb=[36,288,72,73728] Keff_nb=[22,704,176,180224] Veff_nb=[2,2048,512,524288]
CUDA_FA_ROUTE_SUPPORTED kernel=MMA_F16 effK=q5_0 effV=f16 supported=1
CUDA_FA_ROUTE_PLAN device=0 Q=[256,2,16,1] Kraw=q5_0 Vraw=turbo2_tcq Kshape=[256,256,4,1] Vshape=[256,256,4,1] Keff=q5_0 Veff=f16 turbo_kv=1 prefer_native_vec=0 decode=1 dk=0 dv=1 unsafe_vec_after_turbo_v_decode=1 allow_vec=0 kernel=MMA_F16 need_f16_K=1 need_f16_V=0 Knb=[22,704,176,180224] Vnb=[36,288,72,73728] Keff_nb=[22,704,176,180224] Veff_nb=[2,2048,512,524288]
CUDA_FA_ROUTE_SUPPORTED kernel=MMA_F16 effK=q5_0 effV=f16 supported=1
CUDA_FA_ROUTE_PLAN device=0 Q=[256,2,16,1] Kraw=q5_0 Vraw=turbo2_tcq Kshape=[256,256,4,1] Vshape=[256,256,4,1] Keff=q5_0 Veff=f16 turbo_kv=1 prefer_native_vec=0 decode=1 dk=0 dv=1 unsafe_vec_after_turbo_v_decode=1 allow_vec=0 kernel=MMA_F16 need_f16_K=1 need_f16_V=0 Knb=[22,704,176,180224] Vnb=[36,288,72,73728] Keff_nb=[22,704,176,180224] Veff_nb=[2,2048,512,524288]
CUDA_FA_ROUTE_SUPPORTED kernel=MMA_F16 effK=q5_0 effV=f16 supported=1
CUDA_FA_ROUTE_PLAN device=0 Q=[256,2,16,1] Kraw=q5_0 Vraw=turbo2_tcq Kshape=[256,256,4,1] Vshape=[256,256,4,1] Keff=q5_0 Veff=f16 turbo_kv=1 prefer_native_vec=0 decode=1 dk=0 dv=1 unsafe_vec_after_turbo_v_decode=1 allow_vec=0 kernel=MMA_F16 need_f16_K=1 need_f16_V=0 Knb=[22,704,176,180224] Vnb=[36,288,72,73728] Keff_nb=[22,704,176,180224] Veff_nb=[2,2048,512,524288]
CUDA_FA_ROUTE_SUPPORTED kernel=MMA_F16 effK=q5_0 effV=f16 supported=1
CUDA_FA_ROUTE_PLAN device=0 Q=[256,2,16,1] Kraw=q5_0 Vraw=turbo2_tcq Kshape=[256,256,4,1] Vshape=[256,256,4,1] Keff=q5_0 Veff=f16 turbo_kv=1 prefer_native_vec=0 decode=1 dk=0 dv=1 unsafe_vec_after_turbo_v_decode=1 allow_vec=0 kernel=MMA_F16 need_f16_K=1 need_f16_V=0 Knb=[22,704,176,180224] Vnb=[36,288,72,73728] Keff_nb=[22,704,176,180224] Veff_nb=[2,2048,512,524288]
CUDA_FA_ROUTE_SUPPORTED kernel=MMA_F16 effK=q5_0 effV=f16 supported=1
CUDA_FA_ROUTE_PLAN device=0 Q=[256,2,16,1] Kraw=q5_0 Vraw=turbo2_tcq Kshape=[256,256,4,1] Vshape=[256,256,4,1] Keff=q5_0 Veff=f16 turbo_kv=1 prefer_native_vec=0 decode=1 dk=0 dv=1 unsafe_vec_after_turbo_v_decode=1 allow_vec=0 kernel=MMA_F16 need_f16_K=1 need_f16_V=0 Knb=[22,704,176,180224] Vnb=[36,288,72,73728] Keff_nb=[22,704,176,180224] Veff_nb=[2,2048,512,524288]
CUDA_FA_ROUTE_SUPPORTED kernel=MMA_F16 effK=q5_0 effV=f16 supported=1
CUDA_FA_ROUTE_PLAN device=0 Q=[256,2,16,1] Kraw=q5_0 Vraw=turbo2_tcq Kshape=[256,256,4,1] Vshape=[256,256,4,1] Keff=q5_0 Veff=f16 turbo_kv=1 prefer_native_vec=0 decode=1 dk=0 dv=1 unsafe_vec_after_turbo_v_decode=1 allow_vec=0 kernel=MMA_F16 need_f16_K=1 need_f16_V=0 Knb=[22,704,176,180224] Vnb=[36,288,72,73728] Keff_nb=[22,704,176,180224] Veff_nb=[2,2048,512,524288]
CUDA_FA_ROUTE_SUPPORTED kernel=MMA_F16 effK=q5_0 effV=f16 supported=1
CUDA_FA_ROUTE_PLAN device=0 Q=[256,2,16,1] Kraw=q5_0 Vraw=turbo2_tcq Kshape=[256,256,4,1] Vshape=[256,256,4,1] Keff=q5_0 Veff=f16 turbo_kv=1 prefer_native_vec=0 decode=1 dk=0 dv=1 unsafe_vec_after_turbo_v_decode=1 allow_vec=0 kernel=MMA_F16 need_f16_K=1 need_f16_V=0 Knb=[22,704,176,180224] Vnb=[36,288,72,73728] Keff_nb=[22,704,176,180224] Veff_nb=[2,2048,512,524288]
CUDA_FA_ROUTE_SUPPORTED kernel=MMA_F16 effK=q5_0 effV=f16 supported=1
CUDA_FA_ROUTE_PLAN device=0 Q=[256,2,16,1] Kraw=q5_0 Vraw=turbo2_tcq Kshape=[256,256,4,1] Vshape=[256,256,4,1] Keff=q5_0 Veff=f16 turbo_kv=1 prefer_native_vec=0 decode=1 dk=0 dv=1 unsafe_vec_after_turbo_v_decode=1 allow_vec=0 kernel=MMA_F16 need_f16_K=1 need_f16_V=0 Knb=[22,704,176,180224] Vnb=[36,288,72,73728] Keff_nb=[22,704,176,180224] Veff_nb=[2,2048,512,524288]
CUDA_FA_ROUTE_ALLOC kernel=MMA_F16 need_f16_K=1 need_f16_V=0 workspace_end_offset=557056 dst_data=(nil) f16_K=0x8000 f16_V=(nil) f16_end=0x88000
CUDA_FA_ROUTE_PLAN device=0 Q=[256,2,16,1] Kraw=q5_0 Vraw=turbo2_tcq Kshape=[256,256,4,1] Vshape=[256,256,4,1] Keff=q5_0 Veff=f16 turbo_kv=1 prefer_native_vec=0 decode=1 dk=0 dv=1 unsafe_vec_after_turbo_v_decode=1 allow_vec=0 kernel=MMA_F16 need_f16_K=1 need_f16_V=0 Knb=[22,704,176,180224] Vnb=[36,288,72,73728] Keff_nb=[22,704,176,180224] Veff_nb=[2,2048,512,524288]
CUDA_FA_ROUTE_ALLOC kernel=MMA_F16 need_f16_K=1 need_f16_V=0 workspace_end_offset=557056 dst_data=(nil) f16_K=0x8000 f16_V=(nil) f16_end=0x88000
CUDA_FA_ROUTE_PLAN device=0 Q=[256,2,16,1] Kraw=q5_0 Vraw=turbo2_tcq Kshape=[256,256,4,1] Vshape=[256,256,4,1] Keff=q5_0 Veff=f16 turbo_kv=1 prefer_native_vec=0 decode=1 dk=0 dv=1 unsafe_vec_after_turbo_v_decode=1 allow_vec=0 kernel=MMA_F16 need_f16_K=1 need_f16_V=0 Knb=[22,704,176,180224] Vnb=[36,288,72,73728] Keff_nb=[22,704,176,180224] Veff_nb=[2,2048,512,524288]
CUDA_FA_ROUTE_ALLOC kernel=MMA_F16 need_f16_K=1 need_f16_V=0 workspace_end_offset=557056 dst_data=(nil) f16_K=0x8000 f16_V=(nil) f16_end=0x88000
CUDA_FA_ROUTE_PLAN device=0 Q=[256,2,16,1] Kraw=q5_0 Vraw=turbo2_tcq Kshape=[256,256,4,1] Vshape=[256,256,4,1] Keff=q5_0 Veff=f16 turbo_kv=1 prefer_native_vec=0 decode=1 dk=0 dv=1 unsafe_vec_after_turbo_v_decode=1 allow_vec=0 kernel=MMA_F16 need_f16_K=1 need_f16_V=0 Knb=[22,704,176,180224] Vnb=[36,288,72,73728] Keff_nb=[22,704,176,180224] Veff_nb=[2,2048,512,524288]
CUDA_FA_ROUTE_ALLOC kernel=MMA_F16 need_f16_K=1 need_f16_V=0 workspace_end_offset=557056 dst_data=(nil) f16_K=0x8000 f16_V=(nil) f16_end=0x88000
CUDA_FA_ROUTE_PLAN device=0 Q=[256,2,16,1] Kraw=q5_0 Vraw=turbo2_tcq Kshape=[256,256,4,1] Vshape=[256,256,4,1] Keff=q5_0 Veff=f16 turbo_kv=1 prefer_native_vec=0 decode=1 dk=0 dv=1 unsafe_vec_after_turbo_v_decode=1 allow_vec=0 kernel=MMA_F16 need_f16_K=1 need_f16_V=0 Knb=[22,704,176,180224] Vnb=[36,288,72,73728] Keff_nb=[22,704,176,180224] Veff_nb=[2,2048,512,524288]
CUDA_FA_ROUTE_ALLOC kernel=MMA_F16 need_f16_K=1 need_f16_V=0 workspace_end_offset=557056 dst_data=(nil) f16_K=0x8000 f16_V=(nil) f16_end=0x88000
CUDA_FA_ROUTE_PLAN device=0 Q=[256,2,16,1] Kraw=q5_0 Vraw=turbo2_tcq Kshape=[256,256,4,1] Vshape=[256,256,4,1] Keff=q5_0 Veff=f16 turbo_kv=1 prefer_native_vec=0 decode=1 dk=0 dv=1 unsafe_vec_after_turbo_v_decode=1 allow_vec=0 kernel=MMA_F16 need_f16_K=1 need_f16_V=0 Knb=[22,704,176,180224] Vnb=[36,288,72,73728] Keff_nb=[22,704,176,180224] Veff_nb=[2,2048,512,524288]
CUDA_FA_ROUTE_ALLOC kernel=MMA_F16 need_f16_K=1 need_f16_V=0 workspace_end_offset=557056 dst_data=(nil) f16_K=0x8000 f16_V=(nil) f16_end=0x88000
CUDA_FA_ROUTE_PLAN device=0 Q=[256,2,16,1] Kraw=q5_0 Vraw=turbo2_tcq Kshape=[256,256,4,1] Vshape=[256,256,4,1] Keff=q5_0 Veff=f16 turbo_kv=1 prefer_native_vec=0 decode=1 dk=0 dv=1 unsafe_vec_after_turbo_v_decode=1 allow_vec=0 kernel=MMA_F16 need_f16_K=1 need_f16_V=0 Knb=[22,704,176,180224] Vnb=[36,288,72,73728] Keff_nb=[22,704,176,180224] Veff_nb=[2,2048,512,524288]
CUDA_FA_ROUTE_ALLOC kernel=MMA_F16 need_f16_K=1 need_f16_V=0 workspace_end_offset=557056 dst_data=(nil) f16_K=0x8000 f16_V=(nil) f16_end=0x88000
CUDA_FA_ROUTE_PLAN device=0 Q=[256,2,16,1] Kraw=q5_0 Vraw=turbo2_tcq Kshape=[256,256,4,1] Vshape=[256,256,4,1] Keff=q5_0 Veff=f16 turbo_kv=1 prefer_native_vec=0 decode=1 dk=0 dv=1 unsafe_vec_after_turbo_v_decode=1 allow_vec=0 kernel=MMA_F16 need_f16_K=1 need_f16_V=0 Knb=[22,704,176,180224] Vnb=[36,288,72,73728] Keff_nb=[22,704,176,180224] Veff_nb=[2,2048,512,524288]
CUDA_FA_ROUTE_ALLOC kernel=MMA_F16 need_f16_K=1 need_f16_V=0 workspace_end_offset=557056 dst_data=(nil) f16_K=0x8000 f16_V=(nil) f16_end=0x88000
CUDA_FA_ROUTE_PLAN device=0 Q=[256,2,16,1] Kraw=q5_0 Vraw=turbo2_tcq Kshape=[256,256,4,1] Vshape=[256,256,4,1] Keff=q5_0 Veff=f16 turbo_kv=1 prefer_native_vec=0 decode=1 dk=0 dv=1 unsafe_vec_after_turbo_v_decode=1 allow_vec=0 kernel=MMA_F16 need_f16_K=1 need_f16_V=0 Knb=[22,704,176,180224] Vnb=[36,288,72,73728] Keff_nb=[22,704,176,180224] Veff_nb=[2,2048,512,524288]
CUDA_FA_ROUTE_ALLOC kernel=MMA_F16 need_f16_K=1 need_f16_V=0 workspace_end_offset=557056 dst_data=(nil) f16_K=0x8000 f16_V=(nil) f16_end=0x88000
CUDA_FA_ROUTE_PLAN device=0 Q=[256,2,16,1] Kraw=q5_0 Vraw=turbo2_tcq Kshape=[256,256,4,1] Vshape=[256,256,4,1] Keff=q5_0 Veff=f16 turbo_kv=1 prefer_native_vec=0 decode=1 dk=0 dv=1 unsafe_vec_after_turbo_v_decode=1 allow_vec=0 kernel=MMA_F16 need_f16_K=1 need_f16_V=0 Knb=[22,704,176,180224] Vnb=[36,288,72,73728] Keff_nb=[22,704,176,180224] Veff_nb=[2,2048,512,524288]
CUDA_FA_ROUTE_ALLOC kernel=MMA_F16 need_f16_K=1 need_f16_V=0 workspace_end_offset=557056 dst_data=(nil) f16_K=0x8000 f16_V=(nil) f16_end=0x88000
CUDA_FA_ROUTE_PLAN device=0 Q=[256,2,16,1] Kraw=q5_0 Vraw=turbo2_tcq Kshape=[256,256,4,1] Vshape=[256,256,4,1] Keff=q5_0 Veff=f16 turbo_kv=1 prefer_native_vec=0 decode=1 dk=0 dv=1 unsafe_vec_after_turbo_v_decode=1 allow_vec=0 kernel=MMA_F16 need_f16_K=1 need_f16_V=0 Knb=[22,704,176,180224] Vnb=[36,288,72,73728] Keff_nb=[22,704,176,180224] Veff_nb=[2,2048,512,524288]
CUDA_FA_ROUTE_ALLOC kernel=MMA_F16 need_f16_K=1 need_f16_V=0 workspace_end_offset=557056 dst_data=(nil) f16_K=0x8000 f16_V=(nil) f16_end=0x88000
CUDA_FA_ROUTE_PLAN device=0 Q=[256,2,16,1] Kraw=q5_0 Vraw=turbo2_tcq Kshape=[256,256,4,1] Vshape=[256,256,4,1] Keff=q5_0 Veff=f16 turbo_kv=1 prefer_native_vec=0 decode=1 dk=0 dv=1 unsafe_vec_after_turbo_v_decode=1 allow_vec=0 kernel=MMA_F16 need_f16_K=1 need_f16_V=0 Knb=[22,704,176,180224] Vnb=[36,288,72,73728] Keff_nb=[22,704,176,180224] Veff_nb=[2,2048,512,524288]
CUDA_FA_ROUTE_ALLOC kernel=MMA_F16 need_f16_K=1 need_f16_V=0 workspace_end_offset=557056 dst_data=(nil) f16_K=0x8000 f16_V=(nil) f16_end=0x88000
CUDA_FA_ROUTE_PLAN device=0 Q=[256,2,16,1] Kraw=q5_0 Vraw=turbo2_tcq Kshape=[256,256,4,1] Vshape=[256,256,4,1] Keff=q5_0 Veff=f16 turbo_kv=1 prefer_native_vec=0 decode=1 dk=0 dv=1 unsafe_vec_after_turbo_v_decode=1 allow_vec=0 kernel=MMA_F16 need_f16_K=1 need_f16_V=0 Knb=[22,704,176,180224] Vnb=[36,288,72,73728] Keff_nb=[22,704,176,180224] Veff_nb=[2,2048,512,524288]
CUDA_FA_ROUTE_ALLOC kernel=MMA_F16 need_f16_K=1 need_f16_V=0 workspace_end_offset=557056 dst_data=(nil) f16_K=0x8000 f16_V=(nil) f16_end=0x88000
CUDA_FA_ROUTE_PLAN device=0 Q=[256,2,16,1] Kraw=q5_0 Vraw=turbo2_tcq Kshape=[256,256,4,1] Vshape=[256,256,4,1] Keff=q5_0 Veff=f16 turbo_kv=1 prefer_native_vec=0 decode=1 dk=0 dv=1 unsafe_vec_after_turbo_v_decode=1 allow_vec=0 kernel=MMA_F16 need_f16_K=1 need_f16_V=0 Knb=[22,704,176,180224] Vnb=[36,288,72,73728] Keff_nb=[22,704,176,180224] Veff_nb=[2,2048,512,524288]
CUDA_FA_ROUTE_ALLOC kernel=MMA_F16 need_f16_K=1 need_f16_V=0 workspace_end_offset=557056 dst_data=(nil) f16_K=0x8000 f16_V=(nil) f16_end=0x88000
CUDA_FA_ROUTE_PLAN device=0 Q=[256,2,16,1] Kraw=q5_0 Vraw=turbo2_tcq Kshape=[256,256,4,1] Vshape=[256,256,4,1] Keff=q5_0 Veff=f16 turbo_kv=1 prefer_native_vec=0 decode=1 dk=0 dv=1 unsafe_vec_after_turbo_v_decode=1 allow_vec=0 kernel=MMA_F16 need_f16_K=1 need_f16_V=0 Knb=[22,704,176,180224] Vnb=[36,288,72,73728] Keff_nb=[22,704,176,180224] Veff_nb=[2,2048,512,524288]
CUDA_FA_ROUTE_ALLOC kernel=MMA_F16 need_f16_K=1 need_f16_V=0 workspace_end_offset=557056 dst_data=(nil) f16_K=0x8000 f16_V=(nil) f16_end=0x88000
CUDA_FA_ROUTE_PLAN device=0 Q=[256,2,16,1] Kraw=q5_0 Vraw=turbo2_tcq Kshape=[256,256,4,1] Vshape=[256,256,4,1] Keff=q5_0 Veff=f16 turbo_kv=1 prefer_native_vec=0 decode=1 dk=0 dv=1 unsafe_vec_after_turbo_v_decode=1 allow_vec=0 kernel=MMA_F16 need_f16_K=1 need_f16_V=0 Knb=[22,704,176,180224] Vnb=[36,288,72,73728] Keff_nb=[22,704,176,180224] Veff_nb=[2,2048,512,524288]
CUDA_FA_ROUTE_ALLOC kernel=MMA_F16 need_f16_K=1 need_f16_V=0 workspace_end_offset=557056 dst_data=(nil) f16_K=0x8000 f16_V=(nil) f16_end=0x88000
CUDA_FA_ROUTE_PLAN device=0 Q=[256,2,16,1] Kraw=q5_0 Vraw=turbo2_tcq Kshape=[256,256,4,1] Vshape=[256,256,4,1] Keff=q5_0 Veff=f16 turbo_kv=1 prefer_native_vec=0 decode=1 dk=0 dv=1 unsafe_vec_after_turbo_v_decode=1 allow_vec=0 kernel=MMA_F16 need_f16_K=1 need_f16_V=0 Knb=[22,704,176,180224] Vnb=[36,288,72,73728] Keff_nb=[22,704,176,180224] Veff_nb=[2,2048,512,524288]
CUDA_FA_ROUTE_ALLOC kernel=MMA_F16 need_f16_K=1 need_f16_V=0 workspace_end_offset=557056 dst_data=(nil) f16_K=0x8000 f16_V=(nil) f16_end=0x88000
CUDA_FA_ROUTE_PLAN device=0 Q=[256,2,16,1] Kraw=q5_0 Vraw=turbo2_tcq Kshape=[256,256,4,1] Vshape=[256,256,4,1] Keff=q5_0 Veff=f16 turbo_kv=1 prefer_native_vec=0 decode=1 dk=0 dv=1 unsafe_vec_after_turbo_v_decode=1 allow_vec=0 kernel=MMA_F16 need_f16_K=1 need_f16_V=0 Knb=[22,704,176,180224] Vnb=[36,288,72,73728] Keff_nb=[22,704,176,180224] Veff_nb=[2,2048,512,524288]
CUDA_FA_ROUTE_ALLOC kernel=MMA_F16 need_f16_K=1 need_f16_V=0 workspace_end_offset=557056 dst_data=(nil) f16_K=0x8000 f16_V=(nil) f16_end=0x88000
CUDA_FA_ROUTE_PLAN device=0 Q=[256,2,16,1] Kraw=q5_0 Vraw=turbo2_tcq Kshape=[256,256,4,1] Vshape=[256,256,4,1] Keff=q5_0 Veff=f16 turbo_kv=1 prefer_native_vec=0 decode=1 dk=0 dv=1 unsafe_vec_after_turbo_v_decode=1 allow_vec=0 kernel=MMA_F16 need_f16_K=1 need_f16_V=0 Knb=[22,704,176,180224] Vnb=[36,288,72,73728] Keff_nb=[22,704,176,180224] Veff_nb=[2,2048,512,524288]
CUDA_FA_ROUTE_ALLOC kernel=MMA_F16 need_f16_K=1 need_f16_V=0 workspace_end_offset=557056 dst_data=(nil) f16_K=0x8000 f16_V=(nil) f16_end=0x88000
CUDA_FA_ROUTE_PLAN device=0 Q=[256,2,16,1] Kraw=q5_0 Vraw=turbo2_tcq Kshape=[256,256,4,1] Vshape=[256,256,4,1] Keff=q5_0 Veff=f16 turbo_kv=1 prefer_native_vec=0 decode=1 dk=0 dv=1 unsafe_vec_after_turbo_v_decode=1 allow_vec=0 kernel=MMA_F16 need_f16_K=1 need_f16_V=0 Knb=[22,704,176,180224] Vnb=[36,288,72,73728] Keff_nb=[22,704,176,180224] Veff_nb=[2,2048,512,524288]
CUDA_FA_ROUTE_ALLOC kernel=MMA_F16 need_f16_K=1 need_f16_V=0 workspace_end_offset=557056 dst_data=(nil) f16_K=0x8000 f16_V=(nil) f16_end=0x88000
CUDA_FA_ROUTE_PLAN device=0 Q=[256,2,16,1] Kraw=q5_0 Vraw=turbo2_tcq Kshape=[256,256,4,1] Vshape=[256,256,4,1] Keff=q5_0 Veff=f16 turbo_kv=1 prefer_native_vec=0 decode=1 dk=0 dv=1 unsafe_vec_after_turbo_v_decode=1 allow_vec=0 kernel=MMA_F16 need_f16_K=1 need_f16_V=0 Knb=[22,704,176,180224] Vnb=[36,288,72,73728] Keff_nb=[22,704,176,180224] Veff_nb=[2,2048,512,524288]
CUDA_FA_ROUTE_ALLOC kernel=MMA_F16 need_f16_K=1 need_f16_V=0 workspace_end_offset=557056 dst_data=(nil) f16_K=0x8000 f16_V=(nil) f16_end=0x88000
CUDA_FA_ROUTE_PLAN device=0 Q=[256,2,16,1] Kraw=q5_0 Vraw=turbo2_tcq Kshape=[256,256,4,1] Vshape=[256,256,4,1] Keff=q5_0 Veff=f16 turbo_kv=1 prefer_native_vec=0 decode=1 dk=0 dv=1 unsafe_vec_after_turbo_v_decode=1 allow_vec=0 kernel=MMA_F16 need_f16_K=1 need_f16_V=0 Knb=[22,704,176,180224] Vnb=[36,288,72,73728] Keff_nb=[22,704,176,180224] Veff_nb=[2,2048,512,524288]
CUDA_FA_ROUTE_ALLOC kernel=MMA_F16 need_f16_K=1 need_f16_V=0 workspace_end_offset=557056 dst_data=(nil) f16_K=0x8000 f16_V=(nil) f16_end=0x88000
CUDA_FA_ROUTE_PLAN device=0 Q=[256,2,16,1] Kraw=q5_0 Vraw=turbo2_tcq Kshape=[256,256,4,1] Vshape=[256,256,4,1] Keff=q5_0 Veff=f16 turbo_kv=1 prefer_native_vec=0 decode=1 dk=0 dv=1 unsafe_vec_after_turbo_v_decode=1 allow_vec=0 kernel=MMA_F16 need_f16_K=1 need_f16_V=0 Knb=[22,704,176,180224] Vnb=[36,288,72,73728] Keff_nb=[22,704,176,180224] Veff_nb=[2,2048,512,524288]
CUDA_FA_ROUTE_ALLOC kernel=MMA_F16 need_f16_K=1 need_f16_V=0 workspace_end_offset=557056 dst_data=(nil) f16_K=0x8000 f16_V=(nil) f16_end=0x88000
CUDA_FA_ROUTE_PLAN device=0 Q=[256,2,16,1] Kraw=q5_0 Vraw=turbo2_tcq Kshape=[256,256,4,1] Vshape=[256,256,4,1] Keff=q5_0 Veff=f16 turbo_kv=1 prefer_native_vec=0 decode=1 dk=0 dv=1 unsafe_vec_after_turbo_v_decode=1 allow_vec=0 kernel=MMA_F16 need_f16_K=1 need_f16_V=0 Knb=[22,704,176,180224] Vnb=[36,288,72,73728] Keff_nb=[22,704,176,180224] Veff_nb=[2,2048,512,524288]
CUDA_FA_ROUTE_ALLOC kernel=MMA_F16 need_f16_K=1 need_f16_V=0 workspace_end_offset=557056 dst_data=(nil) f16_K=0x8000 f16_V=(nil) f16_end=0x88000
CUDA_FA_ROUTE_PLAN device=0 Q=[256,2,16,1] Kraw=q5_0 Vraw=turbo2_tcq Kshape=[256,256,4,1] Vshape=[256,256,4,1] Keff=q5_0 Veff=f16 turbo_kv=1 prefer_native_vec=0 decode=1 dk=0 dv=1 unsafe_vec_after_turbo_v_decode=1 allow_vec=0 kernel=MMA_F16 need_f16_K=1 need_f16_V=0 Knb=[22,704,176,180224] Vnb=[36,288,72,73728] Keff_nb=[22,704,176,180224] Veff_nb=[2,2048,512,524288]
CUDA_FA_ROUTE_ALLOC kernel=MMA_F16 need_f16_K=1 need_f16_V=0 workspace_end_offset=557056 dst_data=(nil) f16_K=0x8000 f16_V=(nil) f16_end=0x88000
CUDA_FA_ROUTE_PLAN device=0 Q=[256,2,16,1] Kraw=q5_0 Vraw=turbo2_tcq Kshape=[256,256,4,1] Vshape=[256,256,4,1] Keff=q5_0 Veff=f16 turbo_kv=1 prefer_native_vec=0 decode=1 dk=0 dv=1 unsafe_vec_after_turbo_v_decode=1 allow_vec=0 kernel=MMA_F16 need_f16_K=1 need_f16_V=0 Knb=[22,704,176,180224] Vnb=[36,288,72,73728] Keff_nb=[22,704,176,180224] Veff_nb=[2,2048,512,524288]
CUDA_FA_ROUTE_ALLOC kernel=MMA_F16 need_f16_K=1 need_f16_V=0 workspace_end_offset=557056 dst_data=(nil) f16_K=0x8000 f16_V=(nil) f16_end=0x88000
CUDA_FA_ROUTE_PLAN device=0 Q=[256,2,16,1] Kraw=q5_0 Vraw=turbo2_tcq Kshape=[256,256,4,1] Vshape=[256,256,4,1] Keff=q5_0 Veff=f16 turbo_kv=1 prefer_native_vec=0 decode=1 dk=0 dv=1 unsafe_vec_after_turbo_v_decode=1 allow_vec=0 kernel=MMA_F16 need_f16_K=1 need_f16_V=0 Knb=[22,704,176,180224] Vnb=[36,288,72,73728] Keff_nb=[22,704,176,180224] Veff_nb=[2,2048,512,524288]
CUDA_FA_ROUTE_ALLOC kernel=MMA_F16 need_f16_K=1 need_f16_V=0 workspace_end_offset=557056 dst_data=(nil) f16_K=0x8000 f16_V=(nil) f16_end=0x88000
CUDA_FA_ROUTE_PLAN device=0 Q=[256,2,16,1] Kraw=q5_0 Vraw=turbo2_tcq Kshape=[256,256,4,1] Vshape=[256,256,4,1] Keff=q5_0 Veff=f16 turbo_kv=1 prefer_native_vec=0 decode=1 dk=0 dv=1 unsafe_vec_after_turbo_v_decode=1 allow_vec=0 kernel=MMA_F16 need_f16_K=1 need_f16_V=0 Knb=[22,704,176,180224] Vnb=[36,288,72,73728] Keff_nb=[22,704,176,180224] Veff_nb=[2,2048,512,524288]
CUDA_FA_ROUTE_ALLOC kernel=MMA_F16 need_f16_K=1 need_f16_V=0 workspace_end_offset=557056 dst_data=(nil) f16_K=0x8000 f16_V=(nil) f16_end=0x88000
CUDA_FA_ROUTE_PLAN device=0 Q=[256,2,16,1] Kraw=q5_0 Vraw=turbo2_tcq Kshape=[256,256,4,1] Vshape=[256,256,4,1] Keff=q5_0 Veff=f16 turbo_kv=1 prefer_native_vec=0 decode=1 dk=0 dv=1 unsafe_vec_after_turbo_v_decode=1 allow_vec=0 kernel=MMA_F16 need_f16_K=1 need_f16_V=0 Knb=[22,704,176,180224] Vnb=[36,288,72,73728] Keff_nb=[22,704,176,180224] Veff_nb=[2,2048,512,524288]
CUDA_FA_ROUTE_ALLOC kernel=MMA_F16 need_f16_K=1 need_f16_V=0 workspace_end_offset=557056 dst_data=(nil) f16_K=0x8000 f16_V=(nil) f16_end=0x88000
CUDA_FA_ROUTE_PLAN device=0 Q=[256,2,16,1] Kraw=q5_0 Vraw=turbo2_tcq Kshape=[256,256,4,1] Vshape=[256,256,4,1] Keff=q5_0 Veff=f16 turbo_kv=1 prefer_native_vec=0 decode=1 dk=0 dv=1 unsafe_vec_after_turbo_v_decode=1 allow_vec=0 kernel=MMA_F16 need_f16_K=1 need_f16_V=0 Knb=[22,704,176,180224] Vnb=[36,288,72,73728] Keff_nb=[22,704,176,180224] Veff_nb=[2,2048,512,524288]
CUDA_FA_ROUTE_ALLOC kernel=MMA_F16 need_f16_K=1 need_f16_V=0 workspace_end_offset=557056 dst_data=(nil) f16_K=0x8000 f16_V=(nil) f16_end=0x88000
CUDA_FA_ROUTE_PLAN device=0 Q=[256,2,16,1] Kraw=q5_0 Vraw=turbo2_tcq Kshape=[256,256,4,1] Vshape=[256,256,4,1] Keff=q5_0 Veff=f16 turbo_kv=1 prefer_native_vec=0 decode=1 dk=0 dv=1 unsafe_vec_after_turbo_v_decode=1 allow_vec=0 kernel=MMA_F16 need_f16_K=1 need_f16_V=0 Knb=[22,704,176,180224] Vnb=[36,288,72,73728] Keff_nb=[22,704,176,180224] Veff_nb=[2,2048,512,524288]
CUDA_FA_ROUTE_ALLOC kernel=MMA_F16 need_f16_K=1 need_f16_V=0 workspace_end_offset=557056 dst_data=(nil) f16_K=0x8000 f16_V=(nil) f16_end=0x88000
CUDA_FA_ROUTE_PLAN device=0 Q=[256,2,16,1] Kraw=q5_0 Vraw=turbo2_tcq Kshape=[256,256,4,1] Vshape=[256,256,4,1] Keff=q5_0 Veff=f16 turbo_kv=1 prefer_native_vec=0 decode=1 dk=0 dv=1 unsafe_vec_after_turbo_v_decode=1 allow_vec=0 kernel=MMA_F16 need_f16_K=1 need_f16_V=0 Knb=[22,704,176,180224] Vnb=[36,288,72,73728] Keff_nb=[22,704,176,180224] Veff_nb=[2,2048,512,524288]
CUDA_FA_ROUTE_ALLOC kernel=MMA_F16 need_f16_K=1 need_f16_V=0 workspace_end_offset=557056 dst_data=(nil) f16_K=0x8000 f16_V=(nil) f16_end=0x88000
CUDA_FA_ROUTE_PLAN device=0 Q=[256,2,16,1] Kraw=q5_0 Vraw=turbo2_tcq Kshape=[256,256,4,1] Vshape=[256,256,4,1] Keff=q5_0 Veff=f16 turbo_kv=1 prefer_native_vec=0 decode=1 dk=0 dv=1 unsafe_vec_after_turbo_v_decode=1 allow_vec=0 kernel=MMA_F16 need_f16_K=1 need_f16_V=0 Knb=[22,704,176,180224] Vnb=[36,288,72,73728] Keff_nb=[22,704,176,180224] Veff_nb=[2,2048,512,524288]
CUDA_FA_ROUTE_ALLOC kernel=MMA_F16 need_f16_K=1 need_f16_V=0 workspace_end_offset=557056 dst_data=(nil) f16_K=0x8000 f16_V=(nil) f16_end=0x88000
CUDA_FA_ROUTE_PLAN device=0 Q=[256,2,16,1] Kraw=q5_0 Vraw=turbo2_tcq Kshape=[256,256,4,1] Vshape=[256,256,4,1] Keff=q5_0 Veff=f16 turbo_kv=1 prefer_native_vec=0 decode=1 dk=0 dv=1 unsafe_vec_after_turbo_v_decode=1 allow_vec=0 kernel=MMA_F16 need_f16_K=1 need_f16_V=0 Knb=[22,704,176,180224] Vnb=[36,288,72,73728] Keff_nb=[22,704,176,180224] Veff_nb=[2,2048,512,524288]
CUDA_FA_ROUTE_ALLOC kernel=MMA_F16 need_f16_K=1 need_f16_V=0 workspace_end_offset=557056 dst_data=(nil) f16_K=0x8000 f16_V=(nil) f16_end=0x88000
CUDA_FA_ROUTE_PLAN device=0 Q=[256,2,16,1] Kraw=q5_0 Vraw=turbo2_tcq Kshape=[256,256,4,1] Vshape=[256,256,4,1] Keff=q5_0 Veff=f16 turbo_kv=1 prefer_native_vec=0 decode=1 dk=0 dv=1 unsafe_vec_after_turbo_v_decode=1 allow_vec=0 kernel=MMA_F16 need_f16_K=1 need_f16_V=0 Knb=[22,704,176,180224] Vnb=[36,288,72,73728] Keff_nb=[22,704,176,180224] Veff_nb=[2,2048,512,524288]
CUDA_FA_ROUTE_ALLOC kernel=MMA_F16 need_f16_K=1 need_f16_V=0 workspace_end_offset=557056 dst_data=(nil) f16_K=0x8000 f16_V=(nil) f16_end=0x88000
CUDA_FA_ROUTE_PLAN device=0 Q=[256,2,16,1] Kraw=q5_0 Vraw=turbo2_tcq Kshape=[256,256,4,1] Vshape=[256,256,4,1] Keff=q5_0 Veff=f16 turbo_kv=1 prefer_native_vec=0 decode=1 dk=0 dv=1 unsafe_vec_after_turbo_v_decode=1 allow_vec=0 kernel=MMA_F16 need_f16_K=1 need_f16_V=0 Knb=[22,704,176,180224] Vnb=[36,288,72,73728] Keff_nb=[22,704,176,180224] Veff_nb=[2,2048,512,524288]
CUDA_FA_ROUTE_ALLOC kernel=MMA_F16 need_f16_K=1 need_f16_V=0 workspace_end_offset=557056 dst_data=(nil) f16_K=0x8000 f16_V=(nil) f16_end=0x88000
CUDA_FA_ROUTE_PLAN device=0 Q=[256,2,16,1] Kraw=q5_0 Vraw=turbo2_tcq Kshape=[256,256,4,1] Vshape=[256,256,4,1] Keff=q5_0 Veff=f16 turbo_kv=1 prefer_native_vec=0 decode=1 dk=0 dv=1 unsafe_vec_after_turbo_v_decode=1 allow_vec=0 kernel=MMA_F16 need_f16_K=1 need_f16_V=0 Knb=[22,704,176,180224] Vnb=[36,288,72,73728] Keff_nb=[22,704,176,180224] Veff_nb=[2,2048,512,524288]
CUDA_FA_ROUTE_ALLOC kernel=MMA_F16 need_f16_K=1 need_f16_V=0 workspace_end_offset=557056 dst_data=(nil) f16_K=0x8000 f16_V=(nil) f16_end=0x88000
CUDA_FA_ROUTE_PLAN device=0 Q=[256,2,16,1] Kraw=q5_0 Vraw=turbo2_tcq Kshape=[256,256,4,1] Vshape=[256,256,4,1] Keff=q5_0 Veff=f16 turbo_kv=1 prefer_native_vec=0 decode=1 dk=0 dv=1 unsafe_vec_after_turbo_v_decode=1 allow_vec=0 kernel=MMA_F16 need_f16_K=1 need_f16_V=0 Knb=[22,704,176,180224] Vnb=[36,288,72,73728] Keff_nb=[22,704,176,180224] Veff_nb=[2,2048,512,524288]
CUDA_FA_ROUTE_ALLOC kernel=MMA_F16 need_f16_K=1 need_f16_V=0 workspace_end_offset=557056 dst_data=(nil) f16_K=0x8000 f16_V=(nil) f16_end=0x88000
CUDA_FA_ROUTE_PLAN device=0 Q=[256,2,16,1] Kraw=q5_0 Vraw=turbo2_tcq Kshape=[256,256,4,1] Vshape=[256,256,4,1] Keff=q5_0 Veff=f16 turbo_kv=1 prefer_native_vec=0 decode=1 dk=0 dv=1 unsafe_vec_after_turbo_v_decode=1 allow_vec=0 kernel=MMA_F16 need_f16_K=1 need_f16_V=0 Knb=[22,704,176,180224] Vnb=[36,288,72,73728] Keff_nb=[22,704,176,180224] Veff_nb=[2,2048,512,524288]
CUDA_FA_ROUTE_ALLOC kernel=MMA_F16 need_f16_K=1 need_f16_V=0 workspace_end_offset=557056 dst_data=(nil) f16_K=0x8000 f16_V=(nil) f16_end=0x88000
CUDA_FA_ROUTE_PLAN device=0 Q=[256,2,16,1] Kraw=q5_0 Vraw=turbo2_tcq Kshape=[256,256,4,1] Vshape=[256,256,4,1] Keff=q5_0 Veff=f16 turbo_kv=1 prefer_native_vec=0 decode=1 dk=0 dv=1 unsafe_vec_after_turbo_v_decode=1 allow_vec=0 kernel=MMA_F16 need_f16_K=1 need_f16_V=0 Knb=[22,704,176,180224] Vnb=[36,288,72,73728] Keff_nb=[22,704,176,180224] Veff_nb=[2,2048,512,524288]
CUDA_FA_ROUTE_ALLOC kernel=MMA_F16 need_f16_K=1 need_f16_V=0 workspace_end_offset=557056 dst_data=(nil) f16_K=0x8000 f16_V=(nil) f16_end=0x88000
CUDA_FA_ROUTE_PLAN device=0 Q=[256,2,16,1] Kraw=q5_0 Vraw=turbo2_tcq Kshape=[256,256,4,1] Vshape=[256,256,4,1] Keff=q5_0 Veff=f16 turbo_kv=1 prefer_native_vec=0 decode=1 dk=0 dv=1 unsafe_vec_after_turbo_v_decode=1 allow_vec=0 kernel=MMA_F16 need_f16_K=1 need_f16_V=0 Knb=[22,704,176,180224] Vnb=[36,288,72,73728] Keff_nb=[22,704,176,180224] Veff_nb=[2,2048,512,524288]
CUDA_FA_ROUTE_ALLOC kernel=MMA_F16 need_f16_K=1 need_f16_V=0 workspace_end_offset=557056 dst_data=(nil) f16_K=0x8000 f16_V=(nil) f16_end=0x88000
CUDA_FA_ROUTE_PLAN device=0 Q=[256,2,16,1] Kraw=q5_0 Vraw=turbo2_tcq Kshape=[256,256,4,1] Vshape=[256,256,4,1] Keff=q5_0 Veff=f16 turbo_kv=1 prefer_native_vec=0 decode=1 dk=0 dv=1 unsafe_vec_after_turbo_v_decode=1 allow_vec=0 kernel=MMA_F16 need_f16_K=1 need_f16_V=0 Knb=[22,704,176,180224] Vnb=[36,288,72,73728] Keff_nb=[22,704,176,180224] Veff_nb=[2,2048,512,524288]
CUDA_FA_ROUTE_ALLOC kernel=MMA_F16 need_f16_K=1 need_f16_V=0 workspace_end_offset=557056 dst_data=(nil) f16_K=0x8000 f16_V=(nil) f16_end=0x88000
CUDA_FA_ROUTE_PLAN device=0 Q=[256,2,16,1] Kraw=q5_0 Vraw=turbo2_tcq Kshape=[256,256,4,1] Vshape=[256,256,4,1] Keff=q5_0 Veff=f16 turbo_kv=1 prefer_native_vec=0 decode=1 dk=0 dv=1 unsafe_vec_after_turbo_v_decode=1 allow_vec=0 kernel=MMA_F16 need_f16_K=1 need_f16_V=0 Knb=[22,704,176,180224] Vnb=[36,288,72,73728] Keff_nb=[22,704,176,180224] Veff_nb=[2,2048,512,524288]
CUDA_FA_ROUTE_ALLOC kernel=MMA_F16 need_f16_K=1 need_f16_V=0 workspace_end_offset=557056 dst_data=(nil) f16_K=0x8000 f16_V=(nil) f16_end=0x88000
CUDA_FA_ROUTE_PLAN device=0 Q=[256,2,16,1] Kraw=q5_0 Vraw=turbo2_tcq Kshape=[256,256,4,1] Vshape=[256,256,4,1] Keff=q5_0 Veff=f16 turbo_kv=1 prefer_native_vec=0 decode=1 dk=0 dv=1 unsafe_vec_after_turbo_v_decode=1 allow_vec=0 kernel=MMA_F16 need_f16_K=1 need_f16_V=0 Knb=[22,704,176,180224] Vnb=[36,288,72,73728] Keff_nb=[22,704,176,180224] Veff_nb=[2,2048,512,524288]
CUDA_FA_ROUTE_ALLOC kernel=MMA_F16 need_f16_K=1 need_f16_V=0 workspace_end_offset=557056 dst_data=(nil) f16_K=0x8000 f16_V=(nil) f16_end=0x88000
CUDA_FA_ROUTE_PLAN device=0 Q=[256,2,16,1] Kraw=q5_0 Vraw=turbo2_tcq Kshape=[256,256,4,1] Vshape=[256,256,4,1] Keff=q5_0 Veff=f16 turbo_kv=1 prefer_native_vec=0 decode=1 dk=0 dv=1 unsafe_vec_after_turbo_v_decode=1 allow_vec=0 kernel=MMA_F16 need_f16_K=1 need_f16_V=0 Knb=[22,704,176,180224] Vnb=[36,288,72,73728] Keff_nb=[22,704,176,180224] Veff_nb=[2,2048,512,524288]
CUDA_FA_ROUTE_ALLOC kernel=MMA_F16 need_f16_K=1 need_f16_V=0 workspace_end_offset=557056 dst_data=(nil) f16_K=0x8000 f16_V=(nil) f16_end=0x88000
CUDA_FA_ROUTE_PLAN device=0 Q=[256,2,16,1] Kraw=q5_0 Vraw=turbo2_tcq Kshape=[256,256,4,1] Vshape=[256,256,4,1] Keff=q5_0 Veff=f16 turbo_kv=1 prefer_native_vec=0 decode=1 dk=0 dv=1 unsafe_vec_after_turbo_v_decode=1 allow_vec=0 kernel=MMA_F16 need_f16_K=1 need_f16_V=0 Knb=[22,704,176,180224] Vnb=[36,288,72,73728] Keff_nb=[22,704,176,180224] Veff_nb=[2,2048,512,524288]
CUDA_FA_ROUTE_ALLOC kernel=MMA_F16 need_f16_K=1 need_f16_V=0 workspace_end_offset=557056 dst_data=(nil) f16_K=0x8000 f16_V=(nil) f16_end=0x88000
CUDA_FA_ROUTE_PLAN device=0 Q=[256,2,16,1] Kraw=q5_0 Vraw=turbo2_tcq Kshape=[256,256,4,1] Vshape=[256,256,4,1] Keff=q5_0 Veff=f16 turbo_kv=1 prefer_native_vec=0 decode=1 dk=0 dv=1 unsafe_vec_after_turbo_v_decode=1 allow_vec=0 kernel=MMA_F16 need_f16_K=1 need_f16_V=0 Knb=[22,704,176,180224] Vnb=[36,288,72,73728] Keff_nb=[22,704,176,180224] Veff_nb=[2,2048,512,524288]
CUDA_FA_ROUTE_ALLOC kernel=MMA_F16 need_f16_K=1 need_f16_V=0 workspace_end_offset=557056 dst_data=(nil) f16_K=0x8000 f16_V=(nil) f16_end=0x88000
CUDA_FA_ROUTE_PLAN device=0 Q=[256,2,16,1] Kraw=q5_0 Vraw=turbo2_tcq Kshape=[256,256,4,1] Vshape=[256,256,4,1] Keff=q5_0 Veff=f16 turbo_kv=1 prefer_native_vec=0 decode=1 dk=0 dv=1 unsafe_vec_after_turbo_v_decode=1 allow_vec=0 kernel=MMA_F16 need_f16_K=1 need_f16_V=0 Knb=[22,704,176,180224] Vnb=[36,288,72,73728] Keff_nb=[22,704,176,180224] Veff_nb=[2,2048,512,524288]
CUDA_FA_ROUTE_ALLOC kernel=MMA_F16 need_f16_K=1 need_f16_V=0 workspace_end_offset=557056 dst_data=(nil) f16_K=0x8000 f16_V=(nil) f16_end=0x88000
CUDA_FA_ROUTE_PLAN device=0 Q=[256,2,16,1] Kraw=q5_0 Vraw=turbo2_tcq Kshape=[256,256,4,1] Vshape=[256,256,4,1] Keff=q5_0 Veff=f16 turbo_kv=1 prefer_native_vec=0 decode=1 dk=0 dv=1 unsafe_vec_after_turbo_v_decode=1 allow_vec=0 kernel=MMA_F16 need_f16_K=1 need_f16_V=0 Knb=[22,704,176,180224] Vnb=[36,288,72,73728] Keff_nb=[22,704,176,180224] Veff_nb=[2,2048,512,524288]
CUDA_FA_ROUTE_ALLOC kernel=MMA_F16 need_f16_K=1 need_f16_V=0 workspace_end_offset=557056 dst_data=(nil) f16_K=0x8000 f16_V=(nil) f16_end=0x88000
CUDA_FA_ROUTE_PLAN device=0 Q=[256,2,16,1] Kraw=q5_0 Vraw=turbo2_tcq Kshape=[256,256,4,1] Vshape=[256,256,4,1] Keff=q5_0 Veff=f16 turbo_kv=1 prefer_native_vec=0 decode=1 dk=0 dv=1 unsafe_vec_after_turbo_v_decode=1 allow_vec=0 kernel=MMA_F16 need_f16_K=1 need_f16_V=0 Knb=[22,704,176,180224] Vnb=[36,288,72,73728] Keff_nb=[22,704,176,180224] Veff_nb=[2,2048,512,524288]
CUDA_FA_ROUTE_ALLOC kernel=MMA_F16 need_f16_K=1 need_f16_V=0 workspace_end_offset=557056 dst_data=(nil) f16_K=0x8000 f16_V=(nil) f16_end=0x88000
CUDA_FA_ROUTE_PLAN device=0 Q=[256,2,16,1] Kraw=q5_0 Vraw=turbo2_tcq Kshape=[256,256,4,1] Vshape=[256,256,4,1] Keff=q5_0 Veff=f16 turbo_kv=1 prefer_native_vec=0 decode=1 dk=0 dv=1 unsafe_vec_after_turbo_v_decode=1 allow_vec=0 kernel=MMA_F16 need_f16_K=1 need_f16_V=0 Knb=[22,704,176,180224] Vnb=[36,288,72,73728] Keff_nb=[22,704,176,180224] Veff_nb=[2,2048,512,524288]
CUDA_FA_ROUTE_ALLOC kernel=MMA_F16 need_f16_K=1 need_f16_V=0 workspace_end_offset=557056 dst_data=(nil) f16_K=0x8000 f16_V=(nil) f16_end=0x88000
CUDA_FA_ROUTE_PLAN device=0 Q=[256,2,16,1] Kraw=q5_0 Vraw=turbo2_tcq Kshape=[256,256,4,1] Vshape=[256,256,4,1] Keff=q5_0 Veff=f16 turbo_kv=1 prefer_native_vec=0 decode=1 dk=0 dv=1 unsafe_vec_after_turbo_v_decode=1 allow_vec=0 kernel=MMA_F16 need_f16_K=1 need_f16_V=0 Knb=[22,704,176,180224] Vnb=[36,288,72,73728] Keff_nb=[22,704,176,180224] Veff_nb=[2,2048,512,524288]
CUDA_FA_ROUTE_ALLOC kernel=MMA_F16 need_f16_K=1 need_f16_V=0 workspace_end_offset=557056 dst_data=(nil) f16_K=0x8000 f16_V=(nil) f16_end=0x88000
CUDA_FA_ROUTE_PLAN device=0 Q=[256,2,16,1] Kraw=q5_0 Vraw=turbo2_tcq Kshape=[256,256,4,1] Vshape=[256,256,4,1] Keff=q5_0 Veff=f16 turbo_kv=1 prefer_native_vec=0 decode=1 dk=0 dv=1 unsafe_vec_after_turbo_v_decode=1 allow_vec=0 kernel=MMA_F16 need_f16_K=1 need_f16_V=0 Knb=[22,704,176,180224] Vnb=[36,288,72,73728] Keff_nb=[22,704,176,180224] Veff_nb=[2,2048,512,524288]
CUDA_FA_ROUTE_ALLOC kernel=MMA_F16 need_f16_K=1 need_f16_V=0 workspace_end_offset=557056 dst_data=(nil) f16_K=0x8000 f16_V=(nil) f16_end=0x88000
CUDA_FA_ROUTE_PLAN device=0 Q=[256,2,16,1] Kraw=q5_0 Vraw=turbo2_tcq Kshape=[256,256,4,1] Vshape=[256,256,4,1] Keff=q5_0 Veff=f16 turbo_kv=1 prefer_native_vec=0 decode=1 dk=0 dv=1 unsafe_vec_after_turbo_v_decode=1 allow_vec=0 kernel=MMA_F16 need_f16_K=1 need_f16_V=0 Knb=[22,704,176,180224] Vnb=[36,288,72,73728] Keff_nb=[22,704,176,180224] Veff_nb=[2,2048,512,524288]
CUDA_FA_ROUTE_ALLOC kernel=MMA_F16 need_f16_K=1 need_f16_V=0 workspace_end_offset=557056 dst_data=(nil) f16_K=0x8000 f16_V=(nil) f16_end=0x88000
CUDA_FA_ROUTE_PLAN device=0 Q=[256,2,16,1] Kraw=q5_0 Vraw=turbo2_tcq Kshape=[256,256,4,1] Vshape=[256,256,4,1] Keff=q5_0 Veff=f16 turbo_kv=1 prefer_native_vec=0 decode=1 dk=0 dv=1 unsafe_vec_after_turbo_v_decode=1 allow_vec=0 kernel=MMA_F16 need_f16_K=1 need_f16_V=0 Knb=[22,704,176,180224] Vnb=[36,288,72,73728] Keff_nb=[22,704,176,180224] Veff_nb=[2,2048,512,524288]
CUDA_FA_ROUTE_ALLOC kernel=MMA_F16 need_f16_K=1 need_f16_V=0 workspace_end_offset=557056 dst_data=(nil) f16_K=0x8000 f16_V=(nil) f16_end=0x88000
CUDA_FA_ROUTE_PLAN device=0 Q=[256,2,16,1] Kraw=q5_0 Vraw=turbo2_tcq Kshape=[256,256,4,1] Vshape=[256,256,4,1] Keff=q5_0 Veff=f16 turbo_kv=1 prefer_native_vec=0 decode=1 dk=0 dv=1 unsafe_vec_after_turbo_v_decode=1 allow_vec=0 kernel=MMA_F16 need_f16_K=1 need_f16_V=0 Knb=[22,704,176,180224] Vnb=[36,288,72,73728] Keff_nb=[22,704,176,180224] Veff_nb=[2,2048,512,524288]
CUDA_FA_ROUTE_ALLOC kernel=MMA_F16 need_f16_K=1 need_f16_V=0 workspace_end_offset=557056 dst_data=(nil) f16_K=0x8000 f16_V=(nil) f16_end=0x88000
TCQ: encode V alpha=1.0 (context-adaptive decode-time alpha active)
CUDA_FA_ROUTE_PLAN device=0 Q=[256,2,16,1] Kraw=q5_0 Vraw=turbo2_tcq Kshape=[256,256,4,1] Vshape=[256,256,4,1] Keff=q5_0 Veff=f16 turbo_kv=1 prefer_native_vec=0 decode=1 dk=0 dv=1 unsafe_vec_after_turbo_v_decode=1 allow_vec=0 kernel=MMA_F16 need_f16_K=1 need_f16_V=0 Knb=[22,704,176,180224] Vnb=[36,288,72,73728] Keff_nb=[22,704,176,180224] Veff_nb=[2,2048,512,524288]
GGML_TURBO_FA_DEBUG: path=decode-dequant-or-vec K=q5_0 V=turbo2_tcq Q=[256,2,16,1] K=[256,256,4,1] V=[256,256,4,1] prefill_safe=0 can_make_f16_K=0 can_make_f16_V=1 turbo_k_classic_v_prefill=0 vec_override=0 batch_ok=1 dim_ok=1 turing_mma=1
TCQ decode: context-adaptive V alpha enabled
CUDA_FA_ROUTE_EXEC_BEGIN Q=[256,2,16,1] Kraw=q5_0 Vraw=turbo2_tcq decode=1 dk=0 dv=1 allow_vec=0 kernel=MMA_F16 need_f16_K=1 need_f16_V=0 Kdata=0x7f746e200000 Vdata=0x7f746e22c000 dst=0x1000e074680
CUDA_FA_ROUTE_EXEC_DISPATCH Qrun=f32 Q=[256,2,16,1] Qdata=0x1000e06c680 Krun=q5_0 K=[256,256,4,1] Kdata=0x7f746e200000 Knb=[22,704,176,180224] Vrun=f16 V=[256,256,4,1] Vdata=0x7f7477400000 Vnb=[2,2048,512,524288] kernel=MMA_F16 compiled_pair=1
CUDA_FA_ROUTE_PLAN device=0 Q=[256,2,16,1] Kraw=q5_0 Vraw=turbo2_tcq Kshape=[256,256,4,1] Vshape=[256,256,4,1] Keff=q5_0 Veff=f16 turbo_kv=1 prefer_native_vec=0 decode=1 dk=0 dv=1 unsafe_vec_after_turbo_v_decode=1 allow_vec=0 kernel=MMA_F16 need_f16_K=1 need_f16_V=0 Knb=[22,704,176,180224] Vnb=[36,288,72,73728] Keff_nb=[22,704,176,180224] Veff_nb=[2,2048,512,524288]
GGML_TURBO_FA_DEBUG: path=decode-dequant-or-vec K=q5_0 V=turbo2_tcq Q=[256,2,16,1] K=[256,256,4,1] V=[256,256,4,1] prefill_safe=0 can_make_f16_K=0 can_make_f16_V=1 turbo_k_classic_v_prefill=0 vec_override=0 batch_ok=1 dim_ok=1 turing_mma=1
CUDA_FA_ROUTE_EXEC_BEGIN Q=[256,2,16,1] Kraw=q5_0 Vraw=turbo2_tcq decode=1 dk=0 dv=1 allow_vec=0 kernel=MMA_F16 need_f16_K=1 need_f16_V=0 Kdata=0x7f746e23e000 Vdata=0x7f746e26a000 dst=0x1000e074680
CUDA_FA_ROUTE_EXEC_DISPATCH Qrun=f32 Q=[256,2,16,1] Qdata=0x1000e06c680 Krun=q5_0 K=[256,256,4,1] Kdata=0x7f746e23e000 Knb=[22,704,176,180224] Vrun=f16 V=[256,256,4,1] Vdata=0x7f7477400000 Vnb=[2,2048,512,524288] kernel=MMA_F16 compiled_pair=1
CUDA_FA_ROUTE_PLAN device=0 Q=[256,2,16,1] Kraw=q5_0 Vraw=turbo2_tcq Kshape=[256,256,4,1] Vshape=[256,256,4,1] Keff=q5_0 Veff=f16 turbo_kv=1 prefer_native_vec=0 decode=1 dk=0 dv=1 unsafe_vec_after_turbo_v_decode=1 allow_vec=0 kernel=MMA_F16 need_f16_K=1 need_f16_V=0 Knb=[22,704,176,180224] Vnb=[36,288,72,73728] Keff_nb=[22,704,176,180224] Veff_nb=[2,2048,512,524288]
GGML_TURBO_FA_DEBUG: path=decode-dequant-or-vec K=q5_0 V=turbo2_tcq Q=[256,2,16,1] K=[256,256,4,1] V=[256,256,4,1] prefill_safe=0 can_make_f16_K=0 can_make_f16_V=1 turbo_k_classic_v_prefill=0 vec_override=0 batch_ok=1 dim_ok=1 turing_mma=1
CUDA_FA_ROUTE_EXEC_BEGIN Q=[256,2,16,1] Kraw=q5_0 Vraw=turbo2_tcq decode=1 dk=0 dv=1 allow_vec=0 kernel=MMA_F16 need_f16_K=1 need_f16_V=0 Kdata=0x7f746e27c000 Vdata=0x7f746e2a8000 dst=0x1000e074680
CUDA_FA_ROUTE_EXEC_DISPATCH Qrun=f32 Q=[256,2,16,1] Qdata=0x1000e06c680 Krun=q5_0 K=[256,256,4,1] Kdata=0x7f746e27c000 Knb=[22,704,176,180224] Vrun=f16 V=[256,256,4,1] Vdata=0x7f7477400000 Vnb=[2,2048,512,524288] kernel=MMA_F16 compiled_pair=1
CUDA_FA_ROUTE_PLAN device=0 Q=[256,2,16,1] Kraw=q5_0 Vraw=turbo2_tcq Kshape=[256,256,4,1] Vshape=[256,256,4,1] Keff=q5_0 Veff=f16 turbo_kv=1 prefer_native_vec=0 decode=1 dk=0 dv=1 unsafe_vec_after_turbo_v_decode=1 allow_vec=0 kernel=MMA_F16 need_f16_K=1 need_f16_V=0 Knb=[22,704,176,180224] Vnb=[36,288,72,73728] Keff_nb=[22,704,176,180224] Veff_nb=[2,2048,512,524288]
GGML_TURBO_FA_DEBUG: path=decode-dequant-or-vec K=q5_0 V=turbo2_tcq Q=[256,2,16,1] K=[256,256,4,1] V=[256,256,4,1] prefill_safe=0 can_make_f16_K=0 can_make_f16_V=1 turbo_k_classic_v_prefill=0 vec_override=0 batch_ok=1 dim_ok=1 turing_mma=1
CUDA_FA_ROUTE_EXEC_BEGIN Q=[256,2,16,1] Kraw=q5_0 Vraw=turbo2_tcq decode=1 dk=0 dv=1 allow_vec=0 kernel=MMA_F16 need_f16_K=1 need_f16_V=0 Kdata=0x7f746e2ba000 Vdata=0x7f746e2e6000 dst=0x1000e074680
CUDA_FA_ROUTE_EXEC_DISPATCH Qrun=f32 Q=[256,2,16,1] Qdata=0x1000e06c680 Krun=q5_0 K=[256,256,4,1] Kdata=0x7f746e2ba000 Knb=[22,704,176,180224] Vrun=f16 V=[256,256,4,1] Vdata=0x7f7477400000 Vnb=[2,2048,512,524288] kernel=MMA_F16 compiled_pair=1
CUDA_FA_ROUTE_PLAN device=0 Q=[256,2,16,1] Kraw=q5_0 Vraw=turbo2_tcq Kshape=[256,256,4,1] Vshape=[256,256,4,1] Keff=q5_0 Veff=f16 turbo_kv=1 prefer_native_vec=0 decode=1 dk=0 dv=1 unsafe_vec_after_turbo_v_decode=1 allow_vec=0 kernel=MMA_F16 need_f16_K=1 need_f16_V=0 Knb=[22,704,176,180224] Vnb=[36,288,72,73728] Keff_nb=[22,704,176,180224] Veff_nb=[2,2048,512,524288]
GGML_TURBO_FA_DEBUG: path=decode-dequant-or-vec K=q5_0 V=turbo2_tcq Q=[256,2,16,1] K=[256,256,4,1] V=[256,256,4,1] prefill_safe=0 can_make_f16_K=0 can_make_f16_V=1 turbo_k_classic_v_prefill=0 vec_override=0 batch_ok=1 dim_ok=1 turing_mma=1
CUDA_FA_ROUTE_EXEC_BEGIN Q=[256,2,16,1] Kraw=q5_0 Vraw=turbo2_tcq decode=1 dk=0 dv=1 allow_vec=0 kernel=MMA_F16 need_f16_K=1 need_f16_V=0 Kdata=0x7f746e2f8000 Vdata=0x7f746e324000 dst=0x1000e074680
CUDA_FA_ROUTE_EXEC_DISPATCH Qrun=f32 Q=[256,2,16,1] Qdata=0x1000e06c680 Krun=q5_0 K=[256,256,4,1] Kdata=0x7f746e2f8000 Knb=[22,704,176,180224] Vrun=f16 V=[256,256,4,1] Vdata=0x7f7477400000 Vnb=[2,2048,512,524288] kernel=MMA_F16 compiled_pair=1
CUDA_FA_ROUTE_PLAN device=0 Q=[256,2,16,1] Kraw=q5_0 Vraw=turbo2_tcq Kshape=[256,256,4,1] Vshape=[256,256,4,1] Keff=q5_0 Veff=f16 turbo_kv=1 prefer_native_vec=0 decode=1 dk=0 dv=1 unsafe_vec_after_turbo_v_decode=1 allow_vec=0 kernel=MMA_F16 need_f16_K=1 need_f16_V=0 Knb=[22,704,176,180224] Vnb=[36,288,72,73728] Keff_nb=[22,704,176,180224] Veff_nb=[2,2048,512,524288]
GGML_TURBO_FA_DEBUG: path=decode-dequant-or-vec K=q5_0 V=turbo2_tcq Q=[256,2,16,1] K=[256,256,4,1] V=[256,256,4,1] prefill_safe=0 can_make_f16_K=0 can_make_f16_V=1 turbo_k_classic_v_prefill=0 vec_override=0 batch_ok=1 dim_ok=1 turing_mma=1
CUDA_FA_ROUTE_EXEC_BEGIN Q=[256,2,16,1] Kraw=q5_0 Vraw=turbo2_tcq decode=1 dk=0 dv=1 allow_vec=0 kernel=MMA_F16 need_f16_K=1 need_f16_V=0 Kdata=0x7f746e336000 Vdata=0x7f746e362000 dst=0x1000e074680
CUDA_FA_ROUTE_EXEC_DISPATCH Qrun=f32 Q=[256,2,16,1] Qdata=0x1000e06c680 Krun=q5_0 K=[256,256,4,1] Kdata=0x7f746e336000 Knb=[22,704,176,180224] Vrun=f16 V=[256,256,4,1] Vdata=0x7f7477400000 Vnb=[2,2048,512,524288] kernel=MMA_F16 compiled_pair=1
CUDA_FA_ROUTE_PLAN device=0 Q=[256,2,16,1] Kraw=q5_0 Vraw=turbo2_tcq Kshape=[256,256,4,1] Vshape=[256,256,4,1] Keff=q5_0 Veff=f16 turbo_kv=1 prefer_native_vec=0 decode=1 dk=0 dv=1 unsafe_vec_after_turbo_v_decode=1 allow_vec=0 kernel=MMA_F16 need_f16_K=1 need_f16_V=0 Knb=[22,704,176,180224] Vnb=[36,288,72,73728] Keff_nb=[22,704,176,180224] Veff_nb=[2,2048,512,524288]
GGML_TURBO_FA_DEBUG: path=decode-dequant-or-vec K=q5_0 V=turbo2_tcq Q=[256,2,16,1] K=[256,256,4,1] V=[256,256,4,1] prefill_safe=0 can_make_f16_K=0 can_make_f16_V=1 turbo_k_classic_v_prefill=0 vec_override=0 batch_ok=1 dim_ok=1 turing_mma=1
CUDA_FA_ROUTE_EXEC_BEGIN Q=[256,2,16,1] Kraw=q5_0 Vraw=turbo2_tcq decode=1 dk=0 dv=1 allow_vec=0 kernel=MMA_F16 need_f16_K=1 need_f16_V=0 Kdata=0x7f746e374000 Vdata=0x7f746e3a0000 dst=0x1000e074680
CUDA_FA_ROUTE_EXEC_DISPATCH Qrun=f32 Q=[256,2,16,1] Qdata=0x1000e06c680 Krun=q5_0 K=[256,256,4,1] Kdata=0x7f746e374000 Knb=[22,704,176,180224] Vrun=f16 V=[256,256,4,1] Vdata=0x7f7477400000 Vnb=[2,2048,512,524288] kernel=MMA_F16 compiled_pair=1
CUDA_FA_ROUTE_PLAN device=0 Q=[256,2,16,1] Kraw=q5_0 Vraw=turbo2_tcq Kshape=[256,256,4,1] Vshape=[256,256,4,1] Keff=q5_0 Veff=f16 turbo_kv=1 prefer_native_vec=0 decode=1 dk=0 dv=1 unsafe_vec_after_turbo_v_decode=1 allow_vec=0 kernel=MMA_F16 need_f16_K=1 need_f16_V=0 Knb=[22,704,176,180224] Vnb=[36,288,72,73728] Keff_nb=[22,704,176,180224] Veff_nb=[2,2048,512,524288]
GGML_TURBO_FA_DEBUG: path=decode-dequant-or-vec K=q5_0 V=turbo2_tcq Q=[256,2,16,1] K=[256,256,4,1] V=[256,256,4,1] prefill_safe=0 can_make_f16_K=0 can_make_f16_V=1 turbo_k_classic_v_prefill=0 vec_override=0 batch_ok=1 dim_ok=1 turing_mma=1
CUDA_FA_ROUTE_EXEC_BEGIN Q=[256,2,16,1] Kraw=q5_0 Vraw=turbo2_tcq decode=1 dk=0 dv=1 allow_vec=0 kernel=MMA_F16 need_f16_K=1 need_f16_V=0 Kdata=0x7f746e3b2000 Vdata=0x7f746e3de000 dst=0x1000e074680
CUDA_FA_ROUTE_EXEC_DISPATCH Qrun=f32 Q=[256,2,16,1] Qdata=0x1000e06c680 Krun=q5_0 K=[256,256,4,1] Kdata=0x7f746e3b2000 Knb=[22,704,176,180224] Vrun=f16 V=[256,256,4,1] Vdata=0x7f7477400000 Vnb=[2,2048,512,524288] kernel=MMA_F16 compiled_pair=1
0.02.562.925 I llama_completion: llama threadpool init, n_threads = 6
0.02.562.939 I 
0.02.562.974 I system_info: n_threads = 6 (n_threads_batch = 6) / 12 | CUDA : ARCHS = 860 | USE_GRAPHS = 1 | CPU : SSE3 = 1 | SSSE3 = 1 | AVX = 1 | AVX_VNNI = 1 | AVX2 = 1 | F16C = 1 | FMA = 1 | BMI2 = 1 | LLAMAFILE = 1 | OPENMP = 1 | REPACK = 1 | 
0.02.562.975 I 
0.02.563.025 I sampler seed: 412318107
0.02.563.032 I sampler params: 
	repeat_last_n = 64, repeat_penalty = 1.000, frequency_penalty = 0.000, presence_penalty = 0.000
	dry_multiplier = 0.000, dry_base = 1.750, dry_allowed_length = 2, dry_penalty_last_n = -1
	top_k = 40, top_p = 0.950, min_p = 0.050, xtc_probability = 0.000, xtc_threshold = 0.100, typical_p = 1.000, top_n_sigma = -1.000, temp = 0.800
	mirostat = 0, mirostat_lr = 0.100, mirostat_ent = 5.000, adaptive_target = -1.000, adaptive_decay = 0.900
0.02.563.037 I sampler chain: logits -> ?penalties -> ?dry -> ?top-n-sigma -> top-k -> ?typical -> top-p -> min-p -> ?xtc -> temp-ext -> dist 
0.02.563.038 I generate: n_ctx = 256, n_batch = 2048, n_predict = 2, n_keep = 0
0.02.563.038 I 
The capital of France isCUDA_FA_ROUTE_PLAN device=0 Q=[256,5,16,1] Kraw=q5_0 Vraw=turbo2_tcq Kshape=[256,256,4,1] Vshape=[256,256,4,1] Keff=q5_0 Veff=f16 turbo_kv=1 prefer_native_vec=0 decode=1 dk=0 dv=1 unsafe_vec_after_turbo_v_decode=1 allow_vec=0 kernel=MMA_F16 need_f16_K=1 need_f16_V=0 Knb=[22,704,176,180224] Vnb=[36,288,72,73728] Keff_nb=[22,704,176,180224] Veff_nb=[2,2048,512,524288]
CUDA_FA_ROUTE_SUPPORTED kernel=MMA_F16 effK=q5_0 effV=f16 supported=1
CUDA_FA_ROUTE_PLAN device=0 Q=[256,5,16,1] Kraw=q5_0 Vraw=turbo2_tcq Kshape=[256,256,4,1] Vshape=[256,256,4,1] Keff=q5_0 Veff=f16 turbo_kv=1 prefer_native_vec=0 decode=1 dk=0 dv=1 unsafe_vec_after_turbo_v_decode=1 allow_vec=0 kernel=MMA_F16 need_f16_K=1 need_f16_V=0 Knb=[22,704,176,180224] Vnb=[36,288,72,73728] Keff_nb=[22,704,176,180224] Veff_nb=[2,2048,512,524288]
CUDA_FA_ROUTE_SUPPORTED kernel=MMA_F16 effK=q5_0 effV=f16 supported=1
CUDA_FA_ROUTE_PLAN device=0 Q=[256,5,16,1] Kraw=q5_0 Vraw=turbo2_tcq Kshape=[256,256,4,1] Vshape=[256,256,4,1] Keff=q5_0 Veff=f16 turbo_kv=1 prefer_native_vec=0 decode=1 dk=0 dv=1 unsafe_vec_after_turbo_v_decode=1 allow_vec=0 kernel=MMA_F16 need_f16_K=1 need_f16_V=0 Knb=[22,704,176,180224] Vnb=[36,288,72,73728] Keff_nb=[22,704,176,180224] Veff_nb=[2,2048,512,524288]
CUDA_FA_ROUTE_SUPPORTED kernel=MMA_F16 effK=q5_0 effV=f16 supported=1
CUDA_FA_ROUTE_PLAN device=0 Q=[256,5,16,1] Kraw=q5_0 Vraw=turbo2_tcq Kshape=[256,256,4,1] Vshape=[256,256,4,1] Keff=q5_0 Veff=f16 turbo_kv=1 prefer_native_vec=0 decode=1 dk=0 dv=1 unsafe_vec_after_turbo_v_decode=1 allow_vec=0 kernel=MMA_F16 need_f16_K=1 need_f16_V=0 Knb=[22,704,176,180224] Vnb=[36,288,72,73728] Keff_nb=[22,704,176,180224] Veff_nb=[2,2048,512,524288]
CUDA_FA_ROUTE_SUPPORTED kernel=MMA_F16 effK=q5_0 effV=f16 supported=1
CUDA_FA_ROUTE_PLAN device=0 Q=[256,5,16,1] Kraw=q5_0 Vraw=turbo2_tcq Kshape=[256,256,4,1] Vshape=[256,256,4,1] Keff=q5_0 Veff=f16 turbo_kv=1 prefer_native_vec=0 decode=1 dk=0 dv=1 unsafe_vec_after_turbo_v_decode=1 allow_vec=0 kernel=MMA_F16 need_f16_K=1 need_f16_V=0 Knb=[22,704,176,180224] Vnb=[36,288,72,73728] Keff_nb=[22,704,176,180224] Veff_nb=[2,2048,512,524288]
CUDA_FA_ROUTE_SUPPORTED kernel=MMA_F16 effK=q5_0 effV=f16 supported=1
CUDA_FA_ROUTE_PLAN device=0 Q=[256,5,16,1] Kraw=q5_0 Vraw=turbo2_tcq Kshape=[256,256,4,1] Vshape=[256,256,4,1] Keff=q5_0 Veff=f16 turbo_kv=1 prefer_native_vec=0 decode=1 dk=0 dv=1 unsafe_vec_after_turbo_v_decode=1 allow_vec=0 kernel=MMA_F16 need_f16_K=1 need_f16_V=0 Knb=[22,704,176,180224] Vnb=[36,288,72,73728] Keff_nb=[22,704,176,180224] Veff_nb=[2,2048,512,524288]
CUDA_FA_ROUTE_SUPPORTED kernel=MMA_F16 effK=q5_0 effV=f16 supported=1
CUDA_FA_ROUTE_PLAN device=0 Q=[256,5,16,1] Kraw=q5_0 Vraw=turbo2_tcq Kshape=[256,256,4,1] Vshape=[256,256,4,1] Keff=q5_0 Veff=f16 turbo_kv=1 prefer_native_vec=0 decode=1 dk=0 dv=1 unsafe_vec_after_turbo_v_decode=1 allow_vec=0 kernel=MMA_F16 need_f16_K=1 need_f16_V=0 Knb=[22,704,176,180224] Vnb=[36,288,72,73728] Keff_nb=[22,704,176,180224] Veff_nb=[2,2048,512,524288]
CUDA_FA_ROUTE_SUPPORTED kernel=MMA_F16 effK=q5_0 effV=f16 supported=1
CUDA_FA_ROUTE_PLAN device=0 Q=[256,5,16,1] Kraw=q5_0 Vraw=turbo2_tcq Kshape=[256,256,4,1] Vshape=[256,256,4,1] Keff=q5_0 Veff=f16 turbo_kv=1 prefer_native_vec=0 decode=1 dk=0 dv=1 unsafe_vec_after_turbo_v_decode=1 allow_vec=0 kernel=MMA_F16 need_f16_K=1 need_f16_V=0 Knb=[22,704,176,180224] Vnb=[36,288,72,73728] Keff_nb=[22,704,176,180224] Veff_nb=[2,2048,512,524288]
CUDA_FA_ROUTE_SUPPORTED kernel=MMA_F16 effK=q5_0 effV=f16 supported=1
CUDA_FA_ROUTE_PLAN device=0 Q=[256,5,16,1] Kraw=q5_0 Vraw=turbo2_tcq Kshape=[256,256,4,1] Vshape=[256,256,4,1] Keff=q5_0 Veff=f16 turbo_kv=1 prefer_native_vec=0 decode=1 dk=0 dv=1 unsafe_vec_after_turbo_v_decode=1 allow_vec=0 kernel=MMA_F16 need_f16_K=1 need_f16_V=0 Knb=[22,704,176,180224] Vnb=[36,288,72,73728] Keff_nb=[22,704,176,180224] Veff_nb=[2,2048,512,524288]
CUDA_FA_ROUTE_ALLOC kernel=MMA_F16 need_f16_K=1 need_f16_V=0 workspace_end_offset=606208 dst_data=(nil) f16_K=0x14000 f16_V=(nil) f16_end=0x94000
CUDA_FA_ROUTE_PLAN device=0 Q=[256,5,16,1] Kraw=q5_0 Vraw=turbo2_tcq Kshape=[256,256,4,1] Vshape=[256,256,4,1] Keff=q5_0 Veff=f16 turbo_kv=1 prefer_native_vec=0 decode=1 dk=0 dv=1 unsafe_vec_after_turbo_v_decode=1 allow_vec=0 kernel=MMA_F16 need_f16_K=1 need_f16_V=0 Knb=[22,704,176,180224] Vnb=[36,288,72,73728] Keff_nb=[22,704,176,180224] Veff_nb=[2,2048,512,524288]
CUDA_FA_ROUTE_ALLOC kernel=MMA_F16 need_f16_K=1 need_f16_V=0 workspace_end_offset=606208 dst_data=(nil) f16_K=0x14000 f16_V=(nil) f16_end=0x94000
CUDA_FA_ROUTE_PLAN device=0 Q=[256,5,16,1] Kraw=q5_0 Vraw=turbo2_tcq Kshape=[256,256,4,1] Vshape=[256,256,4,1] Keff=q5_0 Veff=f16 turbo_kv=1 prefer_native_vec=0 decode=1 dk=0 dv=1 unsafe_vec_after_turbo_v_decode=1 allow_vec=0 kernel=MMA_F16 need_f16_K=1 need_f16_V=0 Knb=[22,704,176,180224] Vnb=[36,288,72,73728] Keff_nb=[22,704,176,180224] Veff_nb=[2,2048,512,524288]
CUDA_FA_ROUTE_ALLOC kernel=MMA_F16 need_f16_K=1 need_f16_V=0 workspace_end_offset=606208 dst_data=(nil) f16_K=0x14000 f16_V=(nil) f16_end=0x94000
CUDA_FA_ROUTE_PLAN device=0 Q=[256,5,16,1] Kraw=q5_0 Vraw=turbo2_tcq Kshape=[256,256,4,1] Vshape=[256,256,4,1] Keff=q5_0 Veff=f16 turbo_kv=1 prefer_native_vec=0 decode=1 dk=0 dv=1 unsafe_vec_after_turbo_v_decode=1 allow_vec=0 kernel=MMA_F16 need_f16_K=1 need_f16_V=0 Knb=[22,704,176,180224] Vnb=[36,288,72,73728] Keff_nb=[22,704,176,180224] Veff_nb=[2,2048,512,524288]
CUDA_FA_ROUTE_ALLOC kernel=MMA_F16 need_f16_K=1 need_f16_V=0 workspace_end_offset=606208 dst_data=(nil) f16_K=0x14000 f16_V=(nil) f16_end=0x94000
CUDA_FA_ROUTE_PLAN device=0 Q=[256,5,16,1] Kraw=q5_0 Vraw=turbo2_tcq Kshape=[256,256,4,1] Vshape=[256,256,4,1] Keff=q5_0 Veff=f16 turbo_kv=1 prefer_native_vec=0 decode=1 dk=0 dv=1 unsafe_vec_after_turbo_v_decode=1 allow_vec=0 kernel=MMA_F16 need_f16_K=1 need_f16_V=0 Knb=[22,704,176,180224] Vnb=[36,288,72,73728] Keff_nb=[22,704,176,180224] Veff_nb=[2,2048,512,524288]
CUDA_FA_ROUTE_ALLOC kernel=MMA_F16 need_f16_K=1 need_f16_V=0 workspace_end_offset=606208 dst_data=(nil) f16_K=0x14000 f16_V=(nil) f16_end=0x94000
CUDA_FA_ROUTE_PLAN device=0 Q=[256,5,16,1] Kraw=q5_0 Vraw=turbo2_tcq Kshape=[256,256,4,1] Vshape=[256,256,4,1] Keff=q5_0 Veff=f16 turbo_kv=1 prefer_native_vec=0 decode=1 dk=0 dv=1 unsafe_vec_after_turbo_v_decode=1 allow_vec=0 kernel=MMA_F16 need_f16_K=1 need_f16_V=0 Knb=[22,704,176,180224] Vnb=[36,288,72,73728] Keff_nb=[22,704,176,180224] Veff_nb=[2,2048,512,524288]
CUDA_FA_ROUTE_ALLOC kernel=MMA_F16 need_f16_K=1 need_f16_V=0 workspace_end_offset=606208 dst_data=(nil) f16_K=0x14000 f16_V=(nil) f16_end=0x94000
CUDA_FA_ROUTE_PLAN device=0 Q=[256,5,16,1] Kraw=q5_0 Vraw=turbo2_tcq Kshape=[256,256,4,1] Vshape=[256,256,4,1] Keff=q5_0 Veff=f16 turbo_kv=1 prefer_native_vec=0 decode=1 dk=0 dv=1 unsafe_vec_after_turbo_v_decode=1 allow_vec=0 kernel=MMA_F16 need_f16_K=1 need_f16_V=0 Knb=[22,704,176,180224] Vnb=[36,288,72,73728] Keff_nb=[22,704,176,180224] Veff_nb=[2,2048,512,524288]
CUDA_FA_ROUTE_ALLOC kernel=MMA_F16 need_f16_K=1 need_f16_V=0 workspace_end_offset=606208 dst_data=(nil) f16_K=0x14000 f16_V=(nil) f16_end=0x94000
CUDA_FA_ROUTE_PLAN device=0 Q=[256,5,16,1] Kraw=q5_0 Vraw=turbo2_tcq Kshape=[256,256,4,1] Vshape=[256,256,4,1] Keff=q5_0 Veff=f16 turbo_kv=1 prefer_native_vec=0 decode=1 dk=0 dv=1 unsafe_vec_after_turbo_v_decode=1 allow_vec=0 kernel=MMA_F16 need_f16_K=1 need_f16_V=0 Knb=[22,704,176,180224] Vnb=[36,288,72,73728] Keff_nb=[22,704,176,180224] Veff_nb=[2,2048,512,524288]
CUDA_FA_ROUTE_ALLOC kernel=MMA_F16 need_f16_K=1 need_f16_V=0 workspace_end_offset=606208 dst_data=(nil) f16_K=0x14000 f16_V=(nil) f16_end=0x94000
CUDA_FA_ROUTE_PLAN device=0 Q=[256,5,16,1] Kraw=q5_0 Vraw=turbo2_tcq Kshape=[256,256,4,1] Vshape=[256,256,4,1] Keff=q5_0 Veff=f16 turbo_kv=1 prefer_native_vec=0 decode=1 dk=0 dv=1 unsafe_vec_after_turbo_v_decode=1 allow_vec=0 kernel=MMA_F16 need_f16_K=1 need_f16_V=0 Knb=[22,704,176,180224] Vnb=[36,288,72,73728] Keff_nb=[22,704,176,180224] Veff_nb=[2,2048,512,524288]
CUDA_FA_ROUTE_ALLOC kernel=MMA_F16 need_f16_K=1 need_f16_V=0 workspace_end_offset=606208 dst_data=(nil) f16_K=0x14000 f16_V=(nil) f16_end=0x94000
CUDA_FA_ROUTE_PLAN device=0 Q=[256,5,16,1] Kraw=q5_0 Vraw=turbo2_tcq Kshape=[256,256,4,1] Vshape=[256,256,4,1] Keff=q5_0 Veff=f16 turbo_kv=1 prefer_native_vec=0 decode=1 dk=0 dv=1 unsafe_vec_after_turbo_v_decode=1 allow_vec=0 kernel=MMA_F16 need_f16_K=1 need_f16_V=0 Knb=[22,704,176,180224] Vnb=[36,288,72,73728] Keff_nb=[22,704,176,180224] Veff_nb=[2,2048,512,524288]
CUDA_FA_ROUTE_ALLOC kernel=MMA_F16 need_f16_K=1 need_f16_V=0 workspace_end_offset=606208 dst_data=(nil) f16_K=0x14000 f16_V=(nil) f16_end=0x94000
CUDA_FA_ROUTE_PLAN device=0 Q=[256,5,16,1] Kraw=q5_0 Vraw=turbo2_tcq Kshape=[256,256,4,1] Vshape=[256,256,4,1] Keff=q5_0 Veff=f16 turbo_kv=1 prefer_native_vec=0 decode=1 dk=0 dv=1 unsafe_vec_after_turbo_v_decode=1 allow_vec=0 kernel=MMA_F16 need_f16_K=1 need_f16_V=0 Knb=[22,704,176,180224] Vnb=[36,288,72,73728] Keff_nb=[22,704,176,180224] Veff_nb=[2,2048,512,524288]
CUDA_FA_ROUTE_ALLOC kernel=MMA_F16 need_f16_K=1 need_f16_V=0 workspace_end_offset=606208 dst_data=(nil) f16_K=0x14000 f16_V=(nil) f16_end=0x94000
CUDA_FA_ROUTE_PLAN device=0 Q=[256,5,16,1] Kraw=q5_0 Vraw=turbo2_tcq Kshape=[256,256,4,1] Vshape=[256,256,4,1] Keff=q5_0 Veff=f16 turbo_kv=1 prefer_native_vec=0 decode=1 dk=0 dv=1 unsafe_vec_after_turbo_v_decode=1 allow_vec=0 kernel=MMA_F16 need_f16_K=1 need_f16_V=0 Knb=[22,704,176,180224] Vnb=[36,288,72,73728] Keff_nb=[22,704,176,180224] Veff_nb=[2,2048,512,524288]
CUDA_FA_ROUTE_ALLOC kernel=MMA_F16 need_f16_K=1 need_f16_V=0 workspace_end_offset=606208 dst_data=(nil) f16_K=0x14000 f16_V=(nil) f16_end=0x94000
CUDA_FA_ROUTE_PLAN device=0 Q=[256,5,16,1] Kraw=q5_0 Vraw=turbo2_tcq Kshape=[256,256,4,1] Vshape=[256,256,4,1] Keff=q5_0 Veff=f16 turbo_kv=1 prefer_native_vec=0 decode=1 dk=0 dv=1 unsafe_vec_after_turbo_v_decode=1 allow_vec=0 kernel=MMA_F16 need_f16_K=1 need_f16_V=0 Knb=[22,704,176,180224] Vnb=[36,288,72,73728] Keff_nb=[22,704,176,180224] Veff_nb=[2,2048,512,524288]
CUDA_FA_ROUTE_ALLOC kernel=MMA_F16 need_f16_K=1 need_f16_V=0 workspace_end_offset=606208 dst_data=(nil) f16_K=0x14000 f16_V=(nil) f16_end=0x94000
CUDA_FA_ROUTE_PLAN device=0 Q=[256,5,16,1] Kraw=q5_0 Vraw=turbo2_tcq Kshape=[256,256,4,1] Vshape=[256,256,4,1] Keff=q5_0 Veff=f16 turbo_kv=1 prefer_native_vec=0 decode=1 dk=0 dv=1 unsafe_vec_after_turbo_v_decode=1 allow_vec=0 kernel=MMA_F16 need_f16_K=1 need_f16_V=0 Knb=[22,704,176,180224] Vnb=[36,288,72,73728] Keff_nb=[22,704,176,180224] Veff_nb=[2,2048,512,524288]
CUDA_FA_ROUTE_ALLOC kernel=MMA_F16 need_f16_K=1 need_f16_V=0 workspace_end_offset=606208 dst_data=(nil) f16_K=0x14000 f16_V=(nil) f16_end=0x94000
CUDA_FA_ROUTE_PLAN device=0 Q=[256,5,16,1] Kraw=q5_0 Vraw=turbo2_tcq Kshape=[256,256,4,1] Vshape=[256,256,4,1] Keff=q5_0 Veff=f16 turbo_kv=1 prefer_native_vec=0 decode=1 dk=0 dv=1 unsafe_vec_after_turbo_v_decode=1 allow_vec=0 kernel=MMA_F16 need_f16_K=1 need_f16_V=0 Knb=[22,704,176,180224] Vnb=[36,288,72,73728] Keff_nb=[22,704,176,180224] Veff_nb=[2,2048,512,524288]
CUDA_FA_ROUTE_ALLOC kernel=MMA_F16 need_f16_K=1 need_f16_V=0 workspace_end_offset=606208 dst_data=(nil) f16_K=0x14000 f16_V=(nil) f16_end=0x94000
CUDA_FA_ROUTE_PLAN device=0 Q=[256,5,16,1] Kraw=q5_0 Vraw=turbo2_tcq Kshape=[256,256,4,1] Vshape=[256,256,4,1] Keff=q5_0 Veff=f16 turbo_kv=1 prefer_native_vec=0 decode=1 dk=0 dv=1 unsafe_vec_after_turbo_v_decode=1 allow_vec=0 kernel=MMA_F16 need_f16_K=1 need_f16_V=0 Knb=[22,704,176,180224] Vnb=[36,288,72,73728] Keff_nb=[22,704,176,180224] Veff_nb=[2,2048,512,524288]
CUDA_FA_ROUTE_ALLOC kernel=MMA_F16 need_f16_K=1 need_f16_V=0 workspace_end_offset=606208 dst_data=(nil) f16_K=0x14000 f16_V=(nil) f16_end=0x94000
CUDA_FA_ROUTE_PLAN device=0 Q=[256,5,16,1] Kraw=q5_0 Vraw=turbo2_tcq Kshape=[256,256,4,1] Vshape=[256,256,4,1] Keff=q5_0 Veff=f16 turbo_kv=1 prefer_native_vec=0 decode=1 dk=0 dv=1 unsafe_vec_after_turbo_v_decode=1 allow_vec=0 kernel=MMA_F16 need_f16_K=1 need_f16_V=0 Knb=[22,704,176,180224] Vnb=[36,288,72,73728] Keff_nb=[22,704,176,180224] Veff_nb=[2,2048,512,524288]
CUDA_FA_ROUTE_ALLOC kernel=MMA_F16 need_f16_K=1 need_f16_V=0 workspace_end_offset=606208 dst_data=(nil) f16_K=0x14000 f16_V=(nil) f16_end=0x94000
CUDA_FA_ROUTE_PLAN device=0 Q=[256,5,16,1] Kraw=q5_0 Vraw=turbo2_tcq Kshape=[256,256,4,1] Vshape=[256,256,4,1] Keff=q5_0 Veff=f16 turbo_kv=1 prefer_native_vec=0 decode=1 dk=0 dv=1 unsafe_vec_after_turbo_v_decode=1 allow_vec=0 kernel=MMA_F16 need_f16_K=1 need_f16_V=0 Knb=[22,704,176,180224] Vnb=[36,288,72,73728] Keff_nb=[22,704,176,180224] Veff_nb=[2,2048,512,524288]
CUDA_FA_ROUTE_ALLOC kernel=MMA_F16 need_f16_K=1 need_f16_V=0 workspace_end_offset=606208 dst_data=(nil) f16_K=0x14000 f16_V=(nil) f16_end=0x94000
CUDA_FA_ROUTE_PLAN device=0 Q=[256,5,16,1] Kraw=q5_0 Vraw=turbo2_tcq Kshape=[256,256,4,1] Vshape=[256,256,4,1] Keff=q5_0 Veff=f16 turbo_kv=1 prefer_native_vec=0 decode=1 dk=0 dv=1 unsafe_vec_after_turbo_v_decode=1 allow_vec=0 kernel=MMA_F16 need_f16_K=1 need_f16_V=0 Knb=[22,704,176,180224] Vnb=[36,288,72,73728] Keff_nb=[22,704,176,180224] Veff_nb=[2,2048,512,524288]
CUDA_FA_ROUTE_ALLOC kernel=MMA_F16 need_f16_K=1 need_f16_V=0 workspace_end_offset=606208 dst_data=(nil) f16_K=0x14000 f16_V=(nil) f16_end=0x94000
CUDA_FA_ROUTE_PLAN device=0 Q=[256,5,16,1] Kraw=q5_0 Vraw=turbo2_tcq Kshape=[256,256,4,1] Vshape=[256,256,4,1] Keff=q5_0 Veff=f16 turbo_kv=1 prefer_native_vec=0 decode=1 dk=0 dv=1 unsafe_vec_after_turbo_v_decode=1 allow_vec=0 kernel=MMA_F16 need_f16_K=1 need_f16_V=0 Knb=[22,704,176,180224] Vnb=[36,288,72,73728] Keff_nb=[22,704,176,180224] Veff_nb=[2,2048,512,524288]
CUDA_FA_ROUTE_ALLOC kernel=MMA_F16 need_f16_K=1 need_f16_V=0 workspace_end_offset=606208 dst_data=(nil) f16_K=0x14000 f16_V=(nil) f16_end=0x94000
CUDA_FA_ROUTE_PLAN device=0 Q=[256,5,16,1] Kraw=q5_0 Vraw=turbo2_tcq Kshape=[256,256,4,1] Vshape=[256,256,4,1] Keff=q5_0 Veff=f16 turbo_kv=1 prefer_native_vec=0 decode=1 dk=0 dv=1 unsafe_vec_after_turbo_v_decode=1 allow_vec=0 kernel=MMA_F16 need_f16_K=1 need_f16_V=0 Knb=[22,704,176,180224] Vnb=[36,288,72,73728] Keff_nb=[22,704,176,180224] Veff_nb=[2,2048,512,524288]
CUDA_FA_ROUTE_ALLOC kernel=MMA_F16 need_f16_K=1 need_f16_V=0 workspace_end_offset=606208 dst_data=(nil) f16_K=0x14000 f16_V=(nil) f16_end=0x94000
CUDA_FA_ROUTE_PLAN device=0 Q=[256,5,16,1] Kraw=q5_0 Vraw=turbo2_tcq Kshape=[256,256,4,1] Vshape=[256,256,4,1] Keff=q5_0 Veff=f16 turbo_kv=1 prefer_native_vec=0 decode=1 dk=0 dv=1 unsafe_vec_after_turbo_v_decode=1 allow_vec=0 kernel=MMA_F16 need_f16_K=1 need_f16_V=0 Knb=[22,704,176,180224] Vnb=[36,288,72,73728] Keff_nb=[22,704,176,180224] Veff_nb=[2,2048,512,524288]
CUDA_FA_ROUTE_ALLOC kernel=MMA_F16 need_f16_K=1 need_f16_V=0 workspace_end_offset=606208 dst_data=(nil) f16_K=0x14000 f16_V=(nil) f16_end=0x94000
CUDA_FA_ROUTE_PLAN device=0 Q=[256,5,16,1] Kraw=q5_0 Vraw=turbo2_tcq Kshape=[256,256,4,1] Vshape=[256,256,4,1] Keff=q5_0 Veff=f16 turbo_kv=1 prefer_native_vec=0 decode=1 dk=0 dv=1 unsafe_vec_after_turbo_v_decode=1 allow_vec=0 kernel=MMA_F16 need_f16_K=1 need_f16_V=0 Knb=[22,704,176,180224] Vnb=[36,288,72,73728] Keff_nb=[22,704,176,180224] Veff_nb=[2,2048,512,524288]
CUDA_FA_ROUTE_ALLOC kernel=MMA_F16 need_f16_K=1 need_f16_V=0 workspace_end_offset=606208 dst_data=(nil) f16_K=0x14000 f16_V=(nil) f16_end=0x94000
CUDA_FA_ROUTE_PLAN device=0 Q=[256,5,16,1] Kraw=q5_0 Vraw=turbo2_tcq Kshape=[256,256,4,1] Vshape=[256,256,4,1] Keff=q5_0 Veff=f16 turbo_kv=1 prefer_native_vec=0 decode=1 dk=0 dv=1 unsafe_vec_after_turbo_v_decode=1 allow_vec=0 kernel=MMA_F16 need_f16_K=1 need_f16_V=0 Knb=[22,704,176,180224] Vnb=[36,288,72,73728] Keff_nb=[22,704,176,180224] Veff_nb=[2,2048,512,524288]
CUDA_FA_ROUTE_ALLOC kernel=MMA_F16 need_f16_K=1 need_f16_V=0 workspace_end_offset=606208 dst_data=(nil) f16_K=0x14000 f16_V=(nil) f16_end=0x94000
CUDA_FA_ROUTE_PLAN device=0 Q=[256,5,16,1] Kraw=q5_0 Vraw=turbo2_tcq Kshape=[256,256,4,1] Vshape=[256,256,4,1] Keff=q5_0 Veff=f16 turbo_kv=1 prefer_native_vec=0 decode=1 dk=0 dv=1 unsafe_vec_after_turbo_v_decode=1 allow_vec=0 kernel=MMA_F16 need_f16_K=1 need_f16_V=0 Knb=[22,704,176,180224] Vnb=[36,288,72,73728] Keff_nb=[22,704,176,180224] Veff_nb=[2,2048,512,524288]
CUDA_FA_ROUTE_ALLOC kernel=MMA_F16 need_f16_K=1 need_f16_V=0 workspace_end_offset=606208 dst_data=(nil) f16_K=0x14000 f16_V=(nil) f16_end=0x94000
CUDA_FA_ROUTE_PLAN device=0 Q=[256,5,16,1] Kraw=q5_0 Vraw=turbo2_tcq Kshape=[256,256,4,1] Vshape=[256,256,4,1] Keff=q5_0 Veff=f16 turbo_kv=1 prefer_native_vec=0 decode=1 dk=0 dv=1 unsafe_vec_after_turbo_v_decode=1 allow_vec=0 kernel=MMA_F16 need_f16_K=1 need_f16_V=0 Knb=[22,704,176,180224] Vnb=[36,288,72,73728] Keff_nb=[22,704,176,180224] Veff_nb=[2,2048,512,524288]
CUDA_FA_ROUTE_ALLOC kernel=MMA_F16 need_f16_K=1 need_f16_V=0 workspace_end_offset=606208 dst_data=(nil) f16_K=0x14000 f16_V=(nil) f16_end=0x94000
CUDA_FA_ROUTE_PLAN device=0 Q=[256,5,16,1] Kraw=q5_0 Vraw=turbo2_tcq Kshape=[256,256,4,1] Vshape=[256,256,4,1] Keff=q5_0 Veff=f16 turbo_kv=1 prefer_native_vec=0 decode=1 dk=0 dv=1 unsafe_vec_after_turbo_v_decode=1 allow_vec=0 kernel=MMA_F16 need_f16_K=1 need_f16_V=0 Knb=[22,704,176,180224] Vnb=[36,288,72,73728] Keff_nb=[22,704,176,180224] Veff_nb=[2,2048,512,524288]
CUDA_FA_ROUTE_ALLOC kernel=MMA_F16 need_f16_K=1 need_f16_V=0 workspace_end_offset=606208 dst_data=(nil) f16_K=0x14000 f16_V=(nil) f16_end=0x94000
CUDA_FA_ROUTE_PLAN device=0 Q=[256,5,16,1] Kraw=q5_0 Vraw=turbo2_tcq Kshape=[256,256,4,1] Vshape=[256,256,4,1] Keff=q5_0 Veff=f16 turbo_kv=1 prefer_native_vec=0 decode=1 dk=0 dv=1 unsafe_vec_after_turbo_v_decode=1 allow_vec=0 kernel=MMA_F16 need_f16_K=1 need_f16_V=0 Knb=[22,704,176,180224] Vnb=[36,288,72,73728] Keff_nb=[22,704,176,180224] Veff_nb=[2,2048,512,524288]
CUDA_FA_ROUTE_ALLOC kernel=MMA_F16 need_f16_K=1 need_f16_V=0 workspace_end_offset=606208 dst_data=(nil) f16_K=0x14000 f16_V=(nil) f16_end=0x94000
CUDA_FA_ROUTE_PLAN device=0 Q=[256,5,16,1] Kraw=q5_0 Vraw=turbo2_tcq Kshape=[256,256,4,1] Vshape=[256,256,4,1] Keff=q5_0 Veff=f16 turbo_kv=1 prefer_native_vec=0 decode=1 dk=0 dv=1 unsafe_vec_after_turbo_v_decode=1 allow_vec=0 kernel=MMA_F16 need_f16_K=1 need_f16_V=0 Knb=[22,704,176,180224] Vnb=[36,288,72,73728] Keff_nb=[22,704,176,180224] Veff_nb=[2,2048,512,524288]
CUDA_FA_ROUTE_ALLOC kernel=MMA_F16 need_f16_K=1 need_f16_V=0 workspace_end_offset=606208 dst_data=(nil) f16_K=0x14000 f16_V=(nil) f16_end=0x94000
CUDA_FA_ROUTE_PLAN device=0 Q=[256,5,16,1] Kraw=q5_0 Vraw=turbo2_tcq Kshape=[256,256,4,1] Vshape=[256,256,4,1] Keff=q5_0 Veff=f16 turbo_kv=1 prefer_native_vec=0 decode=1 dk=0 dv=1 unsafe_vec_after_turbo_v_decode=1 allow_vec=0 kernel=MMA_F16 need_f16_K=1 need_f16_V=0 Knb=[22,704,176,180224] Vnb=[36,288,72,73728] Keff_nb=[22,704,176,180224] Veff_nb=[2,2048,512,524288]
CUDA_FA_ROUTE_ALLOC kernel=MMA_F16 need_f16_K=1 need_f16_V=0 workspace_end_offset=606208 dst_data=(nil) f16_K=0x14000 f16_V=(nil) f16_end=0x94000
CUDA_FA_ROUTE_PLAN device=0 Q=[256,5,16,1] Kraw=q5_0 Vraw=turbo2_tcq Kshape=[256,256,4,1] Vshape=[256,256,4,1] Keff=q5_0 Veff=f16 turbo_kv=1 prefer_native_vec=0 decode=1 dk=0 dv=1 unsafe_vec_after_turbo_v_decode=1 allow_vec=0 kernel=MMA_F16 need_f16_K=1 need_f16_V=0 Knb=[22,704,176,180224] Vnb=[36,288,72,73728] Keff_nb=[22,704,176,180224] Veff_nb=[2,2048,512,524288]
CUDA_FA_ROUTE_ALLOC kernel=MMA_F16 need_f16_K=1 need_f16_V=0 workspace_end_offset=606208 dst_data=(nil) f16_K=0x14000 f16_V=(nil) f16_end=0x94000
CUDA_FA_ROUTE_PLAN device=0 Q=[256,5,16,1] Kraw=q5_0 Vraw=turbo2_tcq Kshape=[256,256,4,1] Vshape=[256,256,4,1] Keff=q5_0 Veff=f16 turbo_kv=1 prefer_native_vec=0 decode=1 dk=0 dv=1 unsafe_vec_after_turbo_v_decode=1 allow_vec=0 kernel=MMA_F16 need_f16_K=1 need_f16_V=0 Knb=[22,704,176,180224] Vnb=[36,288,72,73728] Keff_nb=[22,704,176,180224] Veff_nb=[2,2048,512,524288]
CUDA_FA_ROUTE_ALLOC kernel=MMA_F16 need_f16_K=1 need_f16_V=0 workspace_end_offset=606208 dst_data=(nil) f16_K=0x14000 f16_V=(nil) f16_end=0x94000
CUDA_FA_ROUTE_PLAN device=0 Q=[256,5,16,1] Kraw=q5_0 Vraw=turbo2_tcq Kshape=[256,256,4,1] Vshape=[256,256,4,1] Keff=q5_0 Veff=f16 turbo_kv=1 prefer_native_vec=0 decode=1 dk=0 dv=1 unsafe_vec_after_turbo_v_decode=1 allow_vec=0 kernel=MMA_F16 need_f16_K=1 need_f16_V=0 Knb=[22,704,176,180224] Vnb=[36,288,72,73728] Keff_nb=[22,704,176,180224] Veff_nb=[2,2048,512,524288]
CUDA_FA_ROUTE_ALLOC kernel=MMA_F16 need_f16_K=1 need_f16_V=0 workspace_end_offset=606208 dst_data=(nil) f16_K=0x14000 f16_V=(nil) f16_end=0x94000
CUDA_FA_ROUTE_PLAN device=0 Q=[256,5,16,1] Kraw=q5_0 Vraw=turbo2_tcq Kshape=[256,256,4,1] Vshape=[256,256,4,1] Keff=q5_0 Veff=f16 turbo_kv=1 prefer_native_vec=0 decode=1 dk=0 dv=1 unsafe_vec_after_turbo_v_decode=1 allow_vec=0 kernel=MMA_F16 need_f16_K=1 need_f16_V=0 Knb=[22,704,176,180224] Vnb=[36,288,72,73728] Keff_nb=[22,704,176,180224] Veff_nb=[2,2048,512,524288]
CUDA_FA_ROUTE_ALLOC kernel=MMA_F16 need_f16_K=1 need_f16_V=0 workspace_end_offset=606208 dst_data=(nil) f16_K=0x14000 f16_V=(nil) f16_end=0x94000
CUDA_FA_ROUTE_PLAN device=0 Q=[256,5,16,1] Kraw=q5_0 Vraw=turbo2_tcq Kshape=[256,256,4,1] Vshape=[256,256,4,1] Keff=q5_0 Veff=f16 turbo_kv=1 prefer_native_vec=0 decode=1 dk=0 dv=1 unsafe_vec_after_turbo_v_decode=1 allow_vec=0 kernel=MMA_F16 need_f16_K=1 need_f16_V=0 Knb=[22,704,176,180224] Vnb=[36,288,72,73728] Keff_nb=[22,704,176,180224] Veff_nb=[2,2048,512,524288]
CUDA_FA_ROUTE_ALLOC kernel=MMA_F16 need_f16_K=1 need_f16_V=0 workspace_end_offset=606208 dst_data=(nil) f16_K=0x14000 f16_V=(nil) f16_end=0x94000
CUDA_FA_ROUTE_PLAN device=0 Q=[256,5,16,1] Kraw=q5_0 Vraw=turbo2_tcq Kshape=[256,256,4,1] Vshape=[256,256,4,1] Keff=q5_0 Veff=f16 turbo_kv=1 prefer_native_vec=0 decode=1 dk=0 dv=1 unsafe_vec_after_turbo_v_decode=1 allow_vec=0 kernel=MMA_F16 need_f16_K=1 need_f16_V=0 Knb=[22,704,176,180224] Vnb=[36,288,72,73728] Keff_nb=[22,704,176,180224] Veff_nb=[2,2048,512,524288]
CUDA_FA_ROUTE_ALLOC kernel=MMA_F16 need_f16_K=1 need_f16_V=0 workspace_end_offset=606208 dst_data=(nil) f16_K=0x14000 f16_V=(nil) f16_end=0x94000
CUDA_FA_ROUTE_PLAN device=0 Q=[256,5,16,1] Kraw=q5_0 Vraw=turbo2_tcq Kshape=[256,256,4,1] Vshape=[256,256,4,1] Keff=q5_0 Veff=f16 turbo_kv=1 prefer_native_vec=0 decode=1 dk=0 dv=1 unsafe_vec_after_turbo_v_decode=1 allow_vec=0 kernel=MMA_F16 need_f16_K=1 need_f16_V=0 Knb=[22,704,176,180224] Vnb=[36,288,72,73728] Keff_nb=[22,704,176,180224] Veff_nb=[2,2048,512,524288]
CUDA_FA_ROUTE_ALLOC kernel=MMA_F16 need_f16_K=1 need_f16_V=0 workspace_end_offset=606208 dst_data=(nil) f16_K=0x14000 f16_V=(nil) f16_end=0x94000
CUDA_FA_ROUTE_PLAN device=0 Q=[256,5,16,1] Kraw=q5_0 Vraw=turbo2_tcq Kshape=[256,256,4,1] Vshape=[256,256,4,1] Keff=q5_0 Veff=f16 turbo_kv=1 prefer_native_vec=0 decode=1 dk=0 dv=1 unsafe_vec_after_turbo_v_decode=1 allow_vec=0 kernel=MMA_F16 need_f16_K=1 need_f16_V=0 Knb=[22,704,176,180224] Vnb=[36,288,72,73728] Keff_nb=[22,704,176,180224] Veff_nb=[2,2048,512,524288]
CUDA_FA_ROUTE_ALLOC kernel=MMA_F16 need_f16_K=1 need_f16_V=0 workspace_end_offset=606208 dst_data=(nil) f16_K=0x14000 f16_V=(nil) f16_end=0x94000
CUDA_FA_ROUTE_PLAN device=0 Q=[256,5,16,1] Kraw=q5_0 Vraw=turbo2_tcq Kshape=[256,256,4,1] Vshape=[256,256,4,1] Keff=q5_0 Veff=f16 turbo_kv=1 prefer_native_vec=0 decode=1 dk=0 dv=1 unsafe_vec_after_turbo_v_decode=1 allow_vec=0 kernel=MMA_F16 need_f16_K=1 need_f16_V=0 Knb=[22,704,176,180224] Vnb=[36,288,72,73728] Keff_nb=[22,704,176,180224] Veff_nb=[2,2048,512,524288]
CUDA_FA_ROUTE_ALLOC kernel=MMA_F16 need_f16_K=1 need_f16_V=0 workspace_end_offset=606208 dst_data=(nil) f16_K=0x14000 f16_V=(nil) f16_end=0x94000
CUDA_FA_ROUTE_PLAN device=0 Q=[256,5,16,1] Kraw=q5_0 Vraw=turbo2_tcq Kshape=[256,256,4,1] Vshape=[256,256,4,1] Keff=q5_0 Veff=f16 turbo_kv=1 prefer_native_vec=0 decode=1 dk=0 dv=1 unsafe_vec_after_turbo_v_decode=1 allow_vec=0 kernel=MMA_F16 need_f16_K=1 need_f16_V=0 Knb=[22,704,176,180224] Vnb=[36,288,72,73728] Keff_nb=[22,704,176,180224] Veff_nb=[2,2048,512,524288]
CUDA_FA_ROUTE_ALLOC kernel=MMA_F16 need_f16_K=1 need_f16_V=0 workspace_end_offset=606208 dst_data=(nil) f16_K=0x14000 f16_V=(nil) f16_end=0x94000
CUDA_FA_ROUTE_PLAN device=0 Q=[256,5,16,1] Kraw=q5_0 Vraw=turbo2_tcq Kshape=[256,256,4,1] Vshape=[256,256,4,1] Keff=q5_0 Veff=f16 turbo_kv=1 prefer_native_vec=0 decode=1 dk=0 dv=1 unsafe_vec_after_turbo_v_decode=1 allow_vec=0 kernel=MMA_F16 need_f16_K=1 need_f16_V=0 Knb=[22,704,176,180224] Vnb=[36,288,72,73728] Keff_nb=[22,704,176,180224] Veff_nb=[2,2048,512,524288]
CUDA_FA_ROUTE_ALLOC kernel=MMA_F16 need_f16_K=1 need_f16_V=0 workspace_end_offset=606208 dst_data=(nil) f16_K=0x14000 f16_V=(nil) f16_end=0x94000
CUDA_FA_ROUTE_PLAN device=0 Q=[256,5,16,1] Kraw=q5_0 Vraw=turbo2_tcq Kshape=[256,256,4,1] Vshape=[256,256,4,1] Keff=q5_0 Veff=f16 turbo_kv=1 prefer_native_vec=0 decode=1 dk=0 dv=1 unsafe_vec_after_turbo_v_decode=1 allow_vec=0 kernel=MMA_F16 need_f16_K=1 need_f16_V=0 Knb=[22,704,176,180224] Vnb=[36,288,72,73728] Keff_nb=[22,704,176,180224] Veff_nb=[2,2048,512,524288]
CUDA_FA_ROUTE_ALLOC kernel=MMA_F16 need_f16_K=1 need_f16_V=0 workspace_end_offset=606208 dst_data=(nil) f16_K=0x14000 f16_V=(nil) f16_end=0x94000
CUDA_FA_ROUTE_PLAN device=0 Q=[256,5,16,1] Kraw=q5_0 Vraw=turbo2_tcq Kshape=[256,256,4,1] Vshape=[256,256,4,1] Keff=q5_0 Veff=f16 turbo_kv=1 prefer_native_vec=0 decode=1 dk=0 dv=1 unsafe_vec_after_turbo_v_decode=1 allow_vec=0 kernel=MMA_F16 need_f16_K=1 need_f16_V=0 Knb=[22,704,176,180224] Vnb=[36,288,72,73728] Keff_nb=[22,704,176,180224] Veff_nb=[2,2048,512,524288]
CUDA_FA_ROUTE_ALLOC kernel=MMA_F16 need_f16_K=1 need_f16_V=0 workspace_end_offset=606208 dst_data=(nil) f16_K=0x14000 f16_V=(nil) f16_end=0x94000
CUDA_FA_ROUTE_PLAN device=0 Q=[256,5,16,1] Kraw=q5_0 Vraw=turbo2_tcq Kshape=[256,256,4,1] Vshape=[256,256,4,1] Keff=q5_0 Veff=f16 turbo_kv=1 prefer_native_vec=0 decode=1 dk=0 dv=1 unsafe_vec_after_turbo_v_decode=1 allow_vec=0 kernel=MMA_F16 need_f16_K=1 need_f16_V=0 Knb=[22,704,176,180224] Vnb=[36,288,72,73728] Keff_nb=[22,704,176,180224] Veff_nb=[2,2048,512,524288]
CUDA_FA_ROUTE_ALLOC kernel=MMA_F16 need_f16_K=1 need_f16_V=0 workspace_end_offset=606208 dst_data=(nil) f16_K=0x14000 f16_V=(nil) f16_end=0x94000
CUDA_FA_ROUTE_PLAN device=0 Q=[256,5,16,1] Kraw=q5_0 Vraw=turbo2_tcq Kshape=[256,256,4,1] Vshape=[256,256,4,1] Keff=q5_0 Veff=f16 turbo_kv=1 prefer_native_vec=0 decode=1 dk=0 dv=1 unsafe_vec_after_turbo_v_decode=1 allow_vec=0 kernel=MMA_F16 need_f16_K=1 need_f16_V=0 Knb=[22,704,176,180224] Vnb=[36,288,72,73728] Keff_nb=[22,704,176,180224] Veff_nb=[2,2048,512,524288]
CUDA_FA_ROUTE_ALLOC kernel=MMA_F16 need_f16_K=1 need_f16_V=0 workspace_end_offset=606208 dst_data=(nil) f16_K=0x14000 f16_V=(nil) f16_end=0x94000
CUDA_FA_ROUTE_PLAN device=0 Q=[256,5,16,1] Kraw=q5_0 Vraw=turbo2_tcq Kshape=[256,256,4,1] Vshape=[256,256,4,1] Keff=q5_0 Veff=f16 turbo_kv=1 prefer_native_vec=0 decode=1 dk=0 dv=1 unsafe_vec_after_turbo_v_decode=1 allow_vec=0 kernel=MMA_F16 need_f16_K=1 need_f16_V=0 Knb=[22,704,176,180224] Vnb=[36,288,72,73728] Keff_nb=[22,704,176,180224] Veff_nb=[2,2048,512,524288]
CUDA_FA_ROUTE_ALLOC kernel=MMA_F16 need_f16_K=1 need_f16_V=0 workspace_end_offset=606208 dst_data=(nil) f16_K=0x14000 f16_V=(nil) f16_end=0x94000
CUDA_FA_ROUTE_PLAN device=0 Q=[256,5,16,1] Kraw=q5_0 Vraw=turbo2_tcq Kshape=[256,256,4,1] Vshape=[256,256,4,1] Keff=q5_0 Veff=f16 turbo_kv=1 prefer_native_vec=0 decode=1 dk=0 dv=1 unsafe_vec_after_turbo_v_decode=1 allow_vec=0 kernel=MMA_F16 need_f16_K=1 need_f16_V=0 Knb=[22,704,176,180224] Vnb=[36,288,72,73728] Keff_nb=[22,704,176,180224] Veff_nb=[2,2048,512,524288]
CUDA_FA_ROUTE_ALLOC kernel=MMA_F16 need_f16_K=1 need_f16_V=0 workspace_end_offset=606208 dst_data=(nil) f16_K=0x14000 f16_V=(nil) f16_end=0x94000
CUDA_FA_ROUTE_PLAN device=0 Q=[256,5,16,1] Kraw=q5_0 Vraw=turbo2_tcq Kshape=[256,256,4,1] Vshape=[256,256,4,1] Keff=q5_0 Veff=f16 turbo_kv=1 prefer_native_vec=0 decode=1 dk=0 dv=1 unsafe_vec_after_turbo_v_decode=1 allow_vec=0 kernel=MMA_F16 need_f16_K=1 need_f16_V=0 Knb=[22,704,176,180224] Vnb=[36,288,72,73728] Keff_nb=[22,704,176,180224] Veff_nb=[2,2048,512,524288]
CUDA_FA_ROUTE_ALLOC kernel=MMA_F16 need_f16_K=1 need_f16_V=0 workspace_end_offset=606208 dst_data=(nil) f16_K=0x14000 f16_V=(nil) f16_end=0x94000
CUDA_FA_ROUTE_PLAN device=0 Q=[256,5,16,1] Kraw=q5_0 Vraw=turbo2_tcq Kshape=[256,256,4,1] Vshape=[256,256,4,1] Keff=q5_0 Veff=f16 turbo_kv=1 prefer_native_vec=0 decode=1 dk=0 dv=1 unsafe_vec_after_turbo_v_decode=1 allow_vec=0 kernel=MMA_F16 need_f16_K=1 need_f16_V=0 Knb=[22,704,176,180224] Vnb=[36,288,72,73728] Keff_nb=[22,704,176,180224] Veff_nb=[2,2048,512,524288]
CUDA_FA_ROUTE_ALLOC kernel=MMA_F16 need_f16_K=1 need_f16_V=0 workspace_end_offset=606208 dst_data=(nil) f16_K=0x14000 f16_V=(nil) f16_end=0x94000
CUDA_FA_ROUTE_PLAN device=0 Q=[256,5,16,1] Kraw=q5_0 Vraw=turbo2_tcq Kshape=[256,256,4,1] Vshape=[256,256,4,1] Keff=q5_0 Veff=f16 turbo_kv=1 prefer_native_vec=0 decode=1 dk=0 dv=1 unsafe_vec_after_turbo_v_decode=1 allow_vec=0 kernel=MMA_F16 need_f16_K=1 need_f16_V=0 Knb=[22,704,176,180224] Vnb=[36,288,72,73728] Keff_nb=[22,704,176,180224] Veff_nb=[2,2048,512,524288]
CUDA_FA_ROUTE_ALLOC kernel=MMA_F16 need_f16_K=1 need_f16_V=0 workspace_end_offset=606208 dst_data=(nil) f16_K=0x14000 f16_V=(nil) f16_end=0x94000
CUDA_FA_ROUTE_PLAN device=0 Q=[256,5,16,1] Kraw=q5_0 Vraw=turbo2_tcq Kshape=[256,256,4,1] Vshape=[256,256,4,1] Keff=q5_0 Veff=f16 turbo_kv=1 prefer_native_vec=0 decode=1 dk=0 dv=1 unsafe_vec_after_turbo_v_decode=1 allow_vec=0 kernel=MMA_F16 need_f16_K=1 need_f16_V=0 Knb=[22,704,176,180224] Vnb=[36,288,72,73728] Keff_nb=[22,704,176,180224] Veff_nb=[2,2048,512,524288]
CUDA_FA_ROUTE_ALLOC kernel=MMA_F16 need_f16_K=1 need_f16_V=0 workspace_end_offset=606208 dst_data=(nil) f16_K=0x14000 f16_V=(nil) f16_end=0x94000
CUDA_FA_ROUTE_PLAN device=0 Q=[256,5,16,1] Kraw=q5_0 Vraw=turbo2_tcq Kshape=[256,256,4,1] Vshape=[256,256,4,1] Keff=q5_0 Veff=f16 turbo_kv=1 prefer_native_vec=0 decode=1 dk=0 dv=1 unsafe_vec_after_turbo_v_decode=1 allow_vec=0 kernel=MMA_F16 need_f16_K=1 need_f16_V=0 Knb=[22,704,176,180224] Vnb=[36,288,72,73728] Keff_nb=[22,704,176,180224] Veff_nb=[2,2048,512,524288]
CUDA_FA_ROUTE_ALLOC kernel=MMA_F16 need_f16_K=1 need_f16_V=0 workspace_end_offset=606208 dst_data=(nil) f16_K=0x14000 f16_V=(nil) f16_end=0x94000
CUDA_FA_ROUTE_PLAN device=0 Q=[256,5,16,1] Kraw=q5_0 Vraw=turbo2_tcq Kshape=[256,256,4,1] Vshape=[256,256,4,1] Keff=q5_0 Veff=f16 turbo_kv=1 prefer_native_vec=0 decode=1 dk=0 dv=1 unsafe_vec_after_turbo_v_decode=1 allow_vec=0 kernel=MMA_F16 need_f16_K=1 need_f16_V=0 Knb=[22,704,176,180224] Vnb=[36,288,72,73728] Keff_nb=[22,704,176,180224] Veff_nb=[2,2048,512,524288]
CUDA_FA_ROUTE_ALLOC kernel=MMA_F16 need_f16_K=1 need_f16_V=0 workspace_end_offset=606208 dst_data=(nil) f16_K=0x14000 f16_V=(nil) f16_end=0x94000
CUDA_FA_ROUTE_PLAN device=0 Q=[256,5,16,1] Kraw=q5_0 Vraw=turbo2_tcq Kshape=[256,256,4,1] Vshape=[256,256,4,1] Keff=q5_0 Veff=f16 turbo_kv=1 prefer_native_vec=0 decode=1 dk=0 dv=1 unsafe_vec_after_turbo_v_decode=1 allow_vec=0 kernel=MMA_F16 need_f16_K=1 need_f16_V=0 Knb=[22,704,176,180224] Vnb=[36,288,72,73728] Keff_nb=[22,704,176,180224] Veff_nb=[2,2048,512,524288]
CUDA_FA_ROUTE_ALLOC kernel=MMA_F16 need_f16_K=1 need_f16_V=0 workspace_end_offset=606208 dst_data=(nil) f16_K=0x14000 f16_V=(nil) f16_end=0x94000
CUDA_FA_ROUTE_PLAN device=0 Q=[256,5,16,1] Kraw=q5_0 Vraw=turbo2_tcq Kshape=[256,256,4,1] Vshape=[256,256,4,1] Keff=q5_0 Veff=f16 turbo_kv=1 prefer_native_vec=0 decode=1 dk=0 dv=1 unsafe_vec_after_turbo_v_decode=1 allow_vec=0 kernel=MMA_F16 need_f16_K=1 need_f16_V=0 Knb=[22,704,176,180224] Vnb=[36,288,72,73728] Keff_nb=[22,704,176,180224] Veff_nb=[2,2048,512,524288]
CUDA_FA_ROUTE_ALLOC kernel=MMA_F16 need_f16_K=1 need_f16_V=0 workspace_end_offset=606208 dst_data=(nil) f16_K=0x14000 f16_V=(nil) f16_end=0x94000
CUDA_FA_ROUTE_PLAN device=0 Q=[256,5,16,1] Kraw=q5_0 Vraw=turbo2_tcq Kshape=[256,256,4,1] Vshape=[256,256,4,1] Keff=q5_0 Veff=f16 turbo_kv=1 prefer_native_vec=0 decode=1 dk=0 dv=1 unsafe_vec_after_turbo_v_decode=1 allow_vec=0 kernel=MMA_F16 need_f16_K=1 need_f16_V=0 Knb=[22,704,176,180224] Vnb=[36,288,72,73728] Keff_nb=[22,704,176,180224] Veff_nb=[2,2048,512,524288]
CUDA_FA_ROUTE_ALLOC kernel=MMA_F16 need_f16_K=1 need_f16_V=0 workspace_end_offset=606208 dst_data=(nil) f16_K=0x14000 f16_V=(nil) f16_end=0x94000
CUDA_FA_ROUTE_PLAN device=0 Q=[256,5,16,1] Kraw=q5_0 Vraw=turbo2_tcq Kshape=[256,256,4,1] Vshape=[256,256,4,1] Keff=q5_0 Veff=f16 turbo_kv=1 prefer_native_vec=0 decode=1 dk=0 dv=1 unsafe_vec_after_turbo_v_decode=1 allow_vec=0 kernel=MMA_F16 need_f16_K=1 need_f16_V=0 Knb=[22,704,176,180224] Vnb=[36,288,72,73728] Keff_nb=[22,704,176,180224] Veff_nb=[2,2048,512,524288]
GGML_TURBO_FA_DEBUG: path=decode-dequant-or-vec K=q5_0 V=turbo2_tcq Q=[256,5,16,1] K=[256,256,4,1] V=[256,256,4,1] prefill_safe=0 can_make_f16_K=0 can_make_f16_V=1 turbo_k_classic_v_prefill=0 vec_override=0 batch_ok=1 dim_ok=1 turing_mma=1
CUDA_FA_ROUTE_EXEC_BEGIN Q=[256,5,16,1] Kraw=q5_0 Vraw=turbo2_tcq decode=1 dk=0 dv=1 allow_vec=0 kernel=MMA_F16 need_f16_K=1 need_f16_V=0 Kdata=0x7f746e200000 Vdata=0x7f746e22c000 dst=0x1000e0bcc80
CUDA_FA_ROUTE_EXEC_DISPATCH Qrun=f32 Q=[256,5,16,1] Qdata=0x1000e0a8c80 Krun=q5_0 K=[256,256,4,1] Kdata=0x7f746e200000 Knb=[22,704,176,180224] Vrun=f16 V=[256,256,4,1] Vdata=0x7f7477400000 Vnb=[2,2048,512,524288] kernel=MMA_F16 compiled_pair=1
CUDA_FA_ROUTE_PLAN device=0 Q=[256,5,16,1] Kraw=q5_0 Vraw=turbo2_tcq Kshape=[256,256,4,1] Vshape=[256,256,4,1] Keff=q5_0 Veff=f16 turbo_kv=1 prefer_native_vec=0 decode=1 dk=0 dv=1 unsafe_vec_after_turbo_v_decode=1 allow_vec=0 kernel=MMA_F16 need_f16_K=1 need_f16_V=0 Knb=[22,704,176,180224] Vnb=[36,288,72,73728] Keff_nb=[22,704,176,180224] Veff_nb=[2,2048,512,524288]
GGML_TURBO_FA_DEBUG: path=decode-dequant-or-vec K=q5_0 V=turbo2_tcq Q=[256,5,16,1] K=[256,256,4,1] V=[256,256,4,1] prefill_safe=0 can_make_f16_K=0 can_make_f16_V=1 turbo_k_classic_v_prefill=0 vec_override=0 batch_ok=1 dim_ok=1 turing_mma=1
CUDA_FA_ROUTE_EXEC_BEGIN Q=[256,5,16,1] Kraw=q5_0 Vraw=turbo2_tcq decode=1 dk=0 dv=1 allow_vec=0 kernel=MMA_F16 need_f16_K=1 need_f16_V=0 Kdata=0x7f746e23e000 Vdata=0x7f746e26a000 dst=0x1000e0bcc80
CUDA_FA_ROUTE_EXEC_DISPATCH Qrun=f32 Q=[256,5,16,1] Qdata=0x1000e0a8c80 Krun=q5_0 K=[256,256,4,1] Kdata=0x7f746e23e000 Knb=[22,704,176,180224] Vrun=f16 V=[256,256,4,1] Vdata=0x7f7477400000 Vnb=[2,2048,512,524288] kernel=MMA_F16 compiled_pair=1
CUDA_FA_ROUTE_PLAN device=0 Q=[256,5,16,1] Kraw=q5_0 Vraw=turbo2_tcq Kshape=[256,256,4,1] Vshape=[256,256,4,1] Keff=q5_0 Veff=f16 turbo_kv=1 prefer_native_vec=0 decode=1 dk=0 dv=1 unsafe_vec_after_turbo_v_decode=1 allow_vec=0 kernel=MMA_F16 need_f16_K=1 need_f16_V=0 Knb=[22,704,176,180224] Vnb=[36,288,72,73728] Keff_nb=[22,704,176,180224] Veff_nb=[2,2048,512,524288]
GGML_TURBO_FA_DEBUG: path=decode-dequant-or-vec K=q5_0 V=turbo2_tcq Q=[256,5,16,1] K=[256,256,4,1] V=[256,256,4,1] prefill_safe=0 can_make_f16_K=0 can_make_f16_V=1 turbo_k_classic_v_prefill=0 vec_override=0 batch_ok=1 dim_ok=1 turing_mma=1
CUDA_FA_ROUTE_EXEC_BEGIN Q=[256,5,16,1] Kraw=q5_0 Vraw=turbo2_tcq decode=1 dk=0 dv=1 allow_vec=0 kernel=MMA_F16 need_f16_K=1 need_f16_V=0 Kdata=0x7f746e27c000 Vdata=0x7f746e2a8000 dst=0x1000e0bcc80
CUDA_FA_ROUTE_EXEC_DISPATCH Qrun=f32 Q=[256,5,16,1] Qdata=0x1000e0a8c80 Krun=q5_0 K=[256,256,4,1] Kdata=0x7f746e27c000 Knb=[22,704,176,180224] Vrun=f16 V=[256,256,4,1] Vdata=0x7f7477400000 Vnb=[2,2048,512,524288] kernel=MMA_F16 compiled_pair=1
CUDA_FA_ROUTE_PLAN device=0 Q=[256,5,16,1] Kraw=q5_0 Vraw=turbo2_tcq Kshape=[256,256,4,1] Vshape=[256,256,4,1] Keff=q5_0 Veff=f16 turbo_kv=1 prefer_native_vec=0 decode=1 dk=0 dv=1 unsafe_vec_after_turbo_v_decode=1 allow_vec=0 kernel=MMA_F16 need_f16_K=1 need_f16_V=0 Knb=[22,704,176,180224] Vnb=[36,288,72,73728] Keff_nb=[22,704,176,180224] Veff_nb=[2,2048,512,524288]
GGML_TURBO_FA_DEBUG: path=decode-dequant-or-vec K=q5_0 V=turbo2_tcq Q=[256,5,16,1] K=[256,256,4,1] V=[256,256,4,1] prefill_safe=0 can_make_f16_K=0 can_make_f16_V=1 turbo_k_classic_v_prefill=0 vec_override=0 batch_ok=1 dim_ok=1 turing_mma=1
CUDA_FA_ROUTE_EXEC_BEGIN Q=[256,5,16,1] Kraw=q5_0 Vraw=turbo2_tcq decode=1 dk=0 dv=1 allow_vec=0 kernel=MMA_F16 need_f16_K=1 need_f16_V=0 Kdata=0x7f746e2ba000 Vdata=0x7f746e2e6000 dst=0x1000e0bcc80
CUDA_FA_ROUTE_EXEC_DISPATCH Qrun=f32 Q=[256,5,16,1] Qdata=0x1000e0a8c80 Krun=q5_0 K=[256,256,4,1] Kdata=0x7f746e2ba000 Knb=[22,704,176,180224] Vrun=f16 V=[256,256,4,1] Vdata=0x7f7477400000 Vnb=[2,2048,512,524288] kernel=MMA_F16 compiled_pair=1
CUDA_FA_ROUTE_PLAN device=0 Q=[256,5,16,1] Kraw=q5_0 Vraw=turbo2_tcq Kshape=[256,256,4,1] Vshape=[256,256,4,1] Keff=q5_0 Veff=f16 turbo_kv=1 prefer_native_vec=0 decode=1 dk=0 dv=1 unsafe_vec_after_turbo_v_decode=1 allow_vec=0 kernel=MMA_F16 need_f16_K=1 need_f16_V=0 Knb=[22,704,176,180224] Vnb=[36,288,72,73728] Keff_nb=[22,704,176,180224] Veff_nb=[2,2048,512,524288]
GGML_TURBO_FA_DEBUG: path=decode-dequant-or-vec K=q5_0 V=turbo2_tcq Q=[256,5,16,1] K=[256,256,4,1] V=[256,256,4,1] prefill_safe=0 can_make_f16_K=0 can_make_f16_V=1 turbo_k_classic_v_prefill=0 vec_override=0 batch_ok=1 dim_ok=1 turing_mma=1
CUDA_FA_ROUTE_EXEC_BEGIN Q=[256,5,16,1] Kraw=q5_0 Vraw=turbo2_tcq decode=1 dk=0 dv=1 allow_vec=0 kernel=MMA_F16 need_f16_K=1 need_f16_V=0 Kdata=0x7f746e2f8000 Vdata=0x7f746e324000 dst=0x1000e0bcc80
CUDA_FA_ROUTE_EXEC_DISPATCH Qrun=f32 Q=[256,5,16,1] Qdata=0x1000e0a8c80 Krun=q5_0 K=[256,256,4,1] Kdata=0x7f746e2f8000 Knb=[22,704,176,180224] Vrun=f16 V=[256,256,4,1] Vdata=0x7f7477400000 Vnb=[2,2048,512,524288] kernel=MMA_F16 compiled_pair=1
CUDA_FA_ROUTE_PLAN device=0 Q=[256,5,16,1] Kraw=q5_0 Vraw=turbo2_tcq Kshape=[256,256,4,1] Vshape=[256,256,4,1] Keff=q5_0 Veff=f16 turbo_kv=1 prefer_native_vec=0 decode=1 dk=0 dv=1 unsafe_vec_after_turbo_v_decode=1 allow_vec=0 kernel=MMA_F16 need_f16_K=1 need_f16_V=0 Knb=[22,704,176,180224] Vnb=[36,288,72,73728] Keff_nb=[22,704,176,180224] Veff_nb=[2,2048,512,524288]
GGML_TURBO_FA_DEBUG: path=decode-dequant-or-vec K=q5_0 V=turbo2_tcq Q=[256,5,16,1] K=[256,256,4,1] V=[256,256,4,1] prefill_safe=0 can_make_f16_K=0 can_make_f16_V=1 turbo_k_classic_v_prefill=0 vec_override=0 batch_ok=1 dim_ok=1 turing_mma=1
CUDA_FA_ROUTE_EXEC_BEGIN Q=[256,5,16,1] Kraw=q5_0 Vraw=turbo2_tcq decode=1 dk=0 dv=1 allow_vec=0 kernel=MMA_F16 need_f16_K=1 need_f16_V=0 Kdata=0x7f746e336000 Vdata=0x7f746e362000 dst=0x1000e0bcc80
CUDA_FA_ROUTE_EXEC_DISPATCH Qrun=f32 Q=[256,5,16,1] Qdata=0x1000e0a8c80 Krun=q5_0 K=[256,256,4,1] Kdata=0x7f746e336000 Knb=[22,704,176,180224] Vrun=f16 V=[256,256,4,1] Vdata=0x7f7477400000 Vnb=[2,2048,512,524288] kernel=MMA_F16 compiled_pair=1
CUDA_FA_ROUTE_PLAN device=0 Q=[256,5,16,1] Kraw=q5_0 Vraw=turbo2_tcq Kshape=[256,256,4,1] Vshape=[256,256,4,1] Keff=q5_0 Veff=f16 turbo_kv=1 prefer_native_vec=0 decode=1 dk=0 dv=1 unsafe_vec_after_turbo_v_decode=1 allow_vec=0 kernel=MMA_F16 need_f16_K=1 need_f16_V=0 Knb=[22,704,176,180224] Vnb=[36,288,72,73728] Keff_nb=[22,704,176,180224] Veff_nb=[2,2048,512,524288]
GGML_TURBO_FA_DEBUG: path=decode-dequant-or-vec K=q5_0 V=turbo2_tcq Q=[256,5,16,1] K=[256,256,4,1] V=[256,256,4,1] prefill_safe=0 can_make_f16_K=0 can_make_f16_V=1 turbo_k_classic_v_prefill=0 vec_override=0 batch_ok=1 dim_ok=1 turing_mma=1
CUDA_FA_ROUTE_EXEC_BEGIN Q=[256,5,16,1] Kraw=q5_0 Vraw=turbo2_tcq decode=1 dk=0 dv=1 allow_vec=0 kernel=MMA_F16 need_f16_K=1 need_f16_V=0 Kdata=0x7f746e374000 Vdata=0x7f746e3a0000 dst=0x1000e0bcc80
CUDA_FA_ROUTE_EXEC_DISPATCH Qrun=f32 Q=[256,5,16,1] Qdata=0x1000e0a8c80 Krun=q5_0 K=[256,256,4,1] Kdata=0x7f746e374000 Knb=[22,704,176,180224] Vrun=f16 V=[256,256,4,1] Vdata=0x7f7477400000 Vnb=[2,2048,512,524288] kernel=MMA_F16 compiled_pair=1
CUDA_FA_ROUTE_PLAN device=0 Q=[256,5,16,1] Kraw=q5_0 Vraw=turbo2_tcq Kshape=[256,256,4,1] Vshape=[256,256,4,1] Keff=q5_0 Veff=f16 turbo_kv=1 prefer_native_vec=0 decode=1 dk=0 dv=1 unsafe_vec_after_turbo_v_decode=1 allow_vec=0 kernel=MMA_F16 need_f16_K=1 need_f16_V=0 Knb=[22,704,176,180224] Vnb=[36,288,72,73728] Keff_nb=[22,704,176,180224] Veff_nb=[2,2048,512,524288]
GGML_TURBO_FA_DEBUG: path=decode-dequant-or-vec K=q5_0 V=turbo2_tcq Q=[256,5,16,1] K=[256,256,4,1] V=[256,256,4,1] prefill_safe=0 can_make_f16_K=0 can_make_f16_V=1 turbo_k_classic_v_prefill=0 vec_override=0 batch_ok=1 dim_ok=1 turing_mma=1
CUDA_FA_ROUTE_EXEC_BEGIN Q=[256,5,16,1] Kraw=q5_0 Vraw=turbo2_tcq decode=1 dk=0 dv=1 allow_vec=0 kernel=MMA_F16 need_f16_K=1 need_f16_V=0 Kdata=0x7f746e3b2000 Vdata=0x7f746e3de000 dst=0x1000e0bcc80
CUDA_FA_ROUTE_EXEC_DISPATCH Qrun=f32 Q=[256,5,16,1] Qdata=0x1000e0a8c80 Krun=q5_0 K=[256,256,4,1] Kdata=0x7f746e3b2000 Knb=[22,704,176,180224] Vrun=f16 V=[256,256,4,1] Vdata=0x7f7477400000 Vnb=[2,2048,512,524288] kernel=MMA_F16 compiled_pair=1
 ParisCUDA_FA_ROUTE_PLAN device=0 Q=[256,1,16,1] Kraw=q5_0 Vraw=turbo2_tcq Kshape=[256,256,4,1] Vshape=[256,256,4,1] Keff=q5_0 Veff=f16 turbo_kv=1 prefer_native_vec=0 decode=1 dk=0 dv=1 unsafe_vec_after_turbo_v_decode=1 allow_vec=0 kernel=MMA_F16 need_f16_K=1 need_f16_V=0 Knb=[22,704,176,180224] Vnb=[36,288,72,73728] Keff_nb=[22,704,176,180224] Veff_nb=[2,2048,512,524288]
CUDA_FA_ROUTE_SUPPORTED kernel=MMA_F16 effK=q5_0 effV=f16 supported=1
CUDA_FA_ROUTE_PLAN device=0 Q=[256,1,16,1] Kraw=q5_0 Vraw=turbo2_tcq Kshape=[256,256,4,1] Vshape=[256,256,4,1] Keff=q5_0 Veff=f16 turbo_kv=1 prefer_native_vec=0 decode=1 dk=0 dv=1 unsafe_vec_after_turbo_v_decode=1 allow_vec=0 kernel=MMA_F16 need_f16_K=1 need_f16_V=0 Knb=[22,704,176,180224] Vnb=[36,288,72,73728] Keff_nb=[22,704,176,180224] Veff_nb=[2,2048,512,524288]
CUDA_FA_ROUTE_SUPPORTED kernel=MMA_F16 effK=q5_0 effV=f16 supported=1
CUDA_FA_ROUTE_PLAN device=0 Q=[256,1,16,1] Kraw=q5_0 Vraw=turbo2_tcq Kshape=[256,256,4,1] Vshape=[256,256,4,1] Keff=q5_0 Veff=f16 turbo_kv=1 prefer_native_vec=0 decode=1 dk=0 dv=1 unsafe_vec_after_turbo_v_decode=1 allow_vec=0 kernel=MMA_F16 need_f16_K=1 need_f16_V=0 Knb=[22,704,176,180224] Vnb=[36,288,72,73728] Keff_nb=[22,704,176,180224] Veff_nb=[2,2048,512,524288]
CUDA_FA_ROUTE_SUPPORTED kernel=MMA_F16 effK=q5_0 effV=f16 supported=1
CUDA_FA_ROUTE_PLAN device=0 Q=[256,1,16,1] Kraw=q5_0 Vraw=turbo2_tcq Kshape=[256,256,4,1] Vshape=[256,256,4,1] Keff=q5_0 Veff=f16 turbo_kv=1 prefer_native_vec=0 decode=1 dk=0 dv=1 unsafe_vec_after_turbo_v_decode=1 allow_vec=0 kernel=MMA_F16 need_f16_K=1 need_f16_V=0 Knb=[22,704,176,180224] Vnb=[36,288,72,73728] Keff_nb=[22,704,176,180224] Veff_nb=[2,2048,512,524288]
CUDA_FA_ROUTE_SUPPORTED kernel=MMA_F16 effK=q5_0 effV=f16 supported=1
CUDA_FA_ROUTE_PLAN device=0 Q=[256,1,16,1] Kraw=q5_0 Vraw=turbo2_tcq Kshape=[256,256,4,1] Vshape=[256,256,4,1] Keff=q5_0 Veff=f16 turbo_kv=1 prefer_native_vec=0 decode=1 dk=0 dv=1 unsafe_vec_after_turbo_v_decode=1 allow_vec=0 kernel=MMA_F16 need_f16_K=1 need_f16_V=0 Knb=[22,704,176,180224] Vnb=[36,288,72,73728] Keff_nb=[22,704,176,180224] Veff_nb=[2,2048,512,524288]
CUDA_FA_ROUTE_SUPPORTED kernel=MMA_F16 effK=q5_0 effV=f16 supported=1
CUDA_FA_ROUTE_PLAN device=0 Q=[256,1,16,1] Kraw=q5_0 Vraw=turbo2_tcq Kshape=[256,256,4,1] Vshape=[256,256,4,1] Keff=q5_0 Veff=f16 turbo_kv=1 prefer_native_vec=0 decode=1 dk=0 dv=1 unsafe_vec_after_turbo_v_decode=1 allow_vec=0 kernel=MMA_F16 need_f16_K=1 need_f16_V=0 Knb=[22,704,176,180224] Vnb=[36,288,72,73728] Keff_nb=[22,704,176,180224] Veff_nb=[2,2048,512,524288]
CUDA_FA_ROUTE_SUPPORTED kernel=MMA_F16 effK=q5_0 effV=f16 supported=1
CUDA_FA_ROUTE_PLAN device=0 Q=[256,1,16,1] Kraw=q5_0 Vraw=turbo2_tcq Kshape=[256,256,4,1] Vshape=[256,256,4,1] Keff=q5_0 Veff=f16 turbo_kv=1 prefer_native_vec=0 decode=1 dk=0 dv=1 unsafe_vec_after_turbo_v_decode=1 allow_vec=0 kernel=MMA_F16 need_f16_K=1 need_f16_V=0 Knb=[22,704,176,180224] Vnb=[36,288,72,73728] Keff_nb=[22,704,176,180224] Veff_nb=[2,2048,512,524288]
CUDA_FA_ROUTE_SUPPORTED kernel=MMA_F16 effK=q5_0 effV=f16 supported=1
CUDA_FA_ROUTE_PLAN device=0 Q=[256,1,16,1] Kraw=q5_0 Vraw=turbo2_tcq Kshape=[256,256,4,1] Vshape=[256,256,4,1] Keff=q5_0 Veff=f16 turbo_kv=1 prefer_native_vec=0 decode=1 dk=0 dv=1 unsafe_vec_after_turbo_v_decode=1 allow_vec=0 kernel=MMA_F16 need_f16_K=1 need_f16_V=0 Knb=[22,704,176,180224] Vnb=[36,288,72,73728] Keff_nb=[22,704,176,180224] Veff_nb=[2,2048,512,524288]
CUDA_FA_ROUTE_SUPPORTED kernel=MMA_F16 effK=q5_0 effV=f16 supported=1
CUDA_FA_ROUTE_PLAN device=0 Q=[256,1,16,1] Kraw=q5_0 Vraw=turbo2_tcq Kshape=[256,256,4,1] Vshape=[256,256,4,1] Keff=q5_0 Veff=f16 turbo_kv=1 prefer_native_vec=0 decode=1 dk=0 dv=1 unsafe_vec_after_turbo_v_decode=1 allow_vec=0 kernel=MMA_F16 need_f16_K=1 need_f16_V=0 Knb=[22,704,176,180224] Vnb=[36,288,72,73728] Keff_nb=[22,704,176,180224] Veff_nb=[2,2048,512,524288]
CUDA_FA_ROUTE_ALLOC kernel=MMA_F16 need_f16_K=1 need_f16_V=0 workspace_end_offset=540672 dst_data=(nil) f16_K=0x4000 f16_V=(nil) f16_end=0x84000
CUDA_FA_ROUTE_PLAN device=0 Q=[256,1,16,1] Kraw=q5_0 Vraw=turbo2_tcq Kshape=[256,256,4,1] Vshape=[256,256,4,1] Keff=q5_0 Veff=f16 turbo_kv=1 prefer_native_vec=0 decode=1 dk=0 dv=1 unsafe_vec_after_turbo_v_decode=1 allow_vec=0 kernel=MMA_F16 need_f16_K=1 need_f16_V=0 Knb=[22,704,176,180224] Vnb=[36,288,72,73728] Keff_nb=[22,704,176,180224] Veff_nb=[2,2048,512,524288]
CUDA_FA_ROUTE_ALLOC kernel=MMA_F16 need_f16_K=1 need_f16_V=0 workspace_end_offset=540672 dst_data=(nil) f16_K=0x4000 f16_V=(nil) f16_end=0x84000
CUDA_FA_ROUTE_PLAN device=0 Q=[256,1,16,1] Kraw=q5_0 Vraw=turbo2_tcq Kshape=[256,256,4,1] Vshape=[256,256,4,1] Keff=q5_0 Veff=f16 turbo_kv=1 prefer_native_vec=0 decode=1 dk=0 dv=1 unsafe_vec_after_turbo_v_decode=1 allow_vec=0 kernel=MMA_F16 need_f16_K=1 need_f16_V=0 Knb=[22,704,176,180224] Vnb=[36,288,72,73728] Keff_nb=[22,704,176,180224] Veff_nb=[2,2048,512,524288]
CUDA_FA_ROUTE_ALLOC kernel=MMA_F16 need_f16_K=1 need_f16_V=0 workspace_end_offset=540672 dst_data=(nil) f16_K=0x4000 f16_V=(nil) f16_end=0x84000
CUDA_FA_ROUTE_PLAN device=0 Q=[256,1,16,1] Kraw=q5_0 Vraw=turbo2_tcq Kshape=[256,256,4,1] Vshape=[256,256,4,1] Keff=q5_0 Veff=f16 turbo_kv=1 prefer_native_vec=0 decode=1 dk=0 dv=1 unsafe_vec_after_turbo_v_decode=1 allow_vec=0 kernel=MMA_F16 need_f16_K=1 need_f16_V=0 Knb=[22,704,176,180224] Vnb=[36,288,72,73728] Keff_nb=[22,704,176,180224] Veff_nb=[2,2048,512,524288]
CUDA_FA_ROUTE_ALLOC kernel=MMA_F16 need_f16_K=1 need_f16_V=0 workspace_end_offset=540672 dst_data=(nil) f16_K=0x4000 f16_V=(nil) f16_end=0x84000
CUDA_FA_ROUTE_PLAN device=0 Q=[256,1,16,1] Kraw=q5_0 Vraw=turbo2_tcq Kshape=[256,256,4,1] Vshape=[256,256,4,1] Keff=q5_0 Veff=f16 turbo_kv=1 prefer_native_vec=0 decode=1 dk=0 dv=1 unsafe_vec_after_turbo_v_decode=1 allow_vec=0 kernel=MMA_F16 need_f16_K=1 need_f16_V=0 Knb=[22,704,176,180224] Vnb=[36,288,72,73728] Keff_nb=[22,704,176,180224] Veff_nb=[2,2048,512,524288]
CUDA_FA_ROUTE_ALLOC kernel=MMA_F16 need_f16_K=1 need_f16_V=0 workspace_end_offset=540672 dst_data=(nil) f16_K=0x4000 f16_V=(nil) f16_end=0x84000
CUDA_FA_ROUTE_PLAN device=0 Q=[256,1,16,1] Kraw=q5_0 Vraw=turbo2_tcq Kshape=[256,256,4,1] Vshape=[256,256,4,1] Keff=q5_0 Veff=f16 turbo_kv=1 prefer_native_vec=0 decode=1 dk=0 dv=1 unsafe_vec_after_turbo_v_decode=1 allow_vec=0 kernel=MMA_F16 need_f16_K=1 need_f16_V=0 Knb=[22,704,176,180224] Vnb=[36,288,72,73728] Keff_nb=[22,704,176,180224] Veff_nb=[2,2048,512,524288]
CUDA_FA_ROUTE_ALLOC kernel=MMA_F16 need_f16_K=1 need_f16_V=0 workspace_end_offset=540672 dst_data=(nil) f16_K=0x4000 f16_V=(nil) f16_end=0x84000
CUDA_FA_ROUTE_PLAN device=0 Q=[256,1,16,1] Kraw=q5_0 Vraw=turbo2_tcq Kshape=[256,256,4,1] Vshape=[256,256,4,1] Keff=q5_0 Veff=f16 turbo_kv=1 prefer_native_vec=0 decode=1 dk=0 dv=1 unsafe_vec_after_turbo_v_decode=1 allow_vec=0 kernel=MMA_F16 need_f16_K=1 need_f16_V=0 Knb=[22,704,176,180224] Vnb=[36,288,72,73728] Keff_nb=[22,704,176,180224] Veff_nb=[2,2048,512,524288]
CUDA_FA_ROUTE_ALLOC kernel=MMA_F16 need_f16_K=1 need_f16_V=0 workspace_end_offset=540672 dst_data=(nil) f16_K=0x4000 f16_V=(nil) f16_end=0x84000
CUDA_FA_ROUTE_PLAN device=0 Q=[256,1,16,1] Kraw=q5_0 Vraw=turbo2_tcq Kshape=[256,256,4,1] Vshape=[256,256,4,1] Keff=q5_0 Veff=f16 turbo_kv=1 prefer_native_vec=0 decode=1 dk=0 dv=1 unsafe_vec_after_turbo_v_decode=1 allow_vec=0 kernel=MMA_F16 need_f16_K=1 need_f16_V=0 Knb=[22,704,176,180224] Vnb=[36,288,72,73728] Keff_nb=[22,704,176,180224] Veff_nb=[2,2048,512,524288]
CUDA_FA_ROUTE_ALLOC kernel=MMA_F16 need_f16_K=1 need_f16_V=0 workspace_end_offset=540672 dst_data=(nil) f16_K=0x4000 f16_V=(nil) f16_end=0x84000
CUDA_FA_ROUTE_PLAN device=0 Q=[256,1,16,1] Kraw=q5_0 Vraw=turbo2_tcq Kshape=[256,256,4,1] Vshape=[256,256,4,1] Keff=q5_0 Veff=f16 turbo_kv=1 prefer_native_vec=0 decode=1 dk=0 dv=1 unsafe_vec_after_turbo_v_decode=1 allow_vec=0 kernel=MMA_F16 need_f16_K=1 need_f16_V=0 Knb=[22,704,176,180224] Vnb=[36,288,72,73728] Keff_nb=[22,704,176,180224] Veff_nb=[2,2048,512,524288]
CUDA_FA_ROUTE_ALLOC kernel=MMA_F16 need_f16_K=1 need_f16_V=0 workspace_end_offset=540672 dst_data=(nil) f16_K=0x4000 f16_V=(nil) f16_end=0x84000
CUDA_FA_ROUTE_PLAN device=0 Q=[256,1,16,1] Kraw=q5_0 Vraw=turbo2_tcq Kshape=[256,256,4,1] Vshape=[256,256,4,1] Keff=q5_0 Veff=f16 turbo_kv=1 prefer_native_vec=0 decode=1 dk=0 dv=1 unsafe_vec_after_turbo_v_decode=1 allow_vec=0 kernel=MMA_F16 need_f16_K=1 need_f16_V=0 Knb=[22,704,176,180224] Vnb=[36,288,72,73728] Keff_nb=[22,704,176,180224] Veff_nb=[2,2048,512,524288]
CUDA_FA_ROUTE_ALLOC kernel=MMA_F16 need_f16_K=1 need_f16_V=0 workspace_end_offset=540672 dst_data=(nil) f16_K=0x4000 f16_V=(nil) f16_end=0x84000
CUDA_FA_ROUTE_PLAN device=0 Q=[256,1,16,1] Kraw=q5_0 Vraw=turbo2_tcq Kshape=[256,256,4,1] Vshape=[256,256,4,1] Keff=q5_0 Veff=f16 turbo_kv=1 prefer_native_vec=0 decode=1 dk=0 dv=1 unsafe_vec_after_turbo_v_decode=1 allow_vec=0 kernel=MMA_F16 need_f16_K=1 need_f16_V=0 Knb=[22,704,176,180224] Vnb=[36,288,72,73728] Keff_nb=[22,704,176,180224] Veff_nb=[2,2048,512,524288]
CUDA_FA_ROUTE_ALLOC kernel=MMA_F16 need_f16_K=1 need_f16_V=0 workspace_end_offset=540672 dst_data=(nil) f16_K=0x4000 f16_V=(nil) f16_end=0x84000
CUDA_FA_ROUTE_PLAN device=0 Q=[256,1,16,1] Kraw=q5_0 Vraw=turbo2_tcq Kshape=[256,256,4,1] Vshape=[256,256,4,1] Keff=q5_0 Veff=f16 turbo_kv=1 prefer_native_vec=0 decode=1 dk=0 dv=1 unsafe_vec_after_turbo_v_decode=1 allow_vec=0 kernel=MMA_F16 need_f16_K=1 need_f16_V=0 Knb=[22,704,176,180224] Vnb=[36,288,72,73728] Keff_nb=[22,704,176,180224] Veff_nb=[2,2048,512,524288]
CUDA_FA_ROUTE_ALLOC kernel=MMA_F16 need_f16_K=1 need_f16_V=0 workspace_end_offset=540672 dst_data=(nil) f16_K=0x4000 f16_V=(nil) f16_end=0x84000
CUDA_FA_ROUTE_PLAN device=0 Q=[256,1,16,1] Kraw=q5_0 Vraw=turbo2_tcq Kshape=[256,256,4,1] Vshape=[256,256,4,1] Keff=q5_0 Veff=f16 turbo_kv=1 prefer_native_vec=0 decode=1 dk=0 dv=1 unsafe_vec_after_turbo_v_decode=1 allow_vec=0 kernel=MMA_F16 need_f16_K=1 need_f16_V=0 Knb=[22,704,176,180224] Vnb=[36,288,72,73728] Keff_nb=[22,704,176,180224] Veff_nb=[2,2048,512,524288]
CUDA_FA_ROUTE_ALLOC kernel=MMA_F16 need_f16_K=1 need_f16_V=0 workspace_end_offset=540672 dst_data=(nil) f16_K=0x4000 f16_V=(nil) f16_end=0x84000
CUDA_FA_ROUTE_PLAN device=0 Q=[256,1,16,1] Kraw=q5_0 Vraw=turbo2_tcq Kshape=[256,256,4,1] Vshape=[256,256,4,1] Keff=q5_0 Veff=f16 turbo_kv=1 prefer_native_vec=0 decode=1 dk=0 dv=1 unsafe_vec_after_turbo_v_decode=1 allow_vec=0 kernel=MMA_F16 need_f16_K=1 need_f16_V=0 Knb=[22,704,176,180224] Vnb=[36,288,72,73728] Keff_nb=[22,704,176,180224] Veff_nb=[2,2048,512,524288]
CUDA_FA_ROUTE_ALLOC kernel=MMA_F16 need_f16_K=1 need_f16_V=0 workspace_end_offset=540672 dst_data=(nil) f16_K=0x4000 f16_V=(nil) f16_end=0x84000
CUDA_FA_ROUTE_PLAN device=0 Q=[256,1,16,1] Kraw=q5_0 Vraw=turbo2_tcq Kshape=[256,256,4,1] Vshape=[256,256,4,1] Keff=q5_0 Veff=f16 turbo_kv=1 prefer_native_vec=0 decode=1 dk=0 dv=1 unsafe_vec_after_turbo_v_decode=1 allow_vec=0 kernel=MMA_F16 need_f16_K=1 need_f16_V=0 Knb=[22,704,176,180224] Vnb=[36,288,72,73728] Keff_nb=[22,704,176,180224] Veff_nb=[2,2048,512,524288]
CUDA_FA_ROUTE_ALLOC kernel=MMA_F16 need_f16_K=1 need_f16_V=0 workspace_end_offset=540672 dst_data=(nil) f16_K=0x4000 f16_V=(nil) f16_end=0x84000
CUDA_FA_ROUTE_PLAN device=0 Q=[256,1,16,1] Kraw=q5_0 Vraw=turbo2_tcq Kshape=[256,256,4,1] Vshape=[256,256,4,1] Keff=q5_0 Veff=f16 turbo_kv=1 prefer_native_vec=0 decode=1 dk=0 dv=1 unsafe_vec_after_turbo_v_decode=1 allow_vec=0 kernel=MMA_F16 need_f16_K=1 need_f16_V=0 Knb=[22,704,176,180224] Vnb=[36,288,72,73728] Keff_nb=[22,704,176,180224] Veff_nb=[2,2048,512,524288]
CUDA_FA_ROUTE_ALLOC kernel=MMA_F16 need_f16_K=1 need_f16_V=0 workspace_end_offset=540672 dst_data=(nil) f16_K=0x4000 f16_V=(nil) f16_end=0x84000
CUDA_FA_ROUTE_PLAN device=0 Q=[256,1,16,1] Kraw=q5_0 Vraw=turbo2_tcq Kshape=[256,256,4,1] Vshape=[256,256,4,1] Keff=q5_0 Veff=f16 turbo_kv=1 prefer_native_vec=0 decode=1 dk=0 dv=1 unsafe_vec_after_turbo_v_decode=1 allow_vec=0 kernel=MMA_F16 need_f16_K=1 need_f16_V=0 Knb=[22,704,176,180224] Vnb=[36,288,72,73728] Keff_nb=[22,704,176,180224] Veff_nb=[2,2048,512,524288]
CUDA_FA_ROUTE_ALLOC kernel=MMA_F16 need_f16_K=1 need_f16_V=0 workspace_end_offset=540672 dst_data=(nil) f16_K=0x4000 f16_V=(nil) f16_end=0x84000
CUDA_FA_ROUTE_PLAN device=0 Q=[256,1,16,1] Kraw=q5_0 Vraw=turbo2_tcq Kshape=[256,256,4,1] Vshape=[256,256,4,1] Keff=q5_0 Veff=f16 turbo_kv=1 prefer_native_vec=0 decode=1 dk=0 dv=1 unsafe_vec_after_turbo_v_decode=1 allow_vec=0 kernel=MMA_F16 need_f16_K=1 need_f16_V=0 Knb=[22,704,176,180224] Vnb=[36,288,72,73728] Keff_nb=[22,704,176,180224] Veff_nb=[2,2048,512,524288]
CUDA_FA_ROUTE_ALLOC kernel=MMA_F16 need_f16_K=1 need_f16_V=0 workspace_end_offset=540672 dst_data=(nil) f16_K=0x4000 f16_V=(nil) f16_end=0x84000
CUDA_FA_ROUTE_PLAN device=0 Q=[256,1,16,1] Kraw=q5_0 Vraw=turbo2_tcq Kshape=[256,256,4,1] Vshape=[256,256,4,1] Keff=q5_0 Veff=f16 turbo_kv=1 prefer_native_vec=0 decode=1 dk=0 dv=1 unsafe_vec_after_turbo_v_decode=1 allow_vec=0 kernel=MMA_F16 need_f16_K=1 need_f16_V=0 Knb=[22,704,176,180224] Vnb=[36,288,72,73728] Keff_nb=[22,704,176,180224] Veff_nb=[2,2048,512,524288]
CUDA_FA_ROUTE_ALLOC kernel=MMA_F16 need_f16_K=1 need_f16_V=0 workspace_end_offset=540672 dst_data=(nil) f16_K=0x4000 f16_V=(nil) f16_end=0x84000
CUDA_FA_ROUTE_PLAN device=0 Q=[256,1,16,1] Kraw=q5_0 Vraw=turbo2_tcq Kshape=[256,256,4,1] Vshape=[256,256,4,1] Keff=q5_0 Veff=f16 turbo_kv=1 prefer_native_vec=0 decode=1 dk=0 dv=1 unsafe_vec_after_turbo_v_decode=1 allow_vec=0 kernel=MMA_F16 need_f16_K=1 need_f16_V=0 Knb=[22,704,176,180224] Vnb=[36,288,72,73728] Keff_nb=[22,704,176,180224] Veff_nb=[2,2048,512,524288]
CUDA_FA_ROUTE_ALLOC kernel=MMA_F16 need_f16_K=1 need_f16_V=0 workspace_end_offset=540672 dst_data=(nil) f16_K=0x4000 f16_V=(nil) f16_end=0x84000
CUDA_FA_ROUTE_PLAN device=0 Q=[256,1,16,1] Kraw=q5_0 Vraw=turbo2_tcq Kshape=[256,256,4,1] Vshape=[256,256,4,1] Keff=q5_0 Veff=f16 turbo_kv=1 prefer_native_vec=0 decode=1 dk=0 dv=1 unsafe_vec_after_turbo_v_decode=1 allow_vec=0 kernel=MMA_F16 need_f16_K=1 need_f16_V=0 Knb=[22,704,176,180224] Vnb=[36,288,72,73728] Keff_nb=[22,704,176,180224] Veff_nb=[2,2048,512,524288]
CUDA_FA_ROUTE_ALLOC kernel=MMA_F16 need_f16_K=1 need_f16_V=0 workspace_end_offset=540672 dst_data=(nil) f16_K=0x4000 f16_V=(nil) f16_end=0x84000
CUDA_FA_ROUTE_PLAN device=0 Q=[256,1,16,1] Kraw=q5_0 Vraw=turbo2_tcq Kshape=[256,256,4,1] Vshape=[256,256,4,1] Keff=q5_0 Veff=f16 turbo_kv=1 prefer_native_vec=0 decode=1 dk=0 dv=1 unsafe_vec_after_turbo_v_decode=1 allow_vec=0 kernel=MMA_F16 need_f16_K=1 need_f16_V=0 Knb=[22,704,176,180224] Vnb=[36,288,72,73728] Keff_nb=[22,704,176,180224] Veff_nb=[2,2048,512,524288]
CUDA_FA_ROUTE_ALLOC kernel=MMA_F16 need_f16_K=1 need_f16_V=0 workspace_end_offset=540672 dst_data=(nil) f16_K=0x4000 f16_V=(nil) f16_end=0x84000
CUDA_FA_ROUTE_PLAN device=0 Q=[256,1,16,1] Kraw=q5_0 Vraw=turbo2_tcq Kshape=[256,256,4,1] Vshape=[256,256,4,1] Keff=q5_0 Veff=f16 turbo_kv=1 prefer_native_vec=0 decode=1 dk=0 dv=1 unsafe_vec_after_turbo_v_decode=1 allow_vec=0 kernel=MMA_F16 need_f16_K=1 need_f16_V=0 Knb=[22,704,176,180224] Vnb=[36,288,72,73728] Keff_nb=[22,704,176,180224] Veff_nb=[2,2048,512,524288]
CUDA_FA_ROUTE_ALLOC kernel=MMA_F16 need_f16_K=1 need_f16_V=0 workspace_end_offset=540672 dst_data=(nil) f16_K=0x4000 f16_V=(nil) f16_end=0x84000
CUDA_FA_ROUTE_PLAN device=0 Q=[256,1,16,1] Kraw=q5_0 Vraw=turbo2_tcq Kshape=[256,256,4,1] Vshape=[256,256,4,1] Keff=q5_0 Veff=f16 turbo_kv=1 prefer_native_vec=0 decode=1 dk=0 dv=1 unsafe_vec_after_turbo_v_decode=1 allow_vec=0 kernel=MMA_F16 need_f16_K=1 need_f16_V=0 Knb=[22,704,176,180224] Vnb=[36,288,72,73728] Keff_nb=[22,704,176,180224] Veff_nb=[2,2048,512,524288]
CUDA_FA_ROUTE_ALLOC kernel=MMA_F16 need_f16_K=1 need_f16_V=0 workspace_end_offset=540672 dst_data=(nil) f16_K=0x4000 f16_V=(nil) f16_end=0x84000
CUDA_FA_ROUTE_PLAN device=0 Q=[256,1,16,1] Kraw=q5_0 Vraw=turbo2_tcq Kshape=[256,256,4,1] Vshape=[256,256,4,1] Keff=q5_0 Veff=f16 turbo_kv=1 prefer_native_vec=0 decode=1 dk=0 dv=1 unsafe_vec_after_turbo_v_decode=1 allow_vec=0 kernel=MMA_F16 need_f16_K=1 need_f16_V=0 Knb=[22,704,176,180224] Vnb=[36,288,72,73728] Keff_nb=[22,704,176,180224] Veff_nb=[2,2048,512,524288]
GGML_TURBO_FA_DEBUG: path=decode-dequant-or-vec K=q5_0 V=turbo2_tcq Q=[256,1,16,1] K=[256,256,4,1] V=[256,256,4,1] prefill_safe=0 can_make_f16_K=0 can_make_f16_V=1 turbo_k_classic_v_prefill=0 vec_override=0 batch_ok=0 dim_ok=1 turing_mma=1
CUDA_FA_ROUTE_EXEC_BEGIN Q=[256,1,16,1] Kraw=q5_0 Vraw=turbo2_tcq decode=1 dk=0 dv=1 allow_vec=0 kernel=MMA_F16 need_f16_K=1 need_f16_V=0 Kdata=0x7f746e200000 Vdata=0x7f746e22c000 dst=0x1000e0bcc80
CUDA_FA_ROUTE_EXEC_DISPATCH Qrun=f32 Q=[256,1,16,1] Qdata=0x1000e0a8c80 Krun=q5_0 K=[256,256,4,1] Kdata=0x7f746e200000 Knb=[22,704,176,180224] Vrun=f16 V=[256,256,4,1] Vdata=0x7f7477400000 Vnb=[2,2048,512,524288] kernel=MMA_F16 compiled_pair=1
CUDA_FA_ROUTE_PLAN device=0 Q=[256,1,16,1] Kraw=q5_0 Vraw=turbo2_tcq Kshape=[256,256,4,1] Vshape=[256,256,4,1] Keff=q5_0 Veff=f16 turbo_kv=1 prefer_native_vec=0 decode=1 dk=0 dv=1 unsafe_vec_after_turbo_v_decode=1 allow_vec=0 kernel=MMA_F16 need_f16_K=1 need_f16_V=0 Knb=[22,704,176,180224] Vnb=[36,288,72,73728] Keff_nb=[22,704,176,180224] Veff_nb=[2,2048,512,524288]
GGML_TURBO_FA_DEBUG: path=decode-dequant-or-vec K=q5_0 V=turbo2_tcq Q=[256,1,16,1] K=[256,256,4,1] V=[256,256,4,1] prefill_safe=0 can_make_f16_K=0 can_make_f16_V=1 turbo_k_classic_v_prefill=0 vec_override=0 batch_ok=0 dim_ok=1 turing_mma=1
CUDA_FA_ROUTE_EXEC_BEGIN Q=[256,1,16,1] Kraw=q5_0 Vraw=turbo2_tcq decode=1 dk=0 dv=1 allow_vec=0 kernel=MMA_F16 need_f16_K=1 need_f16_V=0 Kdata=0x7f746e23e000 Vdata=0x7f746e26a000 dst=0x1000e0bcc80
CUDA_FA_ROUTE_EXEC_DISPATCH Qrun=f32 Q=[256,1,16,1] Qdata=0x1000e0a8c80 Krun=q5_0 K=[256,256,4,1] Kdata=0x7f746e23e000 Knb=[22,704,176,180224] Vrun=f16 V=[256,256,4,1] Vdata=0x7f7477400000 Vnb=[2,2048,512,524288] kernel=MMA_F16 compiled_pair=1
CUDA_FA_ROUTE_PLAN device=0 Q=[256,1,16,1] Kraw=q5_0 Vraw=turbo2_tcq Kshape=[256,256,4,1] Vshape=[256,256,4,1] Keff=q5_0 Veff=f16 turbo_kv=1 prefer_native_vec=0 decode=1 dk=0 dv=1 unsafe_vec_after_turbo_v_decode=1 allow_vec=0 kernel=MMA_F16 need_f16_K=1 need_f16_V=0 Knb=[22,704,176,180224] Vnb=[36,288,72,73728] Keff_nb=[22,704,176,180224] Veff_nb=[2,2048,512,524288]
GGML_TURBO_FA_DEBUG: path=decode-dequant-or-vec K=q5_0 V=turbo2_tcq Q=[256,1,16,1] K=[256,256,4,1] V=[256,256,4,1] prefill_safe=0 can_make_f16_K=0 can_make_f16_V=1 turbo_k_classic_v_prefill=0 vec_override=0 batch_ok=0 dim_ok=1 turing_mma=1
CUDA_FA_ROUTE_EXEC_BEGIN Q=[256,1,16,1] Kraw=q5_0 Vraw=turbo2_tcq decode=1 dk=0 dv=1 allow_vec=0 kernel=MMA_F16 need_f16_K=1 need_f16_V=0 Kdata=0x7f746e27c000 Vdata=0x7f746e2a8000 dst=0x1000e0bcc80
CUDA_FA_ROUTE_EXEC_DISPATCH Qrun=f32 Q=[256,1,16,1] Qdata=0x1000e0a8c80 Krun=q5_0 K=[256,256,4,1] Kdata=0x7f746e27c000 Knb=[22,704,176,180224] Vrun=f16 V=[256,256,4,1] Vdata=0x7f7477400000 Vnb=[2,2048,512,524288] kernel=MMA_F16 compiled_pair=1
CUDA_FA_ROUTE_PLAN device=0 Q=[256,1,16,1] Kraw=q5_0 Vraw=turbo2_tcq Kshape=[256,256,4,1] Vshape=[256,256,4,1] Keff=q5_0 Veff=f16 turbo_kv=1 prefer_native_vec=0 decode=1 dk=0 dv=1 unsafe_vec_after_turbo_v_decode=1 allow_vec=0 kernel=MMA_F16 need_f16_K=1 need_f16_V=0 Knb=[22,704,176,180224] Vnb=[36,288,72,73728] Keff_nb=[22,704,176,180224] Veff_nb=[2,2048,512,524288]
GGML_TURBO_FA_DEBUG: path=decode-dequant-or-vec K=q5_0 V=turbo2_tcq Q=[256,1,16,1] K=[256,256,4,1] V=[256,256,4,1] prefill_safe=0 can_make_f16_K=0 can_make_f16_V=1 turbo_k_classic_v_prefill=0 vec_override=0 batch_ok=0 dim_ok=1 turing_mma=1
CUDA_FA_ROUTE_EXEC_BEGIN Q=[256,1,16,1] Kraw=q5_0 Vraw=turbo2_tcq decode=1 dk=0 dv=1 allow_vec=0 kernel=MMA_F16 need_f16_K=1 need_f16_V=0 Kdata=0x7f746e2ba000 Vdata=0x7f746e2e6000 dst=0x1000e0bcc80
CUDA_FA_ROUTE_EXEC_DISPATCH Qrun=f32 Q=[256,1,16,1] Qdata=0x1000e0a8c80 Krun=q5_0 K=[256,256,4,1] Kdata=0x7f746e2ba000 Knb=[22,704,176,180224] Vrun=f16 V=[256,256,4,1] Vdata=0x7f7477400000 Vnb=[2,2048,512,524288] kernel=MMA_F16 compiled_pair=1
CUDA_FA_ROUTE_PLAN device=0 Q=[256,1,16,1] Kraw=q5_0 Vraw=turbo2_tcq Kshape=[256,256,4,1] Vshape=[256,256,4,1] Keff=q5_0 Veff=f16 turbo_kv=1 prefer_native_vec=0 decode=1 dk=0 dv=1 unsafe_vec_after_turbo_v_decode=1 allow_vec=0 kernel=MMA_F16 need_f16_K=1 need_f16_V=0 Knb=[22,704,176,180224] Vnb=[36,288,72,73728] Keff_nb=[22,704,176,180224] Veff_nb=[2,2048,512,524288]
GGML_TURBO_FA_DEBUG: path=decode-dequant-or-vec K=q5_0 V=turbo2_tcq Q=[256,1,16,1] K=[256,256,4,1] V=[256,256,4,1] prefill_safe=0 can_make_f16_K=0 can_make_f16_V=1 turbo_k_classic_v_prefill=0 vec_override=0 batch_ok=0 dim_ok=1 turing_mma=1
CUDA_FA_ROUTE_EXEC_BEGIN Q=[256,1,16,1] Kraw=q5_0 Vraw=turbo2_tcq decode=1 dk=0 dv=1 allow_vec=0 kernel=MMA_F16 need_f16_K=1 need_f16_V=0 Kdata=0x7f746e2f8000 Vdata=0x7f746e324000 dst=0x1000e0bcc80
CUDA_FA_ROUTE_EXEC_DISPATCH Qrun=f32 Q=[256,1,16,1] Qdata=0x1000e0a8c80 Krun=q5_0 K=[256,256,4,1] Kdata=0x7f746e2f8000 Knb=[22,704,176,180224] Vrun=f16 V=[256,256,4,1] Vdata=0x7f7477400000 Vnb=[2,2048,512,524288] kernel=MMA_F16 compiled_pair=1
CUDA_FA_ROUTE_PLAN device=0 Q=[256,1,16,1] Kraw=q5_0 Vraw=turbo2_tcq Kshape=[256,256,4,1] Vshape=[256,256,4,1] Keff=q5_0 Veff=f16 turbo_kv=1 prefer_native_vec=0 decode=1 dk=0 dv=1 unsafe_vec_after_turbo_v_decode=1 allow_vec=0 kernel=MMA_F16 need_f16_K=1 need_f16_V=0 Knb=[22,704,176,180224] Vnb=[36,288,72,73728] Keff_nb=[22,704,176,180224] Veff_nb=[2,2048,512,524288]
GGML_TURBO_FA_DEBUG: path=decode-dequant-or-vec K=q5_0 V=turbo2_tcq Q=[256,1,16,1] K=[256,256,4,1] V=[256,256,4,1] prefill_safe=0 can_make_f16_K=0 can_make_f16_V=1 turbo_k_classic_v_prefill=0 vec_override=0 batch_ok=0 dim_ok=1 turing_mma=1
CUDA_FA_ROUTE_EXEC_BEGIN Q=[256,1,16,1] Kraw=q5_0 Vraw=turbo2_tcq decode=1 dk=0 dv=1 allow_vec=0 kernel=MMA_F16 need_f16_K=1 need_f16_V=0 Kdata=0x7f746e336000 Vdata=0x7f746e362000 dst=0x1000e0bcc80
CUDA_FA_ROUTE_EXEC_DISPATCH Qrun=f32 Q=[256,1,16,1] Qdata=0x1000e0a8c80 Krun=q5_0 K=[256,256,4,1] Kdata=0x7f746e336000 Knb=[22,704,176,180224] Vrun=f16 V=[256,256,4,1] Vdata=0x7f7477400000 Vnb=[2,2048,512,524288] kernel=MMA_F16 compiled_pair=1
CUDA_FA_ROUTE_PLAN device=0 Q=[256,1,16,1] Kraw=q5_0 Vraw=turbo2_tcq Kshape=[256,256,4,1] Vshape=[256,256,4,1] Keff=q5_0 Veff=f16 turbo_kv=1 prefer_native_vec=0 decode=1 dk=0 dv=1 unsafe_vec_after_turbo_v_decode=1 allow_vec=0 kernel=MMA_F16 need_f16_K=1 need_f16_V=0 Knb=[22,704,176,180224] Vnb=[36,288,72,73728] Keff_nb=[22,704,176,180224] Veff_nb=[2,2048,512,524288]
GGML_TURBO_FA_DEBUG: path=decode-dequant-or-vec K=q5_0 V=turbo2_tcq Q=[256,1,16,1] K=[256,256,4,1] V=[256,256,4,1] prefill_safe=0 can_make_f16_K=0 can_make_f16_V=1 turbo_k_classic_v_prefill=0 vec_override=0 batch_ok=0 dim_ok=1 turing_mma=1
CUDA_FA_ROUTE_EXEC_BEGIN Q=[256,1,16,1] Kraw=q5_0 Vraw=turbo2_tcq decode=1 dk=0 dv=1 allow_vec=0 kernel=MMA_F16 need_f16_K=1 need_f16_V=0 Kdata=0x7f746e374000 Vdata=0x7f746e3a0000 dst=0x1000e0bcc80
CUDA_FA_ROUTE_EXEC_DISPATCH Qrun=f32 Q=[256,1,16,1] Qdata=0x1000e0a8c80 Krun=q5_0 K=[256,256,4,1] Kdata=0x7f746e374000 Knb=[22,704,176,180224] Vrun=f16 V=[256,256,4,1] Vdata=0x7f7477400000 Vnb=[2,2048,512,524288] kernel=MMA_F16 compiled_pair=1
CUDA_FA_ROUTE_PLAN device=0 Q=[256,1,16,1] Kraw=q5_0 Vraw=turbo2_tcq Kshape=[256,256,4,1] Vshape=[256,256,4,1] Keff=q5_0 Veff=f16 turbo_kv=1 prefer_native_vec=0 decode=1 dk=0 dv=1 unsafe_vec_after_turbo_v_decode=1 allow_vec=0 kernel=MMA_F16 need_f16_K=1 need_f16_V=0 Knb=[22,704,176,180224] Vnb=[36,288,72,73728] Keff_nb=[22,704,176,180224] Veff_nb=[2,2048,512,524288]
GGML_TURBO_FA_DEBUG: path=decode-dequant-or-vec K=q5_0 V=turbo2_tcq Q=[256,1,16,1] K=[256,256,4,1] V=[256,256,4,1] prefill_safe=0 can_make_f16_K=0 can_make_f16_V=1 turbo_k_classic_v_prefill=0 vec_override=0 batch_ok=0 dim_ok=1 turing_mma=1
CUDA_FA_ROUTE_EXEC_BEGIN Q=[256,1,16,1] Kraw=q5_0 Vraw=turbo2_tcq decode=1 dk=0 dv=1 allow_vec=0 kernel=MMA_F16 need_f16_K=1 need_f16_V=0 Kdata=0x7f746e3b2000 Vdata=0x7f746e3de000 dst=0x1000e0bcc80
CUDA_FA_ROUTE_EXEC_DISPATCH Qrun=f32 Q=[256,1,16,1] Qdata=0x1000e0a8c80 Krun=q5_0 K=[256,256,4,1] Kdata=0x7f746e3b2000 Knb=[22,704,176,180224] Vrun=f16 V=[256,256,4,1] Vdata=0x7f7477400000 Vnb=[2,2048,512,524288] kernel=MMA_F16 compiled_pair=1
.

0.02.631.828 I common_perf_print:    sampling time =       1.49 ms
0.02.631.829 I common_perf_print:    samplers time =       0.26 ms /     7 tokens
0.02.631.832 I common_perf_print:        load time =     956.93 ms
0.02.631.834 I common_perf_print: prompt eval time =      39.72 ms /     5 tokens (    7.94 ms per token,   125.89 tokens per second)
0.02.631.834 I common_perf_print:        eval time =      27.53 ms /     1 runs   (   27.53 ms per token,    36.33 tokens per second)
0.02.631.835 I common_perf_print:       total time =      68.91 ms /     6 tokens
0.02.631.836 I common_perf_print: unaccounted time =       0.18 ms /   0.3 %      (total - sampling - prompt eval - eval) / (total)
0.02.631.836 I common_perf_print:    graphs reused =          0
