0.00.014.538 I llama_completion: llama backend init
0.00.014.544 I llama_completion: load the model and apply lora adapter, if any
CUDA_FA_ROUTE_PLAN device=0 Q=[256,1,16,1] Kraw=turbo2 Vraw=f16 Kshape=[256,256,4,1] Vshape=[256,256,4,1] Keff=f16 Veff=f16 turbo_kv=1 prefer_native_vec=0 decode=1 dk=1 dv=0 unsafe_vec_after_turbo_v_decode=0 allow_vec=1 kernel=MMA_F16 need_f16_K=0 need_f16_V=0 Knb=[34,272,68,69632] Vnb=[2,2048,512,524288] Keff_nb=[2,2048,512,524288] Veff_nb=[2,2048,512,524288]
CUDA_FA_ROUTE_SUPPORTED kernel=MMA_F16 effK=f16 effV=f16 supported=1
CUDA_FA_ROUTE_PLAN device=0 Q=[256,1,16,1] Kraw=turbo2 Vraw=f16 Kshape=[256,256,4,1] Vshape=[256,256,4,1] Keff=f16 Veff=f16 turbo_kv=1 prefer_native_vec=0 decode=1 dk=1 dv=0 unsafe_vec_after_turbo_v_decode=0 allow_vec=1 kernel=MMA_F16 need_f16_K=0 need_f16_V=0 Knb=[34,272,68,69632] Vnb=[2,2048,512,524288] Keff_nb=[2,2048,512,524288] Veff_nb=[2,2048,512,524288]
CUDA_FA_ROUTE_SUPPORTED kernel=MMA_F16 effK=f16 effV=f16 supported=1
CUDA_FA_ROUTE_PLAN device=0 Q=[256,1,16,1] Kraw=turbo2 Vraw=f16 Kshape=[256,256,4,1] Vshape=[256,256,4,1] Keff=f16 Veff=f16 turbo_kv=1 prefer_native_vec=0 decode=1 dk=1 dv=0 unsafe_vec_after_turbo_v_decode=0 allow_vec=1 kernel=MMA_F16 need_f16_K=0 need_f16_V=0 Knb=[34,272,68,69632] Vnb=[2,2048,512,524288] Keff_nb=[2,2048,512,524288] Veff_nb=[2,2048,512,524288]
CUDA_FA_ROUTE_SUPPORTED kernel=MMA_F16 effK=f16 effV=f16 supported=1
CUDA_FA_ROUTE_PLAN device=0 Q=[256,1,16,1] Kraw=turbo2 Vraw=f16 Kshape=[256,256,4,1] Vshape=[256,256,4,1] Keff=f16 Veff=f16 turbo_kv=1 prefer_native_vec=0 decode=1 dk=1 dv=0 unsafe_vec_after_turbo_v_decode=0 allow_vec=1 kernel=MMA_F16 need_f16_K=0 need_f16_V=0 Knb=[34,272,68,69632] Vnb=[2,2048,512,524288] Keff_nb=[2,2048,512,524288] Veff_nb=[2,2048,512,524288]
CUDA_FA_ROUTE_SUPPORTED kernel=MMA_F16 effK=f16 effV=f16 supported=1
CUDA_FA_ROUTE_PLAN device=0 Q=[256,1,16,1] Kraw=turbo2 Vraw=f16 Kshape=[256,256,4,1] Vshape=[256,256,4,1] Keff=f16 Veff=f16 turbo_kv=1 prefer_native_vec=0 decode=1 dk=1 dv=0 unsafe_vec_after_turbo_v_decode=0 allow_vec=1 kernel=MMA_F16 need_f16_K=0 need_f16_V=0 Knb=[34,272,68,69632] Vnb=[2,2048,512,524288] Keff_nb=[2,2048,512,524288] Veff_nb=[2,2048,512,524288]
CUDA_FA_ROUTE_SUPPORTED kernel=MMA_F16 effK=f16 effV=f16 supported=1
CUDA_FA_ROUTE_PLAN device=0 Q=[256,1,16,1] Kraw=turbo2 Vraw=f16 Kshape=[256,256,4,1] Vshape=[256,256,4,1] Keff=f16 Veff=f16 turbo_kv=1 prefer_native_vec=0 decode=1 dk=1 dv=0 unsafe_vec_after_turbo_v_decode=0 allow_vec=1 kernel=MMA_F16 need_f16_K=0 need_f16_V=0 Knb=[34,272,68,69632] Vnb=[2,2048,512,524288] Keff_nb=[2,2048,512,524288] Veff_nb=[2,2048,512,524288]
CUDA_FA_ROUTE_SUPPORTED kernel=MMA_F16 effK=f16 effV=f16 supported=1
CUDA_FA_ROUTE_PLAN device=0 Q=[256,1,16,1] Kraw=turbo2 Vraw=f16 Kshape=[256,256,4,1] Vshape=[256,256,4,1] Keff=f16 Veff=f16 turbo_kv=1 prefer_native_vec=0 decode=1 dk=1 dv=0 unsafe_vec_after_turbo_v_decode=0 allow_vec=1 kernel=MMA_F16 need_f16_K=0 need_f16_V=0 Knb=[34,272,68,69632] Vnb=[2,2048,512,524288] Keff_nb=[2,2048,512,524288] Veff_nb=[2,2048,512,524288]
CUDA_FA_ROUTE_SUPPORTED kernel=MMA_F16 effK=f16 effV=f16 supported=1
CUDA_FA_ROUTE_PLAN device=0 Q=[256,1,16,1] Kraw=turbo2 Vraw=f16 Kshape=[256,256,4,1] Vshape=[256,256,4,1] Keff=f16 Veff=f16 turbo_kv=1 prefer_native_vec=0 decode=1 dk=1 dv=0 unsafe_vec_after_turbo_v_decode=0 allow_vec=1 kernel=MMA_F16 need_f16_K=0 need_f16_V=0 Knb=[34,272,68,69632] Vnb=[2,2048,512,524288] Keff_nb=[2,2048,512,524288] Veff_nb=[2,2048,512,524288]
CUDA_FA_ROUTE_SUPPORTED kernel=MMA_F16 effK=f16 effV=f16 supported=1
CUDA_FA_ROUTE_PLAN device=0 Q=[256,16,16,1] Kraw=turbo2 Vraw=f16 Kshape=[256,256,4,1] Vshape=[256,256,4,1] Keff=f16 Veff=f16 turbo_kv=1 prefer_native_vec=0 decode=1 dk=1 dv=0 unsafe_vec_after_turbo_v_decode=0 allow_vec=1 kernel=MMA_F16 need_f16_K=0 need_f16_V=0 Knb=[34,272,68,69632] Vnb=[2,2048,512,524288] Keff_nb=[2,2048,512,524288] Veff_nb=[2,2048,512,524288]
CUDA_FA_ROUTE_SUPPORTED kernel=MMA_F16 effK=f16 effV=f16 supported=1
CUDA_FA_ROUTE_PLAN device=0 Q=[256,16,16,1] Kraw=turbo2 Vraw=f16 Kshape=[256,256,4,1] Vshape=[256,256,4,1] Keff=f16 Veff=f16 turbo_kv=1 prefer_native_vec=0 decode=1 dk=1 dv=0 unsafe_vec_after_turbo_v_decode=0 allow_vec=1 kernel=MMA_F16 need_f16_K=0 need_f16_V=0 Knb=[34,272,68,69632] Vnb=[2,2048,512,524288] Keff_nb=[2,2048,512,524288] Veff_nb=[2,2048,512,524288]
CUDA_FA_ROUTE_SUPPORTED kernel=MMA_F16 effK=f16 effV=f16 supported=1
CUDA_FA_ROUTE_PLAN device=0 Q=[256,16,16,1] Kraw=turbo2 Vraw=f16 Kshape=[256,256,4,1] Vshape=[256,256,4,1] Keff=f16 Veff=f16 turbo_kv=1 prefer_native_vec=0 decode=1 dk=1 dv=0 unsafe_vec_after_turbo_v_decode=0 allow_vec=1 kernel=MMA_F16 need_f16_K=0 need_f16_V=0 Knb=[34,272,68,69632] Vnb=[2,2048,512,524288] Keff_nb=[2,2048,512,524288] Veff_nb=[2,2048,512,524288]
CUDA_FA_ROUTE_SUPPORTED kernel=MMA_F16 effK=f16 effV=f16 supported=1
CUDA_FA_ROUTE_PLAN device=0 Q=[256,16,16,1] Kraw=turbo2 Vraw=f16 Kshape=[256,256,4,1] Vshape=[256,256,4,1] Keff=f16 Veff=f16 turbo_kv=1 prefer_native_vec=0 decode=1 dk=1 dv=0 unsafe_vec_after_turbo_v_decode=0 allow_vec=1 kernel=MMA_F16 need_f16_K=0 need_f16_V=0 Knb=[34,272,68,69632] Vnb=[2,2048,512,524288] Keff_nb=[2,2048,512,524288] Veff_nb=[2,2048,512,524288]
CUDA_FA_ROUTE_SUPPORTED kernel=MMA_F16 effK=f16 effV=f16 supported=1
CUDA_FA_ROUTE_PLAN device=0 Q=[256,16,16,1] Kraw=turbo2 Vraw=f16 Kshape=[256,256,4,1] Vshape=[256,256,4,1] Keff=f16 Veff=f16 turbo_kv=1 prefer_native_vec=0 decode=1 dk=1 dv=0 unsafe_vec_after_turbo_v_decode=0 allow_vec=1 kernel=MMA_F16 need_f16_K=0 need_f16_V=0 Knb=[34,272,68,69632] Vnb=[2,2048,512,524288] Keff_nb=[2,2048,512,524288] Veff_nb=[2,2048,512,524288]
CUDA_FA_ROUTE_SUPPORTED kernel=MMA_F16 effK=f16 effV=f16 supported=1
CUDA_FA_ROUTE_PLAN device=0 Q=[256,16,16,1] Kraw=turbo2 Vraw=f16 Kshape=[256,256,4,1] Vshape=[256,256,4,1] Keff=f16 Veff=f16 turbo_kv=1 prefer_native_vec=0 decode=1 dk=1 dv=0 unsafe_vec_after_turbo_v_decode=0 allow_vec=1 kernel=MMA_F16 need_f16_K=0 need_f16_V=0 Knb=[34,272,68,69632] Vnb=[2,2048,512,524288] Keff_nb=[2,2048,512,524288] Veff_nb=[2,2048,512,524288]
CUDA_FA_ROUTE_SUPPORTED kernel=MMA_F16 effK=f16 effV=f16 supported=1
CUDA_FA_ROUTE_PLAN device=0 Q=[256,16,16,1] Kraw=turbo2 Vraw=f16 Kshape=[256,256,4,1] Vshape=[256,256,4,1] Keff=f16 Veff=f16 turbo_kv=1 prefer_native_vec=0 decode=1 dk=1 dv=0 unsafe_vec_after_turbo_v_decode=0 allow_vec=1 kernel=MMA_F16 need_f16_K=0 need_f16_V=0 Knb=[34,272,68,69632] Vnb=[2,2048,512,524288] Keff_nb=[2,2048,512,524288] Veff_nb=[2,2048,512,524288]
CUDA_FA_ROUTE_SUPPORTED kernel=MMA_F16 effK=f16 effV=f16 supported=1
CUDA_FA_ROUTE_PLAN device=0 Q=[256,16,16,1] Kraw=turbo2 Vraw=f16 Kshape=[256,256,4,1] Vshape=[256,256,4,1] Keff=f16 Veff=f16 turbo_kv=1 prefer_native_vec=0 decode=1 dk=1 dv=0 unsafe_vec_after_turbo_v_decode=0 allow_vec=1 kernel=MMA_F16 need_f16_K=0 need_f16_V=0 Knb=[34,272,68,69632] Vnb=[2,2048,512,524288] Keff_nb=[2,2048,512,524288] Veff_nb=[2,2048,512,524288]
CUDA_FA_ROUTE_SUPPORTED kernel=MMA_F16 effK=f16 effV=f16 supported=1
CUDA_FA_ROUTE_PLAN device=0 Q=[256,1,16,1] Kraw=turbo2 Vraw=f16 Kshape=[256,256,4,1] Vshape=[256,256,4,1] Keff=f16 Veff=f16 turbo_kv=1 prefer_native_vec=0 decode=1 dk=1 dv=0 unsafe_vec_after_turbo_v_decode=0 allow_vec=1 kernel=MMA_F16 need_f16_K=0 need_f16_V=0 Knb=[34,272,68,69632] Vnb=[2,2048,512,524288] Keff_nb=[2,2048,512,524288] Veff_nb=[2,2048,512,524288]
CUDA_FA_ROUTE_SUPPORTED kernel=MMA_F16 effK=f16 effV=f16 supported=1
CUDA_FA_ROUTE_PLAN device=0 Q=[256,1,16,1] Kraw=turbo2 Vraw=f16 Kshape=[256,256,4,1] Vshape=[256,256,4,1] Keff=f16 Veff=f16 turbo_kv=1 prefer_native_vec=0 decode=1 dk=1 dv=0 unsafe_vec_after_turbo_v_decode=0 allow_vec=1 kernel=MMA_F16 need_f16_K=0 need_f16_V=0 Knb=[34,272,68,69632] Vnb=[2,2048,512,524288] Keff_nb=[2,2048,512,524288] Veff_nb=[2,2048,512,524288]
CUDA_FA_ROUTE_SUPPORTED kernel=MMA_F16 effK=f16 effV=f16 supported=1
CUDA_FA_ROUTE_PLAN device=0 Q=[256,1,16,1] Kraw=turbo2 Vraw=f16 Kshape=[256,256,4,1] Vshape=[256,256,4,1] Keff=f16 Veff=f16 turbo_kv=1 prefer_native_vec=0 decode=1 dk=1 dv=0 unsafe_vec_after_turbo_v_decode=0 allow_vec=1 kernel=MMA_F16 need_f16_K=0 need_f16_V=0 Knb=[34,272,68,69632] Vnb=[2,2048,512,524288] Keff_nb=[2,2048,512,524288] Veff_nb=[2,2048,512,524288]
CUDA_FA_ROUTE_SUPPORTED kernel=MMA_F16 effK=f16 effV=f16 supported=1
CUDA_FA_ROUTE_PLAN device=0 Q=[256,1,16,1] Kraw=turbo2 Vraw=f16 Kshape=[256,256,4,1] Vshape=[256,256,4,1] Keff=f16 Veff=f16 turbo_kv=1 prefer_native_vec=0 decode=1 dk=1 dv=0 unsafe_vec_after_turbo_v_decode=0 allow_vec=1 kernel=MMA_F16 need_f16_K=0 need_f16_V=0 Knb=[34,272,68,69632] Vnb=[2,2048,512,524288] Keff_nb=[2,2048,512,524288] Veff_nb=[2,2048,512,524288]
CUDA_FA_ROUTE_SUPPORTED kernel=MMA_F16 effK=f16 effV=f16 supported=1
CUDA_FA_ROUTE_PLAN device=0 Q=[256,1,16,1] Kraw=turbo2 Vraw=f16 Kshape=[256,256,4,1] Vshape=[256,256,4,1] Keff=f16 Veff=f16 turbo_kv=1 prefer_native_vec=0 decode=1 dk=1 dv=0 unsafe_vec_after_turbo_v_decode=0 allow_vec=1 kernel=MMA_F16 need_f16_K=0 need_f16_V=0 Knb=[34,272,68,69632] Vnb=[2,2048,512,524288] Keff_nb=[2,2048,512,524288] Veff_nb=[2,2048,512,524288]
CUDA_FA_ROUTE_SUPPORTED kernel=MMA_F16 effK=f16 effV=f16 supported=1
CUDA_FA_ROUTE_PLAN device=0 Q=[256,1,16,1] Kraw=turbo2 Vraw=f16 Kshape=[256,256,4,1] Vshape=[256,256,4,1] Keff=f16 Veff=f16 turbo_kv=1 prefer_native_vec=0 decode=1 dk=1 dv=0 unsafe_vec_after_turbo_v_decode=0 allow_vec=1 kernel=MMA_F16 need_f16_K=0 need_f16_V=0 Knb=[34,272,68,69632] Vnb=[2,2048,512,524288] Keff_nb=[2,2048,512,524288] Veff_nb=[2,2048,512,524288]
CUDA_FA_ROUTE_SUPPORTED kernel=MMA_F16 effK=f16 effV=f16 supported=1
CUDA_FA_ROUTE_PLAN device=0 Q=[256,1,16,1] Kraw=turbo2 Vraw=f16 Kshape=[256,256,4,1] Vshape=[256,256,4,1] Keff=f16 Veff=f16 turbo_kv=1 prefer_native_vec=0 decode=1 dk=1 dv=0 unsafe_vec_after_turbo_v_decode=0 allow_vec=1 kernel=MMA_F16 need_f16_K=0 need_f16_V=0 Knb=[34,272,68,69632] Vnb=[2,2048,512,524288] Keff_nb=[2,2048,512,524288] Veff_nb=[2,2048,512,524288]
CUDA_FA_ROUTE_SUPPORTED kernel=MMA_F16 effK=f16 effV=f16 supported=1
CUDA_FA_ROUTE_PLAN device=0 Q=[256,1,16,1] Kraw=turbo2 Vraw=f16 Kshape=[256,256,4,1] Vshape=[256,256,4,1] Keff=f16 Veff=f16 turbo_kv=1 prefer_native_vec=0 decode=1 dk=1 dv=0 unsafe_vec_after_turbo_v_decode=0 allow_vec=1 kernel=MMA_F16 need_f16_K=0 need_f16_V=0 Knb=[34,272,68,69632] Vnb=[2,2048,512,524288] Keff_nb=[2,2048,512,524288] Veff_nb=[2,2048,512,524288]
CUDA_FA_ROUTE_SUPPORTED kernel=MMA_F16 effK=f16 effV=f16 supported=1
CUDA_FA_ROUTE_PLAN device=0 Q=[256,256,16,1] Kraw=turbo2 Vraw=f16 Kshape=[256,256,4,1] Vshape=[256,256,4,1] Keff=f16 Veff=f16 turbo_kv=1 prefer_native_vec=0 decode=1 dk=1 dv=0 unsafe_vec_after_turbo_v_decode=0 allow_vec=1 kernel=MMA_F16 need_f16_K=0 need_f16_V=0 Knb=[34,272,68,69632] Vnb=[2,2048,512,524288] Keff_nb=[2,2048,512,524288] Veff_nb=[2,2048,512,524288]
CUDA_FA_ROUTE_SUPPORTED kernel=MMA_F16 effK=f16 effV=f16 supported=1
CUDA_FA_ROUTE_PLAN device=0 Q=[256,256,16,1] Kraw=turbo2 Vraw=f16 Kshape=[256,256,4,1] Vshape=[256,256,4,1] Keff=f16 Veff=f16 turbo_kv=1 prefer_native_vec=0 decode=1 dk=1 dv=0 unsafe_vec_after_turbo_v_decode=0 allow_vec=1 kernel=MMA_F16 need_f16_K=0 need_f16_V=0 Knb=[34,272,68,69632] Vnb=[2,2048,512,524288] Keff_nb=[2,2048,512,524288] Veff_nb=[2,2048,512,524288]
CUDA_FA_ROUTE_SUPPORTED kernel=MMA_F16 effK=f16 effV=f16 supported=1
CUDA_FA_ROUTE_PLAN device=0 Q=[256,256,16,1] Kraw=turbo2 Vraw=f16 Kshape=[256,256,4,1] Vshape=[256,256,4,1] Keff=f16 Veff=f16 turbo_kv=1 prefer_native_vec=0 decode=1 dk=1 dv=0 unsafe_vec_after_turbo_v_decode=0 allow_vec=1 kernel=MMA_F16 need_f16_K=0 need_f16_V=0 Knb=[34,272,68,69632] Vnb=[2,2048,512,524288] Keff_nb=[2,2048,512,524288] Veff_nb=[2,2048,512,524288]
CUDA_FA_ROUTE_SUPPORTED kernel=MMA_F16 effK=f16 effV=f16 supported=1
CUDA_FA_ROUTE_PLAN device=0 Q=[256,256,16,1] Kraw=turbo2 Vraw=f16 Kshape=[256,256,4,1] Vshape=[256,256,4,1] Keff=f16 Veff=f16 turbo_kv=1 prefer_native_vec=0 decode=1 dk=1 dv=0 unsafe_vec_after_turbo_v_decode=0 allow_vec=1 kernel=MMA_F16 need_f16_K=0 need_f16_V=0 Knb=[34,272,68,69632] Vnb=[2,2048,512,524288] Keff_nb=[2,2048,512,524288] Veff_nb=[2,2048,512,524288]
CUDA_FA_ROUTE_SUPPORTED kernel=MMA_F16 effK=f16 effV=f16 supported=1
CUDA_FA_ROUTE_PLAN device=0 Q=[256,256,16,1] Kraw=turbo2 Vraw=f16 Kshape=[256,256,4,1] Vshape=[256,256,4,1] Keff=f16 Veff=f16 turbo_kv=1 prefer_native_vec=0 decode=1 dk=1 dv=0 unsafe_vec_after_turbo_v_decode=0 allow_vec=1 kernel=MMA_F16 need_f16_K=0 need_f16_V=0 Knb=[34,272,68,69632] Vnb=[2,2048,512,524288] Keff_nb=[2,2048,512,524288] Veff_nb=[2,2048,512,524288]
CUDA_FA_ROUTE_SUPPORTED kernel=MMA_F16 effK=f16 effV=f16 supported=1
CUDA_FA_ROUTE_PLAN device=0 Q=[256,256,16,1] Kraw=turbo2 Vraw=f16 Kshape=[256,256,4,1] Vshape=[256,256,4,1] Keff=f16 Veff=f16 turbo_kv=1 prefer_native_vec=0 decode=1 dk=1 dv=0 unsafe_vec_after_turbo_v_decode=0 allow_vec=1 kernel=MMA_F16 need_f16_K=0 need_f16_V=0 Knb=[34,272,68,69632] Vnb=[2,2048,512,524288] Keff_nb=[2,2048,512,524288] Veff_nb=[2,2048,512,524288]
CUDA_FA_ROUTE_SUPPORTED kernel=MMA_F16 effK=f16 effV=f16 supported=1
CUDA_FA_ROUTE_PLAN device=0 Q=[256,256,16,1] Kraw=turbo2 Vraw=f16 Kshape=[256,256,4,1] Vshape=[256,256,4,1] Keff=f16 Veff=f16 turbo_kv=1 prefer_native_vec=0 decode=1 dk=1 dv=0 unsafe_vec_after_turbo_v_decode=0 allow_vec=1 kernel=MMA_F16 need_f16_K=0 need_f16_V=0 Knb=[34,272,68,69632] Vnb=[2,2048,512,524288] Keff_nb=[2,2048,512,524288] Veff_nb=[2,2048,512,524288]
CUDA_FA_ROUTE_SUPPORTED kernel=MMA_F16 effK=f16 effV=f16 supported=1
CUDA_FA_ROUTE_PLAN device=0 Q=[256,256,16,1] Kraw=turbo2 Vraw=f16 Kshape=[256,256,4,1] Vshape=[256,256,4,1] Keff=f16 Veff=f16 turbo_kv=1 prefer_native_vec=0 decode=1 dk=1 dv=0 unsafe_vec_after_turbo_v_decode=0 allow_vec=1 kernel=MMA_F16 need_f16_K=0 need_f16_V=0 Knb=[34,272,68,69632] Vnb=[2,2048,512,524288] Keff_nb=[2,2048,512,524288] Veff_nb=[2,2048,512,524288]
CUDA_FA_ROUTE_SUPPORTED kernel=MMA_F16 effK=f16 effV=f16 supported=1
CUDA_FA_ROUTE_PLAN device=0 Q=[256,256,16,1] Kraw=turbo2 Vraw=f16 Kshape=[256,256,4,1] Vshape=[256,256,4,1] Keff=f16 Veff=f16 turbo_kv=1 prefer_native_vec=0 decode=1 dk=1 dv=0 unsafe_vec_after_turbo_v_decode=0 allow_vec=1 kernel=MMA_F16 need_f16_K=0 need_f16_V=0 Knb=[34,272,68,69632] Vnb=[2,2048,512,524288] Keff_nb=[2,2048,512,524288] Veff_nb=[2,2048,512,524288]
CUDA_FA_ROUTE_ALLOC kernel=MMA_F16 need_f16_K=0 need_f16_V=0 workspace_end_offset=4194304 dst_data=(nil) f16_K=(nil) f16_V=(nil) f16_end=0x400000
CUDA_FA_ROUTE_PLAN device=0 Q=[256,256,16,1] Kraw=turbo2 Vraw=f16 Kshape=[256,256,4,1] Vshape=[256,256,4,1] Keff=f16 Veff=f16 turbo_kv=1 prefer_native_vec=0 decode=1 dk=1 dv=0 unsafe_vec_after_turbo_v_decode=0 allow_vec=1 kernel=MMA_F16 need_f16_K=0 need_f16_V=0 Knb=[34,272,68,69632] Vnb=[2,2048,512,524288] Keff_nb=[2,2048,512,524288] Veff_nb=[2,2048,512,524288]
CUDA_FA_ROUTE_ALLOC kernel=MMA_F16 need_f16_K=0 need_f16_V=0 workspace_end_offset=4194304 dst_data=(nil) f16_K=(nil) f16_V=(nil) f16_end=0x400000
CUDA_FA_ROUTE_PLAN device=0 Q=[256,256,16,1] Kraw=turbo2 Vraw=f16 Kshape=[256,256,4,1] Vshape=[256,256,4,1] Keff=f16 Veff=f16 turbo_kv=1 prefer_native_vec=0 decode=1 dk=1 dv=0 unsafe_vec_after_turbo_v_decode=0 allow_vec=1 kernel=MMA_F16 need_f16_K=0 need_f16_V=0 Knb=[34,272,68,69632] Vnb=[2,2048,512,524288] Keff_nb=[2,2048,512,524288] Veff_nb=[2,2048,512,524288]
CUDA_FA_ROUTE_ALLOC kernel=MMA_F16 need_f16_K=0 need_f16_V=0 workspace_end_offset=4194304 dst_data=(nil) f16_K=(nil) f16_V=(nil) f16_end=0x400000
CUDA_FA_ROUTE_PLAN device=0 Q=[256,256,16,1] Kraw=turbo2 Vraw=f16 Kshape=[256,256,4,1] Vshape=[256,256,4,1] Keff=f16 Veff=f16 turbo_kv=1 prefer_native_vec=0 decode=1 dk=1 dv=0 unsafe_vec_after_turbo_v_decode=0 allow_vec=1 kernel=MMA_F16 need_f16_K=0 need_f16_V=0 Knb=[34,272,68,69632] Vnb=[2,2048,512,524288] Keff_nb=[2,2048,512,524288] Veff_nb=[2,2048,512,524288]
CUDA_FA_ROUTE_ALLOC kernel=MMA_F16 need_f16_K=0 need_f16_V=0 workspace_end_offset=4194304 dst_data=(nil) f16_K=(nil) f16_V=(nil) f16_end=0x400000
CUDA_FA_ROUTE_PLAN device=0 Q=[256,256,16,1] Kraw=turbo2 Vraw=f16 Kshape=[256,256,4,1] Vshape=[256,256,4,1] Keff=f16 Veff=f16 turbo_kv=1 prefer_native_vec=0 decode=1 dk=1 dv=0 unsafe_vec_after_turbo_v_decode=0 allow_vec=1 kernel=MMA_F16 need_f16_K=0 need_f16_V=0 Knb=[34,272,68,69632] Vnb=[2,2048,512,524288] Keff_nb=[2,2048,512,524288] Veff_nb=[2,2048,512,524288]
CUDA_FA_ROUTE_ALLOC kernel=MMA_F16 need_f16_K=0 need_f16_V=0 workspace_end_offset=4194304 dst_data=(nil) f16_K=(nil) f16_V=(nil) f16_end=0x400000
CUDA_FA_ROUTE_PLAN device=0 Q=[256,256,16,1] Kraw=turbo2 Vraw=f16 Kshape=[256,256,4,1] Vshape=[256,256,4,1] Keff=f16 Veff=f16 turbo_kv=1 prefer_native_vec=0 decode=1 dk=1 dv=0 unsafe_vec_after_turbo_v_decode=0 allow_vec=1 kernel=MMA_F16 need_f16_K=0 need_f16_V=0 Knb=[34,272,68,69632] Vnb=[2,2048,512,524288] Keff_nb=[2,2048,512,524288] Veff_nb=[2,2048,512,524288]
CUDA_FA_ROUTE_ALLOC kernel=MMA_F16 need_f16_K=0 need_f16_V=0 workspace_end_offset=4194304 dst_data=(nil) f16_K=(nil) f16_V=(nil) f16_end=0x400000
CUDA_FA_ROUTE_PLAN device=0 Q=[256,256,16,1] Kraw=turbo2 Vraw=f16 Kshape=[256,256,4,1] Vshape=[256,256,4,1] Keff=f16 Veff=f16 turbo_kv=1 prefer_native_vec=0 decode=1 dk=1 dv=0 unsafe_vec_after_turbo_v_decode=0 allow_vec=1 kernel=MMA_F16 need_f16_K=0 need_f16_V=0 Knb=[34,272,68,69632] Vnb=[2,2048,512,524288] Keff_nb=[2,2048,512,524288] Veff_nb=[2,2048,512,524288]
CUDA_FA_ROUTE_ALLOC kernel=MMA_F16 need_f16_K=0 need_f16_V=0 workspace_end_offset=4194304 dst_data=(nil) f16_K=(nil) f16_V=(nil) f16_end=0x400000
CUDA_FA_ROUTE_PLAN device=0 Q=[256,256,16,1] Kraw=turbo2 Vraw=f16 Kshape=[256,256,4,1] Vshape=[256,256,4,1] Keff=f16 Veff=f16 turbo_kv=1 prefer_native_vec=0 decode=1 dk=1 dv=0 unsafe_vec_after_turbo_v_decode=0 allow_vec=1 kernel=MMA_F16 need_f16_K=0 need_f16_V=0 Knb=[34,272,68,69632] Vnb=[2,2048,512,524288] Keff_nb=[2,2048,512,524288] Veff_nb=[2,2048,512,524288]
CUDA_FA_ROUTE_ALLOC kernel=MMA_F16 need_f16_K=0 need_f16_V=0 workspace_end_offset=4194304 dst_data=(nil) f16_K=(nil) f16_V=(nil) f16_end=0x400000
CUDA_FA_ROUTE_PLAN device=0 Q=[256,256,16,1] Kraw=turbo2 Vraw=f16 Kshape=[256,256,4,1] Vshape=[256,256,4,1] Keff=f16 Veff=f16 turbo_kv=1 prefer_native_vec=0 decode=1 dk=1 dv=0 unsafe_vec_after_turbo_v_decode=0 allow_vec=1 kernel=MMA_F16 need_f16_K=0 need_f16_V=0 Knb=[34,272,68,69632] Vnb=[2,2048,512,524288] Keff_nb=[2,2048,512,524288] Veff_nb=[2,2048,512,524288]
CUDA_FA_ROUTE_ALLOC kernel=MMA_F16 need_f16_K=0 need_f16_V=0 workspace_end_offset=4194304 dst_data=(nil) f16_K=(nil) f16_V=(nil) f16_end=0x400000
CUDA_FA_ROUTE_PLAN device=0 Q=[256,256,16,1] Kraw=turbo2 Vraw=f16 Kshape=[256,256,4,1] Vshape=[256,256,4,1] Keff=f16 Veff=f16 turbo_kv=1 prefer_native_vec=0 decode=1 dk=1 dv=0 unsafe_vec_after_turbo_v_decode=0 allow_vec=1 kernel=MMA_F16 need_f16_K=0 need_f16_V=0 Knb=[34,272,68,69632] Vnb=[2,2048,512,524288] Keff_nb=[2,2048,512,524288] Veff_nb=[2,2048,512,524288]
CUDA_FA_ROUTE_ALLOC kernel=MMA_F16 need_f16_K=0 need_f16_V=0 workspace_end_offset=4194304 dst_data=(nil) f16_K=(nil) f16_V=(nil) f16_end=0x400000
CUDA_FA_ROUTE_PLAN device=0 Q=[256,256,16,1] Kraw=turbo2 Vraw=f16 Kshape=[256,256,4,1] Vshape=[256,256,4,1] Keff=f16 Veff=f16 turbo_kv=1 prefer_native_vec=0 decode=1 dk=1 dv=0 unsafe_vec_after_turbo_v_decode=0 allow_vec=1 kernel=MMA_F16 need_f16_K=0 need_f16_V=0 Knb=[34,272,68,69632] Vnb=[2,2048,512,524288] Keff_nb=[2,2048,512,524288] Veff_nb=[2,2048,512,524288]
CUDA_FA_ROUTE_ALLOC kernel=MMA_F16 need_f16_K=0 need_f16_V=0 workspace_end_offset=4194304 dst_data=(nil) f16_K=(nil) f16_V=(nil) f16_end=0x400000
CUDA_FA_ROUTE_PLAN device=0 Q=[256,256,16,1] Kraw=turbo2 Vraw=f16 Kshape=[256,256,4,1] Vshape=[256,256,4,1] Keff=f16 Veff=f16 turbo_kv=1 prefer_native_vec=0 decode=1 dk=1 dv=0 unsafe_vec_after_turbo_v_decode=0 allow_vec=1 kernel=MMA_F16 need_f16_K=0 need_f16_V=0 Knb=[34,272,68,69632] Vnb=[2,2048,512,524288] Keff_nb=[2,2048,512,524288] Veff_nb=[2,2048,512,524288]
CUDA_FA_ROUTE_ALLOC kernel=MMA_F16 need_f16_K=0 need_f16_V=0 workspace_end_offset=4194304 dst_data=(nil) f16_K=(nil) f16_V=(nil) f16_end=0x400000
CUDA_FA_ROUTE_PLAN device=0 Q=[256,256,16,1] Kraw=turbo2 Vraw=f16 Kshape=[256,256,4,1] Vshape=[256,256,4,1] Keff=f16 Veff=f16 turbo_kv=1 prefer_native_vec=0 decode=1 dk=1 dv=0 unsafe_vec_after_turbo_v_decode=0 allow_vec=1 kernel=MMA_F16 need_f16_K=0 need_f16_V=0 Knb=[34,272,68,69632] Vnb=[2,2048,512,524288] Keff_nb=[2,2048,512,524288] Veff_nb=[2,2048,512,524288]
CUDA_FA_ROUTE_ALLOC kernel=MMA_F16 need_f16_K=0 need_f16_V=0 workspace_end_offset=4194304 dst_data=(nil) f16_K=(nil) f16_V=(nil) f16_end=0x400000
CUDA_FA_ROUTE_PLAN device=0 Q=[256,256,16,1] Kraw=turbo2 Vraw=f16 Kshape=[256,256,4,1] Vshape=[256,256,4,1] Keff=f16 Veff=f16 turbo_kv=1 prefer_native_vec=0 decode=1 dk=1 dv=0 unsafe_vec_after_turbo_v_decode=0 allow_vec=1 kernel=MMA_F16 need_f16_K=0 need_f16_V=0 Knb=[34,272,68,69632] Vnb=[2,2048,512,524288] Keff_nb=[2,2048,512,524288] Veff_nb=[2,2048,512,524288]
CUDA_FA_ROUTE_ALLOC kernel=MMA_F16 need_f16_K=0 need_f16_V=0 workspace_end_offset=4194304 dst_data=(nil) f16_K=(nil) f16_V=(nil) f16_end=0x400000
CUDA_FA_ROUTE_PLAN device=0 Q=[256,256,16,1] Kraw=turbo2 Vraw=f16 Kshape=[256,256,4,1] Vshape=[256,256,4,1] Keff=f16 Veff=f16 turbo_kv=1 prefer_native_vec=0 decode=1 dk=1 dv=0 unsafe_vec_after_turbo_v_decode=0 allow_vec=1 kernel=MMA_F16 need_f16_K=0 need_f16_V=0 Knb=[34,272,68,69632] Vnb=[2,2048,512,524288] Keff_nb=[2,2048,512,524288] Veff_nb=[2,2048,512,524288]
CUDA_FA_ROUTE_ALLOC kernel=MMA_F16 need_f16_K=0 need_f16_V=0 workspace_end_offset=4194304 dst_data=(nil) f16_K=(nil) f16_V=(nil) f16_end=0x400000
CUDA_FA_ROUTE_PLAN device=0 Q=[256,256,16,1] Kraw=turbo2 Vraw=f16 Kshape=[256,256,4,1] Vshape=[256,256,4,1] Keff=f16 Veff=f16 turbo_kv=1 prefer_native_vec=0 decode=1 dk=1 dv=0 unsafe_vec_after_turbo_v_decode=0 allow_vec=1 kernel=MMA_F16 need_f16_K=0 need_f16_V=0 Knb=[34,272,68,69632] Vnb=[2,2048,512,524288] Keff_nb=[2,2048,512,524288] Veff_nb=[2,2048,512,524288]
CUDA_FA_ROUTE_ALLOC kernel=MMA_F16 need_f16_K=0 need_f16_V=0 workspace_end_offset=4194304 dst_data=(nil) f16_K=(nil) f16_V=(nil) f16_end=0x400000
CUDA_FA_ROUTE_PLAN device=0 Q=[256,256,16,1] Kraw=turbo2 Vraw=f16 Kshape=[256,256,4,1] Vshape=[256,256,4,1] Keff=f16 Veff=f16 turbo_kv=1 prefer_native_vec=0 decode=1 dk=1 dv=0 unsafe_vec_after_turbo_v_decode=0 allow_vec=1 kernel=MMA_F16 need_f16_K=0 need_f16_V=0 Knb=[34,272,68,69632] Vnb=[2,2048,512,524288] Keff_nb=[2,2048,512,524288] Veff_nb=[2,2048,512,524288]
CUDA_FA_ROUTE_ALLOC kernel=MMA_F16 need_f16_K=0 need_f16_V=0 workspace_end_offset=4194304 dst_data=(nil) f16_K=(nil) f16_V=(nil) f16_end=0x400000
CUDA_FA_ROUTE_PLAN device=0 Q=[256,256,16,1] Kraw=turbo2 Vraw=f16 Kshape=[256,256,4,1] Vshape=[256,256,4,1] Keff=f16 Veff=f16 turbo_kv=1 prefer_native_vec=0 decode=1 dk=1 dv=0 unsafe_vec_after_turbo_v_decode=0 allow_vec=1 kernel=MMA_F16 need_f16_K=0 need_f16_V=0 Knb=[34,272,68,69632] Vnb=[2,2048,512,524288] Keff_nb=[2,2048,512,524288] Veff_nb=[2,2048,512,524288]
CUDA_FA_ROUTE_ALLOC kernel=MMA_F16 need_f16_K=0 need_f16_V=0 workspace_end_offset=4194304 dst_data=(nil) f16_K=(nil) f16_V=(nil) f16_end=0x400000
CUDA_FA_ROUTE_PLAN device=0 Q=[256,256,16,1] Kraw=turbo2 Vraw=f16 Kshape=[256,256,4,1] Vshape=[256,256,4,1] Keff=f16 Veff=f16 turbo_kv=1 prefer_native_vec=0 decode=1 dk=1 dv=0 unsafe_vec_after_turbo_v_decode=0 allow_vec=1 kernel=MMA_F16 need_f16_K=0 need_f16_V=0 Knb=[34,272,68,69632] Vnb=[2,2048,512,524288] Keff_nb=[2,2048,512,524288] Veff_nb=[2,2048,512,524288]
CUDA_FA_ROUTE_ALLOC kernel=MMA_F16 need_f16_K=0 need_f16_V=0 workspace_end_offset=4194304 dst_data=(nil) f16_K=(nil) f16_V=(nil) f16_end=0x400000
CUDA_FA_ROUTE_PLAN device=0 Q=[256,256,16,1] Kraw=turbo2 Vraw=f16 Kshape=[256,256,4,1] Vshape=[256,256,4,1] Keff=f16 Veff=f16 turbo_kv=1 prefer_native_vec=0 decode=1 dk=1 dv=0 unsafe_vec_after_turbo_v_decode=0 allow_vec=1 kernel=MMA_F16 need_f16_K=0 need_f16_V=0 Knb=[34,272,68,69632] Vnb=[2,2048,512,524288] Keff_nb=[2,2048,512,524288] Veff_nb=[2,2048,512,524288]
CUDA_FA_ROUTE_ALLOC kernel=MMA_F16 need_f16_K=0 need_f16_V=0 workspace_end_offset=4194304 dst_data=(nil) f16_K=(nil) f16_V=(nil) f16_end=0x400000
CUDA_FA_ROUTE_PLAN device=0 Q=[256,256,16,1] Kraw=turbo2 Vraw=f16 Kshape=[256,256,4,1] Vshape=[256,256,4,1] Keff=f16 Veff=f16 turbo_kv=1 prefer_native_vec=0 decode=1 dk=1 dv=0 unsafe_vec_after_turbo_v_decode=0 allow_vec=1 kernel=MMA_F16 need_f16_K=0 need_f16_V=0 Knb=[34,272,68,69632] Vnb=[2,2048,512,524288] Keff_nb=[2,2048,512,524288] Veff_nb=[2,2048,512,524288]
CUDA_FA_ROUTE_ALLOC kernel=MMA_F16 need_f16_K=0 need_f16_V=0 workspace_end_offset=4194304 dst_data=(nil) f16_K=(nil) f16_V=(nil) f16_end=0x400000
CUDA_FA_ROUTE_PLAN device=0 Q=[256,256,16,1] Kraw=turbo2 Vraw=f16 Kshape=[256,256,4,1] Vshape=[256,256,4,1] Keff=f16 Veff=f16 turbo_kv=1 prefer_native_vec=0 decode=1 dk=1 dv=0 unsafe_vec_after_turbo_v_decode=0 allow_vec=1 kernel=MMA_F16 need_f16_K=0 need_f16_V=0 Knb=[34,272,68,69632] Vnb=[2,2048,512,524288] Keff_nb=[2,2048,512,524288] Veff_nb=[2,2048,512,524288]
CUDA_FA_ROUTE_ALLOC kernel=MMA_F16 need_f16_K=0 need_f16_V=0 workspace_end_offset=4194304 dst_data=(nil) f16_K=(nil) f16_V=(nil) f16_end=0x400000
CUDA_FA_ROUTE_PLAN device=0 Q=[256,256,16,1] Kraw=turbo2 Vraw=f16 Kshape=[256,256,4,1] Vshape=[256,256,4,1] Keff=f16 Veff=f16 turbo_kv=1 prefer_native_vec=0 decode=1 dk=1 dv=0 unsafe_vec_after_turbo_v_decode=0 allow_vec=1 kernel=MMA_F16 need_f16_K=0 need_f16_V=0 Knb=[34,272,68,69632] Vnb=[2,2048,512,524288] Keff_nb=[2,2048,512,524288] Veff_nb=[2,2048,512,524288]
CUDA_FA_ROUTE_ALLOC kernel=MMA_F16 need_f16_K=0 need_f16_V=0 workspace_end_offset=4194304 dst_data=(nil) f16_K=(nil) f16_V=(nil) f16_end=0x400000
CUDA_FA_ROUTE_PLAN device=0 Q=[256,256,16,1] Kraw=turbo2 Vraw=f16 Kshape=[256,256,4,1] Vshape=[256,256,4,1] Keff=f16 Veff=f16 turbo_kv=1 prefer_native_vec=0 decode=1 dk=1 dv=0 unsafe_vec_after_turbo_v_decode=0 allow_vec=1 kernel=MMA_F16 need_f16_K=0 need_f16_V=0 Knb=[34,272,68,69632] Vnb=[2,2048,512,524288] Keff_nb=[2,2048,512,524288] Veff_nb=[2,2048,512,524288]
CUDA_FA_ROUTE_ALLOC kernel=MMA_F16 need_f16_K=0 need_f16_V=0 workspace_end_offset=4194304 dst_data=(nil) f16_K=(nil) f16_V=(nil) f16_end=0x400000
CUDA_FA_ROUTE_PLAN device=0 Q=[256,256,16,1] Kraw=turbo2 Vraw=f16 Kshape=[256,256,4,1] Vshape=[256,256,4,1] Keff=f16 Veff=f16 turbo_kv=1 prefer_native_vec=0 decode=1 dk=1 dv=0 unsafe_vec_after_turbo_v_decode=0 allow_vec=1 kernel=MMA_F16 need_f16_K=0 need_f16_V=0 Knb=[34,272,68,69632] Vnb=[2,2048,512,524288] Keff_nb=[2,2048,512,524288] Veff_nb=[2,2048,512,524288]
CUDA_FA_ROUTE_ALLOC kernel=MMA_F16 need_f16_K=0 need_f16_V=0 workspace_end_offset=4194304 dst_data=(nil) f16_K=(nil) f16_V=(nil) f16_end=0x400000
CUDA_FA_ROUTE_PLAN device=0 Q=[256,256,16,1] Kraw=turbo2 Vraw=f16 Kshape=[256,256,4,1] Vshape=[256,256,4,1] Keff=f16 Veff=f16 turbo_kv=1 prefer_native_vec=0 decode=1 dk=1 dv=0 unsafe_vec_after_turbo_v_decode=0 allow_vec=1 kernel=MMA_F16 need_f16_K=0 need_f16_V=0 Knb=[34,272,68,69632] Vnb=[2,2048,512,524288] Keff_nb=[2,2048,512,524288] Veff_nb=[2,2048,512,524288]
CUDA_FA_ROUTE_ALLOC kernel=MMA_F16 need_f16_K=0 need_f16_V=0 workspace_end_offset=4194304 dst_data=(nil) f16_K=(nil) f16_V=(nil) f16_end=0x400000
CUDA_FA_ROUTE_PLAN device=0 Q=[256,256,16,1] Kraw=turbo2 Vraw=f16 Kshape=[256,256,4,1] Vshape=[256,256,4,1] Keff=f16 Veff=f16 turbo_kv=1 prefer_native_vec=0 decode=1 dk=1 dv=0 unsafe_vec_after_turbo_v_decode=0 allow_vec=1 kernel=MMA_F16 need_f16_K=0 need_f16_V=0 Knb=[34,272,68,69632] Vnb=[2,2048,512,524288] Keff_nb=[2,2048,512,524288] Veff_nb=[2,2048,512,524288]
CUDA_FA_ROUTE_ALLOC kernel=MMA_F16 need_f16_K=0 need_f16_V=0 workspace_end_offset=4194304 dst_data=(nil) f16_K=(nil) f16_V=(nil) f16_end=0x400000
CUDA_FA_ROUTE_PLAN device=0 Q=[256,256,16,1] Kraw=turbo2 Vraw=f16 Kshape=[256,256,4,1] Vshape=[256,256,4,1] Keff=f16 Veff=f16 turbo_kv=1 prefer_native_vec=0 decode=1 dk=1 dv=0 unsafe_vec_after_turbo_v_decode=0 allow_vec=1 kernel=MMA_F16 need_f16_K=0 need_f16_V=0 Knb=[34,272,68,69632] Vnb=[2,2048,512,524288] Keff_nb=[2,2048,512,524288] Veff_nb=[2,2048,512,524288]
CUDA_FA_ROUTE_ALLOC kernel=MMA_F16 need_f16_K=0 need_f16_V=0 workspace_end_offset=4194304 dst_data=(nil) f16_K=(nil) f16_V=(nil) f16_end=0x400000
CUDA_FA_ROUTE_PLAN device=0 Q=[256,256,16,1] Kraw=turbo2 Vraw=f16 Kshape=[256,256,4,1] Vshape=[256,256,4,1] Keff=f16 Veff=f16 turbo_kv=1 prefer_native_vec=0 decode=1 dk=1 dv=0 unsafe_vec_after_turbo_v_decode=0 allow_vec=1 kernel=MMA_F16 need_f16_K=0 need_f16_V=0 Knb=[34,272,68,69632] Vnb=[2,2048,512,524288] Keff_nb=[2,2048,512,524288] Veff_nb=[2,2048,512,524288]
CUDA_FA_ROUTE_ALLOC kernel=MMA_F16 need_f16_K=0 need_f16_V=0 workspace_end_offset=4194304 dst_data=(nil) f16_K=(nil) f16_V=(nil) f16_end=0x400000
CUDA_FA_ROUTE_PLAN device=0 Q=[256,256,16,1] Kraw=turbo2 Vraw=f16 Kshape=[256,256,4,1] Vshape=[256,256,4,1] Keff=f16 Veff=f16 turbo_kv=1 prefer_native_vec=0 decode=1 dk=1 dv=0 unsafe_vec_after_turbo_v_decode=0 allow_vec=1 kernel=MMA_F16 need_f16_K=0 need_f16_V=0 Knb=[34,272,68,69632] Vnb=[2,2048,512,524288] Keff_nb=[2,2048,512,524288] Veff_nb=[2,2048,512,524288]
CUDA_FA_ROUTE_ALLOC kernel=MMA_F16 need_f16_K=0 need_f16_V=0 workspace_end_offset=4194304 dst_data=(nil) f16_K=(nil) f16_V=(nil) f16_end=0x400000
CUDA_FA_ROUTE_PLAN device=0 Q=[256,256,16,1] Kraw=turbo2 Vraw=f16 Kshape=[256,256,4,1] Vshape=[256,256,4,1] Keff=f16 Veff=f16 turbo_kv=1 prefer_native_vec=0 decode=1 dk=1 dv=0 unsafe_vec_after_turbo_v_decode=0 allow_vec=1 kernel=MMA_F16 need_f16_K=0 need_f16_V=0 Knb=[34,272,68,69632] Vnb=[2,2048,512,524288] Keff_nb=[2,2048,512,524288] Veff_nb=[2,2048,512,524288]
CUDA_FA_ROUTE_ALLOC kernel=MMA_F16 need_f16_K=0 need_f16_V=0 workspace_end_offset=4194304 dst_data=(nil) f16_K=(nil) f16_V=(nil) f16_end=0x400000
CUDA_FA_ROUTE_PLAN device=0 Q=[256,256,16,1] Kraw=turbo2 Vraw=f16 Kshape=[256,256,4,1] Vshape=[256,256,4,1] Keff=f16 Veff=f16 turbo_kv=1 prefer_native_vec=0 decode=1 dk=1 dv=0 unsafe_vec_after_turbo_v_decode=0 allow_vec=1 kernel=MMA_F16 need_f16_K=0 need_f16_V=0 Knb=[34,272,68,69632] Vnb=[2,2048,512,524288] Keff_nb=[2,2048,512,524288] Veff_nb=[2,2048,512,524288]
CUDA_FA_ROUTE_ALLOC kernel=MMA_F16 need_f16_K=0 need_f16_V=0 workspace_end_offset=4194304 dst_data=(nil) f16_K=(nil) f16_V=(nil) f16_end=0x400000
CUDA_FA_ROUTE_PLAN device=0 Q=[256,1,16,1] Kraw=turbo2 Vraw=f16 Kshape=[256,256,4,1] Vshape=[256,256,4,1] Keff=f16 Veff=f16 turbo_kv=1 prefer_native_vec=0 decode=1 dk=1 dv=0 unsafe_vec_after_turbo_v_decode=0 allow_vec=1 kernel=MMA_F16 need_f16_K=0 need_f16_V=0 Knb=[34,272,68,69632] Vnb=[2,2048,512,524288] Keff_nb=[2,2048,512,524288] Veff_nb=[2,2048,512,524288]
CUDA_FA_ROUTE_SUPPORTED kernel=MMA_F16 effK=f16 effV=f16 supported=1
CUDA_FA_ROUTE_PLAN device=0 Q=[256,1,16,1] Kraw=turbo2 Vraw=f16 Kshape=[256,256,4,1] Vshape=[256,256,4,1] Keff=f16 Veff=f16 turbo_kv=1 prefer_native_vec=0 decode=1 dk=1 dv=0 unsafe_vec_after_turbo_v_decode=0 allow_vec=1 kernel=MMA_F16 need_f16_K=0 need_f16_V=0 Knb=[34,272,68,69632] Vnb=[2,2048,512,524288] Keff_nb=[2,2048,512,524288] Veff_nb=[2,2048,512,524288]
CUDA_FA_ROUTE_SUPPORTED kernel=MMA_F16 effK=f16 effV=f16 supported=1
CUDA_FA_ROUTE_PLAN device=0 Q=[256,1,16,1] Kraw=turbo2 Vraw=f16 Kshape=[256,256,4,1] Vshape=[256,256,4,1] Keff=f16 Veff=f16 turbo_kv=1 prefer_native_vec=0 decode=1 dk=1 dv=0 unsafe_vec_after_turbo_v_decode=0 allow_vec=1 kernel=MMA_F16 need_f16_K=0 need_f16_V=0 Knb=[34,272,68,69632] Vnb=[2,2048,512,524288] Keff_nb=[2,2048,512,524288] Veff_nb=[2,2048,512,524288]
CUDA_FA_ROUTE_SUPPORTED kernel=MMA_F16 effK=f16 effV=f16 supported=1
CUDA_FA_ROUTE_PLAN device=0 Q=[256,1,16,1] Kraw=turbo2 Vraw=f16 Kshape=[256,256,4,1] Vshape=[256,256,4,1] Keff=f16 Veff=f16 turbo_kv=1 prefer_native_vec=0 decode=1 dk=1 dv=0 unsafe_vec_after_turbo_v_decode=0 allow_vec=1 kernel=MMA_F16 need_f16_K=0 need_f16_V=0 Knb=[34,272,68,69632] Vnb=[2,2048,512,524288] Keff_nb=[2,2048,512,524288] Veff_nb=[2,2048,512,524288]
CUDA_FA_ROUTE_SUPPORTED kernel=MMA_F16 effK=f16 effV=f16 supported=1
CUDA_FA_ROUTE_PLAN device=0 Q=[256,1,16,1] Kraw=turbo2 Vraw=f16 Kshape=[256,256,4,1] Vshape=[256,256,4,1] Keff=f16 Veff=f16 turbo_kv=1 prefer_native_vec=0 decode=1 dk=1 dv=0 unsafe_vec_after_turbo_v_decode=0 allow_vec=1 kernel=MMA_F16 need_f16_K=0 need_f16_V=0 Knb=[34,272,68,69632] Vnb=[2,2048,512,524288] Keff_nb=[2,2048,512,524288] Veff_nb=[2,2048,512,524288]
CUDA_FA_ROUTE_SUPPORTED kernel=MMA_F16 effK=f16 effV=f16 supported=1
CUDA_FA_ROUTE_PLAN device=0 Q=[256,1,16,1] Kraw=turbo2 Vraw=f16 Kshape=[256,256,4,1] Vshape=[256,256,4,1] Keff=f16 Veff=f16 turbo_kv=1 prefer_native_vec=0 decode=1 dk=1 dv=0 unsafe_vec_after_turbo_v_decode=0 allow_vec=1 kernel=MMA_F16 need_f16_K=0 need_f16_V=0 Knb=[34,272,68,69632] Vnb=[2,2048,512,524288] Keff_nb=[2,2048,512,524288] Veff_nb=[2,2048,512,524288]
CUDA_FA_ROUTE_SUPPORTED kernel=MMA_F16 effK=f16 effV=f16 supported=1
CUDA_FA_ROUTE_PLAN device=0 Q=[256,1,16,1] Kraw=turbo2 Vraw=f16 Kshape=[256,256,4,1] Vshape=[256,256,4,1] Keff=f16 Veff=f16 turbo_kv=1 prefer_native_vec=0 decode=1 dk=1 dv=0 unsafe_vec_after_turbo_v_decode=0 allow_vec=1 kernel=MMA_F16 need_f16_K=0 need_f16_V=0 Knb=[34,272,68,69632] Vnb=[2,2048,512,524288] Keff_nb=[2,2048,512,524288] Veff_nb=[2,2048,512,524288]
CUDA_FA_ROUTE_SUPPORTED kernel=MMA_F16 effK=f16 effV=f16 supported=1
CUDA_FA_ROUTE_PLAN device=0 Q=[256,1,16,1] Kraw=turbo2 Vraw=f16 Kshape=[256,256,4,1] Vshape=[256,256,4,1] Keff=f16 Veff=f16 turbo_kv=1 prefer_native_vec=0 decode=1 dk=1 dv=0 unsafe_vec_after_turbo_v_decode=0 allow_vec=1 kernel=MMA_F16 need_f16_K=0 need_f16_V=0 Knb=[34,272,68,69632] Vnb=[2,2048,512,524288] Keff_nb=[2,2048,512,524288] Veff_nb=[2,2048,512,524288]
CUDA_FA_ROUTE_SUPPORTED kernel=MMA_F16 effK=f16 effV=f16 supported=1
CUDA_FA_ROUTE_PLAN device=0 Q=[256,256,16,1] Kraw=turbo2 Vraw=f16 Kshape=[256,256,4,1] Vshape=[256,256,4,1] Keff=f16 Veff=f16 turbo_kv=1 prefer_native_vec=0 decode=1 dk=1 dv=0 unsafe_vec_after_turbo_v_decode=0 allow_vec=1 kernel=MMA_F16 need_f16_K=0 need_f16_V=0 Knb=[34,272,68,69632] Vnb=[2,2048,512,524288] Keff_nb=[2,2048,512,524288] Veff_nb=[2,2048,512,524288]
CUDA_FA_ROUTE_SUPPORTED kernel=MMA_F16 effK=f16 effV=f16 supported=1
CUDA_FA_ROUTE_PLAN device=0 Q=[256,256,16,1] Kraw=turbo2 Vraw=f16 Kshape=[256,256,4,1] Vshape=[256,256,4,1] Keff=f16 Veff=f16 turbo_kv=1 prefer_native_vec=0 decode=1 dk=1 dv=0 unsafe_vec_after_turbo_v_decode=0 allow_vec=1 kernel=MMA_F16 need_f16_K=0 need_f16_V=0 Knb=[34,272,68,69632] Vnb=[2,2048,512,524288] Keff_nb=[2,2048,512,524288] Veff_nb=[2,2048,512,524288]
CUDA_FA_ROUTE_SUPPORTED kernel=MMA_F16 effK=f16 effV=f16 supported=1
CUDA_FA_ROUTE_PLAN device=0 Q=[256,256,16,1] Kraw=turbo2 Vraw=f16 Kshape=[256,256,4,1] Vshape=[256,256,4,1] Keff=f16 Veff=f16 turbo_kv=1 prefer_native_vec=0 decode=1 dk=1 dv=0 unsafe_vec_after_turbo_v_decode=0 allow_vec=1 kernel=MMA_F16 need_f16_K=0 need_f16_V=0 Knb=[34,272,68,69632] Vnb=[2,2048,512,524288] Keff_nb=[2,2048,512,524288] Veff_nb=[2,2048,512,524288]
CUDA_FA_ROUTE_SUPPORTED kernel=MMA_F16 effK=f16 effV=f16 supported=1
CUDA_FA_ROUTE_PLAN device=0 Q=[256,256,16,1] Kraw=turbo2 Vraw=f16 Kshape=[256,256,4,1] Vshape=[256,256,4,1] Keff=f16 Veff=f16 turbo_kv=1 prefer_native_vec=0 decode=1 dk=1 dv=0 unsafe_vec_after_turbo_v_decode=0 allow_vec=1 kernel=MMA_F16 need_f16_K=0 need_f16_V=0 Knb=[34,272,68,69632] Vnb=[2,2048,512,524288] Keff_nb=[2,2048,512,524288] Veff_nb=[2,2048,512,524288]
CUDA_FA_ROUTE_SUPPORTED kernel=MMA_F16 effK=f16 effV=f16 supported=1
CUDA_FA_ROUTE_PLAN device=0 Q=[256,256,16,1] Kraw=turbo2 Vraw=f16 Kshape=[256,256,4,1] Vshape=[256,256,4,1] Keff=f16 Veff=f16 turbo_kv=1 prefer_native_vec=0 decode=1 dk=1 dv=0 unsafe_vec_after_turbo_v_decode=0 allow_vec=1 kernel=MMA_F16 need_f16_K=0 need_f16_V=0 Knb=[34,272,68,69632] Vnb=[2,2048,512,524288] Keff_nb=[2,2048,512,524288] Veff_nb=[2,2048,512,524288]
CUDA_FA_ROUTE_SUPPORTED kernel=MMA_F16 effK=f16 effV=f16 supported=1
CUDA_FA_ROUTE_PLAN device=0 Q=[256,256,16,1] Kraw=turbo2 Vraw=f16 Kshape=[256,256,4,1] Vshape=[256,256,4,1] Keff=f16 Veff=f16 turbo_kv=1 prefer_native_vec=0 decode=1 dk=1 dv=0 unsafe_vec_after_turbo_v_decode=0 allow_vec=1 kernel=MMA_F16 need_f16_K=0 need_f16_V=0 Knb=[34,272,68,69632] Vnb=[2,2048,512,524288] Keff_nb=[2,2048,512,524288] Veff_nb=[2,2048,512,524288]
CUDA_FA_ROUTE_SUPPORTED kernel=MMA_F16 effK=f16 effV=f16 supported=1
CUDA_FA_ROUTE_PLAN device=0 Q=[256,256,16,1] Kraw=turbo2 Vraw=f16 Kshape=[256,256,4,1] Vshape=[256,256,4,1] Keff=f16 Veff=f16 turbo_kv=1 prefer_native_vec=0 decode=1 dk=1 dv=0 unsafe_vec_after_turbo_v_decode=0 allow_vec=1 kernel=MMA_F16 need_f16_K=0 need_f16_V=0 Knb=[34,272,68,69632] Vnb=[2,2048,512,524288] Keff_nb=[2,2048,512,524288] Veff_nb=[2,2048,512,524288]
CUDA_FA_ROUTE_SUPPORTED kernel=MMA_F16 effK=f16 effV=f16 supported=1
CUDA_FA_ROUTE_PLAN device=0 Q=[256,256,16,1] Kraw=turbo2 Vraw=f16 Kshape=[256,256,4,1] Vshape=[256,256,4,1] Keff=f16 Veff=f16 turbo_kv=1 prefer_native_vec=0 decode=1 dk=1 dv=0 unsafe_vec_after_turbo_v_decode=0 allow_vec=1 kernel=MMA_F16 need_f16_K=0 need_f16_V=0 Knb=[34,272,68,69632] Vnb=[2,2048,512,524288] Keff_nb=[2,2048,512,524288] Veff_nb=[2,2048,512,524288]
CUDA_FA_ROUTE_SUPPORTED kernel=MMA_F16 effK=f16 effV=f16 supported=1
CUDA_FA_ROUTE_PLAN device=0 Q=[256,256,16,1] Kraw=turbo2 Vraw=f16 Kshape=[256,256,4,1] Vshape=[256,256,4,1] Keff=f16 Veff=f16 turbo_kv=1 prefer_native_vec=0 decode=1 dk=1 dv=0 unsafe_vec_after_turbo_v_decode=0 allow_vec=1 kernel=MMA_F16 need_f16_K=0 need_f16_V=0 Knb=[34,272,68,69632] Vnb=[2,2048,512,524288] Keff_nb=[2,2048,512,524288] Veff_nb=[2,2048,512,524288]
CUDA_FA_ROUTE_SUPPORTED kernel=MMA_F16 effK=f16 effV=f16 supported=1
CUDA_FA_ROUTE_PLAN device=0 Q=[256,256,16,1] Kraw=turbo2 Vraw=f16 Kshape=[256,256,4,1] Vshape=[256,256,4,1] Keff=f16 Veff=f16 turbo_kv=1 prefer_native_vec=0 decode=1 dk=1 dv=0 unsafe_vec_after_turbo_v_decode=0 allow_vec=1 kernel=MMA_F16 need_f16_K=0 need_f16_V=0 Knb=[34,272,68,69632] Vnb=[2,2048,512,524288] Keff_nb=[2,2048,512,524288] Veff_nb=[2,2048,512,524288]
CUDA_FA_ROUTE_SUPPORTED kernel=MMA_F16 effK=f16 effV=f16 supported=1
CUDA_FA_ROUTE_PLAN device=0 Q=[256,256,16,1] Kraw=turbo2 Vraw=f16 Kshape=[256,256,4,1] Vshape=[256,256,4,1] Keff=f16 Veff=f16 turbo_kv=1 prefer_native_vec=0 decode=1 dk=1 dv=0 unsafe_vec_after_turbo_v_decode=0 allow_vec=1 kernel=MMA_F16 need_f16_K=0 need_f16_V=0 Knb=[34,272,68,69632] Vnb=[2,2048,512,524288] Keff_nb=[2,2048,512,524288] Veff_nb=[2,2048,512,524288]
CUDA_FA_ROUTE_SUPPORTED kernel=MMA_F16 effK=f16 effV=f16 supported=1
CUDA_FA_ROUTE_PLAN device=0 Q=[256,256,16,1] Kraw=turbo2 Vraw=f16 Kshape=[256,256,4,1] Vshape=[256,256,4,1] Keff=f16 Veff=f16 turbo_kv=1 prefer_native_vec=0 decode=1 dk=1 dv=0 unsafe_vec_after_turbo_v_decode=0 allow_vec=1 kernel=MMA_F16 need_f16_K=0 need_f16_V=0 Knb=[34,272,68,69632] Vnb=[2,2048,512,524288] Keff_nb=[2,2048,512,524288] Veff_nb=[2,2048,512,524288]
CUDA_FA_ROUTE_SUPPORTED kernel=MMA_F16 effK=f16 effV=f16 supported=1
CUDA_FA_ROUTE_PLAN device=0 Q=[256,256,16,1] Kraw=turbo2 Vraw=f16 Kshape=[256,256,4,1] Vshape=[256,256,4,1] Keff=f16 Veff=f16 turbo_kv=1 prefer_native_vec=0 decode=1 dk=1 dv=0 unsafe_vec_after_turbo_v_decode=0 allow_vec=1 kernel=MMA_F16 need_f16_K=0 need_f16_V=0 Knb=[34,272,68,69632] Vnb=[2,2048,512,524288] Keff_nb=[2,2048,512,524288] Veff_nb=[2,2048,512,524288]
CUDA_FA_ROUTE_SUPPORTED kernel=MMA_F16 effK=f16 effV=f16 supported=1
CUDA_FA_ROUTE_PLAN device=0 Q=[256,256,16,1] Kraw=turbo2 Vraw=f16 Kshape=[256,256,4,1] Vshape=[256,256,4,1] Keff=f16 Veff=f16 turbo_kv=1 prefer_native_vec=0 decode=1 dk=1 dv=0 unsafe_vec_after_turbo_v_decode=0 allow_vec=1 kernel=MMA_F16 need_f16_K=0 need_f16_V=0 Knb=[34,272,68,69632] Vnb=[2,2048,512,524288] Keff_nb=[2,2048,512,524288] Veff_nb=[2,2048,512,524288]
CUDA_FA_ROUTE_SUPPORTED kernel=MMA_F16 effK=f16 effV=f16 supported=1
CUDA_FA_ROUTE_PLAN device=0 Q=[256,256,16,1] Kraw=turbo2 Vraw=f16 Kshape=[256,256,4,1] Vshape=[256,256,4,1] Keff=f16 Veff=f16 turbo_kv=1 prefer_native_vec=0 decode=1 dk=1 dv=0 unsafe_vec_after_turbo_v_decode=0 allow_vec=1 kernel=MMA_F16 need_f16_K=0 need_f16_V=0 Knb=[34,272,68,69632] Vnb=[2,2048,512,524288] Keff_nb=[2,2048,512,524288] Veff_nb=[2,2048,512,524288]
CUDA_FA_ROUTE_SUPPORTED kernel=MMA_F16 effK=f16 effV=f16 supported=1
CUDA_FA_ROUTE_PLAN device=0 Q=[256,256,16,1] Kraw=turbo2 Vraw=f16 Kshape=[256,256,4,1] Vshape=[256,256,4,1] Keff=f16 Veff=f16 turbo_kv=1 prefer_native_vec=0 decode=1 dk=1 dv=0 unsafe_vec_after_turbo_v_decode=0 allow_vec=1 kernel=MMA_F16 need_f16_K=0 need_f16_V=0 Knb=[34,272,68,69632] Vnb=[2,2048,512,524288] Keff_nb=[2,2048,512,524288] Veff_nb=[2,2048,512,524288]
CUDA_FA_ROUTE_SUPPORTED kernel=MMA_F16 effK=f16 effV=f16 supported=1
CUDA_FA_ROUTE_PLAN device=0 Q=[256,256,16,1] Kraw=turbo2 Vraw=f16 Kshape=[256,256,4,1] Vshape=[256,256,4,1] Keff=f16 Veff=f16 turbo_kv=1 prefer_native_vec=0 decode=1 dk=1 dv=0 unsafe_vec_after_turbo_v_decode=0 allow_vec=1 kernel=MMA_F16 need_f16_K=0 need_f16_V=0 Knb=[34,272,68,69632] Vnb=[2,2048,512,524288] Keff_nb=[2,2048,512,524288] Veff_nb=[2,2048,512,524288]
CUDA_FA_ROUTE_ALLOC kernel=MMA_F16 need_f16_K=0 need_f16_V=0 workspace_end_offset=4194304 dst_data=(nil) f16_K=(nil) f16_V=(nil) f16_end=0x400000
CUDA_FA_ROUTE_PLAN device=0 Q=[256,256,16,1] Kraw=turbo2 Vraw=f16 Kshape=[256,256,4,1] Vshape=[256,256,4,1] Keff=f16 Veff=f16 turbo_kv=1 prefer_native_vec=0 decode=1 dk=1 dv=0 unsafe_vec_after_turbo_v_decode=0 allow_vec=1 kernel=MMA_F16 need_f16_K=0 need_f16_V=0 Knb=[34,272,68,69632] Vnb=[2,2048,512,524288] Keff_nb=[2,2048,512,524288] Veff_nb=[2,2048,512,524288]
CUDA_FA_ROUTE_ALLOC kernel=MMA_F16 need_f16_K=0 need_f16_V=0 workspace_end_offset=4194304 dst_data=(nil) f16_K=(nil) f16_V=(nil) f16_end=0x400000
CUDA_FA_ROUTE_PLAN device=0 Q=[256,256,16,1] Kraw=turbo2 Vraw=f16 Kshape=[256,256,4,1] Vshape=[256,256,4,1] Keff=f16 Veff=f16 turbo_kv=1 prefer_native_vec=0 decode=1 dk=1 dv=0 unsafe_vec_after_turbo_v_decode=0 allow_vec=1 kernel=MMA_F16 need_f16_K=0 need_f16_V=0 Knb=[34,272,68,69632] Vnb=[2,2048,512,524288] Keff_nb=[2,2048,512,524288] Veff_nb=[2,2048,512,524288]
CUDA_FA_ROUTE_ALLOC kernel=MMA_F16 need_f16_K=0 need_f16_V=0 workspace_end_offset=4194304 dst_data=(nil) f16_K=(nil) f16_V=(nil) f16_end=0x400000
CUDA_FA_ROUTE_PLAN device=0 Q=[256,256,16,1] Kraw=turbo2 Vraw=f16 Kshape=[256,256,4,1] Vshape=[256,256,4,1] Keff=f16 Veff=f16 turbo_kv=1 prefer_native_vec=0 decode=1 dk=1 dv=0 unsafe_vec_after_turbo_v_decode=0 allow_vec=1 kernel=MMA_F16 need_f16_K=0 need_f16_V=0 Knb=[34,272,68,69632] Vnb=[2,2048,512,524288] Keff_nb=[2,2048,512,524288] Veff_nb=[2,2048,512,524288]
CUDA_FA_ROUTE_ALLOC kernel=MMA_F16 need_f16_K=0 need_f16_V=0 workspace_end_offset=4194304 dst_data=(nil) f16_K=(nil) f16_V=(nil) f16_end=0x400000
CUDA_FA_ROUTE_PLAN device=0 Q=[256,256,16,1] Kraw=turbo2 Vraw=f16 Kshape=[256,256,4,1] Vshape=[256,256,4,1] Keff=f16 Veff=f16 turbo_kv=1 prefer_native_vec=0 decode=1 dk=1 dv=0 unsafe_vec_after_turbo_v_decode=0 allow_vec=1 kernel=MMA_F16 need_f16_K=0 need_f16_V=0 Knb=[34,272,68,69632] Vnb=[2,2048,512,524288] Keff_nb=[2,2048,512,524288] Veff_nb=[2,2048,512,524288]
CUDA_FA_ROUTE_ALLOC kernel=MMA_F16 need_f16_K=0 need_f16_V=0 workspace_end_offset=4194304 dst_data=(nil) f16_K=(nil) f16_V=(nil) f16_end=0x400000
CUDA_FA_ROUTE_PLAN device=0 Q=[256,256,16,1] Kraw=turbo2 Vraw=f16 Kshape=[256,256,4,1] Vshape=[256,256,4,1] Keff=f16 Veff=f16 turbo_kv=1 prefer_native_vec=0 decode=1 dk=1 dv=0 unsafe_vec_after_turbo_v_decode=0 allow_vec=1 kernel=MMA_F16 need_f16_K=0 need_f16_V=0 Knb=[34,272,68,69632] Vnb=[2,2048,512,524288] Keff_nb=[2,2048,512,524288] Veff_nb=[2,2048,512,524288]
CUDA_FA_ROUTE_ALLOC kernel=MMA_F16 need_f16_K=0 need_f16_V=0 workspace_end_offset=4194304 dst_data=(nil) f16_K=(nil) f16_V=(nil) f16_end=0x400000
CUDA_FA_ROUTE_PLAN device=0 Q=[256,256,16,1] Kraw=turbo2 Vraw=f16 Kshape=[256,256,4,1] Vshape=[256,256,4,1] Keff=f16 Veff=f16 turbo_kv=1 prefer_native_vec=0 decode=1 dk=1 dv=0 unsafe_vec_after_turbo_v_decode=0 allow_vec=1 kernel=MMA_F16 need_f16_K=0 need_f16_V=0 Knb=[34,272,68,69632] Vnb=[2,2048,512,524288] Keff_nb=[2,2048,512,524288] Veff_nb=[2,2048,512,524288]
CUDA_FA_ROUTE_ALLOC kernel=MMA_F16 need_f16_K=0 need_f16_V=0 workspace_end_offset=4194304 dst_data=(nil) f16_K=(nil) f16_V=(nil) f16_end=0x400000
CUDA_FA_ROUTE_PLAN device=0 Q=[256,256,16,1] Kraw=turbo2 Vraw=f16 Kshape=[256,256,4,1] Vshape=[256,256,4,1] Keff=f16 Veff=f16 turbo_kv=1 prefer_native_vec=0 decode=1 dk=1 dv=0 unsafe_vec_after_turbo_v_decode=0 allow_vec=1 kernel=MMA_F16 need_f16_K=0 need_f16_V=0 Knb=[34,272,68,69632] Vnb=[2,2048,512,524288] Keff_nb=[2,2048,512,524288] Veff_nb=[2,2048,512,524288]
CUDA_FA_ROUTE_ALLOC kernel=MMA_F16 need_f16_K=0 need_f16_V=0 workspace_end_offset=4194304 dst_data=(nil) f16_K=(nil) f16_V=(nil) f16_end=0x400000
CUDA_FA_ROUTE_PLAN device=0 Q=[256,256,16,1] Kraw=turbo2 Vraw=f16 Kshape=[256,256,4,1] Vshape=[256,256,4,1] Keff=f16 Veff=f16 turbo_kv=1 prefer_native_vec=0 decode=1 dk=1 dv=0 unsafe_vec_after_turbo_v_decode=0 allow_vec=1 kernel=MMA_F16 need_f16_K=0 need_f16_V=0 Knb=[34,272,68,69632] Vnb=[2,2048,512,524288] Keff_nb=[2,2048,512,524288] Veff_nb=[2,2048,512,524288]
CUDA_FA_ROUTE_ALLOC kernel=MMA_F16 need_f16_K=0 need_f16_V=0 workspace_end_offset=4194304 dst_data=(nil) f16_K=(nil) f16_V=(nil) f16_end=0x400000
CUDA_FA_ROUTE_PLAN device=0 Q=[256,256,16,1] Kraw=turbo2 Vraw=f16 Kshape=[256,256,4,1] Vshape=[256,256,4,1] Keff=f16 Veff=f16 turbo_kv=1 prefer_native_vec=0 decode=1 dk=1 dv=0 unsafe_vec_after_turbo_v_decode=0 allow_vec=1 kernel=MMA_F16 need_f16_K=0 need_f16_V=0 Knb=[34,272,68,69632] Vnb=[2,2048,512,524288] Keff_nb=[2,2048,512,524288] Veff_nb=[2,2048,512,524288]
CUDA_FA_ROUTE_ALLOC kernel=MMA_F16 need_f16_K=0 need_f16_V=0 workspace_end_offset=4194304 dst_data=(nil) f16_K=(nil) f16_V=(nil) f16_end=0x400000
CUDA_FA_ROUTE_PLAN device=0 Q=[256,256,16,1] Kraw=turbo2 Vraw=f16 Kshape=[256,256,4,1] Vshape=[256,256,4,1] Keff=f16 Veff=f16 turbo_kv=1 prefer_native_vec=0 decode=1 dk=1 dv=0 unsafe_vec_after_turbo_v_decode=0 allow_vec=1 kernel=MMA_F16 need_f16_K=0 need_f16_V=0 Knb=[34,272,68,69632] Vnb=[2,2048,512,524288] Keff_nb=[2,2048,512,524288] Veff_nb=[2,2048,512,524288]
CUDA_FA_ROUTE_ALLOC kernel=MMA_F16 need_f16_K=0 need_f16_V=0 workspace_end_offset=4194304 dst_data=(nil) f16_K=(nil) f16_V=(nil) f16_end=0x400000
CUDA_FA_ROUTE_PLAN device=0 Q=[256,256,16,1] Kraw=turbo2 Vraw=f16 Kshape=[256,256,4,1] Vshape=[256,256,4,1] Keff=f16 Veff=f16 turbo_kv=1 prefer_native_vec=0 decode=1 dk=1 dv=0 unsafe_vec_after_turbo_v_decode=0 allow_vec=1 kernel=MMA_F16 need_f16_K=0 need_f16_V=0 Knb=[34,272,68,69632] Vnb=[2,2048,512,524288] Keff_nb=[2,2048,512,524288] Veff_nb=[2,2048,512,524288]
CUDA_FA_ROUTE_ALLOC kernel=MMA_F16 need_f16_K=0 need_f16_V=0 workspace_end_offset=4194304 dst_data=(nil) f16_K=(nil) f16_V=(nil) f16_end=0x400000
CUDA_FA_ROUTE_PLAN device=0 Q=[256,256,16,1] Kraw=turbo2 Vraw=f16 Kshape=[256,256,4,1] Vshape=[256,256,4,1] Keff=f16 Veff=f16 turbo_kv=1 prefer_native_vec=0 decode=1 dk=1 dv=0 unsafe_vec_after_turbo_v_decode=0 allow_vec=1 kernel=MMA_F16 need_f16_K=0 need_f16_V=0 Knb=[34,272,68,69632] Vnb=[2,2048,512,524288] Keff_nb=[2,2048,512,524288] Veff_nb=[2,2048,512,524288]
CUDA_FA_ROUTE_ALLOC kernel=MMA_F16 need_f16_K=0 need_f16_V=0 workspace_end_offset=4194304 dst_data=(nil) f16_K=(nil) f16_V=(nil) f16_end=0x400000
CUDA_FA_ROUTE_PLAN device=0 Q=[256,256,16,1] Kraw=turbo2 Vraw=f16 Kshape=[256,256,4,1] Vshape=[256,256,4,1] Keff=f16 Veff=f16 turbo_kv=1 prefer_native_vec=0 decode=1 dk=1 dv=0 unsafe_vec_after_turbo_v_decode=0 allow_vec=1 kernel=MMA_F16 need_f16_K=0 need_f16_V=0 Knb=[34,272,68,69632] Vnb=[2,2048,512,524288] Keff_nb=[2,2048,512,524288] Veff_nb=[2,2048,512,524288]
CUDA_FA_ROUTE_ALLOC kernel=MMA_F16 need_f16_K=0 need_f16_V=0 workspace_end_offset=4194304 dst_data=(nil) f16_K=(nil) f16_V=(nil) f16_end=0x400000
CUDA_FA_ROUTE_PLAN device=0 Q=[256,256,16,1] Kraw=turbo2 Vraw=f16 Kshape=[256,256,4,1] Vshape=[256,256,4,1] Keff=f16 Veff=f16 turbo_kv=1 prefer_native_vec=0 decode=1 dk=1 dv=0 unsafe_vec_after_turbo_v_decode=0 allow_vec=1 kernel=MMA_F16 need_f16_K=0 need_f16_V=0 Knb=[34,272,68,69632] Vnb=[2,2048,512,524288] Keff_nb=[2,2048,512,524288] Veff_nb=[2,2048,512,524288]
CUDA_FA_ROUTE_ALLOC kernel=MMA_F16 need_f16_K=0 need_f16_V=0 workspace_end_offset=4194304 dst_data=(nil) f16_K=(nil) f16_V=(nil) f16_end=0x400000
CUDA_FA_ROUTE_PLAN device=0 Q=[256,256,16,1] Kraw=turbo2 Vraw=f16 Kshape=[256,256,4,1] Vshape=[256,256,4,1] Keff=f16 Veff=f16 turbo_kv=1 prefer_native_vec=0 decode=1 dk=1 dv=0 unsafe_vec_after_turbo_v_decode=0 allow_vec=1 kernel=MMA_F16 need_f16_K=0 need_f16_V=0 Knb=[34,272,68,69632] Vnb=[2,2048,512,524288] Keff_nb=[2,2048,512,524288] Veff_nb=[2,2048,512,524288]
CUDA_FA_ROUTE_ALLOC kernel=MMA_F16 need_f16_K=0 need_f16_V=0 workspace_end_offset=4194304 dst_data=(nil) f16_K=(nil) f16_V=(nil) f16_end=0x400000
CUDA_FA_ROUTE_PLAN device=0 Q=[256,256,16,1] Kraw=turbo2 Vraw=f16 Kshape=[256,256,4,1] Vshape=[256,256,4,1] Keff=f16 Veff=f16 turbo_kv=1 prefer_native_vec=0 decode=1 dk=1 dv=0 unsafe_vec_after_turbo_v_decode=0 allow_vec=1 kernel=MMA_F16 need_f16_K=0 need_f16_V=0 Knb=[34,272,68,69632] Vnb=[2,2048,512,524288] Keff_nb=[2,2048,512,524288] Veff_nb=[2,2048,512,524288]
CUDA_FA_ROUTE_ALLOC kernel=MMA_F16 need_f16_K=0 need_f16_V=0 workspace_end_offset=4194304 dst_data=(nil) f16_K=(nil) f16_V=(nil) f16_end=0x400000
CUDA_FA_ROUTE_PLAN device=0 Q=[256,256,16,1] Kraw=turbo2 Vraw=f16 Kshape=[256,256,4,1] Vshape=[256,256,4,1] Keff=f16 Veff=f16 turbo_kv=1 prefer_native_vec=0 decode=1 dk=1 dv=0 unsafe_vec_after_turbo_v_decode=0 allow_vec=1 kernel=MMA_F16 need_f16_K=0 need_f16_V=0 Knb=[34,272,68,69632] Vnb=[2,2048,512,524288] Keff_nb=[2,2048,512,524288] Veff_nb=[2,2048,512,524288]
CUDA_FA_ROUTE_ALLOC kernel=MMA_F16 need_f16_K=0 need_f16_V=0 workspace_end_offset=4194304 dst_data=(nil) f16_K=(nil) f16_V=(nil) f16_end=0x400000
CUDA_FA_ROUTE_PLAN device=0 Q=[256,256,16,1] Kraw=turbo2 Vraw=f16 Kshape=[256,256,4,1] Vshape=[256,256,4,1] Keff=f16 Veff=f16 turbo_kv=1 prefer_native_vec=0 decode=1 dk=1 dv=0 unsafe_vec_after_turbo_v_decode=0 allow_vec=1 kernel=MMA_F16 need_f16_K=0 need_f16_V=0 Knb=[34,272,68,69632] Vnb=[2,2048,512,524288] Keff_nb=[2,2048,512,524288] Veff_nb=[2,2048,512,524288]
CUDA_FA_ROUTE_ALLOC kernel=MMA_F16 need_f16_K=0 need_f16_V=0 workspace_end_offset=4194304 dst_data=(nil) f16_K=(nil) f16_V=(nil) f16_end=0x400000
CUDA_FA_ROUTE_PLAN device=0 Q=[256,256,16,1] Kraw=turbo2 Vraw=f16 Kshape=[256,256,4,1] Vshape=[256,256,4,1] Keff=f16 Veff=f16 turbo_kv=1 prefer_native_vec=0 decode=1 dk=1 dv=0 unsafe_vec_after_turbo_v_decode=0 allow_vec=1 kernel=MMA_F16 need_f16_K=0 need_f16_V=0 Knb=[34,272,68,69632] Vnb=[2,2048,512,524288] Keff_nb=[2,2048,512,524288] Veff_nb=[2,2048,512,524288]
CUDA_FA_ROUTE_ALLOC kernel=MMA_F16 need_f16_K=0 need_f16_V=0 workspace_end_offset=4194304 dst_data=(nil) f16_K=(nil) f16_V=(nil) f16_end=0x400000
CUDA_FA_ROUTE_PLAN device=0 Q=[256,256,16,1] Kraw=turbo2 Vraw=f16 Kshape=[256,256,4,1] Vshape=[256,256,4,1] Keff=f16 Veff=f16 turbo_kv=1 prefer_native_vec=0 decode=1 dk=1 dv=0 unsafe_vec_after_turbo_v_decode=0 allow_vec=1 kernel=MMA_F16 need_f16_K=0 need_f16_V=0 Knb=[34,272,68,69632] Vnb=[2,2048,512,524288] Keff_nb=[2,2048,512,524288] Veff_nb=[2,2048,512,524288]
CUDA_FA_ROUTE_ALLOC kernel=MMA_F16 need_f16_K=0 need_f16_V=0 workspace_end_offset=4194304 dst_data=(nil) f16_K=(nil) f16_V=(nil) f16_end=0x400000
CUDA_FA_ROUTE_PLAN device=0 Q=[256,256,16,1] Kraw=turbo2 Vraw=f16 Kshape=[256,256,4,1] Vshape=[256,256,4,1] Keff=f16 Veff=f16 turbo_kv=1 prefer_native_vec=0 decode=1 dk=1 dv=0 unsafe_vec_after_turbo_v_decode=0 allow_vec=1 kernel=MMA_F16 need_f16_K=0 need_f16_V=0 Knb=[34,272,68,69632] Vnb=[2,2048,512,524288] Keff_nb=[2,2048,512,524288] Veff_nb=[2,2048,512,524288]
CUDA_FA_ROUTE_ALLOC kernel=MMA_F16 need_f16_K=0 need_f16_V=0 workspace_end_offset=4194304 dst_data=(nil) f16_K=(nil) f16_V=(nil) f16_end=0x400000
CUDA_FA_ROUTE_PLAN device=0 Q=[256,256,16,1] Kraw=turbo2 Vraw=f16 Kshape=[256,256,4,1] Vshape=[256,256,4,1] Keff=f16 Veff=f16 turbo_kv=1 prefer_native_vec=0 decode=1 dk=1 dv=0 unsafe_vec_after_turbo_v_decode=0 allow_vec=1 kernel=MMA_F16 need_f16_K=0 need_f16_V=0 Knb=[34,272,68,69632] Vnb=[2,2048,512,524288] Keff_nb=[2,2048,512,524288] Veff_nb=[2,2048,512,524288]
CUDA_FA_ROUTE_ALLOC kernel=MMA_F16 need_f16_K=0 need_f16_V=0 workspace_end_offset=4194304 dst_data=(nil) f16_K=(nil) f16_V=(nil) f16_end=0x400000
CUDA_FA_ROUTE_PLAN device=0 Q=[256,256,16,1] Kraw=turbo2 Vraw=f16 Kshape=[256,256,4,1] Vshape=[256,256,4,1] Keff=f16 Veff=f16 turbo_kv=1 prefer_native_vec=0 decode=1 dk=1 dv=0 unsafe_vec_after_turbo_v_decode=0 allow_vec=1 kernel=MMA_F16 need_f16_K=0 need_f16_V=0 Knb=[34,272,68,69632] Vnb=[2,2048,512,524288] Keff_nb=[2,2048,512,524288] Veff_nb=[2,2048,512,524288]
CUDA_FA_ROUTE_ALLOC kernel=MMA_F16 need_f16_K=0 need_f16_V=0 workspace_end_offset=4194304 dst_data=(nil) f16_K=(nil) f16_V=(nil) f16_end=0x400000
CUDA_FA_ROUTE_PLAN device=0 Q=[256,256,16,1] Kraw=turbo2 Vraw=f16 Kshape=[256,256,4,1] Vshape=[256,256,4,1] Keff=f16 Veff=f16 turbo_kv=1 prefer_native_vec=0 decode=1 dk=1 dv=0 unsafe_vec_after_turbo_v_decode=0 allow_vec=1 kernel=MMA_F16 need_f16_K=0 need_f16_V=0 Knb=[34,272,68,69632] Vnb=[2,2048,512,524288] Keff_nb=[2,2048,512,524288] Veff_nb=[2,2048,512,524288]
CUDA_FA_ROUTE_ALLOC kernel=MMA_F16 need_f16_K=0 need_f16_V=0 workspace_end_offset=4194304 dst_data=(nil) f16_K=(nil) f16_V=(nil) f16_end=0x400000
CUDA_FA_ROUTE_PLAN device=0 Q=[256,256,16,1] Kraw=turbo2 Vraw=f16 Kshape=[256,256,4,1] Vshape=[256,256,4,1] Keff=f16 Veff=f16 turbo_kv=1 prefer_native_vec=0 decode=1 dk=1 dv=0 unsafe_vec_after_turbo_v_decode=0 allow_vec=1 kernel=MMA_F16 need_f16_K=0 need_f16_V=0 Knb=[34,272,68,69632] Vnb=[2,2048,512,524288] Keff_nb=[2,2048,512,524288] Veff_nb=[2,2048,512,524288]
CUDA_FA_ROUTE_ALLOC kernel=MMA_F16 need_f16_K=0 need_f16_V=0 workspace_end_offset=4194304 dst_data=(nil) f16_K=(nil) f16_V=(nil) f16_end=0x400000
CUDA_FA_ROUTE_PLAN device=0 Q=[256,256,16,1] Kraw=turbo2 Vraw=f16 Kshape=[256,256,4,1] Vshape=[256,256,4,1] Keff=f16 Veff=f16 turbo_kv=1 prefer_native_vec=0 decode=1 dk=1 dv=0 unsafe_vec_after_turbo_v_decode=0 allow_vec=1 kernel=MMA_F16 need_f16_K=0 need_f16_V=0 Knb=[34,272,68,69632] Vnb=[2,2048,512,524288] Keff_nb=[2,2048,512,524288] Veff_nb=[2,2048,512,524288]
CUDA_FA_ROUTE_ALLOC kernel=MMA_F16 need_f16_K=0 need_f16_V=0 workspace_end_offset=4194304 dst_data=(nil) f16_K=(nil) f16_V=(nil) f16_end=0x400000
CUDA_FA_ROUTE_PLAN device=0 Q=[256,256,16,1] Kraw=turbo2 Vraw=f16 Kshape=[256,256,4,1] Vshape=[256,256,4,1] Keff=f16 Veff=f16 turbo_kv=1 prefer_native_vec=0 decode=1 dk=1 dv=0 unsafe_vec_after_turbo_v_decode=0 allow_vec=1 kernel=MMA_F16 need_f16_K=0 need_f16_V=0 Knb=[34,272,68,69632] Vnb=[2,2048,512,524288] Keff_nb=[2,2048,512,524288] Veff_nb=[2,2048,512,524288]
CUDA_FA_ROUTE_ALLOC kernel=MMA_F16 need_f16_K=0 need_f16_V=0 workspace_end_offset=4194304 dst_data=(nil) f16_K=(nil) f16_V=(nil) f16_end=0x400000
CUDA_FA_ROUTE_PLAN device=0 Q=[256,256,16,1] Kraw=turbo2 Vraw=f16 Kshape=[256,256,4,1] Vshape=[256,256,4,1] Keff=f16 Veff=f16 turbo_kv=1 prefer_native_vec=0 decode=1 dk=1 dv=0 unsafe_vec_after_turbo_v_decode=0 allow_vec=1 kernel=MMA_F16 need_f16_K=0 need_f16_V=0 Knb=[34,272,68,69632] Vnb=[2,2048,512,524288] Keff_nb=[2,2048,512,524288] Veff_nb=[2,2048,512,524288]
CUDA_FA_ROUTE_ALLOC kernel=MMA_F16 need_f16_K=0 need_f16_V=0 workspace_end_offset=4194304 dst_data=(nil) f16_K=(nil) f16_V=(nil) f16_end=0x400000
CUDA_FA_ROUTE_PLAN device=0 Q=[256,256,16,1] Kraw=turbo2 Vraw=f16 Kshape=[256,256,4,1] Vshape=[256,256,4,1] Keff=f16 Veff=f16 turbo_kv=1 prefer_native_vec=0 decode=1 dk=1 dv=0 unsafe_vec_after_turbo_v_decode=0 allow_vec=1 kernel=MMA_F16 need_f16_K=0 need_f16_V=0 Knb=[34,272,68,69632] Vnb=[2,2048,512,524288] Keff_nb=[2,2048,512,524288] Veff_nb=[2,2048,512,524288]
CUDA_FA_ROUTE_ALLOC kernel=MMA_F16 need_f16_K=0 need_f16_V=0 workspace_end_offset=4194304 dst_data=(nil) f16_K=(nil) f16_V=(nil) f16_end=0x400000
CUDA_FA_ROUTE_PLAN device=0 Q=[256,256,16,1] Kraw=turbo2 Vraw=f16 Kshape=[256,256,4,1] Vshape=[256,256,4,1] Keff=f16 Veff=f16 turbo_kv=1 prefer_native_vec=0 decode=1 dk=1 dv=0 unsafe_vec_after_turbo_v_decode=0 allow_vec=1 kernel=MMA_F16 need_f16_K=0 need_f16_V=0 Knb=[34,272,68,69632] Vnb=[2,2048,512,524288] Keff_nb=[2,2048,512,524288] Veff_nb=[2,2048,512,524288]
CUDA_FA_ROUTE_ALLOC kernel=MMA_F16 need_f16_K=0 need_f16_V=0 workspace_end_offset=4194304 dst_data=(nil) f16_K=(nil) f16_V=(nil) f16_end=0x400000
CUDA_FA_ROUTE_PLAN device=0 Q=[256,256,16,1] Kraw=turbo2 Vraw=f16 Kshape=[256,256,4,1] Vshape=[256,256,4,1] Keff=f16 Veff=f16 turbo_kv=1 prefer_native_vec=0 decode=1 dk=1 dv=0 unsafe_vec_after_turbo_v_decode=0 allow_vec=1 kernel=MMA_F16 need_f16_K=0 need_f16_V=0 Knb=[34,272,68,69632] Vnb=[2,2048,512,524288] Keff_nb=[2,2048,512,524288] Veff_nb=[2,2048,512,524288]
CUDA_FA_ROUTE_ALLOC kernel=MMA_F16 need_f16_K=0 need_f16_V=0 workspace_end_offset=4194304 dst_data=(nil) f16_K=(nil) f16_V=(nil) f16_end=0x400000
CUDA_FA_ROUTE_PLAN device=0 Q=[256,256,16,1] Kraw=turbo2 Vraw=f16 Kshape=[256,256,4,1] Vshape=[256,256,4,1] Keff=f16 Veff=f16 turbo_kv=1 prefer_native_vec=0 decode=1 dk=1 dv=0 unsafe_vec_after_turbo_v_decode=0 allow_vec=1 kernel=MMA_F16 need_f16_K=0 need_f16_V=0 Knb=[34,272,68,69632] Vnb=[2,2048,512,524288] Keff_nb=[2,2048,512,524288] Veff_nb=[2,2048,512,524288]
CUDA_FA_ROUTE_SUPPORTED kernel=MMA_F16 effK=f16 effV=f16 supported=1
CUDA_FA_ROUTE_PLAN device=0 Q=[256,256,16,1] Kraw=turbo2 Vraw=f16 Kshape=[256,256,4,1] Vshape=[256,256,4,1] Keff=f16 Veff=f16 turbo_kv=1 prefer_native_vec=0 decode=1 dk=1 dv=0 unsafe_vec_after_turbo_v_decode=0 allow_vec=1 kernel=MMA_F16 need_f16_K=0 need_f16_V=0 Knb=[34,272,68,69632] Vnb=[2,2048,512,524288] Keff_nb=[2,2048,512,524288] Veff_nb=[2,2048,512,524288]
CUDA_FA_ROUTE_SUPPORTED kernel=MMA_F16 effK=f16 effV=f16 supported=1
CUDA_FA_ROUTE_PLAN device=0 Q=[256,256,16,1] Kraw=turbo2 Vraw=f16 Kshape=[256,256,4,1] Vshape=[256,256,4,1] Keff=f16 Veff=f16 turbo_kv=1 prefer_native_vec=0 decode=1 dk=1 dv=0 unsafe_vec_after_turbo_v_decode=0 allow_vec=1 kernel=MMA_F16 need_f16_K=0 need_f16_V=0 Knb=[34,272,68,69632] Vnb=[2,2048,512,524288] Keff_nb=[2,2048,512,524288] Veff_nb=[2,2048,512,524288]
CUDA_FA_ROUTE_SUPPORTED kernel=MMA_F16 effK=f16 effV=f16 supported=1
CUDA_FA_ROUTE_PLAN device=0 Q=[256,256,16,1] Kraw=turbo2 Vraw=f16 Kshape=[256,256,4,1] Vshape=[256,256,4,1] Keff=f16 Veff=f16 turbo_kv=1 prefer_native_vec=0 decode=1 dk=1 dv=0 unsafe_vec_after_turbo_v_decode=0 allow_vec=1 kernel=MMA_F16 need_f16_K=0 need_f16_V=0 Knb=[34,272,68,69632] Vnb=[2,2048,512,524288] Keff_nb=[2,2048,512,524288] Veff_nb=[2,2048,512,524288]
CUDA_FA_ROUTE_SUPPORTED kernel=MMA_F16 effK=f16 effV=f16 supported=1
CUDA_FA_ROUTE_PLAN device=0 Q=[256,256,16,1] Kraw=turbo2 Vraw=f16 Kshape=[256,256,4,1] Vshape=[256,256,4,1] Keff=f16 Veff=f16 turbo_kv=1 prefer_native_vec=0 decode=1 dk=1 dv=0 unsafe_vec_after_turbo_v_decode=0 allow_vec=1 kernel=MMA_F16 need_f16_K=0 need_f16_V=0 Knb=[34,272,68,69632] Vnb=[2,2048,512,524288] Keff_nb=[2,2048,512,524288] Veff_nb=[2,2048,512,524288]
CUDA_FA_ROUTE_SUPPORTED kernel=MMA_F16 effK=f16 effV=f16 supported=1
CUDA_FA_ROUTE_PLAN device=0 Q=[256,256,16,1] Kraw=turbo2 Vraw=f16 Kshape=[256,256,4,1] Vshape=[256,256,4,1] Keff=f16 Veff=f16 turbo_kv=1 prefer_native_vec=0 decode=1 dk=1 dv=0 unsafe_vec_after_turbo_v_decode=0 allow_vec=1 kernel=MMA_F16 need_f16_K=0 need_f16_V=0 Knb=[34,272,68,69632] Vnb=[2,2048,512,524288] Keff_nb=[2,2048,512,524288] Veff_nb=[2,2048,512,524288]
CUDA_FA_ROUTE_SUPPORTED kernel=MMA_F16 effK=f16 effV=f16 supported=1
CUDA_FA_ROUTE_PLAN device=0 Q=[256,256,16,1] Kraw=turbo2 Vraw=f16 Kshape=[256,256,4,1] Vshape=[256,256,4,1] Keff=f16 Veff=f16 turbo_kv=1 prefer_native_vec=0 decode=1 dk=1 dv=0 unsafe_vec_after_turbo_v_decode=0 allow_vec=1 kernel=MMA_F16 need_f16_K=0 need_f16_V=0 Knb=[34,272,68,69632] Vnb=[2,2048,512,524288] Keff_nb=[2,2048,512,524288] Veff_nb=[2,2048,512,524288]
CUDA_FA_ROUTE_SUPPORTED kernel=MMA_F16 effK=f16 effV=f16 supported=1
CUDA_FA_ROUTE_PLAN device=0 Q=[256,256,16,1] Kraw=turbo2 Vraw=f16 Kshape=[256,256,4,1] Vshape=[256,256,4,1] Keff=f16 Veff=f16 turbo_kv=1 prefer_native_vec=0 decode=1 dk=1 dv=0 unsafe_vec_after_turbo_v_decode=0 allow_vec=1 kernel=MMA_F16 need_f16_K=0 need_f16_V=0 Knb=[34,272,68,69632] Vnb=[2,2048,512,524288] Keff_nb=[2,2048,512,524288] Veff_nb=[2,2048,512,524288]
CUDA_FA_ROUTE_SUPPORTED kernel=MMA_F16 effK=f16 effV=f16 supported=1
CUDA_FA_ROUTE_PLAN device=0 Q=[256,1,16,1] Kraw=turbo2 Vraw=f16 Kshape=[256,256,4,1] Vshape=[256,256,4,1] Keff=f16 Veff=f16 turbo_kv=1 prefer_native_vec=0 decode=1 dk=1 dv=0 unsafe_vec_after_turbo_v_decode=0 allow_vec=1 kernel=MMA_F16 need_f16_K=0 need_f16_V=0 Knb=[34,272,68,69632] Vnb=[2,2048,512,524288] Keff_nb=[2,2048,512,524288] Veff_nb=[2,2048,512,524288]
CUDA_FA_ROUTE_SUPPORTED kernel=MMA_F16 effK=f16 effV=f16 supported=1
CUDA_FA_ROUTE_PLAN device=0 Q=[256,1,16,1] Kraw=turbo2 Vraw=f16 Kshape=[256,256,4,1] Vshape=[256,256,4,1] Keff=f16 Veff=f16 turbo_kv=1 prefer_native_vec=0 decode=1 dk=1 dv=0 unsafe_vec_after_turbo_v_decode=0 allow_vec=1 kernel=MMA_F16 need_f16_K=0 need_f16_V=0 Knb=[34,272,68,69632] Vnb=[2,2048,512,524288] Keff_nb=[2,2048,512,524288] Veff_nb=[2,2048,512,524288]
CUDA_FA_ROUTE_SUPPORTED kernel=MMA_F16 effK=f16 effV=f16 supported=1
CUDA_FA_ROUTE_PLAN device=0 Q=[256,1,16,1] Kraw=turbo2 Vraw=f16 Kshape=[256,256,4,1] Vshape=[256,256,4,1] Keff=f16 Veff=f16 turbo_kv=1 prefer_native_vec=0 decode=1 dk=1 dv=0 unsafe_vec_after_turbo_v_decode=0 allow_vec=1 kernel=MMA_F16 need_f16_K=0 need_f16_V=0 Knb=[34,272,68,69632] Vnb=[2,2048,512,524288] Keff_nb=[2,2048,512,524288] Veff_nb=[2,2048,512,524288]
CUDA_FA_ROUTE_SUPPORTED kernel=MMA_F16 effK=f16 effV=f16 supported=1
CUDA_FA_ROUTE_PLAN device=0 Q=[256,1,16,1] Kraw=turbo2 Vraw=f16 Kshape=[256,256,4,1] Vshape=[256,256,4,1] Keff=f16 Veff=f16 turbo_kv=1 prefer_native_vec=0 decode=1 dk=1 dv=0 unsafe_vec_after_turbo_v_decode=0 allow_vec=1 kernel=MMA_F16 need_f16_K=0 need_f16_V=0 Knb=[34,272,68,69632] Vnb=[2,2048,512,524288] Keff_nb=[2,2048,512,524288] Veff_nb=[2,2048,512,524288]
CUDA_FA_ROUTE_SUPPORTED kernel=MMA_F16 effK=f16 effV=f16 supported=1
CUDA_FA_ROUTE_PLAN device=0 Q=[256,1,16,1] Kraw=turbo2 Vraw=f16 Kshape=[256,256,4,1] Vshape=[256,256,4,1] Keff=f16 Veff=f16 turbo_kv=1 prefer_native_vec=0 decode=1 dk=1 dv=0 unsafe_vec_after_turbo_v_decode=0 allow_vec=1 kernel=MMA_F16 need_f16_K=0 need_f16_V=0 Knb=[34,272,68,69632] Vnb=[2,2048,512,524288] Keff_nb=[2,2048,512,524288] Veff_nb=[2,2048,512,524288]
CUDA_FA_ROUTE_SUPPORTED kernel=MMA_F16 effK=f16 effV=f16 supported=1
CUDA_FA_ROUTE_PLAN device=0 Q=[256,1,16,1] Kraw=turbo2 Vraw=f16 Kshape=[256,256,4,1] Vshape=[256,256,4,1] Keff=f16 Veff=f16 turbo_kv=1 prefer_native_vec=0 decode=1 dk=1 dv=0 unsafe_vec_after_turbo_v_decode=0 allow_vec=1 kernel=MMA_F16 need_f16_K=0 need_f16_V=0 Knb=[34,272,68,69632] Vnb=[2,2048,512,524288] Keff_nb=[2,2048,512,524288] Veff_nb=[2,2048,512,524288]
CUDA_FA_ROUTE_SUPPORTED kernel=MMA_F16 effK=f16 effV=f16 supported=1
CUDA_FA_ROUTE_PLAN device=0 Q=[256,1,16,1] Kraw=turbo2 Vraw=f16 Kshape=[256,256,4,1] Vshape=[256,256,4,1] Keff=f16 Veff=f16 turbo_kv=1 prefer_native_vec=0 decode=1 dk=1 dv=0 unsafe_vec_after_turbo_v_decode=0 allow_vec=1 kernel=MMA_F16 need_f16_K=0 need_f16_V=0 Knb=[34,272,68,69632] Vnb=[2,2048,512,524288] Keff_nb=[2,2048,512,524288] Veff_nb=[2,2048,512,524288]
CUDA_FA_ROUTE_SUPPORTED kernel=MMA_F16 effK=f16 effV=f16 supported=1
CUDA_FA_ROUTE_PLAN device=0 Q=[256,1,16,1] Kraw=turbo2 Vraw=f16 Kshape=[256,256,4,1] Vshape=[256,256,4,1] Keff=f16 Veff=f16 turbo_kv=1 prefer_native_vec=0 decode=1 dk=1 dv=0 unsafe_vec_after_turbo_v_decode=0 allow_vec=1 kernel=MMA_F16 need_f16_K=0 need_f16_V=0 Knb=[34,272,68,69632] Vnb=[2,2048,512,524288] Keff_nb=[2,2048,512,524288] Veff_nb=[2,2048,512,524288]
CUDA_FA_ROUTE_SUPPORTED kernel=MMA_F16 effK=f16 effV=f16 supported=1
CUDA_FA_ROUTE_PLAN device=0 Q=[256,16,16,1] Kraw=turbo2 Vraw=f16 Kshape=[256,256,4,1] Vshape=[256,256,4,1] Keff=f16 Veff=f16 turbo_kv=1 prefer_native_vec=0 decode=1 dk=1 dv=0 unsafe_vec_after_turbo_v_decode=0 allow_vec=1 kernel=MMA_F16 need_f16_K=0 need_f16_V=0 Knb=[34,272,68,69632] Vnb=[2,2048,512,524288] Keff_nb=[2,2048,512,524288] Veff_nb=[2,2048,512,524288]
CUDA_FA_ROUTE_SUPPORTED kernel=MMA_F16 effK=f16 effV=f16 supported=1
CUDA_FA_ROUTE_PLAN device=0 Q=[256,16,16,1] Kraw=turbo2 Vraw=f16 Kshape=[256,256,4,1] Vshape=[256,256,4,1] Keff=f16 Veff=f16 turbo_kv=1 prefer_native_vec=0 decode=1 dk=1 dv=0 unsafe_vec_after_turbo_v_decode=0 allow_vec=1 kernel=MMA_F16 need_f16_K=0 need_f16_V=0 Knb=[34,272,68,69632] Vnb=[2,2048,512,524288] Keff_nb=[2,2048,512,524288] Veff_nb=[2,2048,512,524288]
CUDA_FA_ROUTE_SUPPORTED kernel=MMA_F16 effK=f16 effV=f16 supported=1
CUDA_FA_ROUTE_PLAN device=0 Q=[256,16,16,1] Kraw=turbo2 Vraw=f16 Kshape=[256,256,4,1] Vshape=[256,256,4,1] Keff=f16 Veff=f16 turbo_kv=1 prefer_native_vec=0 decode=1 dk=1 dv=0 unsafe_vec_after_turbo_v_decode=0 allow_vec=1 kernel=MMA_F16 need_f16_K=0 need_f16_V=0 Knb=[34,272,68,69632] Vnb=[2,2048,512,524288] Keff_nb=[2,2048,512,524288] Veff_nb=[2,2048,512,524288]
CUDA_FA_ROUTE_SUPPORTED kernel=MMA_F16 effK=f16 effV=f16 supported=1
CUDA_FA_ROUTE_PLAN device=0 Q=[256,16,16,1] Kraw=turbo2 Vraw=f16 Kshape=[256,256,4,1] Vshape=[256,256,4,1] Keff=f16 Veff=f16 turbo_kv=1 prefer_native_vec=0 decode=1 dk=1 dv=0 unsafe_vec_after_turbo_v_decode=0 allow_vec=1 kernel=MMA_F16 need_f16_K=0 need_f16_V=0 Knb=[34,272,68,69632] Vnb=[2,2048,512,524288] Keff_nb=[2,2048,512,524288] Veff_nb=[2,2048,512,524288]
CUDA_FA_ROUTE_SUPPORTED kernel=MMA_F16 effK=f16 effV=f16 supported=1
CUDA_FA_ROUTE_PLAN device=0 Q=[256,16,16,1] Kraw=turbo2 Vraw=f16 Kshape=[256,256,4,1] Vshape=[256,256,4,1] Keff=f16 Veff=f16 turbo_kv=1 prefer_native_vec=0 decode=1 dk=1 dv=0 unsafe_vec_after_turbo_v_decode=0 allow_vec=1 kernel=MMA_F16 need_f16_K=0 need_f16_V=0 Knb=[34,272,68,69632] Vnb=[2,2048,512,524288] Keff_nb=[2,2048,512,524288] Veff_nb=[2,2048,512,524288]
CUDA_FA_ROUTE_SUPPORTED kernel=MMA_F16 effK=f16 effV=f16 supported=1
CUDA_FA_ROUTE_PLAN device=0 Q=[256,16,16,1] Kraw=turbo2 Vraw=f16 Kshape=[256,256,4,1] Vshape=[256,256,4,1] Keff=f16 Veff=f16 turbo_kv=1 prefer_native_vec=0 decode=1 dk=1 dv=0 unsafe_vec_after_turbo_v_decode=0 allow_vec=1 kernel=MMA_F16 need_f16_K=0 need_f16_V=0 Knb=[34,272,68,69632] Vnb=[2,2048,512,524288] Keff_nb=[2,2048,512,524288] Veff_nb=[2,2048,512,524288]
CUDA_FA_ROUTE_SUPPORTED kernel=MMA_F16 effK=f16 effV=f16 supported=1
CUDA_FA_ROUTE_PLAN device=0 Q=[256,16,16,1] Kraw=turbo2 Vraw=f16 Kshape=[256,256,4,1] Vshape=[256,256,4,1] Keff=f16 Veff=f16 turbo_kv=1 prefer_native_vec=0 decode=1 dk=1 dv=0 unsafe_vec_after_turbo_v_decode=0 allow_vec=1 kernel=MMA_F16 need_f16_K=0 need_f16_V=0 Knb=[34,272,68,69632] Vnb=[2,2048,512,524288] Keff_nb=[2,2048,512,524288] Veff_nb=[2,2048,512,524288]
CUDA_FA_ROUTE_SUPPORTED kernel=MMA_F16 effK=f16 effV=f16 supported=1
CUDA_FA_ROUTE_PLAN device=0 Q=[256,16,16,1] Kraw=turbo2 Vraw=f16 Kshape=[256,256,4,1] Vshape=[256,256,4,1] Keff=f16 Veff=f16 turbo_kv=1 prefer_native_vec=0 decode=1 dk=1 dv=0 unsafe_vec_after_turbo_v_decode=0 allow_vec=1 kernel=MMA_F16 need_f16_K=0 need_f16_V=0 Knb=[34,272,68,69632] Vnb=[2,2048,512,524288] Keff_nb=[2,2048,512,524288] Veff_nb=[2,2048,512,524288]
CUDA_FA_ROUTE_SUPPORTED kernel=MMA_F16 effK=f16 effV=f16 supported=1
CUDA_FA_ROUTE_PLAN device=0 Q=[256,1,16,1] Kraw=turbo2 Vraw=f16 Kshape=[256,256,4,1] Vshape=[256,256,4,1] Keff=f16 Veff=f16 turbo_kv=1 prefer_native_vec=0 decode=1 dk=1 dv=0 unsafe_vec_after_turbo_v_decode=0 allow_vec=1 kernel=MMA_F16 need_f16_K=0 need_f16_V=0 Knb=[34,272,68,69632] Vnb=[2,2048,512,524288] Keff_nb=[2,2048,512,524288] Veff_nb=[2,2048,512,524288]
CUDA_FA_ROUTE_SUPPORTED kernel=MMA_F16 effK=f16 effV=f16 supported=1
CUDA_FA_ROUTE_PLAN device=0 Q=[256,1,16,1] Kraw=turbo2 Vraw=f16 Kshape=[256,256,4,1] Vshape=[256,256,4,1] Keff=f16 Veff=f16 turbo_kv=1 prefer_native_vec=0 decode=1 dk=1 dv=0 unsafe_vec_after_turbo_v_decode=0 allow_vec=1 kernel=MMA_F16 need_f16_K=0 need_f16_V=0 Knb=[34,272,68,69632] Vnb=[2,2048,512,524288] Keff_nb=[2,2048,512,524288] Veff_nb=[2,2048,512,524288]
CUDA_FA_ROUTE_SUPPORTED kernel=MMA_F16 effK=f16 effV=f16 supported=1
CUDA_FA_ROUTE_PLAN device=0 Q=[256,1,16,1] Kraw=turbo2 Vraw=f16 Kshape=[256,256,4,1] Vshape=[256,256,4,1] Keff=f16 Veff=f16 turbo_kv=1 prefer_native_vec=0 decode=1 dk=1 dv=0 unsafe_vec_after_turbo_v_decode=0 allow_vec=1 kernel=MMA_F16 need_f16_K=0 need_f16_V=0 Knb=[34,272,68,69632] Vnb=[2,2048,512,524288] Keff_nb=[2,2048,512,524288] Veff_nb=[2,2048,512,524288]
CUDA_FA_ROUTE_SUPPORTED kernel=MMA_F16 effK=f16 effV=f16 supported=1
CUDA_FA_ROUTE_PLAN device=0 Q=[256,1,16,1] Kraw=turbo2 Vraw=f16 Kshape=[256,256,4,1] Vshape=[256,256,4,1] Keff=f16 Veff=f16 turbo_kv=1 prefer_native_vec=0 decode=1 dk=1 dv=0 unsafe_vec_after_turbo_v_decode=0 allow_vec=1 kernel=MMA_F16 need_f16_K=0 need_f16_V=0 Knb=[34,272,68,69632] Vnb=[2,2048,512,524288] Keff_nb=[2,2048,512,524288] Veff_nb=[2,2048,512,524288]
CUDA_FA_ROUTE_SUPPORTED kernel=MMA_F16 effK=f16 effV=f16 supported=1
CUDA_FA_ROUTE_PLAN device=0 Q=[256,1,16,1] Kraw=turbo2 Vraw=f16 Kshape=[256,256,4,1] Vshape=[256,256,4,1] Keff=f16 Veff=f16 turbo_kv=1 prefer_native_vec=0 decode=1 dk=1 dv=0 unsafe_vec_after_turbo_v_decode=0 allow_vec=1 kernel=MMA_F16 need_f16_K=0 need_f16_V=0 Knb=[34,272,68,69632] Vnb=[2,2048,512,524288] Keff_nb=[2,2048,512,524288] Veff_nb=[2,2048,512,524288]
CUDA_FA_ROUTE_SUPPORTED kernel=MMA_F16 effK=f16 effV=f16 supported=1
CUDA_FA_ROUTE_PLAN device=0 Q=[256,1,16,1] Kraw=turbo2 Vraw=f16 Kshape=[256,256,4,1] Vshape=[256,256,4,1] Keff=f16 Veff=f16 turbo_kv=1 prefer_native_vec=0 decode=1 dk=1 dv=0 unsafe_vec_after_turbo_v_decode=0 allow_vec=1 kernel=MMA_F16 need_f16_K=0 need_f16_V=0 Knb=[34,272,68,69632] Vnb=[2,2048,512,524288] Keff_nb=[2,2048,512,524288] Veff_nb=[2,2048,512,524288]
CUDA_FA_ROUTE_SUPPORTED kernel=MMA_F16 effK=f16 effV=f16 supported=1
CUDA_FA_ROUTE_PLAN device=0 Q=[256,1,16,1] Kraw=turbo2 Vraw=f16 Kshape=[256,256,4,1] Vshape=[256,256,4,1] Keff=f16 Veff=f16 turbo_kv=1 prefer_native_vec=0 decode=1 dk=1 dv=0 unsafe_vec_after_turbo_v_decode=0 allow_vec=1 kernel=MMA_F16 need_f16_K=0 need_f16_V=0 Knb=[34,272,68,69632] Vnb=[2,2048,512,524288] Keff_nb=[2,2048,512,524288] Veff_nb=[2,2048,512,524288]
CUDA_FA_ROUTE_SUPPORTED kernel=MMA_F16 effK=f16 effV=f16 supported=1
CUDA_FA_ROUTE_PLAN device=0 Q=[256,1,16,1] Kraw=turbo2 Vraw=f16 Kshape=[256,256,4,1] Vshape=[256,256,4,1] Keff=f16 Veff=f16 turbo_kv=1 prefer_native_vec=0 decode=1 dk=1 dv=0 unsafe_vec_after_turbo_v_decode=0 allow_vec=1 kernel=MMA_F16 need_f16_K=0 need_f16_V=0 Knb=[34,272,68,69632] Vnb=[2,2048,512,524288] Keff_nb=[2,2048,512,524288] Veff_nb=[2,2048,512,524288]
CUDA_FA_ROUTE_SUPPORTED kernel=MMA_F16 effK=f16 effV=f16 supported=1
CUDA_FA_ROUTE_PLAN device=0 Q=[256,256,16,1] Kraw=turbo2 Vraw=f16 Kshape=[256,256,4,1] Vshape=[256,256,4,1] Keff=f16 Veff=f16 turbo_kv=1 prefer_native_vec=0 decode=1 dk=1 dv=0 unsafe_vec_after_turbo_v_decode=0 allow_vec=1 kernel=MMA_F16 need_f16_K=0 need_f16_V=0 Knb=[34,272,68,69632] Vnb=[2,2048,512,524288] Keff_nb=[2,2048,512,524288] Veff_nb=[2,2048,512,524288]
CUDA_FA_ROUTE_SUPPORTED kernel=MMA_F16 effK=f16 effV=f16 supported=1
CUDA_FA_ROUTE_PLAN device=0 Q=[256,256,16,1] Kraw=turbo2 Vraw=f16 Kshape=[256,256,4,1] Vshape=[256,256,4,1] Keff=f16 Veff=f16 turbo_kv=1 prefer_native_vec=0 decode=1 dk=1 dv=0 unsafe_vec_after_turbo_v_decode=0 allow_vec=1 kernel=MMA_F16 need_f16_K=0 need_f16_V=0 Knb=[34,272,68,69632] Vnb=[2,2048,512,524288] Keff_nb=[2,2048,512,524288] Veff_nb=[2,2048,512,524288]
CUDA_FA_ROUTE_SUPPORTED kernel=MMA_F16 effK=f16 effV=f16 supported=1
CUDA_FA_ROUTE_PLAN device=0 Q=[256,256,16,1] Kraw=turbo2 Vraw=f16 Kshape=[256,256,4,1] Vshape=[256,256,4,1] Keff=f16 Veff=f16 turbo_kv=1 prefer_native_vec=0 decode=1 dk=1 dv=0 unsafe_vec_after_turbo_v_decode=0 allow_vec=1 kernel=MMA_F16 need_f16_K=0 need_f16_V=0 Knb=[34,272,68,69632] Vnb=[2,2048,512,524288] Keff_nb=[2,2048,512,524288] Veff_nb=[2,2048,512,524288]
CUDA_FA_ROUTE_SUPPORTED kernel=MMA_F16 effK=f16 effV=f16 supported=1
CUDA_FA_ROUTE_PLAN device=0 Q=[256,256,16,1] Kraw=turbo2 Vraw=f16 Kshape=[256,256,4,1] Vshape=[256,256,4,1] Keff=f16 Veff=f16 turbo_kv=1 prefer_native_vec=0 decode=1 dk=1 dv=0 unsafe_vec_after_turbo_v_decode=0 allow_vec=1 kernel=MMA_F16 need_f16_K=0 need_f16_V=0 Knb=[34,272,68,69632] Vnb=[2,2048,512,524288] Keff_nb=[2,2048,512,524288] Veff_nb=[2,2048,512,524288]
CUDA_FA_ROUTE_SUPPORTED kernel=MMA_F16 effK=f16 effV=f16 supported=1
CUDA_FA_ROUTE_PLAN device=0 Q=[256,256,16,1] Kraw=turbo2 Vraw=f16 Kshape=[256,256,4,1] Vshape=[256,256,4,1] Keff=f16 Veff=f16 turbo_kv=1 prefer_native_vec=0 decode=1 dk=1 dv=0 unsafe_vec_after_turbo_v_decode=0 allow_vec=1 kernel=MMA_F16 need_f16_K=0 need_f16_V=0 Knb=[34,272,68,69632] Vnb=[2,2048,512,524288] Keff_nb=[2,2048,512,524288] Veff_nb=[2,2048,512,524288]
CUDA_FA_ROUTE_SUPPORTED kernel=MMA_F16 effK=f16 effV=f16 supported=1
CUDA_FA_ROUTE_PLAN device=0 Q=[256,256,16,1] Kraw=turbo2 Vraw=f16 Kshape=[256,256,4,1] Vshape=[256,256,4,1] Keff=f16 Veff=f16 turbo_kv=1 prefer_native_vec=0 decode=1 dk=1 dv=0 unsafe_vec_after_turbo_v_decode=0 allow_vec=1 kernel=MMA_F16 need_f16_K=0 need_f16_V=0 Knb=[34,272,68,69632] Vnb=[2,2048,512,524288] Keff_nb=[2,2048,512,524288] Veff_nb=[2,2048,512,524288]
CUDA_FA_ROUTE_SUPPORTED kernel=MMA_F16 effK=f16 effV=f16 supported=1
CUDA_FA_ROUTE_PLAN device=0 Q=[256,256,16,1] Kraw=turbo2 Vraw=f16 Kshape=[256,256,4,1] Vshape=[256,256,4,1] Keff=f16 Veff=f16 turbo_kv=1 prefer_native_vec=0 decode=1 dk=1 dv=0 unsafe_vec_after_turbo_v_decode=0 allow_vec=1 kernel=MMA_F16 need_f16_K=0 need_f16_V=0 Knb=[34,272,68,69632] Vnb=[2,2048,512,524288] Keff_nb=[2,2048,512,524288] Veff_nb=[2,2048,512,524288]
CUDA_FA_ROUTE_SUPPORTED kernel=MMA_F16 effK=f16 effV=f16 supported=1
CUDA_FA_ROUTE_PLAN device=0 Q=[256,256,16,1] Kraw=turbo2 Vraw=f16 Kshape=[256,256,4,1] Vshape=[256,256,4,1] Keff=f16 Veff=f16 turbo_kv=1 prefer_native_vec=0 decode=1 dk=1 dv=0 unsafe_vec_after_turbo_v_decode=0 allow_vec=1 kernel=MMA_F16 need_f16_K=0 need_f16_V=0 Knb=[34,272,68,69632] Vnb=[2,2048,512,524288] Keff_nb=[2,2048,512,524288] Veff_nb=[2,2048,512,524288]
CUDA_FA_ROUTE_SUPPORTED kernel=MMA_F16 effK=f16 effV=f16 supported=1
CUDA_FA_ROUTE_PLAN device=0 Q=[256,256,16,1] Kraw=turbo2 Vraw=f16 Kshape=[256,256,4,1] Vshape=[256,256,4,1] Keff=f16 Veff=f16 turbo_kv=1 prefer_native_vec=0 decode=1 dk=1 dv=0 unsafe_vec_after_turbo_v_decode=0 allow_vec=1 kernel=MMA_F16 need_f16_K=0 need_f16_V=0 Knb=[34,272,68,69632] Vnb=[2,2048,512,524288] Keff_nb=[2,2048,512,524288] Veff_nb=[2,2048,512,524288]
CUDA_FA_ROUTE_ALLOC kernel=MMA_F16 need_f16_K=0 need_f16_V=0 workspace_end_offset=4194304 dst_data=(nil) f16_K=(nil) f16_V=(nil) f16_end=0x400000
CUDA_FA_ROUTE_PLAN device=0 Q=[256,256,16,1] Kraw=turbo2 Vraw=f16 Kshape=[256,256,4,1] Vshape=[256,256,4,1] Keff=f16 Veff=f16 turbo_kv=1 prefer_native_vec=0 decode=1 dk=1 dv=0 unsafe_vec_after_turbo_v_decode=0 allow_vec=1 kernel=MMA_F16 need_f16_K=0 need_f16_V=0 Knb=[34,272,68,69632] Vnb=[2,2048,512,524288] Keff_nb=[2,2048,512,524288] Veff_nb=[2,2048,512,524288]
CUDA_FA_ROUTE_ALLOC kernel=MMA_F16 need_f16_K=0 need_f16_V=0 workspace_end_offset=4194304 dst_data=(nil) f16_K=(nil) f16_V=(nil) f16_end=0x400000
CUDA_FA_ROUTE_PLAN device=0 Q=[256,256,16,1] Kraw=turbo2 Vraw=f16 Kshape=[256,256,4,1] Vshape=[256,256,4,1] Keff=f16 Veff=f16 turbo_kv=1 prefer_native_vec=0 decode=1 dk=1 dv=0 unsafe_vec_after_turbo_v_decode=0 allow_vec=1 kernel=MMA_F16 need_f16_K=0 need_f16_V=0 Knb=[34,272,68,69632] Vnb=[2,2048,512,524288] Keff_nb=[2,2048,512,524288] Veff_nb=[2,2048,512,524288]
CUDA_FA_ROUTE_ALLOC kernel=MMA_F16 need_f16_K=0 need_f16_V=0 workspace_end_offset=4194304 dst_data=(nil) f16_K=(nil) f16_V=(nil) f16_end=0x400000
CUDA_FA_ROUTE_PLAN device=0 Q=[256,256,16,1] Kraw=turbo2 Vraw=f16 Kshape=[256,256,4,1] Vshape=[256,256,4,1] Keff=f16 Veff=f16 turbo_kv=1 prefer_native_vec=0 decode=1 dk=1 dv=0 unsafe_vec_after_turbo_v_decode=0 allow_vec=1 kernel=MMA_F16 need_f16_K=0 need_f16_V=0 Knb=[34,272,68,69632] Vnb=[2,2048,512,524288] Keff_nb=[2,2048,512,524288] Veff_nb=[2,2048,512,524288]
CUDA_FA_ROUTE_ALLOC kernel=MMA_F16 need_f16_K=0 need_f16_V=0 workspace_end_offset=4194304 dst_data=(nil) f16_K=(nil) f16_V=(nil) f16_end=0x400000
CUDA_FA_ROUTE_PLAN device=0 Q=[256,256,16,1] Kraw=turbo2 Vraw=f16 Kshape=[256,256,4,1] Vshape=[256,256,4,1] Keff=f16 Veff=f16 turbo_kv=1 prefer_native_vec=0 decode=1 dk=1 dv=0 unsafe_vec_after_turbo_v_decode=0 allow_vec=1 kernel=MMA_F16 need_f16_K=0 need_f16_V=0 Knb=[34,272,68,69632] Vnb=[2,2048,512,524288] Keff_nb=[2,2048,512,524288] Veff_nb=[2,2048,512,524288]
CUDA_FA_ROUTE_ALLOC kernel=MMA_F16 need_f16_K=0 need_f16_V=0 workspace_end_offset=4194304 dst_data=(nil) f16_K=(nil) f16_V=(nil) f16_end=0x400000
CUDA_FA_ROUTE_PLAN device=0 Q=[256,256,16,1] Kraw=turbo2 Vraw=f16 Kshape=[256,256,4,1] Vshape=[256,256,4,1] Keff=f16 Veff=f16 turbo_kv=1 prefer_native_vec=0 decode=1 dk=1 dv=0 unsafe_vec_after_turbo_v_decode=0 allow_vec=1 kernel=MMA_F16 need_f16_K=0 need_f16_V=0 Knb=[34,272,68,69632] Vnb=[2,2048,512,524288] Keff_nb=[2,2048,512,524288] Veff_nb=[2,2048,512,524288]
CUDA_FA_ROUTE_ALLOC kernel=MMA_F16 need_f16_K=0 need_f16_V=0 workspace_end_offset=4194304 dst_data=(nil) f16_K=(nil) f16_V=(nil) f16_end=0x400000
CUDA_FA_ROUTE_PLAN device=0 Q=[256,256,16,1] Kraw=turbo2 Vraw=f16 Kshape=[256,256,4,1] Vshape=[256,256,4,1] Keff=f16 Veff=f16 turbo_kv=1 prefer_native_vec=0 decode=1 dk=1 dv=0 unsafe_vec_after_turbo_v_decode=0 allow_vec=1 kernel=MMA_F16 need_f16_K=0 need_f16_V=0 Knb=[34,272,68,69632] Vnb=[2,2048,512,524288] Keff_nb=[2,2048,512,524288] Veff_nb=[2,2048,512,524288]
CUDA_FA_ROUTE_ALLOC kernel=MMA_F16 need_f16_K=0 need_f16_V=0 workspace_end_offset=4194304 dst_data=(nil) f16_K=(nil) f16_V=(nil) f16_end=0x400000
CUDA_FA_ROUTE_PLAN device=0 Q=[256,256,16,1] Kraw=turbo2 Vraw=f16 Kshape=[256,256,4,1] Vshape=[256,256,4,1] Keff=f16 Veff=f16 turbo_kv=1 prefer_native_vec=0 decode=1 dk=1 dv=0 unsafe_vec_after_turbo_v_decode=0 allow_vec=1 kernel=MMA_F16 need_f16_K=0 need_f16_V=0 Knb=[34,272,68,69632] Vnb=[2,2048,512,524288] Keff_nb=[2,2048,512,524288] Veff_nb=[2,2048,512,524288]
CUDA_FA_ROUTE_ALLOC kernel=MMA_F16 need_f16_K=0 need_f16_V=0 workspace_end_offset=4194304 dst_data=(nil) f16_K=(nil) f16_V=(nil) f16_end=0x400000
CUDA_FA_ROUTE_PLAN device=0 Q=[256,256,16,1] Kraw=turbo2 Vraw=f16 Kshape=[256,256,4,1] Vshape=[256,256,4,1] Keff=f16 Veff=f16 turbo_kv=1 prefer_native_vec=0 decode=1 dk=1 dv=0 unsafe_vec_after_turbo_v_decode=0 allow_vec=1 kernel=MMA_F16 need_f16_K=0 need_f16_V=0 Knb=[34,272,68,69632] Vnb=[2,2048,512,524288] Keff_nb=[2,2048,512,524288] Veff_nb=[2,2048,512,524288]
CUDA_FA_ROUTE_ALLOC kernel=MMA_F16 need_f16_K=0 need_f16_V=0 workspace_end_offset=4194304 dst_data=(nil) f16_K=(nil) f16_V=(nil) f16_end=0x400000
CUDA_FA_ROUTE_PLAN device=0 Q=[256,256,16,1] Kraw=turbo2 Vraw=f16 Kshape=[256,256,4,1] Vshape=[256,256,4,1] Keff=f16 Veff=f16 turbo_kv=1 prefer_native_vec=0 decode=1 dk=1 dv=0 unsafe_vec_after_turbo_v_decode=0 allow_vec=1 kernel=MMA_F16 need_f16_K=0 need_f16_V=0 Knb=[34,272,68,69632] Vnb=[2,2048,512,524288] Keff_nb=[2,2048,512,524288] Veff_nb=[2,2048,512,524288]
CUDA_FA_ROUTE_ALLOC kernel=MMA_F16 need_f16_K=0 need_f16_V=0 workspace_end_offset=4194304 dst_data=(nil) f16_K=(nil) f16_V=(nil) f16_end=0x400000
CUDA_FA_ROUTE_PLAN device=0 Q=[256,256,16,1] Kraw=turbo2 Vraw=f16 Kshape=[256,256,4,1] Vshape=[256,256,4,1] Keff=f16 Veff=f16 turbo_kv=1 prefer_native_vec=0 decode=1 dk=1 dv=0 unsafe_vec_after_turbo_v_decode=0 allow_vec=1 kernel=MMA_F16 need_f16_K=0 need_f16_V=0 Knb=[34,272,68,69632] Vnb=[2,2048,512,524288] Keff_nb=[2,2048,512,524288] Veff_nb=[2,2048,512,524288]
CUDA_FA_ROUTE_ALLOC kernel=MMA_F16 need_f16_K=0 need_f16_V=0 workspace_end_offset=4194304 dst_data=(nil) f16_K=(nil) f16_V=(nil) f16_end=0x400000
CUDA_FA_ROUTE_PLAN device=0 Q=[256,256,16,1] Kraw=turbo2 Vraw=f16 Kshape=[256,256,4,1] Vshape=[256,256,4,1] Keff=f16 Veff=f16 turbo_kv=1 prefer_native_vec=0 decode=1 dk=1 dv=0 unsafe_vec_after_turbo_v_decode=0 allow_vec=1 kernel=MMA_F16 need_f16_K=0 need_f16_V=0 Knb=[34,272,68,69632] Vnb=[2,2048,512,524288] Keff_nb=[2,2048,512,524288] Veff_nb=[2,2048,512,524288]
CUDA_FA_ROUTE_ALLOC kernel=MMA_F16 need_f16_K=0 need_f16_V=0 workspace_end_offset=4194304 dst_data=(nil) f16_K=(nil) f16_V=(nil) f16_end=0x400000
CUDA_FA_ROUTE_PLAN device=0 Q=[256,256,16,1] Kraw=turbo2 Vraw=f16 Kshape=[256,256,4,1] Vshape=[256,256,4,1] Keff=f16 Veff=f16 turbo_kv=1 prefer_native_vec=0 decode=1 dk=1 dv=0 unsafe_vec_after_turbo_v_decode=0 allow_vec=1 kernel=MMA_F16 need_f16_K=0 need_f16_V=0 Knb=[34,272,68,69632] Vnb=[2,2048,512,524288] Keff_nb=[2,2048,512,524288] Veff_nb=[2,2048,512,524288]
CUDA_FA_ROUTE_ALLOC kernel=MMA_F16 need_f16_K=0 need_f16_V=0 workspace_end_offset=4194304 dst_data=(nil) f16_K=(nil) f16_V=(nil) f16_end=0x400000
CUDA_FA_ROUTE_PLAN device=0 Q=[256,256,16,1] Kraw=turbo2 Vraw=f16 Kshape=[256,256,4,1] Vshape=[256,256,4,1] Keff=f16 Veff=f16 turbo_kv=1 prefer_native_vec=0 decode=1 dk=1 dv=0 unsafe_vec_after_turbo_v_decode=0 allow_vec=1 kernel=MMA_F16 need_f16_K=0 need_f16_V=0 Knb=[34,272,68,69632] Vnb=[2,2048,512,524288] Keff_nb=[2,2048,512,524288] Veff_nb=[2,2048,512,524288]
CUDA_FA_ROUTE_ALLOC kernel=MMA_F16 need_f16_K=0 need_f16_V=0 workspace_end_offset=4194304 dst_data=(nil) f16_K=(nil) f16_V=(nil) f16_end=0x400000
CUDA_FA_ROUTE_PLAN device=0 Q=[256,256,16,1] Kraw=turbo2 Vraw=f16 Kshape=[256,256,4,1] Vshape=[256,256,4,1] Keff=f16 Veff=f16 turbo_kv=1 prefer_native_vec=0 decode=1 dk=1 dv=0 unsafe_vec_after_turbo_v_decode=0 allow_vec=1 kernel=MMA_F16 need_f16_K=0 need_f16_V=0 Knb=[34,272,68,69632] Vnb=[2,2048,512,524288] Keff_nb=[2,2048,512,524288] Veff_nb=[2,2048,512,524288]
CUDA_FA_ROUTE_ALLOC kernel=MMA_F16 need_f16_K=0 need_f16_V=0 workspace_end_offset=4194304 dst_data=(nil) f16_K=(nil) f16_V=(nil) f16_end=0x400000
CUDA_FA_ROUTE_PLAN device=0 Q=[256,256,16,1] Kraw=turbo2 Vraw=f16 Kshape=[256,256,4,1] Vshape=[256,256,4,1] Keff=f16 Veff=f16 turbo_kv=1 prefer_native_vec=0 decode=1 dk=1 dv=0 unsafe_vec_after_turbo_v_decode=0 allow_vec=1 kernel=MMA_F16 need_f16_K=0 need_f16_V=0 Knb=[34,272,68,69632] Vnb=[2,2048,512,524288] Keff_nb=[2,2048,512,524288] Veff_nb=[2,2048,512,524288]
CUDA_FA_ROUTE_ALLOC kernel=MMA_F16 need_f16_K=0 need_f16_V=0 workspace_end_offset=4194304 dst_data=(nil) f16_K=(nil) f16_V=(nil) f16_end=0x400000
CUDA_FA_ROUTE_PLAN device=0 Q=[256,256,16,1] Kraw=turbo2 Vraw=f16 Kshape=[256,256,4,1] Vshape=[256,256,4,1] Keff=f16 Veff=f16 turbo_kv=1 prefer_native_vec=0 decode=1 dk=1 dv=0 unsafe_vec_after_turbo_v_decode=0 allow_vec=1 kernel=MMA_F16 need_f16_K=0 need_f16_V=0 Knb=[34,272,68,69632] Vnb=[2,2048,512,524288] Keff_nb=[2,2048,512,524288] Veff_nb=[2,2048,512,524288]
CUDA_FA_ROUTE_ALLOC kernel=MMA_F16 need_f16_K=0 need_f16_V=0 workspace_end_offset=4194304 dst_data=(nil) f16_K=(nil) f16_V=(nil) f16_end=0x400000
CUDA_FA_ROUTE_PLAN device=0 Q=[256,256,16,1] Kraw=turbo2 Vraw=f16 Kshape=[256,256,4,1] Vshape=[256,256,4,1] Keff=f16 Veff=f16 turbo_kv=1 prefer_native_vec=0 decode=1 dk=1 dv=0 unsafe_vec_after_turbo_v_decode=0 allow_vec=1 kernel=MMA_F16 need_f16_K=0 need_f16_V=0 Knb=[34,272,68,69632] Vnb=[2,2048,512,524288] Keff_nb=[2,2048,512,524288] Veff_nb=[2,2048,512,524288]
CUDA_FA_ROUTE_ALLOC kernel=MMA_F16 need_f16_K=0 need_f16_V=0 workspace_end_offset=4194304 dst_data=(nil) f16_K=(nil) f16_V=(nil) f16_end=0x400000
CUDA_FA_ROUTE_PLAN device=0 Q=[256,256,16,1] Kraw=turbo2 Vraw=f16 Kshape=[256,256,4,1] Vshape=[256,256,4,1] Keff=f16 Veff=f16 turbo_kv=1 prefer_native_vec=0 decode=1 dk=1 dv=0 unsafe_vec_after_turbo_v_decode=0 allow_vec=1 kernel=MMA_F16 need_f16_K=0 need_f16_V=0 Knb=[34,272,68,69632] Vnb=[2,2048,512,524288] Keff_nb=[2,2048,512,524288] Veff_nb=[2,2048,512,524288]
CUDA_FA_ROUTE_ALLOC kernel=MMA_F16 need_f16_K=0 need_f16_V=0 workspace_end_offset=4194304 dst_data=(nil) f16_K=(nil) f16_V=(nil) f16_end=0x400000
CUDA_FA_ROUTE_PLAN device=0 Q=[256,256,16,1] Kraw=turbo2 Vraw=f16 Kshape=[256,256,4,1] Vshape=[256,256,4,1] Keff=f16 Veff=f16 turbo_kv=1 prefer_native_vec=0 decode=1 dk=1 dv=0 unsafe_vec_after_turbo_v_decode=0 allow_vec=1 kernel=MMA_F16 need_f16_K=0 need_f16_V=0 Knb=[34,272,68,69632] Vnb=[2,2048,512,524288] Keff_nb=[2,2048,512,524288] Veff_nb=[2,2048,512,524288]
CUDA_FA_ROUTE_ALLOC kernel=MMA_F16 need_f16_K=0 need_f16_V=0 workspace_end_offset=4194304 dst_data=(nil) f16_K=(nil) f16_V=(nil) f16_end=0x400000
CUDA_FA_ROUTE_PLAN device=0 Q=[256,256,16,1] Kraw=turbo2 Vraw=f16 Kshape=[256,256,4,1] Vshape=[256,256,4,1] Keff=f16 Veff=f16 turbo_kv=1 prefer_native_vec=0 decode=1 dk=1 dv=0 unsafe_vec_after_turbo_v_decode=0 allow_vec=1 kernel=MMA_F16 need_f16_K=0 need_f16_V=0 Knb=[34,272,68,69632] Vnb=[2,2048,512,524288] Keff_nb=[2,2048,512,524288] Veff_nb=[2,2048,512,524288]
CUDA_FA_ROUTE_ALLOC kernel=MMA_F16 need_f16_K=0 need_f16_V=0 workspace_end_offset=4194304 dst_data=(nil) f16_K=(nil) f16_V=(nil) f16_end=0x400000
CUDA_FA_ROUTE_PLAN device=0 Q=[256,256,16,1] Kraw=turbo2 Vraw=f16 Kshape=[256,256,4,1] Vshape=[256,256,4,1] Keff=f16 Veff=f16 turbo_kv=1 prefer_native_vec=0 decode=1 dk=1 dv=0 unsafe_vec_after_turbo_v_decode=0 allow_vec=1 kernel=MMA_F16 need_f16_K=0 need_f16_V=0 Knb=[34,272,68,69632] Vnb=[2,2048,512,524288] Keff_nb=[2,2048,512,524288] Veff_nb=[2,2048,512,524288]
CUDA_FA_ROUTE_ALLOC kernel=MMA_F16 need_f16_K=0 need_f16_V=0 workspace_end_offset=4194304 dst_data=(nil) f16_K=(nil) f16_V=(nil) f16_end=0x400000
CUDA_FA_ROUTE_PLAN device=0 Q=[256,256,16,1] Kraw=turbo2 Vraw=f16 Kshape=[256,256,4,1] Vshape=[256,256,4,1] Keff=f16 Veff=f16 turbo_kv=1 prefer_native_vec=0 decode=1 dk=1 dv=0 unsafe_vec_after_turbo_v_decode=0 allow_vec=1 kernel=MMA_F16 need_f16_K=0 need_f16_V=0 Knb=[34,272,68,69632] Vnb=[2,2048,512,524288] Keff_nb=[2,2048,512,524288] Veff_nb=[2,2048,512,524288]
CUDA_FA_ROUTE_ALLOC kernel=MMA_F16 need_f16_K=0 need_f16_V=0 workspace_end_offset=4194304 dst_data=(nil) f16_K=(nil) f16_V=(nil) f16_end=0x400000
CUDA_FA_ROUTE_PLAN device=0 Q=[256,256,16,1] Kraw=turbo2 Vraw=f16 Kshape=[256,256,4,1] Vshape=[256,256,4,1] Keff=f16 Veff=f16 turbo_kv=1 prefer_native_vec=0 decode=1 dk=1 dv=0 unsafe_vec_after_turbo_v_decode=0 allow_vec=1 kernel=MMA_F16 need_f16_K=0 need_f16_V=0 Knb=[34,272,68,69632] Vnb=[2,2048,512,524288] Keff_nb=[2,2048,512,524288] Veff_nb=[2,2048,512,524288]
CUDA_FA_ROUTE_ALLOC kernel=MMA_F16 need_f16_K=0 need_f16_V=0 workspace_end_offset=4194304 dst_data=(nil) f16_K=(nil) f16_V=(nil) f16_end=0x400000
CUDA_FA_ROUTE_PLAN device=0 Q=[256,256,16,1] Kraw=turbo2 Vraw=f16 Kshape=[256,256,4,1] Vshape=[256,256,4,1] Keff=f16 Veff=f16 turbo_kv=1 prefer_native_vec=0 decode=1 dk=1 dv=0 unsafe_vec_after_turbo_v_decode=0 allow_vec=1 kernel=MMA_F16 need_f16_K=0 need_f16_V=0 Knb=[34,272,68,69632] Vnb=[2,2048,512,524288] Keff_nb=[2,2048,512,524288] Veff_nb=[2,2048,512,524288]
CUDA_FA_ROUTE_ALLOC kernel=MMA_F16 need_f16_K=0 need_f16_V=0 workspace_end_offset=4194304 dst_data=(nil) f16_K=(nil) f16_V=(nil) f16_end=0x400000
CUDA_FA_ROUTE_PLAN device=0 Q=[256,256,16,1] Kraw=turbo2 Vraw=f16 Kshape=[256,256,4,1] Vshape=[256,256,4,1] Keff=f16 Veff=f16 turbo_kv=1 prefer_native_vec=0 decode=1 dk=1 dv=0 unsafe_vec_after_turbo_v_decode=0 allow_vec=1 kernel=MMA_F16 need_f16_K=0 need_f16_V=0 Knb=[34,272,68,69632] Vnb=[2,2048,512,524288] Keff_nb=[2,2048,512,524288] Veff_nb=[2,2048,512,524288]
CUDA_FA_ROUTE_ALLOC kernel=MMA_F16 need_f16_K=0 need_f16_V=0 workspace_end_offset=4194304 dst_data=(nil) f16_K=(nil) f16_V=(nil) f16_end=0x400000
CUDA_FA_ROUTE_PLAN device=0 Q=[256,256,16,1] Kraw=turbo2 Vraw=f16 Kshape=[256,256,4,1] Vshape=[256,256,4,1] Keff=f16 Veff=f16 turbo_kv=1 prefer_native_vec=0 decode=1 dk=1 dv=0 unsafe_vec_after_turbo_v_decode=0 allow_vec=1 kernel=MMA_F16 need_f16_K=0 need_f16_V=0 Knb=[34,272,68,69632] Vnb=[2,2048,512,524288] Keff_nb=[2,2048,512,524288] Veff_nb=[2,2048,512,524288]
CUDA_FA_ROUTE_ALLOC kernel=MMA_F16 need_f16_K=0 need_f16_V=0 workspace_end_offset=4194304 dst_data=(nil) f16_K=(nil) f16_V=(nil) f16_end=0x400000
CUDA_FA_ROUTE_PLAN device=0 Q=[256,256,16,1] Kraw=turbo2 Vraw=f16 Kshape=[256,256,4,1] Vshape=[256,256,4,1] Keff=f16 Veff=f16 turbo_kv=1 prefer_native_vec=0 decode=1 dk=1 dv=0 unsafe_vec_after_turbo_v_decode=0 allow_vec=1 kernel=MMA_F16 need_f16_K=0 need_f16_V=0 Knb=[34,272,68,69632] Vnb=[2,2048,512,524288] Keff_nb=[2,2048,512,524288] Veff_nb=[2,2048,512,524288]
CUDA_FA_ROUTE_ALLOC kernel=MMA_F16 need_f16_K=0 need_f16_V=0 workspace_end_offset=4194304 dst_data=(nil) f16_K=(nil) f16_V=(nil) f16_end=0x400000
CUDA_FA_ROUTE_PLAN device=0 Q=[256,256,16,1] Kraw=turbo2 Vraw=f16 Kshape=[256,256,4,1] Vshape=[256,256,4,1] Keff=f16 Veff=f16 turbo_kv=1 prefer_native_vec=0 decode=1 dk=1 dv=0 unsafe_vec_after_turbo_v_decode=0 allow_vec=1 kernel=MMA_F16 need_f16_K=0 need_f16_V=0 Knb=[34,272,68,69632] Vnb=[2,2048,512,524288] Keff_nb=[2,2048,512,524288] Veff_nb=[2,2048,512,524288]
CUDA_FA_ROUTE_ALLOC kernel=MMA_F16 need_f16_K=0 need_f16_V=0 workspace_end_offset=4194304 dst_data=(nil) f16_K=(nil) f16_V=(nil) f16_end=0x400000
CUDA_FA_ROUTE_PLAN device=0 Q=[256,256,16,1] Kraw=turbo2 Vraw=f16 Kshape=[256,256,4,1] Vshape=[256,256,4,1] Keff=f16 Veff=f16 turbo_kv=1 prefer_native_vec=0 decode=1 dk=1 dv=0 unsafe_vec_after_turbo_v_decode=0 allow_vec=1 kernel=MMA_F16 need_f16_K=0 need_f16_V=0 Knb=[34,272,68,69632] Vnb=[2,2048,512,524288] Keff_nb=[2,2048,512,524288] Veff_nb=[2,2048,512,524288]
CUDA_FA_ROUTE_ALLOC kernel=MMA_F16 need_f16_K=0 need_f16_V=0 workspace_end_offset=4194304 dst_data=(nil) f16_K=(nil) f16_V=(nil) f16_end=0x400000
CUDA_FA_ROUTE_PLAN device=0 Q=[256,256,16,1] Kraw=turbo2 Vraw=f16 Kshape=[256,256,4,1] Vshape=[256,256,4,1] Keff=f16 Veff=f16 turbo_kv=1 prefer_native_vec=0 decode=1 dk=1 dv=0 unsafe_vec_after_turbo_v_decode=0 allow_vec=1 kernel=MMA_F16 need_f16_K=0 need_f16_V=0 Knb=[34,272,68,69632] Vnb=[2,2048,512,524288] Keff_nb=[2,2048,512,524288] Veff_nb=[2,2048,512,524288]
CUDA_FA_ROUTE_ALLOC kernel=MMA_F16 need_f16_K=0 need_f16_V=0 workspace_end_offset=4194304 dst_data=(nil) f16_K=(nil) f16_V=(nil) f16_end=0x400000
CUDA_FA_ROUTE_PLAN device=0 Q=[256,256,16,1] Kraw=turbo2 Vraw=f16 Kshape=[256,256,4,1] Vshape=[256,256,4,1] Keff=f16 Veff=f16 turbo_kv=1 prefer_native_vec=0 decode=1 dk=1 dv=0 unsafe_vec_after_turbo_v_decode=0 allow_vec=1 kernel=MMA_F16 need_f16_K=0 need_f16_V=0 Knb=[34,272,68,69632] Vnb=[2,2048,512,524288] Keff_nb=[2,2048,512,524288] Veff_nb=[2,2048,512,524288]
CUDA_FA_ROUTE_ALLOC kernel=MMA_F16 need_f16_K=0 need_f16_V=0 workspace_end_offset=4194304 dst_data=(nil) f16_K=(nil) f16_V=(nil) f16_end=0x400000
CUDA_FA_ROUTE_PLAN device=0 Q=[256,1,16,1] Kraw=turbo2 Vraw=f16 Kshape=[256,256,4,1] Vshape=[256,256,4,1] Keff=f16 Veff=f16 turbo_kv=1 prefer_native_vec=0 decode=1 dk=1 dv=0 unsafe_vec_after_turbo_v_decode=0 allow_vec=1 kernel=MMA_F16 need_f16_K=0 need_f16_V=0 Knb=[34,272,68,69632] Vnb=[2,2048,512,524288] Keff_nb=[2,2048,512,524288] Veff_nb=[2,2048,512,524288]
CUDA_FA_ROUTE_SUPPORTED kernel=MMA_F16 effK=f16 effV=f16 supported=1
CUDA_FA_ROUTE_PLAN device=0 Q=[256,1,16,1] Kraw=turbo2 Vraw=f16 Kshape=[256,256,4,1] Vshape=[256,256,4,1] Keff=f16 Veff=f16 turbo_kv=1 prefer_native_vec=0 decode=1 dk=1 dv=0 unsafe_vec_after_turbo_v_decode=0 allow_vec=1 kernel=MMA_F16 need_f16_K=0 need_f16_V=0 Knb=[34,272,68,69632] Vnb=[2,2048,512,524288] Keff_nb=[2,2048,512,524288] Veff_nb=[2,2048,512,524288]
CUDA_FA_ROUTE_SUPPORTED kernel=MMA_F16 effK=f16 effV=f16 supported=1
CUDA_FA_ROUTE_PLAN device=0 Q=[256,1,16,1] Kraw=turbo2 Vraw=f16 Kshape=[256,256,4,1] Vshape=[256,256,4,1] Keff=f16 Veff=f16 turbo_kv=1 prefer_native_vec=0 decode=1 dk=1 dv=0 unsafe_vec_after_turbo_v_decode=0 allow_vec=1 kernel=MMA_F16 need_f16_K=0 need_f16_V=0 Knb=[34,272,68,69632] Vnb=[2,2048,512,524288] Keff_nb=[2,2048,512,524288] Veff_nb=[2,2048,512,524288]
CUDA_FA_ROUTE_SUPPORTED kernel=MMA_F16 effK=f16 effV=f16 supported=1
CUDA_FA_ROUTE_PLAN device=0 Q=[256,1,16,1] Kraw=turbo2 Vraw=f16 Kshape=[256,256,4,1] Vshape=[256,256,4,1] Keff=f16 Veff=f16 turbo_kv=1 prefer_native_vec=0 decode=1 dk=1 dv=0 unsafe_vec_after_turbo_v_decode=0 allow_vec=1 kernel=MMA_F16 need_f16_K=0 need_f16_V=0 Knb=[34,272,68,69632] Vnb=[2,2048,512,524288] Keff_nb=[2,2048,512,524288] Veff_nb=[2,2048,512,524288]
CUDA_FA_ROUTE_SUPPORTED kernel=MMA_F16 effK=f16 effV=f16 supported=1
CUDA_FA_ROUTE_PLAN device=0 Q=[256,1,16,1] Kraw=turbo2 Vraw=f16 Kshape=[256,256,4,1] Vshape=[256,256,4,1] Keff=f16 Veff=f16 turbo_kv=1 prefer_native_vec=0 decode=1 dk=1 dv=0 unsafe_vec_after_turbo_v_decode=0 allow_vec=1 kernel=MMA_F16 need_f16_K=0 need_f16_V=0 Knb=[34,272,68,69632] Vnb=[2,2048,512,524288] Keff_nb=[2,2048,512,524288] Veff_nb=[2,2048,512,524288]
CUDA_FA_ROUTE_SUPPORTED kernel=MMA_F16 effK=f16 effV=f16 supported=1
CUDA_FA_ROUTE_PLAN device=0 Q=[256,1,16,1] Kraw=turbo2 Vraw=f16 Kshape=[256,256,4,1] Vshape=[256,256,4,1] Keff=f16 Veff=f16 turbo_kv=1 prefer_native_vec=0 decode=1 dk=1 dv=0 unsafe_vec_after_turbo_v_decode=0 allow_vec=1 kernel=MMA_F16 need_f16_K=0 need_f16_V=0 Knb=[34,272,68,69632] Vnb=[2,2048,512,524288] Keff_nb=[2,2048,512,524288] Veff_nb=[2,2048,512,524288]
CUDA_FA_ROUTE_SUPPORTED kernel=MMA_F16 effK=f16 effV=f16 supported=1
CUDA_FA_ROUTE_PLAN device=0 Q=[256,1,16,1] Kraw=turbo2 Vraw=f16 Kshape=[256,256,4,1] Vshape=[256,256,4,1] Keff=f16 Veff=f16 turbo_kv=1 prefer_native_vec=0 decode=1 dk=1 dv=0 unsafe_vec_after_turbo_v_decode=0 allow_vec=1 kernel=MMA_F16 need_f16_K=0 need_f16_V=0 Knb=[34,272,68,69632] Vnb=[2,2048,512,524288] Keff_nb=[2,2048,512,524288] Veff_nb=[2,2048,512,524288]
CUDA_FA_ROUTE_SUPPORTED kernel=MMA_F16 effK=f16 effV=f16 supported=1
CUDA_FA_ROUTE_PLAN device=0 Q=[256,1,16,1] Kraw=turbo2 Vraw=f16 Kshape=[256,256,4,1] Vshape=[256,256,4,1] Keff=f16 Veff=f16 turbo_kv=1 prefer_native_vec=0 decode=1 dk=1 dv=0 unsafe_vec_after_turbo_v_decode=0 allow_vec=1 kernel=MMA_F16 need_f16_K=0 need_f16_V=0 Knb=[34,272,68,69632] Vnb=[2,2048,512,524288] Keff_nb=[2,2048,512,524288] Veff_nb=[2,2048,512,524288]
CUDA_FA_ROUTE_SUPPORTED kernel=MMA_F16 effK=f16 effV=f16 supported=1
CUDA_FA_ROUTE_PLAN device=0 Q=[256,256,16,1] Kraw=turbo2 Vraw=f16 Kshape=[256,256,4,1] Vshape=[256,256,4,1] Keff=f16 Veff=f16 turbo_kv=1 prefer_native_vec=0 decode=1 dk=1 dv=0 unsafe_vec_after_turbo_v_decode=0 allow_vec=1 kernel=MMA_F16 need_f16_K=0 need_f16_V=0 Knb=[34,272,68,69632] Vnb=[2,2048,512,524288] Keff_nb=[2,2048,512,524288] Veff_nb=[2,2048,512,524288]
CUDA_FA_ROUTE_SUPPORTED kernel=MMA_F16 effK=f16 effV=f16 supported=1
CUDA_FA_ROUTE_PLAN device=0 Q=[256,256,16,1] Kraw=turbo2 Vraw=f16 Kshape=[256,256,4,1] Vshape=[256,256,4,1] Keff=f16 Veff=f16 turbo_kv=1 prefer_native_vec=0 decode=1 dk=1 dv=0 unsafe_vec_after_turbo_v_decode=0 allow_vec=1 kernel=MMA_F16 need_f16_K=0 need_f16_V=0 Knb=[34,272,68,69632] Vnb=[2,2048,512,524288] Keff_nb=[2,2048,512,524288] Veff_nb=[2,2048,512,524288]
CUDA_FA_ROUTE_SUPPORTED kernel=MMA_F16 effK=f16 effV=f16 supported=1
CUDA_FA_ROUTE_PLAN device=0 Q=[256,256,16,1] Kraw=turbo2 Vraw=f16 Kshape=[256,256,4,1] Vshape=[256,256,4,1] Keff=f16 Veff=f16 turbo_kv=1 prefer_native_vec=0 decode=1 dk=1 dv=0 unsafe_vec_after_turbo_v_decode=0 allow_vec=1 kernel=MMA_F16 need_f16_K=0 need_f16_V=0 Knb=[34,272,68,69632] Vnb=[2,2048,512,524288] Keff_nb=[2,2048,512,524288] Veff_nb=[2,2048,512,524288]
CUDA_FA_ROUTE_SUPPORTED kernel=MMA_F16 effK=f16 effV=f16 supported=1
CUDA_FA_ROUTE_PLAN device=0 Q=[256,256,16,1] Kraw=turbo2 Vraw=f16 Kshape=[256,256,4,1] Vshape=[256,256,4,1] Keff=f16 Veff=f16 turbo_kv=1 prefer_native_vec=0 decode=1 dk=1 dv=0 unsafe_vec_after_turbo_v_decode=0 allow_vec=1 kernel=MMA_F16 need_f16_K=0 need_f16_V=0 Knb=[34,272,68,69632] Vnb=[2,2048,512,524288] Keff_nb=[2,2048,512,524288] Veff_nb=[2,2048,512,524288]
CUDA_FA_ROUTE_SUPPORTED kernel=MMA_F16 effK=f16 effV=f16 supported=1
CUDA_FA_ROUTE_PLAN device=0 Q=[256,256,16,1] Kraw=turbo2 Vraw=f16 Kshape=[256,256,4,1] Vshape=[256,256,4,1] Keff=f16 Veff=f16 turbo_kv=1 prefer_native_vec=0 decode=1 dk=1 dv=0 unsafe_vec_after_turbo_v_decode=0 allow_vec=1 kernel=MMA_F16 need_f16_K=0 need_f16_V=0 Knb=[34,272,68,69632] Vnb=[2,2048,512,524288] Keff_nb=[2,2048,512,524288] Veff_nb=[2,2048,512,524288]
CUDA_FA_ROUTE_SUPPORTED kernel=MMA_F16 effK=f16 effV=f16 supported=1
CUDA_FA_ROUTE_PLAN device=0 Q=[256,256,16,1] Kraw=turbo2 Vraw=f16 Kshape=[256,256,4,1] Vshape=[256,256,4,1] Keff=f16 Veff=f16 turbo_kv=1 prefer_native_vec=0 decode=1 dk=1 dv=0 unsafe_vec_after_turbo_v_decode=0 allow_vec=1 kernel=MMA_F16 need_f16_K=0 need_f16_V=0 Knb=[34,272,68,69632] Vnb=[2,2048,512,524288] Keff_nb=[2,2048,512,524288] Veff_nb=[2,2048,512,524288]
CUDA_FA_ROUTE_SUPPORTED kernel=MMA_F16 effK=f16 effV=f16 supported=1
CUDA_FA_ROUTE_PLAN device=0 Q=[256,256,16,1] Kraw=turbo2 Vraw=f16 Kshape=[256,256,4,1] Vshape=[256,256,4,1] Keff=f16 Veff=f16 turbo_kv=1 prefer_native_vec=0 decode=1 dk=1 dv=0 unsafe_vec_after_turbo_v_decode=0 allow_vec=1 kernel=MMA_F16 need_f16_K=0 need_f16_V=0 Knb=[34,272,68,69632] Vnb=[2,2048,512,524288] Keff_nb=[2,2048,512,524288] Veff_nb=[2,2048,512,524288]
CUDA_FA_ROUTE_SUPPORTED kernel=MMA_F16 effK=f16 effV=f16 supported=1
CUDA_FA_ROUTE_PLAN device=0 Q=[256,256,16,1] Kraw=turbo2 Vraw=f16 Kshape=[256,256,4,1] Vshape=[256,256,4,1] Keff=f16 Veff=f16 turbo_kv=1 prefer_native_vec=0 decode=1 dk=1 dv=0 unsafe_vec_after_turbo_v_decode=0 allow_vec=1 kernel=MMA_F16 need_f16_K=0 need_f16_V=0 Knb=[34,272,68,69632] Vnb=[2,2048,512,524288] Keff_nb=[2,2048,512,524288] Veff_nb=[2,2048,512,524288]
CUDA_FA_ROUTE_SUPPORTED kernel=MMA_F16 effK=f16 effV=f16 supported=1
CUDA_FA_ROUTE_PLAN device=0 Q=[256,1,16,1] Kraw=turbo2 Vraw=f16 Kshape=[256,256,4,1] Vshape=[256,256,4,1] Keff=f16 Veff=f16 turbo_kv=1 prefer_native_vec=0 decode=1 dk=1 dv=0 unsafe_vec_after_turbo_v_decode=0 allow_vec=1 kernel=MMA_F16 need_f16_K=0 need_f16_V=0 Knb=[34,272,68,69632] Vnb=[2,2048,512,524288] Keff_nb=[2,2048,512,524288] Veff_nb=[2,2048,512,524288]
CUDA_FA_ROUTE_SUPPORTED kernel=MMA_F16 effK=f16 effV=f16 supported=1
CUDA_FA_ROUTE_PLAN device=0 Q=[256,1,16,1] Kraw=turbo2 Vraw=f16 Kshape=[256,256,4,1] Vshape=[256,256,4,1] Keff=f16 Veff=f16 turbo_kv=1 prefer_native_vec=0 decode=1 dk=1 dv=0 unsafe_vec_after_turbo_v_decode=0 allow_vec=1 kernel=MMA_F16 need_f16_K=0 need_f16_V=0 Knb=[34,272,68,69632] Vnb=[2,2048,512,524288] Keff_nb=[2,2048,512,524288] Veff_nb=[2,2048,512,524288]
CUDA_FA_ROUTE_SUPPORTED kernel=MMA_F16 effK=f16 effV=f16 supported=1
CUDA_FA_ROUTE_PLAN device=0 Q=[256,1,16,1] Kraw=turbo2 Vraw=f16 Kshape=[256,256,4,1] Vshape=[256,256,4,1] Keff=f16 Veff=f16 turbo_kv=1 prefer_native_vec=0 decode=1 dk=1 dv=0 unsafe_vec_after_turbo_v_decode=0 allow_vec=1 kernel=MMA_F16 need_f16_K=0 need_f16_V=0 Knb=[34,272,68,69632] Vnb=[2,2048,512,524288] Keff_nb=[2,2048,512,524288] Veff_nb=[2,2048,512,524288]
CUDA_FA_ROUTE_SUPPORTED kernel=MMA_F16 effK=f16 effV=f16 supported=1
CUDA_FA_ROUTE_PLAN device=0 Q=[256,1,16,1] Kraw=turbo2 Vraw=f16 Kshape=[256,256,4,1] Vshape=[256,256,4,1] Keff=f16 Veff=f16 turbo_kv=1 prefer_native_vec=0 decode=1 dk=1 dv=0 unsafe_vec_after_turbo_v_decode=0 allow_vec=1 kernel=MMA_F16 need_f16_K=0 need_f16_V=0 Knb=[34,272,68,69632] Vnb=[2,2048,512,524288] Keff_nb=[2,2048,512,524288] Veff_nb=[2,2048,512,524288]
CUDA_FA_ROUTE_SUPPORTED kernel=MMA_F16 effK=f16 effV=f16 supported=1
CUDA_FA_ROUTE_PLAN device=0 Q=[256,1,16,1] Kraw=turbo2 Vraw=f16 Kshape=[256,256,4,1] Vshape=[256,256,4,1] Keff=f16 Veff=f16 turbo_kv=1 prefer_native_vec=0 decode=1 dk=1 dv=0 unsafe_vec_after_turbo_v_decode=0 allow_vec=1 kernel=MMA_F16 need_f16_K=0 need_f16_V=0 Knb=[34,272,68,69632] Vnb=[2,2048,512,524288] Keff_nb=[2,2048,512,524288] Veff_nb=[2,2048,512,524288]
CUDA_FA_ROUTE_SUPPORTED kernel=MMA_F16 effK=f16 effV=f16 supported=1
CUDA_FA_ROUTE_PLAN device=0 Q=[256,1,16,1] Kraw=turbo2 Vraw=f16 Kshape=[256,256,4,1] Vshape=[256,256,4,1] Keff=f16 Veff=f16 turbo_kv=1 prefer_native_vec=0 decode=1 dk=1 dv=0 unsafe_vec_after_turbo_v_decode=0 allow_vec=1 kernel=MMA_F16 need_f16_K=0 need_f16_V=0 Knb=[34,272,68,69632] Vnb=[2,2048,512,524288] Keff_nb=[2,2048,512,524288] Veff_nb=[2,2048,512,524288]
CUDA_FA_ROUTE_SUPPORTED kernel=MMA_F16 effK=f16 effV=f16 supported=1
CUDA_FA_ROUTE_PLAN device=0 Q=[256,1,16,1] Kraw=turbo2 Vraw=f16 Kshape=[256,256,4,1] Vshape=[256,256,4,1] Keff=f16 Veff=f16 turbo_kv=1 prefer_native_vec=0 decode=1 dk=1 dv=0 unsafe_vec_after_turbo_v_decode=0 allow_vec=1 kernel=MMA_F16 need_f16_K=0 need_f16_V=0 Knb=[34,272,68,69632] Vnb=[2,2048,512,524288] Keff_nb=[2,2048,512,524288] Veff_nb=[2,2048,512,524288]
CUDA_FA_ROUTE_SUPPORTED kernel=MMA_F16 effK=f16 effV=f16 supported=1
CUDA_FA_ROUTE_PLAN device=0 Q=[256,1,16,1] Kraw=turbo2 Vraw=f16 Kshape=[256,256,4,1] Vshape=[256,256,4,1] Keff=f16 Veff=f16 turbo_kv=1 prefer_native_vec=0 decode=1 dk=1 dv=0 unsafe_vec_after_turbo_v_decode=0 allow_vec=1 kernel=MMA_F16 need_f16_K=0 need_f16_V=0 Knb=[34,272,68,69632] Vnb=[2,2048,512,524288] Keff_nb=[2,2048,512,524288] Veff_nb=[2,2048,512,524288]
CUDA_FA_ROUTE_SUPPORTED kernel=MMA_F16 effK=f16 effV=f16 supported=1
CUDA_FA_ROUTE_PLAN device=0 Q=[256,16,16,1] Kraw=turbo2 Vraw=f16 Kshape=[256,256,4,1] Vshape=[256,256,4,1] Keff=f16 Veff=f16 turbo_kv=1 prefer_native_vec=0 decode=1 dk=1 dv=0 unsafe_vec_after_turbo_v_decode=0 allow_vec=1 kernel=MMA_F16 need_f16_K=0 need_f16_V=0 Knb=[34,272,68,69632] Vnb=[2,2048,512,524288] Keff_nb=[2,2048,512,524288] Veff_nb=[2,2048,512,524288]
CUDA_FA_ROUTE_SUPPORTED kernel=MMA_F16 effK=f16 effV=f16 supported=1
CUDA_FA_ROUTE_PLAN device=0 Q=[256,16,16,1] Kraw=turbo2 Vraw=f16 Kshape=[256,256,4,1] Vshape=[256,256,4,1] Keff=f16 Veff=f16 turbo_kv=1 prefer_native_vec=0 decode=1 dk=1 dv=0 unsafe_vec_after_turbo_v_decode=0 allow_vec=1 kernel=MMA_F16 need_f16_K=0 need_f16_V=0 Knb=[34,272,68,69632] Vnb=[2,2048,512,524288] Keff_nb=[2,2048,512,524288] Veff_nb=[2,2048,512,524288]
CUDA_FA_ROUTE_SUPPORTED kernel=MMA_F16 effK=f16 effV=f16 supported=1
CUDA_FA_ROUTE_PLAN device=0 Q=[256,16,16,1] Kraw=turbo2 Vraw=f16 Kshape=[256,256,4,1] Vshape=[256,256,4,1] Keff=f16 Veff=f16 turbo_kv=1 prefer_native_vec=0 decode=1 dk=1 dv=0 unsafe_vec_after_turbo_v_decode=0 allow_vec=1 kernel=MMA_F16 need_f16_K=0 need_f16_V=0 Knb=[34,272,68,69632] Vnb=[2,2048,512,524288] Keff_nb=[2,2048,512,524288] Veff_nb=[2,2048,512,524288]
CUDA_FA_ROUTE_SUPPORTED kernel=MMA_F16 effK=f16 effV=f16 supported=1
CUDA_FA_ROUTE_PLAN device=0 Q=[256,16,16,1] Kraw=turbo2 Vraw=f16 Kshape=[256,256,4,1] Vshape=[256,256,4,1] Keff=f16 Veff=f16 turbo_kv=1 prefer_native_vec=0 decode=1 dk=1 dv=0 unsafe_vec_after_turbo_v_decode=0 allow_vec=1 kernel=MMA_F16 need_f16_K=0 need_f16_V=0 Knb=[34,272,68,69632] Vnb=[2,2048,512,524288] Keff_nb=[2,2048,512,524288] Veff_nb=[2,2048,512,524288]
CUDA_FA_ROUTE_SUPPORTED kernel=MMA_F16 effK=f16 effV=f16 supported=1
CUDA_FA_ROUTE_PLAN device=0 Q=[256,16,16,1] Kraw=turbo2 Vraw=f16 Kshape=[256,256,4,1] Vshape=[256,256,4,1] Keff=f16 Veff=f16 turbo_kv=1 prefer_native_vec=0 decode=1 dk=1 dv=0 unsafe_vec_after_turbo_v_decode=0 allow_vec=1 kernel=MMA_F16 need_f16_K=0 need_f16_V=0 Knb=[34,272,68,69632] Vnb=[2,2048,512,524288] Keff_nb=[2,2048,512,524288] Veff_nb=[2,2048,512,524288]
CUDA_FA_ROUTE_SUPPORTED kernel=MMA_F16 effK=f16 effV=f16 supported=1
CUDA_FA_ROUTE_PLAN device=0 Q=[256,16,16,1] Kraw=turbo2 Vraw=f16 Kshape=[256,256,4,1] Vshape=[256,256,4,1] Keff=f16 Veff=f16 turbo_kv=1 prefer_native_vec=0 decode=1 dk=1 dv=0 unsafe_vec_after_turbo_v_decode=0 allow_vec=1 kernel=MMA_F16 need_f16_K=0 need_f16_V=0 Knb=[34,272,68,69632] Vnb=[2,2048,512,524288] Keff_nb=[2,2048,512,524288] Veff_nb=[2,2048,512,524288]
CUDA_FA_ROUTE_SUPPORTED kernel=MMA_F16 effK=f16 effV=f16 supported=1
CUDA_FA_ROUTE_PLAN device=0 Q=[256,16,16,1] Kraw=turbo2 Vraw=f16 Kshape=[256,256,4,1] Vshape=[256,256,4,1] Keff=f16 Veff=f16 turbo_kv=1 prefer_native_vec=0 decode=1 dk=1 dv=0 unsafe_vec_after_turbo_v_decode=0 allow_vec=1 kernel=MMA_F16 need_f16_K=0 need_f16_V=0 Knb=[34,272,68,69632] Vnb=[2,2048,512,524288] Keff_nb=[2,2048,512,524288] Veff_nb=[2,2048,512,524288]
CUDA_FA_ROUTE_SUPPORTED kernel=MMA_F16 effK=f16 effV=f16 supported=1
CUDA_FA_ROUTE_PLAN device=0 Q=[256,16,16,1] Kraw=turbo2 Vraw=f16 Kshape=[256,256,4,1] Vshape=[256,256,4,1] Keff=f16 Veff=f16 turbo_kv=1 prefer_native_vec=0 decode=1 dk=1 dv=0 unsafe_vec_after_turbo_v_decode=0 allow_vec=1 kernel=MMA_F16 need_f16_K=0 need_f16_V=0 Knb=[34,272,68,69632] Vnb=[2,2048,512,524288] Keff_nb=[2,2048,512,524288] Veff_nb=[2,2048,512,524288]
CUDA_FA_ROUTE_SUPPORTED kernel=MMA_F16 effK=f16 effV=f16 supported=1
CUDA_FA_ROUTE_PLAN device=0 Q=[256,1,16,1] Kraw=turbo2 Vraw=f16 Kshape=[256,256,4,1] Vshape=[256,256,4,1] Keff=f16 Veff=f16 turbo_kv=1 prefer_native_vec=0 decode=1 dk=1 dv=0 unsafe_vec_after_turbo_v_decode=0 allow_vec=1 kernel=MMA_F16 need_f16_K=0 need_f16_V=0 Knb=[34,272,68,69632] Vnb=[2,2048,512,524288] Keff_nb=[2,2048,512,524288] Veff_nb=[2,2048,512,524288]
CUDA_FA_ROUTE_SUPPORTED kernel=MMA_F16 effK=f16 effV=f16 supported=1
CUDA_FA_ROUTE_PLAN device=0 Q=[256,1,16,1] Kraw=turbo2 Vraw=f16 Kshape=[256,256,4,1] Vshape=[256,256,4,1] Keff=f16 Veff=f16 turbo_kv=1 prefer_native_vec=0 decode=1 dk=1 dv=0 unsafe_vec_after_turbo_v_decode=0 allow_vec=1 kernel=MMA_F16 need_f16_K=0 need_f16_V=0 Knb=[34,272,68,69632] Vnb=[2,2048,512,524288] Keff_nb=[2,2048,512,524288] Veff_nb=[2,2048,512,524288]
CUDA_FA_ROUTE_SUPPORTED kernel=MMA_F16 effK=f16 effV=f16 supported=1
CUDA_FA_ROUTE_PLAN device=0 Q=[256,1,16,1] Kraw=turbo2 Vraw=f16 Kshape=[256,256,4,1] Vshape=[256,256,4,1] Keff=f16 Veff=f16 turbo_kv=1 prefer_native_vec=0 decode=1 dk=1 dv=0 unsafe_vec_after_turbo_v_decode=0 allow_vec=1 kernel=MMA_F16 need_f16_K=0 need_f16_V=0 Knb=[34,272,68,69632] Vnb=[2,2048,512,524288] Keff_nb=[2,2048,512,524288] Veff_nb=[2,2048,512,524288]
CUDA_FA_ROUTE_SUPPORTED kernel=MMA_F16 effK=f16 effV=f16 supported=1
CUDA_FA_ROUTE_PLAN device=0 Q=[256,1,16,1] Kraw=turbo2 Vraw=f16 Kshape=[256,256,4,1] Vshape=[256,256,4,1] Keff=f16 Veff=f16 turbo_kv=1 prefer_native_vec=0 decode=1 dk=1 dv=0 unsafe_vec_after_turbo_v_decode=0 allow_vec=1 kernel=MMA_F16 need_f16_K=0 need_f16_V=0 Knb=[34,272,68,69632] Vnb=[2,2048,512,524288] Keff_nb=[2,2048,512,524288] Veff_nb=[2,2048,512,524288]
CUDA_FA_ROUTE_SUPPORTED kernel=MMA_F16 effK=f16 effV=f16 supported=1
CUDA_FA_ROUTE_PLAN device=0 Q=[256,1,16,1] Kraw=turbo2 Vraw=f16 Kshape=[256,256,4,1] Vshape=[256,256,4,1] Keff=f16 Veff=f16 turbo_kv=1 prefer_native_vec=0 decode=1 dk=1 dv=0 unsafe_vec_after_turbo_v_decode=0 allow_vec=1 kernel=MMA_F16 need_f16_K=0 need_f16_V=0 Knb=[34,272,68,69632] Vnb=[2,2048,512,524288] Keff_nb=[2,2048,512,524288] Veff_nb=[2,2048,512,524288]
CUDA_FA_ROUTE_SUPPORTED kernel=MMA_F16 effK=f16 effV=f16 supported=1
CUDA_FA_ROUTE_PLAN device=0 Q=[256,1,16,1] Kraw=turbo2 Vraw=f16 Kshape=[256,256,4,1] Vshape=[256,256,4,1] Keff=f16 Veff=f16 turbo_kv=1 prefer_native_vec=0 decode=1 dk=1 dv=0 unsafe_vec_after_turbo_v_decode=0 allow_vec=1 kernel=MMA_F16 need_f16_K=0 need_f16_V=0 Knb=[34,272,68,69632] Vnb=[2,2048,512,524288] Keff_nb=[2,2048,512,524288] Veff_nb=[2,2048,512,524288]
CUDA_FA_ROUTE_SUPPORTED kernel=MMA_F16 effK=f16 effV=f16 supported=1
CUDA_FA_ROUTE_PLAN device=0 Q=[256,1,16,1] Kraw=turbo2 Vraw=f16 Kshape=[256,256,4,1] Vshape=[256,256,4,1] Keff=f16 Veff=f16 turbo_kv=1 prefer_native_vec=0 decode=1 dk=1 dv=0 unsafe_vec_after_turbo_v_decode=0 allow_vec=1 kernel=MMA_F16 need_f16_K=0 need_f16_V=0 Knb=[34,272,68,69632] Vnb=[2,2048,512,524288] Keff_nb=[2,2048,512,524288] Veff_nb=[2,2048,512,524288]
CUDA_FA_ROUTE_SUPPORTED kernel=MMA_F16 effK=f16 effV=f16 supported=1
CUDA_FA_ROUTE_PLAN device=0 Q=[256,1,16,1] Kraw=turbo2 Vraw=f16 Kshape=[256,256,4,1] Vshape=[256,256,4,1] Keff=f16 Veff=f16 turbo_kv=1 prefer_native_vec=0 decode=1 dk=1 dv=0 unsafe_vec_after_turbo_v_decode=0 allow_vec=1 kernel=MMA_F16 need_f16_K=0 need_f16_V=0 Knb=[34,272,68,69632] Vnb=[2,2048,512,524288] Keff_nb=[2,2048,512,524288] Veff_nb=[2,2048,512,524288]
CUDA_FA_ROUTE_SUPPORTED kernel=MMA_F16 effK=f16 effV=f16 supported=1
CUDA_FA_ROUTE_PLAN device=0 Q=[256,256,16,1] Kraw=turbo2 Vraw=f16 Kshape=[256,256,4,1] Vshape=[256,256,4,1] Keff=f16 Veff=f16 turbo_kv=1 prefer_native_vec=0 decode=1 dk=1 dv=0 unsafe_vec_after_turbo_v_decode=0 allow_vec=1 kernel=MMA_F16 need_f16_K=0 need_f16_V=0 Knb=[34,272,68,69632] Vnb=[2,2048,512,524288] Keff_nb=[2,2048,512,524288] Veff_nb=[2,2048,512,524288]
CUDA_FA_ROUTE_SUPPORTED kernel=MMA_F16 effK=f16 effV=f16 supported=1
CUDA_FA_ROUTE_PLAN device=0 Q=[256,256,16,1] Kraw=turbo2 Vraw=f16 Kshape=[256,256,4,1] Vshape=[256,256,4,1] Keff=f16 Veff=f16 turbo_kv=1 prefer_native_vec=0 decode=1 dk=1 dv=0 unsafe_vec_after_turbo_v_decode=0 allow_vec=1 kernel=MMA_F16 need_f16_K=0 need_f16_V=0 Knb=[34,272,68,69632] Vnb=[2,2048,512,524288] Keff_nb=[2,2048,512,524288] Veff_nb=[2,2048,512,524288]
CUDA_FA_ROUTE_SUPPORTED kernel=MMA_F16 effK=f16 effV=f16 supported=1
CUDA_FA_ROUTE_PLAN device=0 Q=[256,256,16,1] Kraw=turbo2 Vraw=f16 Kshape=[256,256,4,1] Vshape=[256,256,4,1] Keff=f16 Veff=f16 turbo_kv=1 prefer_native_vec=0 decode=1 dk=1 dv=0 unsafe_vec_after_turbo_v_decode=0 allow_vec=1 kernel=MMA_F16 need_f16_K=0 need_f16_V=0 Knb=[34,272,68,69632] Vnb=[2,2048,512,524288] Keff_nb=[2,2048,512,524288] Veff_nb=[2,2048,512,524288]
CUDA_FA_ROUTE_SUPPORTED kernel=MMA_F16 effK=f16 effV=f16 supported=1
CUDA_FA_ROUTE_PLAN device=0 Q=[256,256,16,1] Kraw=turbo2 Vraw=f16 Kshape=[256,256,4,1] Vshape=[256,256,4,1] Keff=f16 Veff=f16 turbo_kv=1 prefer_native_vec=0 decode=1 dk=1 dv=0 unsafe_vec_after_turbo_v_decode=0 allow_vec=1 kernel=MMA_F16 need_f16_K=0 need_f16_V=0 Knb=[34,272,68,69632] Vnb=[2,2048,512,524288] Keff_nb=[2,2048,512,524288] Veff_nb=[2,2048,512,524288]
CUDA_FA_ROUTE_SUPPORTED kernel=MMA_F16 effK=f16 effV=f16 supported=1
CUDA_FA_ROUTE_PLAN device=0 Q=[256,256,16,1] Kraw=turbo2 Vraw=f16 Kshape=[256,256,4,1] Vshape=[256,256,4,1] Keff=f16 Veff=f16 turbo_kv=1 prefer_native_vec=0 decode=1 dk=1 dv=0 unsafe_vec_after_turbo_v_decode=0 allow_vec=1 kernel=MMA_F16 need_f16_K=0 need_f16_V=0 Knb=[34,272,68,69632] Vnb=[2,2048,512,524288] Keff_nb=[2,2048,512,524288] Veff_nb=[2,2048,512,524288]
CUDA_FA_ROUTE_SUPPORTED kernel=MMA_F16 effK=f16 effV=f16 supported=1
CUDA_FA_ROUTE_PLAN device=0 Q=[256,256,16,1] Kraw=turbo2 Vraw=f16 Kshape=[256,256,4,1] Vshape=[256,256,4,1] Keff=f16 Veff=f16 turbo_kv=1 prefer_native_vec=0 decode=1 dk=1 dv=0 unsafe_vec_after_turbo_v_decode=0 allow_vec=1 kernel=MMA_F16 need_f16_K=0 need_f16_V=0 Knb=[34,272,68,69632] Vnb=[2,2048,512,524288] Keff_nb=[2,2048,512,524288] Veff_nb=[2,2048,512,524288]
CUDA_FA_ROUTE_SUPPORTED kernel=MMA_F16 effK=f16 effV=f16 supported=1
CUDA_FA_ROUTE_PLAN device=0 Q=[256,256,16,1] Kraw=turbo2 Vraw=f16 Kshape=[256,256,4,1] Vshape=[256,256,4,1] Keff=f16 Veff=f16 turbo_kv=1 prefer_native_vec=0 decode=1 dk=1 dv=0 unsafe_vec_after_turbo_v_decode=0 allow_vec=1 kernel=MMA_F16 need_f16_K=0 need_f16_V=0 Knb=[34,272,68,69632] Vnb=[2,2048,512,524288] Keff_nb=[2,2048,512,524288] Veff_nb=[2,2048,512,524288]
CUDA_FA_ROUTE_SUPPORTED kernel=MMA_F16 effK=f16 effV=f16 supported=1
CUDA_FA_ROUTE_PLAN device=0 Q=[256,256,16,1] Kraw=turbo2 Vraw=f16 Kshape=[256,256,4,1] Vshape=[256,256,4,1] Keff=f16 Veff=f16 turbo_kv=1 prefer_native_vec=0 decode=1 dk=1 dv=0 unsafe_vec_after_turbo_v_decode=0 allow_vec=1 kernel=MMA_F16 need_f16_K=0 need_f16_V=0 Knb=[34,272,68,69632] Vnb=[2,2048,512,524288] Keff_nb=[2,2048,512,524288] Veff_nb=[2,2048,512,524288]
CUDA_FA_ROUTE_SUPPORTED kernel=MMA_F16 effK=f16 effV=f16 supported=1
CUDA_FA_ROUTE_PLAN device=0 Q=[256,256,16,1] Kraw=turbo2 Vraw=f16 Kshape=[256,256,4,1] Vshape=[256,256,4,1] Keff=f16 Veff=f16 turbo_kv=1 prefer_native_vec=0 decode=1 dk=1 dv=0 unsafe_vec_after_turbo_v_decode=0 allow_vec=1 kernel=MMA_F16 need_f16_K=0 need_f16_V=0 Knb=[34,272,68,69632] Vnb=[2,2048,512,524288] Keff_nb=[2,2048,512,524288] Veff_nb=[2,2048,512,524288]
CUDA_FA_ROUTE_ALLOC kernel=MMA_F16 need_f16_K=0 need_f16_V=0 workspace_end_offset=4194304 dst_data=(nil) f16_K=(nil) f16_V=(nil) f16_end=0x400000
CUDA_FA_ROUTE_PLAN device=0 Q=[256,256,16,1] Kraw=turbo2 Vraw=f16 Kshape=[256,256,4,1] Vshape=[256,256,4,1] Keff=f16 Veff=f16 turbo_kv=1 prefer_native_vec=0 decode=1 dk=1 dv=0 unsafe_vec_after_turbo_v_decode=0 allow_vec=1 kernel=MMA_F16 need_f16_K=0 need_f16_V=0 Knb=[34,272,68,69632] Vnb=[2,2048,512,524288] Keff_nb=[2,2048,512,524288] Veff_nb=[2,2048,512,524288]
CUDA_FA_ROUTE_ALLOC kernel=MMA_F16 need_f16_K=0 need_f16_V=0 workspace_end_offset=4194304 dst_data=(nil) f16_K=(nil) f16_V=(nil) f16_end=0x400000
CUDA_FA_ROUTE_PLAN device=0 Q=[256,256,16,1] Kraw=turbo2 Vraw=f16 Kshape=[256,256,4,1] Vshape=[256,256,4,1] Keff=f16 Veff=f16 turbo_kv=1 prefer_native_vec=0 decode=1 dk=1 dv=0 unsafe_vec_after_turbo_v_decode=0 allow_vec=1 kernel=MMA_F16 need_f16_K=0 need_f16_V=0 Knb=[34,272,68,69632] Vnb=[2,2048,512,524288] Keff_nb=[2,2048,512,524288] Veff_nb=[2,2048,512,524288]
CUDA_FA_ROUTE_ALLOC kernel=MMA_F16 need_f16_K=0 need_f16_V=0 workspace_end_offset=4194304 dst_data=(nil) f16_K=(nil) f16_V=(nil) f16_end=0x400000
CUDA_FA_ROUTE_PLAN device=0 Q=[256,256,16,1] Kraw=turbo2 Vraw=f16 Kshape=[256,256,4,1] Vshape=[256,256,4,1] Keff=f16 Veff=f16 turbo_kv=1 prefer_native_vec=0 decode=1 dk=1 dv=0 unsafe_vec_after_turbo_v_decode=0 allow_vec=1 kernel=MMA_F16 need_f16_K=0 need_f16_V=0 Knb=[34,272,68,69632] Vnb=[2,2048,512,524288] Keff_nb=[2,2048,512,524288] Veff_nb=[2,2048,512,524288]
CUDA_FA_ROUTE_ALLOC kernel=MMA_F16 need_f16_K=0 need_f16_V=0 workspace_end_offset=4194304 dst_data=(nil) f16_K=(nil) f16_V=(nil) f16_end=0x400000
CUDA_FA_ROUTE_PLAN device=0 Q=[256,256,16,1] Kraw=turbo2 Vraw=f16 Kshape=[256,256,4,1] Vshape=[256,256,4,1] Keff=f16 Veff=f16 turbo_kv=1 prefer_native_vec=0 decode=1 dk=1 dv=0 unsafe_vec_after_turbo_v_decode=0 allow_vec=1 kernel=MMA_F16 need_f16_K=0 need_f16_V=0 Knb=[34,272,68,69632] Vnb=[2,2048,512,524288] Keff_nb=[2,2048,512,524288] Veff_nb=[2,2048,512,524288]
CUDA_FA_ROUTE_ALLOC kernel=MMA_F16 need_f16_K=0 need_f16_V=0 workspace_end_offset=4194304 dst_data=(nil) f16_K=(nil) f16_V=(nil) f16_end=0x400000
CUDA_FA_ROUTE_PLAN device=0 Q=[256,256,16,1] Kraw=turbo2 Vraw=f16 Kshape=[256,256,4,1] Vshape=[256,256,4,1] Keff=f16 Veff=f16 turbo_kv=1 prefer_native_vec=0 decode=1 dk=1 dv=0 unsafe_vec_after_turbo_v_decode=0 allow_vec=1 kernel=MMA_F16 need_f16_K=0 need_f16_V=0 Knb=[34,272,68,69632] Vnb=[2,2048,512,524288] Keff_nb=[2,2048,512,524288] Veff_nb=[2,2048,512,524288]
CUDA_FA_ROUTE_ALLOC kernel=MMA_F16 need_f16_K=0 need_f16_V=0 workspace_end_offset=4194304 dst_data=(nil) f16_K=(nil) f16_V=(nil) f16_end=0x400000
CUDA_FA_ROUTE_PLAN device=0 Q=[256,256,16,1] Kraw=turbo2 Vraw=f16 Kshape=[256,256,4,1] Vshape=[256,256,4,1] Keff=f16 Veff=f16 turbo_kv=1 prefer_native_vec=0 decode=1 dk=1 dv=0 unsafe_vec_after_turbo_v_decode=0 allow_vec=1 kernel=MMA_F16 need_f16_K=0 need_f16_V=0 Knb=[34,272,68,69632] Vnb=[2,2048,512,524288] Keff_nb=[2,2048,512,524288] Veff_nb=[2,2048,512,524288]
CUDA_FA_ROUTE_ALLOC kernel=MMA_F16 need_f16_K=0 need_f16_V=0 workspace_end_offset=4194304 dst_data=(nil) f16_K=(nil) f16_V=(nil) f16_end=0x400000
CUDA_FA_ROUTE_PLAN device=0 Q=[256,256,16,1] Kraw=turbo2 Vraw=f16 Kshape=[256,256,4,1] Vshape=[256,256,4,1] Keff=f16 Veff=f16 turbo_kv=1 prefer_native_vec=0 decode=1 dk=1 dv=0 unsafe_vec_after_turbo_v_decode=0 allow_vec=1 kernel=MMA_F16 need_f16_K=0 need_f16_V=0 Knb=[34,272,68,69632] Vnb=[2,2048,512,524288] Keff_nb=[2,2048,512,524288] Veff_nb=[2,2048,512,524288]
CUDA_FA_ROUTE_ALLOC kernel=MMA_F16 need_f16_K=0 need_f16_V=0 workspace_end_offset=4194304 dst_data=(nil) f16_K=(nil) f16_V=(nil) f16_end=0x400000
CUDA_FA_ROUTE_PLAN device=0 Q=[256,256,16,1] Kraw=turbo2 Vraw=f16 Kshape=[256,256,4,1] Vshape=[256,256,4,1] Keff=f16 Veff=f16 turbo_kv=1 prefer_native_vec=0 decode=1 dk=1 dv=0 unsafe_vec_after_turbo_v_decode=0 allow_vec=1 kernel=MMA_F16 need_f16_K=0 need_f16_V=0 Knb=[34,272,68,69632] Vnb=[2,2048,512,524288] Keff_nb=[2,2048,512,524288] Veff_nb=[2,2048,512,524288]
CUDA_FA_ROUTE_ALLOC kernel=MMA_F16 need_f16_K=0 need_f16_V=0 workspace_end_offset=4194304 dst_data=(nil) f16_K=(nil) f16_V=(nil) f16_end=0x400000
CUDA_FA_ROUTE_PLAN device=0 Q=[256,256,16,1] Kraw=turbo2 Vraw=f16 Kshape=[256,256,4,1] Vshape=[256,256,4,1] Keff=f16 Veff=f16 turbo_kv=1 prefer_native_vec=0 decode=1 dk=1 dv=0 unsafe_vec_after_turbo_v_decode=0 allow_vec=1 kernel=MMA_F16 need_f16_K=0 need_f16_V=0 Knb=[34,272,68,69632] Vnb=[2,2048,512,524288] Keff_nb=[2,2048,512,524288] Veff_nb=[2,2048,512,524288]
CUDA_FA_ROUTE_ALLOC kernel=MMA_F16 need_f16_K=0 need_f16_V=0 workspace_end_offset=4194304 dst_data=(nil) f16_K=(nil) f16_V=(nil) f16_end=0x400000
CUDA_FA_ROUTE_PLAN device=0 Q=[256,256,16,1] Kraw=turbo2 Vraw=f16 Kshape=[256,256,4,1] Vshape=[256,256,4,1] Keff=f16 Veff=f16 turbo_kv=1 prefer_native_vec=0 decode=1 dk=1 dv=0 unsafe_vec_after_turbo_v_decode=0 allow_vec=1 kernel=MMA_F16 need_f16_K=0 need_f16_V=0 Knb=[34,272,68,69632] Vnb=[2,2048,512,524288] Keff_nb=[2,2048,512,524288] Veff_nb=[2,2048,512,524288]
CUDA_FA_ROUTE_ALLOC kernel=MMA_F16 need_f16_K=0 need_f16_V=0 workspace_end_offset=4194304 dst_data=(nil) f16_K=(nil) f16_V=(nil) f16_end=0x400000
CUDA_FA_ROUTE_PLAN device=0 Q=[256,256,16,1] Kraw=turbo2 Vraw=f16 Kshape=[256,256,4,1] Vshape=[256,256,4,1] Keff=f16 Veff=f16 turbo_kv=1 prefer_native_vec=0 decode=1 dk=1 dv=0 unsafe_vec_after_turbo_v_decode=0 allow_vec=1 kernel=MMA_F16 need_f16_K=0 need_f16_V=0 Knb=[34,272,68,69632] Vnb=[2,2048,512,524288] Keff_nb=[2,2048,512,524288] Veff_nb=[2,2048,512,524288]
CUDA_FA_ROUTE_ALLOC kernel=MMA_F16 need_f16_K=0 need_f16_V=0 workspace_end_offset=4194304 dst_data=(nil) f16_K=(nil) f16_V=(nil) f16_end=0x400000
CUDA_FA_ROUTE_PLAN device=0 Q=[256,256,16,1] Kraw=turbo2 Vraw=f16 Kshape=[256,256,4,1] Vshape=[256,256,4,1] Keff=f16 Veff=f16 turbo_kv=1 prefer_native_vec=0 decode=1 dk=1 dv=0 unsafe_vec_after_turbo_v_decode=0 allow_vec=1 kernel=MMA_F16 need_f16_K=0 need_f16_V=0 Knb=[34,272,68,69632] Vnb=[2,2048,512,524288] Keff_nb=[2,2048,512,524288] Veff_nb=[2,2048,512,524288]
CUDA_FA_ROUTE_ALLOC kernel=MMA_F16 need_f16_K=0 need_f16_V=0 workspace_end_offset=4194304 dst_data=(nil) f16_K=(nil) f16_V=(nil) f16_end=0x400000
CUDA_FA_ROUTE_PLAN device=0 Q=[256,256,16,1] Kraw=turbo2 Vraw=f16 Kshape=[256,256,4,1] Vshape=[256,256,4,1] Keff=f16 Veff=f16 turbo_kv=1 prefer_native_vec=0 decode=1 dk=1 dv=0 unsafe_vec_after_turbo_v_decode=0 allow_vec=1 kernel=MMA_F16 need_f16_K=0 need_f16_V=0 Knb=[34,272,68,69632] Vnb=[2,2048,512,524288] Keff_nb=[2,2048,512,524288] Veff_nb=[2,2048,512,524288]
CUDA_FA_ROUTE_ALLOC kernel=MMA_F16 need_f16_K=0 need_f16_V=0 workspace_end_offset=4194304 dst_data=(nil) f16_K=(nil) f16_V=(nil) f16_end=0x400000
CUDA_FA_ROUTE_PLAN device=0 Q=[256,256,16,1] Kraw=turbo2 Vraw=f16 Kshape=[256,256,4,1] Vshape=[256,256,4,1] Keff=f16 Veff=f16 turbo_kv=1 prefer_native_vec=0 decode=1 dk=1 dv=0 unsafe_vec_after_turbo_v_decode=0 allow_vec=1 kernel=MMA_F16 need_f16_K=0 need_f16_V=0 Knb=[34,272,68,69632] Vnb=[2,2048,512,524288] Keff_nb=[2,2048,512,524288] Veff_nb=[2,2048,512,524288]
CUDA_FA_ROUTE_ALLOC kernel=MMA_F16 need_f16_K=0 need_f16_V=0 workspace_end_offset=4194304 dst_data=(nil) f16_K=(nil) f16_V=(nil) f16_end=0x400000
CUDA_FA_ROUTE_PLAN device=0 Q=[256,256,16,1] Kraw=turbo2 Vraw=f16 Kshape=[256,256,4,1] Vshape=[256,256,4,1] Keff=f16 Veff=f16 turbo_kv=1 prefer_native_vec=0 decode=1 dk=1 dv=0 unsafe_vec_after_turbo_v_decode=0 allow_vec=1 kernel=MMA_F16 need_f16_K=0 need_f16_V=0 Knb=[34,272,68,69632] Vnb=[2,2048,512,524288] Keff_nb=[2,2048,512,524288] Veff_nb=[2,2048,512,524288]
CUDA_FA_ROUTE_ALLOC kernel=MMA_F16 need_f16_K=0 need_f16_V=0 workspace_end_offset=4194304 dst_data=(nil) f16_K=(nil) f16_V=(nil) f16_end=0x400000
CUDA_FA_ROUTE_PLAN device=0 Q=[256,256,16,1] Kraw=turbo2 Vraw=f16 Kshape=[256,256,4,1] Vshape=[256,256,4,1] Keff=f16 Veff=f16 turbo_kv=1 prefer_native_vec=0 decode=1 dk=1 dv=0 unsafe_vec_after_turbo_v_decode=0 allow_vec=1 kernel=MMA_F16 need_f16_K=0 need_f16_V=0 Knb=[34,272,68,69632] Vnb=[2,2048,512,524288] Keff_nb=[2,2048,512,524288] Veff_nb=[2,2048,512,524288]
CUDA_FA_ROUTE_ALLOC kernel=MMA_F16 need_f16_K=0 need_f16_V=0 workspace_end_offset=4194304 dst_data=(nil) f16_K=(nil) f16_V=(nil) f16_end=0x400000
CUDA_FA_ROUTE_PLAN device=0 Q=[256,256,16,1] Kraw=turbo2 Vraw=f16 Kshape=[256,256,4,1] Vshape=[256,256,4,1] Keff=f16 Veff=f16 turbo_kv=1 prefer_native_vec=0 decode=1 dk=1 dv=0 unsafe_vec_after_turbo_v_decode=0 allow_vec=1 kernel=MMA_F16 need_f16_K=0 need_f16_V=0 Knb=[34,272,68,69632] Vnb=[2,2048,512,524288] Keff_nb=[2,2048,512,524288] Veff_nb=[2,2048,512,524288]
CUDA_FA_ROUTE_ALLOC kernel=MMA_F16 need_f16_K=0 need_f16_V=0 workspace_end_offset=4194304 dst_data=(nil) f16_K=(nil) f16_V=(nil) f16_end=0x400000
CUDA_FA_ROUTE_PLAN device=0 Q=[256,256,16,1] Kraw=turbo2 Vraw=f16 Kshape=[256,256,4,1] Vshape=[256,256,4,1] Keff=f16 Veff=f16 turbo_kv=1 prefer_native_vec=0 decode=1 dk=1 dv=0 unsafe_vec_after_turbo_v_decode=0 allow_vec=1 kernel=MMA_F16 need_f16_K=0 need_f16_V=0 Knb=[34,272,68,69632] Vnb=[2,2048,512,524288] Keff_nb=[2,2048,512,524288] Veff_nb=[2,2048,512,524288]
CUDA_FA_ROUTE_ALLOC kernel=MMA_F16 need_f16_K=0 need_f16_V=0 workspace_end_offset=4194304 dst_data=(nil) f16_K=(nil) f16_V=(nil) f16_end=0x400000
CUDA_FA_ROUTE_PLAN device=0 Q=[256,256,16,1] Kraw=turbo2 Vraw=f16 Kshape=[256,256,4,1] Vshape=[256,256,4,1] Keff=f16 Veff=f16 turbo_kv=1 prefer_native_vec=0 decode=1 dk=1 dv=0 unsafe_vec_after_turbo_v_decode=0 allow_vec=1 kernel=MMA_F16 need_f16_K=0 need_f16_V=0 Knb=[34,272,68,69632] Vnb=[2,2048,512,524288] Keff_nb=[2,2048,512,524288] Veff_nb=[2,2048,512,524288]
CUDA_FA_ROUTE_ALLOC kernel=MMA_F16 need_f16_K=0 need_f16_V=0 workspace_end_offset=4194304 dst_data=(nil) f16_K=(nil) f16_V=(nil) f16_end=0x400000
CUDA_FA_ROUTE_PLAN device=0 Q=[256,256,16,1] Kraw=turbo2 Vraw=f16 Kshape=[256,256,4,1] Vshape=[256,256,4,1] Keff=f16 Veff=f16 turbo_kv=1 prefer_native_vec=0 decode=1 dk=1 dv=0 unsafe_vec_after_turbo_v_decode=0 allow_vec=1 kernel=MMA_F16 need_f16_K=0 need_f16_V=0 Knb=[34,272,68,69632] Vnb=[2,2048,512,524288] Keff_nb=[2,2048,512,524288] Veff_nb=[2,2048,512,524288]
CUDA_FA_ROUTE_ALLOC kernel=MMA_F16 need_f16_K=0 need_f16_V=0 workspace_end_offset=4194304 dst_data=(nil) f16_K=(nil) f16_V=(nil) f16_end=0x400000
CUDA_FA_ROUTE_PLAN device=0 Q=[256,256,16,1] Kraw=turbo2 Vraw=f16 Kshape=[256,256,4,1] Vshape=[256,256,4,1] Keff=f16 Veff=f16 turbo_kv=1 prefer_native_vec=0 decode=1 dk=1 dv=0 unsafe_vec_after_turbo_v_decode=0 allow_vec=1 kernel=MMA_F16 need_f16_K=0 need_f16_V=0 Knb=[34,272,68,69632] Vnb=[2,2048,512,524288] Keff_nb=[2,2048,512,524288] Veff_nb=[2,2048,512,524288]
CUDA_FA_ROUTE_ALLOC kernel=MMA_F16 need_f16_K=0 need_f16_V=0 workspace_end_offset=4194304 dst_data=(nil) f16_K=(nil) f16_V=(nil) f16_end=0x400000
CUDA_FA_ROUTE_PLAN device=0 Q=[256,256,16,1] Kraw=turbo2 Vraw=f16 Kshape=[256,256,4,1] Vshape=[256,256,4,1] Keff=f16 Veff=f16 turbo_kv=1 prefer_native_vec=0 decode=1 dk=1 dv=0 unsafe_vec_after_turbo_v_decode=0 allow_vec=1 kernel=MMA_F16 need_f16_K=0 need_f16_V=0 Knb=[34,272,68,69632] Vnb=[2,2048,512,524288] Keff_nb=[2,2048,512,524288] Veff_nb=[2,2048,512,524288]
CUDA_FA_ROUTE_ALLOC kernel=MMA_F16 need_f16_K=0 need_f16_V=0 workspace_end_offset=4194304 dst_data=(nil) f16_K=(nil) f16_V=(nil) f16_end=0x400000
CUDA_FA_ROUTE_PLAN device=0 Q=[256,256,16,1] Kraw=turbo2 Vraw=f16 Kshape=[256,256,4,1] Vshape=[256,256,4,1] Keff=f16 Veff=f16 turbo_kv=1 prefer_native_vec=0 decode=1 dk=1 dv=0 unsafe_vec_after_turbo_v_decode=0 allow_vec=1 kernel=MMA_F16 need_f16_K=0 need_f16_V=0 Knb=[34,272,68,69632] Vnb=[2,2048,512,524288] Keff_nb=[2,2048,512,524288] Veff_nb=[2,2048,512,524288]
CUDA_FA_ROUTE_ALLOC kernel=MMA_F16 need_f16_K=0 need_f16_V=0 workspace_end_offset=4194304 dst_data=(nil) f16_K=(nil) f16_V=(nil) f16_end=0x400000
CUDA_FA_ROUTE_PLAN device=0 Q=[256,256,16,1] Kraw=turbo2 Vraw=f16 Kshape=[256,256,4,1] Vshape=[256,256,4,1] Keff=f16 Veff=f16 turbo_kv=1 prefer_native_vec=0 decode=1 dk=1 dv=0 unsafe_vec_after_turbo_v_decode=0 allow_vec=1 kernel=MMA_F16 need_f16_K=0 need_f16_V=0 Knb=[34,272,68,69632] Vnb=[2,2048,512,524288] Keff_nb=[2,2048,512,524288] Veff_nb=[2,2048,512,524288]
CUDA_FA_ROUTE_ALLOC kernel=MMA_F16 need_f16_K=0 need_f16_V=0 workspace_end_offset=4194304 dst_data=(nil) f16_K=(nil) f16_V=(nil) f16_end=0x400000
CUDA_FA_ROUTE_PLAN device=0 Q=[256,256,16,1] Kraw=turbo2 Vraw=f16 Kshape=[256,256,4,1] Vshape=[256,256,4,1] Keff=f16 Veff=f16 turbo_kv=1 prefer_native_vec=0 decode=1 dk=1 dv=0 unsafe_vec_after_turbo_v_decode=0 allow_vec=1 kernel=MMA_F16 need_f16_K=0 need_f16_V=0 Knb=[34,272,68,69632] Vnb=[2,2048,512,524288] Keff_nb=[2,2048,512,524288] Veff_nb=[2,2048,512,524288]
CUDA_FA_ROUTE_ALLOC kernel=MMA_F16 need_f16_K=0 need_f16_V=0 workspace_end_offset=4194304 dst_data=(nil) f16_K=(nil) f16_V=(nil) f16_end=0x400000
CUDA_FA_ROUTE_PLAN device=0 Q=[256,256,16,1] Kraw=turbo2 Vraw=f16 Kshape=[256,256,4,1] Vshape=[256,256,4,1] Keff=f16 Veff=f16 turbo_kv=1 prefer_native_vec=0 decode=1 dk=1 dv=0 unsafe_vec_after_turbo_v_decode=0 allow_vec=1 kernel=MMA_F16 need_f16_K=0 need_f16_V=0 Knb=[34,272,68,69632] Vnb=[2,2048,512,524288] Keff_nb=[2,2048,512,524288] Veff_nb=[2,2048,512,524288]
CUDA_FA_ROUTE_ALLOC kernel=MMA_F16 need_f16_K=0 need_f16_V=0 workspace_end_offset=4194304 dst_data=(nil) f16_K=(nil) f16_V=(nil) f16_end=0x400000
CUDA_FA_ROUTE_PLAN device=0 Q=[256,256,16,1] Kraw=turbo2 Vraw=f16 Kshape=[256,256,4,1] Vshape=[256,256,4,1] Keff=f16 Veff=f16 turbo_kv=1 prefer_native_vec=0 decode=1 dk=1 dv=0 unsafe_vec_after_turbo_v_decode=0 allow_vec=1 kernel=MMA_F16 need_f16_K=0 need_f16_V=0 Knb=[34,272,68,69632] Vnb=[2,2048,512,524288] Keff_nb=[2,2048,512,524288] Veff_nb=[2,2048,512,524288]
CUDA_FA_ROUTE_ALLOC kernel=MMA_F16 need_f16_K=0 need_f16_V=0 workspace_end_offset=4194304 dst_data=(nil) f16_K=(nil) f16_V=(nil) f16_end=0x400000
CUDA_FA_ROUTE_PLAN device=0 Q=[256,256,16,1] Kraw=turbo2 Vraw=f16 Kshape=[256,256,4,1] Vshape=[256,256,4,1] Keff=f16 Veff=f16 turbo_kv=1 prefer_native_vec=0 decode=1 dk=1 dv=0 unsafe_vec_after_turbo_v_decode=0 allow_vec=1 kernel=MMA_F16 need_f16_K=0 need_f16_V=0 Knb=[34,272,68,69632] Vnb=[2,2048,512,524288] Keff_nb=[2,2048,512,524288] Veff_nb=[2,2048,512,524288]
CUDA_FA_ROUTE_ALLOC kernel=MMA_F16 need_f16_K=0 need_f16_V=0 workspace_end_offset=4194304 dst_data=(nil) f16_K=(nil) f16_V=(nil) f16_end=0x400000
CUDA_FA_ROUTE_PLAN device=0 Q=[256,256,16,1] Kraw=turbo2 Vraw=f16 Kshape=[256,256,4,1] Vshape=[256,256,4,1] Keff=f16 Veff=f16 turbo_kv=1 prefer_native_vec=0 decode=1 dk=1 dv=0 unsafe_vec_after_turbo_v_decode=0 allow_vec=1 kernel=MMA_F16 need_f16_K=0 need_f16_V=0 Knb=[34,272,68,69632] Vnb=[2,2048,512,524288] Keff_nb=[2,2048,512,524288] Veff_nb=[2,2048,512,524288]
CUDA_FA_ROUTE_ALLOC kernel=MMA_F16 need_f16_K=0 need_f16_V=0 workspace_end_offset=4194304 dst_data=(nil) f16_K=(nil) f16_V=(nil) f16_end=0x400000
CUDA_FA_ROUTE_PLAN device=0 Q=[256,256,16,1] Kraw=turbo2 Vraw=f16 Kshape=[256,256,4,1] Vshape=[256,256,4,1] Keff=f16 Veff=f16 turbo_kv=1 prefer_native_vec=0 decode=1 dk=1 dv=0 unsafe_vec_after_turbo_v_decode=0 allow_vec=1 kernel=MMA_F16 need_f16_K=0 need_f16_V=0 Knb=[34,272,68,69632] Vnb=[2,2048,512,524288] Keff_nb=[2,2048,512,524288] Veff_nb=[2,2048,512,524288]
CUDA_FA_ROUTE_ALLOC kernel=MMA_F16 need_f16_K=0 need_f16_V=0 workspace_end_offset=4194304 dst_data=(nil) f16_K=(nil) f16_V=(nil) f16_end=0x400000
CUDA_FA_ROUTE_PLAN device=0 Q=[256,256,16,1] Kraw=turbo2 Vraw=f16 Kshape=[256,256,4,1] Vshape=[256,256,4,1] Keff=f16 Veff=f16 turbo_kv=1 prefer_native_vec=0 decode=1 dk=1 dv=0 unsafe_vec_after_turbo_v_decode=0 allow_vec=1 kernel=MMA_F16 need_f16_K=0 need_f16_V=0 Knb=[34,272,68,69632] Vnb=[2,2048,512,524288] Keff_nb=[2,2048,512,524288] Veff_nb=[2,2048,512,524288]
CUDA_FA_ROUTE_ALLOC kernel=MMA_F16 need_f16_K=0 need_f16_V=0 workspace_end_offset=4194304 dst_data=(nil) f16_K=(nil) f16_V=(nil) f16_end=0x400000
CUDA_FA_ROUTE_PLAN device=0 Q=[256,1,16,1] Kraw=turbo2 Vraw=f16 Kshape=[256,256,4,1] Vshape=[256,256,4,1] Keff=f16 Veff=f16 turbo_kv=1 prefer_native_vec=0 decode=1 dk=1 dv=0 unsafe_vec_after_turbo_v_decode=0 allow_vec=1 kernel=MMA_F16 need_f16_K=0 need_f16_V=0 Knb=[34,272,68,69632] Vnb=[2,2048,512,524288] Keff_nb=[2,2048,512,524288] Veff_nb=[2,2048,512,524288]
CUDA_FA_ROUTE_SUPPORTED kernel=MMA_F16 effK=f16 effV=f16 supported=1
CUDA_FA_ROUTE_PLAN device=0 Q=[256,1,16,1] Kraw=turbo2 Vraw=f16 Kshape=[256,256,4,1] Vshape=[256,256,4,1] Keff=f16 Veff=f16 turbo_kv=1 prefer_native_vec=0 decode=1 dk=1 dv=0 unsafe_vec_after_turbo_v_decode=0 allow_vec=1 kernel=MMA_F16 need_f16_K=0 need_f16_V=0 Knb=[34,272,68,69632] Vnb=[2,2048,512,524288] Keff_nb=[2,2048,512,524288] Veff_nb=[2,2048,512,524288]
CUDA_FA_ROUTE_SUPPORTED kernel=MMA_F16 effK=f16 effV=f16 supported=1
CUDA_FA_ROUTE_PLAN device=0 Q=[256,1,16,1] Kraw=turbo2 Vraw=f16 Kshape=[256,256,4,1] Vshape=[256,256,4,1] Keff=f16 Veff=f16 turbo_kv=1 prefer_native_vec=0 decode=1 dk=1 dv=0 unsafe_vec_after_turbo_v_decode=0 allow_vec=1 kernel=MMA_F16 need_f16_K=0 need_f16_V=0 Knb=[34,272,68,69632] Vnb=[2,2048,512,524288] Keff_nb=[2,2048,512,524288] Veff_nb=[2,2048,512,524288]
CUDA_FA_ROUTE_SUPPORTED kernel=MMA_F16 effK=f16 effV=f16 supported=1
CUDA_FA_ROUTE_PLAN device=0 Q=[256,1,16,1] Kraw=turbo2 Vraw=f16 Kshape=[256,256,4,1] Vshape=[256,256,4,1] Keff=f16 Veff=f16 turbo_kv=1 prefer_native_vec=0 decode=1 dk=1 dv=0 unsafe_vec_after_turbo_v_decode=0 allow_vec=1 kernel=MMA_F16 need_f16_K=0 need_f16_V=0 Knb=[34,272,68,69632] Vnb=[2,2048,512,524288] Keff_nb=[2,2048,512,524288] Veff_nb=[2,2048,512,524288]
CUDA_FA_ROUTE_SUPPORTED kernel=MMA_F16 effK=f16 effV=f16 supported=1
CUDA_FA_ROUTE_PLAN device=0 Q=[256,1,16,1] Kraw=turbo2 Vraw=f16 Kshape=[256,256,4,1] Vshape=[256,256,4,1] Keff=f16 Veff=f16 turbo_kv=1 prefer_native_vec=0 decode=1 dk=1 dv=0 unsafe_vec_after_turbo_v_decode=0 allow_vec=1 kernel=MMA_F16 need_f16_K=0 need_f16_V=0 Knb=[34,272,68,69632] Vnb=[2,2048,512,524288] Keff_nb=[2,2048,512,524288] Veff_nb=[2,2048,512,524288]
CUDA_FA_ROUTE_SUPPORTED kernel=MMA_F16 effK=f16 effV=f16 supported=1
CUDA_FA_ROUTE_PLAN device=0 Q=[256,1,16,1] Kraw=turbo2 Vraw=f16 Kshape=[256,256,4,1] Vshape=[256,256,4,1] Keff=f16 Veff=f16 turbo_kv=1 prefer_native_vec=0 decode=1 dk=1 dv=0 unsafe_vec_after_turbo_v_decode=0 allow_vec=1 kernel=MMA_F16 need_f16_K=0 need_f16_V=0 Knb=[34,272,68,69632] Vnb=[2,2048,512,524288] Keff_nb=[2,2048,512,524288] Veff_nb=[2,2048,512,524288]
CUDA_FA_ROUTE_SUPPORTED kernel=MMA_F16 effK=f16 effV=f16 supported=1
CUDA_FA_ROUTE_PLAN device=0 Q=[256,1,16,1] Kraw=turbo2 Vraw=f16 Kshape=[256,256,4,1] Vshape=[256,256,4,1] Keff=f16 Veff=f16 turbo_kv=1 prefer_native_vec=0 decode=1 dk=1 dv=0 unsafe_vec_after_turbo_v_decode=0 allow_vec=1 kernel=MMA_F16 need_f16_K=0 need_f16_V=0 Knb=[34,272,68,69632] Vnb=[2,2048,512,524288] Keff_nb=[2,2048,512,524288] Veff_nb=[2,2048,512,524288]
CUDA_FA_ROUTE_SUPPORTED kernel=MMA_F16 effK=f16 effV=f16 supported=1
CUDA_FA_ROUTE_PLAN device=0 Q=[256,1,16,1] Kraw=turbo2 Vraw=f16 Kshape=[256,256,4,1] Vshape=[256,256,4,1] Keff=f16 Veff=f16 turbo_kv=1 prefer_native_vec=0 decode=1 dk=1 dv=0 unsafe_vec_after_turbo_v_decode=0 allow_vec=1 kernel=MMA_F16 need_f16_K=0 need_f16_V=0 Knb=[34,272,68,69632] Vnb=[2,2048,512,524288] Keff_nb=[2,2048,512,524288] Veff_nb=[2,2048,512,524288]
CUDA_FA_ROUTE_SUPPORTED kernel=MMA_F16 effK=f16 effV=f16 supported=1
CUDA_FA_ROUTE_PLAN device=0 Q=[256,256,16,1] Kraw=turbo2 Vraw=f16 Kshape=[256,256,4,1] Vshape=[256,256,4,1] Keff=f16 Veff=f16 turbo_kv=1 prefer_native_vec=0 decode=1 dk=1 dv=0 unsafe_vec_after_turbo_v_decode=0 allow_vec=1 kernel=MMA_F16 need_f16_K=0 need_f16_V=0 Knb=[34,272,68,69632] Vnb=[2,2048,512,524288] Keff_nb=[2,2048,512,524288] Veff_nb=[2,2048,512,524288]
CUDA_FA_ROUTE_SUPPORTED kernel=MMA_F16 effK=f16 effV=f16 supported=1
CUDA_FA_ROUTE_PLAN device=0 Q=[256,256,16,1] Kraw=turbo2 Vraw=f16 Kshape=[256,256,4,1] Vshape=[256,256,4,1] Keff=f16 Veff=f16 turbo_kv=1 prefer_native_vec=0 decode=1 dk=1 dv=0 unsafe_vec_after_turbo_v_decode=0 allow_vec=1 kernel=MMA_F16 need_f16_K=0 need_f16_V=0 Knb=[34,272,68,69632] Vnb=[2,2048,512,524288] Keff_nb=[2,2048,512,524288] Veff_nb=[2,2048,512,524288]
CUDA_FA_ROUTE_SUPPORTED kernel=MMA_F16 effK=f16 effV=f16 supported=1
CUDA_FA_ROUTE_PLAN device=0 Q=[256,256,16,1] Kraw=turbo2 Vraw=f16 Kshape=[256,256,4,1] Vshape=[256,256,4,1] Keff=f16 Veff=f16 turbo_kv=1 prefer_native_vec=0 decode=1 dk=1 dv=0 unsafe_vec_after_turbo_v_decode=0 allow_vec=1 kernel=MMA_F16 need_f16_K=0 need_f16_V=0 Knb=[34,272,68,69632] Vnb=[2,2048,512,524288] Keff_nb=[2,2048,512,524288] Veff_nb=[2,2048,512,524288]
CUDA_FA_ROUTE_SUPPORTED kernel=MMA_F16 effK=f16 effV=f16 supported=1
CUDA_FA_ROUTE_PLAN device=0 Q=[256,256,16,1] Kraw=turbo2 Vraw=f16 Kshape=[256,256,4,1] Vshape=[256,256,4,1] Keff=f16 Veff=f16 turbo_kv=1 prefer_native_vec=0 decode=1 dk=1 dv=0 unsafe_vec_after_turbo_v_decode=0 allow_vec=1 kernel=MMA_F16 need_f16_K=0 need_f16_V=0 Knb=[34,272,68,69632] Vnb=[2,2048,512,524288] Keff_nb=[2,2048,512,524288] Veff_nb=[2,2048,512,524288]
CUDA_FA_ROUTE_SUPPORTED kernel=MMA_F16 effK=f16 effV=f16 supported=1
CUDA_FA_ROUTE_PLAN device=0 Q=[256,256,16,1] Kraw=turbo2 Vraw=f16 Kshape=[256,256,4,1] Vshape=[256,256,4,1] Keff=f16 Veff=f16 turbo_kv=1 prefer_native_vec=0 decode=1 dk=1 dv=0 unsafe_vec_after_turbo_v_decode=0 allow_vec=1 kernel=MMA_F16 need_f16_K=0 need_f16_V=0 Knb=[34,272,68,69632] Vnb=[2,2048,512,524288] Keff_nb=[2,2048,512,524288] Veff_nb=[2,2048,512,524288]
CUDA_FA_ROUTE_SUPPORTED kernel=MMA_F16 effK=f16 effV=f16 supported=1
CUDA_FA_ROUTE_PLAN device=0 Q=[256,256,16,1] Kraw=turbo2 Vraw=f16 Kshape=[256,256,4,1] Vshape=[256,256,4,1] Keff=f16 Veff=f16 turbo_kv=1 prefer_native_vec=0 decode=1 dk=1 dv=0 unsafe_vec_after_turbo_v_decode=0 allow_vec=1 kernel=MMA_F16 need_f16_K=0 need_f16_V=0 Knb=[34,272,68,69632] Vnb=[2,2048,512,524288] Keff_nb=[2,2048,512,524288] Veff_nb=[2,2048,512,524288]
CUDA_FA_ROUTE_SUPPORTED kernel=MMA_F16 effK=f16 effV=f16 supported=1
CUDA_FA_ROUTE_PLAN device=0 Q=[256,256,16,1] Kraw=turbo2 Vraw=f16 Kshape=[256,256,4,1] Vshape=[256,256,4,1] Keff=f16 Veff=f16 turbo_kv=1 prefer_native_vec=0 decode=1 dk=1 dv=0 unsafe_vec_after_turbo_v_decode=0 allow_vec=1 kernel=MMA_F16 need_f16_K=0 need_f16_V=0 Knb=[34,272,68,69632] Vnb=[2,2048,512,524288] Keff_nb=[2,2048,512,524288] Veff_nb=[2,2048,512,524288]
CUDA_FA_ROUTE_SUPPORTED kernel=MMA_F16 effK=f16 effV=f16 supported=1
CUDA_FA_ROUTE_PLAN device=0 Q=[256,256,16,1] Kraw=turbo2 Vraw=f16 Kshape=[256,256,4,1] Vshape=[256,256,4,1] Keff=f16 Veff=f16 turbo_kv=1 prefer_native_vec=0 decode=1 dk=1 dv=0 unsafe_vec_after_turbo_v_decode=0 allow_vec=1 kernel=MMA_F16 need_f16_K=0 need_f16_V=0 Knb=[34,272,68,69632] Vnb=[2,2048,512,524288] Keff_nb=[2,2048,512,524288] Veff_nb=[2,2048,512,524288]
CUDA_FA_ROUTE_SUPPORTED kernel=MMA_F16 effK=f16 effV=f16 supported=1
CUDA_FA_ROUTE_PLAN device=0 Q=[256,1,16,1] Kraw=turbo2 Vraw=f16 Kshape=[256,256,4,1] Vshape=[256,256,4,1] Keff=f16 Veff=f16 turbo_kv=1 prefer_native_vec=0 decode=1 dk=1 dv=0 unsafe_vec_after_turbo_v_decode=0 allow_vec=1 kernel=MMA_F16 need_f16_K=0 need_f16_V=0 Knb=[34,272,68,69632] Vnb=[2,2048,512,524288] Keff_nb=[2,2048,512,524288] Veff_nb=[2,2048,512,524288]
CUDA_FA_ROUTE_SUPPORTED kernel=MMA_F16 effK=f16 effV=f16 supported=1
CUDA_FA_ROUTE_PLAN device=0 Q=[256,1,16,1] Kraw=turbo2 Vraw=f16 Kshape=[256,256,4,1] Vshape=[256,256,4,1] Keff=f16 Veff=f16 turbo_kv=1 prefer_native_vec=0 decode=1 dk=1 dv=0 unsafe_vec_after_turbo_v_decode=0 allow_vec=1 kernel=MMA_F16 need_f16_K=0 need_f16_V=0 Knb=[34,272,68,69632] Vnb=[2,2048,512,524288] Keff_nb=[2,2048,512,524288] Veff_nb=[2,2048,512,524288]
CUDA_FA_ROUTE_SUPPORTED kernel=MMA_F16 effK=f16 effV=f16 supported=1
CUDA_FA_ROUTE_PLAN device=0 Q=[256,1,16,1] Kraw=turbo2 Vraw=f16 Kshape=[256,256,4,1] Vshape=[256,256,4,1] Keff=f16 Veff=f16 turbo_kv=1 prefer_native_vec=0 decode=1 dk=1 dv=0 unsafe_vec_after_turbo_v_decode=0 allow_vec=1 kernel=MMA_F16 need_f16_K=0 need_f16_V=0 Knb=[34,272,68,69632] Vnb=[2,2048,512,524288] Keff_nb=[2,2048,512,524288] Veff_nb=[2,2048,512,524288]
CUDA_FA_ROUTE_SUPPORTED kernel=MMA_F16 effK=f16 effV=f16 supported=1
CUDA_FA_ROUTE_PLAN device=0 Q=[256,1,16,1] Kraw=turbo2 Vraw=f16 Kshape=[256,256,4,1] Vshape=[256,256,4,1] Keff=f16 Veff=f16 turbo_kv=1 prefer_native_vec=0 decode=1 dk=1 dv=0 unsafe_vec_after_turbo_v_decode=0 allow_vec=1 kernel=MMA_F16 need_f16_K=0 need_f16_V=0 Knb=[34,272,68,69632] Vnb=[2,2048,512,524288] Keff_nb=[2,2048,512,524288] Veff_nb=[2,2048,512,524288]
CUDA_FA_ROUTE_SUPPORTED kernel=MMA_F16 effK=f16 effV=f16 supported=1
CUDA_FA_ROUTE_PLAN device=0 Q=[256,1,16,1] Kraw=turbo2 Vraw=f16 Kshape=[256,256,4,1] Vshape=[256,256,4,1] Keff=f16 Veff=f16 turbo_kv=1 prefer_native_vec=0 decode=1 dk=1 dv=0 unsafe_vec_after_turbo_v_decode=0 allow_vec=1 kernel=MMA_F16 need_f16_K=0 need_f16_V=0 Knb=[34,272,68,69632] Vnb=[2,2048,512,524288] Keff_nb=[2,2048,512,524288] Veff_nb=[2,2048,512,524288]
CUDA_FA_ROUTE_SUPPORTED kernel=MMA_F16 effK=f16 effV=f16 supported=1
CUDA_FA_ROUTE_PLAN device=0 Q=[256,1,16,1] Kraw=turbo2 Vraw=f16 Kshape=[256,256,4,1] Vshape=[256,256,4,1] Keff=f16 Veff=f16 turbo_kv=1 prefer_native_vec=0 decode=1 dk=1 dv=0 unsafe_vec_after_turbo_v_decode=0 allow_vec=1 kernel=MMA_F16 need_f16_K=0 need_f16_V=0 Knb=[34,272,68,69632] Vnb=[2,2048,512,524288] Keff_nb=[2,2048,512,524288] Veff_nb=[2,2048,512,524288]
CUDA_FA_ROUTE_SUPPORTED kernel=MMA_F16 effK=f16 effV=f16 supported=1
CUDA_FA_ROUTE_PLAN device=0 Q=[256,1,16,1] Kraw=turbo2 Vraw=f16 Kshape=[256,256,4,1] Vshape=[256,256,4,1] Keff=f16 Veff=f16 turbo_kv=1 prefer_native_vec=0 decode=1 dk=1 dv=0 unsafe_vec_after_turbo_v_decode=0 allow_vec=1 kernel=MMA_F16 need_f16_K=0 need_f16_V=0 Knb=[34,272,68,69632] Vnb=[2,2048,512,524288] Keff_nb=[2,2048,512,524288] Veff_nb=[2,2048,512,524288]
CUDA_FA_ROUTE_SUPPORTED kernel=MMA_F16 effK=f16 effV=f16 supported=1
CUDA_FA_ROUTE_PLAN device=0 Q=[256,1,16,1] Kraw=turbo2 Vraw=f16 Kshape=[256,256,4,1] Vshape=[256,256,4,1] Keff=f16 Veff=f16 turbo_kv=1 prefer_native_vec=0 decode=1 dk=1 dv=0 unsafe_vec_after_turbo_v_decode=0 allow_vec=1 kernel=MMA_F16 need_f16_K=0 need_f16_V=0 Knb=[34,272,68,69632] Vnb=[2,2048,512,524288] Keff_nb=[2,2048,512,524288] Veff_nb=[2,2048,512,524288]
CUDA_FA_ROUTE_SUPPORTED kernel=MMA_F16 effK=f16 effV=f16 supported=1
CUDA_FA_ROUTE_PLAN device=0 Q=[256,16,16,1] Kraw=turbo2 Vraw=f16 Kshape=[256,256,4,1] Vshape=[256,256,4,1] Keff=f16 Veff=f16 turbo_kv=1 prefer_native_vec=0 decode=1 dk=1 dv=0 unsafe_vec_after_turbo_v_decode=0 allow_vec=1 kernel=MMA_F16 need_f16_K=0 need_f16_V=0 Knb=[34,272,68,69632] Vnb=[2,2048,512,524288] Keff_nb=[2,2048,512,524288] Veff_nb=[2,2048,512,524288]
CUDA_FA_ROUTE_SUPPORTED kernel=MMA_F16 effK=f16 effV=f16 supported=1
CUDA_FA_ROUTE_PLAN device=0 Q=[256,16,16,1] Kraw=turbo2 Vraw=f16 Kshape=[256,256,4,1] Vshape=[256,256,4,1] Keff=f16 Veff=f16 turbo_kv=1 prefer_native_vec=0 decode=1 dk=1 dv=0 unsafe_vec_after_turbo_v_decode=0 allow_vec=1 kernel=MMA_F16 need_f16_K=0 need_f16_V=0 Knb=[34,272,68,69632] Vnb=[2,2048,512,524288] Keff_nb=[2,2048,512,524288] Veff_nb=[2,2048,512,524288]
CUDA_FA_ROUTE_SUPPORTED kernel=MMA_F16 effK=f16 effV=f16 supported=1
CUDA_FA_ROUTE_PLAN device=0 Q=[256,16,16,1] Kraw=turbo2 Vraw=f16 Kshape=[256,256,4,1] Vshape=[256,256,4,1] Keff=f16 Veff=f16 turbo_kv=1 prefer_native_vec=0 decode=1 dk=1 dv=0 unsafe_vec_after_turbo_v_decode=0 allow_vec=1 kernel=MMA_F16 need_f16_K=0 need_f16_V=0 Knb=[34,272,68,69632] Vnb=[2,2048,512,524288] Keff_nb=[2,2048,512,524288] Veff_nb=[2,2048,512,524288]
CUDA_FA_ROUTE_SUPPORTED kernel=MMA_F16 effK=f16 effV=f16 supported=1
CUDA_FA_ROUTE_PLAN device=0 Q=[256,16,16,1] Kraw=turbo2 Vraw=f16 Kshape=[256,256,4,1] Vshape=[256,256,4,1] Keff=f16 Veff=f16 turbo_kv=1 prefer_native_vec=0 decode=1 dk=1 dv=0 unsafe_vec_after_turbo_v_decode=0 allow_vec=1 kernel=MMA_F16 need_f16_K=0 need_f16_V=0 Knb=[34,272,68,69632] Vnb=[2,2048,512,524288] Keff_nb=[2,2048,512,524288] Veff_nb=[2,2048,512,524288]
CUDA_FA_ROUTE_SUPPORTED kernel=MMA_F16 effK=f16 effV=f16 supported=1
CUDA_FA_ROUTE_PLAN device=0 Q=[256,16,16,1] Kraw=turbo2 Vraw=f16 Kshape=[256,256,4,1] Vshape=[256,256,4,1] Keff=f16 Veff=f16 turbo_kv=1 prefer_native_vec=0 decode=1 dk=1 dv=0 unsafe_vec_after_turbo_v_decode=0 allow_vec=1 kernel=MMA_F16 need_f16_K=0 need_f16_V=0 Knb=[34,272,68,69632] Vnb=[2,2048,512,524288] Keff_nb=[2,2048,512,524288] Veff_nb=[2,2048,512,524288]
CUDA_FA_ROUTE_SUPPORTED kernel=MMA_F16 effK=f16 effV=f16 supported=1
CUDA_FA_ROUTE_PLAN device=0 Q=[256,16,16,1] Kraw=turbo2 Vraw=f16 Kshape=[256,256,4,1] Vshape=[256,256,4,1] Keff=f16 Veff=f16 turbo_kv=1 prefer_native_vec=0 decode=1 dk=1 dv=0 unsafe_vec_after_turbo_v_decode=0 allow_vec=1 kernel=MMA_F16 need_f16_K=0 need_f16_V=0 Knb=[34,272,68,69632] Vnb=[2,2048,512,524288] Keff_nb=[2,2048,512,524288] Veff_nb=[2,2048,512,524288]
CUDA_FA_ROUTE_SUPPORTED kernel=MMA_F16 effK=f16 effV=f16 supported=1
CUDA_FA_ROUTE_PLAN device=0 Q=[256,16,16,1] Kraw=turbo2 Vraw=f16 Kshape=[256,256,4,1] Vshape=[256,256,4,1] Keff=f16 Veff=f16 turbo_kv=1 prefer_native_vec=0 decode=1 dk=1 dv=0 unsafe_vec_after_turbo_v_decode=0 allow_vec=1 kernel=MMA_F16 need_f16_K=0 need_f16_V=0 Knb=[34,272,68,69632] Vnb=[2,2048,512,524288] Keff_nb=[2,2048,512,524288] Veff_nb=[2,2048,512,524288]
CUDA_FA_ROUTE_SUPPORTED kernel=MMA_F16 effK=f16 effV=f16 supported=1
CUDA_FA_ROUTE_PLAN device=0 Q=[256,16,16,1] Kraw=turbo2 Vraw=f16 Kshape=[256,256,4,1] Vshape=[256,256,4,1] Keff=f16 Veff=f16 turbo_kv=1 prefer_native_vec=0 decode=1 dk=1 dv=0 unsafe_vec_after_turbo_v_decode=0 allow_vec=1 kernel=MMA_F16 need_f16_K=0 need_f16_V=0 Knb=[34,272,68,69632] Vnb=[2,2048,512,524288] Keff_nb=[2,2048,512,524288] Veff_nb=[2,2048,512,524288]
CUDA_FA_ROUTE_SUPPORTED kernel=MMA_F16 effK=f16 effV=f16 supported=1
CUDA_FA_ROUTE_PLAN device=0 Q=[256,1,16,1] Kraw=turbo2 Vraw=f16 Kshape=[256,256,4,1] Vshape=[256,256,4,1] Keff=f16 Veff=f16 turbo_kv=1 prefer_native_vec=0 decode=1 dk=1 dv=0 unsafe_vec_after_turbo_v_decode=0 allow_vec=1 kernel=MMA_F16 need_f16_K=0 need_f16_V=0 Knb=[34,272,68,69632] Vnb=[2,2048,512,524288] Keff_nb=[2,2048,512,524288] Veff_nb=[2,2048,512,524288]
CUDA_FA_ROUTE_SUPPORTED kernel=MMA_F16 effK=f16 effV=f16 supported=1
CUDA_FA_ROUTE_PLAN device=0 Q=[256,1,16,1] Kraw=turbo2 Vraw=f16 Kshape=[256,256,4,1] Vshape=[256,256,4,1] Keff=f16 Veff=f16 turbo_kv=1 prefer_native_vec=0 decode=1 dk=1 dv=0 unsafe_vec_after_turbo_v_decode=0 allow_vec=1 kernel=MMA_F16 need_f16_K=0 need_f16_V=0 Knb=[34,272,68,69632] Vnb=[2,2048,512,524288] Keff_nb=[2,2048,512,524288] Veff_nb=[2,2048,512,524288]
CUDA_FA_ROUTE_SUPPORTED kernel=MMA_F16 effK=f16 effV=f16 supported=1
CUDA_FA_ROUTE_PLAN device=0 Q=[256,1,16,1] Kraw=turbo2 Vraw=f16 Kshape=[256,256,4,1] Vshape=[256,256,4,1] Keff=f16 Veff=f16 turbo_kv=1 prefer_native_vec=0 decode=1 dk=1 dv=0 unsafe_vec_after_turbo_v_decode=0 allow_vec=1 kernel=MMA_F16 need_f16_K=0 need_f16_V=0 Knb=[34,272,68,69632] Vnb=[2,2048,512,524288] Keff_nb=[2,2048,512,524288] Veff_nb=[2,2048,512,524288]
CUDA_FA_ROUTE_SUPPORTED kernel=MMA_F16 effK=f16 effV=f16 supported=1
CUDA_FA_ROUTE_PLAN device=0 Q=[256,1,16,1] Kraw=turbo2 Vraw=f16 Kshape=[256,256,4,1] Vshape=[256,256,4,1] Keff=f16 Veff=f16 turbo_kv=1 prefer_native_vec=0 decode=1 dk=1 dv=0 unsafe_vec_after_turbo_v_decode=0 allow_vec=1 kernel=MMA_F16 need_f16_K=0 need_f16_V=0 Knb=[34,272,68,69632] Vnb=[2,2048,512,524288] Keff_nb=[2,2048,512,524288] Veff_nb=[2,2048,512,524288]
CUDA_FA_ROUTE_SUPPORTED kernel=MMA_F16 effK=f16 effV=f16 supported=1
CUDA_FA_ROUTE_PLAN device=0 Q=[256,1,16,1] Kraw=turbo2 Vraw=f16 Kshape=[256,256,4,1] Vshape=[256,256,4,1] Keff=f16 Veff=f16 turbo_kv=1 prefer_native_vec=0 decode=1 dk=1 dv=0 unsafe_vec_after_turbo_v_decode=0 allow_vec=1 kernel=MMA_F16 need_f16_K=0 need_f16_V=0 Knb=[34,272,68,69632] Vnb=[2,2048,512,524288] Keff_nb=[2,2048,512,524288] Veff_nb=[2,2048,512,524288]
CUDA_FA_ROUTE_SUPPORTED kernel=MMA_F16 effK=f16 effV=f16 supported=1
CUDA_FA_ROUTE_PLAN device=0 Q=[256,1,16,1] Kraw=turbo2 Vraw=f16 Kshape=[256,256,4,1] Vshape=[256,256,4,1] Keff=f16 Veff=f16 turbo_kv=1 prefer_native_vec=0 decode=1 dk=1 dv=0 unsafe_vec_after_turbo_v_decode=0 allow_vec=1 kernel=MMA_F16 need_f16_K=0 need_f16_V=0 Knb=[34,272,68,69632] Vnb=[2,2048,512,524288] Keff_nb=[2,2048,512,524288] Veff_nb=[2,2048,512,524288]
CUDA_FA_ROUTE_SUPPORTED kernel=MMA_F16 effK=f16 effV=f16 supported=1
CUDA_FA_ROUTE_PLAN device=0 Q=[256,1,16,1] Kraw=turbo2 Vraw=f16 Kshape=[256,256,4,1] Vshape=[256,256,4,1] Keff=f16 Veff=f16 turbo_kv=1 prefer_native_vec=0 decode=1 dk=1 dv=0 unsafe_vec_after_turbo_v_decode=0 allow_vec=1 kernel=MMA_F16 need_f16_K=0 need_f16_V=0 Knb=[34,272,68,69632] Vnb=[2,2048,512,524288] Keff_nb=[2,2048,512,524288] Veff_nb=[2,2048,512,524288]
CUDA_FA_ROUTE_SUPPORTED kernel=MMA_F16 effK=f16 effV=f16 supported=1
CUDA_FA_ROUTE_PLAN device=0 Q=[256,1,16,1] Kraw=turbo2 Vraw=f16 Kshape=[256,256,4,1] Vshape=[256,256,4,1] Keff=f16 Veff=f16 turbo_kv=1 prefer_native_vec=0 decode=1 dk=1 dv=0 unsafe_vec_after_turbo_v_decode=0 allow_vec=1 kernel=MMA_F16 need_f16_K=0 need_f16_V=0 Knb=[34,272,68,69632] Vnb=[2,2048,512,524288] Keff_nb=[2,2048,512,524288] Veff_nb=[2,2048,512,524288]
CUDA_FA_ROUTE_SUPPORTED kernel=MMA_F16 effK=f16 effV=f16 supported=1
CUDA_FA_ROUTE_PLAN device=0 Q=[256,256,16,1] Kraw=turbo2 Vraw=f16 Kshape=[256,256,4,1] Vshape=[256,256,4,1] Keff=f16 Veff=f16 turbo_kv=1 prefer_native_vec=0 decode=1 dk=1 dv=0 unsafe_vec_after_turbo_v_decode=0 allow_vec=1 kernel=MMA_F16 need_f16_K=0 need_f16_V=0 Knb=[34,272,68,69632] Vnb=[2,2048,512,524288] Keff_nb=[2,2048,512,524288] Veff_nb=[2,2048,512,524288]
CUDA_FA_ROUTE_SUPPORTED kernel=MMA_F16 effK=f16 effV=f16 supported=1
CUDA_FA_ROUTE_PLAN device=0 Q=[256,256,16,1] Kraw=turbo2 Vraw=f16 Kshape=[256,256,4,1] Vshape=[256,256,4,1] Keff=f16 Veff=f16 turbo_kv=1 prefer_native_vec=0 decode=1 dk=1 dv=0 unsafe_vec_after_turbo_v_decode=0 allow_vec=1 kernel=MMA_F16 need_f16_K=0 need_f16_V=0 Knb=[34,272,68,69632] Vnb=[2,2048,512,524288] Keff_nb=[2,2048,512,524288] Veff_nb=[2,2048,512,524288]
CUDA_FA_ROUTE_SUPPORTED kernel=MMA_F16 effK=f16 effV=f16 supported=1
CUDA_FA_ROUTE_PLAN device=0 Q=[256,256,16,1] Kraw=turbo2 Vraw=f16 Kshape=[256,256,4,1] Vshape=[256,256,4,1] Keff=f16 Veff=f16 turbo_kv=1 prefer_native_vec=0 decode=1 dk=1 dv=0 unsafe_vec_after_turbo_v_decode=0 allow_vec=1 kernel=MMA_F16 need_f16_K=0 need_f16_V=0 Knb=[34,272,68,69632] Vnb=[2,2048,512,524288] Keff_nb=[2,2048,512,524288] Veff_nb=[2,2048,512,524288]
CUDA_FA_ROUTE_SUPPORTED kernel=MMA_F16 effK=f16 effV=f16 supported=1
CUDA_FA_ROUTE_PLAN device=0 Q=[256,256,16,1] Kraw=turbo2 Vraw=f16 Kshape=[256,256,4,1] Vshape=[256,256,4,1] Keff=f16 Veff=f16 turbo_kv=1 prefer_native_vec=0 decode=1 dk=1 dv=0 unsafe_vec_after_turbo_v_decode=0 allow_vec=1 kernel=MMA_F16 need_f16_K=0 need_f16_V=0 Knb=[34,272,68,69632] Vnb=[2,2048,512,524288] Keff_nb=[2,2048,512,524288] Veff_nb=[2,2048,512,524288]
CUDA_FA_ROUTE_SUPPORTED kernel=MMA_F16 effK=f16 effV=f16 supported=1
CUDA_FA_ROUTE_PLAN device=0 Q=[256,256,16,1] Kraw=turbo2 Vraw=f16 Kshape=[256,256,4,1] Vshape=[256,256,4,1] Keff=f16 Veff=f16 turbo_kv=1 prefer_native_vec=0 decode=1 dk=1 dv=0 unsafe_vec_after_turbo_v_decode=0 allow_vec=1 kernel=MMA_F16 need_f16_K=0 need_f16_V=0 Knb=[34,272,68,69632] Vnb=[2,2048,512,524288] Keff_nb=[2,2048,512,524288] Veff_nb=[2,2048,512,524288]
CUDA_FA_ROUTE_SUPPORTED kernel=MMA_F16 effK=f16 effV=f16 supported=1
CUDA_FA_ROUTE_PLAN device=0 Q=[256,256,16,1] Kraw=turbo2 Vraw=f16 Kshape=[256,256,4,1] Vshape=[256,256,4,1] Keff=f16 Veff=f16 turbo_kv=1 prefer_native_vec=0 decode=1 dk=1 dv=0 unsafe_vec_after_turbo_v_decode=0 allow_vec=1 kernel=MMA_F16 need_f16_K=0 need_f16_V=0 Knb=[34,272,68,69632] Vnb=[2,2048,512,524288] Keff_nb=[2,2048,512,524288] Veff_nb=[2,2048,512,524288]
CUDA_FA_ROUTE_SUPPORTED kernel=MMA_F16 effK=f16 effV=f16 supported=1
CUDA_FA_ROUTE_PLAN device=0 Q=[256,256,16,1] Kraw=turbo2 Vraw=f16 Kshape=[256,256,4,1] Vshape=[256,256,4,1] Keff=f16 Veff=f16 turbo_kv=1 prefer_native_vec=0 decode=1 dk=1 dv=0 unsafe_vec_after_turbo_v_decode=0 allow_vec=1 kernel=MMA_F16 need_f16_K=0 need_f16_V=0 Knb=[34,272,68,69632] Vnb=[2,2048,512,524288] Keff_nb=[2,2048,512,524288] Veff_nb=[2,2048,512,524288]
CUDA_FA_ROUTE_SUPPORTED kernel=MMA_F16 effK=f16 effV=f16 supported=1
CUDA_FA_ROUTE_PLAN device=0 Q=[256,256,16,1] Kraw=turbo2 Vraw=f16 Kshape=[256,256,4,1] Vshape=[256,256,4,1] Keff=f16 Veff=f16 turbo_kv=1 prefer_native_vec=0 decode=1 dk=1 dv=0 unsafe_vec_after_turbo_v_decode=0 allow_vec=1 kernel=MMA_F16 need_f16_K=0 need_f16_V=0 Knb=[34,272,68,69632] Vnb=[2,2048,512,524288] Keff_nb=[2,2048,512,524288] Veff_nb=[2,2048,512,524288]
CUDA_FA_ROUTE_SUPPORTED kernel=MMA_F16 effK=f16 effV=f16 supported=1
CUDA_FA_ROUTE_PLAN device=0 Q=[256,256,16,1] Kraw=turbo2 Vraw=f16 Kshape=[256,256,4,1] Vshape=[256,256,4,1] Keff=f16 Veff=f16 turbo_kv=1 prefer_native_vec=0 decode=1 dk=1 dv=0 unsafe_vec_after_turbo_v_decode=0 allow_vec=1 kernel=MMA_F16 need_f16_K=0 need_f16_V=0 Knb=[34,272,68,69632] Vnb=[2,2048,512,524288] Keff_nb=[2,2048,512,524288] Veff_nb=[2,2048,512,524288]
CUDA_FA_ROUTE_ALLOC kernel=MMA_F16 need_f16_K=0 need_f16_V=0 workspace_end_offset=4194304 dst_data=(nil) f16_K=(nil) f16_V=(nil) f16_end=0x400000
CUDA_FA_ROUTE_PLAN device=0 Q=[256,256,16,1] Kraw=turbo2 Vraw=f16 Kshape=[256,256,4,1] Vshape=[256,256,4,1] Keff=f16 Veff=f16 turbo_kv=1 prefer_native_vec=0 decode=1 dk=1 dv=0 unsafe_vec_after_turbo_v_decode=0 allow_vec=1 kernel=MMA_F16 need_f16_K=0 need_f16_V=0 Knb=[34,272,68,69632] Vnb=[2,2048,512,524288] Keff_nb=[2,2048,512,524288] Veff_nb=[2,2048,512,524288]
CUDA_FA_ROUTE_ALLOC kernel=MMA_F16 need_f16_K=0 need_f16_V=0 workspace_end_offset=4194304 dst_data=(nil) f16_K=(nil) f16_V=(nil) f16_end=0x400000
CUDA_FA_ROUTE_PLAN device=0 Q=[256,256,16,1] Kraw=turbo2 Vraw=f16 Kshape=[256,256,4,1] Vshape=[256,256,4,1] Keff=f16 Veff=f16 turbo_kv=1 prefer_native_vec=0 decode=1 dk=1 dv=0 unsafe_vec_after_turbo_v_decode=0 allow_vec=1 kernel=MMA_F16 need_f16_K=0 need_f16_V=0 Knb=[34,272,68,69632] Vnb=[2,2048,512,524288] Keff_nb=[2,2048,512,524288] Veff_nb=[2,2048,512,524288]
CUDA_FA_ROUTE_ALLOC kernel=MMA_F16 need_f16_K=0 need_f16_V=0 workspace_end_offset=4194304 dst_data=(nil) f16_K=(nil) f16_V=(nil) f16_end=0x400000
CUDA_FA_ROUTE_PLAN device=0 Q=[256,256,16,1] Kraw=turbo2 Vraw=f16 Kshape=[256,256,4,1] Vshape=[256,256,4,1] Keff=f16 Veff=f16 turbo_kv=1 prefer_native_vec=0 decode=1 dk=1 dv=0 unsafe_vec_after_turbo_v_decode=0 allow_vec=1 kernel=MMA_F16 need_f16_K=0 need_f16_V=0 Knb=[34,272,68,69632] Vnb=[2,2048,512,524288] Keff_nb=[2,2048,512,524288] Veff_nb=[2,2048,512,524288]
CUDA_FA_ROUTE_ALLOC kernel=MMA_F16 need_f16_K=0 need_f16_V=0 workspace_end_offset=4194304 dst_data=(nil) f16_K=(nil) f16_V=(nil) f16_end=0x400000
CUDA_FA_ROUTE_PLAN device=0 Q=[256,256,16,1] Kraw=turbo2 Vraw=f16 Kshape=[256,256,4,1] Vshape=[256,256,4,1] Keff=f16 Veff=f16 turbo_kv=1 prefer_native_vec=0 decode=1 dk=1 dv=0 unsafe_vec_after_turbo_v_decode=0 allow_vec=1 kernel=MMA_F16 need_f16_K=0 need_f16_V=0 Knb=[34,272,68,69632] Vnb=[2,2048,512,524288] Keff_nb=[2,2048,512,524288] Veff_nb=[2,2048,512,524288]
CUDA_FA_ROUTE_ALLOC kernel=MMA_F16 need_f16_K=0 need_f16_V=0 workspace_end_offset=4194304 dst_data=(nil) f16_K=(nil) f16_V=(nil) f16_end=0x400000
CUDA_FA_ROUTE_PLAN device=0 Q=[256,256,16,1] Kraw=turbo2 Vraw=f16 Kshape=[256,256,4,1] Vshape=[256,256,4,1] Keff=f16 Veff=f16 turbo_kv=1 prefer_native_vec=0 decode=1 dk=1 dv=0 unsafe_vec_after_turbo_v_decode=0 allow_vec=1 kernel=MMA_F16 need_f16_K=0 need_f16_V=0 Knb=[34,272,68,69632] Vnb=[2,2048,512,524288] Keff_nb=[2,2048,512,524288] Veff_nb=[2,2048,512,524288]
CUDA_FA_ROUTE_ALLOC kernel=MMA_F16 need_f16_K=0 need_f16_V=0 workspace_end_offset=4194304 dst_data=(nil) f16_K=(nil) f16_V=(nil) f16_end=0x400000
CUDA_FA_ROUTE_PLAN device=0 Q=[256,256,16,1] Kraw=turbo2 Vraw=f16 Kshape=[256,256,4,1] Vshape=[256,256,4,1] Keff=f16 Veff=f16 turbo_kv=1 prefer_native_vec=0 decode=1 dk=1 dv=0 unsafe_vec_after_turbo_v_decode=0 allow_vec=1 kernel=MMA_F16 need_f16_K=0 need_f16_V=0 Knb=[34,272,68,69632] Vnb=[2,2048,512,524288] Keff_nb=[2,2048,512,524288] Veff_nb=[2,2048,512,524288]
CUDA_FA_ROUTE_ALLOC kernel=MMA_F16 need_f16_K=0 need_f16_V=0 workspace_end_offset=4194304 dst_data=(nil) f16_K=(nil) f16_V=(nil) f16_end=0x400000
CUDA_FA_ROUTE_PLAN device=0 Q=[256,256,16,1] Kraw=turbo2 Vraw=f16 Kshape=[256,256,4,1] Vshape=[256,256,4,1] Keff=f16 Veff=f16 turbo_kv=1 prefer_native_vec=0 decode=1 dk=1 dv=0 unsafe_vec_after_turbo_v_decode=0 allow_vec=1 kernel=MMA_F16 need_f16_K=0 need_f16_V=0 Knb=[34,272,68,69632] Vnb=[2,2048,512,524288] Keff_nb=[2,2048,512,524288] Veff_nb=[2,2048,512,524288]
CUDA_FA_ROUTE_ALLOC kernel=MMA_F16 need_f16_K=0 need_f16_V=0 workspace_end_offset=4194304 dst_data=(nil) f16_K=(nil) f16_V=(nil) f16_end=0x400000
CUDA_FA_ROUTE_PLAN device=0 Q=[256,256,16,1] Kraw=turbo2 Vraw=f16 Kshape=[256,256,4,1] Vshape=[256,256,4,1] Keff=f16 Veff=f16 turbo_kv=1 prefer_native_vec=0 decode=1 dk=1 dv=0 unsafe_vec_after_turbo_v_decode=0 allow_vec=1 kernel=MMA_F16 need_f16_K=0 need_f16_V=0 Knb=[34,272,68,69632] Vnb=[2,2048,512,524288] Keff_nb=[2,2048,512,524288] Veff_nb=[2,2048,512,524288]
CUDA_FA_ROUTE_ALLOC kernel=MMA_F16 need_f16_K=0 need_f16_V=0 workspace_end_offset=4194304 dst_data=(nil) f16_K=(nil) f16_V=(nil) f16_end=0x400000
CUDA_FA_ROUTE_PLAN device=0 Q=[256,256,16,1] Kraw=turbo2 Vraw=f16 Kshape=[256,256,4,1] Vshape=[256,256,4,1] Keff=f16 Veff=f16 turbo_kv=1 prefer_native_vec=0 decode=1 dk=1 dv=0 unsafe_vec_after_turbo_v_decode=0 allow_vec=1 kernel=MMA_F16 need_f16_K=0 need_f16_V=0 Knb=[34,272,68,69632] Vnb=[2,2048,512,524288] Keff_nb=[2,2048,512,524288] Veff_nb=[2,2048,512,524288]
CUDA_FA_ROUTE_ALLOC kernel=MMA_F16 need_f16_K=0 need_f16_V=0 workspace_end_offset=4194304 dst_data=(nil) f16_K=(nil) f16_V=(nil) f16_end=0x400000
CUDA_FA_ROUTE_PLAN device=0 Q=[256,256,16,1] Kraw=turbo2 Vraw=f16 Kshape=[256,256,4,1] Vshape=[256,256,4,1] Keff=f16 Veff=f16 turbo_kv=1 prefer_native_vec=0 decode=1 dk=1 dv=0 unsafe_vec_after_turbo_v_decode=0 allow_vec=1 kernel=MMA_F16 need_f16_K=0 need_f16_V=0 Knb=[34,272,68,69632] Vnb=[2,2048,512,524288] Keff_nb=[2,2048,512,524288] Veff_nb=[2,2048,512,524288]
CUDA_FA_ROUTE_ALLOC kernel=MMA_F16 need_f16_K=0 need_f16_V=0 workspace_end_offset=4194304 dst_data=(nil) f16_K=(nil) f16_V=(nil) f16_end=0x400000
CUDA_FA_ROUTE_PLAN device=0 Q=[256,256,16,1] Kraw=turbo2 Vraw=f16 Kshape=[256,256,4,1] Vshape=[256,256,4,1] Keff=f16 Veff=f16 turbo_kv=1 prefer_native_vec=0 decode=1 dk=1 dv=0 unsafe_vec_after_turbo_v_decode=0 allow_vec=1 kernel=MMA_F16 need_f16_K=0 need_f16_V=0 Knb=[34,272,68,69632] Vnb=[2,2048,512,524288] Keff_nb=[2,2048,512,524288] Veff_nb=[2,2048,512,524288]
CUDA_FA_ROUTE_ALLOC kernel=MMA_F16 need_f16_K=0 need_f16_V=0 workspace_end_offset=4194304 dst_data=(nil) f16_K=(nil) f16_V=(nil) f16_end=0x400000
CUDA_FA_ROUTE_PLAN device=0 Q=[256,256,16,1] Kraw=turbo2 Vraw=f16 Kshape=[256,256,4,1] Vshape=[256,256,4,1] Keff=f16 Veff=f16 turbo_kv=1 prefer_native_vec=0 decode=1 dk=1 dv=0 unsafe_vec_after_turbo_v_decode=0 allow_vec=1 kernel=MMA_F16 need_f16_K=0 need_f16_V=0 Knb=[34,272,68,69632] Vnb=[2,2048,512,524288] Keff_nb=[2,2048,512,524288] Veff_nb=[2,2048,512,524288]
CUDA_FA_ROUTE_ALLOC kernel=MMA_F16 need_f16_K=0 need_f16_V=0 workspace_end_offset=4194304 dst_data=(nil) f16_K=(nil) f16_V=(nil) f16_end=0x400000
CUDA_FA_ROUTE_PLAN device=0 Q=[256,256,16,1] Kraw=turbo2 Vraw=f16 Kshape=[256,256,4,1] Vshape=[256,256,4,1] Keff=f16 Veff=f16 turbo_kv=1 prefer_native_vec=0 decode=1 dk=1 dv=0 unsafe_vec_after_turbo_v_decode=0 allow_vec=1 kernel=MMA_F16 need_f16_K=0 need_f16_V=0 Knb=[34,272,68,69632] Vnb=[2,2048,512,524288] Keff_nb=[2,2048,512,524288] Veff_nb=[2,2048,512,524288]
CUDA_FA_ROUTE_ALLOC kernel=MMA_F16 need_f16_K=0 need_f16_V=0 workspace_end_offset=4194304 dst_data=(nil) f16_K=(nil) f16_V=(nil) f16_end=0x400000
CUDA_FA_ROUTE_PLAN device=0 Q=[256,256,16,1] Kraw=turbo2 Vraw=f16 Kshape=[256,256,4,1] Vshape=[256,256,4,1] Keff=f16 Veff=f16 turbo_kv=1 prefer_native_vec=0 decode=1 dk=1 dv=0 unsafe_vec_after_turbo_v_decode=0 allow_vec=1 kernel=MMA_F16 need_f16_K=0 need_f16_V=0 Knb=[34,272,68,69632] Vnb=[2,2048,512,524288] Keff_nb=[2,2048,512,524288] Veff_nb=[2,2048,512,524288]
CUDA_FA_ROUTE_ALLOC kernel=MMA_F16 need_f16_K=0 need_f16_V=0 workspace_end_offset=4194304 dst_data=(nil) f16_K=(nil) f16_V=(nil) f16_end=0x400000
CUDA_FA_ROUTE_PLAN device=0 Q=[256,256,16,1] Kraw=turbo2 Vraw=f16 Kshape=[256,256,4,1] Vshape=[256,256,4,1] Keff=f16 Veff=f16 turbo_kv=1 prefer_native_vec=0 decode=1 dk=1 dv=0 unsafe_vec_after_turbo_v_decode=0 allow_vec=1 kernel=MMA_F16 need_f16_K=0 need_f16_V=0 Knb=[34,272,68,69632] Vnb=[2,2048,512,524288] Keff_nb=[2,2048,512,524288] Veff_nb=[2,2048,512,524288]
CUDA_FA_ROUTE_ALLOC kernel=MMA_F16 need_f16_K=0 need_f16_V=0 workspace_end_offset=4194304 dst_data=(nil) f16_K=(nil) f16_V=(nil) f16_end=0x400000
CUDA_FA_ROUTE_PLAN device=0 Q=[256,256,16,1] Kraw=turbo2 Vraw=f16 Kshape=[256,256,4,1] Vshape=[256,256,4,1] Keff=f16 Veff=f16 turbo_kv=1 prefer_native_vec=0 decode=1 dk=1 dv=0 unsafe_vec_after_turbo_v_decode=0 allow_vec=1 kernel=MMA_F16 need_f16_K=0 need_f16_V=0 Knb=[34,272,68,69632] Vnb=[2,2048,512,524288] Keff_nb=[2,2048,512,524288] Veff_nb=[2,2048,512,524288]
CUDA_FA_ROUTE_ALLOC kernel=MMA_F16 need_f16_K=0 need_f16_V=0 workspace_end_offset=4194304 dst_data=(nil) f16_K=(nil) f16_V=(nil) f16_end=0x400000
CUDA_FA_ROUTE_PLAN device=0 Q=[256,256,16,1] Kraw=turbo2 Vraw=f16 Kshape=[256,256,4,1] Vshape=[256,256,4,1] Keff=f16 Veff=f16 turbo_kv=1 prefer_native_vec=0 decode=1 dk=1 dv=0 unsafe_vec_after_turbo_v_decode=0 allow_vec=1 kernel=MMA_F16 need_f16_K=0 need_f16_V=0 Knb=[34,272,68,69632] Vnb=[2,2048,512,524288] Keff_nb=[2,2048,512,524288] Veff_nb=[2,2048,512,524288]
CUDA_FA_ROUTE_ALLOC kernel=MMA_F16 need_f16_K=0 need_f16_V=0 workspace_end_offset=4194304 dst_data=(nil) f16_K=(nil) f16_V=(nil) f16_end=0x400000
CUDA_FA_ROUTE_PLAN device=0 Q=[256,256,16,1] Kraw=turbo2 Vraw=f16 Kshape=[256,256,4,1] Vshape=[256,256,4,1] Keff=f16 Veff=f16 turbo_kv=1 prefer_native_vec=0 decode=1 dk=1 dv=0 unsafe_vec_after_turbo_v_decode=0 allow_vec=1 kernel=MMA_F16 need_f16_K=0 need_f16_V=0 Knb=[34,272,68,69632] Vnb=[2,2048,512,524288] Keff_nb=[2,2048,512,524288] Veff_nb=[2,2048,512,524288]
CUDA_FA_ROUTE_ALLOC kernel=MMA_F16 need_f16_K=0 need_f16_V=0 workspace_end_offset=4194304 dst_data=(nil) f16_K=(nil) f16_V=(nil) f16_end=0x400000
CUDA_FA_ROUTE_PLAN device=0 Q=[256,256,16,1] Kraw=turbo2 Vraw=f16 Kshape=[256,256,4,1] Vshape=[256,256,4,1] Keff=f16 Veff=f16 turbo_kv=1 prefer_native_vec=0 decode=1 dk=1 dv=0 unsafe_vec_after_turbo_v_decode=0 allow_vec=1 kernel=MMA_F16 need_f16_K=0 need_f16_V=0 Knb=[34,272,68,69632] Vnb=[2,2048,512,524288] Keff_nb=[2,2048,512,524288] Veff_nb=[2,2048,512,524288]
CUDA_FA_ROUTE_ALLOC kernel=MMA_F16 need_f16_K=0 need_f16_V=0 workspace_end_offset=4194304 dst_data=(nil) f16_K=(nil) f16_V=(nil) f16_end=0x400000
CUDA_FA_ROUTE_PLAN device=0 Q=[256,256,16,1] Kraw=turbo2 Vraw=f16 Kshape=[256,256,4,1] Vshape=[256,256,4,1] Keff=f16 Veff=f16 turbo_kv=1 prefer_native_vec=0 decode=1 dk=1 dv=0 unsafe_vec_after_turbo_v_decode=0 allow_vec=1 kernel=MMA_F16 need_f16_K=0 need_f16_V=0 Knb=[34,272,68,69632] Vnb=[2,2048,512,524288] Keff_nb=[2,2048,512,524288] Veff_nb=[2,2048,512,524288]
CUDA_FA_ROUTE_ALLOC kernel=MMA_F16 need_f16_K=0 need_f16_V=0 workspace_end_offset=4194304 dst_data=(nil) f16_K=(nil) f16_V=(nil) f16_end=0x400000
CUDA_FA_ROUTE_PLAN device=0 Q=[256,256,16,1] Kraw=turbo2 Vraw=f16 Kshape=[256,256,4,1] Vshape=[256,256,4,1] Keff=f16 Veff=f16 turbo_kv=1 prefer_native_vec=0 decode=1 dk=1 dv=0 unsafe_vec_after_turbo_v_decode=0 allow_vec=1 kernel=MMA_F16 need_f16_K=0 need_f16_V=0 Knb=[34,272,68,69632] Vnb=[2,2048,512,524288] Keff_nb=[2,2048,512,524288] Veff_nb=[2,2048,512,524288]
CUDA_FA_ROUTE_ALLOC kernel=MMA_F16 need_f16_K=0 need_f16_V=0 workspace_end_offset=4194304 dst_data=(nil) f16_K=(nil) f16_V=(nil) f16_end=0x400000
CUDA_FA_ROUTE_PLAN device=0 Q=[256,256,16,1] Kraw=turbo2 Vraw=f16 Kshape=[256,256,4,1] Vshape=[256,256,4,1] Keff=f16 Veff=f16 turbo_kv=1 prefer_native_vec=0 decode=1 dk=1 dv=0 unsafe_vec_after_turbo_v_decode=0 allow_vec=1 kernel=MMA_F16 need_f16_K=0 need_f16_V=0 Knb=[34,272,68,69632] Vnb=[2,2048,512,524288] Keff_nb=[2,2048,512,524288] Veff_nb=[2,2048,512,524288]
CUDA_FA_ROUTE_ALLOC kernel=MMA_F16 need_f16_K=0 need_f16_V=0 workspace_end_offset=4194304 dst_data=(nil) f16_K=(nil) f16_V=(nil) f16_end=0x400000
CUDA_FA_ROUTE_PLAN device=0 Q=[256,256,16,1] Kraw=turbo2 Vraw=f16 Kshape=[256,256,4,1] Vshape=[256,256,4,1] Keff=f16 Veff=f16 turbo_kv=1 prefer_native_vec=0 decode=1 dk=1 dv=0 unsafe_vec_after_turbo_v_decode=0 allow_vec=1 kernel=MMA_F16 need_f16_K=0 need_f16_V=0 Knb=[34,272,68,69632] Vnb=[2,2048,512,524288] Keff_nb=[2,2048,512,524288] Veff_nb=[2,2048,512,524288]
CUDA_FA_ROUTE_ALLOC kernel=MMA_F16 need_f16_K=0 need_f16_V=0 workspace_end_offset=4194304 dst_data=(nil) f16_K=(nil) f16_V=(nil) f16_end=0x400000
CUDA_FA_ROUTE_PLAN device=0 Q=[256,256,16,1] Kraw=turbo2 Vraw=f16 Kshape=[256,256,4,1] Vshape=[256,256,4,1] Keff=f16 Veff=f16 turbo_kv=1 prefer_native_vec=0 decode=1 dk=1 dv=0 unsafe_vec_after_turbo_v_decode=0 allow_vec=1 kernel=MMA_F16 need_f16_K=0 need_f16_V=0 Knb=[34,272,68,69632] Vnb=[2,2048,512,524288] Keff_nb=[2,2048,512,524288] Veff_nb=[2,2048,512,524288]
CUDA_FA_ROUTE_ALLOC kernel=MMA_F16 need_f16_K=0 need_f16_V=0 workspace_end_offset=4194304 dst_data=(nil) f16_K=(nil) f16_V=(nil) f16_end=0x400000
CUDA_FA_ROUTE_PLAN device=0 Q=[256,256,16,1] Kraw=turbo2 Vraw=f16 Kshape=[256,256,4,1] Vshape=[256,256,4,1] Keff=f16 Veff=f16 turbo_kv=1 prefer_native_vec=0 decode=1 dk=1 dv=0 unsafe_vec_after_turbo_v_decode=0 allow_vec=1 kernel=MMA_F16 need_f16_K=0 need_f16_V=0 Knb=[34,272,68,69632] Vnb=[2,2048,512,524288] Keff_nb=[2,2048,512,524288] Veff_nb=[2,2048,512,524288]
CUDA_FA_ROUTE_ALLOC kernel=MMA_F16 need_f16_K=0 need_f16_V=0 workspace_end_offset=4194304 dst_data=(nil) f16_K=(nil) f16_V=(nil) f16_end=0x400000
CUDA_FA_ROUTE_PLAN device=0 Q=[256,256,16,1] Kraw=turbo2 Vraw=f16 Kshape=[256,256,4,1] Vshape=[256,256,4,1] Keff=f16 Veff=f16 turbo_kv=1 prefer_native_vec=0 decode=1 dk=1 dv=0 unsafe_vec_after_turbo_v_decode=0 allow_vec=1 kernel=MMA_F16 need_f16_K=0 need_f16_V=0 Knb=[34,272,68,69632] Vnb=[2,2048,512,524288] Keff_nb=[2,2048,512,524288] Veff_nb=[2,2048,512,524288]
CUDA_FA_ROUTE_ALLOC kernel=MMA_F16 need_f16_K=0 need_f16_V=0 workspace_end_offset=4194304 dst_data=(nil) f16_K=(nil) f16_V=(nil) f16_end=0x400000
CUDA_FA_ROUTE_PLAN device=0 Q=[256,256,16,1] Kraw=turbo2 Vraw=f16 Kshape=[256,256,4,1] Vshape=[256,256,4,1] Keff=f16 Veff=f16 turbo_kv=1 prefer_native_vec=0 decode=1 dk=1 dv=0 unsafe_vec_after_turbo_v_decode=0 allow_vec=1 kernel=MMA_F16 need_f16_K=0 need_f16_V=0 Knb=[34,272,68,69632] Vnb=[2,2048,512,524288] Keff_nb=[2,2048,512,524288] Veff_nb=[2,2048,512,524288]
CUDA_FA_ROUTE_ALLOC kernel=MMA_F16 need_f16_K=0 need_f16_V=0 workspace_end_offset=4194304 dst_data=(nil) f16_K=(nil) f16_V=(nil) f16_end=0x400000
CUDA_FA_ROUTE_PLAN device=0 Q=[256,256,16,1] Kraw=turbo2 Vraw=f16 Kshape=[256,256,4,1] Vshape=[256,256,4,1] Keff=f16 Veff=f16 turbo_kv=1 prefer_native_vec=0 decode=1 dk=1 dv=0 unsafe_vec_after_turbo_v_decode=0 allow_vec=1 kernel=MMA_F16 need_f16_K=0 need_f16_V=0 Knb=[34,272,68,69632] Vnb=[2,2048,512,524288] Keff_nb=[2,2048,512,524288] Veff_nb=[2,2048,512,524288]
CUDA_FA_ROUTE_ALLOC kernel=MMA_F16 need_f16_K=0 need_f16_V=0 workspace_end_offset=4194304 dst_data=(nil) f16_K=(nil) f16_V=(nil) f16_end=0x400000
CUDA_FA_ROUTE_PLAN device=0 Q=[256,256,16,1] Kraw=turbo2 Vraw=f16 Kshape=[256,256,4,1] Vshape=[256,256,4,1] Keff=f16 Veff=f16 turbo_kv=1 prefer_native_vec=0 decode=1 dk=1 dv=0 unsafe_vec_after_turbo_v_decode=0 allow_vec=1 kernel=MMA_F16 need_f16_K=0 need_f16_V=0 Knb=[34,272,68,69632] Vnb=[2,2048,512,524288] Keff_nb=[2,2048,512,524288] Veff_nb=[2,2048,512,524288]
CUDA_FA_ROUTE_ALLOC kernel=MMA_F16 need_f16_K=0 need_f16_V=0 workspace_end_offset=4194304 dst_data=(nil) f16_K=(nil) f16_V=(nil) f16_end=0x400000
CUDA_FA_ROUTE_PLAN device=0 Q=[256,256,16,1] Kraw=turbo2 Vraw=f16 Kshape=[256,256,4,1] Vshape=[256,256,4,1] Keff=f16 Veff=f16 turbo_kv=1 prefer_native_vec=0 decode=1 dk=1 dv=0 unsafe_vec_after_turbo_v_decode=0 allow_vec=1 kernel=MMA_F16 need_f16_K=0 need_f16_V=0 Knb=[34,272,68,69632] Vnb=[2,2048,512,524288] Keff_nb=[2,2048,512,524288] Veff_nb=[2,2048,512,524288]
CUDA_FA_ROUTE_ALLOC kernel=MMA_F16 need_f16_K=0 need_f16_V=0 workspace_end_offset=4194304 dst_data=(nil) f16_K=(nil) f16_V=(nil) f16_end=0x400000
CUDA_FA_ROUTE_PLAN device=0 Q=[256,256,16,1] Kraw=turbo2 Vraw=f16 Kshape=[256,256,4,1] Vshape=[256,256,4,1] Keff=f16 Veff=f16 turbo_kv=1 prefer_native_vec=0 decode=1 dk=1 dv=0 unsafe_vec_after_turbo_v_decode=0 allow_vec=1 kernel=MMA_F16 need_f16_K=0 need_f16_V=0 Knb=[34,272,68,69632] Vnb=[2,2048,512,524288] Keff_nb=[2,2048,512,524288] Veff_nb=[2,2048,512,524288]
CUDA_FA_ROUTE_ALLOC kernel=MMA_F16 need_f16_K=0 need_f16_V=0 workspace_end_offset=4194304 dst_data=(nil) f16_K=(nil) f16_V=(nil) f16_end=0x400000
CUDA_FA_ROUTE_PLAN device=0 Q=[256,1,16,1] Kraw=turbo2 Vraw=f16 Kshape=[256,256,4,1] Vshape=[256,256,4,1] Keff=f16 Veff=f16 turbo_kv=1 prefer_native_vec=0 decode=1 dk=1 dv=0 unsafe_vec_after_turbo_v_decode=0 allow_vec=1 kernel=MMA_F16 need_f16_K=0 need_f16_V=0 Knb=[34,272,68,69632] Vnb=[2,2048,512,524288] Keff_nb=[2,2048,512,524288] Veff_nb=[2,2048,512,524288]
CUDA_FA_ROUTE_SUPPORTED kernel=MMA_F16 effK=f16 effV=f16 supported=1
CUDA_FA_ROUTE_PLAN device=0 Q=[256,1,16,1] Kraw=turbo2 Vraw=f16 Kshape=[256,256,4,1] Vshape=[256,256,4,1] Keff=f16 Veff=f16 turbo_kv=1 prefer_native_vec=0 decode=1 dk=1 dv=0 unsafe_vec_after_turbo_v_decode=0 allow_vec=1 kernel=MMA_F16 need_f16_K=0 need_f16_V=0 Knb=[34,272,68,69632] Vnb=[2,2048,512,524288] Keff_nb=[2,2048,512,524288] Veff_nb=[2,2048,512,524288]
CUDA_FA_ROUTE_SUPPORTED kernel=MMA_F16 effK=f16 effV=f16 supported=1
CUDA_FA_ROUTE_PLAN device=0 Q=[256,1,16,1] Kraw=turbo2 Vraw=f16 Kshape=[256,256,4,1] Vshape=[256,256,4,1] Keff=f16 Veff=f16 turbo_kv=1 prefer_native_vec=0 decode=1 dk=1 dv=0 unsafe_vec_after_turbo_v_decode=0 allow_vec=1 kernel=MMA_F16 need_f16_K=0 need_f16_V=0 Knb=[34,272,68,69632] Vnb=[2,2048,512,524288] Keff_nb=[2,2048,512,524288] Veff_nb=[2,2048,512,524288]
CUDA_FA_ROUTE_SUPPORTED kernel=MMA_F16 effK=f16 effV=f16 supported=1
CUDA_FA_ROUTE_PLAN device=0 Q=[256,1,16,1] Kraw=turbo2 Vraw=f16 Kshape=[256,256,4,1] Vshape=[256,256,4,1] Keff=f16 Veff=f16 turbo_kv=1 prefer_native_vec=0 decode=1 dk=1 dv=0 unsafe_vec_after_turbo_v_decode=0 allow_vec=1 kernel=MMA_F16 need_f16_K=0 need_f16_V=0 Knb=[34,272,68,69632] Vnb=[2,2048,512,524288] Keff_nb=[2,2048,512,524288] Veff_nb=[2,2048,512,524288]
CUDA_FA_ROUTE_SUPPORTED kernel=MMA_F16 effK=f16 effV=f16 supported=1
CUDA_FA_ROUTE_PLAN device=0 Q=[256,1,16,1] Kraw=turbo2 Vraw=f16 Kshape=[256,256,4,1] Vshape=[256,256,4,1] Keff=f16 Veff=f16 turbo_kv=1 prefer_native_vec=0 decode=1 dk=1 dv=0 unsafe_vec_after_turbo_v_decode=0 allow_vec=1 kernel=MMA_F16 need_f16_K=0 need_f16_V=0 Knb=[34,272,68,69632] Vnb=[2,2048,512,524288] Keff_nb=[2,2048,512,524288] Veff_nb=[2,2048,512,524288]
CUDA_FA_ROUTE_SUPPORTED kernel=MMA_F16 effK=f16 effV=f16 supported=1
CUDA_FA_ROUTE_PLAN device=0 Q=[256,1,16,1] Kraw=turbo2 Vraw=f16 Kshape=[256,256,4,1] Vshape=[256,256,4,1] Keff=f16 Veff=f16 turbo_kv=1 prefer_native_vec=0 decode=1 dk=1 dv=0 unsafe_vec_after_turbo_v_decode=0 allow_vec=1 kernel=MMA_F16 need_f16_K=0 need_f16_V=0 Knb=[34,272,68,69632] Vnb=[2,2048,512,524288] Keff_nb=[2,2048,512,524288] Veff_nb=[2,2048,512,524288]
CUDA_FA_ROUTE_SUPPORTED kernel=MMA_F16 effK=f16 effV=f16 supported=1
CUDA_FA_ROUTE_PLAN device=0 Q=[256,1,16,1] Kraw=turbo2 Vraw=f16 Kshape=[256,256,4,1] Vshape=[256,256,4,1] Keff=f16 Veff=f16 turbo_kv=1 prefer_native_vec=0 decode=1 dk=1 dv=0 unsafe_vec_after_turbo_v_decode=0 allow_vec=1 kernel=MMA_F16 need_f16_K=0 need_f16_V=0 Knb=[34,272,68,69632] Vnb=[2,2048,512,524288] Keff_nb=[2,2048,512,524288] Veff_nb=[2,2048,512,524288]
CUDA_FA_ROUTE_SUPPORTED kernel=MMA_F16 effK=f16 effV=f16 supported=1
CUDA_FA_ROUTE_PLAN device=0 Q=[256,1,16,1] Kraw=turbo2 Vraw=f16 Kshape=[256,256,4,1] Vshape=[256,256,4,1] Keff=f16 Veff=f16 turbo_kv=1 prefer_native_vec=0 decode=1 dk=1 dv=0 unsafe_vec_after_turbo_v_decode=0 allow_vec=1 kernel=MMA_F16 need_f16_K=0 need_f16_V=0 Knb=[34,272,68,69632] Vnb=[2,2048,512,524288] Keff_nb=[2,2048,512,524288] Veff_nb=[2,2048,512,524288]
CUDA_FA_ROUTE_SUPPORTED kernel=MMA_F16 effK=f16 effV=f16 supported=1
CUDA_FA_ROUTE_PLAN device=0 Q=[256,1,16,1] Kraw=turbo2 Vraw=f16 Kshape=[256,256,4,1] Vshape=[256,256,4,1] Keff=f16 Veff=f16 turbo_kv=1 prefer_native_vec=0 decode=1 dk=1 dv=0 unsafe_vec_after_turbo_v_decode=0 allow_vec=1 kernel=MMA_F16 need_f16_K=0 need_f16_V=0 Knb=[34,272,68,69632] Vnb=[2,2048,512,524288] Keff_nb=[2,2048,512,524288] Veff_nb=[2,2048,512,524288]
CUDA_FA_ROUTE_ALLOC kernel=MMA_F16 need_f16_K=0 need_f16_V=0 workspace_end_offset=16384 dst_data=(nil) f16_K=(nil) f16_V=(nil) f16_end=0x4000
CUDA_FA_ROUTE_PLAN device=0 Q=[256,1,16,1] Kraw=turbo2 Vraw=f16 Kshape=[256,256,4,1] Vshape=[256,256,4,1] Keff=f16 Veff=f16 turbo_kv=1 prefer_native_vec=0 decode=1 dk=1 dv=0 unsafe_vec_after_turbo_v_decode=0 allow_vec=1 kernel=MMA_F16 need_f16_K=0 need_f16_V=0 Knb=[34,272,68,69632] Vnb=[2,2048,512,524288] Keff_nb=[2,2048,512,524288] Veff_nb=[2,2048,512,524288]
CUDA_FA_ROUTE_ALLOC kernel=MMA_F16 need_f16_K=0 need_f16_V=0 workspace_end_offset=16384 dst_data=(nil) f16_K=(nil) f16_V=(nil) f16_end=0x4000
CUDA_FA_ROUTE_PLAN device=0 Q=[256,1,16,1] Kraw=turbo2 Vraw=f16 Kshape=[256,256,4,1] Vshape=[256,256,4,1] Keff=f16 Veff=f16 turbo_kv=1 prefer_native_vec=0 decode=1 dk=1 dv=0 unsafe_vec_after_turbo_v_decode=0 allow_vec=1 kernel=MMA_F16 need_f16_K=0 need_f16_V=0 Knb=[34,272,68,69632] Vnb=[2,2048,512,524288] Keff_nb=[2,2048,512,524288] Veff_nb=[2,2048,512,524288]
CUDA_FA_ROUTE_ALLOC kernel=MMA_F16 need_f16_K=0 need_f16_V=0 workspace_end_offset=16384 dst_data=(nil) f16_K=(nil) f16_V=(nil) f16_end=0x4000
CUDA_FA_ROUTE_PLAN device=0 Q=[256,1,16,1] Kraw=turbo2 Vraw=f16 Kshape=[256,256,4,1] Vshape=[256,256,4,1] Keff=f16 Veff=f16 turbo_kv=1 prefer_native_vec=0 decode=1 dk=1 dv=0 unsafe_vec_after_turbo_v_decode=0 allow_vec=1 kernel=MMA_F16 need_f16_K=0 need_f16_V=0 Knb=[34,272,68,69632] Vnb=[2,2048,512,524288] Keff_nb=[2,2048,512,524288] Veff_nb=[2,2048,512,524288]
CUDA_FA_ROUTE_ALLOC kernel=MMA_F16 need_f16_K=0 need_f16_V=0 workspace_end_offset=16384 dst_data=(nil) f16_K=(nil) f16_V=(nil) f16_end=0x4000
CUDA_FA_ROUTE_PLAN device=0 Q=[256,1,16,1] Kraw=turbo2 Vraw=f16 Kshape=[256,256,4,1] Vshape=[256,256,4,1] Keff=f16 Veff=f16 turbo_kv=1 prefer_native_vec=0 decode=1 dk=1 dv=0 unsafe_vec_after_turbo_v_decode=0 allow_vec=1 kernel=MMA_F16 need_f16_K=0 need_f16_V=0 Knb=[34,272,68,69632] Vnb=[2,2048,512,524288] Keff_nb=[2,2048,512,524288] Veff_nb=[2,2048,512,524288]
CUDA_FA_ROUTE_ALLOC kernel=MMA_F16 need_f16_K=0 need_f16_V=0 workspace_end_offset=16384 dst_data=(nil) f16_K=(nil) f16_V=(nil) f16_end=0x4000
CUDA_FA_ROUTE_PLAN device=0 Q=[256,1,16,1] Kraw=turbo2 Vraw=f16 Kshape=[256,256,4,1] Vshape=[256,256,4,1] Keff=f16 Veff=f16 turbo_kv=1 prefer_native_vec=0 decode=1 dk=1 dv=0 unsafe_vec_after_turbo_v_decode=0 allow_vec=1 kernel=MMA_F16 need_f16_K=0 need_f16_V=0 Knb=[34,272,68,69632] Vnb=[2,2048,512,524288] Keff_nb=[2,2048,512,524288] Veff_nb=[2,2048,512,524288]
CUDA_FA_ROUTE_ALLOC kernel=MMA_F16 need_f16_K=0 need_f16_V=0 workspace_end_offset=16384 dst_data=(nil) f16_K=(nil) f16_V=(nil) f16_end=0x4000
CUDA_FA_ROUTE_PLAN device=0 Q=[256,1,16,1] Kraw=turbo2 Vraw=f16 Kshape=[256,256,4,1] Vshape=[256,256,4,1] Keff=f16 Veff=f16 turbo_kv=1 prefer_native_vec=0 decode=1 dk=1 dv=0 unsafe_vec_after_turbo_v_decode=0 allow_vec=1 kernel=MMA_F16 need_f16_K=0 need_f16_V=0 Knb=[34,272,68,69632] Vnb=[2,2048,512,524288] Keff_nb=[2,2048,512,524288] Veff_nb=[2,2048,512,524288]
CUDA_FA_ROUTE_ALLOC kernel=MMA_F16 need_f16_K=0 need_f16_V=0 workspace_end_offset=16384 dst_data=(nil) f16_K=(nil) f16_V=(nil) f16_end=0x4000
CUDA_FA_ROUTE_PLAN device=0 Q=[256,1,16,1] Kraw=turbo2 Vraw=f16 Kshape=[256,256,4,1] Vshape=[256,256,4,1] Keff=f16 Veff=f16 turbo_kv=1 prefer_native_vec=0 decode=1 dk=1 dv=0 unsafe_vec_after_turbo_v_decode=0 allow_vec=1 kernel=MMA_F16 need_f16_K=0 need_f16_V=0 Knb=[34,272,68,69632] Vnb=[2,2048,512,524288] Keff_nb=[2,2048,512,524288] Veff_nb=[2,2048,512,524288]
CUDA_FA_ROUTE_ALLOC kernel=MMA_F16 need_f16_K=0 need_f16_V=0 workspace_end_offset=16384 dst_data=(nil) f16_K=(nil) f16_V=(nil) f16_end=0x4000
CUDA_FA_ROUTE_PLAN device=0 Q=[256,1,16,1] Kraw=turbo2 Vraw=f16 Kshape=[256,256,4,1] Vshape=[256,256,4,1] Keff=f16 Veff=f16 turbo_kv=1 prefer_native_vec=0 decode=1 dk=1 dv=0 unsafe_vec_after_turbo_v_decode=0 allow_vec=1 kernel=MMA_F16 need_f16_K=0 need_f16_V=0 Knb=[34,272,68,69632] Vnb=[2,2048,512,524288] Keff_nb=[2,2048,512,524288] Veff_nb=[2,2048,512,524288]
CUDA_FA_ROUTE_ALLOC kernel=MMA_F16 need_f16_K=0 need_f16_V=0 workspace_end_offset=16384 dst_data=(nil) f16_K=(nil) f16_V=(nil) f16_end=0x4000
CUDA_FA_ROUTE_PLAN device=0 Q=[256,1,16,1] Kraw=turbo2 Vraw=f16 Kshape=[256,256,4,1] Vshape=[256,256,4,1] Keff=f16 Veff=f16 turbo_kv=1 prefer_native_vec=0 decode=1 dk=1 dv=0 unsafe_vec_after_turbo_v_decode=0 allow_vec=1 kernel=MMA_F16 need_f16_K=0 need_f16_V=0 Knb=[34,272,68,69632] Vnb=[2,2048,512,524288] Keff_nb=[2,2048,512,524288] Veff_nb=[2,2048,512,524288]
CUDA_FA_ROUTE_ALLOC kernel=MMA_F16 need_f16_K=0 need_f16_V=0 workspace_end_offset=16384 dst_data=(nil) f16_K=(nil) f16_V=(nil) f16_end=0x4000
CUDA_FA_ROUTE_PLAN device=0 Q=[256,1,16,1] Kraw=turbo2 Vraw=f16 Kshape=[256,256,4,1] Vshape=[256,256,4,1] Keff=f16 Veff=f16 turbo_kv=1 prefer_native_vec=0 decode=1 dk=1 dv=0 unsafe_vec_after_turbo_v_decode=0 allow_vec=1 kernel=MMA_F16 need_f16_K=0 need_f16_V=0 Knb=[34,272,68,69632] Vnb=[2,2048,512,524288] Keff_nb=[2,2048,512,524288] Veff_nb=[2,2048,512,524288]
CUDA_FA_ROUTE_ALLOC kernel=MMA_F16 need_f16_K=0 need_f16_V=0 workspace_end_offset=16384 dst_data=(nil) f16_K=(nil) f16_V=(nil) f16_end=0x4000
CUDA_FA_ROUTE_PLAN device=0 Q=[256,1,16,1] Kraw=turbo2 Vraw=f16 Kshape=[256,256,4,1] Vshape=[256,256,4,1] Keff=f16 Veff=f16 turbo_kv=1 prefer_native_vec=0 decode=1 dk=1 dv=0 unsafe_vec_after_turbo_v_decode=0 allow_vec=1 kernel=MMA_F16 need_f16_K=0 need_f16_V=0 Knb=[34,272,68,69632] Vnb=[2,2048,512,524288] Keff_nb=[2,2048,512,524288] Veff_nb=[2,2048,512,524288]
CUDA_FA_ROUTE_ALLOC kernel=MMA_F16 need_f16_K=0 need_f16_V=0 workspace_end_offset=16384 dst_data=(nil) f16_K=(nil) f16_V=(nil) f16_end=0x4000
CUDA_FA_ROUTE_PLAN device=0 Q=[256,1,16,1] Kraw=turbo2 Vraw=f16 Kshape=[256,256,4,1] Vshape=[256,256,4,1] Keff=f16 Veff=f16 turbo_kv=1 prefer_native_vec=0 decode=1 dk=1 dv=0 unsafe_vec_after_turbo_v_decode=0 allow_vec=1 kernel=MMA_F16 need_f16_K=0 need_f16_V=0 Knb=[34,272,68,69632] Vnb=[2,2048,512,524288] Keff_nb=[2,2048,512,524288] Veff_nb=[2,2048,512,524288]
CUDA_FA_ROUTE_ALLOC kernel=MMA_F16 need_f16_K=0 need_f16_V=0 workspace_end_offset=16384 dst_data=(nil) f16_K=(nil) f16_V=(nil) f16_end=0x4000
CUDA_FA_ROUTE_PLAN device=0 Q=[256,1,16,1] Kraw=turbo2 Vraw=f16 Kshape=[256,256,4,1] Vshape=[256,256,4,1] Keff=f16 Veff=f16 turbo_kv=1 prefer_native_vec=0 decode=1 dk=1 dv=0 unsafe_vec_after_turbo_v_decode=0 allow_vec=1 kernel=MMA_F16 need_f16_K=0 need_f16_V=0 Knb=[34,272,68,69632] Vnb=[2,2048,512,524288] Keff_nb=[2,2048,512,524288] Veff_nb=[2,2048,512,524288]
CUDA_FA_ROUTE_ALLOC kernel=MMA_F16 need_f16_K=0 need_f16_V=0 workspace_end_offset=16384 dst_data=(nil) f16_K=(nil) f16_V=(nil) f16_end=0x4000
CUDA_FA_ROUTE_PLAN device=0 Q=[256,1,16,1] Kraw=turbo2 Vraw=f16 Kshape=[256,256,4,1] Vshape=[256,256,4,1] Keff=f16 Veff=f16 turbo_kv=1 prefer_native_vec=0 decode=1 dk=1 dv=0 unsafe_vec_after_turbo_v_decode=0 allow_vec=1 kernel=MMA_F16 need_f16_K=0 need_f16_V=0 Knb=[34,272,68,69632] Vnb=[2,2048,512,524288] Keff_nb=[2,2048,512,524288] Veff_nb=[2,2048,512,524288]
CUDA_FA_ROUTE_ALLOC kernel=MMA_F16 need_f16_K=0 need_f16_V=0 workspace_end_offset=16384 dst_data=(nil) f16_K=(nil) f16_V=(nil) f16_end=0x4000
CUDA_FA_ROUTE_PLAN device=0 Q=[256,1,16,1] Kraw=turbo2 Vraw=f16 Kshape=[256,256,4,1] Vshape=[256,256,4,1] Keff=f16 Veff=f16 turbo_kv=1 prefer_native_vec=0 decode=1 dk=1 dv=0 unsafe_vec_after_turbo_v_decode=0 allow_vec=1 kernel=MMA_F16 need_f16_K=0 need_f16_V=0 Knb=[34,272,68,69632] Vnb=[2,2048,512,524288] Keff_nb=[2,2048,512,524288] Veff_nb=[2,2048,512,524288]
CUDA_FA_ROUTE_ALLOC kernel=MMA_F16 need_f16_K=0 need_f16_V=0 workspace_end_offset=16384 dst_data=(nil) f16_K=(nil) f16_V=(nil) f16_end=0x4000
CUDA_FA_ROUTE_PLAN device=0 Q=[256,1,16,1] Kraw=turbo2 Vraw=f16 Kshape=[256,256,4,1] Vshape=[256,256,4,1] Keff=f16 Veff=f16 turbo_kv=1 prefer_native_vec=0 decode=1 dk=1 dv=0 unsafe_vec_after_turbo_v_decode=0 allow_vec=1 kernel=MMA_F16 need_f16_K=0 need_f16_V=0 Knb=[34,272,68,69632] Vnb=[2,2048,512,524288] Keff_nb=[2,2048,512,524288] Veff_nb=[2,2048,512,524288]
CUDA_FA_ROUTE_ALLOC kernel=MMA_F16 need_f16_K=0 need_f16_V=0 workspace_end_offset=16384 dst_data=(nil) f16_K=(nil) f16_V=(nil) f16_end=0x4000
CUDA_FA_ROUTE_PLAN device=0 Q=[256,1,16,1] Kraw=turbo2 Vraw=f16 Kshape=[256,256,4,1] Vshape=[256,256,4,1] Keff=f16 Veff=f16 turbo_kv=1 prefer_native_vec=0 decode=1 dk=1 dv=0 unsafe_vec_after_turbo_v_decode=0 allow_vec=1 kernel=MMA_F16 need_f16_K=0 need_f16_V=0 Knb=[34,272,68,69632] Vnb=[2,2048,512,524288] Keff_nb=[2,2048,512,524288] Veff_nb=[2,2048,512,524288]
CUDA_FA_ROUTE_ALLOC kernel=MMA_F16 need_f16_K=0 need_f16_V=0 workspace_end_offset=16384 dst_data=(nil) f16_K=(nil) f16_V=(nil) f16_end=0x4000
CUDA_FA_ROUTE_PLAN device=0 Q=[256,1,16,1] Kraw=turbo2 Vraw=f16 Kshape=[256,256,4,1] Vshape=[256,256,4,1] Keff=f16 Veff=f16 turbo_kv=1 prefer_native_vec=0 decode=1 dk=1 dv=0 unsafe_vec_after_turbo_v_decode=0 allow_vec=1 kernel=MMA_F16 need_f16_K=0 need_f16_V=0 Knb=[34,272,68,69632] Vnb=[2,2048,512,524288] Keff_nb=[2,2048,512,524288] Veff_nb=[2,2048,512,524288]
CUDA_FA_ROUTE_ALLOC kernel=MMA_F16 need_f16_K=0 need_f16_V=0 workspace_end_offset=16384 dst_data=(nil) f16_K=(nil) f16_V=(nil) f16_end=0x4000
CUDA_FA_ROUTE_PLAN device=0 Q=[256,1,16,1] Kraw=turbo2 Vraw=f16 Kshape=[256,256,4,1] Vshape=[256,256,4,1] Keff=f16 Veff=f16 turbo_kv=1 prefer_native_vec=0 decode=1 dk=1 dv=0 unsafe_vec_after_turbo_v_decode=0 allow_vec=1 kernel=MMA_F16 need_f16_K=0 need_f16_V=0 Knb=[34,272,68,69632] Vnb=[2,2048,512,524288] Keff_nb=[2,2048,512,524288] Veff_nb=[2,2048,512,524288]
CUDA_FA_ROUTE_ALLOC kernel=MMA_F16 need_f16_K=0 need_f16_V=0 workspace_end_offset=16384 dst_data=(nil) f16_K=(nil) f16_V=(nil) f16_end=0x4000
CUDA_FA_ROUTE_PLAN device=0 Q=[256,1,16,1] Kraw=turbo2 Vraw=f16 Kshape=[256,256,4,1] Vshape=[256,256,4,1] Keff=f16 Veff=f16 turbo_kv=1 prefer_native_vec=0 decode=1 dk=1 dv=0 unsafe_vec_after_turbo_v_decode=0 allow_vec=1 kernel=MMA_F16 need_f16_K=0 need_f16_V=0 Knb=[34,272,68,69632] Vnb=[2,2048,512,524288] Keff_nb=[2,2048,512,524288] Veff_nb=[2,2048,512,524288]
CUDA_FA_ROUTE_ALLOC kernel=MMA_F16 need_f16_K=0 need_f16_V=0 workspace_end_offset=16384 dst_data=(nil) f16_K=(nil) f16_V=(nil) f16_end=0x4000
CUDA_FA_ROUTE_PLAN device=0 Q=[256,1,16,1] Kraw=turbo2 Vraw=f16 Kshape=[256,256,4,1] Vshape=[256,256,4,1] Keff=f16 Veff=f16 turbo_kv=1 prefer_native_vec=0 decode=1 dk=1 dv=0 unsafe_vec_after_turbo_v_decode=0 allow_vec=1 kernel=MMA_F16 need_f16_K=0 need_f16_V=0 Knb=[34,272,68,69632] Vnb=[2,2048,512,524288] Keff_nb=[2,2048,512,524288] Veff_nb=[2,2048,512,524288]
CUDA_FA_ROUTE_ALLOC kernel=MMA_F16 need_f16_K=0 need_f16_V=0 workspace_end_offset=16384 dst_data=(nil) f16_K=(nil) f16_V=(nil) f16_end=0x4000
CUDA_FA_ROUTE_PLAN device=0 Q=[256,1,16,1] Kraw=turbo2 Vraw=f16 Kshape=[256,256,4,1] Vshape=[256,256,4,1] Keff=f16 Veff=f16 turbo_kv=1 prefer_native_vec=0 decode=1 dk=1 dv=0 unsafe_vec_after_turbo_v_decode=0 allow_vec=1 kernel=MMA_F16 need_f16_K=0 need_f16_V=0 Knb=[34,272,68,69632] Vnb=[2,2048,512,524288] Keff_nb=[2,2048,512,524288] Veff_nb=[2,2048,512,524288]
CUDA_FA_ROUTE_ALLOC kernel=MMA_F16 need_f16_K=0 need_f16_V=0 workspace_end_offset=16384 dst_data=(nil) f16_K=(nil) f16_V=(nil) f16_end=0x4000
CUDA_FA_ROUTE_PLAN device=0 Q=[256,1,16,1] Kraw=turbo2 Vraw=f16 Kshape=[256,256,4,1] Vshape=[256,256,4,1] Keff=f16 Veff=f16 turbo_kv=1 prefer_native_vec=0 decode=1 dk=1 dv=0 unsafe_vec_after_turbo_v_decode=0 allow_vec=1 kernel=MMA_F16 need_f16_K=0 need_f16_V=0 Knb=[34,272,68,69632] Vnb=[2,2048,512,524288] Keff_nb=[2,2048,512,524288] Veff_nb=[2,2048,512,524288]
CUDA_FA_ROUTE_ALLOC kernel=MMA_F16 need_f16_K=0 need_f16_V=0 workspace_end_offset=16384 dst_data=(nil) f16_K=(nil) f16_V=(nil) f16_end=0x4000
CUDA_FA_ROUTE_PLAN device=0 Q=[256,1,16,1] Kraw=turbo2 Vraw=f16 Kshape=[256,256,4,1] Vshape=[256,256,4,1] Keff=f16 Veff=f16 turbo_kv=1 prefer_native_vec=0 decode=1 dk=1 dv=0 unsafe_vec_after_turbo_v_decode=0 allow_vec=1 kernel=MMA_F16 need_f16_K=0 need_f16_V=0 Knb=[34,272,68,69632] Vnb=[2,2048,512,524288] Keff_nb=[2,2048,512,524288] Veff_nb=[2,2048,512,524288]
CUDA_FA_ROUTE_ALLOC kernel=MMA_F16 need_f16_K=0 need_f16_V=0 workspace_end_offset=16384 dst_data=(nil) f16_K=(nil) f16_V=(nil) f16_end=0x4000
CUDA_FA_ROUTE_PLAN device=0 Q=[256,1,16,1] Kraw=turbo2 Vraw=f16 Kshape=[256,256,4,1] Vshape=[256,256,4,1] Keff=f16 Veff=f16 turbo_kv=1 prefer_native_vec=0 decode=1 dk=1 dv=0 unsafe_vec_after_turbo_v_decode=0 allow_vec=1 kernel=MMA_F16 need_f16_K=0 need_f16_V=0 Knb=[34,272,68,69632] Vnb=[2,2048,512,524288] Keff_nb=[2,2048,512,524288] Veff_nb=[2,2048,512,524288]
CUDA_FA_ROUTE_ALLOC kernel=MMA_F16 need_f16_K=0 need_f16_V=0 workspace_end_offset=16384 dst_data=(nil) f16_K=(nil) f16_V=(nil) f16_end=0x4000
CUDA_FA_ROUTE_PLAN device=0 Q=[256,1,16,1] Kraw=turbo2 Vraw=f16 Kshape=[256,256,4,1] Vshape=[256,256,4,1] Keff=f16 Veff=f16 turbo_kv=1 prefer_native_vec=0 decode=1 dk=1 dv=0 unsafe_vec_after_turbo_v_decode=0 allow_vec=1 kernel=MMA_F16 need_f16_K=0 need_f16_V=0 Knb=[34,272,68,69632] Vnb=[2,2048,512,524288] Keff_nb=[2,2048,512,524288] Veff_nb=[2,2048,512,524288]
CUDA_FA_ROUTE_ALLOC kernel=MMA_F16 need_f16_K=0 need_f16_V=0 workspace_end_offset=16384 dst_data=(nil) f16_K=(nil) f16_V=(nil) f16_end=0x4000
CUDA_FA_ROUTE_PLAN device=0 Q=[256,1,16,1] Kraw=turbo2 Vraw=f16 Kshape=[256,256,4,1] Vshape=[256,256,4,1] Keff=f16 Veff=f16 turbo_kv=1 prefer_native_vec=0 decode=1 dk=1 dv=0 unsafe_vec_after_turbo_v_decode=0 allow_vec=1 kernel=MMA_F16 need_f16_K=0 need_f16_V=0 Knb=[34,272,68,69632] Vnb=[2,2048,512,524288] Keff_nb=[2,2048,512,524288] Veff_nb=[2,2048,512,524288]
CUDA_FA_ROUTE_ALLOC kernel=MMA_F16 need_f16_K=0 need_f16_V=0 workspace_end_offset=16384 dst_data=(nil) f16_K=(nil) f16_V=(nil) f16_end=0x4000
CUDA_FA_ROUTE_PLAN device=0 Q=[256,1,16,1] Kraw=turbo2 Vraw=f16 Kshape=[256,256,4,1] Vshape=[256,256,4,1] Keff=f16 Veff=f16 turbo_kv=1 prefer_native_vec=0 decode=1 dk=1 dv=0 unsafe_vec_after_turbo_v_decode=0 allow_vec=1 kernel=MMA_F16 need_f16_K=0 need_f16_V=0 Knb=[34,272,68,69632] Vnb=[2,2048,512,524288] Keff_nb=[2,2048,512,524288] Veff_nb=[2,2048,512,524288]
CUDA_FA_ROUTE_ALLOC kernel=MMA_F16 need_f16_K=0 need_f16_V=0 workspace_end_offset=16384 dst_data=(nil) f16_K=(nil) f16_V=(nil) f16_end=0x4000
CUDA_FA_ROUTE_PLAN device=0 Q=[256,1,16,1] Kraw=turbo2 Vraw=f16 Kshape=[256,256,4,1] Vshape=[256,256,4,1] Keff=f16 Veff=f16 turbo_kv=1 prefer_native_vec=0 decode=1 dk=1 dv=0 unsafe_vec_after_turbo_v_decode=0 allow_vec=1 kernel=MMA_F16 need_f16_K=0 need_f16_V=0 Knb=[34,272,68,69632] Vnb=[2,2048,512,524288] Keff_nb=[2,2048,512,524288] Veff_nb=[2,2048,512,524288]
CUDA_FA_ROUTE_ALLOC kernel=MMA_F16 need_f16_K=0 need_f16_V=0 workspace_end_offset=16384 dst_data=(nil) f16_K=(nil) f16_V=(nil) f16_end=0x4000
CUDA_FA_ROUTE_PLAN device=0 Q=[256,1,16,1] Kraw=turbo2 Vraw=f16 Kshape=[256,256,4,1] Vshape=[256,256,4,1] Keff=f16 Veff=f16 turbo_kv=1 prefer_native_vec=0 decode=1 dk=1 dv=0 unsafe_vec_after_turbo_v_decode=0 allow_vec=1 kernel=MMA_F16 need_f16_K=0 need_f16_V=0 Knb=[34,272,68,69632] Vnb=[2,2048,512,524288] Keff_nb=[2,2048,512,524288] Veff_nb=[2,2048,512,524288]
CUDA_FA_ROUTE_ALLOC kernel=MMA_F16 need_f16_K=0 need_f16_V=0 workspace_end_offset=16384 dst_data=(nil) f16_K=(nil) f16_V=(nil) f16_end=0x4000
CUDA_FA_ROUTE_PLAN device=0 Q=[256,1,16,1] Kraw=turbo2 Vraw=f16 Kshape=[256,256,4,1] Vshape=[256,256,4,1] Keff=f16 Veff=f16 turbo_kv=1 prefer_native_vec=0 decode=1 dk=1 dv=0 unsafe_vec_after_turbo_v_decode=0 allow_vec=1 kernel=MMA_F16 need_f16_K=0 need_f16_V=0 Knb=[34,272,68,69632] Vnb=[2,2048,512,524288] Keff_nb=[2,2048,512,524288] Veff_nb=[2,2048,512,524288]
CUDA_FA_ROUTE_ALLOC kernel=MMA_F16 need_f16_K=0 need_f16_V=0 workspace_end_offset=16384 dst_data=(nil) f16_K=(nil) f16_V=(nil) f16_end=0x4000
CUDA_FA_ROUTE_PLAN device=0 Q=[256,256,16,1] Kraw=turbo2 Vraw=f16 Kshape=[256,256,4,1] Vshape=[256,256,4,1] Keff=f16 Veff=f16 turbo_kv=1 prefer_native_vec=0 decode=1 dk=1 dv=0 unsafe_vec_after_turbo_v_decode=0 allow_vec=1 kernel=MMA_F16 need_f16_K=0 need_f16_V=0 Knb=[34,272,68,69632] Vnb=[2,2048,512,524288] Keff_nb=[2,2048,512,524288] Veff_nb=[2,2048,512,524288]
CUDA_FA_ROUTE_SUPPORTED kernel=MMA_F16 effK=f16 effV=f16 supported=1
CUDA_FA_ROUTE_PLAN device=0 Q=[256,256,16,1] Kraw=turbo2 Vraw=f16 Kshape=[256,256,4,1] Vshape=[256,256,4,1] Keff=f16 Veff=f16 turbo_kv=1 prefer_native_vec=0 decode=1 dk=1 dv=0 unsafe_vec_after_turbo_v_decode=0 allow_vec=1 kernel=MMA_F16 need_f16_K=0 need_f16_V=0 Knb=[34,272,68,69632] Vnb=[2,2048,512,524288] Keff_nb=[2,2048,512,524288] Veff_nb=[2,2048,512,524288]
CUDA_FA_ROUTE_SUPPORTED kernel=MMA_F16 effK=f16 effV=f16 supported=1
CUDA_FA_ROUTE_PLAN device=0 Q=[256,256,16,1] Kraw=turbo2 Vraw=f16 Kshape=[256,256,4,1] Vshape=[256,256,4,1] Keff=f16 Veff=f16 turbo_kv=1 prefer_native_vec=0 decode=1 dk=1 dv=0 unsafe_vec_after_turbo_v_decode=0 allow_vec=1 kernel=MMA_F16 need_f16_K=0 need_f16_V=0 Knb=[34,272,68,69632] Vnb=[2,2048,512,524288] Keff_nb=[2,2048,512,524288] Veff_nb=[2,2048,512,524288]
CUDA_FA_ROUTE_SUPPORTED kernel=MMA_F16 effK=f16 effV=f16 supported=1
CUDA_FA_ROUTE_PLAN device=0 Q=[256,256,16,1] Kraw=turbo2 Vraw=f16 Kshape=[256,256,4,1] Vshape=[256,256,4,1] Keff=f16 Veff=f16 turbo_kv=1 prefer_native_vec=0 decode=1 dk=1 dv=0 unsafe_vec_after_turbo_v_decode=0 allow_vec=1 kernel=MMA_F16 need_f16_K=0 need_f16_V=0 Knb=[34,272,68,69632] Vnb=[2,2048,512,524288] Keff_nb=[2,2048,512,524288] Veff_nb=[2,2048,512,524288]
CUDA_FA_ROUTE_SUPPORTED kernel=MMA_F16 effK=f16 effV=f16 supported=1
CUDA_FA_ROUTE_PLAN device=0 Q=[256,256,16,1] Kraw=turbo2 Vraw=f16 Kshape=[256,256,4,1] Vshape=[256,256,4,1] Keff=f16 Veff=f16 turbo_kv=1 prefer_native_vec=0 decode=1 dk=1 dv=0 unsafe_vec_after_turbo_v_decode=0 allow_vec=1 kernel=MMA_F16 need_f16_K=0 need_f16_V=0 Knb=[34,272,68,69632] Vnb=[2,2048,512,524288] Keff_nb=[2,2048,512,524288] Veff_nb=[2,2048,512,524288]
CUDA_FA_ROUTE_SUPPORTED kernel=MMA_F16 effK=f16 effV=f16 supported=1
CUDA_FA_ROUTE_PLAN device=0 Q=[256,256,16,1] Kraw=turbo2 Vraw=f16 Kshape=[256,256,4,1] Vshape=[256,256,4,1] Keff=f16 Veff=f16 turbo_kv=1 prefer_native_vec=0 decode=1 dk=1 dv=0 unsafe_vec_after_turbo_v_decode=0 allow_vec=1 kernel=MMA_F16 need_f16_K=0 need_f16_V=0 Knb=[34,272,68,69632] Vnb=[2,2048,512,524288] Keff_nb=[2,2048,512,524288] Veff_nb=[2,2048,512,524288]
CUDA_FA_ROUTE_SUPPORTED kernel=MMA_F16 effK=f16 effV=f16 supported=1
CUDA_FA_ROUTE_PLAN device=0 Q=[256,256,16,1] Kraw=turbo2 Vraw=f16 Kshape=[256,256,4,1] Vshape=[256,256,4,1] Keff=f16 Veff=f16 turbo_kv=1 prefer_native_vec=0 decode=1 dk=1 dv=0 unsafe_vec_after_turbo_v_decode=0 allow_vec=1 kernel=MMA_F16 need_f16_K=0 need_f16_V=0 Knb=[34,272,68,69632] Vnb=[2,2048,512,524288] Keff_nb=[2,2048,512,524288] Veff_nb=[2,2048,512,524288]
CUDA_FA_ROUTE_SUPPORTED kernel=MMA_F16 effK=f16 effV=f16 supported=1
CUDA_FA_ROUTE_PLAN device=0 Q=[256,256,16,1] Kraw=turbo2 Vraw=f16 Kshape=[256,256,4,1] Vshape=[256,256,4,1] Keff=f16 Veff=f16 turbo_kv=1 prefer_native_vec=0 decode=1 dk=1 dv=0 unsafe_vec_after_turbo_v_decode=0 allow_vec=1 kernel=MMA_F16 need_f16_K=0 need_f16_V=0 Knb=[34,272,68,69632] Vnb=[2,2048,512,524288] Keff_nb=[2,2048,512,524288] Veff_nb=[2,2048,512,524288]
CUDA_FA_ROUTE_SUPPORTED kernel=MMA_F16 effK=f16 effV=f16 supported=1
CUDA_FA_ROUTE_PLAN device=0 Q=[256,256,16,1] Kraw=turbo2 Vraw=f16 Kshape=[256,256,4,1] Vshape=[256,256,4,1] Keff=f16 Veff=f16 turbo_kv=1 prefer_native_vec=0 decode=1 dk=1 dv=0 unsafe_vec_after_turbo_v_decode=0 allow_vec=1 kernel=MMA_F16 need_f16_K=0 need_f16_V=0 Knb=[34,272,68,69632] Vnb=[2,2048,512,524288] Keff_nb=[2,2048,512,524288] Veff_nb=[2,2048,512,524288]
CUDA_FA_ROUTE_ALLOC kernel=MMA_F16 need_f16_K=0 need_f16_V=0 workspace_end_offset=4194304 dst_data=(nil) f16_K=(nil) f16_V=(nil) f16_end=0x400000
CUDA_FA_ROUTE_PLAN device=0 Q=[256,256,16,1] Kraw=turbo2 Vraw=f16 Kshape=[256,256,4,1] Vshape=[256,256,4,1] Keff=f16 Veff=f16 turbo_kv=1 prefer_native_vec=0 decode=1 dk=1 dv=0 unsafe_vec_after_turbo_v_decode=0 allow_vec=1 kernel=MMA_F16 need_f16_K=0 need_f16_V=0 Knb=[34,272,68,69632] Vnb=[2,2048,512,524288] Keff_nb=[2,2048,512,524288] Veff_nb=[2,2048,512,524288]
CUDA_FA_ROUTE_ALLOC kernel=MMA_F16 need_f16_K=0 need_f16_V=0 workspace_end_offset=4194304 dst_data=(nil) f16_K=(nil) f16_V=(nil) f16_end=0x400000
CUDA_FA_ROUTE_PLAN device=0 Q=[256,256,16,1] Kraw=turbo2 Vraw=f16 Kshape=[256,256,4,1] Vshape=[256,256,4,1] Keff=f16 Veff=f16 turbo_kv=1 prefer_native_vec=0 decode=1 dk=1 dv=0 unsafe_vec_after_turbo_v_decode=0 allow_vec=1 kernel=MMA_F16 need_f16_K=0 need_f16_V=0 Knb=[34,272,68,69632] Vnb=[2,2048,512,524288] Keff_nb=[2,2048,512,524288] Veff_nb=[2,2048,512,524288]
CUDA_FA_ROUTE_ALLOC kernel=MMA_F16 need_f16_K=0 need_f16_V=0 workspace_end_offset=4194304 dst_data=(nil) f16_K=(nil) f16_V=(nil) f16_end=0x400000
CUDA_FA_ROUTE_PLAN device=0 Q=[256,256,16,1] Kraw=turbo2 Vraw=f16 Kshape=[256,256,4,1] Vshape=[256,256,4,1] Keff=f16 Veff=f16 turbo_kv=1 prefer_native_vec=0 decode=1 dk=1 dv=0 unsafe_vec_after_turbo_v_decode=0 allow_vec=1 kernel=MMA_F16 need_f16_K=0 need_f16_V=0 Knb=[34,272,68,69632] Vnb=[2,2048,512,524288] Keff_nb=[2,2048,512,524288] Veff_nb=[2,2048,512,524288]
CUDA_FA_ROUTE_ALLOC kernel=MMA_F16 need_f16_K=0 need_f16_V=0 workspace_end_offset=4194304 dst_data=(nil) f16_K=(nil) f16_V=(nil) f16_end=0x400000
CUDA_FA_ROUTE_PLAN device=0 Q=[256,256,16,1] Kraw=turbo2 Vraw=f16 Kshape=[256,256,4,1] Vshape=[256,256,4,1] Keff=f16 Veff=f16 turbo_kv=1 prefer_native_vec=0 decode=1 dk=1 dv=0 unsafe_vec_after_turbo_v_decode=0 allow_vec=1 kernel=MMA_F16 need_f16_K=0 need_f16_V=0 Knb=[34,272,68,69632] Vnb=[2,2048,512,524288] Keff_nb=[2,2048,512,524288] Veff_nb=[2,2048,512,524288]
CUDA_FA_ROUTE_ALLOC kernel=MMA_F16 need_f16_K=0 need_f16_V=0 workspace_end_offset=4194304 dst_data=(nil) f16_K=(nil) f16_V=(nil) f16_end=0x400000
CUDA_FA_ROUTE_PLAN device=0 Q=[256,256,16,1] Kraw=turbo2 Vraw=f16 Kshape=[256,256,4,1] Vshape=[256,256,4,1] Keff=f16 Veff=f16 turbo_kv=1 prefer_native_vec=0 decode=1 dk=1 dv=0 unsafe_vec_after_turbo_v_decode=0 allow_vec=1 kernel=MMA_F16 need_f16_K=0 need_f16_V=0 Knb=[34,272,68,69632] Vnb=[2,2048,512,524288] Keff_nb=[2,2048,512,524288] Veff_nb=[2,2048,512,524288]
CUDA_FA_ROUTE_ALLOC kernel=MMA_F16 need_f16_K=0 need_f16_V=0 workspace_end_offset=4194304 dst_data=(nil) f16_K=(nil) f16_V=(nil) f16_end=0x400000
CUDA_FA_ROUTE_PLAN device=0 Q=[256,256,16,1] Kraw=turbo2 Vraw=f16 Kshape=[256,256,4,1] Vshape=[256,256,4,1] Keff=f16 Veff=f16 turbo_kv=1 prefer_native_vec=0 decode=1 dk=1 dv=0 unsafe_vec_after_turbo_v_decode=0 allow_vec=1 kernel=MMA_F16 need_f16_K=0 need_f16_V=0 Knb=[34,272,68,69632] Vnb=[2,2048,512,524288] Keff_nb=[2,2048,512,524288] Veff_nb=[2,2048,512,524288]
CUDA_FA_ROUTE_ALLOC kernel=MMA_F16 need_f16_K=0 need_f16_V=0 workspace_end_offset=4194304 dst_data=(nil) f16_K=(nil) f16_V=(nil) f16_end=0x400000
CUDA_FA_ROUTE_PLAN device=0 Q=[256,256,16,1] Kraw=turbo2 Vraw=f16 Kshape=[256,256,4,1] Vshape=[256,256,4,1] Keff=f16 Veff=f16 turbo_kv=1 prefer_native_vec=0 decode=1 dk=1 dv=0 unsafe_vec_after_turbo_v_decode=0 allow_vec=1 kernel=MMA_F16 need_f16_K=0 need_f16_V=0 Knb=[34,272,68,69632] Vnb=[2,2048,512,524288] Keff_nb=[2,2048,512,524288] Veff_nb=[2,2048,512,524288]
CUDA_FA_ROUTE_ALLOC kernel=MMA_F16 need_f16_K=0 need_f16_V=0 workspace_end_offset=4194304 dst_data=(nil) f16_K=(nil) f16_V=(nil) f16_end=0x400000
CUDA_FA_ROUTE_PLAN device=0 Q=[256,256,16,1] Kraw=turbo2 Vraw=f16 Kshape=[256,256,4,1] Vshape=[256,256,4,1] Keff=f16 Veff=f16 turbo_kv=1 prefer_native_vec=0 decode=1 dk=1 dv=0 unsafe_vec_after_turbo_v_decode=0 allow_vec=1 kernel=MMA_F16 need_f16_K=0 need_f16_V=0 Knb=[34,272,68,69632] Vnb=[2,2048,512,524288] Keff_nb=[2,2048,512,524288] Veff_nb=[2,2048,512,524288]
CUDA_FA_ROUTE_ALLOC kernel=MMA_F16 need_f16_K=0 need_f16_V=0 workspace_end_offset=4194304 dst_data=(nil) f16_K=(nil) f16_V=(nil) f16_end=0x400000
CUDA_FA_ROUTE_PLAN device=0 Q=[256,256,16,1] Kraw=turbo2 Vraw=f16 Kshape=[256,256,4,1] Vshape=[256,256,4,1] Keff=f16 Veff=f16 turbo_kv=1 prefer_native_vec=0 decode=1 dk=1 dv=0 unsafe_vec_after_turbo_v_decode=0 allow_vec=1 kernel=MMA_F16 need_f16_K=0 need_f16_V=0 Knb=[34,272,68,69632] Vnb=[2,2048,512,524288] Keff_nb=[2,2048,512,524288] Veff_nb=[2,2048,512,524288]
CUDA_FA_ROUTE_ALLOC kernel=MMA_F16 need_f16_K=0 need_f16_V=0 workspace_end_offset=4194304 dst_data=(nil) f16_K=(nil) f16_V=(nil) f16_end=0x400000
CUDA_FA_ROUTE_PLAN device=0 Q=[256,256,16,1] Kraw=turbo2 Vraw=f16 Kshape=[256,256,4,1] Vshape=[256,256,4,1] Keff=f16 Veff=f16 turbo_kv=1 prefer_native_vec=0 decode=1 dk=1 dv=0 unsafe_vec_after_turbo_v_decode=0 allow_vec=1 kernel=MMA_F16 need_f16_K=0 need_f16_V=0 Knb=[34,272,68,69632] Vnb=[2,2048,512,524288] Keff_nb=[2,2048,512,524288] Veff_nb=[2,2048,512,524288]
CUDA_FA_ROUTE_ALLOC kernel=MMA_F16 need_f16_K=0 need_f16_V=0 workspace_end_offset=4194304 dst_data=(nil) f16_K=(nil) f16_V=(nil) f16_end=0x400000
CUDA_FA_ROUTE_PLAN device=0 Q=[256,256,16,1] Kraw=turbo2 Vraw=f16 Kshape=[256,256,4,1] Vshape=[256,256,4,1] Keff=f16 Veff=f16 turbo_kv=1 prefer_native_vec=0 decode=1 dk=1 dv=0 unsafe_vec_after_turbo_v_decode=0 allow_vec=1 kernel=MMA_F16 need_f16_K=0 need_f16_V=0 Knb=[34,272,68,69632] Vnb=[2,2048,512,524288] Keff_nb=[2,2048,512,524288] Veff_nb=[2,2048,512,524288]
CUDA_FA_ROUTE_ALLOC kernel=MMA_F16 need_f16_K=0 need_f16_V=0 workspace_end_offset=4194304 dst_data=(nil) f16_K=(nil) f16_V=(nil) f16_end=0x400000
CUDA_FA_ROUTE_PLAN device=0 Q=[256,256,16,1] Kraw=turbo2 Vraw=f16 Kshape=[256,256,4,1] Vshape=[256,256,4,1] Keff=f16 Veff=f16 turbo_kv=1 prefer_native_vec=0 decode=1 dk=1 dv=0 unsafe_vec_after_turbo_v_decode=0 allow_vec=1 kernel=MMA_F16 need_f16_K=0 need_f16_V=0 Knb=[34,272,68,69632] Vnb=[2,2048,512,524288] Keff_nb=[2,2048,512,524288] Veff_nb=[2,2048,512,524288]
CUDA_FA_ROUTE_ALLOC kernel=MMA_F16 need_f16_K=0 need_f16_V=0 workspace_end_offset=4194304 dst_data=(nil) f16_K=(nil) f16_V=(nil) f16_end=0x400000
CUDA_FA_ROUTE_PLAN device=0 Q=[256,256,16,1] Kraw=turbo2 Vraw=f16 Kshape=[256,256,4,1] Vshape=[256,256,4,1] Keff=f16 Veff=f16 turbo_kv=1 prefer_native_vec=0 decode=1 dk=1 dv=0 unsafe_vec_after_turbo_v_decode=0 allow_vec=1 kernel=MMA_F16 need_f16_K=0 need_f16_V=0 Knb=[34,272,68,69632] Vnb=[2,2048,512,524288] Keff_nb=[2,2048,512,524288] Veff_nb=[2,2048,512,524288]
CUDA_FA_ROUTE_ALLOC kernel=MMA_F16 need_f16_K=0 need_f16_V=0 workspace_end_offset=4194304 dst_data=(nil) f16_K=(nil) f16_V=(nil) f16_end=0x400000
CUDA_FA_ROUTE_PLAN device=0 Q=[256,256,16,1] Kraw=turbo2 Vraw=f16 Kshape=[256,256,4,1] Vshape=[256,256,4,1] Keff=f16 Veff=f16 turbo_kv=1 prefer_native_vec=0 decode=1 dk=1 dv=0 unsafe_vec_after_turbo_v_decode=0 allow_vec=1 kernel=MMA_F16 need_f16_K=0 need_f16_V=0 Knb=[34,272,68,69632] Vnb=[2,2048,512,524288] Keff_nb=[2,2048,512,524288] Veff_nb=[2,2048,512,524288]
CUDA_FA_ROUTE_ALLOC kernel=MMA_F16 need_f16_K=0 need_f16_V=0 workspace_end_offset=4194304 dst_data=(nil) f16_K=(nil) f16_V=(nil) f16_end=0x400000
CUDA_FA_ROUTE_PLAN device=0 Q=[256,256,16,1] Kraw=turbo2 Vraw=f16 Kshape=[256,256,4,1] Vshape=[256,256,4,1] Keff=f16 Veff=f16 turbo_kv=1 prefer_native_vec=0 decode=1 dk=1 dv=0 unsafe_vec_after_turbo_v_decode=0 allow_vec=1 kernel=MMA_F16 need_f16_K=0 need_f16_V=0 Knb=[34,272,68,69632] Vnb=[2,2048,512,524288] Keff_nb=[2,2048,512,524288] Veff_nb=[2,2048,512,524288]
CUDA_FA_ROUTE_ALLOC kernel=MMA_F16 need_f16_K=0 need_f16_V=0 workspace_end_offset=4194304 dst_data=(nil) f16_K=(nil) f16_V=(nil) f16_end=0x400000
CUDA_FA_ROUTE_PLAN device=0 Q=[256,256,16,1] Kraw=turbo2 Vraw=f16 Kshape=[256,256,4,1] Vshape=[256,256,4,1] Keff=f16 Veff=f16 turbo_kv=1 prefer_native_vec=0 decode=1 dk=1 dv=0 unsafe_vec_after_turbo_v_decode=0 allow_vec=1 kernel=MMA_F16 need_f16_K=0 need_f16_V=0 Knb=[34,272,68,69632] Vnb=[2,2048,512,524288] Keff_nb=[2,2048,512,524288] Veff_nb=[2,2048,512,524288]
CUDA_FA_ROUTE_ALLOC kernel=MMA_F16 need_f16_K=0 need_f16_V=0 workspace_end_offset=4194304 dst_data=(nil) f16_K=(nil) f16_V=(nil) f16_end=0x400000
CUDA_FA_ROUTE_PLAN device=0 Q=[256,256,16,1] Kraw=turbo2 Vraw=f16 Kshape=[256,256,4,1] Vshape=[256,256,4,1] Keff=f16 Veff=f16 turbo_kv=1 prefer_native_vec=0 decode=1 dk=1 dv=0 unsafe_vec_after_turbo_v_decode=0 allow_vec=1 kernel=MMA_F16 need_f16_K=0 need_f16_V=0 Knb=[34,272,68,69632] Vnb=[2,2048,512,524288] Keff_nb=[2,2048,512,524288] Veff_nb=[2,2048,512,524288]
CUDA_FA_ROUTE_ALLOC kernel=MMA_F16 need_f16_K=0 need_f16_V=0 workspace_end_offset=4194304 dst_data=(nil) f16_K=(nil) f16_V=(nil) f16_end=0x400000
CUDA_FA_ROUTE_PLAN device=0 Q=[256,256,16,1] Kraw=turbo2 Vraw=f16 Kshape=[256,256,4,1] Vshape=[256,256,4,1] Keff=f16 Veff=f16 turbo_kv=1 prefer_native_vec=0 decode=1 dk=1 dv=0 unsafe_vec_after_turbo_v_decode=0 allow_vec=1 kernel=MMA_F16 need_f16_K=0 need_f16_V=0 Knb=[34,272,68,69632] Vnb=[2,2048,512,524288] Keff_nb=[2,2048,512,524288] Veff_nb=[2,2048,512,524288]
CUDA_FA_ROUTE_ALLOC kernel=MMA_F16 need_f16_K=0 need_f16_V=0 workspace_end_offset=4194304 dst_data=(nil) f16_K=(nil) f16_V=(nil) f16_end=0x400000
CUDA_FA_ROUTE_PLAN device=0 Q=[256,256,16,1] Kraw=turbo2 Vraw=f16 Kshape=[256,256,4,1] Vshape=[256,256,4,1] Keff=f16 Veff=f16 turbo_kv=1 prefer_native_vec=0 decode=1 dk=1 dv=0 unsafe_vec_after_turbo_v_decode=0 allow_vec=1 kernel=MMA_F16 need_f16_K=0 need_f16_V=0 Knb=[34,272,68,69632] Vnb=[2,2048,512,524288] Keff_nb=[2,2048,512,524288] Veff_nb=[2,2048,512,524288]
CUDA_FA_ROUTE_ALLOC kernel=MMA_F16 need_f16_K=0 need_f16_V=0 workspace_end_offset=4194304 dst_data=(nil) f16_K=(nil) f16_V=(nil) f16_end=0x400000
CUDA_FA_ROUTE_PLAN device=0 Q=[256,256,16,1] Kraw=turbo2 Vraw=f16 Kshape=[256,256,4,1] Vshape=[256,256,4,1] Keff=f16 Veff=f16 turbo_kv=1 prefer_native_vec=0 decode=1 dk=1 dv=0 unsafe_vec_after_turbo_v_decode=0 allow_vec=1 kernel=MMA_F16 need_f16_K=0 need_f16_V=0 Knb=[34,272,68,69632] Vnb=[2,2048,512,524288] Keff_nb=[2,2048,512,524288] Veff_nb=[2,2048,512,524288]
CUDA_FA_ROUTE_ALLOC kernel=MMA_F16 need_f16_K=0 need_f16_V=0 workspace_end_offset=4194304 dst_data=(nil) f16_K=(nil) f16_V=(nil) f16_end=0x400000
CUDA_FA_ROUTE_PLAN device=0 Q=[256,256,16,1] Kraw=turbo2 Vraw=f16 Kshape=[256,256,4,1] Vshape=[256,256,4,1] Keff=f16 Veff=f16 turbo_kv=1 prefer_native_vec=0 decode=1 dk=1 dv=0 unsafe_vec_after_turbo_v_decode=0 allow_vec=1 kernel=MMA_F16 need_f16_K=0 need_f16_V=0 Knb=[34,272,68,69632] Vnb=[2,2048,512,524288] Keff_nb=[2,2048,512,524288] Veff_nb=[2,2048,512,524288]
CUDA_FA_ROUTE_ALLOC kernel=MMA_F16 need_f16_K=0 need_f16_V=0 workspace_end_offset=4194304 dst_data=(nil) f16_K=(nil) f16_V=(nil) f16_end=0x400000
CUDA_FA_ROUTE_PLAN device=0 Q=[256,256,16,1] Kraw=turbo2 Vraw=f16 Kshape=[256,256,4,1] Vshape=[256,256,4,1] Keff=f16 Veff=f16 turbo_kv=1 prefer_native_vec=0 decode=1 dk=1 dv=0 unsafe_vec_after_turbo_v_decode=0 allow_vec=1 kernel=MMA_F16 need_f16_K=0 need_f16_V=0 Knb=[34,272,68,69632] Vnb=[2,2048,512,524288] Keff_nb=[2,2048,512,524288] Veff_nb=[2,2048,512,524288]
CUDA_FA_ROUTE_ALLOC kernel=MMA_F16 need_f16_K=0 need_f16_V=0 workspace_end_offset=4194304 dst_data=(nil) f16_K=(nil) f16_V=(nil) f16_end=0x400000
CUDA_FA_ROUTE_PLAN device=0 Q=[256,256,16,1] Kraw=turbo2 Vraw=f16 Kshape=[256,256,4,1] Vshape=[256,256,4,1] Keff=f16 Veff=f16 turbo_kv=1 prefer_native_vec=0 decode=1 dk=1 dv=0 unsafe_vec_after_turbo_v_decode=0 allow_vec=1 kernel=MMA_F16 need_f16_K=0 need_f16_V=0 Knb=[34,272,68,69632] Vnb=[2,2048,512,524288] Keff_nb=[2,2048,512,524288] Veff_nb=[2,2048,512,524288]
CUDA_FA_ROUTE_ALLOC kernel=MMA_F16 need_f16_K=0 need_f16_V=0 workspace_end_offset=4194304 dst_data=(nil) f16_K=(nil) f16_V=(nil) f16_end=0x400000
CUDA_FA_ROUTE_PLAN device=0 Q=[256,256,16,1] Kraw=turbo2 Vraw=f16 Kshape=[256,256,4,1] Vshape=[256,256,4,1] Keff=f16 Veff=f16 turbo_kv=1 prefer_native_vec=0 decode=1 dk=1 dv=0 unsafe_vec_after_turbo_v_decode=0 allow_vec=1 kernel=MMA_F16 need_f16_K=0 need_f16_V=0 Knb=[34,272,68,69632] Vnb=[2,2048,512,524288] Keff_nb=[2,2048,512,524288] Veff_nb=[2,2048,512,524288]
CUDA_FA_ROUTE_ALLOC kernel=MMA_F16 need_f16_K=0 need_f16_V=0 workspace_end_offset=4194304 dst_data=(nil) f16_K=(nil) f16_V=(nil) f16_end=0x400000
CUDA_FA_ROUTE_PLAN device=0 Q=[256,256,16,1] Kraw=turbo2 Vraw=f16 Kshape=[256,256,4,1] Vshape=[256,256,4,1] Keff=f16 Veff=f16 turbo_kv=1 prefer_native_vec=0 decode=1 dk=1 dv=0 unsafe_vec_after_turbo_v_decode=0 allow_vec=1 kernel=MMA_F16 need_f16_K=0 need_f16_V=0 Knb=[34,272,68,69632] Vnb=[2,2048,512,524288] Keff_nb=[2,2048,512,524288] Veff_nb=[2,2048,512,524288]
CUDA_FA_ROUTE_ALLOC kernel=MMA_F16 need_f16_K=0 need_f16_V=0 workspace_end_offset=4194304 dst_data=(nil) f16_K=(nil) f16_V=(nil) f16_end=0x400000
CUDA_FA_ROUTE_PLAN device=0 Q=[256,256,16,1] Kraw=turbo2 Vraw=f16 Kshape=[256,256,4,1] Vshape=[256,256,4,1] Keff=f16 Veff=f16 turbo_kv=1 prefer_native_vec=0 decode=1 dk=1 dv=0 unsafe_vec_after_turbo_v_decode=0 allow_vec=1 kernel=MMA_F16 need_f16_K=0 need_f16_V=0 Knb=[34,272,68,69632] Vnb=[2,2048,512,524288] Keff_nb=[2,2048,512,524288] Veff_nb=[2,2048,512,524288]
CUDA_FA_ROUTE_ALLOC kernel=MMA_F16 need_f16_K=0 need_f16_V=0 workspace_end_offset=4194304 dst_data=(nil) f16_K=(nil) f16_V=(nil) f16_end=0x400000
CUDA_FA_ROUTE_PLAN device=0 Q=[256,256,16,1] Kraw=turbo2 Vraw=f16 Kshape=[256,256,4,1] Vshape=[256,256,4,1] Keff=f16 Veff=f16 turbo_kv=1 prefer_native_vec=0 decode=1 dk=1 dv=0 unsafe_vec_after_turbo_v_decode=0 allow_vec=1 kernel=MMA_F16 need_f16_K=0 need_f16_V=0 Knb=[34,272,68,69632] Vnb=[2,2048,512,524288] Keff_nb=[2,2048,512,524288] Veff_nb=[2,2048,512,524288]
CUDA_FA_ROUTE_ALLOC kernel=MMA_F16 need_f16_K=0 need_f16_V=0 workspace_end_offset=4194304 dst_data=(nil) f16_K=(nil) f16_V=(nil) f16_end=0x400000
CUDA_FA_ROUTE_PLAN device=0 Q=[256,256,16,1] Kraw=turbo2 Vraw=f16 Kshape=[256,256,4,1] Vshape=[256,256,4,1] Keff=f16 Veff=f16 turbo_kv=1 prefer_native_vec=0 decode=1 dk=1 dv=0 unsafe_vec_after_turbo_v_decode=0 allow_vec=1 kernel=MMA_F16 need_f16_K=0 need_f16_V=0 Knb=[34,272,68,69632] Vnb=[2,2048,512,524288] Keff_nb=[2,2048,512,524288] Veff_nb=[2,2048,512,524288]
CUDA_FA_ROUTE_ALLOC kernel=MMA_F16 need_f16_K=0 need_f16_V=0 workspace_end_offset=4194304 dst_data=(nil) f16_K=(nil) f16_V=(nil) f16_end=0x400000
CUDA_FA_ROUTE_PLAN device=0 Q=[256,256,16,1] Kraw=turbo2 Vraw=f16 Kshape=[256,256,4,1] Vshape=[256,256,4,1] Keff=f16 Veff=f16 turbo_kv=1 prefer_native_vec=0 decode=1 dk=1 dv=0 unsafe_vec_after_turbo_v_decode=0 allow_vec=1 kernel=MMA_F16 need_f16_K=0 need_f16_V=0 Knb=[34,272,68,69632] Vnb=[2,2048,512,524288] Keff_nb=[2,2048,512,524288] Veff_nb=[2,2048,512,524288]
CUDA_FA_ROUTE_ALLOC kernel=MMA_F16 need_f16_K=0 need_f16_V=0 workspace_end_offset=4194304 dst_data=(nil) f16_K=(nil) f16_V=(nil) f16_end=0x400000
CUDA_FA_ROUTE_PLAN device=0 Q=[256,256,16,1] Kraw=turbo2 Vraw=f16 Kshape=[256,256,4,1] Vshape=[256,256,4,1] Keff=f16 Veff=f16 turbo_kv=1 prefer_native_vec=0 decode=1 dk=1 dv=0 unsafe_vec_after_turbo_v_decode=0 allow_vec=1 kernel=MMA_F16 need_f16_K=0 need_f16_V=0 Knb=[34,272,68,69632] Vnb=[2,2048,512,524288] Keff_nb=[2,2048,512,524288] Veff_nb=[2,2048,512,524288]
CUDA_FA_ROUTE_ALLOC kernel=MMA_F16 need_f16_K=0 need_f16_V=0 workspace_end_offset=4194304 dst_data=(nil) f16_K=(nil) f16_V=(nil) f16_end=0x400000
CUDA_FA_ROUTE_PLAN device=0 Q=[256,256,16,1] Kraw=turbo2 Vraw=f16 Kshape=[256,256,4,1] Vshape=[256,256,4,1] Keff=f16 Veff=f16 turbo_kv=1 prefer_native_vec=0 decode=1 dk=1 dv=0 unsafe_vec_after_turbo_v_decode=0 allow_vec=1 kernel=MMA_F16 need_f16_K=0 need_f16_V=0 Knb=[34,272,68,69632] Vnb=[2,2048,512,524288] Keff_nb=[2,2048,512,524288] Veff_nb=[2,2048,512,524288]
CUDA_FA_ROUTE_ALLOC kernel=MMA_F16 need_f16_K=0 need_f16_V=0 workspace_end_offset=4194304 dst_data=(nil) f16_K=(nil) f16_V=(nil) f16_end=0x400000
CUDA_FA_ROUTE_PLAN device=0 Q=[256,2,16,1] Kraw=turbo2 Vraw=f16 Kshape=[256,256,4,1] Vshape=[256,256,4,1] Keff=f16 Veff=f16 turbo_kv=1 prefer_native_vec=0 decode=1 dk=1 dv=0 unsafe_vec_after_turbo_v_decode=0 allow_vec=1 kernel=MMA_F16 need_f16_K=0 need_f16_V=0 Knb=[34,272,68,69632] Vnb=[2,2048,512,524288] Keff_nb=[2,2048,512,524288] Veff_nb=[2,2048,512,524288]
CUDA_FA_ROUTE_SUPPORTED kernel=MMA_F16 effK=f16 effV=f16 supported=1
CUDA_FA_ROUTE_PLAN device=0 Q=[256,2,16,1] Kraw=turbo2 Vraw=f16 Kshape=[256,256,4,1] Vshape=[256,256,4,1] Keff=f16 Veff=f16 turbo_kv=1 prefer_native_vec=0 decode=1 dk=1 dv=0 unsafe_vec_after_turbo_v_decode=0 allow_vec=1 kernel=MMA_F16 need_f16_K=0 need_f16_V=0 Knb=[34,272,68,69632] Vnb=[2,2048,512,524288] Keff_nb=[2,2048,512,524288] Veff_nb=[2,2048,512,524288]
CUDA_FA_ROUTE_SUPPORTED kernel=MMA_F16 effK=f16 effV=f16 supported=1
CUDA_FA_ROUTE_PLAN device=0 Q=[256,2,16,1] Kraw=turbo2 Vraw=f16 Kshape=[256,256,4,1] Vshape=[256,256,4,1] Keff=f16 Veff=f16 turbo_kv=1 prefer_native_vec=0 decode=1 dk=1 dv=0 unsafe_vec_after_turbo_v_decode=0 allow_vec=1 kernel=MMA_F16 need_f16_K=0 need_f16_V=0 Knb=[34,272,68,69632] Vnb=[2,2048,512,524288] Keff_nb=[2,2048,512,524288] Veff_nb=[2,2048,512,524288]
CUDA_FA_ROUTE_SUPPORTED kernel=MMA_F16 effK=f16 effV=f16 supported=1
CUDA_FA_ROUTE_PLAN device=0 Q=[256,2,16,1] Kraw=turbo2 Vraw=f16 Kshape=[256,256,4,1] Vshape=[256,256,4,1] Keff=f16 Veff=f16 turbo_kv=1 prefer_native_vec=0 decode=1 dk=1 dv=0 unsafe_vec_after_turbo_v_decode=0 allow_vec=1 kernel=MMA_F16 need_f16_K=0 need_f16_V=0 Knb=[34,272,68,69632] Vnb=[2,2048,512,524288] Keff_nb=[2,2048,512,524288] Veff_nb=[2,2048,512,524288]
CUDA_FA_ROUTE_SUPPORTED kernel=MMA_F16 effK=f16 effV=f16 supported=1
CUDA_FA_ROUTE_PLAN device=0 Q=[256,2,16,1] Kraw=turbo2 Vraw=f16 Kshape=[256,256,4,1] Vshape=[256,256,4,1] Keff=f16 Veff=f16 turbo_kv=1 prefer_native_vec=0 decode=1 dk=1 dv=0 unsafe_vec_after_turbo_v_decode=0 allow_vec=1 kernel=MMA_F16 need_f16_K=0 need_f16_V=0 Knb=[34,272,68,69632] Vnb=[2,2048,512,524288] Keff_nb=[2,2048,512,524288] Veff_nb=[2,2048,512,524288]
CUDA_FA_ROUTE_SUPPORTED kernel=MMA_F16 effK=f16 effV=f16 supported=1
CUDA_FA_ROUTE_PLAN device=0 Q=[256,2,16,1] Kraw=turbo2 Vraw=f16 Kshape=[256,256,4,1] Vshape=[256,256,4,1] Keff=f16 Veff=f16 turbo_kv=1 prefer_native_vec=0 decode=1 dk=1 dv=0 unsafe_vec_after_turbo_v_decode=0 allow_vec=1 kernel=MMA_F16 need_f16_K=0 need_f16_V=0 Knb=[34,272,68,69632] Vnb=[2,2048,512,524288] Keff_nb=[2,2048,512,524288] Veff_nb=[2,2048,512,524288]
CUDA_FA_ROUTE_SUPPORTED kernel=MMA_F16 effK=f16 effV=f16 supported=1
CUDA_FA_ROUTE_PLAN device=0 Q=[256,2,16,1] Kraw=turbo2 Vraw=f16 Kshape=[256,256,4,1] Vshape=[256,256,4,1] Keff=f16 Veff=f16 turbo_kv=1 prefer_native_vec=0 decode=1 dk=1 dv=0 unsafe_vec_after_turbo_v_decode=0 allow_vec=1 kernel=MMA_F16 need_f16_K=0 need_f16_V=0 Knb=[34,272,68,69632] Vnb=[2,2048,512,524288] Keff_nb=[2,2048,512,524288] Veff_nb=[2,2048,512,524288]
CUDA_FA_ROUTE_SUPPORTED kernel=MMA_F16 effK=f16 effV=f16 supported=1
CUDA_FA_ROUTE_PLAN device=0 Q=[256,2,16,1] Kraw=turbo2 Vraw=f16 Kshape=[256,256,4,1] Vshape=[256,256,4,1] Keff=f16 Veff=f16 turbo_kv=1 prefer_native_vec=0 decode=1 dk=1 dv=0 unsafe_vec_after_turbo_v_decode=0 allow_vec=1 kernel=MMA_F16 need_f16_K=0 need_f16_V=0 Knb=[34,272,68,69632] Vnb=[2,2048,512,524288] Keff_nb=[2,2048,512,524288] Veff_nb=[2,2048,512,524288]
CUDA_FA_ROUTE_SUPPORTED kernel=MMA_F16 effK=f16 effV=f16 supported=1
CUDA_FA_ROUTE_PLAN device=0 Q=[256,2,16,1] Kraw=turbo2 Vraw=f16 Kshape=[256,256,4,1] Vshape=[256,256,4,1] Keff=f16 Veff=f16 turbo_kv=1 prefer_native_vec=0 decode=1 dk=1 dv=0 unsafe_vec_after_turbo_v_decode=0 allow_vec=1 kernel=MMA_F16 need_f16_K=0 need_f16_V=0 Knb=[34,272,68,69632] Vnb=[2,2048,512,524288] Keff_nb=[2,2048,512,524288] Veff_nb=[2,2048,512,524288]
CUDA_FA_ROUTE_ALLOC kernel=MMA_F16 need_f16_K=0 need_f16_V=0 workspace_end_offset=32768 dst_data=(nil) f16_K=(nil) f16_V=(nil) f16_end=0x8000
CUDA_FA_ROUTE_PLAN device=0 Q=[256,2,16,1] Kraw=turbo2 Vraw=f16 Kshape=[256,256,4,1] Vshape=[256,256,4,1] Keff=f16 Veff=f16 turbo_kv=1 prefer_native_vec=0 decode=1 dk=1 dv=0 unsafe_vec_after_turbo_v_decode=0 allow_vec=1 kernel=MMA_F16 need_f16_K=0 need_f16_V=0 Knb=[34,272,68,69632] Vnb=[2,2048,512,524288] Keff_nb=[2,2048,512,524288] Veff_nb=[2,2048,512,524288]
CUDA_FA_ROUTE_ALLOC kernel=MMA_F16 need_f16_K=0 need_f16_V=0 workspace_end_offset=32768 dst_data=(nil) f16_K=(nil) f16_V=(nil) f16_end=0x8000
CUDA_FA_ROUTE_PLAN device=0 Q=[256,2,16,1] Kraw=turbo2 Vraw=f16 Kshape=[256,256,4,1] Vshape=[256,256,4,1] Keff=f16 Veff=f16 turbo_kv=1 prefer_native_vec=0 decode=1 dk=1 dv=0 unsafe_vec_after_turbo_v_decode=0 allow_vec=1 kernel=MMA_F16 need_f16_K=0 need_f16_V=0 Knb=[34,272,68,69632] Vnb=[2,2048,512,524288] Keff_nb=[2,2048,512,524288] Veff_nb=[2,2048,512,524288]
CUDA_FA_ROUTE_ALLOC kernel=MMA_F16 need_f16_K=0 need_f16_V=0 workspace_end_offset=32768 dst_data=(nil) f16_K=(nil) f16_V=(nil) f16_end=0x8000
CUDA_FA_ROUTE_PLAN device=0 Q=[256,2,16,1] Kraw=turbo2 Vraw=f16 Kshape=[256,256,4,1] Vshape=[256,256,4,1] Keff=f16 Veff=f16 turbo_kv=1 prefer_native_vec=0 decode=1 dk=1 dv=0 unsafe_vec_after_turbo_v_decode=0 allow_vec=1 kernel=MMA_F16 need_f16_K=0 need_f16_V=0 Knb=[34,272,68,69632] Vnb=[2,2048,512,524288] Keff_nb=[2,2048,512,524288] Veff_nb=[2,2048,512,524288]
CUDA_FA_ROUTE_ALLOC kernel=MMA_F16 need_f16_K=0 need_f16_V=0 workspace_end_offset=32768 dst_data=(nil) f16_K=(nil) f16_V=(nil) f16_end=0x8000
CUDA_FA_ROUTE_PLAN device=0 Q=[256,2,16,1] Kraw=turbo2 Vraw=f16 Kshape=[256,256,4,1] Vshape=[256,256,4,1] Keff=f16 Veff=f16 turbo_kv=1 prefer_native_vec=0 decode=1 dk=1 dv=0 unsafe_vec_after_turbo_v_decode=0 allow_vec=1 kernel=MMA_F16 need_f16_K=0 need_f16_V=0 Knb=[34,272,68,69632] Vnb=[2,2048,512,524288] Keff_nb=[2,2048,512,524288] Veff_nb=[2,2048,512,524288]
CUDA_FA_ROUTE_ALLOC kernel=MMA_F16 need_f16_K=0 need_f16_V=0 workspace_end_offset=32768 dst_data=(nil) f16_K=(nil) f16_V=(nil) f16_end=0x8000
CUDA_FA_ROUTE_PLAN device=0 Q=[256,2,16,1] Kraw=turbo2 Vraw=f16 Kshape=[256,256,4,1] Vshape=[256,256,4,1] Keff=f16 Veff=f16 turbo_kv=1 prefer_native_vec=0 decode=1 dk=1 dv=0 unsafe_vec_after_turbo_v_decode=0 allow_vec=1 kernel=MMA_F16 need_f16_K=0 need_f16_V=0 Knb=[34,272,68,69632] Vnb=[2,2048,512,524288] Keff_nb=[2,2048,512,524288] Veff_nb=[2,2048,512,524288]
CUDA_FA_ROUTE_ALLOC kernel=MMA_F16 need_f16_K=0 need_f16_V=0 workspace_end_offset=32768 dst_data=(nil) f16_K=(nil) f16_V=(nil) f16_end=0x8000
CUDA_FA_ROUTE_PLAN device=0 Q=[256,2,16,1] Kraw=turbo2 Vraw=f16 Kshape=[256,256,4,1] Vshape=[256,256,4,1] Keff=f16 Veff=f16 turbo_kv=1 prefer_native_vec=0 decode=1 dk=1 dv=0 unsafe_vec_after_turbo_v_decode=0 allow_vec=1 kernel=MMA_F16 need_f16_K=0 need_f16_V=0 Knb=[34,272,68,69632] Vnb=[2,2048,512,524288] Keff_nb=[2,2048,512,524288] Veff_nb=[2,2048,512,524288]
CUDA_FA_ROUTE_ALLOC kernel=MMA_F16 need_f16_K=0 need_f16_V=0 workspace_end_offset=32768 dst_data=(nil) f16_K=(nil) f16_V=(nil) f16_end=0x8000
CUDA_FA_ROUTE_PLAN device=0 Q=[256,2,16,1] Kraw=turbo2 Vraw=f16 Kshape=[256,256,4,1] Vshape=[256,256,4,1] Keff=f16 Veff=f16 turbo_kv=1 prefer_native_vec=0 decode=1 dk=1 dv=0 unsafe_vec_after_turbo_v_decode=0 allow_vec=1 kernel=MMA_F16 need_f16_K=0 need_f16_V=0 Knb=[34,272,68,69632] Vnb=[2,2048,512,524288] Keff_nb=[2,2048,512,524288] Veff_nb=[2,2048,512,524288]
CUDA_FA_ROUTE_ALLOC kernel=MMA_F16 need_f16_K=0 need_f16_V=0 workspace_end_offset=32768 dst_data=(nil) f16_K=(nil) f16_V=(nil) f16_end=0x8000
CUDA_FA_ROUTE_PLAN device=0 Q=[256,2,16,1] Kraw=turbo2 Vraw=f16 Kshape=[256,256,4,1] Vshape=[256,256,4,1] Keff=f16 Veff=f16 turbo_kv=1 prefer_native_vec=0 decode=1 dk=1 dv=0 unsafe_vec_after_turbo_v_decode=0 allow_vec=1 kernel=MMA_F16 need_f16_K=0 need_f16_V=0 Knb=[34,272,68,69632] Vnb=[2,2048,512,524288] Keff_nb=[2,2048,512,524288] Veff_nb=[2,2048,512,524288]
CUDA_FA_ROUTE_ALLOC kernel=MMA_F16 need_f16_K=0 need_f16_V=0 workspace_end_offset=32768 dst_data=(nil) f16_K=(nil) f16_V=(nil) f16_end=0x8000
CUDA_FA_ROUTE_PLAN device=0 Q=[256,2,16,1] Kraw=turbo2 Vraw=f16 Kshape=[256,256,4,1] Vshape=[256,256,4,1] Keff=f16 Veff=f16 turbo_kv=1 prefer_native_vec=0 decode=1 dk=1 dv=0 unsafe_vec_after_turbo_v_decode=0 allow_vec=1 kernel=MMA_F16 need_f16_K=0 need_f16_V=0 Knb=[34,272,68,69632] Vnb=[2,2048,512,524288] Keff_nb=[2,2048,512,524288] Veff_nb=[2,2048,512,524288]
CUDA_FA_ROUTE_ALLOC kernel=MMA_F16 need_f16_K=0 need_f16_V=0 workspace_end_offset=32768 dst_data=(nil) f16_K=(nil) f16_V=(nil) f16_end=0x8000
CUDA_FA_ROUTE_PLAN device=0 Q=[256,2,16,1] Kraw=turbo2 Vraw=f16 Kshape=[256,256,4,1] Vshape=[256,256,4,1] Keff=f16 Veff=f16 turbo_kv=1 prefer_native_vec=0 decode=1 dk=1 dv=0 unsafe_vec_after_turbo_v_decode=0 allow_vec=1 kernel=MMA_F16 need_f16_K=0 need_f16_V=0 Knb=[34,272,68,69632] Vnb=[2,2048,512,524288] Keff_nb=[2,2048,512,524288] Veff_nb=[2,2048,512,524288]
CUDA_FA_ROUTE_ALLOC kernel=MMA_F16 need_f16_K=0 need_f16_V=0 workspace_end_offset=32768 dst_data=(nil) f16_K=(nil) f16_V=(nil) f16_end=0x8000
CUDA_FA_ROUTE_PLAN device=0 Q=[256,2,16,1] Kraw=turbo2 Vraw=f16 Kshape=[256,256,4,1] Vshape=[256,256,4,1] Keff=f16 Veff=f16 turbo_kv=1 prefer_native_vec=0 decode=1 dk=1 dv=0 unsafe_vec_after_turbo_v_decode=0 allow_vec=1 kernel=MMA_F16 need_f16_K=0 need_f16_V=0 Knb=[34,272,68,69632] Vnb=[2,2048,512,524288] Keff_nb=[2,2048,512,524288] Veff_nb=[2,2048,512,524288]
CUDA_FA_ROUTE_ALLOC kernel=MMA_F16 need_f16_K=0 need_f16_V=0 workspace_end_offset=32768 dst_data=(nil) f16_K=(nil) f16_V=(nil) f16_end=0x8000
CUDA_FA_ROUTE_PLAN device=0 Q=[256,2,16,1] Kraw=turbo2 Vraw=f16 Kshape=[256,256,4,1] Vshape=[256,256,4,1] Keff=f16 Veff=f16 turbo_kv=1 prefer_native_vec=0 decode=1 dk=1 dv=0 unsafe_vec_after_turbo_v_decode=0 allow_vec=1 kernel=MMA_F16 need_f16_K=0 need_f16_V=0 Knb=[34,272,68,69632] Vnb=[2,2048,512,524288] Keff_nb=[2,2048,512,524288] Veff_nb=[2,2048,512,524288]
CUDA_FA_ROUTE_ALLOC kernel=MMA_F16 need_f16_K=0 need_f16_V=0 workspace_end_offset=32768 dst_data=(nil) f16_K=(nil) f16_V=(nil) f16_end=0x8000
CUDA_FA_ROUTE_PLAN device=0 Q=[256,2,16,1] Kraw=turbo2 Vraw=f16 Kshape=[256,256,4,1] Vshape=[256,256,4,1] Keff=f16 Veff=f16 turbo_kv=1 prefer_native_vec=0 decode=1 dk=1 dv=0 unsafe_vec_after_turbo_v_decode=0 allow_vec=1 kernel=MMA_F16 need_f16_K=0 need_f16_V=0 Knb=[34,272,68,69632] Vnb=[2,2048,512,524288] Keff_nb=[2,2048,512,524288] Veff_nb=[2,2048,512,524288]
CUDA_FA_ROUTE_ALLOC kernel=MMA_F16 need_f16_K=0 need_f16_V=0 workspace_end_offset=32768 dst_data=(nil) f16_K=(nil) f16_V=(nil) f16_end=0x8000
CUDA_FA_ROUTE_PLAN device=0 Q=[256,2,16,1] Kraw=turbo2 Vraw=f16 Kshape=[256,256,4,1] Vshape=[256,256,4,1] Keff=f16 Veff=f16 turbo_kv=1 prefer_native_vec=0 decode=1 dk=1 dv=0 unsafe_vec_after_turbo_v_decode=0 allow_vec=1 kernel=MMA_F16 need_f16_K=0 need_f16_V=0 Knb=[34,272,68,69632] Vnb=[2,2048,512,524288] Keff_nb=[2,2048,512,524288] Veff_nb=[2,2048,512,524288]
CUDA_FA_ROUTE_ALLOC kernel=MMA_F16 need_f16_K=0 need_f16_V=0 workspace_end_offset=32768 dst_data=(nil) f16_K=(nil) f16_V=(nil) f16_end=0x8000
CUDA_FA_ROUTE_PLAN device=0 Q=[256,2,16,1] Kraw=turbo2 Vraw=f16 Kshape=[256,256,4,1] Vshape=[256,256,4,1] Keff=f16 Veff=f16 turbo_kv=1 prefer_native_vec=0 decode=1 dk=1 dv=0 unsafe_vec_after_turbo_v_decode=0 allow_vec=1 kernel=MMA_F16 need_f16_K=0 need_f16_V=0 Knb=[34,272,68,69632] Vnb=[2,2048,512,524288] Keff_nb=[2,2048,512,524288] Veff_nb=[2,2048,512,524288]
CUDA_FA_ROUTE_ALLOC kernel=MMA_F16 need_f16_K=0 need_f16_V=0 workspace_end_offset=32768 dst_data=(nil) f16_K=(nil) f16_V=(nil) f16_end=0x8000
CUDA_FA_ROUTE_PLAN device=0 Q=[256,2,16,1] Kraw=turbo2 Vraw=f16 Kshape=[256,256,4,1] Vshape=[256,256,4,1] Keff=f16 Veff=f16 turbo_kv=1 prefer_native_vec=0 decode=1 dk=1 dv=0 unsafe_vec_after_turbo_v_decode=0 allow_vec=1 kernel=MMA_F16 need_f16_K=0 need_f16_V=0 Knb=[34,272,68,69632] Vnb=[2,2048,512,524288] Keff_nb=[2,2048,512,524288] Veff_nb=[2,2048,512,524288]
CUDA_FA_ROUTE_ALLOC kernel=MMA_F16 need_f16_K=0 need_f16_V=0 workspace_end_offset=32768 dst_data=(nil) f16_K=(nil) f16_V=(nil) f16_end=0x8000
CUDA_FA_ROUTE_PLAN device=0 Q=[256,2,16,1] Kraw=turbo2 Vraw=f16 Kshape=[256,256,4,1] Vshape=[256,256,4,1] Keff=f16 Veff=f16 turbo_kv=1 prefer_native_vec=0 decode=1 dk=1 dv=0 unsafe_vec_after_turbo_v_decode=0 allow_vec=1 kernel=MMA_F16 need_f16_K=0 need_f16_V=0 Knb=[34,272,68,69632] Vnb=[2,2048,512,524288] Keff_nb=[2,2048,512,524288] Veff_nb=[2,2048,512,524288]
CUDA_FA_ROUTE_ALLOC kernel=MMA_F16 need_f16_K=0 need_f16_V=0 workspace_end_offset=32768 dst_data=(nil) f16_K=(nil) f16_V=(nil) f16_end=0x8000
CUDA_FA_ROUTE_PLAN device=0 Q=[256,2,16,1] Kraw=turbo2 Vraw=f16 Kshape=[256,256,4,1] Vshape=[256,256,4,1] Keff=f16 Veff=f16 turbo_kv=1 prefer_native_vec=0 decode=1 dk=1 dv=0 unsafe_vec_after_turbo_v_decode=0 allow_vec=1 kernel=MMA_F16 need_f16_K=0 need_f16_V=0 Knb=[34,272,68,69632] Vnb=[2,2048,512,524288] Keff_nb=[2,2048,512,524288] Veff_nb=[2,2048,512,524288]
CUDA_FA_ROUTE_ALLOC kernel=MMA_F16 need_f16_K=0 need_f16_V=0 workspace_end_offset=32768 dst_data=(nil) f16_K=(nil) f16_V=(nil) f16_end=0x8000
CUDA_FA_ROUTE_PLAN device=0 Q=[256,2,16,1] Kraw=turbo2 Vraw=f16 Kshape=[256,256,4,1] Vshape=[256,256,4,1] Keff=f16 Veff=f16 turbo_kv=1 prefer_native_vec=0 decode=1 dk=1 dv=0 unsafe_vec_after_turbo_v_decode=0 allow_vec=1 kernel=MMA_F16 need_f16_K=0 need_f16_V=0 Knb=[34,272,68,69632] Vnb=[2,2048,512,524288] Keff_nb=[2,2048,512,524288] Veff_nb=[2,2048,512,524288]
CUDA_FA_ROUTE_ALLOC kernel=MMA_F16 need_f16_K=0 need_f16_V=0 workspace_end_offset=32768 dst_data=(nil) f16_K=(nil) f16_V=(nil) f16_end=0x8000
CUDA_FA_ROUTE_PLAN device=0 Q=[256,2,16,1] Kraw=turbo2 Vraw=f16 Kshape=[256,256,4,1] Vshape=[256,256,4,1] Keff=f16 Veff=f16 turbo_kv=1 prefer_native_vec=0 decode=1 dk=1 dv=0 unsafe_vec_after_turbo_v_decode=0 allow_vec=1 kernel=MMA_F16 need_f16_K=0 need_f16_V=0 Knb=[34,272,68,69632] Vnb=[2,2048,512,524288] Keff_nb=[2,2048,512,524288] Veff_nb=[2,2048,512,524288]
CUDA_FA_ROUTE_ALLOC kernel=MMA_F16 need_f16_K=0 need_f16_V=0 workspace_end_offset=32768 dst_data=(nil) f16_K=(nil) f16_V=(nil) f16_end=0x8000
CUDA_FA_ROUTE_PLAN device=0 Q=[256,2,16,1] Kraw=turbo2 Vraw=f16 Kshape=[256,256,4,1] Vshape=[256,256,4,1] Keff=f16 Veff=f16 turbo_kv=1 prefer_native_vec=0 decode=1 dk=1 dv=0 unsafe_vec_after_turbo_v_decode=0 allow_vec=1 kernel=MMA_F16 need_f16_K=0 need_f16_V=0 Knb=[34,272,68,69632] Vnb=[2,2048,512,524288] Keff_nb=[2,2048,512,524288] Veff_nb=[2,2048,512,524288]
CUDA_FA_ROUTE_ALLOC kernel=MMA_F16 need_f16_K=0 need_f16_V=0 workspace_end_offset=32768 dst_data=(nil) f16_K=(nil) f16_V=(nil) f16_end=0x8000
CUDA_FA_ROUTE_PLAN device=0 Q=[256,2,16,1] Kraw=turbo2 Vraw=f16 Kshape=[256,256,4,1] Vshape=[256,256,4,1] Keff=f16 Veff=f16 turbo_kv=1 prefer_native_vec=0 decode=1 dk=1 dv=0 unsafe_vec_after_turbo_v_decode=0 allow_vec=1 kernel=MMA_F16 need_f16_K=0 need_f16_V=0 Knb=[34,272,68,69632] Vnb=[2,2048,512,524288] Keff_nb=[2,2048,512,524288] Veff_nb=[2,2048,512,524288]
CUDA_FA_ROUTE_ALLOC kernel=MMA_F16 need_f16_K=0 need_f16_V=0 workspace_end_offset=32768 dst_data=(nil) f16_K=(nil) f16_V=(nil) f16_end=0x8000
CUDA_FA_ROUTE_PLAN device=0 Q=[256,2,16,1] Kraw=turbo2 Vraw=f16 Kshape=[256,256,4,1] Vshape=[256,256,4,1] Keff=f16 Veff=f16 turbo_kv=1 prefer_native_vec=0 decode=1 dk=1 dv=0 unsafe_vec_after_turbo_v_decode=0 allow_vec=1 kernel=MMA_F16 need_f16_K=0 need_f16_V=0 Knb=[34,272,68,69632] Vnb=[2,2048,512,524288] Keff_nb=[2,2048,512,524288] Veff_nb=[2,2048,512,524288]
CUDA_FA_ROUTE_ALLOC kernel=MMA_F16 need_f16_K=0 need_f16_V=0 workspace_end_offset=32768 dst_data=(nil) f16_K=(nil) f16_V=(nil) f16_end=0x8000
CUDA_FA_ROUTE_PLAN device=0 Q=[256,2,16,1] Kraw=turbo2 Vraw=f16 Kshape=[256,256,4,1] Vshape=[256,256,4,1] Keff=f16 Veff=f16 turbo_kv=1 prefer_native_vec=0 decode=1 dk=1 dv=0 unsafe_vec_after_turbo_v_decode=0 allow_vec=1 kernel=MMA_F16 need_f16_K=0 need_f16_V=0 Knb=[34,272,68,69632] Vnb=[2,2048,512,524288] Keff_nb=[2,2048,512,524288] Veff_nb=[2,2048,512,524288]
CUDA_FA_ROUTE_ALLOC kernel=MMA_F16 need_f16_K=0 need_f16_V=0 workspace_end_offset=32768 dst_data=(nil) f16_K=(nil) f16_V=(nil) f16_end=0x8000
CUDA_FA_ROUTE_PLAN device=0 Q=[256,2,16,1] Kraw=turbo2 Vraw=f16 Kshape=[256,256,4,1] Vshape=[256,256,4,1] Keff=f16 Veff=f16 turbo_kv=1 prefer_native_vec=0 decode=1 dk=1 dv=0 unsafe_vec_after_turbo_v_decode=0 allow_vec=1 kernel=MMA_F16 need_f16_K=0 need_f16_V=0 Knb=[34,272,68,69632] Vnb=[2,2048,512,524288] Keff_nb=[2,2048,512,524288] Veff_nb=[2,2048,512,524288]
CUDA_FA_ROUTE_ALLOC kernel=MMA_F16 need_f16_K=0 need_f16_V=0 workspace_end_offset=32768 dst_data=(nil) f16_K=(nil) f16_V=(nil) f16_end=0x8000
CUDA_FA_ROUTE_PLAN device=0 Q=[256,2,16,1] Kraw=turbo2 Vraw=f16 Kshape=[256,256,4,1] Vshape=[256,256,4,1] Keff=f16 Veff=f16 turbo_kv=1 prefer_native_vec=0 decode=1 dk=1 dv=0 unsafe_vec_after_turbo_v_decode=0 allow_vec=1 kernel=MMA_F16 need_f16_K=0 need_f16_V=0 Knb=[34,272,68,69632] Vnb=[2,2048,512,524288] Keff_nb=[2,2048,512,524288] Veff_nb=[2,2048,512,524288]
CUDA_FA_ROUTE_ALLOC kernel=MMA_F16 need_f16_K=0 need_f16_V=0 workspace_end_offset=32768 dst_data=(nil) f16_K=(nil) f16_V=(nil) f16_end=0x8000
CUDA_FA_ROUTE_PLAN device=0 Q=[256,2,16,1] Kraw=turbo2 Vraw=f16 Kshape=[256,256,4,1] Vshape=[256,256,4,1] Keff=f16 Veff=f16 turbo_kv=1 prefer_native_vec=0 decode=1 dk=1 dv=0 unsafe_vec_after_turbo_v_decode=0 allow_vec=1 kernel=MMA_F16 need_f16_K=0 need_f16_V=0 Knb=[34,272,68,69632] Vnb=[2,2048,512,524288] Keff_nb=[2,2048,512,524288] Veff_nb=[2,2048,512,524288]
CUDA_FA_ROUTE_ALLOC kernel=MMA_F16 need_f16_K=0 need_f16_V=0 workspace_end_offset=32768 dst_data=(nil) f16_K=(nil) f16_V=(nil) f16_end=0x8000
CUDA_FA_ROUTE_PLAN device=0 Q=[256,2,16,1] Kraw=turbo2 Vraw=f16 Kshape=[256,256,4,1] Vshape=[256,256,4,1] Keff=f16 Veff=f16 turbo_kv=1 prefer_native_vec=0 decode=1 dk=1 dv=0 unsafe_vec_after_turbo_v_decode=0 allow_vec=1 kernel=MMA_F16 need_f16_K=0 need_f16_V=0 Knb=[34,272,68,69632] Vnb=[2,2048,512,524288] Keff_nb=[2,2048,512,524288] Veff_nb=[2,2048,512,524288]
CUDA_FA_ROUTE_ALLOC kernel=MMA_F16 need_f16_K=0 need_f16_V=0 workspace_end_offset=32768 dst_data=(nil) f16_K=(nil) f16_V=(nil) f16_end=0x8000
CUDA_FA_ROUTE_PLAN device=0 Q=[256,2,16,1] Kraw=turbo2 Vraw=f16 Kshape=[256,256,4,1] Vshape=[256,256,4,1] Keff=f16 Veff=f16 turbo_kv=1 prefer_native_vec=0 decode=1 dk=1 dv=0 unsafe_vec_after_turbo_v_decode=0 allow_vec=1 kernel=MMA_F16 need_f16_K=0 need_f16_V=0 Knb=[34,272,68,69632] Vnb=[2,2048,512,524288] Keff_nb=[2,2048,512,524288] Veff_nb=[2,2048,512,524288]
CUDA_FA_ROUTE_ALLOC kernel=MMA_F16 need_f16_K=0 need_f16_V=0 workspace_end_offset=32768 dst_data=(nil) f16_K=(nil) f16_V=(nil) f16_end=0x8000
CUDA_FA_ROUTE_PLAN device=0 Q=[256,2,16,1] Kraw=turbo2 Vraw=f16 Kshape=[256,256,4,1] Vshape=[256,256,4,1] Keff=f16 Veff=f16 turbo_kv=1 prefer_native_vec=0 decode=1 dk=1 dv=0 unsafe_vec_after_turbo_v_decode=0 allow_vec=1 kernel=MMA_F16 need_f16_K=0 need_f16_V=0 Knb=[34,272,68,69632] Vnb=[2,2048,512,524288] Keff_nb=[2,2048,512,524288] Veff_nb=[2,2048,512,524288]
CUDA_FA_ROUTE_ALLOC kernel=MMA_F16 need_f16_K=0 need_f16_V=0 workspace_end_offset=32768 dst_data=(nil) f16_K=(nil) f16_V=(nil) f16_end=0x8000
CUDA_FA_ROUTE_PLAN device=0 Q=[256,2,16,1] Kraw=turbo2 Vraw=f16 Kshape=[256,256,4,1] Vshape=[256,256,4,1] Keff=f16 Veff=f16 turbo_kv=1 prefer_native_vec=0 decode=1 dk=1 dv=0 unsafe_vec_after_turbo_v_decode=0 allow_vec=1 kernel=MMA_F16 need_f16_K=0 need_f16_V=0 Knb=[34,272,68,69632] Vnb=[2,2048,512,524288] Keff_nb=[2,2048,512,524288] Veff_nb=[2,2048,512,524288]
CUDA_FA_ROUTE_ALLOC kernel=MMA_F16 need_f16_K=0 need_f16_V=0 workspace_end_offset=32768 dst_data=(nil) f16_K=(nil) f16_V=(nil) f16_end=0x8000
CUDA_FA_ROUTE_PLAN device=0 Q=[256,2,16,1] Kraw=turbo2 Vraw=f16 Kshape=[256,256,4,1] Vshape=[256,256,4,1] Keff=f16 Veff=f16 turbo_kv=1 prefer_native_vec=0 decode=1 dk=1 dv=0 unsafe_vec_after_turbo_v_decode=0 allow_vec=1 kernel=MMA_F16 need_f16_K=0 need_f16_V=0 Knb=[34,272,68,69632] Vnb=[2,2048,512,524288] Keff_nb=[2,2048,512,524288] Veff_nb=[2,2048,512,524288]
CUDA_FA_ROUTE_ALLOC kernel=MMA_F16 need_f16_K=0 need_f16_V=0 workspace_end_offset=32768 dst_data=(nil) f16_K=(nil) f16_V=(nil) f16_end=0x8000
CUDA_FA_ROUTE_PLAN device=0 Q=[256,2,16,1] Kraw=turbo2 Vraw=f16 Kshape=[256,256,4,1] Vshape=[256,256,4,1] Keff=f16 Veff=f16 turbo_kv=1 prefer_native_vec=0 decode=1 dk=1 dv=0 unsafe_vec_after_turbo_v_decode=0 allow_vec=1 kernel=MMA_F16 need_f16_K=0 need_f16_V=0 Knb=[34,272,68,69632] Vnb=[2,2048,512,524288] Keff_nb=[2,2048,512,524288] Veff_nb=[2,2048,512,524288]
CUDA_FA_ROUTE_ALLOC kernel=MMA_F16 need_f16_K=0 need_f16_V=0 workspace_end_offset=32768 dst_data=(nil) f16_K=(nil) f16_V=(nil) f16_end=0x8000
CUDA_FA_ROUTE_PLAN device=0 Q=[256,2,16,1] Kraw=turbo2 Vraw=f16 Kshape=[256,256,4,1] Vshape=[256,256,4,1] Keff=f16 Veff=f16 turbo_kv=1 prefer_native_vec=0 decode=1 dk=1 dv=0 unsafe_vec_after_turbo_v_decode=0 allow_vec=1 kernel=MMA_F16 need_f16_K=0 need_f16_V=0 Knb=[34,272,68,69632] Vnb=[2,2048,512,524288] Keff_nb=[2,2048,512,524288] Veff_nb=[2,2048,512,524288]
CUDA_FA_ROUTE_ALLOC kernel=MMA_F16 need_f16_K=0 need_f16_V=0 workspace_end_offset=32768 dst_data=(nil) f16_K=(nil) f16_V=(nil) f16_end=0x8000
CUDA_FA_ROUTE_PLAN device=0 Q=[256,2,16,1] Kraw=turbo2 Vraw=f16 Kshape=[256,256,4,1] Vshape=[256,256,4,1] Keff=f16 Veff=f16 turbo_kv=1 prefer_native_vec=0 decode=1 dk=1 dv=0 unsafe_vec_after_turbo_v_decode=0 allow_vec=1 kernel=MMA_F16 need_f16_K=0 need_f16_V=0 Knb=[34,272,68,69632] Vnb=[2,2048,512,524288] Keff_nb=[2,2048,512,524288] Veff_nb=[2,2048,512,524288]
CUDA_FA_ROUTE_ALLOC kernel=MMA_F16 need_f16_K=0 need_f16_V=0 workspace_end_offset=32768 dst_data=(nil) f16_K=(nil) f16_V=(nil) f16_end=0x8000
CUDA_FA_ROUTE_PLAN device=0 Q=[256,2,16,1] Kraw=turbo2 Vraw=f16 Kshape=[256,256,4,1] Vshape=[256,256,4,1] Keff=f16 Veff=f16 turbo_kv=1 prefer_native_vec=0 decode=1 dk=1 dv=0 unsafe_vec_after_turbo_v_decode=0 allow_vec=1 kernel=MMA_F16 need_f16_K=0 need_f16_V=0 Knb=[34,272,68,69632] Vnb=[2,2048,512,524288] Keff_nb=[2,2048,512,524288] Veff_nb=[2,2048,512,524288]
CUDA_FA_ROUTE_ALLOC kernel=MMA_F16 need_f16_K=0 need_f16_V=0 workspace_end_offset=32768 dst_data=(nil) f16_K=(nil) f16_V=(nil) f16_end=0x8000
CUDA_FA_ROUTE_PLAN device=0 Q=[256,2,16,1] Kraw=turbo2 Vraw=f16 Kshape=[256,256,4,1] Vshape=[256,256,4,1] Keff=f16 Veff=f16 turbo_kv=1 prefer_native_vec=0 decode=1 dk=1 dv=0 unsafe_vec_after_turbo_v_decode=0 allow_vec=1 kernel=MMA_F16 need_f16_K=0 need_f16_V=0 Knb=[34,272,68,69632] Vnb=[2,2048,512,524288] Keff_nb=[2,2048,512,524288] Veff_nb=[2,2048,512,524288]
CUDA_FA_ROUTE_ALLOC kernel=MMA_F16 need_f16_K=0 need_f16_V=0 workspace_end_offset=32768 dst_data=(nil) f16_K=(nil) f16_V=(nil) f16_end=0x8000
CUDA_FA_ROUTE_PLAN device=0 Q=[256,2,16,1] Kraw=turbo2 Vraw=f16 Kshape=[256,256,4,1] Vshape=[256,256,4,1] Keff=f16 Veff=f16 turbo_kv=1 prefer_native_vec=0 decode=1 dk=1 dv=0 unsafe_vec_after_turbo_v_decode=0 allow_vec=1 kernel=MMA_F16 need_f16_K=0 need_f16_V=0 Knb=[34,272,68,69632] Vnb=[2,2048,512,524288] Keff_nb=[2,2048,512,524288] Veff_nb=[2,2048,512,524288]
CUDA_FA_ROUTE_ALLOC kernel=MMA_F16 need_f16_K=0 need_f16_V=0 workspace_end_offset=32768 dst_data=(nil) f16_K=(nil) f16_V=(nil) f16_end=0x8000
CUDA_FA_ROUTE_PLAN device=0 Q=[256,2,16,1] Kraw=turbo2 Vraw=f16 Kshape=[256,256,4,1] Vshape=[256,256,4,1] Keff=f16 Veff=f16 turbo_kv=1 prefer_native_vec=0 decode=1 dk=1 dv=0 unsafe_vec_after_turbo_v_decode=0 allow_vec=1 kernel=MMA_F16 need_f16_K=0 need_f16_V=0 Knb=[34,272,68,69632] Vnb=[2,2048,512,524288] Keff_nb=[2,2048,512,524288] Veff_nb=[2,2048,512,524288]
CUDA_FA_ROUTE_ALLOC kernel=MMA_F16 need_f16_K=0 need_f16_V=0 workspace_end_offset=32768 dst_data=(nil) f16_K=(nil) f16_V=(nil) f16_end=0x8000
CUDA_FA_ROUTE_PLAN device=0 Q=[256,2,16,1] Kraw=turbo2 Vraw=f16 Kshape=[256,256,4,1] Vshape=[256,256,4,1] Keff=f16 Veff=f16 turbo_kv=1 prefer_native_vec=0 decode=1 dk=1 dv=0 unsafe_vec_after_turbo_v_decode=0 allow_vec=1 kernel=MMA_F16 need_f16_K=0 need_f16_V=0 Knb=[34,272,68,69632] Vnb=[2,2048,512,524288] Keff_nb=[2,2048,512,524288] Veff_nb=[2,2048,512,524288]
CUDA_FA_ROUTE_ALLOC kernel=MMA_F16 need_f16_K=0 need_f16_V=0 workspace_end_offset=32768 dst_data=(nil) f16_K=(nil) f16_V=(nil) f16_end=0x8000
CUDA_FA_ROUTE_PLAN device=0 Q=[256,2,16,1] Kraw=turbo2 Vraw=f16 Kshape=[256,256,4,1] Vshape=[256,256,4,1] Keff=f16 Veff=f16 turbo_kv=1 prefer_native_vec=0 decode=1 dk=1 dv=0 unsafe_vec_after_turbo_v_decode=0 allow_vec=1 kernel=MMA_F16 need_f16_K=0 need_f16_V=0 Knb=[34,272,68,69632] Vnb=[2,2048,512,524288] Keff_nb=[2,2048,512,524288] Veff_nb=[2,2048,512,524288]
CUDA_FA_ROUTE_ALLOC kernel=MMA_F16 need_f16_K=0 need_f16_V=0 workspace_end_offset=32768 dst_data=(nil) f16_K=(nil) f16_V=(nil) f16_end=0x8000
CUDA_FA_ROUTE_PLAN device=0 Q=[256,2,16,1] Kraw=turbo2 Vraw=f16 Kshape=[256,256,4,1] Vshape=[256,256,4,1] Keff=f16 Veff=f16 turbo_kv=1 prefer_native_vec=0 decode=1 dk=1 dv=0 unsafe_vec_after_turbo_v_decode=0 allow_vec=1 kernel=MMA_F16 need_f16_K=0 need_f16_V=0 Knb=[34,272,68,69632] Vnb=[2,2048,512,524288] Keff_nb=[2,2048,512,524288] Veff_nb=[2,2048,512,524288]
CUDA_FA_ROUTE_ALLOC kernel=MMA_F16 need_f16_K=0 need_f16_V=0 workspace_end_offset=32768 dst_data=(nil) f16_K=(nil) f16_V=(nil) f16_end=0x8000
CUDA_FA_ROUTE_PLAN device=0 Q=[256,2,16,1] Kraw=turbo2 Vraw=f16 Kshape=[256,256,4,1] Vshape=[256,256,4,1] Keff=f16 Veff=f16 turbo_kv=1 prefer_native_vec=0 decode=1 dk=1 dv=0 unsafe_vec_after_turbo_v_decode=0 allow_vec=1 kernel=MMA_F16 need_f16_K=0 need_f16_V=0 Knb=[34,272,68,69632] Vnb=[2,2048,512,524288] Keff_nb=[2,2048,512,524288] Veff_nb=[2,2048,512,524288]
CUDA_FA_ROUTE_ALLOC kernel=MMA_F16 need_f16_K=0 need_f16_V=0 workspace_end_offset=32768 dst_data=(nil) f16_K=(nil) f16_V=(nil) f16_end=0x8000
CUDA_FA_ROUTE_PLAN device=0 Q=[256,2,16,1] Kraw=turbo2 Vraw=f16 Kshape=[256,256,4,1] Vshape=[256,256,4,1] Keff=f16 Veff=f16 turbo_kv=1 prefer_native_vec=0 decode=1 dk=1 dv=0 unsafe_vec_after_turbo_v_decode=0 allow_vec=1 kernel=MMA_F16 need_f16_K=0 need_f16_V=0 Knb=[34,272,68,69632] Vnb=[2,2048,512,524288] Keff_nb=[2,2048,512,524288] Veff_nb=[2,2048,512,524288]
CUDA_FA_ROUTE_ALLOC kernel=MMA_F16 need_f16_K=0 need_f16_V=0 workspace_end_offset=32768 dst_data=(nil) f16_K=(nil) f16_V=(nil) f16_end=0x8000
CUDA_FA_ROUTE_PLAN device=0 Q=[256,2,16,1] Kraw=turbo2 Vraw=f16 Kshape=[256,256,4,1] Vshape=[256,256,4,1] Keff=f16 Veff=f16 turbo_kv=1 prefer_native_vec=0 decode=1 dk=1 dv=0 unsafe_vec_after_turbo_v_decode=0 allow_vec=1 kernel=MMA_F16 need_f16_K=0 need_f16_V=0 Knb=[34,272,68,69632] Vnb=[2,2048,512,524288] Keff_nb=[2,2048,512,524288] Veff_nb=[2,2048,512,524288]
CUDA_FA_ROUTE_ALLOC kernel=MMA_F16 need_f16_K=0 need_f16_V=0 workspace_end_offset=32768 dst_data=(nil) f16_K=(nil) f16_V=(nil) f16_end=0x8000
CUDA_FA_ROUTE_PLAN device=0 Q=[256,2,16,1] Kraw=turbo2 Vraw=f16 Kshape=[256,256,4,1] Vshape=[256,256,4,1] Keff=f16 Veff=f16 turbo_kv=1 prefer_native_vec=0 decode=1 dk=1 dv=0 unsafe_vec_after_turbo_v_decode=0 allow_vec=1 kernel=MMA_F16 need_f16_K=0 need_f16_V=0 Knb=[34,272,68,69632] Vnb=[2,2048,512,524288] Keff_nb=[2,2048,512,524288] Veff_nb=[2,2048,512,524288]
CUDA_FA_ROUTE_ALLOC kernel=MMA_F16 need_f16_K=0 need_f16_V=0 workspace_end_offset=32768 dst_data=(nil) f16_K=(nil) f16_V=(nil) f16_end=0x8000
CUDA_FA_ROUTE_PLAN device=0 Q=[256,2,16,1] Kraw=turbo2 Vraw=f16 Kshape=[256,256,4,1] Vshape=[256,256,4,1] Keff=f16 Veff=f16 turbo_kv=1 prefer_native_vec=0 decode=1 dk=1 dv=0 unsafe_vec_after_turbo_v_decode=0 allow_vec=1 kernel=MMA_F16 need_f16_K=0 need_f16_V=0 Knb=[34,272,68,69632] Vnb=[2,2048,512,524288] Keff_nb=[2,2048,512,524288] Veff_nb=[2,2048,512,524288]
CUDA_FA_ROUTE_ALLOC kernel=MMA_F16 need_f16_K=0 need_f16_V=0 workspace_end_offset=32768 dst_data=(nil) f16_K=(nil) f16_V=(nil) f16_end=0x8000
CUDA_FA_ROUTE_PLAN device=0 Q=[256,2,16,1] Kraw=turbo2 Vraw=f16 Kshape=[256,256,4,1] Vshape=[256,256,4,1] Keff=f16 Veff=f16 turbo_kv=1 prefer_native_vec=0 decode=1 dk=1 dv=0 unsafe_vec_after_turbo_v_decode=0 allow_vec=1 kernel=MMA_F16 need_f16_K=0 need_f16_V=0 Knb=[34,272,68,69632] Vnb=[2,2048,512,524288] Keff_nb=[2,2048,512,524288] Veff_nb=[2,2048,512,524288]
CUDA_FA_ROUTE_ALLOC kernel=MMA_F16 need_f16_K=0 need_f16_V=0 workspace_end_offset=32768 dst_data=(nil) f16_K=(nil) f16_V=(nil) f16_end=0x8000
CUDA_FA_ROUTE_PLAN device=0 Q=[256,2,16,1] Kraw=turbo2 Vraw=f16 Kshape=[256,256,4,1] Vshape=[256,256,4,1] Keff=f16 Veff=f16 turbo_kv=1 prefer_native_vec=0 decode=1 dk=1 dv=0 unsafe_vec_after_turbo_v_decode=0 allow_vec=1 kernel=MMA_F16 need_f16_K=0 need_f16_V=0 Knb=[34,272,68,69632] Vnb=[2,2048,512,524288] Keff_nb=[2,2048,512,524288] Veff_nb=[2,2048,512,524288]
CUDA_FA_ROUTE_ALLOC kernel=MMA_F16 need_f16_K=0 need_f16_V=0 workspace_end_offset=32768 dst_data=(nil) f16_K=(nil) f16_V=(nil) f16_end=0x8000
CUDA_FA_ROUTE_PLAN device=0 Q=[256,2,16,1] Kraw=turbo2 Vraw=f16 Kshape=[256,256,4,1] Vshape=[256,256,4,1] Keff=f16 Veff=f16 turbo_kv=1 prefer_native_vec=0 decode=1 dk=1 dv=0 unsafe_vec_after_turbo_v_decode=0 allow_vec=1 kernel=MMA_F16 need_f16_K=0 need_f16_V=0 Knb=[34,272,68,69632] Vnb=[2,2048,512,524288] Keff_nb=[2,2048,512,524288] Veff_nb=[2,2048,512,524288]
CUDA_FA_ROUTE_ALLOC kernel=MMA_F16 need_f16_K=0 need_f16_V=0 workspace_end_offset=32768 dst_data=(nil) f16_K=(nil) f16_V=(nil) f16_end=0x8000
CUDA_FA_ROUTE_PLAN device=0 Q=[256,2,16,1] Kraw=turbo2 Vraw=f16 Kshape=[256,256,4,1] Vshape=[256,256,4,1] Keff=f16 Veff=f16 turbo_kv=1 prefer_native_vec=0 decode=1 dk=1 dv=0 unsafe_vec_after_turbo_v_decode=0 allow_vec=1 kernel=MMA_F16 need_f16_K=0 need_f16_V=0 Knb=[34,272,68,69632] Vnb=[2,2048,512,524288] Keff_nb=[2,2048,512,524288] Veff_nb=[2,2048,512,524288]
CUDA_FA_ROUTE_ALLOC kernel=MMA_F16 need_f16_K=0 need_f16_V=0 workspace_end_offset=32768 dst_data=(nil) f16_K=(nil) f16_V=(nil) f16_end=0x8000
CUDA_FA_ROUTE_PLAN device=0 Q=[256,2,16,1] Kraw=turbo2 Vraw=f16 Kshape=[256,256,4,1] Vshape=[256,256,4,1] Keff=f16 Veff=f16 turbo_kv=1 prefer_native_vec=0 decode=1 dk=1 dv=0 unsafe_vec_after_turbo_v_decode=0 allow_vec=1 kernel=MMA_F16 need_f16_K=0 need_f16_V=0 Knb=[34,272,68,69632] Vnb=[2,2048,512,524288] Keff_nb=[2,2048,512,524288] Veff_nb=[2,2048,512,524288]
CUDA_FA_ROUTE_ALLOC kernel=MMA_F16 need_f16_K=0 need_f16_V=0 workspace_end_offset=32768 dst_data=(nil) f16_K=(nil) f16_V=(nil) f16_end=0x8000
CUDA_FA_ROUTE_PLAN device=0 Q=[256,2,16,1] Kraw=turbo2 Vraw=f16 Kshape=[256,256,4,1] Vshape=[256,256,4,1] Keff=f16 Veff=f16 turbo_kv=1 prefer_native_vec=0 decode=1 dk=1 dv=0 unsafe_vec_after_turbo_v_decode=0 allow_vec=1 kernel=MMA_F16 need_f16_K=0 need_f16_V=0 Knb=[34,272,68,69632] Vnb=[2,2048,512,524288] Keff_nb=[2,2048,512,524288] Veff_nb=[2,2048,512,524288]
CUDA_FA_ROUTE_ALLOC kernel=MMA_F16 need_f16_K=0 need_f16_V=0 workspace_end_offset=32768 dst_data=(nil) f16_K=(nil) f16_V=(nil) f16_end=0x8000
CUDA_FA_ROUTE_PLAN device=0 Q=[256,2,16,1] Kraw=turbo2 Vraw=f16 Kshape=[256,256,4,1] Vshape=[256,256,4,1] Keff=f16 Veff=f16 turbo_kv=1 prefer_native_vec=0 decode=1 dk=1 dv=0 unsafe_vec_after_turbo_v_decode=0 allow_vec=1 kernel=MMA_F16 need_f16_K=0 need_f16_V=0 Knb=[34,272,68,69632] Vnb=[2,2048,512,524288] Keff_nb=[2,2048,512,524288] Veff_nb=[2,2048,512,524288]
CUDA_FA_ROUTE_ALLOC kernel=MMA_F16 need_f16_K=0 need_f16_V=0 workspace_end_offset=32768 dst_data=(nil) f16_K=(nil) f16_V=(nil) f16_end=0x8000
CUDA_FA_ROUTE_PLAN device=0 Q=[256,2,16,1] Kraw=turbo2 Vraw=f16 Kshape=[256,256,4,1] Vshape=[256,256,4,1] Keff=f16 Veff=f16 turbo_kv=1 prefer_native_vec=0 decode=1 dk=1 dv=0 unsafe_vec_after_turbo_v_decode=0 allow_vec=1 kernel=MMA_F16 need_f16_K=0 need_f16_V=0 Knb=[34,272,68,69632] Vnb=[2,2048,512,524288] Keff_nb=[2,2048,512,524288] Veff_nb=[2,2048,512,524288]
CUDA_FA_ROUTE_ALLOC kernel=MMA_F16 need_f16_K=0 need_f16_V=0 workspace_end_offset=32768 dst_data=(nil) f16_K=(nil) f16_V=(nil) f16_end=0x8000
CUDA_FA_ROUTE_PLAN device=0 Q=[256,2,16,1] Kraw=turbo2 Vraw=f16 Kshape=[256,256,4,1] Vshape=[256,256,4,1] Keff=f16 Veff=f16 turbo_kv=1 prefer_native_vec=0 decode=1 dk=1 dv=0 unsafe_vec_after_turbo_v_decode=0 allow_vec=1 kernel=MMA_F16 need_f16_K=0 need_f16_V=0 Knb=[34,272,68,69632] Vnb=[2,2048,512,524288] Keff_nb=[2,2048,512,524288] Veff_nb=[2,2048,512,524288]
GGML_TURBO_FA_DEBUG: path=prefill-dequant K=turbo2 V=f16 Q=[256,2,16,1] K=[256,256,4,1] V=[256,256,4,1]
TCQ decode: context-adaptive V alpha enabled
CUDA_FA_ROUTE_PLAN device=0 Q=[256,2,16,1] Kraw=turbo2 Vraw=f16 Kshape=[256,256,4,1] Vshape=[256,256,4,1] Keff=f16 Veff=f16 turbo_kv=1 prefer_native_vec=0 decode=1 dk=1 dv=0 unsafe_vec_after_turbo_v_decode=0 allow_vec=1 kernel=MMA_F16 need_f16_K=0 need_f16_V=0 Knb=[34,272,68,69632] Vnb=[2,2048,512,524288] Keff_nb=[2,2048,512,524288] Veff_nb=[2,2048,512,524288]
GGML_TURBO_FA_DEBUG: path=prefill-dequant K=turbo2 V=f16 Q=[256,2,16,1] K=[256,256,4,1] V=[256,256,4,1]
CUDA_FA_ROUTE_PLAN device=0 Q=[256,2,16,1] Kraw=turbo2 Vraw=f16 Kshape=[256,256,4,1] Vshape=[256,256,4,1] Keff=f16 Veff=f16 turbo_kv=1 prefer_native_vec=0 decode=1 dk=1 dv=0 unsafe_vec_after_turbo_v_decode=0 allow_vec=1 kernel=MMA_F16 need_f16_K=0 need_f16_V=0 Knb=[34,272,68,69632] Vnb=[2,2048,512,524288] Keff_nb=[2,2048,512,524288] Veff_nb=[2,2048,512,524288]
GGML_TURBO_FA_DEBUG: path=prefill-dequant K=turbo2 V=f16 Q=[256,2,16,1] K=[256,256,4,1] V=[256,256,4,1]
CUDA_FA_ROUTE_PLAN device=0 Q=[256,2,16,1] Kraw=turbo2 Vraw=f16 Kshape=[256,256,4,1] Vshape=[256,256,4,1] Keff=f16 Veff=f16 turbo_kv=1 prefer_native_vec=0 decode=1 dk=1 dv=0 unsafe_vec_after_turbo_v_decode=0 allow_vec=1 kernel=MMA_F16 need_f16_K=0 need_f16_V=0 Knb=[34,272,68,69632] Vnb=[2,2048,512,524288] Keff_nb=[2,2048,512,524288] Veff_nb=[2,2048,512,524288]
GGML_TURBO_FA_DEBUG: path=prefill-dequant K=turbo2 V=f16 Q=[256,2,16,1] K=[256,256,4,1] V=[256,256,4,1]
CUDA_FA_ROUTE_PLAN device=0 Q=[256,2,16,1] Kraw=turbo2 Vraw=f16 Kshape=[256,256,4,1] Vshape=[256,256,4,1] Keff=f16 Veff=f16 turbo_kv=1 prefer_native_vec=0 decode=1 dk=1 dv=0 unsafe_vec_after_turbo_v_decode=0 allow_vec=1 kernel=MMA_F16 need_f16_K=0 need_f16_V=0 Knb=[34,272,68,69632] Vnb=[2,2048,512,524288] Keff_nb=[2,2048,512,524288] Veff_nb=[2,2048,512,524288]
GGML_TURBO_FA_DEBUG: path=prefill-dequant K=turbo2 V=f16 Q=[256,2,16,1] K=[256,256,4,1] V=[256,256,4,1]
CUDA_FA_ROUTE_PLAN device=0 Q=[256,2,16,1] Kraw=turbo2 Vraw=f16 Kshape=[256,256,4,1] Vshape=[256,256,4,1] Keff=f16 Veff=f16 turbo_kv=1 prefer_native_vec=0 decode=1 dk=1 dv=0 unsafe_vec_after_turbo_v_decode=0 allow_vec=1 kernel=MMA_F16 need_f16_K=0 need_f16_V=0 Knb=[34,272,68,69632] Vnb=[2,2048,512,524288] Keff_nb=[2,2048,512,524288] Veff_nb=[2,2048,512,524288]
GGML_TURBO_FA_DEBUG: path=prefill-dequant K=turbo2 V=f16 Q=[256,2,16,1] K=[256,256,4,1] V=[256,256,4,1]
CUDA_FA_ROUTE_PLAN device=0 Q=[256,2,16,1] Kraw=turbo2 Vraw=f16 Kshape=[256,256,4,1] Vshape=[256,256,4,1] Keff=f16 Veff=f16 turbo_kv=1 prefer_native_vec=0 decode=1 dk=1 dv=0 unsafe_vec_after_turbo_v_decode=0 allow_vec=1 kernel=MMA_F16 need_f16_K=0 need_f16_V=0 Knb=[34,272,68,69632] Vnb=[2,2048,512,524288] Keff_nb=[2,2048,512,524288] Veff_nb=[2,2048,512,524288]
GGML_TURBO_FA_DEBUG: path=prefill-dequant K=turbo2 V=f16 Q=[256,2,16,1] K=[256,256,4,1] V=[256,256,4,1]
CUDA_FA_ROUTE_PLAN device=0 Q=[256,2,16,1] Kraw=turbo2 Vraw=f16 Kshape=[256,256,4,1] Vshape=[256,256,4,1] Keff=f16 Veff=f16 turbo_kv=1 prefer_native_vec=0 decode=1 dk=1 dv=0 unsafe_vec_after_turbo_v_decode=0 allow_vec=1 kernel=MMA_F16 need_f16_K=0 need_f16_V=0 Knb=[34,272,68,69632] Vnb=[2,2048,512,524288] Keff_nb=[2,2048,512,524288] Veff_nb=[2,2048,512,524288]
GGML_TURBO_FA_DEBUG: path=prefill-dequant K=turbo2 V=f16 Q=[256,2,16,1] K=[256,256,4,1] V=[256,256,4,1]
0.02.553.993 I llama_completion: llama threadpool init, n_threads = 6
0.02.554.008 I 
0.02.554.043 I system_info: n_threads = 6 (n_threads_batch = 6) / 12 | CUDA : ARCHS = 860 | USE_GRAPHS = 1 | CPU : SSE3 = 1 | SSSE3 = 1 | AVX = 1 | AVX_VNNI = 1 | AVX2 = 1 | F16C = 1 | FMA = 1 | BMI2 = 1 | LLAMAFILE = 1 | OPENMP = 1 | REPACK = 1 | 
0.02.554.046 I 
0.02.554.093 I sampler seed: 2212805469
0.02.554.099 I sampler params: 
	repeat_last_n = 64, repeat_penalty = 1.000, frequency_penalty = 0.000, presence_penalty = 0.000
	dry_multiplier = 0.000, dry_base = 1.750, dry_allowed_length = 2, dry_penalty_last_n = -1
	top_k = 40, top_p = 0.950, min_p = 0.050, xtc_probability = 0.000, xtc_threshold = 0.100, typical_p = 1.000, top_n_sigma = -1.000, temp = 0.800
	mirostat = 0, mirostat_lr = 0.100, mirostat_ent = 5.000, adaptive_target = -1.000, adaptive_decay = 0.900
0.02.554.104 I sampler chain: logits -> ?penalties -> ?dry -> ?top-n-sigma -> top-k -> ?typical -> top-p -> min-p -> ?xtc -> temp-ext -> dist 
0.02.554.104 I generate: n_ctx = 256, n_batch = 2048, n_predict = 2, n_keep = 0
0.02.554.104 I 
The capital of France isCUDA_FA_ROUTE_PLAN device=0 Q=[256,5,16,1] Kraw=turbo2 Vraw=f16 Kshape=[256,256,4,1] Vshape=[256,256,4,1] Keff=f16 Veff=f16 turbo_kv=1 prefer_native_vec=0 decode=1 dk=1 dv=0 unsafe_vec_after_turbo_v_decode=0 allow_vec=1 kernel=MMA_F16 need_f16_K=0 need_f16_V=0 Knb=[34,272,68,69632] Vnb=[2,2048,512,524288] Keff_nb=[2,2048,512,524288] Veff_nb=[2,2048,512,524288]
CUDA_FA_ROUTE_SUPPORTED kernel=MMA_F16 effK=f16 effV=f16 supported=1
CUDA_FA_ROUTE_PLAN device=0 Q=[256,5,16,1] Kraw=turbo2 Vraw=f16 Kshape=[256,256,4,1] Vshape=[256,256,4,1] Keff=f16 Veff=f16 turbo_kv=1 prefer_native_vec=0 decode=1 dk=1 dv=0 unsafe_vec_after_turbo_v_decode=0 allow_vec=1 kernel=MMA_F16 need_f16_K=0 need_f16_V=0 Knb=[34,272,68,69632] Vnb=[2,2048,512,524288] Keff_nb=[2,2048,512,524288] Veff_nb=[2,2048,512,524288]
CUDA_FA_ROUTE_SUPPORTED kernel=MMA_F16 effK=f16 effV=f16 supported=1
CUDA_FA_ROUTE_PLAN device=0 Q=[256,5,16,1] Kraw=turbo2 Vraw=f16 Kshape=[256,256,4,1] Vshape=[256,256,4,1] Keff=f16 Veff=f16 turbo_kv=1 prefer_native_vec=0 decode=1 dk=1 dv=0 unsafe_vec_after_turbo_v_decode=0 allow_vec=1 kernel=MMA_F16 need_f16_K=0 need_f16_V=0 Knb=[34,272,68,69632] Vnb=[2,2048,512,524288] Keff_nb=[2,2048,512,524288] Veff_nb=[2,2048,512,524288]
CUDA_FA_ROUTE_SUPPORTED kernel=MMA_F16 effK=f16 effV=f16 supported=1
CUDA_FA_ROUTE_PLAN device=0 Q=[256,5,16,1] Kraw=turbo2 Vraw=f16 Kshape=[256,256,4,1] Vshape=[256,256,4,1] Keff=f16 Veff=f16 turbo_kv=1 prefer_native_vec=0 decode=1 dk=1 dv=0 unsafe_vec_after_turbo_v_decode=0 allow_vec=1 kernel=MMA_F16 need_f16_K=0 need_f16_V=0 Knb=[34,272,68,69632] Vnb=[2,2048,512,524288] Keff_nb=[2,2048,512,524288] Veff_nb=[2,2048,512,524288]
CUDA_FA_ROUTE_SUPPORTED kernel=MMA_F16 effK=f16 effV=f16 supported=1
CUDA_FA_ROUTE_PLAN device=0 Q=[256,5,16,1] Kraw=turbo2 Vraw=f16 Kshape=[256,256,4,1] Vshape=[256,256,4,1] Keff=f16 Veff=f16 turbo_kv=1 prefer_native_vec=0 decode=1 dk=1 dv=0 unsafe_vec_after_turbo_v_decode=0 allow_vec=1 kernel=MMA_F16 need_f16_K=0 need_f16_V=0 Knb=[34,272,68,69632] Vnb=[2,2048,512,524288] Keff_nb=[2,2048,512,524288] Veff_nb=[2,2048,512,524288]
CUDA_FA_ROUTE_SUPPORTED kernel=MMA_F16 effK=f16 effV=f16 supported=1
CUDA_FA_ROUTE_PLAN device=0 Q=[256,5,16,1] Kraw=turbo2 Vraw=f16 Kshape=[256,256,4,1] Vshape=[256,256,4,1] Keff=f16 Veff=f16 turbo_kv=1 prefer_native_vec=0 decode=1 dk=1 dv=0 unsafe_vec_after_turbo_v_decode=0 allow_vec=1 kernel=MMA_F16 need_f16_K=0 need_f16_V=0 Knb=[34,272,68,69632] Vnb=[2,2048,512,524288] Keff_nb=[2,2048,512,524288] Veff_nb=[2,2048,512,524288]
CUDA_FA_ROUTE_SUPPORTED kernel=MMA_F16 effK=f16 effV=f16 supported=1
CUDA_FA_ROUTE_PLAN device=0 Q=[256,5,16,1] Kraw=turbo2 Vraw=f16 Kshape=[256,256,4,1] Vshape=[256,256,4,1] Keff=f16 Veff=f16 turbo_kv=1 prefer_native_vec=0 decode=1 dk=1 dv=0 unsafe_vec_after_turbo_v_decode=0 allow_vec=1 kernel=MMA_F16 need_f16_K=0 need_f16_V=0 Knb=[34,272,68,69632] Vnb=[2,2048,512,524288] Keff_nb=[2,2048,512,524288] Veff_nb=[2,2048,512,524288]
CUDA_FA_ROUTE_SUPPORTED kernel=MMA_F16 effK=f16 effV=f16 supported=1
CUDA_FA_ROUTE_PLAN device=0 Q=[256,5,16,1] Kraw=turbo2 Vraw=f16 Kshape=[256,256,4,1] Vshape=[256,256,4,1] Keff=f16 Veff=f16 turbo_kv=1 prefer_native_vec=0 decode=1 dk=1 dv=0 unsafe_vec_after_turbo_v_decode=0 allow_vec=1 kernel=MMA_F16 need_f16_K=0 need_f16_V=0 Knb=[34,272,68,69632] Vnb=[2,2048,512,524288] Keff_nb=[2,2048,512,524288] Veff_nb=[2,2048,512,524288]
CUDA_FA_ROUTE_SUPPORTED kernel=MMA_F16 effK=f16 effV=f16 supported=1
CUDA_FA_ROUTE_PLAN device=0 Q=[256,5,16,1] Kraw=turbo2 Vraw=f16 Kshape=[256,256,4,1] Vshape=[256,256,4,1] Keff=f16 Veff=f16 turbo_kv=1 prefer_native_vec=0 decode=1 dk=1 dv=0 unsafe_vec_after_turbo_v_decode=0 allow_vec=1 kernel=MMA_F16 need_f16_K=0 need_f16_V=0 Knb=[34,272,68,69632] Vnb=[2,2048,512,524288] Keff_nb=[2,2048,512,524288] Veff_nb=[2,2048,512,524288]
CUDA_FA_ROUTE_ALLOC kernel=MMA_F16 need_f16_K=0 need_f16_V=0 workspace_end_offset=81920 dst_data=(nil) f16_K=(nil) f16_V=(nil) f16_end=0x14000
CUDA_FA_ROUTE_PLAN device=0 Q=[256,5,16,1] Kraw=turbo2 Vraw=f16 Kshape=[256,256,4,1] Vshape=[256,256,4,1] Keff=f16 Veff=f16 turbo_kv=1 prefer_native_vec=0 decode=1 dk=1 dv=0 unsafe_vec_after_turbo_v_decode=0 allow_vec=1 kernel=MMA_F16 need_f16_K=0 need_f16_V=0 Knb=[34,272,68,69632] Vnb=[2,2048,512,524288] Keff_nb=[2,2048,512,524288] Veff_nb=[2,2048,512,524288]
CUDA_FA_ROUTE_ALLOC kernel=MMA_F16 need_f16_K=0 need_f16_V=0 workspace_end_offset=81920 dst_data=(nil) f16_K=(nil) f16_V=(nil) f16_end=0x14000
CUDA_FA_ROUTE_PLAN device=0 Q=[256,5,16,1] Kraw=turbo2 Vraw=f16 Kshape=[256,256,4,1] Vshape=[256,256,4,1] Keff=f16 Veff=f16 turbo_kv=1 prefer_native_vec=0 decode=1 dk=1 dv=0 unsafe_vec_after_turbo_v_decode=0 allow_vec=1 kernel=MMA_F16 need_f16_K=0 need_f16_V=0 Knb=[34,272,68,69632] Vnb=[2,2048,512,524288] Keff_nb=[2,2048,512,524288] Veff_nb=[2,2048,512,524288]
CUDA_FA_ROUTE_ALLOC kernel=MMA_F16 need_f16_K=0 need_f16_V=0 workspace_end_offset=81920 dst_data=(nil) f16_K=(nil) f16_V=(nil) f16_end=0x14000
CUDA_FA_ROUTE_PLAN device=0 Q=[256,5,16,1] Kraw=turbo2 Vraw=f16 Kshape=[256,256,4,1] Vshape=[256,256,4,1] Keff=f16 Veff=f16 turbo_kv=1 prefer_native_vec=0 decode=1 dk=1 dv=0 unsafe_vec_after_turbo_v_decode=0 allow_vec=1 kernel=MMA_F16 need_f16_K=0 need_f16_V=0 Knb=[34,272,68,69632] Vnb=[2,2048,512,524288] Keff_nb=[2,2048,512,524288] Veff_nb=[2,2048,512,524288]
CUDA_FA_ROUTE_ALLOC kernel=MMA_F16 need_f16_K=0 need_f16_V=0 workspace_end_offset=81920 dst_data=(nil) f16_K=(nil) f16_V=(nil) f16_end=0x14000
CUDA_FA_ROUTE_PLAN device=0 Q=[256,5,16,1] Kraw=turbo2 Vraw=f16 Kshape=[256,256,4,1] Vshape=[256,256,4,1] Keff=f16 Veff=f16 turbo_kv=1 prefer_native_vec=0 decode=1 dk=1 dv=0 unsafe_vec_after_turbo_v_decode=0 allow_vec=1 kernel=MMA_F16 need_f16_K=0 need_f16_V=0 Knb=[34,272,68,69632] Vnb=[2,2048,512,524288] Keff_nb=[2,2048,512,524288] Veff_nb=[2,2048,512,524288]
CUDA_FA_ROUTE_ALLOC kernel=MMA_F16 need_f16_K=0 need_f16_V=0 workspace_end_offset=81920 dst_data=(nil) f16_K=(nil) f16_V=(nil) f16_end=0x14000
CUDA_FA_ROUTE_PLAN device=0 Q=[256,5,16,1] Kraw=turbo2 Vraw=f16 Kshape=[256,256,4,1] Vshape=[256,256,4,1] Keff=f16 Veff=f16 turbo_kv=1 prefer_native_vec=0 decode=1 dk=1 dv=0 unsafe_vec_after_turbo_v_decode=0 allow_vec=1 kernel=MMA_F16 need_f16_K=0 need_f16_V=0 Knb=[34,272,68,69632] Vnb=[2,2048,512,524288] Keff_nb=[2,2048,512,524288] Veff_nb=[2,2048,512,524288]
CUDA_FA_ROUTE_ALLOC kernel=MMA_F16 need_f16_K=0 need_f16_V=0 workspace_end_offset=81920 dst_data=(nil) f16_K=(nil) f16_V=(nil) f16_end=0x14000
CUDA_FA_ROUTE_PLAN device=0 Q=[256,5,16,1] Kraw=turbo2 Vraw=f16 Kshape=[256,256,4,1] Vshape=[256,256,4,1] Keff=f16 Veff=f16 turbo_kv=1 prefer_native_vec=0 decode=1 dk=1 dv=0 unsafe_vec_after_turbo_v_decode=0 allow_vec=1 kernel=MMA_F16 need_f16_K=0 need_f16_V=0 Knb=[34,272,68,69632] Vnb=[2,2048,512,524288] Keff_nb=[2,2048,512,524288] Veff_nb=[2,2048,512,524288]
CUDA_FA_ROUTE_ALLOC kernel=MMA_F16 need_f16_K=0 need_f16_V=0 workspace_end_offset=81920 dst_data=(nil) f16_K=(nil) f16_V=(nil) f16_end=0x14000
CUDA_FA_ROUTE_PLAN device=0 Q=[256,5,16,1] Kraw=turbo2 Vraw=f16 Kshape=[256,256,4,1] Vshape=[256,256,4,1] Keff=f16 Veff=f16 turbo_kv=1 prefer_native_vec=0 decode=1 dk=1 dv=0 unsafe_vec_after_turbo_v_decode=0 allow_vec=1 kernel=MMA_F16 need_f16_K=0 need_f16_V=0 Knb=[34,272,68,69632] Vnb=[2,2048,512,524288] Keff_nb=[2,2048,512,524288] Veff_nb=[2,2048,512,524288]
CUDA_FA_ROUTE_ALLOC kernel=MMA_F16 need_f16_K=0 need_f16_V=0 workspace_end_offset=81920 dst_data=(nil) f16_K=(nil) f16_V=(nil) f16_end=0x14000
CUDA_FA_ROUTE_PLAN device=0 Q=[256,5,16,1] Kraw=turbo2 Vraw=f16 Kshape=[256,256,4,1] Vshape=[256,256,4,1] Keff=f16 Veff=f16 turbo_kv=1 prefer_native_vec=0 decode=1 dk=1 dv=0 unsafe_vec_after_turbo_v_decode=0 allow_vec=1 kernel=MMA_F16 need_f16_K=0 need_f16_V=0 Knb=[34,272,68,69632] Vnb=[2,2048,512,524288] Keff_nb=[2,2048,512,524288] Veff_nb=[2,2048,512,524288]
CUDA_FA_ROUTE_ALLOC kernel=MMA_F16 need_f16_K=0 need_f16_V=0 workspace_end_offset=81920 dst_data=(nil) f16_K=(nil) f16_V=(nil) f16_end=0x14000
CUDA_FA_ROUTE_PLAN device=0 Q=[256,5,16,1] Kraw=turbo2 Vraw=f16 Kshape=[256,256,4,1] Vshape=[256,256,4,1] Keff=f16 Veff=f16 turbo_kv=1 prefer_native_vec=0 decode=1 dk=1 dv=0 unsafe_vec_after_turbo_v_decode=0 allow_vec=1 kernel=MMA_F16 need_f16_K=0 need_f16_V=0 Knb=[34,272,68,69632] Vnb=[2,2048,512,524288] Keff_nb=[2,2048,512,524288] Veff_nb=[2,2048,512,524288]
CUDA_FA_ROUTE_ALLOC kernel=MMA_F16 need_f16_K=0 need_f16_V=0 workspace_end_offset=81920 dst_data=(nil) f16_K=(nil) f16_V=(nil) f16_end=0x14000
CUDA_FA_ROUTE_PLAN device=0 Q=[256,5,16,1] Kraw=turbo2 Vraw=f16 Kshape=[256,256,4,1] Vshape=[256,256,4,1] Keff=f16 Veff=f16 turbo_kv=1 prefer_native_vec=0 decode=1 dk=1 dv=0 unsafe_vec_after_turbo_v_decode=0 allow_vec=1 kernel=MMA_F16 need_f16_K=0 need_f16_V=0 Knb=[34,272,68,69632] Vnb=[2,2048,512,524288] Keff_nb=[2,2048,512,524288] Veff_nb=[2,2048,512,524288]
CUDA_FA_ROUTE_ALLOC kernel=MMA_F16 need_f16_K=0 need_f16_V=0 workspace_end_offset=81920 dst_data=(nil) f16_K=(nil) f16_V=(nil) f16_end=0x14000
CUDA_FA_ROUTE_PLAN device=0 Q=[256,5,16,1] Kraw=turbo2 Vraw=f16 Kshape=[256,256,4,1] Vshape=[256,256,4,1] Keff=f16 Veff=f16 turbo_kv=1 prefer_native_vec=0 decode=1 dk=1 dv=0 unsafe_vec_after_turbo_v_decode=0 allow_vec=1 kernel=MMA_F16 need_f16_K=0 need_f16_V=0 Knb=[34,272,68,69632] Vnb=[2,2048,512,524288] Keff_nb=[2,2048,512,524288] Veff_nb=[2,2048,512,524288]
CUDA_FA_ROUTE_ALLOC kernel=MMA_F16 need_f16_K=0 need_f16_V=0 workspace_end_offset=81920 dst_data=(nil) f16_K=(nil) f16_V=(nil) f16_end=0x14000
CUDA_FA_ROUTE_PLAN device=0 Q=[256,5,16,1] Kraw=turbo2 Vraw=f16 Kshape=[256,256,4,1] Vshape=[256,256,4,1] Keff=f16 Veff=f16 turbo_kv=1 prefer_native_vec=0 decode=1 dk=1 dv=0 unsafe_vec_after_turbo_v_decode=0 allow_vec=1 kernel=MMA_F16 need_f16_K=0 need_f16_V=0 Knb=[34,272,68,69632] Vnb=[2,2048,512,524288] Keff_nb=[2,2048,512,524288] Veff_nb=[2,2048,512,524288]
CUDA_FA_ROUTE_ALLOC kernel=MMA_F16 need_f16_K=0 need_f16_V=0 workspace_end_offset=81920 dst_data=(nil) f16_K=(nil) f16_V=(nil) f16_end=0x14000
CUDA_FA_ROUTE_PLAN device=0 Q=[256,5,16,1] Kraw=turbo2 Vraw=f16 Kshape=[256,256,4,1] Vshape=[256,256,4,1] Keff=f16 Veff=f16 turbo_kv=1 prefer_native_vec=0 decode=1 dk=1 dv=0 unsafe_vec_after_turbo_v_decode=0 allow_vec=1 kernel=MMA_F16 need_f16_K=0 need_f16_V=0 Knb=[34,272,68,69632] Vnb=[2,2048,512,524288] Keff_nb=[2,2048,512,524288] Veff_nb=[2,2048,512,524288]
CUDA_FA_ROUTE_ALLOC kernel=MMA_F16 need_f16_K=0 need_f16_V=0 workspace_end_offset=81920 dst_data=(nil) f16_K=(nil) f16_V=(nil) f16_end=0x14000
CUDA_FA_ROUTE_PLAN device=0 Q=[256,5,16,1] Kraw=turbo2 Vraw=f16 Kshape=[256,256,4,1] Vshape=[256,256,4,1] Keff=f16 Veff=f16 turbo_kv=1 prefer_native_vec=0 decode=1 dk=1 dv=0 unsafe_vec_after_turbo_v_decode=0 allow_vec=1 kernel=MMA_F16 need_f16_K=0 need_f16_V=0 Knb=[34,272,68,69632] Vnb=[2,2048,512,524288] Keff_nb=[2,2048,512,524288] Veff_nb=[2,2048,512,524288]
CUDA_FA_ROUTE_ALLOC kernel=MMA_F16 need_f16_K=0 need_f16_V=0 workspace_end_offset=81920 dst_data=(nil) f16_K=(nil) f16_V=(nil) f16_end=0x14000
CUDA_FA_ROUTE_PLAN device=0 Q=[256,5,16,1] Kraw=turbo2 Vraw=f16 Kshape=[256,256,4,1] Vshape=[256,256,4,1] Keff=f16 Veff=f16 turbo_kv=1 prefer_native_vec=0 decode=1 dk=1 dv=0 unsafe_vec_after_turbo_v_decode=0 allow_vec=1 kernel=MMA_F16 need_f16_K=0 need_f16_V=0 Knb=[34,272,68,69632] Vnb=[2,2048,512,524288] Keff_nb=[2,2048,512,524288] Veff_nb=[2,2048,512,524288]
CUDA_FA_ROUTE_ALLOC kernel=MMA_F16 need_f16_K=0 need_f16_V=0 workspace_end_offset=81920 dst_data=(nil) f16_K=(nil) f16_V=(nil) f16_end=0x14000
CUDA_FA_ROUTE_PLAN device=0 Q=[256,5,16,1] Kraw=turbo2 Vraw=f16 Kshape=[256,256,4,1] Vshape=[256,256,4,1] Keff=f16 Veff=f16 turbo_kv=1 prefer_native_vec=0 decode=1 dk=1 dv=0 unsafe_vec_after_turbo_v_decode=0 allow_vec=1 kernel=MMA_F16 need_f16_K=0 need_f16_V=0 Knb=[34,272,68,69632] Vnb=[2,2048,512,524288] Keff_nb=[2,2048,512,524288] Veff_nb=[2,2048,512,524288]
CUDA_FA_ROUTE_ALLOC kernel=MMA_F16 need_f16_K=0 need_f16_V=0 workspace_end_offset=81920 dst_data=(nil) f16_K=(nil) f16_V=(nil) f16_end=0x14000
CUDA_FA_ROUTE_PLAN device=0 Q=[256,5,16,1] Kraw=turbo2 Vraw=f16 Kshape=[256,256,4,1] Vshape=[256,256,4,1] Keff=f16 Veff=f16 turbo_kv=1 prefer_native_vec=0 decode=1 dk=1 dv=0 unsafe_vec_after_turbo_v_decode=0 allow_vec=1 kernel=MMA_F16 need_f16_K=0 need_f16_V=0 Knb=[34,272,68,69632] Vnb=[2,2048,512,524288] Keff_nb=[2,2048,512,524288] Veff_nb=[2,2048,512,524288]
CUDA_FA_ROUTE_ALLOC kernel=MMA_F16 need_f16_K=0 need_f16_V=0 workspace_end_offset=81920 dst_data=(nil) f16_K=(nil) f16_V=(nil) f16_end=0x14000
CUDA_FA_ROUTE_PLAN device=0 Q=[256,5,16,1] Kraw=turbo2 Vraw=f16 Kshape=[256,256,4,1] Vshape=[256,256,4,1] Keff=f16 Veff=f16 turbo_kv=1 prefer_native_vec=0 decode=1 dk=1 dv=0 unsafe_vec_after_turbo_v_decode=0 allow_vec=1 kernel=MMA_F16 need_f16_K=0 need_f16_V=0 Knb=[34,272,68,69632] Vnb=[2,2048,512,524288] Keff_nb=[2,2048,512,524288] Veff_nb=[2,2048,512,524288]
CUDA_FA_ROUTE_ALLOC kernel=MMA_F16 need_f16_K=0 need_f16_V=0 workspace_end_offset=81920 dst_data=(nil) f16_K=(nil) f16_V=(nil) f16_end=0x14000
CUDA_FA_ROUTE_PLAN device=0 Q=[256,5,16,1] Kraw=turbo2 Vraw=f16 Kshape=[256,256,4,1] Vshape=[256,256,4,1] Keff=f16 Veff=f16 turbo_kv=1 prefer_native_vec=0 decode=1 dk=1 dv=0 unsafe_vec_after_turbo_v_decode=0 allow_vec=1 kernel=MMA_F16 need_f16_K=0 need_f16_V=0 Knb=[34,272,68,69632] Vnb=[2,2048,512,524288] Keff_nb=[2,2048,512,524288] Veff_nb=[2,2048,512,524288]
CUDA_FA_ROUTE_ALLOC kernel=MMA_F16 need_f16_K=0 need_f16_V=0 workspace_end_offset=81920 dst_data=(nil) f16_K=(nil) f16_V=(nil) f16_end=0x14000
CUDA_FA_ROUTE_PLAN device=0 Q=[256,5,16,1] Kraw=turbo2 Vraw=f16 Kshape=[256,256,4,1] Vshape=[256,256,4,1] Keff=f16 Veff=f16 turbo_kv=1 prefer_native_vec=0 decode=1 dk=1 dv=0 unsafe_vec_after_turbo_v_decode=0 allow_vec=1 kernel=MMA_F16 need_f16_K=0 need_f16_V=0 Knb=[34,272,68,69632] Vnb=[2,2048,512,524288] Keff_nb=[2,2048,512,524288] Veff_nb=[2,2048,512,524288]
CUDA_FA_ROUTE_ALLOC kernel=MMA_F16 need_f16_K=0 need_f16_V=0 workspace_end_offset=81920 dst_data=(nil) f16_K=(nil) f16_V=(nil) f16_end=0x14000
CUDA_FA_ROUTE_PLAN device=0 Q=[256,5,16,1] Kraw=turbo2 Vraw=f16 Kshape=[256,256,4,1] Vshape=[256,256,4,1] Keff=f16 Veff=f16 turbo_kv=1 prefer_native_vec=0 decode=1 dk=1 dv=0 unsafe_vec_after_turbo_v_decode=0 allow_vec=1 kernel=MMA_F16 need_f16_K=0 need_f16_V=0 Knb=[34,272,68,69632] Vnb=[2,2048,512,524288] Keff_nb=[2,2048,512,524288] Veff_nb=[2,2048,512,524288]
CUDA_FA_ROUTE_ALLOC kernel=MMA_F16 need_f16_K=0 need_f16_V=0 workspace_end_offset=81920 dst_data=(nil) f16_K=(nil) f16_V=(nil) f16_end=0x14000
CUDA_FA_ROUTE_PLAN device=0 Q=[256,5,16,1] Kraw=turbo2 Vraw=f16 Kshape=[256,256,4,1] Vshape=[256,256,4,1] Keff=f16 Veff=f16 turbo_kv=1 prefer_native_vec=0 decode=1 dk=1 dv=0 unsafe_vec_after_turbo_v_decode=0 allow_vec=1 kernel=MMA_F16 need_f16_K=0 need_f16_V=0 Knb=[34,272,68,69632] Vnb=[2,2048,512,524288] Keff_nb=[2,2048,512,524288] Veff_nb=[2,2048,512,524288]
CUDA_FA_ROUTE_ALLOC kernel=MMA_F16 need_f16_K=0 need_f16_V=0 workspace_end_offset=81920 dst_data=(nil) f16_K=(nil) f16_V=(nil) f16_end=0x14000
CUDA_FA_ROUTE_PLAN device=0 Q=[256,5,16,1] Kraw=turbo2 Vraw=f16 Kshape=[256,256,4,1] Vshape=[256,256,4,1] Keff=f16 Veff=f16 turbo_kv=1 prefer_native_vec=0 decode=1 dk=1 dv=0 unsafe_vec_after_turbo_v_decode=0 allow_vec=1 kernel=MMA_F16 need_f16_K=0 need_f16_V=0 Knb=[34,272,68,69632] Vnb=[2,2048,512,524288] Keff_nb=[2,2048,512,524288] Veff_nb=[2,2048,512,524288]
CUDA_FA_ROUTE_ALLOC kernel=MMA_F16 need_f16_K=0 need_f16_V=0 workspace_end_offset=81920 dst_data=(nil) f16_K=(nil) f16_V=(nil) f16_end=0x14000
CUDA_FA_ROUTE_PLAN device=0 Q=[256,5,16,1] Kraw=turbo2 Vraw=f16 Kshape=[256,256,4,1] Vshape=[256,256,4,1] Keff=f16 Veff=f16 turbo_kv=1 prefer_native_vec=0 decode=1 dk=1 dv=0 unsafe_vec_after_turbo_v_decode=0 allow_vec=1 kernel=MMA_F16 need_f16_K=0 need_f16_V=0 Knb=[34,272,68,69632] Vnb=[2,2048,512,524288] Keff_nb=[2,2048,512,524288] Veff_nb=[2,2048,512,524288]
CUDA_FA_ROUTE_ALLOC kernel=MMA_F16 need_f16_K=0 need_f16_V=0 workspace_end_offset=81920 dst_data=(nil) f16_K=(nil) f16_V=(nil) f16_end=0x14000
CUDA_FA_ROUTE_PLAN device=0 Q=[256,5,16,1] Kraw=turbo2 Vraw=f16 Kshape=[256,256,4,1] Vshape=[256,256,4,1] Keff=f16 Veff=f16 turbo_kv=1 prefer_native_vec=0 decode=1 dk=1 dv=0 unsafe_vec_after_turbo_v_decode=0 allow_vec=1 kernel=MMA_F16 need_f16_K=0 need_f16_V=0 Knb=[34,272,68,69632] Vnb=[2,2048,512,524288] Keff_nb=[2,2048,512,524288] Veff_nb=[2,2048,512,524288]
CUDA_FA_ROUTE_ALLOC kernel=MMA_F16 need_f16_K=0 need_f16_V=0 workspace_end_offset=81920 dst_data=(nil) f16_K=(nil) f16_V=(nil) f16_end=0x14000
CUDA_FA_ROUTE_PLAN device=0 Q=[256,5,16,1] Kraw=turbo2 Vraw=f16 Kshape=[256,256,4,1] Vshape=[256,256,4,1] Keff=f16 Veff=f16 turbo_kv=1 prefer_native_vec=0 decode=1 dk=1 dv=0 unsafe_vec_after_turbo_v_decode=0 allow_vec=1 kernel=MMA_F16 need_f16_K=0 need_f16_V=0 Knb=[34,272,68,69632] Vnb=[2,2048,512,524288] Keff_nb=[2,2048,512,524288] Veff_nb=[2,2048,512,524288]
CUDA_FA_ROUTE_ALLOC kernel=MMA_F16 need_f16_K=0 need_f16_V=0 workspace_end_offset=81920 dst_data=(nil) f16_K=(nil) f16_V=(nil) f16_end=0x14000
CUDA_FA_ROUTE_PLAN device=0 Q=[256,5,16,1] Kraw=turbo2 Vraw=f16 Kshape=[256,256,4,1] Vshape=[256,256,4,1] Keff=f16 Veff=f16 turbo_kv=1 prefer_native_vec=0 decode=1 dk=1 dv=0 unsafe_vec_after_turbo_v_decode=0 allow_vec=1 kernel=MMA_F16 need_f16_K=0 need_f16_V=0 Knb=[34,272,68,69632] Vnb=[2,2048,512,524288] Keff_nb=[2,2048,512,524288] Veff_nb=[2,2048,512,524288]
CUDA_FA_ROUTE_ALLOC kernel=MMA_F16 need_f16_K=0 need_f16_V=0 workspace_end_offset=81920 dst_data=(nil) f16_K=(nil) f16_V=(nil) f16_end=0x14000
CUDA_FA_ROUTE_PLAN device=0 Q=[256,5,16,1] Kraw=turbo2 Vraw=f16 Kshape=[256,256,4,1] Vshape=[256,256,4,1] Keff=f16 Veff=f16 turbo_kv=1 prefer_native_vec=0 decode=1 dk=1 dv=0 unsafe_vec_after_turbo_v_decode=0 allow_vec=1 kernel=MMA_F16 need_f16_K=0 need_f16_V=0 Knb=[34,272,68,69632] Vnb=[2,2048,512,524288] Keff_nb=[2,2048,512,524288] Veff_nb=[2,2048,512,524288]
CUDA_FA_ROUTE_ALLOC kernel=MMA_F16 need_f16_K=0 need_f16_V=0 workspace_end_offset=81920 dst_data=(nil) f16_K=(nil) f16_V=(nil) f16_end=0x14000
CUDA_FA_ROUTE_PLAN device=0 Q=[256,5,16,1] Kraw=turbo2 Vraw=f16 Kshape=[256,256,4,1] Vshape=[256,256,4,1] Keff=f16 Veff=f16 turbo_kv=1 prefer_native_vec=0 decode=1 dk=1 dv=0 unsafe_vec_after_turbo_v_decode=0 allow_vec=1 kernel=MMA_F16 need_f16_K=0 need_f16_V=0 Knb=[34,272,68,69632] Vnb=[2,2048,512,524288] Keff_nb=[2,2048,512,524288] Veff_nb=[2,2048,512,524288]
CUDA_FA_ROUTE_ALLOC kernel=MMA_F16 need_f16_K=0 need_f16_V=0 workspace_end_offset=81920 dst_data=(nil) f16_K=(nil) f16_V=(nil) f16_end=0x14000
CUDA_FA_ROUTE_PLAN device=0 Q=[256,5,16,1] Kraw=turbo2 Vraw=f16 Kshape=[256,256,4,1] Vshape=[256,256,4,1] Keff=f16 Veff=f16 turbo_kv=1 prefer_native_vec=0 decode=1 dk=1 dv=0 unsafe_vec_after_turbo_v_decode=0 allow_vec=1 kernel=MMA_F16 need_f16_K=0 need_f16_V=0 Knb=[34,272,68,69632] Vnb=[2,2048,512,524288] Keff_nb=[2,2048,512,524288] Veff_nb=[2,2048,512,524288]
CUDA_FA_ROUTE_ALLOC kernel=MMA_F16 need_f16_K=0 need_f16_V=0 workspace_end_offset=81920 dst_data=(nil) f16_K=(nil) f16_V=(nil) f16_end=0x14000
CUDA_FA_ROUTE_PLAN device=0 Q=[256,5,16,1] Kraw=turbo2 Vraw=f16 Kshape=[256,256,4,1] Vshape=[256,256,4,1] Keff=f16 Veff=f16 turbo_kv=1 prefer_native_vec=0 decode=1 dk=1 dv=0 unsafe_vec_after_turbo_v_decode=0 allow_vec=1 kernel=MMA_F16 need_f16_K=0 need_f16_V=0 Knb=[34,272,68,69632] Vnb=[2,2048,512,524288] Keff_nb=[2,2048,512,524288] Veff_nb=[2,2048,512,524288]
CUDA_FA_ROUTE_ALLOC kernel=MMA_F16 need_f16_K=0 need_f16_V=0 workspace_end_offset=81920 dst_data=(nil) f16_K=(nil) f16_V=(nil) f16_end=0x14000
CUDA_FA_ROUTE_PLAN device=0 Q=[256,5,16,1] Kraw=turbo2 Vraw=f16 Kshape=[256,256,4,1] Vshape=[256,256,4,1] Keff=f16 Veff=f16 turbo_kv=1 prefer_native_vec=0 decode=1 dk=1 dv=0 unsafe_vec_after_turbo_v_decode=0 allow_vec=1 kernel=MMA_F16 need_f16_K=0 need_f16_V=0 Knb=[34,272,68,69632] Vnb=[2,2048,512,524288] Keff_nb=[2,2048,512,524288] Veff_nb=[2,2048,512,524288]
CUDA_FA_ROUTE_ALLOC kernel=MMA_F16 need_f16_K=0 need_f16_V=0 workspace_end_offset=81920 dst_data=(nil) f16_K=(nil) f16_V=(nil) f16_end=0x14000
CUDA_FA_ROUTE_PLAN device=0 Q=[256,5,16,1] Kraw=turbo2 Vraw=f16 Kshape=[256,256,4,1] Vshape=[256,256,4,1] Keff=f16 Veff=f16 turbo_kv=1 prefer_native_vec=0 decode=1 dk=1 dv=0 unsafe_vec_after_turbo_v_decode=0 allow_vec=1 kernel=MMA_F16 need_f16_K=0 need_f16_V=0 Knb=[34,272,68,69632] Vnb=[2,2048,512,524288] Keff_nb=[2,2048,512,524288] Veff_nb=[2,2048,512,524288]
CUDA_FA_ROUTE_ALLOC kernel=MMA_F16 need_f16_K=0 need_f16_V=0 workspace_end_offset=81920 dst_data=(nil) f16_K=(nil) f16_V=(nil) f16_end=0x14000
CUDA_FA_ROUTE_PLAN device=0 Q=[256,5,16,1] Kraw=turbo2 Vraw=f16 Kshape=[256,256,4,1] Vshape=[256,256,4,1] Keff=f16 Veff=f16 turbo_kv=1 prefer_native_vec=0 decode=1 dk=1 dv=0 unsafe_vec_after_turbo_v_decode=0 allow_vec=1 kernel=MMA_F16 need_f16_K=0 need_f16_V=0 Knb=[34,272,68,69632] Vnb=[2,2048,512,524288] Keff_nb=[2,2048,512,524288] Veff_nb=[2,2048,512,524288]
CUDA_FA_ROUTE_ALLOC kernel=MMA_F16 need_f16_K=0 need_f16_V=0 workspace_end_offset=81920 dst_data=(nil) f16_K=(nil) f16_V=(nil) f16_end=0x14000
CUDA_FA_ROUTE_PLAN device=0 Q=[256,5,16,1] Kraw=turbo2 Vraw=f16 Kshape=[256,256,4,1] Vshape=[256,256,4,1] Keff=f16 Veff=f16 turbo_kv=1 prefer_native_vec=0 decode=1 dk=1 dv=0 unsafe_vec_after_turbo_v_decode=0 allow_vec=1 kernel=MMA_F16 need_f16_K=0 need_f16_V=0 Knb=[34,272,68,69632] Vnb=[2,2048,512,524288] Keff_nb=[2,2048,512,524288] Veff_nb=[2,2048,512,524288]
CUDA_FA_ROUTE_ALLOC kernel=MMA_F16 need_f16_K=0 need_f16_V=0 workspace_end_offset=81920 dst_data=(nil) f16_K=(nil) f16_V=(nil) f16_end=0x14000
CUDA_FA_ROUTE_PLAN device=0 Q=[256,5,16,1] Kraw=turbo2 Vraw=f16 Kshape=[256,256,4,1] Vshape=[256,256,4,1] Keff=f16 Veff=f16 turbo_kv=1 prefer_native_vec=0 decode=1 dk=1 dv=0 unsafe_vec_after_turbo_v_decode=0 allow_vec=1 kernel=MMA_F16 need_f16_K=0 need_f16_V=0 Knb=[34,272,68,69632] Vnb=[2,2048,512,524288] Keff_nb=[2,2048,512,524288] Veff_nb=[2,2048,512,524288]
CUDA_FA_ROUTE_ALLOC kernel=MMA_F16 need_f16_K=0 need_f16_V=0 workspace_end_offset=81920 dst_data=(nil) f16_K=(nil) f16_V=(nil) f16_end=0x14000
CUDA_FA_ROUTE_PLAN device=0 Q=[256,5,16,1] Kraw=turbo2 Vraw=f16 Kshape=[256,256,4,1] Vshape=[256,256,4,1] Keff=f16 Veff=f16 turbo_kv=1 prefer_native_vec=0 decode=1 dk=1 dv=0 unsafe_vec_after_turbo_v_decode=0 allow_vec=1 kernel=MMA_F16 need_f16_K=0 need_f16_V=0 Knb=[34,272,68,69632] Vnb=[2,2048,512,524288] Keff_nb=[2,2048,512,524288] Veff_nb=[2,2048,512,524288]
CUDA_FA_ROUTE_ALLOC kernel=MMA_F16 need_f16_K=0 need_f16_V=0 workspace_end_offset=81920 dst_data=(nil) f16_K=(nil) f16_V=(nil) f16_end=0x14000
CUDA_FA_ROUTE_PLAN device=0 Q=[256,5,16,1] Kraw=turbo2 Vraw=f16 Kshape=[256,256,4,1] Vshape=[256,256,4,1] Keff=f16 Veff=f16 turbo_kv=1 prefer_native_vec=0 decode=1 dk=1 dv=0 unsafe_vec_after_turbo_v_decode=0 allow_vec=1 kernel=MMA_F16 need_f16_K=0 need_f16_V=0 Knb=[34,272,68,69632] Vnb=[2,2048,512,524288] Keff_nb=[2,2048,512,524288] Veff_nb=[2,2048,512,524288]
CUDA_FA_ROUTE_ALLOC kernel=MMA_F16 need_f16_K=0 need_f16_V=0 workspace_end_offset=81920 dst_data=(nil) f16_K=(nil) f16_V=(nil) f16_end=0x14000
CUDA_FA_ROUTE_PLAN device=0 Q=[256,5,16,1] Kraw=turbo2 Vraw=f16 Kshape=[256,256,4,1] Vshape=[256,256,4,1] Keff=f16 Veff=f16 turbo_kv=1 prefer_native_vec=0 decode=1 dk=1 dv=0 unsafe_vec_after_turbo_v_decode=0 allow_vec=1 kernel=MMA_F16 need_f16_K=0 need_f16_V=0 Knb=[34,272,68,69632] Vnb=[2,2048,512,524288] Keff_nb=[2,2048,512,524288] Veff_nb=[2,2048,512,524288]
CUDA_FA_ROUTE_ALLOC kernel=MMA_F16 need_f16_K=0 need_f16_V=0 workspace_end_offset=81920 dst_data=(nil) f16_K=(nil) f16_V=(nil) f16_end=0x14000
CUDA_FA_ROUTE_PLAN device=0 Q=[256,5,16,1] Kraw=turbo2 Vraw=f16 Kshape=[256,256,4,1] Vshape=[256,256,4,1] Keff=f16 Veff=f16 turbo_kv=1 prefer_native_vec=0 decode=1 dk=1 dv=0 unsafe_vec_after_turbo_v_decode=0 allow_vec=1 kernel=MMA_F16 need_f16_K=0 need_f16_V=0 Knb=[34,272,68,69632] Vnb=[2,2048,512,524288] Keff_nb=[2,2048,512,524288] Veff_nb=[2,2048,512,524288]
CUDA_FA_ROUTE_ALLOC kernel=MMA_F16 need_f16_K=0 need_f16_V=0 workspace_end_offset=81920 dst_data=(nil) f16_K=(nil) f16_V=(nil) f16_end=0x14000
CUDA_FA_ROUTE_PLAN device=0 Q=[256,5,16,1] Kraw=turbo2 Vraw=f16 Kshape=[256,256,4,1] Vshape=[256,256,4,1] Keff=f16 Veff=f16 turbo_kv=1 prefer_native_vec=0 decode=1 dk=1 dv=0 unsafe_vec_after_turbo_v_decode=0 allow_vec=1 kernel=MMA_F16 need_f16_K=0 need_f16_V=0 Knb=[34,272,68,69632] Vnb=[2,2048,512,524288] Keff_nb=[2,2048,512,524288] Veff_nb=[2,2048,512,524288]
CUDA_FA_ROUTE_ALLOC kernel=MMA_F16 need_f16_K=0 need_f16_V=0 workspace_end_offset=81920 dst_data=(nil) f16_K=(nil) f16_V=(nil) f16_end=0x14000
CUDA_FA_ROUTE_PLAN device=0 Q=[256,5,16,1] Kraw=turbo2 Vraw=f16 Kshape=[256,256,4,1] Vshape=[256,256,4,1] Keff=f16 Veff=f16 turbo_kv=1 prefer_native_vec=0 decode=1 dk=1 dv=0 unsafe_vec_after_turbo_v_decode=0 allow_vec=1 kernel=MMA_F16 need_f16_K=0 need_f16_V=0 Knb=[34,272,68,69632] Vnb=[2,2048,512,524288] Keff_nb=[2,2048,512,524288] Veff_nb=[2,2048,512,524288]
CUDA_FA_ROUTE_ALLOC kernel=MMA_F16 need_f16_K=0 need_f16_V=0 workspace_end_offset=81920 dst_data=(nil) f16_K=(nil) f16_V=(nil) f16_end=0x14000
CUDA_FA_ROUTE_PLAN device=0 Q=[256,5,16,1] Kraw=turbo2 Vraw=f16 Kshape=[256,256,4,1] Vshape=[256,256,4,1] Keff=f16 Veff=f16 turbo_kv=1 prefer_native_vec=0 decode=1 dk=1 dv=0 unsafe_vec_after_turbo_v_decode=0 allow_vec=1 kernel=MMA_F16 need_f16_K=0 need_f16_V=0 Knb=[34,272,68,69632] Vnb=[2,2048,512,524288] Keff_nb=[2,2048,512,524288] Veff_nb=[2,2048,512,524288]
CUDA_FA_ROUTE_ALLOC kernel=MMA_F16 need_f16_K=0 need_f16_V=0 workspace_end_offset=81920 dst_data=(nil) f16_K=(nil) f16_V=(nil) f16_end=0x14000
CUDA_FA_ROUTE_PLAN device=0 Q=[256,5,16,1] Kraw=turbo2 Vraw=f16 Kshape=[256,256,4,1] Vshape=[256,256,4,1] Keff=f16 Veff=f16 turbo_kv=1 prefer_native_vec=0 decode=1 dk=1 dv=0 unsafe_vec_after_turbo_v_decode=0 allow_vec=1 kernel=MMA_F16 need_f16_K=0 need_f16_V=0 Knb=[34,272,68,69632] Vnb=[2,2048,512,524288] Keff_nb=[2,2048,512,524288] Veff_nb=[2,2048,512,524288]
CUDA_FA_ROUTE_ALLOC kernel=MMA_F16 need_f16_K=0 need_f16_V=0 workspace_end_offset=81920 dst_data=(nil) f16_K=(nil) f16_V=(nil) f16_end=0x14000
CUDA_FA_ROUTE_PLAN device=0 Q=[256,5,16,1] Kraw=turbo2 Vraw=f16 Kshape=[256,256,4,1] Vshape=[256,256,4,1] Keff=f16 Veff=f16 turbo_kv=1 prefer_native_vec=0 decode=1 dk=1 dv=0 unsafe_vec_after_turbo_v_decode=0 allow_vec=1 kernel=MMA_F16 need_f16_K=0 need_f16_V=0 Knb=[34,272,68,69632] Vnb=[2,2048,512,524288] Keff_nb=[2,2048,512,524288] Veff_nb=[2,2048,512,524288]
CUDA_FA_ROUTE_ALLOC kernel=MMA_F16 need_f16_K=0 need_f16_V=0 workspace_end_offset=81920 dst_data=(nil) f16_K=(nil) f16_V=(nil) f16_end=0x14000
CUDA_FA_ROUTE_PLAN device=0 Q=[256,5,16,1] Kraw=turbo2 Vraw=f16 Kshape=[256,256,4,1] Vshape=[256,256,4,1] Keff=f16 Veff=f16 turbo_kv=1 prefer_native_vec=0 decode=1 dk=1 dv=0 unsafe_vec_after_turbo_v_decode=0 allow_vec=1 kernel=MMA_F16 need_f16_K=0 need_f16_V=0 Knb=[34,272,68,69632] Vnb=[2,2048,512,524288] Keff_nb=[2,2048,512,524288] Veff_nb=[2,2048,512,524288]
CUDA_FA_ROUTE_ALLOC kernel=MMA_F16 need_f16_K=0 need_f16_V=0 workspace_end_offset=81920 dst_data=(nil) f16_K=(nil) f16_V=(nil) f16_end=0x14000
CUDA_FA_ROUTE_PLAN device=0 Q=[256,5,16,1] Kraw=turbo2 Vraw=f16 Kshape=[256,256,4,1] Vshape=[256,256,4,1] Keff=f16 Veff=f16 turbo_kv=1 prefer_native_vec=0 decode=1 dk=1 dv=0 unsafe_vec_after_turbo_v_decode=0 allow_vec=1 kernel=MMA_F16 need_f16_K=0 need_f16_V=0 Knb=[34,272,68,69632] Vnb=[2,2048,512,524288] Keff_nb=[2,2048,512,524288] Veff_nb=[2,2048,512,524288]
CUDA_FA_ROUTE_ALLOC kernel=MMA_F16 need_f16_K=0 need_f16_V=0 workspace_end_offset=81920 dst_data=(nil) f16_K=(nil) f16_V=(nil) f16_end=0x14000
CUDA_FA_ROUTE_PLAN device=0 Q=[256,5,16,1] Kraw=turbo2 Vraw=f16 Kshape=[256,256,4,1] Vshape=[256,256,4,1] Keff=f16 Veff=f16 turbo_kv=1 prefer_native_vec=0 decode=1 dk=1 dv=0 unsafe_vec_after_turbo_v_decode=0 allow_vec=1 kernel=MMA_F16 need_f16_K=0 need_f16_V=0 Knb=[34,272,68,69632] Vnb=[2,2048,512,524288] Keff_nb=[2,2048,512,524288] Veff_nb=[2,2048,512,524288]
CUDA_FA_ROUTE_ALLOC kernel=MMA_F16 need_f16_K=0 need_f16_V=0 workspace_end_offset=81920 dst_data=(nil) f16_K=(nil) f16_V=(nil) f16_end=0x14000
CUDA_FA_ROUTE_PLAN device=0 Q=[256,5,16,1] Kraw=turbo2 Vraw=f16 Kshape=[256,256,4,1] Vshape=[256,256,4,1] Keff=f16 Veff=f16 turbo_kv=1 prefer_native_vec=0 decode=1 dk=1 dv=0 unsafe_vec_after_turbo_v_decode=0 allow_vec=1 kernel=MMA_F16 need_f16_K=0 need_f16_V=0 Knb=[34,272,68,69632] Vnb=[2,2048,512,524288] Keff_nb=[2,2048,512,524288] Veff_nb=[2,2048,512,524288]
CUDA_FA_ROUTE_ALLOC kernel=MMA_F16 need_f16_K=0 need_f16_V=0 workspace_end_offset=81920 dst_data=(nil) f16_K=(nil) f16_V=(nil) f16_end=0x14000
CUDA_FA_ROUTE_PLAN device=0 Q=[256,5,16,1] Kraw=turbo2 Vraw=f16 Kshape=[256,256,4,1] Vshape=[256,256,4,1] Keff=f16 Veff=f16 turbo_kv=1 prefer_native_vec=0 decode=1 dk=1 dv=0 unsafe_vec_after_turbo_v_decode=0 allow_vec=1 kernel=MMA_F16 need_f16_K=0 need_f16_V=0 Knb=[34,272,68,69632] Vnb=[2,2048,512,524288] Keff_nb=[2,2048,512,524288] Veff_nb=[2,2048,512,524288]
CUDA_FA_ROUTE_ALLOC kernel=MMA_F16 need_f16_K=0 need_f16_V=0 workspace_end_offset=81920 dst_data=(nil) f16_K=(nil) f16_V=(nil) f16_end=0x14000
CUDA_FA_ROUTE_PLAN device=0 Q=[256,5,16,1] Kraw=turbo2 Vraw=f16 Kshape=[256,256,4,1] Vshape=[256,256,4,1] Keff=f16 Veff=f16 turbo_kv=1 prefer_native_vec=0 decode=1 dk=1 dv=0 unsafe_vec_after_turbo_v_decode=0 allow_vec=1 kernel=MMA_F16 need_f16_K=0 need_f16_V=0 Knb=[34,272,68,69632] Vnb=[2,2048,512,524288] Keff_nb=[2,2048,512,524288] Veff_nb=[2,2048,512,524288]
CUDA_FA_ROUTE_ALLOC kernel=MMA_F16 need_f16_K=0 need_f16_V=0 workspace_end_offset=81920 dst_data=(nil) f16_K=(nil) f16_V=(nil) f16_end=0x14000
CUDA_FA_ROUTE_PLAN device=0 Q=[256,5,16,1] Kraw=turbo2 Vraw=f16 Kshape=[256,256,4,1] Vshape=[256,256,4,1] Keff=f16 Veff=f16 turbo_kv=1 prefer_native_vec=0 decode=1 dk=1 dv=0 unsafe_vec_after_turbo_v_decode=0 allow_vec=1 kernel=MMA_F16 need_f16_K=0 need_f16_V=0 Knb=[34,272,68,69632] Vnb=[2,2048,512,524288] Keff_nb=[2,2048,512,524288] Veff_nb=[2,2048,512,524288]
CUDA_FA_ROUTE_ALLOC kernel=MMA_F16 need_f16_K=0 need_f16_V=0 workspace_end_offset=81920 dst_data=(nil) f16_K=(nil) f16_V=(nil) f16_end=0x14000
CUDA_FA_ROUTE_PLAN device=0 Q=[256,5,16,1] Kraw=turbo2 Vraw=f16 Kshape=[256,256,4,1] Vshape=[256,256,4,1] Keff=f16 Veff=f16 turbo_kv=1 prefer_native_vec=0 decode=1 dk=1 dv=0 unsafe_vec_after_turbo_v_decode=0 allow_vec=1 kernel=MMA_F16 need_f16_K=0 need_f16_V=0 Knb=[34,272,68,69632] Vnb=[2,2048,512,524288] Keff_nb=[2,2048,512,524288] Veff_nb=[2,2048,512,524288]
CUDA_FA_ROUTE_ALLOC kernel=MMA_F16 need_f16_K=0 need_f16_V=0 workspace_end_offset=81920 dst_data=(nil) f16_K=(nil) f16_V=(nil) f16_end=0x14000
CUDA_FA_ROUTE_PLAN device=0 Q=[256,5,16,1] Kraw=turbo2 Vraw=f16 Kshape=[256,256,4,1] Vshape=[256,256,4,1] Keff=f16 Veff=f16 turbo_kv=1 prefer_native_vec=0 decode=1 dk=1 dv=0 unsafe_vec_after_turbo_v_decode=0 allow_vec=1 kernel=MMA_F16 need_f16_K=0 need_f16_V=0 Knb=[34,272,68,69632] Vnb=[2,2048,512,524288] Keff_nb=[2,2048,512,524288] Veff_nb=[2,2048,512,524288]
CUDA_FA_ROUTE_ALLOC kernel=MMA_F16 need_f16_K=0 need_f16_V=0 workspace_end_offset=81920 dst_data=(nil) f16_K=(nil) f16_V=(nil) f16_end=0x14000
CUDA_FA_ROUTE_PLAN device=0 Q=[256,5,16,1] Kraw=turbo2 Vraw=f16 Kshape=[256,256,4,1] Vshape=[256,256,4,1] Keff=f16 Veff=f16 turbo_kv=1 prefer_native_vec=0 decode=1 dk=1 dv=0 unsafe_vec_after_turbo_v_decode=0 allow_vec=1 kernel=MMA_F16 need_f16_K=0 need_f16_V=0 Knb=[34,272,68,69632] Vnb=[2,2048,512,524288] Keff_nb=[2,2048,512,524288] Veff_nb=[2,2048,512,524288]
CUDA_FA_ROUTE_ALLOC kernel=MMA_F16 need_f16_K=0 need_f16_V=0 workspace_end_offset=81920 dst_data=(nil) f16_K=(nil) f16_V=(nil) f16_end=0x14000
CUDA_FA_ROUTE_PLAN device=0 Q=[256,5,16,1] Kraw=turbo2 Vraw=f16 Kshape=[256,256,4,1] Vshape=[256,256,4,1] Keff=f16 Veff=f16 turbo_kv=1 prefer_native_vec=0 decode=1 dk=1 dv=0 unsafe_vec_after_turbo_v_decode=0 allow_vec=1 kernel=MMA_F16 need_f16_K=0 need_f16_V=0 Knb=[34,272,68,69632] Vnb=[2,2048,512,524288] Keff_nb=[2,2048,512,524288] Veff_nb=[2,2048,512,524288]
GGML_TURBO_FA_DEBUG: path=prefill-dequant K=turbo2 V=f16 Q=[256,5,16,1] K=[256,256,4,1] V=[256,256,4,1]
CUDA_FA_ROUTE_PLAN device=0 Q=[256,5,16,1] Kraw=turbo2 Vraw=f16 Kshape=[256,256,4,1] Vshape=[256,256,4,1] Keff=f16 Veff=f16 turbo_kv=1 prefer_native_vec=0 decode=1 dk=1 dv=0 unsafe_vec_after_turbo_v_decode=0 allow_vec=1 kernel=MMA_F16 need_f16_K=0 need_f16_V=0 Knb=[34,272,68,69632] Vnb=[2,2048,512,524288] Keff_nb=[2,2048,512,524288] Veff_nb=[2,2048,512,524288]
GGML_TURBO_FA_DEBUG: path=prefill-dequant K=turbo2 V=f16 Q=[256,5,16,1] K=[256,256,4,1] V=[256,256,4,1]
CUDA_FA_ROUTE_PLAN device=0 Q=[256,5,16,1] Kraw=turbo2 Vraw=f16 Kshape=[256,256,4,1] Vshape=[256,256,4,1] Keff=f16 Veff=f16 turbo_kv=1 prefer_native_vec=0 decode=1 dk=1 dv=0 unsafe_vec_after_turbo_v_decode=0 allow_vec=1 kernel=MMA_F16 need_f16_K=0 need_f16_V=0 Knb=[34,272,68,69632] Vnb=[2,2048,512,524288] Keff_nb=[2,2048,512,524288] Veff_nb=[2,2048,512,524288]
GGML_TURBO_FA_DEBUG: path=prefill-dequant K=turbo2 V=f16 Q=[256,5,16,1] K=[256,256,4,1] V=[256,256,4,1]
CUDA_FA_ROUTE_PLAN device=0 Q=[256,5,16,1] Kraw=turbo2 Vraw=f16 Kshape=[256,256,4,1] Vshape=[256,256,4,1] Keff=f16 Veff=f16 turbo_kv=1 prefer_native_vec=0 decode=1 dk=1 dv=0 unsafe_vec_after_turbo_v_decode=0 allow_vec=1 kernel=MMA_F16 need_f16_K=0 need_f16_V=0 Knb=[34,272,68,69632] Vnb=[2,2048,512,524288] Keff_nb=[2,2048,512,524288] Veff_nb=[2,2048,512,524288]
GGML_TURBO_FA_DEBUG: path=prefill-dequant K=turbo2 V=f16 Q=[256,5,16,1] K=[256,256,4,1] V=[256,256,4,1]
CUDA_FA_ROUTE_PLAN device=0 Q=[256,5,16,1] Kraw=turbo2 Vraw=f16 Kshape=[256,256,4,1] Vshape=[256,256,4,1] Keff=f16 Veff=f16 turbo_kv=1 prefer_native_vec=0 decode=1 dk=1 dv=0 unsafe_vec_after_turbo_v_decode=0 allow_vec=1 kernel=MMA_F16 need_f16_K=0 need_f16_V=0 Knb=[34,272,68,69632] Vnb=[2,2048,512,524288] Keff_nb=[2,2048,512,524288] Veff_nb=[2,2048,512,524288]
GGML_TURBO_FA_DEBUG: path=prefill-dequant K=turbo2 V=f16 Q=[256,5,16,1] K=[256,256,4,1] V=[256,256,4,1]
CUDA_FA_ROUTE_PLAN device=0 Q=[256,5,16,1] Kraw=turbo2 Vraw=f16 Kshape=[256,256,4,1] Vshape=[256,256,4,1] Keff=f16 Veff=f16 turbo_kv=1 prefer_native_vec=0 decode=1 dk=1 dv=0 unsafe_vec_after_turbo_v_decode=0 allow_vec=1 kernel=MMA_F16 need_f16_K=0 need_f16_V=0 Knb=[34,272,68,69632] Vnb=[2,2048,512,524288] Keff_nb=[2,2048,512,524288] Veff_nb=[2,2048,512,524288]
GGML_TURBO_FA_DEBUG: path=prefill-dequant K=turbo2 V=f16 Q=[256,5,16,1] K=[256,256,4,1] V=[256,256,4,1]
CUDA_FA_ROUTE_PLAN device=0 Q=[256,5,16,1] Kraw=turbo2 Vraw=f16 Kshape=[256,256,4,1] Vshape=[256,256,4,1] Keff=f16 Veff=f16 turbo_kv=1 prefer_native_vec=0 decode=1 dk=1 dv=0 unsafe_vec_after_turbo_v_decode=0 allow_vec=1 kernel=MMA_F16 need_f16_K=0 need_f16_V=0 Knb=[34,272,68,69632] Vnb=[2,2048,512,524288] Keff_nb=[2,2048,512,524288] Veff_nb=[2,2048,512,524288]
GGML_TURBO_FA_DEBUG: path=prefill-dequant K=turbo2 V=f16 Q=[256,5,16,1] K=[256,256,4,1] V=[256,256,4,1]
CUDA_FA_ROUTE_PLAN device=0 Q=[256,5,16,1] Kraw=turbo2 Vraw=f16 Kshape=[256,256,4,1] Vshape=[256,256,4,1] Keff=f16 Veff=f16 turbo_kv=1 prefer_native_vec=0 decode=1 dk=1 dv=0 unsafe_vec_after_turbo_v_decode=0 allow_vec=1 kernel=MMA_F16 need_f16_K=0 need_f16_V=0 Knb=[34,272,68,69632] Vnb=[2,2048,512,524288] Keff_nb=[2,2048,512,524288] Veff_nb=[2,2048,512,524288]
GGML_TURBO_FA_DEBUG: path=prefill-dequant K=turbo2 V=f16 Q=[256,5,16,1] K=[256,256,4,1] V=[256,256,4,1]
 ParisCUDA_FA_ROUTE_PLAN device=0 Q=[256,1,16,1] Kraw=turbo2 Vraw=f16 Kshape=[256,256,4,1] Vshape=[256,256,4,1] Keff=f16 Veff=f16 turbo_kv=1 prefer_native_vec=0 decode=1 dk=1 dv=0 unsafe_vec_after_turbo_v_decode=0 allow_vec=1 kernel=MMA_F16 need_f16_K=0 need_f16_V=0 Knb=[34,272,68,69632] Vnb=[2,2048,512,524288] Keff_nb=[2,2048,512,524288] Veff_nb=[2,2048,512,524288]
CUDA_FA_ROUTE_SUPPORTED kernel=MMA_F16 effK=f16 effV=f16 supported=1
CUDA_FA_ROUTE_PLAN device=0 Q=[256,1,16,1] Kraw=turbo2 Vraw=f16 Kshape=[256,256,4,1] Vshape=[256,256,4,1] Keff=f16 Veff=f16 turbo_kv=1 prefer_native_vec=0 decode=1 dk=1 dv=0 unsafe_vec_after_turbo_v_decode=0 allow_vec=1 kernel=MMA_F16 need_f16_K=0 need_f16_V=0 Knb=[34,272,68,69632] Vnb=[2,2048,512,524288] Keff_nb=[2,2048,512,524288] Veff_nb=[2,2048,512,524288]
CUDA_FA_ROUTE_SUPPORTED kernel=MMA_F16 effK=f16 effV=f16 supported=1
CUDA_FA_ROUTE_PLAN device=0 Q=[256,1,16,1] Kraw=turbo2 Vraw=f16 Kshape=[256,256,4,1] Vshape=[256,256,4,1] Keff=f16 Veff=f16 turbo_kv=1 prefer_native_vec=0 decode=1 dk=1 dv=0 unsafe_vec_after_turbo_v_decode=0 allow_vec=1 kernel=MMA_F16 need_f16_K=0 need_f16_V=0 Knb=[34,272,68,69632] Vnb=[2,2048,512,524288] Keff_nb=[2,2048,512,524288] Veff_nb=[2,2048,512,524288]
CUDA_FA_ROUTE_SUPPORTED kernel=MMA_F16 effK=f16 effV=f16 supported=1
CUDA_FA_ROUTE_PLAN device=0 Q=[256,1,16,1] Kraw=turbo2 Vraw=f16 Kshape=[256,256,4,1] Vshape=[256,256,4,1] Keff=f16 Veff=f16 turbo_kv=1 prefer_native_vec=0 decode=1 dk=1 dv=0 unsafe_vec_after_turbo_v_decode=0 allow_vec=1 kernel=MMA_F16 need_f16_K=0 need_f16_V=0 Knb=[34,272,68,69632] Vnb=[2,2048,512,524288] Keff_nb=[2,2048,512,524288] Veff_nb=[2,2048,512,524288]
CUDA_FA_ROUTE_SUPPORTED kernel=MMA_F16 effK=f16 effV=f16 supported=1
CUDA_FA_ROUTE_PLAN device=0 Q=[256,1,16,1] Kraw=turbo2 Vraw=f16 Kshape=[256,256,4,1] Vshape=[256,256,4,1] Keff=f16 Veff=f16 turbo_kv=1 prefer_native_vec=0 decode=1 dk=1 dv=0 unsafe_vec_after_turbo_v_decode=0 allow_vec=1 kernel=MMA_F16 need_f16_K=0 need_f16_V=0 Knb=[34,272,68,69632] Vnb=[2,2048,512,524288] Keff_nb=[2,2048,512,524288] Veff_nb=[2,2048,512,524288]
CUDA_FA_ROUTE_SUPPORTED kernel=MMA_F16 effK=f16 effV=f16 supported=1
CUDA_FA_ROUTE_PLAN device=0 Q=[256,1,16,1] Kraw=turbo2 Vraw=f16 Kshape=[256,256,4,1] Vshape=[256,256,4,1] Keff=f16 Veff=f16 turbo_kv=1 prefer_native_vec=0 decode=1 dk=1 dv=0 unsafe_vec_after_turbo_v_decode=0 allow_vec=1 kernel=MMA_F16 need_f16_K=0 need_f16_V=0 Knb=[34,272,68,69632] Vnb=[2,2048,512,524288] Keff_nb=[2,2048,512,524288] Veff_nb=[2,2048,512,524288]
CUDA_FA_ROUTE_SUPPORTED kernel=MMA_F16 effK=f16 effV=f16 supported=1
CUDA_FA_ROUTE_PLAN device=0 Q=[256,1,16,1] Kraw=turbo2 Vraw=f16 Kshape=[256,256,4,1] Vshape=[256,256,4,1] Keff=f16 Veff=f16 turbo_kv=1 prefer_native_vec=0 decode=1 dk=1 dv=0 unsafe_vec_after_turbo_v_decode=0 allow_vec=1 kernel=MMA_F16 need_f16_K=0 need_f16_V=0 Knb=[34,272,68,69632] Vnb=[2,2048,512,524288] Keff_nb=[2,2048,512,524288] Veff_nb=[2,2048,512,524288]
CUDA_FA_ROUTE_SUPPORTED kernel=MMA_F16 effK=f16 effV=f16 supported=1
CUDA_FA_ROUTE_PLAN device=0 Q=[256,1,16,1] Kraw=turbo2 Vraw=f16 Kshape=[256,256,4,1] Vshape=[256,256,4,1] Keff=f16 Veff=f16 turbo_kv=1 prefer_native_vec=0 decode=1 dk=1 dv=0 unsafe_vec_after_turbo_v_decode=0 allow_vec=1 kernel=MMA_F16 need_f16_K=0 need_f16_V=0 Knb=[34,272,68,69632] Vnb=[2,2048,512,524288] Keff_nb=[2,2048,512,524288] Veff_nb=[2,2048,512,524288]
CUDA_FA_ROUTE_SUPPORTED kernel=MMA_F16 effK=f16 effV=f16 supported=1
CUDA_FA_ROUTE_PLAN device=0 Q=[256,1,16,1] Kraw=turbo2 Vraw=f16 Kshape=[256,256,4,1] Vshape=[256,256,4,1] Keff=f16 Veff=f16 turbo_kv=1 prefer_native_vec=0 decode=1 dk=1 dv=0 unsafe_vec_after_turbo_v_decode=0 allow_vec=1 kernel=MMA_F16 need_f16_K=0 need_f16_V=0 Knb=[34,272,68,69632] Vnb=[2,2048,512,524288] Keff_nb=[2,2048,512,524288] Veff_nb=[2,2048,512,524288]
CUDA_FA_ROUTE_ALLOC kernel=MMA_F16 need_f16_K=0 need_f16_V=0 workspace_end_offset=16384 dst_data=(nil) f16_K=(nil) f16_V=(nil) f16_end=0x4000
CUDA_FA_ROUTE_PLAN device=0 Q=[256,1,16,1] Kraw=turbo2 Vraw=f16 Kshape=[256,256,4,1] Vshape=[256,256,4,1] Keff=f16 Veff=f16 turbo_kv=1 prefer_native_vec=0 decode=1 dk=1 dv=0 unsafe_vec_after_turbo_v_decode=0 allow_vec=1 kernel=MMA_F16 need_f16_K=0 need_f16_V=0 Knb=[34,272,68,69632] Vnb=[2,2048,512,524288] Keff_nb=[2,2048,512,524288] Veff_nb=[2,2048,512,524288]
CUDA_FA_ROUTE_ALLOC kernel=MMA_F16 need_f16_K=0 need_f16_V=0 workspace_end_offset=16384 dst_data=(nil) f16_K=(nil) f16_V=(nil) f16_end=0x4000
CUDA_FA_ROUTE_PLAN device=0 Q=[256,1,16,1] Kraw=turbo2 Vraw=f16 Kshape=[256,256,4,1] Vshape=[256,256,4,1] Keff=f16 Veff=f16 turbo_kv=1 prefer_native_vec=0 decode=1 dk=1 dv=0 unsafe_vec_after_turbo_v_decode=0 allow_vec=1 kernel=MMA_F16 need_f16_K=0 need_f16_V=0 Knb=[34,272,68,69632] Vnb=[2,2048,512,524288] Keff_nb=[2,2048,512,524288] Veff_nb=[2,2048,512,524288]
CUDA_FA_ROUTE_ALLOC kernel=MMA_F16 need_f16_K=0 need_f16_V=0 workspace_end_offset=16384 dst_data=(nil) f16_K=(nil) f16_V=(nil) f16_end=0x4000
CUDA_FA_ROUTE_PLAN device=0 Q=[256,1,16,1] Kraw=turbo2 Vraw=f16 Kshape=[256,256,4,1] Vshape=[256,256,4,1] Keff=f16 Veff=f16 turbo_kv=1 prefer_native_vec=0 decode=1 dk=1 dv=0 unsafe_vec_after_turbo_v_decode=0 allow_vec=1 kernel=MMA_F16 need_f16_K=0 need_f16_V=0 Knb=[34,272,68,69632] Vnb=[2,2048,512,524288] Keff_nb=[2,2048,512,524288] Veff_nb=[2,2048,512,524288]
CUDA_FA_ROUTE_ALLOC kernel=MMA_F16 need_f16_K=0 need_f16_V=0 workspace_end_offset=16384 dst_data=(nil) f16_K=(nil) f16_V=(nil) f16_end=0x4000
CUDA_FA_ROUTE_PLAN device=0 Q=[256,1,16,1] Kraw=turbo2 Vraw=f16 Kshape=[256,256,4,1] Vshape=[256,256,4,1] Keff=f16 Veff=f16 turbo_kv=1 prefer_native_vec=0 decode=1 dk=1 dv=0 unsafe_vec_after_turbo_v_decode=0 allow_vec=1 kernel=MMA_F16 need_f16_K=0 need_f16_V=0 Knb=[34,272,68,69632] Vnb=[2,2048,512,524288] Keff_nb=[2,2048,512,524288] Veff_nb=[2,2048,512,524288]
CUDA_FA_ROUTE_ALLOC kernel=MMA_F16 need_f16_K=0 need_f16_V=0 workspace_end_offset=16384 dst_data=(nil) f16_K=(nil) f16_V=(nil) f16_end=0x4000
CUDA_FA_ROUTE_PLAN device=0 Q=[256,1,16,1] Kraw=turbo2 Vraw=f16 Kshape=[256,256,4,1] Vshape=[256,256,4,1] Keff=f16 Veff=f16 turbo_kv=1 prefer_native_vec=0 decode=1 dk=1 dv=0 unsafe_vec_after_turbo_v_decode=0 allow_vec=1 kernel=MMA_F16 need_f16_K=0 need_f16_V=0 Knb=[34,272,68,69632] Vnb=[2,2048,512,524288] Keff_nb=[2,2048,512,524288] Veff_nb=[2,2048,512,524288]
CUDA_FA_ROUTE_ALLOC kernel=MMA_F16 need_f16_K=0 need_f16_V=0 workspace_end_offset=16384 dst_data=(nil) f16_K=(nil) f16_V=(nil) f16_end=0x4000
CUDA_FA_ROUTE_PLAN device=0 Q=[256,1,16,1] Kraw=turbo2 Vraw=f16 Kshape=[256,256,4,1] Vshape=[256,256,4,1] Keff=f16 Veff=f16 turbo_kv=1 prefer_native_vec=0 decode=1 dk=1 dv=0 unsafe_vec_after_turbo_v_decode=0 allow_vec=1 kernel=MMA_F16 need_f16_K=0 need_f16_V=0 Knb=[34,272,68,69632] Vnb=[2,2048,512,524288] Keff_nb=[2,2048,512,524288] Veff_nb=[2,2048,512,524288]
CUDA_FA_ROUTE_ALLOC kernel=MMA_F16 need_f16_K=0 need_f16_V=0 workspace_end_offset=16384 dst_data=(nil) f16_K=(nil) f16_V=(nil) f16_end=0x4000
CUDA_FA_ROUTE_PLAN device=0 Q=[256,1,16,1] Kraw=turbo2 Vraw=f16 Kshape=[256,256,4,1] Vshape=[256,256,4,1] Keff=f16 Veff=f16 turbo_kv=1 prefer_native_vec=0 decode=1 dk=1 dv=0 unsafe_vec_after_turbo_v_decode=0 allow_vec=1 kernel=MMA_F16 need_f16_K=0 need_f16_V=0 Knb=[34,272,68,69632] Vnb=[2,2048,512,524288] Keff_nb=[2,2048,512,524288] Veff_nb=[2,2048,512,524288]
CUDA_FA_ROUTE_ALLOC kernel=MMA_F16 need_f16_K=0 need_f16_V=0 workspace_end_offset=16384 dst_data=(nil) f16_K=(nil) f16_V=(nil) f16_end=0x4000
CUDA_FA_ROUTE_PLAN device=0 Q=[256,1,16,1] Kraw=turbo2 Vraw=f16 Kshape=[256,256,4,1] Vshape=[256,256,4,1] Keff=f16 Veff=f16 turbo_kv=1 prefer_native_vec=0 decode=1 dk=1 dv=0 unsafe_vec_after_turbo_v_decode=0 allow_vec=1 kernel=MMA_F16 need_f16_K=0 need_f16_V=0 Knb=[34,272,68,69632] Vnb=[2,2048,512,524288] Keff_nb=[2,2048,512,524288] Veff_nb=[2,2048,512,524288]
CUDA_FA_ROUTE_ALLOC kernel=MMA_F16 need_f16_K=0 need_f16_V=0 workspace_end_offset=16384 dst_data=(nil) f16_K=(nil) f16_V=(nil) f16_end=0x4000
CUDA_FA_ROUTE_PLAN device=0 Q=[256,1,16,1] Kraw=turbo2 Vraw=f16 Kshape=[256,256,4,1] Vshape=[256,256,4,1] Keff=f16 Veff=f16 turbo_kv=1 prefer_native_vec=0 decode=1 dk=1 dv=0 unsafe_vec_after_turbo_v_decode=0 allow_vec=1 kernel=MMA_F16 need_f16_K=0 need_f16_V=0 Knb=[34,272,68,69632] Vnb=[2,2048,512,524288] Keff_nb=[2,2048,512,524288] Veff_nb=[2,2048,512,524288]
CUDA_FA_ROUTE_ALLOC kernel=MMA_F16 need_f16_K=0 need_f16_V=0 workspace_end_offset=16384 dst_data=(nil) f16_K=(nil) f16_V=(nil) f16_end=0x4000
CUDA_FA_ROUTE_PLAN device=0 Q=[256,1,16,1] Kraw=turbo2 Vraw=f16 Kshape=[256,256,4,1] Vshape=[256,256,4,1] Keff=f16 Veff=f16 turbo_kv=1 prefer_native_vec=0 decode=1 dk=1 dv=0 unsafe_vec_after_turbo_v_decode=0 allow_vec=1 kernel=MMA_F16 need_f16_K=0 need_f16_V=0 Knb=[34,272,68,69632] Vnb=[2,2048,512,524288] Keff_nb=[2,2048,512,524288] Veff_nb=[2,2048,512,524288]
CUDA_FA_ROUTE_ALLOC kernel=MMA_F16 need_f16_K=0 need_f16_V=0 workspace_end_offset=16384 dst_data=(nil) f16_K=(nil) f16_V=(nil) f16_end=0x4000
CUDA_FA_ROUTE_PLAN device=0 Q=[256,1,16,1] Kraw=turbo2 Vraw=f16 Kshape=[256,256,4,1] Vshape=[256,256,4,1] Keff=f16 Veff=f16 turbo_kv=1 prefer_native_vec=0 decode=1 dk=1 dv=0 unsafe_vec_after_turbo_v_decode=0 allow_vec=1 kernel=MMA_F16 need_f16_K=0 need_f16_V=0 Knb=[34,272,68,69632] Vnb=[2,2048,512,524288] Keff_nb=[2,2048,512,524288] Veff_nb=[2,2048,512,524288]
CUDA_FA_ROUTE_ALLOC kernel=MMA_F16 need_f16_K=0 need_f16_V=0 workspace_end_offset=16384 dst_data=(nil) f16_K=(nil) f16_V=(nil) f16_end=0x4000
CUDA_FA_ROUTE_PLAN device=0 Q=[256,1,16,1] Kraw=turbo2 Vraw=f16 Kshape=[256,256,4,1] Vshape=[256,256,4,1] Keff=f16 Veff=f16 turbo_kv=1 prefer_native_vec=0 decode=1 dk=1 dv=0 unsafe_vec_after_turbo_v_decode=0 allow_vec=1 kernel=MMA_F16 need_f16_K=0 need_f16_V=0 Knb=[34,272,68,69632] Vnb=[2,2048,512,524288] Keff_nb=[2,2048,512,524288] Veff_nb=[2,2048,512,524288]
CUDA_FA_ROUTE_ALLOC kernel=MMA_F16 need_f16_K=0 need_f16_V=0 workspace_end_offset=16384 dst_data=(nil) f16_K=(nil) f16_V=(nil) f16_end=0x4000
CUDA_FA_ROUTE_PLAN device=0 Q=[256,1,16,1] Kraw=turbo2 Vraw=f16 Kshape=[256,256,4,1] Vshape=[256,256,4,1] Keff=f16 Veff=f16 turbo_kv=1 prefer_native_vec=0 decode=1 dk=1 dv=0 unsafe_vec_after_turbo_v_decode=0 allow_vec=1 kernel=MMA_F16 need_f16_K=0 need_f16_V=0 Knb=[34,272,68,69632] Vnb=[2,2048,512,524288] Keff_nb=[2,2048,512,524288] Veff_nb=[2,2048,512,524288]
CUDA_FA_ROUTE_ALLOC kernel=MMA_F16 need_f16_K=0 need_f16_V=0 workspace_end_offset=16384 dst_data=(nil) f16_K=(nil) f16_V=(nil) f16_end=0x4000
CUDA_FA_ROUTE_PLAN device=0 Q=[256,1,16,1] Kraw=turbo2 Vraw=f16 Kshape=[256,256,4,1] Vshape=[256,256,4,1] Keff=f16 Veff=f16 turbo_kv=1 prefer_native_vec=0 decode=1 dk=1 dv=0 unsafe_vec_after_turbo_v_decode=0 allow_vec=1 kernel=MMA_F16 need_f16_K=0 need_f16_V=0 Knb=[34,272,68,69632] Vnb=[2,2048,512,524288] Keff_nb=[2,2048,512,524288] Veff_nb=[2,2048,512,524288]
CUDA_FA_ROUTE_ALLOC kernel=MMA_F16 need_f16_K=0 need_f16_V=0 workspace_end_offset=16384 dst_data=(nil) f16_K=(nil) f16_V=(nil) f16_end=0x4000
CUDA_FA_ROUTE_PLAN device=0 Q=[256,1,16,1] Kraw=turbo2 Vraw=f16 Kshape=[256,256,4,1] Vshape=[256,256,4,1] Keff=f16 Veff=f16 turbo_kv=1 prefer_native_vec=0 decode=1 dk=1 dv=0 unsafe_vec_after_turbo_v_decode=0 allow_vec=1 kernel=MMA_F16 need_f16_K=0 need_f16_V=0 Knb=[34,272,68,69632] Vnb=[2,2048,512,524288] Keff_nb=[2,2048,512,524288] Veff_nb=[2,2048,512,524288]
CUDA_FA_ROUTE_ALLOC kernel=MMA_F16 need_f16_K=0 need_f16_V=0 workspace_end_offset=16384 dst_data=(nil) f16_K=(nil) f16_V=(nil) f16_end=0x4000
CUDA_FA_ROUTE_PLAN device=0 Q=[256,1,16,1] Kraw=turbo2 Vraw=f16 Kshape=[256,256,4,1] Vshape=[256,256,4,1] Keff=f16 Veff=f16 turbo_kv=1 prefer_native_vec=0 decode=1 dk=1 dv=0 unsafe_vec_after_turbo_v_decode=0 allow_vec=1 kernel=MMA_F16 need_f16_K=0 need_f16_V=0 Knb=[34,272,68,69632] Vnb=[2,2048,512,524288] Keff_nb=[2,2048,512,524288] Veff_nb=[2,2048,512,524288]
CUDA_FA_ROUTE_ALLOC kernel=MMA_F16 need_f16_K=0 need_f16_V=0 workspace_end_offset=16384 dst_data=(nil) f16_K=(nil) f16_V=(nil) f16_end=0x4000
CUDA_FA_ROUTE_PLAN device=0 Q=[256,1,16,1] Kraw=turbo2 Vraw=f16 Kshape=[256,256,4,1] Vshape=[256,256,4,1] Keff=f16 Veff=f16 turbo_kv=1 prefer_native_vec=0 decode=1 dk=1 dv=0 unsafe_vec_after_turbo_v_decode=0 allow_vec=1 kernel=MMA_F16 need_f16_K=0 need_f16_V=0 Knb=[34,272,68,69632] Vnb=[2,2048,512,524288] Keff_nb=[2,2048,512,524288] Veff_nb=[2,2048,512,524288]
CUDA_FA_ROUTE_ALLOC kernel=MMA_F16 need_f16_K=0 need_f16_V=0 workspace_end_offset=16384 dst_data=(nil) f16_K=(nil) f16_V=(nil) f16_end=0x4000
CUDA_FA_ROUTE_PLAN device=0 Q=[256,1,16,1] Kraw=turbo2 Vraw=f16 Kshape=[256,256,4,1] Vshape=[256,256,4,1] Keff=f16 Veff=f16 turbo_kv=1 prefer_native_vec=0 decode=1 dk=1 dv=0 unsafe_vec_after_turbo_v_decode=0 allow_vec=1 kernel=MMA_F16 need_f16_K=0 need_f16_V=0 Knb=[34,272,68,69632] Vnb=[2,2048,512,524288] Keff_nb=[2,2048,512,524288] Veff_nb=[2,2048,512,524288]
CUDA_FA_ROUTE_ALLOC kernel=MMA_F16 need_f16_K=0 need_f16_V=0 workspace_end_offset=16384 dst_data=(nil) f16_K=(nil) f16_V=(nil) f16_end=0x4000
CUDA_FA_ROUTE_PLAN device=0 Q=[256,1,16,1] Kraw=turbo2 Vraw=f16 Kshape=[256,256,4,1] Vshape=[256,256,4,1] Keff=f16 Veff=f16 turbo_kv=1 prefer_native_vec=0 decode=1 dk=1 dv=0 unsafe_vec_after_turbo_v_decode=0 allow_vec=1 kernel=MMA_F16 need_f16_K=0 need_f16_V=0 Knb=[34,272,68,69632] Vnb=[2,2048,512,524288] Keff_nb=[2,2048,512,524288] Veff_nb=[2,2048,512,524288]
CUDA_FA_ROUTE_ALLOC kernel=MMA_F16 need_f16_K=0 need_f16_V=0 workspace_end_offset=16384 dst_data=(nil) f16_K=(nil) f16_V=(nil) f16_end=0x4000
CUDA_FA_ROUTE_PLAN device=0 Q=[256,1,16,1] Kraw=turbo2 Vraw=f16 Kshape=[256,256,4,1] Vshape=[256,256,4,1] Keff=f16 Veff=f16 turbo_kv=1 prefer_native_vec=0 decode=1 dk=1 dv=0 unsafe_vec_after_turbo_v_decode=0 allow_vec=1 kernel=MMA_F16 need_f16_K=0 need_f16_V=0 Knb=[34,272,68,69632] Vnb=[2,2048,512,524288] Keff_nb=[2,2048,512,524288] Veff_nb=[2,2048,512,524288]
CUDA_FA_ROUTE_ALLOC kernel=MMA_F16 need_f16_K=0 need_f16_V=0 workspace_end_offset=16384 dst_data=(nil) f16_K=(nil) f16_V=(nil) f16_end=0x4000
CUDA_FA_ROUTE_PLAN device=0 Q=[256,1,16,1] Kraw=turbo2 Vraw=f16 Kshape=[256,256,4,1] Vshape=[256,256,4,1] Keff=f16 Veff=f16 turbo_kv=1 prefer_native_vec=0 decode=1 dk=1 dv=0 unsafe_vec_after_turbo_v_decode=0 allow_vec=1 kernel=MMA_F16 need_f16_K=0 need_f16_V=0 Knb=[34,272,68,69632] Vnb=[2,2048,512,524288] Keff_nb=[2,2048,512,524288] Veff_nb=[2,2048,512,524288]
CUDA_FA_ROUTE_ALLOC kernel=MMA_F16 need_f16_K=0 need_f16_V=0 workspace_end_offset=16384 dst_data=(nil) f16_K=(nil) f16_V=(nil) f16_end=0x4000
CUDA_FA_ROUTE_PLAN device=0 Q=[256,1,16,1] Kraw=turbo2 Vraw=f16 Kshape=[256,256,4,1] Vshape=[256,256,4,1] Keff=f16 Veff=f16 turbo_kv=1 prefer_native_vec=0 decode=1 dk=1 dv=0 unsafe_vec_after_turbo_v_decode=0 allow_vec=1 kernel=MMA_F16 need_f16_K=0 need_f16_V=0 Knb=[34,272,68,69632] Vnb=[2,2048,512,524288] Keff_nb=[2,2048,512,524288] Veff_nb=[2,2048,512,524288]
CUDA_FA_ROUTE_ALLOC kernel=MMA_F16 need_f16_K=0 need_f16_V=0 workspace_end_offset=16384 dst_data=(nil) f16_K=(nil) f16_V=(nil) f16_end=0x4000
CUDA_FA_ROUTE_PLAN device=0 Q=[256,1,16,1] Kraw=turbo2 Vraw=f16 Kshape=[256,256,4,1] Vshape=[256,256,4,1] Keff=f16 Veff=f16 turbo_kv=1 prefer_native_vec=0 decode=1 dk=1 dv=0 unsafe_vec_after_turbo_v_decode=0 allow_vec=1 kernel=MMA_F16 need_f16_K=0 need_f16_V=0 Knb=[34,272,68,69632] Vnb=[2,2048,512,524288] Keff_nb=[2,2048,512,524288] Veff_nb=[2,2048,512,524288]
CUDA_FA_ROUTE_ALLOC kernel=MMA_F16 need_f16_K=0 need_f16_V=0 workspace_end_offset=16384 dst_data=(nil) f16_K=(nil) f16_V=(nil) f16_end=0x4000
CUDA_FA_ROUTE_PLAN device=0 Q=[256,1,16,1] Kraw=turbo2 Vraw=f16 Kshape=[256,256,4,1] Vshape=[256,256,4,1] Keff=f16 Veff=f16 turbo_kv=1 prefer_native_vec=0 decode=1 dk=1 dv=0 unsafe_vec_after_turbo_v_decode=0 allow_vec=1 kernel=MMA_F16 need_f16_K=0 need_f16_V=0 Knb=[34,272,68,69632] Vnb=[2,2048,512,524288] Keff_nb=[2,2048,512,524288] Veff_nb=[2,2048,512,524288]
GGML_TURBO_FA_DEBUG: path=decode-dequant-or-vec K=turbo2 V=f16 Q=[256,1,16,1] K=[256,256,4,1] V=[256,256,4,1] prefill_safe=1 can_make_f16_K=1 can_make_f16_V=1 turbo_k_classic_v_prefill=0 vec_override=0 batch_ok=0 dim_ok=1 turing_mma=1
CUDA_FA_ROUTE_EXEC_BEGIN Q=[256,1,16,1] Kraw=turbo2 Vraw=f16 decode=1 dk=1 dv=0 allow_vec=1 kernel=MMA_F16 need_f16_K=0 need_f16_V=0 Kdata=0x7f8cae200000 Vdata=0x7f8cae211000 dst=0x7f8e00090c80
CUDA_FA_ROUTE_EXEC_DISPATCH Qrun=f32 Q=[256,1,16,1] Qdata=0x7f8e1b280000 Krun=f16 K=[256,256,4,1] Kdata=0x7f8e1b200000 Knb=[2,2048,512,524288] Vrun=f16 V=[256,256,4,1] Vdata=0x7f8cae211000 Vnb=[2,2048,512,524288] kernel=MMA_F16 compiled_pair=1
CUDA_FA_ROUTE_PLAN device=0 Q=[256,1,16,1] Kraw=turbo2 Vraw=f16 Kshape=[256,256,4,1] Vshape=[256,256,4,1] Keff=f16 Veff=f16 turbo_kv=1 prefer_native_vec=0 decode=1 dk=1 dv=0 unsafe_vec_after_turbo_v_decode=0 allow_vec=1 kernel=MMA_F16 need_f16_K=0 need_f16_V=0 Knb=[34,272,68,69632] Vnb=[2,2048,512,524288] Keff_nb=[2,2048,512,524288] Veff_nb=[2,2048,512,524288]
GGML_TURBO_FA_DEBUG: path=decode-dequant-or-vec K=turbo2 V=f16 Q=[256,1,16,1] K=[256,256,4,1] V=[256,256,4,1] prefill_safe=1 can_make_f16_K=1 can_make_f16_V=1 turbo_k_classic_v_prefill=0 vec_override=0 batch_ok=0 dim_ok=1 turing_mma=1
CUDA_FA_ROUTE_EXEC_BEGIN Q=[256,1,16,1] Kraw=turbo2 Vraw=f16 decode=1 dk=1 dv=0 allow_vec=1 kernel=MMA_F16 need_f16_K=0 need_f16_V=0 Kdata=0x7f8cae291000 Vdata=0x7f8cae2a2000 dst=0x7f8e00090c80
CUDA_FA_ROUTE_EXEC_DISPATCH Qrun=f32 Q=[256,1,16,1] Qdata=0x7f8e1b280000 Krun=f16 K=[256,256,4,1] Kdata=0x7f8e1b200000 Knb=[2,2048,512,524288] Vrun=f16 V=[256,256,4,1] Vdata=0x7f8cae2a2000 Vnb=[2,2048,512,524288] kernel=MMA_F16 compiled_pair=1
CUDA_FA_ROUTE_PLAN device=0 Q=[256,1,16,1] Kraw=turbo2 Vraw=f16 Kshape=[256,256,4,1] Vshape=[256,256,4,1] Keff=f16 Veff=f16 turbo_kv=1 prefer_native_vec=0 decode=1 dk=1 dv=0 unsafe_vec_after_turbo_v_decode=0 allow_vec=1 kernel=MMA_F16 need_f16_K=0 need_f16_V=0 Knb=[34,272,68,69632] Vnb=[2,2048,512,524288] Keff_nb=[2,2048,512,524288] Veff_nb=[2,2048,512,524288]
GGML_TURBO_FA_DEBUG: path=decode-dequant-or-vec K=turbo2 V=f16 Q=[256,1,16,1] K=[256,256,4,1] V=[256,256,4,1] prefill_safe=1 can_make_f16_K=1 can_make_f16_V=1 turbo_k_classic_v_prefill=0 vec_override=0 batch_ok=0 dim_ok=1 turing_mma=1
CUDA_FA_ROUTE_EXEC_BEGIN Q=[256,1,16,1] Kraw=turbo2 Vraw=f16 decode=1 dk=1 dv=0 allow_vec=1 kernel=MMA_F16 need_f16_K=0 need_f16_V=0 Kdata=0x7f8cae322000 Vdata=0x7f8cae333000 dst=0x7f8e00090c80
CUDA_FA_ROUTE_EXEC_DISPATCH Qrun=f32 Q=[256,1,16,1] Qdata=0x7f8e1b280000 Krun=f16 K=[256,256,4,1] Kdata=0x7f8e1b200000 Knb=[2,2048,512,524288] Vrun=f16 V=[256,256,4,1] Vdata=0x7f8cae333000 Vnb=[2,2048,512,524288] kernel=MMA_F16 compiled_pair=1
CUDA_FA_ROUTE_PLAN device=0 Q=[256,1,16,1] Kraw=turbo2 Vraw=f16 Kshape=[256,256,4,1] Vshape=[256,256,4,1] Keff=f16 Veff=f16 turbo_kv=1 prefer_native_vec=0 decode=1 dk=1 dv=0 unsafe_vec_after_turbo_v_decode=0 allow_vec=1 kernel=MMA_F16 need_f16_K=0 need_f16_V=0 Knb=[34,272,68,69632] Vnb=[2,2048,512,524288] Keff_nb=[2,2048,512,524288] Veff_nb=[2,2048,512,524288]
GGML_TURBO_FA_DEBUG: path=decode-dequant-or-vec K=turbo2 V=f16 Q=[256,1,16,1] K=[256,256,4,1] V=[256,256,4,1] prefill_safe=1 can_make_f16_K=1 can_make_f16_V=1 turbo_k_classic_v_prefill=0 vec_override=0 batch_ok=0 dim_ok=1 turing_mma=1
CUDA_FA_ROUTE_EXEC_BEGIN Q=[256,1,16,1] Kraw=turbo2 Vraw=f16 decode=1 dk=1 dv=0 allow_vec=1 kernel=MMA_F16 need_f16_K=0 need_f16_V=0 Kdata=0x7f8cae3b3000 Vdata=0x7f8cae3c4000 dst=0x7f8e00090c80
CUDA_FA_ROUTE_EXEC_DISPATCH Qrun=f32 Q=[256,1,16,1] Qdata=0x7f8e1b280000 Krun=f16 K=[256,256,4,1] Kdata=0x7f8e1b200000 Knb=[2,2048,512,524288] Vrun=f16 V=[256,256,4,1] Vdata=0x7f8cae3c4000 Vnb=[2,2048,512,524288] kernel=MMA_F16 compiled_pair=1
CUDA_FA_ROUTE_PLAN device=0 Q=[256,1,16,1] Kraw=turbo2 Vraw=f16 Kshape=[256,256,4,1] Vshape=[256,256,4,1] Keff=f16 Veff=f16 turbo_kv=1 prefer_native_vec=0 decode=1 dk=1 dv=0 unsafe_vec_after_turbo_v_decode=0 allow_vec=1 kernel=MMA_F16 need_f16_K=0 need_f16_V=0 Knb=[34,272,68,69632] Vnb=[2,2048,512,524288] Keff_nb=[2,2048,512,524288] Veff_nb=[2,2048,512,524288]
GGML_TURBO_FA_DEBUG: path=decode-dequant-or-vec K=turbo2 V=f16 Q=[256,1,16,1] K=[256,256,4,1] V=[256,256,4,1] prefill_safe=1 can_make_f16_K=1 can_make_f16_V=1 turbo_k_classic_v_prefill=0 vec_override=0 batch_ok=0 dim_ok=1 turing_mma=1
CUDA_FA_ROUTE_EXEC_BEGIN Q=[256,1,16,1] Kraw=turbo2 Vraw=f16 decode=1 dk=1 dv=0 allow_vec=1 kernel=MMA_F16 need_f16_K=0 need_f16_V=0 Kdata=0x7f8cae444000 Vdata=0x7f8cae455000 dst=0x7f8e00090c80
CUDA_FA_ROUTE_EXEC_DISPATCH Qrun=f32 Q=[256,1,16,1] Qdata=0x7f8e1b280000 Krun=f16 K=[256,256,4,1] Kdata=0x7f8e1b200000 Knb=[2,2048,512,524288] Vrun=f16 V=[256,256,4,1] Vdata=0x7f8cae455000 Vnb=[2,2048,512,524288] kernel=MMA_F16 compiled_pair=1
CUDA_FA_ROUTE_PLAN device=0 Q=[256,1,16,1] Kraw=turbo2 Vraw=f16 Kshape=[256,256,4,1] Vshape=[256,256,4,1] Keff=f16 Veff=f16 turbo_kv=1 prefer_native_vec=0 decode=1 dk=1 dv=0 unsafe_vec_after_turbo_v_decode=0 allow_vec=1 kernel=MMA_F16 need_f16_K=0 need_f16_V=0 Knb=[34,272,68,69632] Vnb=[2,2048,512,524288] Keff_nb=[2,2048,512,524288] Veff_nb=[2,2048,512,524288]
GGML_TURBO_FA_DEBUG: path=decode-dequant-or-vec K=turbo2 V=f16 Q=[256,1,16,1] K=[256,256,4,1] V=[256,256,4,1] prefill_safe=1 can_make_f16_K=1 can_make_f16_V=1 turbo_k_classic_v_prefill=0 vec_override=0 batch_ok=0 dim_ok=1 turing_mma=1
CUDA_FA_ROUTE_EXEC_BEGIN Q=[256,1,16,1] Kraw=turbo2 Vraw=f16 decode=1 dk=1 dv=0 allow_vec=1 kernel=MMA_F16 need_f16_K=0 need_f16_V=0 Kdata=0x7f8cae4d5000 Vdata=0x7f8cae4e6000 dst=0x7f8e00090c80
CUDA_FA_ROUTE_EXEC_DISPATCH Qrun=f32 Q=[256,1,16,1] Qdata=0x7f8e1b280000 Krun=f16 K=[256,256,4,1] Kdata=0x7f8e1b200000 Knb=[2,2048,512,524288] Vrun=f16 V=[256,256,4,1] Vdata=0x7f8cae4e6000 Vnb=[2,2048,512,524288] kernel=MMA_F16 compiled_pair=1
CUDA_FA_ROUTE_PLAN device=0 Q=[256,1,16,1] Kraw=turbo2 Vraw=f16 Kshape=[256,256,4,1] Vshape=[256,256,4,1] Keff=f16 Veff=f16 turbo_kv=1 prefer_native_vec=0 decode=1 dk=1 dv=0 unsafe_vec_after_turbo_v_decode=0 allow_vec=1 kernel=MMA_F16 need_f16_K=0 need_f16_V=0 Knb=[34,272,68,69632] Vnb=[2,2048,512,524288] Keff_nb=[2,2048,512,524288] Veff_nb=[2,2048,512,524288]
GGML_TURBO_FA_DEBUG: path=decode-dequant-or-vec K=turbo2 V=f16 Q=[256,1,16,1] K=[256,256,4,1] V=[256,256,4,1] prefill_safe=1 can_make_f16_K=1 can_make_f16_V=1 turbo_k_classic_v_prefill=0 vec_override=0 batch_ok=0 dim_ok=1 turing_mma=1
CUDA_FA_ROUTE_EXEC_BEGIN Q=[256,1,16,1] Kraw=turbo2 Vraw=f16 decode=1 dk=1 dv=0 allow_vec=1 kernel=MMA_F16 need_f16_K=0 need_f16_V=0 Kdata=0x7f8cae566000 Vdata=0x7f8cae577000 dst=0x7f8e00090c80
CUDA_FA_ROUTE_EXEC_DISPATCH Qrun=f32 Q=[256,1,16,1] Qdata=0x7f8e1b280000 Krun=f16 K=[256,256,4,1] Kdata=0x7f8e1b200000 Knb=[2,2048,512,524288] Vrun=f16 V=[256,256,4,1] Vdata=0x7f8cae577000 Vnb=[2,2048,512,524288] kernel=MMA_F16 compiled_pair=1
CUDA_FA_ROUTE_PLAN device=0 Q=[256,1,16,1] Kraw=turbo2 Vraw=f16 Kshape=[256,256,4,1] Vshape=[256,256,4,1] Keff=f16 Veff=f16 turbo_kv=1 prefer_native_vec=0 decode=1 dk=1 dv=0 unsafe_vec_after_turbo_v_decode=0 allow_vec=1 kernel=MMA_F16 need_f16_K=0 need_f16_V=0 Knb=[34,272,68,69632] Vnb=[2,2048,512,524288] Keff_nb=[2,2048,512,524288] Veff_nb=[2,2048,512,524288]
GGML_TURBO_FA_DEBUG: path=decode-dequant-or-vec K=turbo2 V=f16 Q=[256,1,16,1] K=[256,256,4,1] V=[256,256,4,1] prefill_safe=1 can_make_f16_K=1 can_make_f16_V=1 turbo_k_classic_v_prefill=0 vec_override=0 batch_ok=0 dim_ok=1 turing_mma=1
CUDA_FA_ROUTE_EXEC_BEGIN Q=[256,1,16,1] Kraw=turbo2 Vraw=f16 decode=1 dk=1 dv=0 allow_vec=1 kernel=MMA_F16 need_f16_K=0 need_f16_V=0 Kdata=0x7f8cae5f7000 Vdata=0x7f8cae608000 dst=0x7f8e00090c80
CUDA_FA_ROUTE_EXEC_DISPATCH Qrun=f32 Q=[256,1,16,1] Qdata=0x7f8e1b280000 Krun=f16 K=[256,256,4,1] Kdata=0x7f8e1b200000 Knb=[2,2048,512,524288] Vrun=f16 V=[256,256,4,1] Vdata=0x7f8cae608000 Vnb=[2,2048,512,524288] kernel=MMA_F16 compiled_pair=1
.

0.02.623.250 I common_perf_print:    sampling time =       1.42 ms
0.02.623.251 I common_perf_print:    samplers time =       0.27 ms /     7 tokens
0.02.623.254 I common_perf_print:        load time =     964.59 ms
0.02.623.254 I common_perf_print: prompt eval time =      41.63 ms /     5 tokens (    8.33 ms per token,   120.09 tokens per second)
0.02.623.255 I common_perf_print:        eval time =      26.02 ms /     1 runs   (   26.02 ms per token,    38.43 tokens per second)
0.02.623.255 I common_perf_print:       total time =      69.26 ms /     6 tokens
0.02.623.256 I common_perf_print: unaccounted time =       0.18 ms /   0.3 %      (total - sampling - prompt eval - eval) / (total)
0.02.623.256 I common_perf_print:    graphs reused =          0
