0.00.014.832 I llama_completion: llama backend init
0.00.014.838 I llama_completion: load the model and apply lora adapter, if any
CUDA_FA_ROUTE_PLAN device=0 Q=[256,1,16,1] Kraw=turbo2_tcq Vraw=q5_1 Kshape=[256,256,4,1] Vshape=[256,256,4,1] Keff=f16 Veff=q5_1 turbo_kv=1 prefer_native_vec=0 decode=1 dk=1 dv=0 unsafe_vec_after_turbo_v_decode=0 allow_vec=1 kernel=VEC need_f16_K=0 need_f16_V=0 Knb=[36,288,72,73728] Vnb=[24,768,192,196608] Keff_nb=[2,2048,512,524288] Veff_nb=[24,768,192,196608]
CUDA_FA_ROUTE_PLAN device=0 Q=[256,1,16,1] Kraw=turbo2_tcq Vraw=q5_1 Kshape=[256,256,4,1] Vshape=[256,256,4,1] Keff=f16 Veff=q5_1 turbo_kv=1 prefer_native_vec=0 decode=1 dk=1 dv=0 unsafe_vec_after_turbo_v_decode=0 allow_vec=1 kernel=VEC need_f16_K=0 need_f16_V=0 Knb=[36,288,72,73728] Vnb=[24,768,192,196608] Keff_nb=[2,2048,512,524288] Veff_nb=[24,768,192,196608]
CUDA_FA_ROUTE_PLAN device=0 Q=[256,1,16,1] Kraw=turbo2_tcq Vraw=q5_1 Kshape=[256,256,4,1] Vshape=[256,256,4,1] Keff=f16 Veff=q5_1 turbo_kv=1 prefer_native_vec=0 decode=1 dk=1 dv=0 unsafe_vec_after_turbo_v_decode=0 allow_vec=1 kernel=VEC need_f16_K=0 need_f16_V=0 Knb=[36,288,72,73728] Vnb=[24,768,192,196608] Keff_nb=[2,2048,512,524288] Veff_nb=[24,768,192,196608]
CUDA_FA_ROUTE_PLAN device=0 Q=[256,1,16,1] Kraw=turbo2_tcq Vraw=q5_1 Kshape=[256,256,4,1] Vshape=[256,256,4,1] Keff=f16 Veff=q5_1 turbo_kv=1 prefer_native_vec=0 decode=1 dk=1 dv=0 unsafe_vec_after_turbo_v_decode=0 allow_vec=1 kernel=VEC need_f16_K=0 need_f16_V=0 Knb=[36,288,72,73728] Vnb=[24,768,192,196608] Keff_nb=[2,2048,512,524288] Veff_nb=[24,768,192,196608]
CUDA_FA_ROUTE_PLAN device=0 Q=[256,1,16,1] Kraw=turbo2_tcq Vraw=q5_1 Kshape=[256,256,4,1] Vshape=[256,256,4,1] Keff=f16 Veff=q5_1 turbo_kv=1 prefer_native_vec=0 decode=1 dk=1 dv=0 unsafe_vec_after_turbo_v_decode=0 allow_vec=1 kernel=VEC need_f16_K=0 need_f16_V=0 Knb=[36,288,72,73728] Vnb=[24,768,192,196608] Keff_nb=[2,2048,512,524288] Veff_nb=[24,768,192,196608]
CUDA_FA_ROUTE_PLAN device=0 Q=[256,1,16,1] Kraw=turbo2_tcq Vraw=q5_1 Kshape=[256,256,4,1] Vshape=[256,256,4,1] Keff=f16 Veff=q5_1 turbo_kv=1 prefer_native_vec=0 decode=1 dk=1 dv=0 unsafe_vec_after_turbo_v_decode=0 allow_vec=1 kernel=VEC need_f16_K=0 need_f16_V=0 Knb=[36,288,72,73728] Vnb=[24,768,192,196608] Keff_nb=[2,2048,512,524288] Veff_nb=[24,768,192,196608]
CUDA_FA_ROUTE_PLAN device=0 Q=[256,1,16,1] Kraw=turbo2_tcq Vraw=q5_1 Kshape=[256,256,4,1] Vshape=[256,256,4,1] Keff=f16 Veff=q5_1 turbo_kv=1 prefer_native_vec=0 decode=1 dk=1 dv=0 unsafe_vec_after_turbo_v_decode=0 allow_vec=1 kernel=VEC need_f16_K=0 need_f16_V=0 Knb=[36,288,72,73728] Vnb=[24,768,192,196608] Keff_nb=[2,2048,512,524288] Veff_nb=[24,768,192,196608]
CUDA_FA_ROUTE_PLAN device=0 Q=[256,1,16,1] Kraw=turbo2_tcq Vraw=q5_1 Kshape=[256,256,4,1] Vshape=[256,256,4,1] Keff=f16 Veff=q5_1 turbo_kv=1 prefer_native_vec=0 decode=1 dk=1 dv=0 unsafe_vec_after_turbo_v_decode=0 allow_vec=1 kernel=VEC need_f16_K=0 need_f16_V=0 Knb=[36,288,72,73728] Vnb=[24,768,192,196608] Keff_nb=[2,2048,512,524288] Veff_nb=[24,768,192,196608]
CUDA_FA_ROUTE_PLAN device=0 Q=[256,16,16,1] Kraw=turbo2_tcq Vraw=q5_1 Kshape=[256,256,4,1] Vshape=[256,256,4,1] Keff=f16 Veff=q5_1 turbo_kv=1 prefer_native_vec=0 decode=1 dk=1 dv=0 unsafe_vec_after_turbo_v_decode=0 allow_vec=1 kernel=MMA_F16 need_f16_K=0 need_f16_V=1 Knb=[36,288,72,73728] Vnb=[24,768,192,196608] Keff_nb=[2,2048,512,524288] Veff_nb=[24,768,192,196608]
CUDA_FA_ROUTE_SUPPORTED kernel=MMA_F16 effK=f16 effV=q5_1 supported=1
CUDA_FA_ROUTE_PLAN device=0 Q=[256,16,16,1] Kraw=turbo2_tcq Vraw=q5_1 Kshape=[256,256,4,1] Vshape=[256,256,4,1] Keff=f16 Veff=q5_1 turbo_kv=1 prefer_native_vec=0 decode=1 dk=1 dv=0 unsafe_vec_after_turbo_v_decode=0 allow_vec=1 kernel=MMA_F16 need_f16_K=0 need_f16_V=1 Knb=[36,288,72,73728] Vnb=[24,768,192,196608] Keff_nb=[2,2048,512,524288] Veff_nb=[24,768,192,196608]
CUDA_FA_ROUTE_SUPPORTED kernel=MMA_F16 effK=f16 effV=q5_1 supported=1
CUDA_FA_ROUTE_PLAN device=0 Q=[256,16,16,1] Kraw=turbo2_tcq Vraw=q5_1 Kshape=[256,256,4,1] Vshape=[256,256,4,1] Keff=f16 Veff=q5_1 turbo_kv=1 prefer_native_vec=0 decode=1 dk=1 dv=0 unsafe_vec_after_turbo_v_decode=0 allow_vec=1 kernel=MMA_F16 need_f16_K=0 need_f16_V=1 Knb=[36,288,72,73728] Vnb=[24,768,192,196608] Keff_nb=[2,2048,512,524288] Veff_nb=[24,768,192,196608]
CUDA_FA_ROUTE_SUPPORTED kernel=MMA_F16 effK=f16 effV=q5_1 supported=1
CUDA_FA_ROUTE_PLAN device=0 Q=[256,16,16,1] Kraw=turbo2_tcq Vraw=q5_1 Kshape=[256,256,4,1] Vshape=[256,256,4,1] Keff=f16 Veff=q5_1 turbo_kv=1 prefer_native_vec=0 decode=1 dk=1 dv=0 unsafe_vec_after_turbo_v_decode=0 allow_vec=1 kernel=MMA_F16 need_f16_K=0 need_f16_V=1 Knb=[36,288,72,73728] Vnb=[24,768,192,196608] Keff_nb=[2,2048,512,524288] Veff_nb=[24,768,192,196608]
CUDA_FA_ROUTE_SUPPORTED kernel=MMA_F16 effK=f16 effV=q5_1 supported=1
CUDA_FA_ROUTE_PLAN device=0 Q=[256,16,16,1] Kraw=turbo2_tcq Vraw=q5_1 Kshape=[256,256,4,1] Vshape=[256,256,4,1] Keff=f16 Veff=q5_1 turbo_kv=1 prefer_native_vec=0 decode=1 dk=1 dv=0 unsafe_vec_after_turbo_v_decode=0 allow_vec=1 kernel=MMA_F16 need_f16_K=0 need_f16_V=1 Knb=[36,288,72,73728] Vnb=[24,768,192,196608] Keff_nb=[2,2048,512,524288] Veff_nb=[24,768,192,196608]
CUDA_FA_ROUTE_SUPPORTED kernel=MMA_F16 effK=f16 effV=q5_1 supported=1
CUDA_FA_ROUTE_PLAN device=0 Q=[256,16,16,1] Kraw=turbo2_tcq Vraw=q5_1 Kshape=[256,256,4,1] Vshape=[256,256,4,1] Keff=f16 Veff=q5_1 turbo_kv=1 prefer_native_vec=0 decode=1 dk=1 dv=0 unsafe_vec_after_turbo_v_decode=0 allow_vec=1 kernel=MMA_F16 need_f16_K=0 need_f16_V=1 Knb=[36,288,72,73728] Vnb=[24,768,192,196608] Keff_nb=[2,2048,512,524288] Veff_nb=[24,768,192,196608]
CUDA_FA_ROUTE_SUPPORTED kernel=MMA_F16 effK=f16 effV=q5_1 supported=1
CUDA_FA_ROUTE_PLAN device=0 Q=[256,16,16,1] Kraw=turbo2_tcq Vraw=q5_1 Kshape=[256,256,4,1] Vshape=[256,256,4,1] Keff=f16 Veff=q5_1 turbo_kv=1 prefer_native_vec=0 decode=1 dk=1 dv=0 unsafe_vec_after_turbo_v_decode=0 allow_vec=1 kernel=MMA_F16 need_f16_K=0 need_f16_V=1 Knb=[36,288,72,73728] Vnb=[24,768,192,196608] Keff_nb=[2,2048,512,524288] Veff_nb=[24,768,192,196608]
CUDA_FA_ROUTE_SUPPORTED kernel=MMA_F16 effK=f16 effV=q5_1 supported=1
CUDA_FA_ROUTE_PLAN device=0 Q=[256,16,16,1] Kraw=turbo2_tcq Vraw=q5_1 Kshape=[256,256,4,1] Vshape=[256,256,4,1] Keff=f16 Veff=q5_1 turbo_kv=1 prefer_native_vec=0 decode=1 dk=1 dv=0 unsafe_vec_after_turbo_v_decode=0 allow_vec=1 kernel=MMA_F16 need_f16_K=0 need_f16_V=1 Knb=[36,288,72,73728] Vnb=[24,768,192,196608] Keff_nb=[2,2048,512,524288] Veff_nb=[24,768,192,196608]
CUDA_FA_ROUTE_SUPPORTED kernel=MMA_F16 effK=f16 effV=q5_1 supported=1
CUDA_FA_ROUTE_PLAN device=0 Q=[256,1,16,1] Kraw=turbo2_tcq Vraw=q5_1 Kshape=[256,256,4,1] Vshape=[256,256,4,1] Keff=f16 Veff=q5_1 turbo_kv=1 prefer_native_vec=0 decode=1 dk=1 dv=0 unsafe_vec_after_turbo_v_decode=0 allow_vec=1 kernel=VEC need_f16_K=0 need_f16_V=0 Knb=[36,288,72,73728] Vnb=[24,768,192,196608] Keff_nb=[2,2048,512,524288] Veff_nb=[24,768,192,196608]
CUDA_FA_ROUTE_PLAN device=0 Q=[256,1,16,1] Kraw=turbo2_tcq Vraw=q5_1 Kshape=[256,256,4,1] Vshape=[256,256,4,1] Keff=f16 Veff=q5_1 turbo_kv=1 prefer_native_vec=0 decode=1 dk=1 dv=0 unsafe_vec_after_turbo_v_decode=0 allow_vec=1 kernel=VEC need_f16_K=0 need_f16_V=0 Knb=[36,288,72,73728] Vnb=[24,768,192,196608] Keff_nb=[2,2048,512,524288] Veff_nb=[24,768,192,196608]
CUDA_FA_ROUTE_PLAN device=0 Q=[256,1,16,1] Kraw=turbo2_tcq Vraw=q5_1 Kshape=[256,256,4,1] Vshape=[256,256,4,1] Keff=f16 Veff=q5_1 turbo_kv=1 prefer_native_vec=0 decode=1 dk=1 dv=0 unsafe_vec_after_turbo_v_decode=0 allow_vec=1 kernel=VEC need_f16_K=0 need_f16_V=0 Knb=[36,288,72,73728] Vnb=[24,768,192,196608] Keff_nb=[2,2048,512,524288] Veff_nb=[24,768,192,196608]
CUDA_FA_ROUTE_PLAN device=0 Q=[256,1,16,1] Kraw=turbo2_tcq Vraw=q5_1 Kshape=[256,256,4,1] Vshape=[256,256,4,1] Keff=f16 Veff=q5_1 turbo_kv=1 prefer_native_vec=0 decode=1 dk=1 dv=0 unsafe_vec_after_turbo_v_decode=0 allow_vec=1 kernel=VEC need_f16_K=0 need_f16_V=0 Knb=[36,288,72,73728] Vnb=[24,768,192,196608] Keff_nb=[2,2048,512,524288] Veff_nb=[24,768,192,196608]
CUDA_FA_ROUTE_PLAN device=0 Q=[256,1,16,1] Kraw=turbo2_tcq Vraw=q5_1 Kshape=[256,256,4,1] Vshape=[256,256,4,1] Keff=f16 Veff=q5_1 turbo_kv=1 prefer_native_vec=0 decode=1 dk=1 dv=0 unsafe_vec_after_turbo_v_decode=0 allow_vec=1 kernel=VEC need_f16_K=0 need_f16_V=0 Knb=[36,288,72,73728] Vnb=[24,768,192,196608] Keff_nb=[2,2048,512,524288] Veff_nb=[24,768,192,196608]
CUDA_FA_ROUTE_PLAN device=0 Q=[256,1,16,1] Kraw=turbo2_tcq Vraw=q5_1 Kshape=[256,256,4,1] Vshape=[256,256,4,1] Keff=f16 Veff=q5_1 turbo_kv=1 prefer_native_vec=0 decode=1 dk=1 dv=0 unsafe_vec_after_turbo_v_decode=0 allow_vec=1 kernel=VEC need_f16_K=0 need_f16_V=0 Knb=[36,288,72,73728] Vnb=[24,768,192,196608] Keff_nb=[2,2048,512,524288] Veff_nb=[24,768,192,196608]
CUDA_FA_ROUTE_PLAN device=0 Q=[256,1,16,1] Kraw=turbo2_tcq Vraw=q5_1 Kshape=[256,256,4,1] Vshape=[256,256,4,1] Keff=f16 Veff=q5_1 turbo_kv=1 prefer_native_vec=0 decode=1 dk=1 dv=0 unsafe_vec_after_turbo_v_decode=0 allow_vec=1 kernel=VEC need_f16_K=0 need_f16_V=0 Knb=[36,288,72,73728] Vnb=[24,768,192,196608] Keff_nb=[2,2048,512,524288] Veff_nb=[24,768,192,196608]
CUDA_FA_ROUTE_PLAN device=0 Q=[256,1,16,1] Kraw=turbo2_tcq Vraw=q5_1 Kshape=[256,256,4,1] Vshape=[256,256,4,1] Keff=f16 Veff=q5_1 turbo_kv=1 prefer_native_vec=0 decode=1 dk=1 dv=0 unsafe_vec_after_turbo_v_decode=0 allow_vec=1 kernel=VEC need_f16_K=0 need_f16_V=0 Knb=[36,288,72,73728] Vnb=[24,768,192,196608] Keff_nb=[2,2048,512,524288] Veff_nb=[24,768,192,196608]
CUDA_FA_ROUTE_PLAN device=0 Q=[256,256,16,1] Kraw=turbo2_tcq Vraw=q5_1 Kshape=[256,256,4,1] Vshape=[256,256,4,1] Keff=f16 Veff=q5_1 turbo_kv=1 prefer_native_vec=0 decode=1 dk=1 dv=0 unsafe_vec_after_turbo_v_decode=0 allow_vec=1 kernel=MMA_F16 need_f16_K=0 need_f16_V=1 Knb=[36,288,72,73728] Vnb=[24,768,192,196608] Keff_nb=[2,2048,512,524288] Veff_nb=[24,768,192,196608]
CUDA_FA_ROUTE_SUPPORTED kernel=MMA_F16 effK=f16 effV=q5_1 supported=1
CUDA_FA_ROUTE_PLAN device=0 Q=[256,256,16,1] Kraw=turbo2_tcq Vraw=q5_1 Kshape=[256,256,4,1] Vshape=[256,256,4,1] Keff=f16 Veff=q5_1 turbo_kv=1 prefer_native_vec=0 decode=1 dk=1 dv=0 unsafe_vec_after_turbo_v_decode=0 allow_vec=1 kernel=MMA_F16 need_f16_K=0 need_f16_V=1 Knb=[36,288,72,73728] Vnb=[24,768,192,196608] Keff_nb=[2,2048,512,524288] Veff_nb=[24,768,192,196608]
CUDA_FA_ROUTE_SUPPORTED kernel=MMA_F16 effK=f16 effV=q5_1 supported=1
CUDA_FA_ROUTE_PLAN device=0 Q=[256,256,16,1] Kraw=turbo2_tcq Vraw=q5_1 Kshape=[256,256,4,1] Vshape=[256,256,4,1] Keff=f16 Veff=q5_1 turbo_kv=1 prefer_native_vec=0 decode=1 dk=1 dv=0 unsafe_vec_after_turbo_v_decode=0 allow_vec=1 kernel=MMA_F16 need_f16_K=0 need_f16_V=1 Knb=[36,288,72,73728] Vnb=[24,768,192,196608] Keff_nb=[2,2048,512,524288] Veff_nb=[24,768,192,196608]
CUDA_FA_ROUTE_SUPPORTED kernel=MMA_F16 effK=f16 effV=q5_1 supported=1
CUDA_FA_ROUTE_PLAN device=0 Q=[256,256,16,1] Kraw=turbo2_tcq Vraw=q5_1 Kshape=[256,256,4,1] Vshape=[256,256,4,1] Keff=f16 Veff=q5_1 turbo_kv=1 prefer_native_vec=0 decode=1 dk=1 dv=0 unsafe_vec_after_turbo_v_decode=0 allow_vec=1 kernel=MMA_F16 need_f16_K=0 need_f16_V=1 Knb=[36,288,72,73728] Vnb=[24,768,192,196608] Keff_nb=[2,2048,512,524288] Veff_nb=[24,768,192,196608]
CUDA_FA_ROUTE_SUPPORTED kernel=MMA_F16 effK=f16 effV=q5_1 supported=1
CUDA_FA_ROUTE_PLAN device=0 Q=[256,256,16,1] Kraw=turbo2_tcq Vraw=q5_1 Kshape=[256,256,4,1] Vshape=[256,256,4,1] Keff=f16 Veff=q5_1 turbo_kv=1 prefer_native_vec=0 decode=1 dk=1 dv=0 unsafe_vec_after_turbo_v_decode=0 allow_vec=1 kernel=MMA_F16 need_f16_K=0 need_f16_V=1 Knb=[36,288,72,73728] Vnb=[24,768,192,196608] Keff_nb=[2,2048,512,524288] Veff_nb=[24,768,192,196608]
CUDA_FA_ROUTE_SUPPORTED kernel=MMA_F16 effK=f16 effV=q5_1 supported=1
CUDA_FA_ROUTE_PLAN device=0 Q=[256,256,16,1] Kraw=turbo2_tcq Vraw=q5_1 Kshape=[256,256,4,1] Vshape=[256,256,4,1] Keff=f16 Veff=q5_1 turbo_kv=1 prefer_native_vec=0 decode=1 dk=1 dv=0 unsafe_vec_after_turbo_v_decode=0 allow_vec=1 kernel=MMA_F16 need_f16_K=0 need_f16_V=1 Knb=[36,288,72,73728] Vnb=[24,768,192,196608] Keff_nb=[2,2048,512,524288] Veff_nb=[24,768,192,196608]
CUDA_FA_ROUTE_SUPPORTED kernel=MMA_F16 effK=f16 effV=q5_1 supported=1
CUDA_FA_ROUTE_PLAN device=0 Q=[256,256,16,1] Kraw=turbo2_tcq Vraw=q5_1 Kshape=[256,256,4,1] Vshape=[256,256,4,1] Keff=f16 Veff=q5_1 turbo_kv=1 prefer_native_vec=0 decode=1 dk=1 dv=0 unsafe_vec_after_turbo_v_decode=0 allow_vec=1 kernel=MMA_F16 need_f16_K=0 need_f16_V=1 Knb=[36,288,72,73728] Vnb=[24,768,192,196608] Keff_nb=[2,2048,512,524288] Veff_nb=[24,768,192,196608]
CUDA_FA_ROUTE_SUPPORTED kernel=MMA_F16 effK=f16 effV=q5_1 supported=1
CUDA_FA_ROUTE_PLAN device=0 Q=[256,256,16,1] Kraw=turbo2_tcq Vraw=q5_1 Kshape=[256,256,4,1] Vshape=[256,256,4,1] Keff=f16 Veff=q5_1 turbo_kv=1 prefer_native_vec=0 decode=1 dk=1 dv=0 unsafe_vec_after_turbo_v_decode=0 allow_vec=1 kernel=MMA_F16 need_f16_K=0 need_f16_V=1 Knb=[36,288,72,73728] Vnb=[24,768,192,196608] Keff_nb=[2,2048,512,524288] Veff_nb=[24,768,192,196608]
CUDA_FA_ROUTE_SUPPORTED kernel=MMA_F16 effK=f16 effV=q5_1 supported=1
CUDA_FA_ROUTE_PLAN device=0 Q=[256,256,16,1] Kraw=turbo2_tcq Vraw=q5_1 Kshape=[256,256,4,1] Vshape=[256,256,4,1] Keff=f16 Veff=q5_1 turbo_kv=1 prefer_native_vec=0 decode=1 dk=1 dv=0 unsafe_vec_after_turbo_v_decode=0 allow_vec=1 kernel=MMA_F16 need_f16_K=0 need_f16_V=1 Knb=[36,288,72,73728] Vnb=[24,768,192,196608] Keff_nb=[2,2048,512,524288] Veff_nb=[24,768,192,196608]
CUDA_FA_ROUTE_ALLOC kernel=MMA_F16 need_f16_K=0 need_f16_V=1 workspace_end_offset=4718592 dst_data=(nil) f16_K=(nil) f16_V=0x400000 f16_end=0x480000
CUDA_FA_ROUTE_PLAN device=0 Q=[256,256,16,1] Kraw=turbo2_tcq Vraw=q5_1 Kshape=[256,256,4,1] Vshape=[256,256,4,1] Keff=f16 Veff=q5_1 turbo_kv=1 prefer_native_vec=0 decode=1 dk=1 dv=0 unsafe_vec_after_turbo_v_decode=0 allow_vec=1 kernel=MMA_F16 need_f16_K=0 need_f16_V=1 Knb=[36,288,72,73728] Vnb=[24,768,192,196608] Keff_nb=[2,2048,512,524288] Veff_nb=[24,768,192,196608]
CUDA_FA_ROUTE_ALLOC kernel=MMA_F16 need_f16_K=0 need_f16_V=1 workspace_end_offset=4718592 dst_data=(nil) f16_K=(nil) f16_V=0x400000 f16_end=0x480000
CUDA_FA_ROUTE_PLAN device=0 Q=[256,256,16,1] Kraw=turbo2_tcq Vraw=q5_1 Kshape=[256,256,4,1] Vshape=[256,256,4,1] Keff=f16 Veff=q5_1 turbo_kv=1 prefer_native_vec=0 decode=1 dk=1 dv=0 unsafe_vec_after_turbo_v_decode=0 allow_vec=1 kernel=MMA_F16 need_f16_K=0 need_f16_V=1 Knb=[36,288,72,73728] Vnb=[24,768,192,196608] Keff_nb=[2,2048,512,524288] Veff_nb=[24,768,192,196608]
CUDA_FA_ROUTE_ALLOC kernel=MMA_F16 need_f16_K=0 need_f16_V=1 workspace_end_offset=4718592 dst_data=(nil) f16_K=(nil) f16_V=0x400000 f16_end=0x480000
CUDA_FA_ROUTE_PLAN device=0 Q=[256,256,16,1] Kraw=turbo2_tcq Vraw=q5_1 Kshape=[256,256,4,1] Vshape=[256,256,4,1] Keff=f16 Veff=q5_1 turbo_kv=1 prefer_native_vec=0 decode=1 dk=1 dv=0 unsafe_vec_after_turbo_v_decode=0 allow_vec=1 kernel=MMA_F16 need_f16_K=0 need_f16_V=1 Knb=[36,288,72,73728] Vnb=[24,768,192,196608] Keff_nb=[2,2048,512,524288] Veff_nb=[24,768,192,196608]
CUDA_FA_ROUTE_ALLOC kernel=MMA_F16 need_f16_K=0 need_f16_V=1 workspace_end_offset=4718592 dst_data=(nil) f16_K=(nil) f16_V=0x400000 f16_end=0x480000
CUDA_FA_ROUTE_PLAN device=0 Q=[256,256,16,1] Kraw=turbo2_tcq Vraw=q5_1 Kshape=[256,256,4,1] Vshape=[256,256,4,1] Keff=f16 Veff=q5_1 turbo_kv=1 prefer_native_vec=0 decode=1 dk=1 dv=0 unsafe_vec_after_turbo_v_decode=0 allow_vec=1 kernel=MMA_F16 need_f16_K=0 need_f16_V=1 Knb=[36,288,72,73728] Vnb=[24,768,192,196608] Keff_nb=[2,2048,512,524288] Veff_nb=[24,768,192,196608]
CUDA_FA_ROUTE_ALLOC kernel=MMA_F16 need_f16_K=0 need_f16_V=1 workspace_end_offset=4718592 dst_data=(nil) f16_K=(nil) f16_V=0x400000 f16_end=0x480000
CUDA_FA_ROUTE_PLAN device=0 Q=[256,256,16,1] Kraw=turbo2_tcq Vraw=q5_1 Kshape=[256,256,4,1] Vshape=[256,256,4,1] Keff=f16 Veff=q5_1 turbo_kv=1 prefer_native_vec=0 decode=1 dk=1 dv=0 unsafe_vec_after_turbo_v_decode=0 allow_vec=1 kernel=MMA_F16 need_f16_K=0 need_f16_V=1 Knb=[36,288,72,73728] Vnb=[24,768,192,196608] Keff_nb=[2,2048,512,524288] Veff_nb=[24,768,192,196608]
CUDA_FA_ROUTE_ALLOC kernel=MMA_F16 need_f16_K=0 need_f16_V=1 workspace_end_offset=4718592 dst_data=(nil) f16_K=(nil) f16_V=0x400000 f16_end=0x480000
CUDA_FA_ROUTE_PLAN device=0 Q=[256,256,16,1] Kraw=turbo2_tcq Vraw=q5_1 Kshape=[256,256,4,1] Vshape=[256,256,4,1] Keff=f16 Veff=q5_1 turbo_kv=1 prefer_native_vec=0 decode=1 dk=1 dv=0 unsafe_vec_after_turbo_v_decode=0 allow_vec=1 kernel=MMA_F16 need_f16_K=0 need_f16_V=1 Knb=[36,288,72,73728] Vnb=[24,768,192,196608] Keff_nb=[2,2048,512,524288] Veff_nb=[24,768,192,196608]
CUDA_FA_ROUTE_ALLOC kernel=MMA_F16 need_f16_K=0 need_f16_V=1 workspace_end_offset=4718592 dst_data=(nil) f16_K=(nil) f16_V=0x400000 f16_end=0x480000
CUDA_FA_ROUTE_PLAN device=0 Q=[256,256,16,1] Kraw=turbo2_tcq Vraw=q5_1 Kshape=[256,256,4,1] Vshape=[256,256,4,1] Keff=f16 Veff=q5_1 turbo_kv=1 prefer_native_vec=0 decode=1 dk=1 dv=0 unsafe_vec_after_turbo_v_decode=0 allow_vec=1 kernel=MMA_F16 need_f16_K=0 need_f16_V=1 Knb=[36,288,72,73728] Vnb=[24,768,192,196608] Keff_nb=[2,2048,512,524288] Veff_nb=[24,768,192,196608]
CUDA_FA_ROUTE_ALLOC kernel=MMA_F16 need_f16_K=0 need_f16_V=1 workspace_end_offset=4718592 dst_data=(nil) f16_K=(nil) f16_V=0x400000 f16_end=0x480000
CUDA_FA_ROUTE_PLAN device=0 Q=[256,256,16,1] Kraw=turbo2_tcq Vraw=q5_1 Kshape=[256,256,4,1] Vshape=[256,256,4,1] Keff=f16 Veff=q5_1 turbo_kv=1 prefer_native_vec=0 decode=1 dk=1 dv=0 unsafe_vec_after_turbo_v_decode=0 allow_vec=1 kernel=MMA_F16 need_f16_K=0 need_f16_V=1 Knb=[36,288,72,73728] Vnb=[24,768,192,196608] Keff_nb=[2,2048,512,524288] Veff_nb=[24,768,192,196608]
CUDA_FA_ROUTE_ALLOC kernel=MMA_F16 need_f16_K=0 need_f16_V=1 workspace_end_offset=4718592 dst_data=(nil) f16_K=(nil) f16_V=0x400000 f16_end=0x480000
CUDA_FA_ROUTE_PLAN device=0 Q=[256,256,16,1] Kraw=turbo2_tcq Vraw=q5_1 Kshape=[256,256,4,1] Vshape=[256,256,4,1] Keff=f16 Veff=q5_1 turbo_kv=1 prefer_native_vec=0 decode=1 dk=1 dv=0 unsafe_vec_after_turbo_v_decode=0 allow_vec=1 kernel=MMA_F16 need_f16_K=0 need_f16_V=1 Knb=[36,288,72,73728] Vnb=[24,768,192,196608] Keff_nb=[2,2048,512,524288] Veff_nb=[24,768,192,196608]
CUDA_FA_ROUTE_ALLOC kernel=MMA_F16 need_f16_K=0 need_f16_V=1 workspace_end_offset=4718592 dst_data=(nil) f16_K=(nil) f16_V=0x400000 f16_end=0x480000
CUDA_FA_ROUTE_PLAN device=0 Q=[256,256,16,1] Kraw=turbo2_tcq Vraw=q5_1 Kshape=[256,256,4,1] Vshape=[256,256,4,1] Keff=f16 Veff=q5_1 turbo_kv=1 prefer_native_vec=0 decode=1 dk=1 dv=0 unsafe_vec_after_turbo_v_decode=0 allow_vec=1 kernel=MMA_F16 need_f16_K=0 need_f16_V=1 Knb=[36,288,72,73728] Vnb=[24,768,192,196608] Keff_nb=[2,2048,512,524288] Veff_nb=[24,768,192,196608]
CUDA_FA_ROUTE_ALLOC kernel=MMA_F16 need_f16_K=0 need_f16_V=1 workspace_end_offset=4718592 dst_data=(nil) f16_K=(nil) f16_V=0x400000 f16_end=0x480000
CUDA_FA_ROUTE_PLAN device=0 Q=[256,256,16,1] Kraw=turbo2_tcq Vraw=q5_1 Kshape=[256,256,4,1] Vshape=[256,256,4,1] Keff=f16 Veff=q5_1 turbo_kv=1 prefer_native_vec=0 decode=1 dk=1 dv=0 unsafe_vec_after_turbo_v_decode=0 allow_vec=1 kernel=MMA_F16 need_f16_K=0 need_f16_V=1 Knb=[36,288,72,73728] Vnb=[24,768,192,196608] Keff_nb=[2,2048,512,524288] Veff_nb=[24,768,192,196608]
CUDA_FA_ROUTE_ALLOC kernel=MMA_F16 need_f16_K=0 need_f16_V=1 workspace_end_offset=4718592 dst_data=(nil) f16_K=(nil) f16_V=0x400000 f16_end=0x480000
CUDA_FA_ROUTE_PLAN device=0 Q=[256,256,16,1] Kraw=turbo2_tcq Vraw=q5_1 Kshape=[256,256,4,1] Vshape=[256,256,4,1] Keff=f16 Veff=q5_1 turbo_kv=1 prefer_native_vec=0 decode=1 dk=1 dv=0 unsafe_vec_after_turbo_v_decode=0 allow_vec=1 kernel=MMA_F16 need_f16_K=0 need_f16_V=1 Knb=[36,288,72,73728] Vnb=[24,768,192,196608] Keff_nb=[2,2048,512,524288] Veff_nb=[24,768,192,196608]
CUDA_FA_ROUTE_ALLOC kernel=MMA_F16 need_f16_K=0 need_f16_V=1 workspace_end_offset=4718592 dst_data=(nil) f16_K=(nil) f16_V=0x400000 f16_end=0x480000
CUDA_FA_ROUTE_PLAN device=0 Q=[256,256,16,1] Kraw=turbo2_tcq Vraw=q5_1 Kshape=[256,256,4,1] Vshape=[256,256,4,1] Keff=f16 Veff=q5_1 turbo_kv=1 prefer_native_vec=0 decode=1 dk=1 dv=0 unsafe_vec_after_turbo_v_decode=0 allow_vec=1 kernel=MMA_F16 need_f16_K=0 need_f16_V=1 Knb=[36,288,72,73728] Vnb=[24,768,192,196608] Keff_nb=[2,2048,512,524288] Veff_nb=[24,768,192,196608]
CUDA_FA_ROUTE_ALLOC kernel=MMA_F16 need_f16_K=0 need_f16_V=1 workspace_end_offset=4718592 dst_data=(nil) f16_K=(nil) f16_V=0x400000 f16_end=0x480000
CUDA_FA_ROUTE_PLAN device=0 Q=[256,256,16,1] Kraw=turbo2_tcq Vraw=q5_1 Kshape=[256,256,4,1] Vshape=[256,256,4,1] Keff=f16 Veff=q5_1 turbo_kv=1 prefer_native_vec=0 decode=1 dk=1 dv=0 unsafe_vec_after_turbo_v_decode=0 allow_vec=1 kernel=MMA_F16 need_f16_K=0 need_f16_V=1 Knb=[36,288,72,73728] Vnb=[24,768,192,196608] Keff_nb=[2,2048,512,524288] Veff_nb=[24,768,192,196608]
CUDA_FA_ROUTE_ALLOC kernel=MMA_F16 need_f16_K=0 need_f16_V=1 workspace_end_offset=4718592 dst_data=(nil) f16_K=(nil) f16_V=0x400000 f16_end=0x480000
CUDA_FA_ROUTE_PLAN device=0 Q=[256,256,16,1] Kraw=turbo2_tcq Vraw=q5_1 Kshape=[256,256,4,1] Vshape=[256,256,4,1] Keff=f16 Veff=q5_1 turbo_kv=1 prefer_native_vec=0 decode=1 dk=1 dv=0 unsafe_vec_after_turbo_v_decode=0 allow_vec=1 kernel=MMA_F16 need_f16_K=0 need_f16_V=1 Knb=[36,288,72,73728] Vnb=[24,768,192,196608] Keff_nb=[2,2048,512,524288] Veff_nb=[24,768,192,196608]
CUDA_FA_ROUTE_ALLOC kernel=MMA_F16 need_f16_K=0 need_f16_V=1 workspace_end_offset=4718592 dst_data=(nil) f16_K=(nil) f16_V=0x400000 f16_end=0x480000
CUDA_FA_ROUTE_PLAN device=0 Q=[256,256,16,1] Kraw=turbo2_tcq Vraw=q5_1 Kshape=[256,256,4,1] Vshape=[256,256,4,1] Keff=f16 Veff=q5_1 turbo_kv=1 prefer_native_vec=0 decode=1 dk=1 dv=0 unsafe_vec_after_turbo_v_decode=0 allow_vec=1 kernel=MMA_F16 need_f16_K=0 need_f16_V=1 Knb=[36,288,72,73728] Vnb=[24,768,192,196608] Keff_nb=[2,2048,512,524288] Veff_nb=[24,768,192,196608]
CUDA_FA_ROUTE_ALLOC kernel=MMA_F16 need_f16_K=0 need_f16_V=1 workspace_end_offset=4718592 dst_data=(nil) f16_K=(nil) f16_V=0x400000 f16_end=0x480000
CUDA_FA_ROUTE_PLAN device=0 Q=[256,256,16,1] Kraw=turbo2_tcq Vraw=q5_1 Kshape=[256,256,4,1] Vshape=[256,256,4,1] Keff=f16 Veff=q5_1 turbo_kv=1 prefer_native_vec=0 decode=1 dk=1 dv=0 unsafe_vec_after_turbo_v_decode=0 allow_vec=1 kernel=MMA_F16 need_f16_K=0 need_f16_V=1 Knb=[36,288,72,73728] Vnb=[24,768,192,196608] Keff_nb=[2,2048,512,524288] Veff_nb=[24,768,192,196608]
CUDA_FA_ROUTE_ALLOC kernel=MMA_F16 need_f16_K=0 need_f16_V=1 workspace_end_offset=4718592 dst_data=(nil) f16_K=(nil) f16_V=0x400000 f16_end=0x480000
CUDA_FA_ROUTE_PLAN device=0 Q=[256,256,16,1] Kraw=turbo2_tcq Vraw=q5_1 Kshape=[256,256,4,1] Vshape=[256,256,4,1] Keff=f16 Veff=q5_1 turbo_kv=1 prefer_native_vec=0 decode=1 dk=1 dv=0 unsafe_vec_after_turbo_v_decode=0 allow_vec=1 kernel=MMA_F16 need_f16_K=0 need_f16_V=1 Knb=[36,288,72,73728] Vnb=[24,768,192,196608] Keff_nb=[2,2048,512,524288] Veff_nb=[24,768,192,196608]
CUDA_FA_ROUTE_ALLOC kernel=MMA_F16 need_f16_K=0 need_f16_V=1 workspace_end_offset=4718592 dst_data=(nil) f16_K=(nil) f16_V=0x400000 f16_end=0x480000
CUDA_FA_ROUTE_PLAN device=0 Q=[256,256,16,1] Kraw=turbo2_tcq Vraw=q5_1 Kshape=[256,256,4,1] Vshape=[256,256,4,1] Keff=f16 Veff=q5_1 turbo_kv=1 prefer_native_vec=0 decode=1 dk=1 dv=0 unsafe_vec_after_turbo_v_decode=0 allow_vec=1 kernel=MMA_F16 need_f16_K=0 need_f16_V=1 Knb=[36,288,72,73728] Vnb=[24,768,192,196608] Keff_nb=[2,2048,512,524288] Veff_nb=[24,768,192,196608]
CUDA_FA_ROUTE_ALLOC kernel=MMA_F16 need_f16_K=0 need_f16_V=1 workspace_end_offset=4718592 dst_data=(nil) f16_K=(nil) f16_V=0x400000 f16_end=0x480000
CUDA_FA_ROUTE_PLAN device=0 Q=[256,256,16,1] Kraw=turbo2_tcq Vraw=q5_1 Kshape=[256,256,4,1] Vshape=[256,256,4,1] Keff=f16 Veff=q5_1 turbo_kv=1 prefer_native_vec=0 decode=1 dk=1 dv=0 unsafe_vec_after_turbo_v_decode=0 allow_vec=1 kernel=MMA_F16 need_f16_K=0 need_f16_V=1 Knb=[36,288,72,73728] Vnb=[24,768,192,196608] Keff_nb=[2,2048,512,524288] Veff_nb=[24,768,192,196608]
CUDA_FA_ROUTE_ALLOC kernel=MMA_F16 need_f16_K=0 need_f16_V=1 workspace_end_offset=4718592 dst_data=(nil) f16_K=(nil) f16_V=0x400000 f16_end=0x480000
CUDA_FA_ROUTE_PLAN device=0 Q=[256,256,16,1] Kraw=turbo2_tcq Vraw=q5_1 Kshape=[256,256,4,1] Vshape=[256,256,4,1] Keff=f16 Veff=q5_1 turbo_kv=1 prefer_native_vec=0 decode=1 dk=1 dv=0 unsafe_vec_after_turbo_v_decode=0 allow_vec=1 kernel=MMA_F16 need_f16_K=0 need_f16_V=1 Knb=[36,288,72,73728] Vnb=[24,768,192,196608] Keff_nb=[2,2048,512,524288] Veff_nb=[24,768,192,196608]
CUDA_FA_ROUTE_ALLOC kernel=MMA_F16 need_f16_K=0 need_f16_V=1 workspace_end_offset=4718592 dst_data=(nil) f16_K=(nil) f16_V=0x400000 f16_end=0x480000
CUDA_FA_ROUTE_PLAN device=0 Q=[256,256,16,1] Kraw=turbo2_tcq Vraw=q5_1 Kshape=[256,256,4,1] Vshape=[256,256,4,1] Keff=f16 Veff=q5_1 turbo_kv=1 prefer_native_vec=0 decode=1 dk=1 dv=0 unsafe_vec_after_turbo_v_decode=0 allow_vec=1 kernel=MMA_F16 need_f16_K=0 need_f16_V=1 Knb=[36,288,72,73728] Vnb=[24,768,192,196608] Keff_nb=[2,2048,512,524288] Veff_nb=[24,768,192,196608]
CUDA_FA_ROUTE_ALLOC kernel=MMA_F16 need_f16_K=0 need_f16_V=1 workspace_end_offset=4718592 dst_data=(nil) f16_K=(nil) f16_V=0x400000 f16_end=0x480000
CUDA_FA_ROUTE_PLAN device=0 Q=[256,256,16,1] Kraw=turbo2_tcq Vraw=q5_1 Kshape=[256,256,4,1] Vshape=[256,256,4,1] Keff=f16 Veff=q5_1 turbo_kv=1 prefer_native_vec=0 decode=1 dk=1 dv=0 unsafe_vec_after_turbo_v_decode=0 allow_vec=1 kernel=MMA_F16 need_f16_K=0 need_f16_V=1 Knb=[36,288,72,73728] Vnb=[24,768,192,196608] Keff_nb=[2,2048,512,524288] Veff_nb=[24,768,192,196608]
CUDA_FA_ROUTE_ALLOC kernel=MMA_F16 need_f16_K=0 need_f16_V=1 workspace_end_offset=4718592 dst_data=(nil) f16_K=(nil) f16_V=0x400000 f16_end=0x480000
CUDA_FA_ROUTE_PLAN device=0 Q=[256,256,16,1] Kraw=turbo2_tcq Vraw=q5_1 Kshape=[256,256,4,1] Vshape=[256,256,4,1] Keff=f16 Veff=q5_1 turbo_kv=1 prefer_native_vec=0 decode=1 dk=1 dv=0 unsafe_vec_after_turbo_v_decode=0 allow_vec=1 kernel=MMA_F16 need_f16_K=0 need_f16_V=1 Knb=[36,288,72,73728] Vnb=[24,768,192,196608] Keff_nb=[2,2048,512,524288] Veff_nb=[24,768,192,196608]
CUDA_FA_ROUTE_ALLOC kernel=MMA_F16 need_f16_K=0 need_f16_V=1 workspace_end_offset=4718592 dst_data=(nil) f16_K=(nil) f16_V=0x400000 f16_end=0x480000
CUDA_FA_ROUTE_PLAN device=0 Q=[256,256,16,1] Kraw=turbo2_tcq Vraw=q5_1 Kshape=[256,256,4,1] Vshape=[256,256,4,1] Keff=f16 Veff=q5_1 turbo_kv=1 prefer_native_vec=0 decode=1 dk=1 dv=0 unsafe_vec_after_turbo_v_decode=0 allow_vec=1 kernel=MMA_F16 need_f16_K=0 need_f16_V=1 Knb=[36,288,72,73728] Vnb=[24,768,192,196608] Keff_nb=[2,2048,512,524288] Veff_nb=[24,768,192,196608]
CUDA_FA_ROUTE_ALLOC kernel=MMA_F16 need_f16_K=0 need_f16_V=1 workspace_end_offset=4718592 dst_data=(nil) f16_K=(nil) f16_V=0x400000 f16_end=0x480000
CUDA_FA_ROUTE_PLAN device=0 Q=[256,256,16,1] Kraw=turbo2_tcq Vraw=q5_1 Kshape=[256,256,4,1] Vshape=[256,256,4,1] Keff=f16 Veff=q5_1 turbo_kv=1 prefer_native_vec=0 decode=1 dk=1 dv=0 unsafe_vec_after_turbo_v_decode=0 allow_vec=1 kernel=MMA_F16 need_f16_K=0 need_f16_V=1 Knb=[36,288,72,73728] Vnb=[24,768,192,196608] Keff_nb=[2,2048,512,524288] Veff_nb=[24,768,192,196608]
CUDA_FA_ROUTE_ALLOC kernel=MMA_F16 need_f16_K=0 need_f16_V=1 workspace_end_offset=4718592 dst_data=(nil) f16_K=(nil) f16_V=0x400000 f16_end=0x480000
CUDA_FA_ROUTE_PLAN device=0 Q=[256,256,16,1] Kraw=turbo2_tcq Vraw=q5_1 Kshape=[256,256,4,1] Vshape=[256,256,4,1] Keff=f16 Veff=q5_1 turbo_kv=1 prefer_native_vec=0 decode=1 dk=1 dv=0 unsafe_vec_after_turbo_v_decode=0 allow_vec=1 kernel=MMA_F16 need_f16_K=0 need_f16_V=1 Knb=[36,288,72,73728] Vnb=[24,768,192,196608] Keff_nb=[2,2048,512,524288] Veff_nb=[24,768,192,196608]
CUDA_FA_ROUTE_ALLOC kernel=MMA_F16 need_f16_K=0 need_f16_V=1 workspace_end_offset=4718592 dst_data=(nil) f16_K=(nil) f16_V=0x400000 f16_end=0x480000
CUDA_FA_ROUTE_PLAN device=0 Q=[256,256,16,1] Kraw=turbo2_tcq Vraw=q5_1 Kshape=[256,256,4,1] Vshape=[256,256,4,1] Keff=f16 Veff=q5_1 turbo_kv=1 prefer_native_vec=0 decode=1 dk=1 dv=0 unsafe_vec_after_turbo_v_decode=0 allow_vec=1 kernel=MMA_F16 need_f16_K=0 need_f16_V=1 Knb=[36,288,72,73728] Vnb=[24,768,192,196608] Keff_nb=[2,2048,512,524288] Veff_nb=[24,768,192,196608]
CUDA_FA_ROUTE_ALLOC kernel=MMA_F16 need_f16_K=0 need_f16_V=1 workspace_end_offset=4718592 dst_data=(nil) f16_K=(nil) f16_V=0x400000 f16_end=0x480000
CUDA_FA_ROUTE_PLAN device=0 Q=[256,256,16,1] Kraw=turbo2_tcq Vraw=q5_1 Kshape=[256,256,4,1] Vshape=[256,256,4,1] Keff=f16 Veff=q5_1 turbo_kv=1 prefer_native_vec=0 decode=1 dk=1 dv=0 unsafe_vec_after_turbo_v_decode=0 allow_vec=1 kernel=MMA_F16 need_f16_K=0 need_f16_V=1 Knb=[36,288,72,73728] Vnb=[24,768,192,196608] Keff_nb=[2,2048,512,524288] Veff_nb=[24,768,192,196608]
CUDA_FA_ROUTE_ALLOC kernel=MMA_F16 need_f16_K=0 need_f16_V=1 workspace_end_offset=4718592 dst_data=(nil) f16_K=(nil) f16_V=0x400000 f16_end=0x480000
CUDA_FA_ROUTE_PLAN device=0 Q=[256,256,16,1] Kraw=turbo2_tcq Vraw=q5_1 Kshape=[256,256,4,1] Vshape=[256,256,4,1] Keff=f16 Veff=q5_1 turbo_kv=1 prefer_native_vec=0 decode=1 dk=1 dv=0 unsafe_vec_after_turbo_v_decode=0 allow_vec=1 kernel=MMA_F16 need_f16_K=0 need_f16_V=1 Knb=[36,288,72,73728] Vnb=[24,768,192,196608] Keff_nb=[2,2048,512,524288] Veff_nb=[24,768,192,196608]
CUDA_FA_ROUTE_ALLOC kernel=MMA_F16 need_f16_K=0 need_f16_V=1 workspace_end_offset=4718592 dst_data=(nil) f16_K=(nil) f16_V=0x400000 f16_end=0x480000
CUDA_FA_ROUTE_PLAN device=0 Q=[256,256,16,1] Kraw=turbo2_tcq Vraw=q5_1 Kshape=[256,256,4,1] Vshape=[256,256,4,1] Keff=f16 Veff=q5_1 turbo_kv=1 prefer_native_vec=0 decode=1 dk=1 dv=0 unsafe_vec_after_turbo_v_decode=0 allow_vec=1 kernel=MMA_F16 need_f16_K=0 need_f16_V=1 Knb=[36,288,72,73728] Vnb=[24,768,192,196608] Keff_nb=[2,2048,512,524288] Veff_nb=[24,768,192,196608]
CUDA_FA_ROUTE_ALLOC kernel=MMA_F16 need_f16_K=0 need_f16_V=1 workspace_end_offset=4718592 dst_data=(nil) f16_K=(nil) f16_V=0x400000 f16_end=0x480000
CUDA_FA_ROUTE_PLAN device=0 Q=[256,1,16,1] Kraw=turbo2_tcq Vraw=q5_1 Kshape=[256,256,4,1] Vshape=[256,256,4,1] Keff=f16 Veff=q5_1 turbo_kv=1 prefer_native_vec=0 decode=1 dk=1 dv=0 unsafe_vec_after_turbo_v_decode=0 allow_vec=1 kernel=VEC need_f16_K=0 need_f16_V=0 Knb=[36,288,72,73728] Vnb=[24,768,192,196608] Keff_nb=[2,2048,512,524288] Veff_nb=[24,768,192,196608]
CUDA_FA_ROUTE_PLAN device=0 Q=[256,1,16,1] Kraw=turbo2_tcq Vraw=q5_1 Kshape=[256,256,4,1] Vshape=[256,256,4,1] Keff=f16 Veff=q5_1 turbo_kv=1 prefer_native_vec=0 decode=1 dk=1 dv=0 unsafe_vec_after_turbo_v_decode=0 allow_vec=1 kernel=VEC need_f16_K=0 need_f16_V=0 Knb=[36,288,72,73728] Vnb=[24,768,192,196608] Keff_nb=[2,2048,512,524288] Veff_nb=[24,768,192,196608]
CUDA_FA_ROUTE_PLAN device=0 Q=[256,1,16,1] Kraw=turbo2_tcq Vraw=q5_1 Kshape=[256,256,4,1] Vshape=[256,256,4,1] Keff=f16 Veff=q5_1 turbo_kv=1 prefer_native_vec=0 decode=1 dk=1 dv=0 unsafe_vec_after_turbo_v_decode=0 allow_vec=1 kernel=VEC need_f16_K=0 need_f16_V=0 Knb=[36,288,72,73728] Vnb=[24,768,192,196608] Keff_nb=[2,2048,512,524288] Veff_nb=[24,768,192,196608]
CUDA_FA_ROUTE_PLAN device=0 Q=[256,1,16,1] Kraw=turbo2_tcq Vraw=q5_1 Kshape=[256,256,4,1] Vshape=[256,256,4,1] Keff=f16 Veff=q5_1 turbo_kv=1 prefer_native_vec=0 decode=1 dk=1 dv=0 unsafe_vec_after_turbo_v_decode=0 allow_vec=1 kernel=VEC need_f16_K=0 need_f16_V=0 Knb=[36,288,72,73728] Vnb=[24,768,192,196608] Keff_nb=[2,2048,512,524288] Veff_nb=[24,768,192,196608]
CUDA_FA_ROUTE_PLAN device=0 Q=[256,1,16,1] Kraw=turbo2_tcq Vraw=q5_1 Kshape=[256,256,4,1] Vshape=[256,256,4,1] Keff=f16 Veff=q5_1 turbo_kv=1 prefer_native_vec=0 decode=1 dk=1 dv=0 unsafe_vec_after_turbo_v_decode=0 allow_vec=1 kernel=VEC need_f16_K=0 need_f16_V=0 Knb=[36,288,72,73728] Vnb=[24,768,192,196608] Keff_nb=[2,2048,512,524288] Veff_nb=[24,768,192,196608]
CUDA_FA_ROUTE_PLAN device=0 Q=[256,1,16,1] Kraw=turbo2_tcq Vraw=q5_1 Kshape=[256,256,4,1] Vshape=[256,256,4,1] Keff=f16 Veff=q5_1 turbo_kv=1 prefer_native_vec=0 decode=1 dk=1 dv=0 unsafe_vec_after_turbo_v_decode=0 allow_vec=1 kernel=VEC need_f16_K=0 need_f16_V=0 Knb=[36,288,72,73728] Vnb=[24,768,192,196608] Keff_nb=[2,2048,512,524288] Veff_nb=[24,768,192,196608]
CUDA_FA_ROUTE_PLAN device=0 Q=[256,1,16,1] Kraw=turbo2_tcq Vraw=q5_1 Kshape=[256,256,4,1] Vshape=[256,256,4,1] Keff=f16 Veff=q5_1 turbo_kv=1 prefer_native_vec=0 decode=1 dk=1 dv=0 unsafe_vec_after_turbo_v_decode=0 allow_vec=1 kernel=VEC need_f16_K=0 need_f16_V=0 Knb=[36,288,72,73728] Vnb=[24,768,192,196608] Keff_nb=[2,2048,512,524288] Veff_nb=[24,768,192,196608]
CUDA_FA_ROUTE_PLAN device=0 Q=[256,1,16,1] Kraw=turbo2_tcq Vraw=q5_1 Kshape=[256,256,4,1] Vshape=[256,256,4,1] Keff=f16 Veff=q5_1 turbo_kv=1 prefer_native_vec=0 decode=1 dk=1 dv=0 unsafe_vec_after_turbo_v_decode=0 allow_vec=1 kernel=VEC need_f16_K=0 need_f16_V=0 Knb=[36,288,72,73728] Vnb=[24,768,192,196608] Keff_nb=[2,2048,512,524288] Veff_nb=[24,768,192,196608]
CUDA_FA_ROUTE_PLAN device=0 Q=[256,256,16,1] Kraw=turbo2_tcq Vraw=q5_1 Kshape=[256,256,4,1] Vshape=[256,256,4,1] Keff=f16 Veff=q5_1 turbo_kv=1 prefer_native_vec=0 decode=1 dk=1 dv=0 unsafe_vec_after_turbo_v_decode=0 allow_vec=1 kernel=MMA_F16 need_f16_K=0 need_f16_V=1 Knb=[36,288,72,73728] Vnb=[24,768,192,196608] Keff_nb=[2,2048,512,524288] Veff_nb=[24,768,192,196608]
CUDA_FA_ROUTE_SUPPORTED kernel=MMA_F16 effK=f16 effV=q5_1 supported=1
CUDA_FA_ROUTE_PLAN device=0 Q=[256,256,16,1] Kraw=turbo2_tcq Vraw=q5_1 Kshape=[256,256,4,1] Vshape=[256,256,4,1] Keff=f16 Veff=q5_1 turbo_kv=1 prefer_native_vec=0 decode=1 dk=1 dv=0 unsafe_vec_after_turbo_v_decode=0 allow_vec=1 kernel=MMA_F16 need_f16_K=0 need_f16_V=1 Knb=[36,288,72,73728] Vnb=[24,768,192,196608] Keff_nb=[2,2048,512,524288] Veff_nb=[24,768,192,196608]
CUDA_FA_ROUTE_SUPPORTED kernel=MMA_F16 effK=f16 effV=q5_1 supported=1
CUDA_FA_ROUTE_PLAN device=0 Q=[256,256,16,1] Kraw=turbo2_tcq Vraw=q5_1 Kshape=[256,256,4,1] Vshape=[256,256,4,1] Keff=f16 Veff=q5_1 turbo_kv=1 prefer_native_vec=0 decode=1 dk=1 dv=0 unsafe_vec_after_turbo_v_decode=0 allow_vec=1 kernel=MMA_F16 need_f16_K=0 need_f16_V=1 Knb=[36,288,72,73728] Vnb=[24,768,192,196608] Keff_nb=[2,2048,512,524288] Veff_nb=[24,768,192,196608]
CUDA_FA_ROUTE_SUPPORTED kernel=MMA_F16 effK=f16 effV=q5_1 supported=1
CUDA_FA_ROUTE_PLAN device=0 Q=[256,256,16,1] Kraw=turbo2_tcq Vraw=q5_1 Kshape=[256,256,4,1] Vshape=[256,256,4,1] Keff=f16 Veff=q5_1 turbo_kv=1 prefer_native_vec=0 decode=1 dk=1 dv=0 unsafe_vec_after_turbo_v_decode=0 allow_vec=1 kernel=MMA_F16 need_f16_K=0 need_f16_V=1 Knb=[36,288,72,73728] Vnb=[24,768,192,196608] Keff_nb=[2,2048,512,524288] Veff_nb=[24,768,192,196608]
CUDA_FA_ROUTE_SUPPORTED kernel=MMA_F16 effK=f16 effV=q5_1 supported=1
CUDA_FA_ROUTE_PLAN device=0 Q=[256,256,16,1] Kraw=turbo2_tcq Vraw=q5_1 Kshape=[256,256,4,1] Vshape=[256,256,4,1] Keff=f16 Veff=q5_1 turbo_kv=1 prefer_native_vec=0 decode=1 dk=1 dv=0 unsafe_vec_after_turbo_v_decode=0 allow_vec=1 kernel=MMA_F16 need_f16_K=0 need_f16_V=1 Knb=[36,288,72,73728] Vnb=[24,768,192,196608] Keff_nb=[2,2048,512,524288] Veff_nb=[24,768,192,196608]
CUDA_FA_ROUTE_SUPPORTED kernel=MMA_F16 effK=f16 effV=q5_1 supported=1
CUDA_FA_ROUTE_PLAN device=0 Q=[256,256,16,1] Kraw=turbo2_tcq Vraw=q5_1 Kshape=[256,256,4,1] Vshape=[256,256,4,1] Keff=f16 Veff=q5_1 turbo_kv=1 prefer_native_vec=0 decode=1 dk=1 dv=0 unsafe_vec_after_turbo_v_decode=0 allow_vec=1 kernel=MMA_F16 need_f16_K=0 need_f16_V=1 Knb=[36,288,72,73728] Vnb=[24,768,192,196608] Keff_nb=[2,2048,512,524288] Veff_nb=[24,768,192,196608]
CUDA_FA_ROUTE_SUPPORTED kernel=MMA_F16 effK=f16 effV=q5_1 supported=1
CUDA_FA_ROUTE_PLAN device=0 Q=[256,256,16,1] Kraw=turbo2_tcq Vraw=q5_1 Kshape=[256,256,4,1] Vshape=[256,256,4,1] Keff=f16 Veff=q5_1 turbo_kv=1 prefer_native_vec=0 decode=1 dk=1 dv=0 unsafe_vec_after_turbo_v_decode=0 allow_vec=1 kernel=MMA_F16 need_f16_K=0 need_f16_V=1 Knb=[36,288,72,73728] Vnb=[24,768,192,196608] Keff_nb=[2,2048,512,524288] Veff_nb=[24,768,192,196608]
CUDA_FA_ROUTE_SUPPORTED kernel=MMA_F16 effK=f16 effV=q5_1 supported=1
CUDA_FA_ROUTE_PLAN device=0 Q=[256,256,16,1] Kraw=turbo2_tcq Vraw=q5_1 Kshape=[256,256,4,1] Vshape=[256,256,4,1] Keff=f16 Veff=q5_1 turbo_kv=1 prefer_native_vec=0 decode=1 dk=1 dv=0 unsafe_vec_after_turbo_v_decode=0 allow_vec=1 kernel=MMA_F16 need_f16_K=0 need_f16_V=1 Knb=[36,288,72,73728] Vnb=[24,768,192,196608] Keff_nb=[2,2048,512,524288] Veff_nb=[24,768,192,196608]
CUDA_FA_ROUTE_SUPPORTED kernel=MMA_F16 effK=f16 effV=q5_1 supported=1
CUDA_FA_ROUTE_PLAN device=0 Q=[256,256,16,1] Kraw=turbo2_tcq Vraw=q5_1 Kshape=[256,256,4,1] Vshape=[256,256,4,1] Keff=f16 Veff=q5_1 turbo_kv=1 prefer_native_vec=0 decode=1 dk=1 dv=0 unsafe_vec_after_turbo_v_decode=0 allow_vec=1 kernel=MMA_F16 need_f16_K=0 need_f16_V=1 Knb=[36,288,72,73728] Vnb=[24,768,192,196608] Keff_nb=[2,2048,512,524288] Veff_nb=[24,768,192,196608]
CUDA_FA_ROUTE_SUPPORTED kernel=MMA_F16 effK=f16 effV=q5_1 supported=1
CUDA_FA_ROUTE_PLAN device=0 Q=[256,256,16,1] Kraw=turbo2_tcq Vraw=q5_1 Kshape=[256,256,4,1] Vshape=[256,256,4,1] Keff=f16 Veff=q5_1 turbo_kv=1 prefer_native_vec=0 decode=1 dk=1 dv=0 unsafe_vec_after_turbo_v_decode=0 allow_vec=1 kernel=MMA_F16 need_f16_K=0 need_f16_V=1 Knb=[36,288,72,73728] Vnb=[24,768,192,196608] Keff_nb=[2,2048,512,524288] Veff_nb=[24,768,192,196608]
CUDA_FA_ROUTE_SUPPORTED kernel=MMA_F16 effK=f16 effV=q5_1 supported=1
CUDA_FA_ROUTE_PLAN device=0 Q=[256,256,16,1] Kraw=turbo2_tcq Vraw=q5_1 Kshape=[256,256,4,1] Vshape=[256,256,4,1] Keff=f16 Veff=q5_1 turbo_kv=1 prefer_native_vec=0 decode=1 dk=1 dv=0 unsafe_vec_after_turbo_v_decode=0 allow_vec=1 kernel=MMA_F16 need_f16_K=0 need_f16_V=1 Knb=[36,288,72,73728] Vnb=[24,768,192,196608] Keff_nb=[2,2048,512,524288] Veff_nb=[24,768,192,196608]
CUDA_FA_ROUTE_SUPPORTED kernel=MMA_F16 effK=f16 effV=q5_1 supported=1
CUDA_FA_ROUTE_PLAN device=0 Q=[256,256,16,1] Kraw=turbo2_tcq Vraw=q5_1 Kshape=[256,256,4,1] Vshape=[256,256,4,1] Keff=f16 Veff=q5_1 turbo_kv=1 prefer_native_vec=0 decode=1 dk=1 dv=0 unsafe_vec_after_turbo_v_decode=0 allow_vec=1 kernel=MMA_F16 need_f16_K=0 need_f16_V=1 Knb=[36,288,72,73728] Vnb=[24,768,192,196608] Keff_nb=[2,2048,512,524288] Veff_nb=[24,768,192,196608]
CUDA_FA_ROUTE_SUPPORTED kernel=MMA_F16 effK=f16 effV=q5_1 supported=1
CUDA_FA_ROUTE_PLAN device=0 Q=[256,256,16,1] Kraw=turbo2_tcq Vraw=q5_1 Kshape=[256,256,4,1] Vshape=[256,256,4,1] Keff=f16 Veff=q5_1 turbo_kv=1 prefer_native_vec=0 decode=1 dk=1 dv=0 unsafe_vec_after_turbo_v_decode=0 allow_vec=1 kernel=MMA_F16 need_f16_K=0 need_f16_V=1 Knb=[36,288,72,73728] Vnb=[24,768,192,196608] Keff_nb=[2,2048,512,524288] Veff_nb=[24,768,192,196608]
CUDA_FA_ROUTE_SUPPORTED kernel=MMA_F16 effK=f16 effV=q5_1 supported=1
CUDA_FA_ROUTE_PLAN device=0 Q=[256,256,16,1] Kraw=turbo2_tcq Vraw=q5_1 Kshape=[256,256,4,1] Vshape=[256,256,4,1] Keff=f16 Veff=q5_1 turbo_kv=1 prefer_native_vec=0 decode=1 dk=1 dv=0 unsafe_vec_after_turbo_v_decode=0 allow_vec=1 kernel=MMA_F16 need_f16_K=0 need_f16_V=1 Knb=[36,288,72,73728] Vnb=[24,768,192,196608] Keff_nb=[2,2048,512,524288] Veff_nb=[24,768,192,196608]
CUDA_FA_ROUTE_SUPPORTED kernel=MMA_F16 effK=f16 effV=q5_1 supported=1
CUDA_FA_ROUTE_PLAN device=0 Q=[256,256,16,1] Kraw=turbo2_tcq Vraw=q5_1 Kshape=[256,256,4,1] Vshape=[256,256,4,1] Keff=f16 Veff=q5_1 turbo_kv=1 prefer_native_vec=0 decode=1 dk=1 dv=0 unsafe_vec_after_turbo_v_decode=0 allow_vec=1 kernel=MMA_F16 need_f16_K=0 need_f16_V=1 Knb=[36,288,72,73728] Vnb=[24,768,192,196608] Keff_nb=[2,2048,512,524288] Veff_nb=[24,768,192,196608]
CUDA_FA_ROUTE_SUPPORTED kernel=MMA_F16 effK=f16 effV=q5_1 supported=1
CUDA_FA_ROUTE_PLAN device=0 Q=[256,256,16,1] Kraw=turbo2_tcq Vraw=q5_1 Kshape=[256,256,4,1] Vshape=[256,256,4,1] Keff=f16 Veff=q5_1 turbo_kv=1 prefer_native_vec=0 decode=1 dk=1 dv=0 unsafe_vec_after_turbo_v_decode=0 allow_vec=1 kernel=MMA_F16 need_f16_K=0 need_f16_V=1 Knb=[36,288,72,73728] Vnb=[24,768,192,196608] Keff_nb=[2,2048,512,524288] Veff_nb=[24,768,192,196608]
CUDA_FA_ROUTE_SUPPORTED kernel=MMA_F16 effK=f16 effV=q5_1 supported=1
CUDA_FA_ROUTE_PLAN device=0 Q=[256,256,16,1] Kraw=turbo2_tcq Vraw=q5_1 Kshape=[256,256,4,1] Vshape=[256,256,4,1] Keff=f16 Veff=q5_1 turbo_kv=1 prefer_native_vec=0 decode=1 dk=1 dv=0 unsafe_vec_after_turbo_v_decode=0 allow_vec=1 kernel=MMA_F16 need_f16_K=0 need_f16_V=1 Knb=[36,288,72,73728] Vnb=[24,768,192,196608] Keff_nb=[2,2048,512,524288] Veff_nb=[24,768,192,196608]
CUDA_FA_ROUTE_ALLOC kernel=MMA_F16 need_f16_K=0 need_f16_V=1 workspace_end_offset=4718592 dst_data=(nil) f16_K=(nil) f16_V=0x400000 f16_end=0x480000
CUDA_FA_ROUTE_PLAN device=0 Q=[256,256,16,1] Kraw=turbo2_tcq Vraw=q5_1 Kshape=[256,256,4,1] Vshape=[256,256,4,1] Keff=f16 Veff=q5_1 turbo_kv=1 prefer_native_vec=0 decode=1 dk=1 dv=0 unsafe_vec_after_turbo_v_decode=0 allow_vec=1 kernel=MMA_F16 need_f16_K=0 need_f16_V=1 Knb=[36,288,72,73728] Vnb=[24,768,192,196608] Keff_nb=[2,2048,512,524288] Veff_nb=[24,768,192,196608]
CUDA_FA_ROUTE_ALLOC kernel=MMA_F16 need_f16_K=0 need_f16_V=1 workspace_end_offset=4718592 dst_data=(nil) f16_K=(nil) f16_V=0x400000 f16_end=0x480000
CUDA_FA_ROUTE_PLAN device=0 Q=[256,256,16,1] Kraw=turbo2_tcq Vraw=q5_1 Kshape=[256,256,4,1] Vshape=[256,256,4,1] Keff=f16 Veff=q5_1 turbo_kv=1 prefer_native_vec=0 decode=1 dk=1 dv=0 unsafe_vec_after_turbo_v_decode=0 allow_vec=1 kernel=MMA_F16 need_f16_K=0 need_f16_V=1 Knb=[36,288,72,73728] Vnb=[24,768,192,196608] Keff_nb=[2,2048,512,524288] Veff_nb=[24,768,192,196608]
CUDA_FA_ROUTE_ALLOC kernel=MMA_F16 need_f16_K=0 need_f16_V=1 workspace_end_offset=4718592 dst_data=(nil) f16_K=(nil) f16_V=0x400000 f16_end=0x480000
CUDA_FA_ROUTE_PLAN device=0 Q=[256,256,16,1] Kraw=turbo2_tcq Vraw=q5_1 Kshape=[256,256,4,1] Vshape=[256,256,4,1] Keff=f16 Veff=q5_1 turbo_kv=1 prefer_native_vec=0 decode=1 dk=1 dv=0 unsafe_vec_after_turbo_v_decode=0 allow_vec=1 kernel=MMA_F16 need_f16_K=0 need_f16_V=1 Knb=[36,288,72,73728] Vnb=[24,768,192,196608] Keff_nb=[2,2048,512,524288] Veff_nb=[24,768,192,196608]
CUDA_FA_ROUTE_ALLOC kernel=MMA_F16 need_f16_K=0 need_f16_V=1 workspace_end_offset=4718592 dst_data=(nil) f16_K=(nil) f16_V=0x400000 f16_end=0x480000
CUDA_FA_ROUTE_PLAN device=0 Q=[256,256,16,1] Kraw=turbo2_tcq Vraw=q5_1 Kshape=[256,256,4,1] Vshape=[256,256,4,1] Keff=f16 Veff=q5_1 turbo_kv=1 prefer_native_vec=0 decode=1 dk=1 dv=0 unsafe_vec_after_turbo_v_decode=0 allow_vec=1 kernel=MMA_F16 need_f16_K=0 need_f16_V=1 Knb=[36,288,72,73728] Vnb=[24,768,192,196608] Keff_nb=[2,2048,512,524288] Veff_nb=[24,768,192,196608]
CUDA_FA_ROUTE_ALLOC kernel=MMA_F16 need_f16_K=0 need_f16_V=1 workspace_end_offset=4718592 dst_data=(nil) f16_K=(nil) f16_V=0x400000 f16_end=0x480000
CUDA_FA_ROUTE_PLAN device=0 Q=[256,256,16,1] Kraw=turbo2_tcq Vraw=q5_1 Kshape=[256,256,4,1] Vshape=[256,256,4,1] Keff=f16 Veff=q5_1 turbo_kv=1 prefer_native_vec=0 decode=1 dk=1 dv=0 unsafe_vec_after_turbo_v_decode=0 allow_vec=1 kernel=MMA_F16 need_f16_K=0 need_f16_V=1 Knb=[36,288,72,73728] Vnb=[24,768,192,196608] Keff_nb=[2,2048,512,524288] Veff_nb=[24,768,192,196608]
CUDA_FA_ROUTE_ALLOC kernel=MMA_F16 need_f16_K=0 need_f16_V=1 workspace_end_offset=4718592 dst_data=(nil) f16_K=(nil) f16_V=0x400000 f16_end=0x480000
CUDA_FA_ROUTE_PLAN device=0 Q=[256,256,16,1] Kraw=turbo2_tcq Vraw=q5_1 Kshape=[256,256,4,1] Vshape=[256,256,4,1] Keff=f16 Veff=q5_1 turbo_kv=1 prefer_native_vec=0 decode=1 dk=1 dv=0 unsafe_vec_after_turbo_v_decode=0 allow_vec=1 kernel=MMA_F16 need_f16_K=0 need_f16_V=1 Knb=[36,288,72,73728] Vnb=[24,768,192,196608] Keff_nb=[2,2048,512,524288] Veff_nb=[24,768,192,196608]
CUDA_FA_ROUTE_ALLOC kernel=MMA_F16 need_f16_K=0 need_f16_V=1 workspace_end_offset=4718592 dst_data=(nil) f16_K=(nil) f16_V=0x400000 f16_end=0x480000
CUDA_FA_ROUTE_PLAN device=0 Q=[256,256,16,1] Kraw=turbo2_tcq Vraw=q5_1 Kshape=[256,256,4,1] Vshape=[256,256,4,1] Keff=f16 Veff=q5_1 turbo_kv=1 prefer_native_vec=0 decode=1 dk=1 dv=0 unsafe_vec_after_turbo_v_decode=0 allow_vec=1 kernel=MMA_F16 need_f16_K=0 need_f16_V=1 Knb=[36,288,72,73728] Vnb=[24,768,192,196608] Keff_nb=[2,2048,512,524288] Veff_nb=[24,768,192,196608]
CUDA_FA_ROUTE_ALLOC kernel=MMA_F16 need_f16_K=0 need_f16_V=1 workspace_end_offset=4718592 dst_data=(nil) f16_K=(nil) f16_V=0x400000 f16_end=0x480000
CUDA_FA_ROUTE_PLAN device=0 Q=[256,256,16,1] Kraw=turbo2_tcq Vraw=q5_1 Kshape=[256,256,4,1] Vshape=[256,256,4,1] Keff=f16 Veff=q5_1 turbo_kv=1 prefer_native_vec=0 decode=1 dk=1 dv=0 unsafe_vec_after_turbo_v_decode=0 allow_vec=1 kernel=MMA_F16 need_f16_K=0 need_f16_V=1 Knb=[36,288,72,73728] Vnb=[24,768,192,196608] Keff_nb=[2,2048,512,524288] Veff_nb=[24,768,192,196608]
CUDA_FA_ROUTE_ALLOC kernel=MMA_F16 need_f16_K=0 need_f16_V=1 workspace_end_offset=4718592 dst_data=(nil) f16_K=(nil) f16_V=0x400000 f16_end=0x480000
CUDA_FA_ROUTE_PLAN device=0 Q=[256,256,16,1] Kraw=turbo2_tcq Vraw=q5_1 Kshape=[256,256,4,1] Vshape=[256,256,4,1] Keff=f16 Veff=q5_1 turbo_kv=1 prefer_native_vec=0 decode=1 dk=1 dv=0 unsafe_vec_after_turbo_v_decode=0 allow_vec=1 kernel=MMA_F16 need_f16_K=0 need_f16_V=1 Knb=[36,288,72,73728] Vnb=[24,768,192,196608] Keff_nb=[2,2048,512,524288] Veff_nb=[24,768,192,196608]
CUDA_FA_ROUTE_ALLOC kernel=MMA_F16 need_f16_K=0 need_f16_V=1 workspace_end_offset=4718592 dst_data=(nil) f16_K=(nil) f16_V=0x400000 f16_end=0x480000
CUDA_FA_ROUTE_PLAN device=0 Q=[256,256,16,1] Kraw=turbo2_tcq Vraw=q5_1 Kshape=[256,256,4,1] Vshape=[256,256,4,1] Keff=f16 Veff=q5_1 turbo_kv=1 prefer_native_vec=0 decode=1 dk=1 dv=0 unsafe_vec_after_turbo_v_decode=0 allow_vec=1 kernel=MMA_F16 need_f16_K=0 need_f16_V=1 Knb=[36,288,72,73728] Vnb=[24,768,192,196608] Keff_nb=[2,2048,512,524288] Veff_nb=[24,768,192,196608]
CUDA_FA_ROUTE_ALLOC kernel=MMA_F16 need_f16_K=0 need_f16_V=1 workspace_end_offset=4718592 dst_data=(nil) f16_K=(nil) f16_V=0x400000 f16_end=0x480000
CUDA_FA_ROUTE_PLAN device=0 Q=[256,256,16,1] Kraw=turbo2_tcq Vraw=q5_1 Kshape=[256,256,4,1] Vshape=[256,256,4,1] Keff=f16 Veff=q5_1 turbo_kv=1 prefer_native_vec=0 decode=1 dk=1 dv=0 unsafe_vec_after_turbo_v_decode=0 allow_vec=1 kernel=MMA_F16 need_f16_K=0 need_f16_V=1 Knb=[36,288,72,73728] Vnb=[24,768,192,196608] Keff_nb=[2,2048,512,524288] Veff_nb=[24,768,192,196608]
CUDA_FA_ROUTE_ALLOC kernel=MMA_F16 need_f16_K=0 need_f16_V=1 workspace_end_offset=4718592 dst_data=(nil) f16_K=(nil) f16_V=0x400000 f16_end=0x480000
CUDA_FA_ROUTE_PLAN device=0 Q=[256,256,16,1] Kraw=turbo2_tcq Vraw=q5_1 Kshape=[256,256,4,1] Vshape=[256,256,4,1] Keff=f16 Veff=q5_1 turbo_kv=1 prefer_native_vec=0 decode=1 dk=1 dv=0 unsafe_vec_after_turbo_v_decode=0 allow_vec=1 kernel=MMA_F16 need_f16_K=0 need_f16_V=1 Knb=[36,288,72,73728] Vnb=[24,768,192,196608] Keff_nb=[2,2048,512,524288] Veff_nb=[24,768,192,196608]
CUDA_FA_ROUTE_ALLOC kernel=MMA_F16 need_f16_K=0 need_f16_V=1 workspace_end_offset=4718592 dst_data=(nil) f16_K=(nil) f16_V=0x400000 f16_end=0x480000
CUDA_FA_ROUTE_PLAN device=0 Q=[256,256,16,1] Kraw=turbo2_tcq Vraw=q5_1 Kshape=[256,256,4,1] Vshape=[256,256,4,1] Keff=f16 Veff=q5_1 turbo_kv=1 prefer_native_vec=0 decode=1 dk=1 dv=0 unsafe_vec_after_turbo_v_decode=0 allow_vec=1 kernel=MMA_F16 need_f16_K=0 need_f16_V=1 Knb=[36,288,72,73728] Vnb=[24,768,192,196608] Keff_nb=[2,2048,512,524288] Veff_nb=[24,768,192,196608]
CUDA_FA_ROUTE_ALLOC kernel=MMA_F16 need_f16_K=0 need_f16_V=1 workspace_end_offset=4718592 dst_data=(nil) f16_K=(nil) f16_V=0x400000 f16_end=0x480000
CUDA_FA_ROUTE_PLAN device=0 Q=[256,256,16,1] Kraw=turbo2_tcq Vraw=q5_1 Kshape=[256,256,4,1] Vshape=[256,256,4,1] Keff=f16 Veff=q5_1 turbo_kv=1 prefer_native_vec=0 decode=1 dk=1 dv=0 unsafe_vec_after_turbo_v_decode=0 allow_vec=1 kernel=MMA_F16 need_f16_K=0 need_f16_V=1 Knb=[36,288,72,73728] Vnb=[24,768,192,196608] Keff_nb=[2,2048,512,524288] Veff_nb=[24,768,192,196608]
CUDA_FA_ROUTE_ALLOC kernel=MMA_F16 need_f16_K=0 need_f16_V=1 workspace_end_offset=4718592 dst_data=(nil) f16_K=(nil) f16_V=0x400000 f16_end=0x480000
CUDA_FA_ROUTE_PLAN device=0 Q=[256,256,16,1] Kraw=turbo2_tcq Vraw=q5_1 Kshape=[256,256,4,1] Vshape=[256,256,4,1] Keff=f16 Veff=q5_1 turbo_kv=1 prefer_native_vec=0 decode=1 dk=1 dv=0 unsafe_vec_after_turbo_v_decode=0 allow_vec=1 kernel=MMA_F16 need_f16_K=0 need_f16_V=1 Knb=[36,288,72,73728] Vnb=[24,768,192,196608] Keff_nb=[2,2048,512,524288] Veff_nb=[24,768,192,196608]
CUDA_FA_ROUTE_ALLOC kernel=MMA_F16 need_f16_K=0 need_f16_V=1 workspace_end_offset=4718592 dst_data=(nil) f16_K=(nil) f16_V=0x400000 f16_end=0x480000
CUDA_FA_ROUTE_PLAN device=0 Q=[256,256,16,1] Kraw=turbo2_tcq Vraw=q5_1 Kshape=[256,256,4,1] Vshape=[256,256,4,1] Keff=f16 Veff=q5_1 turbo_kv=1 prefer_native_vec=0 decode=1 dk=1 dv=0 unsafe_vec_after_turbo_v_decode=0 allow_vec=1 kernel=MMA_F16 need_f16_K=0 need_f16_V=1 Knb=[36,288,72,73728] Vnb=[24,768,192,196608] Keff_nb=[2,2048,512,524288] Veff_nb=[24,768,192,196608]
CUDA_FA_ROUTE_ALLOC kernel=MMA_F16 need_f16_K=0 need_f16_V=1 workspace_end_offset=4718592 dst_data=(nil) f16_K=(nil) f16_V=0x400000 f16_end=0x480000
CUDA_FA_ROUTE_PLAN device=0 Q=[256,256,16,1] Kraw=turbo2_tcq Vraw=q5_1 Kshape=[256,256,4,1] Vshape=[256,256,4,1] Keff=f16 Veff=q5_1 turbo_kv=1 prefer_native_vec=0 decode=1 dk=1 dv=0 unsafe_vec_after_turbo_v_decode=0 allow_vec=1 kernel=MMA_F16 need_f16_K=0 need_f16_V=1 Knb=[36,288,72,73728] Vnb=[24,768,192,196608] Keff_nb=[2,2048,512,524288] Veff_nb=[24,768,192,196608]
CUDA_FA_ROUTE_ALLOC kernel=MMA_F16 need_f16_K=0 need_f16_V=1 workspace_end_offset=4718592 dst_data=(nil) f16_K=(nil) f16_V=0x400000 f16_end=0x480000
CUDA_FA_ROUTE_PLAN device=0 Q=[256,256,16,1] Kraw=turbo2_tcq Vraw=q5_1 Kshape=[256,256,4,1] Vshape=[256,256,4,1] Keff=f16 Veff=q5_1 turbo_kv=1 prefer_native_vec=0 decode=1 dk=1 dv=0 unsafe_vec_after_turbo_v_decode=0 allow_vec=1 kernel=MMA_F16 need_f16_K=0 need_f16_V=1 Knb=[36,288,72,73728] Vnb=[24,768,192,196608] Keff_nb=[2,2048,512,524288] Veff_nb=[24,768,192,196608]
CUDA_FA_ROUTE_ALLOC kernel=MMA_F16 need_f16_K=0 need_f16_V=1 workspace_end_offset=4718592 dst_data=(nil) f16_K=(nil) f16_V=0x400000 f16_end=0x480000
CUDA_FA_ROUTE_PLAN device=0 Q=[256,256,16,1] Kraw=turbo2_tcq Vraw=q5_1 Kshape=[256,256,4,1] Vshape=[256,256,4,1] Keff=f16 Veff=q5_1 turbo_kv=1 prefer_native_vec=0 decode=1 dk=1 dv=0 unsafe_vec_after_turbo_v_decode=0 allow_vec=1 kernel=MMA_F16 need_f16_K=0 need_f16_V=1 Knb=[36,288,72,73728] Vnb=[24,768,192,196608] Keff_nb=[2,2048,512,524288] Veff_nb=[24,768,192,196608]
CUDA_FA_ROUTE_ALLOC kernel=MMA_F16 need_f16_K=0 need_f16_V=1 workspace_end_offset=4718592 dst_data=(nil) f16_K=(nil) f16_V=0x400000 f16_end=0x480000
CUDA_FA_ROUTE_PLAN device=0 Q=[256,256,16,1] Kraw=turbo2_tcq Vraw=q5_1 Kshape=[256,256,4,1] Vshape=[256,256,4,1] Keff=f16 Veff=q5_1 turbo_kv=1 prefer_native_vec=0 decode=1 dk=1 dv=0 unsafe_vec_after_turbo_v_decode=0 allow_vec=1 kernel=MMA_F16 need_f16_K=0 need_f16_V=1 Knb=[36,288,72,73728] Vnb=[24,768,192,196608] Keff_nb=[2,2048,512,524288] Veff_nb=[24,768,192,196608]
CUDA_FA_ROUTE_ALLOC kernel=MMA_F16 need_f16_K=0 need_f16_V=1 workspace_end_offset=4718592 dst_data=(nil) f16_K=(nil) f16_V=0x400000 f16_end=0x480000
CUDA_FA_ROUTE_PLAN device=0 Q=[256,256,16,1] Kraw=turbo2_tcq Vraw=q5_1 Kshape=[256,256,4,1] Vshape=[256,256,4,1] Keff=f16 Veff=q5_1 turbo_kv=1 prefer_native_vec=0 decode=1 dk=1 dv=0 unsafe_vec_after_turbo_v_decode=0 allow_vec=1 kernel=MMA_F16 need_f16_K=0 need_f16_V=1 Knb=[36,288,72,73728] Vnb=[24,768,192,196608] Keff_nb=[2,2048,512,524288] Veff_nb=[24,768,192,196608]
CUDA_FA_ROUTE_ALLOC kernel=MMA_F16 need_f16_K=0 need_f16_V=1 workspace_end_offset=4718592 dst_data=(nil) f16_K=(nil) f16_V=0x400000 f16_end=0x480000
CUDA_FA_ROUTE_PLAN device=0 Q=[256,256,16,1] Kraw=turbo2_tcq Vraw=q5_1 Kshape=[256,256,4,1] Vshape=[256,256,4,1] Keff=f16 Veff=q5_1 turbo_kv=1 prefer_native_vec=0 decode=1 dk=1 dv=0 unsafe_vec_after_turbo_v_decode=0 allow_vec=1 kernel=MMA_F16 need_f16_K=0 need_f16_V=1 Knb=[36,288,72,73728] Vnb=[24,768,192,196608] Keff_nb=[2,2048,512,524288] Veff_nb=[24,768,192,196608]
CUDA_FA_ROUTE_ALLOC kernel=MMA_F16 need_f16_K=0 need_f16_V=1 workspace_end_offset=4718592 dst_data=(nil) f16_K=(nil) f16_V=0x400000 f16_end=0x480000
CUDA_FA_ROUTE_PLAN device=0 Q=[256,256,16,1] Kraw=turbo2_tcq Vraw=q5_1 Kshape=[256,256,4,1] Vshape=[256,256,4,1] Keff=f16 Veff=q5_1 turbo_kv=1 prefer_native_vec=0 decode=1 dk=1 dv=0 unsafe_vec_after_turbo_v_decode=0 allow_vec=1 kernel=MMA_F16 need_f16_K=0 need_f16_V=1 Knb=[36,288,72,73728] Vnb=[24,768,192,196608] Keff_nb=[2,2048,512,524288] Veff_nb=[24,768,192,196608]
CUDA_FA_ROUTE_ALLOC kernel=MMA_F16 need_f16_K=0 need_f16_V=1 workspace_end_offset=4718592 dst_data=(nil) f16_K=(nil) f16_V=0x400000 f16_end=0x480000
CUDA_FA_ROUTE_PLAN device=0 Q=[256,256,16,1] Kraw=turbo2_tcq Vraw=q5_1 Kshape=[256,256,4,1] Vshape=[256,256,4,1] Keff=f16 Veff=q5_1 turbo_kv=1 prefer_native_vec=0 decode=1 dk=1 dv=0 unsafe_vec_after_turbo_v_decode=0 allow_vec=1 kernel=MMA_F16 need_f16_K=0 need_f16_V=1 Knb=[36,288,72,73728] Vnb=[24,768,192,196608] Keff_nb=[2,2048,512,524288] Veff_nb=[24,768,192,196608]
CUDA_FA_ROUTE_ALLOC kernel=MMA_F16 need_f16_K=0 need_f16_V=1 workspace_end_offset=4718592 dst_data=(nil) f16_K=(nil) f16_V=0x400000 f16_end=0x480000
CUDA_FA_ROUTE_PLAN device=0 Q=[256,256,16,1] Kraw=turbo2_tcq Vraw=q5_1 Kshape=[256,256,4,1] Vshape=[256,256,4,1] Keff=f16 Veff=q5_1 turbo_kv=1 prefer_native_vec=0 decode=1 dk=1 dv=0 unsafe_vec_after_turbo_v_decode=0 allow_vec=1 kernel=MMA_F16 need_f16_K=0 need_f16_V=1 Knb=[36,288,72,73728] Vnb=[24,768,192,196608] Keff_nb=[2,2048,512,524288] Veff_nb=[24,768,192,196608]
CUDA_FA_ROUTE_ALLOC kernel=MMA_F16 need_f16_K=0 need_f16_V=1 workspace_end_offset=4718592 dst_data=(nil) f16_K=(nil) f16_V=0x400000 f16_end=0x480000
CUDA_FA_ROUTE_PLAN device=0 Q=[256,256,16,1] Kraw=turbo2_tcq Vraw=q5_1 Kshape=[256,256,4,1] Vshape=[256,256,4,1] Keff=f16 Veff=q5_1 turbo_kv=1 prefer_native_vec=0 decode=1 dk=1 dv=0 unsafe_vec_after_turbo_v_decode=0 allow_vec=1 kernel=MMA_F16 need_f16_K=0 need_f16_V=1 Knb=[36,288,72,73728] Vnb=[24,768,192,196608] Keff_nb=[2,2048,512,524288] Veff_nb=[24,768,192,196608]
CUDA_FA_ROUTE_ALLOC kernel=MMA_F16 need_f16_K=0 need_f16_V=1 workspace_end_offset=4718592 dst_data=(nil) f16_K=(nil) f16_V=0x400000 f16_end=0x480000
CUDA_FA_ROUTE_PLAN device=0 Q=[256,256,16,1] Kraw=turbo2_tcq Vraw=q5_1 Kshape=[256,256,4,1] Vshape=[256,256,4,1] Keff=f16 Veff=q5_1 turbo_kv=1 prefer_native_vec=0 decode=1 dk=1 dv=0 unsafe_vec_after_turbo_v_decode=0 allow_vec=1 kernel=MMA_F16 need_f16_K=0 need_f16_V=1 Knb=[36,288,72,73728] Vnb=[24,768,192,196608] Keff_nb=[2,2048,512,524288] Veff_nb=[24,768,192,196608]
CUDA_FA_ROUTE_ALLOC kernel=MMA_F16 need_f16_K=0 need_f16_V=1 workspace_end_offset=4718592 dst_data=(nil) f16_K=(nil) f16_V=0x400000 f16_end=0x480000
CUDA_FA_ROUTE_PLAN device=0 Q=[256,256,16,1] Kraw=turbo2_tcq Vraw=q5_1 Kshape=[256,256,4,1] Vshape=[256,256,4,1] Keff=f16 Veff=q5_1 turbo_kv=1 prefer_native_vec=0 decode=1 dk=1 dv=0 unsafe_vec_after_turbo_v_decode=0 allow_vec=1 kernel=MMA_F16 need_f16_K=0 need_f16_V=1 Knb=[36,288,72,73728] Vnb=[24,768,192,196608] Keff_nb=[2,2048,512,524288] Veff_nb=[24,768,192,196608]
CUDA_FA_ROUTE_ALLOC kernel=MMA_F16 need_f16_K=0 need_f16_V=1 workspace_end_offset=4718592 dst_data=(nil) f16_K=(nil) f16_V=0x400000 f16_end=0x480000
CUDA_FA_ROUTE_PLAN device=0 Q=[256,256,16,1] Kraw=turbo2_tcq Vraw=q5_1 Kshape=[256,256,4,1] Vshape=[256,256,4,1] Keff=f16 Veff=q5_1 turbo_kv=1 prefer_native_vec=0 decode=1 dk=1 dv=0 unsafe_vec_after_turbo_v_decode=0 allow_vec=1 kernel=MMA_F16 need_f16_K=0 need_f16_V=1 Knb=[36,288,72,73728] Vnb=[24,768,192,196608] Keff_nb=[2,2048,512,524288] Veff_nb=[24,768,192,196608]
CUDA_FA_ROUTE_ALLOC kernel=MMA_F16 need_f16_K=0 need_f16_V=1 workspace_end_offset=4718592 dst_data=(nil) f16_K=(nil) f16_V=0x400000 f16_end=0x480000
CUDA_FA_ROUTE_PLAN device=0 Q=[256,256,16,1] Kraw=turbo2_tcq Vraw=q5_1 Kshape=[256,256,4,1] Vshape=[256,256,4,1] Keff=f16 Veff=q5_1 turbo_kv=1 prefer_native_vec=0 decode=1 dk=1 dv=0 unsafe_vec_after_turbo_v_decode=0 allow_vec=1 kernel=MMA_F16 need_f16_K=0 need_f16_V=1 Knb=[36,288,72,73728] Vnb=[24,768,192,196608] Keff_nb=[2,2048,512,524288] Veff_nb=[24,768,192,196608]
CUDA_FA_ROUTE_ALLOC kernel=MMA_F16 need_f16_K=0 need_f16_V=1 workspace_end_offset=4718592 dst_data=(nil) f16_K=(nil) f16_V=0x400000 f16_end=0x480000
CUDA_FA_ROUTE_PLAN device=0 Q=[256,256,16,1] Kraw=turbo2_tcq Vraw=q5_1 Kshape=[256,256,4,1] Vshape=[256,256,4,1] Keff=f16 Veff=q5_1 turbo_kv=1 prefer_native_vec=0 decode=1 dk=1 dv=0 unsafe_vec_after_turbo_v_decode=0 allow_vec=1 kernel=MMA_F16 need_f16_K=0 need_f16_V=1 Knb=[36,288,72,73728] Vnb=[24,768,192,196608] Keff_nb=[2,2048,512,524288] Veff_nb=[24,768,192,196608]
CUDA_FA_ROUTE_ALLOC kernel=MMA_F16 need_f16_K=0 need_f16_V=1 workspace_end_offset=4718592 dst_data=(nil) f16_K=(nil) f16_V=0x400000 f16_end=0x480000
CUDA_FA_ROUTE_PLAN device=0 Q=[256,256,16,1] Kraw=turbo2_tcq Vraw=q5_1 Kshape=[256,256,4,1] Vshape=[256,256,4,1] Keff=f16 Veff=q5_1 turbo_kv=1 prefer_native_vec=0 decode=1 dk=1 dv=0 unsafe_vec_after_turbo_v_decode=0 allow_vec=1 kernel=MMA_F16 need_f16_K=0 need_f16_V=1 Knb=[36,288,72,73728] Vnb=[24,768,192,196608] Keff_nb=[2,2048,512,524288] Veff_nb=[24,768,192,196608]
CUDA_FA_ROUTE_SUPPORTED kernel=MMA_F16 effK=f16 effV=q5_1 supported=1
CUDA_FA_ROUTE_PLAN device=0 Q=[256,256,16,1] Kraw=turbo2_tcq Vraw=q5_1 Kshape=[256,256,4,1] Vshape=[256,256,4,1] Keff=f16 Veff=q5_1 turbo_kv=1 prefer_native_vec=0 decode=1 dk=1 dv=0 unsafe_vec_after_turbo_v_decode=0 allow_vec=1 kernel=MMA_F16 need_f16_K=0 need_f16_V=1 Knb=[36,288,72,73728] Vnb=[24,768,192,196608] Keff_nb=[2,2048,512,524288] Veff_nb=[24,768,192,196608]
CUDA_FA_ROUTE_SUPPORTED kernel=MMA_F16 effK=f16 effV=q5_1 supported=1
CUDA_FA_ROUTE_PLAN device=0 Q=[256,256,16,1] Kraw=turbo2_tcq Vraw=q5_1 Kshape=[256,256,4,1] Vshape=[256,256,4,1] Keff=f16 Veff=q5_1 turbo_kv=1 prefer_native_vec=0 decode=1 dk=1 dv=0 unsafe_vec_after_turbo_v_decode=0 allow_vec=1 kernel=MMA_F16 need_f16_K=0 need_f16_V=1 Knb=[36,288,72,73728] Vnb=[24,768,192,196608] Keff_nb=[2,2048,512,524288] Veff_nb=[24,768,192,196608]
CUDA_FA_ROUTE_SUPPORTED kernel=MMA_F16 effK=f16 effV=q5_1 supported=1
CUDA_FA_ROUTE_PLAN device=0 Q=[256,256,16,1] Kraw=turbo2_tcq Vraw=q5_1 Kshape=[256,256,4,1] Vshape=[256,256,4,1] Keff=f16 Veff=q5_1 turbo_kv=1 prefer_native_vec=0 decode=1 dk=1 dv=0 unsafe_vec_after_turbo_v_decode=0 allow_vec=1 kernel=MMA_F16 need_f16_K=0 need_f16_V=1 Knb=[36,288,72,73728] Vnb=[24,768,192,196608] Keff_nb=[2,2048,512,524288] Veff_nb=[24,768,192,196608]
CUDA_FA_ROUTE_SUPPORTED kernel=MMA_F16 effK=f16 effV=q5_1 supported=1
CUDA_FA_ROUTE_PLAN device=0 Q=[256,256,16,1] Kraw=turbo2_tcq Vraw=q5_1 Kshape=[256,256,4,1] Vshape=[256,256,4,1] Keff=f16 Veff=q5_1 turbo_kv=1 prefer_native_vec=0 decode=1 dk=1 dv=0 unsafe_vec_after_turbo_v_decode=0 allow_vec=1 kernel=MMA_F16 need_f16_K=0 need_f16_V=1 Knb=[36,288,72,73728] Vnb=[24,768,192,196608] Keff_nb=[2,2048,512,524288] Veff_nb=[24,768,192,196608]
CUDA_FA_ROUTE_SUPPORTED kernel=MMA_F16 effK=f16 effV=q5_1 supported=1
CUDA_FA_ROUTE_PLAN device=0 Q=[256,256,16,1] Kraw=turbo2_tcq Vraw=q5_1 Kshape=[256,256,4,1] Vshape=[256,256,4,1] Keff=f16 Veff=q5_1 turbo_kv=1 prefer_native_vec=0 decode=1 dk=1 dv=0 unsafe_vec_after_turbo_v_decode=0 allow_vec=1 kernel=MMA_F16 need_f16_K=0 need_f16_V=1 Knb=[36,288,72,73728] Vnb=[24,768,192,196608] Keff_nb=[2,2048,512,524288] Veff_nb=[24,768,192,196608]
CUDA_FA_ROUTE_SUPPORTED kernel=MMA_F16 effK=f16 effV=q5_1 supported=1
CUDA_FA_ROUTE_PLAN device=0 Q=[256,256,16,1] Kraw=turbo2_tcq Vraw=q5_1 Kshape=[256,256,4,1] Vshape=[256,256,4,1] Keff=f16 Veff=q5_1 turbo_kv=1 prefer_native_vec=0 decode=1 dk=1 dv=0 unsafe_vec_after_turbo_v_decode=0 allow_vec=1 kernel=MMA_F16 need_f16_K=0 need_f16_V=1 Knb=[36,288,72,73728] Vnb=[24,768,192,196608] Keff_nb=[2,2048,512,524288] Veff_nb=[24,768,192,196608]
CUDA_FA_ROUTE_SUPPORTED kernel=MMA_F16 effK=f16 effV=q5_1 supported=1
CUDA_FA_ROUTE_PLAN device=0 Q=[256,256,16,1] Kraw=turbo2_tcq Vraw=q5_1 Kshape=[256,256,4,1] Vshape=[256,256,4,1] Keff=f16 Veff=q5_1 turbo_kv=1 prefer_native_vec=0 decode=1 dk=1 dv=0 unsafe_vec_after_turbo_v_decode=0 allow_vec=1 kernel=MMA_F16 need_f16_K=0 need_f16_V=1 Knb=[36,288,72,73728] Vnb=[24,768,192,196608] Keff_nb=[2,2048,512,524288] Veff_nb=[24,768,192,196608]
CUDA_FA_ROUTE_SUPPORTED kernel=MMA_F16 effK=f16 effV=q5_1 supported=1
CUDA_FA_ROUTE_PLAN device=0 Q=[256,1,16,1] Kraw=turbo2_tcq Vraw=q5_1 Kshape=[256,256,4,1] Vshape=[256,256,4,1] Keff=f16 Veff=q5_1 turbo_kv=1 prefer_native_vec=0 decode=1 dk=1 dv=0 unsafe_vec_after_turbo_v_decode=0 allow_vec=1 kernel=VEC need_f16_K=0 need_f16_V=0 Knb=[36,288,72,73728] Vnb=[24,768,192,196608] Keff_nb=[2,2048,512,524288] Veff_nb=[24,768,192,196608]
CUDA_FA_ROUTE_PLAN device=0 Q=[256,1,16,1] Kraw=turbo2_tcq Vraw=q5_1 Kshape=[256,256,4,1] Vshape=[256,256,4,1] Keff=f16 Veff=q5_1 turbo_kv=1 prefer_native_vec=0 decode=1 dk=1 dv=0 unsafe_vec_after_turbo_v_decode=0 allow_vec=1 kernel=VEC need_f16_K=0 need_f16_V=0 Knb=[36,288,72,73728] Vnb=[24,768,192,196608] Keff_nb=[2,2048,512,524288] Veff_nb=[24,768,192,196608]
CUDA_FA_ROUTE_PLAN device=0 Q=[256,1,16,1] Kraw=turbo2_tcq Vraw=q5_1 Kshape=[256,256,4,1] Vshape=[256,256,4,1] Keff=f16 Veff=q5_1 turbo_kv=1 prefer_native_vec=0 decode=1 dk=1 dv=0 unsafe_vec_after_turbo_v_decode=0 allow_vec=1 kernel=VEC need_f16_K=0 need_f16_V=0 Knb=[36,288,72,73728] Vnb=[24,768,192,196608] Keff_nb=[2,2048,512,524288] Veff_nb=[24,768,192,196608]
CUDA_FA_ROUTE_PLAN device=0 Q=[256,1,16,1] Kraw=turbo2_tcq Vraw=q5_1 Kshape=[256,256,4,1] Vshape=[256,256,4,1] Keff=f16 Veff=q5_1 turbo_kv=1 prefer_native_vec=0 decode=1 dk=1 dv=0 unsafe_vec_after_turbo_v_decode=0 allow_vec=1 kernel=VEC need_f16_K=0 need_f16_V=0 Knb=[36,288,72,73728] Vnb=[24,768,192,196608] Keff_nb=[2,2048,512,524288] Veff_nb=[24,768,192,196608]
CUDA_FA_ROUTE_PLAN device=0 Q=[256,1,16,1] Kraw=turbo2_tcq Vraw=q5_1 Kshape=[256,256,4,1] Vshape=[256,256,4,1] Keff=f16 Veff=q5_1 turbo_kv=1 prefer_native_vec=0 decode=1 dk=1 dv=0 unsafe_vec_after_turbo_v_decode=0 allow_vec=1 kernel=VEC need_f16_K=0 need_f16_V=0 Knb=[36,288,72,73728] Vnb=[24,768,192,196608] Keff_nb=[2,2048,512,524288] Veff_nb=[24,768,192,196608]
CUDA_FA_ROUTE_PLAN device=0 Q=[256,1,16,1] Kraw=turbo2_tcq Vraw=q5_1 Kshape=[256,256,4,1] Vshape=[256,256,4,1] Keff=f16 Veff=q5_1 turbo_kv=1 prefer_native_vec=0 decode=1 dk=1 dv=0 unsafe_vec_after_turbo_v_decode=0 allow_vec=1 kernel=VEC need_f16_K=0 need_f16_V=0 Knb=[36,288,72,73728] Vnb=[24,768,192,196608] Keff_nb=[2,2048,512,524288] Veff_nb=[24,768,192,196608]
CUDA_FA_ROUTE_PLAN device=0 Q=[256,1,16,1] Kraw=turbo2_tcq Vraw=q5_1 Kshape=[256,256,4,1] Vshape=[256,256,4,1] Keff=f16 Veff=q5_1 turbo_kv=1 prefer_native_vec=0 decode=1 dk=1 dv=0 unsafe_vec_after_turbo_v_decode=0 allow_vec=1 kernel=VEC need_f16_K=0 need_f16_V=0 Knb=[36,288,72,73728] Vnb=[24,768,192,196608] Keff_nb=[2,2048,512,524288] Veff_nb=[24,768,192,196608]
CUDA_FA_ROUTE_PLAN device=0 Q=[256,1,16,1] Kraw=turbo2_tcq Vraw=q5_1 Kshape=[256,256,4,1] Vshape=[256,256,4,1] Keff=f16 Veff=q5_1 turbo_kv=1 prefer_native_vec=0 decode=1 dk=1 dv=0 unsafe_vec_after_turbo_v_decode=0 allow_vec=1 kernel=VEC need_f16_K=0 need_f16_V=0 Knb=[36,288,72,73728] Vnb=[24,768,192,196608] Keff_nb=[2,2048,512,524288] Veff_nb=[24,768,192,196608]
CUDA_FA_ROUTE_PLAN device=0 Q=[256,16,16,1] Kraw=turbo2_tcq Vraw=q5_1 Kshape=[256,256,4,1] Vshape=[256,256,4,1] Keff=f16 Veff=q5_1 turbo_kv=1 prefer_native_vec=0 decode=1 dk=1 dv=0 unsafe_vec_after_turbo_v_decode=0 allow_vec=1 kernel=MMA_F16 need_f16_K=0 need_f16_V=1 Knb=[36,288,72,73728] Vnb=[24,768,192,196608] Keff_nb=[2,2048,512,524288] Veff_nb=[24,768,192,196608]
CUDA_FA_ROUTE_SUPPORTED kernel=MMA_F16 effK=f16 effV=q5_1 supported=1
CUDA_FA_ROUTE_PLAN device=0 Q=[256,16,16,1] Kraw=turbo2_tcq Vraw=q5_1 Kshape=[256,256,4,1] Vshape=[256,256,4,1] Keff=f16 Veff=q5_1 turbo_kv=1 prefer_native_vec=0 decode=1 dk=1 dv=0 unsafe_vec_after_turbo_v_decode=0 allow_vec=1 kernel=MMA_F16 need_f16_K=0 need_f16_V=1 Knb=[36,288,72,73728] Vnb=[24,768,192,196608] Keff_nb=[2,2048,512,524288] Veff_nb=[24,768,192,196608]
CUDA_FA_ROUTE_SUPPORTED kernel=MMA_F16 effK=f16 effV=q5_1 supported=1
CUDA_FA_ROUTE_PLAN device=0 Q=[256,16,16,1] Kraw=turbo2_tcq Vraw=q5_1 Kshape=[256,256,4,1] Vshape=[256,256,4,1] Keff=f16 Veff=q5_1 turbo_kv=1 prefer_native_vec=0 decode=1 dk=1 dv=0 unsafe_vec_after_turbo_v_decode=0 allow_vec=1 kernel=MMA_F16 need_f16_K=0 need_f16_V=1 Knb=[36,288,72,73728] Vnb=[24,768,192,196608] Keff_nb=[2,2048,512,524288] Veff_nb=[24,768,192,196608]
CUDA_FA_ROUTE_SUPPORTED kernel=MMA_F16 effK=f16 effV=q5_1 supported=1
CUDA_FA_ROUTE_PLAN device=0 Q=[256,16,16,1] Kraw=turbo2_tcq Vraw=q5_1 Kshape=[256,256,4,1] Vshape=[256,256,4,1] Keff=f16 Veff=q5_1 turbo_kv=1 prefer_native_vec=0 decode=1 dk=1 dv=0 unsafe_vec_after_turbo_v_decode=0 allow_vec=1 kernel=MMA_F16 need_f16_K=0 need_f16_V=1 Knb=[36,288,72,73728] Vnb=[24,768,192,196608] Keff_nb=[2,2048,512,524288] Veff_nb=[24,768,192,196608]
CUDA_FA_ROUTE_SUPPORTED kernel=MMA_F16 effK=f16 effV=q5_1 supported=1
CUDA_FA_ROUTE_PLAN device=0 Q=[256,16,16,1] Kraw=turbo2_tcq Vraw=q5_1 Kshape=[256,256,4,1] Vshape=[256,256,4,1] Keff=f16 Veff=q5_1 turbo_kv=1 prefer_native_vec=0 decode=1 dk=1 dv=0 unsafe_vec_after_turbo_v_decode=0 allow_vec=1 kernel=MMA_F16 need_f16_K=0 need_f16_V=1 Knb=[36,288,72,73728] Vnb=[24,768,192,196608] Keff_nb=[2,2048,512,524288] Veff_nb=[24,768,192,196608]
CUDA_FA_ROUTE_SUPPORTED kernel=MMA_F16 effK=f16 effV=q5_1 supported=1
CUDA_FA_ROUTE_PLAN device=0 Q=[256,16,16,1] Kraw=turbo2_tcq Vraw=q5_1 Kshape=[256,256,4,1] Vshape=[256,256,4,1] Keff=f16 Veff=q5_1 turbo_kv=1 prefer_native_vec=0 decode=1 dk=1 dv=0 unsafe_vec_after_turbo_v_decode=0 allow_vec=1 kernel=MMA_F16 need_f16_K=0 need_f16_V=1 Knb=[36,288,72,73728] Vnb=[24,768,192,196608] Keff_nb=[2,2048,512,524288] Veff_nb=[24,768,192,196608]
CUDA_FA_ROUTE_SUPPORTED kernel=MMA_F16 effK=f16 effV=q5_1 supported=1
CUDA_FA_ROUTE_PLAN device=0 Q=[256,16,16,1] Kraw=turbo2_tcq Vraw=q5_1 Kshape=[256,256,4,1] Vshape=[256,256,4,1] Keff=f16 Veff=q5_1 turbo_kv=1 prefer_native_vec=0 decode=1 dk=1 dv=0 unsafe_vec_after_turbo_v_decode=0 allow_vec=1 kernel=MMA_F16 need_f16_K=0 need_f16_V=1 Knb=[36,288,72,73728] Vnb=[24,768,192,196608] Keff_nb=[2,2048,512,524288] Veff_nb=[24,768,192,196608]
CUDA_FA_ROUTE_SUPPORTED kernel=MMA_F16 effK=f16 effV=q5_1 supported=1
CUDA_FA_ROUTE_PLAN device=0 Q=[256,16,16,1] Kraw=turbo2_tcq Vraw=q5_1 Kshape=[256,256,4,1] Vshape=[256,256,4,1] Keff=f16 Veff=q5_1 turbo_kv=1 prefer_native_vec=0 decode=1 dk=1 dv=0 unsafe_vec_after_turbo_v_decode=0 allow_vec=1 kernel=MMA_F16 need_f16_K=0 need_f16_V=1 Knb=[36,288,72,73728] Vnb=[24,768,192,196608] Keff_nb=[2,2048,512,524288] Veff_nb=[24,768,192,196608]
CUDA_FA_ROUTE_SUPPORTED kernel=MMA_F16 effK=f16 effV=q5_1 supported=1
CUDA_FA_ROUTE_PLAN device=0 Q=[256,1,16,1] Kraw=turbo2_tcq Vraw=q5_1 Kshape=[256,256,4,1] Vshape=[256,256,4,1] Keff=f16 Veff=q5_1 turbo_kv=1 prefer_native_vec=0 decode=1 dk=1 dv=0 unsafe_vec_after_turbo_v_decode=0 allow_vec=1 kernel=VEC need_f16_K=0 need_f16_V=0 Knb=[36,288,72,73728] Vnb=[24,768,192,196608] Keff_nb=[2,2048,512,524288] Veff_nb=[24,768,192,196608]
CUDA_FA_ROUTE_PLAN device=0 Q=[256,1,16,1] Kraw=turbo2_tcq Vraw=q5_1 Kshape=[256,256,4,1] Vshape=[256,256,4,1] Keff=f16 Veff=q5_1 turbo_kv=1 prefer_native_vec=0 decode=1 dk=1 dv=0 unsafe_vec_after_turbo_v_decode=0 allow_vec=1 kernel=VEC need_f16_K=0 need_f16_V=0 Knb=[36,288,72,73728] Vnb=[24,768,192,196608] Keff_nb=[2,2048,512,524288] Veff_nb=[24,768,192,196608]
CUDA_FA_ROUTE_PLAN device=0 Q=[256,1,16,1] Kraw=turbo2_tcq Vraw=q5_1 Kshape=[256,256,4,1] Vshape=[256,256,4,1] Keff=f16 Veff=q5_1 turbo_kv=1 prefer_native_vec=0 decode=1 dk=1 dv=0 unsafe_vec_after_turbo_v_decode=0 allow_vec=1 kernel=VEC need_f16_K=0 need_f16_V=0 Knb=[36,288,72,73728] Vnb=[24,768,192,196608] Keff_nb=[2,2048,512,524288] Veff_nb=[24,768,192,196608]
CUDA_FA_ROUTE_PLAN device=0 Q=[256,1,16,1] Kraw=turbo2_tcq Vraw=q5_1 Kshape=[256,256,4,1] Vshape=[256,256,4,1] Keff=f16 Veff=q5_1 turbo_kv=1 prefer_native_vec=0 decode=1 dk=1 dv=0 unsafe_vec_after_turbo_v_decode=0 allow_vec=1 kernel=VEC need_f16_K=0 need_f16_V=0 Knb=[36,288,72,73728] Vnb=[24,768,192,196608] Keff_nb=[2,2048,512,524288] Veff_nb=[24,768,192,196608]
CUDA_FA_ROUTE_PLAN device=0 Q=[256,1,16,1] Kraw=turbo2_tcq Vraw=q5_1 Kshape=[256,256,4,1] Vshape=[256,256,4,1] Keff=f16 Veff=q5_1 turbo_kv=1 prefer_native_vec=0 decode=1 dk=1 dv=0 unsafe_vec_after_turbo_v_decode=0 allow_vec=1 kernel=VEC need_f16_K=0 need_f16_V=0 Knb=[36,288,72,73728] Vnb=[24,768,192,196608] Keff_nb=[2,2048,512,524288] Veff_nb=[24,768,192,196608]
CUDA_FA_ROUTE_PLAN device=0 Q=[256,1,16,1] Kraw=turbo2_tcq Vraw=q5_1 Kshape=[256,256,4,1] Vshape=[256,256,4,1] Keff=f16 Veff=q5_1 turbo_kv=1 prefer_native_vec=0 decode=1 dk=1 dv=0 unsafe_vec_after_turbo_v_decode=0 allow_vec=1 kernel=VEC need_f16_K=0 need_f16_V=0 Knb=[36,288,72,73728] Vnb=[24,768,192,196608] Keff_nb=[2,2048,512,524288] Veff_nb=[24,768,192,196608]
CUDA_FA_ROUTE_PLAN device=0 Q=[256,1,16,1] Kraw=turbo2_tcq Vraw=q5_1 Kshape=[256,256,4,1] Vshape=[256,256,4,1] Keff=f16 Veff=q5_1 turbo_kv=1 prefer_native_vec=0 decode=1 dk=1 dv=0 unsafe_vec_after_turbo_v_decode=0 allow_vec=1 kernel=VEC need_f16_K=0 need_f16_V=0 Knb=[36,288,72,73728] Vnb=[24,768,192,196608] Keff_nb=[2,2048,512,524288] Veff_nb=[24,768,192,196608]
CUDA_FA_ROUTE_PLAN device=0 Q=[256,1,16,1] Kraw=turbo2_tcq Vraw=q5_1 Kshape=[256,256,4,1] Vshape=[256,256,4,1] Keff=f16 Veff=q5_1 turbo_kv=1 prefer_native_vec=0 decode=1 dk=1 dv=0 unsafe_vec_after_turbo_v_decode=0 allow_vec=1 kernel=VEC need_f16_K=0 need_f16_V=0 Knb=[36,288,72,73728] Vnb=[24,768,192,196608] Keff_nb=[2,2048,512,524288] Veff_nb=[24,768,192,196608]
CUDA_FA_ROUTE_PLAN device=0 Q=[256,256,16,1] Kraw=turbo2_tcq Vraw=q5_1 Kshape=[256,256,4,1] Vshape=[256,256,4,1] Keff=f16 Veff=q5_1 turbo_kv=1 prefer_native_vec=0 decode=1 dk=1 dv=0 unsafe_vec_after_turbo_v_decode=0 allow_vec=1 kernel=MMA_F16 need_f16_K=0 need_f16_V=1 Knb=[36,288,72,73728] Vnb=[24,768,192,196608] Keff_nb=[2,2048,512,524288] Veff_nb=[24,768,192,196608]
CUDA_FA_ROUTE_SUPPORTED kernel=MMA_F16 effK=f16 effV=q5_1 supported=1
CUDA_FA_ROUTE_PLAN device=0 Q=[256,256,16,1] Kraw=turbo2_tcq Vraw=q5_1 Kshape=[256,256,4,1] Vshape=[256,256,4,1] Keff=f16 Veff=q5_1 turbo_kv=1 prefer_native_vec=0 decode=1 dk=1 dv=0 unsafe_vec_after_turbo_v_decode=0 allow_vec=1 kernel=MMA_F16 need_f16_K=0 need_f16_V=1 Knb=[36,288,72,73728] Vnb=[24,768,192,196608] Keff_nb=[2,2048,512,524288] Veff_nb=[24,768,192,196608]
CUDA_FA_ROUTE_SUPPORTED kernel=MMA_F16 effK=f16 effV=q5_1 supported=1
CUDA_FA_ROUTE_PLAN device=0 Q=[256,256,16,1] Kraw=turbo2_tcq Vraw=q5_1 Kshape=[256,256,4,1] Vshape=[256,256,4,1] Keff=f16 Veff=q5_1 turbo_kv=1 prefer_native_vec=0 decode=1 dk=1 dv=0 unsafe_vec_after_turbo_v_decode=0 allow_vec=1 kernel=MMA_F16 need_f16_K=0 need_f16_V=1 Knb=[36,288,72,73728] Vnb=[24,768,192,196608] Keff_nb=[2,2048,512,524288] Veff_nb=[24,768,192,196608]
CUDA_FA_ROUTE_SUPPORTED kernel=MMA_F16 effK=f16 effV=q5_1 supported=1
CUDA_FA_ROUTE_PLAN device=0 Q=[256,256,16,1] Kraw=turbo2_tcq Vraw=q5_1 Kshape=[256,256,4,1] Vshape=[256,256,4,1] Keff=f16 Veff=q5_1 turbo_kv=1 prefer_native_vec=0 decode=1 dk=1 dv=0 unsafe_vec_after_turbo_v_decode=0 allow_vec=1 kernel=MMA_F16 need_f16_K=0 need_f16_V=1 Knb=[36,288,72,73728] Vnb=[24,768,192,196608] Keff_nb=[2,2048,512,524288] Veff_nb=[24,768,192,196608]
CUDA_FA_ROUTE_SUPPORTED kernel=MMA_F16 effK=f16 effV=q5_1 supported=1
CUDA_FA_ROUTE_PLAN device=0 Q=[256,256,16,1] Kraw=turbo2_tcq Vraw=q5_1 Kshape=[256,256,4,1] Vshape=[256,256,4,1] Keff=f16 Veff=q5_1 turbo_kv=1 prefer_native_vec=0 decode=1 dk=1 dv=0 unsafe_vec_after_turbo_v_decode=0 allow_vec=1 kernel=MMA_F16 need_f16_K=0 need_f16_V=1 Knb=[36,288,72,73728] Vnb=[24,768,192,196608] Keff_nb=[2,2048,512,524288] Veff_nb=[24,768,192,196608]
CUDA_FA_ROUTE_SUPPORTED kernel=MMA_F16 effK=f16 effV=q5_1 supported=1
CUDA_FA_ROUTE_PLAN device=0 Q=[256,256,16,1] Kraw=turbo2_tcq Vraw=q5_1 Kshape=[256,256,4,1] Vshape=[256,256,4,1] Keff=f16 Veff=q5_1 turbo_kv=1 prefer_native_vec=0 decode=1 dk=1 dv=0 unsafe_vec_after_turbo_v_decode=0 allow_vec=1 kernel=MMA_F16 need_f16_K=0 need_f16_V=1 Knb=[36,288,72,73728] Vnb=[24,768,192,196608] Keff_nb=[2,2048,512,524288] Veff_nb=[24,768,192,196608]
CUDA_FA_ROUTE_SUPPORTED kernel=MMA_F16 effK=f16 effV=q5_1 supported=1
CUDA_FA_ROUTE_PLAN device=0 Q=[256,256,16,1] Kraw=turbo2_tcq Vraw=q5_1 Kshape=[256,256,4,1] Vshape=[256,256,4,1] Keff=f16 Veff=q5_1 turbo_kv=1 prefer_native_vec=0 decode=1 dk=1 dv=0 unsafe_vec_after_turbo_v_decode=0 allow_vec=1 kernel=MMA_F16 need_f16_K=0 need_f16_V=1 Knb=[36,288,72,73728] Vnb=[24,768,192,196608] Keff_nb=[2,2048,512,524288] Veff_nb=[24,768,192,196608]
CUDA_FA_ROUTE_SUPPORTED kernel=MMA_F16 effK=f16 effV=q5_1 supported=1
CUDA_FA_ROUTE_PLAN device=0 Q=[256,256,16,1] Kraw=turbo2_tcq Vraw=q5_1 Kshape=[256,256,4,1] Vshape=[256,256,4,1] Keff=f16 Veff=q5_1 turbo_kv=1 prefer_native_vec=0 decode=1 dk=1 dv=0 unsafe_vec_after_turbo_v_decode=0 allow_vec=1 kernel=MMA_F16 need_f16_K=0 need_f16_V=1 Knb=[36,288,72,73728] Vnb=[24,768,192,196608] Keff_nb=[2,2048,512,524288] Veff_nb=[24,768,192,196608]
CUDA_FA_ROUTE_SUPPORTED kernel=MMA_F16 effK=f16 effV=q5_1 supported=1
CUDA_FA_ROUTE_PLAN device=0 Q=[256,256,16,1] Kraw=turbo2_tcq Vraw=q5_1 Kshape=[256,256,4,1] Vshape=[256,256,4,1] Keff=f16 Veff=q5_1 turbo_kv=1 prefer_native_vec=0 decode=1 dk=1 dv=0 unsafe_vec_after_turbo_v_decode=0 allow_vec=1 kernel=MMA_F16 need_f16_K=0 need_f16_V=1 Knb=[36,288,72,73728] Vnb=[24,768,192,196608] Keff_nb=[2,2048,512,524288] Veff_nb=[24,768,192,196608]
CUDA_FA_ROUTE_ALLOC kernel=MMA_F16 need_f16_K=0 need_f16_V=1 workspace_end_offset=4718592 dst_data=(nil) f16_K=(nil) f16_V=0x400000 f16_end=0x480000
CUDA_FA_ROUTE_PLAN device=0 Q=[256,256,16,1] Kraw=turbo2_tcq Vraw=q5_1 Kshape=[256,256,4,1] Vshape=[256,256,4,1] Keff=f16 Veff=q5_1 turbo_kv=1 prefer_native_vec=0 decode=1 dk=1 dv=0 unsafe_vec_after_turbo_v_decode=0 allow_vec=1 kernel=MMA_F16 need_f16_K=0 need_f16_V=1 Knb=[36,288,72,73728] Vnb=[24,768,192,196608] Keff_nb=[2,2048,512,524288] Veff_nb=[24,768,192,196608]
CUDA_FA_ROUTE_ALLOC kernel=MMA_F16 need_f16_K=0 need_f16_V=1 workspace_end_offset=4718592 dst_data=(nil) f16_K=(nil) f16_V=0x400000 f16_end=0x480000
CUDA_FA_ROUTE_PLAN device=0 Q=[256,256,16,1] Kraw=turbo2_tcq Vraw=q5_1 Kshape=[256,256,4,1] Vshape=[256,256,4,1] Keff=f16 Veff=q5_1 turbo_kv=1 prefer_native_vec=0 decode=1 dk=1 dv=0 unsafe_vec_after_turbo_v_decode=0 allow_vec=1 kernel=MMA_F16 need_f16_K=0 need_f16_V=1 Knb=[36,288,72,73728] Vnb=[24,768,192,196608] Keff_nb=[2,2048,512,524288] Veff_nb=[24,768,192,196608]
CUDA_FA_ROUTE_ALLOC kernel=MMA_F16 need_f16_K=0 need_f16_V=1 workspace_end_offset=4718592 dst_data=(nil) f16_K=(nil) f16_V=0x400000 f16_end=0x480000
CUDA_FA_ROUTE_PLAN device=0 Q=[256,256,16,1] Kraw=turbo2_tcq Vraw=q5_1 Kshape=[256,256,4,1] Vshape=[256,256,4,1] Keff=f16 Veff=q5_1 turbo_kv=1 prefer_native_vec=0 decode=1 dk=1 dv=0 unsafe_vec_after_turbo_v_decode=0 allow_vec=1 kernel=MMA_F16 need_f16_K=0 need_f16_V=1 Knb=[36,288,72,73728] Vnb=[24,768,192,196608] Keff_nb=[2,2048,512,524288] Veff_nb=[24,768,192,196608]
CUDA_FA_ROUTE_ALLOC kernel=MMA_F16 need_f16_K=0 need_f16_V=1 workspace_end_offset=4718592 dst_data=(nil) f16_K=(nil) f16_V=0x400000 f16_end=0x480000
CUDA_FA_ROUTE_PLAN device=0 Q=[256,256,16,1] Kraw=turbo2_tcq Vraw=q5_1 Kshape=[256,256,4,1] Vshape=[256,256,4,1] Keff=f16 Veff=q5_1 turbo_kv=1 prefer_native_vec=0 decode=1 dk=1 dv=0 unsafe_vec_after_turbo_v_decode=0 allow_vec=1 kernel=MMA_F16 need_f16_K=0 need_f16_V=1 Knb=[36,288,72,73728] Vnb=[24,768,192,196608] Keff_nb=[2,2048,512,524288] Veff_nb=[24,768,192,196608]
CUDA_FA_ROUTE_ALLOC kernel=MMA_F16 need_f16_K=0 need_f16_V=1 workspace_end_offset=4718592 dst_data=(nil) f16_K=(nil) f16_V=0x400000 f16_end=0x480000
CUDA_FA_ROUTE_PLAN device=0 Q=[256,256,16,1] Kraw=turbo2_tcq Vraw=q5_1 Kshape=[256,256,4,1] Vshape=[256,256,4,1] Keff=f16 Veff=q5_1 turbo_kv=1 prefer_native_vec=0 decode=1 dk=1 dv=0 unsafe_vec_after_turbo_v_decode=0 allow_vec=1 kernel=MMA_F16 need_f16_K=0 need_f16_V=1 Knb=[36,288,72,73728] Vnb=[24,768,192,196608] Keff_nb=[2,2048,512,524288] Veff_nb=[24,768,192,196608]
CUDA_FA_ROUTE_ALLOC kernel=MMA_F16 need_f16_K=0 need_f16_V=1 workspace_end_offset=4718592 dst_data=(nil) f16_K=(nil) f16_V=0x400000 f16_end=0x480000
CUDA_FA_ROUTE_PLAN device=0 Q=[256,256,16,1] Kraw=turbo2_tcq Vraw=q5_1 Kshape=[256,256,4,1] Vshape=[256,256,4,1] Keff=f16 Veff=q5_1 turbo_kv=1 prefer_native_vec=0 decode=1 dk=1 dv=0 unsafe_vec_after_turbo_v_decode=0 allow_vec=1 kernel=MMA_F16 need_f16_K=0 need_f16_V=1 Knb=[36,288,72,73728] Vnb=[24,768,192,196608] Keff_nb=[2,2048,512,524288] Veff_nb=[24,768,192,196608]
CUDA_FA_ROUTE_ALLOC kernel=MMA_F16 need_f16_K=0 need_f16_V=1 workspace_end_offset=4718592 dst_data=(nil) f16_K=(nil) f16_V=0x400000 f16_end=0x480000
CUDA_FA_ROUTE_PLAN device=0 Q=[256,256,16,1] Kraw=turbo2_tcq Vraw=q5_1 Kshape=[256,256,4,1] Vshape=[256,256,4,1] Keff=f16 Veff=q5_1 turbo_kv=1 prefer_native_vec=0 decode=1 dk=1 dv=0 unsafe_vec_after_turbo_v_decode=0 allow_vec=1 kernel=MMA_F16 need_f16_K=0 need_f16_V=1 Knb=[36,288,72,73728] Vnb=[24,768,192,196608] Keff_nb=[2,2048,512,524288] Veff_nb=[24,768,192,196608]
CUDA_FA_ROUTE_ALLOC kernel=MMA_F16 need_f16_K=0 need_f16_V=1 workspace_end_offset=4718592 dst_data=(nil) f16_K=(nil) f16_V=0x400000 f16_end=0x480000
CUDA_FA_ROUTE_PLAN device=0 Q=[256,256,16,1] Kraw=turbo2_tcq Vraw=q5_1 Kshape=[256,256,4,1] Vshape=[256,256,4,1] Keff=f16 Veff=q5_1 turbo_kv=1 prefer_native_vec=0 decode=1 dk=1 dv=0 unsafe_vec_after_turbo_v_decode=0 allow_vec=1 kernel=MMA_F16 need_f16_K=0 need_f16_V=1 Knb=[36,288,72,73728] Vnb=[24,768,192,196608] Keff_nb=[2,2048,512,524288] Veff_nb=[24,768,192,196608]
CUDA_FA_ROUTE_ALLOC kernel=MMA_F16 need_f16_K=0 need_f16_V=1 workspace_end_offset=4718592 dst_data=(nil) f16_K=(nil) f16_V=0x400000 f16_end=0x480000
CUDA_FA_ROUTE_PLAN device=0 Q=[256,256,16,1] Kraw=turbo2_tcq Vraw=q5_1 Kshape=[256,256,4,1] Vshape=[256,256,4,1] Keff=f16 Veff=q5_1 turbo_kv=1 prefer_native_vec=0 decode=1 dk=1 dv=0 unsafe_vec_after_turbo_v_decode=0 allow_vec=1 kernel=MMA_F16 need_f16_K=0 need_f16_V=1 Knb=[36,288,72,73728] Vnb=[24,768,192,196608] Keff_nb=[2,2048,512,524288] Veff_nb=[24,768,192,196608]
CUDA_FA_ROUTE_ALLOC kernel=MMA_F16 need_f16_K=0 need_f16_V=1 workspace_end_offset=4718592 dst_data=(nil) f16_K=(nil) f16_V=0x400000 f16_end=0x480000
CUDA_FA_ROUTE_PLAN device=0 Q=[256,256,16,1] Kraw=turbo2_tcq Vraw=q5_1 Kshape=[256,256,4,1] Vshape=[256,256,4,1] Keff=f16 Veff=q5_1 turbo_kv=1 prefer_native_vec=0 decode=1 dk=1 dv=0 unsafe_vec_after_turbo_v_decode=0 allow_vec=1 kernel=MMA_F16 need_f16_K=0 need_f16_V=1 Knb=[36,288,72,73728] Vnb=[24,768,192,196608] Keff_nb=[2,2048,512,524288] Veff_nb=[24,768,192,196608]
CUDA_FA_ROUTE_ALLOC kernel=MMA_F16 need_f16_K=0 need_f16_V=1 workspace_end_offset=4718592 dst_data=(nil) f16_K=(nil) f16_V=0x400000 f16_end=0x480000
CUDA_FA_ROUTE_PLAN device=0 Q=[256,256,16,1] Kraw=turbo2_tcq Vraw=q5_1 Kshape=[256,256,4,1] Vshape=[256,256,4,1] Keff=f16 Veff=q5_1 turbo_kv=1 prefer_native_vec=0 decode=1 dk=1 dv=0 unsafe_vec_after_turbo_v_decode=0 allow_vec=1 kernel=MMA_F16 need_f16_K=0 need_f16_V=1 Knb=[36,288,72,73728] Vnb=[24,768,192,196608] Keff_nb=[2,2048,512,524288] Veff_nb=[24,768,192,196608]
CUDA_FA_ROUTE_ALLOC kernel=MMA_F16 need_f16_K=0 need_f16_V=1 workspace_end_offset=4718592 dst_data=(nil) f16_K=(nil) f16_V=0x400000 f16_end=0x480000
CUDA_FA_ROUTE_PLAN device=0 Q=[256,256,16,1] Kraw=turbo2_tcq Vraw=q5_1 Kshape=[256,256,4,1] Vshape=[256,256,4,1] Keff=f16 Veff=q5_1 turbo_kv=1 prefer_native_vec=0 decode=1 dk=1 dv=0 unsafe_vec_after_turbo_v_decode=0 allow_vec=1 kernel=MMA_F16 need_f16_K=0 need_f16_V=1 Knb=[36,288,72,73728] Vnb=[24,768,192,196608] Keff_nb=[2,2048,512,524288] Veff_nb=[24,768,192,196608]
CUDA_FA_ROUTE_ALLOC kernel=MMA_F16 need_f16_K=0 need_f16_V=1 workspace_end_offset=4718592 dst_data=(nil) f16_K=(nil) f16_V=0x400000 f16_end=0x480000
CUDA_FA_ROUTE_PLAN device=0 Q=[256,256,16,1] Kraw=turbo2_tcq Vraw=q5_1 Kshape=[256,256,4,1] Vshape=[256,256,4,1] Keff=f16 Veff=q5_1 turbo_kv=1 prefer_native_vec=0 decode=1 dk=1 dv=0 unsafe_vec_after_turbo_v_decode=0 allow_vec=1 kernel=MMA_F16 need_f16_K=0 need_f16_V=1 Knb=[36,288,72,73728] Vnb=[24,768,192,196608] Keff_nb=[2,2048,512,524288] Veff_nb=[24,768,192,196608]
CUDA_FA_ROUTE_ALLOC kernel=MMA_F16 need_f16_K=0 need_f16_V=1 workspace_end_offset=4718592 dst_data=(nil) f16_K=(nil) f16_V=0x400000 f16_end=0x480000
CUDA_FA_ROUTE_PLAN device=0 Q=[256,256,16,1] Kraw=turbo2_tcq Vraw=q5_1 Kshape=[256,256,4,1] Vshape=[256,256,4,1] Keff=f16 Veff=q5_1 turbo_kv=1 prefer_native_vec=0 decode=1 dk=1 dv=0 unsafe_vec_after_turbo_v_decode=0 allow_vec=1 kernel=MMA_F16 need_f16_K=0 need_f16_V=1 Knb=[36,288,72,73728] Vnb=[24,768,192,196608] Keff_nb=[2,2048,512,524288] Veff_nb=[24,768,192,196608]
CUDA_FA_ROUTE_ALLOC kernel=MMA_F16 need_f16_K=0 need_f16_V=1 workspace_end_offset=4718592 dst_data=(nil) f16_K=(nil) f16_V=0x400000 f16_end=0x480000
CUDA_FA_ROUTE_PLAN device=0 Q=[256,256,16,1] Kraw=turbo2_tcq Vraw=q5_1 Kshape=[256,256,4,1] Vshape=[256,256,4,1] Keff=f16 Veff=q5_1 turbo_kv=1 prefer_native_vec=0 decode=1 dk=1 dv=0 unsafe_vec_after_turbo_v_decode=0 allow_vec=1 kernel=MMA_F16 need_f16_K=0 need_f16_V=1 Knb=[36,288,72,73728] Vnb=[24,768,192,196608] Keff_nb=[2,2048,512,524288] Veff_nb=[24,768,192,196608]
CUDA_FA_ROUTE_ALLOC kernel=MMA_F16 need_f16_K=0 need_f16_V=1 workspace_end_offset=4718592 dst_data=(nil) f16_K=(nil) f16_V=0x400000 f16_end=0x480000
CUDA_FA_ROUTE_PLAN device=0 Q=[256,256,16,1] Kraw=turbo2_tcq Vraw=q5_1 Kshape=[256,256,4,1] Vshape=[256,256,4,1] Keff=f16 Veff=q5_1 turbo_kv=1 prefer_native_vec=0 decode=1 dk=1 dv=0 unsafe_vec_after_turbo_v_decode=0 allow_vec=1 kernel=MMA_F16 need_f16_K=0 need_f16_V=1 Knb=[36,288,72,73728] Vnb=[24,768,192,196608] Keff_nb=[2,2048,512,524288] Veff_nb=[24,768,192,196608]
CUDA_FA_ROUTE_ALLOC kernel=MMA_F16 need_f16_K=0 need_f16_V=1 workspace_end_offset=4718592 dst_data=(nil) f16_K=(nil) f16_V=0x400000 f16_end=0x480000
CUDA_FA_ROUTE_PLAN device=0 Q=[256,256,16,1] Kraw=turbo2_tcq Vraw=q5_1 Kshape=[256,256,4,1] Vshape=[256,256,4,1] Keff=f16 Veff=q5_1 turbo_kv=1 prefer_native_vec=0 decode=1 dk=1 dv=0 unsafe_vec_after_turbo_v_decode=0 allow_vec=1 kernel=MMA_F16 need_f16_K=0 need_f16_V=1 Knb=[36,288,72,73728] Vnb=[24,768,192,196608] Keff_nb=[2,2048,512,524288] Veff_nb=[24,768,192,196608]
CUDA_FA_ROUTE_ALLOC kernel=MMA_F16 need_f16_K=0 need_f16_V=1 workspace_end_offset=4718592 dst_data=(nil) f16_K=(nil) f16_V=0x400000 f16_end=0x480000
CUDA_FA_ROUTE_PLAN device=0 Q=[256,256,16,1] Kraw=turbo2_tcq Vraw=q5_1 Kshape=[256,256,4,1] Vshape=[256,256,4,1] Keff=f16 Veff=q5_1 turbo_kv=1 prefer_native_vec=0 decode=1 dk=1 dv=0 unsafe_vec_after_turbo_v_decode=0 allow_vec=1 kernel=MMA_F16 need_f16_K=0 need_f16_V=1 Knb=[36,288,72,73728] Vnb=[24,768,192,196608] Keff_nb=[2,2048,512,524288] Veff_nb=[24,768,192,196608]
CUDA_FA_ROUTE_ALLOC kernel=MMA_F16 need_f16_K=0 need_f16_V=1 workspace_end_offset=4718592 dst_data=(nil) f16_K=(nil) f16_V=0x400000 f16_end=0x480000
CUDA_FA_ROUTE_PLAN device=0 Q=[256,256,16,1] Kraw=turbo2_tcq Vraw=q5_1 Kshape=[256,256,4,1] Vshape=[256,256,4,1] Keff=f16 Veff=q5_1 turbo_kv=1 prefer_native_vec=0 decode=1 dk=1 dv=0 unsafe_vec_after_turbo_v_decode=0 allow_vec=1 kernel=MMA_F16 need_f16_K=0 need_f16_V=1 Knb=[36,288,72,73728] Vnb=[24,768,192,196608] Keff_nb=[2,2048,512,524288] Veff_nb=[24,768,192,196608]
CUDA_FA_ROUTE_ALLOC kernel=MMA_F16 need_f16_K=0 need_f16_V=1 workspace_end_offset=4718592 dst_data=(nil) f16_K=(nil) f16_V=0x400000 f16_end=0x480000
CUDA_FA_ROUTE_PLAN device=0 Q=[256,256,16,1] Kraw=turbo2_tcq Vraw=q5_1 Kshape=[256,256,4,1] Vshape=[256,256,4,1] Keff=f16 Veff=q5_1 turbo_kv=1 prefer_native_vec=0 decode=1 dk=1 dv=0 unsafe_vec_after_turbo_v_decode=0 allow_vec=1 kernel=MMA_F16 need_f16_K=0 need_f16_V=1 Knb=[36,288,72,73728] Vnb=[24,768,192,196608] Keff_nb=[2,2048,512,524288] Veff_nb=[24,768,192,196608]
CUDA_FA_ROUTE_ALLOC kernel=MMA_F16 need_f16_K=0 need_f16_V=1 workspace_end_offset=4718592 dst_data=(nil) f16_K=(nil) f16_V=0x400000 f16_end=0x480000
CUDA_FA_ROUTE_PLAN device=0 Q=[256,256,16,1] Kraw=turbo2_tcq Vraw=q5_1 Kshape=[256,256,4,1] Vshape=[256,256,4,1] Keff=f16 Veff=q5_1 turbo_kv=1 prefer_native_vec=0 decode=1 dk=1 dv=0 unsafe_vec_after_turbo_v_decode=0 allow_vec=1 kernel=MMA_F16 need_f16_K=0 need_f16_V=1 Knb=[36,288,72,73728] Vnb=[24,768,192,196608] Keff_nb=[2,2048,512,524288] Veff_nb=[24,768,192,196608]
CUDA_FA_ROUTE_ALLOC kernel=MMA_F16 need_f16_K=0 need_f16_V=1 workspace_end_offset=4718592 dst_data=(nil) f16_K=(nil) f16_V=0x400000 f16_end=0x480000
CUDA_FA_ROUTE_PLAN device=0 Q=[256,256,16,1] Kraw=turbo2_tcq Vraw=q5_1 Kshape=[256,256,4,1] Vshape=[256,256,4,1] Keff=f16 Veff=q5_1 turbo_kv=1 prefer_native_vec=0 decode=1 dk=1 dv=0 unsafe_vec_after_turbo_v_decode=0 allow_vec=1 kernel=MMA_F16 need_f16_K=0 need_f16_V=1 Knb=[36,288,72,73728] Vnb=[24,768,192,196608] Keff_nb=[2,2048,512,524288] Veff_nb=[24,768,192,196608]
CUDA_FA_ROUTE_ALLOC kernel=MMA_F16 need_f16_K=0 need_f16_V=1 workspace_end_offset=4718592 dst_data=(nil) f16_K=(nil) f16_V=0x400000 f16_end=0x480000
CUDA_FA_ROUTE_PLAN device=0 Q=[256,256,16,1] Kraw=turbo2_tcq Vraw=q5_1 Kshape=[256,256,4,1] Vshape=[256,256,4,1] Keff=f16 Veff=q5_1 turbo_kv=1 prefer_native_vec=0 decode=1 dk=1 dv=0 unsafe_vec_after_turbo_v_decode=0 allow_vec=1 kernel=MMA_F16 need_f16_K=0 need_f16_V=1 Knb=[36,288,72,73728] Vnb=[24,768,192,196608] Keff_nb=[2,2048,512,524288] Veff_nb=[24,768,192,196608]
CUDA_FA_ROUTE_ALLOC kernel=MMA_F16 need_f16_K=0 need_f16_V=1 workspace_end_offset=4718592 dst_data=(nil) f16_K=(nil) f16_V=0x400000 f16_end=0x480000
CUDA_FA_ROUTE_PLAN device=0 Q=[256,256,16,1] Kraw=turbo2_tcq Vraw=q5_1 Kshape=[256,256,4,1] Vshape=[256,256,4,1] Keff=f16 Veff=q5_1 turbo_kv=1 prefer_native_vec=0 decode=1 dk=1 dv=0 unsafe_vec_after_turbo_v_decode=0 allow_vec=1 kernel=MMA_F16 need_f16_K=0 need_f16_V=1 Knb=[36,288,72,73728] Vnb=[24,768,192,196608] Keff_nb=[2,2048,512,524288] Veff_nb=[24,768,192,196608]
CUDA_FA_ROUTE_ALLOC kernel=MMA_F16 need_f16_K=0 need_f16_V=1 workspace_end_offset=4718592 dst_data=(nil) f16_K=(nil) f16_V=0x400000 f16_end=0x480000
CUDA_FA_ROUTE_PLAN device=0 Q=[256,256,16,1] Kraw=turbo2_tcq Vraw=q5_1 Kshape=[256,256,4,1] Vshape=[256,256,4,1] Keff=f16 Veff=q5_1 turbo_kv=1 prefer_native_vec=0 decode=1 dk=1 dv=0 unsafe_vec_after_turbo_v_decode=0 allow_vec=1 kernel=MMA_F16 need_f16_K=0 need_f16_V=1 Knb=[36,288,72,73728] Vnb=[24,768,192,196608] Keff_nb=[2,2048,512,524288] Veff_nb=[24,768,192,196608]
CUDA_FA_ROUTE_ALLOC kernel=MMA_F16 need_f16_K=0 need_f16_V=1 workspace_end_offset=4718592 dst_data=(nil) f16_K=(nil) f16_V=0x400000 f16_end=0x480000
CUDA_FA_ROUTE_PLAN device=0 Q=[256,256,16,1] Kraw=turbo2_tcq Vraw=q5_1 Kshape=[256,256,4,1] Vshape=[256,256,4,1] Keff=f16 Veff=q5_1 turbo_kv=1 prefer_native_vec=0 decode=1 dk=1 dv=0 unsafe_vec_after_turbo_v_decode=0 allow_vec=1 kernel=MMA_F16 need_f16_K=0 need_f16_V=1 Knb=[36,288,72,73728] Vnb=[24,768,192,196608] Keff_nb=[2,2048,512,524288] Veff_nb=[24,768,192,196608]
CUDA_FA_ROUTE_ALLOC kernel=MMA_F16 need_f16_K=0 need_f16_V=1 workspace_end_offset=4718592 dst_data=(nil) f16_K=(nil) f16_V=0x400000 f16_end=0x480000
CUDA_FA_ROUTE_PLAN device=0 Q=[256,256,16,1] Kraw=turbo2_tcq Vraw=q5_1 Kshape=[256,256,4,1] Vshape=[256,256,4,1] Keff=f16 Veff=q5_1 turbo_kv=1 prefer_native_vec=0 decode=1 dk=1 dv=0 unsafe_vec_after_turbo_v_decode=0 allow_vec=1 kernel=MMA_F16 need_f16_K=0 need_f16_V=1 Knb=[36,288,72,73728] Vnb=[24,768,192,196608] Keff_nb=[2,2048,512,524288] Veff_nb=[24,768,192,196608]
CUDA_FA_ROUTE_ALLOC kernel=MMA_F16 need_f16_K=0 need_f16_V=1 workspace_end_offset=4718592 dst_data=(nil) f16_K=(nil) f16_V=0x400000 f16_end=0x480000
CUDA_FA_ROUTE_PLAN device=0 Q=[256,256,16,1] Kraw=turbo2_tcq Vraw=q5_1 Kshape=[256,256,4,1] Vshape=[256,256,4,1] Keff=f16 Veff=q5_1 turbo_kv=1 prefer_native_vec=0 decode=1 dk=1 dv=0 unsafe_vec_after_turbo_v_decode=0 allow_vec=1 kernel=MMA_F16 need_f16_K=0 need_f16_V=1 Knb=[36,288,72,73728] Vnb=[24,768,192,196608] Keff_nb=[2,2048,512,524288] Veff_nb=[24,768,192,196608]
CUDA_FA_ROUTE_ALLOC kernel=MMA_F16 need_f16_K=0 need_f16_V=1 workspace_end_offset=4718592 dst_data=(nil) f16_K=(nil) f16_V=0x400000 f16_end=0x480000
CUDA_FA_ROUTE_PLAN device=0 Q=[256,256,16,1] Kraw=turbo2_tcq Vraw=q5_1 Kshape=[256,256,4,1] Vshape=[256,256,4,1] Keff=f16 Veff=q5_1 turbo_kv=1 prefer_native_vec=0 decode=1 dk=1 dv=0 unsafe_vec_after_turbo_v_decode=0 allow_vec=1 kernel=MMA_F16 need_f16_K=0 need_f16_V=1 Knb=[36,288,72,73728] Vnb=[24,768,192,196608] Keff_nb=[2,2048,512,524288] Veff_nb=[24,768,192,196608]
CUDA_FA_ROUTE_ALLOC kernel=MMA_F16 need_f16_K=0 need_f16_V=1 workspace_end_offset=4718592 dst_data=(nil) f16_K=(nil) f16_V=0x400000 f16_end=0x480000
CUDA_FA_ROUTE_PLAN device=0 Q=[256,256,16,1] Kraw=turbo2_tcq Vraw=q5_1 Kshape=[256,256,4,1] Vshape=[256,256,4,1] Keff=f16 Veff=q5_1 turbo_kv=1 prefer_native_vec=0 decode=1 dk=1 dv=0 unsafe_vec_after_turbo_v_decode=0 allow_vec=1 kernel=MMA_F16 need_f16_K=0 need_f16_V=1 Knb=[36,288,72,73728] Vnb=[24,768,192,196608] Keff_nb=[2,2048,512,524288] Veff_nb=[24,768,192,196608]
CUDA_FA_ROUTE_ALLOC kernel=MMA_F16 need_f16_K=0 need_f16_V=1 workspace_end_offset=4718592 dst_data=(nil) f16_K=(nil) f16_V=0x400000 f16_end=0x480000
CUDA_FA_ROUTE_PLAN device=0 Q=[256,256,16,1] Kraw=turbo2_tcq Vraw=q5_1 Kshape=[256,256,4,1] Vshape=[256,256,4,1] Keff=f16 Veff=q5_1 turbo_kv=1 prefer_native_vec=0 decode=1 dk=1 dv=0 unsafe_vec_after_turbo_v_decode=0 allow_vec=1 kernel=MMA_F16 need_f16_K=0 need_f16_V=1 Knb=[36,288,72,73728] Vnb=[24,768,192,196608] Keff_nb=[2,2048,512,524288] Veff_nb=[24,768,192,196608]
CUDA_FA_ROUTE_ALLOC kernel=MMA_F16 need_f16_K=0 need_f16_V=1 workspace_end_offset=4718592 dst_data=(nil) f16_K=(nil) f16_V=0x400000 f16_end=0x480000
CUDA_FA_ROUTE_PLAN device=0 Q=[256,1,16,1] Kraw=turbo2_tcq Vraw=q5_1 Kshape=[256,256,4,1] Vshape=[256,256,4,1] Keff=f16 Veff=q5_1 turbo_kv=1 prefer_native_vec=0 decode=1 dk=1 dv=0 unsafe_vec_after_turbo_v_decode=0 allow_vec=1 kernel=VEC need_f16_K=0 need_f16_V=0 Knb=[36,288,72,73728] Vnb=[24,768,192,196608] Keff_nb=[2,2048,512,524288] Veff_nb=[24,768,192,196608]
CUDA_FA_ROUTE_PLAN device=0 Q=[256,1,16,1] Kraw=turbo2_tcq Vraw=q5_1 Kshape=[256,256,4,1] Vshape=[256,256,4,1] Keff=f16 Veff=q5_1 turbo_kv=1 prefer_native_vec=0 decode=1 dk=1 dv=0 unsafe_vec_after_turbo_v_decode=0 allow_vec=1 kernel=VEC need_f16_K=0 need_f16_V=0 Knb=[36,288,72,73728] Vnb=[24,768,192,196608] Keff_nb=[2,2048,512,524288] Veff_nb=[24,768,192,196608]
CUDA_FA_ROUTE_PLAN device=0 Q=[256,1,16,1] Kraw=turbo2_tcq Vraw=q5_1 Kshape=[256,256,4,1] Vshape=[256,256,4,1] Keff=f16 Veff=q5_1 turbo_kv=1 prefer_native_vec=0 decode=1 dk=1 dv=0 unsafe_vec_after_turbo_v_decode=0 allow_vec=1 kernel=VEC need_f16_K=0 need_f16_V=0 Knb=[36,288,72,73728] Vnb=[24,768,192,196608] Keff_nb=[2,2048,512,524288] Veff_nb=[24,768,192,196608]
CUDA_FA_ROUTE_PLAN device=0 Q=[256,1,16,1] Kraw=turbo2_tcq Vraw=q5_1 Kshape=[256,256,4,1] Vshape=[256,256,4,1] Keff=f16 Veff=q5_1 turbo_kv=1 prefer_native_vec=0 decode=1 dk=1 dv=0 unsafe_vec_after_turbo_v_decode=0 allow_vec=1 kernel=VEC need_f16_K=0 need_f16_V=0 Knb=[36,288,72,73728] Vnb=[24,768,192,196608] Keff_nb=[2,2048,512,524288] Veff_nb=[24,768,192,196608]
CUDA_FA_ROUTE_PLAN device=0 Q=[256,1,16,1] Kraw=turbo2_tcq Vraw=q5_1 Kshape=[256,256,4,1] Vshape=[256,256,4,1] Keff=f16 Veff=q5_1 turbo_kv=1 prefer_native_vec=0 decode=1 dk=1 dv=0 unsafe_vec_after_turbo_v_decode=0 allow_vec=1 kernel=VEC need_f16_K=0 need_f16_V=0 Knb=[36,288,72,73728] Vnb=[24,768,192,196608] Keff_nb=[2,2048,512,524288] Veff_nb=[24,768,192,196608]
CUDA_FA_ROUTE_PLAN device=0 Q=[256,1,16,1] Kraw=turbo2_tcq Vraw=q5_1 Kshape=[256,256,4,1] Vshape=[256,256,4,1] Keff=f16 Veff=q5_1 turbo_kv=1 prefer_native_vec=0 decode=1 dk=1 dv=0 unsafe_vec_after_turbo_v_decode=0 allow_vec=1 kernel=VEC need_f16_K=0 need_f16_V=0 Knb=[36,288,72,73728] Vnb=[24,768,192,196608] Keff_nb=[2,2048,512,524288] Veff_nb=[24,768,192,196608]
CUDA_FA_ROUTE_PLAN device=0 Q=[256,1,16,1] Kraw=turbo2_tcq Vraw=q5_1 Kshape=[256,256,4,1] Vshape=[256,256,4,1] Keff=f16 Veff=q5_1 turbo_kv=1 prefer_native_vec=0 decode=1 dk=1 dv=0 unsafe_vec_after_turbo_v_decode=0 allow_vec=1 kernel=VEC need_f16_K=0 need_f16_V=0 Knb=[36,288,72,73728] Vnb=[24,768,192,196608] Keff_nb=[2,2048,512,524288] Veff_nb=[24,768,192,196608]
CUDA_FA_ROUTE_PLAN device=0 Q=[256,1,16,1] Kraw=turbo2_tcq Vraw=q5_1 Kshape=[256,256,4,1] Vshape=[256,256,4,1] Keff=f16 Veff=q5_1 turbo_kv=1 prefer_native_vec=0 decode=1 dk=1 dv=0 unsafe_vec_after_turbo_v_decode=0 allow_vec=1 kernel=VEC need_f16_K=0 need_f16_V=0 Knb=[36,288,72,73728] Vnb=[24,768,192,196608] Keff_nb=[2,2048,512,524288] Veff_nb=[24,768,192,196608]
CUDA_FA_ROUTE_PLAN device=0 Q=[256,256,16,1] Kraw=turbo2_tcq Vraw=q5_1 Kshape=[256,256,4,1] Vshape=[256,256,4,1] Keff=f16 Veff=q5_1 turbo_kv=1 prefer_native_vec=0 decode=1 dk=1 dv=0 unsafe_vec_after_turbo_v_decode=0 allow_vec=1 kernel=MMA_F16 need_f16_K=0 need_f16_V=1 Knb=[36,288,72,73728] Vnb=[24,768,192,196608] Keff_nb=[2,2048,512,524288] Veff_nb=[24,768,192,196608]
CUDA_FA_ROUTE_SUPPORTED kernel=MMA_F16 effK=f16 effV=q5_1 supported=1
CUDA_FA_ROUTE_PLAN device=0 Q=[256,256,16,1] Kraw=turbo2_tcq Vraw=q5_1 Kshape=[256,256,4,1] Vshape=[256,256,4,1] Keff=f16 Veff=q5_1 turbo_kv=1 prefer_native_vec=0 decode=1 dk=1 dv=0 unsafe_vec_after_turbo_v_decode=0 allow_vec=1 kernel=MMA_F16 need_f16_K=0 need_f16_V=1 Knb=[36,288,72,73728] Vnb=[24,768,192,196608] Keff_nb=[2,2048,512,524288] Veff_nb=[24,768,192,196608]
CUDA_FA_ROUTE_SUPPORTED kernel=MMA_F16 effK=f16 effV=q5_1 supported=1
CUDA_FA_ROUTE_PLAN device=0 Q=[256,256,16,1] Kraw=turbo2_tcq Vraw=q5_1 Kshape=[256,256,4,1] Vshape=[256,256,4,1] Keff=f16 Veff=q5_1 turbo_kv=1 prefer_native_vec=0 decode=1 dk=1 dv=0 unsafe_vec_after_turbo_v_decode=0 allow_vec=1 kernel=MMA_F16 need_f16_K=0 need_f16_V=1 Knb=[36,288,72,73728] Vnb=[24,768,192,196608] Keff_nb=[2,2048,512,524288] Veff_nb=[24,768,192,196608]
CUDA_FA_ROUTE_SUPPORTED kernel=MMA_F16 effK=f16 effV=q5_1 supported=1
CUDA_FA_ROUTE_PLAN device=0 Q=[256,256,16,1] Kraw=turbo2_tcq Vraw=q5_1 Kshape=[256,256,4,1] Vshape=[256,256,4,1] Keff=f16 Veff=q5_1 turbo_kv=1 prefer_native_vec=0 decode=1 dk=1 dv=0 unsafe_vec_after_turbo_v_decode=0 allow_vec=1 kernel=MMA_F16 need_f16_K=0 need_f16_V=1 Knb=[36,288,72,73728] Vnb=[24,768,192,196608] Keff_nb=[2,2048,512,524288] Veff_nb=[24,768,192,196608]
CUDA_FA_ROUTE_SUPPORTED kernel=MMA_F16 effK=f16 effV=q5_1 supported=1
CUDA_FA_ROUTE_PLAN device=0 Q=[256,256,16,1] Kraw=turbo2_tcq Vraw=q5_1 Kshape=[256,256,4,1] Vshape=[256,256,4,1] Keff=f16 Veff=q5_1 turbo_kv=1 prefer_native_vec=0 decode=1 dk=1 dv=0 unsafe_vec_after_turbo_v_decode=0 allow_vec=1 kernel=MMA_F16 need_f16_K=0 need_f16_V=1 Knb=[36,288,72,73728] Vnb=[24,768,192,196608] Keff_nb=[2,2048,512,524288] Veff_nb=[24,768,192,196608]
CUDA_FA_ROUTE_SUPPORTED kernel=MMA_F16 effK=f16 effV=q5_1 supported=1
CUDA_FA_ROUTE_PLAN device=0 Q=[256,256,16,1] Kraw=turbo2_tcq Vraw=q5_1 Kshape=[256,256,4,1] Vshape=[256,256,4,1] Keff=f16 Veff=q5_1 turbo_kv=1 prefer_native_vec=0 decode=1 dk=1 dv=0 unsafe_vec_after_turbo_v_decode=0 allow_vec=1 kernel=MMA_F16 need_f16_K=0 need_f16_V=1 Knb=[36,288,72,73728] Vnb=[24,768,192,196608] Keff_nb=[2,2048,512,524288] Veff_nb=[24,768,192,196608]
CUDA_FA_ROUTE_SUPPORTED kernel=MMA_F16 effK=f16 effV=q5_1 supported=1
CUDA_FA_ROUTE_PLAN device=0 Q=[256,256,16,1] Kraw=turbo2_tcq Vraw=q5_1 Kshape=[256,256,4,1] Vshape=[256,256,4,1] Keff=f16 Veff=q5_1 turbo_kv=1 prefer_native_vec=0 decode=1 dk=1 dv=0 unsafe_vec_after_turbo_v_decode=0 allow_vec=1 kernel=MMA_F16 need_f16_K=0 need_f16_V=1 Knb=[36,288,72,73728] Vnb=[24,768,192,196608] Keff_nb=[2,2048,512,524288] Veff_nb=[24,768,192,196608]
CUDA_FA_ROUTE_SUPPORTED kernel=MMA_F16 effK=f16 effV=q5_1 supported=1
CUDA_FA_ROUTE_PLAN device=0 Q=[256,256,16,1] Kraw=turbo2_tcq Vraw=q5_1 Kshape=[256,256,4,1] Vshape=[256,256,4,1] Keff=f16 Veff=q5_1 turbo_kv=1 prefer_native_vec=0 decode=1 dk=1 dv=0 unsafe_vec_after_turbo_v_decode=0 allow_vec=1 kernel=MMA_F16 need_f16_K=0 need_f16_V=1 Knb=[36,288,72,73728] Vnb=[24,768,192,196608] Keff_nb=[2,2048,512,524288] Veff_nb=[24,768,192,196608]
CUDA_FA_ROUTE_SUPPORTED kernel=MMA_F16 effK=f16 effV=q5_1 supported=1
CUDA_FA_ROUTE_PLAN device=0 Q=[256,1,16,1] Kraw=turbo2_tcq Vraw=q5_1 Kshape=[256,256,4,1] Vshape=[256,256,4,1] Keff=f16 Veff=q5_1 turbo_kv=1 prefer_native_vec=0 decode=1 dk=1 dv=0 unsafe_vec_after_turbo_v_decode=0 allow_vec=1 kernel=VEC need_f16_K=0 need_f16_V=0 Knb=[36,288,72,73728] Vnb=[24,768,192,196608] Keff_nb=[2,2048,512,524288] Veff_nb=[24,768,192,196608]
CUDA_FA_ROUTE_PLAN device=0 Q=[256,1,16,1] Kraw=turbo2_tcq Vraw=q5_1 Kshape=[256,256,4,1] Vshape=[256,256,4,1] Keff=f16 Veff=q5_1 turbo_kv=1 prefer_native_vec=0 decode=1 dk=1 dv=0 unsafe_vec_after_turbo_v_decode=0 allow_vec=1 kernel=VEC need_f16_K=0 need_f16_V=0 Knb=[36,288,72,73728] Vnb=[24,768,192,196608] Keff_nb=[2,2048,512,524288] Veff_nb=[24,768,192,196608]
CUDA_FA_ROUTE_PLAN device=0 Q=[256,1,16,1] Kraw=turbo2_tcq Vraw=q5_1 Kshape=[256,256,4,1] Vshape=[256,256,4,1] Keff=f16 Veff=q5_1 turbo_kv=1 prefer_native_vec=0 decode=1 dk=1 dv=0 unsafe_vec_after_turbo_v_decode=0 allow_vec=1 kernel=VEC need_f16_K=0 need_f16_V=0 Knb=[36,288,72,73728] Vnb=[24,768,192,196608] Keff_nb=[2,2048,512,524288] Veff_nb=[24,768,192,196608]
CUDA_FA_ROUTE_PLAN device=0 Q=[256,1,16,1] Kraw=turbo2_tcq Vraw=q5_1 Kshape=[256,256,4,1] Vshape=[256,256,4,1] Keff=f16 Veff=q5_1 turbo_kv=1 prefer_native_vec=0 decode=1 dk=1 dv=0 unsafe_vec_after_turbo_v_decode=0 allow_vec=1 kernel=VEC need_f16_K=0 need_f16_V=0 Knb=[36,288,72,73728] Vnb=[24,768,192,196608] Keff_nb=[2,2048,512,524288] Veff_nb=[24,768,192,196608]
CUDA_FA_ROUTE_PLAN device=0 Q=[256,1,16,1] Kraw=turbo2_tcq Vraw=q5_1 Kshape=[256,256,4,1] Vshape=[256,256,4,1] Keff=f16 Veff=q5_1 turbo_kv=1 prefer_native_vec=0 decode=1 dk=1 dv=0 unsafe_vec_after_turbo_v_decode=0 allow_vec=1 kernel=VEC need_f16_K=0 need_f16_V=0 Knb=[36,288,72,73728] Vnb=[24,768,192,196608] Keff_nb=[2,2048,512,524288] Veff_nb=[24,768,192,196608]
CUDA_FA_ROUTE_PLAN device=0 Q=[256,1,16,1] Kraw=turbo2_tcq Vraw=q5_1 Kshape=[256,256,4,1] Vshape=[256,256,4,1] Keff=f16 Veff=q5_1 turbo_kv=1 prefer_native_vec=0 decode=1 dk=1 dv=0 unsafe_vec_after_turbo_v_decode=0 allow_vec=1 kernel=VEC need_f16_K=0 need_f16_V=0 Knb=[36,288,72,73728] Vnb=[24,768,192,196608] Keff_nb=[2,2048,512,524288] Veff_nb=[24,768,192,196608]
CUDA_FA_ROUTE_PLAN device=0 Q=[256,1,16,1] Kraw=turbo2_tcq Vraw=q5_1 Kshape=[256,256,4,1] Vshape=[256,256,4,1] Keff=f16 Veff=q5_1 turbo_kv=1 prefer_native_vec=0 decode=1 dk=1 dv=0 unsafe_vec_after_turbo_v_decode=0 allow_vec=1 kernel=VEC need_f16_K=0 need_f16_V=0 Knb=[36,288,72,73728] Vnb=[24,768,192,196608] Keff_nb=[2,2048,512,524288] Veff_nb=[24,768,192,196608]
CUDA_FA_ROUTE_PLAN device=0 Q=[256,1,16,1] Kraw=turbo2_tcq Vraw=q5_1 Kshape=[256,256,4,1] Vshape=[256,256,4,1] Keff=f16 Veff=q5_1 turbo_kv=1 prefer_native_vec=0 decode=1 dk=1 dv=0 unsafe_vec_after_turbo_v_decode=0 allow_vec=1 kernel=VEC need_f16_K=0 need_f16_V=0 Knb=[36,288,72,73728] Vnb=[24,768,192,196608] Keff_nb=[2,2048,512,524288] Veff_nb=[24,768,192,196608]
CUDA_FA_ROUTE_PLAN device=0 Q=[256,16,16,1] Kraw=turbo2_tcq Vraw=q5_1 Kshape=[256,256,4,1] Vshape=[256,256,4,1] Keff=f16 Veff=q5_1 turbo_kv=1 prefer_native_vec=0 decode=1 dk=1 dv=0 unsafe_vec_after_turbo_v_decode=0 allow_vec=1 kernel=MMA_F16 need_f16_K=0 need_f16_V=1 Knb=[36,288,72,73728] Vnb=[24,768,192,196608] Keff_nb=[2,2048,512,524288] Veff_nb=[24,768,192,196608]
CUDA_FA_ROUTE_SUPPORTED kernel=MMA_F16 effK=f16 effV=q5_1 supported=1
CUDA_FA_ROUTE_PLAN device=0 Q=[256,16,16,1] Kraw=turbo2_tcq Vraw=q5_1 Kshape=[256,256,4,1] Vshape=[256,256,4,1] Keff=f16 Veff=q5_1 turbo_kv=1 prefer_native_vec=0 decode=1 dk=1 dv=0 unsafe_vec_after_turbo_v_decode=0 allow_vec=1 kernel=MMA_F16 need_f16_K=0 need_f16_V=1 Knb=[36,288,72,73728] Vnb=[24,768,192,196608] Keff_nb=[2,2048,512,524288] Veff_nb=[24,768,192,196608]
CUDA_FA_ROUTE_SUPPORTED kernel=MMA_F16 effK=f16 effV=q5_1 supported=1
CUDA_FA_ROUTE_PLAN device=0 Q=[256,16,16,1] Kraw=turbo2_tcq Vraw=q5_1 Kshape=[256,256,4,1] Vshape=[256,256,4,1] Keff=f16 Veff=q5_1 turbo_kv=1 prefer_native_vec=0 decode=1 dk=1 dv=0 unsafe_vec_after_turbo_v_decode=0 allow_vec=1 kernel=MMA_F16 need_f16_K=0 need_f16_V=1 Knb=[36,288,72,73728] Vnb=[24,768,192,196608] Keff_nb=[2,2048,512,524288] Veff_nb=[24,768,192,196608]
CUDA_FA_ROUTE_SUPPORTED kernel=MMA_F16 effK=f16 effV=q5_1 supported=1
CUDA_FA_ROUTE_PLAN device=0 Q=[256,16,16,1] Kraw=turbo2_tcq Vraw=q5_1 Kshape=[256,256,4,1] Vshape=[256,256,4,1] Keff=f16 Veff=q5_1 turbo_kv=1 prefer_native_vec=0 decode=1 dk=1 dv=0 unsafe_vec_after_turbo_v_decode=0 allow_vec=1 kernel=MMA_F16 need_f16_K=0 need_f16_V=1 Knb=[36,288,72,73728] Vnb=[24,768,192,196608] Keff_nb=[2,2048,512,524288] Veff_nb=[24,768,192,196608]
CUDA_FA_ROUTE_SUPPORTED kernel=MMA_F16 effK=f16 effV=q5_1 supported=1
CUDA_FA_ROUTE_PLAN device=0 Q=[256,16,16,1] Kraw=turbo2_tcq Vraw=q5_1 Kshape=[256,256,4,1] Vshape=[256,256,4,1] Keff=f16 Veff=q5_1 turbo_kv=1 prefer_native_vec=0 decode=1 dk=1 dv=0 unsafe_vec_after_turbo_v_decode=0 allow_vec=1 kernel=MMA_F16 need_f16_K=0 need_f16_V=1 Knb=[36,288,72,73728] Vnb=[24,768,192,196608] Keff_nb=[2,2048,512,524288] Veff_nb=[24,768,192,196608]
CUDA_FA_ROUTE_SUPPORTED kernel=MMA_F16 effK=f16 effV=q5_1 supported=1
CUDA_FA_ROUTE_PLAN device=0 Q=[256,16,16,1] Kraw=turbo2_tcq Vraw=q5_1 Kshape=[256,256,4,1] Vshape=[256,256,4,1] Keff=f16 Veff=q5_1 turbo_kv=1 prefer_native_vec=0 decode=1 dk=1 dv=0 unsafe_vec_after_turbo_v_decode=0 allow_vec=1 kernel=MMA_F16 need_f16_K=0 need_f16_V=1 Knb=[36,288,72,73728] Vnb=[24,768,192,196608] Keff_nb=[2,2048,512,524288] Veff_nb=[24,768,192,196608]
CUDA_FA_ROUTE_SUPPORTED kernel=MMA_F16 effK=f16 effV=q5_1 supported=1
CUDA_FA_ROUTE_PLAN device=0 Q=[256,16,16,1] Kraw=turbo2_tcq Vraw=q5_1 Kshape=[256,256,4,1] Vshape=[256,256,4,1] Keff=f16 Veff=q5_1 turbo_kv=1 prefer_native_vec=0 decode=1 dk=1 dv=0 unsafe_vec_after_turbo_v_decode=0 allow_vec=1 kernel=MMA_F16 need_f16_K=0 need_f16_V=1 Knb=[36,288,72,73728] Vnb=[24,768,192,196608] Keff_nb=[2,2048,512,524288] Veff_nb=[24,768,192,196608]
CUDA_FA_ROUTE_SUPPORTED kernel=MMA_F16 effK=f16 effV=q5_1 supported=1
CUDA_FA_ROUTE_PLAN device=0 Q=[256,16,16,1] Kraw=turbo2_tcq Vraw=q5_1 Kshape=[256,256,4,1] Vshape=[256,256,4,1] Keff=f16 Veff=q5_1 turbo_kv=1 prefer_native_vec=0 decode=1 dk=1 dv=0 unsafe_vec_after_turbo_v_decode=0 allow_vec=1 kernel=MMA_F16 need_f16_K=0 need_f16_V=1 Knb=[36,288,72,73728] Vnb=[24,768,192,196608] Keff_nb=[2,2048,512,524288] Veff_nb=[24,768,192,196608]
CUDA_FA_ROUTE_SUPPORTED kernel=MMA_F16 effK=f16 effV=q5_1 supported=1
CUDA_FA_ROUTE_PLAN device=0 Q=[256,1,16,1] Kraw=turbo2_tcq Vraw=q5_1 Kshape=[256,256,4,1] Vshape=[256,256,4,1] Keff=f16 Veff=q5_1 turbo_kv=1 prefer_native_vec=0 decode=1 dk=1 dv=0 unsafe_vec_after_turbo_v_decode=0 allow_vec=1 kernel=VEC need_f16_K=0 need_f16_V=0 Knb=[36,288,72,73728] Vnb=[24,768,192,196608] Keff_nb=[2,2048,512,524288] Veff_nb=[24,768,192,196608]
CUDA_FA_ROUTE_PLAN device=0 Q=[256,1,16,1] Kraw=turbo2_tcq Vraw=q5_1 Kshape=[256,256,4,1] Vshape=[256,256,4,1] Keff=f16 Veff=q5_1 turbo_kv=1 prefer_native_vec=0 decode=1 dk=1 dv=0 unsafe_vec_after_turbo_v_decode=0 allow_vec=1 kernel=VEC need_f16_K=0 need_f16_V=0 Knb=[36,288,72,73728] Vnb=[24,768,192,196608] Keff_nb=[2,2048,512,524288] Veff_nb=[24,768,192,196608]
CUDA_FA_ROUTE_PLAN device=0 Q=[256,1,16,1] Kraw=turbo2_tcq Vraw=q5_1 Kshape=[256,256,4,1] Vshape=[256,256,4,1] Keff=f16 Veff=q5_1 turbo_kv=1 prefer_native_vec=0 decode=1 dk=1 dv=0 unsafe_vec_after_turbo_v_decode=0 allow_vec=1 kernel=VEC need_f16_K=0 need_f16_V=0 Knb=[36,288,72,73728] Vnb=[24,768,192,196608] Keff_nb=[2,2048,512,524288] Veff_nb=[24,768,192,196608]
CUDA_FA_ROUTE_PLAN device=0 Q=[256,1,16,1] Kraw=turbo2_tcq Vraw=q5_1 Kshape=[256,256,4,1] Vshape=[256,256,4,1] Keff=f16 Veff=q5_1 turbo_kv=1 prefer_native_vec=0 decode=1 dk=1 dv=0 unsafe_vec_after_turbo_v_decode=0 allow_vec=1 kernel=VEC need_f16_K=0 need_f16_V=0 Knb=[36,288,72,73728] Vnb=[24,768,192,196608] Keff_nb=[2,2048,512,524288] Veff_nb=[24,768,192,196608]
CUDA_FA_ROUTE_PLAN device=0 Q=[256,1,16,1] Kraw=turbo2_tcq Vraw=q5_1 Kshape=[256,256,4,1] Vshape=[256,256,4,1] Keff=f16 Veff=q5_1 turbo_kv=1 prefer_native_vec=0 decode=1 dk=1 dv=0 unsafe_vec_after_turbo_v_decode=0 allow_vec=1 kernel=VEC need_f16_K=0 need_f16_V=0 Knb=[36,288,72,73728] Vnb=[24,768,192,196608] Keff_nb=[2,2048,512,524288] Veff_nb=[24,768,192,196608]
CUDA_FA_ROUTE_PLAN device=0 Q=[256,1,16,1] Kraw=turbo2_tcq Vraw=q5_1 Kshape=[256,256,4,1] Vshape=[256,256,4,1] Keff=f16 Veff=q5_1 turbo_kv=1 prefer_native_vec=0 decode=1 dk=1 dv=0 unsafe_vec_after_turbo_v_decode=0 allow_vec=1 kernel=VEC need_f16_K=0 need_f16_V=0 Knb=[36,288,72,73728] Vnb=[24,768,192,196608] Keff_nb=[2,2048,512,524288] Veff_nb=[24,768,192,196608]
CUDA_FA_ROUTE_PLAN device=0 Q=[256,1,16,1] Kraw=turbo2_tcq Vraw=q5_1 Kshape=[256,256,4,1] Vshape=[256,256,4,1] Keff=f16 Veff=q5_1 turbo_kv=1 prefer_native_vec=0 decode=1 dk=1 dv=0 unsafe_vec_after_turbo_v_decode=0 allow_vec=1 kernel=VEC need_f16_K=0 need_f16_V=0 Knb=[36,288,72,73728] Vnb=[24,768,192,196608] Keff_nb=[2,2048,512,524288] Veff_nb=[24,768,192,196608]
CUDA_FA_ROUTE_PLAN device=0 Q=[256,1,16,1] Kraw=turbo2_tcq Vraw=q5_1 Kshape=[256,256,4,1] Vshape=[256,256,4,1] Keff=f16 Veff=q5_1 turbo_kv=1 prefer_native_vec=0 decode=1 dk=1 dv=0 unsafe_vec_after_turbo_v_decode=0 allow_vec=1 kernel=VEC need_f16_K=0 need_f16_V=0 Knb=[36,288,72,73728] Vnb=[24,768,192,196608] Keff_nb=[2,2048,512,524288] Veff_nb=[24,768,192,196608]
CUDA_FA_ROUTE_PLAN device=0 Q=[256,256,16,1] Kraw=turbo2_tcq Vraw=q5_1 Kshape=[256,256,4,1] Vshape=[256,256,4,1] Keff=f16 Veff=q5_1 turbo_kv=1 prefer_native_vec=0 decode=1 dk=1 dv=0 unsafe_vec_after_turbo_v_decode=0 allow_vec=1 kernel=MMA_F16 need_f16_K=0 need_f16_V=1 Knb=[36,288,72,73728] Vnb=[24,768,192,196608] Keff_nb=[2,2048,512,524288] Veff_nb=[24,768,192,196608]
CUDA_FA_ROUTE_SUPPORTED kernel=MMA_F16 effK=f16 effV=q5_1 supported=1
CUDA_FA_ROUTE_PLAN device=0 Q=[256,256,16,1] Kraw=turbo2_tcq Vraw=q5_1 Kshape=[256,256,4,1] Vshape=[256,256,4,1] Keff=f16 Veff=q5_1 turbo_kv=1 prefer_native_vec=0 decode=1 dk=1 dv=0 unsafe_vec_after_turbo_v_decode=0 allow_vec=1 kernel=MMA_F16 need_f16_K=0 need_f16_V=1 Knb=[36,288,72,73728] Vnb=[24,768,192,196608] Keff_nb=[2,2048,512,524288] Veff_nb=[24,768,192,196608]
CUDA_FA_ROUTE_SUPPORTED kernel=MMA_F16 effK=f16 effV=q5_1 supported=1
CUDA_FA_ROUTE_PLAN device=0 Q=[256,256,16,1] Kraw=turbo2_tcq Vraw=q5_1 Kshape=[256,256,4,1] Vshape=[256,256,4,1] Keff=f16 Veff=q5_1 turbo_kv=1 prefer_native_vec=0 decode=1 dk=1 dv=0 unsafe_vec_after_turbo_v_decode=0 allow_vec=1 kernel=MMA_F16 need_f16_K=0 need_f16_V=1 Knb=[36,288,72,73728] Vnb=[24,768,192,196608] Keff_nb=[2,2048,512,524288] Veff_nb=[24,768,192,196608]
CUDA_FA_ROUTE_SUPPORTED kernel=MMA_F16 effK=f16 effV=q5_1 supported=1
CUDA_FA_ROUTE_PLAN device=0 Q=[256,256,16,1] Kraw=turbo2_tcq Vraw=q5_1 Kshape=[256,256,4,1] Vshape=[256,256,4,1] Keff=f16 Veff=q5_1 turbo_kv=1 prefer_native_vec=0 decode=1 dk=1 dv=0 unsafe_vec_after_turbo_v_decode=0 allow_vec=1 kernel=MMA_F16 need_f16_K=0 need_f16_V=1 Knb=[36,288,72,73728] Vnb=[24,768,192,196608] Keff_nb=[2,2048,512,524288] Veff_nb=[24,768,192,196608]
CUDA_FA_ROUTE_SUPPORTED kernel=MMA_F16 effK=f16 effV=q5_1 supported=1
CUDA_FA_ROUTE_PLAN device=0 Q=[256,256,16,1] Kraw=turbo2_tcq Vraw=q5_1 Kshape=[256,256,4,1] Vshape=[256,256,4,1] Keff=f16 Veff=q5_1 turbo_kv=1 prefer_native_vec=0 decode=1 dk=1 dv=0 unsafe_vec_after_turbo_v_decode=0 allow_vec=1 kernel=MMA_F16 need_f16_K=0 need_f16_V=1 Knb=[36,288,72,73728] Vnb=[24,768,192,196608] Keff_nb=[2,2048,512,524288] Veff_nb=[24,768,192,196608]
CUDA_FA_ROUTE_SUPPORTED kernel=MMA_F16 effK=f16 effV=q5_1 supported=1
CUDA_FA_ROUTE_PLAN device=0 Q=[256,256,16,1] Kraw=turbo2_tcq Vraw=q5_1 Kshape=[256,256,4,1] Vshape=[256,256,4,1] Keff=f16 Veff=q5_1 turbo_kv=1 prefer_native_vec=0 decode=1 dk=1 dv=0 unsafe_vec_after_turbo_v_decode=0 allow_vec=1 kernel=MMA_F16 need_f16_K=0 need_f16_V=1 Knb=[36,288,72,73728] Vnb=[24,768,192,196608] Keff_nb=[2,2048,512,524288] Veff_nb=[24,768,192,196608]
CUDA_FA_ROUTE_SUPPORTED kernel=MMA_F16 effK=f16 effV=q5_1 supported=1
CUDA_FA_ROUTE_PLAN device=0 Q=[256,256,16,1] Kraw=turbo2_tcq Vraw=q5_1 Kshape=[256,256,4,1] Vshape=[256,256,4,1] Keff=f16 Veff=q5_1 turbo_kv=1 prefer_native_vec=0 decode=1 dk=1 dv=0 unsafe_vec_after_turbo_v_decode=0 allow_vec=1 kernel=MMA_F16 need_f16_K=0 need_f16_V=1 Knb=[36,288,72,73728] Vnb=[24,768,192,196608] Keff_nb=[2,2048,512,524288] Veff_nb=[24,768,192,196608]
CUDA_FA_ROUTE_SUPPORTED kernel=MMA_F16 effK=f16 effV=q5_1 supported=1
CUDA_FA_ROUTE_PLAN device=0 Q=[256,256,16,1] Kraw=turbo2_tcq Vraw=q5_1 Kshape=[256,256,4,1] Vshape=[256,256,4,1] Keff=f16 Veff=q5_1 turbo_kv=1 prefer_native_vec=0 decode=1 dk=1 dv=0 unsafe_vec_after_turbo_v_decode=0 allow_vec=1 kernel=MMA_F16 need_f16_K=0 need_f16_V=1 Knb=[36,288,72,73728] Vnb=[24,768,192,196608] Keff_nb=[2,2048,512,524288] Veff_nb=[24,768,192,196608]
CUDA_FA_ROUTE_SUPPORTED kernel=MMA_F16 effK=f16 effV=q5_1 supported=1
CUDA_FA_ROUTE_PLAN device=0 Q=[256,256,16,1] Kraw=turbo2_tcq Vraw=q5_1 Kshape=[256,256,4,1] Vshape=[256,256,4,1] Keff=f16 Veff=q5_1 turbo_kv=1 prefer_native_vec=0 decode=1 dk=1 dv=0 unsafe_vec_after_turbo_v_decode=0 allow_vec=1 kernel=MMA_F16 need_f16_K=0 need_f16_V=1 Knb=[36,288,72,73728] Vnb=[24,768,192,196608] Keff_nb=[2,2048,512,524288] Veff_nb=[24,768,192,196608]
CUDA_FA_ROUTE_ALLOC kernel=MMA_F16 need_f16_K=0 need_f16_V=1 workspace_end_offset=4718592 dst_data=(nil) f16_K=(nil) f16_V=0x400000 f16_end=0x480000
CUDA_FA_ROUTE_PLAN device=0 Q=[256,256,16,1] Kraw=turbo2_tcq Vraw=q5_1 Kshape=[256,256,4,1] Vshape=[256,256,4,1] Keff=f16 Veff=q5_1 turbo_kv=1 prefer_native_vec=0 decode=1 dk=1 dv=0 unsafe_vec_after_turbo_v_decode=0 allow_vec=1 kernel=MMA_F16 need_f16_K=0 need_f16_V=1 Knb=[36,288,72,73728] Vnb=[24,768,192,196608] Keff_nb=[2,2048,512,524288] Veff_nb=[24,768,192,196608]
CUDA_FA_ROUTE_ALLOC kernel=MMA_F16 need_f16_K=0 need_f16_V=1 workspace_end_offset=4718592 dst_data=(nil) f16_K=(nil) f16_V=0x400000 f16_end=0x480000
CUDA_FA_ROUTE_PLAN device=0 Q=[256,256,16,1] Kraw=turbo2_tcq Vraw=q5_1 Kshape=[256,256,4,1] Vshape=[256,256,4,1] Keff=f16 Veff=q5_1 turbo_kv=1 prefer_native_vec=0 decode=1 dk=1 dv=0 unsafe_vec_after_turbo_v_decode=0 allow_vec=1 kernel=MMA_F16 need_f16_K=0 need_f16_V=1 Knb=[36,288,72,73728] Vnb=[24,768,192,196608] Keff_nb=[2,2048,512,524288] Veff_nb=[24,768,192,196608]
CUDA_FA_ROUTE_ALLOC kernel=MMA_F16 need_f16_K=0 need_f16_V=1 workspace_end_offset=4718592 dst_data=(nil) f16_K=(nil) f16_V=0x400000 f16_end=0x480000
CUDA_FA_ROUTE_PLAN device=0 Q=[256,256,16,1] Kraw=turbo2_tcq Vraw=q5_1 Kshape=[256,256,4,1] Vshape=[256,256,4,1] Keff=f16 Veff=q5_1 turbo_kv=1 prefer_native_vec=0 decode=1 dk=1 dv=0 unsafe_vec_after_turbo_v_decode=0 allow_vec=1 kernel=MMA_F16 need_f16_K=0 need_f16_V=1 Knb=[36,288,72,73728] Vnb=[24,768,192,196608] Keff_nb=[2,2048,512,524288] Veff_nb=[24,768,192,196608]
CUDA_FA_ROUTE_ALLOC kernel=MMA_F16 need_f16_K=0 need_f16_V=1 workspace_end_offset=4718592 dst_data=(nil) f16_K=(nil) f16_V=0x400000 f16_end=0x480000
CUDA_FA_ROUTE_PLAN device=0 Q=[256,256,16,1] Kraw=turbo2_tcq Vraw=q5_1 Kshape=[256,256,4,1] Vshape=[256,256,4,1] Keff=f16 Veff=q5_1 turbo_kv=1 prefer_native_vec=0 decode=1 dk=1 dv=0 unsafe_vec_after_turbo_v_decode=0 allow_vec=1 kernel=MMA_F16 need_f16_K=0 need_f16_V=1 Knb=[36,288,72,73728] Vnb=[24,768,192,196608] Keff_nb=[2,2048,512,524288] Veff_nb=[24,768,192,196608]
CUDA_FA_ROUTE_ALLOC kernel=MMA_F16 need_f16_K=0 need_f16_V=1 workspace_end_offset=4718592 dst_data=(nil) f16_K=(nil) f16_V=0x400000 f16_end=0x480000
CUDA_FA_ROUTE_PLAN device=0 Q=[256,256,16,1] Kraw=turbo2_tcq Vraw=q5_1 Kshape=[256,256,4,1] Vshape=[256,256,4,1] Keff=f16 Veff=q5_1 turbo_kv=1 prefer_native_vec=0 decode=1 dk=1 dv=0 unsafe_vec_after_turbo_v_decode=0 allow_vec=1 kernel=MMA_F16 need_f16_K=0 need_f16_V=1 Knb=[36,288,72,73728] Vnb=[24,768,192,196608] Keff_nb=[2,2048,512,524288] Veff_nb=[24,768,192,196608]
CUDA_FA_ROUTE_ALLOC kernel=MMA_F16 need_f16_K=0 need_f16_V=1 workspace_end_offset=4718592 dst_data=(nil) f16_K=(nil) f16_V=0x400000 f16_end=0x480000
CUDA_FA_ROUTE_PLAN device=0 Q=[256,256,16,1] Kraw=turbo2_tcq Vraw=q5_1 Kshape=[256,256,4,1] Vshape=[256,256,4,1] Keff=f16 Veff=q5_1 turbo_kv=1 prefer_native_vec=0 decode=1 dk=1 dv=0 unsafe_vec_after_turbo_v_decode=0 allow_vec=1 kernel=MMA_F16 need_f16_K=0 need_f16_V=1 Knb=[36,288,72,73728] Vnb=[24,768,192,196608] Keff_nb=[2,2048,512,524288] Veff_nb=[24,768,192,196608]
CUDA_FA_ROUTE_ALLOC kernel=MMA_F16 need_f16_K=0 need_f16_V=1 workspace_end_offset=4718592 dst_data=(nil) f16_K=(nil) f16_V=0x400000 f16_end=0x480000
CUDA_FA_ROUTE_PLAN device=0 Q=[256,256,16,1] Kraw=turbo2_tcq Vraw=q5_1 Kshape=[256,256,4,1] Vshape=[256,256,4,1] Keff=f16 Veff=q5_1 turbo_kv=1 prefer_native_vec=0 decode=1 dk=1 dv=0 unsafe_vec_after_turbo_v_decode=0 allow_vec=1 kernel=MMA_F16 need_f16_K=0 need_f16_V=1 Knb=[36,288,72,73728] Vnb=[24,768,192,196608] Keff_nb=[2,2048,512,524288] Veff_nb=[24,768,192,196608]
CUDA_FA_ROUTE_ALLOC kernel=MMA_F16 need_f16_K=0 need_f16_V=1 workspace_end_offset=4718592 dst_data=(nil) f16_K=(nil) f16_V=0x400000 f16_end=0x480000
CUDA_FA_ROUTE_PLAN device=0 Q=[256,256,16,1] Kraw=turbo2_tcq Vraw=q5_1 Kshape=[256,256,4,1] Vshape=[256,256,4,1] Keff=f16 Veff=q5_1 turbo_kv=1 prefer_native_vec=0 decode=1 dk=1 dv=0 unsafe_vec_after_turbo_v_decode=0 allow_vec=1 kernel=MMA_F16 need_f16_K=0 need_f16_V=1 Knb=[36,288,72,73728] Vnb=[24,768,192,196608] Keff_nb=[2,2048,512,524288] Veff_nb=[24,768,192,196608]
CUDA_FA_ROUTE_ALLOC kernel=MMA_F16 need_f16_K=0 need_f16_V=1 workspace_end_offset=4718592 dst_data=(nil) f16_K=(nil) f16_V=0x400000 f16_end=0x480000
CUDA_FA_ROUTE_PLAN device=0 Q=[256,256,16,1] Kraw=turbo2_tcq Vraw=q5_1 Kshape=[256,256,4,1] Vshape=[256,256,4,1] Keff=f16 Veff=q5_1 turbo_kv=1 prefer_native_vec=0 decode=1 dk=1 dv=0 unsafe_vec_after_turbo_v_decode=0 allow_vec=1 kernel=MMA_F16 need_f16_K=0 need_f16_V=1 Knb=[36,288,72,73728] Vnb=[24,768,192,196608] Keff_nb=[2,2048,512,524288] Veff_nb=[24,768,192,196608]
CUDA_FA_ROUTE_ALLOC kernel=MMA_F16 need_f16_K=0 need_f16_V=1 workspace_end_offset=4718592 dst_data=(nil) f16_K=(nil) f16_V=0x400000 f16_end=0x480000
CUDA_FA_ROUTE_PLAN device=0 Q=[256,256,16,1] Kraw=turbo2_tcq Vraw=q5_1 Kshape=[256,256,4,1] Vshape=[256,256,4,1] Keff=f16 Veff=q5_1 turbo_kv=1 prefer_native_vec=0 decode=1 dk=1 dv=0 unsafe_vec_after_turbo_v_decode=0 allow_vec=1 kernel=MMA_F16 need_f16_K=0 need_f16_V=1 Knb=[36,288,72,73728] Vnb=[24,768,192,196608] Keff_nb=[2,2048,512,524288] Veff_nb=[24,768,192,196608]
CUDA_FA_ROUTE_ALLOC kernel=MMA_F16 need_f16_K=0 need_f16_V=1 workspace_end_offset=4718592 dst_data=(nil) f16_K=(nil) f16_V=0x400000 f16_end=0x480000
CUDA_FA_ROUTE_PLAN device=0 Q=[256,256,16,1] Kraw=turbo2_tcq Vraw=q5_1 Kshape=[256,256,4,1] Vshape=[256,256,4,1] Keff=f16 Veff=q5_1 turbo_kv=1 prefer_native_vec=0 decode=1 dk=1 dv=0 unsafe_vec_after_turbo_v_decode=0 allow_vec=1 kernel=MMA_F16 need_f16_K=0 need_f16_V=1 Knb=[36,288,72,73728] Vnb=[24,768,192,196608] Keff_nb=[2,2048,512,524288] Veff_nb=[24,768,192,196608]
CUDA_FA_ROUTE_ALLOC kernel=MMA_F16 need_f16_K=0 need_f16_V=1 workspace_end_offset=4718592 dst_data=(nil) f16_K=(nil) f16_V=0x400000 f16_end=0x480000
CUDA_FA_ROUTE_PLAN device=0 Q=[256,256,16,1] Kraw=turbo2_tcq Vraw=q5_1 Kshape=[256,256,4,1] Vshape=[256,256,4,1] Keff=f16 Veff=q5_1 turbo_kv=1 prefer_native_vec=0 decode=1 dk=1 dv=0 unsafe_vec_after_turbo_v_decode=0 allow_vec=1 kernel=MMA_F16 need_f16_K=0 need_f16_V=1 Knb=[36,288,72,73728] Vnb=[24,768,192,196608] Keff_nb=[2,2048,512,524288] Veff_nb=[24,768,192,196608]
CUDA_FA_ROUTE_ALLOC kernel=MMA_F16 need_f16_K=0 need_f16_V=1 workspace_end_offset=4718592 dst_data=(nil) f16_K=(nil) f16_V=0x400000 f16_end=0x480000
CUDA_FA_ROUTE_PLAN device=0 Q=[256,256,16,1] Kraw=turbo2_tcq Vraw=q5_1 Kshape=[256,256,4,1] Vshape=[256,256,4,1] Keff=f16 Veff=q5_1 turbo_kv=1 prefer_native_vec=0 decode=1 dk=1 dv=0 unsafe_vec_after_turbo_v_decode=0 allow_vec=1 kernel=MMA_F16 need_f16_K=0 need_f16_V=1 Knb=[36,288,72,73728] Vnb=[24,768,192,196608] Keff_nb=[2,2048,512,524288] Veff_nb=[24,768,192,196608]
CUDA_FA_ROUTE_ALLOC kernel=MMA_F16 need_f16_K=0 need_f16_V=1 workspace_end_offset=4718592 dst_data=(nil) f16_K=(nil) f16_V=0x400000 f16_end=0x480000
CUDA_FA_ROUTE_PLAN device=0 Q=[256,256,16,1] Kraw=turbo2_tcq Vraw=q5_1 Kshape=[256,256,4,1] Vshape=[256,256,4,1] Keff=f16 Veff=q5_1 turbo_kv=1 prefer_native_vec=0 decode=1 dk=1 dv=0 unsafe_vec_after_turbo_v_decode=0 allow_vec=1 kernel=MMA_F16 need_f16_K=0 need_f16_V=1 Knb=[36,288,72,73728] Vnb=[24,768,192,196608] Keff_nb=[2,2048,512,524288] Veff_nb=[24,768,192,196608]
CUDA_FA_ROUTE_ALLOC kernel=MMA_F16 need_f16_K=0 need_f16_V=1 workspace_end_offset=4718592 dst_data=(nil) f16_K=(nil) f16_V=0x400000 f16_end=0x480000
CUDA_FA_ROUTE_PLAN device=0 Q=[256,256,16,1] Kraw=turbo2_tcq Vraw=q5_1 Kshape=[256,256,4,1] Vshape=[256,256,4,1] Keff=f16 Veff=q5_1 turbo_kv=1 prefer_native_vec=0 decode=1 dk=1 dv=0 unsafe_vec_after_turbo_v_decode=0 allow_vec=1 kernel=MMA_F16 need_f16_K=0 need_f16_V=1 Knb=[36,288,72,73728] Vnb=[24,768,192,196608] Keff_nb=[2,2048,512,524288] Veff_nb=[24,768,192,196608]
CUDA_FA_ROUTE_ALLOC kernel=MMA_F16 need_f16_K=0 need_f16_V=1 workspace_end_offset=4718592 dst_data=(nil) f16_K=(nil) f16_V=0x400000 f16_end=0x480000
CUDA_FA_ROUTE_PLAN device=0 Q=[256,256,16,1] Kraw=turbo2_tcq Vraw=q5_1 Kshape=[256,256,4,1] Vshape=[256,256,4,1] Keff=f16 Veff=q5_1 turbo_kv=1 prefer_native_vec=0 decode=1 dk=1 dv=0 unsafe_vec_after_turbo_v_decode=0 allow_vec=1 kernel=MMA_F16 need_f16_K=0 need_f16_V=1 Knb=[36,288,72,73728] Vnb=[24,768,192,196608] Keff_nb=[2,2048,512,524288] Veff_nb=[24,768,192,196608]
CUDA_FA_ROUTE_ALLOC kernel=MMA_F16 need_f16_K=0 need_f16_V=1 workspace_end_offset=4718592 dst_data=(nil) f16_K=(nil) f16_V=0x400000 f16_end=0x480000
CUDA_FA_ROUTE_PLAN device=0 Q=[256,256,16,1] Kraw=turbo2_tcq Vraw=q5_1 Kshape=[256,256,4,1] Vshape=[256,256,4,1] Keff=f16 Veff=q5_1 turbo_kv=1 prefer_native_vec=0 decode=1 dk=1 dv=0 unsafe_vec_after_turbo_v_decode=0 allow_vec=1 kernel=MMA_F16 need_f16_K=0 need_f16_V=1 Knb=[36,288,72,73728] Vnb=[24,768,192,196608] Keff_nb=[2,2048,512,524288] Veff_nb=[24,768,192,196608]
CUDA_FA_ROUTE_ALLOC kernel=MMA_F16 need_f16_K=0 need_f16_V=1 workspace_end_offset=4718592 dst_data=(nil) f16_K=(nil) f16_V=0x400000 f16_end=0x480000
CUDA_FA_ROUTE_PLAN device=0 Q=[256,256,16,1] Kraw=turbo2_tcq Vraw=q5_1 Kshape=[256,256,4,1] Vshape=[256,256,4,1] Keff=f16 Veff=q5_1 turbo_kv=1 prefer_native_vec=0 decode=1 dk=1 dv=0 unsafe_vec_after_turbo_v_decode=0 allow_vec=1 kernel=MMA_F16 need_f16_K=0 need_f16_V=1 Knb=[36,288,72,73728] Vnb=[24,768,192,196608] Keff_nb=[2,2048,512,524288] Veff_nb=[24,768,192,196608]
CUDA_FA_ROUTE_ALLOC kernel=MMA_F16 need_f16_K=0 need_f16_V=1 workspace_end_offset=4718592 dst_data=(nil) f16_K=(nil) f16_V=0x400000 f16_end=0x480000
CUDA_FA_ROUTE_PLAN device=0 Q=[256,256,16,1] Kraw=turbo2_tcq Vraw=q5_1 Kshape=[256,256,4,1] Vshape=[256,256,4,1] Keff=f16 Veff=q5_1 turbo_kv=1 prefer_native_vec=0 decode=1 dk=1 dv=0 unsafe_vec_after_turbo_v_decode=0 allow_vec=1 kernel=MMA_F16 need_f16_K=0 need_f16_V=1 Knb=[36,288,72,73728] Vnb=[24,768,192,196608] Keff_nb=[2,2048,512,524288] Veff_nb=[24,768,192,196608]
CUDA_FA_ROUTE_ALLOC kernel=MMA_F16 need_f16_K=0 need_f16_V=1 workspace_end_offset=4718592 dst_data=(nil) f16_K=(nil) f16_V=0x400000 f16_end=0x480000
CUDA_FA_ROUTE_PLAN device=0 Q=[256,256,16,1] Kraw=turbo2_tcq Vraw=q5_1 Kshape=[256,256,4,1] Vshape=[256,256,4,1] Keff=f16 Veff=q5_1 turbo_kv=1 prefer_native_vec=0 decode=1 dk=1 dv=0 unsafe_vec_after_turbo_v_decode=0 allow_vec=1 kernel=MMA_F16 need_f16_K=0 need_f16_V=1 Knb=[36,288,72,73728] Vnb=[24,768,192,196608] Keff_nb=[2,2048,512,524288] Veff_nb=[24,768,192,196608]
CUDA_FA_ROUTE_ALLOC kernel=MMA_F16 need_f16_K=0 need_f16_V=1 workspace_end_offset=4718592 dst_data=(nil) f16_K=(nil) f16_V=0x400000 f16_end=0x480000
CUDA_FA_ROUTE_PLAN device=0 Q=[256,256,16,1] Kraw=turbo2_tcq Vraw=q5_1 Kshape=[256,256,4,1] Vshape=[256,256,4,1] Keff=f16 Veff=q5_1 turbo_kv=1 prefer_native_vec=0 decode=1 dk=1 dv=0 unsafe_vec_after_turbo_v_decode=0 allow_vec=1 kernel=MMA_F16 need_f16_K=0 need_f16_V=1 Knb=[36,288,72,73728] Vnb=[24,768,192,196608] Keff_nb=[2,2048,512,524288] Veff_nb=[24,768,192,196608]
CUDA_FA_ROUTE_ALLOC kernel=MMA_F16 need_f16_K=0 need_f16_V=1 workspace_end_offset=4718592 dst_data=(nil) f16_K=(nil) f16_V=0x400000 f16_end=0x480000
CUDA_FA_ROUTE_PLAN device=0 Q=[256,256,16,1] Kraw=turbo2_tcq Vraw=q5_1 Kshape=[256,256,4,1] Vshape=[256,256,4,1] Keff=f16 Veff=q5_1 turbo_kv=1 prefer_native_vec=0 decode=1 dk=1 dv=0 unsafe_vec_after_turbo_v_decode=0 allow_vec=1 kernel=MMA_F16 need_f16_K=0 need_f16_V=1 Knb=[36,288,72,73728] Vnb=[24,768,192,196608] Keff_nb=[2,2048,512,524288] Veff_nb=[24,768,192,196608]
CUDA_FA_ROUTE_ALLOC kernel=MMA_F16 need_f16_K=0 need_f16_V=1 workspace_end_offset=4718592 dst_data=(nil) f16_K=(nil) f16_V=0x400000 f16_end=0x480000
CUDA_FA_ROUTE_PLAN device=0 Q=[256,256,16,1] Kraw=turbo2_tcq Vraw=q5_1 Kshape=[256,256,4,1] Vshape=[256,256,4,1] Keff=f16 Veff=q5_1 turbo_kv=1 prefer_native_vec=0 decode=1 dk=1 dv=0 unsafe_vec_after_turbo_v_decode=0 allow_vec=1 kernel=MMA_F16 need_f16_K=0 need_f16_V=1 Knb=[36,288,72,73728] Vnb=[24,768,192,196608] Keff_nb=[2,2048,512,524288] Veff_nb=[24,768,192,196608]
CUDA_FA_ROUTE_ALLOC kernel=MMA_F16 need_f16_K=0 need_f16_V=1 workspace_end_offset=4718592 dst_data=(nil) f16_K=(nil) f16_V=0x400000 f16_end=0x480000
CUDA_FA_ROUTE_PLAN device=0 Q=[256,256,16,1] Kraw=turbo2_tcq Vraw=q5_1 Kshape=[256,256,4,1] Vshape=[256,256,4,1] Keff=f16 Veff=q5_1 turbo_kv=1 prefer_native_vec=0 decode=1 dk=1 dv=0 unsafe_vec_after_turbo_v_decode=0 allow_vec=1 kernel=MMA_F16 need_f16_K=0 need_f16_V=1 Knb=[36,288,72,73728] Vnb=[24,768,192,196608] Keff_nb=[2,2048,512,524288] Veff_nb=[24,768,192,196608]
CUDA_FA_ROUTE_ALLOC kernel=MMA_F16 need_f16_K=0 need_f16_V=1 workspace_end_offset=4718592 dst_data=(nil) f16_K=(nil) f16_V=0x400000 f16_end=0x480000
CUDA_FA_ROUTE_PLAN device=0 Q=[256,256,16,1] Kraw=turbo2_tcq Vraw=q5_1 Kshape=[256,256,4,1] Vshape=[256,256,4,1] Keff=f16 Veff=q5_1 turbo_kv=1 prefer_native_vec=0 decode=1 dk=1 dv=0 unsafe_vec_after_turbo_v_decode=0 allow_vec=1 kernel=MMA_F16 need_f16_K=0 need_f16_V=1 Knb=[36,288,72,73728] Vnb=[24,768,192,196608] Keff_nb=[2,2048,512,524288] Veff_nb=[24,768,192,196608]
CUDA_FA_ROUTE_ALLOC kernel=MMA_F16 need_f16_K=0 need_f16_V=1 workspace_end_offset=4718592 dst_data=(nil) f16_K=(nil) f16_V=0x400000 f16_end=0x480000
CUDA_FA_ROUTE_PLAN device=0 Q=[256,256,16,1] Kraw=turbo2_tcq Vraw=q5_1 Kshape=[256,256,4,1] Vshape=[256,256,4,1] Keff=f16 Veff=q5_1 turbo_kv=1 prefer_native_vec=0 decode=1 dk=1 dv=0 unsafe_vec_after_turbo_v_decode=0 allow_vec=1 kernel=MMA_F16 need_f16_K=0 need_f16_V=1 Knb=[36,288,72,73728] Vnb=[24,768,192,196608] Keff_nb=[2,2048,512,524288] Veff_nb=[24,768,192,196608]
CUDA_FA_ROUTE_ALLOC kernel=MMA_F16 need_f16_K=0 need_f16_V=1 workspace_end_offset=4718592 dst_data=(nil) f16_K=(nil) f16_V=0x400000 f16_end=0x480000
CUDA_FA_ROUTE_PLAN device=0 Q=[256,256,16,1] Kraw=turbo2_tcq Vraw=q5_1 Kshape=[256,256,4,1] Vshape=[256,256,4,1] Keff=f16 Veff=q5_1 turbo_kv=1 prefer_native_vec=0 decode=1 dk=1 dv=0 unsafe_vec_after_turbo_v_decode=0 allow_vec=1 kernel=MMA_F16 need_f16_K=0 need_f16_V=1 Knb=[36,288,72,73728] Vnb=[24,768,192,196608] Keff_nb=[2,2048,512,524288] Veff_nb=[24,768,192,196608]
CUDA_FA_ROUTE_ALLOC kernel=MMA_F16 need_f16_K=0 need_f16_V=1 workspace_end_offset=4718592 dst_data=(nil) f16_K=(nil) f16_V=0x400000 f16_end=0x480000
CUDA_FA_ROUTE_PLAN device=0 Q=[256,256,16,1] Kraw=turbo2_tcq Vraw=q5_1 Kshape=[256,256,4,1] Vshape=[256,256,4,1] Keff=f16 Veff=q5_1 turbo_kv=1 prefer_native_vec=0 decode=1 dk=1 dv=0 unsafe_vec_after_turbo_v_decode=0 allow_vec=1 kernel=MMA_F16 need_f16_K=0 need_f16_V=1 Knb=[36,288,72,73728] Vnb=[24,768,192,196608] Keff_nb=[2,2048,512,524288] Veff_nb=[24,768,192,196608]
CUDA_FA_ROUTE_ALLOC kernel=MMA_F16 need_f16_K=0 need_f16_V=1 workspace_end_offset=4718592 dst_data=(nil) f16_K=(nil) f16_V=0x400000 f16_end=0x480000
CUDA_FA_ROUTE_PLAN device=0 Q=[256,256,16,1] Kraw=turbo2_tcq Vraw=q5_1 Kshape=[256,256,4,1] Vshape=[256,256,4,1] Keff=f16 Veff=q5_1 turbo_kv=1 prefer_native_vec=0 decode=1 dk=1 dv=0 unsafe_vec_after_turbo_v_decode=0 allow_vec=1 kernel=MMA_F16 need_f16_K=0 need_f16_V=1 Knb=[36,288,72,73728] Vnb=[24,768,192,196608] Keff_nb=[2,2048,512,524288] Veff_nb=[24,768,192,196608]
CUDA_FA_ROUTE_ALLOC kernel=MMA_F16 need_f16_K=0 need_f16_V=1 workspace_end_offset=4718592 dst_data=(nil) f16_K=(nil) f16_V=0x400000 f16_end=0x480000
CUDA_FA_ROUTE_PLAN device=0 Q=[256,256,16,1] Kraw=turbo2_tcq Vraw=q5_1 Kshape=[256,256,4,1] Vshape=[256,256,4,1] Keff=f16 Veff=q5_1 turbo_kv=1 prefer_native_vec=0 decode=1 dk=1 dv=0 unsafe_vec_after_turbo_v_decode=0 allow_vec=1 kernel=MMA_F16 need_f16_K=0 need_f16_V=1 Knb=[36,288,72,73728] Vnb=[24,768,192,196608] Keff_nb=[2,2048,512,524288] Veff_nb=[24,768,192,196608]
CUDA_FA_ROUTE_ALLOC kernel=MMA_F16 need_f16_K=0 need_f16_V=1 workspace_end_offset=4718592 dst_data=(nil) f16_K=(nil) f16_V=0x400000 f16_end=0x480000
CUDA_FA_ROUTE_PLAN device=0 Q=[256,256,16,1] Kraw=turbo2_tcq Vraw=q5_1 Kshape=[256,256,4,1] Vshape=[256,256,4,1] Keff=f16 Veff=q5_1 turbo_kv=1 prefer_native_vec=0 decode=1 dk=1 dv=0 unsafe_vec_after_turbo_v_decode=0 allow_vec=1 kernel=MMA_F16 need_f16_K=0 need_f16_V=1 Knb=[36,288,72,73728] Vnb=[24,768,192,196608] Keff_nb=[2,2048,512,524288] Veff_nb=[24,768,192,196608]
CUDA_FA_ROUTE_ALLOC kernel=MMA_F16 need_f16_K=0 need_f16_V=1 workspace_end_offset=4718592 dst_data=(nil) f16_K=(nil) f16_V=0x400000 f16_end=0x480000
CUDA_FA_ROUTE_PLAN device=0 Q=[256,1,16,1] Kraw=turbo2_tcq Vraw=q5_1 Kshape=[256,256,4,1] Vshape=[256,256,4,1] Keff=f16 Veff=q5_1 turbo_kv=1 prefer_native_vec=0 decode=1 dk=1 dv=0 unsafe_vec_after_turbo_v_decode=0 allow_vec=1 kernel=VEC need_f16_K=0 need_f16_V=0 Knb=[36,288,72,73728] Vnb=[24,768,192,196608] Keff_nb=[2,2048,512,524288] Veff_nb=[24,768,192,196608]
CUDA_FA_ROUTE_PLAN device=0 Q=[256,1,16,1] Kraw=turbo2_tcq Vraw=q5_1 Kshape=[256,256,4,1] Vshape=[256,256,4,1] Keff=f16 Veff=q5_1 turbo_kv=1 prefer_native_vec=0 decode=1 dk=1 dv=0 unsafe_vec_after_turbo_v_decode=0 allow_vec=1 kernel=VEC need_f16_K=0 need_f16_V=0 Knb=[36,288,72,73728] Vnb=[24,768,192,196608] Keff_nb=[2,2048,512,524288] Veff_nb=[24,768,192,196608]
CUDA_FA_ROUTE_PLAN device=0 Q=[256,1,16,1] Kraw=turbo2_tcq Vraw=q5_1 Kshape=[256,256,4,1] Vshape=[256,256,4,1] Keff=f16 Veff=q5_1 turbo_kv=1 prefer_native_vec=0 decode=1 dk=1 dv=0 unsafe_vec_after_turbo_v_decode=0 allow_vec=1 kernel=VEC need_f16_K=0 need_f16_V=0 Knb=[36,288,72,73728] Vnb=[24,768,192,196608] Keff_nb=[2,2048,512,524288] Veff_nb=[24,768,192,196608]
CUDA_FA_ROUTE_PLAN device=0 Q=[256,1,16,1] Kraw=turbo2_tcq Vraw=q5_1 Kshape=[256,256,4,1] Vshape=[256,256,4,1] Keff=f16 Veff=q5_1 turbo_kv=1 prefer_native_vec=0 decode=1 dk=1 dv=0 unsafe_vec_after_turbo_v_decode=0 allow_vec=1 kernel=VEC need_f16_K=0 need_f16_V=0 Knb=[36,288,72,73728] Vnb=[24,768,192,196608] Keff_nb=[2,2048,512,524288] Veff_nb=[24,768,192,196608]
CUDA_FA_ROUTE_PLAN device=0 Q=[256,1,16,1] Kraw=turbo2_tcq Vraw=q5_1 Kshape=[256,256,4,1] Vshape=[256,256,4,1] Keff=f16 Veff=q5_1 turbo_kv=1 prefer_native_vec=0 decode=1 dk=1 dv=0 unsafe_vec_after_turbo_v_decode=0 allow_vec=1 kernel=VEC need_f16_K=0 need_f16_V=0 Knb=[36,288,72,73728] Vnb=[24,768,192,196608] Keff_nb=[2,2048,512,524288] Veff_nb=[24,768,192,196608]
CUDA_FA_ROUTE_PLAN device=0 Q=[256,1,16,1] Kraw=turbo2_tcq Vraw=q5_1 Kshape=[256,256,4,1] Vshape=[256,256,4,1] Keff=f16 Veff=q5_1 turbo_kv=1 prefer_native_vec=0 decode=1 dk=1 dv=0 unsafe_vec_after_turbo_v_decode=0 allow_vec=1 kernel=VEC need_f16_K=0 need_f16_V=0 Knb=[36,288,72,73728] Vnb=[24,768,192,196608] Keff_nb=[2,2048,512,524288] Veff_nb=[24,768,192,196608]
CUDA_FA_ROUTE_PLAN device=0 Q=[256,1,16,1] Kraw=turbo2_tcq Vraw=q5_1 Kshape=[256,256,4,1] Vshape=[256,256,4,1] Keff=f16 Veff=q5_1 turbo_kv=1 prefer_native_vec=0 decode=1 dk=1 dv=0 unsafe_vec_after_turbo_v_decode=0 allow_vec=1 kernel=VEC need_f16_K=0 need_f16_V=0 Knb=[36,288,72,73728] Vnb=[24,768,192,196608] Keff_nb=[2,2048,512,524288] Veff_nb=[24,768,192,196608]
CUDA_FA_ROUTE_PLAN device=0 Q=[256,1,16,1] Kraw=turbo2_tcq Vraw=q5_1 Kshape=[256,256,4,1] Vshape=[256,256,4,1] Keff=f16 Veff=q5_1 turbo_kv=1 prefer_native_vec=0 decode=1 dk=1 dv=0 unsafe_vec_after_turbo_v_decode=0 allow_vec=1 kernel=VEC need_f16_K=0 need_f16_V=0 Knb=[36,288,72,73728] Vnb=[24,768,192,196608] Keff_nb=[2,2048,512,524288] Veff_nb=[24,768,192,196608]
CUDA_FA_ROUTE_PLAN device=0 Q=[256,256,16,1] Kraw=turbo2_tcq Vraw=q5_1 Kshape=[256,256,4,1] Vshape=[256,256,4,1] Keff=f16 Veff=q5_1 turbo_kv=1 prefer_native_vec=0 decode=1 dk=1 dv=0 unsafe_vec_after_turbo_v_decode=0 allow_vec=1 kernel=MMA_F16 need_f16_K=0 need_f16_V=1 Knb=[36,288,72,73728] Vnb=[24,768,192,196608] Keff_nb=[2,2048,512,524288] Veff_nb=[24,768,192,196608]
CUDA_FA_ROUTE_SUPPORTED kernel=MMA_F16 effK=f16 effV=q5_1 supported=1
CUDA_FA_ROUTE_PLAN device=0 Q=[256,256,16,1] Kraw=turbo2_tcq Vraw=q5_1 Kshape=[256,256,4,1] Vshape=[256,256,4,1] Keff=f16 Veff=q5_1 turbo_kv=1 prefer_native_vec=0 decode=1 dk=1 dv=0 unsafe_vec_after_turbo_v_decode=0 allow_vec=1 kernel=MMA_F16 need_f16_K=0 need_f16_V=1 Knb=[36,288,72,73728] Vnb=[24,768,192,196608] Keff_nb=[2,2048,512,524288] Veff_nb=[24,768,192,196608]
CUDA_FA_ROUTE_SUPPORTED kernel=MMA_F16 effK=f16 effV=q5_1 supported=1
CUDA_FA_ROUTE_PLAN device=0 Q=[256,256,16,1] Kraw=turbo2_tcq Vraw=q5_1 Kshape=[256,256,4,1] Vshape=[256,256,4,1] Keff=f16 Veff=q5_1 turbo_kv=1 prefer_native_vec=0 decode=1 dk=1 dv=0 unsafe_vec_after_turbo_v_decode=0 allow_vec=1 kernel=MMA_F16 need_f16_K=0 need_f16_V=1 Knb=[36,288,72,73728] Vnb=[24,768,192,196608] Keff_nb=[2,2048,512,524288] Veff_nb=[24,768,192,196608]
CUDA_FA_ROUTE_SUPPORTED kernel=MMA_F16 effK=f16 effV=q5_1 supported=1
CUDA_FA_ROUTE_PLAN device=0 Q=[256,256,16,1] Kraw=turbo2_tcq Vraw=q5_1 Kshape=[256,256,4,1] Vshape=[256,256,4,1] Keff=f16 Veff=q5_1 turbo_kv=1 prefer_native_vec=0 decode=1 dk=1 dv=0 unsafe_vec_after_turbo_v_decode=0 allow_vec=1 kernel=MMA_F16 need_f16_K=0 need_f16_V=1 Knb=[36,288,72,73728] Vnb=[24,768,192,196608] Keff_nb=[2,2048,512,524288] Veff_nb=[24,768,192,196608]
CUDA_FA_ROUTE_SUPPORTED kernel=MMA_F16 effK=f16 effV=q5_1 supported=1
CUDA_FA_ROUTE_PLAN device=0 Q=[256,256,16,1] Kraw=turbo2_tcq Vraw=q5_1 Kshape=[256,256,4,1] Vshape=[256,256,4,1] Keff=f16 Veff=q5_1 turbo_kv=1 prefer_native_vec=0 decode=1 dk=1 dv=0 unsafe_vec_after_turbo_v_decode=0 allow_vec=1 kernel=MMA_F16 need_f16_K=0 need_f16_V=1 Knb=[36,288,72,73728] Vnb=[24,768,192,196608] Keff_nb=[2,2048,512,524288] Veff_nb=[24,768,192,196608]
CUDA_FA_ROUTE_SUPPORTED kernel=MMA_F16 effK=f16 effV=q5_1 supported=1
CUDA_FA_ROUTE_PLAN device=0 Q=[256,256,16,1] Kraw=turbo2_tcq Vraw=q5_1 Kshape=[256,256,4,1] Vshape=[256,256,4,1] Keff=f16 Veff=q5_1 turbo_kv=1 prefer_native_vec=0 decode=1 dk=1 dv=0 unsafe_vec_after_turbo_v_decode=0 allow_vec=1 kernel=MMA_F16 need_f16_K=0 need_f16_V=1 Knb=[36,288,72,73728] Vnb=[24,768,192,196608] Keff_nb=[2,2048,512,524288] Veff_nb=[24,768,192,196608]
CUDA_FA_ROUTE_SUPPORTED kernel=MMA_F16 effK=f16 effV=q5_1 supported=1
CUDA_FA_ROUTE_PLAN device=0 Q=[256,256,16,1] Kraw=turbo2_tcq Vraw=q5_1 Kshape=[256,256,4,1] Vshape=[256,256,4,1] Keff=f16 Veff=q5_1 turbo_kv=1 prefer_native_vec=0 decode=1 dk=1 dv=0 unsafe_vec_after_turbo_v_decode=0 allow_vec=1 kernel=MMA_F16 need_f16_K=0 need_f16_V=1 Knb=[36,288,72,73728] Vnb=[24,768,192,196608] Keff_nb=[2,2048,512,524288] Veff_nb=[24,768,192,196608]
CUDA_FA_ROUTE_SUPPORTED kernel=MMA_F16 effK=f16 effV=q5_1 supported=1
CUDA_FA_ROUTE_PLAN device=0 Q=[256,256,16,1] Kraw=turbo2_tcq Vraw=q5_1 Kshape=[256,256,4,1] Vshape=[256,256,4,1] Keff=f16 Veff=q5_1 turbo_kv=1 prefer_native_vec=0 decode=1 dk=1 dv=0 unsafe_vec_after_turbo_v_decode=0 allow_vec=1 kernel=MMA_F16 need_f16_K=0 need_f16_V=1 Knb=[36,288,72,73728] Vnb=[24,768,192,196608] Keff_nb=[2,2048,512,524288] Veff_nb=[24,768,192,196608]
CUDA_FA_ROUTE_SUPPORTED kernel=MMA_F16 effK=f16 effV=q5_1 supported=1
CUDA_FA_ROUTE_PLAN device=0 Q=[256,1,16,1] Kraw=turbo2_tcq Vraw=q5_1 Kshape=[256,256,4,1] Vshape=[256,256,4,1] Keff=f16 Veff=q5_1 turbo_kv=1 prefer_native_vec=0 decode=1 dk=1 dv=0 unsafe_vec_after_turbo_v_decode=0 allow_vec=1 kernel=VEC need_f16_K=0 need_f16_V=0 Knb=[36,288,72,73728] Vnb=[24,768,192,196608] Keff_nb=[2,2048,512,524288] Veff_nb=[24,768,192,196608]
CUDA_FA_ROUTE_PLAN device=0 Q=[256,1,16,1] Kraw=turbo2_tcq Vraw=q5_1 Kshape=[256,256,4,1] Vshape=[256,256,4,1] Keff=f16 Veff=q5_1 turbo_kv=1 prefer_native_vec=0 decode=1 dk=1 dv=0 unsafe_vec_after_turbo_v_decode=0 allow_vec=1 kernel=VEC need_f16_K=0 need_f16_V=0 Knb=[36,288,72,73728] Vnb=[24,768,192,196608] Keff_nb=[2,2048,512,524288] Veff_nb=[24,768,192,196608]
CUDA_FA_ROUTE_PLAN device=0 Q=[256,1,16,1] Kraw=turbo2_tcq Vraw=q5_1 Kshape=[256,256,4,1] Vshape=[256,256,4,1] Keff=f16 Veff=q5_1 turbo_kv=1 prefer_native_vec=0 decode=1 dk=1 dv=0 unsafe_vec_after_turbo_v_decode=0 allow_vec=1 kernel=VEC need_f16_K=0 need_f16_V=0 Knb=[36,288,72,73728] Vnb=[24,768,192,196608] Keff_nb=[2,2048,512,524288] Veff_nb=[24,768,192,196608]
CUDA_FA_ROUTE_PLAN device=0 Q=[256,1,16,1] Kraw=turbo2_tcq Vraw=q5_1 Kshape=[256,256,4,1] Vshape=[256,256,4,1] Keff=f16 Veff=q5_1 turbo_kv=1 prefer_native_vec=0 decode=1 dk=1 dv=0 unsafe_vec_after_turbo_v_decode=0 allow_vec=1 kernel=VEC need_f16_K=0 need_f16_V=0 Knb=[36,288,72,73728] Vnb=[24,768,192,196608] Keff_nb=[2,2048,512,524288] Veff_nb=[24,768,192,196608]
CUDA_FA_ROUTE_PLAN device=0 Q=[256,1,16,1] Kraw=turbo2_tcq Vraw=q5_1 Kshape=[256,256,4,1] Vshape=[256,256,4,1] Keff=f16 Veff=q5_1 turbo_kv=1 prefer_native_vec=0 decode=1 dk=1 dv=0 unsafe_vec_after_turbo_v_decode=0 allow_vec=1 kernel=VEC need_f16_K=0 need_f16_V=0 Knb=[36,288,72,73728] Vnb=[24,768,192,196608] Keff_nb=[2,2048,512,524288] Veff_nb=[24,768,192,196608]
CUDA_FA_ROUTE_PLAN device=0 Q=[256,1,16,1] Kraw=turbo2_tcq Vraw=q5_1 Kshape=[256,256,4,1] Vshape=[256,256,4,1] Keff=f16 Veff=q5_1 turbo_kv=1 prefer_native_vec=0 decode=1 dk=1 dv=0 unsafe_vec_after_turbo_v_decode=0 allow_vec=1 kernel=VEC need_f16_K=0 need_f16_V=0 Knb=[36,288,72,73728] Vnb=[24,768,192,196608] Keff_nb=[2,2048,512,524288] Veff_nb=[24,768,192,196608]
CUDA_FA_ROUTE_PLAN device=0 Q=[256,1,16,1] Kraw=turbo2_tcq Vraw=q5_1 Kshape=[256,256,4,1] Vshape=[256,256,4,1] Keff=f16 Veff=q5_1 turbo_kv=1 prefer_native_vec=0 decode=1 dk=1 dv=0 unsafe_vec_after_turbo_v_decode=0 allow_vec=1 kernel=VEC need_f16_K=0 need_f16_V=0 Knb=[36,288,72,73728] Vnb=[24,768,192,196608] Keff_nb=[2,2048,512,524288] Veff_nb=[24,768,192,196608]
CUDA_FA_ROUTE_PLAN device=0 Q=[256,1,16,1] Kraw=turbo2_tcq Vraw=q5_1 Kshape=[256,256,4,1] Vshape=[256,256,4,1] Keff=f16 Veff=q5_1 turbo_kv=1 prefer_native_vec=0 decode=1 dk=1 dv=0 unsafe_vec_after_turbo_v_decode=0 allow_vec=1 kernel=VEC need_f16_K=0 need_f16_V=0 Knb=[36,288,72,73728] Vnb=[24,768,192,196608] Keff_nb=[2,2048,512,524288] Veff_nb=[24,768,192,196608]
CUDA_FA_ROUTE_PLAN device=0 Q=[256,16,16,1] Kraw=turbo2_tcq Vraw=q5_1 Kshape=[256,256,4,1] Vshape=[256,256,4,1] Keff=f16 Veff=q5_1 turbo_kv=1 prefer_native_vec=0 decode=1 dk=1 dv=0 unsafe_vec_after_turbo_v_decode=0 allow_vec=1 kernel=MMA_F16 need_f16_K=0 need_f16_V=1 Knb=[36,288,72,73728] Vnb=[24,768,192,196608] Keff_nb=[2,2048,512,524288] Veff_nb=[24,768,192,196608]
CUDA_FA_ROUTE_SUPPORTED kernel=MMA_F16 effK=f16 effV=q5_1 supported=1
CUDA_FA_ROUTE_PLAN device=0 Q=[256,16,16,1] Kraw=turbo2_tcq Vraw=q5_1 Kshape=[256,256,4,1] Vshape=[256,256,4,1] Keff=f16 Veff=q5_1 turbo_kv=1 prefer_native_vec=0 decode=1 dk=1 dv=0 unsafe_vec_after_turbo_v_decode=0 allow_vec=1 kernel=MMA_F16 need_f16_K=0 need_f16_V=1 Knb=[36,288,72,73728] Vnb=[24,768,192,196608] Keff_nb=[2,2048,512,524288] Veff_nb=[24,768,192,196608]
CUDA_FA_ROUTE_SUPPORTED kernel=MMA_F16 effK=f16 effV=q5_1 supported=1
CUDA_FA_ROUTE_PLAN device=0 Q=[256,16,16,1] Kraw=turbo2_tcq Vraw=q5_1 Kshape=[256,256,4,1] Vshape=[256,256,4,1] Keff=f16 Veff=q5_1 turbo_kv=1 prefer_native_vec=0 decode=1 dk=1 dv=0 unsafe_vec_after_turbo_v_decode=0 allow_vec=1 kernel=MMA_F16 need_f16_K=0 need_f16_V=1 Knb=[36,288,72,73728] Vnb=[24,768,192,196608] Keff_nb=[2,2048,512,524288] Veff_nb=[24,768,192,196608]
CUDA_FA_ROUTE_SUPPORTED kernel=MMA_F16 effK=f16 effV=q5_1 supported=1
CUDA_FA_ROUTE_PLAN device=0 Q=[256,16,16,1] Kraw=turbo2_tcq Vraw=q5_1 Kshape=[256,256,4,1] Vshape=[256,256,4,1] Keff=f16 Veff=q5_1 turbo_kv=1 prefer_native_vec=0 decode=1 dk=1 dv=0 unsafe_vec_after_turbo_v_decode=0 allow_vec=1 kernel=MMA_F16 need_f16_K=0 need_f16_V=1 Knb=[36,288,72,73728] Vnb=[24,768,192,196608] Keff_nb=[2,2048,512,524288] Veff_nb=[24,768,192,196608]
CUDA_FA_ROUTE_SUPPORTED kernel=MMA_F16 effK=f16 effV=q5_1 supported=1
CUDA_FA_ROUTE_PLAN device=0 Q=[256,16,16,1] Kraw=turbo2_tcq Vraw=q5_1 Kshape=[256,256,4,1] Vshape=[256,256,4,1] Keff=f16 Veff=q5_1 turbo_kv=1 prefer_native_vec=0 decode=1 dk=1 dv=0 unsafe_vec_after_turbo_v_decode=0 allow_vec=1 kernel=MMA_F16 need_f16_K=0 need_f16_V=1 Knb=[36,288,72,73728] Vnb=[24,768,192,196608] Keff_nb=[2,2048,512,524288] Veff_nb=[24,768,192,196608]
CUDA_FA_ROUTE_SUPPORTED kernel=MMA_F16 effK=f16 effV=q5_1 supported=1
CUDA_FA_ROUTE_PLAN device=0 Q=[256,16,16,1] Kraw=turbo2_tcq Vraw=q5_1 Kshape=[256,256,4,1] Vshape=[256,256,4,1] Keff=f16 Veff=q5_1 turbo_kv=1 prefer_native_vec=0 decode=1 dk=1 dv=0 unsafe_vec_after_turbo_v_decode=0 allow_vec=1 kernel=MMA_F16 need_f16_K=0 need_f16_V=1 Knb=[36,288,72,73728] Vnb=[24,768,192,196608] Keff_nb=[2,2048,512,524288] Veff_nb=[24,768,192,196608]
CUDA_FA_ROUTE_SUPPORTED kernel=MMA_F16 effK=f16 effV=q5_1 supported=1
CUDA_FA_ROUTE_PLAN device=0 Q=[256,16,16,1] Kraw=turbo2_tcq Vraw=q5_1 Kshape=[256,256,4,1] Vshape=[256,256,4,1] Keff=f16 Veff=q5_1 turbo_kv=1 prefer_native_vec=0 decode=1 dk=1 dv=0 unsafe_vec_after_turbo_v_decode=0 allow_vec=1 kernel=MMA_F16 need_f16_K=0 need_f16_V=1 Knb=[36,288,72,73728] Vnb=[24,768,192,196608] Keff_nb=[2,2048,512,524288] Veff_nb=[24,768,192,196608]
CUDA_FA_ROUTE_SUPPORTED kernel=MMA_F16 effK=f16 effV=q5_1 supported=1
CUDA_FA_ROUTE_PLAN device=0 Q=[256,16,16,1] Kraw=turbo2_tcq Vraw=q5_1 Kshape=[256,256,4,1] Vshape=[256,256,4,1] Keff=f16 Veff=q5_1 turbo_kv=1 prefer_native_vec=0 decode=1 dk=1 dv=0 unsafe_vec_after_turbo_v_decode=0 allow_vec=1 kernel=MMA_F16 need_f16_K=0 need_f16_V=1 Knb=[36,288,72,73728] Vnb=[24,768,192,196608] Keff_nb=[2,2048,512,524288] Veff_nb=[24,768,192,196608]
CUDA_FA_ROUTE_SUPPORTED kernel=MMA_F16 effK=f16 effV=q5_1 supported=1
CUDA_FA_ROUTE_PLAN device=0 Q=[256,1,16,1] Kraw=turbo2_tcq Vraw=q5_1 Kshape=[256,256,4,1] Vshape=[256,256,4,1] Keff=f16 Veff=q5_1 turbo_kv=1 prefer_native_vec=0 decode=1 dk=1 dv=0 unsafe_vec_after_turbo_v_decode=0 allow_vec=1 kernel=VEC need_f16_K=0 need_f16_V=0 Knb=[36,288,72,73728] Vnb=[24,768,192,196608] Keff_nb=[2,2048,512,524288] Veff_nb=[24,768,192,196608]
CUDA_FA_ROUTE_PLAN device=0 Q=[256,1,16,1] Kraw=turbo2_tcq Vraw=q5_1 Kshape=[256,256,4,1] Vshape=[256,256,4,1] Keff=f16 Veff=q5_1 turbo_kv=1 prefer_native_vec=0 decode=1 dk=1 dv=0 unsafe_vec_after_turbo_v_decode=0 allow_vec=1 kernel=VEC need_f16_K=0 need_f16_V=0 Knb=[36,288,72,73728] Vnb=[24,768,192,196608] Keff_nb=[2,2048,512,524288] Veff_nb=[24,768,192,196608]
CUDA_FA_ROUTE_PLAN device=0 Q=[256,1,16,1] Kraw=turbo2_tcq Vraw=q5_1 Kshape=[256,256,4,1] Vshape=[256,256,4,1] Keff=f16 Veff=q5_1 turbo_kv=1 prefer_native_vec=0 decode=1 dk=1 dv=0 unsafe_vec_after_turbo_v_decode=0 allow_vec=1 kernel=VEC need_f16_K=0 need_f16_V=0 Knb=[36,288,72,73728] Vnb=[24,768,192,196608] Keff_nb=[2,2048,512,524288] Veff_nb=[24,768,192,196608]
CUDA_FA_ROUTE_PLAN device=0 Q=[256,1,16,1] Kraw=turbo2_tcq Vraw=q5_1 Kshape=[256,256,4,1] Vshape=[256,256,4,1] Keff=f16 Veff=q5_1 turbo_kv=1 prefer_native_vec=0 decode=1 dk=1 dv=0 unsafe_vec_after_turbo_v_decode=0 allow_vec=1 kernel=VEC need_f16_K=0 need_f16_V=0 Knb=[36,288,72,73728] Vnb=[24,768,192,196608] Keff_nb=[2,2048,512,524288] Veff_nb=[24,768,192,196608]
CUDA_FA_ROUTE_PLAN device=0 Q=[256,1,16,1] Kraw=turbo2_tcq Vraw=q5_1 Kshape=[256,256,4,1] Vshape=[256,256,4,1] Keff=f16 Veff=q5_1 turbo_kv=1 prefer_native_vec=0 decode=1 dk=1 dv=0 unsafe_vec_after_turbo_v_decode=0 allow_vec=1 kernel=VEC need_f16_K=0 need_f16_V=0 Knb=[36,288,72,73728] Vnb=[24,768,192,196608] Keff_nb=[2,2048,512,524288] Veff_nb=[24,768,192,196608]
CUDA_FA_ROUTE_PLAN device=0 Q=[256,1,16,1] Kraw=turbo2_tcq Vraw=q5_1 Kshape=[256,256,4,1] Vshape=[256,256,4,1] Keff=f16 Veff=q5_1 turbo_kv=1 prefer_native_vec=0 decode=1 dk=1 dv=0 unsafe_vec_after_turbo_v_decode=0 allow_vec=1 kernel=VEC need_f16_K=0 need_f16_V=0 Knb=[36,288,72,73728] Vnb=[24,768,192,196608] Keff_nb=[2,2048,512,524288] Veff_nb=[24,768,192,196608]
CUDA_FA_ROUTE_PLAN device=0 Q=[256,1,16,1] Kraw=turbo2_tcq Vraw=q5_1 Kshape=[256,256,4,1] Vshape=[256,256,4,1] Keff=f16 Veff=q5_1 turbo_kv=1 prefer_native_vec=0 decode=1 dk=1 dv=0 unsafe_vec_after_turbo_v_decode=0 allow_vec=1 kernel=VEC need_f16_K=0 need_f16_V=0 Knb=[36,288,72,73728] Vnb=[24,768,192,196608] Keff_nb=[2,2048,512,524288] Veff_nb=[24,768,192,196608]
CUDA_FA_ROUTE_PLAN device=0 Q=[256,1,16,1] Kraw=turbo2_tcq Vraw=q5_1 Kshape=[256,256,4,1] Vshape=[256,256,4,1] Keff=f16 Veff=q5_1 turbo_kv=1 prefer_native_vec=0 decode=1 dk=1 dv=0 unsafe_vec_after_turbo_v_decode=0 allow_vec=1 kernel=VEC need_f16_K=0 need_f16_V=0 Knb=[36,288,72,73728] Vnb=[24,768,192,196608] Keff_nb=[2,2048,512,524288] Veff_nb=[24,768,192,196608]
CUDA_FA_ROUTE_PLAN device=0 Q=[256,256,16,1] Kraw=turbo2_tcq Vraw=q5_1 Kshape=[256,256,4,1] Vshape=[256,256,4,1] Keff=f16 Veff=q5_1 turbo_kv=1 prefer_native_vec=0 decode=1 dk=1 dv=0 unsafe_vec_after_turbo_v_decode=0 allow_vec=1 kernel=MMA_F16 need_f16_K=0 need_f16_V=1 Knb=[36,288,72,73728] Vnb=[24,768,192,196608] Keff_nb=[2,2048,512,524288] Veff_nb=[24,768,192,196608]
CUDA_FA_ROUTE_SUPPORTED kernel=MMA_F16 effK=f16 effV=q5_1 supported=1
CUDA_FA_ROUTE_PLAN device=0 Q=[256,256,16,1] Kraw=turbo2_tcq Vraw=q5_1 Kshape=[256,256,4,1] Vshape=[256,256,4,1] Keff=f16 Veff=q5_1 turbo_kv=1 prefer_native_vec=0 decode=1 dk=1 dv=0 unsafe_vec_after_turbo_v_decode=0 allow_vec=1 kernel=MMA_F16 need_f16_K=0 need_f16_V=1 Knb=[36,288,72,73728] Vnb=[24,768,192,196608] Keff_nb=[2,2048,512,524288] Veff_nb=[24,768,192,196608]
CUDA_FA_ROUTE_SUPPORTED kernel=MMA_F16 effK=f16 effV=q5_1 supported=1
CUDA_FA_ROUTE_PLAN device=0 Q=[256,256,16,1] Kraw=turbo2_tcq Vraw=q5_1 Kshape=[256,256,4,1] Vshape=[256,256,4,1] Keff=f16 Veff=q5_1 turbo_kv=1 prefer_native_vec=0 decode=1 dk=1 dv=0 unsafe_vec_after_turbo_v_decode=0 allow_vec=1 kernel=MMA_F16 need_f16_K=0 need_f16_V=1 Knb=[36,288,72,73728] Vnb=[24,768,192,196608] Keff_nb=[2,2048,512,524288] Veff_nb=[24,768,192,196608]
CUDA_FA_ROUTE_SUPPORTED kernel=MMA_F16 effK=f16 effV=q5_1 supported=1
CUDA_FA_ROUTE_PLAN device=0 Q=[256,256,16,1] Kraw=turbo2_tcq Vraw=q5_1 Kshape=[256,256,4,1] Vshape=[256,256,4,1] Keff=f16 Veff=q5_1 turbo_kv=1 prefer_native_vec=0 decode=1 dk=1 dv=0 unsafe_vec_after_turbo_v_decode=0 allow_vec=1 kernel=MMA_F16 need_f16_K=0 need_f16_V=1 Knb=[36,288,72,73728] Vnb=[24,768,192,196608] Keff_nb=[2,2048,512,524288] Veff_nb=[24,768,192,196608]
CUDA_FA_ROUTE_SUPPORTED kernel=MMA_F16 effK=f16 effV=q5_1 supported=1
CUDA_FA_ROUTE_PLAN device=0 Q=[256,256,16,1] Kraw=turbo2_tcq Vraw=q5_1 Kshape=[256,256,4,1] Vshape=[256,256,4,1] Keff=f16 Veff=q5_1 turbo_kv=1 prefer_native_vec=0 decode=1 dk=1 dv=0 unsafe_vec_after_turbo_v_decode=0 allow_vec=1 kernel=MMA_F16 need_f16_K=0 need_f16_V=1 Knb=[36,288,72,73728] Vnb=[24,768,192,196608] Keff_nb=[2,2048,512,524288] Veff_nb=[24,768,192,196608]
CUDA_FA_ROUTE_SUPPORTED kernel=MMA_F16 effK=f16 effV=q5_1 supported=1
CUDA_FA_ROUTE_PLAN device=0 Q=[256,256,16,1] Kraw=turbo2_tcq Vraw=q5_1 Kshape=[256,256,4,1] Vshape=[256,256,4,1] Keff=f16 Veff=q5_1 turbo_kv=1 prefer_native_vec=0 decode=1 dk=1 dv=0 unsafe_vec_after_turbo_v_decode=0 allow_vec=1 kernel=MMA_F16 need_f16_K=0 need_f16_V=1 Knb=[36,288,72,73728] Vnb=[24,768,192,196608] Keff_nb=[2,2048,512,524288] Veff_nb=[24,768,192,196608]
CUDA_FA_ROUTE_SUPPORTED kernel=MMA_F16 effK=f16 effV=q5_1 supported=1
CUDA_FA_ROUTE_PLAN device=0 Q=[256,256,16,1] Kraw=turbo2_tcq Vraw=q5_1 Kshape=[256,256,4,1] Vshape=[256,256,4,1] Keff=f16 Veff=q5_1 turbo_kv=1 prefer_native_vec=0 decode=1 dk=1 dv=0 unsafe_vec_after_turbo_v_decode=0 allow_vec=1 kernel=MMA_F16 need_f16_K=0 need_f16_V=1 Knb=[36,288,72,73728] Vnb=[24,768,192,196608] Keff_nb=[2,2048,512,524288] Veff_nb=[24,768,192,196608]
CUDA_FA_ROUTE_SUPPORTED kernel=MMA_F16 effK=f16 effV=q5_1 supported=1
CUDA_FA_ROUTE_PLAN device=0 Q=[256,256,16,1] Kraw=turbo2_tcq Vraw=q5_1 Kshape=[256,256,4,1] Vshape=[256,256,4,1] Keff=f16 Veff=q5_1 turbo_kv=1 prefer_native_vec=0 decode=1 dk=1 dv=0 unsafe_vec_after_turbo_v_decode=0 allow_vec=1 kernel=MMA_F16 need_f16_K=0 need_f16_V=1 Knb=[36,288,72,73728] Vnb=[24,768,192,196608] Keff_nb=[2,2048,512,524288] Veff_nb=[24,768,192,196608]
CUDA_FA_ROUTE_SUPPORTED kernel=MMA_F16 effK=f16 effV=q5_1 supported=1
CUDA_FA_ROUTE_PLAN device=0 Q=[256,256,16,1] Kraw=turbo2_tcq Vraw=q5_1 Kshape=[256,256,4,1] Vshape=[256,256,4,1] Keff=f16 Veff=q5_1 turbo_kv=1 prefer_native_vec=0 decode=1 dk=1 dv=0 unsafe_vec_after_turbo_v_decode=0 allow_vec=1 kernel=MMA_F16 need_f16_K=0 need_f16_V=1 Knb=[36,288,72,73728] Vnb=[24,768,192,196608] Keff_nb=[2,2048,512,524288] Veff_nb=[24,768,192,196608]
CUDA_FA_ROUTE_ALLOC kernel=MMA_F16 need_f16_K=0 need_f16_V=1 workspace_end_offset=4718592 dst_data=(nil) f16_K=(nil) f16_V=0x400000 f16_end=0x480000
CUDA_FA_ROUTE_PLAN device=0 Q=[256,256,16,1] Kraw=turbo2_tcq Vraw=q5_1 Kshape=[256,256,4,1] Vshape=[256,256,4,1] Keff=f16 Veff=q5_1 turbo_kv=1 prefer_native_vec=0 decode=1 dk=1 dv=0 unsafe_vec_after_turbo_v_decode=0 allow_vec=1 kernel=MMA_F16 need_f16_K=0 need_f16_V=1 Knb=[36,288,72,73728] Vnb=[24,768,192,196608] Keff_nb=[2,2048,512,524288] Veff_nb=[24,768,192,196608]
CUDA_FA_ROUTE_ALLOC kernel=MMA_F16 need_f16_K=0 need_f16_V=1 workspace_end_offset=4718592 dst_data=(nil) f16_K=(nil) f16_V=0x400000 f16_end=0x480000
CUDA_FA_ROUTE_PLAN device=0 Q=[256,256,16,1] Kraw=turbo2_tcq Vraw=q5_1 Kshape=[256,256,4,1] Vshape=[256,256,4,1] Keff=f16 Veff=q5_1 turbo_kv=1 prefer_native_vec=0 decode=1 dk=1 dv=0 unsafe_vec_after_turbo_v_decode=0 allow_vec=1 kernel=MMA_F16 need_f16_K=0 need_f16_V=1 Knb=[36,288,72,73728] Vnb=[24,768,192,196608] Keff_nb=[2,2048,512,524288] Veff_nb=[24,768,192,196608]
CUDA_FA_ROUTE_ALLOC kernel=MMA_F16 need_f16_K=0 need_f16_V=1 workspace_end_offset=4718592 dst_data=(nil) f16_K=(nil) f16_V=0x400000 f16_end=0x480000
CUDA_FA_ROUTE_PLAN device=0 Q=[256,256,16,1] Kraw=turbo2_tcq Vraw=q5_1 Kshape=[256,256,4,1] Vshape=[256,256,4,1] Keff=f16 Veff=q5_1 turbo_kv=1 prefer_native_vec=0 decode=1 dk=1 dv=0 unsafe_vec_after_turbo_v_decode=0 allow_vec=1 kernel=MMA_F16 need_f16_K=0 need_f16_V=1 Knb=[36,288,72,73728] Vnb=[24,768,192,196608] Keff_nb=[2,2048,512,524288] Veff_nb=[24,768,192,196608]
CUDA_FA_ROUTE_ALLOC kernel=MMA_F16 need_f16_K=0 need_f16_V=1 workspace_end_offset=4718592 dst_data=(nil) f16_K=(nil) f16_V=0x400000 f16_end=0x480000
CUDA_FA_ROUTE_PLAN device=0 Q=[256,256,16,1] Kraw=turbo2_tcq Vraw=q5_1 Kshape=[256,256,4,1] Vshape=[256,256,4,1] Keff=f16 Veff=q5_1 turbo_kv=1 prefer_native_vec=0 decode=1 dk=1 dv=0 unsafe_vec_after_turbo_v_decode=0 allow_vec=1 kernel=MMA_F16 need_f16_K=0 need_f16_V=1 Knb=[36,288,72,73728] Vnb=[24,768,192,196608] Keff_nb=[2,2048,512,524288] Veff_nb=[24,768,192,196608]
CUDA_FA_ROUTE_ALLOC kernel=MMA_F16 need_f16_K=0 need_f16_V=1 workspace_end_offset=4718592 dst_data=(nil) f16_K=(nil) f16_V=0x400000 f16_end=0x480000
CUDA_FA_ROUTE_PLAN device=0 Q=[256,256,16,1] Kraw=turbo2_tcq Vraw=q5_1 Kshape=[256,256,4,1] Vshape=[256,256,4,1] Keff=f16 Veff=q5_1 turbo_kv=1 prefer_native_vec=0 decode=1 dk=1 dv=0 unsafe_vec_after_turbo_v_decode=0 allow_vec=1 kernel=MMA_F16 need_f16_K=0 need_f16_V=1 Knb=[36,288,72,73728] Vnb=[24,768,192,196608] Keff_nb=[2,2048,512,524288] Veff_nb=[24,768,192,196608]
CUDA_FA_ROUTE_ALLOC kernel=MMA_F16 need_f16_K=0 need_f16_V=1 workspace_end_offset=4718592 dst_data=(nil) f16_K=(nil) f16_V=0x400000 f16_end=0x480000
CUDA_FA_ROUTE_PLAN device=0 Q=[256,256,16,1] Kraw=turbo2_tcq Vraw=q5_1 Kshape=[256,256,4,1] Vshape=[256,256,4,1] Keff=f16 Veff=q5_1 turbo_kv=1 prefer_native_vec=0 decode=1 dk=1 dv=0 unsafe_vec_after_turbo_v_decode=0 allow_vec=1 kernel=MMA_F16 need_f16_K=0 need_f16_V=1 Knb=[36,288,72,73728] Vnb=[24,768,192,196608] Keff_nb=[2,2048,512,524288] Veff_nb=[24,768,192,196608]
CUDA_FA_ROUTE_ALLOC kernel=MMA_F16 need_f16_K=0 need_f16_V=1 workspace_end_offset=4718592 dst_data=(nil) f16_K=(nil) f16_V=0x400000 f16_end=0x480000
CUDA_FA_ROUTE_PLAN device=0 Q=[256,256,16,1] Kraw=turbo2_tcq Vraw=q5_1 Kshape=[256,256,4,1] Vshape=[256,256,4,1] Keff=f16 Veff=q5_1 turbo_kv=1 prefer_native_vec=0 decode=1 dk=1 dv=0 unsafe_vec_after_turbo_v_decode=0 allow_vec=1 kernel=MMA_F16 need_f16_K=0 need_f16_V=1 Knb=[36,288,72,73728] Vnb=[24,768,192,196608] Keff_nb=[2,2048,512,524288] Veff_nb=[24,768,192,196608]
CUDA_FA_ROUTE_ALLOC kernel=MMA_F16 need_f16_K=0 need_f16_V=1 workspace_end_offset=4718592 dst_data=(nil) f16_K=(nil) f16_V=0x400000 f16_end=0x480000
CUDA_FA_ROUTE_PLAN device=0 Q=[256,256,16,1] Kraw=turbo2_tcq Vraw=q5_1 Kshape=[256,256,4,1] Vshape=[256,256,4,1] Keff=f16 Veff=q5_1 turbo_kv=1 prefer_native_vec=0 decode=1 dk=1 dv=0 unsafe_vec_after_turbo_v_decode=0 allow_vec=1 kernel=MMA_F16 need_f16_K=0 need_f16_V=1 Knb=[36,288,72,73728] Vnb=[24,768,192,196608] Keff_nb=[2,2048,512,524288] Veff_nb=[24,768,192,196608]
CUDA_FA_ROUTE_ALLOC kernel=MMA_F16 need_f16_K=0 need_f16_V=1 workspace_end_offset=4718592 dst_data=(nil) f16_K=(nil) f16_V=0x400000 f16_end=0x480000
CUDA_FA_ROUTE_PLAN device=0 Q=[256,256,16,1] Kraw=turbo2_tcq Vraw=q5_1 Kshape=[256,256,4,1] Vshape=[256,256,4,1] Keff=f16 Veff=q5_1 turbo_kv=1 prefer_native_vec=0 decode=1 dk=1 dv=0 unsafe_vec_after_turbo_v_decode=0 allow_vec=1 kernel=MMA_F16 need_f16_K=0 need_f16_V=1 Knb=[36,288,72,73728] Vnb=[24,768,192,196608] Keff_nb=[2,2048,512,524288] Veff_nb=[24,768,192,196608]
CUDA_FA_ROUTE_ALLOC kernel=MMA_F16 need_f16_K=0 need_f16_V=1 workspace_end_offset=4718592 dst_data=(nil) f16_K=(nil) f16_V=0x400000 f16_end=0x480000
CUDA_FA_ROUTE_PLAN device=0 Q=[256,256,16,1] Kraw=turbo2_tcq Vraw=q5_1 Kshape=[256,256,4,1] Vshape=[256,256,4,1] Keff=f16 Veff=q5_1 turbo_kv=1 prefer_native_vec=0 decode=1 dk=1 dv=0 unsafe_vec_after_turbo_v_decode=0 allow_vec=1 kernel=MMA_F16 need_f16_K=0 need_f16_V=1 Knb=[36,288,72,73728] Vnb=[24,768,192,196608] Keff_nb=[2,2048,512,524288] Veff_nb=[24,768,192,196608]
CUDA_FA_ROUTE_ALLOC kernel=MMA_F16 need_f16_K=0 need_f16_V=1 workspace_end_offset=4718592 dst_data=(nil) f16_K=(nil) f16_V=0x400000 f16_end=0x480000
CUDA_FA_ROUTE_PLAN device=0 Q=[256,256,16,1] Kraw=turbo2_tcq Vraw=q5_1 Kshape=[256,256,4,1] Vshape=[256,256,4,1] Keff=f16 Veff=q5_1 turbo_kv=1 prefer_native_vec=0 decode=1 dk=1 dv=0 unsafe_vec_after_turbo_v_decode=0 allow_vec=1 kernel=MMA_F16 need_f16_K=0 need_f16_V=1 Knb=[36,288,72,73728] Vnb=[24,768,192,196608] Keff_nb=[2,2048,512,524288] Veff_nb=[24,768,192,196608]
CUDA_FA_ROUTE_ALLOC kernel=MMA_F16 need_f16_K=0 need_f16_V=1 workspace_end_offset=4718592 dst_data=(nil) f16_K=(nil) f16_V=0x400000 f16_end=0x480000
CUDA_FA_ROUTE_PLAN device=0 Q=[256,256,16,1] Kraw=turbo2_tcq Vraw=q5_1 Kshape=[256,256,4,1] Vshape=[256,256,4,1] Keff=f16 Veff=q5_1 turbo_kv=1 prefer_native_vec=0 decode=1 dk=1 dv=0 unsafe_vec_after_turbo_v_decode=0 allow_vec=1 kernel=MMA_F16 need_f16_K=0 need_f16_V=1 Knb=[36,288,72,73728] Vnb=[24,768,192,196608] Keff_nb=[2,2048,512,524288] Veff_nb=[24,768,192,196608]
CUDA_FA_ROUTE_ALLOC kernel=MMA_F16 need_f16_K=0 need_f16_V=1 workspace_end_offset=4718592 dst_data=(nil) f16_K=(nil) f16_V=0x400000 f16_end=0x480000
CUDA_FA_ROUTE_PLAN device=0 Q=[256,256,16,1] Kraw=turbo2_tcq Vraw=q5_1 Kshape=[256,256,4,1] Vshape=[256,256,4,1] Keff=f16 Veff=q5_1 turbo_kv=1 prefer_native_vec=0 decode=1 dk=1 dv=0 unsafe_vec_after_turbo_v_decode=0 allow_vec=1 kernel=MMA_F16 need_f16_K=0 need_f16_V=1 Knb=[36,288,72,73728] Vnb=[24,768,192,196608] Keff_nb=[2,2048,512,524288] Veff_nb=[24,768,192,196608]
CUDA_FA_ROUTE_ALLOC kernel=MMA_F16 need_f16_K=0 need_f16_V=1 workspace_end_offset=4718592 dst_data=(nil) f16_K=(nil) f16_V=0x400000 f16_end=0x480000
CUDA_FA_ROUTE_PLAN device=0 Q=[256,256,16,1] Kraw=turbo2_tcq Vraw=q5_1 Kshape=[256,256,4,1] Vshape=[256,256,4,1] Keff=f16 Veff=q5_1 turbo_kv=1 prefer_native_vec=0 decode=1 dk=1 dv=0 unsafe_vec_after_turbo_v_decode=0 allow_vec=1 kernel=MMA_F16 need_f16_K=0 need_f16_V=1 Knb=[36,288,72,73728] Vnb=[24,768,192,196608] Keff_nb=[2,2048,512,524288] Veff_nb=[24,768,192,196608]
CUDA_FA_ROUTE_ALLOC kernel=MMA_F16 need_f16_K=0 need_f16_V=1 workspace_end_offset=4718592 dst_data=(nil) f16_K=(nil) f16_V=0x400000 f16_end=0x480000
CUDA_FA_ROUTE_PLAN device=0 Q=[256,256,16,1] Kraw=turbo2_tcq Vraw=q5_1 Kshape=[256,256,4,1] Vshape=[256,256,4,1] Keff=f16 Veff=q5_1 turbo_kv=1 prefer_native_vec=0 decode=1 dk=1 dv=0 unsafe_vec_after_turbo_v_decode=0 allow_vec=1 kernel=MMA_F16 need_f16_K=0 need_f16_V=1 Knb=[36,288,72,73728] Vnb=[24,768,192,196608] Keff_nb=[2,2048,512,524288] Veff_nb=[24,768,192,196608]
CUDA_FA_ROUTE_ALLOC kernel=MMA_F16 need_f16_K=0 need_f16_V=1 workspace_end_offset=4718592 dst_data=(nil) f16_K=(nil) f16_V=0x400000 f16_end=0x480000
CUDA_FA_ROUTE_PLAN device=0 Q=[256,256,16,1] Kraw=turbo2_tcq Vraw=q5_1 Kshape=[256,256,4,1] Vshape=[256,256,4,1] Keff=f16 Veff=q5_1 turbo_kv=1 prefer_native_vec=0 decode=1 dk=1 dv=0 unsafe_vec_after_turbo_v_decode=0 allow_vec=1 kernel=MMA_F16 need_f16_K=0 need_f16_V=1 Knb=[36,288,72,73728] Vnb=[24,768,192,196608] Keff_nb=[2,2048,512,524288] Veff_nb=[24,768,192,196608]
CUDA_FA_ROUTE_ALLOC kernel=MMA_F16 need_f16_K=0 need_f16_V=1 workspace_end_offset=4718592 dst_data=(nil) f16_K=(nil) f16_V=0x400000 f16_end=0x480000
CUDA_FA_ROUTE_PLAN device=0 Q=[256,256,16,1] Kraw=turbo2_tcq Vraw=q5_1 Kshape=[256,256,4,1] Vshape=[256,256,4,1] Keff=f16 Veff=q5_1 turbo_kv=1 prefer_native_vec=0 decode=1 dk=1 dv=0 unsafe_vec_after_turbo_v_decode=0 allow_vec=1 kernel=MMA_F16 need_f16_K=0 need_f16_V=1 Knb=[36,288,72,73728] Vnb=[24,768,192,196608] Keff_nb=[2,2048,512,524288] Veff_nb=[24,768,192,196608]
CUDA_FA_ROUTE_ALLOC kernel=MMA_F16 need_f16_K=0 need_f16_V=1 workspace_end_offset=4718592 dst_data=(nil) f16_K=(nil) f16_V=0x400000 f16_end=0x480000
CUDA_FA_ROUTE_PLAN device=0 Q=[256,256,16,1] Kraw=turbo2_tcq Vraw=q5_1 Kshape=[256,256,4,1] Vshape=[256,256,4,1] Keff=f16 Veff=q5_1 turbo_kv=1 prefer_native_vec=0 decode=1 dk=1 dv=0 unsafe_vec_after_turbo_v_decode=0 allow_vec=1 kernel=MMA_F16 need_f16_K=0 need_f16_V=1 Knb=[36,288,72,73728] Vnb=[24,768,192,196608] Keff_nb=[2,2048,512,524288] Veff_nb=[24,768,192,196608]
CUDA_FA_ROUTE_ALLOC kernel=MMA_F16 need_f16_K=0 need_f16_V=1 workspace_end_offset=4718592 dst_data=(nil) f16_K=(nil) f16_V=0x400000 f16_end=0x480000
CUDA_FA_ROUTE_PLAN device=0 Q=[256,256,16,1] Kraw=turbo2_tcq Vraw=q5_1 Kshape=[256,256,4,1] Vshape=[256,256,4,1] Keff=f16 Veff=q5_1 turbo_kv=1 prefer_native_vec=0 decode=1 dk=1 dv=0 unsafe_vec_after_turbo_v_decode=0 allow_vec=1 kernel=MMA_F16 need_f16_K=0 need_f16_V=1 Knb=[36,288,72,73728] Vnb=[24,768,192,196608] Keff_nb=[2,2048,512,524288] Veff_nb=[24,768,192,196608]
CUDA_FA_ROUTE_ALLOC kernel=MMA_F16 need_f16_K=0 need_f16_V=1 workspace_end_offset=4718592 dst_data=(nil) f16_K=(nil) f16_V=0x400000 f16_end=0x480000
CUDA_FA_ROUTE_PLAN device=0 Q=[256,256,16,1] Kraw=turbo2_tcq Vraw=q5_1 Kshape=[256,256,4,1] Vshape=[256,256,4,1] Keff=f16 Veff=q5_1 turbo_kv=1 prefer_native_vec=0 decode=1 dk=1 dv=0 unsafe_vec_after_turbo_v_decode=0 allow_vec=1 kernel=MMA_F16 need_f16_K=0 need_f16_V=1 Knb=[36,288,72,73728] Vnb=[24,768,192,196608] Keff_nb=[2,2048,512,524288] Veff_nb=[24,768,192,196608]
CUDA_FA_ROUTE_ALLOC kernel=MMA_F16 need_f16_K=0 need_f16_V=1 workspace_end_offset=4718592 dst_data=(nil) f16_K=(nil) f16_V=0x400000 f16_end=0x480000
CUDA_FA_ROUTE_PLAN device=0 Q=[256,256,16,1] Kraw=turbo2_tcq Vraw=q5_1 Kshape=[256,256,4,1] Vshape=[256,256,4,1] Keff=f16 Veff=q5_1 turbo_kv=1 prefer_native_vec=0 decode=1 dk=1 dv=0 unsafe_vec_after_turbo_v_decode=0 allow_vec=1 kernel=MMA_F16 need_f16_K=0 need_f16_V=1 Knb=[36,288,72,73728] Vnb=[24,768,192,196608] Keff_nb=[2,2048,512,524288] Veff_nb=[24,768,192,196608]
CUDA_FA_ROUTE_ALLOC kernel=MMA_F16 need_f16_K=0 need_f16_V=1 workspace_end_offset=4718592 dst_data=(nil) f16_K=(nil) f16_V=0x400000 f16_end=0x480000
CUDA_FA_ROUTE_PLAN device=0 Q=[256,256,16,1] Kraw=turbo2_tcq Vraw=q5_1 Kshape=[256,256,4,1] Vshape=[256,256,4,1] Keff=f16 Veff=q5_1 turbo_kv=1 prefer_native_vec=0 decode=1 dk=1 dv=0 unsafe_vec_after_turbo_v_decode=0 allow_vec=1 kernel=MMA_F16 need_f16_K=0 need_f16_V=1 Knb=[36,288,72,73728] Vnb=[24,768,192,196608] Keff_nb=[2,2048,512,524288] Veff_nb=[24,768,192,196608]
CUDA_FA_ROUTE_ALLOC kernel=MMA_F16 need_f16_K=0 need_f16_V=1 workspace_end_offset=4718592 dst_data=(nil) f16_K=(nil) f16_V=0x400000 f16_end=0x480000
CUDA_FA_ROUTE_PLAN device=0 Q=[256,256,16,1] Kraw=turbo2_tcq Vraw=q5_1 Kshape=[256,256,4,1] Vshape=[256,256,4,1] Keff=f16 Veff=q5_1 turbo_kv=1 prefer_native_vec=0 decode=1 dk=1 dv=0 unsafe_vec_after_turbo_v_decode=0 allow_vec=1 kernel=MMA_F16 need_f16_K=0 need_f16_V=1 Knb=[36,288,72,73728] Vnb=[24,768,192,196608] Keff_nb=[2,2048,512,524288] Veff_nb=[24,768,192,196608]
CUDA_FA_ROUTE_ALLOC kernel=MMA_F16 need_f16_K=0 need_f16_V=1 workspace_end_offset=4718592 dst_data=(nil) f16_K=(nil) f16_V=0x400000 f16_end=0x480000
CUDA_FA_ROUTE_PLAN device=0 Q=[256,256,16,1] Kraw=turbo2_tcq Vraw=q5_1 Kshape=[256,256,4,1] Vshape=[256,256,4,1] Keff=f16 Veff=q5_1 turbo_kv=1 prefer_native_vec=0 decode=1 dk=1 dv=0 unsafe_vec_after_turbo_v_decode=0 allow_vec=1 kernel=MMA_F16 need_f16_K=0 need_f16_V=1 Knb=[36,288,72,73728] Vnb=[24,768,192,196608] Keff_nb=[2,2048,512,524288] Veff_nb=[24,768,192,196608]
CUDA_FA_ROUTE_ALLOC kernel=MMA_F16 need_f16_K=0 need_f16_V=1 workspace_end_offset=4718592 dst_data=(nil) f16_K=(nil) f16_V=0x400000 f16_end=0x480000
CUDA_FA_ROUTE_PLAN device=0 Q=[256,256,16,1] Kraw=turbo2_tcq Vraw=q5_1 Kshape=[256,256,4,1] Vshape=[256,256,4,1] Keff=f16 Veff=q5_1 turbo_kv=1 prefer_native_vec=0 decode=1 dk=1 dv=0 unsafe_vec_after_turbo_v_decode=0 allow_vec=1 kernel=MMA_F16 need_f16_K=0 need_f16_V=1 Knb=[36,288,72,73728] Vnb=[24,768,192,196608] Keff_nb=[2,2048,512,524288] Veff_nb=[24,768,192,196608]
CUDA_FA_ROUTE_ALLOC kernel=MMA_F16 need_f16_K=0 need_f16_V=1 workspace_end_offset=4718592 dst_data=(nil) f16_K=(nil) f16_V=0x400000 f16_end=0x480000
CUDA_FA_ROUTE_PLAN device=0 Q=[256,256,16,1] Kraw=turbo2_tcq Vraw=q5_1 Kshape=[256,256,4,1] Vshape=[256,256,4,1] Keff=f16 Veff=q5_1 turbo_kv=1 prefer_native_vec=0 decode=1 dk=1 dv=0 unsafe_vec_after_turbo_v_decode=0 allow_vec=1 kernel=MMA_F16 need_f16_K=0 need_f16_V=1 Knb=[36,288,72,73728] Vnb=[24,768,192,196608] Keff_nb=[2,2048,512,524288] Veff_nb=[24,768,192,196608]
CUDA_FA_ROUTE_ALLOC kernel=MMA_F16 need_f16_K=0 need_f16_V=1 workspace_end_offset=4718592 dst_data=(nil) f16_K=(nil) f16_V=0x400000 f16_end=0x480000
CUDA_FA_ROUTE_PLAN device=0 Q=[256,256,16,1] Kraw=turbo2_tcq Vraw=q5_1 Kshape=[256,256,4,1] Vshape=[256,256,4,1] Keff=f16 Veff=q5_1 turbo_kv=1 prefer_native_vec=0 decode=1 dk=1 dv=0 unsafe_vec_after_turbo_v_decode=0 allow_vec=1 kernel=MMA_F16 need_f16_K=0 need_f16_V=1 Knb=[36,288,72,73728] Vnb=[24,768,192,196608] Keff_nb=[2,2048,512,524288] Veff_nb=[24,768,192,196608]
CUDA_FA_ROUTE_ALLOC kernel=MMA_F16 need_f16_K=0 need_f16_V=1 workspace_end_offset=4718592 dst_data=(nil) f16_K=(nil) f16_V=0x400000 f16_end=0x480000
CUDA_FA_ROUTE_PLAN device=0 Q=[256,256,16,1] Kraw=turbo2_tcq Vraw=q5_1 Kshape=[256,256,4,1] Vshape=[256,256,4,1] Keff=f16 Veff=q5_1 turbo_kv=1 prefer_native_vec=0 decode=1 dk=1 dv=0 unsafe_vec_after_turbo_v_decode=0 allow_vec=1 kernel=MMA_F16 need_f16_K=0 need_f16_V=1 Knb=[36,288,72,73728] Vnb=[24,768,192,196608] Keff_nb=[2,2048,512,524288] Veff_nb=[24,768,192,196608]
CUDA_FA_ROUTE_ALLOC kernel=MMA_F16 need_f16_K=0 need_f16_V=1 workspace_end_offset=4718592 dst_data=(nil) f16_K=(nil) f16_V=0x400000 f16_end=0x480000
CUDA_FA_ROUTE_PLAN device=0 Q=[256,256,16,1] Kraw=turbo2_tcq Vraw=q5_1 Kshape=[256,256,4,1] Vshape=[256,256,4,1] Keff=f16 Veff=q5_1 turbo_kv=1 prefer_native_vec=0 decode=1 dk=1 dv=0 unsafe_vec_after_turbo_v_decode=0 allow_vec=1 kernel=MMA_F16 need_f16_K=0 need_f16_V=1 Knb=[36,288,72,73728] Vnb=[24,768,192,196608] Keff_nb=[2,2048,512,524288] Veff_nb=[24,768,192,196608]
CUDA_FA_ROUTE_ALLOC kernel=MMA_F16 need_f16_K=0 need_f16_V=1 workspace_end_offset=4718592 dst_data=(nil) f16_K=(nil) f16_V=0x400000 f16_end=0x480000
CUDA_FA_ROUTE_PLAN device=0 Q=[256,256,16,1] Kraw=turbo2_tcq Vraw=q5_1 Kshape=[256,256,4,1] Vshape=[256,256,4,1] Keff=f16 Veff=q5_1 turbo_kv=1 prefer_native_vec=0 decode=1 dk=1 dv=0 unsafe_vec_after_turbo_v_decode=0 allow_vec=1 kernel=MMA_F16 need_f16_K=0 need_f16_V=1 Knb=[36,288,72,73728] Vnb=[24,768,192,196608] Keff_nb=[2,2048,512,524288] Veff_nb=[24,768,192,196608]
CUDA_FA_ROUTE_ALLOC kernel=MMA_F16 need_f16_K=0 need_f16_V=1 workspace_end_offset=4718592 dst_data=(nil) f16_K=(nil) f16_V=0x400000 f16_end=0x480000
CUDA_FA_ROUTE_PLAN device=0 Q=[256,256,16,1] Kraw=turbo2_tcq Vraw=q5_1 Kshape=[256,256,4,1] Vshape=[256,256,4,1] Keff=f16 Veff=q5_1 turbo_kv=1 prefer_native_vec=0 decode=1 dk=1 dv=0 unsafe_vec_after_turbo_v_decode=0 allow_vec=1 kernel=MMA_F16 need_f16_K=0 need_f16_V=1 Knb=[36,288,72,73728] Vnb=[24,768,192,196608] Keff_nb=[2,2048,512,524288] Veff_nb=[24,768,192,196608]
CUDA_FA_ROUTE_ALLOC kernel=MMA_F16 need_f16_K=0 need_f16_V=1 workspace_end_offset=4718592 dst_data=(nil) f16_K=(nil) f16_V=0x400000 f16_end=0x480000
CUDA_FA_ROUTE_PLAN device=0 Q=[256,1,16,1] Kraw=turbo2_tcq Vraw=q5_1 Kshape=[256,256,4,1] Vshape=[256,256,4,1] Keff=f16 Veff=q5_1 turbo_kv=1 prefer_native_vec=0 decode=1 dk=1 dv=0 unsafe_vec_after_turbo_v_decode=0 allow_vec=1 kernel=VEC need_f16_K=0 need_f16_V=0 Knb=[36,288,72,73728] Vnb=[24,768,192,196608] Keff_nb=[2,2048,512,524288] Veff_nb=[24,768,192,196608]
CUDA_FA_ROUTE_PLAN device=0 Q=[256,1,16,1] Kraw=turbo2_tcq Vraw=q5_1 Kshape=[256,256,4,1] Vshape=[256,256,4,1] Keff=f16 Veff=q5_1 turbo_kv=1 prefer_native_vec=0 decode=1 dk=1 dv=0 unsafe_vec_after_turbo_v_decode=0 allow_vec=1 kernel=VEC need_f16_K=0 need_f16_V=0 Knb=[36,288,72,73728] Vnb=[24,768,192,196608] Keff_nb=[2,2048,512,524288] Veff_nb=[24,768,192,196608]
CUDA_FA_ROUTE_PLAN device=0 Q=[256,1,16,1] Kraw=turbo2_tcq Vraw=q5_1 Kshape=[256,256,4,1] Vshape=[256,256,4,1] Keff=f16 Veff=q5_1 turbo_kv=1 prefer_native_vec=0 decode=1 dk=1 dv=0 unsafe_vec_after_turbo_v_decode=0 allow_vec=1 kernel=VEC need_f16_K=0 need_f16_V=0 Knb=[36,288,72,73728] Vnb=[24,768,192,196608] Keff_nb=[2,2048,512,524288] Veff_nb=[24,768,192,196608]
CUDA_FA_ROUTE_PLAN device=0 Q=[256,1,16,1] Kraw=turbo2_tcq Vraw=q5_1 Kshape=[256,256,4,1] Vshape=[256,256,4,1] Keff=f16 Veff=q5_1 turbo_kv=1 prefer_native_vec=0 decode=1 dk=1 dv=0 unsafe_vec_after_turbo_v_decode=0 allow_vec=1 kernel=VEC need_f16_K=0 need_f16_V=0 Knb=[36,288,72,73728] Vnb=[24,768,192,196608] Keff_nb=[2,2048,512,524288] Veff_nb=[24,768,192,196608]
CUDA_FA_ROUTE_PLAN device=0 Q=[256,1,16,1] Kraw=turbo2_tcq Vraw=q5_1 Kshape=[256,256,4,1] Vshape=[256,256,4,1] Keff=f16 Veff=q5_1 turbo_kv=1 prefer_native_vec=0 decode=1 dk=1 dv=0 unsafe_vec_after_turbo_v_decode=0 allow_vec=1 kernel=VEC need_f16_K=0 need_f16_V=0 Knb=[36,288,72,73728] Vnb=[24,768,192,196608] Keff_nb=[2,2048,512,524288] Veff_nb=[24,768,192,196608]
CUDA_FA_ROUTE_PLAN device=0 Q=[256,1,16,1] Kraw=turbo2_tcq Vraw=q5_1 Kshape=[256,256,4,1] Vshape=[256,256,4,1] Keff=f16 Veff=q5_1 turbo_kv=1 prefer_native_vec=0 decode=1 dk=1 dv=0 unsafe_vec_after_turbo_v_decode=0 allow_vec=1 kernel=VEC need_f16_K=0 need_f16_V=0 Knb=[36,288,72,73728] Vnb=[24,768,192,196608] Keff_nb=[2,2048,512,524288] Veff_nb=[24,768,192,196608]
CUDA_FA_ROUTE_PLAN device=0 Q=[256,1,16,1] Kraw=turbo2_tcq Vraw=q5_1 Kshape=[256,256,4,1] Vshape=[256,256,4,1] Keff=f16 Veff=q5_1 turbo_kv=1 prefer_native_vec=0 decode=1 dk=1 dv=0 unsafe_vec_after_turbo_v_decode=0 allow_vec=1 kernel=VEC need_f16_K=0 need_f16_V=0 Knb=[36,288,72,73728] Vnb=[24,768,192,196608] Keff_nb=[2,2048,512,524288] Veff_nb=[24,768,192,196608]
CUDA_FA_ROUTE_PLAN device=0 Q=[256,1,16,1] Kraw=turbo2_tcq Vraw=q5_1 Kshape=[256,256,4,1] Vshape=[256,256,4,1] Keff=f16 Veff=q5_1 turbo_kv=1 prefer_native_vec=0 decode=1 dk=1 dv=0 unsafe_vec_after_turbo_v_decode=0 allow_vec=1 kernel=VEC need_f16_K=0 need_f16_V=0 Knb=[36,288,72,73728] Vnb=[24,768,192,196608] Keff_nb=[2,2048,512,524288] Veff_nb=[24,768,192,196608]
CUDA_FA_ROUTE_PLAN device=0 Q=[256,1,16,1] Kraw=turbo2_tcq Vraw=q5_1 Kshape=[256,256,4,1] Vshape=[256,256,4,1] Keff=f16 Veff=q5_1 turbo_kv=1 prefer_native_vec=0 decode=1 dk=1 dv=0 unsafe_vec_after_turbo_v_decode=0 allow_vec=1 kernel=VEC need_f16_K=0 need_f16_V=0 Knb=[36,288,72,73728] Vnb=[24,768,192,196608] Keff_nb=[2,2048,512,524288] Veff_nb=[24,768,192,196608]
CUDA_FA_ROUTE_ALLOC kernel=VEC need_f16_K=0 need_f16_V=0 workspace_end_offset=16384 dst_data=(nil) f16_K=(nil) f16_V=(nil) f16_end=0x4000
CUDA_FA_ROUTE_PLAN device=0 Q=[256,1,16,1] Kraw=turbo2_tcq Vraw=q5_1 Kshape=[256,256,4,1] Vshape=[256,256,4,1] Keff=f16 Veff=q5_1 turbo_kv=1 prefer_native_vec=0 decode=1 dk=1 dv=0 unsafe_vec_after_turbo_v_decode=0 allow_vec=1 kernel=VEC need_f16_K=0 need_f16_V=0 Knb=[36,288,72,73728] Vnb=[24,768,192,196608] Keff_nb=[2,2048,512,524288] Veff_nb=[24,768,192,196608]
CUDA_FA_ROUTE_ALLOC kernel=VEC need_f16_K=0 need_f16_V=0 workspace_end_offset=16384 dst_data=(nil) f16_K=(nil) f16_V=(nil) f16_end=0x4000
CUDA_FA_ROUTE_PLAN device=0 Q=[256,1,16,1] Kraw=turbo2_tcq Vraw=q5_1 Kshape=[256,256,4,1] Vshape=[256,256,4,1] Keff=f16 Veff=q5_1 turbo_kv=1 prefer_native_vec=0 decode=1 dk=1 dv=0 unsafe_vec_after_turbo_v_decode=0 allow_vec=1 kernel=VEC need_f16_K=0 need_f16_V=0 Knb=[36,288,72,73728] Vnb=[24,768,192,196608] Keff_nb=[2,2048,512,524288] Veff_nb=[24,768,192,196608]
CUDA_FA_ROUTE_ALLOC kernel=VEC need_f16_K=0 need_f16_V=0 workspace_end_offset=16384 dst_data=(nil) f16_K=(nil) f16_V=(nil) f16_end=0x4000
CUDA_FA_ROUTE_PLAN device=0 Q=[256,1,16,1] Kraw=turbo2_tcq Vraw=q5_1 Kshape=[256,256,4,1] Vshape=[256,256,4,1] Keff=f16 Veff=q5_1 turbo_kv=1 prefer_native_vec=0 decode=1 dk=1 dv=0 unsafe_vec_after_turbo_v_decode=0 allow_vec=1 kernel=VEC need_f16_K=0 need_f16_V=0 Knb=[36,288,72,73728] Vnb=[24,768,192,196608] Keff_nb=[2,2048,512,524288] Veff_nb=[24,768,192,196608]
CUDA_FA_ROUTE_ALLOC kernel=VEC need_f16_K=0 need_f16_V=0 workspace_end_offset=16384 dst_data=(nil) f16_K=(nil) f16_V=(nil) f16_end=0x4000
CUDA_FA_ROUTE_PLAN device=0 Q=[256,1,16,1] Kraw=turbo2_tcq Vraw=q5_1 Kshape=[256,256,4,1] Vshape=[256,256,4,1] Keff=f16 Veff=q5_1 turbo_kv=1 prefer_native_vec=0 decode=1 dk=1 dv=0 unsafe_vec_after_turbo_v_decode=0 allow_vec=1 kernel=VEC need_f16_K=0 need_f16_V=0 Knb=[36,288,72,73728] Vnb=[24,768,192,196608] Keff_nb=[2,2048,512,524288] Veff_nb=[24,768,192,196608]
CUDA_FA_ROUTE_ALLOC kernel=VEC need_f16_K=0 need_f16_V=0 workspace_end_offset=16384 dst_data=(nil) f16_K=(nil) f16_V=(nil) f16_end=0x4000
CUDA_FA_ROUTE_PLAN device=0 Q=[256,1,16,1] Kraw=turbo2_tcq Vraw=q5_1 Kshape=[256,256,4,1] Vshape=[256,256,4,1] Keff=f16 Veff=q5_1 turbo_kv=1 prefer_native_vec=0 decode=1 dk=1 dv=0 unsafe_vec_after_turbo_v_decode=0 allow_vec=1 kernel=VEC need_f16_K=0 need_f16_V=0 Knb=[36,288,72,73728] Vnb=[24,768,192,196608] Keff_nb=[2,2048,512,524288] Veff_nb=[24,768,192,196608]
CUDA_FA_ROUTE_ALLOC kernel=VEC need_f16_K=0 need_f16_V=0 workspace_end_offset=16384 dst_data=(nil) f16_K=(nil) f16_V=(nil) f16_end=0x4000
CUDA_FA_ROUTE_PLAN device=0 Q=[256,1,16,1] Kraw=turbo2_tcq Vraw=q5_1 Kshape=[256,256,4,1] Vshape=[256,256,4,1] Keff=f16 Veff=q5_1 turbo_kv=1 prefer_native_vec=0 decode=1 dk=1 dv=0 unsafe_vec_after_turbo_v_decode=0 allow_vec=1 kernel=VEC need_f16_K=0 need_f16_V=0 Knb=[36,288,72,73728] Vnb=[24,768,192,196608] Keff_nb=[2,2048,512,524288] Veff_nb=[24,768,192,196608]
CUDA_FA_ROUTE_ALLOC kernel=VEC need_f16_K=0 need_f16_V=0 workspace_end_offset=16384 dst_data=(nil) f16_K=(nil) f16_V=(nil) f16_end=0x4000
CUDA_FA_ROUTE_PLAN device=0 Q=[256,1,16,1] Kraw=turbo2_tcq Vraw=q5_1 Kshape=[256,256,4,1] Vshape=[256,256,4,1] Keff=f16 Veff=q5_1 turbo_kv=1 prefer_native_vec=0 decode=1 dk=1 dv=0 unsafe_vec_after_turbo_v_decode=0 allow_vec=1 kernel=VEC need_f16_K=0 need_f16_V=0 Knb=[36,288,72,73728] Vnb=[24,768,192,196608] Keff_nb=[2,2048,512,524288] Veff_nb=[24,768,192,196608]
CUDA_FA_ROUTE_ALLOC kernel=VEC need_f16_K=0 need_f16_V=0 workspace_end_offset=16384 dst_data=(nil) f16_K=(nil) f16_V=(nil) f16_end=0x4000
CUDA_FA_ROUTE_PLAN device=0 Q=[256,1,16,1] Kraw=turbo2_tcq Vraw=q5_1 Kshape=[256,256,4,1] Vshape=[256,256,4,1] Keff=f16 Veff=q5_1 turbo_kv=1 prefer_native_vec=0 decode=1 dk=1 dv=0 unsafe_vec_after_turbo_v_decode=0 allow_vec=1 kernel=VEC need_f16_K=0 need_f16_V=0 Knb=[36,288,72,73728] Vnb=[24,768,192,196608] Keff_nb=[2,2048,512,524288] Veff_nb=[24,768,192,196608]
CUDA_FA_ROUTE_ALLOC kernel=VEC need_f16_K=0 need_f16_V=0 workspace_end_offset=16384 dst_data=(nil) f16_K=(nil) f16_V=(nil) f16_end=0x4000
CUDA_FA_ROUTE_PLAN device=0 Q=[256,1,16,1] Kraw=turbo2_tcq Vraw=q5_1 Kshape=[256,256,4,1] Vshape=[256,256,4,1] Keff=f16 Veff=q5_1 turbo_kv=1 prefer_native_vec=0 decode=1 dk=1 dv=0 unsafe_vec_after_turbo_v_decode=0 allow_vec=1 kernel=VEC need_f16_K=0 need_f16_V=0 Knb=[36,288,72,73728] Vnb=[24,768,192,196608] Keff_nb=[2,2048,512,524288] Veff_nb=[24,768,192,196608]
CUDA_FA_ROUTE_ALLOC kernel=VEC need_f16_K=0 need_f16_V=0 workspace_end_offset=16384 dst_data=(nil) f16_K=(nil) f16_V=(nil) f16_end=0x4000
CUDA_FA_ROUTE_PLAN device=0 Q=[256,1,16,1] Kraw=turbo2_tcq Vraw=q5_1 Kshape=[256,256,4,1] Vshape=[256,256,4,1] Keff=f16 Veff=q5_1 turbo_kv=1 prefer_native_vec=0 decode=1 dk=1 dv=0 unsafe_vec_after_turbo_v_decode=0 allow_vec=1 kernel=VEC need_f16_K=0 need_f16_V=0 Knb=[36,288,72,73728] Vnb=[24,768,192,196608] Keff_nb=[2,2048,512,524288] Veff_nb=[24,768,192,196608]
CUDA_FA_ROUTE_ALLOC kernel=VEC need_f16_K=0 need_f16_V=0 workspace_end_offset=16384 dst_data=(nil) f16_K=(nil) f16_V=(nil) f16_end=0x4000
CUDA_FA_ROUTE_PLAN device=0 Q=[256,1,16,1] Kraw=turbo2_tcq Vraw=q5_1 Kshape=[256,256,4,1] Vshape=[256,256,4,1] Keff=f16 Veff=q5_1 turbo_kv=1 prefer_native_vec=0 decode=1 dk=1 dv=0 unsafe_vec_after_turbo_v_decode=0 allow_vec=1 kernel=VEC need_f16_K=0 need_f16_V=0 Knb=[36,288,72,73728] Vnb=[24,768,192,196608] Keff_nb=[2,2048,512,524288] Veff_nb=[24,768,192,196608]
CUDA_FA_ROUTE_ALLOC kernel=VEC need_f16_K=0 need_f16_V=0 workspace_end_offset=16384 dst_data=(nil) f16_K=(nil) f16_V=(nil) f16_end=0x4000
CUDA_FA_ROUTE_PLAN device=0 Q=[256,1,16,1] Kraw=turbo2_tcq Vraw=q5_1 Kshape=[256,256,4,1] Vshape=[256,256,4,1] Keff=f16 Veff=q5_1 turbo_kv=1 prefer_native_vec=0 decode=1 dk=1 dv=0 unsafe_vec_after_turbo_v_decode=0 allow_vec=1 kernel=VEC need_f16_K=0 need_f16_V=0 Knb=[36,288,72,73728] Vnb=[24,768,192,196608] Keff_nb=[2,2048,512,524288] Veff_nb=[24,768,192,196608]
CUDA_FA_ROUTE_ALLOC kernel=VEC need_f16_K=0 need_f16_V=0 workspace_end_offset=16384 dst_data=(nil) f16_K=(nil) f16_V=(nil) f16_end=0x4000
CUDA_FA_ROUTE_PLAN device=0 Q=[256,1,16,1] Kraw=turbo2_tcq Vraw=q5_1 Kshape=[256,256,4,1] Vshape=[256,256,4,1] Keff=f16 Veff=q5_1 turbo_kv=1 prefer_native_vec=0 decode=1 dk=1 dv=0 unsafe_vec_after_turbo_v_decode=0 allow_vec=1 kernel=VEC need_f16_K=0 need_f16_V=0 Knb=[36,288,72,73728] Vnb=[24,768,192,196608] Keff_nb=[2,2048,512,524288] Veff_nb=[24,768,192,196608]
CUDA_FA_ROUTE_ALLOC kernel=VEC need_f16_K=0 need_f16_V=0 workspace_end_offset=16384 dst_data=(nil) f16_K=(nil) f16_V=(nil) f16_end=0x4000
CUDA_FA_ROUTE_PLAN device=0 Q=[256,1,16,1] Kraw=turbo2_tcq Vraw=q5_1 Kshape=[256,256,4,1] Vshape=[256,256,4,1] Keff=f16 Veff=q5_1 turbo_kv=1 prefer_native_vec=0 decode=1 dk=1 dv=0 unsafe_vec_after_turbo_v_decode=0 allow_vec=1 kernel=VEC need_f16_K=0 need_f16_V=0 Knb=[36,288,72,73728] Vnb=[24,768,192,196608] Keff_nb=[2,2048,512,524288] Veff_nb=[24,768,192,196608]
CUDA_FA_ROUTE_ALLOC kernel=VEC need_f16_K=0 need_f16_V=0 workspace_end_offset=16384 dst_data=(nil) f16_K=(nil) f16_V=(nil) f16_end=0x4000
CUDA_FA_ROUTE_PLAN device=0 Q=[256,1,16,1] Kraw=turbo2_tcq Vraw=q5_1 Kshape=[256,256,4,1] Vshape=[256,256,4,1] Keff=f16 Veff=q5_1 turbo_kv=1 prefer_native_vec=0 decode=1 dk=1 dv=0 unsafe_vec_after_turbo_v_decode=0 allow_vec=1 kernel=VEC need_f16_K=0 need_f16_V=0 Knb=[36,288,72,73728] Vnb=[24,768,192,196608] Keff_nb=[2,2048,512,524288] Veff_nb=[24,768,192,196608]
CUDA_FA_ROUTE_ALLOC kernel=VEC need_f16_K=0 need_f16_V=0 workspace_end_offset=16384 dst_data=(nil) f16_K=(nil) f16_V=(nil) f16_end=0x4000
CUDA_FA_ROUTE_PLAN device=0 Q=[256,1,16,1] Kraw=turbo2_tcq Vraw=q5_1 Kshape=[256,256,4,1] Vshape=[256,256,4,1] Keff=f16 Veff=q5_1 turbo_kv=1 prefer_native_vec=0 decode=1 dk=1 dv=0 unsafe_vec_after_turbo_v_decode=0 allow_vec=1 kernel=VEC need_f16_K=0 need_f16_V=0 Knb=[36,288,72,73728] Vnb=[24,768,192,196608] Keff_nb=[2,2048,512,524288] Veff_nb=[24,768,192,196608]
CUDA_FA_ROUTE_ALLOC kernel=VEC need_f16_K=0 need_f16_V=0 workspace_end_offset=16384 dst_data=(nil) f16_K=(nil) f16_V=(nil) f16_end=0x4000
CUDA_FA_ROUTE_PLAN device=0 Q=[256,1,16,1] Kraw=turbo2_tcq Vraw=q5_1 Kshape=[256,256,4,1] Vshape=[256,256,4,1] Keff=f16 Veff=q5_1 turbo_kv=1 prefer_native_vec=0 decode=1 dk=1 dv=0 unsafe_vec_after_turbo_v_decode=0 allow_vec=1 kernel=VEC need_f16_K=0 need_f16_V=0 Knb=[36,288,72,73728] Vnb=[24,768,192,196608] Keff_nb=[2,2048,512,524288] Veff_nb=[24,768,192,196608]
CUDA_FA_ROUTE_ALLOC kernel=VEC need_f16_K=0 need_f16_V=0 workspace_end_offset=16384 dst_data=(nil) f16_K=(nil) f16_V=(nil) f16_end=0x4000
CUDA_FA_ROUTE_PLAN device=0 Q=[256,1,16,1] Kraw=turbo2_tcq Vraw=q5_1 Kshape=[256,256,4,1] Vshape=[256,256,4,1] Keff=f16 Veff=q5_1 turbo_kv=1 prefer_native_vec=0 decode=1 dk=1 dv=0 unsafe_vec_after_turbo_v_decode=0 allow_vec=1 kernel=VEC need_f16_K=0 need_f16_V=0 Knb=[36,288,72,73728] Vnb=[24,768,192,196608] Keff_nb=[2,2048,512,524288] Veff_nb=[24,768,192,196608]
CUDA_FA_ROUTE_ALLOC kernel=VEC need_f16_K=0 need_f16_V=0 workspace_end_offset=16384 dst_data=(nil) f16_K=(nil) f16_V=(nil) f16_end=0x4000
CUDA_FA_ROUTE_PLAN device=0 Q=[256,1,16,1] Kraw=turbo2_tcq Vraw=q5_1 Kshape=[256,256,4,1] Vshape=[256,256,4,1] Keff=f16 Veff=q5_1 turbo_kv=1 prefer_native_vec=0 decode=1 dk=1 dv=0 unsafe_vec_after_turbo_v_decode=0 allow_vec=1 kernel=VEC need_f16_K=0 need_f16_V=0 Knb=[36,288,72,73728] Vnb=[24,768,192,196608] Keff_nb=[2,2048,512,524288] Veff_nb=[24,768,192,196608]
CUDA_FA_ROUTE_ALLOC kernel=VEC need_f16_K=0 need_f16_V=0 workspace_end_offset=16384 dst_data=(nil) f16_K=(nil) f16_V=(nil) f16_end=0x4000
CUDA_FA_ROUTE_PLAN device=0 Q=[256,1,16,1] Kraw=turbo2_tcq Vraw=q5_1 Kshape=[256,256,4,1] Vshape=[256,256,4,1] Keff=f16 Veff=q5_1 turbo_kv=1 prefer_native_vec=0 decode=1 dk=1 dv=0 unsafe_vec_after_turbo_v_decode=0 allow_vec=1 kernel=VEC need_f16_K=0 need_f16_V=0 Knb=[36,288,72,73728] Vnb=[24,768,192,196608] Keff_nb=[2,2048,512,524288] Veff_nb=[24,768,192,196608]
CUDA_FA_ROUTE_ALLOC kernel=VEC need_f16_K=0 need_f16_V=0 workspace_end_offset=16384 dst_data=(nil) f16_K=(nil) f16_V=(nil) f16_end=0x4000
CUDA_FA_ROUTE_PLAN device=0 Q=[256,1,16,1] Kraw=turbo2_tcq Vraw=q5_1 Kshape=[256,256,4,1] Vshape=[256,256,4,1] Keff=f16 Veff=q5_1 turbo_kv=1 prefer_native_vec=0 decode=1 dk=1 dv=0 unsafe_vec_after_turbo_v_decode=0 allow_vec=1 kernel=VEC need_f16_K=0 need_f16_V=0 Knb=[36,288,72,73728] Vnb=[24,768,192,196608] Keff_nb=[2,2048,512,524288] Veff_nb=[24,768,192,196608]
CUDA_FA_ROUTE_ALLOC kernel=VEC need_f16_K=0 need_f16_V=0 workspace_end_offset=16384 dst_data=(nil) f16_K=(nil) f16_V=(nil) f16_end=0x4000
CUDA_FA_ROUTE_PLAN device=0 Q=[256,1,16,1] Kraw=turbo2_tcq Vraw=q5_1 Kshape=[256,256,4,1] Vshape=[256,256,4,1] Keff=f16 Veff=q5_1 turbo_kv=1 prefer_native_vec=0 decode=1 dk=1 dv=0 unsafe_vec_after_turbo_v_decode=0 allow_vec=1 kernel=VEC need_f16_K=0 need_f16_V=0 Knb=[36,288,72,73728] Vnb=[24,768,192,196608] Keff_nb=[2,2048,512,524288] Veff_nb=[24,768,192,196608]
CUDA_FA_ROUTE_ALLOC kernel=VEC need_f16_K=0 need_f16_V=0 workspace_end_offset=16384 dst_data=(nil) f16_K=(nil) f16_V=(nil) f16_end=0x4000
CUDA_FA_ROUTE_PLAN device=0 Q=[256,1,16,1] Kraw=turbo2_tcq Vraw=q5_1 Kshape=[256,256,4,1] Vshape=[256,256,4,1] Keff=f16 Veff=q5_1 turbo_kv=1 prefer_native_vec=0 decode=1 dk=1 dv=0 unsafe_vec_after_turbo_v_decode=0 allow_vec=1 kernel=VEC need_f16_K=0 need_f16_V=0 Knb=[36,288,72,73728] Vnb=[24,768,192,196608] Keff_nb=[2,2048,512,524288] Veff_nb=[24,768,192,196608]
CUDA_FA_ROUTE_ALLOC kernel=VEC need_f16_K=0 need_f16_V=0 workspace_end_offset=16384 dst_data=(nil) f16_K=(nil) f16_V=(nil) f16_end=0x4000
CUDA_FA_ROUTE_PLAN device=0 Q=[256,1,16,1] Kraw=turbo2_tcq Vraw=q5_1 Kshape=[256,256,4,1] Vshape=[256,256,4,1] Keff=f16 Veff=q5_1 turbo_kv=1 prefer_native_vec=0 decode=1 dk=1 dv=0 unsafe_vec_after_turbo_v_decode=0 allow_vec=1 kernel=VEC need_f16_K=0 need_f16_V=0 Knb=[36,288,72,73728] Vnb=[24,768,192,196608] Keff_nb=[2,2048,512,524288] Veff_nb=[24,768,192,196608]
CUDA_FA_ROUTE_ALLOC kernel=VEC need_f16_K=0 need_f16_V=0 workspace_end_offset=16384 dst_data=(nil) f16_K=(nil) f16_V=(nil) f16_end=0x4000
CUDA_FA_ROUTE_PLAN device=0 Q=[256,1,16,1] Kraw=turbo2_tcq Vraw=q5_1 Kshape=[256,256,4,1] Vshape=[256,256,4,1] Keff=f16 Veff=q5_1 turbo_kv=1 prefer_native_vec=0 decode=1 dk=1 dv=0 unsafe_vec_after_turbo_v_decode=0 allow_vec=1 kernel=VEC need_f16_K=0 need_f16_V=0 Knb=[36,288,72,73728] Vnb=[24,768,192,196608] Keff_nb=[2,2048,512,524288] Veff_nb=[24,768,192,196608]
CUDA_FA_ROUTE_ALLOC kernel=VEC need_f16_K=0 need_f16_V=0 workspace_end_offset=16384 dst_data=(nil) f16_K=(nil) f16_V=(nil) f16_end=0x4000
CUDA_FA_ROUTE_PLAN device=0 Q=[256,1,16,1] Kraw=turbo2_tcq Vraw=q5_1 Kshape=[256,256,4,1] Vshape=[256,256,4,1] Keff=f16 Veff=q5_1 turbo_kv=1 prefer_native_vec=0 decode=1 dk=1 dv=0 unsafe_vec_after_turbo_v_decode=0 allow_vec=1 kernel=VEC need_f16_K=0 need_f16_V=0 Knb=[36,288,72,73728] Vnb=[24,768,192,196608] Keff_nb=[2,2048,512,524288] Veff_nb=[24,768,192,196608]
CUDA_FA_ROUTE_ALLOC kernel=VEC need_f16_K=0 need_f16_V=0 workspace_end_offset=16384 dst_data=(nil) f16_K=(nil) f16_V=(nil) f16_end=0x4000
CUDA_FA_ROUTE_PLAN device=0 Q=[256,1,16,1] Kraw=turbo2_tcq Vraw=q5_1 Kshape=[256,256,4,1] Vshape=[256,256,4,1] Keff=f16 Veff=q5_1 turbo_kv=1 prefer_native_vec=0 decode=1 dk=1 dv=0 unsafe_vec_after_turbo_v_decode=0 allow_vec=1 kernel=VEC need_f16_K=0 need_f16_V=0 Knb=[36,288,72,73728] Vnb=[24,768,192,196608] Keff_nb=[2,2048,512,524288] Veff_nb=[24,768,192,196608]
CUDA_FA_ROUTE_ALLOC kernel=VEC need_f16_K=0 need_f16_V=0 workspace_end_offset=16384 dst_data=(nil) f16_K=(nil) f16_V=(nil) f16_end=0x4000
CUDA_FA_ROUTE_PLAN device=0 Q=[256,1,16,1] Kraw=turbo2_tcq Vraw=q5_1 Kshape=[256,256,4,1] Vshape=[256,256,4,1] Keff=f16 Veff=q5_1 turbo_kv=1 prefer_native_vec=0 decode=1 dk=1 dv=0 unsafe_vec_after_turbo_v_decode=0 allow_vec=1 kernel=VEC need_f16_K=0 need_f16_V=0 Knb=[36,288,72,73728] Vnb=[24,768,192,196608] Keff_nb=[2,2048,512,524288] Veff_nb=[24,768,192,196608]
CUDA_FA_ROUTE_ALLOC kernel=VEC need_f16_K=0 need_f16_V=0 workspace_end_offset=16384 dst_data=(nil) f16_K=(nil) f16_V=(nil) f16_end=0x4000
CUDA_FA_ROUTE_PLAN device=0 Q=[256,1,16,1] Kraw=turbo2_tcq Vraw=q5_1 Kshape=[256,256,4,1] Vshape=[256,256,4,1] Keff=f16 Veff=q5_1 turbo_kv=1 prefer_native_vec=0 decode=1 dk=1 dv=0 unsafe_vec_after_turbo_v_decode=0 allow_vec=1 kernel=VEC need_f16_K=0 need_f16_V=0 Knb=[36,288,72,73728] Vnb=[24,768,192,196608] Keff_nb=[2,2048,512,524288] Veff_nb=[24,768,192,196608]
CUDA_FA_ROUTE_ALLOC kernel=VEC need_f16_K=0 need_f16_V=0 workspace_end_offset=16384 dst_data=(nil) f16_K=(nil) f16_V=(nil) f16_end=0x4000
CUDA_FA_ROUTE_PLAN device=0 Q=[256,1,16,1] Kraw=turbo2_tcq Vraw=q5_1 Kshape=[256,256,4,1] Vshape=[256,256,4,1] Keff=f16 Veff=q5_1 turbo_kv=1 prefer_native_vec=0 decode=1 dk=1 dv=0 unsafe_vec_after_turbo_v_decode=0 allow_vec=1 kernel=VEC need_f16_K=0 need_f16_V=0 Knb=[36,288,72,73728] Vnb=[24,768,192,196608] Keff_nb=[2,2048,512,524288] Veff_nb=[24,768,192,196608]
CUDA_FA_ROUTE_ALLOC kernel=VEC need_f16_K=0 need_f16_V=0 workspace_end_offset=16384 dst_data=(nil) f16_K=(nil) f16_V=(nil) f16_end=0x4000
CUDA_FA_ROUTE_PLAN device=0 Q=[256,1,16,1] Kraw=turbo2_tcq Vraw=q5_1 Kshape=[256,256,4,1] Vshape=[256,256,4,1] Keff=f16 Veff=q5_1 turbo_kv=1 prefer_native_vec=0 decode=1 dk=1 dv=0 unsafe_vec_after_turbo_v_decode=0 allow_vec=1 kernel=VEC need_f16_K=0 need_f16_V=0 Knb=[36,288,72,73728] Vnb=[24,768,192,196608] Keff_nb=[2,2048,512,524288] Veff_nb=[24,768,192,196608]
CUDA_FA_ROUTE_ALLOC kernel=VEC need_f16_K=0 need_f16_V=0 workspace_end_offset=16384 dst_data=(nil) f16_K=(nil) f16_V=(nil) f16_end=0x4000
CUDA_FA_ROUTE_PLAN device=0 Q=[256,256,16,1] Kraw=turbo2_tcq Vraw=q5_1 Kshape=[256,256,4,1] Vshape=[256,256,4,1] Keff=f16 Veff=q5_1 turbo_kv=1 prefer_native_vec=0 decode=1 dk=1 dv=0 unsafe_vec_after_turbo_v_decode=0 allow_vec=1 kernel=MMA_F16 need_f16_K=0 need_f16_V=1 Knb=[36,288,72,73728] Vnb=[24,768,192,196608] Keff_nb=[2,2048,512,524288] Veff_nb=[24,768,192,196608]
CUDA_FA_ROUTE_SUPPORTED kernel=MMA_F16 effK=f16 effV=q5_1 supported=1
CUDA_FA_ROUTE_PLAN device=0 Q=[256,256,16,1] Kraw=turbo2_tcq Vraw=q5_1 Kshape=[256,256,4,1] Vshape=[256,256,4,1] Keff=f16 Veff=q5_1 turbo_kv=1 prefer_native_vec=0 decode=1 dk=1 dv=0 unsafe_vec_after_turbo_v_decode=0 allow_vec=1 kernel=MMA_F16 need_f16_K=0 need_f16_V=1 Knb=[36,288,72,73728] Vnb=[24,768,192,196608] Keff_nb=[2,2048,512,524288] Veff_nb=[24,768,192,196608]
CUDA_FA_ROUTE_SUPPORTED kernel=MMA_F16 effK=f16 effV=q5_1 supported=1
CUDA_FA_ROUTE_PLAN device=0 Q=[256,256,16,1] Kraw=turbo2_tcq Vraw=q5_1 Kshape=[256,256,4,1] Vshape=[256,256,4,1] Keff=f16 Veff=q5_1 turbo_kv=1 prefer_native_vec=0 decode=1 dk=1 dv=0 unsafe_vec_after_turbo_v_decode=0 allow_vec=1 kernel=MMA_F16 need_f16_K=0 need_f16_V=1 Knb=[36,288,72,73728] Vnb=[24,768,192,196608] Keff_nb=[2,2048,512,524288] Veff_nb=[24,768,192,196608]
CUDA_FA_ROUTE_SUPPORTED kernel=MMA_F16 effK=f16 effV=q5_1 supported=1
CUDA_FA_ROUTE_PLAN device=0 Q=[256,256,16,1] Kraw=turbo2_tcq Vraw=q5_1 Kshape=[256,256,4,1] Vshape=[256,256,4,1] Keff=f16 Veff=q5_1 turbo_kv=1 prefer_native_vec=0 decode=1 dk=1 dv=0 unsafe_vec_after_turbo_v_decode=0 allow_vec=1 kernel=MMA_F16 need_f16_K=0 need_f16_V=1 Knb=[36,288,72,73728] Vnb=[24,768,192,196608] Keff_nb=[2,2048,512,524288] Veff_nb=[24,768,192,196608]
CUDA_FA_ROUTE_SUPPORTED kernel=MMA_F16 effK=f16 effV=q5_1 supported=1
CUDA_FA_ROUTE_PLAN device=0 Q=[256,256,16,1] Kraw=turbo2_tcq Vraw=q5_1 Kshape=[256,256,4,1] Vshape=[256,256,4,1] Keff=f16 Veff=q5_1 turbo_kv=1 prefer_native_vec=0 decode=1 dk=1 dv=0 unsafe_vec_after_turbo_v_decode=0 allow_vec=1 kernel=MMA_F16 need_f16_K=0 need_f16_V=1 Knb=[36,288,72,73728] Vnb=[24,768,192,196608] Keff_nb=[2,2048,512,524288] Veff_nb=[24,768,192,196608]
CUDA_FA_ROUTE_SUPPORTED kernel=MMA_F16 effK=f16 effV=q5_1 supported=1
CUDA_FA_ROUTE_PLAN device=0 Q=[256,256,16,1] Kraw=turbo2_tcq Vraw=q5_1 Kshape=[256,256,4,1] Vshape=[256,256,4,1] Keff=f16 Veff=q5_1 turbo_kv=1 prefer_native_vec=0 decode=1 dk=1 dv=0 unsafe_vec_after_turbo_v_decode=0 allow_vec=1 kernel=MMA_F16 need_f16_K=0 need_f16_V=1 Knb=[36,288,72,73728] Vnb=[24,768,192,196608] Keff_nb=[2,2048,512,524288] Veff_nb=[24,768,192,196608]
CUDA_FA_ROUTE_SUPPORTED kernel=MMA_F16 effK=f16 effV=q5_1 supported=1
CUDA_FA_ROUTE_PLAN device=0 Q=[256,256,16,1] Kraw=turbo2_tcq Vraw=q5_1 Kshape=[256,256,4,1] Vshape=[256,256,4,1] Keff=f16 Veff=q5_1 turbo_kv=1 prefer_native_vec=0 decode=1 dk=1 dv=0 unsafe_vec_after_turbo_v_decode=0 allow_vec=1 kernel=MMA_F16 need_f16_K=0 need_f16_V=1 Knb=[36,288,72,73728] Vnb=[24,768,192,196608] Keff_nb=[2,2048,512,524288] Veff_nb=[24,768,192,196608]
CUDA_FA_ROUTE_SUPPORTED kernel=MMA_F16 effK=f16 effV=q5_1 supported=1
CUDA_FA_ROUTE_PLAN device=0 Q=[256,256,16,1] Kraw=turbo2_tcq Vraw=q5_1 Kshape=[256,256,4,1] Vshape=[256,256,4,1] Keff=f16 Veff=q5_1 turbo_kv=1 prefer_native_vec=0 decode=1 dk=1 dv=0 unsafe_vec_after_turbo_v_decode=0 allow_vec=1 kernel=MMA_F16 need_f16_K=0 need_f16_V=1 Knb=[36,288,72,73728] Vnb=[24,768,192,196608] Keff_nb=[2,2048,512,524288] Veff_nb=[24,768,192,196608]
CUDA_FA_ROUTE_SUPPORTED kernel=MMA_F16 effK=f16 effV=q5_1 supported=1
CUDA_FA_ROUTE_PLAN device=0 Q=[256,256,16,1] Kraw=turbo2_tcq Vraw=q5_1 Kshape=[256,256,4,1] Vshape=[256,256,4,1] Keff=f16 Veff=q5_1 turbo_kv=1 prefer_native_vec=0 decode=1 dk=1 dv=0 unsafe_vec_after_turbo_v_decode=0 allow_vec=1 kernel=MMA_F16 need_f16_K=0 need_f16_V=1 Knb=[36,288,72,73728] Vnb=[24,768,192,196608] Keff_nb=[2,2048,512,524288] Veff_nb=[24,768,192,196608]
CUDA_FA_ROUTE_ALLOC kernel=MMA_F16 need_f16_K=0 need_f16_V=1 workspace_end_offset=4718592 dst_data=(nil) f16_K=(nil) f16_V=0x400000 f16_end=0x480000
CUDA_FA_ROUTE_PLAN device=0 Q=[256,256,16,1] Kraw=turbo2_tcq Vraw=q5_1 Kshape=[256,256,4,1] Vshape=[256,256,4,1] Keff=f16 Veff=q5_1 turbo_kv=1 prefer_native_vec=0 decode=1 dk=1 dv=0 unsafe_vec_after_turbo_v_decode=0 allow_vec=1 kernel=MMA_F16 need_f16_K=0 need_f16_V=1 Knb=[36,288,72,73728] Vnb=[24,768,192,196608] Keff_nb=[2,2048,512,524288] Veff_nb=[24,768,192,196608]
CUDA_FA_ROUTE_ALLOC kernel=MMA_F16 need_f16_K=0 need_f16_V=1 workspace_end_offset=4718592 dst_data=(nil) f16_K=(nil) f16_V=0x400000 f16_end=0x480000
CUDA_FA_ROUTE_PLAN device=0 Q=[256,256,16,1] Kraw=turbo2_tcq Vraw=q5_1 Kshape=[256,256,4,1] Vshape=[256,256,4,1] Keff=f16 Veff=q5_1 turbo_kv=1 prefer_native_vec=0 decode=1 dk=1 dv=0 unsafe_vec_after_turbo_v_decode=0 allow_vec=1 kernel=MMA_F16 need_f16_K=0 need_f16_V=1 Knb=[36,288,72,73728] Vnb=[24,768,192,196608] Keff_nb=[2,2048,512,524288] Veff_nb=[24,768,192,196608]
CUDA_FA_ROUTE_ALLOC kernel=MMA_F16 need_f16_K=0 need_f16_V=1 workspace_end_offset=4718592 dst_data=(nil) f16_K=(nil) f16_V=0x400000 f16_end=0x480000
CUDA_FA_ROUTE_PLAN device=0 Q=[256,256,16,1] Kraw=turbo2_tcq Vraw=q5_1 Kshape=[256,256,4,1] Vshape=[256,256,4,1] Keff=f16 Veff=q5_1 turbo_kv=1 prefer_native_vec=0 decode=1 dk=1 dv=0 unsafe_vec_after_turbo_v_decode=0 allow_vec=1 kernel=MMA_F16 need_f16_K=0 need_f16_V=1 Knb=[36,288,72,73728] Vnb=[24,768,192,196608] Keff_nb=[2,2048,512,524288] Veff_nb=[24,768,192,196608]
CUDA_FA_ROUTE_ALLOC kernel=MMA_F16 need_f16_K=0 need_f16_V=1 workspace_end_offset=4718592 dst_data=(nil) f16_K=(nil) f16_V=0x400000 f16_end=0x480000
CUDA_FA_ROUTE_PLAN device=0 Q=[256,256,16,1] Kraw=turbo2_tcq Vraw=q5_1 Kshape=[256,256,4,1] Vshape=[256,256,4,1] Keff=f16 Veff=q5_1 turbo_kv=1 prefer_native_vec=0 decode=1 dk=1 dv=0 unsafe_vec_after_turbo_v_decode=0 allow_vec=1 kernel=MMA_F16 need_f16_K=0 need_f16_V=1 Knb=[36,288,72,73728] Vnb=[24,768,192,196608] Keff_nb=[2,2048,512,524288] Veff_nb=[24,768,192,196608]
CUDA_FA_ROUTE_ALLOC kernel=MMA_F16 need_f16_K=0 need_f16_V=1 workspace_end_offset=4718592 dst_data=(nil) f16_K=(nil) f16_V=0x400000 f16_end=0x480000
CUDA_FA_ROUTE_PLAN device=0 Q=[256,256,16,1] Kraw=turbo2_tcq Vraw=q5_1 Kshape=[256,256,4,1] Vshape=[256,256,4,1] Keff=f16 Veff=q5_1 turbo_kv=1 prefer_native_vec=0 decode=1 dk=1 dv=0 unsafe_vec_after_turbo_v_decode=0 allow_vec=1 kernel=MMA_F16 need_f16_K=0 need_f16_V=1 Knb=[36,288,72,73728] Vnb=[24,768,192,196608] Keff_nb=[2,2048,512,524288] Veff_nb=[24,768,192,196608]
CUDA_FA_ROUTE_ALLOC kernel=MMA_F16 need_f16_K=0 need_f16_V=1 workspace_end_offset=4718592 dst_data=(nil) f16_K=(nil) f16_V=0x400000 f16_end=0x480000
CUDA_FA_ROUTE_PLAN device=0 Q=[256,256,16,1] Kraw=turbo2_tcq Vraw=q5_1 Kshape=[256,256,4,1] Vshape=[256,256,4,1] Keff=f16 Veff=q5_1 turbo_kv=1 prefer_native_vec=0 decode=1 dk=1 dv=0 unsafe_vec_after_turbo_v_decode=0 allow_vec=1 kernel=MMA_F16 need_f16_K=0 need_f16_V=1 Knb=[36,288,72,73728] Vnb=[24,768,192,196608] Keff_nb=[2,2048,512,524288] Veff_nb=[24,768,192,196608]
CUDA_FA_ROUTE_ALLOC kernel=MMA_F16 need_f16_K=0 need_f16_V=1 workspace_end_offset=4718592 dst_data=(nil) f16_K=(nil) f16_V=0x400000 f16_end=0x480000
CUDA_FA_ROUTE_PLAN device=0 Q=[256,256,16,1] Kraw=turbo2_tcq Vraw=q5_1 Kshape=[256,256,4,1] Vshape=[256,256,4,1] Keff=f16 Veff=q5_1 turbo_kv=1 prefer_native_vec=0 decode=1 dk=1 dv=0 unsafe_vec_after_turbo_v_decode=0 allow_vec=1 kernel=MMA_F16 need_f16_K=0 need_f16_V=1 Knb=[36,288,72,73728] Vnb=[24,768,192,196608] Keff_nb=[2,2048,512,524288] Veff_nb=[24,768,192,196608]
CUDA_FA_ROUTE_ALLOC kernel=MMA_F16 need_f16_K=0 need_f16_V=1 workspace_end_offset=4718592 dst_data=(nil) f16_K=(nil) f16_V=0x400000 f16_end=0x480000
CUDA_FA_ROUTE_PLAN device=0 Q=[256,256,16,1] Kraw=turbo2_tcq Vraw=q5_1 Kshape=[256,256,4,1] Vshape=[256,256,4,1] Keff=f16 Veff=q5_1 turbo_kv=1 prefer_native_vec=0 decode=1 dk=1 dv=0 unsafe_vec_after_turbo_v_decode=0 allow_vec=1 kernel=MMA_F16 need_f16_K=0 need_f16_V=1 Knb=[36,288,72,73728] Vnb=[24,768,192,196608] Keff_nb=[2,2048,512,524288] Veff_nb=[24,768,192,196608]
CUDA_FA_ROUTE_ALLOC kernel=MMA_F16 need_f16_K=0 need_f16_V=1 workspace_end_offset=4718592 dst_data=(nil) f16_K=(nil) f16_V=0x400000 f16_end=0x480000
CUDA_FA_ROUTE_PLAN device=0 Q=[256,256,16,1] Kraw=turbo2_tcq Vraw=q5_1 Kshape=[256,256,4,1] Vshape=[256,256,4,1] Keff=f16 Veff=q5_1 turbo_kv=1 prefer_native_vec=0 decode=1 dk=1 dv=0 unsafe_vec_after_turbo_v_decode=0 allow_vec=1 kernel=MMA_F16 need_f16_K=0 need_f16_V=1 Knb=[36,288,72,73728] Vnb=[24,768,192,196608] Keff_nb=[2,2048,512,524288] Veff_nb=[24,768,192,196608]
CUDA_FA_ROUTE_ALLOC kernel=MMA_F16 need_f16_K=0 need_f16_V=1 workspace_end_offset=4718592 dst_data=(nil) f16_K=(nil) f16_V=0x400000 f16_end=0x480000
CUDA_FA_ROUTE_PLAN device=0 Q=[256,256,16,1] Kraw=turbo2_tcq Vraw=q5_1 Kshape=[256,256,4,1] Vshape=[256,256,4,1] Keff=f16 Veff=q5_1 turbo_kv=1 prefer_native_vec=0 decode=1 dk=1 dv=0 unsafe_vec_after_turbo_v_decode=0 allow_vec=1 kernel=MMA_F16 need_f16_K=0 need_f16_V=1 Knb=[36,288,72,73728] Vnb=[24,768,192,196608] Keff_nb=[2,2048,512,524288] Veff_nb=[24,768,192,196608]
CUDA_FA_ROUTE_ALLOC kernel=MMA_F16 need_f16_K=0 need_f16_V=1 workspace_end_offset=4718592 dst_data=(nil) f16_K=(nil) f16_V=0x400000 f16_end=0x480000
CUDA_FA_ROUTE_PLAN device=0 Q=[256,256,16,1] Kraw=turbo2_tcq Vraw=q5_1 Kshape=[256,256,4,1] Vshape=[256,256,4,1] Keff=f16 Veff=q5_1 turbo_kv=1 prefer_native_vec=0 decode=1 dk=1 dv=0 unsafe_vec_after_turbo_v_decode=0 allow_vec=1 kernel=MMA_F16 need_f16_K=0 need_f16_V=1 Knb=[36,288,72,73728] Vnb=[24,768,192,196608] Keff_nb=[2,2048,512,524288] Veff_nb=[24,768,192,196608]
CUDA_FA_ROUTE_ALLOC kernel=MMA_F16 need_f16_K=0 need_f16_V=1 workspace_end_offset=4718592 dst_data=(nil) f16_K=(nil) f16_V=0x400000 f16_end=0x480000
CUDA_FA_ROUTE_PLAN device=0 Q=[256,256,16,1] Kraw=turbo2_tcq Vraw=q5_1 Kshape=[256,256,4,1] Vshape=[256,256,4,1] Keff=f16 Veff=q5_1 turbo_kv=1 prefer_native_vec=0 decode=1 dk=1 dv=0 unsafe_vec_after_turbo_v_decode=0 allow_vec=1 kernel=MMA_F16 need_f16_K=0 need_f16_V=1 Knb=[36,288,72,73728] Vnb=[24,768,192,196608] Keff_nb=[2,2048,512,524288] Veff_nb=[24,768,192,196608]
CUDA_FA_ROUTE_ALLOC kernel=MMA_F16 need_f16_K=0 need_f16_V=1 workspace_end_offset=4718592 dst_data=(nil) f16_K=(nil) f16_V=0x400000 f16_end=0x480000
CUDA_FA_ROUTE_PLAN device=0 Q=[256,256,16,1] Kraw=turbo2_tcq Vraw=q5_1 Kshape=[256,256,4,1] Vshape=[256,256,4,1] Keff=f16 Veff=q5_1 turbo_kv=1 prefer_native_vec=0 decode=1 dk=1 dv=0 unsafe_vec_after_turbo_v_decode=0 allow_vec=1 kernel=MMA_F16 need_f16_K=0 need_f16_V=1 Knb=[36,288,72,73728] Vnb=[24,768,192,196608] Keff_nb=[2,2048,512,524288] Veff_nb=[24,768,192,196608]
CUDA_FA_ROUTE_ALLOC kernel=MMA_F16 need_f16_K=0 need_f16_V=1 workspace_end_offset=4718592 dst_data=(nil) f16_K=(nil) f16_V=0x400000 f16_end=0x480000
CUDA_FA_ROUTE_PLAN device=0 Q=[256,256,16,1] Kraw=turbo2_tcq Vraw=q5_1 Kshape=[256,256,4,1] Vshape=[256,256,4,1] Keff=f16 Veff=q5_1 turbo_kv=1 prefer_native_vec=0 decode=1 dk=1 dv=0 unsafe_vec_after_turbo_v_decode=0 allow_vec=1 kernel=MMA_F16 need_f16_K=0 need_f16_V=1 Knb=[36,288,72,73728] Vnb=[24,768,192,196608] Keff_nb=[2,2048,512,524288] Veff_nb=[24,768,192,196608]
CUDA_FA_ROUTE_ALLOC kernel=MMA_F16 need_f16_K=0 need_f16_V=1 workspace_end_offset=4718592 dst_data=(nil) f16_K=(nil) f16_V=0x400000 f16_end=0x480000
CUDA_FA_ROUTE_PLAN device=0 Q=[256,256,16,1] Kraw=turbo2_tcq Vraw=q5_1 Kshape=[256,256,4,1] Vshape=[256,256,4,1] Keff=f16 Veff=q5_1 turbo_kv=1 prefer_native_vec=0 decode=1 dk=1 dv=0 unsafe_vec_after_turbo_v_decode=0 allow_vec=1 kernel=MMA_F16 need_f16_K=0 need_f16_V=1 Knb=[36,288,72,73728] Vnb=[24,768,192,196608] Keff_nb=[2,2048,512,524288] Veff_nb=[24,768,192,196608]
CUDA_FA_ROUTE_ALLOC kernel=MMA_F16 need_f16_K=0 need_f16_V=1 workspace_end_offset=4718592 dst_data=(nil) f16_K=(nil) f16_V=0x400000 f16_end=0x480000
CUDA_FA_ROUTE_PLAN device=0 Q=[256,256,16,1] Kraw=turbo2_tcq Vraw=q5_1 Kshape=[256,256,4,1] Vshape=[256,256,4,1] Keff=f16 Veff=q5_1 turbo_kv=1 prefer_native_vec=0 decode=1 dk=1 dv=0 unsafe_vec_after_turbo_v_decode=0 allow_vec=1 kernel=MMA_F16 need_f16_K=0 need_f16_V=1 Knb=[36,288,72,73728] Vnb=[24,768,192,196608] Keff_nb=[2,2048,512,524288] Veff_nb=[24,768,192,196608]
CUDA_FA_ROUTE_ALLOC kernel=MMA_F16 need_f16_K=0 need_f16_V=1 workspace_end_offset=4718592 dst_data=(nil) f16_K=(nil) f16_V=0x400000 f16_end=0x480000
CUDA_FA_ROUTE_PLAN device=0 Q=[256,256,16,1] Kraw=turbo2_tcq Vraw=q5_1 Kshape=[256,256,4,1] Vshape=[256,256,4,1] Keff=f16 Veff=q5_1 turbo_kv=1 prefer_native_vec=0 decode=1 dk=1 dv=0 unsafe_vec_after_turbo_v_decode=0 allow_vec=1 kernel=MMA_F16 need_f16_K=0 need_f16_V=1 Knb=[36,288,72,73728] Vnb=[24,768,192,196608] Keff_nb=[2,2048,512,524288] Veff_nb=[24,768,192,196608]
CUDA_FA_ROUTE_ALLOC kernel=MMA_F16 need_f16_K=0 need_f16_V=1 workspace_end_offset=4718592 dst_data=(nil) f16_K=(nil) f16_V=0x400000 f16_end=0x480000
CUDA_FA_ROUTE_PLAN device=0 Q=[256,256,16,1] Kraw=turbo2_tcq Vraw=q5_1 Kshape=[256,256,4,1] Vshape=[256,256,4,1] Keff=f16 Veff=q5_1 turbo_kv=1 prefer_native_vec=0 decode=1 dk=1 dv=0 unsafe_vec_after_turbo_v_decode=0 allow_vec=1 kernel=MMA_F16 need_f16_K=0 need_f16_V=1 Knb=[36,288,72,73728] Vnb=[24,768,192,196608] Keff_nb=[2,2048,512,524288] Veff_nb=[24,768,192,196608]
CUDA_FA_ROUTE_ALLOC kernel=MMA_F16 need_f16_K=0 need_f16_V=1 workspace_end_offset=4718592 dst_data=(nil) f16_K=(nil) f16_V=0x400000 f16_end=0x480000
CUDA_FA_ROUTE_PLAN device=0 Q=[256,256,16,1] Kraw=turbo2_tcq Vraw=q5_1 Kshape=[256,256,4,1] Vshape=[256,256,4,1] Keff=f16 Veff=q5_1 turbo_kv=1 prefer_native_vec=0 decode=1 dk=1 dv=0 unsafe_vec_after_turbo_v_decode=0 allow_vec=1 kernel=MMA_F16 need_f16_K=0 need_f16_V=1 Knb=[36,288,72,73728] Vnb=[24,768,192,196608] Keff_nb=[2,2048,512,524288] Veff_nb=[24,768,192,196608]
CUDA_FA_ROUTE_ALLOC kernel=MMA_F16 need_f16_K=0 need_f16_V=1 workspace_end_offset=4718592 dst_data=(nil) f16_K=(nil) f16_V=0x400000 f16_end=0x480000
CUDA_FA_ROUTE_PLAN device=0 Q=[256,256,16,1] Kraw=turbo2_tcq Vraw=q5_1 Kshape=[256,256,4,1] Vshape=[256,256,4,1] Keff=f16 Veff=q5_1 turbo_kv=1 prefer_native_vec=0 decode=1 dk=1 dv=0 unsafe_vec_after_turbo_v_decode=0 allow_vec=1 kernel=MMA_F16 need_f16_K=0 need_f16_V=1 Knb=[36,288,72,73728] Vnb=[24,768,192,196608] Keff_nb=[2,2048,512,524288] Veff_nb=[24,768,192,196608]
CUDA_FA_ROUTE_ALLOC kernel=MMA_F16 need_f16_K=0 need_f16_V=1 workspace_end_offset=4718592 dst_data=(nil) f16_K=(nil) f16_V=0x400000 f16_end=0x480000
CUDA_FA_ROUTE_PLAN device=0 Q=[256,256,16,1] Kraw=turbo2_tcq Vraw=q5_1 Kshape=[256,256,4,1] Vshape=[256,256,4,1] Keff=f16 Veff=q5_1 turbo_kv=1 prefer_native_vec=0 decode=1 dk=1 dv=0 unsafe_vec_after_turbo_v_decode=0 allow_vec=1 kernel=MMA_F16 need_f16_K=0 need_f16_V=1 Knb=[36,288,72,73728] Vnb=[24,768,192,196608] Keff_nb=[2,2048,512,524288] Veff_nb=[24,768,192,196608]
CUDA_FA_ROUTE_ALLOC kernel=MMA_F16 need_f16_K=0 need_f16_V=1 workspace_end_offset=4718592 dst_data=(nil) f16_K=(nil) f16_V=0x400000 f16_end=0x480000
CUDA_FA_ROUTE_PLAN device=0 Q=[256,256,16,1] Kraw=turbo2_tcq Vraw=q5_1 Kshape=[256,256,4,1] Vshape=[256,256,4,1] Keff=f16 Veff=q5_1 turbo_kv=1 prefer_native_vec=0 decode=1 dk=1 dv=0 unsafe_vec_after_turbo_v_decode=0 allow_vec=1 kernel=MMA_F16 need_f16_K=0 need_f16_V=1 Knb=[36,288,72,73728] Vnb=[24,768,192,196608] Keff_nb=[2,2048,512,524288] Veff_nb=[24,768,192,196608]
CUDA_FA_ROUTE_ALLOC kernel=MMA_F16 need_f16_K=0 need_f16_V=1 workspace_end_offset=4718592 dst_data=(nil) f16_K=(nil) f16_V=0x400000 f16_end=0x480000
CUDA_FA_ROUTE_PLAN device=0 Q=[256,256,16,1] Kraw=turbo2_tcq Vraw=q5_1 Kshape=[256,256,4,1] Vshape=[256,256,4,1] Keff=f16 Veff=q5_1 turbo_kv=1 prefer_native_vec=0 decode=1 dk=1 dv=0 unsafe_vec_after_turbo_v_decode=0 allow_vec=1 kernel=MMA_F16 need_f16_K=0 need_f16_V=1 Knb=[36,288,72,73728] Vnb=[24,768,192,196608] Keff_nb=[2,2048,512,524288] Veff_nb=[24,768,192,196608]
CUDA_FA_ROUTE_ALLOC kernel=MMA_F16 need_f16_K=0 need_f16_V=1 workspace_end_offset=4718592 dst_data=(nil) f16_K=(nil) f16_V=0x400000 f16_end=0x480000
CUDA_FA_ROUTE_PLAN device=0 Q=[256,256,16,1] Kraw=turbo2_tcq Vraw=q5_1 Kshape=[256,256,4,1] Vshape=[256,256,4,1] Keff=f16 Veff=q5_1 turbo_kv=1 prefer_native_vec=0 decode=1 dk=1 dv=0 unsafe_vec_after_turbo_v_decode=0 allow_vec=1 kernel=MMA_F16 need_f16_K=0 need_f16_V=1 Knb=[36,288,72,73728] Vnb=[24,768,192,196608] Keff_nb=[2,2048,512,524288] Veff_nb=[24,768,192,196608]
CUDA_FA_ROUTE_ALLOC kernel=MMA_F16 need_f16_K=0 need_f16_V=1 workspace_end_offset=4718592 dst_data=(nil) f16_K=(nil) f16_V=0x400000 f16_end=0x480000
CUDA_FA_ROUTE_PLAN device=0 Q=[256,256,16,1] Kraw=turbo2_tcq Vraw=q5_1 Kshape=[256,256,4,1] Vshape=[256,256,4,1] Keff=f16 Veff=q5_1 turbo_kv=1 prefer_native_vec=0 decode=1 dk=1 dv=0 unsafe_vec_after_turbo_v_decode=0 allow_vec=1 kernel=MMA_F16 need_f16_K=0 need_f16_V=1 Knb=[36,288,72,73728] Vnb=[24,768,192,196608] Keff_nb=[2,2048,512,524288] Veff_nb=[24,768,192,196608]
CUDA_FA_ROUTE_ALLOC kernel=MMA_F16 need_f16_K=0 need_f16_V=1 workspace_end_offset=4718592 dst_data=(nil) f16_K=(nil) f16_V=0x400000 f16_end=0x480000
CUDA_FA_ROUTE_PLAN device=0 Q=[256,256,16,1] Kraw=turbo2_tcq Vraw=q5_1 Kshape=[256,256,4,1] Vshape=[256,256,4,1] Keff=f16 Veff=q5_1 turbo_kv=1 prefer_native_vec=0 decode=1 dk=1 dv=0 unsafe_vec_after_turbo_v_decode=0 allow_vec=1 kernel=MMA_F16 need_f16_K=0 need_f16_V=1 Knb=[36,288,72,73728] Vnb=[24,768,192,196608] Keff_nb=[2,2048,512,524288] Veff_nb=[24,768,192,196608]
CUDA_FA_ROUTE_ALLOC kernel=MMA_F16 need_f16_K=0 need_f16_V=1 workspace_end_offset=4718592 dst_data=(nil) f16_K=(nil) f16_V=0x400000 f16_end=0x480000
CUDA_FA_ROUTE_PLAN device=0 Q=[256,256,16,1] Kraw=turbo2_tcq Vraw=q5_1 Kshape=[256,256,4,1] Vshape=[256,256,4,1] Keff=f16 Veff=q5_1 turbo_kv=1 prefer_native_vec=0 decode=1 dk=1 dv=0 unsafe_vec_after_turbo_v_decode=0 allow_vec=1 kernel=MMA_F16 need_f16_K=0 need_f16_V=1 Knb=[36,288,72,73728] Vnb=[24,768,192,196608] Keff_nb=[2,2048,512,524288] Veff_nb=[24,768,192,196608]
CUDA_FA_ROUTE_ALLOC kernel=MMA_F16 need_f16_K=0 need_f16_V=1 workspace_end_offset=4718592 dst_data=(nil) f16_K=(nil) f16_V=0x400000 f16_end=0x480000
CUDA_FA_ROUTE_PLAN device=0 Q=[256,256,16,1] Kraw=turbo2_tcq Vraw=q5_1 Kshape=[256,256,4,1] Vshape=[256,256,4,1] Keff=f16 Veff=q5_1 turbo_kv=1 prefer_native_vec=0 decode=1 dk=1 dv=0 unsafe_vec_after_turbo_v_decode=0 allow_vec=1 kernel=MMA_F16 need_f16_K=0 need_f16_V=1 Knb=[36,288,72,73728] Vnb=[24,768,192,196608] Keff_nb=[2,2048,512,524288] Veff_nb=[24,768,192,196608]
CUDA_FA_ROUTE_ALLOC kernel=MMA_F16 need_f16_K=0 need_f16_V=1 workspace_end_offset=4718592 dst_data=(nil) f16_K=(nil) f16_V=0x400000 f16_end=0x480000
CUDA_FA_ROUTE_PLAN device=0 Q=[256,256,16,1] Kraw=turbo2_tcq Vraw=q5_1 Kshape=[256,256,4,1] Vshape=[256,256,4,1] Keff=f16 Veff=q5_1 turbo_kv=1 prefer_native_vec=0 decode=1 dk=1 dv=0 unsafe_vec_after_turbo_v_decode=0 allow_vec=1 kernel=MMA_F16 need_f16_K=0 need_f16_V=1 Knb=[36,288,72,73728] Vnb=[24,768,192,196608] Keff_nb=[2,2048,512,524288] Veff_nb=[24,768,192,196608]
CUDA_FA_ROUTE_ALLOC kernel=MMA_F16 need_f16_K=0 need_f16_V=1 workspace_end_offset=4718592 dst_data=(nil) f16_K=(nil) f16_V=0x400000 f16_end=0x480000
CUDA_FA_ROUTE_PLAN device=0 Q=[256,256,16,1] Kraw=turbo2_tcq Vraw=q5_1 Kshape=[256,256,4,1] Vshape=[256,256,4,1] Keff=f16 Veff=q5_1 turbo_kv=1 prefer_native_vec=0 decode=1 dk=1 dv=0 unsafe_vec_after_turbo_v_decode=0 allow_vec=1 kernel=MMA_F16 need_f16_K=0 need_f16_V=1 Knb=[36,288,72,73728] Vnb=[24,768,192,196608] Keff_nb=[2,2048,512,524288] Veff_nb=[24,768,192,196608]
CUDA_FA_ROUTE_ALLOC kernel=MMA_F16 need_f16_K=0 need_f16_V=1 workspace_end_offset=4718592 dst_data=(nil) f16_K=(nil) f16_V=0x400000 f16_end=0x480000
CUDA_FA_ROUTE_PLAN device=0 Q=[256,256,16,1] Kraw=turbo2_tcq Vraw=q5_1 Kshape=[256,256,4,1] Vshape=[256,256,4,1] Keff=f16 Veff=q5_1 turbo_kv=1 prefer_native_vec=0 decode=1 dk=1 dv=0 unsafe_vec_after_turbo_v_decode=0 allow_vec=1 kernel=MMA_F16 need_f16_K=0 need_f16_V=1 Knb=[36,288,72,73728] Vnb=[24,768,192,196608] Keff_nb=[2,2048,512,524288] Veff_nb=[24,768,192,196608]
CUDA_FA_ROUTE_ALLOC kernel=MMA_F16 need_f16_K=0 need_f16_V=1 workspace_end_offset=4718592 dst_data=(nil) f16_K=(nil) f16_V=0x400000 f16_end=0x480000
CUDA_FA_ROUTE_PLAN device=0 Q=[256,2,16,1] Kraw=turbo2_tcq Vraw=q5_1 Kshape=[256,256,4,1] Vshape=[256,256,4,1] Keff=f16 Veff=q5_1 turbo_kv=1 prefer_native_vec=0 decode=1 dk=1 dv=0 unsafe_vec_after_turbo_v_decode=0 allow_vec=1 kernel=MMA_F16 need_f16_K=0 need_f16_V=1 Knb=[36,288,72,73728] Vnb=[24,768,192,196608] Keff_nb=[2,2048,512,524288] Veff_nb=[24,768,192,196608]
CUDA_FA_ROUTE_SUPPORTED kernel=MMA_F16 effK=f16 effV=q5_1 supported=1
CUDA_FA_ROUTE_PLAN device=0 Q=[256,2,16,1] Kraw=turbo2_tcq Vraw=q5_1 Kshape=[256,256,4,1] Vshape=[256,256,4,1] Keff=f16 Veff=q5_1 turbo_kv=1 prefer_native_vec=0 decode=1 dk=1 dv=0 unsafe_vec_after_turbo_v_decode=0 allow_vec=1 kernel=MMA_F16 need_f16_K=0 need_f16_V=1 Knb=[36,288,72,73728] Vnb=[24,768,192,196608] Keff_nb=[2,2048,512,524288] Veff_nb=[24,768,192,196608]
CUDA_FA_ROUTE_SUPPORTED kernel=MMA_F16 effK=f16 effV=q5_1 supported=1
CUDA_FA_ROUTE_PLAN device=0 Q=[256,2,16,1] Kraw=turbo2_tcq Vraw=q5_1 Kshape=[256,256,4,1] Vshape=[256,256,4,1] Keff=f16 Veff=q5_1 turbo_kv=1 prefer_native_vec=0 decode=1 dk=1 dv=0 unsafe_vec_after_turbo_v_decode=0 allow_vec=1 kernel=MMA_F16 need_f16_K=0 need_f16_V=1 Knb=[36,288,72,73728] Vnb=[24,768,192,196608] Keff_nb=[2,2048,512,524288] Veff_nb=[24,768,192,196608]
CUDA_FA_ROUTE_SUPPORTED kernel=MMA_F16 effK=f16 effV=q5_1 supported=1
CUDA_FA_ROUTE_PLAN device=0 Q=[256,2,16,1] Kraw=turbo2_tcq Vraw=q5_1 Kshape=[256,256,4,1] Vshape=[256,256,4,1] Keff=f16 Veff=q5_1 turbo_kv=1 prefer_native_vec=0 decode=1 dk=1 dv=0 unsafe_vec_after_turbo_v_decode=0 allow_vec=1 kernel=MMA_F16 need_f16_K=0 need_f16_V=1 Knb=[36,288,72,73728] Vnb=[24,768,192,196608] Keff_nb=[2,2048,512,524288] Veff_nb=[24,768,192,196608]
CUDA_FA_ROUTE_SUPPORTED kernel=MMA_F16 effK=f16 effV=q5_1 supported=1
CUDA_FA_ROUTE_PLAN device=0 Q=[256,2,16,1] Kraw=turbo2_tcq Vraw=q5_1 Kshape=[256,256,4,1] Vshape=[256,256,4,1] Keff=f16 Veff=q5_1 turbo_kv=1 prefer_native_vec=0 decode=1 dk=1 dv=0 unsafe_vec_after_turbo_v_decode=0 allow_vec=1 kernel=MMA_F16 need_f16_K=0 need_f16_V=1 Knb=[36,288,72,73728] Vnb=[24,768,192,196608] Keff_nb=[2,2048,512,524288] Veff_nb=[24,768,192,196608]
CUDA_FA_ROUTE_SUPPORTED kernel=MMA_F16 effK=f16 effV=q5_1 supported=1
CUDA_FA_ROUTE_PLAN device=0 Q=[256,2,16,1] Kraw=turbo2_tcq Vraw=q5_1 Kshape=[256,256,4,1] Vshape=[256,256,4,1] Keff=f16 Veff=q5_1 turbo_kv=1 prefer_native_vec=0 decode=1 dk=1 dv=0 unsafe_vec_after_turbo_v_decode=0 allow_vec=1 kernel=MMA_F16 need_f16_K=0 need_f16_V=1 Knb=[36,288,72,73728] Vnb=[24,768,192,196608] Keff_nb=[2,2048,512,524288] Veff_nb=[24,768,192,196608]
CUDA_FA_ROUTE_SUPPORTED kernel=MMA_F16 effK=f16 effV=q5_1 supported=1
CUDA_FA_ROUTE_PLAN device=0 Q=[256,2,16,1] Kraw=turbo2_tcq Vraw=q5_1 Kshape=[256,256,4,1] Vshape=[256,256,4,1] Keff=f16 Veff=q5_1 turbo_kv=1 prefer_native_vec=0 decode=1 dk=1 dv=0 unsafe_vec_after_turbo_v_decode=0 allow_vec=1 kernel=MMA_F16 need_f16_K=0 need_f16_V=1 Knb=[36,288,72,73728] Vnb=[24,768,192,196608] Keff_nb=[2,2048,512,524288] Veff_nb=[24,768,192,196608]
CUDA_FA_ROUTE_SUPPORTED kernel=MMA_F16 effK=f16 effV=q5_1 supported=1
CUDA_FA_ROUTE_PLAN device=0 Q=[256,2,16,1] Kraw=turbo2_tcq Vraw=q5_1 Kshape=[256,256,4,1] Vshape=[256,256,4,1] Keff=f16 Veff=q5_1 turbo_kv=1 prefer_native_vec=0 decode=1 dk=1 dv=0 unsafe_vec_after_turbo_v_decode=0 allow_vec=1 kernel=MMA_F16 need_f16_K=0 need_f16_V=1 Knb=[36,288,72,73728] Vnb=[24,768,192,196608] Keff_nb=[2,2048,512,524288] Veff_nb=[24,768,192,196608]
CUDA_FA_ROUTE_SUPPORTED kernel=MMA_F16 effK=f16 effV=q5_1 supported=1
CUDA_FA_ROUTE_PLAN device=0 Q=[256,2,16,1] Kraw=turbo2_tcq Vraw=q5_1 Kshape=[256,256,4,1] Vshape=[256,256,4,1] Keff=f16 Veff=q5_1 turbo_kv=1 prefer_native_vec=0 decode=1 dk=1 dv=0 unsafe_vec_after_turbo_v_decode=0 allow_vec=1 kernel=MMA_F16 need_f16_K=0 need_f16_V=1 Knb=[36,288,72,73728] Vnb=[24,768,192,196608] Keff_nb=[2,2048,512,524288] Veff_nb=[24,768,192,196608]
CUDA_FA_ROUTE_ALLOC kernel=MMA_F16 need_f16_K=0 need_f16_V=1 workspace_end_offset=557056 dst_data=(nil) f16_K=(nil) f16_V=0x8000 f16_end=0x88000
CUDA_FA_ROUTE_PLAN device=0 Q=[256,2,16,1] Kraw=turbo2_tcq Vraw=q5_1 Kshape=[256,256,4,1] Vshape=[256,256,4,1] Keff=f16 Veff=q5_1 turbo_kv=1 prefer_native_vec=0 decode=1 dk=1 dv=0 unsafe_vec_after_turbo_v_decode=0 allow_vec=1 kernel=MMA_F16 need_f16_K=0 need_f16_V=1 Knb=[36,288,72,73728] Vnb=[24,768,192,196608] Keff_nb=[2,2048,512,524288] Veff_nb=[24,768,192,196608]
CUDA_FA_ROUTE_ALLOC kernel=MMA_F16 need_f16_K=0 need_f16_V=1 workspace_end_offset=557056 dst_data=(nil) f16_K=(nil) f16_V=0x8000 f16_end=0x88000
CUDA_FA_ROUTE_PLAN device=0 Q=[256,2,16,1] Kraw=turbo2_tcq Vraw=q5_1 Kshape=[256,256,4,1] Vshape=[256,256,4,1] Keff=f16 Veff=q5_1 turbo_kv=1 prefer_native_vec=0 decode=1 dk=1 dv=0 unsafe_vec_after_turbo_v_decode=0 allow_vec=1 kernel=MMA_F16 need_f16_K=0 need_f16_V=1 Knb=[36,288,72,73728] Vnb=[24,768,192,196608] Keff_nb=[2,2048,512,524288] Veff_nb=[24,768,192,196608]
CUDA_FA_ROUTE_ALLOC kernel=MMA_F16 need_f16_K=0 need_f16_V=1 workspace_end_offset=557056 dst_data=(nil) f16_K=(nil) f16_V=0x8000 f16_end=0x88000
CUDA_FA_ROUTE_PLAN device=0 Q=[256,2,16,1] Kraw=turbo2_tcq Vraw=q5_1 Kshape=[256,256,4,1] Vshape=[256,256,4,1] Keff=f16 Veff=q5_1 turbo_kv=1 prefer_native_vec=0 decode=1 dk=1 dv=0 unsafe_vec_after_turbo_v_decode=0 allow_vec=1 kernel=MMA_F16 need_f16_K=0 need_f16_V=1 Knb=[36,288,72,73728] Vnb=[24,768,192,196608] Keff_nb=[2,2048,512,524288] Veff_nb=[24,768,192,196608]
CUDA_FA_ROUTE_ALLOC kernel=MMA_F16 need_f16_K=0 need_f16_V=1 workspace_end_offset=557056 dst_data=(nil) f16_K=(nil) f16_V=0x8000 f16_end=0x88000
CUDA_FA_ROUTE_PLAN device=0 Q=[256,2,16,1] Kraw=turbo2_tcq Vraw=q5_1 Kshape=[256,256,4,1] Vshape=[256,256,4,1] Keff=f16 Veff=q5_1 turbo_kv=1 prefer_native_vec=0 decode=1 dk=1 dv=0 unsafe_vec_after_turbo_v_decode=0 allow_vec=1 kernel=MMA_F16 need_f16_K=0 need_f16_V=1 Knb=[36,288,72,73728] Vnb=[24,768,192,196608] Keff_nb=[2,2048,512,524288] Veff_nb=[24,768,192,196608]
CUDA_FA_ROUTE_ALLOC kernel=MMA_F16 need_f16_K=0 need_f16_V=1 workspace_end_offset=557056 dst_data=(nil) f16_K=(nil) f16_V=0x8000 f16_end=0x88000
CUDA_FA_ROUTE_PLAN device=0 Q=[256,2,16,1] Kraw=turbo2_tcq Vraw=q5_1 Kshape=[256,256,4,1] Vshape=[256,256,4,1] Keff=f16 Veff=q5_1 turbo_kv=1 prefer_native_vec=0 decode=1 dk=1 dv=0 unsafe_vec_after_turbo_v_decode=0 allow_vec=1 kernel=MMA_F16 need_f16_K=0 need_f16_V=1 Knb=[36,288,72,73728] Vnb=[24,768,192,196608] Keff_nb=[2,2048,512,524288] Veff_nb=[24,768,192,196608]
CUDA_FA_ROUTE_ALLOC kernel=MMA_F16 need_f16_K=0 need_f16_V=1 workspace_end_offset=557056 dst_data=(nil) f16_K=(nil) f16_V=0x8000 f16_end=0x88000
CUDA_FA_ROUTE_PLAN device=0 Q=[256,2,16,1] Kraw=turbo2_tcq Vraw=q5_1 Kshape=[256,256,4,1] Vshape=[256,256,4,1] Keff=f16 Veff=q5_1 turbo_kv=1 prefer_native_vec=0 decode=1 dk=1 dv=0 unsafe_vec_after_turbo_v_decode=0 allow_vec=1 kernel=MMA_F16 need_f16_K=0 need_f16_V=1 Knb=[36,288,72,73728] Vnb=[24,768,192,196608] Keff_nb=[2,2048,512,524288] Veff_nb=[24,768,192,196608]
CUDA_FA_ROUTE_ALLOC kernel=MMA_F16 need_f16_K=0 need_f16_V=1 workspace_end_offset=557056 dst_data=(nil) f16_K=(nil) f16_V=0x8000 f16_end=0x88000
CUDA_FA_ROUTE_PLAN device=0 Q=[256,2,16,1] Kraw=turbo2_tcq Vraw=q5_1 Kshape=[256,256,4,1] Vshape=[256,256,4,1] Keff=f16 Veff=q5_1 turbo_kv=1 prefer_native_vec=0 decode=1 dk=1 dv=0 unsafe_vec_after_turbo_v_decode=0 allow_vec=1 kernel=MMA_F16 need_f16_K=0 need_f16_V=1 Knb=[36,288,72,73728] Vnb=[24,768,192,196608] Keff_nb=[2,2048,512,524288] Veff_nb=[24,768,192,196608]
CUDA_FA_ROUTE_ALLOC kernel=MMA_F16 need_f16_K=0 need_f16_V=1 workspace_end_offset=557056 dst_data=(nil) f16_K=(nil) f16_V=0x8000 f16_end=0x88000
CUDA_FA_ROUTE_PLAN device=0 Q=[256,2,16,1] Kraw=turbo2_tcq Vraw=q5_1 Kshape=[256,256,4,1] Vshape=[256,256,4,1] Keff=f16 Veff=q5_1 turbo_kv=1 prefer_native_vec=0 decode=1 dk=1 dv=0 unsafe_vec_after_turbo_v_decode=0 allow_vec=1 kernel=MMA_F16 need_f16_K=0 need_f16_V=1 Knb=[36,288,72,73728] Vnb=[24,768,192,196608] Keff_nb=[2,2048,512,524288] Veff_nb=[24,768,192,196608]
CUDA_FA_ROUTE_ALLOC kernel=MMA_F16 need_f16_K=0 need_f16_V=1 workspace_end_offset=557056 dst_data=(nil) f16_K=(nil) f16_V=0x8000 f16_end=0x88000
CUDA_FA_ROUTE_PLAN device=0 Q=[256,2,16,1] Kraw=turbo2_tcq Vraw=q5_1 Kshape=[256,256,4,1] Vshape=[256,256,4,1] Keff=f16 Veff=q5_1 turbo_kv=1 prefer_native_vec=0 decode=1 dk=1 dv=0 unsafe_vec_after_turbo_v_decode=0 allow_vec=1 kernel=MMA_F16 need_f16_K=0 need_f16_V=1 Knb=[36,288,72,73728] Vnb=[24,768,192,196608] Keff_nb=[2,2048,512,524288] Veff_nb=[24,768,192,196608]
CUDA_FA_ROUTE_ALLOC kernel=MMA_F16 need_f16_K=0 need_f16_V=1 workspace_end_offset=557056 dst_data=(nil) f16_K=(nil) f16_V=0x8000 f16_end=0x88000
CUDA_FA_ROUTE_PLAN device=0 Q=[256,2,16,1] Kraw=turbo2_tcq Vraw=q5_1 Kshape=[256,256,4,1] Vshape=[256,256,4,1] Keff=f16 Veff=q5_1 turbo_kv=1 prefer_native_vec=0 decode=1 dk=1 dv=0 unsafe_vec_after_turbo_v_decode=0 allow_vec=1 kernel=MMA_F16 need_f16_K=0 need_f16_V=1 Knb=[36,288,72,73728] Vnb=[24,768,192,196608] Keff_nb=[2,2048,512,524288] Veff_nb=[24,768,192,196608]
CUDA_FA_ROUTE_ALLOC kernel=MMA_F16 need_f16_K=0 need_f16_V=1 workspace_end_offset=557056 dst_data=(nil) f16_K=(nil) f16_V=0x8000 f16_end=0x88000
CUDA_FA_ROUTE_PLAN device=0 Q=[256,2,16,1] Kraw=turbo2_tcq Vraw=q5_1 Kshape=[256,256,4,1] Vshape=[256,256,4,1] Keff=f16 Veff=q5_1 turbo_kv=1 prefer_native_vec=0 decode=1 dk=1 dv=0 unsafe_vec_after_turbo_v_decode=0 allow_vec=1 kernel=MMA_F16 need_f16_K=0 need_f16_V=1 Knb=[36,288,72,73728] Vnb=[24,768,192,196608] Keff_nb=[2,2048,512,524288] Veff_nb=[24,768,192,196608]
CUDA_FA_ROUTE_ALLOC kernel=MMA_F16 need_f16_K=0 need_f16_V=1 workspace_end_offset=557056 dst_data=(nil) f16_K=(nil) f16_V=0x8000 f16_end=0x88000
CUDA_FA_ROUTE_PLAN device=0 Q=[256,2,16,1] Kraw=turbo2_tcq Vraw=q5_1 Kshape=[256,256,4,1] Vshape=[256,256,4,1] Keff=f16 Veff=q5_1 turbo_kv=1 prefer_native_vec=0 decode=1 dk=1 dv=0 unsafe_vec_after_turbo_v_decode=0 allow_vec=1 kernel=MMA_F16 need_f16_K=0 need_f16_V=1 Knb=[36,288,72,73728] Vnb=[24,768,192,196608] Keff_nb=[2,2048,512,524288] Veff_nb=[24,768,192,196608]
CUDA_FA_ROUTE_ALLOC kernel=MMA_F16 need_f16_K=0 need_f16_V=1 workspace_end_offset=557056 dst_data=(nil) f16_K=(nil) f16_V=0x8000 f16_end=0x88000
CUDA_FA_ROUTE_PLAN device=0 Q=[256,2,16,1] Kraw=turbo2_tcq Vraw=q5_1 Kshape=[256,256,4,1] Vshape=[256,256,4,1] Keff=f16 Veff=q5_1 turbo_kv=1 prefer_native_vec=0 decode=1 dk=1 dv=0 unsafe_vec_after_turbo_v_decode=0 allow_vec=1 kernel=MMA_F16 need_f16_K=0 need_f16_V=1 Knb=[36,288,72,73728] Vnb=[24,768,192,196608] Keff_nb=[2,2048,512,524288] Veff_nb=[24,768,192,196608]
CUDA_FA_ROUTE_ALLOC kernel=MMA_F16 need_f16_K=0 need_f16_V=1 workspace_end_offset=557056 dst_data=(nil) f16_K=(nil) f16_V=0x8000 f16_end=0x88000
CUDA_FA_ROUTE_PLAN device=0 Q=[256,2,16,1] Kraw=turbo2_tcq Vraw=q5_1 Kshape=[256,256,4,1] Vshape=[256,256,4,1] Keff=f16 Veff=q5_1 turbo_kv=1 prefer_native_vec=0 decode=1 dk=1 dv=0 unsafe_vec_after_turbo_v_decode=0 allow_vec=1 kernel=MMA_F16 need_f16_K=0 need_f16_V=1 Knb=[36,288,72,73728] Vnb=[24,768,192,196608] Keff_nb=[2,2048,512,524288] Veff_nb=[24,768,192,196608]
CUDA_FA_ROUTE_ALLOC kernel=MMA_F16 need_f16_K=0 need_f16_V=1 workspace_end_offset=557056 dst_data=(nil) f16_K=(nil) f16_V=0x8000 f16_end=0x88000
CUDA_FA_ROUTE_PLAN device=0 Q=[256,2,16,1] Kraw=turbo2_tcq Vraw=q5_1 Kshape=[256,256,4,1] Vshape=[256,256,4,1] Keff=f16 Veff=q5_1 turbo_kv=1 prefer_native_vec=0 decode=1 dk=1 dv=0 unsafe_vec_after_turbo_v_decode=0 allow_vec=1 kernel=MMA_F16 need_f16_K=0 need_f16_V=1 Knb=[36,288,72,73728] Vnb=[24,768,192,196608] Keff_nb=[2,2048,512,524288] Veff_nb=[24,768,192,196608]
CUDA_FA_ROUTE_ALLOC kernel=MMA_F16 need_f16_K=0 need_f16_V=1 workspace_end_offset=557056 dst_data=(nil) f16_K=(nil) f16_V=0x8000 f16_end=0x88000
CUDA_FA_ROUTE_PLAN device=0 Q=[256,2,16,1] Kraw=turbo2_tcq Vraw=q5_1 Kshape=[256,256,4,1] Vshape=[256,256,4,1] Keff=f16 Veff=q5_1 turbo_kv=1 prefer_native_vec=0 decode=1 dk=1 dv=0 unsafe_vec_after_turbo_v_decode=0 allow_vec=1 kernel=MMA_F16 need_f16_K=0 need_f16_V=1 Knb=[36,288,72,73728] Vnb=[24,768,192,196608] Keff_nb=[2,2048,512,524288] Veff_nb=[24,768,192,196608]
CUDA_FA_ROUTE_ALLOC kernel=MMA_F16 need_f16_K=0 need_f16_V=1 workspace_end_offset=557056 dst_data=(nil) f16_K=(nil) f16_V=0x8000 f16_end=0x88000
CUDA_FA_ROUTE_PLAN device=0 Q=[256,2,16,1] Kraw=turbo2_tcq Vraw=q5_1 Kshape=[256,256,4,1] Vshape=[256,256,4,1] Keff=f16 Veff=q5_1 turbo_kv=1 prefer_native_vec=0 decode=1 dk=1 dv=0 unsafe_vec_after_turbo_v_decode=0 allow_vec=1 kernel=MMA_F16 need_f16_K=0 need_f16_V=1 Knb=[36,288,72,73728] Vnb=[24,768,192,196608] Keff_nb=[2,2048,512,524288] Veff_nb=[24,768,192,196608]
CUDA_FA_ROUTE_ALLOC kernel=MMA_F16 need_f16_K=0 need_f16_V=1 workspace_end_offset=557056 dst_data=(nil) f16_K=(nil) f16_V=0x8000 f16_end=0x88000
CUDA_FA_ROUTE_PLAN device=0 Q=[256,2,16,1] Kraw=turbo2_tcq Vraw=q5_1 Kshape=[256,256,4,1] Vshape=[256,256,4,1] Keff=f16 Veff=q5_1 turbo_kv=1 prefer_native_vec=0 decode=1 dk=1 dv=0 unsafe_vec_after_turbo_v_decode=0 allow_vec=1 kernel=MMA_F16 need_f16_K=0 need_f16_V=1 Knb=[36,288,72,73728] Vnb=[24,768,192,196608] Keff_nb=[2,2048,512,524288] Veff_nb=[24,768,192,196608]
CUDA_FA_ROUTE_ALLOC kernel=MMA_F16 need_f16_K=0 need_f16_V=1 workspace_end_offset=557056 dst_data=(nil) f16_K=(nil) f16_V=0x8000 f16_end=0x88000
CUDA_FA_ROUTE_PLAN device=0 Q=[256,2,16,1] Kraw=turbo2_tcq Vraw=q5_1 Kshape=[256,256,4,1] Vshape=[256,256,4,1] Keff=f16 Veff=q5_1 turbo_kv=1 prefer_native_vec=0 decode=1 dk=1 dv=0 unsafe_vec_after_turbo_v_decode=0 allow_vec=1 kernel=MMA_F16 need_f16_K=0 need_f16_V=1 Knb=[36,288,72,73728] Vnb=[24,768,192,196608] Keff_nb=[2,2048,512,524288] Veff_nb=[24,768,192,196608]
CUDA_FA_ROUTE_ALLOC kernel=MMA_F16 need_f16_K=0 need_f16_V=1 workspace_end_offset=557056 dst_data=(nil) f16_K=(nil) f16_V=0x8000 f16_end=0x88000
CUDA_FA_ROUTE_PLAN device=0 Q=[256,2,16,1] Kraw=turbo2_tcq Vraw=q5_1 Kshape=[256,256,4,1] Vshape=[256,256,4,1] Keff=f16 Veff=q5_1 turbo_kv=1 prefer_native_vec=0 decode=1 dk=1 dv=0 unsafe_vec_after_turbo_v_decode=0 allow_vec=1 kernel=MMA_F16 need_f16_K=0 need_f16_V=1 Knb=[36,288,72,73728] Vnb=[24,768,192,196608] Keff_nb=[2,2048,512,524288] Veff_nb=[24,768,192,196608]
CUDA_FA_ROUTE_ALLOC kernel=MMA_F16 need_f16_K=0 need_f16_V=1 workspace_end_offset=557056 dst_data=(nil) f16_K=(nil) f16_V=0x8000 f16_end=0x88000
CUDA_FA_ROUTE_PLAN device=0 Q=[256,2,16,1] Kraw=turbo2_tcq Vraw=q5_1 Kshape=[256,256,4,1] Vshape=[256,256,4,1] Keff=f16 Veff=q5_1 turbo_kv=1 prefer_native_vec=0 decode=1 dk=1 dv=0 unsafe_vec_after_turbo_v_decode=0 allow_vec=1 kernel=MMA_F16 need_f16_K=0 need_f16_V=1 Knb=[36,288,72,73728] Vnb=[24,768,192,196608] Keff_nb=[2,2048,512,524288] Veff_nb=[24,768,192,196608]
CUDA_FA_ROUTE_ALLOC kernel=MMA_F16 need_f16_K=0 need_f16_V=1 workspace_end_offset=557056 dst_data=(nil) f16_K=(nil) f16_V=0x8000 f16_end=0x88000
CUDA_FA_ROUTE_PLAN device=0 Q=[256,2,16,1] Kraw=turbo2_tcq Vraw=q5_1 Kshape=[256,256,4,1] Vshape=[256,256,4,1] Keff=f16 Veff=q5_1 turbo_kv=1 prefer_native_vec=0 decode=1 dk=1 dv=0 unsafe_vec_after_turbo_v_decode=0 allow_vec=1 kernel=MMA_F16 need_f16_K=0 need_f16_V=1 Knb=[36,288,72,73728] Vnb=[24,768,192,196608] Keff_nb=[2,2048,512,524288] Veff_nb=[24,768,192,196608]
CUDA_FA_ROUTE_ALLOC kernel=MMA_F16 need_f16_K=0 need_f16_V=1 workspace_end_offset=557056 dst_data=(nil) f16_K=(nil) f16_V=0x8000 f16_end=0x88000
CUDA_FA_ROUTE_PLAN device=0 Q=[256,2,16,1] Kraw=turbo2_tcq Vraw=q5_1 Kshape=[256,256,4,1] Vshape=[256,256,4,1] Keff=f16 Veff=q5_1 turbo_kv=1 prefer_native_vec=0 decode=1 dk=1 dv=0 unsafe_vec_after_turbo_v_decode=0 allow_vec=1 kernel=MMA_F16 need_f16_K=0 need_f16_V=1 Knb=[36,288,72,73728] Vnb=[24,768,192,196608] Keff_nb=[2,2048,512,524288] Veff_nb=[24,768,192,196608]
CUDA_FA_ROUTE_ALLOC kernel=MMA_F16 need_f16_K=0 need_f16_V=1 workspace_end_offset=557056 dst_data=(nil) f16_K=(nil) f16_V=0x8000 f16_end=0x88000
CUDA_FA_ROUTE_PLAN device=0 Q=[256,2,16,1] Kraw=turbo2_tcq Vraw=q5_1 Kshape=[256,256,4,1] Vshape=[256,256,4,1] Keff=f16 Veff=q5_1 turbo_kv=1 prefer_native_vec=0 decode=1 dk=1 dv=0 unsafe_vec_after_turbo_v_decode=0 allow_vec=1 kernel=MMA_F16 need_f16_K=0 need_f16_V=1 Knb=[36,288,72,73728] Vnb=[24,768,192,196608] Keff_nb=[2,2048,512,524288] Veff_nb=[24,768,192,196608]
CUDA_FA_ROUTE_ALLOC kernel=MMA_F16 need_f16_K=0 need_f16_V=1 workspace_end_offset=557056 dst_data=(nil) f16_K=(nil) f16_V=0x8000 f16_end=0x88000
CUDA_FA_ROUTE_PLAN device=0 Q=[256,2,16,1] Kraw=turbo2_tcq Vraw=q5_1 Kshape=[256,256,4,1] Vshape=[256,256,4,1] Keff=f16 Veff=q5_1 turbo_kv=1 prefer_native_vec=0 decode=1 dk=1 dv=0 unsafe_vec_after_turbo_v_decode=0 allow_vec=1 kernel=MMA_F16 need_f16_K=0 need_f16_V=1 Knb=[36,288,72,73728] Vnb=[24,768,192,196608] Keff_nb=[2,2048,512,524288] Veff_nb=[24,768,192,196608]
CUDA_FA_ROUTE_ALLOC kernel=MMA_F16 need_f16_K=0 need_f16_V=1 workspace_end_offset=557056 dst_data=(nil) f16_K=(nil) f16_V=0x8000 f16_end=0x88000
CUDA_FA_ROUTE_PLAN device=0 Q=[256,2,16,1] Kraw=turbo2_tcq Vraw=q5_1 Kshape=[256,256,4,1] Vshape=[256,256,4,1] Keff=f16 Veff=q5_1 turbo_kv=1 prefer_native_vec=0 decode=1 dk=1 dv=0 unsafe_vec_after_turbo_v_decode=0 allow_vec=1 kernel=MMA_F16 need_f16_K=0 need_f16_V=1 Knb=[36,288,72,73728] Vnb=[24,768,192,196608] Keff_nb=[2,2048,512,524288] Veff_nb=[24,768,192,196608]
CUDA_FA_ROUTE_ALLOC kernel=MMA_F16 need_f16_K=0 need_f16_V=1 workspace_end_offset=557056 dst_data=(nil) f16_K=(nil) f16_V=0x8000 f16_end=0x88000
CUDA_FA_ROUTE_PLAN device=0 Q=[256,2,16,1] Kraw=turbo2_tcq Vraw=q5_1 Kshape=[256,256,4,1] Vshape=[256,256,4,1] Keff=f16 Veff=q5_1 turbo_kv=1 prefer_native_vec=0 decode=1 dk=1 dv=0 unsafe_vec_after_turbo_v_decode=0 allow_vec=1 kernel=MMA_F16 need_f16_K=0 need_f16_V=1 Knb=[36,288,72,73728] Vnb=[24,768,192,196608] Keff_nb=[2,2048,512,524288] Veff_nb=[24,768,192,196608]
CUDA_FA_ROUTE_ALLOC kernel=MMA_F16 need_f16_K=0 need_f16_V=1 workspace_end_offset=557056 dst_data=(nil) f16_K=(nil) f16_V=0x8000 f16_end=0x88000
CUDA_FA_ROUTE_PLAN device=0 Q=[256,2,16,1] Kraw=turbo2_tcq Vraw=q5_1 Kshape=[256,256,4,1] Vshape=[256,256,4,1] Keff=f16 Veff=q5_1 turbo_kv=1 prefer_native_vec=0 decode=1 dk=1 dv=0 unsafe_vec_after_turbo_v_decode=0 allow_vec=1 kernel=MMA_F16 need_f16_K=0 need_f16_V=1 Knb=[36,288,72,73728] Vnb=[24,768,192,196608] Keff_nb=[2,2048,512,524288] Veff_nb=[24,768,192,196608]
CUDA_FA_ROUTE_ALLOC kernel=MMA_F16 need_f16_K=0 need_f16_V=1 workspace_end_offset=557056 dst_data=(nil) f16_K=(nil) f16_V=0x8000 f16_end=0x88000
CUDA_FA_ROUTE_PLAN device=0 Q=[256,2,16,1] Kraw=turbo2_tcq Vraw=q5_1 Kshape=[256,256,4,1] Vshape=[256,256,4,1] Keff=f16 Veff=q5_1 turbo_kv=1 prefer_native_vec=0 decode=1 dk=1 dv=0 unsafe_vec_after_turbo_v_decode=0 allow_vec=1 kernel=MMA_F16 need_f16_K=0 need_f16_V=1 Knb=[36,288,72,73728] Vnb=[24,768,192,196608] Keff_nb=[2,2048,512,524288] Veff_nb=[24,768,192,196608]
CUDA_FA_ROUTE_ALLOC kernel=MMA_F16 need_f16_K=0 need_f16_V=1 workspace_end_offset=557056 dst_data=(nil) f16_K=(nil) f16_V=0x8000 f16_end=0x88000
CUDA_FA_ROUTE_PLAN device=0 Q=[256,2,16,1] Kraw=turbo2_tcq Vraw=q5_1 Kshape=[256,256,4,1] Vshape=[256,256,4,1] Keff=f16 Veff=q5_1 turbo_kv=1 prefer_native_vec=0 decode=1 dk=1 dv=0 unsafe_vec_after_turbo_v_decode=0 allow_vec=1 kernel=MMA_F16 need_f16_K=0 need_f16_V=1 Knb=[36,288,72,73728] Vnb=[24,768,192,196608] Keff_nb=[2,2048,512,524288] Veff_nb=[24,768,192,196608]
CUDA_FA_ROUTE_ALLOC kernel=MMA_F16 need_f16_K=0 need_f16_V=1 workspace_end_offset=557056 dst_data=(nil) f16_K=(nil) f16_V=0x8000 f16_end=0x88000
CUDA_FA_ROUTE_PLAN device=0 Q=[256,2,16,1] Kraw=turbo2_tcq Vraw=q5_1 Kshape=[256,256,4,1] Vshape=[256,256,4,1] Keff=f16 Veff=q5_1 turbo_kv=1 prefer_native_vec=0 decode=1 dk=1 dv=0 unsafe_vec_after_turbo_v_decode=0 allow_vec=1 kernel=MMA_F16 need_f16_K=0 need_f16_V=1 Knb=[36,288,72,73728] Vnb=[24,768,192,196608] Keff_nb=[2,2048,512,524288] Veff_nb=[24,768,192,196608]
CUDA_FA_ROUTE_ALLOC kernel=MMA_F16 need_f16_K=0 need_f16_V=1 workspace_end_offset=557056 dst_data=(nil) f16_K=(nil) f16_V=0x8000 f16_end=0x88000
CUDA_FA_ROUTE_PLAN device=0 Q=[256,2,16,1] Kraw=turbo2_tcq Vraw=q5_1 Kshape=[256,256,4,1] Vshape=[256,256,4,1] Keff=f16 Veff=q5_1 turbo_kv=1 prefer_native_vec=0 decode=1 dk=1 dv=0 unsafe_vec_after_turbo_v_decode=0 allow_vec=1 kernel=MMA_F16 need_f16_K=0 need_f16_V=1 Knb=[36,288,72,73728] Vnb=[24,768,192,196608] Keff_nb=[2,2048,512,524288] Veff_nb=[24,768,192,196608]
CUDA_FA_ROUTE_ALLOC kernel=MMA_F16 need_f16_K=0 need_f16_V=1 workspace_end_offset=557056 dst_data=(nil) f16_K=(nil) f16_V=0x8000 f16_end=0x88000
CUDA_FA_ROUTE_PLAN device=0 Q=[256,2,16,1] Kraw=turbo2_tcq Vraw=q5_1 Kshape=[256,256,4,1] Vshape=[256,256,4,1] Keff=f16 Veff=q5_1 turbo_kv=1 prefer_native_vec=0 decode=1 dk=1 dv=0 unsafe_vec_after_turbo_v_decode=0 allow_vec=1 kernel=MMA_F16 need_f16_K=0 need_f16_V=1 Knb=[36,288,72,73728] Vnb=[24,768,192,196608] Keff_nb=[2,2048,512,524288] Veff_nb=[24,768,192,196608]
CUDA_FA_ROUTE_ALLOC kernel=MMA_F16 need_f16_K=0 need_f16_V=1 workspace_end_offset=557056 dst_data=(nil) f16_K=(nil) f16_V=0x8000 f16_end=0x88000
CUDA_FA_ROUTE_PLAN device=0 Q=[256,2,16,1] Kraw=turbo2_tcq Vraw=q5_1 Kshape=[256,256,4,1] Vshape=[256,256,4,1] Keff=f16 Veff=q5_1 turbo_kv=1 prefer_native_vec=0 decode=1 dk=1 dv=0 unsafe_vec_after_turbo_v_decode=0 allow_vec=1 kernel=MMA_F16 need_f16_K=0 need_f16_V=1 Knb=[36,288,72,73728] Vnb=[24,768,192,196608] Keff_nb=[2,2048,512,524288] Veff_nb=[24,768,192,196608]
CUDA_FA_ROUTE_ALLOC kernel=MMA_F16 need_f16_K=0 need_f16_V=1 workspace_end_offset=557056 dst_data=(nil) f16_K=(nil) f16_V=0x8000 f16_end=0x88000
CUDA_FA_ROUTE_PLAN device=0 Q=[256,2,16,1] Kraw=turbo2_tcq Vraw=q5_1 Kshape=[256,256,4,1] Vshape=[256,256,4,1] Keff=f16 Veff=q5_1 turbo_kv=1 prefer_native_vec=0 decode=1 dk=1 dv=0 unsafe_vec_after_turbo_v_decode=0 allow_vec=1 kernel=MMA_F16 need_f16_K=0 need_f16_V=1 Knb=[36,288,72,73728] Vnb=[24,768,192,196608] Keff_nb=[2,2048,512,524288] Veff_nb=[24,768,192,196608]
CUDA_FA_ROUTE_ALLOC kernel=MMA_F16 need_f16_K=0 need_f16_V=1 workspace_end_offset=557056 dst_data=(nil) f16_K=(nil) f16_V=0x8000 f16_end=0x88000
CUDA_FA_ROUTE_PLAN device=0 Q=[256,2,16,1] Kraw=turbo2_tcq Vraw=q5_1 Kshape=[256,256,4,1] Vshape=[256,256,4,1] Keff=f16 Veff=q5_1 turbo_kv=1 prefer_native_vec=0 decode=1 dk=1 dv=0 unsafe_vec_after_turbo_v_decode=0 allow_vec=1 kernel=MMA_F16 need_f16_K=0 need_f16_V=1 Knb=[36,288,72,73728] Vnb=[24,768,192,196608] Keff_nb=[2,2048,512,524288] Veff_nb=[24,768,192,196608]
CUDA_FA_ROUTE_ALLOC kernel=MMA_F16 need_f16_K=0 need_f16_V=1 workspace_end_offset=557056 dst_data=(nil) f16_K=(nil) f16_V=0x8000 f16_end=0x88000
CUDA_FA_ROUTE_PLAN device=0 Q=[256,2,16,1] Kraw=turbo2_tcq Vraw=q5_1 Kshape=[256,256,4,1] Vshape=[256,256,4,1] Keff=f16 Veff=q5_1 turbo_kv=1 prefer_native_vec=0 decode=1 dk=1 dv=0 unsafe_vec_after_turbo_v_decode=0 allow_vec=1 kernel=MMA_F16 need_f16_K=0 need_f16_V=1 Knb=[36,288,72,73728] Vnb=[24,768,192,196608] Keff_nb=[2,2048,512,524288] Veff_nb=[24,768,192,196608]
CUDA_FA_ROUTE_ALLOC kernel=MMA_F16 need_f16_K=0 need_f16_V=1 workspace_end_offset=557056 dst_data=(nil) f16_K=(nil) f16_V=0x8000 f16_end=0x88000
CUDA_FA_ROUTE_PLAN device=0 Q=[256,2,16,1] Kraw=turbo2_tcq Vraw=q5_1 Kshape=[256,256,4,1] Vshape=[256,256,4,1] Keff=f16 Veff=q5_1 turbo_kv=1 prefer_native_vec=0 decode=1 dk=1 dv=0 unsafe_vec_after_turbo_v_decode=0 allow_vec=1 kernel=MMA_F16 need_f16_K=0 need_f16_V=1 Knb=[36,288,72,73728] Vnb=[24,768,192,196608] Keff_nb=[2,2048,512,524288] Veff_nb=[24,768,192,196608]
CUDA_FA_ROUTE_ALLOC kernel=MMA_F16 need_f16_K=0 need_f16_V=1 workspace_end_offset=557056 dst_data=(nil) f16_K=(nil) f16_V=0x8000 f16_end=0x88000
CUDA_FA_ROUTE_PLAN device=0 Q=[256,2,16,1] Kraw=turbo2_tcq Vraw=q5_1 Kshape=[256,256,4,1] Vshape=[256,256,4,1] Keff=f16 Veff=q5_1 turbo_kv=1 prefer_native_vec=0 decode=1 dk=1 dv=0 unsafe_vec_after_turbo_v_decode=0 allow_vec=1 kernel=MMA_F16 need_f16_K=0 need_f16_V=1 Knb=[36,288,72,73728] Vnb=[24,768,192,196608] Keff_nb=[2,2048,512,524288] Veff_nb=[24,768,192,196608]
CUDA_FA_ROUTE_ALLOC kernel=MMA_F16 need_f16_K=0 need_f16_V=1 workspace_end_offset=557056 dst_data=(nil) f16_K=(nil) f16_V=0x8000 f16_end=0x88000
CUDA_FA_ROUTE_PLAN device=0 Q=[256,2,16,1] Kraw=turbo2_tcq Vraw=q5_1 Kshape=[256,256,4,1] Vshape=[256,256,4,1] Keff=f16 Veff=q5_1 turbo_kv=1 prefer_native_vec=0 decode=1 dk=1 dv=0 unsafe_vec_after_turbo_v_decode=0 allow_vec=1 kernel=MMA_F16 need_f16_K=0 need_f16_V=1 Knb=[36,288,72,73728] Vnb=[24,768,192,196608] Keff_nb=[2,2048,512,524288] Veff_nb=[24,768,192,196608]
CUDA_FA_ROUTE_ALLOC kernel=MMA_F16 need_f16_K=0 need_f16_V=1 workspace_end_offset=557056 dst_data=(nil) f16_K=(nil) f16_V=0x8000 f16_end=0x88000
CUDA_FA_ROUTE_PLAN device=0 Q=[256,2,16,1] Kraw=turbo2_tcq Vraw=q5_1 Kshape=[256,256,4,1] Vshape=[256,256,4,1] Keff=f16 Veff=q5_1 turbo_kv=1 prefer_native_vec=0 decode=1 dk=1 dv=0 unsafe_vec_after_turbo_v_decode=0 allow_vec=1 kernel=MMA_F16 need_f16_K=0 need_f16_V=1 Knb=[36,288,72,73728] Vnb=[24,768,192,196608] Keff_nb=[2,2048,512,524288] Veff_nb=[24,768,192,196608]
CUDA_FA_ROUTE_ALLOC kernel=MMA_F16 need_f16_K=0 need_f16_V=1 workspace_end_offset=557056 dst_data=(nil) f16_K=(nil) f16_V=0x8000 f16_end=0x88000
CUDA_FA_ROUTE_PLAN device=0 Q=[256,2,16,1] Kraw=turbo2_tcq Vraw=q5_1 Kshape=[256,256,4,1] Vshape=[256,256,4,1] Keff=f16 Veff=q5_1 turbo_kv=1 prefer_native_vec=0 decode=1 dk=1 dv=0 unsafe_vec_after_turbo_v_decode=0 allow_vec=1 kernel=MMA_F16 need_f16_K=0 need_f16_V=1 Knb=[36,288,72,73728] Vnb=[24,768,192,196608] Keff_nb=[2,2048,512,524288] Veff_nb=[24,768,192,196608]
CUDA_FA_ROUTE_ALLOC kernel=MMA_F16 need_f16_K=0 need_f16_V=1 workspace_end_offset=557056 dst_data=(nil) f16_K=(nil) f16_V=0x8000 f16_end=0x88000
CUDA_FA_ROUTE_PLAN device=0 Q=[256,2,16,1] Kraw=turbo2_tcq Vraw=q5_1 Kshape=[256,256,4,1] Vshape=[256,256,4,1] Keff=f16 Veff=q5_1 turbo_kv=1 prefer_native_vec=0 decode=1 dk=1 dv=0 unsafe_vec_after_turbo_v_decode=0 allow_vec=1 kernel=MMA_F16 need_f16_K=0 need_f16_V=1 Knb=[36,288,72,73728] Vnb=[24,768,192,196608] Keff_nb=[2,2048,512,524288] Veff_nb=[24,768,192,196608]
CUDA_FA_ROUTE_ALLOC kernel=MMA_F16 need_f16_K=0 need_f16_V=1 workspace_end_offset=557056 dst_data=(nil) f16_K=(nil) f16_V=0x8000 f16_end=0x88000
CUDA_FA_ROUTE_PLAN device=0 Q=[256,2,16,1] Kraw=turbo2_tcq Vraw=q5_1 Kshape=[256,256,4,1] Vshape=[256,256,4,1] Keff=f16 Veff=q5_1 turbo_kv=1 prefer_native_vec=0 decode=1 dk=1 dv=0 unsafe_vec_after_turbo_v_decode=0 allow_vec=1 kernel=MMA_F16 need_f16_K=0 need_f16_V=1 Knb=[36,288,72,73728] Vnb=[24,768,192,196608] Keff_nb=[2,2048,512,524288] Veff_nb=[24,768,192,196608]
CUDA_FA_ROUTE_ALLOC kernel=MMA_F16 need_f16_K=0 need_f16_V=1 workspace_end_offset=557056 dst_data=(nil) f16_K=(nil) f16_V=0x8000 f16_end=0x88000
CUDA_FA_ROUTE_PLAN device=0 Q=[256,2,16,1] Kraw=turbo2_tcq Vraw=q5_1 Kshape=[256,256,4,1] Vshape=[256,256,4,1] Keff=f16 Veff=q5_1 turbo_kv=1 prefer_native_vec=0 decode=1 dk=1 dv=0 unsafe_vec_after_turbo_v_decode=0 allow_vec=1 kernel=MMA_F16 need_f16_K=0 need_f16_V=1 Knb=[36,288,72,73728] Vnb=[24,768,192,196608] Keff_nb=[2,2048,512,524288] Veff_nb=[24,768,192,196608]
CUDA_FA_ROUTE_ALLOC kernel=MMA_F16 need_f16_K=0 need_f16_V=1 workspace_end_offset=557056 dst_data=(nil) f16_K=(nil) f16_V=0x8000 f16_end=0x88000
CUDA_FA_ROUTE_PLAN device=0 Q=[256,2,16,1] Kraw=turbo2_tcq Vraw=q5_1 Kshape=[256,256,4,1] Vshape=[256,256,4,1] Keff=f16 Veff=q5_1 turbo_kv=1 prefer_native_vec=0 decode=1 dk=1 dv=0 unsafe_vec_after_turbo_v_decode=0 allow_vec=1 kernel=MMA_F16 need_f16_K=0 need_f16_V=1 Knb=[36,288,72,73728] Vnb=[24,768,192,196608] Keff_nb=[2,2048,512,524288] Veff_nb=[24,768,192,196608]
CUDA_FA_ROUTE_ALLOC kernel=MMA_F16 need_f16_K=0 need_f16_V=1 workspace_end_offset=557056 dst_data=(nil) f16_K=(nil) f16_V=0x8000 f16_end=0x88000
CUDA_FA_ROUTE_PLAN device=0 Q=[256,2,16,1] Kraw=turbo2_tcq Vraw=q5_1 Kshape=[256,256,4,1] Vshape=[256,256,4,1] Keff=f16 Veff=q5_1 turbo_kv=1 prefer_native_vec=0 decode=1 dk=1 dv=0 unsafe_vec_after_turbo_v_decode=0 allow_vec=1 kernel=MMA_F16 need_f16_K=0 need_f16_V=1 Knb=[36,288,72,73728] Vnb=[24,768,192,196608] Keff_nb=[2,2048,512,524288] Veff_nb=[24,768,192,196608]
CUDA_FA_ROUTE_ALLOC kernel=MMA_F16 need_f16_K=0 need_f16_V=1 workspace_end_offset=557056 dst_data=(nil) f16_K=(nil) f16_V=0x8000 f16_end=0x88000
CUDA_FA_ROUTE_PLAN device=0 Q=[256,2,16,1] Kraw=turbo2_tcq Vraw=q5_1 Kshape=[256,256,4,1] Vshape=[256,256,4,1] Keff=f16 Veff=q5_1 turbo_kv=1 prefer_native_vec=0 decode=1 dk=1 dv=0 unsafe_vec_after_turbo_v_decode=0 allow_vec=1 kernel=MMA_F16 need_f16_K=0 need_f16_V=1 Knb=[36,288,72,73728] Vnb=[24,768,192,196608] Keff_nb=[2,2048,512,524288] Veff_nb=[24,768,192,196608]
CUDA_FA_ROUTE_ALLOC kernel=MMA_F16 need_f16_K=0 need_f16_V=1 workspace_end_offset=557056 dst_data=(nil) f16_K=(nil) f16_V=0x8000 f16_end=0x88000
CUDA_FA_ROUTE_PLAN device=0 Q=[256,2,16,1] Kraw=turbo2_tcq Vraw=q5_1 Kshape=[256,256,4,1] Vshape=[256,256,4,1] Keff=f16 Veff=q5_1 turbo_kv=1 prefer_native_vec=0 decode=1 dk=1 dv=0 unsafe_vec_after_turbo_v_decode=0 allow_vec=1 kernel=MMA_F16 need_f16_K=0 need_f16_V=1 Knb=[36,288,72,73728] Vnb=[24,768,192,196608] Keff_nb=[2,2048,512,524288] Veff_nb=[24,768,192,196608]
CUDA_FA_ROUTE_ALLOC kernel=MMA_F16 need_f16_K=0 need_f16_V=1 workspace_end_offset=557056 dst_data=(nil) f16_K=(nil) f16_V=0x8000 f16_end=0x88000
CUDA_FA_ROUTE_PLAN device=0 Q=[256,2,16,1] Kraw=turbo2_tcq Vraw=q5_1 Kshape=[256,256,4,1] Vshape=[256,256,4,1] Keff=f16 Veff=q5_1 turbo_kv=1 prefer_native_vec=0 decode=1 dk=1 dv=0 unsafe_vec_after_turbo_v_decode=0 allow_vec=1 kernel=MMA_F16 need_f16_K=0 need_f16_V=1 Knb=[36,288,72,73728] Vnb=[24,768,192,196608] Keff_nb=[2,2048,512,524288] Veff_nb=[24,768,192,196608]
CUDA_FA_ROUTE_ALLOC kernel=MMA_F16 need_f16_K=0 need_f16_V=1 workspace_end_offset=557056 dst_data=(nil) f16_K=(nil) f16_V=0x8000 f16_end=0x88000
CUDA_FA_ROUTE_PLAN device=0 Q=[256,2,16,1] Kraw=turbo2_tcq Vraw=q5_1 Kshape=[256,256,4,1] Vshape=[256,256,4,1] Keff=f16 Veff=q5_1 turbo_kv=1 prefer_native_vec=0 decode=1 dk=1 dv=0 unsafe_vec_after_turbo_v_decode=0 allow_vec=1 kernel=MMA_F16 need_f16_K=0 need_f16_V=1 Knb=[36,288,72,73728] Vnb=[24,768,192,196608] Keff_nb=[2,2048,512,524288] Veff_nb=[24,768,192,196608]
CUDA_FA_ROUTE_ALLOC kernel=MMA_F16 need_f16_K=0 need_f16_V=1 workspace_end_offset=557056 dst_data=(nil) f16_K=(nil) f16_V=0x8000 f16_end=0x88000
CUDA_FA_ROUTE_PLAN device=0 Q=[256,2,16,1] Kraw=turbo2_tcq Vraw=q5_1 Kshape=[256,256,4,1] Vshape=[256,256,4,1] Keff=f16 Veff=q5_1 turbo_kv=1 prefer_native_vec=0 decode=1 dk=1 dv=0 unsafe_vec_after_turbo_v_decode=0 allow_vec=1 kernel=MMA_F16 need_f16_K=0 need_f16_V=1 Knb=[36,288,72,73728] Vnb=[24,768,192,196608] Keff_nb=[2,2048,512,524288] Veff_nb=[24,768,192,196608]
CUDA_FA_ROUTE_ALLOC kernel=MMA_F16 need_f16_K=0 need_f16_V=1 workspace_end_offset=557056 dst_data=(nil) f16_K=(nil) f16_V=0x8000 f16_end=0x88000
CUDA_FA_ROUTE_PLAN device=0 Q=[256,2,16,1] Kraw=turbo2_tcq Vraw=q5_1 Kshape=[256,256,4,1] Vshape=[256,256,4,1] Keff=f16 Veff=q5_1 turbo_kv=1 prefer_native_vec=0 decode=1 dk=1 dv=0 unsafe_vec_after_turbo_v_decode=0 allow_vec=1 kernel=MMA_F16 need_f16_K=0 need_f16_V=1 Knb=[36,288,72,73728] Vnb=[24,768,192,196608] Keff_nb=[2,2048,512,524288] Veff_nb=[24,768,192,196608]
CUDA_FA_ROUTE_ALLOC kernel=MMA_F16 need_f16_K=0 need_f16_V=1 workspace_end_offset=557056 dst_data=(nil) f16_K=(nil) f16_V=0x8000 f16_end=0x88000
CUDA_FA_ROUTE_PLAN device=0 Q=[256,2,16,1] Kraw=turbo2_tcq Vraw=q5_1 Kshape=[256,256,4,1] Vshape=[256,256,4,1] Keff=f16 Veff=q5_1 turbo_kv=1 prefer_native_vec=0 decode=1 dk=1 dv=0 unsafe_vec_after_turbo_v_decode=0 allow_vec=1 kernel=MMA_F16 need_f16_K=0 need_f16_V=1 Knb=[36,288,72,73728] Vnb=[24,768,192,196608] Keff_nb=[2,2048,512,524288] Veff_nb=[24,768,192,196608]
CUDA_FA_ROUTE_ALLOC kernel=MMA_F16 need_f16_K=0 need_f16_V=1 workspace_end_offset=557056 dst_data=(nil) f16_K=(nil) f16_V=0x8000 f16_end=0x88000
CUDA_FA_ROUTE_PLAN device=0 Q=[256,2,16,1] Kraw=turbo2_tcq Vraw=q5_1 Kshape=[256,256,4,1] Vshape=[256,256,4,1] Keff=f16 Veff=q5_1 turbo_kv=1 prefer_native_vec=0 decode=1 dk=1 dv=0 unsafe_vec_after_turbo_v_decode=0 allow_vec=1 kernel=MMA_F16 need_f16_K=0 need_f16_V=1 Knb=[36,288,72,73728] Vnb=[24,768,192,196608] Keff_nb=[2,2048,512,524288] Veff_nb=[24,768,192,196608]
CUDA_FA_ROUTE_ALLOC kernel=MMA_F16 need_f16_K=0 need_f16_V=1 workspace_end_offset=557056 dst_data=(nil) f16_K=(nil) f16_V=0x8000 f16_end=0x88000
TCQ: encode V alpha=1.0 (context-adaptive decode-time alpha active)
CUDA_FA_ROUTE_PLAN device=0 Q=[256,2,16,1] Kraw=turbo2_tcq Vraw=q5_1 Kshape=[256,256,4,1] Vshape=[256,256,4,1] Keff=f16 Veff=q5_1 turbo_kv=1 prefer_native_vec=0 decode=1 dk=1 dv=0 unsafe_vec_after_turbo_v_decode=0 allow_vec=1 kernel=MMA_F16 need_f16_K=0 need_f16_V=1 Knb=[36,288,72,73728] Vnb=[24,768,192,196608] Keff_nb=[2,2048,512,524288] Veff_nb=[24,768,192,196608]
GGML_TURBO_FA_DEBUG: path=prefill-dequant K=turbo2_tcq V=q5_1 Q=[256,2,16,1] K=[256,256,4,1] V=[256,256,4,1]
TCQ decode: context-adaptive V alpha enabled
CUDA_FA_ROUTE_PLAN device=0 Q=[256,2,16,1] Kraw=turbo2_tcq Vraw=q5_1 Kshape=[256,256,4,1] Vshape=[256,256,4,1] Keff=f16 Veff=q5_1 turbo_kv=1 prefer_native_vec=0 decode=1 dk=1 dv=0 unsafe_vec_after_turbo_v_decode=0 allow_vec=1 kernel=MMA_F16 need_f16_K=0 need_f16_V=1 Knb=[36,288,72,73728] Vnb=[24,768,192,196608] Keff_nb=[2,2048,512,524288] Veff_nb=[24,768,192,196608]
GGML_TURBO_FA_DEBUG: path=prefill-dequant K=turbo2_tcq V=q5_1 Q=[256,2,16,1] K=[256,256,4,1] V=[256,256,4,1]
CUDA_FA_ROUTE_PLAN device=0 Q=[256,2,16,1] Kraw=turbo2_tcq Vraw=q5_1 Kshape=[256,256,4,1] Vshape=[256,256,4,1] Keff=f16 Veff=q5_1 turbo_kv=1 prefer_native_vec=0 decode=1 dk=1 dv=0 unsafe_vec_after_turbo_v_decode=0 allow_vec=1 kernel=MMA_F16 need_f16_K=0 need_f16_V=1 Knb=[36,288,72,73728] Vnb=[24,768,192,196608] Keff_nb=[2,2048,512,524288] Veff_nb=[24,768,192,196608]
GGML_TURBO_FA_DEBUG: path=prefill-dequant K=turbo2_tcq V=q5_1 Q=[256,2,16,1] K=[256,256,4,1] V=[256,256,4,1]
CUDA_FA_ROUTE_PLAN device=0 Q=[256,2,16,1] Kraw=turbo2_tcq Vraw=q5_1 Kshape=[256,256,4,1] Vshape=[256,256,4,1] Keff=f16 Veff=q5_1 turbo_kv=1 prefer_native_vec=0 decode=1 dk=1 dv=0 unsafe_vec_after_turbo_v_decode=0 allow_vec=1 kernel=MMA_F16 need_f16_K=0 need_f16_V=1 Knb=[36,288,72,73728] Vnb=[24,768,192,196608] Keff_nb=[2,2048,512,524288] Veff_nb=[24,768,192,196608]
GGML_TURBO_FA_DEBUG: path=prefill-dequant K=turbo2_tcq V=q5_1 Q=[256,2,16,1] K=[256,256,4,1] V=[256,256,4,1]
CUDA_FA_ROUTE_PLAN device=0 Q=[256,2,16,1] Kraw=turbo2_tcq Vraw=q5_1 Kshape=[256,256,4,1] Vshape=[256,256,4,1] Keff=f16 Veff=q5_1 turbo_kv=1 prefer_native_vec=0 decode=1 dk=1 dv=0 unsafe_vec_after_turbo_v_decode=0 allow_vec=1 kernel=MMA_F16 need_f16_K=0 need_f16_V=1 Knb=[36,288,72,73728] Vnb=[24,768,192,196608] Keff_nb=[2,2048,512,524288] Veff_nb=[24,768,192,196608]
GGML_TURBO_FA_DEBUG: path=prefill-dequant K=turbo2_tcq V=q5_1 Q=[256,2,16,1] K=[256,256,4,1] V=[256,256,4,1]
CUDA_FA_ROUTE_PLAN device=0 Q=[256,2,16,1] Kraw=turbo2_tcq Vraw=q5_1 Kshape=[256,256,4,1] Vshape=[256,256,4,1] Keff=f16 Veff=q5_1 turbo_kv=1 prefer_native_vec=0 decode=1 dk=1 dv=0 unsafe_vec_after_turbo_v_decode=0 allow_vec=1 kernel=MMA_F16 need_f16_K=0 need_f16_V=1 Knb=[36,288,72,73728] Vnb=[24,768,192,196608] Keff_nb=[2,2048,512,524288] Veff_nb=[24,768,192,196608]
GGML_TURBO_FA_DEBUG: path=prefill-dequant K=turbo2_tcq V=q5_1 Q=[256,2,16,1] K=[256,256,4,1] V=[256,256,4,1]
CUDA_FA_ROUTE_PLAN device=0 Q=[256,2,16,1] Kraw=turbo2_tcq Vraw=q5_1 Kshape=[256,256,4,1] Vshape=[256,256,4,1] Keff=f16 Veff=q5_1 turbo_kv=1 prefer_native_vec=0 decode=1 dk=1 dv=0 unsafe_vec_after_turbo_v_decode=0 allow_vec=1 kernel=MMA_F16 need_f16_K=0 need_f16_V=1 Knb=[36,288,72,73728] Vnb=[24,768,192,196608] Keff_nb=[2,2048,512,524288] Veff_nb=[24,768,192,196608]
GGML_TURBO_FA_DEBUG: path=prefill-dequant K=turbo2_tcq V=q5_1 Q=[256,2,16,1] K=[256,256,4,1] V=[256,256,4,1]
CUDA_FA_ROUTE_PLAN device=0 Q=[256,2,16,1] Kraw=turbo2_tcq Vraw=q5_1 Kshape=[256,256,4,1] Vshape=[256,256,4,1] Keff=f16 Veff=q5_1 turbo_kv=1 prefer_native_vec=0 decode=1 dk=1 dv=0 unsafe_vec_after_turbo_v_decode=0 allow_vec=1 kernel=MMA_F16 need_f16_K=0 need_f16_V=1 Knb=[36,288,72,73728] Vnb=[24,768,192,196608] Keff_nb=[2,2048,512,524288] Veff_nb=[24,768,192,196608]
GGML_TURBO_FA_DEBUG: path=prefill-dequant K=turbo2_tcq V=q5_1 Q=[256,2,16,1] K=[256,256,4,1] V=[256,256,4,1]
0.02.530.034 I llama_completion: llama threadpool init, n_threads = 6
0.02.530.050 I 
0.02.530.103 I system_info: n_threads = 6 (n_threads_batch = 6) / 12 | CUDA : ARCHS = 860 | USE_GRAPHS = 1 | CPU : SSE3 = 1 | SSSE3 = 1 | AVX = 1 | AVX_VNNI = 1 | AVX2 = 1 | F16C = 1 | FMA = 1 | BMI2 = 1 | LLAMAFILE = 1 | OPENMP = 1 | REPACK = 1 | 
0.02.530.105 I 
0.02.530.155 I sampler seed: 4199010346
0.02.530.162 I sampler params: 
	repeat_last_n = 64, repeat_penalty = 1.000, frequency_penalty = 0.000, presence_penalty = 0.000
	dry_multiplier = 0.000, dry_base = 1.750, dry_allowed_length = 2, dry_penalty_last_n = -1
	top_k = 40, top_p = 0.950, min_p = 0.050, xtc_probability = 0.000, xtc_threshold = 0.100, typical_p = 1.000, top_n_sigma = -1.000, temp = 0.800
	mirostat = 0, mirostat_lr = 0.100, mirostat_ent = 5.000, adaptive_target = -1.000, adaptive_decay = 0.900
0.02.530.166 I sampler chain: logits -> ?penalties -> ?dry -> ?top-n-sigma -> top-k -> ?typical -> top-p -> min-p -> ?xtc -> temp-ext -> dist 
0.02.530.180 I generate: n_ctx = 256, n_batch = 2048, n_predict = 2, n_keep = 0
0.02.530.180 I 
The capital of France isCUDA_FA_ROUTE_PLAN device=0 Q=[256,5,16,1] Kraw=turbo2_tcq Vraw=q5_1 Kshape=[256,256,4,1] Vshape=[256,256,4,1] Keff=f16 Veff=q5_1 turbo_kv=1 prefer_native_vec=0 decode=1 dk=1 dv=0 unsafe_vec_after_turbo_v_decode=0 allow_vec=1 kernel=MMA_F16 need_f16_K=0 need_f16_V=1 Knb=[36,288,72,73728] Vnb=[24,768,192,196608] Keff_nb=[2,2048,512,524288] Veff_nb=[24,768,192,196608]
CUDA_FA_ROUTE_SUPPORTED kernel=MMA_F16 effK=f16 effV=q5_1 supported=1
CUDA_FA_ROUTE_PLAN device=0 Q=[256,5,16,1] Kraw=turbo2_tcq Vraw=q5_1 Kshape=[256,256,4,1] Vshape=[256,256,4,1] Keff=f16 Veff=q5_1 turbo_kv=1 prefer_native_vec=0 decode=1 dk=1 dv=0 unsafe_vec_after_turbo_v_decode=0 allow_vec=1 kernel=MMA_F16 need_f16_K=0 need_f16_V=1 Knb=[36,288,72,73728] Vnb=[24,768,192,196608] Keff_nb=[2,2048,512,524288] Veff_nb=[24,768,192,196608]
CUDA_FA_ROUTE_SUPPORTED kernel=MMA_F16 effK=f16 effV=q5_1 supported=1
CUDA_FA_ROUTE_PLAN device=0 Q=[256,5,16,1] Kraw=turbo2_tcq Vraw=q5_1 Kshape=[256,256,4,1] Vshape=[256,256,4,1] Keff=f16 Veff=q5_1 turbo_kv=1 prefer_native_vec=0 decode=1 dk=1 dv=0 unsafe_vec_after_turbo_v_decode=0 allow_vec=1 kernel=MMA_F16 need_f16_K=0 need_f16_V=1 Knb=[36,288,72,73728] Vnb=[24,768,192,196608] Keff_nb=[2,2048,512,524288] Veff_nb=[24,768,192,196608]
CUDA_FA_ROUTE_SUPPORTED kernel=MMA_F16 effK=f16 effV=q5_1 supported=1
CUDA_FA_ROUTE_PLAN device=0 Q=[256,5,16,1] Kraw=turbo2_tcq Vraw=q5_1 Kshape=[256,256,4,1] Vshape=[256,256,4,1] Keff=f16 Veff=q5_1 turbo_kv=1 prefer_native_vec=0 decode=1 dk=1 dv=0 unsafe_vec_after_turbo_v_decode=0 allow_vec=1 kernel=MMA_F16 need_f16_K=0 need_f16_V=1 Knb=[36,288,72,73728] Vnb=[24,768,192,196608] Keff_nb=[2,2048,512,524288] Veff_nb=[24,768,192,196608]
CUDA_FA_ROUTE_SUPPORTED kernel=MMA_F16 effK=f16 effV=q5_1 supported=1
CUDA_FA_ROUTE_PLAN device=0 Q=[256,5,16,1] Kraw=turbo2_tcq Vraw=q5_1 Kshape=[256,256,4,1] Vshape=[256,256,4,1] Keff=f16 Veff=q5_1 turbo_kv=1 prefer_native_vec=0 decode=1 dk=1 dv=0 unsafe_vec_after_turbo_v_decode=0 allow_vec=1 kernel=MMA_F16 need_f16_K=0 need_f16_V=1 Knb=[36,288,72,73728] Vnb=[24,768,192,196608] Keff_nb=[2,2048,512,524288] Veff_nb=[24,768,192,196608]
CUDA_FA_ROUTE_SUPPORTED kernel=MMA_F16 effK=f16 effV=q5_1 supported=1
CUDA_FA_ROUTE_PLAN device=0 Q=[256,5,16,1] Kraw=turbo2_tcq Vraw=q5_1 Kshape=[256,256,4,1] Vshape=[256,256,4,1] Keff=f16 Veff=q5_1 turbo_kv=1 prefer_native_vec=0 decode=1 dk=1 dv=0 unsafe_vec_after_turbo_v_decode=0 allow_vec=1 kernel=MMA_F16 need_f16_K=0 need_f16_V=1 Knb=[36,288,72,73728] Vnb=[24,768,192,196608] Keff_nb=[2,2048,512,524288] Veff_nb=[24,768,192,196608]
CUDA_FA_ROUTE_SUPPORTED kernel=MMA_F16 effK=f16 effV=q5_1 supported=1
CUDA_FA_ROUTE_PLAN device=0 Q=[256,5,16,1] Kraw=turbo2_tcq Vraw=q5_1 Kshape=[256,256,4,1] Vshape=[256,256,4,1] Keff=f16 Veff=q5_1 turbo_kv=1 prefer_native_vec=0 decode=1 dk=1 dv=0 unsafe_vec_after_turbo_v_decode=0 allow_vec=1 kernel=MMA_F16 need_f16_K=0 need_f16_V=1 Knb=[36,288,72,73728] Vnb=[24,768,192,196608] Keff_nb=[2,2048,512,524288] Veff_nb=[24,768,192,196608]
CUDA_FA_ROUTE_SUPPORTED kernel=MMA_F16 effK=f16 effV=q5_1 supported=1
CUDA_FA_ROUTE_PLAN device=0 Q=[256,5,16,1] Kraw=turbo2_tcq Vraw=q5_1 Kshape=[256,256,4,1] Vshape=[256,256,4,1] Keff=f16 Veff=q5_1 turbo_kv=1 prefer_native_vec=0 decode=1 dk=1 dv=0 unsafe_vec_after_turbo_v_decode=0 allow_vec=1 kernel=MMA_F16 need_f16_K=0 need_f16_V=1 Knb=[36,288,72,73728] Vnb=[24,768,192,196608] Keff_nb=[2,2048,512,524288] Veff_nb=[24,768,192,196608]
CUDA_FA_ROUTE_SUPPORTED kernel=MMA_F16 effK=f16 effV=q5_1 supported=1
CUDA_FA_ROUTE_PLAN device=0 Q=[256,5,16,1] Kraw=turbo2_tcq Vraw=q5_1 Kshape=[256,256,4,1] Vshape=[256,256,4,1] Keff=f16 Veff=q5_1 turbo_kv=1 prefer_native_vec=0 decode=1 dk=1 dv=0 unsafe_vec_after_turbo_v_decode=0 allow_vec=1 kernel=MMA_F16 need_f16_K=0 need_f16_V=1 Knb=[36,288,72,73728] Vnb=[24,768,192,196608] Keff_nb=[2,2048,512,524288] Veff_nb=[24,768,192,196608]
CUDA_FA_ROUTE_ALLOC kernel=MMA_F16 need_f16_K=0 need_f16_V=1 workspace_end_offset=606208 dst_data=(nil) f16_K=(nil) f16_V=0x14000 f16_end=0x94000
CUDA_FA_ROUTE_PLAN device=0 Q=[256,5,16,1] Kraw=turbo2_tcq Vraw=q5_1 Kshape=[256,256,4,1] Vshape=[256,256,4,1] Keff=f16 Veff=q5_1 turbo_kv=1 prefer_native_vec=0 decode=1 dk=1 dv=0 unsafe_vec_after_turbo_v_decode=0 allow_vec=1 kernel=MMA_F16 need_f16_K=0 need_f16_V=1 Knb=[36,288,72,73728] Vnb=[24,768,192,196608] Keff_nb=[2,2048,512,524288] Veff_nb=[24,768,192,196608]
CUDA_FA_ROUTE_ALLOC kernel=MMA_F16 need_f16_K=0 need_f16_V=1 workspace_end_offset=606208 dst_data=(nil) f16_K=(nil) f16_V=0x14000 f16_end=0x94000
CUDA_FA_ROUTE_PLAN device=0 Q=[256,5,16,1] Kraw=turbo2_tcq Vraw=q5_1 Kshape=[256,256,4,1] Vshape=[256,256,4,1] Keff=f16 Veff=q5_1 turbo_kv=1 prefer_native_vec=0 decode=1 dk=1 dv=0 unsafe_vec_after_turbo_v_decode=0 allow_vec=1 kernel=MMA_F16 need_f16_K=0 need_f16_V=1 Knb=[36,288,72,73728] Vnb=[24,768,192,196608] Keff_nb=[2,2048,512,524288] Veff_nb=[24,768,192,196608]
CUDA_FA_ROUTE_ALLOC kernel=MMA_F16 need_f16_K=0 need_f16_V=1 workspace_end_offset=606208 dst_data=(nil) f16_K=(nil) f16_V=0x14000 f16_end=0x94000
CUDA_FA_ROUTE_PLAN device=0 Q=[256,5,16,1] Kraw=turbo2_tcq Vraw=q5_1 Kshape=[256,256,4,1] Vshape=[256,256,4,1] Keff=f16 Veff=q5_1 turbo_kv=1 prefer_native_vec=0 decode=1 dk=1 dv=0 unsafe_vec_after_turbo_v_decode=0 allow_vec=1 kernel=MMA_F16 need_f16_K=0 need_f16_V=1 Knb=[36,288,72,73728] Vnb=[24,768,192,196608] Keff_nb=[2,2048,512,524288] Veff_nb=[24,768,192,196608]
CUDA_FA_ROUTE_ALLOC kernel=MMA_F16 need_f16_K=0 need_f16_V=1 workspace_end_offset=606208 dst_data=(nil) f16_K=(nil) f16_V=0x14000 f16_end=0x94000
CUDA_FA_ROUTE_PLAN device=0 Q=[256,5,16,1] Kraw=turbo2_tcq Vraw=q5_1 Kshape=[256,256,4,1] Vshape=[256,256,4,1] Keff=f16 Veff=q5_1 turbo_kv=1 prefer_native_vec=0 decode=1 dk=1 dv=0 unsafe_vec_after_turbo_v_decode=0 allow_vec=1 kernel=MMA_F16 need_f16_K=0 need_f16_V=1 Knb=[36,288,72,73728] Vnb=[24,768,192,196608] Keff_nb=[2,2048,512,524288] Veff_nb=[24,768,192,196608]
CUDA_FA_ROUTE_ALLOC kernel=MMA_F16 need_f16_K=0 need_f16_V=1 workspace_end_offset=606208 dst_data=(nil) f16_K=(nil) f16_V=0x14000 f16_end=0x94000
CUDA_FA_ROUTE_PLAN device=0 Q=[256,5,16,1] Kraw=turbo2_tcq Vraw=q5_1 Kshape=[256,256,4,1] Vshape=[256,256,4,1] Keff=f16 Veff=q5_1 turbo_kv=1 prefer_native_vec=0 decode=1 dk=1 dv=0 unsafe_vec_after_turbo_v_decode=0 allow_vec=1 kernel=MMA_F16 need_f16_K=0 need_f16_V=1 Knb=[36,288,72,73728] Vnb=[24,768,192,196608] Keff_nb=[2,2048,512,524288] Veff_nb=[24,768,192,196608]
CUDA_FA_ROUTE_ALLOC kernel=MMA_F16 need_f16_K=0 need_f16_V=1 workspace_end_offset=606208 dst_data=(nil) f16_K=(nil) f16_V=0x14000 f16_end=0x94000
CUDA_FA_ROUTE_PLAN device=0 Q=[256,5,16,1] Kraw=turbo2_tcq Vraw=q5_1 Kshape=[256,256,4,1] Vshape=[256,256,4,1] Keff=f16 Veff=q5_1 turbo_kv=1 prefer_native_vec=0 decode=1 dk=1 dv=0 unsafe_vec_after_turbo_v_decode=0 allow_vec=1 kernel=MMA_F16 need_f16_K=0 need_f16_V=1 Knb=[36,288,72,73728] Vnb=[24,768,192,196608] Keff_nb=[2,2048,512,524288] Veff_nb=[24,768,192,196608]
CUDA_FA_ROUTE_ALLOC kernel=MMA_F16 need_f16_K=0 need_f16_V=1 workspace_end_offset=606208 dst_data=(nil) f16_K=(nil) f16_V=0x14000 f16_end=0x94000
CUDA_FA_ROUTE_PLAN device=0 Q=[256,5,16,1] Kraw=turbo2_tcq Vraw=q5_1 Kshape=[256,256,4,1] Vshape=[256,256,4,1] Keff=f16 Veff=q5_1 turbo_kv=1 prefer_native_vec=0 decode=1 dk=1 dv=0 unsafe_vec_after_turbo_v_decode=0 allow_vec=1 kernel=MMA_F16 need_f16_K=0 need_f16_V=1 Knb=[36,288,72,73728] Vnb=[24,768,192,196608] Keff_nb=[2,2048,512,524288] Veff_nb=[24,768,192,196608]
CUDA_FA_ROUTE_ALLOC kernel=MMA_F16 need_f16_K=0 need_f16_V=1 workspace_end_offset=606208 dst_data=(nil) f16_K=(nil) f16_V=0x14000 f16_end=0x94000
CUDA_FA_ROUTE_PLAN device=0 Q=[256,5,16,1] Kraw=turbo2_tcq Vraw=q5_1 Kshape=[256,256,4,1] Vshape=[256,256,4,1] Keff=f16 Veff=q5_1 turbo_kv=1 prefer_native_vec=0 decode=1 dk=1 dv=0 unsafe_vec_after_turbo_v_decode=0 allow_vec=1 kernel=MMA_F16 need_f16_K=0 need_f16_V=1 Knb=[36,288,72,73728] Vnb=[24,768,192,196608] Keff_nb=[2,2048,512,524288] Veff_nb=[24,768,192,196608]
CUDA_FA_ROUTE_ALLOC kernel=MMA_F16 need_f16_K=0 need_f16_V=1 workspace_end_offset=606208 dst_data=(nil) f16_K=(nil) f16_V=0x14000 f16_end=0x94000
CUDA_FA_ROUTE_PLAN device=0 Q=[256,5,16,1] Kraw=turbo2_tcq Vraw=q5_1 Kshape=[256,256,4,1] Vshape=[256,256,4,1] Keff=f16 Veff=q5_1 turbo_kv=1 prefer_native_vec=0 decode=1 dk=1 dv=0 unsafe_vec_after_turbo_v_decode=0 allow_vec=1 kernel=MMA_F16 need_f16_K=0 need_f16_V=1 Knb=[36,288,72,73728] Vnb=[24,768,192,196608] Keff_nb=[2,2048,512,524288] Veff_nb=[24,768,192,196608]
CUDA_FA_ROUTE_ALLOC kernel=MMA_F16 need_f16_K=0 need_f16_V=1 workspace_end_offset=606208 dst_data=(nil) f16_K=(nil) f16_V=0x14000 f16_end=0x94000
CUDA_FA_ROUTE_PLAN device=0 Q=[256,5,16,1] Kraw=turbo2_tcq Vraw=q5_1 Kshape=[256,256,4,1] Vshape=[256,256,4,1] Keff=f16 Veff=q5_1 turbo_kv=1 prefer_native_vec=0 decode=1 dk=1 dv=0 unsafe_vec_after_turbo_v_decode=0 allow_vec=1 kernel=MMA_F16 need_f16_K=0 need_f16_V=1 Knb=[36,288,72,73728] Vnb=[24,768,192,196608] Keff_nb=[2,2048,512,524288] Veff_nb=[24,768,192,196608]
CUDA_FA_ROUTE_ALLOC kernel=MMA_F16 need_f16_K=0 need_f16_V=1 workspace_end_offset=606208 dst_data=(nil) f16_K=(nil) f16_V=0x14000 f16_end=0x94000
CUDA_FA_ROUTE_PLAN device=0 Q=[256,5,16,1] Kraw=turbo2_tcq Vraw=q5_1 Kshape=[256,256,4,1] Vshape=[256,256,4,1] Keff=f16 Veff=q5_1 turbo_kv=1 prefer_native_vec=0 decode=1 dk=1 dv=0 unsafe_vec_after_turbo_v_decode=0 allow_vec=1 kernel=MMA_F16 need_f16_K=0 need_f16_V=1 Knb=[36,288,72,73728] Vnb=[24,768,192,196608] Keff_nb=[2,2048,512,524288] Veff_nb=[24,768,192,196608]
CUDA_FA_ROUTE_ALLOC kernel=MMA_F16 need_f16_K=0 need_f16_V=1 workspace_end_offset=606208 dst_data=(nil) f16_K=(nil) f16_V=0x14000 f16_end=0x94000
CUDA_FA_ROUTE_PLAN device=0 Q=[256,5,16,1] Kraw=turbo2_tcq Vraw=q5_1 Kshape=[256,256,4,1] Vshape=[256,256,4,1] Keff=f16 Veff=q5_1 turbo_kv=1 prefer_native_vec=0 decode=1 dk=1 dv=0 unsafe_vec_after_turbo_v_decode=0 allow_vec=1 kernel=MMA_F16 need_f16_K=0 need_f16_V=1 Knb=[36,288,72,73728] Vnb=[24,768,192,196608] Keff_nb=[2,2048,512,524288] Veff_nb=[24,768,192,196608]
CUDA_FA_ROUTE_ALLOC kernel=MMA_F16 need_f16_K=0 need_f16_V=1 workspace_end_offset=606208 dst_data=(nil) f16_K=(nil) f16_V=0x14000 f16_end=0x94000
CUDA_FA_ROUTE_PLAN device=0 Q=[256,5,16,1] Kraw=turbo2_tcq Vraw=q5_1 Kshape=[256,256,4,1] Vshape=[256,256,4,1] Keff=f16 Veff=q5_1 turbo_kv=1 prefer_native_vec=0 decode=1 dk=1 dv=0 unsafe_vec_after_turbo_v_decode=0 allow_vec=1 kernel=MMA_F16 need_f16_K=0 need_f16_V=1 Knb=[36,288,72,73728] Vnb=[24,768,192,196608] Keff_nb=[2,2048,512,524288] Veff_nb=[24,768,192,196608]
CUDA_FA_ROUTE_ALLOC kernel=MMA_F16 need_f16_K=0 need_f16_V=1 workspace_end_offset=606208 dst_data=(nil) f16_K=(nil) f16_V=0x14000 f16_end=0x94000
CUDA_FA_ROUTE_PLAN device=0 Q=[256,5,16,1] Kraw=turbo2_tcq Vraw=q5_1 Kshape=[256,256,4,1] Vshape=[256,256,4,1] Keff=f16 Veff=q5_1 turbo_kv=1 prefer_native_vec=0 decode=1 dk=1 dv=0 unsafe_vec_after_turbo_v_decode=0 allow_vec=1 kernel=MMA_F16 need_f16_K=0 need_f16_V=1 Knb=[36,288,72,73728] Vnb=[24,768,192,196608] Keff_nb=[2,2048,512,524288] Veff_nb=[24,768,192,196608]
CUDA_FA_ROUTE_ALLOC kernel=MMA_F16 need_f16_K=0 need_f16_V=1 workspace_end_offset=606208 dst_data=(nil) f16_K=(nil) f16_V=0x14000 f16_end=0x94000
CUDA_FA_ROUTE_PLAN device=0 Q=[256,5,16,1] Kraw=turbo2_tcq Vraw=q5_1 Kshape=[256,256,4,1] Vshape=[256,256,4,1] Keff=f16 Veff=q5_1 turbo_kv=1 prefer_native_vec=0 decode=1 dk=1 dv=0 unsafe_vec_after_turbo_v_decode=0 allow_vec=1 kernel=MMA_F16 need_f16_K=0 need_f16_V=1 Knb=[36,288,72,73728] Vnb=[24,768,192,196608] Keff_nb=[2,2048,512,524288] Veff_nb=[24,768,192,196608]
CUDA_FA_ROUTE_ALLOC kernel=MMA_F16 need_f16_K=0 need_f16_V=1 workspace_end_offset=606208 dst_data=(nil) f16_K=(nil) f16_V=0x14000 f16_end=0x94000
CUDA_FA_ROUTE_PLAN device=0 Q=[256,5,16,1] Kraw=turbo2_tcq Vraw=q5_1 Kshape=[256,256,4,1] Vshape=[256,256,4,1] Keff=f16 Veff=q5_1 turbo_kv=1 prefer_native_vec=0 decode=1 dk=1 dv=0 unsafe_vec_after_turbo_v_decode=0 allow_vec=1 kernel=MMA_F16 need_f16_K=0 need_f16_V=1 Knb=[36,288,72,73728] Vnb=[24,768,192,196608] Keff_nb=[2,2048,512,524288] Veff_nb=[24,768,192,196608]
CUDA_FA_ROUTE_ALLOC kernel=MMA_F16 need_f16_K=0 need_f16_V=1 workspace_end_offset=606208 dst_data=(nil) f16_K=(nil) f16_V=0x14000 f16_end=0x94000
CUDA_FA_ROUTE_PLAN device=0 Q=[256,5,16,1] Kraw=turbo2_tcq Vraw=q5_1 Kshape=[256,256,4,1] Vshape=[256,256,4,1] Keff=f16 Veff=q5_1 turbo_kv=1 prefer_native_vec=0 decode=1 dk=1 dv=0 unsafe_vec_after_turbo_v_decode=0 allow_vec=1 kernel=MMA_F16 need_f16_K=0 need_f16_V=1 Knb=[36,288,72,73728] Vnb=[24,768,192,196608] Keff_nb=[2,2048,512,524288] Veff_nb=[24,768,192,196608]
CUDA_FA_ROUTE_ALLOC kernel=MMA_F16 need_f16_K=0 need_f16_V=1 workspace_end_offset=606208 dst_data=(nil) f16_K=(nil) f16_V=0x14000 f16_end=0x94000
CUDA_FA_ROUTE_PLAN device=0 Q=[256,5,16,1] Kraw=turbo2_tcq Vraw=q5_1 Kshape=[256,256,4,1] Vshape=[256,256,4,1] Keff=f16 Veff=q5_1 turbo_kv=1 prefer_native_vec=0 decode=1 dk=1 dv=0 unsafe_vec_after_turbo_v_decode=0 allow_vec=1 kernel=MMA_F16 need_f16_K=0 need_f16_V=1 Knb=[36,288,72,73728] Vnb=[24,768,192,196608] Keff_nb=[2,2048,512,524288] Veff_nb=[24,768,192,196608]
CUDA_FA_ROUTE_ALLOC kernel=MMA_F16 need_f16_K=0 need_f16_V=1 workspace_end_offset=606208 dst_data=(nil) f16_K=(nil) f16_V=0x14000 f16_end=0x94000
CUDA_FA_ROUTE_PLAN device=0 Q=[256,5,16,1] Kraw=turbo2_tcq Vraw=q5_1 Kshape=[256,256,4,1] Vshape=[256,256,4,1] Keff=f16 Veff=q5_1 turbo_kv=1 prefer_native_vec=0 decode=1 dk=1 dv=0 unsafe_vec_after_turbo_v_decode=0 allow_vec=1 kernel=MMA_F16 need_f16_K=0 need_f16_V=1 Knb=[36,288,72,73728] Vnb=[24,768,192,196608] Keff_nb=[2,2048,512,524288] Veff_nb=[24,768,192,196608]
CUDA_FA_ROUTE_ALLOC kernel=MMA_F16 need_f16_K=0 need_f16_V=1 workspace_end_offset=606208 dst_data=(nil) f16_K=(nil) f16_V=0x14000 f16_end=0x94000
CUDA_FA_ROUTE_PLAN device=0 Q=[256,5,16,1] Kraw=turbo2_tcq Vraw=q5_1 Kshape=[256,256,4,1] Vshape=[256,256,4,1] Keff=f16 Veff=q5_1 turbo_kv=1 prefer_native_vec=0 decode=1 dk=1 dv=0 unsafe_vec_after_turbo_v_decode=0 allow_vec=1 kernel=MMA_F16 need_f16_K=0 need_f16_V=1 Knb=[36,288,72,73728] Vnb=[24,768,192,196608] Keff_nb=[2,2048,512,524288] Veff_nb=[24,768,192,196608]
CUDA_FA_ROUTE_ALLOC kernel=MMA_F16 need_f16_K=0 need_f16_V=1 workspace_end_offset=606208 dst_data=(nil) f16_K=(nil) f16_V=0x14000 f16_end=0x94000
CUDA_FA_ROUTE_PLAN device=0 Q=[256,5,16,1] Kraw=turbo2_tcq Vraw=q5_1 Kshape=[256,256,4,1] Vshape=[256,256,4,1] Keff=f16 Veff=q5_1 turbo_kv=1 prefer_native_vec=0 decode=1 dk=1 dv=0 unsafe_vec_after_turbo_v_decode=0 allow_vec=1 kernel=MMA_F16 need_f16_K=0 need_f16_V=1 Knb=[36,288,72,73728] Vnb=[24,768,192,196608] Keff_nb=[2,2048,512,524288] Veff_nb=[24,768,192,196608]
CUDA_FA_ROUTE_ALLOC kernel=MMA_F16 need_f16_K=0 need_f16_V=1 workspace_end_offset=606208 dst_data=(nil) f16_K=(nil) f16_V=0x14000 f16_end=0x94000
CUDA_FA_ROUTE_PLAN device=0 Q=[256,5,16,1] Kraw=turbo2_tcq Vraw=q5_1 Kshape=[256,256,4,1] Vshape=[256,256,4,1] Keff=f16 Veff=q5_1 turbo_kv=1 prefer_native_vec=0 decode=1 dk=1 dv=0 unsafe_vec_after_turbo_v_decode=0 allow_vec=1 kernel=MMA_F16 need_f16_K=0 need_f16_V=1 Knb=[36,288,72,73728] Vnb=[24,768,192,196608] Keff_nb=[2,2048,512,524288] Veff_nb=[24,768,192,196608]
CUDA_FA_ROUTE_ALLOC kernel=MMA_F16 need_f16_K=0 need_f16_V=1 workspace_end_offset=606208 dst_data=(nil) f16_K=(nil) f16_V=0x14000 f16_end=0x94000
CUDA_FA_ROUTE_PLAN device=0 Q=[256,5,16,1] Kraw=turbo2_tcq Vraw=q5_1 Kshape=[256,256,4,1] Vshape=[256,256,4,1] Keff=f16 Veff=q5_1 turbo_kv=1 prefer_native_vec=0 decode=1 dk=1 dv=0 unsafe_vec_after_turbo_v_decode=0 allow_vec=1 kernel=MMA_F16 need_f16_K=0 need_f16_V=1 Knb=[36,288,72,73728] Vnb=[24,768,192,196608] Keff_nb=[2,2048,512,524288] Veff_nb=[24,768,192,196608]
CUDA_FA_ROUTE_ALLOC kernel=MMA_F16 need_f16_K=0 need_f16_V=1 workspace_end_offset=606208 dst_data=(nil) f16_K=(nil) f16_V=0x14000 f16_end=0x94000
CUDA_FA_ROUTE_PLAN device=0 Q=[256,5,16,1] Kraw=turbo2_tcq Vraw=q5_1 Kshape=[256,256,4,1] Vshape=[256,256,4,1] Keff=f16 Veff=q5_1 turbo_kv=1 prefer_native_vec=0 decode=1 dk=1 dv=0 unsafe_vec_after_turbo_v_decode=0 allow_vec=1 kernel=MMA_F16 need_f16_K=0 need_f16_V=1 Knb=[36,288,72,73728] Vnb=[24,768,192,196608] Keff_nb=[2,2048,512,524288] Veff_nb=[24,768,192,196608]
CUDA_FA_ROUTE_ALLOC kernel=MMA_F16 need_f16_K=0 need_f16_V=1 workspace_end_offset=606208 dst_data=(nil) f16_K=(nil) f16_V=0x14000 f16_end=0x94000
CUDA_FA_ROUTE_PLAN device=0 Q=[256,5,16,1] Kraw=turbo2_tcq Vraw=q5_1 Kshape=[256,256,4,1] Vshape=[256,256,4,1] Keff=f16 Veff=q5_1 turbo_kv=1 prefer_native_vec=0 decode=1 dk=1 dv=0 unsafe_vec_after_turbo_v_decode=0 allow_vec=1 kernel=MMA_F16 need_f16_K=0 need_f16_V=1 Knb=[36,288,72,73728] Vnb=[24,768,192,196608] Keff_nb=[2,2048,512,524288] Veff_nb=[24,768,192,196608]
CUDA_FA_ROUTE_ALLOC kernel=MMA_F16 need_f16_K=0 need_f16_V=1 workspace_end_offset=606208 dst_data=(nil) f16_K=(nil) f16_V=0x14000 f16_end=0x94000
CUDA_FA_ROUTE_PLAN device=0 Q=[256,5,16,1] Kraw=turbo2_tcq Vraw=q5_1 Kshape=[256,256,4,1] Vshape=[256,256,4,1] Keff=f16 Veff=q5_1 turbo_kv=1 prefer_native_vec=0 decode=1 dk=1 dv=0 unsafe_vec_after_turbo_v_decode=0 allow_vec=1 kernel=MMA_F16 need_f16_K=0 need_f16_V=1 Knb=[36,288,72,73728] Vnb=[24,768,192,196608] Keff_nb=[2,2048,512,524288] Veff_nb=[24,768,192,196608]
CUDA_FA_ROUTE_ALLOC kernel=MMA_F16 need_f16_K=0 need_f16_V=1 workspace_end_offset=606208 dst_data=(nil) f16_K=(nil) f16_V=0x14000 f16_end=0x94000
CUDA_FA_ROUTE_PLAN device=0 Q=[256,5,16,1] Kraw=turbo2_tcq Vraw=q5_1 Kshape=[256,256,4,1] Vshape=[256,256,4,1] Keff=f16 Veff=q5_1 turbo_kv=1 prefer_native_vec=0 decode=1 dk=1 dv=0 unsafe_vec_after_turbo_v_decode=0 allow_vec=1 kernel=MMA_F16 need_f16_K=0 need_f16_V=1 Knb=[36,288,72,73728] Vnb=[24,768,192,196608] Keff_nb=[2,2048,512,524288] Veff_nb=[24,768,192,196608]
CUDA_FA_ROUTE_ALLOC kernel=MMA_F16 need_f16_K=0 need_f16_V=1 workspace_end_offset=606208 dst_data=(nil) f16_K=(nil) f16_V=0x14000 f16_end=0x94000
CUDA_FA_ROUTE_PLAN device=0 Q=[256,5,16,1] Kraw=turbo2_tcq Vraw=q5_1 Kshape=[256,256,4,1] Vshape=[256,256,4,1] Keff=f16 Veff=q5_1 turbo_kv=1 prefer_native_vec=0 decode=1 dk=1 dv=0 unsafe_vec_after_turbo_v_decode=0 allow_vec=1 kernel=MMA_F16 need_f16_K=0 need_f16_V=1 Knb=[36,288,72,73728] Vnb=[24,768,192,196608] Keff_nb=[2,2048,512,524288] Veff_nb=[24,768,192,196608]
CUDA_FA_ROUTE_ALLOC kernel=MMA_F16 need_f16_K=0 need_f16_V=1 workspace_end_offset=606208 dst_data=(nil) f16_K=(nil) f16_V=0x14000 f16_end=0x94000
CUDA_FA_ROUTE_PLAN device=0 Q=[256,5,16,1] Kraw=turbo2_tcq Vraw=q5_1 Kshape=[256,256,4,1] Vshape=[256,256,4,1] Keff=f16 Veff=q5_1 turbo_kv=1 prefer_native_vec=0 decode=1 dk=1 dv=0 unsafe_vec_after_turbo_v_decode=0 allow_vec=1 kernel=MMA_F16 need_f16_K=0 need_f16_V=1 Knb=[36,288,72,73728] Vnb=[24,768,192,196608] Keff_nb=[2,2048,512,524288] Veff_nb=[24,768,192,196608]
CUDA_FA_ROUTE_ALLOC kernel=MMA_F16 need_f16_K=0 need_f16_V=1 workspace_end_offset=606208 dst_data=(nil) f16_K=(nil) f16_V=0x14000 f16_end=0x94000
CUDA_FA_ROUTE_PLAN device=0 Q=[256,5,16,1] Kraw=turbo2_tcq Vraw=q5_1 Kshape=[256,256,4,1] Vshape=[256,256,4,1] Keff=f16 Veff=q5_1 turbo_kv=1 prefer_native_vec=0 decode=1 dk=1 dv=0 unsafe_vec_after_turbo_v_decode=0 allow_vec=1 kernel=MMA_F16 need_f16_K=0 need_f16_V=1 Knb=[36,288,72,73728] Vnb=[24,768,192,196608] Keff_nb=[2,2048,512,524288] Veff_nb=[24,768,192,196608]
CUDA_FA_ROUTE_ALLOC kernel=MMA_F16 need_f16_K=0 need_f16_V=1 workspace_end_offset=606208 dst_data=(nil) f16_K=(nil) f16_V=0x14000 f16_end=0x94000
CUDA_FA_ROUTE_PLAN device=0 Q=[256,5,16,1] Kraw=turbo2_tcq Vraw=q5_1 Kshape=[256,256,4,1] Vshape=[256,256,4,1] Keff=f16 Veff=q5_1 turbo_kv=1 prefer_native_vec=0 decode=1 dk=1 dv=0 unsafe_vec_after_turbo_v_decode=0 allow_vec=1 kernel=MMA_F16 need_f16_K=0 need_f16_V=1 Knb=[36,288,72,73728] Vnb=[24,768,192,196608] Keff_nb=[2,2048,512,524288] Veff_nb=[24,768,192,196608]
CUDA_FA_ROUTE_ALLOC kernel=MMA_F16 need_f16_K=0 need_f16_V=1 workspace_end_offset=606208 dst_data=(nil) f16_K=(nil) f16_V=0x14000 f16_end=0x94000
CUDA_FA_ROUTE_PLAN device=0 Q=[256,5,16,1] Kraw=turbo2_tcq Vraw=q5_1 Kshape=[256,256,4,1] Vshape=[256,256,4,1] Keff=f16 Veff=q5_1 turbo_kv=1 prefer_native_vec=0 decode=1 dk=1 dv=0 unsafe_vec_after_turbo_v_decode=0 allow_vec=1 kernel=MMA_F16 need_f16_K=0 need_f16_V=1 Knb=[36,288,72,73728] Vnb=[24,768,192,196608] Keff_nb=[2,2048,512,524288] Veff_nb=[24,768,192,196608]
CUDA_FA_ROUTE_ALLOC kernel=MMA_F16 need_f16_K=0 need_f16_V=1 workspace_end_offset=606208 dst_data=(nil) f16_K=(nil) f16_V=0x14000 f16_end=0x94000
CUDA_FA_ROUTE_PLAN device=0 Q=[256,5,16,1] Kraw=turbo2_tcq Vraw=q5_1 Kshape=[256,256,4,1] Vshape=[256,256,4,1] Keff=f16 Veff=q5_1 turbo_kv=1 prefer_native_vec=0 decode=1 dk=1 dv=0 unsafe_vec_after_turbo_v_decode=0 allow_vec=1 kernel=MMA_F16 need_f16_K=0 need_f16_V=1 Knb=[36,288,72,73728] Vnb=[24,768,192,196608] Keff_nb=[2,2048,512,524288] Veff_nb=[24,768,192,196608]
CUDA_FA_ROUTE_ALLOC kernel=MMA_F16 need_f16_K=0 need_f16_V=1 workspace_end_offset=606208 dst_data=(nil) f16_K=(nil) f16_V=0x14000 f16_end=0x94000
CUDA_FA_ROUTE_PLAN device=0 Q=[256,5,16,1] Kraw=turbo2_tcq Vraw=q5_1 Kshape=[256,256,4,1] Vshape=[256,256,4,1] Keff=f16 Veff=q5_1 turbo_kv=1 prefer_native_vec=0 decode=1 dk=1 dv=0 unsafe_vec_after_turbo_v_decode=0 allow_vec=1 kernel=MMA_F16 need_f16_K=0 need_f16_V=1 Knb=[36,288,72,73728] Vnb=[24,768,192,196608] Keff_nb=[2,2048,512,524288] Veff_nb=[24,768,192,196608]
CUDA_FA_ROUTE_ALLOC kernel=MMA_F16 need_f16_K=0 need_f16_V=1 workspace_end_offset=606208 dst_data=(nil) f16_K=(nil) f16_V=0x14000 f16_end=0x94000
CUDA_FA_ROUTE_PLAN device=0 Q=[256,5,16,1] Kraw=turbo2_tcq Vraw=q5_1 Kshape=[256,256,4,1] Vshape=[256,256,4,1] Keff=f16 Veff=q5_1 turbo_kv=1 prefer_native_vec=0 decode=1 dk=1 dv=0 unsafe_vec_after_turbo_v_decode=0 allow_vec=1 kernel=MMA_F16 need_f16_K=0 need_f16_V=1 Knb=[36,288,72,73728] Vnb=[24,768,192,196608] Keff_nb=[2,2048,512,524288] Veff_nb=[24,768,192,196608]
CUDA_FA_ROUTE_ALLOC kernel=MMA_F16 need_f16_K=0 need_f16_V=1 workspace_end_offset=606208 dst_data=(nil) f16_K=(nil) f16_V=0x14000 f16_end=0x94000
CUDA_FA_ROUTE_PLAN device=0 Q=[256,5,16,1] Kraw=turbo2_tcq Vraw=q5_1 Kshape=[256,256,4,1] Vshape=[256,256,4,1] Keff=f16 Veff=q5_1 turbo_kv=1 prefer_native_vec=0 decode=1 dk=1 dv=0 unsafe_vec_after_turbo_v_decode=0 allow_vec=1 kernel=MMA_F16 need_f16_K=0 need_f16_V=1 Knb=[36,288,72,73728] Vnb=[24,768,192,196608] Keff_nb=[2,2048,512,524288] Veff_nb=[24,768,192,196608]
CUDA_FA_ROUTE_ALLOC kernel=MMA_F16 need_f16_K=0 need_f16_V=1 workspace_end_offset=606208 dst_data=(nil) f16_K=(nil) f16_V=0x14000 f16_end=0x94000
CUDA_FA_ROUTE_PLAN device=0 Q=[256,5,16,1] Kraw=turbo2_tcq Vraw=q5_1 Kshape=[256,256,4,1] Vshape=[256,256,4,1] Keff=f16 Veff=q5_1 turbo_kv=1 prefer_native_vec=0 decode=1 dk=1 dv=0 unsafe_vec_after_turbo_v_decode=0 allow_vec=1 kernel=MMA_F16 need_f16_K=0 need_f16_V=1 Knb=[36,288,72,73728] Vnb=[24,768,192,196608] Keff_nb=[2,2048,512,524288] Veff_nb=[24,768,192,196608]
CUDA_FA_ROUTE_ALLOC kernel=MMA_F16 need_f16_K=0 need_f16_V=1 workspace_end_offset=606208 dst_data=(nil) f16_K=(nil) f16_V=0x14000 f16_end=0x94000
CUDA_FA_ROUTE_PLAN device=0 Q=[256,5,16,1] Kraw=turbo2_tcq Vraw=q5_1 Kshape=[256,256,4,1] Vshape=[256,256,4,1] Keff=f16 Veff=q5_1 turbo_kv=1 prefer_native_vec=0 decode=1 dk=1 dv=0 unsafe_vec_after_turbo_v_decode=0 allow_vec=1 kernel=MMA_F16 need_f16_K=0 need_f16_V=1 Knb=[36,288,72,73728] Vnb=[24,768,192,196608] Keff_nb=[2,2048,512,524288] Veff_nb=[24,768,192,196608]
CUDA_FA_ROUTE_ALLOC kernel=MMA_F16 need_f16_K=0 need_f16_V=1 workspace_end_offset=606208 dst_data=(nil) f16_K=(nil) f16_V=0x14000 f16_end=0x94000
CUDA_FA_ROUTE_PLAN device=0 Q=[256,5,16,1] Kraw=turbo2_tcq Vraw=q5_1 Kshape=[256,256,4,1] Vshape=[256,256,4,1] Keff=f16 Veff=q5_1 turbo_kv=1 prefer_native_vec=0 decode=1 dk=1 dv=0 unsafe_vec_after_turbo_v_decode=0 allow_vec=1 kernel=MMA_F16 need_f16_K=0 need_f16_V=1 Knb=[36,288,72,73728] Vnb=[24,768,192,196608] Keff_nb=[2,2048,512,524288] Veff_nb=[24,768,192,196608]
CUDA_FA_ROUTE_ALLOC kernel=MMA_F16 need_f16_K=0 need_f16_V=1 workspace_end_offset=606208 dst_data=(nil) f16_K=(nil) f16_V=0x14000 f16_end=0x94000
CUDA_FA_ROUTE_PLAN device=0 Q=[256,5,16,1] Kraw=turbo2_tcq Vraw=q5_1 Kshape=[256,256,4,1] Vshape=[256,256,4,1] Keff=f16 Veff=q5_1 turbo_kv=1 prefer_native_vec=0 decode=1 dk=1 dv=0 unsafe_vec_after_turbo_v_decode=0 allow_vec=1 kernel=MMA_F16 need_f16_K=0 need_f16_V=1 Knb=[36,288,72,73728] Vnb=[24,768,192,196608] Keff_nb=[2,2048,512,524288] Veff_nb=[24,768,192,196608]
CUDA_FA_ROUTE_ALLOC kernel=MMA_F16 need_f16_K=0 need_f16_V=1 workspace_end_offset=606208 dst_data=(nil) f16_K=(nil) f16_V=0x14000 f16_end=0x94000
CUDA_FA_ROUTE_PLAN device=0 Q=[256,5,16,1] Kraw=turbo2_tcq Vraw=q5_1 Kshape=[256,256,4,1] Vshape=[256,256,4,1] Keff=f16 Veff=q5_1 turbo_kv=1 prefer_native_vec=0 decode=1 dk=1 dv=0 unsafe_vec_after_turbo_v_decode=0 allow_vec=1 kernel=MMA_F16 need_f16_K=0 need_f16_V=1 Knb=[36,288,72,73728] Vnb=[24,768,192,196608] Keff_nb=[2,2048,512,524288] Veff_nb=[24,768,192,196608]
CUDA_FA_ROUTE_ALLOC kernel=MMA_F16 need_f16_K=0 need_f16_V=1 workspace_end_offset=606208 dst_data=(nil) f16_K=(nil) f16_V=0x14000 f16_end=0x94000
CUDA_FA_ROUTE_PLAN device=0 Q=[256,5,16,1] Kraw=turbo2_tcq Vraw=q5_1 Kshape=[256,256,4,1] Vshape=[256,256,4,1] Keff=f16 Veff=q5_1 turbo_kv=1 prefer_native_vec=0 decode=1 dk=1 dv=0 unsafe_vec_after_turbo_v_decode=0 allow_vec=1 kernel=MMA_F16 need_f16_K=0 need_f16_V=1 Knb=[36,288,72,73728] Vnb=[24,768,192,196608] Keff_nb=[2,2048,512,524288] Veff_nb=[24,768,192,196608]
CUDA_FA_ROUTE_ALLOC kernel=MMA_F16 need_f16_K=0 need_f16_V=1 workspace_end_offset=606208 dst_data=(nil) f16_K=(nil) f16_V=0x14000 f16_end=0x94000
CUDA_FA_ROUTE_PLAN device=0 Q=[256,5,16,1] Kraw=turbo2_tcq Vraw=q5_1 Kshape=[256,256,4,1] Vshape=[256,256,4,1] Keff=f16 Veff=q5_1 turbo_kv=1 prefer_native_vec=0 decode=1 dk=1 dv=0 unsafe_vec_after_turbo_v_decode=0 allow_vec=1 kernel=MMA_F16 need_f16_K=0 need_f16_V=1 Knb=[36,288,72,73728] Vnb=[24,768,192,196608] Keff_nb=[2,2048,512,524288] Veff_nb=[24,768,192,196608]
CUDA_FA_ROUTE_ALLOC kernel=MMA_F16 need_f16_K=0 need_f16_V=1 workspace_end_offset=606208 dst_data=(nil) f16_K=(nil) f16_V=0x14000 f16_end=0x94000
CUDA_FA_ROUTE_PLAN device=0 Q=[256,5,16,1] Kraw=turbo2_tcq Vraw=q5_1 Kshape=[256,256,4,1] Vshape=[256,256,4,1] Keff=f16 Veff=q5_1 turbo_kv=1 prefer_native_vec=0 decode=1 dk=1 dv=0 unsafe_vec_after_turbo_v_decode=0 allow_vec=1 kernel=MMA_F16 need_f16_K=0 need_f16_V=1 Knb=[36,288,72,73728] Vnb=[24,768,192,196608] Keff_nb=[2,2048,512,524288] Veff_nb=[24,768,192,196608]
CUDA_FA_ROUTE_ALLOC kernel=MMA_F16 need_f16_K=0 need_f16_V=1 workspace_end_offset=606208 dst_data=(nil) f16_K=(nil) f16_V=0x14000 f16_end=0x94000
CUDA_FA_ROUTE_PLAN device=0 Q=[256,5,16,1] Kraw=turbo2_tcq Vraw=q5_1 Kshape=[256,256,4,1] Vshape=[256,256,4,1] Keff=f16 Veff=q5_1 turbo_kv=1 prefer_native_vec=0 decode=1 dk=1 dv=0 unsafe_vec_after_turbo_v_decode=0 allow_vec=1 kernel=MMA_F16 need_f16_K=0 need_f16_V=1 Knb=[36,288,72,73728] Vnb=[24,768,192,196608] Keff_nb=[2,2048,512,524288] Veff_nb=[24,768,192,196608]
CUDA_FA_ROUTE_ALLOC kernel=MMA_F16 need_f16_K=0 need_f16_V=1 workspace_end_offset=606208 dst_data=(nil) f16_K=(nil) f16_V=0x14000 f16_end=0x94000
CUDA_FA_ROUTE_PLAN device=0 Q=[256,5,16,1] Kraw=turbo2_tcq Vraw=q5_1 Kshape=[256,256,4,1] Vshape=[256,256,4,1] Keff=f16 Veff=q5_1 turbo_kv=1 prefer_native_vec=0 decode=1 dk=1 dv=0 unsafe_vec_after_turbo_v_decode=0 allow_vec=1 kernel=MMA_F16 need_f16_K=0 need_f16_V=1 Knb=[36,288,72,73728] Vnb=[24,768,192,196608] Keff_nb=[2,2048,512,524288] Veff_nb=[24,768,192,196608]
CUDA_FA_ROUTE_ALLOC kernel=MMA_F16 need_f16_K=0 need_f16_V=1 workspace_end_offset=606208 dst_data=(nil) f16_K=(nil) f16_V=0x14000 f16_end=0x94000
CUDA_FA_ROUTE_PLAN device=0 Q=[256,5,16,1] Kraw=turbo2_tcq Vraw=q5_1 Kshape=[256,256,4,1] Vshape=[256,256,4,1] Keff=f16 Veff=q5_1 turbo_kv=1 prefer_native_vec=0 decode=1 dk=1 dv=0 unsafe_vec_after_turbo_v_decode=0 allow_vec=1 kernel=MMA_F16 need_f16_K=0 need_f16_V=1 Knb=[36,288,72,73728] Vnb=[24,768,192,196608] Keff_nb=[2,2048,512,524288] Veff_nb=[24,768,192,196608]
CUDA_FA_ROUTE_ALLOC kernel=MMA_F16 need_f16_K=0 need_f16_V=1 workspace_end_offset=606208 dst_data=(nil) f16_K=(nil) f16_V=0x14000 f16_end=0x94000
CUDA_FA_ROUTE_PLAN device=0 Q=[256,5,16,1] Kraw=turbo2_tcq Vraw=q5_1 Kshape=[256,256,4,1] Vshape=[256,256,4,1] Keff=f16 Veff=q5_1 turbo_kv=1 prefer_native_vec=0 decode=1 dk=1 dv=0 unsafe_vec_after_turbo_v_decode=0 allow_vec=1 kernel=MMA_F16 need_f16_K=0 need_f16_V=1 Knb=[36,288,72,73728] Vnb=[24,768,192,196608] Keff_nb=[2,2048,512,524288] Veff_nb=[24,768,192,196608]
CUDA_FA_ROUTE_ALLOC kernel=MMA_F16 need_f16_K=0 need_f16_V=1 workspace_end_offset=606208 dst_data=(nil) f16_K=(nil) f16_V=0x14000 f16_end=0x94000
CUDA_FA_ROUTE_PLAN device=0 Q=[256,5,16,1] Kraw=turbo2_tcq Vraw=q5_1 Kshape=[256,256,4,1] Vshape=[256,256,4,1] Keff=f16 Veff=q5_1 turbo_kv=1 prefer_native_vec=0 decode=1 dk=1 dv=0 unsafe_vec_after_turbo_v_decode=0 allow_vec=1 kernel=MMA_F16 need_f16_K=0 need_f16_V=1 Knb=[36,288,72,73728] Vnb=[24,768,192,196608] Keff_nb=[2,2048,512,524288] Veff_nb=[24,768,192,196608]
CUDA_FA_ROUTE_ALLOC kernel=MMA_F16 need_f16_K=0 need_f16_V=1 workspace_end_offset=606208 dst_data=(nil) f16_K=(nil) f16_V=0x14000 f16_end=0x94000
CUDA_FA_ROUTE_PLAN device=0 Q=[256,5,16,1] Kraw=turbo2_tcq Vraw=q5_1 Kshape=[256,256,4,1] Vshape=[256,256,4,1] Keff=f16 Veff=q5_1 turbo_kv=1 prefer_native_vec=0 decode=1 dk=1 dv=0 unsafe_vec_after_turbo_v_decode=0 allow_vec=1 kernel=MMA_F16 need_f16_K=0 need_f16_V=1 Knb=[36,288,72,73728] Vnb=[24,768,192,196608] Keff_nb=[2,2048,512,524288] Veff_nb=[24,768,192,196608]
CUDA_FA_ROUTE_ALLOC kernel=MMA_F16 need_f16_K=0 need_f16_V=1 workspace_end_offset=606208 dst_data=(nil) f16_K=(nil) f16_V=0x14000 f16_end=0x94000
CUDA_FA_ROUTE_PLAN device=0 Q=[256,5,16,1] Kraw=turbo2_tcq Vraw=q5_1 Kshape=[256,256,4,1] Vshape=[256,256,4,1] Keff=f16 Veff=q5_1 turbo_kv=1 prefer_native_vec=0 decode=1 dk=1 dv=0 unsafe_vec_after_turbo_v_decode=0 allow_vec=1 kernel=MMA_F16 need_f16_K=0 need_f16_V=1 Knb=[36,288,72,73728] Vnb=[24,768,192,196608] Keff_nb=[2,2048,512,524288] Veff_nb=[24,768,192,196608]
CUDA_FA_ROUTE_ALLOC kernel=MMA_F16 need_f16_K=0 need_f16_V=1 workspace_end_offset=606208 dst_data=(nil) f16_K=(nil) f16_V=0x14000 f16_end=0x94000
CUDA_FA_ROUTE_PLAN device=0 Q=[256,5,16,1] Kraw=turbo2_tcq Vraw=q5_1 Kshape=[256,256,4,1] Vshape=[256,256,4,1] Keff=f16 Veff=q5_1 turbo_kv=1 prefer_native_vec=0 decode=1 dk=1 dv=0 unsafe_vec_after_turbo_v_decode=0 allow_vec=1 kernel=MMA_F16 need_f16_K=0 need_f16_V=1 Knb=[36,288,72,73728] Vnb=[24,768,192,196608] Keff_nb=[2,2048,512,524288] Veff_nb=[24,768,192,196608]
CUDA_FA_ROUTE_ALLOC kernel=MMA_F16 need_f16_K=0 need_f16_V=1 workspace_end_offset=606208 dst_data=(nil) f16_K=(nil) f16_V=0x14000 f16_end=0x94000
CUDA_FA_ROUTE_PLAN device=0 Q=[256,5,16,1] Kraw=turbo2_tcq Vraw=q5_1 Kshape=[256,256,4,1] Vshape=[256,256,4,1] Keff=f16 Veff=q5_1 turbo_kv=1 prefer_native_vec=0 decode=1 dk=1 dv=0 unsafe_vec_after_turbo_v_decode=0 allow_vec=1 kernel=MMA_F16 need_f16_K=0 need_f16_V=1 Knb=[36,288,72,73728] Vnb=[24,768,192,196608] Keff_nb=[2,2048,512,524288] Veff_nb=[24,768,192,196608]
CUDA_FA_ROUTE_ALLOC kernel=MMA_F16 need_f16_K=0 need_f16_V=1 workspace_end_offset=606208 dst_data=(nil) f16_K=(nil) f16_V=0x14000 f16_end=0x94000
CUDA_FA_ROUTE_PLAN device=0 Q=[256,5,16,1] Kraw=turbo2_tcq Vraw=q5_1 Kshape=[256,256,4,1] Vshape=[256,256,4,1] Keff=f16 Veff=q5_1 turbo_kv=1 prefer_native_vec=0 decode=1 dk=1 dv=0 unsafe_vec_after_turbo_v_decode=0 allow_vec=1 kernel=MMA_F16 need_f16_K=0 need_f16_V=1 Knb=[36,288,72,73728] Vnb=[24,768,192,196608] Keff_nb=[2,2048,512,524288] Veff_nb=[24,768,192,196608]
CUDA_FA_ROUTE_ALLOC kernel=MMA_F16 need_f16_K=0 need_f16_V=1 workspace_end_offset=606208 dst_data=(nil) f16_K=(nil) f16_V=0x14000 f16_end=0x94000
CUDA_FA_ROUTE_PLAN device=0 Q=[256,5,16,1] Kraw=turbo2_tcq Vraw=q5_1 Kshape=[256,256,4,1] Vshape=[256,256,4,1] Keff=f16 Veff=q5_1 turbo_kv=1 prefer_native_vec=0 decode=1 dk=1 dv=0 unsafe_vec_after_turbo_v_decode=0 allow_vec=1 kernel=MMA_F16 need_f16_K=0 need_f16_V=1 Knb=[36,288,72,73728] Vnb=[24,768,192,196608] Keff_nb=[2,2048,512,524288] Veff_nb=[24,768,192,196608]
CUDA_FA_ROUTE_ALLOC kernel=MMA_F16 need_f16_K=0 need_f16_V=1 workspace_end_offset=606208 dst_data=(nil) f16_K=(nil) f16_V=0x14000 f16_end=0x94000
CUDA_FA_ROUTE_PLAN device=0 Q=[256,5,16,1] Kraw=turbo2_tcq Vraw=q5_1 Kshape=[256,256,4,1] Vshape=[256,256,4,1] Keff=f16 Veff=q5_1 turbo_kv=1 prefer_native_vec=0 decode=1 dk=1 dv=0 unsafe_vec_after_turbo_v_decode=0 allow_vec=1 kernel=MMA_F16 need_f16_K=0 need_f16_V=1 Knb=[36,288,72,73728] Vnb=[24,768,192,196608] Keff_nb=[2,2048,512,524288] Veff_nb=[24,768,192,196608]
GGML_TURBO_FA_DEBUG: path=prefill-dequant K=turbo2_tcq V=q5_1 Q=[256,5,16,1] K=[256,256,4,1] V=[256,256,4,1]
CUDA_FA_ROUTE_PLAN device=0 Q=[256,5,16,1] Kraw=turbo2_tcq Vraw=q5_1 Kshape=[256,256,4,1] Vshape=[256,256,4,1] Keff=f16 Veff=q5_1 turbo_kv=1 prefer_native_vec=0 decode=1 dk=1 dv=0 unsafe_vec_after_turbo_v_decode=0 allow_vec=1 kernel=MMA_F16 need_f16_K=0 need_f16_V=1 Knb=[36,288,72,73728] Vnb=[24,768,192,196608] Keff_nb=[2,2048,512,524288] Veff_nb=[24,768,192,196608]
GGML_TURBO_FA_DEBUG: path=prefill-dequant K=turbo2_tcq V=q5_1 Q=[256,5,16,1] K=[256,256,4,1] V=[256,256,4,1]
CUDA_FA_ROUTE_PLAN device=0 Q=[256,5,16,1] Kraw=turbo2_tcq Vraw=q5_1 Kshape=[256,256,4,1] Vshape=[256,256,4,1] Keff=f16 Veff=q5_1 turbo_kv=1 prefer_native_vec=0 decode=1 dk=1 dv=0 unsafe_vec_after_turbo_v_decode=0 allow_vec=1 kernel=MMA_F16 need_f16_K=0 need_f16_V=1 Knb=[36,288,72,73728] Vnb=[24,768,192,196608] Keff_nb=[2,2048,512,524288] Veff_nb=[24,768,192,196608]
GGML_TURBO_FA_DEBUG: path=prefill-dequant K=turbo2_tcq V=q5_1 Q=[256,5,16,1] K=[256,256,4,1] V=[256,256,4,1]
CUDA_FA_ROUTE_PLAN device=0 Q=[256,5,16,1] Kraw=turbo2_tcq Vraw=q5_1 Kshape=[256,256,4,1] Vshape=[256,256,4,1] Keff=f16 Veff=q5_1 turbo_kv=1 prefer_native_vec=0 decode=1 dk=1 dv=0 unsafe_vec_after_turbo_v_decode=0 allow_vec=1 kernel=MMA_F16 need_f16_K=0 need_f16_V=1 Knb=[36,288,72,73728] Vnb=[24,768,192,196608] Keff_nb=[2,2048,512,524288] Veff_nb=[24,768,192,196608]
GGML_TURBO_FA_DEBUG: path=prefill-dequant K=turbo2_tcq V=q5_1 Q=[256,5,16,1] K=[256,256,4,1] V=[256,256,4,1]
CUDA_FA_ROUTE_PLAN device=0 Q=[256,5,16,1] Kraw=turbo2_tcq Vraw=q5_1 Kshape=[256,256,4,1] Vshape=[256,256,4,1] Keff=f16 Veff=q5_1 turbo_kv=1 prefer_native_vec=0 decode=1 dk=1 dv=0 unsafe_vec_after_turbo_v_decode=0 allow_vec=1 kernel=MMA_F16 need_f16_K=0 need_f16_V=1 Knb=[36,288,72,73728] Vnb=[24,768,192,196608] Keff_nb=[2,2048,512,524288] Veff_nb=[24,768,192,196608]
GGML_TURBO_FA_DEBUG: path=prefill-dequant K=turbo2_tcq V=q5_1 Q=[256,5,16,1] K=[256,256,4,1] V=[256,256,4,1]
CUDA_FA_ROUTE_PLAN device=0 Q=[256,5,16,1] Kraw=turbo2_tcq Vraw=q5_1 Kshape=[256,256,4,1] Vshape=[256,256,4,1] Keff=f16 Veff=q5_1 turbo_kv=1 prefer_native_vec=0 decode=1 dk=1 dv=0 unsafe_vec_after_turbo_v_decode=0 allow_vec=1 kernel=MMA_F16 need_f16_K=0 need_f16_V=1 Knb=[36,288,72,73728] Vnb=[24,768,192,196608] Keff_nb=[2,2048,512,524288] Veff_nb=[24,768,192,196608]
GGML_TURBO_FA_DEBUG: path=prefill-dequant K=turbo2_tcq V=q5_1 Q=[256,5,16,1] K=[256,256,4,1] V=[256,256,4,1]
CUDA_FA_ROUTE_PLAN device=0 Q=[256,5,16,1] Kraw=turbo2_tcq Vraw=q5_1 Kshape=[256,256,4,1] Vshape=[256,256,4,1] Keff=f16 Veff=q5_1 turbo_kv=1 prefer_native_vec=0 decode=1 dk=1 dv=0 unsafe_vec_after_turbo_v_decode=0 allow_vec=1 kernel=MMA_F16 need_f16_K=0 need_f16_V=1 Knb=[36,288,72,73728] Vnb=[24,768,192,196608] Keff_nb=[2,2048,512,524288] Veff_nb=[24,768,192,196608]
GGML_TURBO_FA_DEBUG: path=prefill-dequant K=turbo2_tcq V=q5_1 Q=[256,5,16,1] K=[256,256,4,1] V=[256,256,4,1]
CUDA_FA_ROUTE_PLAN device=0 Q=[256,5,16,1] Kraw=turbo2_tcq Vraw=q5_1 Kshape=[256,256,4,1] Vshape=[256,256,4,1] Keff=f16 Veff=q5_1 turbo_kv=1 prefer_native_vec=0 decode=1 dk=1 dv=0 unsafe_vec_after_turbo_v_decode=0 allow_vec=1 kernel=MMA_F16 need_f16_K=0 need_f16_V=1 Knb=[36,288,72,73728] Vnb=[24,768,192,196608] Keff_nb=[2,2048,512,524288] Veff_nb=[24,768,192,196608]
GGML_TURBO_FA_DEBUG: path=prefill-dequant K=turbo2_tcq V=q5_1 Q=[256,5,16,1] K=[256,256,4,1] V=[256,256,4,1]
 ParisCUDA_FA_ROUTE_PLAN device=0 Q=[256,1,16,1] Kraw=turbo2_tcq Vraw=q5_1 Kshape=[256,256,4,1] Vshape=[256,256,4,1] Keff=f16 Veff=q5_1 turbo_kv=1 prefer_native_vec=0 decode=1 dk=1 dv=0 unsafe_vec_after_turbo_v_decode=0 allow_vec=1 kernel=VEC need_f16_K=0 need_f16_V=0 Knb=[36,288,72,73728] Vnb=[24,768,192,196608] Keff_nb=[2,2048,512,524288] Veff_nb=[24,768,192,196608]
CUDA_FA_ROUTE_PLAN device=0 Q=[256,1,16,1] Kraw=turbo2_tcq Vraw=q5_1 Kshape=[256,256,4,1] Vshape=[256,256,4,1] Keff=f16 Veff=q5_1 turbo_kv=1 prefer_native_vec=0 decode=1 dk=1 dv=0 unsafe_vec_after_turbo_v_decode=0 allow_vec=1 kernel=VEC need_f16_K=0 need_f16_V=0 Knb=[36,288,72,73728] Vnb=[24,768,192,196608] Keff_nb=[2,2048,512,524288] Veff_nb=[24,768,192,196608]
CUDA_FA_ROUTE_PLAN device=0 Q=[256,1,16,1] Kraw=turbo2_tcq Vraw=q5_1 Kshape=[256,256,4,1] Vshape=[256,256,4,1] Keff=f16 Veff=q5_1 turbo_kv=1 prefer_native_vec=0 decode=1 dk=1 dv=0 unsafe_vec_after_turbo_v_decode=0 allow_vec=1 kernel=VEC need_f16_K=0 need_f16_V=0 Knb=[36,288,72,73728] Vnb=[24,768,192,196608] Keff_nb=[2,2048,512,524288] Veff_nb=[24,768,192,196608]
CUDA_FA_ROUTE_PLAN device=0 Q=[256,1,16,1] Kraw=turbo2_tcq Vraw=q5_1 Kshape=[256,256,4,1] Vshape=[256,256,4,1] Keff=f16 Veff=q5_1 turbo_kv=1 prefer_native_vec=0 decode=1 dk=1 dv=0 unsafe_vec_after_turbo_v_decode=0 allow_vec=1 kernel=VEC need_f16_K=0 need_f16_V=0 Knb=[36,288,72,73728] Vnb=[24,768,192,196608] Keff_nb=[2,2048,512,524288] Veff_nb=[24,768,192,196608]
CUDA_FA_ROUTE_PLAN device=0 Q=[256,1,16,1] Kraw=turbo2_tcq Vraw=q5_1 Kshape=[256,256,4,1] Vshape=[256,256,4,1] Keff=f16 Veff=q5_1 turbo_kv=1 prefer_native_vec=0 decode=1 dk=1 dv=0 unsafe_vec_after_turbo_v_decode=0 allow_vec=1 kernel=VEC need_f16_K=0 need_f16_V=0 Knb=[36,288,72,73728] Vnb=[24,768,192,196608] Keff_nb=[2,2048,512,524288] Veff_nb=[24,768,192,196608]
CUDA_FA_ROUTE_PLAN device=0 Q=[256,1,16,1] Kraw=turbo2_tcq Vraw=q5_1 Kshape=[256,256,4,1] Vshape=[256,256,4,1] Keff=f16 Veff=q5_1 turbo_kv=1 prefer_native_vec=0 decode=1 dk=1 dv=0 unsafe_vec_after_turbo_v_decode=0 allow_vec=1 kernel=VEC need_f16_K=0 need_f16_V=0 Knb=[36,288,72,73728] Vnb=[24,768,192,196608] Keff_nb=[2,2048,512,524288] Veff_nb=[24,768,192,196608]
CUDA_FA_ROUTE_PLAN device=0 Q=[256,1,16,1] Kraw=turbo2_tcq Vraw=q5_1 Kshape=[256,256,4,1] Vshape=[256,256,4,1] Keff=f16 Veff=q5_1 turbo_kv=1 prefer_native_vec=0 decode=1 dk=1 dv=0 unsafe_vec_after_turbo_v_decode=0 allow_vec=1 kernel=VEC need_f16_K=0 need_f16_V=0 Knb=[36,288,72,73728] Vnb=[24,768,192,196608] Keff_nb=[2,2048,512,524288] Veff_nb=[24,768,192,196608]
CUDA_FA_ROUTE_PLAN device=0 Q=[256,1,16,1] Kraw=turbo2_tcq Vraw=q5_1 Kshape=[256,256,4,1] Vshape=[256,256,4,1] Keff=f16 Veff=q5_1 turbo_kv=1 prefer_native_vec=0 decode=1 dk=1 dv=0 unsafe_vec_after_turbo_v_decode=0 allow_vec=1 kernel=VEC need_f16_K=0 need_f16_V=0 Knb=[36,288,72,73728] Vnb=[24,768,192,196608] Keff_nb=[2,2048,512,524288] Veff_nb=[24,768,192,196608]
CUDA_FA_ROUTE_PLAN device=0 Q=[256,1,16,1] Kraw=turbo2_tcq Vraw=q5_1 Kshape=[256,256,4,1] Vshape=[256,256,4,1] Keff=f16 Veff=q5_1 turbo_kv=1 prefer_native_vec=0 decode=1 dk=1 dv=0 unsafe_vec_after_turbo_v_decode=0 allow_vec=1 kernel=VEC need_f16_K=0 need_f16_V=0 Knb=[36,288,72,73728] Vnb=[24,768,192,196608] Keff_nb=[2,2048,512,524288] Veff_nb=[24,768,192,196608]
CUDA_FA_ROUTE_ALLOC kernel=VEC need_f16_K=0 need_f16_V=0 workspace_end_offset=16384 dst_data=(nil) f16_K=(nil) f16_V=(nil) f16_end=0x4000
CUDA_FA_ROUTE_PLAN device=0 Q=[256,1,16,1] Kraw=turbo2_tcq Vraw=q5_1 Kshape=[256,256,4,1] Vshape=[256,256,4,1] Keff=f16 Veff=q5_1 turbo_kv=1 prefer_native_vec=0 decode=1 dk=1 dv=0 unsafe_vec_after_turbo_v_decode=0 allow_vec=1 kernel=VEC need_f16_K=0 need_f16_V=0 Knb=[36,288,72,73728] Vnb=[24,768,192,196608] Keff_nb=[2,2048,512,524288] Veff_nb=[24,768,192,196608]
CUDA_FA_ROUTE_ALLOC kernel=VEC need_f16_K=0 need_f16_V=0 workspace_end_offset=16384 dst_data=(nil) f16_K=(nil) f16_V=(nil) f16_end=0x4000
CUDA_FA_ROUTE_PLAN device=0 Q=[256,1,16,1] Kraw=turbo2_tcq Vraw=q5_1 Kshape=[256,256,4,1] Vshape=[256,256,4,1] Keff=f16 Veff=q5_1 turbo_kv=1 prefer_native_vec=0 decode=1 dk=1 dv=0 unsafe_vec_after_turbo_v_decode=0 allow_vec=1 kernel=VEC need_f16_K=0 need_f16_V=0 Knb=[36,288,72,73728] Vnb=[24,768,192,196608] Keff_nb=[2,2048,512,524288] Veff_nb=[24,768,192,196608]
CUDA_FA_ROUTE_ALLOC kernel=VEC need_f16_K=0 need_f16_V=0 workspace_end_offset=16384 dst_data=(nil) f16_K=(nil) f16_V=(nil) f16_end=0x4000
CUDA_FA_ROUTE_PLAN device=0 Q=[256,1,16,1] Kraw=turbo2_tcq Vraw=q5_1 Kshape=[256,256,4,1] Vshape=[256,256,4,1] Keff=f16 Veff=q5_1 turbo_kv=1 prefer_native_vec=0 decode=1 dk=1 dv=0 unsafe_vec_after_turbo_v_decode=0 allow_vec=1 kernel=VEC need_f16_K=0 need_f16_V=0 Knb=[36,288,72,73728] Vnb=[24,768,192,196608] Keff_nb=[2,2048,512,524288] Veff_nb=[24,768,192,196608]
CUDA_FA_ROUTE_ALLOC kernel=VEC need_f16_K=0 need_f16_V=0 workspace_end_offset=16384 dst_data=(nil) f16_K=(nil) f16_V=(nil) f16_end=0x4000
CUDA_FA_ROUTE_PLAN device=0 Q=[256,1,16,1] Kraw=turbo2_tcq Vraw=q5_1 Kshape=[256,256,4,1] Vshape=[256,256,4,1] Keff=f16 Veff=q5_1 turbo_kv=1 prefer_native_vec=0 decode=1 dk=1 dv=0 unsafe_vec_after_turbo_v_decode=0 allow_vec=1 kernel=VEC need_f16_K=0 need_f16_V=0 Knb=[36,288,72,73728] Vnb=[24,768,192,196608] Keff_nb=[2,2048,512,524288] Veff_nb=[24,768,192,196608]
CUDA_FA_ROUTE_ALLOC kernel=VEC need_f16_K=0 need_f16_V=0 workspace_end_offset=16384 dst_data=(nil) f16_K=(nil) f16_V=(nil) f16_end=0x4000
CUDA_FA_ROUTE_PLAN device=0 Q=[256,1,16,1] Kraw=turbo2_tcq Vraw=q5_1 Kshape=[256,256,4,1] Vshape=[256,256,4,1] Keff=f16 Veff=q5_1 turbo_kv=1 prefer_native_vec=0 decode=1 dk=1 dv=0 unsafe_vec_after_turbo_v_decode=0 allow_vec=1 kernel=VEC need_f16_K=0 need_f16_V=0 Knb=[36,288,72,73728] Vnb=[24,768,192,196608] Keff_nb=[2,2048,512,524288] Veff_nb=[24,768,192,196608]
CUDA_FA_ROUTE_ALLOC kernel=VEC need_f16_K=0 need_f16_V=0 workspace_end_offset=16384 dst_data=(nil) f16_K=(nil) f16_V=(nil) f16_end=0x4000
CUDA_FA_ROUTE_PLAN device=0 Q=[256,1,16,1] Kraw=turbo2_tcq Vraw=q5_1 Kshape=[256,256,4,1] Vshape=[256,256,4,1] Keff=f16 Veff=q5_1 turbo_kv=1 prefer_native_vec=0 decode=1 dk=1 dv=0 unsafe_vec_after_turbo_v_decode=0 allow_vec=1 kernel=VEC need_f16_K=0 need_f16_V=0 Knb=[36,288,72,73728] Vnb=[24,768,192,196608] Keff_nb=[2,2048,512,524288] Veff_nb=[24,768,192,196608]
CUDA_FA_ROUTE_ALLOC kernel=VEC need_f16_K=0 need_f16_V=0 workspace_end_offset=16384 dst_data=(nil) f16_K=(nil) f16_V=(nil) f16_end=0x4000
CUDA_FA_ROUTE_PLAN device=0 Q=[256,1,16,1] Kraw=turbo2_tcq Vraw=q5_1 Kshape=[256,256,4,1] Vshape=[256,256,4,1] Keff=f16 Veff=q5_1 turbo_kv=1 prefer_native_vec=0 decode=1 dk=1 dv=0 unsafe_vec_after_turbo_v_decode=0 allow_vec=1 kernel=VEC need_f16_K=0 need_f16_V=0 Knb=[36,288,72,73728] Vnb=[24,768,192,196608] Keff_nb=[2,2048,512,524288] Veff_nb=[24,768,192,196608]
CUDA_FA_ROUTE_ALLOC kernel=VEC need_f16_K=0 need_f16_V=0 workspace_end_offset=16384 dst_data=(nil) f16_K=(nil) f16_V=(nil) f16_end=0x4000
CUDA_FA_ROUTE_PLAN device=0 Q=[256,1,16,1] Kraw=turbo2_tcq Vraw=q5_1 Kshape=[256,256,4,1] Vshape=[256,256,4,1] Keff=f16 Veff=q5_1 turbo_kv=1 prefer_native_vec=0 decode=1 dk=1 dv=0 unsafe_vec_after_turbo_v_decode=0 allow_vec=1 kernel=VEC need_f16_K=0 need_f16_V=0 Knb=[36,288,72,73728] Vnb=[24,768,192,196608] Keff_nb=[2,2048,512,524288] Veff_nb=[24,768,192,196608]
CUDA_FA_ROUTE_ALLOC kernel=VEC need_f16_K=0 need_f16_V=0 workspace_end_offset=16384 dst_data=(nil) f16_K=(nil) f16_V=(nil) f16_end=0x4000
CUDA_FA_ROUTE_PLAN device=0 Q=[256,1,16,1] Kraw=turbo2_tcq Vraw=q5_1 Kshape=[256,256,4,1] Vshape=[256,256,4,1] Keff=f16 Veff=q5_1 turbo_kv=1 prefer_native_vec=0 decode=1 dk=1 dv=0 unsafe_vec_after_turbo_v_decode=0 allow_vec=1 kernel=VEC need_f16_K=0 need_f16_V=0 Knb=[36,288,72,73728] Vnb=[24,768,192,196608] Keff_nb=[2,2048,512,524288] Veff_nb=[24,768,192,196608]
CUDA_FA_ROUTE_ALLOC kernel=VEC need_f16_K=0 need_f16_V=0 workspace_end_offset=16384 dst_data=(nil) f16_K=(nil) f16_V=(nil) f16_end=0x4000
CUDA_FA_ROUTE_PLAN device=0 Q=[256,1,16,1] Kraw=turbo2_tcq Vraw=q5_1 Kshape=[256,256,4,1] Vshape=[256,256,4,1] Keff=f16 Veff=q5_1 turbo_kv=1 prefer_native_vec=0 decode=1 dk=1 dv=0 unsafe_vec_after_turbo_v_decode=0 allow_vec=1 kernel=VEC need_f16_K=0 need_f16_V=0 Knb=[36,288,72,73728] Vnb=[24,768,192,196608] Keff_nb=[2,2048,512,524288] Veff_nb=[24,768,192,196608]
CUDA_FA_ROUTE_ALLOC kernel=VEC need_f16_K=0 need_f16_V=0 workspace_end_offset=16384 dst_data=(nil) f16_K=(nil) f16_V=(nil) f16_end=0x4000
CUDA_FA_ROUTE_PLAN device=0 Q=[256,1,16,1] Kraw=turbo2_tcq Vraw=q5_1 Kshape=[256,256,4,1] Vshape=[256,256,4,1] Keff=f16 Veff=q5_1 turbo_kv=1 prefer_native_vec=0 decode=1 dk=1 dv=0 unsafe_vec_after_turbo_v_decode=0 allow_vec=1 kernel=VEC need_f16_K=0 need_f16_V=0 Knb=[36,288,72,73728] Vnb=[24,768,192,196608] Keff_nb=[2,2048,512,524288] Veff_nb=[24,768,192,196608]
CUDA_FA_ROUTE_ALLOC kernel=VEC need_f16_K=0 need_f16_V=0 workspace_end_offset=16384 dst_data=(nil) f16_K=(nil) f16_V=(nil) f16_end=0x4000
CUDA_FA_ROUTE_PLAN device=0 Q=[256,1,16,1] Kraw=turbo2_tcq Vraw=q5_1 Kshape=[256,256,4,1] Vshape=[256,256,4,1] Keff=f16 Veff=q5_1 turbo_kv=1 prefer_native_vec=0 decode=1 dk=1 dv=0 unsafe_vec_after_turbo_v_decode=0 allow_vec=1 kernel=VEC need_f16_K=0 need_f16_V=0 Knb=[36,288,72,73728] Vnb=[24,768,192,196608] Keff_nb=[2,2048,512,524288] Veff_nb=[24,768,192,196608]
CUDA_FA_ROUTE_ALLOC kernel=VEC need_f16_K=0 need_f16_V=0 workspace_end_offset=16384 dst_data=(nil) f16_K=(nil) f16_V=(nil) f16_end=0x4000
CUDA_FA_ROUTE_PLAN device=0 Q=[256,1,16,1] Kraw=turbo2_tcq Vraw=q5_1 Kshape=[256,256,4,1] Vshape=[256,256,4,1] Keff=f16 Veff=q5_1 turbo_kv=1 prefer_native_vec=0 decode=1 dk=1 dv=0 unsafe_vec_after_turbo_v_decode=0 allow_vec=1 kernel=VEC need_f16_K=0 need_f16_V=0 Knb=[36,288,72,73728] Vnb=[24,768,192,196608] Keff_nb=[2,2048,512,524288] Veff_nb=[24,768,192,196608]
CUDA_FA_ROUTE_ALLOC kernel=VEC need_f16_K=0 need_f16_V=0 workspace_end_offset=16384 dst_data=(nil) f16_K=(nil) f16_V=(nil) f16_end=0x4000
CUDA_FA_ROUTE_PLAN device=0 Q=[256,1,16,1] Kraw=turbo2_tcq Vraw=q5_1 Kshape=[256,256,4,1] Vshape=[256,256,4,1] Keff=f16 Veff=q5_1 turbo_kv=1 prefer_native_vec=0 decode=1 dk=1 dv=0 unsafe_vec_after_turbo_v_decode=0 allow_vec=1 kernel=VEC need_f16_K=0 need_f16_V=0 Knb=[36,288,72,73728] Vnb=[24,768,192,196608] Keff_nb=[2,2048,512,524288] Veff_nb=[24,768,192,196608]
CUDA_FA_ROUTE_ALLOC kernel=VEC need_f16_K=0 need_f16_V=0 workspace_end_offset=16384 dst_data=(nil) f16_K=(nil) f16_V=(nil) f16_end=0x4000
CUDA_FA_ROUTE_PLAN device=0 Q=[256,1,16,1] Kraw=turbo2_tcq Vraw=q5_1 Kshape=[256,256,4,1] Vshape=[256,256,4,1] Keff=f16 Veff=q5_1 turbo_kv=1 prefer_native_vec=0 decode=1 dk=1 dv=0 unsafe_vec_after_turbo_v_decode=0 allow_vec=1 kernel=VEC need_f16_K=0 need_f16_V=0 Knb=[36,288,72,73728] Vnb=[24,768,192,196608] Keff_nb=[2,2048,512,524288] Veff_nb=[24,768,192,196608]
CUDA_FA_ROUTE_ALLOC kernel=VEC need_f16_K=0 need_f16_V=0 workspace_end_offset=16384 dst_data=(nil) f16_K=(nil) f16_V=(nil) f16_end=0x4000
CUDA_FA_ROUTE_PLAN device=0 Q=[256,1,16,1] Kraw=turbo2_tcq Vraw=q5_1 Kshape=[256,256,4,1] Vshape=[256,256,4,1] Keff=f16 Veff=q5_1 turbo_kv=1 prefer_native_vec=0 decode=1 dk=1 dv=0 unsafe_vec_after_turbo_v_decode=0 allow_vec=1 kernel=VEC need_f16_K=0 need_f16_V=0 Knb=[36,288,72,73728] Vnb=[24,768,192,196608] Keff_nb=[2,2048,512,524288] Veff_nb=[24,768,192,196608]
CUDA_FA_ROUTE_ALLOC kernel=VEC need_f16_K=0 need_f16_V=0 workspace_end_offset=16384 dst_data=(nil) f16_K=(nil) f16_V=(nil) f16_end=0x4000
CUDA_FA_ROUTE_PLAN device=0 Q=[256,1,16,1] Kraw=turbo2_tcq Vraw=q5_1 Kshape=[256,256,4,1] Vshape=[256,256,4,1] Keff=f16 Veff=q5_1 turbo_kv=1 prefer_native_vec=0 decode=1 dk=1 dv=0 unsafe_vec_after_turbo_v_decode=0 allow_vec=1 kernel=VEC need_f16_K=0 need_f16_V=0 Knb=[36,288,72,73728] Vnb=[24,768,192,196608] Keff_nb=[2,2048,512,524288] Veff_nb=[24,768,192,196608]
CUDA_FA_ROUTE_ALLOC kernel=VEC need_f16_K=0 need_f16_V=0 workspace_end_offset=16384 dst_data=(nil) f16_K=(nil) f16_V=(nil) f16_end=0x4000
CUDA_FA_ROUTE_PLAN device=0 Q=[256,1,16,1] Kraw=turbo2_tcq Vraw=q5_1 Kshape=[256,256,4,1] Vshape=[256,256,4,1] Keff=f16 Veff=q5_1 turbo_kv=1 prefer_native_vec=0 decode=1 dk=1 dv=0 unsafe_vec_after_turbo_v_decode=0 allow_vec=1 kernel=VEC need_f16_K=0 need_f16_V=0 Knb=[36,288,72,73728] Vnb=[24,768,192,196608] Keff_nb=[2,2048,512,524288] Veff_nb=[24,768,192,196608]
CUDA_FA_ROUTE_ALLOC kernel=VEC need_f16_K=0 need_f16_V=0 workspace_end_offset=16384 dst_data=(nil) f16_K=(nil) f16_V=(nil) f16_end=0x4000
CUDA_FA_ROUTE_PLAN device=0 Q=[256,1,16,1] Kraw=turbo2_tcq Vraw=q5_1 Kshape=[256,256,4,1] Vshape=[256,256,4,1] Keff=f16 Veff=q5_1 turbo_kv=1 prefer_native_vec=0 decode=1 dk=1 dv=0 unsafe_vec_after_turbo_v_decode=0 allow_vec=1 kernel=VEC need_f16_K=0 need_f16_V=0 Knb=[36,288,72,73728] Vnb=[24,768,192,196608] Keff_nb=[2,2048,512,524288] Veff_nb=[24,768,192,196608]
CUDA_FA_ROUTE_ALLOC kernel=VEC need_f16_K=0 need_f16_V=0 workspace_end_offset=16384 dst_data=(nil) f16_K=(nil) f16_V=(nil) f16_end=0x4000
CUDA_FA_ROUTE_PLAN device=0 Q=[256,1,16,1] Kraw=turbo2_tcq Vraw=q5_1 Kshape=[256,256,4,1] Vshape=[256,256,4,1] Keff=f16 Veff=q5_1 turbo_kv=1 prefer_native_vec=0 decode=1 dk=1 dv=0 unsafe_vec_after_turbo_v_decode=0 allow_vec=1 kernel=VEC need_f16_K=0 need_f16_V=0 Knb=[36,288,72,73728] Vnb=[24,768,192,196608] Keff_nb=[2,2048,512,524288] Veff_nb=[24,768,192,196608]
CUDA_FA_ROUTE_ALLOC kernel=VEC need_f16_K=0 need_f16_V=0 workspace_end_offset=16384 dst_data=(nil) f16_K=(nil) f16_V=(nil) f16_end=0x4000
CUDA_FA_ROUTE_PLAN device=0 Q=[256,1,16,1] Kraw=turbo2_tcq Vraw=q5_1 Kshape=[256,256,4,1] Vshape=[256,256,4,1] Keff=f16 Veff=q5_1 turbo_kv=1 prefer_native_vec=0 decode=1 dk=1 dv=0 unsafe_vec_after_turbo_v_decode=0 allow_vec=1 kernel=VEC need_f16_K=0 need_f16_V=0 Knb=[36,288,72,73728] Vnb=[24,768,192,196608] Keff_nb=[2,2048,512,524288] Veff_nb=[24,768,192,196608]
CUDA_FA_ROUTE_ALLOC kernel=VEC need_f16_K=0 need_f16_V=0 workspace_end_offset=16384 dst_data=(nil) f16_K=(nil) f16_V=(nil) f16_end=0x4000
CUDA_FA_ROUTE_PLAN device=0 Q=[256,1,16,1] Kraw=turbo2_tcq Vraw=q5_1 Kshape=[256,256,4,1] Vshape=[256,256,4,1] Keff=f16 Veff=q5_1 turbo_kv=1 prefer_native_vec=0 decode=1 dk=1 dv=0 unsafe_vec_after_turbo_v_decode=0 allow_vec=1 kernel=VEC need_f16_K=0 need_f16_V=0 Knb=[36,288,72,73728] Vnb=[24,768,192,196608] Keff_nb=[2,2048,512,524288] Veff_nb=[24,768,192,196608]
CUDA_FA_ROUTE_ALLOC kernel=VEC need_f16_K=0 need_f16_V=0 workspace_end_offset=16384 dst_data=(nil) f16_K=(nil) f16_V=(nil) f16_end=0x4000
CUDA_FA_ROUTE_PLAN device=0 Q=[256,1,16,1] Kraw=turbo2_tcq Vraw=q5_1 Kshape=[256,256,4,1] Vshape=[256,256,4,1] Keff=f16 Veff=q5_1 turbo_kv=1 prefer_native_vec=0 decode=1 dk=1 dv=0 unsafe_vec_after_turbo_v_decode=0 allow_vec=1 kernel=VEC need_f16_K=0 need_f16_V=0 Knb=[36,288,72,73728] Vnb=[24,768,192,196608] Keff_nb=[2,2048,512,524288] Veff_nb=[24,768,192,196608]
CUDA_FA_ROUTE_ALLOC kernel=VEC need_f16_K=0 need_f16_V=0 workspace_end_offset=16384 dst_data=(nil) f16_K=(nil) f16_V=(nil) f16_end=0x4000
CUDA_FA_ROUTE_PLAN device=0 Q=[256,1,16,1] Kraw=turbo2_tcq Vraw=q5_1 Kshape=[256,256,4,1] Vshape=[256,256,4,1] Keff=f16 Veff=q5_1 turbo_kv=1 prefer_native_vec=0 decode=1 dk=1 dv=0 unsafe_vec_after_turbo_v_decode=0 allow_vec=1 kernel=VEC need_f16_K=0 need_f16_V=0 Knb=[36,288,72,73728] Vnb=[24,768,192,196608] Keff_nb=[2,2048,512,524288] Veff_nb=[24,768,192,196608]
GGML_TURBO_FA_DEBUG: path=decode-dequant-or-vec K=turbo2_tcq V=q5_1 Q=[256,1,16,1] K=[256,256,4,1] V=[256,256,4,1] prefill_safe=1 can_make_f16_K=1 can_make_f16_V=0 turbo_k_classic_v_prefill=1 vec_override=0 batch_ok=0 dim_ok=1 turing_mma=1
CUDA_FA_ROUTE_EXEC_BEGIN Q=[256,1,16,1] Kraw=turbo2_tcq Vraw=q5_1 decode=1 dk=1 dv=0 allow_vec=1 kernel=VEC need_f16_K=0 need_f16_V=0 Kdata=0x7f392e200000 Vdata=0x7f392e212000 dst=0x7f3a800bcc80
CUDA_FA_ROUTE_EXEC_DISPATCH Qrun=f32 Q=[256,1,16,1] Qdata=0x7f3a800a8c80 Krun=f16 K=[256,256,4,1] Kdata=0x7f3a9b200000 Knb=[2,2048,512,524288] Vrun=q5_1 V=[256,256,4,1] Vdata=0x7f392e212000 Vnb=[24,768,192,196608] kernel=VEC compiled_pair=1
CUDA_FA_ROUTE_PLAN device=0 Q=[256,1,16,1] Kraw=turbo2_tcq Vraw=q5_1 Kshape=[256,256,4,1] Vshape=[256,256,4,1] Keff=f16 Veff=q5_1 turbo_kv=1 prefer_native_vec=0 decode=1 dk=1 dv=0 unsafe_vec_after_turbo_v_decode=0 allow_vec=1 kernel=VEC need_f16_K=0 need_f16_V=0 Knb=[36,288,72,73728] Vnb=[24,768,192,196608] Keff_nb=[2,2048,512,524288] Veff_nb=[24,768,192,196608]
GGML_TURBO_FA_DEBUG: path=decode-dequant-or-vec K=turbo2_tcq V=q5_1 Q=[256,1,16,1] K=[256,256,4,1] V=[256,256,4,1] prefill_safe=1 can_make_f16_K=1 can_make_f16_V=0 turbo_k_classic_v_prefill=1 vec_override=0 batch_ok=0 dim_ok=1 turing_mma=1
CUDA_FA_ROUTE_EXEC_BEGIN Q=[256,1,16,1] Kraw=turbo2_tcq Vraw=q5_1 decode=1 dk=1 dv=0 allow_vec=1 kernel=VEC need_f16_K=0 need_f16_V=0 Kdata=0x7f392e242000 Vdata=0x7f392e254000 dst=0x7f3a800bcc80
CUDA_FA_ROUTE_EXEC_DISPATCH Qrun=f32 Q=[256,1,16,1] Qdata=0x7f3a800a8c80 Krun=f16 K=[256,256,4,1] Kdata=0x7f3a9b200000 Knb=[2,2048,512,524288] Vrun=q5_1 V=[256,256,4,1] Vdata=0x7f392e254000 Vnb=[24,768,192,196608] kernel=VEC compiled_pair=1
CUDA_FA_ROUTE_PLAN device=0 Q=[256,1,16,1] Kraw=turbo2_tcq Vraw=q5_1 Kshape=[256,256,4,1] Vshape=[256,256,4,1] Keff=f16 Veff=q5_1 turbo_kv=1 prefer_native_vec=0 decode=1 dk=1 dv=0 unsafe_vec_after_turbo_v_decode=0 allow_vec=1 kernel=VEC need_f16_K=0 need_f16_V=0 Knb=[36,288,72,73728] Vnb=[24,768,192,196608] Keff_nb=[2,2048,512,524288] Veff_nb=[24,768,192,196608]
GGML_TURBO_FA_DEBUG: path=decode-dequant-or-vec K=turbo2_tcq V=q5_1 Q=[256,1,16,1] K=[256,256,4,1] V=[256,256,4,1] prefill_safe=1 can_make_f16_K=1 can_make_f16_V=0 turbo_k_classic_v_prefill=1 vec_override=0 batch_ok=0 dim_ok=1 turing_mma=1
CUDA_FA_ROUTE_EXEC_BEGIN Q=[256,1,16,1] Kraw=turbo2_tcq Vraw=q5_1 decode=1 dk=1 dv=0 allow_vec=1 kernel=VEC need_f16_K=0 need_f16_V=0 Kdata=0x7f392e284000 Vdata=0x7f392e296000 dst=0x7f3a800bcc80
CUDA_FA_ROUTE_EXEC_DISPATCH Qrun=f32 Q=[256,1,16,1] Qdata=0x7f3a800a8c80 Krun=f16 K=[256,256,4,1] Kdata=0x7f3a9b200000 Knb=[2,2048,512,524288] Vrun=q5_1 V=[256,256,4,1] Vdata=0x7f392e296000 Vnb=[24,768,192,196608] kernel=VEC compiled_pair=1
CUDA_FA_ROUTE_PLAN device=0 Q=[256,1,16,1] Kraw=turbo2_tcq Vraw=q5_1 Kshape=[256,256,4,1] Vshape=[256,256,4,1] Keff=f16 Veff=q5_1 turbo_kv=1 prefer_native_vec=0 decode=1 dk=1 dv=0 unsafe_vec_after_turbo_v_decode=0 allow_vec=1 kernel=VEC need_f16_K=0 need_f16_V=0 Knb=[36,288,72,73728] Vnb=[24,768,192,196608] Keff_nb=[2,2048,512,524288] Veff_nb=[24,768,192,196608]
GGML_TURBO_FA_DEBUG: path=decode-dequant-or-vec K=turbo2_tcq V=q5_1 Q=[256,1,16,1] K=[256,256,4,1] V=[256,256,4,1] prefill_safe=1 can_make_f16_K=1 can_make_f16_V=0 turbo_k_classic_v_prefill=1 vec_override=0 batch_ok=0 dim_ok=1 turing_mma=1
CUDA_FA_ROUTE_EXEC_BEGIN Q=[256,1,16,1] Kraw=turbo2_tcq Vraw=q5_1 decode=1 dk=1 dv=0 allow_vec=1 kernel=VEC need_f16_K=0 need_f16_V=0 Kdata=0x7f392e2c6000 Vdata=0x7f392e2d8000 dst=0x7f3a800bcc80
CUDA_FA_ROUTE_EXEC_DISPATCH Qrun=f32 Q=[256,1,16,1] Qdata=0x7f3a800a8c80 Krun=f16 K=[256,256,4,1] Kdata=0x7f3a9b200000 Knb=[2,2048,512,524288] Vrun=q5_1 V=[256,256,4,1] Vdata=0x7f392e2d8000 Vnb=[24,768,192,196608] kernel=VEC compiled_pair=1
CUDA_FA_ROUTE_PLAN device=0 Q=[256,1,16,1] Kraw=turbo2_tcq Vraw=q5_1 Kshape=[256,256,4,1] Vshape=[256,256,4,1] Keff=f16 Veff=q5_1 turbo_kv=1 prefer_native_vec=0 decode=1 dk=1 dv=0 unsafe_vec_after_turbo_v_decode=0 allow_vec=1 kernel=VEC need_f16_K=0 need_f16_V=0 Knb=[36,288,72,73728] Vnb=[24,768,192,196608] Keff_nb=[2,2048,512,524288] Veff_nb=[24,768,192,196608]
GGML_TURBO_FA_DEBUG: path=decode-dequant-or-vec K=turbo2_tcq V=q5_1 Q=[256,1,16,1] K=[256,256,4,1] V=[256,256,4,1] prefill_safe=1 can_make_f16_K=1 can_make_f16_V=0 turbo_k_classic_v_prefill=1 vec_override=0 batch_ok=0 dim_ok=1 turing_mma=1
CUDA_FA_ROUTE_EXEC_BEGIN Q=[256,1,16,1] Kraw=turbo2_tcq Vraw=q5_1 decode=1 dk=1 dv=0 allow_vec=1 kernel=VEC need_f16_K=0 need_f16_V=0 Kdata=0x7f392e308000 Vdata=0x7f392e31a000 dst=0x7f3a800bcc80
CUDA_FA_ROUTE_EXEC_DISPATCH Qrun=f32 Q=[256,1,16,1] Qdata=0x7f3a800a8c80 Krun=f16 K=[256,256,4,1] Kdata=0x7f3a9b200000 Knb=[2,2048,512,524288] Vrun=q5_1 V=[256,256,4,1] Vdata=0x7f392e31a000 Vnb=[24,768,192,196608] kernel=VEC compiled_pair=1
CUDA_FA_ROUTE_PLAN device=0 Q=[256,1,16,1] Kraw=turbo2_tcq Vraw=q5_1 Kshape=[256,256,4,1] Vshape=[256,256,4,1] Keff=f16 Veff=q5_1 turbo_kv=1 prefer_native_vec=0 decode=1 dk=1 dv=0 unsafe_vec_after_turbo_v_decode=0 allow_vec=1 kernel=VEC need_f16_K=0 need_f16_V=0 Knb=[36,288,72,73728] Vnb=[24,768,192,196608] Keff_nb=[2,2048,512,524288] Veff_nb=[24,768,192,196608]
GGML_TURBO_FA_DEBUG: path=decode-dequant-or-vec K=turbo2_tcq V=q5_1 Q=[256,1,16,1] K=[256,256,4,1] V=[256,256,4,1] prefill_safe=1 can_make_f16_K=1 can_make_f16_V=0 turbo_k_classic_v_prefill=1 vec_override=0 batch_ok=0 dim_ok=1 turing_mma=1
CUDA_FA_ROUTE_EXEC_BEGIN Q=[256,1,16,1] Kraw=turbo2_tcq Vraw=q5_1 decode=1 dk=1 dv=0 allow_vec=1 kernel=VEC need_f16_K=0 need_f16_V=0 Kdata=0x7f392e34a000 Vdata=0x7f392e35c000 dst=0x7f3a800bcc80
CUDA_FA_ROUTE_EXEC_DISPATCH Qrun=f32 Q=[256,1,16,1] Qdata=0x7f3a800a8c80 Krun=f16 K=[256,256,4,1] Kdata=0x7f3a9b200000 Knb=[2,2048,512,524288] Vrun=q5_1 V=[256,256,4,1] Vdata=0x7f392e35c000 Vnb=[24,768,192,196608] kernel=VEC compiled_pair=1
CUDA_FA_ROUTE_PLAN device=0 Q=[256,1,16,1] Kraw=turbo2_tcq Vraw=q5_1 Kshape=[256,256,4,1] Vshape=[256,256,4,1] Keff=f16 Veff=q5_1 turbo_kv=1 prefer_native_vec=0 decode=1 dk=1 dv=0 unsafe_vec_after_turbo_v_decode=0 allow_vec=1 kernel=VEC need_f16_K=0 need_f16_V=0 Knb=[36,288,72,73728] Vnb=[24,768,192,196608] Keff_nb=[2,2048,512,524288] Veff_nb=[24,768,192,196608]
GGML_TURBO_FA_DEBUG: path=decode-dequant-or-vec K=turbo2_tcq V=q5_1 Q=[256,1,16,1] K=[256,256,4,1] V=[256,256,4,1] prefill_safe=1 can_make_f16_K=1 can_make_f16_V=0 turbo_k_classic_v_prefill=1 vec_override=0 batch_ok=0 dim_ok=1 turing_mma=1
CUDA_FA_ROUTE_EXEC_BEGIN Q=[256,1,16,1] Kraw=turbo2_tcq Vraw=q5_1 decode=1 dk=1 dv=0 allow_vec=1 kernel=VEC need_f16_K=0 need_f16_V=0 Kdata=0x7f392e38c000 Vdata=0x7f392e39e000 dst=0x7f3a800bcc80
CUDA_FA_ROUTE_EXEC_DISPATCH Qrun=f32 Q=[256,1,16,1] Qdata=0x7f3a800a8c80 Krun=f16 K=[256,256,4,1] Kdata=0x7f3a9b200000 Knb=[2,2048,512,524288] Vrun=q5_1 V=[256,256,4,1] Vdata=0x7f392e39e000 Vnb=[24,768,192,196608] kernel=VEC compiled_pair=1
CUDA_FA_ROUTE_PLAN device=0 Q=[256,1,16,1] Kraw=turbo2_tcq Vraw=q5_1 Kshape=[256,256,4,1] Vshape=[256,256,4,1] Keff=f16 Veff=q5_1 turbo_kv=1 prefer_native_vec=0 decode=1 dk=1 dv=0 unsafe_vec_after_turbo_v_decode=0 allow_vec=1 kernel=VEC need_f16_K=0 need_f16_V=0 Knb=[36,288,72,73728] Vnb=[24,768,192,196608] Keff_nb=[2,2048,512,524288] Veff_nb=[24,768,192,196608]
GGML_TURBO_FA_DEBUG: path=decode-dequant-or-vec K=turbo2_tcq V=q5_1 Q=[256,1,16,1] K=[256,256,4,1] V=[256,256,4,1] prefill_safe=1 can_make_f16_K=1 can_make_f16_V=0 turbo_k_classic_v_prefill=1 vec_override=0 batch_ok=0 dim_ok=1 turing_mma=1
CUDA_FA_ROUTE_EXEC_BEGIN Q=[256,1,16,1] Kraw=turbo2_tcq Vraw=q5_1 decode=1 dk=1 dv=0 allow_vec=1 kernel=VEC need_f16_K=0 need_f16_V=0 Kdata=0x7f392e3ce000 Vdata=0x7f392e3e0000 dst=0x7f3a800bcc80
CUDA_FA_ROUTE_EXEC_DISPATCH Qrun=f32 Q=[256,1,16,1] Qdata=0x7f3a800a8c80 Krun=f16 K=[256,256,4,1] Kdata=0x7f3a9b200000 Knb=[2,2048,512,524288] Vrun=q5_1 V=[256,256,4,1] Vdata=0x7f392e3e0000 Vnb=[24,768,192,196608] kernel=VEC compiled_pair=1
.

0.02.599.355 I common_perf_print:    sampling time =       1.49 ms
0.02.599.356 I common_perf_print:    samplers time =       0.26 ms /     7 tokens
0.02.599.358 I common_perf_print:        load time =     945.51 ms
0.02.599.359 I common_perf_print: prompt eval time =      40.00 ms /     5 tokens (    8.00 ms per token,   124.99 tokens per second)
0.02.599.361 I common_perf_print:        eval time =      27.62 ms /     1 runs   (   27.62 ms per token,    36.20 tokens per second)
0.02.599.361 I common_perf_print:       total time =      69.32 ms /     6 tokens
0.02.599.362 I common_perf_print: unaccounted time =       0.21 ms /   0.3 %      (total - sampling - prompt eval - eval) / (total)
0.02.599.363 I common_perf_print:    graphs reused =          0
