0.00.015.641 I llama_completion: llama backend init
0.00.015.646 I llama_completion: load the model and apply lora adapter, if any
CUDA_FA_ROUTE_PLAN device=0 Q=[256,1,16,1] Kraw=turbo4_tcq Vraw=q5_1 Kshape=[256,256,4,1] Vshape=[256,256,4,1] Keff=f16 Veff=q5_1 turbo_kv=1 prefer_native_vec=0 decode=1 dk=1 dv=0 unsafe_vec_after_turbo_v_decode=0 allow_vec=1 kernel=VEC need_f16_K=0 need_f16_V=0 Knb=[68,544,136,139264] Vnb=[24,768,192,196608] Keff_nb=[2,2048,512,524288] Veff_nb=[24,768,192,196608]
CUDA_FA_ROUTE_PLAN device=0 Q=[256,1,16,1] Kraw=turbo4_tcq Vraw=q5_1 Kshape=[256,256,4,1] Vshape=[256,256,4,1] Keff=f16 Veff=q5_1 turbo_kv=1 prefer_native_vec=0 decode=1 dk=1 dv=0 unsafe_vec_after_turbo_v_decode=0 allow_vec=1 kernel=VEC need_f16_K=0 need_f16_V=0 Knb=[68,544,136,139264] Vnb=[24,768,192,196608] Keff_nb=[2,2048,512,524288] Veff_nb=[24,768,192,196608]
CUDA_FA_ROUTE_PLAN device=0 Q=[256,1,16,1] Kraw=turbo4_tcq Vraw=q5_1 Kshape=[256,256,4,1] Vshape=[256,256,4,1] Keff=f16 Veff=q5_1 turbo_kv=1 prefer_native_vec=0 decode=1 dk=1 dv=0 unsafe_vec_after_turbo_v_decode=0 allow_vec=1 kernel=VEC need_f16_K=0 need_f16_V=0 Knb=[68,544,136,139264] Vnb=[24,768,192,196608] Keff_nb=[2,2048,512,524288] Veff_nb=[24,768,192,196608]
CUDA_FA_ROUTE_PLAN device=0 Q=[256,1,16,1] Kraw=turbo4_tcq Vraw=q5_1 Kshape=[256,256,4,1] Vshape=[256,256,4,1] Keff=f16 Veff=q5_1 turbo_kv=1 prefer_native_vec=0 decode=1 dk=1 dv=0 unsafe_vec_after_turbo_v_decode=0 allow_vec=1 kernel=VEC need_f16_K=0 need_f16_V=0 Knb=[68,544,136,139264] Vnb=[24,768,192,196608] Keff_nb=[2,2048,512,524288] Veff_nb=[24,768,192,196608]
CUDA_FA_ROUTE_PLAN device=0 Q=[256,1,16,1] Kraw=turbo4_tcq Vraw=q5_1 Kshape=[256,256,4,1] Vshape=[256,256,4,1] Keff=f16 Veff=q5_1 turbo_kv=1 prefer_native_vec=0 decode=1 dk=1 dv=0 unsafe_vec_after_turbo_v_decode=0 allow_vec=1 kernel=VEC need_f16_K=0 need_f16_V=0 Knb=[68,544,136,139264] Vnb=[24,768,192,196608] Keff_nb=[2,2048,512,524288] Veff_nb=[24,768,192,196608]
CUDA_FA_ROUTE_PLAN device=0 Q=[256,1,16,1] Kraw=turbo4_tcq Vraw=q5_1 Kshape=[256,256,4,1] Vshape=[256,256,4,1] Keff=f16 Veff=q5_1 turbo_kv=1 prefer_native_vec=0 decode=1 dk=1 dv=0 unsafe_vec_after_turbo_v_decode=0 allow_vec=1 kernel=VEC need_f16_K=0 need_f16_V=0 Knb=[68,544,136,139264] Vnb=[24,768,192,196608] Keff_nb=[2,2048,512,524288] Veff_nb=[24,768,192,196608]
CUDA_FA_ROUTE_PLAN device=0 Q=[256,1,16,1] Kraw=turbo4_tcq Vraw=q5_1 Kshape=[256,256,4,1] Vshape=[256,256,4,1] Keff=f16 Veff=q5_1 turbo_kv=1 prefer_native_vec=0 decode=1 dk=1 dv=0 unsafe_vec_after_turbo_v_decode=0 allow_vec=1 kernel=VEC need_f16_K=0 need_f16_V=0 Knb=[68,544,136,139264] Vnb=[24,768,192,196608] Keff_nb=[2,2048,512,524288] Veff_nb=[24,768,192,196608]
CUDA_FA_ROUTE_PLAN device=0 Q=[256,1,16,1] Kraw=turbo4_tcq Vraw=q5_1 Kshape=[256,256,4,1] Vshape=[256,256,4,1] Keff=f16 Veff=q5_1 turbo_kv=1 prefer_native_vec=0 decode=1 dk=1 dv=0 unsafe_vec_after_turbo_v_decode=0 allow_vec=1 kernel=VEC need_f16_K=0 need_f16_V=0 Knb=[68,544,136,139264] Vnb=[24,768,192,196608] Keff_nb=[2,2048,512,524288] Veff_nb=[24,768,192,196608]
CUDA_FA_ROUTE_PLAN device=0 Q=[256,16,16,1] Kraw=turbo4_tcq Vraw=q5_1 Kshape=[256,256,4,1] Vshape=[256,256,4,1] Keff=f16 Veff=q5_1 turbo_kv=1 prefer_native_vec=0 decode=1 dk=1 dv=0 unsafe_vec_after_turbo_v_decode=0 allow_vec=1 kernel=MMA_F16 need_f16_K=0 need_f16_V=1 Knb=[68,544,136,139264] Vnb=[24,768,192,196608] Keff_nb=[2,2048,512,524288] Veff_nb=[24,768,192,196608]
CUDA_FA_ROUTE_SUPPORTED kernel=MMA_F16 effK=f16 effV=q5_1 supported=1
CUDA_FA_ROUTE_PLAN device=0 Q=[256,16,16,1] Kraw=turbo4_tcq Vraw=q5_1 Kshape=[256,256,4,1] Vshape=[256,256,4,1] Keff=f16 Veff=q5_1 turbo_kv=1 prefer_native_vec=0 decode=1 dk=1 dv=0 unsafe_vec_after_turbo_v_decode=0 allow_vec=1 kernel=MMA_F16 need_f16_K=0 need_f16_V=1 Knb=[68,544,136,139264] Vnb=[24,768,192,196608] Keff_nb=[2,2048,512,524288] Veff_nb=[24,768,192,196608]
CUDA_FA_ROUTE_SUPPORTED kernel=MMA_F16 effK=f16 effV=q5_1 supported=1
CUDA_FA_ROUTE_PLAN device=0 Q=[256,16,16,1] Kraw=turbo4_tcq Vraw=q5_1 Kshape=[256,256,4,1] Vshape=[256,256,4,1] Keff=f16 Veff=q5_1 turbo_kv=1 prefer_native_vec=0 decode=1 dk=1 dv=0 unsafe_vec_after_turbo_v_decode=0 allow_vec=1 kernel=MMA_F16 need_f16_K=0 need_f16_V=1 Knb=[68,544,136,139264] Vnb=[24,768,192,196608] Keff_nb=[2,2048,512,524288] Veff_nb=[24,768,192,196608]
CUDA_FA_ROUTE_SUPPORTED kernel=MMA_F16 effK=f16 effV=q5_1 supported=1
CUDA_FA_ROUTE_PLAN device=0 Q=[256,16,16,1] Kraw=turbo4_tcq Vraw=q5_1 Kshape=[256,256,4,1] Vshape=[256,256,4,1] Keff=f16 Veff=q5_1 turbo_kv=1 prefer_native_vec=0 decode=1 dk=1 dv=0 unsafe_vec_after_turbo_v_decode=0 allow_vec=1 kernel=MMA_F16 need_f16_K=0 need_f16_V=1 Knb=[68,544,136,139264] Vnb=[24,768,192,196608] Keff_nb=[2,2048,512,524288] Veff_nb=[24,768,192,196608]
CUDA_FA_ROUTE_SUPPORTED kernel=MMA_F16 effK=f16 effV=q5_1 supported=1
CUDA_FA_ROUTE_PLAN device=0 Q=[256,16,16,1] Kraw=turbo4_tcq Vraw=q5_1 Kshape=[256,256,4,1] Vshape=[256,256,4,1] Keff=f16 Veff=q5_1 turbo_kv=1 prefer_native_vec=0 decode=1 dk=1 dv=0 unsafe_vec_after_turbo_v_decode=0 allow_vec=1 kernel=MMA_F16 need_f16_K=0 need_f16_V=1 Knb=[68,544,136,139264] Vnb=[24,768,192,196608] Keff_nb=[2,2048,512,524288] Veff_nb=[24,768,192,196608]
CUDA_FA_ROUTE_SUPPORTED kernel=MMA_F16 effK=f16 effV=q5_1 supported=1
CUDA_FA_ROUTE_PLAN device=0 Q=[256,16,16,1] Kraw=turbo4_tcq Vraw=q5_1 Kshape=[256,256,4,1] Vshape=[256,256,4,1] Keff=f16 Veff=q5_1 turbo_kv=1 prefer_native_vec=0 decode=1 dk=1 dv=0 unsafe_vec_after_turbo_v_decode=0 allow_vec=1 kernel=MMA_F16 need_f16_K=0 need_f16_V=1 Knb=[68,544,136,139264] Vnb=[24,768,192,196608] Keff_nb=[2,2048,512,524288] Veff_nb=[24,768,192,196608]
CUDA_FA_ROUTE_SUPPORTED kernel=MMA_F16 effK=f16 effV=q5_1 supported=1
CUDA_FA_ROUTE_PLAN device=0 Q=[256,16,16,1] Kraw=turbo4_tcq Vraw=q5_1 Kshape=[256,256,4,1] Vshape=[256,256,4,1] Keff=f16 Veff=q5_1 turbo_kv=1 prefer_native_vec=0 decode=1 dk=1 dv=0 unsafe_vec_after_turbo_v_decode=0 allow_vec=1 kernel=MMA_F16 need_f16_K=0 need_f16_V=1 Knb=[68,544,136,139264] Vnb=[24,768,192,196608] Keff_nb=[2,2048,512,524288] Veff_nb=[24,768,192,196608]
CUDA_FA_ROUTE_SUPPORTED kernel=MMA_F16 effK=f16 effV=q5_1 supported=1
CUDA_FA_ROUTE_PLAN device=0 Q=[256,16,16,1] Kraw=turbo4_tcq Vraw=q5_1 Kshape=[256,256,4,1] Vshape=[256,256,4,1] Keff=f16 Veff=q5_1 turbo_kv=1 prefer_native_vec=0 decode=1 dk=1 dv=0 unsafe_vec_after_turbo_v_decode=0 allow_vec=1 kernel=MMA_F16 need_f16_K=0 need_f16_V=1 Knb=[68,544,136,139264] Vnb=[24,768,192,196608] Keff_nb=[2,2048,512,524288] Veff_nb=[24,768,192,196608]
CUDA_FA_ROUTE_SUPPORTED kernel=MMA_F16 effK=f16 effV=q5_1 supported=1
CUDA_FA_ROUTE_PLAN device=0 Q=[256,1,16,1] Kraw=turbo4_tcq Vraw=q5_1 Kshape=[256,256,4,1] Vshape=[256,256,4,1] Keff=f16 Veff=q5_1 turbo_kv=1 prefer_native_vec=0 decode=1 dk=1 dv=0 unsafe_vec_after_turbo_v_decode=0 allow_vec=1 kernel=VEC need_f16_K=0 need_f16_V=0 Knb=[68,544,136,139264] Vnb=[24,768,192,196608] Keff_nb=[2,2048,512,524288] Veff_nb=[24,768,192,196608]
CUDA_FA_ROUTE_PLAN device=0 Q=[256,1,16,1] Kraw=turbo4_tcq Vraw=q5_1 Kshape=[256,256,4,1] Vshape=[256,256,4,1] Keff=f16 Veff=q5_1 turbo_kv=1 prefer_native_vec=0 decode=1 dk=1 dv=0 unsafe_vec_after_turbo_v_decode=0 allow_vec=1 kernel=VEC need_f16_K=0 need_f16_V=0 Knb=[68,544,136,139264] Vnb=[24,768,192,196608] Keff_nb=[2,2048,512,524288] Veff_nb=[24,768,192,196608]
CUDA_FA_ROUTE_PLAN device=0 Q=[256,1,16,1] Kraw=turbo4_tcq Vraw=q5_1 Kshape=[256,256,4,1] Vshape=[256,256,4,1] Keff=f16 Veff=q5_1 turbo_kv=1 prefer_native_vec=0 decode=1 dk=1 dv=0 unsafe_vec_after_turbo_v_decode=0 allow_vec=1 kernel=VEC need_f16_K=0 need_f16_V=0 Knb=[68,544,136,139264] Vnb=[24,768,192,196608] Keff_nb=[2,2048,512,524288] Veff_nb=[24,768,192,196608]
CUDA_FA_ROUTE_PLAN device=0 Q=[256,1,16,1] Kraw=turbo4_tcq Vraw=q5_1 Kshape=[256,256,4,1] Vshape=[256,256,4,1] Keff=f16 Veff=q5_1 turbo_kv=1 prefer_native_vec=0 decode=1 dk=1 dv=0 unsafe_vec_after_turbo_v_decode=0 allow_vec=1 kernel=VEC need_f16_K=0 need_f16_V=0 Knb=[68,544,136,139264] Vnb=[24,768,192,196608] Keff_nb=[2,2048,512,524288] Veff_nb=[24,768,192,196608]
CUDA_FA_ROUTE_PLAN device=0 Q=[256,1,16,1] Kraw=turbo4_tcq Vraw=q5_1 Kshape=[256,256,4,1] Vshape=[256,256,4,1] Keff=f16 Veff=q5_1 turbo_kv=1 prefer_native_vec=0 decode=1 dk=1 dv=0 unsafe_vec_after_turbo_v_decode=0 allow_vec=1 kernel=VEC need_f16_K=0 need_f16_V=0 Knb=[68,544,136,139264] Vnb=[24,768,192,196608] Keff_nb=[2,2048,512,524288] Veff_nb=[24,768,192,196608]
CUDA_FA_ROUTE_PLAN device=0 Q=[256,1,16,1] Kraw=turbo4_tcq Vraw=q5_1 Kshape=[256,256,4,1] Vshape=[256,256,4,1] Keff=f16 Veff=q5_1 turbo_kv=1 prefer_native_vec=0 decode=1 dk=1 dv=0 unsafe_vec_after_turbo_v_decode=0 allow_vec=1 kernel=VEC need_f16_K=0 need_f16_V=0 Knb=[68,544,136,139264] Vnb=[24,768,192,196608] Keff_nb=[2,2048,512,524288] Veff_nb=[24,768,192,196608]
CUDA_FA_ROUTE_PLAN device=0 Q=[256,1,16,1] Kraw=turbo4_tcq Vraw=q5_1 Kshape=[256,256,4,1] Vshape=[256,256,4,1] Keff=f16 Veff=q5_1 turbo_kv=1 prefer_native_vec=0 decode=1 dk=1 dv=0 unsafe_vec_after_turbo_v_decode=0 allow_vec=1 kernel=VEC need_f16_K=0 need_f16_V=0 Knb=[68,544,136,139264] Vnb=[24,768,192,196608] Keff_nb=[2,2048,512,524288] Veff_nb=[24,768,192,196608]
CUDA_FA_ROUTE_PLAN device=0 Q=[256,1,16,1] Kraw=turbo4_tcq Vraw=q5_1 Kshape=[256,256,4,1] Vshape=[256,256,4,1] Keff=f16 Veff=q5_1 turbo_kv=1 prefer_native_vec=0 decode=1 dk=1 dv=0 unsafe_vec_after_turbo_v_decode=0 allow_vec=1 kernel=VEC need_f16_K=0 need_f16_V=0 Knb=[68,544,136,139264] Vnb=[24,768,192,196608] Keff_nb=[2,2048,512,524288] Veff_nb=[24,768,192,196608]
CUDA_FA_ROUTE_PLAN device=0 Q=[256,256,16,1] Kraw=turbo4_tcq Vraw=q5_1 Kshape=[256,256,4,1] Vshape=[256,256,4,1] Keff=f16 Veff=q5_1 turbo_kv=1 prefer_native_vec=0 decode=1 dk=1 dv=0 unsafe_vec_after_turbo_v_decode=0 allow_vec=1 kernel=MMA_F16 need_f16_K=0 need_f16_V=1 Knb=[68,544,136,139264] Vnb=[24,768,192,196608] Keff_nb=[2,2048,512,524288] Veff_nb=[24,768,192,196608]
CUDA_FA_ROUTE_SUPPORTED kernel=MMA_F16 effK=f16 effV=q5_1 supported=1
CUDA_FA_ROUTE_PLAN device=0 Q=[256,256,16,1] Kraw=turbo4_tcq Vraw=q5_1 Kshape=[256,256,4,1] Vshape=[256,256,4,1] Keff=f16 Veff=q5_1 turbo_kv=1 prefer_native_vec=0 decode=1 dk=1 dv=0 unsafe_vec_after_turbo_v_decode=0 allow_vec=1 kernel=MMA_F16 need_f16_K=0 need_f16_V=1 Knb=[68,544,136,139264] Vnb=[24,768,192,196608] Keff_nb=[2,2048,512,524288] Veff_nb=[24,768,192,196608]
CUDA_FA_ROUTE_SUPPORTED kernel=MMA_F16 effK=f16 effV=q5_1 supported=1
CUDA_FA_ROUTE_PLAN device=0 Q=[256,256,16,1] Kraw=turbo4_tcq Vraw=q5_1 Kshape=[256,256,4,1] Vshape=[256,256,4,1] Keff=f16 Veff=q5_1 turbo_kv=1 prefer_native_vec=0 decode=1 dk=1 dv=0 unsafe_vec_after_turbo_v_decode=0 allow_vec=1 kernel=MMA_F16 need_f16_K=0 need_f16_V=1 Knb=[68,544,136,139264] Vnb=[24,768,192,196608] Keff_nb=[2,2048,512,524288] Veff_nb=[24,768,192,196608]
CUDA_FA_ROUTE_SUPPORTED kernel=MMA_F16 effK=f16 effV=q5_1 supported=1
CUDA_FA_ROUTE_PLAN device=0 Q=[256,256,16,1] Kraw=turbo4_tcq Vraw=q5_1 Kshape=[256,256,4,1] Vshape=[256,256,4,1] Keff=f16 Veff=q5_1 turbo_kv=1 prefer_native_vec=0 decode=1 dk=1 dv=0 unsafe_vec_after_turbo_v_decode=0 allow_vec=1 kernel=MMA_F16 need_f16_K=0 need_f16_V=1 Knb=[68,544,136,139264] Vnb=[24,768,192,196608] Keff_nb=[2,2048,512,524288] Veff_nb=[24,768,192,196608]
CUDA_FA_ROUTE_SUPPORTED kernel=MMA_F16 effK=f16 effV=q5_1 supported=1
CUDA_FA_ROUTE_PLAN device=0 Q=[256,256,16,1] Kraw=turbo4_tcq Vraw=q5_1 Kshape=[256,256,4,1] Vshape=[256,256,4,1] Keff=f16 Veff=q5_1 turbo_kv=1 prefer_native_vec=0 decode=1 dk=1 dv=0 unsafe_vec_after_turbo_v_decode=0 allow_vec=1 kernel=MMA_F16 need_f16_K=0 need_f16_V=1 Knb=[68,544,136,139264] Vnb=[24,768,192,196608] Keff_nb=[2,2048,512,524288] Veff_nb=[24,768,192,196608]
CUDA_FA_ROUTE_SUPPORTED kernel=MMA_F16 effK=f16 effV=q5_1 supported=1
CUDA_FA_ROUTE_PLAN device=0 Q=[256,256,16,1] Kraw=turbo4_tcq Vraw=q5_1 Kshape=[256,256,4,1] Vshape=[256,256,4,1] Keff=f16 Veff=q5_1 turbo_kv=1 prefer_native_vec=0 decode=1 dk=1 dv=0 unsafe_vec_after_turbo_v_decode=0 allow_vec=1 kernel=MMA_F16 need_f16_K=0 need_f16_V=1 Knb=[68,544,136,139264] Vnb=[24,768,192,196608] Keff_nb=[2,2048,512,524288] Veff_nb=[24,768,192,196608]
CUDA_FA_ROUTE_SUPPORTED kernel=MMA_F16 effK=f16 effV=q5_1 supported=1
CUDA_FA_ROUTE_PLAN device=0 Q=[256,256,16,1] Kraw=turbo4_tcq Vraw=q5_1 Kshape=[256,256,4,1] Vshape=[256,256,4,1] Keff=f16 Veff=q5_1 turbo_kv=1 prefer_native_vec=0 decode=1 dk=1 dv=0 unsafe_vec_after_turbo_v_decode=0 allow_vec=1 kernel=MMA_F16 need_f16_K=0 need_f16_V=1 Knb=[68,544,136,139264] Vnb=[24,768,192,196608] Keff_nb=[2,2048,512,524288] Veff_nb=[24,768,192,196608]
CUDA_FA_ROUTE_SUPPORTED kernel=MMA_F16 effK=f16 effV=q5_1 supported=1
CUDA_FA_ROUTE_PLAN device=0 Q=[256,256,16,1] Kraw=turbo4_tcq Vraw=q5_1 Kshape=[256,256,4,1] Vshape=[256,256,4,1] Keff=f16 Veff=q5_1 turbo_kv=1 prefer_native_vec=0 decode=1 dk=1 dv=0 unsafe_vec_after_turbo_v_decode=0 allow_vec=1 kernel=MMA_F16 need_f16_K=0 need_f16_V=1 Knb=[68,544,136,139264] Vnb=[24,768,192,196608] Keff_nb=[2,2048,512,524288] Veff_nb=[24,768,192,196608]
CUDA_FA_ROUTE_SUPPORTED kernel=MMA_F16 effK=f16 effV=q5_1 supported=1
CUDA_FA_ROUTE_PLAN device=0 Q=[256,256,16,1] Kraw=turbo4_tcq Vraw=q5_1 Kshape=[256,256,4,1] Vshape=[256,256,4,1] Keff=f16 Veff=q5_1 turbo_kv=1 prefer_native_vec=0 decode=1 dk=1 dv=0 unsafe_vec_after_turbo_v_decode=0 allow_vec=1 kernel=MMA_F16 need_f16_K=0 need_f16_V=1 Knb=[68,544,136,139264] Vnb=[24,768,192,196608] Keff_nb=[2,2048,512,524288] Veff_nb=[24,768,192,196608]
CUDA_FA_ROUTE_ALLOC kernel=MMA_F16 need_f16_K=0 need_f16_V=1 workspace_end_offset=4718592 dst_data=(nil) f16_K=(nil) f16_V=0x400000 f16_end=0x480000
CUDA_FA_ROUTE_PLAN device=0 Q=[256,256,16,1] Kraw=turbo4_tcq Vraw=q5_1 Kshape=[256,256,4,1] Vshape=[256,256,4,1] Keff=f16 Veff=q5_1 turbo_kv=1 prefer_native_vec=0 decode=1 dk=1 dv=0 unsafe_vec_after_turbo_v_decode=0 allow_vec=1 kernel=MMA_F16 need_f16_K=0 need_f16_V=1 Knb=[68,544,136,139264] Vnb=[24,768,192,196608] Keff_nb=[2,2048,512,524288] Veff_nb=[24,768,192,196608]
CUDA_FA_ROUTE_ALLOC kernel=MMA_F16 need_f16_K=0 need_f16_V=1 workspace_end_offset=4718592 dst_data=(nil) f16_K=(nil) f16_V=0x400000 f16_end=0x480000
CUDA_FA_ROUTE_PLAN device=0 Q=[256,256,16,1] Kraw=turbo4_tcq Vraw=q5_1 Kshape=[256,256,4,1] Vshape=[256,256,4,1] Keff=f16 Veff=q5_1 turbo_kv=1 prefer_native_vec=0 decode=1 dk=1 dv=0 unsafe_vec_after_turbo_v_decode=0 allow_vec=1 kernel=MMA_F16 need_f16_K=0 need_f16_V=1 Knb=[68,544,136,139264] Vnb=[24,768,192,196608] Keff_nb=[2,2048,512,524288] Veff_nb=[24,768,192,196608]
CUDA_FA_ROUTE_ALLOC kernel=MMA_F16 need_f16_K=0 need_f16_V=1 workspace_end_offset=4718592 dst_data=(nil) f16_K=(nil) f16_V=0x400000 f16_end=0x480000
CUDA_FA_ROUTE_PLAN device=0 Q=[256,256,16,1] Kraw=turbo4_tcq Vraw=q5_1 Kshape=[256,256,4,1] Vshape=[256,256,4,1] Keff=f16 Veff=q5_1 turbo_kv=1 prefer_native_vec=0 decode=1 dk=1 dv=0 unsafe_vec_after_turbo_v_decode=0 allow_vec=1 kernel=MMA_F16 need_f16_K=0 need_f16_V=1 Knb=[68,544,136,139264] Vnb=[24,768,192,196608] Keff_nb=[2,2048,512,524288] Veff_nb=[24,768,192,196608]
CUDA_FA_ROUTE_ALLOC kernel=MMA_F16 need_f16_K=0 need_f16_V=1 workspace_end_offset=4718592 dst_data=(nil) f16_K=(nil) f16_V=0x400000 f16_end=0x480000
CUDA_FA_ROUTE_PLAN device=0 Q=[256,256,16,1] Kraw=turbo4_tcq Vraw=q5_1 Kshape=[256,256,4,1] Vshape=[256,256,4,1] Keff=f16 Veff=q5_1 turbo_kv=1 prefer_native_vec=0 decode=1 dk=1 dv=0 unsafe_vec_after_turbo_v_decode=0 allow_vec=1 kernel=MMA_F16 need_f16_K=0 need_f16_V=1 Knb=[68,544,136,139264] Vnb=[24,768,192,196608] Keff_nb=[2,2048,512,524288] Veff_nb=[24,768,192,196608]
CUDA_FA_ROUTE_ALLOC kernel=MMA_F16 need_f16_K=0 need_f16_V=1 workspace_end_offset=4718592 dst_data=(nil) f16_K=(nil) f16_V=0x400000 f16_end=0x480000
CUDA_FA_ROUTE_PLAN device=0 Q=[256,256,16,1] Kraw=turbo4_tcq Vraw=q5_1 Kshape=[256,256,4,1] Vshape=[256,256,4,1] Keff=f16 Veff=q5_1 turbo_kv=1 prefer_native_vec=0 decode=1 dk=1 dv=0 unsafe_vec_after_turbo_v_decode=0 allow_vec=1 kernel=MMA_F16 need_f16_K=0 need_f16_V=1 Knb=[68,544,136,139264] Vnb=[24,768,192,196608] Keff_nb=[2,2048,512,524288] Veff_nb=[24,768,192,196608]
CUDA_FA_ROUTE_ALLOC kernel=MMA_F16 need_f16_K=0 need_f16_V=1 workspace_end_offset=4718592 dst_data=(nil) f16_K=(nil) f16_V=0x400000 f16_end=0x480000
CUDA_FA_ROUTE_PLAN device=0 Q=[256,256,16,1] Kraw=turbo4_tcq Vraw=q5_1 Kshape=[256,256,4,1] Vshape=[256,256,4,1] Keff=f16 Veff=q5_1 turbo_kv=1 prefer_native_vec=0 decode=1 dk=1 dv=0 unsafe_vec_after_turbo_v_decode=0 allow_vec=1 kernel=MMA_F16 need_f16_K=0 need_f16_V=1 Knb=[68,544,136,139264] Vnb=[24,768,192,196608] Keff_nb=[2,2048,512,524288] Veff_nb=[24,768,192,196608]
CUDA_FA_ROUTE_ALLOC kernel=MMA_F16 need_f16_K=0 need_f16_V=1 workspace_end_offset=4718592 dst_data=(nil) f16_K=(nil) f16_V=0x400000 f16_end=0x480000
CUDA_FA_ROUTE_PLAN device=0 Q=[256,256,16,1] Kraw=turbo4_tcq Vraw=q5_1 Kshape=[256,256,4,1] Vshape=[256,256,4,1] Keff=f16 Veff=q5_1 turbo_kv=1 prefer_native_vec=0 decode=1 dk=1 dv=0 unsafe_vec_after_turbo_v_decode=0 allow_vec=1 kernel=MMA_F16 need_f16_K=0 need_f16_V=1 Knb=[68,544,136,139264] Vnb=[24,768,192,196608] Keff_nb=[2,2048,512,524288] Veff_nb=[24,768,192,196608]
CUDA_FA_ROUTE_ALLOC kernel=MMA_F16 need_f16_K=0 need_f16_V=1 workspace_end_offset=4718592 dst_data=(nil) f16_K=(nil) f16_V=0x400000 f16_end=0x480000
CUDA_FA_ROUTE_PLAN device=0 Q=[256,256,16,1] Kraw=turbo4_tcq Vraw=q5_1 Kshape=[256,256,4,1] Vshape=[256,256,4,1] Keff=f16 Veff=q5_1 turbo_kv=1 prefer_native_vec=0 decode=1 dk=1 dv=0 unsafe_vec_after_turbo_v_decode=0 allow_vec=1 kernel=MMA_F16 need_f16_K=0 need_f16_V=1 Knb=[68,544,136,139264] Vnb=[24,768,192,196608] Keff_nb=[2,2048,512,524288] Veff_nb=[24,768,192,196608]
CUDA_FA_ROUTE_ALLOC kernel=MMA_F16 need_f16_K=0 need_f16_V=1 workspace_end_offset=4718592 dst_data=(nil) f16_K=(nil) f16_V=0x400000 f16_end=0x480000
CUDA_FA_ROUTE_PLAN device=0 Q=[256,256,16,1] Kraw=turbo4_tcq Vraw=q5_1 Kshape=[256,256,4,1] Vshape=[256,256,4,1] Keff=f16 Veff=q5_1 turbo_kv=1 prefer_native_vec=0 decode=1 dk=1 dv=0 unsafe_vec_after_turbo_v_decode=0 allow_vec=1 kernel=MMA_F16 need_f16_K=0 need_f16_V=1 Knb=[68,544,136,139264] Vnb=[24,768,192,196608] Keff_nb=[2,2048,512,524288] Veff_nb=[24,768,192,196608]
CUDA_FA_ROUTE_ALLOC kernel=MMA_F16 need_f16_K=0 need_f16_V=1 workspace_end_offset=4718592 dst_data=(nil) f16_K=(nil) f16_V=0x400000 f16_end=0x480000
CUDA_FA_ROUTE_PLAN device=0 Q=[256,256,16,1] Kraw=turbo4_tcq Vraw=q5_1 Kshape=[256,256,4,1] Vshape=[256,256,4,1] Keff=f16 Veff=q5_1 turbo_kv=1 prefer_native_vec=0 decode=1 dk=1 dv=0 unsafe_vec_after_turbo_v_decode=0 allow_vec=1 kernel=MMA_F16 need_f16_K=0 need_f16_V=1 Knb=[68,544,136,139264] Vnb=[24,768,192,196608] Keff_nb=[2,2048,512,524288] Veff_nb=[24,768,192,196608]
CUDA_FA_ROUTE_ALLOC kernel=MMA_F16 need_f16_K=0 need_f16_V=1 workspace_end_offset=4718592 dst_data=(nil) f16_K=(nil) f16_V=0x400000 f16_end=0x480000
CUDA_FA_ROUTE_PLAN device=0 Q=[256,256,16,1] Kraw=turbo4_tcq Vraw=q5_1 Kshape=[256,256,4,1] Vshape=[256,256,4,1] Keff=f16 Veff=q5_1 turbo_kv=1 prefer_native_vec=0 decode=1 dk=1 dv=0 unsafe_vec_after_turbo_v_decode=0 allow_vec=1 kernel=MMA_F16 need_f16_K=0 need_f16_V=1 Knb=[68,544,136,139264] Vnb=[24,768,192,196608] Keff_nb=[2,2048,512,524288] Veff_nb=[24,768,192,196608]
CUDA_FA_ROUTE_ALLOC kernel=MMA_F16 need_f16_K=0 need_f16_V=1 workspace_end_offset=4718592 dst_data=(nil) f16_K=(nil) f16_V=0x400000 f16_end=0x480000
CUDA_FA_ROUTE_PLAN device=0 Q=[256,256,16,1] Kraw=turbo4_tcq Vraw=q5_1 Kshape=[256,256,4,1] Vshape=[256,256,4,1] Keff=f16 Veff=q5_1 turbo_kv=1 prefer_native_vec=0 decode=1 dk=1 dv=0 unsafe_vec_after_turbo_v_decode=0 allow_vec=1 kernel=MMA_F16 need_f16_K=0 need_f16_V=1 Knb=[68,544,136,139264] Vnb=[24,768,192,196608] Keff_nb=[2,2048,512,524288] Veff_nb=[24,768,192,196608]
CUDA_FA_ROUTE_ALLOC kernel=MMA_F16 need_f16_K=0 need_f16_V=1 workspace_end_offset=4718592 dst_data=(nil) f16_K=(nil) f16_V=0x400000 f16_end=0x480000
CUDA_FA_ROUTE_PLAN device=0 Q=[256,256,16,1] Kraw=turbo4_tcq Vraw=q5_1 Kshape=[256,256,4,1] Vshape=[256,256,4,1] Keff=f16 Veff=q5_1 turbo_kv=1 prefer_native_vec=0 decode=1 dk=1 dv=0 unsafe_vec_after_turbo_v_decode=0 allow_vec=1 kernel=MMA_F16 need_f16_K=0 need_f16_V=1 Knb=[68,544,136,139264] Vnb=[24,768,192,196608] Keff_nb=[2,2048,512,524288] Veff_nb=[24,768,192,196608]
CUDA_FA_ROUTE_ALLOC kernel=MMA_F16 need_f16_K=0 need_f16_V=1 workspace_end_offset=4718592 dst_data=(nil) f16_K=(nil) f16_V=0x400000 f16_end=0x480000
CUDA_FA_ROUTE_PLAN device=0 Q=[256,256,16,1] Kraw=turbo4_tcq Vraw=q5_1 Kshape=[256,256,4,1] Vshape=[256,256,4,1] Keff=f16 Veff=q5_1 turbo_kv=1 prefer_native_vec=0 decode=1 dk=1 dv=0 unsafe_vec_after_turbo_v_decode=0 allow_vec=1 kernel=MMA_F16 need_f16_K=0 need_f16_V=1 Knb=[68,544,136,139264] Vnb=[24,768,192,196608] Keff_nb=[2,2048,512,524288] Veff_nb=[24,768,192,196608]
CUDA_FA_ROUTE_ALLOC kernel=MMA_F16 need_f16_K=0 need_f16_V=1 workspace_end_offset=4718592 dst_data=(nil) f16_K=(nil) f16_V=0x400000 f16_end=0x480000
CUDA_FA_ROUTE_PLAN device=0 Q=[256,256,16,1] Kraw=turbo4_tcq Vraw=q5_1 Kshape=[256,256,4,1] Vshape=[256,256,4,1] Keff=f16 Veff=q5_1 turbo_kv=1 prefer_native_vec=0 decode=1 dk=1 dv=0 unsafe_vec_after_turbo_v_decode=0 allow_vec=1 kernel=MMA_F16 need_f16_K=0 need_f16_V=1 Knb=[68,544,136,139264] Vnb=[24,768,192,196608] Keff_nb=[2,2048,512,524288] Veff_nb=[24,768,192,196608]
CUDA_FA_ROUTE_ALLOC kernel=MMA_F16 need_f16_K=0 need_f16_V=1 workspace_end_offset=4718592 dst_data=(nil) f16_K=(nil) f16_V=0x400000 f16_end=0x480000
CUDA_FA_ROUTE_PLAN device=0 Q=[256,256,16,1] Kraw=turbo4_tcq Vraw=q5_1 Kshape=[256,256,4,1] Vshape=[256,256,4,1] Keff=f16 Veff=q5_1 turbo_kv=1 prefer_native_vec=0 decode=1 dk=1 dv=0 unsafe_vec_after_turbo_v_decode=0 allow_vec=1 kernel=MMA_F16 need_f16_K=0 need_f16_V=1 Knb=[68,544,136,139264] Vnb=[24,768,192,196608] Keff_nb=[2,2048,512,524288] Veff_nb=[24,768,192,196608]
CUDA_FA_ROUTE_ALLOC kernel=MMA_F16 need_f16_K=0 need_f16_V=1 workspace_end_offset=4718592 dst_data=(nil) f16_K=(nil) f16_V=0x400000 f16_end=0x480000
CUDA_FA_ROUTE_PLAN device=0 Q=[256,256,16,1] Kraw=turbo4_tcq Vraw=q5_1 Kshape=[256,256,4,1] Vshape=[256,256,4,1] Keff=f16 Veff=q5_1 turbo_kv=1 prefer_native_vec=0 decode=1 dk=1 dv=0 unsafe_vec_after_turbo_v_decode=0 allow_vec=1 kernel=MMA_F16 need_f16_K=0 need_f16_V=1 Knb=[68,544,136,139264] Vnb=[24,768,192,196608] Keff_nb=[2,2048,512,524288] Veff_nb=[24,768,192,196608]
CUDA_FA_ROUTE_ALLOC kernel=MMA_F16 need_f16_K=0 need_f16_V=1 workspace_end_offset=4718592 dst_data=(nil) f16_K=(nil) f16_V=0x400000 f16_end=0x480000
CUDA_FA_ROUTE_PLAN device=0 Q=[256,256,16,1] Kraw=turbo4_tcq Vraw=q5_1 Kshape=[256,256,4,1] Vshape=[256,256,4,1] Keff=f16 Veff=q5_1 turbo_kv=1 prefer_native_vec=0 decode=1 dk=1 dv=0 unsafe_vec_after_turbo_v_decode=0 allow_vec=1 kernel=MMA_F16 need_f16_K=0 need_f16_V=1 Knb=[68,544,136,139264] Vnb=[24,768,192,196608] Keff_nb=[2,2048,512,524288] Veff_nb=[24,768,192,196608]
CUDA_FA_ROUTE_ALLOC kernel=MMA_F16 need_f16_K=0 need_f16_V=1 workspace_end_offset=4718592 dst_data=(nil) f16_K=(nil) f16_V=0x400000 f16_end=0x480000
CUDA_FA_ROUTE_PLAN device=0 Q=[256,256,16,1] Kraw=turbo4_tcq Vraw=q5_1 Kshape=[256,256,4,1] Vshape=[256,256,4,1] Keff=f16 Veff=q5_1 turbo_kv=1 prefer_native_vec=0 decode=1 dk=1 dv=0 unsafe_vec_after_turbo_v_decode=0 allow_vec=1 kernel=MMA_F16 need_f16_K=0 need_f16_V=1 Knb=[68,544,136,139264] Vnb=[24,768,192,196608] Keff_nb=[2,2048,512,524288] Veff_nb=[24,768,192,196608]
CUDA_FA_ROUTE_ALLOC kernel=MMA_F16 need_f16_K=0 need_f16_V=1 workspace_end_offset=4718592 dst_data=(nil) f16_K=(nil) f16_V=0x400000 f16_end=0x480000
CUDA_FA_ROUTE_PLAN device=0 Q=[256,256,16,1] Kraw=turbo4_tcq Vraw=q5_1 Kshape=[256,256,4,1] Vshape=[256,256,4,1] Keff=f16 Veff=q5_1 turbo_kv=1 prefer_native_vec=0 decode=1 dk=1 dv=0 unsafe_vec_after_turbo_v_decode=0 allow_vec=1 kernel=MMA_F16 need_f16_K=0 need_f16_V=1 Knb=[68,544,136,139264] Vnb=[24,768,192,196608] Keff_nb=[2,2048,512,524288] Veff_nb=[24,768,192,196608]
CUDA_FA_ROUTE_ALLOC kernel=MMA_F16 need_f16_K=0 need_f16_V=1 workspace_end_offset=4718592 dst_data=(nil) f16_K=(nil) f16_V=0x400000 f16_end=0x480000
CUDA_FA_ROUTE_PLAN device=0 Q=[256,256,16,1] Kraw=turbo4_tcq Vraw=q5_1 Kshape=[256,256,4,1] Vshape=[256,256,4,1] Keff=f16 Veff=q5_1 turbo_kv=1 prefer_native_vec=0 decode=1 dk=1 dv=0 unsafe_vec_after_turbo_v_decode=0 allow_vec=1 kernel=MMA_F16 need_f16_K=0 need_f16_V=1 Knb=[68,544,136,139264] Vnb=[24,768,192,196608] Keff_nb=[2,2048,512,524288] Veff_nb=[24,768,192,196608]
CUDA_FA_ROUTE_ALLOC kernel=MMA_F16 need_f16_K=0 need_f16_V=1 workspace_end_offset=4718592 dst_data=(nil) f16_K=(nil) f16_V=0x400000 f16_end=0x480000
CUDA_FA_ROUTE_PLAN device=0 Q=[256,256,16,1] Kraw=turbo4_tcq Vraw=q5_1 Kshape=[256,256,4,1] Vshape=[256,256,4,1] Keff=f16 Veff=q5_1 turbo_kv=1 prefer_native_vec=0 decode=1 dk=1 dv=0 unsafe_vec_after_turbo_v_decode=0 allow_vec=1 kernel=MMA_F16 need_f16_K=0 need_f16_V=1 Knb=[68,544,136,139264] Vnb=[24,768,192,196608] Keff_nb=[2,2048,512,524288] Veff_nb=[24,768,192,196608]
CUDA_FA_ROUTE_ALLOC kernel=MMA_F16 need_f16_K=0 need_f16_V=1 workspace_end_offset=4718592 dst_data=(nil) f16_K=(nil) f16_V=0x400000 f16_end=0x480000
CUDA_FA_ROUTE_PLAN device=0 Q=[256,256,16,1] Kraw=turbo4_tcq Vraw=q5_1 Kshape=[256,256,4,1] Vshape=[256,256,4,1] Keff=f16 Veff=q5_1 turbo_kv=1 prefer_native_vec=0 decode=1 dk=1 dv=0 unsafe_vec_after_turbo_v_decode=0 allow_vec=1 kernel=MMA_F16 need_f16_K=0 need_f16_V=1 Knb=[68,544,136,139264] Vnb=[24,768,192,196608] Keff_nb=[2,2048,512,524288] Veff_nb=[24,768,192,196608]
CUDA_FA_ROUTE_ALLOC kernel=MMA_F16 need_f16_K=0 need_f16_V=1 workspace_end_offset=4718592 dst_data=(nil) f16_K=(nil) f16_V=0x400000 f16_end=0x480000
CUDA_FA_ROUTE_PLAN device=0 Q=[256,256,16,1] Kraw=turbo4_tcq Vraw=q5_1 Kshape=[256,256,4,1] Vshape=[256,256,4,1] Keff=f16 Veff=q5_1 turbo_kv=1 prefer_native_vec=0 decode=1 dk=1 dv=0 unsafe_vec_after_turbo_v_decode=0 allow_vec=1 kernel=MMA_F16 need_f16_K=0 need_f16_V=1 Knb=[68,544,136,139264] Vnb=[24,768,192,196608] Keff_nb=[2,2048,512,524288] Veff_nb=[24,768,192,196608]
CUDA_FA_ROUTE_ALLOC kernel=MMA_F16 need_f16_K=0 need_f16_V=1 workspace_end_offset=4718592 dst_data=(nil) f16_K=(nil) f16_V=0x400000 f16_end=0x480000
CUDA_FA_ROUTE_PLAN device=0 Q=[256,256,16,1] Kraw=turbo4_tcq Vraw=q5_1 Kshape=[256,256,4,1] Vshape=[256,256,4,1] Keff=f16 Veff=q5_1 turbo_kv=1 prefer_native_vec=0 decode=1 dk=1 dv=0 unsafe_vec_after_turbo_v_decode=0 allow_vec=1 kernel=MMA_F16 need_f16_K=0 need_f16_V=1 Knb=[68,544,136,139264] Vnb=[24,768,192,196608] Keff_nb=[2,2048,512,524288] Veff_nb=[24,768,192,196608]
CUDA_FA_ROUTE_ALLOC kernel=MMA_F16 need_f16_K=0 need_f16_V=1 workspace_end_offset=4718592 dst_data=(nil) f16_K=(nil) f16_V=0x400000 f16_end=0x480000
CUDA_FA_ROUTE_PLAN device=0 Q=[256,256,16,1] Kraw=turbo4_tcq Vraw=q5_1 Kshape=[256,256,4,1] Vshape=[256,256,4,1] Keff=f16 Veff=q5_1 turbo_kv=1 prefer_native_vec=0 decode=1 dk=1 dv=0 unsafe_vec_after_turbo_v_decode=0 allow_vec=1 kernel=MMA_F16 need_f16_K=0 need_f16_V=1 Knb=[68,544,136,139264] Vnb=[24,768,192,196608] Keff_nb=[2,2048,512,524288] Veff_nb=[24,768,192,196608]
CUDA_FA_ROUTE_ALLOC kernel=MMA_F16 need_f16_K=0 need_f16_V=1 workspace_end_offset=4718592 dst_data=(nil) f16_K=(nil) f16_V=0x400000 f16_end=0x480000
CUDA_FA_ROUTE_PLAN device=0 Q=[256,256,16,1] Kraw=turbo4_tcq Vraw=q5_1 Kshape=[256,256,4,1] Vshape=[256,256,4,1] Keff=f16 Veff=q5_1 turbo_kv=1 prefer_native_vec=0 decode=1 dk=1 dv=0 unsafe_vec_after_turbo_v_decode=0 allow_vec=1 kernel=MMA_F16 need_f16_K=0 need_f16_V=1 Knb=[68,544,136,139264] Vnb=[24,768,192,196608] Keff_nb=[2,2048,512,524288] Veff_nb=[24,768,192,196608]
CUDA_FA_ROUTE_ALLOC kernel=MMA_F16 need_f16_K=0 need_f16_V=1 workspace_end_offset=4718592 dst_data=(nil) f16_K=(nil) f16_V=0x400000 f16_end=0x480000
CUDA_FA_ROUTE_PLAN device=0 Q=[256,256,16,1] Kraw=turbo4_tcq Vraw=q5_1 Kshape=[256,256,4,1] Vshape=[256,256,4,1] Keff=f16 Veff=q5_1 turbo_kv=1 prefer_native_vec=0 decode=1 dk=1 dv=0 unsafe_vec_after_turbo_v_decode=0 allow_vec=1 kernel=MMA_F16 need_f16_K=0 need_f16_V=1 Knb=[68,544,136,139264] Vnb=[24,768,192,196608] Keff_nb=[2,2048,512,524288] Veff_nb=[24,768,192,196608]
CUDA_FA_ROUTE_ALLOC kernel=MMA_F16 need_f16_K=0 need_f16_V=1 workspace_end_offset=4718592 dst_data=(nil) f16_K=(nil) f16_V=0x400000 f16_end=0x480000
CUDA_FA_ROUTE_PLAN device=0 Q=[256,256,16,1] Kraw=turbo4_tcq Vraw=q5_1 Kshape=[256,256,4,1] Vshape=[256,256,4,1] Keff=f16 Veff=q5_1 turbo_kv=1 prefer_native_vec=0 decode=1 dk=1 dv=0 unsafe_vec_after_turbo_v_decode=0 allow_vec=1 kernel=MMA_F16 need_f16_K=0 need_f16_V=1 Knb=[68,544,136,139264] Vnb=[24,768,192,196608] Keff_nb=[2,2048,512,524288] Veff_nb=[24,768,192,196608]
CUDA_FA_ROUTE_ALLOC kernel=MMA_F16 need_f16_K=0 need_f16_V=1 workspace_end_offset=4718592 dst_data=(nil) f16_K=(nil) f16_V=0x400000 f16_end=0x480000
CUDA_FA_ROUTE_PLAN device=0 Q=[256,256,16,1] Kraw=turbo4_tcq Vraw=q5_1 Kshape=[256,256,4,1] Vshape=[256,256,4,1] Keff=f16 Veff=q5_1 turbo_kv=1 prefer_native_vec=0 decode=1 dk=1 dv=0 unsafe_vec_after_turbo_v_decode=0 allow_vec=1 kernel=MMA_F16 need_f16_K=0 need_f16_V=1 Knb=[68,544,136,139264] Vnb=[24,768,192,196608] Keff_nb=[2,2048,512,524288] Veff_nb=[24,768,192,196608]
CUDA_FA_ROUTE_ALLOC kernel=MMA_F16 need_f16_K=0 need_f16_V=1 workspace_end_offset=4718592 dst_data=(nil) f16_K=(nil) f16_V=0x400000 f16_end=0x480000
CUDA_FA_ROUTE_PLAN device=0 Q=[256,256,16,1] Kraw=turbo4_tcq Vraw=q5_1 Kshape=[256,256,4,1] Vshape=[256,256,4,1] Keff=f16 Veff=q5_1 turbo_kv=1 prefer_native_vec=0 decode=1 dk=1 dv=0 unsafe_vec_after_turbo_v_decode=0 allow_vec=1 kernel=MMA_F16 need_f16_K=0 need_f16_V=1 Knb=[68,544,136,139264] Vnb=[24,768,192,196608] Keff_nb=[2,2048,512,524288] Veff_nb=[24,768,192,196608]
CUDA_FA_ROUTE_ALLOC kernel=MMA_F16 need_f16_K=0 need_f16_V=1 workspace_end_offset=4718592 dst_data=(nil) f16_K=(nil) f16_V=0x400000 f16_end=0x480000
CUDA_FA_ROUTE_PLAN device=0 Q=[256,1,16,1] Kraw=turbo4_tcq Vraw=q5_1 Kshape=[256,256,4,1] Vshape=[256,256,4,1] Keff=f16 Veff=q5_1 turbo_kv=1 prefer_native_vec=0 decode=1 dk=1 dv=0 unsafe_vec_after_turbo_v_decode=0 allow_vec=1 kernel=VEC need_f16_K=0 need_f16_V=0 Knb=[68,544,136,139264] Vnb=[24,768,192,196608] Keff_nb=[2,2048,512,524288] Veff_nb=[24,768,192,196608]
CUDA_FA_ROUTE_PLAN device=0 Q=[256,1,16,1] Kraw=turbo4_tcq Vraw=q5_1 Kshape=[256,256,4,1] Vshape=[256,256,4,1] Keff=f16 Veff=q5_1 turbo_kv=1 prefer_native_vec=0 decode=1 dk=1 dv=0 unsafe_vec_after_turbo_v_decode=0 allow_vec=1 kernel=VEC need_f16_K=0 need_f16_V=0 Knb=[68,544,136,139264] Vnb=[24,768,192,196608] Keff_nb=[2,2048,512,524288] Veff_nb=[24,768,192,196608]
CUDA_FA_ROUTE_PLAN device=0 Q=[256,1,16,1] Kraw=turbo4_tcq Vraw=q5_1 Kshape=[256,256,4,1] Vshape=[256,256,4,1] Keff=f16 Veff=q5_1 turbo_kv=1 prefer_native_vec=0 decode=1 dk=1 dv=0 unsafe_vec_after_turbo_v_decode=0 allow_vec=1 kernel=VEC need_f16_K=0 need_f16_V=0 Knb=[68,544,136,139264] Vnb=[24,768,192,196608] Keff_nb=[2,2048,512,524288] Veff_nb=[24,768,192,196608]
CUDA_FA_ROUTE_PLAN device=0 Q=[256,1,16,1] Kraw=turbo4_tcq Vraw=q5_1 Kshape=[256,256,4,1] Vshape=[256,256,4,1] Keff=f16 Veff=q5_1 turbo_kv=1 prefer_native_vec=0 decode=1 dk=1 dv=0 unsafe_vec_after_turbo_v_decode=0 allow_vec=1 kernel=VEC need_f16_K=0 need_f16_V=0 Knb=[68,544,136,139264] Vnb=[24,768,192,196608] Keff_nb=[2,2048,512,524288] Veff_nb=[24,768,192,196608]
CUDA_FA_ROUTE_PLAN device=0 Q=[256,1,16,1] Kraw=turbo4_tcq Vraw=q5_1 Kshape=[256,256,4,1] Vshape=[256,256,4,1] Keff=f16 Veff=q5_1 turbo_kv=1 prefer_native_vec=0 decode=1 dk=1 dv=0 unsafe_vec_after_turbo_v_decode=0 allow_vec=1 kernel=VEC need_f16_K=0 need_f16_V=0 Knb=[68,544,136,139264] Vnb=[24,768,192,196608] Keff_nb=[2,2048,512,524288] Veff_nb=[24,768,192,196608]
CUDA_FA_ROUTE_PLAN device=0 Q=[256,1,16,1] Kraw=turbo4_tcq Vraw=q5_1 Kshape=[256,256,4,1] Vshape=[256,256,4,1] Keff=f16 Veff=q5_1 turbo_kv=1 prefer_native_vec=0 decode=1 dk=1 dv=0 unsafe_vec_after_turbo_v_decode=0 allow_vec=1 kernel=VEC need_f16_K=0 need_f16_V=0 Knb=[68,544,136,139264] Vnb=[24,768,192,196608] Keff_nb=[2,2048,512,524288] Veff_nb=[24,768,192,196608]
CUDA_FA_ROUTE_PLAN device=0 Q=[256,1,16,1] Kraw=turbo4_tcq Vraw=q5_1 Kshape=[256,256,4,1] Vshape=[256,256,4,1] Keff=f16 Veff=q5_1 turbo_kv=1 prefer_native_vec=0 decode=1 dk=1 dv=0 unsafe_vec_after_turbo_v_decode=0 allow_vec=1 kernel=VEC need_f16_K=0 need_f16_V=0 Knb=[68,544,136,139264] Vnb=[24,768,192,196608] Keff_nb=[2,2048,512,524288] Veff_nb=[24,768,192,196608]
CUDA_FA_ROUTE_PLAN device=0 Q=[256,1,16,1] Kraw=turbo4_tcq Vraw=q5_1 Kshape=[256,256,4,1] Vshape=[256,256,4,1] Keff=f16 Veff=q5_1 turbo_kv=1 prefer_native_vec=0 decode=1 dk=1 dv=0 unsafe_vec_after_turbo_v_decode=0 allow_vec=1 kernel=VEC need_f16_K=0 need_f16_V=0 Knb=[68,544,136,139264] Vnb=[24,768,192,196608] Keff_nb=[2,2048,512,524288] Veff_nb=[24,768,192,196608]
CUDA_FA_ROUTE_PLAN device=0 Q=[256,256,16,1] Kraw=turbo4_tcq Vraw=q5_1 Kshape=[256,256,4,1] Vshape=[256,256,4,1] Keff=f16 Veff=q5_1 turbo_kv=1 prefer_native_vec=0 decode=1 dk=1 dv=0 unsafe_vec_after_turbo_v_decode=0 allow_vec=1 kernel=MMA_F16 need_f16_K=0 need_f16_V=1 Knb=[68,544,136,139264] Vnb=[24,768,192,196608] Keff_nb=[2,2048,512,524288] Veff_nb=[24,768,192,196608]
CUDA_FA_ROUTE_SUPPORTED kernel=MMA_F16 effK=f16 effV=q5_1 supported=1
CUDA_FA_ROUTE_PLAN device=0 Q=[256,256,16,1] Kraw=turbo4_tcq Vraw=q5_1 Kshape=[256,256,4,1] Vshape=[256,256,4,1] Keff=f16 Veff=q5_1 turbo_kv=1 prefer_native_vec=0 decode=1 dk=1 dv=0 unsafe_vec_after_turbo_v_decode=0 allow_vec=1 kernel=MMA_F16 need_f16_K=0 need_f16_V=1 Knb=[68,544,136,139264] Vnb=[24,768,192,196608] Keff_nb=[2,2048,512,524288] Veff_nb=[24,768,192,196608]
CUDA_FA_ROUTE_SUPPORTED kernel=MMA_F16 effK=f16 effV=q5_1 supported=1
CUDA_FA_ROUTE_PLAN device=0 Q=[256,256,16,1] Kraw=turbo4_tcq Vraw=q5_1 Kshape=[256,256,4,1] Vshape=[256,256,4,1] Keff=f16 Veff=q5_1 turbo_kv=1 prefer_native_vec=0 decode=1 dk=1 dv=0 unsafe_vec_after_turbo_v_decode=0 allow_vec=1 kernel=MMA_F16 need_f16_K=0 need_f16_V=1 Knb=[68,544,136,139264] Vnb=[24,768,192,196608] Keff_nb=[2,2048,512,524288] Veff_nb=[24,768,192,196608]
CUDA_FA_ROUTE_SUPPORTED kernel=MMA_F16 effK=f16 effV=q5_1 supported=1
CUDA_FA_ROUTE_PLAN device=0 Q=[256,256,16,1] Kraw=turbo4_tcq Vraw=q5_1 Kshape=[256,256,4,1] Vshape=[256,256,4,1] Keff=f16 Veff=q5_1 turbo_kv=1 prefer_native_vec=0 decode=1 dk=1 dv=0 unsafe_vec_after_turbo_v_decode=0 allow_vec=1 kernel=MMA_F16 need_f16_K=0 need_f16_V=1 Knb=[68,544,136,139264] Vnb=[24,768,192,196608] Keff_nb=[2,2048,512,524288] Veff_nb=[24,768,192,196608]
CUDA_FA_ROUTE_SUPPORTED kernel=MMA_F16 effK=f16 effV=q5_1 supported=1
CUDA_FA_ROUTE_PLAN device=0 Q=[256,256,16,1] Kraw=turbo4_tcq Vraw=q5_1 Kshape=[256,256,4,1] Vshape=[256,256,4,1] Keff=f16 Veff=q5_1 turbo_kv=1 prefer_native_vec=0 decode=1 dk=1 dv=0 unsafe_vec_after_turbo_v_decode=0 allow_vec=1 kernel=MMA_F16 need_f16_K=0 need_f16_V=1 Knb=[68,544,136,139264] Vnb=[24,768,192,196608] Keff_nb=[2,2048,512,524288] Veff_nb=[24,768,192,196608]
CUDA_FA_ROUTE_SUPPORTED kernel=MMA_F16 effK=f16 effV=q5_1 supported=1
CUDA_FA_ROUTE_PLAN device=0 Q=[256,256,16,1] Kraw=turbo4_tcq Vraw=q5_1 Kshape=[256,256,4,1] Vshape=[256,256,4,1] Keff=f16 Veff=q5_1 turbo_kv=1 prefer_native_vec=0 decode=1 dk=1 dv=0 unsafe_vec_after_turbo_v_decode=0 allow_vec=1 kernel=MMA_F16 need_f16_K=0 need_f16_V=1 Knb=[68,544,136,139264] Vnb=[24,768,192,196608] Keff_nb=[2,2048,512,524288] Veff_nb=[24,768,192,196608]
CUDA_FA_ROUTE_SUPPORTED kernel=MMA_F16 effK=f16 effV=q5_1 supported=1
CUDA_FA_ROUTE_PLAN device=0 Q=[256,256,16,1] Kraw=turbo4_tcq Vraw=q5_1 Kshape=[256,256,4,1] Vshape=[256,256,4,1] Keff=f16 Veff=q5_1 turbo_kv=1 prefer_native_vec=0 decode=1 dk=1 dv=0 unsafe_vec_after_turbo_v_decode=0 allow_vec=1 kernel=MMA_F16 need_f16_K=0 need_f16_V=1 Knb=[68,544,136,139264] Vnb=[24,768,192,196608] Keff_nb=[2,2048,512,524288] Veff_nb=[24,768,192,196608]
CUDA_FA_ROUTE_SUPPORTED kernel=MMA_F16 effK=f16 effV=q5_1 supported=1
CUDA_FA_ROUTE_PLAN device=0 Q=[256,256,16,1] Kraw=turbo4_tcq Vraw=q5_1 Kshape=[256,256,4,1] Vshape=[256,256,4,1] Keff=f16 Veff=q5_1 turbo_kv=1 prefer_native_vec=0 decode=1 dk=1 dv=0 unsafe_vec_after_turbo_v_decode=0 allow_vec=1 kernel=MMA_F16 need_f16_K=0 need_f16_V=1 Knb=[68,544,136,139264] Vnb=[24,768,192,196608] Keff_nb=[2,2048,512,524288] Veff_nb=[24,768,192,196608]
CUDA_FA_ROUTE_SUPPORTED kernel=MMA_F16 effK=f16 effV=q5_1 supported=1
CUDA_FA_ROUTE_PLAN device=0 Q=[256,256,16,1] Kraw=turbo4_tcq Vraw=q5_1 Kshape=[256,256,4,1] Vshape=[256,256,4,1] Keff=f16 Veff=q5_1 turbo_kv=1 prefer_native_vec=0 decode=1 dk=1 dv=0 unsafe_vec_after_turbo_v_decode=0 allow_vec=1 kernel=MMA_F16 need_f16_K=0 need_f16_V=1 Knb=[68,544,136,139264] Vnb=[24,768,192,196608] Keff_nb=[2,2048,512,524288] Veff_nb=[24,768,192,196608]
CUDA_FA_ROUTE_SUPPORTED kernel=MMA_F16 effK=f16 effV=q5_1 supported=1
CUDA_FA_ROUTE_PLAN device=0 Q=[256,256,16,1] Kraw=turbo4_tcq Vraw=q5_1 Kshape=[256,256,4,1] Vshape=[256,256,4,1] Keff=f16 Veff=q5_1 turbo_kv=1 prefer_native_vec=0 decode=1 dk=1 dv=0 unsafe_vec_after_turbo_v_decode=0 allow_vec=1 kernel=MMA_F16 need_f16_K=0 need_f16_V=1 Knb=[68,544,136,139264] Vnb=[24,768,192,196608] Keff_nb=[2,2048,512,524288] Veff_nb=[24,768,192,196608]
CUDA_FA_ROUTE_SUPPORTED kernel=MMA_F16 effK=f16 effV=q5_1 supported=1
CUDA_FA_ROUTE_PLAN device=0 Q=[256,256,16,1] Kraw=turbo4_tcq Vraw=q5_1 Kshape=[256,256,4,1] Vshape=[256,256,4,1] Keff=f16 Veff=q5_1 turbo_kv=1 prefer_native_vec=0 decode=1 dk=1 dv=0 unsafe_vec_after_turbo_v_decode=0 allow_vec=1 kernel=MMA_F16 need_f16_K=0 need_f16_V=1 Knb=[68,544,136,139264] Vnb=[24,768,192,196608] Keff_nb=[2,2048,512,524288] Veff_nb=[24,768,192,196608]
CUDA_FA_ROUTE_SUPPORTED kernel=MMA_F16 effK=f16 effV=q5_1 supported=1
CUDA_FA_ROUTE_PLAN device=0 Q=[256,256,16,1] Kraw=turbo4_tcq Vraw=q5_1 Kshape=[256,256,4,1] Vshape=[256,256,4,1] Keff=f16 Veff=q5_1 turbo_kv=1 prefer_native_vec=0 decode=1 dk=1 dv=0 unsafe_vec_after_turbo_v_decode=0 allow_vec=1 kernel=MMA_F16 need_f16_K=0 need_f16_V=1 Knb=[68,544,136,139264] Vnb=[24,768,192,196608] Keff_nb=[2,2048,512,524288] Veff_nb=[24,768,192,196608]
CUDA_FA_ROUTE_SUPPORTED kernel=MMA_F16 effK=f16 effV=q5_1 supported=1
CUDA_FA_ROUTE_PLAN device=0 Q=[256,256,16,1] Kraw=turbo4_tcq Vraw=q5_1 Kshape=[256,256,4,1] Vshape=[256,256,4,1] Keff=f16 Veff=q5_1 turbo_kv=1 prefer_native_vec=0 decode=1 dk=1 dv=0 unsafe_vec_after_turbo_v_decode=0 allow_vec=1 kernel=MMA_F16 need_f16_K=0 need_f16_V=1 Knb=[68,544,136,139264] Vnb=[24,768,192,196608] Keff_nb=[2,2048,512,524288] Veff_nb=[24,768,192,196608]
CUDA_FA_ROUTE_SUPPORTED kernel=MMA_F16 effK=f16 effV=q5_1 supported=1
CUDA_FA_ROUTE_PLAN device=0 Q=[256,256,16,1] Kraw=turbo4_tcq Vraw=q5_1 Kshape=[256,256,4,1] Vshape=[256,256,4,1] Keff=f16 Veff=q5_1 turbo_kv=1 prefer_native_vec=0 decode=1 dk=1 dv=0 unsafe_vec_after_turbo_v_decode=0 allow_vec=1 kernel=MMA_F16 need_f16_K=0 need_f16_V=1 Knb=[68,544,136,139264] Vnb=[24,768,192,196608] Keff_nb=[2,2048,512,524288] Veff_nb=[24,768,192,196608]
CUDA_FA_ROUTE_SUPPORTED kernel=MMA_F16 effK=f16 effV=q5_1 supported=1
CUDA_FA_ROUTE_PLAN device=0 Q=[256,256,16,1] Kraw=turbo4_tcq Vraw=q5_1 Kshape=[256,256,4,1] Vshape=[256,256,4,1] Keff=f16 Veff=q5_1 turbo_kv=1 prefer_native_vec=0 decode=1 dk=1 dv=0 unsafe_vec_after_turbo_v_decode=0 allow_vec=1 kernel=MMA_F16 need_f16_K=0 need_f16_V=1 Knb=[68,544,136,139264] Vnb=[24,768,192,196608] Keff_nb=[2,2048,512,524288] Veff_nb=[24,768,192,196608]
CUDA_FA_ROUTE_SUPPORTED kernel=MMA_F16 effK=f16 effV=q5_1 supported=1
CUDA_FA_ROUTE_PLAN device=0 Q=[256,256,16,1] Kraw=turbo4_tcq Vraw=q5_1 Kshape=[256,256,4,1] Vshape=[256,256,4,1] Keff=f16 Veff=q5_1 turbo_kv=1 prefer_native_vec=0 decode=1 dk=1 dv=0 unsafe_vec_after_turbo_v_decode=0 allow_vec=1 kernel=MMA_F16 need_f16_K=0 need_f16_V=1 Knb=[68,544,136,139264] Vnb=[24,768,192,196608] Keff_nb=[2,2048,512,524288] Veff_nb=[24,768,192,196608]
CUDA_FA_ROUTE_SUPPORTED kernel=MMA_F16 effK=f16 effV=q5_1 supported=1
CUDA_FA_ROUTE_PLAN device=0 Q=[256,256,16,1] Kraw=turbo4_tcq Vraw=q5_1 Kshape=[256,256,4,1] Vshape=[256,256,4,1] Keff=f16 Veff=q5_1 turbo_kv=1 prefer_native_vec=0 decode=1 dk=1 dv=0 unsafe_vec_after_turbo_v_decode=0 allow_vec=1 kernel=MMA_F16 need_f16_K=0 need_f16_V=1 Knb=[68,544,136,139264] Vnb=[24,768,192,196608] Keff_nb=[2,2048,512,524288] Veff_nb=[24,768,192,196608]
CUDA_FA_ROUTE_ALLOC kernel=MMA_F16 need_f16_K=0 need_f16_V=1 workspace_end_offset=4718592 dst_data=(nil) f16_K=(nil) f16_V=0x400000 f16_end=0x480000
CUDA_FA_ROUTE_PLAN device=0 Q=[256,256,16,1] Kraw=turbo4_tcq Vraw=q5_1 Kshape=[256,256,4,1] Vshape=[256,256,4,1] Keff=f16 Veff=q5_1 turbo_kv=1 prefer_native_vec=0 decode=1 dk=1 dv=0 unsafe_vec_after_turbo_v_decode=0 allow_vec=1 kernel=MMA_F16 need_f16_K=0 need_f16_V=1 Knb=[68,544,136,139264] Vnb=[24,768,192,196608] Keff_nb=[2,2048,512,524288] Veff_nb=[24,768,192,196608]
CUDA_FA_ROUTE_ALLOC kernel=MMA_F16 need_f16_K=0 need_f16_V=1 workspace_end_offset=4718592 dst_data=(nil) f16_K=(nil) f16_V=0x400000 f16_end=0x480000
CUDA_FA_ROUTE_PLAN device=0 Q=[256,256,16,1] Kraw=turbo4_tcq Vraw=q5_1 Kshape=[256,256,4,1] Vshape=[256,256,4,1] Keff=f16 Veff=q5_1 turbo_kv=1 prefer_native_vec=0 decode=1 dk=1 dv=0 unsafe_vec_after_turbo_v_decode=0 allow_vec=1 kernel=MMA_F16 need_f16_K=0 need_f16_V=1 Knb=[68,544,136,139264] Vnb=[24,768,192,196608] Keff_nb=[2,2048,512,524288] Veff_nb=[24,768,192,196608]
CUDA_FA_ROUTE_ALLOC kernel=MMA_F16 need_f16_K=0 need_f16_V=1 workspace_end_offset=4718592 dst_data=(nil) f16_K=(nil) f16_V=0x400000 f16_end=0x480000
CUDA_FA_ROUTE_PLAN device=0 Q=[256,256,16,1] Kraw=turbo4_tcq Vraw=q5_1 Kshape=[256,256,4,1] Vshape=[256,256,4,1] Keff=f16 Veff=q5_1 turbo_kv=1 prefer_native_vec=0 decode=1 dk=1 dv=0 unsafe_vec_after_turbo_v_decode=0 allow_vec=1 kernel=MMA_F16 need_f16_K=0 need_f16_V=1 Knb=[68,544,136,139264] Vnb=[24,768,192,196608] Keff_nb=[2,2048,512,524288] Veff_nb=[24,768,192,196608]
CUDA_FA_ROUTE_ALLOC kernel=MMA_F16 need_f16_K=0 need_f16_V=1 workspace_end_offset=4718592 dst_data=(nil) f16_K=(nil) f16_V=0x400000 f16_end=0x480000
CUDA_FA_ROUTE_PLAN device=0 Q=[256,256,16,1] Kraw=turbo4_tcq Vraw=q5_1 Kshape=[256,256,4,1] Vshape=[256,256,4,1] Keff=f16 Veff=q5_1 turbo_kv=1 prefer_native_vec=0 decode=1 dk=1 dv=0 unsafe_vec_after_turbo_v_decode=0 allow_vec=1 kernel=MMA_F16 need_f16_K=0 need_f16_V=1 Knb=[68,544,136,139264] Vnb=[24,768,192,196608] Keff_nb=[2,2048,512,524288] Veff_nb=[24,768,192,196608]
CUDA_FA_ROUTE_ALLOC kernel=MMA_F16 need_f16_K=0 need_f16_V=1 workspace_end_offset=4718592 dst_data=(nil) f16_K=(nil) f16_V=0x400000 f16_end=0x480000
CUDA_FA_ROUTE_PLAN device=0 Q=[256,256,16,1] Kraw=turbo4_tcq Vraw=q5_1 Kshape=[256,256,4,1] Vshape=[256,256,4,1] Keff=f16 Veff=q5_1 turbo_kv=1 prefer_native_vec=0 decode=1 dk=1 dv=0 unsafe_vec_after_turbo_v_decode=0 allow_vec=1 kernel=MMA_F16 need_f16_K=0 need_f16_V=1 Knb=[68,544,136,139264] Vnb=[24,768,192,196608] Keff_nb=[2,2048,512,524288] Veff_nb=[24,768,192,196608]
CUDA_FA_ROUTE_ALLOC kernel=MMA_F16 need_f16_K=0 need_f16_V=1 workspace_end_offset=4718592 dst_data=(nil) f16_K=(nil) f16_V=0x400000 f16_end=0x480000
CUDA_FA_ROUTE_PLAN device=0 Q=[256,256,16,1] Kraw=turbo4_tcq Vraw=q5_1 Kshape=[256,256,4,1] Vshape=[256,256,4,1] Keff=f16 Veff=q5_1 turbo_kv=1 prefer_native_vec=0 decode=1 dk=1 dv=0 unsafe_vec_after_turbo_v_decode=0 allow_vec=1 kernel=MMA_F16 need_f16_K=0 need_f16_V=1 Knb=[68,544,136,139264] Vnb=[24,768,192,196608] Keff_nb=[2,2048,512,524288] Veff_nb=[24,768,192,196608]
CUDA_FA_ROUTE_ALLOC kernel=MMA_F16 need_f16_K=0 need_f16_V=1 workspace_end_offset=4718592 dst_data=(nil) f16_K=(nil) f16_V=0x400000 f16_end=0x480000
CUDA_FA_ROUTE_PLAN device=0 Q=[256,256,16,1] Kraw=turbo4_tcq Vraw=q5_1 Kshape=[256,256,4,1] Vshape=[256,256,4,1] Keff=f16 Veff=q5_1 turbo_kv=1 prefer_native_vec=0 decode=1 dk=1 dv=0 unsafe_vec_after_turbo_v_decode=0 allow_vec=1 kernel=MMA_F16 need_f16_K=0 need_f16_V=1 Knb=[68,544,136,139264] Vnb=[24,768,192,196608] Keff_nb=[2,2048,512,524288] Veff_nb=[24,768,192,196608]
CUDA_FA_ROUTE_ALLOC kernel=MMA_F16 need_f16_K=0 need_f16_V=1 workspace_end_offset=4718592 dst_data=(nil) f16_K=(nil) f16_V=0x400000 f16_end=0x480000
CUDA_FA_ROUTE_PLAN device=0 Q=[256,256,16,1] Kraw=turbo4_tcq Vraw=q5_1 Kshape=[256,256,4,1] Vshape=[256,256,4,1] Keff=f16 Veff=q5_1 turbo_kv=1 prefer_native_vec=0 decode=1 dk=1 dv=0 unsafe_vec_after_turbo_v_decode=0 allow_vec=1 kernel=MMA_F16 need_f16_K=0 need_f16_V=1 Knb=[68,544,136,139264] Vnb=[24,768,192,196608] Keff_nb=[2,2048,512,524288] Veff_nb=[24,768,192,196608]
CUDA_FA_ROUTE_ALLOC kernel=MMA_F16 need_f16_K=0 need_f16_V=1 workspace_end_offset=4718592 dst_data=(nil) f16_K=(nil) f16_V=0x400000 f16_end=0x480000
CUDA_FA_ROUTE_PLAN device=0 Q=[256,256,16,1] Kraw=turbo4_tcq Vraw=q5_1 Kshape=[256,256,4,1] Vshape=[256,256,4,1] Keff=f16 Veff=q5_1 turbo_kv=1 prefer_native_vec=0 decode=1 dk=1 dv=0 unsafe_vec_after_turbo_v_decode=0 allow_vec=1 kernel=MMA_F16 need_f16_K=0 need_f16_V=1 Knb=[68,544,136,139264] Vnb=[24,768,192,196608] Keff_nb=[2,2048,512,524288] Veff_nb=[24,768,192,196608]
CUDA_FA_ROUTE_ALLOC kernel=MMA_F16 need_f16_K=0 need_f16_V=1 workspace_end_offset=4718592 dst_data=(nil) f16_K=(nil) f16_V=0x400000 f16_end=0x480000
CUDA_FA_ROUTE_PLAN device=0 Q=[256,256,16,1] Kraw=turbo4_tcq Vraw=q5_1 Kshape=[256,256,4,1] Vshape=[256,256,4,1] Keff=f16 Veff=q5_1 turbo_kv=1 prefer_native_vec=0 decode=1 dk=1 dv=0 unsafe_vec_after_turbo_v_decode=0 allow_vec=1 kernel=MMA_F16 need_f16_K=0 need_f16_V=1 Knb=[68,544,136,139264] Vnb=[24,768,192,196608] Keff_nb=[2,2048,512,524288] Veff_nb=[24,768,192,196608]
CUDA_FA_ROUTE_ALLOC kernel=MMA_F16 need_f16_K=0 need_f16_V=1 workspace_end_offset=4718592 dst_data=(nil) f16_K=(nil) f16_V=0x400000 f16_end=0x480000
CUDA_FA_ROUTE_PLAN device=0 Q=[256,256,16,1] Kraw=turbo4_tcq Vraw=q5_1 Kshape=[256,256,4,1] Vshape=[256,256,4,1] Keff=f16 Veff=q5_1 turbo_kv=1 prefer_native_vec=0 decode=1 dk=1 dv=0 unsafe_vec_after_turbo_v_decode=0 allow_vec=1 kernel=MMA_F16 need_f16_K=0 need_f16_V=1 Knb=[68,544,136,139264] Vnb=[24,768,192,196608] Keff_nb=[2,2048,512,524288] Veff_nb=[24,768,192,196608]
CUDA_FA_ROUTE_ALLOC kernel=MMA_F16 need_f16_K=0 need_f16_V=1 workspace_end_offset=4718592 dst_data=(nil) f16_K=(nil) f16_V=0x400000 f16_end=0x480000
CUDA_FA_ROUTE_PLAN device=0 Q=[256,256,16,1] Kraw=turbo4_tcq Vraw=q5_1 Kshape=[256,256,4,1] Vshape=[256,256,4,1] Keff=f16 Veff=q5_1 turbo_kv=1 prefer_native_vec=0 decode=1 dk=1 dv=0 unsafe_vec_after_turbo_v_decode=0 allow_vec=1 kernel=MMA_F16 need_f16_K=0 need_f16_V=1 Knb=[68,544,136,139264] Vnb=[24,768,192,196608] Keff_nb=[2,2048,512,524288] Veff_nb=[24,768,192,196608]
CUDA_FA_ROUTE_ALLOC kernel=MMA_F16 need_f16_K=0 need_f16_V=1 workspace_end_offset=4718592 dst_data=(nil) f16_K=(nil) f16_V=0x400000 f16_end=0x480000
CUDA_FA_ROUTE_PLAN device=0 Q=[256,256,16,1] Kraw=turbo4_tcq Vraw=q5_1 Kshape=[256,256,4,1] Vshape=[256,256,4,1] Keff=f16 Veff=q5_1 turbo_kv=1 prefer_native_vec=0 decode=1 dk=1 dv=0 unsafe_vec_after_turbo_v_decode=0 allow_vec=1 kernel=MMA_F16 need_f16_K=0 need_f16_V=1 Knb=[68,544,136,139264] Vnb=[24,768,192,196608] Keff_nb=[2,2048,512,524288] Veff_nb=[24,768,192,196608]
CUDA_FA_ROUTE_ALLOC kernel=MMA_F16 need_f16_K=0 need_f16_V=1 workspace_end_offset=4718592 dst_data=(nil) f16_K=(nil) f16_V=0x400000 f16_end=0x480000
CUDA_FA_ROUTE_PLAN device=0 Q=[256,256,16,1] Kraw=turbo4_tcq Vraw=q5_1 Kshape=[256,256,4,1] Vshape=[256,256,4,1] Keff=f16 Veff=q5_1 turbo_kv=1 prefer_native_vec=0 decode=1 dk=1 dv=0 unsafe_vec_after_turbo_v_decode=0 allow_vec=1 kernel=MMA_F16 need_f16_K=0 need_f16_V=1 Knb=[68,544,136,139264] Vnb=[24,768,192,196608] Keff_nb=[2,2048,512,524288] Veff_nb=[24,768,192,196608]
CUDA_FA_ROUTE_ALLOC kernel=MMA_F16 need_f16_K=0 need_f16_V=1 workspace_end_offset=4718592 dst_data=(nil) f16_K=(nil) f16_V=0x400000 f16_end=0x480000
CUDA_FA_ROUTE_PLAN device=0 Q=[256,256,16,1] Kraw=turbo4_tcq Vraw=q5_1 Kshape=[256,256,4,1] Vshape=[256,256,4,1] Keff=f16 Veff=q5_1 turbo_kv=1 prefer_native_vec=0 decode=1 dk=1 dv=0 unsafe_vec_after_turbo_v_decode=0 allow_vec=1 kernel=MMA_F16 need_f16_K=0 need_f16_V=1 Knb=[68,544,136,139264] Vnb=[24,768,192,196608] Keff_nb=[2,2048,512,524288] Veff_nb=[24,768,192,196608]
CUDA_FA_ROUTE_ALLOC kernel=MMA_F16 need_f16_K=0 need_f16_V=1 workspace_end_offset=4718592 dst_data=(nil) f16_K=(nil) f16_V=0x400000 f16_end=0x480000
CUDA_FA_ROUTE_PLAN device=0 Q=[256,256,16,1] Kraw=turbo4_tcq Vraw=q5_1 Kshape=[256,256,4,1] Vshape=[256,256,4,1] Keff=f16 Veff=q5_1 turbo_kv=1 prefer_native_vec=0 decode=1 dk=1 dv=0 unsafe_vec_after_turbo_v_decode=0 allow_vec=1 kernel=MMA_F16 need_f16_K=0 need_f16_V=1 Knb=[68,544,136,139264] Vnb=[24,768,192,196608] Keff_nb=[2,2048,512,524288] Veff_nb=[24,768,192,196608]
CUDA_FA_ROUTE_ALLOC kernel=MMA_F16 need_f16_K=0 need_f16_V=1 workspace_end_offset=4718592 dst_data=(nil) f16_K=(nil) f16_V=0x400000 f16_end=0x480000
CUDA_FA_ROUTE_PLAN device=0 Q=[256,256,16,1] Kraw=turbo4_tcq Vraw=q5_1 Kshape=[256,256,4,1] Vshape=[256,256,4,1] Keff=f16 Veff=q5_1 turbo_kv=1 prefer_native_vec=0 decode=1 dk=1 dv=0 unsafe_vec_after_turbo_v_decode=0 allow_vec=1 kernel=MMA_F16 need_f16_K=0 need_f16_V=1 Knb=[68,544,136,139264] Vnb=[24,768,192,196608] Keff_nb=[2,2048,512,524288] Veff_nb=[24,768,192,196608]
CUDA_FA_ROUTE_ALLOC kernel=MMA_F16 need_f16_K=0 need_f16_V=1 workspace_end_offset=4718592 dst_data=(nil) f16_K=(nil) f16_V=0x400000 f16_end=0x480000
CUDA_FA_ROUTE_PLAN device=0 Q=[256,256,16,1] Kraw=turbo4_tcq Vraw=q5_1 Kshape=[256,256,4,1] Vshape=[256,256,4,1] Keff=f16 Veff=q5_1 turbo_kv=1 prefer_native_vec=0 decode=1 dk=1 dv=0 unsafe_vec_after_turbo_v_decode=0 allow_vec=1 kernel=MMA_F16 need_f16_K=0 need_f16_V=1 Knb=[68,544,136,139264] Vnb=[24,768,192,196608] Keff_nb=[2,2048,512,524288] Veff_nb=[24,768,192,196608]
CUDA_FA_ROUTE_ALLOC kernel=MMA_F16 need_f16_K=0 need_f16_V=1 workspace_end_offset=4718592 dst_data=(nil) f16_K=(nil) f16_V=0x400000 f16_end=0x480000
CUDA_FA_ROUTE_PLAN device=0 Q=[256,256,16,1] Kraw=turbo4_tcq Vraw=q5_1 Kshape=[256,256,4,1] Vshape=[256,256,4,1] Keff=f16 Veff=q5_1 turbo_kv=1 prefer_native_vec=0 decode=1 dk=1 dv=0 unsafe_vec_after_turbo_v_decode=0 allow_vec=1 kernel=MMA_F16 need_f16_K=0 need_f16_V=1 Knb=[68,544,136,139264] Vnb=[24,768,192,196608] Keff_nb=[2,2048,512,524288] Veff_nb=[24,768,192,196608]
CUDA_FA_ROUTE_ALLOC kernel=MMA_F16 need_f16_K=0 need_f16_V=1 workspace_end_offset=4718592 dst_data=(nil) f16_K=(nil) f16_V=0x400000 f16_end=0x480000
CUDA_FA_ROUTE_PLAN device=0 Q=[256,256,16,1] Kraw=turbo4_tcq Vraw=q5_1 Kshape=[256,256,4,1] Vshape=[256,256,4,1] Keff=f16 Veff=q5_1 turbo_kv=1 prefer_native_vec=0 decode=1 dk=1 dv=0 unsafe_vec_after_turbo_v_decode=0 allow_vec=1 kernel=MMA_F16 need_f16_K=0 need_f16_V=1 Knb=[68,544,136,139264] Vnb=[24,768,192,196608] Keff_nb=[2,2048,512,524288] Veff_nb=[24,768,192,196608]
CUDA_FA_ROUTE_ALLOC kernel=MMA_F16 need_f16_K=0 need_f16_V=1 workspace_end_offset=4718592 dst_data=(nil) f16_K=(nil) f16_V=0x400000 f16_end=0x480000
CUDA_FA_ROUTE_PLAN device=0 Q=[256,256,16,1] Kraw=turbo4_tcq Vraw=q5_1 Kshape=[256,256,4,1] Vshape=[256,256,4,1] Keff=f16 Veff=q5_1 turbo_kv=1 prefer_native_vec=0 decode=1 dk=1 dv=0 unsafe_vec_after_turbo_v_decode=0 allow_vec=1 kernel=MMA_F16 need_f16_K=0 need_f16_V=1 Knb=[68,544,136,139264] Vnb=[24,768,192,196608] Keff_nb=[2,2048,512,524288] Veff_nb=[24,768,192,196608]
CUDA_FA_ROUTE_ALLOC kernel=MMA_F16 need_f16_K=0 need_f16_V=1 workspace_end_offset=4718592 dst_data=(nil) f16_K=(nil) f16_V=0x400000 f16_end=0x480000
CUDA_FA_ROUTE_PLAN device=0 Q=[256,256,16,1] Kraw=turbo4_tcq Vraw=q5_1 Kshape=[256,256,4,1] Vshape=[256,256,4,1] Keff=f16 Veff=q5_1 turbo_kv=1 prefer_native_vec=0 decode=1 dk=1 dv=0 unsafe_vec_after_turbo_v_decode=0 allow_vec=1 kernel=MMA_F16 need_f16_K=0 need_f16_V=1 Knb=[68,544,136,139264] Vnb=[24,768,192,196608] Keff_nb=[2,2048,512,524288] Veff_nb=[24,768,192,196608]
CUDA_FA_ROUTE_ALLOC kernel=MMA_F16 need_f16_K=0 need_f16_V=1 workspace_end_offset=4718592 dst_data=(nil) f16_K=(nil) f16_V=0x400000 f16_end=0x480000
CUDA_FA_ROUTE_PLAN device=0 Q=[256,256,16,1] Kraw=turbo4_tcq Vraw=q5_1 Kshape=[256,256,4,1] Vshape=[256,256,4,1] Keff=f16 Veff=q5_1 turbo_kv=1 prefer_native_vec=0 decode=1 dk=1 dv=0 unsafe_vec_after_turbo_v_decode=0 allow_vec=1 kernel=MMA_F16 need_f16_K=0 need_f16_V=1 Knb=[68,544,136,139264] Vnb=[24,768,192,196608] Keff_nb=[2,2048,512,524288] Veff_nb=[24,768,192,196608]
CUDA_FA_ROUTE_ALLOC kernel=MMA_F16 need_f16_K=0 need_f16_V=1 workspace_end_offset=4718592 dst_data=(nil) f16_K=(nil) f16_V=0x400000 f16_end=0x480000
CUDA_FA_ROUTE_PLAN device=0 Q=[256,256,16,1] Kraw=turbo4_tcq Vraw=q5_1 Kshape=[256,256,4,1] Vshape=[256,256,4,1] Keff=f16 Veff=q5_1 turbo_kv=1 prefer_native_vec=0 decode=1 dk=1 dv=0 unsafe_vec_after_turbo_v_decode=0 allow_vec=1 kernel=MMA_F16 need_f16_K=0 need_f16_V=1 Knb=[68,544,136,139264] Vnb=[24,768,192,196608] Keff_nb=[2,2048,512,524288] Veff_nb=[24,768,192,196608]
CUDA_FA_ROUTE_ALLOC kernel=MMA_F16 need_f16_K=0 need_f16_V=1 workspace_end_offset=4718592 dst_data=(nil) f16_K=(nil) f16_V=0x400000 f16_end=0x480000
CUDA_FA_ROUTE_PLAN device=0 Q=[256,256,16,1] Kraw=turbo4_tcq Vraw=q5_1 Kshape=[256,256,4,1] Vshape=[256,256,4,1] Keff=f16 Veff=q5_1 turbo_kv=1 prefer_native_vec=0 decode=1 dk=1 dv=0 unsafe_vec_after_turbo_v_decode=0 allow_vec=1 kernel=MMA_F16 need_f16_K=0 need_f16_V=1 Knb=[68,544,136,139264] Vnb=[24,768,192,196608] Keff_nb=[2,2048,512,524288] Veff_nb=[24,768,192,196608]
CUDA_FA_ROUTE_ALLOC kernel=MMA_F16 need_f16_K=0 need_f16_V=1 workspace_end_offset=4718592 dst_data=(nil) f16_K=(nil) f16_V=0x400000 f16_end=0x480000
CUDA_FA_ROUTE_PLAN device=0 Q=[256,256,16,1] Kraw=turbo4_tcq Vraw=q5_1 Kshape=[256,256,4,1] Vshape=[256,256,4,1] Keff=f16 Veff=q5_1 turbo_kv=1 prefer_native_vec=0 decode=1 dk=1 dv=0 unsafe_vec_after_turbo_v_decode=0 allow_vec=1 kernel=MMA_F16 need_f16_K=0 need_f16_V=1 Knb=[68,544,136,139264] Vnb=[24,768,192,196608] Keff_nb=[2,2048,512,524288] Veff_nb=[24,768,192,196608]
CUDA_FA_ROUTE_ALLOC kernel=MMA_F16 need_f16_K=0 need_f16_V=1 workspace_end_offset=4718592 dst_data=(nil) f16_K=(nil) f16_V=0x400000 f16_end=0x480000
CUDA_FA_ROUTE_PLAN device=0 Q=[256,256,16,1] Kraw=turbo4_tcq Vraw=q5_1 Kshape=[256,256,4,1] Vshape=[256,256,4,1] Keff=f16 Veff=q5_1 turbo_kv=1 prefer_native_vec=0 decode=1 dk=1 dv=0 unsafe_vec_after_turbo_v_decode=0 allow_vec=1 kernel=MMA_F16 need_f16_K=0 need_f16_V=1 Knb=[68,544,136,139264] Vnb=[24,768,192,196608] Keff_nb=[2,2048,512,524288] Veff_nb=[24,768,192,196608]
CUDA_FA_ROUTE_ALLOC kernel=MMA_F16 need_f16_K=0 need_f16_V=1 workspace_end_offset=4718592 dst_data=(nil) f16_K=(nil) f16_V=0x400000 f16_end=0x480000
CUDA_FA_ROUTE_PLAN device=0 Q=[256,256,16,1] Kraw=turbo4_tcq Vraw=q5_1 Kshape=[256,256,4,1] Vshape=[256,256,4,1] Keff=f16 Veff=q5_1 turbo_kv=1 prefer_native_vec=0 decode=1 dk=1 dv=0 unsafe_vec_after_turbo_v_decode=0 allow_vec=1 kernel=MMA_F16 need_f16_K=0 need_f16_V=1 Knb=[68,544,136,139264] Vnb=[24,768,192,196608] Keff_nb=[2,2048,512,524288] Veff_nb=[24,768,192,196608]
CUDA_FA_ROUTE_ALLOC kernel=MMA_F16 need_f16_K=0 need_f16_V=1 workspace_end_offset=4718592 dst_data=(nil) f16_K=(nil) f16_V=0x400000 f16_end=0x480000
CUDA_FA_ROUTE_PLAN device=0 Q=[256,256,16,1] Kraw=turbo4_tcq Vraw=q5_1 Kshape=[256,256,4,1] Vshape=[256,256,4,1] Keff=f16 Veff=q5_1 turbo_kv=1 prefer_native_vec=0 decode=1 dk=1 dv=0 unsafe_vec_after_turbo_v_decode=0 allow_vec=1 kernel=MMA_F16 need_f16_K=0 need_f16_V=1 Knb=[68,544,136,139264] Vnb=[24,768,192,196608] Keff_nb=[2,2048,512,524288] Veff_nb=[24,768,192,196608]
CUDA_FA_ROUTE_ALLOC kernel=MMA_F16 need_f16_K=0 need_f16_V=1 workspace_end_offset=4718592 dst_data=(nil) f16_K=(nil) f16_V=0x400000 f16_end=0x480000
CUDA_FA_ROUTE_PLAN device=0 Q=[256,256,16,1] Kraw=turbo4_tcq Vraw=q5_1 Kshape=[256,256,4,1] Vshape=[256,256,4,1] Keff=f16 Veff=q5_1 turbo_kv=1 prefer_native_vec=0 decode=1 dk=1 dv=0 unsafe_vec_after_turbo_v_decode=0 allow_vec=1 kernel=MMA_F16 need_f16_K=0 need_f16_V=1 Knb=[68,544,136,139264] Vnb=[24,768,192,196608] Keff_nb=[2,2048,512,524288] Veff_nb=[24,768,192,196608]
CUDA_FA_ROUTE_ALLOC kernel=MMA_F16 need_f16_K=0 need_f16_V=1 workspace_end_offset=4718592 dst_data=(nil) f16_K=(nil) f16_V=0x400000 f16_end=0x480000
CUDA_FA_ROUTE_PLAN device=0 Q=[256,256,16,1] Kraw=turbo4_tcq Vraw=q5_1 Kshape=[256,256,4,1] Vshape=[256,256,4,1] Keff=f16 Veff=q5_1 turbo_kv=1 prefer_native_vec=0 decode=1 dk=1 dv=0 unsafe_vec_after_turbo_v_decode=0 allow_vec=1 kernel=MMA_F16 need_f16_K=0 need_f16_V=1 Knb=[68,544,136,139264] Vnb=[24,768,192,196608] Keff_nb=[2,2048,512,524288] Veff_nb=[24,768,192,196608]
CUDA_FA_ROUTE_ALLOC kernel=MMA_F16 need_f16_K=0 need_f16_V=1 workspace_end_offset=4718592 dst_data=(nil) f16_K=(nil) f16_V=0x400000 f16_end=0x480000
CUDA_FA_ROUTE_PLAN device=0 Q=[256,256,16,1] Kraw=turbo4_tcq Vraw=q5_1 Kshape=[256,256,4,1] Vshape=[256,256,4,1] Keff=f16 Veff=q5_1 turbo_kv=1 prefer_native_vec=0 decode=1 dk=1 dv=0 unsafe_vec_after_turbo_v_decode=0 allow_vec=1 kernel=MMA_F16 need_f16_K=0 need_f16_V=1 Knb=[68,544,136,139264] Vnb=[24,768,192,196608] Keff_nb=[2,2048,512,524288] Veff_nb=[24,768,192,196608]
CUDA_FA_ROUTE_SUPPORTED kernel=MMA_F16 effK=f16 effV=q5_1 supported=1
CUDA_FA_ROUTE_PLAN device=0 Q=[256,256,16,1] Kraw=turbo4_tcq Vraw=q5_1 Kshape=[256,256,4,1] Vshape=[256,256,4,1] Keff=f16 Veff=q5_1 turbo_kv=1 prefer_native_vec=0 decode=1 dk=1 dv=0 unsafe_vec_after_turbo_v_decode=0 allow_vec=1 kernel=MMA_F16 need_f16_K=0 need_f16_V=1 Knb=[68,544,136,139264] Vnb=[24,768,192,196608] Keff_nb=[2,2048,512,524288] Veff_nb=[24,768,192,196608]
CUDA_FA_ROUTE_SUPPORTED kernel=MMA_F16 effK=f16 effV=q5_1 supported=1
CUDA_FA_ROUTE_PLAN device=0 Q=[256,256,16,1] Kraw=turbo4_tcq Vraw=q5_1 Kshape=[256,256,4,1] Vshape=[256,256,4,1] Keff=f16 Veff=q5_1 turbo_kv=1 prefer_native_vec=0 decode=1 dk=1 dv=0 unsafe_vec_after_turbo_v_decode=0 allow_vec=1 kernel=MMA_F16 need_f16_K=0 need_f16_V=1 Knb=[68,544,136,139264] Vnb=[24,768,192,196608] Keff_nb=[2,2048,512,524288] Veff_nb=[24,768,192,196608]
CUDA_FA_ROUTE_SUPPORTED kernel=MMA_F16 effK=f16 effV=q5_1 supported=1
CUDA_FA_ROUTE_PLAN device=0 Q=[256,256,16,1] Kraw=turbo4_tcq Vraw=q5_1 Kshape=[256,256,4,1] Vshape=[256,256,4,1] Keff=f16 Veff=q5_1 turbo_kv=1 prefer_native_vec=0 decode=1 dk=1 dv=0 unsafe_vec_after_turbo_v_decode=0 allow_vec=1 kernel=MMA_F16 need_f16_K=0 need_f16_V=1 Knb=[68,544,136,139264] Vnb=[24,768,192,196608] Keff_nb=[2,2048,512,524288] Veff_nb=[24,768,192,196608]
CUDA_FA_ROUTE_SUPPORTED kernel=MMA_F16 effK=f16 effV=q5_1 supported=1
CUDA_FA_ROUTE_PLAN device=0 Q=[256,256,16,1] Kraw=turbo4_tcq Vraw=q5_1 Kshape=[256,256,4,1] Vshape=[256,256,4,1] Keff=f16 Veff=q5_1 turbo_kv=1 prefer_native_vec=0 decode=1 dk=1 dv=0 unsafe_vec_after_turbo_v_decode=0 allow_vec=1 kernel=MMA_F16 need_f16_K=0 need_f16_V=1 Knb=[68,544,136,139264] Vnb=[24,768,192,196608] Keff_nb=[2,2048,512,524288] Veff_nb=[24,768,192,196608]
CUDA_FA_ROUTE_SUPPORTED kernel=MMA_F16 effK=f16 effV=q5_1 supported=1
CUDA_FA_ROUTE_PLAN device=0 Q=[256,256,16,1] Kraw=turbo4_tcq Vraw=q5_1 Kshape=[256,256,4,1] Vshape=[256,256,4,1] Keff=f16 Veff=q5_1 turbo_kv=1 prefer_native_vec=0 decode=1 dk=1 dv=0 unsafe_vec_after_turbo_v_decode=0 allow_vec=1 kernel=MMA_F16 need_f16_K=0 need_f16_V=1 Knb=[68,544,136,139264] Vnb=[24,768,192,196608] Keff_nb=[2,2048,512,524288] Veff_nb=[24,768,192,196608]
CUDA_FA_ROUTE_SUPPORTED kernel=MMA_F16 effK=f16 effV=q5_1 supported=1
CUDA_FA_ROUTE_PLAN device=0 Q=[256,256,16,1] Kraw=turbo4_tcq Vraw=q5_1 Kshape=[256,256,4,1] Vshape=[256,256,4,1] Keff=f16 Veff=q5_1 turbo_kv=1 prefer_native_vec=0 decode=1 dk=1 dv=0 unsafe_vec_after_turbo_v_decode=0 allow_vec=1 kernel=MMA_F16 need_f16_K=0 need_f16_V=1 Knb=[68,544,136,139264] Vnb=[24,768,192,196608] Keff_nb=[2,2048,512,524288] Veff_nb=[24,768,192,196608]
CUDA_FA_ROUTE_SUPPORTED kernel=MMA_F16 effK=f16 effV=q5_1 supported=1
CUDA_FA_ROUTE_PLAN device=0 Q=[256,256,16,1] Kraw=turbo4_tcq Vraw=q5_1 Kshape=[256,256,4,1] Vshape=[256,256,4,1] Keff=f16 Veff=q5_1 turbo_kv=1 prefer_native_vec=0 decode=1 dk=1 dv=0 unsafe_vec_after_turbo_v_decode=0 allow_vec=1 kernel=MMA_F16 need_f16_K=0 need_f16_V=1 Knb=[68,544,136,139264] Vnb=[24,768,192,196608] Keff_nb=[2,2048,512,524288] Veff_nb=[24,768,192,196608]
CUDA_FA_ROUTE_SUPPORTED kernel=MMA_F16 effK=f16 effV=q5_1 supported=1
CUDA_FA_ROUTE_PLAN device=0 Q=[256,1,16,1] Kraw=turbo4_tcq Vraw=q5_1 Kshape=[256,256,4,1] Vshape=[256,256,4,1] Keff=f16 Veff=q5_1 turbo_kv=1 prefer_native_vec=0 decode=1 dk=1 dv=0 unsafe_vec_after_turbo_v_decode=0 allow_vec=1 kernel=VEC need_f16_K=0 need_f16_V=0 Knb=[68,544,136,139264] Vnb=[24,768,192,196608] Keff_nb=[2,2048,512,524288] Veff_nb=[24,768,192,196608]
CUDA_FA_ROUTE_PLAN device=0 Q=[256,1,16,1] Kraw=turbo4_tcq Vraw=q5_1 Kshape=[256,256,4,1] Vshape=[256,256,4,1] Keff=f16 Veff=q5_1 turbo_kv=1 prefer_native_vec=0 decode=1 dk=1 dv=0 unsafe_vec_after_turbo_v_decode=0 allow_vec=1 kernel=VEC need_f16_K=0 need_f16_V=0 Knb=[68,544,136,139264] Vnb=[24,768,192,196608] Keff_nb=[2,2048,512,524288] Veff_nb=[24,768,192,196608]
CUDA_FA_ROUTE_PLAN device=0 Q=[256,1,16,1] Kraw=turbo4_tcq Vraw=q5_1 Kshape=[256,256,4,1] Vshape=[256,256,4,1] Keff=f16 Veff=q5_1 turbo_kv=1 prefer_native_vec=0 decode=1 dk=1 dv=0 unsafe_vec_after_turbo_v_decode=0 allow_vec=1 kernel=VEC need_f16_K=0 need_f16_V=0 Knb=[68,544,136,139264] Vnb=[24,768,192,196608] Keff_nb=[2,2048,512,524288] Veff_nb=[24,768,192,196608]
CUDA_FA_ROUTE_PLAN device=0 Q=[256,1,16,1] Kraw=turbo4_tcq Vraw=q5_1 Kshape=[256,256,4,1] Vshape=[256,256,4,1] Keff=f16 Veff=q5_1 turbo_kv=1 prefer_native_vec=0 decode=1 dk=1 dv=0 unsafe_vec_after_turbo_v_decode=0 allow_vec=1 kernel=VEC need_f16_K=0 need_f16_V=0 Knb=[68,544,136,139264] Vnb=[24,768,192,196608] Keff_nb=[2,2048,512,524288] Veff_nb=[24,768,192,196608]
CUDA_FA_ROUTE_PLAN device=0 Q=[256,1,16,1] Kraw=turbo4_tcq Vraw=q5_1 Kshape=[256,256,4,1] Vshape=[256,256,4,1] Keff=f16 Veff=q5_1 turbo_kv=1 prefer_native_vec=0 decode=1 dk=1 dv=0 unsafe_vec_after_turbo_v_decode=0 allow_vec=1 kernel=VEC need_f16_K=0 need_f16_V=0 Knb=[68,544,136,139264] Vnb=[24,768,192,196608] Keff_nb=[2,2048,512,524288] Veff_nb=[24,768,192,196608]
CUDA_FA_ROUTE_PLAN device=0 Q=[256,1,16,1] Kraw=turbo4_tcq Vraw=q5_1 Kshape=[256,256,4,1] Vshape=[256,256,4,1] Keff=f16 Veff=q5_1 turbo_kv=1 prefer_native_vec=0 decode=1 dk=1 dv=0 unsafe_vec_after_turbo_v_decode=0 allow_vec=1 kernel=VEC need_f16_K=0 need_f16_V=0 Knb=[68,544,136,139264] Vnb=[24,768,192,196608] Keff_nb=[2,2048,512,524288] Veff_nb=[24,768,192,196608]
CUDA_FA_ROUTE_PLAN device=0 Q=[256,1,16,1] Kraw=turbo4_tcq Vraw=q5_1 Kshape=[256,256,4,1] Vshape=[256,256,4,1] Keff=f16 Veff=q5_1 turbo_kv=1 prefer_native_vec=0 decode=1 dk=1 dv=0 unsafe_vec_after_turbo_v_decode=0 allow_vec=1 kernel=VEC need_f16_K=0 need_f16_V=0 Knb=[68,544,136,139264] Vnb=[24,768,192,196608] Keff_nb=[2,2048,512,524288] Veff_nb=[24,768,192,196608]
CUDA_FA_ROUTE_PLAN device=0 Q=[256,1,16,1] Kraw=turbo4_tcq Vraw=q5_1 Kshape=[256,256,4,1] Vshape=[256,256,4,1] Keff=f16 Veff=q5_1 turbo_kv=1 prefer_native_vec=0 decode=1 dk=1 dv=0 unsafe_vec_after_turbo_v_decode=0 allow_vec=1 kernel=VEC need_f16_K=0 need_f16_V=0 Knb=[68,544,136,139264] Vnb=[24,768,192,196608] Keff_nb=[2,2048,512,524288] Veff_nb=[24,768,192,196608]
CUDA_FA_ROUTE_PLAN device=0 Q=[256,16,16,1] Kraw=turbo4_tcq Vraw=q5_1 Kshape=[256,256,4,1] Vshape=[256,256,4,1] Keff=f16 Veff=q5_1 turbo_kv=1 prefer_native_vec=0 decode=1 dk=1 dv=0 unsafe_vec_after_turbo_v_decode=0 allow_vec=1 kernel=MMA_F16 need_f16_K=0 need_f16_V=1 Knb=[68,544,136,139264] Vnb=[24,768,192,196608] Keff_nb=[2,2048,512,524288] Veff_nb=[24,768,192,196608]
CUDA_FA_ROUTE_SUPPORTED kernel=MMA_F16 effK=f16 effV=q5_1 supported=1
CUDA_FA_ROUTE_PLAN device=0 Q=[256,16,16,1] Kraw=turbo4_tcq Vraw=q5_1 Kshape=[256,256,4,1] Vshape=[256,256,4,1] Keff=f16 Veff=q5_1 turbo_kv=1 prefer_native_vec=0 decode=1 dk=1 dv=0 unsafe_vec_after_turbo_v_decode=0 allow_vec=1 kernel=MMA_F16 need_f16_K=0 need_f16_V=1 Knb=[68,544,136,139264] Vnb=[24,768,192,196608] Keff_nb=[2,2048,512,524288] Veff_nb=[24,768,192,196608]
CUDA_FA_ROUTE_SUPPORTED kernel=MMA_F16 effK=f16 effV=q5_1 supported=1
CUDA_FA_ROUTE_PLAN device=0 Q=[256,16,16,1] Kraw=turbo4_tcq Vraw=q5_1 Kshape=[256,256,4,1] Vshape=[256,256,4,1] Keff=f16 Veff=q5_1 turbo_kv=1 prefer_native_vec=0 decode=1 dk=1 dv=0 unsafe_vec_after_turbo_v_decode=0 allow_vec=1 kernel=MMA_F16 need_f16_K=0 need_f16_V=1 Knb=[68,544,136,139264] Vnb=[24,768,192,196608] Keff_nb=[2,2048,512,524288] Veff_nb=[24,768,192,196608]
CUDA_FA_ROUTE_SUPPORTED kernel=MMA_F16 effK=f16 effV=q5_1 supported=1
CUDA_FA_ROUTE_PLAN device=0 Q=[256,16,16,1] Kraw=turbo4_tcq Vraw=q5_1 Kshape=[256,256,4,1] Vshape=[256,256,4,1] Keff=f16 Veff=q5_1 turbo_kv=1 prefer_native_vec=0 decode=1 dk=1 dv=0 unsafe_vec_after_turbo_v_decode=0 allow_vec=1 kernel=MMA_F16 need_f16_K=0 need_f16_V=1 Knb=[68,544,136,139264] Vnb=[24,768,192,196608] Keff_nb=[2,2048,512,524288] Veff_nb=[24,768,192,196608]
CUDA_FA_ROUTE_SUPPORTED kernel=MMA_F16 effK=f16 effV=q5_1 supported=1
CUDA_FA_ROUTE_PLAN device=0 Q=[256,16,16,1] Kraw=turbo4_tcq Vraw=q5_1 Kshape=[256,256,4,1] Vshape=[256,256,4,1] Keff=f16 Veff=q5_1 turbo_kv=1 prefer_native_vec=0 decode=1 dk=1 dv=0 unsafe_vec_after_turbo_v_decode=0 allow_vec=1 kernel=MMA_F16 need_f16_K=0 need_f16_V=1 Knb=[68,544,136,139264] Vnb=[24,768,192,196608] Keff_nb=[2,2048,512,524288] Veff_nb=[24,768,192,196608]
CUDA_FA_ROUTE_SUPPORTED kernel=MMA_F16 effK=f16 effV=q5_1 supported=1
CUDA_FA_ROUTE_PLAN device=0 Q=[256,16,16,1] Kraw=turbo4_tcq Vraw=q5_1 Kshape=[256,256,4,1] Vshape=[256,256,4,1] Keff=f16 Veff=q5_1 turbo_kv=1 prefer_native_vec=0 decode=1 dk=1 dv=0 unsafe_vec_after_turbo_v_decode=0 allow_vec=1 kernel=MMA_F16 need_f16_K=0 need_f16_V=1 Knb=[68,544,136,139264] Vnb=[24,768,192,196608] Keff_nb=[2,2048,512,524288] Veff_nb=[24,768,192,196608]
CUDA_FA_ROUTE_SUPPORTED kernel=MMA_F16 effK=f16 effV=q5_1 supported=1
CUDA_FA_ROUTE_PLAN device=0 Q=[256,16,16,1] Kraw=turbo4_tcq Vraw=q5_1 Kshape=[256,256,4,1] Vshape=[256,256,4,1] Keff=f16 Veff=q5_1 turbo_kv=1 prefer_native_vec=0 decode=1 dk=1 dv=0 unsafe_vec_after_turbo_v_decode=0 allow_vec=1 kernel=MMA_F16 need_f16_K=0 need_f16_V=1 Knb=[68,544,136,139264] Vnb=[24,768,192,196608] Keff_nb=[2,2048,512,524288] Veff_nb=[24,768,192,196608]
CUDA_FA_ROUTE_SUPPORTED kernel=MMA_F16 effK=f16 effV=q5_1 supported=1
CUDA_FA_ROUTE_PLAN device=0 Q=[256,16,16,1] Kraw=turbo4_tcq Vraw=q5_1 Kshape=[256,256,4,1] Vshape=[256,256,4,1] Keff=f16 Veff=q5_1 turbo_kv=1 prefer_native_vec=0 decode=1 dk=1 dv=0 unsafe_vec_after_turbo_v_decode=0 allow_vec=1 kernel=MMA_F16 need_f16_K=0 need_f16_V=1 Knb=[68,544,136,139264] Vnb=[24,768,192,196608] Keff_nb=[2,2048,512,524288] Veff_nb=[24,768,192,196608]
CUDA_FA_ROUTE_SUPPORTED kernel=MMA_F16 effK=f16 effV=q5_1 supported=1
CUDA_FA_ROUTE_PLAN device=0 Q=[256,1,16,1] Kraw=turbo4_tcq Vraw=q5_1 Kshape=[256,256,4,1] Vshape=[256,256,4,1] Keff=f16 Veff=q5_1 turbo_kv=1 prefer_native_vec=0 decode=1 dk=1 dv=0 unsafe_vec_after_turbo_v_decode=0 allow_vec=1 kernel=VEC need_f16_K=0 need_f16_V=0 Knb=[68,544,136,139264] Vnb=[24,768,192,196608] Keff_nb=[2,2048,512,524288] Veff_nb=[24,768,192,196608]
CUDA_FA_ROUTE_PLAN device=0 Q=[256,1,16,1] Kraw=turbo4_tcq Vraw=q5_1 Kshape=[256,256,4,1] Vshape=[256,256,4,1] Keff=f16 Veff=q5_1 turbo_kv=1 prefer_native_vec=0 decode=1 dk=1 dv=0 unsafe_vec_after_turbo_v_decode=0 allow_vec=1 kernel=VEC need_f16_K=0 need_f16_V=0 Knb=[68,544,136,139264] Vnb=[24,768,192,196608] Keff_nb=[2,2048,512,524288] Veff_nb=[24,768,192,196608]
CUDA_FA_ROUTE_PLAN device=0 Q=[256,1,16,1] Kraw=turbo4_tcq Vraw=q5_1 Kshape=[256,256,4,1] Vshape=[256,256,4,1] Keff=f16 Veff=q5_1 turbo_kv=1 prefer_native_vec=0 decode=1 dk=1 dv=0 unsafe_vec_after_turbo_v_decode=0 allow_vec=1 kernel=VEC need_f16_K=0 need_f16_V=0 Knb=[68,544,136,139264] Vnb=[24,768,192,196608] Keff_nb=[2,2048,512,524288] Veff_nb=[24,768,192,196608]
CUDA_FA_ROUTE_PLAN device=0 Q=[256,1,16,1] Kraw=turbo4_tcq Vraw=q5_1 Kshape=[256,256,4,1] Vshape=[256,256,4,1] Keff=f16 Veff=q5_1 turbo_kv=1 prefer_native_vec=0 decode=1 dk=1 dv=0 unsafe_vec_after_turbo_v_decode=0 allow_vec=1 kernel=VEC need_f16_K=0 need_f16_V=0 Knb=[68,544,136,139264] Vnb=[24,768,192,196608] Keff_nb=[2,2048,512,524288] Veff_nb=[24,768,192,196608]
CUDA_FA_ROUTE_PLAN device=0 Q=[256,1,16,1] Kraw=turbo4_tcq Vraw=q5_1 Kshape=[256,256,4,1] Vshape=[256,256,4,1] Keff=f16 Veff=q5_1 turbo_kv=1 prefer_native_vec=0 decode=1 dk=1 dv=0 unsafe_vec_after_turbo_v_decode=0 allow_vec=1 kernel=VEC need_f16_K=0 need_f16_V=0 Knb=[68,544,136,139264] Vnb=[24,768,192,196608] Keff_nb=[2,2048,512,524288] Veff_nb=[24,768,192,196608]
CUDA_FA_ROUTE_PLAN device=0 Q=[256,1,16,1] Kraw=turbo4_tcq Vraw=q5_1 Kshape=[256,256,4,1] Vshape=[256,256,4,1] Keff=f16 Veff=q5_1 turbo_kv=1 prefer_native_vec=0 decode=1 dk=1 dv=0 unsafe_vec_after_turbo_v_decode=0 allow_vec=1 kernel=VEC need_f16_K=0 need_f16_V=0 Knb=[68,544,136,139264] Vnb=[24,768,192,196608] Keff_nb=[2,2048,512,524288] Veff_nb=[24,768,192,196608]
CUDA_FA_ROUTE_PLAN device=0 Q=[256,1,16,1] Kraw=turbo4_tcq Vraw=q5_1 Kshape=[256,256,4,1] Vshape=[256,256,4,1] Keff=f16 Veff=q5_1 turbo_kv=1 prefer_native_vec=0 decode=1 dk=1 dv=0 unsafe_vec_after_turbo_v_decode=0 allow_vec=1 kernel=VEC need_f16_K=0 need_f16_V=0 Knb=[68,544,136,139264] Vnb=[24,768,192,196608] Keff_nb=[2,2048,512,524288] Veff_nb=[24,768,192,196608]
CUDA_FA_ROUTE_PLAN device=0 Q=[256,1,16,1] Kraw=turbo4_tcq Vraw=q5_1 Kshape=[256,256,4,1] Vshape=[256,256,4,1] Keff=f16 Veff=q5_1 turbo_kv=1 prefer_native_vec=0 decode=1 dk=1 dv=0 unsafe_vec_after_turbo_v_decode=0 allow_vec=1 kernel=VEC need_f16_K=0 need_f16_V=0 Knb=[68,544,136,139264] Vnb=[24,768,192,196608] Keff_nb=[2,2048,512,524288] Veff_nb=[24,768,192,196608]
CUDA_FA_ROUTE_PLAN device=0 Q=[256,256,16,1] Kraw=turbo4_tcq Vraw=q5_1 Kshape=[256,256,4,1] Vshape=[256,256,4,1] Keff=f16 Veff=q5_1 turbo_kv=1 prefer_native_vec=0 decode=1 dk=1 dv=0 unsafe_vec_after_turbo_v_decode=0 allow_vec=1 kernel=MMA_F16 need_f16_K=0 need_f16_V=1 Knb=[68,544,136,139264] Vnb=[24,768,192,196608] Keff_nb=[2,2048,512,524288] Veff_nb=[24,768,192,196608]
CUDA_FA_ROUTE_SUPPORTED kernel=MMA_F16 effK=f16 effV=q5_1 supported=1
CUDA_FA_ROUTE_PLAN device=0 Q=[256,256,16,1] Kraw=turbo4_tcq Vraw=q5_1 Kshape=[256,256,4,1] Vshape=[256,256,4,1] Keff=f16 Veff=q5_1 turbo_kv=1 prefer_native_vec=0 decode=1 dk=1 dv=0 unsafe_vec_after_turbo_v_decode=0 allow_vec=1 kernel=MMA_F16 need_f16_K=0 need_f16_V=1 Knb=[68,544,136,139264] Vnb=[24,768,192,196608] Keff_nb=[2,2048,512,524288] Veff_nb=[24,768,192,196608]
CUDA_FA_ROUTE_SUPPORTED kernel=MMA_F16 effK=f16 effV=q5_1 supported=1
CUDA_FA_ROUTE_PLAN device=0 Q=[256,256,16,1] Kraw=turbo4_tcq Vraw=q5_1 Kshape=[256,256,4,1] Vshape=[256,256,4,1] Keff=f16 Veff=q5_1 turbo_kv=1 prefer_native_vec=0 decode=1 dk=1 dv=0 unsafe_vec_after_turbo_v_decode=0 allow_vec=1 kernel=MMA_F16 need_f16_K=0 need_f16_V=1 Knb=[68,544,136,139264] Vnb=[24,768,192,196608] Keff_nb=[2,2048,512,524288] Veff_nb=[24,768,192,196608]
CUDA_FA_ROUTE_SUPPORTED kernel=MMA_F16 effK=f16 effV=q5_1 supported=1
CUDA_FA_ROUTE_PLAN device=0 Q=[256,256,16,1] Kraw=turbo4_tcq Vraw=q5_1 Kshape=[256,256,4,1] Vshape=[256,256,4,1] Keff=f16 Veff=q5_1 turbo_kv=1 prefer_native_vec=0 decode=1 dk=1 dv=0 unsafe_vec_after_turbo_v_decode=0 allow_vec=1 kernel=MMA_F16 need_f16_K=0 need_f16_V=1 Knb=[68,544,136,139264] Vnb=[24,768,192,196608] Keff_nb=[2,2048,512,524288] Veff_nb=[24,768,192,196608]
CUDA_FA_ROUTE_SUPPORTED kernel=MMA_F16 effK=f16 effV=q5_1 supported=1
CUDA_FA_ROUTE_PLAN device=0 Q=[256,256,16,1] Kraw=turbo4_tcq Vraw=q5_1 Kshape=[256,256,4,1] Vshape=[256,256,4,1] Keff=f16 Veff=q5_1 turbo_kv=1 prefer_native_vec=0 decode=1 dk=1 dv=0 unsafe_vec_after_turbo_v_decode=0 allow_vec=1 kernel=MMA_F16 need_f16_K=0 need_f16_V=1 Knb=[68,544,136,139264] Vnb=[24,768,192,196608] Keff_nb=[2,2048,512,524288] Veff_nb=[24,768,192,196608]
CUDA_FA_ROUTE_SUPPORTED kernel=MMA_F16 effK=f16 effV=q5_1 supported=1
CUDA_FA_ROUTE_PLAN device=0 Q=[256,256,16,1] Kraw=turbo4_tcq Vraw=q5_1 Kshape=[256,256,4,1] Vshape=[256,256,4,1] Keff=f16 Veff=q5_1 turbo_kv=1 prefer_native_vec=0 decode=1 dk=1 dv=0 unsafe_vec_after_turbo_v_decode=0 allow_vec=1 kernel=MMA_F16 need_f16_K=0 need_f16_V=1 Knb=[68,544,136,139264] Vnb=[24,768,192,196608] Keff_nb=[2,2048,512,524288] Veff_nb=[24,768,192,196608]
CUDA_FA_ROUTE_SUPPORTED kernel=MMA_F16 effK=f16 effV=q5_1 supported=1
CUDA_FA_ROUTE_PLAN device=0 Q=[256,256,16,1] Kraw=turbo4_tcq Vraw=q5_1 Kshape=[256,256,4,1] Vshape=[256,256,4,1] Keff=f16 Veff=q5_1 turbo_kv=1 prefer_native_vec=0 decode=1 dk=1 dv=0 unsafe_vec_after_turbo_v_decode=0 allow_vec=1 kernel=MMA_F16 need_f16_K=0 need_f16_V=1 Knb=[68,544,136,139264] Vnb=[24,768,192,196608] Keff_nb=[2,2048,512,524288] Veff_nb=[24,768,192,196608]
CUDA_FA_ROUTE_SUPPORTED kernel=MMA_F16 effK=f16 effV=q5_1 supported=1
CUDA_FA_ROUTE_PLAN device=0 Q=[256,256,16,1] Kraw=turbo4_tcq Vraw=q5_1 Kshape=[256,256,4,1] Vshape=[256,256,4,1] Keff=f16 Veff=q5_1 turbo_kv=1 prefer_native_vec=0 decode=1 dk=1 dv=0 unsafe_vec_after_turbo_v_decode=0 allow_vec=1 kernel=MMA_F16 need_f16_K=0 need_f16_V=1 Knb=[68,544,136,139264] Vnb=[24,768,192,196608] Keff_nb=[2,2048,512,524288] Veff_nb=[24,768,192,196608]
CUDA_FA_ROUTE_SUPPORTED kernel=MMA_F16 effK=f16 effV=q5_1 supported=1
CUDA_FA_ROUTE_PLAN device=0 Q=[256,256,16,1] Kraw=turbo4_tcq Vraw=q5_1 Kshape=[256,256,4,1] Vshape=[256,256,4,1] Keff=f16 Veff=q5_1 turbo_kv=1 prefer_native_vec=0 decode=1 dk=1 dv=0 unsafe_vec_after_turbo_v_decode=0 allow_vec=1 kernel=MMA_F16 need_f16_K=0 need_f16_V=1 Knb=[68,544,136,139264] Vnb=[24,768,192,196608] Keff_nb=[2,2048,512,524288] Veff_nb=[24,768,192,196608]
CUDA_FA_ROUTE_ALLOC kernel=MMA_F16 need_f16_K=0 need_f16_V=1 workspace_end_offset=4718592 dst_data=(nil) f16_K=(nil) f16_V=0x400000 f16_end=0x480000
CUDA_FA_ROUTE_PLAN device=0 Q=[256,256,16,1] Kraw=turbo4_tcq Vraw=q5_1 Kshape=[256,256,4,1] Vshape=[256,256,4,1] Keff=f16 Veff=q5_1 turbo_kv=1 prefer_native_vec=0 decode=1 dk=1 dv=0 unsafe_vec_after_turbo_v_decode=0 allow_vec=1 kernel=MMA_F16 need_f16_K=0 need_f16_V=1 Knb=[68,544,136,139264] Vnb=[24,768,192,196608] Keff_nb=[2,2048,512,524288] Veff_nb=[24,768,192,196608]
CUDA_FA_ROUTE_ALLOC kernel=MMA_F16 need_f16_K=0 need_f16_V=1 workspace_end_offset=4718592 dst_data=(nil) f16_K=(nil) f16_V=0x400000 f16_end=0x480000
CUDA_FA_ROUTE_PLAN device=0 Q=[256,256,16,1] Kraw=turbo4_tcq Vraw=q5_1 Kshape=[256,256,4,1] Vshape=[256,256,4,1] Keff=f16 Veff=q5_1 turbo_kv=1 prefer_native_vec=0 decode=1 dk=1 dv=0 unsafe_vec_after_turbo_v_decode=0 allow_vec=1 kernel=MMA_F16 need_f16_K=0 need_f16_V=1 Knb=[68,544,136,139264] Vnb=[24,768,192,196608] Keff_nb=[2,2048,512,524288] Veff_nb=[24,768,192,196608]
CUDA_FA_ROUTE_ALLOC kernel=MMA_F16 need_f16_K=0 need_f16_V=1 workspace_end_offset=4718592 dst_data=(nil) f16_K=(nil) f16_V=0x400000 f16_end=0x480000
CUDA_FA_ROUTE_PLAN device=0 Q=[256,256,16,1] Kraw=turbo4_tcq Vraw=q5_1 Kshape=[256,256,4,1] Vshape=[256,256,4,1] Keff=f16 Veff=q5_1 turbo_kv=1 prefer_native_vec=0 decode=1 dk=1 dv=0 unsafe_vec_after_turbo_v_decode=0 allow_vec=1 kernel=MMA_F16 need_f16_K=0 need_f16_V=1 Knb=[68,544,136,139264] Vnb=[24,768,192,196608] Keff_nb=[2,2048,512,524288] Veff_nb=[24,768,192,196608]
CUDA_FA_ROUTE_ALLOC kernel=MMA_F16 need_f16_K=0 need_f16_V=1 workspace_end_offset=4718592 dst_data=(nil) f16_K=(nil) f16_V=0x400000 f16_end=0x480000
CUDA_FA_ROUTE_PLAN device=0 Q=[256,256,16,1] Kraw=turbo4_tcq Vraw=q5_1 Kshape=[256,256,4,1] Vshape=[256,256,4,1] Keff=f16 Veff=q5_1 turbo_kv=1 prefer_native_vec=0 decode=1 dk=1 dv=0 unsafe_vec_after_turbo_v_decode=0 allow_vec=1 kernel=MMA_F16 need_f16_K=0 need_f16_V=1 Knb=[68,544,136,139264] Vnb=[24,768,192,196608] Keff_nb=[2,2048,512,524288] Veff_nb=[24,768,192,196608]
CUDA_FA_ROUTE_ALLOC kernel=MMA_F16 need_f16_K=0 need_f16_V=1 workspace_end_offset=4718592 dst_data=(nil) f16_K=(nil) f16_V=0x400000 f16_end=0x480000
CUDA_FA_ROUTE_PLAN device=0 Q=[256,256,16,1] Kraw=turbo4_tcq Vraw=q5_1 Kshape=[256,256,4,1] Vshape=[256,256,4,1] Keff=f16 Veff=q5_1 turbo_kv=1 prefer_native_vec=0 decode=1 dk=1 dv=0 unsafe_vec_after_turbo_v_decode=0 allow_vec=1 kernel=MMA_F16 need_f16_K=0 need_f16_V=1 Knb=[68,544,136,139264] Vnb=[24,768,192,196608] Keff_nb=[2,2048,512,524288] Veff_nb=[24,768,192,196608]
CUDA_FA_ROUTE_ALLOC kernel=MMA_F16 need_f16_K=0 need_f16_V=1 workspace_end_offset=4718592 dst_data=(nil) f16_K=(nil) f16_V=0x400000 f16_end=0x480000
CUDA_FA_ROUTE_PLAN device=0 Q=[256,256,16,1] Kraw=turbo4_tcq Vraw=q5_1 Kshape=[256,256,4,1] Vshape=[256,256,4,1] Keff=f16 Veff=q5_1 turbo_kv=1 prefer_native_vec=0 decode=1 dk=1 dv=0 unsafe_vec_after_turbo_v_decode=0 allow_vec=1 kernel=MMA_F16 need_f16_K=0 need_f16_V=1 Knb=[68,544,136,139264] Vnb=[24,768,192,196608] Keff_nb=[2,2048,512,524288] Veff_nb=[24,768,192,196608]
CUDA_FA_ROUTE_ALLOC kernel=MMA_F16 need_f16_K=0 need_f16_V=1 workspace_end_offset=4718592 dst_data=(nil) f16_K=(nil) f16_V=0x400000 f16_end=0x480000
CUDA_FA_ROUTE_PLAN device=0 Q=[256,256,16,1] Kraw=turbo4_tcq Vraw=q5_1 Kshape=[256,256,4,1] Vshape=[256,256,4,1] Keff=f16 Veff=q5_1 turbo_kv=1 prefer_native_vec=0 decode=1 dk=1 dv=0 unsafe_vec_after_turbo_v_decode=0 allow_vec=1 kernel=MMA_F16 need_f16_K=0 need_f16_V=1 Knb=[68,544,136,139264] Vnb=[24,768,192,196608] Keff_nb=[2,2048,512,524288] Veff_nb=[24,768,192,196608]
CUDA_FA_ROUTE_ALLOC kernel=MMA_F16 need_f16_K=0 need_f16_V=1 workspace_end_offset=4718592 dst_data=(nil) f16_K=(nil) f16_V=0x400000 f16_end=0x480000
CUDA_FA_ROUTE_PLAN device=0 Q=[256,256,16,1] Kraw=turbo4_tcq Vraw=q5_1 Kshape=[256,256,4,1] Vshape=[256,256,4,1] Keff=f16 Veff=q5_1 turbo_kv=1 prefer_native_vec=0 decode=1 dk=1 dv=0 unsafe_vec_after_turbo_v_decode=0 allow_vec=1 kernel=MMA_F16 need_f16_K=0 need_f16_V=1 Knb=[68,544,136,139264] Vnb=[24,768,192,196608] Keff_nb=[2,2048,512,524288] Veff_nb=[24,768,192,196608]
CUDA_FA_ROUTE_ALLOC kernel=MMA_F16 need_f16_K=0 need_f16_V=1 workspace_end_offset=4718592 dst_data=(nil) f16_K=(nil) f16_V=0x400000 f16_end=0x480000
CUDA_FA_ROUTE_PLAN device=0 Q=[256,256,16,1] Kraw=turbo4_tcq Vraw=q5_1 Kshape=[256,256,4,1] Vshape=[256,256,4,1] Keff=f16 Veff=q5_1 turbo_kv=1 prefer_native_vec=0 decode=1 dk=1 dv=0 unsafe_vec_after_turbo_v_decode=0 allow_vec=1 kernel=MMA_F16 need_f16_K=0 need_f16_V=1 Knb=[68,544,136,139264] Vnb=[24,768,192,196608] Keff_nb=[2,2048,512,524288] Veff_nb=[24,768,192,196608]
CUDA_FA_ROUTE_ALLOC kernel=MMA_F16 need_f16_K=0 need_f16_V=1 workspace_end_offset=4718592 dst_data=(nil) f16_K=(nil) f16_V=0x400000 f16_end=0x480000
CUDA_FA_ROUTE_PLAN device=0 Q=[256,256,16,1] Kraw=turbo4_tcq Vraw=q5_1 Kshape=[256,256,4,1] Vshape=[256,256,4,1] Keff=f16 Veff=q5_1 turbo_kv=1 prefer_native_vec=0 decode=1 dk=1 dv=0 unsafe_vec_after_turbo_v_decode=0 allow_vec=1 kernel=MMA_F16 need_f16_K=0 need_f16_V=1 Knb=[68,544,136,139264] Vnb=[24,768,192,196608] Keff_nb=[2,2048,512,524288] Veff_nb=[24,768,192,196608]
CUDA_FA_ROUTE_ALLOC kernel=MMA_F16 need_f16_K=0 need_f16_V=1 workspace_end_offset=4718592 dst_data=(nil) f16_K=(nil) f16_V=0x400000 f16_end=0x480000
CUDA_FA_ROUTE_PLAN device=0 Q=[256,256,16,1] Kraw=turbo4_tcq Vraw=q5_1 Kshape=[256,256,4,1] Vshape=[256,256,4,1] Keff=f16 Veff=q5_1 turbo_kv=1 prefer_native_vec=0 decode=1 dk=1 dv=0 unsafe_vec_after_turbo_v_decode=0 allow_vec=1 kernel=MMA_F16 need_f16_K=0 need_f16_V=1 Knb=[68,544,136,139264] Vnb=[24,768,192,196608] Keff_nb=[2,2048,512,524288] Veff_nb=[24,768,192,196608]
CUDA_FA_ROUTE_ALLOC kernel=MMA_F16 need_f16_K=0 need_f16_V=1 workspace_end_offset=4718592 dst_data=(nil) f16_K=(nil) f16_V=0x400000 f16_end=0x480000
CUDA_FA_ROUTE_PLAN device=0 Q=[256,256,16,1] Kraw=turbo4_tcq Vraw=q5_1 Kshape=[256,256,4,1] Vshape=[256,256,4,1] Keff=f16 Veff=q5_1 turbo_kv=1 prefer_native_vec=0 decode=1 dk=1 dv=0 unsafe_vec_after_turbo_v_decode=0 allow_vec=1 kernel=MMA_F16 need_f16_K=0 need_f16_V=1 Knb=[68,544,136,139264] Vnb=[24,768,192,196608] Keff_nb=[2,2048,512,524288] Veff_nb=[24,768,192,196608]
CUDA_FA_ROUTE_ALLOC kernel=MMA_F16 need_f16_K=0 need_f16_V=1 workspace_end_offset=4718592 dst_data=(nil) f16_K=(nil) f16_V=0x400000 f16_end=0x480000
CUDA_FA_ROUTE_PLAN device=0 Q=[256,256,16,1] Kraw=turbo4_tcq Vraw=q5_1 Kshape=[256,256,4,1] Vshape=[256,256,4,1] Keff=f16 Veff=q5_1 turbo_kv=1 prefer_native_vec=0 decode=1 dk=1 dv=0 unsafe_vec_after_turbo_v_decode=0 allow_vec=1 kernel=MMA_F16 need_f16_K=0 need_f16_V=1 Knb=[68,544,136,139264] Vnb=[24,768,192,196608] Keff_nb=[2,2048,512,524288] Veff_nb=[24,768,192,196608]
CUDA_FA_ROUTE_ALLOC kernel=MMA_F16 need_f16_K=0 need_f16_V=1 workspace_end_offset=4718592 dst_data=(nil) f16_K=(nil) f16_V=0x400000 f16_end=0x480000
CUDA_FA_ROUTE_PLAN device=0 Q=[256,256,16,1] Kraw=turbo4_tcq Vraw=q5_1 Kshape=[256,256,4,1] Vshape=[256,256,4,1] Keff=f16 Veff=q5_1 turbo_kv=1 prefer_native_vec=0 decode=1 dk=1 dv=0 unsafe_vec_after_turbo_v_decode=0 allow_vec=1 kernel=MMA_F16 need_f16_K=0 need_f16_V=1 Knb=[68,544,136,139264] Vnb=[24,768,192,196608] Keff_nb=[2,2048,512,524288] Veff_nb=[24,768,192,196608]
CUDA_FA_ROUTE_ALLOC kernel=MMA_F16 need_f16_K=0 need_f16_V=1 workspace_end_offset=4718592 dst_data=(nil) f16_K=(nil) f16_V=0x400000 f16_end=0x480000
CUDA_FA_ROUTE_PLAN device=0 Q=[256,256,16,1] Kraw=turbo4_tcq Vraw=q5_1 Kshape=[256,256,4,1] Vshape=[256,256,4,1] Keff=f16 Veff=q5_1 turbo_kv=1 prefer_native_vec=0 decode=1 dk=1 dv=0 unsafe_vec_after_turbo_v_decode=0 allow_vec=1 kernel=MMA_F16 need_f16_K=0 need_f16_V=1 Knb=[68,544,136,139264] Vnb=[24,768,192,196608] Keff_nb=[2,2048,512,524288] Veff_nb=[24,768,192,196608]
CUDA_FA_ROUTE_ALLOC kernel=MMA_F16 need_f16_K=0 need_f16_V=1 workspace_end_offset=4718592 dst_data=(nil) f16_K=(nil) f16_V=0x400000 f16_end=0x480000
CUDA_FA_ROUTE_PLAN device=0 Q=[256,256,16,1] Kraw=turbo4_tcq Vraw=q5_1 Kshape=[256,256,4,1] Vshape=[256,256,4,1] Keff=f16 Veff=q5_1 turbo_kv=1 prefer_native_vec=0 decode=1 dk=1 dv=0 unsafe_vec_after_turbo_v_decode=0 allow_vec=1 kernel=MMA_F16 need_f16_K=0 need_f16_V=1 Knb=[68,544,136,139264] Vnb=[24,768,192,196608] Keff_nb=[2,2048,512,524288] Veff_nb=[24,768,192,196608]
CUDA_FA_ROUTE_ALLOC kernel=MMA_F16 need_f16_K=0 need_f16_V=1 workspace_end_offset=4718592 dst_data=(nil) f16_K=(nil) f16_V=0x400000 f16_end=0x480000
CUDA_FA_ROUTE_PLAN device=0 Q=[256,256,16,1] Kraw=turbo4_tcq Vraw=q5_1 Kshape=[256,256,4,1] Vshape=[256,256,4,1] Keff=f16 Veff=q5_1 turbo_kv=1 prefer_native_vec=0 decode=1 dk=1 dv=0 unsafe_vec_after_turbo_v_decode=0 allow_vec=1 kernel=MMA_F16 need_f16_K=0 need_f16_V=1 Knb=[68,544,136,139264] Vnb=[24,768,192,196608] Keff_nb=[2,2048,512,524288] Veff_nb=[24,768,192,196608]
CUDA_FA_ROUTE_ALLOC kernel=MMA_F16 need_f16_K=0 need_f16_V=1 workspace_end_offset=4718592 dst_data=(nil) f16_K=(nil) f16_V=0x400000 f16_end=0x480000
CUDA_FA_ROUTE_PLAN device=0 Q=[256,256,16,1] Kraw=turbo4_tcq Vraw=q5_1 Kshape=[256,256,4,1] Vshape=[256,256,4,1] Keff=f16 Veff=q5_1 turbo_kv=1 prefer_native_vec=0 decode=1 dk=1 dv=0 unsafe_vec_after_turbo_v_decode=0 allow_vec=1 kernel=MMA_F16 need_f16_K=0 need_f16_V=1 Knb=[68,544,136,139264] Vnb=[24,768,192,196608] Keff_nb=[2,2048,512,524288] Veff_nb=[24,768,192,196608]
CUDA_FA_ROUTE_ALLOC kernel=MMA_F16 need_f16_K=0 need_f16_V=1 workspace_end_offset=4718592 dst_data=(nil) f16_K=(nil) f16_V=0x400000 f16_end=0x480000
CUDA_FA_ROUTE_PLAN device=0 Q=[256,256,16,1] Kraw=turbo4_tcq Vraw=q5_1 Kshape=[256,256,4,1] Vshape=[256,256,4,1] Keff=f16 Veff=q5_1 turbo_kv=1 prefer_native_vec=0 decode=1 dk=1 dv=0 unsafe_vec_after_turbo_v_decode=0 allow_vec=1 kernel=MMA_F16 need_f16_K=0 need_f16_V=1 Knb=[68,544,136,139264] Vnb=[24,768,192,196608] Keff_nb=[2,2048,512,524288] Veff_nb=[24,768,192,196608]
CUDA_FA_ROUTE_ALLOC kernel=MMA_F16 need_f16_K=0 need_f16_V=1 workspace_end_offset=4718592 dst_data=(nil) f16_K=(nil) f16_V=0x400000 f16_end=0x480000
CUDA_FA_ROUTE_PLAN device=0 Q=[256,256,16,1] Kraw=turbo4_tcq Vraw=q5_1 Kshape=[256,256,4,1] Vshape=[256,256,4,1] Keff=f16 Veff=q5_1 turbo_kv=1 prefer_native_vec=0 decode=1 dk=1 dv=0 unsafe_vec_after_turbo_v_decode=0 allow_vec=1 kernel=MMA_F16 need_f16_K=0 need_f16_V=1 Knb=[68,544,136,139264] Vnb=[24,768,192,196608] Keff_nb=[2,2048,512,524288] Veff_nb=[24,768,192,196608]
CUDA_FA_ROUTE_ALLOC kernel=MMA_F16 need_f16_K=0 need_f16_V=1 workspace_end_offset=4718592 dst_data=(nil) f16_K=(nil) f16_V=0x400000 f16_end=0x480000
CUDA_FA_ROUTE_PLAN device=0 Q=[256,256,16,1] Kraw=turbo4_tcq Vraw=q5_1 Kshape=[256,256,4,1] Vshape=[256,256,4,1] Keff=f16 Veff=q5_1 turbo_kv=1 prefer_native_vec=0 decode=1 dk=1 dv=0 unsafe_vec_after_turbo_v_decode=0 allow_vec=1 kernel=MMA_F16 need_f16_K=0 need_f16_V=1 Knb=[68,544,136,139264] Vnb=[24,768,192,196608] Keff_nb=[2,2048,512,524288] Veff_nb=[24,768,192,196608]
CUDA_FA_ROUTE_ALLOC kernel=MMA_F16 need_f16_K=0 need_f16_V=1 workspace_end_offset=4718592 dst_data=(nil) f16_K=(nil) f16_V=0x400000 f16_end=0x480000
CUDA_FA_ROUTE_PLAN device=0 Q=[256,256,16,1] Kraw=turbo4_tcq Vraw=q5_1 Kshape=[256,256,4,1] Vshape=[256,256,4,1] Keff=f16 Veff=q5_1 turbo_kv=1 prefer_native_vec=0 decode=1 dk=1 dv=0 unsafe_vec_after_turbo_v_decode=0 allow_vec=1 kernel=MMA_F16 need_f16_K=0 need_f16_V=1 Knb=[68,544,136,139264] Vnb=[24,768,192,196608] Keff_nb=[2,2048,512,524288] Veff_nb=[24,768,192,196608]
CUDA_FA_ROUTE_ALLOC kernel=MMA_F16 need_f16_K=0 need_f16_V=1 workspace_end_offset=4718592 dst_data=(nil) f16_K=(nil) f16_V=0x400000 f16_end=0x480000
CUDA_FA_ROUTE_PLAN device=0 Q=[256,256,16,1] Kraw=turbo4_tcq Vraw=q5_1 Kshape=[256,256,4,1] Vshape=[256,256,4,1] Keff=f16 Veff=q5_1 turbo_kv=1 prefer_native_vec=0 decode=1 dk=1 dv=0 unsafe_vec_after_turbo_v_decode=0 allow_vec=1 kernel=MMA_F16 need_f16_K=0 need_f16_V=1 Knb=[68,544,136,139264] Vnb=[24,768,192,196608] Keff_nb=[2,2048,512,524288] Veff_nb=[24,768,192,196608]
CUDA_FA_ROUTE_ALLOC kernel=MMA_F16 need_f16_K=0 need_f16_V=1 workspace_end_offset=4718592 dst_data=(nil) f16_K=(nil) f16_V=0x400000 f16_end=0x480000
CUDA_FA_ROUTE_PLAN device=0 Q=[256,256,16,1] Kraw=turbo4_tcq Vraw=q5_1 Kshape=[256,256,4,1] Vshape=[256,256,4,1] Keff=f16 Veff=q5_1 turbo_kv=1 prefer_native_vec=0 decode=1 dk=1 dv=0 unsafe_vec_after_turbo_v_decode=0 allow_vec=1 kernel=MMA_F16 need_f16_K=0 need_f16_V=1 Knb=[68,544,136,139264] Vnb=[24,768,192,196608] Keff_nb=[2,2048,512,524288] Veff_nb=[24,768,192,196608]
CUDA_FA_ROUTE_ALLOC kernel=MMA_F16 need_f16_K=0 need_f16_V=1 workspace_end_offset=4718592 dst_data=(nil) f16_K=(nil) f16_V=0x400000 f16_end=0x480000
CUDA_FA_ROUTE_PLAN device=0 Q=[256,256,16,1] Kraw=turbo4_tcq Vraw=q5_1 Kshape=[256,256,4,1] Vshape=[256,256,4,1] Keff=f16 Veff=q5_1 turbo_kv=1 prefer_native_vec=0 decode=1 dk=1 dv=0 unsafe_vec_after_turbo_v_decode=0 allow_vec=1 kernel=MMA_F16 need_f16_K=0 need_f16_V=1 Knb=[68,544,136,139264] Vnb=[24,768,192,196608] Keff_nb=[2,2048,512,524288] Veff_nb=[24,768,192,196608]
CUDA_FA_ROUTE_ALLOC kernel=MMA_F16 need_f16_K=0 need_f16_V=1 workspace_end_offset=4718592 dst_data=(nil) f16_K=(nil) f16_V=0x400000 f16_end=0x480000
CUDA_FA_ROUTE_PLAN device=0 Q=[256,256,16,1] Kraw=turbo4_tcq Vraw=q5_1 Kshape=[256,256,4,1] Vshape=[256,256,4,1] Keff=f16 Veff=q5_1 turbo_kv=1 prefer_native_vec=0 decode=1 dk=1 dv=0 unsafe_vec_after_turbo_v_decode=0 allow_vec=1 kernel=MMA_F16 need_f16_K=0 need_f16_V=1 Knb=[68,544,136,139264] Vnb=[24,768,192,196608] Keff_nb=[2,2048,512,524288] Veff_nb=[24,768,192,196608]
CUDA_FA_ROUTE_ALLOC kernel=MMA_F16 need_f16_K=0 need_f16_V=1 workspace_end_offset=4718592 dst_data=(nil) f16_K=(nil) f16_V=0x400000 f16_end=0x480000
CUDA_FA_ROUTE_PLAN device=0 Q=[256,256,16,1] Kraw=turbo4_tcq Vraw=q5_1 Kshape=[256,256,4,1] Vshape=[256,256,4,1] Keff=f16 Veff=q5_1 turbo_kv=1 prefer_native_vec=0 decode=1 dk=1 dv=0 unsafe_vec_after_turbo_v_decode=0 allow_vec=1 kernel=MMA_F16 need_f16_K=0 need_f16_V=1 Knb=[68,544,136,139264] Vnb=[24,768,192,196608] Keff_nb=[2,2048,512,524288] Veff_nb=[24,768,192,196608]
CUDA_FA_ROUTE_ALLOC kernel=MMA_F16 need_f16_K=0 need_f16_V=1 workspace_end_offset=4718592 dst_data=(nil) f16_K=(nil) f16_V=0x400000 f16_end=0x480000
CUDA_FA_ROUTE_PLAN device=0 Q=[256,256,16,1] Kraw=turbo4_tcq Vraw=q5_1 Kshape=[256,256,4,1] Vshape=[256,256,4,1] Keff=f16 Veff=q5_1 turbo_kv=1 prefer_native_vec=0 decode=1 dk=1 dv=0 unsafe_vec_after_turbo_v_decode=0 allow_vec=1 kernel=MMA_F16 need_f16_K=0 need_f16_V=1 Knb=[68,544,136,139264] Vnb=[24,768,192,196608] Keff_nb=[2,2048,512,524288] Veff_nb=[24,768,192,196608]
CUDA_FA_ROUTE_ALLOC kernel=MMA_F16 need_f16_K=0 need_f16_V=1 workspace_end_offset=4718592 dst_data=(nil) f16_K=(nil) f16_V=0x400000 f16_end=0x480000
CUDA_FA_ROUTE_PLAN device=0 Q=[256,256,16,1] Kraw=turbo4_tcq Vraw=q5_1 Kshape=[256,256,4,1] Vshape=[256,256,4,1] Keff=f16 Veff=q5_1 turbo_kv=1 prefer_native_vec=0 decode=1 dk=1 dv=0 unsafe_vec_after_turbo_v_decode=0 allow_vec=1 kernel=MMA_F16 need_f16_K=0 need_f16_V=1 Knb=[68,544,136,139264] Vnb=[24,768,192,196608] Keff_nb=[2,2048,512,524288] Veff_nb=[24,768,192,196608]
CUDA_FA_ROUTE_ALLOC kernel=MMA_F16 need_f16_K=0 need_f16_V=1 workspace_end_offset=4718592 dst_data=(nil) f16_K=(nil) f16_V=0x400000 f16_end=0x480000
CUDA_FA_ROUTE_PLAN device=0 Q=[256,256,16,1] Kraw=turbo4_tcq Vraw=q5_1 Kshape=[256,256,4,1] Vshape=[256,256,4,1] Keff=f16 Veff=q5_1 turbo_kv=1 prefer_native_vec=0 decode=1 dk=1 dv=0 unsafe_vec_after_turbo_v_decode=0 allow_vec=1 kernel=MMA_F16 need_f16_K=0 need_f16_V=1 Knb=[68,544,136,139264] Vnb=[24,768,192,196608] Keff_nb=[2,2048,512,524288] Veff_nb=[24,768,192,196608]
CUDA_FA_ROUTE_ALLOC kernel=MMA_F16 need_f16_K=0 need_f16_V=1 workspace_end_offset=4718592 dst_data=(nil) f16_K=(nil) f16_V=0x400000 f16_end=0x480000
CUDA_FA_ROUTE_PLAN device=0 Q=[256,256,16,1] Kraw=turbo4_tcq Vraw=q5_1 Kshape=[256,256,4,1] Vshape=[256,256,4,1] Keff=f16 Veff=q5_1 turbo_kv=1 prefer_native_vec=0 decode=1 dk=1 dv=0 unsafe_vec_after_turbo_v_decode=0 allow_vec=1 kernel=MMA_F16 need_f16_K=0 need_f16_V=1 Knb=[68,544,136,139264] Vnb=[24,768,192,196608] Keff_nb=[2,2048,512,524288] Veff_nb=[24,768,192,196608]
CUDA_FA_ROUTE_ALLOC kernel=MMA_F16 need_f16_K=0 need_f16_V=1 workspace_end_offset=4718592 dst_data=(nil) f16_K=(nil) f16_V=0x400000 f16_end=0x480000
CUDA_FA_ROUTE_PLAN device=0 Q=[256,1,16,1] Kraw=turbo4_tcq Vraw=q5_1 Kshape=[256,256,4,1] Vshape=[256,256,4,1] Keff=f16 Veff=q5_1 turbo_kv=1 prefer_native_vec=0 decode=1 dk=1 dv=0 unsafe_vec_after_turbo_v_decode=0 allow_vec=1 kernel=VEC need_f16_K=0 need_f16_V=0 Knb=[68,544,136,139264] Vnb=[24,768,192,196608] Keff_nb=[2,2048,512,524288] Veff_nb=[24,768,192,196608]
CUDA_FA_ROUTE_PLAN device=0 Q=[256,1,16,1] Kraw=turbo4_tcq Vraw=q5_1 Kshape=[256,256,4,1] Vshape=[256,256,4,1] Keff=f16 Veff=q5_1 turbo_kv=1 prefer_native_vec=0 decode=1 dk=1 dv=0 unsafe_vec_after_turbo_v_decode=0 allow_vec=1 kernel=VEC need_f16_K=0 need_f16_V=0 Knb=[68,544,136,139264] Vnb=[24,768,192,196608] Keff_nb=[2,2048,512,524288] Veff_nb=[24,768,192,196608]
CUDA_FA_ROUTE_PLAN device=0 Q=[256,1,16,1] Kraw=turbo4_tcq Vraw=q5_1 Kshape=[256,256,4,1] Vshape=[256,256,4,1] Keff=f16 Veff=q5_1 turbo_kv=1 prefer_native_vec=0 decode=1 dk=1 dv=0 unsafe_vec_after_turbo_v_decode=0 allow_vec=1 kernel=VEC need_f16_K=0 need_f16_V=0 Knb=[68,544,136,139264] Vnb=[24,768,192,196608] Keff_nb=[2,2048,512,524288] Veff_nb=[24,768,192,196608]
CUDA_FA_ROUTE_PLAN device=0 Q=[256,1,16,1] Kraw=turbo4_tcq Vraw=q5_1 Kshape=[256,256,4,1] Vshape=[256,256,4,1] Keff=f16 Veff=q5_1 turbo_kv=1 prefer_native_vec=0 decode=1 dk=1 dv=0 unsafe_vec_after_turbo_v_decode=0 allow_vec=1 kernel=VEC need_f16_K=0 need_f16_V=0 Knb=[68,544,136,139264] Vnb=[24,768,192,196608] Keff_nb=[2,2048,512,524288] Veff_nb=[24,768,192,196608]
CUDA_FA_ROUTE_PLAN device=0 Q=[256,1,16,1] Kraw=turbo4_tcq Vraw=q5_1 Kshape=[256,256,4,1] Vshape=[256,256,4,1] Keff=f16 Veff=q5_1 turbo_kv=1 prefer_native_vec=0 decode=1 dk=1 dv=0 unsafe_vec_after_turbo_v_decode=0 allow_vec=1 kernel=VEC need_f16_K=0 need_f16_V=0 Knb=[68,544,136,139264] Vnb=[24,768,192,196608] Keff_nb=[2,2048,512,524288] Veff_nb=[24,768,192,196608]
CUDA_FA_ROUTE_PLAN device=0 Q=[256,1,16,1] Kraw=turbo4_tcq Vraw=q5_1 Kshape=[256,256,4,1] Vshape=[256,256,4,1] Keff=f16 Veff=q5_1 turbo_kv=1 prefer_native_vec=0 decode=1 dk=1 dv=0 unsafe_vec_after_turbo_v_decode=0 allow_vec=1 kernel=VEC need_f16_K=0 need_f16_V=0 Knb=[68,544,136,139264] Vnb=[24,768,192,196608] Keff_nb=[2,2048,512,524288] Veff_nb=[24,768,192,196608]
CUDA_FA_ROUTE_PLAN device=0 Q=[256,1,16,1] Kraw=turbo4_tcq Vraw=q5_1 Kshape=[256,256,4,1] Vshape=[256,256,4,1] Keff=f16 Veff=q5_1 turbo_kv=1 prefer_native_vec=0 decode=1 dk=1 dv=0 unsafe_vec_after_turbo_v_decode=0 allow_vec=1 kernel=VEC need_f16_K=0 need_f16_V=0 Knb=[68,544,136,139264] Vnb=[24,768,192,196608] Keff_nb=[2,2048,512,524288] Veff_nb=[24,768,192,196608]
CUDA_FA_ROUTE_PLAN device=0 Q=[256,1,16,1] Kraw=turbo4_tcq Vraw=q5_1 Kshape=[256,256,4,1] Vshape=[256,256,4,1] Keff=f16 Veff=q5_1 turbo_kv=1 prefer_native_vec=0 decode=1 dk=1 dv=0 unsafe_vec_after_turbo_v_decode=0 allow_vec=1 kernel=VEC need_f16_K=0 need_f16_V=0 Knb=[68,544,136,139264] Vnb=[24,768,192,196608] Keff_nb=[2,2048,512,524288] Veff_nb=[24,768,192,196608]
CUDA_FA_ROUTE_PLAN device=0 Q=[256,256,16,1] Kraw=turbo4_tcq Vraw=q5_1 Kshape=[256,256,4,1] Vshape=[256,256,4,1] Keff=f16 Veff=q5_1 turbo_kv=1 prefer_native_vec=0 decode=1 dk=1 dv=0 unsafe_vec_after_turbo_v_decode=0 allow_vec=1 kernel=MMA_F16 need_f16_K=0 need_f16_V=1 Knb=[68,544,136,139264] Vnb=[24,768,192,196608] Keff_nb=[2,2048,512,524288] Veff_nb=[24,768,192,196608]
CUDA_FA_ROUTE_SUPPORTED kernel=MMA_F16 effK=f16 effV=q5_1 supported=1
CUDA_FA_ROUTE_PLAN device=0 Q=[256,256,16,1] Kraw=turbo4_tcq Vraw=q5_1 Kshape=[256,256,4,1] Vshape=[256,256,4,1] Keff=f16 Veff=q5_1 turbo_kv=1 prefer_native_vec=0 decode=1 dk=1 dv=0 unsafe_vec_after_turbo_v_decode=0 allow_vec=1 kernel=MMA_F16 need_f16_K=0 need_f16_V=1 Knb=[68,544,136,139264] Vnb=[24,768,192,196608] Keff_nb=[2,2048,512,524288] Veff_nb=[24,768,192,196608]
CUDA_FA_ROUTE_SUPPORTED kernel=MMA_F16 effK=f16 effV=q5_1 supported=1
CUDA_FA_ROUTE_PLAN device=0 Q=[256,256,16,1] Kraw=turbo4_tcq Vraw=q5_1 Kshape=[256,256,4,1] Vshape=[256,256,4,1] Keff=f16 Veff=q5_1 turbo_kv=1 prefer_native_vec=0 decode=1 dk=1 dv=0 unsafe_vec_after_turbo_v_decode=0 allow_vec=1 kernel=MMA_F16 need_f16_K=0 need_f16_V=1 Knb=[68,544,136,139264] Vnb=[24,768,192,196608] Keff_nb=[2,2048,512,524288] Veff_nb=[24,768,192,196608]
CUDA_FA_ROUTE_SUPPORTED kernel=MMA_F16 effK=f16 effV=q5_1 supported=1
CUDA_FA_ROUTE_PLAN device=0 Q=[256,256,16,1] Kraw=turbo4_tcq Vraw=q5_1 Kshape=[256,256,4,1] Vshape=[256,256,4,1] Keff=f16 Veff=q5_1 turbo_kv=1 prefer_native_vec=0 decode=1 dk=1 dv=0 unsafe_vec_after_turbo_v_decode=0 allow_vec=1 kernel=MMA_F16 need_f16_K=0 need_f16_V=1 Knb=[68,544,136,139264] Vnb=[24,768,192,196608] Keff_nb=[2,2048,512,524288] Veff_nb=[24,768,192,196608]
CUDA_FA_ROUTE_SUPPORTED kernel=MMA_F16 effK=f16 effV=q5_1 supported=1
CUDA_FA_ROUTE_PLAN device=0 Q=[256,256,16,1] Kraw=turbo4_tcq Vraw=q5_1 Kshape=[256,256,4,1] Vshape=[256,256,4,1] Keff=f16 Veff=q5_1 turbo_kv=1 prefer_native_vec=0 decode=1 dk=1 dv=0 unsafe_vec_after_turbo_v_decode=0 allow_vec=1 kernel=MMA_F16 need_f16_K=0 need_f16_V=1 Knb=[68,544,136,139264] Vnb=[24,768,192,196608] Keff_nb=[2,2048,512,524288] Veff_nb=[24,768,192,196608]
CUDA_FA_ROUTE_SUPPORTED kernel=MMA_F16 effK=f16 effV=q5_1 supported=1
CUDA_FA_ROUTE_PLAN device=0 Q=[256,256,16,1] Kraw=turbo4_tcq Vraw=q5_1 Kshape=[256,256,4,1] Vshape=[256,256,4,1] Keff=f16 Veff=q5_1 turbo_kv=1 prefer_native_vec=0 decode=1 dk=1 dv=0 unsafe_vec_after_turbo_v_decode=0 allow_vec=1 kernel=MMA_F16 need_f16_K=0 need_f16_V=1 Knb=[68,544,136,139264] Vnb=[24,768,192,196608] Keff_nb=[2,2048,512,524288] Veff_nb=[24,768,192,196608]
CUDA_FA_ROUTE_SUPPORTED kernel=MMA_F16 effK=f16 effV=q5_1 supported=1
CUDA_FA_ROUTE_PLAN device=0 Q=[256,256,16,1] Kraw=turbo4_tcq Vraw=q5_1 Kshape=[256,256,4,1] Vshape=[256,256,4,1] Keff=f16 Veff=q5_1 turbo_kv=1 prefer_native_vec=0 decode=1 dk=1 dv=0 unsafe_vec_after_turbo_v_decode=0 allow_vec=1 kernel=MMA_F16 need_f16_K=0 need_f16_V=1 Knb=[68,544,136,139264] Vnb=[24,768,192,196608] Keff_nb=[2,2048,512,524288] Veff_nb=[24,768,192,196608]
CUDA_FA_ROUTE_SUPPORTED kernel=MMA_F16 effK=f16 effV=q5_1 supported=1
CUDA_FA_ROUTE_PLAN device=0 Q=[256,256,16,1] Kraw=turbo4_tcq Vraw=q5_1 Kshape=[256,256,4,1] Vshape=[256,256,4,1] Keff=f16 Veff=q5_1 turbo_kv=1 prefer_native_vec=0 decode=1 dk=1 dv=0 unsafe_vec_after_turbo_v_decode=0 allow_vec=1 kernel=MMA_F16 need_f16_K=0 need_f16_V=1 Knb=[68,544,136,139264] Vnb=[24,768,192,196608] Keff_nb=[2,2048,512,524288] Veff_nb=[24,768,192,196608]
CUDA_FA_ROUTE_SUPPORTED kernel=MMA_F16 effK=f16 effV=q5_1 supported=1
CUDA_FA_ROUTE_PLAN device=0 Q=[256,1,16,1] Kraw=turbo4_tcq Vraw=q5_1 Kshape=[256,256,4,1] Vshape=[256,256,4,1] Keff=f16 Veff=q5_1 turbo_kv=1 prefer_native_vec=0 decode=1 dk=1 dv=0 unsafe_vec_after_turbo_v_decode=0 allow_vec=1 kernel=VEC need_f16_K=0 need_f16_V=0 Knb=[68,544,136,139264] Vnb=[24,768,192,196608] Keff_nb=[2,2048,512,524288] Veff_nb=[24,768,192,196608]
CUDA_FA_ROUTE_PLAN device=0 Q=[256,1,16,1] Kraw=turbo4_tcq Vraw=q5_1 Kshape=[256,256,4,1] Vshape=[256,256,4,1] Keff=f16 Veff=q5_1 turbo_kv=1 prefer_native_vec=0 decode=1 dk=1 dv=0 unsafe_vec_after_turbo_v_decode=0 allow_vec=1 kernel=VEC need_f16_K=0 need_f16_V=0 Knb=[68,544,136,139264] Vnb=[24,768,192,196608] Keff_nb=[2,2048,512,524288] Veff_nb=[24,768,192,196608]
CUDA_FA_ROUTE_PLAN device=0 Q=[256,1,16,1] Kraw=turbo4_tcq Vraw=q5_1 Kshape=[256,256,4,1] Vshape=[256,256,4,1] Keff=f16 Veff=q5_1 turbo_kv=1 prefer_native_vec=0 decode=1 dk=1 dv=0 unsafe_vec_after_turbo_v_decode=0 allow_vec=1 kernel=VEC need_f16_K=0 need_f16_V=0 Knb=[68,544,136,139264] Vnb=[24,768,192,196608] Keff_nb=[2,2048,512,524288] Veff_nb=[24,768,192,196608]
CUDA_FA_ROUTE_PLAN device=0 Q=[256,1,16,1] Kraw=turbo4_tcq Vraw=q5_1 Kshape=[256,256,4,1] Vshape=[256,256,4,1] Keff=f16 Veff=q5_1 turbo_kv=1 prefer_native_vec=0 decode=1 dk=1 dv=0 unsafe_vec_after_turbo_v_decode=0 allow_vec=1 kernel=VEC need_f16_K=0 need_f16_V=0 Knb=[68,544,136,139264] Vnb=[24,768,192,196608] Keff_nb=[2,2048,512,524288] Veff_nb=[24,768,192,196608]
CUDA_FA_ROUTE_PLAN device=0 Q=[256,1,16,1] Kraw=turbo4_tcq Vraw=q5_1 Kshape=[256,256,4,1] Vshape=[256,256,4,1] Keff=f16 Veff=q5_1 turbo_kv=1 prefer_native_vec=0 decode=1 dk=1 dv=0 unsafe_vec_after_turbo_v_decode=0 allow_vec=1 kernel=VEC need_f16_K=0 need_f16_V=0 Knb=[68,544,136,139264] Vnb=[24,768,192,196608] Keff_nb=[2,2048,512,524288] Veff_nb=[24,768,192,196608]
CUDA_FA_ROUTE_PLAN device=0 Q=[256,1,16,1] Kraw=turbo4_tcq Vraw=q5_1 Kshape=[256,256,4,1] Vshape=[256,256,4,1] Keff=f16 Veff=q5_1 turbo_kv=1 prefer_native_vec=0 decode=1 dk=1 dv=0 unsafe_vec_after_turbo_v_decode=0 allow_vec=1 kernel=VEC need_f16_K=0 need_f16_V=0 Knb=[68,544,136,139264] Vnb=[24,768,192,196608] Keff_nb=[2,2048,512,524288] Veff_nb=[24,768,192,196608]
CUDA_FA_ROUTE_PLAN device=0 Q=[256,1,16,1] Kraw=turbo4_tcq Vraw=q5_1 Kshape=[256,256,4,1] Vshape=[256,256,4,1] Keff=f16 Veff=q5_1 turbo_kv=1 prefer_native_vec=0 decode=1 dk=1 dv=0 unsafe_vec_after_turbo_v_decode=0 allow_vec=1 kernel=VEC need_f16_K=0 need_f16_V=0 Knb=[68,544,136,139264] Vnb=[24,768,192,196608] Keff_nb=[2,2048,512,524288] Veff_nb=[24,768,192,196608]
CUDA_FA_ROUTE_PLAN device=0 Q=[256,1,16,1] Kraw=turbo4_tcq Vraw=q5_1 Kshape=[256,256,4,1] Vshape=[256,256,4,1] Keff=f16 Veff=q5_1 turbo_kv=1 prefer_native_vec=0 decode=1 dk=1 dv=0 unsafe_vec_after_turbo_v_decode=0 allow_vec=1 kernel=VEC need_f16_K=0 need_f16_V=0 Knb=[68,544,136,139264] Vnb=[24,768,192,196608] Keff_nb=[2,2048,512,524288] Veff_nb=[24,768,192,196608]
CUDA_FA_ROUTE_PLAN device=0 Q=[256,16,16,1] Kraw=turbo4_tcq Vraw=q5_1 Kshape=[256,256,4,1] Vshape=[256,256,4,1] Keff=f16 Veff=q5_1 turbo_kv=1 prefer_native_vec=0 decode=1 dk=1 dv=0 unsafe_vec_after_turbo_v_decode=0 allow_vec=1 kernel=MMA_F16 need_f16_K=0 need_f16_V=1 Knb=[68,544,136,139264] Vnb=[24,768,192,196608] Keff_nb=[2,2048,512,524288] Veff_nb=[24,768,192,196608]
CUDA_FA_ROUTE_SUPPORTED kernel=MMA_F16 effK=f16 effV=q5_1 supported=1
CUDA_FA_ROUTE_PLAN device=0 Q=[256,16,16,1] Kraw=turbo4_tcq Vraw=q5_1 Kshape=[256,256,4,1] Vshape=[256,256,4,1] Keff=f16 Veff=q5_1 turbo_kv=1 prefer_native_vec=0 decode=1 dk=1 dv=0 unsafe_vec_after_turbo_v_decode=0 allow_vec=1 kernel=MMA_F16 need_f16_K=0 need_f16_V=1 Knb=[68,544,136,139264] Vnb=[24,768,192,196608] Keff_nb=[2,2048,512,524288] Veff_nb=[24,768,192,196608]
CUDA_FA_ROUTE_SUPPORTED kernel=MMA_F16 effK=f16 effV=q5_1 supported=1
CUDA_FA_ROUTE_PLAN device=0 Q=[256,16,16,1] Kraw=turbo4_tcq Vraw=q5_1 Kshape=[256,256,4,1] Vshape=[256,256,4,1] Keff=f16 Veff=q5_1 turbo_kv=1 prefer_native_vec=0 decode=1 dk=1 dv=0 unsafe_vec_after_turbo_v_decode=0 allow_vec=1 kernel=MMA_F16 need_f16_K=0 need_f16_V=1 Knb=[68,544,136,139264] Vnb=[24,768,192,196608] Keff_nb=[2,2048,512,524288] Veff_nb=[24,768,192,196608]
CUDA_FA_ROUTE_SUPPORTED kernel=MMA_F16 effK=f16 effV=q5_1 supported=1
CUDA_FA_ROUTE_PLAN device=0 Q=[256,16,16,1] Kraw=turbo4_tcq Vraw=q5_1 Kshape=[256,256,4,1] Vshape=[256,256,4,1] Keff=f16 Veff=q5_1 turbo_kv=1 prefer_native_vec=0 decode=1 dk=1 dv=0 unsafe_vec_after_turbo_v_decode=0 allow_vec=1 kernel=MMA_F16 need_f16_K=0 need_f16_V=1 Knb=[68,544,136,139264] Vnb=[24,768,192,196608] Keff_nb=[2,2048,512,524288] Veff_nb=[24,768,192,196608]
CUDA_FA_ROUTE_SUPPORTED kernel=MMA_F16 effK=f16 effV=q5_1 supported=1
CUDA_FA_ROUTE_PLAN device=0 Q=[256,16,16,1] Kraw=turbo4_tcq Vraw=q5_1 Kshape=[256,256,4,1] Vshape=[256,256,4,1] Keff=f16 Veff=q5_1 turbo_kv=1 prefer_native_vec=0 decode=1 dk=1 dv=0 unsafe_vec_after_turbo_v_decode=0 allow_vec=1 kernel=MMA_F16 need_f16_K=0 need_f16_V=1 Knb=[68,544,136,139264] Vnb=[24,768,192,196608] Keff_nb=[2,2048,512,524288] Veff_nb=[24,768,192,196608]
CUDA_FA_ROUTE_SUPPORTED kernel=MMA_F16 effK=f16 effV=q5_1 supported=1
CUDA_FA_ROUTE_PLAN device=0 Q=[256,16,16,1] Kraw=turbo4_tcq Vraw=q5_1 Kshape=[256,256,4,1] Vshape=[256,256,4,1] Keff=f16 Veff=q5_1 turbo_kv=1 prefer_native_vec=0 decode=1 dk=1 dv=0 unsafe_vec_after_turbo_v_decode=0 allow_vec=1 kernel=MMA_F16 need_f16_K=0 need_f16_V=1 Knb=[68,544,136,139264] Vnb=[24,768,192,196608] Keff_nb=[2,2048,512,524288] Veff_nb=[24,768,192,196608]
CUDA_FA_ROUTE_SUPPORTED kernel=MMA_F16 effK=f16 effV=q5_1 supported=1
CUDA_FA_ROUTE_PLAN device=0 Q=[256,16,16,1] Kraw=turbo4_tcq Vraw=q5_1 Kshape=[256,256,4,1] Vshape=[256,256,4,1] Keff=f16 Veff=q5_1 turbo_kv=1 prefer_native_vec=0 decode=1 dk=1 dv=0 unsafe_vec_after_turbo_v_decode=0 allow_vec=1 kernel=MMA_F16 need_f16_K=0 need_f16_V=1 Knb=[68,544,136,139264] Vnb=[24,768,192,196608] Keff_nb=[2,2048,512,524288] Veff_nb=[24,768,192,196608]
CUDA_FA_ROUTE_SUPPORTED kernel=MMA_F16 effK=f16 effV=q5_1 supported=1
CUDA_FA_ROUTE_PLAN device=0 Q=[256,16,16,1] Kraw=turbo4_tcq Vraw=q5_1 Kshape=[256,256,4,1] Vshape=[256,256,4,1] Keff=f16 Veff=q5_1 turbo_kv=1 prefer_native_vec=0 decode=1 dk=1 dv=0 unsafe_vec_after_turbo_v_decode=0 allow_vec=1 kernel=MMA_F16 need_f16_K=0 need_f16_V=1 Knb=[68,544,136,139264] Vnb=[24,768,192,196608] Keff_nb=[2,2048,512,524288] Veff_nb=[24,768,192,196608]
CUDA_FA_ROUTE_SUPPORTED kernel=MMA_F16 effK=f16 effV=q5_1 supported=1
CUDA_FA_ROUTE_PLAN device=0 Q=[256,1,16,1] Kraw=turbo4_tcq Vraw=q5_1 Kshape=[256,256,4,1] Vshape=[256,256,4,1] Keff=f16 Veff=q5_1 turbo_kv=1 prefer_native_vec=0 decode=1 dk=1 dv=0 unsafe_vec_after_turbo_v_decode=0 allow_vec=1 kernel=VEC need_f16_K=0 need_f16_V=0 Knb=[68,544,136,139264] Vnb=[24,768,192,196608] Keff_nb=[2,2048,512,524288] Veff_nb=[24,768,192,196608]
CUDA_FA_ROUTE_PLAN device=0 Q=[256,1,16,1] Kraw=turbo4_tcq Vraw=q5_1 Kshape=[256,256,4,1] Vshape=[256,256,4,1] Keff=f16 Veff=q5_1 turbo_kv=1 prefer_native_vec=0 decode=1 dk=1 dv=0 unsafe_vec_after_turbo_v_decode=0 allow_vec=1 kernel=VEC need_f16_K=0 need_f16_V=0 Knb=[68,544,136,139264] Vnb=[24,768,192,196608] Keff_nb=[2,2048,512,524288] Veff_nb=[24,768,192,196608]
CUDA_FA_ROUTE_PLAN device=0 Q=[256,1,16,1] Kraw=turbo4_tcq Vraw=q5_1 Kshape=[256,256,4,1] Vshape=[256,256,4,1] Keff=f16 Veff=q5_1 turbo_kv=1 prefer_native_vec=0 decode=1 dk=1 dv=0 unsafe_vec_after_turbo_v_decode=0 allow_vec=1 kernel=VEC need_f16_K=0 need_f16_V=0 Knb=[68,544,136,139264] Vnb=[24,768,192,196608] Keff_nb=[2,2048,512,524288] Veff_nb=[24,768,192,196608]
CUDA_FA_ROUTE_PLAN device=0 Q=[256,1,16,1] Kraw=turbo4_tcq Vraw=q5_1 Kshape=[256,256,4,1] Vshape=[256,256,4,1] Keff=f16 Veff=q5_1 turbo_kv=1 prefer_native_vec=0 decode=1 dk=1 dv=0 unsafe_vec_after_turbo_v_decode=0 allow_vec=1 kernel=VEC need_f16_K=0 need_f16_V=0 Knb=[68,544,136,139264] Vnb=[24,768,192,196608] Keff_nb=[2,2048,512,524288] Veff_nb=[24,768,192,196608]
CUDA_FA_ROUTE_PLAN device=0 Q=[256,1,16,1] Kraw=turbo4_tcq Vraw=q5_1 Kshape=[256,256,4,1] Vshape=[256,256,4,1] Keff=f16 Veff=q5_1 turbo_kv=1 prefer_native_vec=0 decode=1 dk=1 dv=0 unsafe_vec_after_turbo_v_decode=0 allow_vec=1 kernel=VEC need_f16_K=0 need_f16_V=0 Knb=[68,544,136,139264] Vnb=[24,768,192,196608] Keff_nb=[2,2048,512,524288] Veff_nb=[24,768,192,196608]
CUDA_FA_ROUTE_PLAN device=0 Q=[256,1,16,1] Kraw=turbo4_tcq Vraw=q5_1 Kshape=[256,256,4,1] Vshape=[256,256,4,1] Keff=f16 Veff=q5_1 turbo_kv=1 prefer_native_vec=0 decode=1 dk=1 dv=0 unsafe_vec_after_turbo_v_decode=0 allow_vec=1 kernel=VEC need_f16_K=0 need_f16_V=0 Knb=[68,544,136,139264] Vnb=[24,768,192,196608] Keff_nb=[2,2048,512,524288] Veff_nb=[24,768,192,196608]
CUDA_FA_ROUTE_PLAN device=0 Q=[256,1,16,1] Kraw=turbo4_tcq Vraw=q5_1 Kshape=[256,256,4,1] Vshape=[256,256,4,1] Keff=f16 Veff=q5_1 turbo_kv=1 prefer_native_vec=0 decode=1 dk=1 dv=0 unsafe_vec_after_turbo_v_decode=0 allow_vec=1 kernel=VEC need_f16_K=0 need_f16_V=0 Knb=[68,544,136,139264] Vnb=[24,768,192,196608] Keff_nb=[2,2048,512,524288] Veff_nb=[24,768,192,196608]
CUDA_FA_ROUTE_PLAN device=0 Q=[256,1,16,1] Kraw=turbo4_tcq Vraw=q5_1 Kshape=[256,256,4,1] Vshape=[256,256,4,1] Keff=f16 Veff=q5_1 turbo_kv=1 prefer_native_vec=0 decode=1 dk=1 dv=0 unsafe_vec_after_turbo_v_decode=0 allow_vec=1 kernel=VEC need_f16_K=0 need_f16_V=0 Knb=[68,544,136,139264] Vnb=[24,768,192,196608] Keff_nb=[2,2048,512,524288] Veff_nb=[24,768,192,196608]
CUDA_FA_ROUTE_PLAN device=0 Q=[256,256,16,1] Kraw=turbo4_tcq Vraw=q5_1 Kshape=[256,256,4,1] Vshape=[256,256,4,1] Keff=f16 Veff=q5_1 turbo_kv=1 prefer_native_vec=0 decode=1 dk=1 dv=0 unsafe_vec_after_turbo_v_decode=0 allow_vec=1 kernel=MMA_F16 need_f16_K=0 need_f16_V=1 Knb=[68,544,136,139264] Vnb=[24,768,192,196608] Keff_nb=[2,2048,512,524288] Veff_nb=[24,768,192,196608]
CUDA_FA_ROUTE_SUPPORTED kernel=MMA_F16 effK=f16 effV=q5_1 supported=1
CUDA_FA_ROUTE_PLAN device=0 Q=[256,256,16,1] Kraw=turbo4_tcq Vraw=q5_1 Kshape=[256,256,4,1] Vshape=[256,256,4,1] Keff=f16 Veff=q5_1 turbo_kv=1 prefer_native_vec=0 decode=1 dk=1 dv=0 unsafe_vec_after_turbo_v_decode=0 allow_vec=1 kernel=MMA_F16 need_f16_K=0 need_f16_V=1 Knb=[68,544,136,139264] Vnb=[24,768,192,196608] Keff_nb=[2,2048,512,524288] Veff_nb=[24,768,192,196608]
CUDA_FA_ROUTE_SUPPORTED kernel=MMA_F16 effK=f16 effV=q5_1 supported=1
CUDA_FA_ROUTE_PLAN device=0 Q=[256,256,16,1] Kraw=turbo4_tcq Vraw=q5_1 Kshape=[256,256,4,1] Vshape=[256,256,4,1] Keff=f16 Veff=q5_1 turbo_kv=1 prefer_native_vec=0 decode=1 dk=1 dv=0 unsafe_vec_after_turbo_v_decode=0 allow_vec=1 kernel=MMA_F16 need_f16_K=0 need_f16_V=1 Knb=[68,544,136,139264] Vnb=[24,768,192,196608] Keff_nb=[2,2048,512,524288] Veff_nb=[24,768,192,196608]
CUDA_FA_ROUTE_SUPPORTED kernel=MMA_F16 effK=f16 effV=q5_1 supported=1
CUDA_FA_ROUTE_PLAN device=0 Q=[256,256,16,1] Kraw=turbo4_tcq Vraw=q5_1 Kshape=[256,256,4,1] Vshape=[256,256,4,1] Keff=f16 Veff=q5_1 turbo_kv=1 prefer_native_vec=0 decode=1 dk=1 dv=0 unsafe_vec_after_turbo_v_decode=0 allow_vec=1 kernel=MMA_F16 need_f16_K=0 need_f16_V=1 Knb=[68,544,136,139264] Vnb=[24,768,192,196608] Keff_nb=[2,2048,512,524288] Veff_nb=[24,768,192,196608]
CUDA_FA_ROUTE_SUPPORTED kernel=MMA_F16 effK=f16 effV=q5_1 supported=1
CUDA_FA_ROUTE_PLAN device=0 Q=[256,256,16,1] Kraw=turbo4_tcq Vraw=q5_1 Kshape=[256,256,4,1] Vshape=[256,256,4,1] Keff=f16 Veff=q5_1 turbo_kv=1 prefer_native_vec=0 decode=1 dk=1 dv=0 unsafe_vec_after_turbo_v_decode=0 allow_vec=1 kernel=MMA_F16 need_f16_K=0 need_f16_V=1 Knb=[68,544,136,139264] Vnb=[24,768,192,196608] Keff_nb=[2,2048,512,524288] Veff_nb=[24,768,192,196608]
CUDA_FA_ROUTE_SUPPORTED kernel=MMA_F16 effK=f16 effV=q5_1 supported=1
CUDA_FA_ROUTE_PLAN device=0 Q=[256,256,16,1] Kraw=turbo4_tcq Vraw=q5_1 Kshape=[256,256,4,1] Vshape=[256,256,4,1] Keff=f16 Veff=q5_1 turbo_kv=1 prefer_native_vec=0 decode=1 dk=1 dv=0 unsafe_vec_after_turbo_v_decode=0 allow_vec=1 kernel=MMA_F16 need_f16_K=0 need_f16_V=1 Knb=[68,544,136,139264] Vnb=[24,768,192,196608] Keff_nb=[2,2048,512,524288] Veff_nb=[24,768,192,196608]
CUDA_FA_ROUTE_SUPPORTED kernel=MMA_F16 effK=f16 effV=q5_1 supported=1
CUDA_FA_ROUTE_PLAN device=0 Q=[256,256,16,1] Kraw=turbo4_tcq Vraw=q5_1 Kshape=[256,256,4,1] Vshape=[256,256,4,1] Keff=f16 Veff=q5_1 turbo_kv=1 prefer_native_vec=0 decode=1 dk=1 dv=0 unsafe_vec_after_turbo_v_decode=0 allow_vec=1 kernel=MMA_F16 need_f16_K=0 need_f16_V=1 Knb=[68,544,136,139264] Vnb=[24,768,192,196608] Keff_nb=[2,2048,512,524288] Veff_nb=[24,768,192,196608]
CUDA_FA_ROUTE_SUPPORTED kernel=MMA_F16 effK=f16 effV=q5_1 supported=1
CUDA_FA_ROUTE_PLAN device=0 Q=[256,256,16,1] Kraw=turbo4_tcq Vraw=q5_1 Kshape=[256,256,4,1] Vshape=[256,256,4,1] Keff=f16 Veff=q5_1 turbo_kv=1 prefer_native_vec=0 decode=1 dk=1 dv=0 unsafe_vec_after_turbo_v_decode=0 allow_vec=1 kernel=MMA_F16 need_f16_K=0 need_f16_V=1 Knb=[68,544,136,139264] Vnb=[24,768,192,196608] Keff_nb=[2,2048,512,524288] Veff_nb=[24,768,192,196608]
CUDA_FA_ROUTE_SUPPORTED kernel=MMA_F16 effK=f16 effV=q5_1 supported=1
CUDA_FA_ROUTE_PLAN device=0 Q=[256,256,16,1] Kraw=turbo4_tcq Vraw=q5_1 Kshape=[256,256,4,1] Vshape=[256,256,4,1] Keff=f16 Veff=q5_1 turbo_kv=1 prefer_native_vec=0 decode=1 dk=1 dv=0 unsafe_vec_after_turbo_v_decode=0 allow_vec=1 kernel=MMA_F16 need_f16_K=0 need_f16_V=1 Knb=[68,544,136,139264] Vnb=[24,768,192,196608] Keff_nb=[2,2048,512,524288] Veff_nb=[24,768,192,196608]
CUDA_FA_ROUTE_ALLOC kernel=MMA_F16 need_f16_K=0 need_f16_V=1 workspace_end_offset=4718592 dst_data=(nil) f16_K=(nil) f16_V=0x400000 f16_end=0x480000
CUDA_FA_ROUTE_PLAN device=0 Q=[256,256,16,1] Kraw=turbo4_tcq Vraw=q5_1 Kshape=[256,256,4,1] Vshape=[256,256,4,1] Keff=f16 Veff=q5_1 turbo_kv=1 prefer_native_vec=0 decode=1 dk=1 dv=0 unsafe_vec_after_turbo_v_decode=0 allow_vec=1 kernel=MMA_F16 need_f16_K=0 need_f16_V=1 Knb=[68,544,136,139264] Vnb=[24,768,192,196608] Keff_nb=[2,2048,512,524288] Veff_nb=[24,768,192,196608]
CUDA_FA_ROUTE_ALLOC kernel=MMA_F16 need_f16_K=0 need_f16_V=1 workspace_end_offset=4718592 dst_data=(nil) f16_K=(nil) f16_V=0x400000 f16_end=0x480000
CUDA_FA_ROUTE_PLAN device=0 Q=[256,256,16,1] Kraw=turbo4_tcq Vraw=q5_1 Kshape=[256,256,4,1] Vshape=[256,256,4,1] Keff=f16 Veff=q5_1 turbo_kv=1 prefer_native_vec=0 decode=1 dk=1 dv=0 unsafe_vec_after_turbo_v_decode=0 allow_vec=1 kernel=MMA_F16 need_f16_K=0 need_f16_V=1 Knb=[68,544,136,139264] Vnb=[24,768,192,196608] Keff_nb=[2,2048,512,524288] Veff_nb=[24,768,192,196608]
CUDA_FA_ROUTE_ALLOC kernel=MMA_F16 need_f16_K=0 need_f16_V=1 workspace_end_offset=4718592 dst_data=(nil) f16_K=(nil) f16_V=0x400000 f16_end=0x480000
CUDA_FA_ROUTE_PLAN device=0 Q=[256,256,16,1] Kraw=turbo4_tcq Vraw=q5_1 Kshape=[256,256,4,1] Vshape=[256,256,4,1] Keff=f16 Veff=q5_1 turbo_kv=1 prefer_native_vec=0 decode=1 dk=1 dv=0 unsafe_vec_after_turbo_v_decode=0 allow_vec=1 kernel=MMA_F16 need_f16_K=0 need_f16_V=1 Knb=[68,544,136,139264] Vnb=[24,768,192,196608] Keff_nb=[2,2048,512,524288] Veff_nb=[24,768,192,196608]
CUDA_FA_ROUTE_ALLOC kernel=MMA_F16 need_f16_K=0 need_f16_V=1 workspace_end_offset=4718592 dst_data=(nil) f16_K=(nil) f16_V=0x400000 f16_end=0x480000
CUDA_FA_ROUTE_PLAN device=0 Q=[256,256,16,1] Kraw=turbo4_tcq Vraw=q5_1 Kshape=[256,256,4,1] Vshape=[256,256,4,1] Keff=f16 Veff=q5_1 turbo_kv=1 prefer_native_vec=0 decode=1 dk=1 dv=0 unsafe_vec_after_turbo_v_decode=0 allow_vec=1 kernel=MMA_F16 need_f16_K=0 need_f16_V=1 Knb=[68,544,136,139264] Vnb=[24,768,192,196608] Keff_nb=[2,2048,512,524288] Veff_nb=[24,768,192,196608]
CUDA_FA_ROUTE_ALLOC kernel=MMA_F16 need_f16_K=0 need_f16_V=1 workspace_end_offset=4718592 dst_data=(nil) f16_K=(nil) f16_V=0x400000 f16_end=0x480000
CUDA_FA_ROUTE_PLAN device=0 Q=[256,256,16,1] Kraw=turbo4_tcq Vraw=q5_1 Kshape=[256,256,4,1] Vshape=[256,256,4,1] Keff=f16 Veff=q5_1 turbo_kv=1 prefer_native_vec=0 decode=1 dk=1 dv=0 unsafe_vec_after_turbo_v_decode=0 allow_vec=1 kernel=MMA_F16 need_f16_K=0 need_f16_V=1 Knb=[68,544,136,139264] Vnb=[24,768,192,196608] Keff_nb=[2,2048,512,524288] Veff_nb=[24,768,192,196608]
CUDA_FA_ROUTE_ALLOC kernel=MMA_F16 need_f16_K=0 need_f16_V=1 workspace_end_offset=4718592 dst_data=(nil) f16_K=(nil) f16_V=0x400000 f16_end=0x480000
CUDA_FA_ROUTE_PLAN device=0 Q=[256,256,16,1] Kraw=turbo4_tcq Vraw=q5_1 Kshape=[256,256,4,1] Vshape=[256,256,4,1] Keff=f16 Veff=q5_1 turbo_kv=1 prefer_native_vec=0 decode=1 dk=1 dv=0 unsafe_vec_after_turbo_v_decode=0 allow_vec=1 kernel=MMA_F16 need_f16_K=0 need_f16_V=1 Knb=[68,544,136,139264] Vnb=[24,768,192,196608] Keff_nb=[2,2048,512,524288] Veff_nb=[24,768,192,196608]
CUDA_FA_ROUTE_ALLOC kernel=MMA_F16 need_f16_K=0 need_f16_V=1 workspace_end_offset=4718592 dst_data=(nil) f16_K=(nil) f16_V=0x400000 f16_end=0x480000
CUDA_FA_ROUTE_PLAN device=0 Q=[256,256,16,1] Kraw=turbo4_tcq Vraw=q5_1 Kshape=[256,256,4,1] Vshape=[256,256,4,1] Keff=f16 Veff=q5_1 turbo_kv=1 prefer_native_vec=0 decode=1 dk=1 dv=0 unsafe_vec_after_turbo_v_decode=0 allow_vec=1 kernel=MMA_F16 need_f16_K=0 need_f16_V=1 Knb=[68,544,136,139264] Vnb=[24,768,192,196608] Keff_nb=[2,2048,512,524288] Veff_nb=[24,768,192,196608]
CUDA_FA_ROUTE_ALLOC kernel=MMA_F16 need_f16_K=0 need_f16_V=1 workspace_end_offset=4718592 dst_data=(nil) f16_K=(nil) f16_V=0x400000 f16_end=0x480000
CUDA_FA_ROUTE_PLAN device=0 Q=[256,256,16,1] Kraw=turbo4_tcq Vraw=q5_1 Kshape=[256,256,4,1] Vshape=[256,256,4,1] Keff=f16 Veff=q5_1 turbo_kv=1 prefer_native_vec=0 decode=1 dk=1 dv=0 unsafe_vec_after_turbo_v_decode=0 allow_vec=1 kernel=MMA_F16 need_f16_K=0 need_f16_V=1 Knb=[68,544,136,139264] Vnb=[24,768,192,196608] Keff_nb=[2,2048,512,524288] Veff_nb=[24,768,192,196608]
CUDA_FA_ROUTE_ALLOC kernel=MMA_F16 need_f16_K=0 need_f16_V=1 workspace_end_offset=4718592 dst_data=(nil) f16_K=(nil) f16_V=0x400000 f16_end=0x480000
CUDA_FA_ROUTE_PLAN device=0 Q=[256,256,16,1] Kraw=turbo4_tcq Vraw=q5_1 Kshape=[256,256,4,1] Vshape=[256,256,4,1] Keff=f16 Veff=q5_1 turbo_kv=1 prefer_native_vec=0 decode=1 dk=1 dv=0 unsafe_vec_after_turbo_v_decode=0 allow_vec=1 kernel=MMA_F16 need_f16_K=0 need_f16_V=1 Knb=[68,544,136,139264] Vnb=[24,768,192,196608] Keff_nb=[2,2048,512,524288] Veff_nb=[24,768,192,196608]
CUDA_FA_ROUTE_ALLOC kernel=MMA_F16 need_f16_K=0 need_f16_V=1 workspace_end_offset=4718592 dst_data=(nil) f16_K=(nil) f16_V=0x400000 f16_end=0x480000
CUDA_FA_ROUTE_PLAN device=0 Q=[256,256,16,1] Kraw=turbo4_tcq Vraw=q5_1 Kshape=[256,256,4,1] Vshape=[256,256,4,1] Keff=f16 Veff=q5_1 turbo_kv=1 prefer_native_vec=0 decode=1 dk=1 dv=0 unsafe_vec_after_turbo_v_decode=0 allow_vec=1 kernel=MMA_F16 need_f16_K=0 need_f16_V=1 Knb=[68,544,136,139264] Vnb=[24,768,192,196608] Keff_nb=[2,2048,512,524288] Veff_nb=[24,768,192,196608]
CUDA_FA_ROUTE_ALLOC kernel=MMA_F16 need_f16_K=0 need_f16_V=1 workspace_end_offset=4718592 dst_data=(nil) f16_K=(nil) f16_V=0x400000 f16_end=0x480000
CUDA_FA_ROUTE_PLAN device=0 Q=[256,256,16,1] Kraw=turbo4_tcq Vraw=q5_1 Kshape=[256,256,4,1] Vshape=[256,256,4,1] Keff=f16 Veff=q5_1 turbo_kv=1 prefer_native_vec=0 decode=1 dk=1 dv=0 unsafe_vec_after_turbo_v_decode=0 allow_vec=1 kernel=MMA_F16 need_f16_K=0 need_f16_V=1 Knb=[68,544,136,139264] Vnb=[24,768,192,196608] Keff_nb=[2,2048,512,524288] Veff_nb=[24,768,192,196608]
CUDA_FA_ROUTE_ALLOC kernel=MMA_F16 need_f16_K=0 need_f16_V=1 workspace_end_offset=4718592 dst_data=(nil) f16_K=(nil) f16_V=0x400000 f16_end=0x480000
CUDA_FA_ROUTE_PLAN device=0 Q=[256,256,16,1] Kraw=turbo4_tcq Vraw=q5_1 Kshape=[256,256,4,1] Vshape=[256,256,4,1] Keff=f16 Veff=q5_1 turbo_kv=1 prefer_native_vec=0 decode=1 dk=1 dv=0 unsafe_vec_after_turbo_v_decode=0 allow_vec=1 kernel=MMA_F16 need_f16_K=0 need_f16_V=1 Knb=[68,544,136,139264] Vnb=[24,768,192,196608] Keff_nb=[2,2048,512,524288] Veff_nb=[24,768,192,196608]
CUDA_FA_ROUTE_ALLOC kernel=MMA_F16 need_f16_K=0 need_f16_V=1 workspace_end_offset=4718592 dst_data=(nil) f16_K=(nil) f16_V=0x400000 f16_end=0x480000
CUDA_FA_ROUTE_PLAN device=0 Q=[256,256,16,1] Kraw=turbo4_tcq Vraw=q5_1 Kshape=[256,256,4,1] Vshape=[256,256,4,1] Keff=f16 Veff=q5_1 turbo_kv=1 prefer_native_vec=0 decode=1 dk=1 dv=0 unsafe_vec_after_turbo_v_decode=0 allow_vec=1 kernel=MMA_F16 need_f16_K=0 need_f16_V=1 Knb=[68,544,136,139264] Vnb=[24,768,192,196608] Keff_nb=[2,2048,512,524288] Veff_nb=[24,768,192,196608]
CUDA_FA_ROUTE_ALLOC kernel=MMA_F16 need_f16_K=0 need_f16_V=1 workspace_end_offset=4718592 dst_data=(nil) f16_K=(nil) f16_V=0x400000 f16_end=0x480000
CUDA_FA_ROUTE_PLAN device=0 Q=[256,256,16,1] Kraw=turbo4_tcq Vraw=q5_1 Kshape=[256,256,4,1] Vshape=[256,256,4,1] Keff=f16 Veff=q5_1 turbo_kv=1 prefer_native_vec=0 decode=1 dk=1 dv=0 unsafe_vec_after_turbo_v_decode=0 allow_vec=1 kernel=MMA_F16 need_f16_K=0 need_f16_V=1 Knb=[68,544,136,139264] Vnb=[24,768,192,196608] Keff_nb=[2,2048,512,524288] Veff_nb=[24,768,192,196608]
CUDA_FA_ROUTE_ALLOC kernel=MMA_F16 need_f16_K=0 need_f16_V=1 workspace_end_offset=4718592 dst_data=(nil) f16_K=(nil) f16_V=0x400000 f16_end=0x480000
CUDA_FA_ROUTE_PLAN device=0 Q=[256,256,16,1] Kraw=turbo4_tcq Vraw=q5_1 Kshape=[256,256,4,1] Vshape=[256,256,4,1] Keff=f16 Veff=q5_1 turbo_kv=1 prefer_native_vec=0 decode=1 dk=1 dv=0 unsafe_vec_after_turbo_v_decode=0 allow_vec=1 kernel=MMA_F16 need_f16_K=0 need_f16_V=1 Knb=[68,544,136,139264] Vnb=[24,768,192,196608] Keff_nb=[2,2048,512,524288] Veff_nb=[24,768,192,196608]
CUDA_FA_ROUTE_ALLOC kernel=MMA_F16 need_f16_K=0 need_f16_V=1 workspace_end_offset=4718592 dst_data=(nil) f16_K=(nil) f16_V=0x400000 f16_end=0x480000
CUDA_FA_ROUTE_PLAN device=0 Q=[256,256,16,1] Kraw=turbo4_tcq Vraw=q5_1 Kshape=[256,256,4,1] Vshape=[256,256,4,1] Keff=f16 Veff=q5_1 turbo_kv=1 prefer_native_vec=0 decode=1 dk=1 dv=0 unsafe_vec_after_turbo_v_decode=0 allow_vec=1 kernel=MMA_F16 need_f16_K=0 need_f16_V=1 Knb=[68,544,136,139264] Vnb=[24,768,192,196608] Keff_nb=[2,2048,512,524288] Veff_nb=[24,768,192,196608]
CUDA_FA_ROUTE_ALLOC kernel=MMA_F16 need_f16_K=0 need_f16_V=1 workspace_end_offset=4718592 dst_data=(nil) f16_K=(nil) f16_V=0x400000 f16_end=0x480000
CUDA_FA_ROUTE_PLAN device=0 Q=[256,256,16,1] Kraw=turbo4_tcq Vraw=q5_1 Kshape=[256,256,4,1] Vshape=[256,256,4,1] Keff=f16 Veff=q5_1 turbo_kv=1 prefer_native_vec=0 decode=1 dk=1 dv=0 unsafe_vec_after_turbo_v_decode=0 allow_vec=1 kernel=MMA_F16 need_f16_K=0 need_f16_V=1 Knb=[68,544,136,139264] Vnb=[24,768,192,196608] Keff_nb=[2,2048,512,524288] Veff_nb=[24,768,192,196608]
CUDA_FA_ROUTE_ALLOC kernel=MMA_F16 need_f16_K=0 need_f16_V=1 workspace_end_offset=4718592 dst_data=(nil) f16_K=(nil) f16_V=0x400000 f16_end=0x480000
CUDA_FA_ROUTE_PLAN device=0 Q=[256,256,16,1] Kraw=turbo4_tcq Vraw=q5_1 Kshape=[256,256,4,1] Vshape=[256,256,4,1] Keff=f16 Veff=q5_1 turbo_kv=1 prefer_native_vec=0 decode=1 dk=1 dv=0 unsafe_vec_after_turbo_v_decode=0 allow_vec=1 kernel=MMA_F16 need_f16_K=0 need_f16_V=1 Knb=[68,544,136,139264] Vnb=[24,768,192,196608] Keff_nb=[2,2048,512,524288] Veff_nb=[24,768,192,196608]
CUDA_FA_ROUTE_ALLOC kernel=MMA_F16 need_f16_K=0 need_f16_V=1 workspace_end_offset=4718592 dst_data=(nil) f16_K=(nil) f16_V=0x400000 f16_end=0x480000
CUDA_FA_ROUTE_PLAN device=0 Q=[256,256,16,1] Kraw=turbo4_tcq Vraw=q5_1 Kshape=[256,256,4,1] Vshape=[256,256,4,1] Keff=f16 Veff=q5_1 turbo_kv=1 prefer_native_vec=0 decode=1 dk=1 dv=0 unsafe_vec_after_turbo_v_decode=0 allow_vec=1 kernel=MMA_F16 need_f16_K=0 need_f16_V=1 Knb=[68,544,136,139264] Vnb=[24,768,192,196608] Keff_nb=[2,2048,512,524288] Veff_nb=[24,768,192,196608]
CUDA_FA_ROUTE_ALLOC kernel=MMA_F16 need_f16_K=0 need_f16_V=1 workspace_end_offset=4718592 dst_data=(nil) f16_K=(nil) f16_V=0x400000 f16_end=0x480000
CUDA_FA_ROUTE_PLAN device=0 Q=[256,256,16,1] Kraw=turbo4_tcq Vraw=q5_1 Kshape=[256,256,4,1] Vshape=[256,256,4,1] Keff=f16 Veff=q5_1 turbo_kv=1 prefer_native_vec=0 decode=1 dk=1 dv=0 unsafe_vec_after_turbo_v_decode=0 allow_vec=1 kernel=MMA_F16 need_f16_K=0 need_f16_V=1 Knb=[68,544,136,139264] Vnb=[24,768,192,196608] Keff_nb=[2,2048,512,524288] Veff_nb=[24,768,192,196608]
CUDA_FA_ROUTE_ALLOC kernel=MMA_F16 need_f16_K=0 need_f16_V=1 workspace_end_offset=4718592 dst_data=(nil) f16_K=(nil) f16_V=0x400000 f16_end=0x480000
CUDA_FA_ROUTE_PLAN device=0 Q=[256,256,16,1] Kraw=turbo4_tcq Vraw=q5_1 Kshape=[256,256,4,1] Vshape=[256,256,4,1] Keff=f16 Veff=q5_1 turbo_kv=1 prefer_native_vec=0 decode=1 dk=1 dv=0 unsafe_vec_after_turbo_v_decode=0 allow_vec=1 kernel=MMA_F16 need_f16_K=0 need_f16_V=1 Knb=[68,544,136,139264] Vnb=[24,768,192,196608] Keff_nb=[2,2048,512,524288] Veff_nb=[24,768,192,196608]
CUDA_FA_ROUTE_ALLOC kernel=MMA_F16 need_f16_K=0 need_f16_V=1 workspace_end_offset=4718592 dst_data=(nil) f16_K=(nil) f16_V=0x400000 f16_end=0x480000
CUDA_FA_ROUTE_PLAN device=0 Q=[256,256,16,1] Kraw=turbo4_tcq Vraw=q5_1 Kshape=[256,256,4,1] Vshape=[256,256,4,1] Keff=f16 Veff=q5_1 turbo_kv=1 prefer_native_vec=0 decode=1 dk=1 dv=0 unsafe_vec_after_turbo_v_decode=0 allow_vec=1 kernel=MMA_F16 need_f16_K=0 need_f16_V=1 Knb=[68,544,136,139264] Vnb=[24,768,192,196608] Keff_nb=[2,2048,512,524288] Veff_nb=[24,768,192,196608]
CUDA_FA_ROUTE_ALLOC kernel=MMA_F16 need_f16_K=0 need_f16_V=1 workspace_end_offset=4718592 dst_data=(nil) f16_K=(nil) f16_V=0x400000 f16_end=0x480000
CUDA_FA_ROUTE_PLAN device=0 Q=[256,256,16,1] Kraw=turbo4_tcq Vraw=q5_1 Kshape=[256,256,4,1] Vshape=[256,256,4,1] Keff=f16 Veff=q5_1 turbo_kv=1 prefer_native_vec=0 decode=1 dk=1 dv=0 unsafe_vec_after_turbo_v_decode=0 allow_vec=1 kernel=MMA_F16 need_f16_K=0 need_f16_V=1 Knb=[68,544,136,139264] Vnb=[24,768,192,196608] Keff_nb=[2,2048,512,524288] Veff_nb=[24,768,192,196608]
CUDA_FA_ROUTE_ALLOC kernel=MMA_F16 need_f16_K=0 need_f16_V=1 workspace_end_offset=4718592 dst_data=(nil) f16_K=(nil) f16_V=0x400000 f16_end=0x480000
CUDA_FA_ROUTE_PLAN device=0 Q=[256,256,16,1] Kraw=turbo4_tcq Vraw=q5_1 Kshape=[256,256,4,1] Vshape=[256,256,4,1] Keff=f16 Veff=q5_1 turbo_kv=1 prefer_native_vec=0 decode=1 dk=1 dv=0 unsafe_vec_after_turbo_v_decode=0 allow_vec=1 kernel=MMA_F16 need_f16_K=0 need_f16_V=1 Knb=[68,544,136,139264] Vnb=[24,768,192,196608] Keff_nb=[2,2048,512,524288] Veff_nb=[24,768,192,196608]
CUDA_FA_ROUTE_ALLOC kernel=MMA_F16 need_f16_K=0 need_f16_V=1 workspace_end_offset=4718592 dst_data=(nil) f16_K=(nil) f16_V=0x400000 f16_end=0x480000
CUDA_FA_ROUTE_PLAN device=0 Q=[256,256,16,1] Kraw=turbo4_tcq Vraw=q5_1 Kshape=[256,256,4,1] Vshape=[256,256,4,1] Keff=f16 Veff=q5_1 turbo_kv=1 prefer_native_vec=0 decode=1 dk=1 dv=0 unsafe_vec_after_turbo_v_decode=0 allow_vec=1 kernel=MMA_F16 need_f16_K=0 need_f16_V=1 Knb=[68,544,136,139264] Vnb=[24,768,192,196608] Keff_nb=[2,2048,512,524288] Veff_nb=[24,768,192,196608]
CUDA_FA_ROUTE_ALLOC kernel=MMA_F16 need_f16_K=0 need_f16_V=1 workspace_end_offset=4718592 dst_data=(nil) f16_K=(nil) f16_V=0x400000 f16_end=0x480000
CUDA_FA_ROUTE_PLAN device=0 Q=[256,256,16,1] Kraw=turbo4_tcq Vraw=q5_1 Kshape=[256,256,4,1] Vshape=[256,256,4,1] Keff=f16 Veff=q5_1 turbo_kv=1 prefer_native_vec=0 decode=1 dk=1 dv=0 unsafe_vec_after_turbo_v_decode=0 allow_vec=1 kernel=MMA_F16 need_f16_K=0 need_f16_V=1 Knb=[68,544,136,139264] Vnb=[24,768,192,196608] Keff_nb=[2,2048,512,524288] Veff_nb=[24,768,192,196608]
CUDA_FA_ROUTE_ALLOC kernel=MMA_F16 need_f16_K=0 need_f16_V=1 workspace_end_offset=4718592 dst_data=(nil) f16_K=(nil) f16_V=0x400000 f16_end=0x480000
CUDA_FA_ROUTE_PLAN device=0 Q=[256,256,16,1] Kraw=turbo4_tcq Vraw=q5_1 Kshape=[256,256,4,1] Vshape=[256,256,4,1] Keff=f16 Veff=q5_1 turbo_kv=1 prefer_native_vec=0 decode=1 dk=1 dv=0 unsafe_vec_after_turbo_v_decode=0 allow_vec=1 kernel=MMA_F16 need_f16_K=0 need_f16_V=1 Knb=[68,544,136,139264] Vnb=[24,768,192,196608] Keff_nb=[2,2048,512,524288] Veff_nb=[24,768,192,196608]
CUDA_FA_ROUTE_ALLOC kernel=MMA_F16 need_f16_K=0 need_f16_V=1 workspace_end_offset=4718592 dst_data=(nil) f16_K=(nil) f16_V=0x400000 f16_end=0x480000
CUDA_FA_ROUTE_PLAN device=0 Q=[256,256,16,1] Kraw=turbo4_tcq Vraw=q5_1 Kshape=[256,256,4,1] Vshape=[256,256,4,1] Keff=f16 Veff=q5_1 turbo_kv=1 prefer_native_vec=0 decode=1 dk=1 dv=0 unsafe_vec_after_turbo_v_decode=0 allow_vec=1 kernel=MMA_F16 need_f16_K=0 need_f16_V=1 Knb=[68,544,136,139264] Vnb=[24,768,192,196608] Keff_nb=[2,2048,512,524288] Veff_nb=[24,768,192,196608]
CUDA_FA_ROUTE_ALLOC kernel=MMA_F16 need_f16_K=0 need_f16_V=1 workspace_end_offset=4718592 dst_data=(nil) f16_K=(nil) f16_V=0x400000 f16_end=0x480000
CUDA_FA_ROUTE_PLAN device=0 Q=[256,256,16,1] Kraw=turbo4_tcq Vraw=q5_1 Kshape=[256,256,4,1] Vshape=[256,256,4,1] Keff=f16 Veff=q5_1 turbo_kv=1 prefer_native_vec=0 decode=1 dk=1 dv=0 unsafe_vec_after_turbo_v_decode=0 allow_vec=1 kernel=MMA_F16 need_f16_K=0 need_f16_V=1 Knb=[68,544,136,139264] Vnb=[24,768,192,196608] Keff_nb=[2,2048,512,524288] Veff_nb=[24,768,192,196608]
CUDA_FA_ROUTE_ALLOC kernel=MMA_F16 need_f16_K=0 need_f16_V=1 workspace_end_offset=4718592 dst_data=(nil) f16_K=(nil) f16_V=0x400000 f16_end=0x480000
CUDA_FA_ROUTE_PLAN device=0 Q=[256,256,16,1] Kraw=turbo4_tcq Vraw=q5_1 Kshape=[256,256,4,1] Vshape=[256,256,4,1] Keff=f16 Veff=q5_1 turbo_kv=1 prefer_native_vec=0 decode=1 dk=1 dv=0 unsafe_vec_after_turbo_v_decode=0 allow_vec=1 kernel=MMA_F16 need_f16_K=0 need_f16_V=1 Knb=[68,544,136,139264] Vnb=[24,768,192,196608] Keff_nb=[2,2048,512,524288] Veff_nb=[24,768,192,196608]
CUDA_FA_ROUTE_ALLOC kernel=MMA_F16 need_f16_K=0 need_f16_V=1 workspace_end_offset=4718592 dst_data=(nil) f16_K=(nil) f16_V=0x400000 f16_end=0x480000
CUDA_FA_ROUTE_PLAN device=0 Q=[256,256,16,1] Kraw=turbo4_tcq Vraw=q5_1 Kshape=[256,256,4,1] Vshape=[256,256,4,1] Keff=f16 Veff=q5_1 turbo_kv=1 prefer_native_vec=0 decode=1 dk=1 dv=0 unsafe_vec_after_turbo_v_decode=0 allow_vec=1 kernel=MMA_F16 need_f16_K=0 need_f16_V=1 Knb=[68,544,136,139264] Vnb=[24,768,192,196608] Keff_nb=[2,2048,512,524288] Veff_nb=[24,768,192,196608]
CUDA_FA_ROUTE_ALLOC kernel=MMA_F16 need_f16_K=0 need_f16_V=1 workspace_end_offset=4718592 dst_data=(nil) f16_K=(nil) f16_V=0x400000 f16_end=0x480000
CUDA_FA_ROUTE_PLAN device=0 Q=[256,1,16,1] Kraw=turbo4_tcq Vraw=q5_1 Kshape=[256,256,4,1] Vshape=[256,256,4,1] Keff=f16 Veff=q5_1 turbo_kv=1 prefer_native_vec=0 decode=1 dk=1 dv=0 unsafe_vec_after_turbo_v_decode=0 allow_vec=1 kernel=VEC need_f16_K=0 need_f16_V=0 Knb=[68,544,136,139264] Vnb=[24,768,192,196608] Keff_nb=[2,2048,512,524288] Veff_nb=[24,768,192,196608]
CUDA_FA_ROUTE_PLAN device=0 Q=[256,1,16,1] Kraw=turbo4_tcq Vraw=q5_1 Kshape=[256,256,4,1] Vshape=[256,256,4,1] Keff=f16 Veff=q5_1 turbo_kv=1 prefer_native_vec=0 decode=1 dk=1 dv=0 unsafe_vec_after_turbo_v_decode=0 allow_vec=1 kernel=VEC need_f16_K=0 need_f16_V=0 Knb=[68,544,136,139264] Vnb=[24,768,192,196608] Keff_nb=[2,2048,512,524288] Veff_nb=[24,768,192,196608]
CUDA_FA_ROUTE_PLAN device=0 Q=[256,1,16,1] Kraw=turbo4_tcq Vraw=q5_1 Kshape=[256,256,4,1] Vshape=[256,256,4,1] Keff=f16 Veff=q5_1 turbo_kv=1 prefer_native_vec=0 decode=1 dk=1 dv=0 unsafe_vec_after_turbo_v_decode=0 allow_vec=1 kernel=VEC need_f16_K=0 need_f16_V=0 Knb=[68,544,136,139264] Vnb=[24,768,192,196608] Keff_nb=[2,2048,512,524288] Veff_nb=[24,768,192,196608]
CUDA_FA_ROUTE_PLAN device=0 Q=[256,1,16,1] Kraw=turbo4_tcq Vraw=q5_1 Kshape=[256,256,4,1] Vshape=[256,256,4,1] Keff=f16 Veff=q5_1 turbo_kv=1 prefer_native_vec=0 decode=1 dk=1 dv=0 unsafe_vec_after_turbo_v_decode=0 allow_vec=1 kernel=VEC need_f16_K=0 need_f16_V=0 Knb=[68,544,136,139264] Vnb=[24,768,192,196608] Keff_nb=[2,2048,512,524288] Veff_nb=[24,768,192,196608]
CUDA_FA_ROUTE_PLAN device=0 Q=[256,1,16,1] Kraw=turbo4_tcq Vraw=q5_1 Kshape=[256,256,4,1] Vshape=[256,256,4,1] Keff=f16 Veff=q5_1 turbo_kv=1 prefer_native_vec=0 decode=1 dk=1 dv=0 unsafe_vec_after_turbo_v_decode=0 allow_vec=1 kernel=VEC need_f16_K=0 need_f16_V=0 Knb=[68,544,136,139264] Vnb=[24,768,192,196608] Keff_nb=[2,2048,512,524288] Veff_nb=[24,768,192,196608]
CUDA_FA_ROUTE_PLAN device=0 Q=[256,1,16,1] Kraw=turbo4_tcq Vraw=q5_1 Kshape=[256,256,4,1] Vshape=[256,256,4,1] Keff=f16 Veff=q5_1 turbo_kv=1 prefer_native_vec=0 decode=1 dk=1 dv=0 unsafe_vec_after_turbo_v_decode=0 allow_vec=1 kernel=VEC need_f16_K=0 need_f16_V=0 Knb=[68,544,136,139264] Vnb=[24,768,192,196608] Keff_nb=[2,2048,512,524288] Veff_nb=[24,768,192,196608]
CUDA_FA_ROUTE_PLAN device=0 Q=[256,1,16,1] Kraw=turbo4_tcq Vraw=q5_1 Kshape=[256,256,4,1] Vshape=[256,256,4,1] Keff=f16 Veff=q5_1 turbo_kv=1 prefer_native_vec=0 decode=1 dk=1 dv=0 unsafe_vec_after_turbo_v_decode=0 allow_vec=1 kernel=VEC need_f16_K=0 need_f16_V=0 Knb=[68,544,136,139264] Vnb=[24,768,192,196608] Keff_nb=[2,2048,512,524288] Veff_nb=[24,768,192,196608]
CUDA_FA_ROUTE_PLAN device=0 Q=[256,1,16,1] Kraw=turbo4_tcq Vraw=q5_1 Kshape=[256,256,4,1] Vshape=[256,256,4,1] Keff=f16 Veff=q5_1 turbo_kv=1 prefer_native_vec=0 decode=1 dk=1 dv=0 unsafe_vec_after_turbo_v_decode=0 allow_vec=1 kernel=VEC need_f16_K=0 need_f16_V=0 Knb=[68,544,136,139264] Vnb=[24,768,192,196608] Keff_nb=[2,2048,512,524288] Veff_nb=[24,768,192,196608]
CUDA_FA_ROUTE_PLAN device=0 Q=[256,256,16,1] Kraw=turbo4_tcq Vraw=q5_1 Kshape=[256,256,4,1] Vshape=[256,256,4,1] Keff=f16 Veff=q5_1 turbo_kv=1 prefer_native_vec=0 decode=1 dk=1 dv=0 unsafe_vec_after_turbo_v_decode=0 allow_vec=1 kernel=MMA_F16 need_f16_K=0 need_f16_V=1 Knb=[68,544,136,139264] Vnb=[24,768,192,196608] Keff_nb=[2,2048,512,524288] Veff_nb=[24,768,192,196608]
CUDA_FA_ROUTE_SUPPORTED kernel=MMA_F16 effK=f16 effV=q5_1 supported=1
CUDA_FA_ROUTE_PLAN device=0 Q=[256,256,16,1] Kraw=turbo4_tcq Vraw=q5_1 Kshape=[256,256,4,1] Vshape=[256,256,4,1] Keff=f16 Veff=q5_1 turbo_kv=1 prefer_native_vec=0 decode=1 dk=1 dv=0 unsafe_vec_after_turbo_v_decode=0 allow_vec=1 kernel=MMA_F16 need_f16_K=0 need_f16_V=1 Knb=[68,544,136,139264] Vnb=[24,768,192,196608] Keff_nb=[2,2048,512,524288] Veff_nb=[24,768,192,196608]
CUDA_FA_ROUTE_SUPPORTED kernel=MMA_F16 effK=f16 effV=q5_1 supported=1
CUDA_FA_ROUTE_PLAN device=0 Q=[256,256,16,1] Kraw=turbo4_tcq Vraw=q5_1 Kshape=[256,256,4,1] Vshape=[256,256,4,1] Keff=f16 Veff=q5_1 turbo_kv=1 prefer_native_vec=0 decode=1 dk=1 dv=0 unsafe_vec_after_turbo_v_decode=0 allow_vec=1 kernel=MMA_F16 need_f16_K=0 need_f16_V=1 Knb=[68,544,136,139264] Vnb=[24,768,192,196608] Keff_nb=[2,2048,512,524288] Veff_nb=[24,768,192,196608]
CUDA_FA_ROUTE_SUPPORTED kernel=MMA_F16 effK=f16 effV=q5_1 supported=1
CUDA_FA_ROUTE_PLAN device=0 Q=[256,256,16,1] Kraw=turbo4_tcq Vraw=q5_1 Kshape=[256,256,4,1] Vshape=[256,256,4,1] Keff=f16 Veff=q5_1 turbo_kv=1 prefer_native_vec=0 decode=1 dk=1 dv=0 unsafe_vec_after_turbo_v_decode=0 allow_vec=1 kernel=MMA_F16 need_f16_K=0 need_f16_V=1 Knb=[68,544,136,139264] Vnb=[24,768,192,196608] Keff_nb=[2,2048,512,524288] Veff_nb=[24,768,192,196608]
CUDA_FA_ROUTE_SUPPORTED kernel=MMA_F16 effK=f16 effV=q5_1 supported=1
CUDA_FA_ROUTE_PLAN device=0 Q=[256,256,16,1] Kraw=turbo4_tcq Vraw=q5_1 Kshape=[256,256,4,1] Vshape=[256,256,4,1] Keff=f16 Veff=q5_1 turbo_kv=1 prefer_native_vec=0 decode=1 dk=1 dv=0 unsafe_vec_after_turbo_v_decode=0 allow_vec=1 kernel=MMA_F16 need_f16_K=0 need_f16_V=1 Knb=[68,544,136,139264] Vnb=[24,768,192,196608] Keff_nb=[2,2048,512,524288] Veff_nb=[24,768,192,196608]
CUDA_FA_ROUTE_SUPPORTED kernel=MMA_F16 effK=f16 effV=q5_1 supported=1
CUDA_FA_ROUTE_PLAN device=0 Q=[256,256,16,1] Kraw=turbo4_tcq Vraw=q5_1 Kshape=[256,256,4,1] Vshape=[256,256,4,1] Keff=f16 Veff=q5_1 turbo_kv=1 prefer_native_vec=0 decode=1 dk=1 dv=0 unsafe_vec_after_turbo_v_decode=0 allow_vec=1 kernel=MMA_F16 need_f16_K=0 need_f16_V=1 Knb=[68,544,136,139264] Vnb=[24,768,192,196608] Keff_nb=[2,2048,512,524288] Veff_nb=[24,768,192,196608]
CUDA_FA_ROUTE_SUPPORTED kernel=MMA_F16 effK=f16 effV=q5_1 supported=1
CUDA_FA_ROUTE_PLAN device=0 Q=[256,256,16,1] Kraw=turbo4_tcq Vraw=q5_1 Kshape=[256,256,4,1] Vshape=[256,256,4,1] Keff=f16 Veff=q5_1 turbo_kv=1 prefer_native_vec=0 decode=1 dk=1 dv=0 unsafe_vec_after_turbo_v_decode=0 allow_vec=1 kernel=MMA_F16 need_f16_K=0 need_f16_V=1 Knb=[68,544,136,139264] Vnb=[24,768,192,196608] Keff_nb=[2,2048,512,524288] Veff_nb=[24,768,192,196608]
CUDA_FA_ROUTE_SUPPORTED kernel=MMA_F16 effK=f16 effV=q5_1 supported=1
CUDA_FA_ROUTE_PLAN device=0 Q=[256,256,16,1] Kraw=turbo4_tcq Vraw=q5_1 Kshape=[256,256,4,1] Vshape=[256,256,4,1] Keff=f16 Veff=q5_1 turbo_kv=1 prefer_native_vec=0 decode=1 dk=1 dv=0 unsafe_vec_after_turbo_v_decode=0 allow_vec=1 kernel=MMA_F16 need_f16_K=0 need_f16_V=1 Knb=[68,544,136,139264] Vnb=[24,768,192,196608] Keff_nb=[2,2048,512,524288] Veff_nb=[24,768,192,196608]
CUDA_FA_ROUTE_SUPPORTED kernel=MMA_F16 effK=f16 effV=q5_1 supported=1
CUDA_FA_ROUTE_PLAN device=0 Q=[256,1,16,1] Kraw=turbo4_tcq Vraw=q5_1 Kshape=[256,256,4,1] Vshape=[256,256,4,1] Keff=f16 Veff=q5_1 turbo_kv=1 prefer_native_vec=0 decode=1 dk=1 dv=0 unsafe_vec_after_turbo_v_decode=0 allow_vec=1 kernel=VEC need_f16_K=0 need_f16_V=0 Knb=[68,544,136,139264] Vnb=[24,768,192,196608] Keff_nb=[2,2048,512,524288] Veff_nb=[24,768,192,196608]
CUDA_FA_ROUTE_PLAN device=0 Q=[256,1,16,1] Kraw=turbo4_tcq Vraw=q5_1 Kshape=[256,256,4,1] Vshape=[256,256,4,1] Keff=f16 Veff=q5_1 turbo_kv=1 prefer_native_vec=0 decode=1 dk=1 dv=0 unsafe_vec_after_turbo_v_decode=0 allow_vec=1 kernel=VEC need_f16_K=0 need_f16_V=0 Knb=[68,544,136,139264] Vnb=[24,768,192,196608] Keff_nb=[2,2048,512,524288] Veff_nb=[24,768,192,196608]
CUDA_FA_ROUTE_PLAN device=0 Q=[256,1,16,1] Kraw=turbo4_tcq Vraw=q5_1 Kshape=[256,256,4,1] Vshape=[256,256,4,1] Keff=f16 Veff=q5_1 turbo_kv=1 prefer_native_vec=0 decode=1 dk=1 dv=0 unsafe_vec_after_turbo_v_decode=0 allow_vec=1 kernel=VEC need_f16_K=0 need_f16_V=0 Knb=[68,544,136,139264] Vnb=[24,768,192,196608] Keff_nb=[2,2048,512,524288] Veff_nb=[24,768,192,196608]
CUDA_FA_ROUTE_PLAN device=0 Q=[256,1,16,1] Kraw=turbo4_tcq Vraw=q5_1 Kshape=[256,256,4,1] Vshape=[256,256,4,1] Keff=f16 Veff=q5_1 turbo_kv=1 prefer_native_vec=0 decode=1 dk=1 dv=0 unsafe_vec_after_turbo_v_decode=0 allow_vec=1 kernel=VEC need_f16_K=0 need_f16_V=0 Knb=[68,544,136,139264] Vnb=[24,768,192,196608] Keff_nb=[2,2048,512,524288] Veff_nb=[24,768,192,196608]
CUDA_FA_ROUTE_PLAN device=0 Q=[256,1,16,1] Kraw=turbo4_tcq Vraw=q5_1 Kshape=[256,256,4,1] Vshape=[256,256,4,1] Keff=f16 Veff=q5_1 turbo_kv=1 prefer_native_vec=0 decode=1 dk=1 dv=0 unsafe_vec_after_turbo_v_decode=0 allow_vec=1 kernel=VEC need_f16_K=0 need_f16_V=0 Knb=[68,544,136,139264] Vnb=[24,768,192,196608] Keff_nb=[2,2048,512,524288] Veff_nb=[24,768,192,196608]
CUDA_FA_ROUTE_PLAN device=0 Q=[256,1,16,1] Kraw=turbo4_tcq Vraw=q5_1 Kshape=[256,256,4,1] Vshape=[256,256,4,1] Keff=f16 Veff=q5_1 turbo_kv=1 prefer_native_vec=0 decode=1 dk=1 dv=0 unsafe_vec_after_turbo_v_decode=0 allow_vec=1 kernel=VEC need_f16_K=0 need_f16_V=0 Knb=[68,544,136,139264] Vnb=[24,768,192,196608] Keff_nb=[2,2048,512,524288] Veff_nb=[24,768,192,196608]
CUDA_FA_ROUTE_PLAN device=0 Q=[256,1,16,1] Kraw=turbo4_tcq Vraw=q5_1 Kshape=[256,256,4,1] Vshape=[256,256,4,1] Keff=f16 Veff=q5_1 turbo_kv=1 prefer_native_vec=0 decode=1 dk=1 dv=0 unsafe_vec_after_turbo_v_decode=0 allow_vec=1 kernel=VEC need_f16_K=0 need_f16_V=0 Knb=[68,544,136,139264] Vnb=[24,768,192,196608] Keff_nb=[2,2048,512,524288] Veff_nb=[24,768,192,196608]
CUDA_FA_ROUTE_PLAN device=0 Q=[256,1,16,1] Kraw=turbo4_tcq Vraw=q5_1 Kshape=[256,256,4,1] Vshape=[256,256,4,1] Keff=f16 Veff=q5_1 turbo_kv=1 prefer_native_vec=0 decode=1 dk=1 dv=0 unsafe_vec_after_turbo_v_decode=0 allow_vec=1 kernel=VEC need_f16_K=0 need_f16_V=0 Knb=[68,544,136,139264] Vnb=[24,768,192,196608] Keff_nb=[2,2048,512,524288] Veff_nb=[24,768,192,196608]
CUDA_FA_ROUTE_PLAN device=0 Q=[256,16,16,1] Kraw=turbo4_tcq Vraw=q5_1 Kshape=[256,256,4,1] Vshape=[256,256,4,1] Keff=f16 Veff=q5_1 turbo_kv=1 prefer_native_vec=0 decode=1 dk=1 dv=0 unsafe_vec_after_turbo_v_decode=0 allow_vec=1 kernel=MMA_F16 need_f16_K=0 need_f16_V=1 Knb=[68,544,136,139264] Vnb=[24,768,192,196608] Keff_nb=[2,2048,512,524288] Veff_nb=[24,768,192,196608]
CUDA_FA_ROUTE_SUPPORTED kernel=MMA_F16 effK=f16 effV=q5_1 supported=1
CUDA_FA_ROUTE_PLAN device=0 Q=[256,16,16,1] Kraw=turbo4_tcq Vraw=q5_1 Kshape=[256,256,4,1] Vshape=[256,256,4,1] Keff=f16 Veff=q5_1 turbo_kv=1 prefer_native_vec=0 decode=1 dk=1 dv=0 unsafe_vec_after_turbo_v_decode=0 allow_vec=1 kernel=MMA_F16 need_f16_K=0 need_f16_V=1 Knb=[68,544,136,139264] Vnb=[24,768,192,196608] Keff_nb=[2,2048,512,524288] Veff_nb=[24,768,192,196608]
CUDA_FA_ROUTE_SUPPORTED kernel=MMA_F16 effK=f16 effV=q5_1 supported=1
CUDA_FA_ROUTE_PLAN device=0 Q=[256,16,16,1] Kraw=turbo4_tcq Vraw=q5_1 Kshape=[256,256,4,1] Vshape=[256,256,4,1] Keff=f16 Veff=q5_1 turbo_kv=1 prefer_native_vec=0 decode=1 dk=1 dv=0 unsafe_vec_after_turbo_v_decode=0 allow_vec=1 kernel=MMA_F16 need_f16_K=0 need_f16_V=1 Knb=[68,544,136,139264] Vnb=[24,768,192,196608] Keff_nb=[2,2048,512,524288] Veff_nb=[24,768,192,196608]
CUDA_FA_ROUTE_SUPPORTED kernel=MMA_F16 effK=f16 effV=q5_1 supported=1
CUDA_FA_ROUTE_PLAN device=0 Q=[256,16,16,1] Kraw=turbo4_tcq Vraw=q5_1 Kshape=[256,256,4,1] Vshape=[256,256,4,1] Keff=f16 Veff=q5_1 turbo_kv=1 prefer_native_vec=0 decode=1 dk=1 dv=0 unsafe_vec_after_turbo_v_decode=0 allow_vec=1 kernel=MMA_F16 need_f16_K=0 need_f16_V=1 Knb=[68,544,136,139264] Vnb=[24,768,192,196608] Keff_nb=[2,2048,512,524288] Veff_nb=[24,768,192,196608]
CUDA_FA_ROUTE_SUPPORTED kernel=MMA_F16 effK=f16 effV=q5_1 supported=1
CUDA_FA_ROUTE_PLAN device=0 Q=[256,16,16,1] Kraw=turbo4_tcq Vraw=q5_1 Kshape=[256,256,4,1] Vshape=[256,256,4,1] Keff=f16 Veff=q5_1 turbo_kv=1 prefer_native_vec=0 decode=1 dk=1 dv=0 unsafe_vec_after_turbo_v_decode=0 allow_vec=1 kernel=MMA_F16 need_f16_K=0 need_f16_V=1 Knb=[68,544,136,139264] Vnb=[24,768,192,196608] Keff_nb=[2,2048,512,524288] Veff_nb=[24,768,192,196608]
CUDA_FA_ROUTE_SUPPORTED kernel=MMA_F16 effK=f16 effV=q5_1 supported=1
CUDA_FA_ROUTE_PLAN device=0 Q=[256,16,16,1] Kraw=turbo4_tcq Vraw=q5_1 Kshape=[256,256,4,1] Vshape=[256,256,4,1] Keff=f16 Veff=q5_1 turbo_kv=1 prefer_native_vec=0 decode=1 dk=1 dv=0 unsafe_vec_after_turbo_v_decode=0 allow_vec=1 kernel=MMA_F16 need_f16_K=0 need_f16_V=1 Knb=[68,544,136,139264] Vnb=[24,768,192,196608] Keff_nb=[2,2048,512,524288] Veff_nb=[24,768,192,196608]
CUDA_FA_ROUTE_SUPPORTED kernel=MMA_F16 effK=f16 effV=q5_1 supported=1
CUDA_FA_ROUTE_PLAN device=0 Q=[256,16,16,1] Kraw=turbo4_tcq Vraw=q5_1 Kshape=[256,256,4,1] Vshape=[256,256,4,1] Keff=f16 Veff=q5_1 turbo_kv=1 prefer_native_vec=0 decode=1 dk=1 dv=0 unsafe_vec_after_turbo_v_decode=0 allow_vec=1 kernel=MMA_F16 need_f16_K=0 need_f16_V=1 Knb=[68,544,136,139264] Vnb=[24,768,192,196608] Keff_nb=[2,2048,512,524288] Veff_nb=[24,768,192,196608]
CUDA_FA_ROUTE_SUPPORTED kernel=MMA_F16 effK=f16 effV=q5_1 supported=1
CUDA_FA_ROUTE_PLAN device=0 Q=[256,16,16,1] Kraw=turbo4_tcq Vraw=q5_1 Kshape=[256,256,4,1] Vshape=[256,256,4,1] Keff=f16 Veff=q5_1 turbo_kv=1 prefer_native_vec=0 decode=1 dk=1 dv=0 unsafe_vec_after_turbo_v_decode=0 allow_vec=1 kernel=MMA_F16 need_f16_K=0 need_f16_V=1 Knb=[68,544,136,139264] Vnb=[24,768,192,196608] Keff_nb=[2,2048,512,524288] Veff_nb=[24,768,192,196608]
CUDA_FA_ROUTE_SUPPORTED kernel=MMA_F16 effK=f16 effV=q5_1 supported=1
CUDA_FA_ROUTE_PLAN device=0 Q=[256,1,16,1] Kraw=turbo4_tcq Vraw=q5_1 Kshape=[256,256,4,1] Vshape=[256,256,4,1] Keff=f16 Veff=q5_1 turbo_kv=1 prefer_native_vec=0 decode=1 dk=1 dv=0 unsafe_vec_after_turbo_v_decode=0 allow_vec=1 kernel=VEC need_f16_K=0 need_f16_V=0 Knb=[68,544,136,139264] Vnb=[24,768,192,196608] Keff_nb=[2,2048,512,524288] Veff_nb=[24,768,192,196608]
CUDA_FA_ROUTE_PLAN device=0 Q=[256,1,16,1] Kraw=turbo4_tcq Vraw=q5_1 Kshape=[256,256,4,1] Vshape=[256,256,4,1] Keff=f16 Veff=q5_1 turbo_kv=1 prefer_native_vec=0 decode=1 dk=1 dv=0 unsafe_vec_after_turbo_v_decode=0 allow_vec=1 kernel=VEC need_f16_K=0 need_f16_V=0 Knb=[68,544,136,139264] Vnb=[24,768,192,196608] Keff_nb=[2,2048,512,524288] Veff_nb=[24,768,192,196608]
CUDA_FA_ROUTE_PLAN device=0 Q=[256,1,16,1] Kraw=turbo4_tcq Vraw=q5_1 Kshape=[256,256,4,1] Vshape=[256,256,4,1] Keff=f16 Veff=q5_1 turbo_kv=1 prefer_native_vec=0 decode=1 dk=1 dv=0 unsafe_vec_after_turbo_v_decode=0 allow_vec=1 kernel=VEC need_f16_K=0 need_f16_V=0 Knb=[68,544,136,139264] Vnb=[24,768,192,196608] Keff_nb=[2,2048,512,524288] Veff_nb=[24,768,192,196608]
CUDA_FA_ROUTE_PLAN device=0 Q=[256,1,16,1] Kraw=turbo4_tcq Vraw=q5_1 Kshape=[256,256,4,1] Vshape=[256,256,4,1] Keff=f16 Veff=q5_1 turbo_kv=1 prefer_native_vec=0 decode=1 dk=1 dv=0 unsafe_vec_after_turbo_v_decode=0 allow_vec=1 kernel=VEC need_f16_K=0 need_f16_V=0 Knb=[68,544,136,139264] Vnb=[24,768,192,196608] Keff_nb=[2,2048,512,524288] Veff_nb=[24,768,192,196608]
CUDA_FA_ROUTE_PLAN device=0 Q=[256,1,16,1] Kraw=turbo4_tcq Vraw=q5_1 Kshape=[256,256,4,1] Vshape=[256,256,4,1] Keff=f16 Veff=q5_1 turbo_kv=1 prefer_native_vec=0 decode=1 dk=1 dv=0 unsafe_vec_after_turbo_v_decode=0 allow_vec=1 kernel=VEC need_f16_K=0 need_f16_V=0 Knb=[68,544,136,139264] Vnb=[24,768,192,196608] Keff_nb=[2,2048,512,524288] Veff_nb=[24,768,192,196608]
CUDA_FA_ROUTE_PLAN device=0 Q=[256,1,16,1] Kraw=turbo4_tcq Vraw=q5_1 Kshape=[256,256,4,1] Vshape=[256,256,4,1] Keff=f16 Veff=q5_1 turbo_kv=1 prefer_native_vec=0 decode=1 dk=1 dv=0 unsafe_vec_after_turbo_v_decode=0 allow_vec=1 kernel=VEC need_f16_K=0 need_f16_V=0 Knb=[68,544,136,139264] Vnb=[24,768,192,196608] Keff_nb=[2,2048,512,524288] Veff_nb=[24,768,192,196608]
CUDA_FA_ROUTE_PLAN device=0 Q=[256,1,16,1] Kraw=turbo4_tcq Vraw=q5_1 Kshape=[256,256,4,1] Vshape=[256,256,4,1] Keff=f16 Veff=q5_1 turbo_kv=1 prefer_native_vec=0 decode=1 dk=1 dv=0 unsafe_vec_after_turbo_v_decode=0 allow_vec=1 kernel=VEC need_f16_K=0 need_f16_V=0 Knb=[68,544,136,139264] Vnb=[24,768,192,196608] Keff_nb=[2,2048,512,524288] Veff_nb=[24,768,192,196608]
CUDA_FA_ROUTE_PLAN device=0 Q=[256,1,16,1] Kraw=turbo4_tcq Vraw=q5_1 Kshape=[256,256,4,1] Vshape=[256,256,4,1] Keff=f16 Veff=q5_1 turbo_kv=1 prefer_native_vec=0 decode=1 dk=1 dv=0 unsafe_vec_after_turbo_v_decode=0 allow_vec=1 kernel=VEC need_f16_K=0 need_f16_V=0 Knb=[68,544,136,139264] Vnb=[24,768,192,196608] Keff_nb=[2,2048,512,524288] Veff_nb=[24,768,192,196608]
CUDA_FA_ROUTE_PLAN device=0 Q=[256,256,16,1] Kraw=turbo4_tcq Vraw=q5_1 Kshape=[256,256,4,1] Vshape=[256,256,4,1] Keff=f16 Veff=q5_1 turbo_kv=1 prefer_native_vec=0 decode=1 dk=1 dv=0 unsafe_vec_after_turbo_v_decode=0 allow_vec=1 kernel=MMA_F16 need_f16_K=0 need_f16_V=1 Knb=[68,544,136,139264] Vnb=[24,768,192,196608] Keff_nb=[2,2048,512,524288] Veff_nb=[24,768,192,196608]
CUDA_FA_ROUTE_SUPPORTED kernel=MMA_F16 effK=f16 effV=q5_1 supported=1
CUDA_FA_ROUTE_PLAN device=0 Q=[256,256,16,1] Kraw=turbo4_tcq Vraw=q5_1 Kshape=[256,256,4,1] Vshape=[256,256,4,1] Keff=f16 Veff=q5_1 turbo_kv=1 prefer_native_vec=0 decode=1 dk=1 dv=0 unsafe_vec_after_turbo_v_decode=0 allow_vec=1 kernel=MMA_F16 need_f16_K=0 need_f16_V=1 Knb=[68,544,136,139264] Vnb=[24,768,192,196608] Keff_nb=[2,2048,512,524288] Veff_nb=[24,768,192,196608]
CUDA_FA_ROUTE_SUPPORTED kernel=MMA_F16 effK=f16 effV=q5_1 supported=1
CUDA_FA_ROUTE_PLAN device=0 Q=[256,256,16,1] Kraw=turbo4_tcq Vraw=q5_1 Kshape=[256,256,4,1] Vshape=[256,256,4,1] Keff=f16 Veff=q5_1 turbo_kv=1 prefer_native_vec=0 decode=1 dk=1 dv=0 unsafe_vec_after_turbo_v_decode=0 allow_vec=1 kernel=MMA_F16 need_f16_K=0 need_f16_V=1 Knb=[68,544,136,139264] Vnb=[24,768,192,196608] Keff_nb=[2,2048,512,524288] Veff_nb=[24,768,192,196608]
CUDA_FA_ROUTE_SUPPORTED kernel=MMA_F16 effK=f16 effV=q5_1 supported=1
CUDA_FA_ROUTE_PLAN device=0 Q=[256,256,16,1] Kraw=turbo4_tcq Vraw=q5_1 Kshape=[256,256,4,1] Vshape=[256,256,4,1] Keff=f16 Veff=q5_1 turbo_kv=1 prefer_native_vec=0 decode=1 dk=1 dv=0 unsafe_vec_after_turbo_v_decode=0 allow_vec=1 kernel=MMA_F16 need_f16_K=0 need_f16_V=1 Knb=[68,544,136,139264] Vnb=[24,768,192,196608] Keff_nb=[2,2048,512,524288] Veff_nb=[24,768,192,196608]
CUDA_FA_ROUTE_SUPPORTED kernel=MMA_F16 effK=f16 effV=q5_1 supported=1
CUDA_FA_ROUTE_PLAN device=0 Q=[256,256,16,1] Kraw=turbo4_tcq Vraw=q5_1 Kshape=[256,256,4,1] Vshape=[256,256,4,1] Keff=f16 Veff=q5_1 turbo_kv=1 prefer_native_vec=0 decode=1 dk=1 dv=0 unsafe_vec_after_turbo_v_decode=0 allow_vec=1 kernel=MMA_F16 need_f16_K=0 need_f16_V=1 Knb=[68,544,136,139264] Vnb=[24,768,192,196608] Keff_nb=[2,2048,512,524288] Veff_nb=[24,768,192,196608]
CUDA_FA_ROUTE_SUPPORTED kernel=MMA_F16 effK=f16 effV=q5_1 supported=1
CUDA_FA_ROUTE_PLAN device=0 Q=[256,256,16,1] Kraw=turbo4_tcq Vraw=q5_1 Kshape=[256,256,4,1] Vshape=[256,256,4,1] Keff=f16 Veff=q5_1 turbo_kv=1 prefer_native_vec=0 decode=1 dk=1 dv=0 unsafe_vec_after_turbo_v_decode=0 allow_vec=1 kernel=MMA_F16 need_f16_K=0 need_f16_V=1 Knb=[68,544,136,139264] Vnb=[24,768,192,196608] Keff_nb=[2,2048,512,524288] Veff_nb=[24,768,192,196608]
CUDA_FA_ROUTE_SUPPORTED kernel=MMA_F16 effK=f16 effV=q5_1 supported=1
CUDA_FA_ROUTE_PLAN device=0 Q=[256,256,16,1] Kraw=turbo4_tcq Vraw=q5_1 Kshape=[256,256,4,1] Vshape=[256,256,4,1] Keff=f16 Veff=q5_1 turbo_kv=1 prefer_native_vec=0 decode=1 dk=1 dv=0 unsafe_vec_after_turbo_v_decode=0 allow_vec=1 kernel=MMA_F16 need_f16_K=0 need_f16_V=1 Knb=[68,544,136,139264] Vnb=[24,768,192,196608] Keff_nb=[2,2048,512,524288] Veff_nb=[24,768,192,196608]
CUDA_FA_ROUTE_SUPPORTED kernel=MMA_F16 effK=f16 effV=q5_1 supported=1
CUDA_FA_ROUTE_PLAN device=0 Q=[256,256,16,1] Kraw=turbo4_tcq Vraw=q5_1 Kshape=[256,256,4,1] Vshape=[256,256,4,1] Keff=f16 Veff=q5_1 turbo_kv=1 prefer_native_vec=0 decode=1 dk=1 dv=0 unsafe_vec_after_turbo_v_decode=0 allow_vec=1 kernel=MMA_F16 need_f16_K=0 need_f16_V=1 Knb=[68,544,136,139264] Vnb=[24,768,192,196608] Keff_nb=[2,2048,512,524288] Veff_nb=[24,768,192,196608]
CUDA_FA_ROUTE_SUPPORTED kernel=MMA_F16 effK=f16 effV=q5_1 supported=1
CUDA_FA_ROUTE_PLAN device=0 Q=[256,256,16,1] Kraw=turbo4_tcq Vraw=q5_1 Kshape=[256,256,4,1] Vshape=[256,256,4,1] Keff=f16 Veff=q5_1 turbo_kv=1 prefer_native_vec=0 decode=1 dk=1 dv=0 unsafe_vec_after_turbo_v_decode=0 allow_vec=1 kernel=MMA_F16 need_f16_K=0 need_f16_V=1 Knb=[68,544,136,139264] Vnb=[24,768,192,196608] Keff_nb=[2,2048,512,524288] Veff_nb=[24,768,192,196608]
CUDA_FA_ROUTE_ALLOC kernel=MMA_F16 need_f16_K=0 need_f16_V=1 workspace_end_offset=4718592 dst_data=(nil) f16_K=(nil) f16_V=0x400000 f16_end=0x480000
CUDA_FA_ROUTE_PLAN device=0 Q=[256,256,16,1] Kraw=turbo4_tcq Vraw=q5_1 Kshape=[256,256,4,1] Vshape=[256,256,4,1] Keff=f16 Veff=q5_1 turbo_kv=1 prefer_native_vec=0 decode=1 dk=1 dv=0 unsafe_vec_after_turbo_v_decode=0 allow_vec=1 kernel=MMA_F16 need_f16_K=0 need_f16_V=1 Knb=[68,544,136,139264] Vnb=[24,768,192,196608] Keff_nb=[2,2048,512,524288] Veff_nb=[24,768,192,196608]
CUDA_FA_ROUTE_ALLOC kernel=MMA_F16 need_f16_K=0 need_f16_V=1 workspace_end_offset=4718592 dst_data=(nil) f16_K=(nil) f16_V=0x400000 f16_end=0x480000
CUDA_FA_ROUTE_PLAN device=0 Q=[256,256,16,1] Kraw=turbo4_tcq Vraw=q5_1 Kshape=[256,256,4,1] Vshape=[256,256,4,1] Keff=f16 Veff=q5_1 turbo_kv=1 prefer_native_vec=0 decode=1 dk=1 dv=0 unsafe_vec_after_turbo_v_decode=0 allow_vec=1 kernel=MMA_F16 need_f16_K=0 need_f16_V=1 Knb=[68,544,136,139264] Vnb=[24,768,192,196608] Keff_nb=[2,2048,512,524288] Veff_nb=[24,768,192,196608]
CUDA_FA_ROUTE_ALLOC kernel=MMA_F16 need_f16_K=0 need_f16_V=1 workspace_end_offset=4718592 dst_data=(nil) f16_K=(nil) f16_V=0x400000 f16_end=0x480000
CUDA_FA_ROUTE_PLAN device=0 Q=[256,256,16,1] Kraw=turbo4_tcq Vraw=q5_1 Kshape=[256,256,4,1] Vshape=[256,256,4,1] Keff=f16 Veff=q5_1 turbo_kv=1 prefer_native_vec=0 decode=1 dk=1 dv=0 unsafe_vec_after_turbo_v_decode=0 allow_vec=1 kernel=MMA_F16 need_f16_K=0 need_f16_V=1 Knb=[68,544,136,139264] Vnb=[24,768,192,196608] Keff_nb=[2,2048,512,524288] Veff_nb=[24,768,192,196608]
CUDA_FA_ROUTE_ALLOC kernel=MMA_F16 need_f16_K=0 need_f16_V=1 workspace_end_offset=4718592 dst_data=(nil) f16_K=(nil) f16_V=0x400000 f16_end=0x480000
CUDA_FA_ROUTE_PLAN device=0 Q=[256,256,16,1] Kraw=turbo4_tcq Vraw=q5_1 Kshape=[256,256,4,1] Vshape=[256,256,4,1] Keff=f16 Veff=q5_1 turbo_kv=1 prefer_native_vec=0 decode=1 dk=1 dv=0 unsafe_vec_after_turbo_v_decode=0 allow_vec=1 kernel=MMA_F16 need_f16_K=0 need_f16_V=1 Knb=[68,544,136,139264] Vnb=[24,768,192,196608] Keff_nb=[2,2048,512,524288] Veff_nb=[24,768,192,196608]
CUDA_FA_ROUTE_ALLOC kernel=MMA_F16 need_f16_K=0 need_f16_V=1 workspace_end_offset=4718592 dst_data=(nil) f16_K=(nil) f16_V=0x400000 f16_end=0x480000
CUDA_FA_ROUTE_PLAN device=0 Q=[256,256,16,1] Kraw=turbo4_tcq Vraw=q5_1 Kshape=[256,256,4,1] Vshape=[256,256,4,1] Keff=f16 Veff=q5_1 turbo_kv=1 prefer_native_vec=0 decode=1 dk=1 dv=0 unsafe_vec_after_turbo_v_decode=0 allow_vec=1 kernel=MMA_F16 need_f16_K=0 need_f16_V=1 Knb=[68,544,136,139264] Vnb=[24,768,192,196608] Keff_nb=[2,2048,512,524288] Veff_nb=[24,768,192,196608]
CUDA_FA_ROUTE_ALLOC kernel=MMA_F16 need_f16_K=0 need_f16_V=1 workspace_end_offset=4718592 dst_data=(nil) f16_K=(nil) f16_V=0x400000 f16_end=0x480000
CUDA_FA_ROUTE_PLAN device=0 Q=[256,256,16,1] Kraw=turbo4_tcq Vraw=q5_1 Kshape=[256,256,4,1] Vshape=[256,256,4,1] Keff=f16 Veff=q5_1 turbo_kv=1 prefer_native_vec=0 decode=1 dk=1 dv=0 unsafe_vec_after_turbo_v_decode=0 allow_vec=1 kernel=MMA_F16 need_f16_K=0 need_f16_V=1 Knb=[68,544,136,139264] Vnb=[24,768,192,196608] Keff_nb=[2,2048,512,524288] Veff_nb=[24,768,192,196608]
CUDA_FA_ROUTE_ALLOC kernel=MMA_F16 need_f16_K=0 need_f16_V=1 workspace_end_offset=4718592 dst_data=(nil) f16_K=(nil) f16_V=0x400000 f16_end=0x480000
CUDA_FA_ROUTE_PLAN device=0 Q=[256,256,16,1] Kraw=turbo4_tcq Vraw=q5_1 Kshape=[256,256,4,1] Vshape=[256,256,4,1] Keff=f16 Veff=q5_1 turbo_kv=1 prefer_native_vec=0 decode=1 dk=1 dv=0 unsafe_vec_after_turbo_v_decode=0 allow_vec=1 kernel=MMA_F16 need_f16_K=0 need_f16_V=1 Knb=[68,544,136,139264] Vnb=[24,768,192,196608] Keff_nb=[2,2048,512,524288] Veff_nb=[24,768,192,196608]
CUDA_FA_ROUTE_ALLOC kernel=MMA_F16 need_f16_K=0 need_f16_V=1 workspace_end_offset=4718592 dst_data=(nil) f16_K=(nil) f16_V=0x400000 f16_end=0x480000
CUDA_FA_ROUTE_PLAN device=0 Q=[256,256,16,1] Kraw=turbo4_tcq Vraw=q5_1 Kshape=[256,256,4,1] Vshape=[256,256,4,1] Keff=f16 Veff=q5_1 turbo_kv=1 prefer_native_vec=0 decode=1 dk=1 dv=0 unsafe_vec_after_turbo_v_decode=0 allow_vec=1 kernel=MMA_F16 need_f16_K=0 need_f16_V=1 Knb=[68,544,136,139264] Vnb=[24,768,192,196608] Keff_nb=[2,2048,512,524288] Veff_nb=[24,768,192,196608]
CUDA_FA_ROUTE_ALLOC kernel=MMA_F16 need_f16_K=0 need_f16_V=1 workspace_end_offset=4718592 dst_data=(nil) f16_K=(nil) f16_V=0x400000 f16_end=0x480000
CUDA_FA_ROUTE_PLAN device=0 Q=[256,256,16,1] Kraw=turbo4_tcq Vraw=q5_1 Kshape=[256,256,4,1] Vshape=[256,256,4,1] Keff=f16 Veff=q5_1 turbo_kv=1 prefer_native_vec=0 decode=1 dk=1 dv=0 unsafe_vec_after_turbo_v_decode=0 allow_vec=1 kernel=MMA_F16 need_f16_K=0 need_f16_V=1 Knb=[68,544,136,139264] Vnb=[24,768,192,196608] Keff_nb=[2,2048,512,524288] Veff_nb=[24,768,192,196608]
CUDA_FA_ROUTE_ALLOC kernel=MMA_F16 need_f16_K=0 need_f16_V=1 workspace_end_offset=4718592 dst_data=(nil) f16_K=(nil) f16_V=0x400000 f16_end=0x480000
CUDA_FA_ROUTE_PLAN device=0 Q=[256,256,16,1] Kraw=turbo4_tcq Vraw=q5_1 Kshape=[256,256,4,1] Vshape=[256,256,4,1] Keff=f16 Veff=q5_1 turbo_kv=1 prefer_native_vec=0 decode=1 dk=1 dv=0 unsafe_vec_after_turbo_v_decode=0 allow_vec=1 kernel=MMA_F16 need_f16_K=0 need_f16_V=1 Knb=[68,544,136,139264] Vnb=[24,768,192,196608] Keff_nb=[2,2048,512,524288] Veff_nb=[24,768,192,196608]
CUDA_FA_ROUTE_ALLOC kernel=MMA_F16 need_f16_K=0 need_f16_V=1 workspace_end_offset=4718592 dst_data=(nil) f16_K=(nil) f16_V=0x400000 f16_end=0x480000
CUDA_FA_ROUTE_PLAN device=0 Q=[256,256,16,1] Kraw=turbo4_tcq Vraw=q5_1 Kshape=[256,256,4,1] Vshape=[256,256,4,1] Keff=f16 Veff=q5_1 turbo_kv=1 prefer_native_vec=0 decode=1 dk=1 dv=0 unsafe_vec_after_turbo_v_decode=0 allow_vec=1 kernel=MMA_F16 need_f16_K=0 need_f16_V=1 Knb=[68,544,136,139264] Vnb=[24,768,192,196608] Keff_nb=[2,2048,512,524288] Veff_nb=[24,768,192,196608]
CUDA_FA_ROUTE_ALLOC kernel=MMA_F16 need_f16_K=0 need_f16_V=1 workspace_end_offset=4718592 dst_data=(nil) f16_K=(nil) f16_V=0x400000 f16_end=0x480000
CUDA_FA_ROUTE_PLAN device=0 Q=[256,256,16,1] Kraw=turbo4_tcq Vraw=q5_1 Kshape=[256,256,4,1] Vshape=[256,256,4,1] Keff=f16 Veff=q5_1 turbo_kv=1 prefer_native_vec=0 decode=1 dk=1 dv=0 unsafe_vec_after_turbo_v_decode=0 allow_vec=1 kernel=MMA_F16 need_f16_K=0 need_f16_V=1 Knb=[68,544,136,139264] Vnb=[24,768,192,196608] Keff_nb=[2,2048,512,524288] Veff_nb=[24,768,192,196608]
CUDA_FA_ROUTE_ALLOC kernel=MMA_F16 need_f16_K=0 need_f16_V=1 workspace_end_offset=4718592 dst_data=(nil) f16_K=(nil) f16_V=0x400000 f16_end=0x480000
CUDA_FA_ROUTE_PLAN device=0 Q=[256,256,16,1] Kraw=turbo4_tcq Vraw=q5_1 Kshape=[256,256,4,1] Vshape=[256,256,4,1] Keff=f16 Veff=q5_1 turbo_kv=1 prefer_native_vec=0 decode=1 dk=1 dv=0 unsafe_vec_after_turbo_v_decode=0 allow_vec=1 kernel=MMA_F16 need_f16_K=0 need_f16_V=1 Knb=[68,544,136,139264] Vnb=[24,768,192,196608] Keff_nb=[2,2048,512,524288] Veff_nb=[24,768,192,196608]
CUDA_FA_ROUTE_ALLOC kernel=MMA_F16 need_f16_K=0 need_f16_V=1 workspace_end_offset=4718592 dst_data=(nil) f16_K=(nil) f16_V=0x400000 f16_end=0x480000
CUDA_FA_ROUTE_PLAN device=0 Q=[256,256,16,1] Kraw=turbo4_tcq Vraw=q5_1 Kshape=[256,256,4,1] Vshape=[256,256,4,1] Keff=f16 Veff=q5_1 turbo_kv=1 prefer_native_vec=0 decode=1 dk=1 dv=0 unsafe_vec_after_turbo_v_decode=0 allow_vec=1 kernel=MMA_F16 need_f16_K=0 need_f16_V=1 Knb=[68,544,136,139264] Vnb=[24,768,192,196608] Keff_nb=[2,2048,512,524288] Veff_nb=[24,768,192,196608]
CUDA_FA_ROUTE_ALLOC kernel=MMA_F16 need_f16_K=0 need_f16_V=1 workspace_end_offset=4718592 dst_data=(nil) f16_K=(nil) f16_V=0x400000 f16_end=0x480000
CUDA_FA_ROUTE_PLAN device=0 Q=[256,256,16,1] Kraw=turbo4_tcq Vraw=q5_1 Kshape=[256,256,4,1] Vshape=[256,256,4,1] Keff=f16 Veff=q5_1 turbo_kv=1 prefer_native_vec=0 decode=1 dk=1 dv=0 unsafe_vec_after_turbo_v_decode=0 allow_vec=1 kernel=MMA_F16 need_f16_K=0 need_f16_V=1 Knb=[68,544,136,139264] Vnb=[24,768,192,196608] Keff_nb=[2,2048,512,524288] Veff_nb=[24,768,192,196608]
CUDA_FA_ROUTE_ALLOC kernel=MMA_F16 need_f16_K=0 need_f16_V=1 workspace_end_offset=4718592 dst_data=(nil) f16_K=(nil) f16_V=0x400000 f16_end=0x480000
CUDA_FA_ROUTE_PLAN device=0 Q=[256,256,16,1] Kraw=turbo4_tcq Vraw=q5_1 Kshape=[256,256,4,1] Vshape=[256,256,4,1] Keff=f16 Veff=q5_1 turbo_kv=1 prefer_native_vec=0 decode=1 dk=1 dv=0 unsafe_vec_after_turbo_v_decode=0 allow_vec=1 kernel=MMA_F16 need_f16_K=0 need_f16_V=1 Knb=[68,544,136,139264] Vnb=[24,768,192,196608] Keff_nb=[2,2048,512,524288] Veff_nb=[24,768,192,196608]
CUDA_FA_ROUTE_ALLOC kernel=MMA_F16 need_f16_K=0 need_f16_V=1 workspace_end_offset=4718592 dst_data=(nil) f16_K=(nil) f16_V=0x400000 f16_end=0x480000
CUDA_FA_ROUTE_PLAN device=0 Q=[256,256,16,1] Kraw=turbo4_tcq Vraw=q5_1 Kshape=[256,256,4,1] Vshape=[256,256,4,1] Keff=f16 Veff=q5_1 turbo_kv=1 prefer_native_vec=0 decode=1 dk=1 dv=0 unsafe_vec_after_turbo_v_decode=0 allow_vec=1 kernel=MMA_F16 need_f16_K=0 need_f16_V=1 Knb=[68,544,136,139264] Vnb=[24,768,192,196608] Keff_nb=[2,2048,512,524288] Veff_nb=[24,768,192,196608]
CUDA_FA_ROUTE_ALLOC kernel=MMA_F16 need_f16_K=0 need_f16_V=1 workspace_end_offset=4718592 dst_data=(nil) f16_K=(nil) f16_V=0x400000 f16_end=0x480000
CUDA_FA_ROUTE_PLAN device=0 Q=[256,256,16,1] Kraw=turbo4_tcq Vraw=q5_1 Kshape=[256,256,4,1] Vshape=[256,256,4,1] Keff=f16 Veff=q5_1 turbo_kv=1 prefer_native_vec=0 decode=1 dk=1 dv=0 unsafe_vec_after_turbo_v_decode=0 allow_vec=1 kernel=MMA_F16 need_f16_K=0 need_f16_V=1 Knb=[68,544,136,139264] Vnb=[24,768,192,196608] Keff_nb=[2,2048,512,524288] Veff_nb=[24,768,192,196608]
CUDA_FA_ROUTE_ALLOC kernel=MMA_F16 need_f16_K=0 need_f16_V=1 workspace_end_offset=4718592 dst_data=(nil) f16_K=(nil) f16_V=0x400000 f16_end=0x480000
CUDA_FA_ROUTE_PLAN device=0 Q=[256,256,16,1] Kraw=turbo4_tcq Vraw=q5_1 Kshape=[256,256,4,1] Vshape=[256,256,4,1] Keff=f16 Veff=q5_1 turbo_kv=1 prefer_native_vec=0 decode=1 dk=1 dv=0 unsafe_vec_after_turbo_v_decode=0 allow_vec=1 kernel=MMA_F16 need_f16_K=0 need_f16_V=1 Knb=[68,544,136,139264] Vnb=[24,768,192,196608] Keff_nb=[2,2048,512,524288] Veff_nb=[24,768,192,196608]
CUDA_FA_ROUTE_ALLOC kernel=MMA_F16 need_f16_K=0 need_f16_V=1 workspace_end_offset=4718592 dst_data=(nil) f16_K=(nil) f16_V=0x400000 f16_end=0x480000
CUDA_FA_ROUTE_PLAN device=0 Q=[256,256,16,1] Kraw=turbo4_tcq Vraw=q5_1 Kshape=[256,256,4,1] Vshape=[256,256,4,1] Keff=f16 Veff=q5_1 turbo_kv=1 prefer_native_vec=0 decode=1 dk=1 dv=0 unsafe_vec_after_turbo_v_decode=0 allow_vec=1 kernel=MMA_F16 need_f16_K=0 need_f16_V=1 Knb=[68,544,136,139264] Vnb=[24,768,192,196608] Keff_nb=[2,2048,512,524288] Veff_nb=[24,768,192,196608]
CUDA_FA_ROUTE_ALLOC kernel=MMA_F16 need_f16_K=0 need_f16_V=1 workspace_end_offset=4718592 dst_data=(nil) f16_K=(nil) f16_V=0x400000 f16_end=0x480000
CUDA_FA_ROUTE_PLAN device=0 Q=[256,256,16,1] Kraw=turbo4_tcq Vraw=q5_1 Kshape=[256,256,4,1] Vshape=[256,256,4,1] Keff=f16 Veff=q5_1 turbo_kv=1 prefer_native_vec=0 decode=1 dk=1 dv=0 unsafe_vec_after_turbo_v_decode=0 allow_vec=1 kernel=MMA_F16 need_f16_K=0 need_f16_V=1 Knb=[68,544,136,139264] Vnb=[24,768,192,196608] Keff_nb=[2,2048,512,524288] Veff_nb=[24,768,192,196608]
CUDA_FA_ROUTE_ALLOC kernel=MMA_F16 need_f16_K=0 need_f16_V=1 workspace_end_offset=4718592 dst_data=(nil) f16_K=(nil) f16_V=0x400000 f16_end=0x480000
CUDA_FA_ROUTE_PLAN device=0 Q=[256,256,16,1] Kraw=turbo4_tcq Vraw=q5_1 Kshape=[256,256,4,1] Vshape=[256,256,4,1] Keff=f16 Veff=q5_1 turbo_kv=1 prefer_native_vec=0 decode=1 dk=1 dv=0 unsafe_vec_after_turbo_v_decode=0 allow_vec=1 kernel=MMA_F16 need_f16_K=0 need_f16_V=1 Knb=[68,544,136,139264] Vnb=[24,768,192,196608] Keff_nb=[2,2048,512,524288] Veff_nb=[24,768,192,196608]
CUDA_FA_ROUTE_ALLOC kernel=MMA_F16 need_f16_K=0 need_f16_V=1 workspace_end_offset=4718592 dst_data=(nil) f16_K=(nil) f16_V=0x400000 f16_end=0x480000
CUDA_FA_ROUTE_PLAN device=0 Q=[256,256,16,1] Kraw=turbo4_tcq Vraw=q5_1 Kshape=[256,256,4,1] Vshape=[256,256,4,1] Keff=f16 Veff=q5_1 turbo_kv=1 prefer_native_vec=0 decode=1 dk=1 dv=0 unsafe_vec_after_turbo_v_decode=0 allow_vec=1 kernel=MMA_F16 need_f16_K=0 need_f16_V=1 Knb=[68,544,136,139264] Vnb=[24,768,192,196608] Keff_nb=[2,2048,512,524288] Veff_nb=[24,768,192,196608]
CUDA_FA_ROUTE_ALLOC kernel=MMA_F16 need_f16_K=0 need_f16_V=1 workspace_end_offset=4718592 dst_data=(nil) f16_K=(nil) f16_V=0x400000 f16_end=0x480000
CUDA_FA_ROUTE_PLAN device=0 Q=[256,256,16,1] Kraw=turbo4_tcq Vraw=q5_1 Kshape=[256,256,4,1] Vshape=[256,256,4,1] Keff=f16 Veff=q5_1 turbo_kv=1 prefer_native_vec=0 decode=1 dk=1 dv=0 unsafe_vec_after_turbo_v_decode=0 allow_vec=1 kernel=MMA_F16 need_f16_K=0 need_f16_V=1 Knb=[68,544,136,139264] Vnb=[24,768,192,196608] Keff_nb=[2,2048,512,524288] Veff_nb=[24,768,192,196608]
CUDA_FA_ROUTE_ALLOC kernel=MMA_F16 need_f16_K=0 need_f16_V=1 workspace_end_offset=4718592 dst_data=(nil) f16_K=(nil) f16_V=0x400000 f16_end=0x480000
CUDA_FA_ROUTE_PLAN device=0 Q=[256,256,16,1] Kraw=turbo4_tcq Vraw=q5_1 Kshape=[256,256,4,1] Vshape=[256,256,4,1] Keff=f16 Veff=q5_1 turbo_kv=1 prefer_native_vec=0 decode=1 dk=1 dv=0 unsafe_vec_after_turbo_v_decode=0 allow_vec=1 kernel=MMA_F16 need_f16_K=0 need_f16_V=1 Knb=[68,544,136,139264] Vnb=[24,768,192,196608] Keff_nb=[2,2048,512,524288] Veff_nb=[24,768,192,196608]
CUDA_FA_ROUTE_ALLOC kernel=MMA_F16 need_f16_K=0 need_f16_V=1 workspace_end_offset=4718592 dst_data=(nil) f16_K=(nil) f16_V=0x400000 f16_end=0x480000
CUDA_FA_ROUTE_PLAN device=0 Q=[256,256,16,1] Kraw=turbo4_tcq Vraw=q5_1 Kshape=[256,256,4,1] Vshape=[256,256,4,1] Keff=f16 Veff=q5_1 turbo_kv=1 prefer_native_vec=0 decode=1 dk=1 dv=0 unsafe_vec_after_turbo_v_decode=0 allow_vec=1 kernel=MMA_F16 need_f16_K=0 need_f16_V=1 Knb=[68,544,136,139264] Vnb=[24,768,192,196608] Keff_nb=[2,2048,512,524288] Veff_nb=[24,768,192,196608]
CUDA_FA_ROUTE_ALLOC kernel=MMA_F16 need_f16_K=0 need_f16_V=1 workspace_end_offset=4718592 dst_data=(nil) f16_K=(nil) f16_V=0x400000 f16_end=0x480000
CUDA_FA_ROUTE_PLAN device=0 Q=[256,256,16,1] Kraw=turbo4_tcq Vraw=q5_1 Kshape=[256,256,4,1] Vshape=[256,256,4,1] Keff=f16 Veff=q5_1 turbo_kv=1 prefer_native_vec=0 decode=1 dk=1 dv=0 unsafe_vec_after_turbo_v_decode=0 allow_vec=1 kernel=MMA_F16 need_f16_K=0 need_f16_V=1 Knb=[68,544,136,139264] Vnb=[24,768,192,196608] Keff_nb=[2,2048,512,524288] Veff_nb=[24,768,192,196608]
CUDA_FA_ROUTE_ALLOC kernel=MMA_F16 need_f16_K=0 need_f16_V=1 workspace_end_offset=4718592 dst_data=(nil) f16_K=(nil) f16_V=0x400000 f16_end=0x480000
CUDA_FA_ROUTE_PLAN device=0 Q=[256,256,16,1] Kraw=turbo4_tcq Vraw=q5_1 Kshape=[256,256,4,1] Vshape=[256,256,4,1] Keff=f16 Veff=q5_1 turbo_kv=1 prefer_native_vec=0 decode=1 dk=1 dv=0 unsafe_vec_after_turbo_v_decode=0 allow_vec=1 kernel=MMA_F16 need_f16_K=0 need_f16_V=1 Knb=[68,544,136,139264] Vnb=[24,768,192,196608] Keff_nb=[2,2048,512,524288] Veff_nb=[24,768,192,196608]
CUDA_FA_ROUTE_ALLOC kernel=MMA_F16 need_f16_K=0 need_f16_V=1 workspace_end_offset=4718592 dst_data=(nil) f16_K=(nil) f16_V=0x400000 f16_end=0x480000
CUDA_FA_ROUTE_PLAN device=0 Q=[256,256,16,1] Kraw=turbo4_tcq Vraw=q5_1 Kshape=[256,256,4,1] Vshape=[256,256,4,1] Keff=f16 Veff=q5_1 turbo_kv=1 prefer_native_vec=0 decode=1 dk=1 dv=0 unsafe_vec_after_turbo_v_decode=0 allow_vec=1 kernel=MMA_F16 need_f16_K=0 need_f16_V=1 Knb=[68,544,136,139264] Vnb=[24,768,192,196608] Keff_nb=[2,2048,512,524288] Veff_nb=[24,768,192,196608]
CUDA_FA_ROUTE_ALLOC kernel=MMA_F16 need_f16_K=0 need_f16_V=1 workspace_end_offset=4718592 dst_data=(nil) f16_K=(nil) f16_V=0x400000 f16_end=0x480000
CUDA_FA_ROUTE_PLAN device=0 Q=[256,256,16,1] Kraw=turbo4_tcq Vraw=q5_1 Kshape=[256,256,4,1] Vshape=[256,256,4,1] Keff=f16 Veff=q5_1 turbo_kv=1 prefer_native_vec=0 decode=1 dk=1 dv=0 unsafe_vec_after_turbo_v_decode=0 allow_vec=1 kernel=MMA_F16 need_f16_K=0 need_f16_V=1 Knb=[68,544,136,139264] Vnb=[24,768,192,196608] Keff_nb=[2,2048,512,524288] Veff_nb=[24,768,192,196608]
CUDA_FA_ROUTE_ALLOC kernel=MMA_F16 need_f16_K=0 need_f16_V=1 workspace_end_offset=4718592 dst_data=(nil) f16_K=(nil) f16_V=0x400000 f16_end=0x480000
CUDA_FA_ROUTE_PLAN device=0 Q=[256,256,16,1] Kraw=turbo4_tcq Vraw=q5_1 Kshape=[256,256,4,1] Vshape=[256,256,4,1] Keff=f16 Veff=q5_1 turbo_kv=1 prefer_native_vec=0 decode=1 dk=1 dv=0 unsafe_vec_after_turbo_v_decode=0 allow_vec=1 kernel=MMA_F16 need_f16_K=0 need_f16_V=1 Knb=[68,544,136,139264] Vnb=[24,768,192,196608] Keff_nb=[2,2048,512,524288] Veff_nb=[24,768,192,196608]
CUDA_FA_ROUTE_ALLOC kernel=MMA_F16 need_f16_K=0 need_f16_V=1 workspace_end_offset=4718592 dst_data=(nil) f16_K=(nil) f16_V=0x400000 f16_end=0x480000
CUDA_FA_ROUTE_PLAN device=0 Q=[256,1,16,1] Kraw=turbo4_tcq Vraw=q5_1 Kshape=[256,256,4,1] Vshape=[256,256,4,1] Keff=f16 Veff=q5_1 turbo_kv=1 prefer_native_vec=0 decode=1 dk=1 dv=0 unsafe_vec_after_turbo_v_decode=0 allow_vec=1 kernel=VEC need_f16_K=0 need_f16_V=0 Knb=[68,544,136,139264] Vnb=[24,768,192,196608] Keff_nb=[2,2048,512,524288] Veff_nb=[24,768,192,196608]
CUDA_FA_ROUTE_PLAN device=0 Q=[256,1,16,1] Kraw=turbo4_tcq Vraw=q5_1 Kshape=[256,256,4,1] Vshape=[256,256,4,1] Keff=f16 Veff=q5_1 turbo_kv=1 prefer_native_vec=0 decode=1 dk=1 dv=0 unsafe_vec_after_turbo_v_decode=0 allow_vec=1 kernel=VEC need_f16_K=0 need_f16_V=0 Knb=[68,544,136,139264] Vnb=[24,768,192,196608] Keff_nb=[2,2048,512,524288] Veff_nb=[24,768,192,196608]
CUDA_FA_ROUTE_PLAN device=0 Q=[256,1,16,1] Kraw=turbo4_tcq Vraw=q5_1 Kshape=[256,256,4,1] Vshape=[256,256,4,1] Keff=f16 Veff=q5_1 turbo_kv=1 prefer_native_vec=0 decode=1 dk=1 dv=0 unsafe_vec_after_turbo_v_decode=0 allow_vec=1 kernel=VEC need_f16_K=0 need_f16_V=0 Knb=[68,544,136,139264] Vnb=[24,768,192,196608] Keff_nb=[2,2048,512,524288] Veff_nb=[24,768,192,196608]
CUDA_FA_ROUTE_PLAN device=0 Q=[256,1,16,1] Kraw=turbo4_tcq Vraw=q5_1 Kshape=[256,256,4,1] Vshape=[256,256,4,1] Keff=f16 Veff=q5_1 turbo_kv=1 prefer_native_vec=0 decode=1 dk=1 dv=0 unsafe_vec_after_turbo_v_decode=0 allow_vec=1 kernel=VEC need_f16_K=0 need_f16_V=0 Knb=[68,544,136,139264] Vnb=[24,768,192,196608] Keff_nb=[2,2048,512,524288] Veff_nb=[24,768,192,196608]
CUDA_FA_ROUTE_PLAN device=0 Q=[256,1,16,1] Kraw=turbo4_tcq Vraw=q5_1 Kshape=[256,256,4,1] Vshape=[256,256,4,1] Keff=f16 Veff=q5_1 turbo_kv=1 prefer_native_vec=0 decode=1 dk=1 dv=0 unsafe_vec_after_turbo_v_decode=0 allow_vec=1 kernel=VEC need_f16_K=0 need_f16_V=0 Knb=[68,544,136,139264] Vnb=[24,768,192,196608] Keff_nb=[2,2048,512,524288] Veff_nb=[24,768,192,196608]
CUDA_FA_ROUTE_PLAN device=0 Q=[256,1,16,1] Kraw=turbo4_tcq Vraw=q5_1 Kshape=[256,256,4,1] Vshape=[256,256,4,1] Keff=f16 Veff=q5_1 turbo_kv=1 prefer_native_vec=0 decode=1 dk=1 dv=0 unsafe_vec_after_turbo_v_decode=0 allow_vec=1 kernel=VEC need_f16_K=0 need_f16_V=0 Knb=[68,544,136,139264] Vnb=[24,768,192,196608] Keff_nb=[2,2048,512,524288] Veff_nb=[24,768,192,196608]
CUDA_FA_ROUTE_PLAN device=0 Q=[256,1,16,1] Kraw=turbo4_tcq Vraw=q5_1 Kshape=[256,256,4,1] Vshape=[256,256,4,1] Keff=f16 Veff=q5_1 turbo_kv=1 prefer_native_vec=0 decode=1 dk=1 dv=0 unsafe_vec_after_turbo_v_decode=0 allow_vec=1 kernel=VEC need_f16_K=0 need_f16_V=0 Knb=[68,544,136,139264] Vnb=[24,768,192,196608] Keff_nb=[2,2048,512,524288] Veff_nb=[24,768,192,196608]
CUDA_FA_ROUTE_PLAN device=0 Q=[256,1,16,1] Kraw=turbo4_tcq Vraw=q5_1 Kshape=[256,256,4,1] Vshape=[256,256,4,1] Keff=f16 Veff=q5_1 turbo_kv=1 prefer_native_vec=0 decode=1 dk=1 dv=0 unsafe_vec_after_turbo_v_decode=0 allow_vec=1 kernel=VEC need_f16_K=0 need_f16_V=0 Knb=[68,544,136,139264] Vnb=[24,768,192,196608] Keff_nb=[2,2048,512,524288] Veff_nb=[24,768,192,196608]
CUDA_FA_ROUTE_PLAN device=0 Q=[256,256,16,1] Kraw=turbo4_tcq Vraw=q5_1 Kshape=[256,256,4,1] Vshape=[256,256,4,1] Keff=f16 Veff=q5_1 turbo_kv=1 prefer_native_vec=0 decode=1 dk=1 dv=0 unsafe_vec_after_turbo_v_decode=0 allow_vec=1 kernel=MMA_F16 need_f16_K=0 need_f16_V=1 Knb=[68,544,136,139264] Vnb=[24,768,192,196608] Keff_nb=[2,2048,512,524288] Veff_nb=[24,768,192,196608]
CUDA_FA_ROUTE_SUPPORTED kernel=MMA_F16 effK=f16 effV=q5_1 supported=1
CUDA_FA_ROUTE_PLAN device=0 Q=[256,256,16,1] Kraw=turbo4_tcq Vraw=q5_1 Kshape=[256,256,4,1] Vshape=[256,256,4,1] Keff=f16 Veff=q5_1 turbo_kv=1 prefer_native_vec=0 decode=1 dk=1 dv=0 unsafe_vec_after_turbo_v_decode=0 allow_vec=1 kernel=MMA_F16 need_f16_K=0 need_f16_V=1 Knb=[68,544,136,139264] Vnb=[24,768,192,196608] Keff_nb=[2,2048,512,524288] Veff_nb=[24,768,192,196608]
CUDA_FA_ROUTE_SUPPORTED kernel=MMA_F16 effK=f16 effV=q5_1 supported=1
CUDA_FA_ROUTE_PLAN device=0 Q=[256,256,16,1] Kraw=turbo4_tcq Vraw=q5_1 Kshape=[256,256,4,1] Vshape=[256,256,4,1] Keff=f16 Veff=q5_1 turbo_kv=1 prefer_native_vec=0 decode=1 dk=1 dv=0 unsafe_vec_after_turbo_v_decode=0 allow_vec=1 kernel=MMA_F16 need_f16_K=0 need_f16_V=1 Knb=[68,544,136,139264] Vnb=[24,768,192,196608] Keff_nb=[2,2048,512,524288] Veff_nb=[24,768,192,196608]
CUDA_FA_ROUTE_SUPPORTED kernel=MMA_F16 effK=f16 effV=q5_1 supported=1
CUDA_FA_ROUTE_PLAN device=0 Q=[256,256,16,1] Kraw=turbo4_tcq Vraw=q5_1 Kshape=[256,256,4,1] Vshape=[256,256,4,1] Keff=f16 Veff=q5_1 turbo_kv=1 prefer_native_vec=0 decode=1 dk=1 dv=0 unsafe_vec_after_turbo_v_decode=0 allow_vec=1 kernel=MMA_F16 need_f16_K=0 need_f16_V=1 Knb=[68,544,136,139264] Vnb=[24,768,192,196608] Keff_nb=[2,2048,512,524288] Veff_nb=[24,768,192,196608]
CUDA_FA_ROUTE_SUPPORTED kernel=MMA_F16 effK=f16 effV=q5_1 supported=1
CUDA_FA_ROUTE_PLAN device=0 Q=[256,256,16,1] Kraw=turbo4_tcq Vraw=q5_1 Kshape=[256,256,4,1] Vshape=[256,256,4,1] Keff=f16 Veff=q5_1 turbo_kv=1 prefer_native_vec=0 decode=1 dk=1 dv=0 unsafe_vec_after_turbo_v_decode=0 allow_vec=1 kernel=MMA_F16 need_f16_K=0 need_f16_V=1 Knb=[68,544,136,139264] Vnb=[24,768,192,196608] Keff_nb=[2,2048,512,524288] Veff_nb=[24,768,192,196608]
CUDA_FA_ROUTE_SUPPORTED kernel=MMA_F16 effK=f16 effV=q5_1 supported=1
CUDA_FA_ROUTE_PLAN device=0 Q=[256,256,16,1] Kraw=turbo4_tcq Vraw=q5_1 Kshape=[256,256,4,1] Vshape=[256,256,4,1] Keff=f16 Veff=q5_1 turbo_kv=1 prefer_native_vec=0 decode=1 dk=1 dv=0 unsafe_vec_after_turbo_v_decode=0 allow_vec=1 kernel=MMA_F16 need_f16_K=0 need_f16_V=1 Knb=[68,544,136,139264] Vnb=[24,768,192,196608] Keff_nb=[2,2048,512,524288] Veff_nb=[24,768,192,196608]
CUDA_FA_ROUTE_SUPPORTED kernel=MMA_F16 effK=f16 effV=q5_1 supported=1
CUDA_FA_ROUTE_PLAN device=0 Q=[256,256,16,1] Kraw=turbo4_tcq Vraw=q5_1 Kshape=[256,256,4,1] Vshape=[256,256,4,1] Keff=f16 Veff=q5_1 turbo_kv=1 prefer_native_vec=0 decode=1 dk=1 dv=0 unsafe_vec_after_turbo_v_decode=0 allow_vec=1 kernel=MMA_F16 need_f16_K=0 need_f16_V=1 Knb=[68,544,136,139264] Vnb=[24,768,192,196608] Keff_nb=[2,2048,512,524288] Veff_nb=[24,768,192,196608]
CUDA_FA_ROUTE_SUPPORTED kernel=MMA_F16 effK=f16 effV=q5_1 supported=1
CUDA_FA_ROUTE_PLAN device=0 Q=[256,256,16,1] Kraw=turbo4_tcq Vraw=q5_1 Kshape=[256,256,4,1] Vshape=[256,256,4,1] Keff=f16 Veff=q5_1 turbo_kv=1 prefer_native_vec=0 decode=1 dk=1 dv=0 unsafe_vec_after_turbo_v_decode=0 allow_vec=1 kernel=MMA_F16 need_f16_K=0 need_f16_V=1 Knb=[68,544,136,139264] Vnb=[24,768,192,196608] Keff_nb=[2,2048,512,524288] Veff_nb=[24,768,192,196608]
CUDA_FA_ROUTE_SUPPORTED kernel=MMA_F16 effK=f16 effV=q5_1 supported=1
CUDA_FA_ROUTE_PLAN device=0 Q=[256,1,16,1] Kraw=turbo4_tcq Vraw=q5_1 Kshape=[256,256,4,1] Vshape=[256,256,4,1] Keff=f16 Veff=q5_1 turbo_kv=1 prefer_native_vec=0 decode=1 dk=1 dv=0 unsafe_vec_after_turbo_v_decode=0 allow_vec=1 kernel=VEC need_f16_K=0 need_f16_V=0 Knb=[68,544,136,139264] Vnb=[24,768,192,196608] Keff_nb=[2,2048,512,524288] Veff_nb=[24,768,192,196608]
CUDA_FA_ROUTE_PLAN device=0 Q=[256,1,16,1] Kraw=turbo4_tcq Vraw=q5_1 Kshape=[256,256,4,1] Vshape=[256,256,4,1] Keff=f16 Veff=q5_1 turbo_kv=1 prefer_native_vec=0 decode=1 dk=1 dv=0 unsafe_vec_after_turbo_v_decode=0 allow_vec=1 kernel=VEC need_f16_K=0 need_f16_V=0 Knb=[68,544,136,139264] Vnb=[24,768,192,196608] Keff_nb=[2,2048,512,524288] Veff_nb=[24,768,192,196608]
CUDA_FA_ROUTE_PLAN device=0 Q=[256,1,16,1] Kraw=turbo4_tcq Vraw=q5_1 Kshape=[256,256,4,1] Vshape=[256,256,4,1] Keff=f16 Veff=q5_1 turbo_kv=1 prefer_native_vec=0 decode=1 dk=1 dv=0 unsafe_vec_after_turbo_v_decode=0 allow_vec=1 kernel=VEC need_f16_K=0 need_f16_V=0 Knb=[68,544,136,139264] Vnb=[24,768,192,196608] Keff_nb=[2,2048,512,524288] Veff_nb=[24,768,192,196608]
CUDA_FA_ROUTE_PLAN device=0 Q=[256,1,16,1] Kraw=turbo4_tcq Vraw=q5_1 Kshape=[256,256,4,1] Vshape=[256,256,4,1] Keff=f16 Veff=q5_1 turbo_kv=1 prefer_native_vec=0 decode=1 dk=1 dv=0 unsafe_vec_after_turbo_v_decode=0 allow_vec=1 kernel=VEC need_f16_K=0 need_f16_V=0 Knb=[68,544,136,139264] Vnb=[24,768,192,196608] Keff_nb=[2,2048,512,524288] Veff_nb=[24,768,192,196608]
CUDA_FA_ROUTE_PLAN device=0 Q=[256,1,16,1] Kraw=turbo4_tcq Vraw=q5_1 Kshape=[256,256,4,1] Vshape=[256,256,4,1] Keff=f16 Veff=q5_1 turbo_kv=1 prefer_native_vec=0 decode=1 dk=1 dv=0 unsafe_vec_after_turbo_v_decode=0 allow_vec=1 kernel=VEC need_f16_K=0 need_f16_V=0 Knb=[68,544,136,139264] Vnb=[24,768,192,196608] Keff_nb=[2,2048,512,524288] Veff_nb=[24,768,192,196608]
CUDA_FA_ROUTE_PLAN device=0 Q=[256,1,16,1] Kraw=turbo4_tcq Vraw=q5_1 Kshape=[256,256,4,1] Vshape=[256,256,4,1] Keff=f16 Veff=q5_1 turbo_kv=1 prefer_native_vec=0 decode=1 dk=1 dv=0 unsafe_vec_after_turbo_v_decode=0 allow_vec=1 kernel=VEC need_f16_K=0 need_f16_V=0 Knb=[68,544,136,139264] Vnb=[24,768,192,196608] Keff_nb=[2,2048,512,524288] Veff_nb=[24,768,192,196608]
CUDA_FA_ROUTE_PLAN device=0 Q=[256,1,16,1] Kraw=turbo4_tcq Vraw=q5_1 Kshape=[256,256,4,1] Vshape=[256,256,4,1] Keff=f16 Veff=q5_1 turbo_kv=1 prefer_native_vec=0 decode=1 dk=1 dv=0 unsafe_vec_after_turbo_v_decode=0 allow_vec=1 kernel=VEC need_f16_K=0 need_f16_V=0 Knb=[68,544,136,139264] Vnb=[24,768,192,196608] Keff_nb=[2,2048,512,524288] Veff_nb=[24,768,192,196608]
CUDA_FA_ROUTE_PLAN device=0 Q=[256,1,16,1] Kraw=turbo4_tcq Vraw=q5_1 Kshape=[256,256,4,1] Vshape=[256,256,4,1] Keff=f16 Veff=q5_1 turbo_kv=1 prefer_native_vec=0 decode=1 dk=1 dv=0 unsafe_vec_after_turbo_v_decode=0 allow_vec=1 kernel=VEC need_f16_K=0 need_f16_V=0 Knb=[68,544,136,139264] Vnb=[24,768,192,196608] Keff_nb=[2,2048,512,524288] Veff_nb=[24,768,192,196608]
CUDA_FA_ROUTE_PLAN device=0 Q=[256,16,16,1] Kraw=turbo4_tcq Vraw=q5_1 Kshape=[256,256,4,1] Vshape=[256,256,4,1] Keff=f16 Veff=q5_1 turbo_kv=1 prefer_native_vec=0 decode=1 dk=1 dv=0 unsafe_vec_after_turbo_v_decode=0 allow_vec=1 kernel=MMA_F16 need_f16_K=0 need_f16_V=1 Knb=[68,544,136,139264] Vnb=[24,768,192,196608] Keff_nb=[2,2048,512,524288] Veff_nb=[24,768,192,196608]
CUDA_FA_ROUTE_SUPPORTED kernel=MMA_F16 effK=f16 effV=q5_1 supported=1
CUDA_FA_ROUTE_PLAN device=0 Q=[256,16,16,1] Kraw=turbo4_tcq Vraw=q5_1 Kshape=[256,256,4,1] Vshape=[256,256,4,1] Keff=f16 Veff=q5_1 turbo_kv=1 prefer_native_vec=0 decode=1 dk=1 dv=0 unsafe_vec_after_turbo_v_decode=0 allow_vec=1 kernel=MMA_F16 need_f16_K=0 need_f16_V=1 Knb=[68,544,136,139264] Vnb=[24,768,192,196608] Keff_nb=[2,2048,512,524288] Veff_nb=[24,768,192,196608]
CUDA_FA_ROUTE_SUPPORTED kernel=MMA_F16 effK=f16 effV=q5_1 supported=1
CUDA_FA_ROUTE_PLAN device=0 Q=[256,16,16,1] Kraw=turbo4_tcq Vraw=q5_1 Kshape=[256,256,4,1] Vshape=[256,256,4,1] Keff=f16 Veff=q5_1 turbo_kv=1 prefer_native_vec=0 decode=1 dk=1 dv=0 unsafe_vec_after_turbo_v_decode=0 allow_vec=1 kernel=MMA_F16 need_f16_K=0 need_f16_V=1 Knb=[68,544,136,139264] Vnb=[24,768,192,196608] Keff_nb=[2,2048,512,524288] Veff_nb=[24,768,192,196608]
CUDA_FA_ROUTE_SUPPORTED kernel=MMA_F16 effK=f16 effV=q5_1 supported=1
CUDA_FA_ROUTE_PLAN device=0 Q=[256,16,16,1] Kraw=turbo4_tcq Vraw=q5_1 Kshape=[256,256,4,1] Vshape=[256,256,4,1] Keff=f16 Veff=q5_1 turbo_kv=1 prefer_native_vec=0 decode=1 dk=1 dv=0 unsafe_vec_after_turbo_v_decode=0 allow_vec=1 kernel=MMA_F16 need_f16_K=0 need_f16_V=1 Knb=[68,544,136,139264] Vnb=[24,768,192,196608] Keff_nb=[2,2048,512,524288] Veff_nb=[24,768,192,196608]
CUDA_FA_ROUTE_SUPPORTED kernel=MMA_F16 effK=f16 effV=q5_1 supported=1
CUDA_FA_ROUTE_PLAN device=0 Q=[256,16,16,1] Kraw=turbo4_tcq Vraw=q5_1 Kshape=[256,256,4,1] Vshape=[256,256,4,1] Keff=f16 Veff=q5_1 turbo_kv=1 prefer_native_vec=0 decode=1 dk=1 dv=0 unsafe_vec_after_turbo_v_decode=0 allow_vec=1 kernel=MMA_F16 need_f16_K=0 need_f16_V=1 Knb=[68,544,136,139264] Vnb=[24,768,192,196608] Keff_nb=[2,2048,512,524288] Veff_nb=[24,768,192,196608]
CUDA_FA_ROUTE_SUPPORTED kernel=MMA_F16 effK=f16 effV=q5_1 supported=1
CUDA_FA_ROUTE_PLAN device=0 Q=[256,16,16,1] Kraw=turbo4_tcq Vraw=q5_1 Kshape=[256,256,4,1] Vshape=[256,256,4,1] Keff=f16 Veff=q5_1 turbo_kv=1 prefer_native_vec=0 decode=1 dk=1 dv=0 unsafe_vec_after_turbo_v_decode=0 allow_vec=1 kernel=MMA_F16 need_f16_K=0 need_f16_V=1 Knb=[68,544,136,139264] Vnb=[24,768,192,196608] Keff_nb=[2,2048,512,524288] Veff_nb=[24,768,192,196608]
CUDA_FA_ROUTE_SUPPORTED kernel=MMA_F16 effK=f16 effV=q5_1 supported=1
CUDA_FA_ROUTE_PLAN device=0 Q=[256,16,16,1] Kraw=turbo4_tcq Vraw=q5_1 Kshape=[256,256,4,1] Vshape=[256,256,4,1] Keff=f16 Veff=q5_1 turbo_kv=1 prefer_native_vec=0 decode=1 dk=1 dv=0 unsafe_vec_after_turbo_v_decode=0 allow_vec=1 kernel=MMA_F16 need_f16_K=0 need_f16_V=1 Knb=[68,544,136,139264] Vnb=[24,768,192,196608] Keff_nb=[2,2048,512,524288] Veff_nb=[24,768,192,196608]
CUDA_FA_ROUTE_SUPPORTED kernel=MMA_F16 effK=f16 effV=q5_1 supported=1
CUDA_FA_ROUTE_PLAN device=0 Q=[256,16,16,1] Kraw=turbo4_tcq Vraw=q5_1 Kshape=[256,256,4,1] Vshape=[256,256,4,1] Keff=f16 Veff=q5_1 turbo_kv=1 prefer_native_vec=0 decode=1 dk=1 dv=0 unsafe_vec_after_turbo_v_decode=0 allow_vec=1 kernel=MMA_F16 need_f16_K=0 need_f16_V=1 Knb=[68,544,136,139264] Vnb=[24,768,192,196608] Keff_nb=[2,2048,512,524288] Veff_nb=[24,768,192,196608]
CUDA_FA_ROUTE_SUPPORTED kernel=MMA_F16 effK=f16 effV=q5_1 supported=1
CUDA_FA_ROUTE_PLAN device=0 Q=[256,1,16,1] Kraw=turbo4_tcq Vraw=q5_1 Kshape=[256,256,4,1] Vshape=[256,256,4,1] Keff=f16 Veff=q5_1 turbo_kv=1 prefer_native_vec=0 decode=1 dk=1 dv=0 unsafe_vec_after_turbo_v_decode=0 allow_vec=1 kernel=VEC need_f16_K=0 need_f16_V=0 Knb=[68,544,136,139264] Vnb=[24,768,192,196608] Keff_nb=[2,2048,512,524288] Veff_nb=[24,768,192,196608]
CUDA_FA_ROUTE_PLAN device=0 Q=[256,1,16,1] Kraw=turbo4_tcq Vraw=q5_1 Kshape=[256,256,4,1] Vshape=[256,256,4,1] Keff=f16 Veff=q5_1 turbo_kv=1 prefer_native_vec=0 decode=1 dk=1 dv=0 unsafe_vec_after_turbo_v_decode=0 allow_vec=1 kernel=VEC need_f16_K=0 need_f16_V=0 Knb=[68,544,136,139264] Vnb=[24,768,192,196608] Keff_nb=[2,2048,512,524288] Veff_nb=[24,768,192,196608]
CUDA_FA_ROUTE_PLAN device=0 Q=[256,1,16,1] Kraw=turbo4_tcq Vraw=q5_1 Kshape=[256,256,4,1] Vshape=[256,256,4,1] Keff=f16 Veff=q5_1 turbo_kv=1 prefer_native_vec=0 decode=1 dk=1 dv=0 unsafe_vec_after_turbo_v_decode=0 allow_vec=1 kernel=VEC need_f16_K=0 need_f16_V=0 Knb=[68,544,136,139264] Vnb=[24,768,192,196608] Keff_nb=[2,2048,512,524288] Veff_nb=[24,768,192,196608]
CUDA_FA_ROUTE_PLAN device=0 Q=[256,1,16,1] Kraw=turbo4_tcq Vraw=q5_1 Kshape=[256,256,4,1] Vshape=[256,256,4,1] Keff=f16 Veff=q5_1 turbo_kv=1 prefer_native_vec=0 decode=1 dk=1 dv=0 unsafe_vec_after_turbo_v_decode=0 allow_vec=1 kernel=VEC need_f16_K=0 need_f16_V=0 Knb=[68,544,136,139264] Vnb=[24,768,192,196608] Keff_nb=[2,2048,512,524288] Veff_nb=[24,768,192,196608]
CUDA_FA_ROUTE_PLAN device=0 Q=[256,1,16,1] Kraw=turbo4_tcq Vraw=q5_1 Kshape=[256,256,4,1] Vshape=[256,256,4,1] Keff=f16 Veff=q5_1 turbo_kv=1 prefer_native_vec=0 decode=1 dk=1 dv=0 unsafe_vec_after_turbo_v_decode=0 allow_vec=1 kernel=VEC need_f16_K=0 need_f16_V=0 Knb=[68,544,136,139264] Vnb=[24,768,192,196608] Keff_nb=[2,2048,512,524288] Veff_nb=[24,768,192,196608]
CUDA_FA_ROUTE_PLAN device=0 Q=[256,1,16,1] Kraw=turbo4_tcq Vraw=q5_1 Kshape=[256,256,4,1] Vshape=[256,256,4,1] Keff=f16 Veff=q5_1 turbo_kv=1 prefer_native_vec=0 decode=1 dk=1 dv=0 unsafe_vec_after_turbo_v_decode=0 allow_vec=1 kernel=VEC need_f16_K=0 need_f16_V=0 Knb=[68,544,136,139264] Vnb=[24,768,192,196608] Keff_nb=[2,2048,512,524288] Veff_nb=[24,768,192,196608]
CUDA_FA_ROUTE_PLAN device=0 Q=[256,1,16,1] Kraw=turbo4_tcq Vraw=q5_1 Kshape=[256,256,4,1] Vshape=[256,256,4,1] Keff=f16 Veff=q5_1 turbo_kv=1 prefer_native_vec=0 decode=1 dk=1 dv=0 unsafe_vec_after_turbo_v_decode=0 allow_vec=1 kernel=VEC need_f16_K=0 need_f16_V=0 Knb=[68,544,136,139264] Vnb=[24,768,192,196608] Keff_nb=[2,2048,512,524288] Veff_nb=[24,768,192,196608]
CUDA_FA_ROUTE_PLAN device=0 Q=[256,1,16,1] Kraw=turbo4_tcq Vraw=q5_1 Kshape=[256,256,4,1] Vshape=[256,256,4,1] Keff=f16 Veff=q5_1 turbo_kv=1 prefer_native_vec=0 decode=1 dk=1 dv=0 unsafe_vec_after_turbo_v_decode=0 allow_vec=1 kernel=VEC need_f16_K=0 need_f16_V=0 Knb=[68,544,136,139264] Vnb=[24,768,192,196608] Keff_nb=[2,2048,512,524288] Veff_nb=[24,768,192,196608]
CUDA_FA_ROUTE_PLAN device=0 Q=[256,256,16,1] Kraw=turbo4_tcq Vraw=q5_1 Kshape=[256,256,4,1] Vshape=[256,256,4,1] Keff=f16 Veff=q5_1 turbo_kv=1 prefer_native_vec=0 decode=1 dk=1 dv=0 unsafe_vec_after_turbo_v_decode=0 allow_vec=1 kernel=MMA_F16 need_f16_K=0 need_f16_V=1 Knb=[68,544,136,139264] Vnb=[24,768,192,196608] Keff_nb=[2,2048,512,524288] Veff_nb=[24,768,192,196608]
CUDA_FA_ROUTE_SUPPORTED kernel=MMA_F16 effK=f16 effV=q5_1 supported=1
CUDA_FA_ROUTE_PLAN device=0 Q=[256,256,16,1] Kraw=turbo4_tcq Vraw=q5_1 Kshape=[256,256,4,1] Vshape=[256,256,4,1] Keff=f16 Veff=q5_1 turbo_kv=1 prefer_native_vec=0 decode=1 dk=1 dv=0 unsafe_vec_after_turbo_v_decode=0 allow_vec=1 kernel=MMA_F16 need_f16_K=0 need_f16_V=1 Knb=[68,544,136,139264] Vnb=[24,768,192,196608] Keff_nb=[2,2048,512,524288] Veff_nb=[24,768,192,196608]
CUDA_FA_ROUTE_SUPPORTED kernel=MMA_F16 effK=f16 effV=q5_1 supported=1
CUDA_FA_ROUTE_PLAN device=0 Q=[256,256,16,1] Kraw=turbo4_tcq Vraw=q5_1 Kshape=[256,256,4,1] Vshape=[256,256,4,1] Keff=f16 Veff=q5_1 turbo_kv=1 prefer_native_vec=0 decode=1 dk=1 dv=0 unsafe_vec_after_turbo_v_decode=0 allow_vec=1 kernel=MMA_F16 need_f16_K=0 need_f16_V=1 Knb=[68,544,136,139264] Vnb=[24,768,192,196608] Keff_nb=[2,2048,512,524288] Veff_nb=[24,768,192,196608]
CUDA_FA_ROUTE_SUPPORTED kernel=MMA_F16 effK=f16 effV=q5_1 supported=1
CUDA_FA_ROUTE_PLAN device=0 Q=[256,256,16,1] Kraw=turbo4_tcq Vraw=q5_1 Kshape=[256,256,4,1] Vshape=[256,256,4,1] Keff=f16 Veff=q5_1 turbo_kv=1 prefer_native_vec=0 decode=1 dk=1 dv=0 unsafe_vec_after_turbo_v_decode=0 allow_vec=1 kernel=MMA_F16 need_f16_K=0 need_f16_V=1 Knb=[68,544,136,139264] Vnb=[24,768,192,196608] Keff_nb=[2,2048,512,524288] Veff_nb=[24,768,192,196608]
CUDA_FA_ROUTE_SUPPORTED kernel=MMA_F16 effK=f16 effV=q5_1 supported=1
CUDA_FA_ROUTE_PLAN device=0 Q=[256,256,16,1] Kraw=turbo4_tcq Vraw=q5_1 Kshape=[256,256,4,1] Vshape=[256,256,4,1] Keff=f16 Veff=q5_1 turbo_kv=1 prefer_native_vec=0 decode=1 dk=1 dv=0 unsafe_vec_after_turbo_v_decode=0 allow_vec=1 kernel=MMA_F16 need_f16_K=0 need_f16_V=1 Knb=[68,544,136,139264] Vnb=[24,768,192,196608] Keff_nb=[2,2048,512,524288] Veff_nb=[24,768,192,196608]
CUDA_FA_ROUTE_SUPPORTED kernel=MMA_F16 effK=f16 effV=q5_1 supported=1
CUDA_FA_ROUTE_PLAN device=0 Q=[256,256,16,1] Kraw=turbo4_tcq Vraw=q5_1 Kshape=[256,256,4,1] Vshape=[256,256,4,1] Keff=f16 Veff=q5_1 turbo_kv=1 prefer_native_vec=0 decode=1 dk=1 dv=0 unsafe_vec_after_turbo_v_decode=0 allow_vec=1 kernel=MMA_F16 need_f16_K=0 need_f16_V=1 Knb=[68,544,136,139264] Vnb=[24,768,192,196608] Keff_nb=[2,2048,512,524288] Veff_nb=[24,768,192,196608]
CUDA_FA_ROUTE_SUPPORTED kernel=MMA_F16 effK=f16 effV=q5_1 supported=1
CUDA_FA_ROUTE_PLAN device=0 Q=[256,256,16,1] Kraw=turbo4_tcq Vraw=q5_1 Kshape=[256,256,4,1] Vshape=[256,256,4,1] Keff=f16 Veff=q5_1 turbo_kv=1 prefer_native_vec=0 decode=1 dk=1 dv=0 unsafe_vec_after_turbo_v_decode=0 allow_vec=1 kernel=MMA_F16 need_f16_K=0 need_f16_V=1 Knb=[68,544,136,139264] Vnb=[24,768,192,196608] Keff_nb=[2,2048,512,524288] Veff_nb=[24,768,192,196608]
CUDA_FA_ROUTE_SUPPORTED kernel=MMA_F16 effK=f16 effV=q5_1 supported=1
CUDA_FA_ROUTE_PLAN device=0 Q=[256,256,16,1] Kraw=turbo4_tcq Vraw=q5_1 Kshape=[256,256,4,1] Vshape=[256,256,4,1] Keff=f16 Veff=q5_1 turbo_kv=1 prefer_native_vec=0 decode=1 dk=1 dv=0 unsafe_vec_after_turbo_v_decode=0 allow_vec=1 kernel=MMA_F16 need_f16_K=0 need_f16_V=1 Knb=[68,544,136,139264] Vnb=[24,768,192,196608] Keff_nb=[2,2048,512,524288] Veff_nb=[24,768,192,196608]
CUDA_FA_ROUTE_SUPPORTED kernel=MMA_F16 effK=f16 effV=q5_1 supported=1
CUDA_FA_ROUTE_PLAN device=0 Q=[256,256,16,1] Kraw=turbo4_tcq Vraw=q5_1 Kshape=[256,256,4,1] Vshape=[256,256,4,1] Keff=f16 Veff=q5_1 turbo_kv=1 prefer_native_vec=0 decode=1 dk=1 dv=0 unsafe_vec_after_turbo_v_decode=0 allow_vec=1 kernel=MMA_F16 need_f16_K=0 need_f16_V=1 Knb=[68,544,136,139264] Vnb=[24,768,192,196608] Keff_nb=[2,2048,512,524288] Veff_nb=[24,768,192,196608]
CUDA_FA_ROUTE_ALLOC kernel=MMA_F16 need_f16_K=0 need_f16_V=1 workspace_end_offset=4718592 dst_data=(nil) f16_K=(nil) f16_V=0x400000 f16_end=0x480000
CUDA_FA_ROUTE_PLAN device=0 Q=[256,256,16,1] Kraw=turbo4_tcq Vraw=q5_1 Kshape=[256,256,4,1] Vshape=[256,256,4,1] Keff=f16 Veff=q5_1 turbo_kv=1 prefer_native_vec=0 decode=1 dk=1 dv=0 unsafe_vec_after_turbo_v_decode=0 allow_vec=1 kernel=MMA_F16 need_f16_K=0 need_f16_V=1 Knb=[68,544,136,139264] Vnb=[24,768,192,196608] Keff_nb=[2,2048,512,524288] Veff_nb=[24,768,192,196608]
CUDA_FA_ROUTE_ALLOC kernel=MMA_F16 need_f16_K=0 need_f16_V=1 workspace_end_offset=4718592 dst_data=(nil) f16_K=(nil) f16_V=0x400000 f16_end=0x480000
CUDA_FA_ROUTE_PLAN device=0 Q=[256,256,16,1] Kraw=turbo4_tcq Vraw=q5_1 Kshape=[256,256,4,1] Vshape=[256,256,4,1] Keff=f16 Veff=q5_1 turbo_kv=1 prefer_native_vec=0 decode=1 dk=1 dv=0 unsafe_vec_after_turbo_v_decode=0 allow_vec=1 kernel=MMA_F16 need_f16_K=0 need_f16_V=1 Knb=[68,544,136,139264] Vnb=[24,768,192,196608] Keff_nb=[2,2048,512,524288] Veff_nb=[24,768,192,196608]
CUDA_FA_ROUTE_ALLOC kernel=MMA_F16 need_f16_K=0 need_f16_V=1 workspace_end_offset=4718592 dst_data=(nil) f16_K=(nil) f16_V=0x400000 f16_end=0x480000
CUDA_FA_ROUTE_PLAN device=0 Q=[256,256,16,1] Kraw=turbo4_tcq Vraw=q5_1 Kshape=[256,256,4,1] Vshape=[256,256,4,1] Keff=f16 Veff=q5_1 turbo_kv=1 prefer_native_vec=0 decode=1 dk=1 dv=0 unsafe_vec_after_turbo_v_decode=0 allow_vec=1 kernel=MMA_F16 need_f16_K=0 need_f16_V=1 Knb=[68,544,136,139264] Vnb=[24,768,192,196608] Keff_nb=[2,2048,512,524288] Veff_nb=[24,768,192,196608]
CUDA_FA_ROUTE_ALLOC kernel=MMA_F16 need_f16_K=0 need_f16_V=1 workspace_end_offset=4718592 dst_data=(nil) f16_K=(nil) f16_V=0x400000 f16_end=0x480000
CUDA_FA_ROUTE_PLAN device=0 Q=[256,256,16,1] Kraw=turbo4_tcq Vraw=q5_1 Kshape=[256,256,4,1] Vshape=[256,256,4,1] Keff=f16 Veff=q5_1 turbo_kv=1 prefer_native_vec=0 decode=1 dk=1 dv=0 unsafe_vec_after_turbo_v_decode=0 allow_vec=1 kernel=MMA_F16 need_f16_K=0 need_f16_V=1 Knb=[68,544,136,139264] Vnb=[24,768,192,196608] Keff_nb=[2,2048,512,524288] Veff_nb=[24,768,192,196608]
CUDA_FA_ROUTE_ALLOC kernel=MMA_F16 need_f16_K=0 need_f16_V=1 workspace_end_offset=4718592 dst_data=(nil) f16_K=(nil) f16_V=0x400000 f16_end=0x480000
CUDA_FA_ROUTE_PLAN device=0 Q=[256,256,16,1] Kraw=turbo4_tcq Vraw=q5_1 Kshape=[256,256,4,1] Vshape=[256,256,4,1] Keff=f16 Veff=q5_1 turbo_kv=1 prefer_native_vec=0 decode=1 dk=1 dv=0 unsafe_vec_after_turbo_v_decode=0 allow_vec=1 kernel=MMA_F16 need_f16_K=0 need_f16_V=1 Knb=[68,544,136,139264] Vnb=[24,768,192,196608] Keff_nb=[2,2048,512,524288] Veff_nb=[24,768,192,196608]
CUDA_FA_ROUTE_ALLOC kernel=MMA_F16 need_f16_K=0 need_f16_V=1 workspace_end_offset=4718592 dst_data=(nil) f16_K=(nil) f16_V=0x400000 f16_end=0x480000
CUDA_FA_ROUTE_PLAN device=0 Q=[256,256,16,1] Kraw=turbo4_tcq Vraw=q5_1 Kshape=[256,256,4,1] Vshape=[256,256,4,1] Keff=f16 Veff=q5_1 turbo_kv=1 prefer_native_vec=0 decode=1 dk=1 dv=0 unsafe_vec_after_turbo_v_decode=0 allow_vec=1 kernel=MMA_F16 need_f16_K=0 need_f16_V=1 Knb=[68,544,136,139264] Vnb=[24,768,192,196608] Keff_nb=[2,2048,512,524288] Veff_nb=[24,768,192,196608]
CUDA_FA_ROUTE_ALLOC kernel=MMA_F16 need_f16_K=0 need_f16_V=1 workspace_end_offset=4718592 dst_data=(nil) f16_K=(nil) f16_V=0x400000 f16_end=0x480000
CUDA_FA_ROUTE_PLAN device=0 Q=[256,256,16,1] Kraw=turbo4_tcq Vraw=q5_1 Kshape=[256,256,4,1] Vshape=[256,256,4,1] Keff=f16 Veff=q5_1 turbo_kv=1 prefer_native_vec=0 decode=1 dk=1 dv=0 unsafe_vec_after_turbo_v_decode=0 allow_vec=1 kernel=MMA_F16 need_f16_K=0 need_f16_V=1 Knb=[68,544,136,139264] Vnb=[24,768,192,196608] Keff_nb=[2,2048,512,524288] Veff_nb=[24,768,192,196608]
CUDA_FA_ROUTE_ALLOC kernel=MMA_F16 need_f16_K=0 need_f16_V=1 workspace_end_offset=4718592 dst_data=(nil) f16_K=(nil) f16_V=0x400000 f16_end=0x480000
CUDA_FA_ROUTE_PLAN device=0 Q=[256,256,16,1] Kraw=turbo4_tcq Vraw=q5_1 Kshape=[256,256,4,1] Vshape=[256,256,4,1] Keff=f16 Veff=q5_1 turbo_kv=1 prefer_native_vec=0 decode=1 dk=1 dv=0 unsafe_vec_after_turbo_v_decode=0 allow_vec=1 kernel=MMA_F16 need_f16_K=0 need_f16_V=1 Knb=[68,544,136,139264] Vnb=[24,768,192,196608] Keff_nb=[2,2048,512,524288] Veff_nb=[24,768,192,196608]
CUDA_FA_ROUTE_ALLOC kernel=MMA_F16 need_f16_K=0 need_f16_V=1 workspace_end_offset=4718592 dst_data=(nil) f16_K=(nil) f16_V=0x400000 f16_end=0x480000
CUDA_FA_ROUTE_PLAN device=0 Q=[256,256,16,1] Kraw=turbo4_tcq Vraw=q5_1 Kshape=[256,256,4,1] Vshape=[256,256,4,1] Keff=f16 Veff=q5_1 turbo_kv=1 prefer_native_vec=0 decode=1 dk=1 dv=0 unsafe_vec_after_turbo_v_decode=0 allow_vec=1 kernel=MMA_F16 need_f16_K=0 need_f16_V=1 Knb=[68,544,136,139264] Vnb=[24,768,192,196608] Keff_nb=[2,2048,512,524288] Veff_nb=[24,768,192,196608]
CUDA_FA_ROUTE_ALLOC kernel=MMA_F16 need_f16_K=0 need_f16_V=1 workspace_end_offset=4718592 dst_data=(nil) f16_K=(nil) f16_V=0x400000 f16_end=0x480000
CUDA_FA_ROUTE_PLAN device=0 Q=[256,256,16,1] Kraw=turbo4_tcq Vraw=q5_1 Kshape=[256,256,4,1] Vshape=[256,256,4,1] Keff=f16 Veff=q5_1 turbo_kv=1 prefer_native_vec=0 decode=1 dk=1 dv=0 unsafe_vec_after_turbo_v_decode=0 allow_vec=1 kernel=MMA_F16 need_f16_K=0 need_f16_V=1 Knb=[68,544,136,139264] Vnb=[24,768,192,196608] Keff_nb=[2,2048,512,524288] Veff_nb=[24,768,192,196608]
CUDA_FA_ROUTE_ALLOC kernel=MMA_F16 need_f16_K=0 need_f16_V=1 workspace_end_offset=4718592 dst_data=(nil) f16_K=(nil) f16_V=0x400000 f16_end=0x480000
CUDA_FA_ROUTE_PLAN device=0 Q=[256,256,16,1] Kraw=turbo4_tcq Vraw=q5_1 Kshape=[256,256,4,1] Vshape=[256,256,4,1] Keff=f16 Veff=q5_1 turbo_kv=1 prefer_native_vec=0 decode=1 dk=1 dv=0 unsafe_vec_after_turbo_v_decode=0 allow_vec=1 kernel=MMA_F16 need_f16_K=0 need_f16_V=1 Knb=[68,544,136,139264] Vnb=[24,768,192,196608] Keff_nb=[2,2048,512,524288] Veff_nb=[24,768,192,196608]
CUDA_FA_ROUTE_ALLOC kernel=MMA_F16 need_f16_K=0 need_f16_V=1 workspace_end_offset=4718592 dst_data=(nil) f16_K=(nil) f16_V=0x400000 f16_end=0x480000
CUDA_FA_ROUTE_PLAN device=0 Q=[256,256,16,1] Kraw=turbo4_tcq Vraw=q5_1 Kshape=[256,256,4,1] Vshape=[256,256,4,1] Keff=f16 Veff=q5_1 turbo_kv=1 prefer_native_vec=0 decode=1 dk=1 dv=0 unsafe_vec_after_turbo_v_decode=0 allow_vec=1 kernel=MMA_F16 need_f16_K=0 need_f16_V=1 Knb=[68,544,136,139264] Vnb=[24,768,192,196608] Keff_nb=[2,2048,512,524288] Veff_nb=[24,768,192,196608]
CUDA_FA_ROUTE_ALLOC kernel=MMA_F16 need_f16_K=0 need_f16_V=1 workspace_end_offset=4718592 dst_data=(nil) f16_K=(nil) f16_V=0x400000 f16_end=0x480000
CUDA_FA_ROUTE_PLAN device=0 Q=[256,256,16,1] Kraw=turbo4_tcq Vraw=q5_1 Kshape=[256,256,4,1] Vshape=[256,256,4,1] Keff=f16 Veff=q5_1 turbo_kv=1 prefer_native_vec=0 decode=1 dk=1 dv=0 unsafe_vec_after_turbo_v_decode=0 allow_vec=1 kernel=MMA_F16 need_f16_K=0 need_f16_V=1 Knb=[68,544,136,139264] Vnb=[24,768,192,196608] Keff_nb=[2,2048,512,524288] Veff_nb=[24,768,192,196608]
CUDA_FA_ROUTE_ALLOC kernel=MMA_F16 need_f16_K=0 need_f16_V=1 workspace_end_offset=4718592 dst_data=(nil) f16_K=(nil) f16_V=0x400000 f16_end=0x480000
CUDA_FA_ROUTE_PLAN device=0 Q=[256,256,16,1] Kraw=turbo4_tcq Vraw=q5_1 Kshape=[256,256,4,1] Vshape=[256,256,4,1] Keff=f16 Veff=q5_1 turbo_kv=1 prefer_native_vec=0 decode=1 dk=1 dv=0 unsafe_vec_after_turbo_v_decode=0 allow_vec=1 kernel=MMA_F16 need_f16_K=0 need_f16_V=1 Knb=[68,544,136,139264] Vnb=[24,768,192,196608] Keff_nb=[2,2048,512,524288] Veff_nb=[24,768,192,196608]
CUDA_FA_ROUTE_ALLOC kernel=MMA_F16 need_f16_K=0 need_f16_V=1 workspace_end_offset=4718592 dst_data=(nil) f16_K=(nil) f16_V=0x400000 f16_end=0x480000
CUDA_FA_ROUTE_PLAN device=0 Q=[256,256,16,1] Kraw=turbo4_tcq Vraw=q5_1 Kshape=[256,256,4,1] Vshape=[256,256,4,1] Keff=f16 Veff=q5_1 turbo_kv=1 prefer_native_vec=0 decode=1 dk=1 dv=0 unsafe_vec_after_turbo_v_decode=0 allow_vec=1 kernel=MMA_F16 need_f16_K=0 need_f16_V=1 Knb=[68,544,136,139264] Vnb=[24,768,192,196608] Keff_nb=[2,2048,512,524288] Veff_nb=[24,768,192,196608]
CUDA_FA_ROUTE_ALLOC kernel=MMA_F16 need_f16_K=0 need_f16_V=1 workspace_end_offset=4718592 dst_data=(nil) f16_K=(nil) f16_V=0x400000 f16_end=0x480000
CUDA_FA_ROUTE_PLAN device=0 Q=[256,256,16,1] Kraw=turbo4_tcq Vraw=q5_1 Kshape=[256,256,4,1] Vshape=[256,256,4,1] Keff=f16 Veff=q5_1 turbo_kv=1 prefer_native_vec=0 decode=1 dk=1 dv=0 unsafe_vec_after_turbo_v_decode=0 allow_vec=1 kernel=MMA_F16 need_f16_K=0 need_f16_V=1 Knb=[68,544,136,139264] Vnb=[24,768,192,196608] Keff_nb=[2,2048,512,524288] Veff_nb=[24,768,192,196608]
CUDA_FA_ROUTE_ALLOC kernel=MMA_F16 need_f16_K=0 need_f16_V=1 workspace_end_offset=4718592 dst_data=(nil) f16_K=(nil) f16_V=0x400000 f16_end=0x480000
CUDA_FA_ROUTE_PLAN device=0 Q=[256,256,16,1] Kraw=turbo4_tcq Vraw=q5_1 Kshape=[256,256,4,1] Vshape=[256,256,4,1] Keff=f16 Veff=q5_1 turbo_kv=1 prefer_native_vec=0 decode=1 dk=1 dv=0 unsafe_vec_after_turbo_v_decode=0 allow_vec=1 kernel=MMA_F16 need_f16_K=0 need_f16_V=1 Knb=[68,544,136,139264] Vnb=[24,768,192,196608] Keff_nb=[2,2048,512,524288] Veff_nb=[24,768,192,196608]
CUDA_FA_ROUTE_ALLOC kernel=MMA_F16 need_f16_K=0 need_f16_V=1 workspace_end_offset=4718592 dst_data=(nil) f16_K=(nil) f16_V=0x400000 f16_end=0x480000
CUDA_FA_ROUTE_PLAN device=0 Q=[256,256,16,1] Kraw=turbo4_tcq Vraw=q5_1 Kshape=[256,256,4,1] Vshape=[256,256,4,1] Keff=f16 Veff=q5_1 turbo_kv=1 prefer_native_vec=0 decode=1 dk=1 dv=0 unsafe_vec_after_turbo_v_decode=0 allow_vec=1 kernel=MMA_F16 need_f16_K=0 need_f16_V=1 Knb=[68,544,136,139264] Vnb=[24,768,192,196608] Keff_nb=[2,2048,512,524288] Veff_nb=[24,768,192,196608]
CUDA_FA_ROUTE_ALLOC kernel=MMA_F16 need_f16_K=0 need_f16_V=1 workspace_end_offset=4718592 dst_data=(nil) f16_K=(nil) f16_V=0x400000 f16_end=0x480000
CUDA_FA_ROUTE_PLAN device=0 Q=[256,256,16,1] Kraw=turbo4_tcq Vraw=q5_1 Kshape=[256,256,4,1] Vshape=[256,256,4,1] Keff=f16 Veff=q5_1 turbo_kv=1 prefer_native_vec=0 decode=1 dk=1 dv=0 unsafe_vec_after_turbo_v_decode=0 allow_vec=1 kernel=MMA_F16 need_f16_K=0 need_f16_V=1 Knb=[68,544,136,139264] Vnb=[24,768,192,196608] Keff_nb=[2,2048,512,524288] Veff_nb=[24,768,192,196608]
CUDA_FA_ROUTE_ALLOC kernel=MMA_F16 need_f16_K=0 need_f16_V=1 workspace_end_offset=4718592 dst_data=(nil) f16_K=(nil) f16_V=0x400000 f16_end=0x480000
CUDA_FA_ROUTE_PLAN device=0 Q=[256,256,16,1] Kraw=turbo4_tcq Vraw=q5_1 Kshape=[256,256,4,1] Vshape=[256,256,4,1] Keff=f16 Veff=q5_1 turbo_kv=1 prefer_native_vec=0 decode=1 dk=1 dv=0 unsafe_vec_after_turbo_v_decode=0 allow_vec=1 kernel=MMA_F16 need_f16_K=0 need_f16_V=1 Knb=[68,544,136,139264] Vnb=[24,768,192,196608] Keff_nb=[2,2048,512,524288] Veff_nb=[24,768,192,196608]
CUDA_FA_ROUTE_ALLOC kernel=MMA_F16 need_f16_K=0 need_f16_V=1 workspace_end_offset=4718592 dst_data=(nil) f16_K=(nil) f16_V=0x400000 f16_end=0x480000
CUDA_FA_ROUTE_PLAN device=0 Q=[256,256,16,1] Kraw=turbo4_tcq Vraw=q5_1 Kshape=[256,256,4,1] Vshape=[256,256,4,1] Keff=f16 Veff=q5_1 turbo_kv=1 prefer_native_vec=0 decode=1 dk=1 dv=0 unsafe_vec_after_turbo_v_decode=0 allow_vec=1 kernel=MMA_F16 need_f16_K=0 need_f16_V=1 Knb=[68,544,136,139264] Vnb=[24,768,192,196608] Keff_nb=[2,2048,512,524288] Veff_nb=[24,768,192,196608]
CUDA_FA_ROUTE_ALLOC kernel=MMA_F16 need_f16_K=0 need_f16_V=1 workspace_end_offset=4718592 dst_data=(nil) f16_K=(nil) f16_V=0x400000 f16_end=0x480000
CUDA_FA_ROUTE_PLAN device=0 Q=[256,256,16,1] Kraw=turbo4_tcq Vraw=q5_1 Kshape=[256,256,4,1] Vshape=[256,256,4,1] Keff=f16 Veff=q5_1 turbo_kv=1 prefer_native_vec=0 decode=1 dk=1 dv=0 unsafe_vec_after_turbo_v_decode=0 allow_vec=1 kernel=MMA_F16 need_f16_K=0 need_f16_V=1 Knb=[68,544,136,139264] Vnb=[24,768,192,196608] Keff_nb=[2,2048,512,524288] Veff_nb=[24,768,192,196608]
CUDA_FA_ROUTE_ALLOC kernel=MMA_F16 need_f16_K=0 need_f16_V=1 workspace_end_offset=4718592 dst_data=(nil) f16_K=(nil) f16_V=0x400000 f16_end=0x480000
CUDA_FA_ROUTE_PLAN device=0 Q=[256,256,16,1] Kraw=turbo4_tcq Vraw=q5_1 Kshape=[256,256,4,1] Vshape=[256,256,4,1] Keff=f16 Veff=q5_1 turbo_kv=1 prefer_native_vec=0 decode=1 dk=1 dv=0 unsafe_vec_after_turbo_v_decode=0 allow_vec=1 kernel=MMA_F16 need_f16_K=0 need_f16_V=1 Knb=[68,544,136,139264] Vnb=[24,768,192,196608] Keff_nb=[2,2048,512,524288] Veff_nb=[24,768,192,196608]
CUDA_FA_ROUTE_ALLOC kernel=MMA_F16 need_f16_K=0 need_f16_V=1 workspace_end_offset=4718592 dst_data=(nil) f16_K=(nil) f16_V=0x400000 f16_end=0x480000
CUDA_FA_ROUTE_PLAN device=0 Q=[256,256,16,1] Kraw=turbo4_tcq Vraw=q5_1 Kshape=[256,256,4,1] Vshape=[256,256,4,1] Keff=f16 Veff=q5_1 turbo_kv=1 prefer_native_vec=0 decode=1 dk=1 dv=0 unsafe_vec_after_turbo_v_decode=0 allow_vec=1 kernel=MMA_F16 need_f16_K=0 need_f16_V=1 Knb=[68,544,136,139264] Vnb=[24,768,192,196608] Keff_nb=[2,2048,512,524288] Veff_nb=[24,768,192,196608]
CUDA_FA_ROUTE_ALLOC kernel=MMA_F16 need_f16_K=0 need_f16_V=1 workspace_end_offset=4718592 dst_data=(nil) f16_K=(nil) f16_V=0x400000 f16_end=0x480000
CUDA_FA_ROUTE_PLAN device=0 Q=[256,256,16,1] Kraw=turbo4_tcq Vraw=q5_1 Kshape=[256,256,4,1] Vshape=[256,256,4,1] Keff=f16 Veff=q5_1 turbo_kv=1 prefer_native_vec=0 decode=1 dk=1 dv=0 unsafe_vec_after_turbo_v_decode=0 allow_vec=1 kernel=MMA_F16 need_f16_K=0 need_f16_V=1 Knb=[68,544,136,139264] Vnb=[24,768,192,196608] Keff_nb=[2,2048,512,524288] Veff_nb=[24,768,192,196608]
CUDA_FA_ROUTE_ALLOC kernel=MMA_F16 need_f16_K=0 need_f16_V=1 workspace_end_offset=4718592 dst_data=(nil) f16_K=(nil) f16_V=0x400000 f16_end=0x480000
CUDA_FA_ROUTE_PLAN device=0 Q=[256,256,16,1] Kraw=turbo4_tcq Vraw=q5_1 Kshape=[256,256,4,1] Vshape=[256,256,4,1] Keff=f16 Veff=q5_1 turbo_kv=1 prefer_native_vec=0 decode=1 dk=1 dv=0 unsafe_vec_after_turbo_v_decode=0 allow_vec=1 kernel=MMA_F16 need_f16_K=0 need_f16_V=1 Knb=[68,544,136,139264] Vnb=[24,768,192,196608] Keff_nb=[2,2048,512,524288] Veff_nb=[24,768,192,196608]
CUDA_FA_ROUTE_ALLOC kernel=MMA_F16 need_f16_K=0 need_f16_V=1 workspace_end_offset=4718592 dst_data=(nil) f16_K=(nil) f16_V=0x400000 f16_end=0x480000
CUDA_FA_ROUTE_PLAN device=0 Q=[256,256,16,1] Kraw=turbo4_tcq Vraw=q5_1 Kshape=[256,256,4,1] Vshape=[256,256,4,1] Keff=f16 Veff=q5_1 turbo_kv=1 prefer_native_vec=0 decode=1 dk=1 dv=0 unsafe_vec_after_turbo_v_decode=0 allow_vec=1 kernel=MMA_F16 need_f16_K=0 need_f16_V=1 Knb=[68,544,136,139264] Vnb=[24,768,192,196608] Keff_nb=[2,2048,512,524288] Veff_nb=[24,768,192,196608]
CUDA_FA_ROUTE_ALLOC kernel=MMA_F16 need_f16_K=0 need_f16_V=1 workspace_end_offset=4718592 dst_data=(nil) f16_K=(nil) f16_V=0x400000 f16_end=0x480000
CUDA_FA_ROUTE_PLAN device=0 Q=[256,256,16,1] Kraw=turbo4_tcq Vraw=q5_1 Kshape=[256,256,4,1] Vshape=[256,256,4,1] Keff=f16 Veff=q5_1 turbo_kv=1 prefer_native_vec=0 decode=1 dk=1 dv=0 unsafe_vec_after_turbo_v_decode=0 allow_vec=1 kernel=MMA_F16 need_f16_K=0 need_f16_V=1 Knb=[68,544,136,139264] Vnb=[24,768,192,196608] Keff_nb=[2,2048,512,524288] Veff_nb=[24,768,192,196608]
CUDA_FA_ROUTE_ALLOC kernel=MMA_F16 need_f16_K=0 need_f16_V=1 workspace_end_offset=4718592 dst_data=(nil) f16_K=(nil) f16_V=0x400000 f16_end=0x480000
CUDA_FA_ROUTE_PLAN device=0 Q=[256,256,16,1] Kraw=turbo4_tcq Vraw=q5_1 Kshape=[256,256,4,1] Vshape=[256,256,4,1] Keff=f16 Veff=q5_1 turbo_kv=1 prefer_native_vec=0 decode=1 dk=1 dv=0 unsafe_vec_after_turbo_v_decode=0 allow_vec=1 kernel=MMA_F16 need_f16_K=0 need_f16_V=1 Knb=[68,544,136,139264] Vnb=[24,768,192,196608] Keff_nb=[2,2048,512,524288] Veff_nb=[24,768,192,196608]
CUDA_FA_ROUTE_ALLOC kernel=MMA_F16 need_f16_K=0 need_f16_V=1 workspace_end_offset=4718592 dst_data=(nil) f16_K=(nil) f16_V=0x400000 f16_end=0x480000
CUDA_FA_ROUTE_PLAN device=0 Q=[256,256,16,1] Kraw=turbo4_tcq Vraw=q5_1 Kshape=[256,256,4,1] Vshape=[256,256,4,1] Keff=f16 Veff=q5_1 turbo_kv=1 prefer_native_vec=0 decode=1 dk=1 dv=0 unsafe_vec_after_turbo_v_decode=0 allow_vec=1 kernel=MMA_F16 need_f16_K=0 need_f16_V=1 Knb=[68,544,136,139264] Vnb=[24,768,192,196608] Keff_nb=[2,2048,512,524288] Veff_nb=[24,768,192,196608]
CUDA_FA_ROUTE_ALLOC kernel=MMA_F16 need_f16_K=0 need_f16_V=1 workspace_end_offset=4718592 dst_data=(nil) f16_K=(nil) f16_V=0x400000 f16_end=0x480000
CUDA_FA_ROUTE_PLAN device=0 Q=[256,256,16,1] Kraw=turbo4_tcq Vraw=q5_1 Kshape=[256,256,4,1] Vshape=[256,256,4,1] Keff=f16 Veff=q5_1 turbo_kv=1 prefer_native_vec=0 decode=1 dk=1 dv=0 unsafe_vec_after_turbo_v_decode=0 allow_vec=1 kernel=MMA_F16 need_f16_K=0 need_f16_V=1 Knb=[68,544,136,139264] Vnb=[24,768,192,196608] Keff_nb=[2,2048,512,524288] Veff_nb=[24,768,192,196608]
CUDA_FA_ROUTE_ALLOC kernel=MMA_F16 need_f16_K=0 need_f16_V=1 workspace_end_offset=4718592 dst_data=(nil) f16_K=(nil) f16_V=0x400000 f16_end=0x480000
CUDA_FA_ROUTE_PLAN device=0 Q=[256,1,16,1] Kraw=turbo4_tcq Vraw=q5_1 Kshape=[256,256,4,1] Vshape=[256,256,4,1] Keff=f16 Veff=q5_1 turbo_kv=1 prefer_native_vec=0 decode=1 dk=1 dv=0 unsafe_vec_after_turbo_v_decode=0 allow_vec=1 kernel=VEC need_f16_K=0 need_f16_V=0 Knb=[68,544,136,139264] Vnb=[24,768,192,196608] Keff_nb=[2,2048,512,524288] Veff_nb=[24,768,192,196608]
CUDA_FA_ROUTE_PLAN device=0 Q=[256,1,16,1] Kraw=turbo4_tcq Vraw=q5_1 Kshape=[256,256,4,1] Vshape=[256,256,4,1] Keff=f16 Veff=q5_1 turbo_kv=1 prefer_native_vec=0 decode=1 dk=1 dv=0 unsafe_vec_after_turbo_v_decode=0 allow_vec=1 kernel=VEC need_f16_K=0 need_f16_V=0 Knb=[68,544,136,139264] Vnb=[24,768,192,196608] Keff_nb=[2,2048,512,524288] Veff_nb=[24,768,192,196608]
CUDA_FA_ROUTE_PLAN device=0 Q=[256,1,16,1] Kraw=turbo4_tcq Vraw=q5_1 Kshape=[256,256,4,1] Vshape=[256,256,4,1] Keff=f16 Veff=q5_1 turbo_kv=1 prefer_native_vec=0 decode=1 dk=1 dv=0 unsafe_vec_after_turbo_v_decode=0 allow_vec=1 kernel=VEC need_f16_K=0 need_f16_V=0 Knb=[68,544,136,139264] Vnb=[24,768,192,196608] Keff_nb=[2,2048,512,524288] Veff_nb=[24,768,192,196608]
CUDA_FA_ROUTE_PLAN device=0 Q=[256,1,16,1] Kraw=turbo4_tcq Vraw=q5_1 Kshape=[256,256,4,1] Vshape=[256,256,4,1] Keff=f16 Veff=q5_1 turbo_kv=1 prefer_native_vec=0 decode=1 dk=1 dv=0 unsafe_vec_after_turbo_v_decode=0 allow_vec=1 kernel=VEC need_f16_K=0 need_f16_V=0 Knb=[68,544,136,139264] Vnb=[24,768,192,196608] Keff_nb=[2,2048,512,524288] Veff_nb=[24,768,192,196608]
CUDA_FA_ROUTE_PLAN device=0 Q=[256,1,16,1] Kraw=turbo4_tcq Vraw=q5_1 Kshape=[256,256,4,1] Vshape=[256,256,4,1] Keff=f16 Veff=q5_1 turbo_kv=1 prefer_native_vec=0 decode=1 dk=1 dv=0 unsafe_vec_after_turbo_v_decode=0 allow_vec=1 kernel=VEC need_f16_K=0 need_f16_V=0 Knb=[68,544,136,139264] Vnb=[24,768,192,196608] Keff_nb=[2,2048,512,524288] Veff_nb=[24,768,192,196608]
CUDA_FA_ROUTE_PLAN device=0 Q=[256,1,16,1] Kraw=turbo4_tcq Vraw=q5_1 Kshape=[256,256,4,1] Vshape=[256,256,4,1] Keff=f16 Veff=q5_1 turbo_kv=1 prefer_native_vec=0 decode=1 dk=1 dv=0 unsafe_vec_after_turbo_v_decode=0 allow_vec=1 kernel=VEC need_f16_K=0 need_f16_V=0 Knb=[68,544,136,139264] Vnb=[24,768,192,196608] Keff_nb=[2,2048,512,524288] Veff_nb=[24,768,192,196608]
CUDA_FA_ROUTE_PLAN device=0 Q=[256,1,16,1] Kraw=turbo4_tcq Vraw=q5_1 Kshape=[256,256,4,1] Vshape=[256,256,4,1] Keff=f16 Veff=q5_1 turbo_kv=1 prefer_native_vec=0 decode=1 dk=1 dv=0 unsafe_vec_after_turbo_v_decode=0 allow_vec=1 kernel=VEC need_f16_K=0 need_f16_V=0 Knb=[68,544,136,139264] Vnb=[24,768,192,196608] Keff_nb=[2,2048,512,524288] Veff_nb=[24,768,192,196608]
CUDA_FA_ROUTE_PLAN device=0 Q=[256,1,16,1] Kraw=turbo4_tcq Vraw=q5_1 Kshape=[256,256,4,1] Vshape=[256,256,4,1] Keff=f16 Veff=q5_1 turbo_kv=1 prefer_native_vec=0 decode=1 dk=1 dv=0 unsafe_vec_after_turbo_v_decode=0 allow_vec=1 kernel=VEC need_f16_K=0 need_f16_V=0 Knb=[68,544,136,139264] Vnb=[24,768,192,196608] Keff_nb=[2,2048,512,524288] Veff_nb=[24,768,192,196608]
CUDA_FA_ROUTE_PLAN device=0 Q=[256,1,16,1] Kraw=turbo4_tcq Vraw=q5_1 Kshape=[256,256,4,1] Vshape=[256,256,4,1] Keff=f16 Veff=q5_1 turbo_kv=1 prefer_native_vec=0 decode=1 dk=1 dv=0 unsafe_vec_after_turbo_v_decode=0 allow_vec=1 kernel=VEC need_f16_K=0 need_f16_V=0 Knb=[68,544,136,139264] Vnb=[24,768,192,196608] Keff_nb=[2,2048,512,524288] Veff_nb=[24,768,192,196608]
CUDA_FA_ROUTE_ALLOC kernel=VEC need_f16_K=0 need_f16_V=0 workspace_end_offset=16384 dst_data=(nil) f16_K=(nil) f16_V=(nil) f16_end=0x4000
CUDA_FA_ROUTE_PLAN device=0 Q=[256,1,16,1] Kraw=turbo4_tcq Vraw=q5_1 Kshape=[256,256,4,1] Vshape=[256,256,4,1] Keff=f16 Veff=q5_1 turbo_kv=1 prefer_native_vec=0 decode=1 dk=1 dv=0 unsafe_vec_after_turbo_v_decode=0 allow_vec=1 kernel=VEC need_f16_K=0 need_f16_V=0 Knb=[68,544,136,139264] Vnb=[24,768,192,196608] Keff_nb=[2,2048,512,524288] Veff_nb=[24,768,192,196608]
CUDA_FA_ROUTE_ALLOC kernel=VEC need_f16_K=0 need_f16_V=0 workspace_end_offset=16384 dst_data=(nil) f16_K=(nil) f16_V=(nil) f16_end=0x4000
CUDA_FA_ROUTE_PLAN device=0 Q=[256,1,16,1] Kraw=turbo4_tcq Vraw=q5_1 Kshape=[256,256,4,1] Vshape=[256,256,4,1] Keff=f16 Veff=q5_1 turbo_kv=1 prefer_native_vec=0 decode=1 dk=1 dv=0 unsafe_vec_after_turbo_v_decode=0 allow_vec=1 kernel=VEC need_f16_K=0 need_f16_V=0 Knb=[68,544,136,139264] Vnb=[24,768,192,196608] Keff_nb=[2,2048,512,524288] Veff_nb=[24,768,192,196608]
CUDA_FA_ROUTE_ALLOC kernel=VEC need_f16_K=0 need_f16_V=0 workspace_end_offset=16384 dst_data=(nil) f16_K=(nil) f16_V=(nil) f16_end=0x4000
CUDA_FA_ROUTE_PLAN device=0 Q=[256,1,16,1] Kraw=turbo4_tcq Vraw=q5_1 Kshape=[256,256,4,1] Vshape=[256,256,4,1] Keff=f16 Veff=q5_1 turbo_kv=1 prefer_native_vec=0 decode=1 dk=1 dv=0 unsafe_vec_after_turbo_v_decode=0 allow_vec=1 kernel=VEC need_f16_K=0 need_f16_V=0 Knb=[68,544,136,139264] Vnb=[24,768,192,196608] Keff_nb=[2,2048,512,524288] Veff_nb=[24,768,192,196608]
CUDA_FA_ROUTE_ALLOC kernel=VEC need_f16_K=0 need_f16_V=0 workspace_end_offset=16384 dst_data=(nil) f16_K=(nil) f16_V=(nil) f16_end=0x4000
CUDA_FA_ROUTE_PLAN device=0 Q=[256,1,16,1] Kraw=turbo4_tcq Vraw=q5_1 Kshape=[256,256,4,1] Vshape=[256,256,4,1] Keff=f16 Veff=q5_1 turbo_kv=1 prefer_native_vec=0 decode=1 dk=1 dv=0 unsafe_vec_after_turbo_v_decode=0 allow_vec=1 kernel=VEC need_f16_K=0 need_f16_V=0 Knb=[68,544,136,139264] Vnb=[24,768,192,196608] Keff_nb=[2,2048,512,524288] Veff_nb=[24,768,192,196608]
CUDA_FA_ROUTE_ALLOC kernel=VEC need_f16_K=0 need_f16_V=0 workspace_end_offset=16384 dst_data=(nil) f16_K=(nil) f16_V=(nil) f16_end=0x4000
CUDA_FA_ROUTE_PLAN device=0 Q=[256,1,16,1] Kraw=turbo4_tcq Vraw=q5_1 Kshape=[256,256,4,1] Vshape=[256,256,4,1] Keff=f16 Veff=q5_1 turbo_kv=1 prefer_native_vec=0 decode=1 dk=1 dv=0 unsafe_vec_after_turbo_v_decode=0 allow_vec=1 kernel=VEC need_f16_K=0 need_f16_V=0 Knb=[68,544,136,139264] Vnb=[24,768,192,196608] Keff_nb=[2,2048,512,524288] Veff_nb=[24,768,192,196608]
CUDA_FA_ROUTE_ALLOC kernel=VEC need_f16_K=0 need_f16_V=0 workspace_end_offset=16384 dst_data=(nil) f16_K=(nil) f16_V=(nil) f16_end=0x4000
CUDA_FA_ROUTE_PLAN device=0 Q=[256,1,16,1] Kraw=turbo4_tcq Vraw=q5_1 Kshape=[256,256,4,1] Vshape=[256,256,4,1] Keff=f16 Veff=q5_1 turbo_kv=1 prefer_native_vec=0 decode=1 dk=1 dv=0 unsafe_vec_after_turbo_v_decode=0 allow_vec=1 kernel=VEC need_f16_K=0 need_f16_V=0 Knb=[68,544,136,139264] Vnb=[24,768,192,196608] Keff_nb=[2,2048,512,524288] Veff_nb=[24,768,192,196608]
CUDA_FA_ROUTE_ALLOC kernel=VEC need_f16_K=0 need_f16_V=0 workspace_end_offset=16384 dst_data=(nil) f16_K=(nil) f16_V=(nil) f16_end=0x4000
CUDA_FA_ROUTE_PLAN device=0 Q=[256,1,16,1] Kraw=turbo4_tcq Vraw=q5_1 Kshape=[256,256,4,1] Vshape=[256,256,4,1] Keff=f16 Veff=q5_1 turbo_kv=1 prefer_native_vec=0 decode=1 dk=1 dv=0 unsafe_vec_after_turbo_v_decode=0 allow_vec=1 kernel=VEC need_f16_K=0 need_f16_V=0 Knb=[68,544,136,139264] Vnb=[24,768,192,196608] Keff_nb=[2,2048,512,524288] Veff_nb=[24,768,192,196608]
CUDA_FA_ROUTE_ALLOC kernel=VEC need_f16_K=0 need_f16_V=0 workspace_end_offset=16384 dst_data=(nil) f16_K=(nil) f16_V=(nil) f16_end=0x4000
CUDA_FA_ROUTE_PLAN device=0 Q=[256,1,16,1] Kraw=turbo4_tcq Vraw=q5_1 Kshape=[256,256,4,1] Vshape=[256,256,4,1] Keff=f16 Veff=q5_1 turbo_kv=1 prefer_native_vec=0 decode=1 dk=1 dv=0 unsafe_vec_after_turbo_v_decode=0 allow_vec=1 kernel=VEC need_f16_K=0 need_f16_V=0 Knb=[68,544,136,139264] Vnb=[24,768,192,196608] Keff_nb=[2,2048,512,524288] Veff_nb=[24,768,192,196608]
CUDA_FA_ROUTE_ALLOC kernel=VEC need_f16_K=0 need_f16_V=0 workspace_end_offset=16384 dst_data=(nil) f16_K=(nil) f16_V=(nil) f16_end=0x4000
CUDA_FA_ROUTE_PLAN device=0 Q=[256,1,16,1] Kraw=turbo4_tcq Vraw=q5_1 Kshape=[256,256,4,1] Vshape=[256,256,4,1] Keff=f16 Veff=q5_1 turbo_kv=1 prefer_native_vec=0 decode=1 dk=1 dv=0 unsafe_vec_after_turbo_v_decode=0 allow_vec=1 kernel=VEC need_f16_K=0 need_f16_V=0 Knb=[68,544,136,139264] Vnb=[24,768,192,196608] Keff_nb=[2,2048,512,524288] Veff_nb=[24,768,192,196608]
CUDA_FA_ROUTE_ALLOC kernel=VEC need_f16_K=0 need_f16_V=0 workspace_end_offset=16384 dst_data=(nil) f16_K=(nil) f16_V=(nil) f16_end=0x4000
CUDA_FA_ROUTE_PLAN device=0 Q=[256,1,16,1] Kraw=turbo4_tcq Vraw=q5_1 Kshape=[256,256,4,1] Vshape=[256,256,4,1] Keff=f16 Veff=q5_1 turbo_kv=1 prefer_native_vec=0 decode=1 dk=1 dv=0 unsafe_vec_after_turbo_v_decode=0 allow_vec=1 kernel=VEC need_f16_K=0 need_f16_V=0 Knb=[68,544,136,139264] Vnb=[24,768,192,196608] Keff_nb=[2,2048,512,524288] Veff_nb=[24,768,192,196608]
CUDA_FA_ROUTE_ALLOC kernel=VEC need_f16_K=0 need_f16_V=0 workspace_end_offset=16384 dst_data=(nil) f16_K=(nil) f16_V=(nil) f16_end=0x4000
CUDA_FA_ROUTE_PLAN device=0 Q=[256,1,16,1] Kraw=turbo4_tcq Vraw=q5_1 Kshape=[256,256,4,1] Vshape=[256,256,4,1] Keff=f16 Veff=q5_1 turbo_kv=1 prefer_native_vec=0 decode=1 dk=1 dv=0 unsafe_vec_after_turbo_v_decode=0 allow_vec=1 kernel=VEC need_f16_K=0 need_f16_V=0 Knb=[68,544,136,139264] Vnb=[24,768,192,196608] Keff_nb=[2,2048,512,524288] Veff_nb=[24,768,192,196608]
CUDA_FA_ROUTE_ALLOC kernel=VEC need_f16_K=0 need_f16_V=0 workspace_end_offset=16384 dst_data=(nil) f16_K=(nil) f16_V=(nil) f16_end=0x4000
CUDA_FA_ROUTE_PLAN device=0 Q=[256,1,16,1] Kraw=turbo4_tcq Vraw=q5_1 Kshape=[256,256,4,1] Vshape=[256,256,4,1] Keff=f16 Veff=q5_1 turbo_kv=1 prefer_native_vec=0 decode=1 dk=1 dv=0 unsafe_vec_after_turbo_v_decode=0 allow_vec=1 kernel=VEC need_f16_K=0 need_f16_V=0 Knb=[68,544,136,139264] Vnb=[24,768,192,196608] Keff_nb=[2,2048,512,524288] Veff_nb=[24,768,192,196608]
CUDA_FA_ROUTE_ALLOC kernel=VEC need_f16_K=0 need_f16_V=0 workspace_end_offset=16384 dst_data=(nil) f16_K=(nil) f16_V=(nil) f16_end=0x4000
CUDA_FA_ROUTE_PLAN device=0 Q=[256,1,16,1] Kraw=turbo4_tcq Vraw=q5_1 Kshape=[256,256,4,1] Vshape=[256,256,4,1] Keff=f16 Veff=q5_1 turbo_kv=1 prefer_native_vec=0 decode=1 dk=1 dv=0 unsafe_vec_after_turbo_v_decode=0 allow_vec=1 kernel=VEC need_f16_K=0 need_f16_V=0 Knb=[68,544,136,139264] Vnb=[24,768,192,196608] Keff_nb=[2,2048,512,524288] Veff_nb=[24,768,192,196608]
CUDA_FA_ROUTE_ALLOC kernel=VEC need_f16_K=0 need_f16_V=0 workspace_end_offset=16384 dst_data=(nil) f16_K=(nil) f16_V=(nil) f16_end=0x4000
CUDA_FA_ROUTE_PLAN device=0 Q=[256,1,16,1] Kraw=turbo4_tcq Vraw=q5_1 Kshape=[256,256,4,1] Vshape=[256,256,4,1] Keff=f16 Veff=q5_1 turbo_kv=1 prefer_native_vec=0 decode=1 dk=1 dv=0 unsafe_vec_after_turbo_v_decode=0 allow_vec=1 kernel=VEC need_f16_K=0 need_f16_V=0 Knb=[68,544,136,139264] Vnb=[24,768,192,196608] Keff_nb=[2,2048,512,524288] Veff_nb=[24,768,192,196608]
CUDA_FA_ROUTE_ALLOC kernel=VEC need_f16_K=0 need_f16_V=0 workspace_end_offset=16384 dst_data=(nil) f16_K=(nil) f16_V=(nil) f16_end=0x4000
CUDA_FA_ROUTE_PLAN device=0 Q=[256,1,16,1] Kraw=turbo4_tcq Vraw=q5_1 Kshape=[256,256,4,1] Vshape=[256,256,4,1] Keff=f16 Veff=q5_1 turbo_kv=1 prefer_native_vec=0 decode=1 dk=1 dv=0 unsafe_vec_after_turbo_v_decode=0 allow_vec=1 kernel=VEC need_f16_K=0 need_f16_V=0 Knb=[68,544,136,139264] Vnb=[24,768,192,196608] Keff_nb=[2,2048,512,524288] Veff_nb=[24,768,192,196608]
CUDA_FA_ROUTE_ALLOC kernel=VEC need_f16_K=0 need_f16_V=0 workspace_end_offset=16384 dst_data=(nil) f16_K=(nil) f16_V=(nil) f16_end=0x4000
CUDA_FA_ROUTE_PLAN device=0 Q=[256,1,16,1] Kraw=turbo4_tcq Vraw=q5_1 Kshape=[256,256,4,1] Vshape=[256,256,4,1] Keff=f16 Veff=q5_1 turbo_kv=1 prefer_native_vec=0 decode=1 dk=1 dv=0 unsafe_vec_after_turbo_v_decode=0 allow_vec=1 kernel=VEC need_f16_K=0 need_f16_V=0 Knb=[68,544,136,139264] Vnb=[24,768,192,196608] Keff_nb=[2,2048,512,524288] Veff_nb=[24,768,192,196608]
CUDA_FA_ROUTE_ALLOC kernel=VEC need_f16_K=0 need_f16_V=0 workspace_end_offset=16384 dst_data=(nil) f16_K=(nil) f16_V=(nil) f16_end=0x4000
CUDA_FA_ROUTE_PLAN device=0 Q=[256,1,16,1] Kraw=turbo4_tcq Vraw=q5_1 Kshape=[256,256,4,1] Vshape=[256,256,4,1] Keff=f16 Veff=q5_1 turbo_kv=1 prefer_native_vec=0 decode=1 dk=1 dv=0 unsafe_vec_after_turbo_v_decode=0 allow_vec=1 kernel=VEC need_f16_K=0 need_f16_V=0 Knb=[68,544,136,139264] Vnb=[24,768,192,196608] Keff_nb=[2,2048,512,524288] Veff_nb=[24,768,192,196608]
CUDA_FA_ROUTE_ALLOC kernel=VEC need_f16_K=0 need_f16_V=0 workspace_end_offset=16384 dst_data=(nil) f16_K=(nil) f16_V=(nil) f16_end=0x4000
CUDA_FA_ROUTE_PLAN device=0 Q=[256,1,16,1] Kraw=turbo4_tcq Vraw=q5_1 Kshape=[256,256,4,1] Vshape=[256,256,4,1] Keff=f16 Veff=q5_1 turbo_kv=1 prefer_native_vec=0 decode=1 dk=1 dv=0 unsafe_vec_after_turbo_v_decode=0 allow_vec=1 kernel=VEC need_f16_K=0 need_f16_V=0 Knb=[68,544,136,139264] Vnb=[24,768,192,196608] Keff_nb=[2,2048,512,524288] Veff_nb=[24,768,192,196608]
CUDA_FA_ROUTE_ALLOC kernel=VEC need_f16_K=0 need_f16_V=0 workspace_end_offset=16384 dst_data=(nil) f16_K=(nil) f16_V=(nil) f16_end=0x4000
CUDA_FA_ROUTE_PLAN device=0 Q=[256,1,16,1] Kraw=turbo4_tcq Vraw=q5_1 Kshape=[256,256,4,1] Vshape=[256,256,4,1] Keff=f16 Veff=q5_1 turbo_kv=1 prefer_native_vec=0 decode=1 dk=1 dv=0 unsafe_vec_after_turbo_v_decode=0 allow_vec=1 kernel=VEC need_f16_K=0 need_f16_V=0 Knb=[68,544,136,139264] Vnb=[24,768,192,196608] Keff_nb=[2,2048,512,524288] Veff_nb=[24,768,192,196608]
CUDA_FA_ROUTE_ALLOC kernel=VEC need_f16_K=0 need_f16_V=0 workspace_end_offset=16384 dst_data=(nil) f16_K=(nil) f16_V=(nil) f16_end=0x4000
CUDA_FA_ROUTE_PLAN device=0 Q=[256,1,16,1] Kraw=turbo4_tcq Vraw=q5_1 Kshape=[256,256,4,1] Vshape=[256,256,4,1] Keff=f16 Veff=q5_1 turbo_kv=1 prefer_native_vec=0 decode=1 dk=1 dv=0 unsafe_vec_after_turbo_v_decode=0 allow_vec=1 kernel=VEC need_f16_K=0 need_f16_V=0 Knb=[68,544,136,139264] Vnb=[24,768,192,196608] Keff_nb=[2,2048,512,524288] Veff_nb=[24,768,192,196608]
CUDA_FA_ROUTE_ALLOC kernel=VEC need_f16_K=0 need_f16_V=0 workspace_end_offset=16384 dst_data=(nil) f16_K=(nil) f16_V=(nil) f16_end=0x4000
CUDA_FA_ROUTE_PLAN device=0 Q=[256,1,16,1] Kraw=turbo4_tcq Vraw=q5_1 Kshape=[256,256,4,1] Vshape=[256,256,4,1] Keff=f16 Veff=q5_1 turbo_kv=1 prefer_native_vec=0 decode=1 dk=1 dv=0 unsafe_vec_after_turbo_v_decode=0 allow_vec=1 kernel=VEC need_f16_K=0 need_f16_V=0 Knb=[68,544,136,139264] Vnb=[24,768,192,196608] Keff_nb=[2,2048,512,524288] Veff_nb=[24,768,192,196608]
CUDA_FA_ROUTE_ALLOC kernel=VEC need_f16_K=0 need_f16_V=0 workspace_end_offset=16384 dst_data=(nil) f16_K=(nil) f16_V=(nil) f16_end=0x4000
CUDA_FA_ROUTE_PLAN device=0 Q=[256,1,16,1] Kraw=turbo4_tcq Vraw=q5_1 Kshape=[256,256,4,1] Vshape=[256,256,4,1] Keff=f16 Veff=q5_1 turbo_kv=1 prefer_native_vec=0 decode=1 dk=1 dv=0 unsafe_vec_after_turbo_v_decode=0 allow_vec=1 kernel=VEC need_f16_K=0 need_f16_V=0 Knb=[68,544,136,139264] Vnb=[24,768,192,196608] Keff_nb=[2,2048,512,524288] Veff_nb=[24,768,192,196608]
CUDA_FA_ROUTE_ALLOC kernel=VEC need_f16_K=0 need_f16_V=0 workspace_end_offset=16384 dst_data=(nil) f16_K=(nil) f16_V=(nil) f16_end=0x4000
CUDA_FA_ROUTE_PLAN device=0 Q=[256,1,16,1] Kraw=turbo4_tcq Vraw=q5_1 Kshape=[256,256,4,1] Vshape=[256,256,4,1] Keff=f16 Veff=q5_1 turbo_kv=1 prefer_native_vec=0 decode=1 dk=1 dv=0 unsafe_vec_after_turbo_v_decode=0 allow_vec=1 kernel=VEC need_f16_K=0 need_f16_V=0 Knb=[68,544,136,139264] Vnb=[24,768,192,196608] Keff_nb=[2,2048,512,524288] Veff_nb=[24,768,192,196608]
CUDA_FA_ROUTE_ALLOC kernel=VEC need_f16_K=0 need_f16_V=0 workspace_end_offset=16384 dst_data=(nil) f16_K=(nil) f16_V=(nil) f16_end=0x4000
CUDA_FA_ROUTE_PLAN device=0 Q=[256,1,16,1] Kraw=turbo4_tcq Vraw=q5_1 Kshape=[256,256,4,1] Vshape=[256,256,4,1] Keff=f16 Veff=q5_1 turbo_kv=1 prefer_native_vec=0 decode=1 dk=1 dv=0 unsafe_vec_after_turbo_v_decode=0 allow_vec=1 kernel=VEC need_f16_K=0 need_f16_V=0 Knb=[68,544,136,139264] Vnb=[24,768,192,196608] Keff_nb=[2,2048,512,524288] Veff_nb=[24,768,192,196608]
CUDA_FA_ROUTE_ALLOC kernel=VEC need_f16_K=0 need_f16_V=0 workspace_end_offset=16384 dst_data=(nil) f16_K=(nil) f16_V=(nil) f16_end=0x4000
CUDA_FA_ROUTE_PLAN device=0 Q=[256,1,16,1] Kraw=turbo4_tcq Vraw=q5_1 Kshape=[256,256,4,1] Vshape=[256,256,4,1] Keff=f16 Veff=q5_1 turbo_kv=1 prefer_native_vec=0 decode=1 dk=1 dv=0 unsafe_vec_after_turbo_v_decode=0 allow_vec=1 kernel=VEC need_f16_K=0 need_f16_V=0 Knb=[68,544,136,139264] Vnb=[24,768,192,196608] Keff_nb=[2,2048,512,524288] Veff_nb=[24,768,192,196608]
CUDA_FA_ROUTE_ALLOC kernel=VEC need_f16_K=0 need_f16_V=0 workspace_end_offset=16384 dst_data=(nil) f16_K=(nil) f16_V=(nil) f16_end=0x4000
CUDA_FA_ROUTE_PLAN device=0 Q=[256,1,16,1] Kraw=turbo4_tcq Vraw=q5_1 Kshape=[256,256,4,1] Vshape=[256,256,4,1] Keff=f16 Veff=q5_1 turbo_kv=1 prefer_native_vec=0 decode=1 dk=1 dv=0 unsafe_vec_after_turbo_v_decode=0 allow_vec=1 kernel=VEC need_f16_K=0 need_f16_V=0 Knb=[68,544,136,139264] Vnb=[24,768,192,196608] Keff_nb=[2,2048,512,524288] Veff_nb=[24,768,192,196608]
CUDA_FA_ROUTE_ALLOC kernel=VEC need_f16_K=0 need_f16_V=0 workspace_end_offset=16384 dst_data=(nil) f16_K=(nil) f16_V=(nil) f16_end=0x4000
CUDA_FA_ROUTE_PLAN device=0 Q=[256,1,16,1] Kraw=turbo4_tcq Vraw=q5_1 Kshape=[256,256,4,1] Vshape=[256,256,4,1] Keff=f16 Veff=q5_1 turbo_kv=1 prefer_native_vec=0 decode=1 dk=1 dv=0 unsafe_vec_after_turbo_v_decode=0 allow_vec=1 kernel=VEC need_f16_K=0 need_f16_V=0 Knb=[68,544,136,139264] Vnb=[24,768,192,196608] Keff_nb=[2,2048,512,524288] Veff_nb=[24,768,192,196608]
CUDA_FA_ROUTE_ALLOC kernel=VEC need_f16_K=0 need_f16_V=0 workspace_end_offset=16384 dst_data=(nil) f16_K=(nil) f16_V=(nil) f16_end=0x4000
CUDA_FA_ROUTE_PLAN device=0 Q=[256,1,16,1] Kraw=turbo4_tcq Vraw=q5_1 Kshape=[256,256,4,1] Vshape=[256,256,4,1] Keff=f16 Veff=q5_1 turbo_kv=1 prefer_native_vec=0 decode=1 dk=1 dv=0 unsafe_vec_after_turbo_v_decode=0 allow_vec=1 kernel=VEC need_f16_K=0 need_f16_V=0 Knb=[68,544,136,139264] Vnb=[24,768,192,196608] Keff_nb=[2,2048,512,524288] Veff_nb=[24,768,192,196608]
CUDA_FA_ROUTE_ALLOC kernel=VEC need_f16_K=0 need_f16_V=0 workspace_end_offset=16384 dst_data=(nil) f16_K=(nil) f16_V=(nil) f16_end=0x4000
CUDA_FA_ROUTE_PLAN device=0 Q=[256,1,16,1] Kraw=turbo4_tcq Vraw=q5_1 Kshape=[256,256,4,1] Vshape=[256,256,4,1] Keff=f16 Veff=q5_1 turbo_kv=1 prefer_native_vec=0 decode=1 dk=1 dv=0 unsafe_vec_after_turbo_v_decode=0 allow_vec=1 kernel=VEC need_f16_K=0 need_f16_V=0 Knb=[68,544,136,139264] Vnb=[24,768,192,196608] Keff_nb=[2,2048,512,524288] Veff_nb=[24,768,192,196608]
CUDA_FA_ROUTE_ALLOC kernel=VEC need_f16_K=0 need_f16_V=0 workspace_end_offset=16384 dst_data=(nil) f16_K=(nil) f16_V=(nil) f16_end=0x4000
CUDA_FA_ROUTE_PLAN device=0 Q=[256,1,16,1] Kraw=turbo4_tcq Vraw=q5_1 Kshape=[256,256,4,1] Vshape=[256,256,4,1] Keff=f16 Veff=q5_1 turbo_kv=1 prefer_native_vec=0 decode=1 dk=1 dv=0 unsafe_vec_after_turbo_v_decode=0 allow_vec=1 kernel=VEC need_f16_K=0 need_f16_V=0 Knb=[68,544,136,139264] Vnb=[24,768,192,196608] Keff_nb=[2,2048,512,524288] Veff_nb=[24,768,192,196608]
CUDA_FA_ROUTE_ALLOC kernel=VEC need_f16_K=0 need_f16_V=0 workspace_end_offset=16384 dst_data=(nil) f16_K=(nil) f16_V=(nil) f16_end=0x4000
CUDA_FA_ROUTE_PLAN device=0 Q=[256,1,16,1] Kraw=turbo4_tcq Vraw=q5_1 Kshape=[256,256,4,1] Vshape=[256,256,4,1] Keff=f16 Veff=q5_1 turbo_kv=1 prefer_native_vec=0 decode=1 dk=1 dv=0 unsafe_vec_after_turbo_v_decode=0 allow_vec=1 kernel=VEC need_f16_K=0 need_f16_V=0 Knb=[68,544,136,139264] Vnb=[24,768,192,196608] Keff_nb=[2,2048,512,524288] Veff_nb=[24,768,192,196608]
CUDA_FA_ROUTE_ALLOC kernel=VEC need_f16_K=0 need_f16_V=0 workspace_end_offset=16384 dst_data=(nil) f16_K=(nil) f16_V=(nil) f16_end=0x4000
CUDA_FA_ROUTE_PLAN device=0 Q=[256,256,16,1] Kraw=turbo4_tcq Vraw=q5_1 Kshape=[256,256,4,1] Vshape=[256,256,4,1] Keff=f16 Veff=q5_1 turbo_kv=1 prefer_native_vec=0 decode=1 dk=1 dv=0 unsafe_vec_after_turbo_v_decode=0 allow_vec=1 kernel=MMA_F16 need_f16_K=0 need_f16_V=1 Knb=[68,544,136,139264] Vnb=[24,768,192,196608] Keff_nb=[2,2048,512,524288] Veff_nb=[24,768,192,196608]
CUDA_FA_ROUTE_SUPPORTED kernel=MMA_F16 effK=f16 effV=q5_1 supported=1
CUDA_FA_ROUTE_PLAN device=0 Q=[256,256,16,1] Kraw=turbo4_tcq Vraw=q5_1 Kshape=[256,256,4,1] Vshape=[256,256,4,1] Keff=f16 Veff=q5_1 turbo_kv=1 prefer_native_vec=0 decode=1 dk=1 dv=0 unsafe_vec_after_turbo_v_decode=0 allow_vec=1 kernel=MMA_F16 need_f16_K=0 need_f16_V=1 Knb=[68,544,136,139264] Vnb=[24,768,192,196608] Keff_nb=[2,2048,512,524288] Veff_nb=[24,768,192,196608]
CUDA_FA_ROUTE_SUPPORTED kernel=MMA_F16 effK=f16 effV=q5_1 supported=1
CUDA_FA_ROUTE_PLAN device=0 Q=[256,256,16,1] Kraw=turbo4_tcq Vraw=q5_1 Kshape=[256,256,4,1] Vshape=[256,256,4,1] Keff=f16 Veff=q5_1 turbo_kv=1 prefer_native_vec=0 decode=1 dk=1 dv=0 unsafe_vec_after_turbo_v_decode=0 allow_vec=1 kernel=MMA_F16 need_f16_K=0 need_f16_V=1 Knb=[68,544,136,139264] Vnb=[24,768,192,196608] Keff_nb=[2,2048,512,524288] Veff_nb=[24,768,192,196608]
CUDA_FA_ROUTE_SUPPORTED kernel=MMA_F16 effK=f16 effV=q5_1 supported=1
CUDA_FA_ROUTE_PLAN device=0 Q=[256,256,16,1] Kraw=turbo4_tcq Vraw=q5_1 Kshape=[256,256,4,1] Vshape=[256,256,4,1] Keff=f16 Veff=q5_1 turbo_kv=1 prefer_native_vec=0 decode=1 dk=1 dv=0 unsafe_vec_after_turbo_v_decode=0 allow_vec=1 kernel=MMA_F16 need_f16_K=0 need_f16_V=1 Knb=[68,544,136,139264] Vnb=[24,768,192,196608] Keff_nb=[2,2048,512,524288] Veff_nb=[24,768,192,196608]
CUDA_FA_ROUTE_SUPPORTED kernel=MMA_F16 effK=f16 effV=q5_1 supported=1
CUDA_FA_ROUTE_PLAN device=0 Q=[256,256,16,1] Kraw=turbo4_tcq Vraw=q5_1 Kshape=[256,256,4,1] Vshape=[256,256,4,1] Keff=f16 Veff=q5_1 turbo_kv=1 prefer_native_vec=0 decode=1 dk=1 dv=0 unsafe_vec_after_turbo_v_decode=0 allow_vec=1 kernel=MMA_F16 need_f16_K=0 need_f16_V=1 Knb=[68,544,136,139264] Vnb=[24,768,192,196608] Keff_nb=[2,2048,512,524288] Veff_nb=[24,768,192,196608]
CUDA_FA_ROUTE_SUPPORTED kernel=MMA_F16 effK=f16 effV=q5_1 supported=1
CUDA_FA_ROUTE_PLAN device=0 Q=[256,256,16,1] Kraw=turbo4_tcq Vraw=q5_1 Kshape=[256,256,4,1] Vshape=[256,256,4,1] Keff=f16 Veff=q5_1 turbo_kv=1 prefer_native_vec=0 decode=1 dk=1 dv=0 unsafe_vec_after_turbo_v_decode=0 allow_vec=1 kernel=MMA_F16 need_f16_K=0 need_f16_V=1 Knb=[68,544,136,139264] Vnb=[24,768,192,196608] Keff_nb=[2,2048,512,524288] Veff_nb=[24,768,192,196608]
CUDA_FA_ROUTE_SUPPORTED kernel=MMA_F16 effK=f16 effV=q5_1 supported=1
CUDA_FA_ROUTE_PLAN device=0 Q=[256,256,16,1] Kraw=turbo4_tcq Vraw=q5_1 Kshape=[256,256,4,1] Vshape=[256,256,4,1] Keff=f16 Veff=q5_1 turbo_kv=1 prefer_native_vec=0 decode=1 dk=1 dv=0 unsafe_vec_after_turbo_v_decode=0 allow_vec=1 kernel=MMA_F16 need_f16_K=0 need_f16_V=1 Knb=[68,544,136,139264] Vnb=[24,768,192,196608] Keff_nb=[2,2048,512,524288] Veff_nb=[24,768,192,196608]
CUDA_FA_ROUTE_SUPPORTED kernel=MMA_F16 effK=f16 effV=q5_1 supported=1
CUDA_FA_ROUTE_PLAN device=0 Q=[256,256,16,1] Kraw=turbo4_tcq Vraw=q5_1 Kshape=[256,256,4,1] Vshape=[256,256,4,1] Keff=f16 Veff=q5_1 turbo_kv=1 prefer_native_vec=0 decode=1 dk=1 dv=0 unsafe_vec_after_turbo_v_decode=0 allow_vec=1 kernel=MMA_F16 need_f16_K=0 need_f16_V=1 Knb=[68,544,136,139264] Vnb=[24,768,192,196608] Keff_nb=[2,2048,512,524288] Veff_nb=[24,768,192,196608]
CUDA_FA_ROUTE_SUPPORTED kernel=MMA_F16 effK=f16 effV=q5_1 supported=1
CUDA_FA_ROUTE_PLAN device=0 Q=[256,256,16,1] Kraw=turbo4_tcq Vraw=q5_1 Kshape=[256,256,4,1] Vshape=[256,256,4,1] Keff=f16 Veff=q5_1 turbo_kv=1 prefer_native_vec=0 decode=1 dk=1 dv=0 unsafe_vec_after_turbo_v_decode=0 allow_vec=1 kernel=MMA_F16 need_f16_K=0 need_f16_V=1 Knb=[68,544,136,139264] Vnb=[24,768,192,196608] Keff_nb=[2,2048,512,524288] Veff_nb=[24,768,192,196608]
CUDA_FA_ROUTE_ALLOC kernel=MMA_F16 need_f16_K=0 need_f16_V=1 workspace_end_offset=4718592 dst_data=(nil) f16_K=(nil) f16_V=0x400000 f16_end=0x480000
CUDA_FA_ROUTE_PLAN device=0 Q=[256,256,16,1] Kraw=turbo4_tcq Vraw=q5_1 Kshape=[256,256,4,1] Vshape=[256,256,4,1] Keff=f16 Veff=q5_1 turbo_kv=1 prefer_native_vec=0 decode=1 dk=1 dv=0 unsafe_vec_after_turbo_v_decode=0 allow_vec=1 kernel=MMA_F16 need_f16_K=0 need_f16_V=1 Knb=[68,544,136,139264] Vnb=[24,768,192,196608] Keff_nb=[2,2048,512,524288] Veff_nb=[24,768,192,196608]
CUDA_FA_ROUTE_ALLOC kernel=MMA_F16 need_f16_K=0 need_f16_V=1 workspace_end_offset=4718592 dst_data=(nil) f16_K=(nil) f16_V=0x400000 f16_end=0x480000
CUDA_FA_ROUTE_PLAN device=0 Q=[256,256,16,1] Kraw=turbo4_tcq Vraw=q5_1 Kshape=[256,256,4,1] Vshape=[256,256,4,1] Keff=f16 Veff=q5_1 turbo_kv=1 prefer_native_vec=0 decode=1 dk=1 dv=0 unsafe_vec_after_turbo_v_decode=0 allow_vec=1 kernel=MMA_F16 need_f16_K=0 need_f16_V=1 Knb=[68,544,136,139264] Vnb=[24,768,192,196608] Keff_nb=[2,2048,512,524288] Veff_nb=[24,768,192,196608]
CUDA_FA_ROUTE_ALLOC kernel=MMA_F16 need_f16_K=0 need_f16_V=1 workspace_end_offset=4718592 dst_data=(nil) f16_K=(nil) f16_V=0x400000 f16_end=0x480000
CUDA_FA_ROUTE_PLAN device=0 Q=[256,256,16,1] Kraw=turbo4_tcq Vraw=q5_1 Kshape=[256,256,4,1] Vshape=[256,256,4,1] Keff=f16 Veff=q5_1 turbo_kv=1 prefer_native_vec=0 decode=1 dk=1 dv=0 unsafe_vec_after_turbo_v_decode=0 allow_vec=1 kernel=MMA_F16 need_f16_K=0 need_f16_V=1 Knb=[68,544,136,139264] Vnb=[24,768,192,196608] Keff_nb=[2,2048,512,524288] Veff_nb=[24,768,192,196608]
CUDA_FA_ROUTE_ALLOC kernel=MMA_F16 need_f16_K=0 need_f16_V=1 workspace_end_offset=4718592 dst_data=(nil) f16_K=(nil) f16_V=0x400000 f16_end=0x480000
CUDA_FA_ROUTE_PLAN device=0 Q=[256,256,16,1] Kraw=turbo4_tcq Vraw=q5_1 Kshape=[256,256,4,1] Vshape=[256,256,4,1] Keff=f16 Veff=q5_1 turbo_kv=1 prefer_native_vec=0 decode=1 dk=1 dv=0 unsafe_vec_after_turbo_v_decode=0 allow_vec=1 kernel=MMA_F16 need_f16_K=0 need_f16_V=1 Knb=[68,544,136,139264] Vnb=[24,768,192,196608] Keff_nb=[2,2048,512,524288] Veff_nb=[24,768,192,196608]
CUDA_FA_ROUTE_ALLOC kernel=MMA_F16 need_f16_K=0 need_f16_V=1 workspace_end_offset=4718592 dst_data=(nil) f16_K=(nil) f16_V=0x400000 f16_end=0x480000
CUDA_FA_ROUTE_PLAN device=0 Q=[256,256,16,1] Kraw=turbo4_tcq Vraw=q5_1 Kshape=[256,256,4,1] Vshape=[256,256,4,1] Keff=f16 Veff=q5_1 turbo_kv=1 prefer_native_vec=0 decode=1 dk=1 dv=0 unsafe_vec_after_turbo_v_decode=0 allow_vec=1 kernel=MMA_F16 need_f16_K=0 need_f16_V=1 Knb=[68,544,136,139264] Vnb=[24,768,192,196608] Keff_nb=[2,2048,512,524288] Veff_nb=[24,768,192,196608]
CUDA_FA_ROUTE_ALLOC kernel=MMA_F16 need_f16_K=0 need_f16_V=1 workspace_end_offset=4718592 dst_data=(nil) f16_K=(nil) f16_V=0x400000 f16_end=0x480000
CUDA_FA_ROUTE_PLAN device=0 Q=[256,256,16,1] Kraw=turbo4_tcq Vraw=q5_1 Kshape=[256,256,4,1] Vshape=[256,256,4,1] Keff=f16 Veff=q5_1 turbo_kv=1 prefer_native_vec=0 decode=1 dk=1 dv=0 unsafe_vec_after_turbo_v_decode=0 allow_vec=1 kernel=MMA_F16 need_f16_K=0 need_f16_V=1 Knb=[68,544,136,139264] Vnb=[24,768,192,196608] Keff_nb=[2,2048,512,524288] Veff_nb=[24,768,192,196608]
CUDA_FA_ROUTE_ALLOC kernel=MMA_F16 need_f16_K=0 need_f16_V=1 workspace_end_offset=4718592 dst_data=(nil) f16_K=(nil) f16_V=0x400000 f16_end=0x480000
CUDA_FA_ROUTE_PLAN device=0 Q=[256,256,16,1] Kraw=turbo4_tcq Vraw=q5_1 Kshape=[256,256,4,1] Vshape=[256,256,4,1] Keff=f16 Veff=q5_1 turbo_kv=1 prefer_native_vec=0 decode=1 dk=1 dv=0 unsafe_vec_after_turbo_v_decode=0 allow_vec=1 kernel=MMA_F16 need_f16_K=0 need_f16_V=1 Knb=[68,544,136,139264] Vnb=[24,768,192,196608] Keff_nb=[2,2048,512,524288] Veff_nb=[24,768,192,196608]
CUDA_FA_ROUTE_ALLOC kernel=MMA_F16 need_f16_K=0 need_f16_V=1 workspace_end_offset=4718592 dst_data=(nil) f16_K=(nil) f16_V=0x400000 f16_end=0x480000
CUDA_FA_ROUTE_PLAN device=0 Q=[256,256,16,1] Kraw=turbo4_tcq Vraw=q5_1 Kshape=[256,256,4,1] Vshape=[256,256,4,1] Keff=f16 Veff=q5_1 turbo_kv=1 prefer_native_vec=0 decode=1 dk=1 dv=0 unsafe_vec_after_turbo_v_decode=0 allow_vec=1 kernel=MMA_F16 need_f16_K=0 need_f16_V=1 Knb=[68,544,136,139264] Vnb=[24,768,192,196608] Keff_nb=[2,2048,512,524288] Veff_nb=[24,768,192,196608]
CUDA_FA_ROUTE_ALLOC kernel=MMA_F16 need_f16_K=0 need_f16_V=1 workspace_end_offset=4718592 dst_data=(nil) f16_K=(nil) f16_V=0x400000 f16_end=0x480000
CUDA_FA_ROUTE_PLAN device=0 Q=[256,256,16,1] Kraw=turbo4_tcq Vraw=q5_1 Kshape=[256,256,4,1] Vshape=[256,256,4,1] Keff=f16 Veff=q5_1 turbo_kv=1 prefer_native_vec=0 decode=1 dk=1 dv=0 unsafe_vec_after_turbo_v_decode=0 allow_vec=1 kernel=MMA_F16 need_f16_K=0 need_f16_V=1 Knb=[68,544,136,139264] Vnb=[24,768,192,196608] Keff_nb=[2,2048,512,524288] Veff_nb=[24,768,192,196608]
CUDA_FA_ROUTE_ALLOC kernel=MMA_F16 need_f16_K=0 need_f16_V=1 workspace_end_offset=4718592 dst_data=(nil) f16_K=(nil) f16_V=0x400000 f16_end=0x480000
CUDA_FA_ROUTE_PLAN device=0 Q=[256,256,16,1] Kraw=turbo4_tcq Vraw=q5_1 Kshape=[256,256,4,1] Vshape=[256,256,4,1] Keff=f16 Veff=q5_1 turbo_kv=1 prefer_native_vec=0 decode=1 dk=1 dv=0 unsafe_vec_after_turbo_v_decode=0 allow_vec=1 kernel=MMA_F16 need_f16_K=0 need_f16_V=1 Knb=[68,544,136,139264] Vnb=[24,768,192,196608] Keff_nb=[2,2048,512,524288] Veff_nb=[24,768,192,196608]
CUDA_FA_ROUTE_ALLOC kernel=MMA_F16 need_f16_K=0 need_f16_V=1 workspace_end_offset=4718592 dst_data=(nil) f16_K=(nil) f16_V=0x400000 f16_end=0x480000
CUDA_FA_ROUTE_PLAN device=0 Q=[256,256,16,1] Kraw=turbo4_tcq Vraw=q5_1 Kshape=[256,256,4,1] Vshape=[256,256,4,1] Keff=f16 Veff=q5_1 turbo_kv=1 prefer_native_vec=0 decode=1 dk=1 dv=0 unsafe_vec_after_turbo_v_decode=0 allow_vec=1 kernel=MMA_F16 need_f16_K=0 need_f16_V=1 Knb=[68,544,136,139264] Vnb=[24,768,192,196608] Keff_nb=[2,2048,512,524288] Veff_nb=[24,768,192,196608]
CUDA_FA_ROUTE_ALLOC kernel=MMA_F16 need_f16_K=0 need_f16_V=1 workspace_end_offset=4718592 dst_data=(nil) f16_K=(nil) f16_V=0x400000 f16_end=0x480000
CUDA_FA_ROUTE_PLAN device=0 Q=[256,256,16,1] Kraw=turbo4_tcq Vraw=q5_1 Kshape=[256,256,4,1] Vshape=[256,256,4,1] Keff=f16 Veff=q5_1 turbo_kv=1 prefer_native_vec=0 decode=1 dk=1 dv=0 unsafe_vec_after_turbo_v_decode=0 allow_vec=1 kernel=MMA_F16 need_f16_K=0 need_f16_V=1 Knb=[68,544,136,139264] Vnb=[24,768,192,196608] Keff_nb=[2,2048,512,524288] Veff_nb=[24,768,192,196608]
CUDA_FA_ROUTE_ALLOC kernel=MMA_F16 need_f16_K=0 need_f16_V=1 workspace_end_offset=4718592 dst_data=(nil) f16_K=(nil) f16_V=0x400000 f16_end=0x480000
CUDA_FA_ROUTE_PLAN device=0 Q=[256,256,16,1] Kraw=turbo4_tcq Vraw=q5_1 Kshape=[256,256,4,1] Vshape=[256,256,4,1] Keff=f16 Veff=q5_1 turbo_kv=1 prefer_native_vec=0 decode=1 dk=1 dv=0 unsafe_vec_after_turbo_v_decode=0 allow_vec=1 kernel=MMA_F16 need_f16_K=0 need_f16_V=1 Knb=[68,544,136,139264] Vnb=[24,768,192,196608] Keff_nb=[2,2048,512,524288] Veff_nb=[24,768,192,196608]
CUDA_FA_ROUTE_ALLOC kernel=MMA_F16 need_f16_K=0 need_f16_V=1 workspace_end_offset=4718592 dst_data=(nil) f16_K=(nil) f16_V=0x400000 f16_end=0x480000
CUDA_FA_ROUTE_PLAN device=0 Q=[256,256,16,1] Kraw=turbo4_tcq Vraw=q5_1 Kshape=[256,256,4,1] Vshape=[256,256,4,1] Keff=f16 Veff=q5_1 turbo_kv=1 prefer_native_vec=0 decode=1 dk=1 dv=0 unsafe_vec_after_turbo_v_decode=0 allow_vec=1 kernel=MMA_F16 need_f16_K=0 need_f16_V=1 Knb=[68,544,136,139264] Vnb=[24,768,192,196608] Keff_nb=[2,2048,512,524288] Veff_nb=[24,768,192,196608]
CUDA_FA_ROUTE_ALLOC kernel=MMA_F16 need_f16_K=0 need_f16_V=1 workspace_end_offset=4718592 dst_data=(nil) f16_K=(nil) f16_V=0x400000 f16_end=0x480000
CUDA_FA_ROUTE_PLAN device=0 Q=[256,256,16,1] Kraw=turbo4_tcq Vraw=q5_1 Kshape=[256,256,4,1] Vshape=[256,256,4,1] Keff=f16 Veff=q5_1 turbo_kv=1 prefer_native_vec=0 decode=1 dk=1 dv=0 unsafe_vec_after_turbo_v_decode=0 allow_vec=1 kernel=MMA_F16 need_f16_K=0 need_f16_V=1 Knb=[68,544,136,139264] Vnb=[24,768,192,196608] Keff_nb=[2,2048,512,524288] Veff_nb=[24,768,192,196608]
CUDA_FA_ROUTE_ALLOC kernel=MMA_F16 need_f16_K=0 need_f16_V=1 workspace_end_offset=4718592 dst_data=(nil) f16_K=(nil) f16_V=0x400000 f16_end=0x480000
CUDA_FA_ROUTE_PLAN device=0 Q=[256,256,16,1] Kraw=turbo4_tcq Vraw=q5_1 Kshape=[256,256,4,1] Vshape=[256,256,4,1] Keff=f16 Veff=q5_1 turbo_kv=1 prefer_native_vec=0 decode=1 dk=1 dv=0 unsafe_vec_after_turbo_v_decode=0 allow_vec=1 kernel=MMA_F16 need_f16_K=0 need_f16_V=1 Knb=[68,544,136,139264] Vnb=[24,768,192,196608] Keff_nb=[2,2048,512,524288] Veff_nb=[24,768,192,196608]
CUDA_FA_ROUTE_ALLOC kernel=MMA_F16 need_f16_K=0 need_f16_V=1 workspace_end_offset=4718592 dst_data=(nil) f16_K=(nil) f16_V=0x400000 f16_end=0x480000
CUDA_FA_ROUTE_PLAN device=0 Q=[256,256,16,1] Kraw=turbo4_tcq Vraw=q5_1 Kshape=[256,256,4,1] Vshape=[256,256,4,1] Keff=f16 Veff=q5_1 turbo_kv=1 prefer_native_vec=0 decode=1 dk=1 dv=0 unsafe_vec_after_turbo_v_decode=0 allow_vec=1 kernel=MMA_F16 need_f16_K=0 need_f16_V=1 Knb=[68,544,136,139264] Vnb=[24,768,192,196608] Keff_nb=[2,2048,512,524288] Veff_nb=[24,768,192,196608]
CUDA_FA_ROUTE_ALLOC kernel=MMA_F16 need_f16_K=0 need_f16_V=1 workspace_end_offset=4718592 dst_data=(nil) f16_K=(nil) f16_V=0x400000 f16_end=0x480000
CUDA_FA_ROUTE_PLAN device=0 Q=[256,256,16,1] Kraw=turbo4_tcq Vraw=q5_1 Kshape=[256,256,4,1] Vshape=[256,256,4,1] Keff=f16 Veff=q5_1 turbo_kv=1 prefer_native_vec=0 decode=1 dk=1 dv=0 unsafe_vec_after_turbo_v_decode=0 allow_vec=1 kernel=MMA_F16 need_f16_K=0 need_f16_V=1 Knb=[68,544,136,139264] Vnb=[24,768,192,196608] Keff_nb=[2,2048,512,524288] Veff_nb=[24,768,192,196608]
CUDA_FA_ROUTE_ALLOC kernel=MMA_F16 need_f16_K=0 need_f16_V=1 workspace_end_offset=4718592 dst_data=(nil) f16_K=(nil) f16_V=0x400000 f16_end=0x480000
CUDA_FA_ROUTE_PLAN device=0 Q=[256,256,16,1] Kraw=turbo4_tcq Vraw=q5_1 Kshape=[256,256,4,1] Vshape=[256,256,4,1] Keff=f16 Veff=q5_1 turbo_kv=1 prefer_native_vec=0 decode=1 dk=1 dv=0 unsafe_vec_after_turbo_v_decode=0 allow_vec=1 kernel=MMA_F16 need_f16_K=0 need_f16_V=1 Knb=[68,544,136,139264] Vnb=[24,768,192,196608] Keff_nb=[2,2048,512,524288] Veff_nb=[24,768,192,196608]
CUDA_FA_ROUTE_ALLOC kernel=MMA_F16 need_f16_K=0 need_f16_V=1 workspace_end_offset=4718592 dst_data=(nil) f16_K=(nil) f16_V=0x400000 f16_end=0x480000
CUDA_FA_ROUTE_PLAN device=0 Q=[256,256,16,1] Kraw=turbo4_tcq Vraw=q5_1 Kshape=[256,256,4,1] Vshape=[256,256,4,1] Keff=f16 Veff=q5_1 turbo_kv=1 prefer_native_vec=0 decode=1 dk=1 dv=0 unsafe_vec_after_turbo_v_decode=0 allow_vec=1 kernel=MMA_F16 need_f16_K=0 need_f16_V=1 Knb=[68,544,136,139264] Vnb=[24,768,192,196608] Keff_nb=[2,2048,512,524288] Veff_nb=[24,768,192,196608]
CUDA_FA_ROUTE_ALLOC kernel=MMA_F16 need_f16_K=0 need_f16_V=1 workspace_end_offset=4718592 dst_data=(nil) f16_K=(nil) f16_V=0x400000 f16_end=0x480000
CUDA_FA_ROUTE_PLAN device=0 Q=[256,256,16,1] Kraw=turbo4_tcq Vraw=q5_1 Kshape=[256,256,4,1] Vshape=[256,256,4,1] Keff=f16 Veff=q5_1 turbo_kv=1 prefer_native_vec=0 decode=1 dk=1 dv=0 unsafe_vec_after_turbo_v_decode=0 allow_vec=1 kernel=MMA_F16 need_f16_K=0 need_f16_V=1 Knb=[68,544,136,139264] Vnb=[24,768,192,196608] Keff_nb=[2,2048,512,524288] Veff_nb=[24,768,192,196608]
CUDA_FA_ROUTE_ALLOC kernel=MMA_F16 need_f16_K=0 need_f16_V=1 workspace_end_offset=4718592 dst_data=(nil) f16_K=(nil) f16_V=0x400000 f16_end=0x480000
CUDA_FA_ROUTE_PLAN device=0 Q=[256,256,16,1] Kraw=turbo4_tcq Vraw=q5_1 Kshape=[256,256,4,1] Vshape=[256,256,4,1] Keff=f16 Veff=q5_1 turbo_kv=1 prefer_native_vec=0 decode=1 dk=1 dv=0 unsafe_vec_after_turbo_v_decode=0 allow_vec=1 kernel=MMA_F16 need_f16_K=0 need_f16_V=1 Knb=[68,544,136,139264] Vnb=[24,768,192,196608] Keff_nb=[2,2048,512,524288] Veff_nb=[24,768,192,196608]
CUDA_FA_ROUTE_ALLOC kernel=MMA_F16 need_f16_K=0 need_f16_V=1 workspace_end_offset=4718592 dst_data=(nil) f16_K=(nil) f16_V=0x400000 f16_end=0x480000
CUDA_FA_ROUTE_PLAN device=0 Q=[256,256,16,1] Kraw=turbo4_tcq Vraw=q5_1 Kshape=[256,256,4,1] Vshape=[256,256,4,1] Keff=f16 Veff=q5_1 turbo_kv=1 prefer_native_vec=0 decode=1 dk=1 dv=0 unsafe_vec_after_turbo_v_decode=0 allow_vec=1 kernel=MMA_F16 need_f16_K=0 need_f16_V=1 Knb=[68,544,136,139264] Vnb=[24,768,192,196608] Keff_nb=[2,2048,512,524288] Veff_nb=[24,768,192,196608]
CUDA_FA_ROUTE_ALLOC kernel=MMA_F16 need_f16_K=0 need_f16_V=1 workspace_end_offset=4718592 dst_data=(nil) f16_K=(nil) f16_V=0x400000 f16_end=0x480000
CUDA_FA_ROUTE_PLAN device=0 Q=[256,256,16,1] Kraw=turbo4_tcq Vraw=q5_1 Kshape=[256,256,4,1] Vshape=[256,256,4,1] Keff=f16 Veff=q5_1 turbo_kv=1 prefer_native_vec=0 decode=1 dk=1 dv=0 unsafe_vec_after_turbo_v_decode=0 allow_vec=1 kernel=MMA_F16 need_f16_K=0 need_f16_V=1 Knb=[68,544,136,139264] Vnb=[24,768,192,196608] Keff_nb=[2,2048,512,524288] Veff_nb=[24,768,192,196608]
CUDA_FA_ROUTE_ALLOC kernel=MMA_F16 need_f16_K=0 need_f16_V=1 workspace_end_offset=4718592 dst_data=(nil) f16_K=(nil) f16_V=0x400000 f16_end=0x480000
CUDA_FA_ROUTE_PLAN device=0 Q=[256,256,16,1] Kraw=turbo4_tcq Vraw=q5_1 Kshape=[256,256,4,1] Vshape=[256,256,4,1] Keff=f16 Veff=q5_1 turbo_kv=1 prefer_native_vec=0 decode=1 dk=1 dv=0 unsafe_vec_after_turbo_v_decode=0 allow_vec=1 kernel=MMA_F16 need_f16_K=0 need_f16_V=1 Knb=[68,544,136,139264] Vnb=[24,768,192,196608] Keff_nb=[2,2048,512,524288] Veff_nb=[24,768,192,196608]
CUDA_FA_ROUTE_ALLOC kernel=MMA_F16 need_f16_K=0 need_f16_V=1 workspace_end_offset=4718592 dst_data=(nil) f16_K=(nil) f16_V=0x400000 f16_end=0x480000
CUDA_FA_ROUTE_PLAN device=0 Q=[256,256,16,1] Kraw=turbo4_tcq Vraw=q5_1 Kshape=[256,256,4,1] Vshape=[256,256,4,1] Keff=f16 Veff=q5_1 turbo_kv=1 prefer_native_vec=0 decode=1 dk=1 dv=0 unsafe_vec_after_turbo_v_decode=0 allow_vec=1 kernel=MMA_F16 need_f16_K=0 need_f16_V=1 Knb=[68,544,136,139264] Vnb=[24,768,192,196608] Keff_nb=[2,2048,512,524288] Veff_nb=[24,768,192,196608]
CUDA_FA_ROUTE_ALLOC kernel=MMA_F16 need_f16_K=0 need_f16_V=1 workspace_end_offset=4718592 dst_data=(nil) f16_K=(nil) f16_V=0x400000 f16_end=0x480000
CUDA_FA_ROUTE_PLAN device=0 Q=[256,256,16,1] Kraw=turbo4_tcq Vraw=q5_1 Kshape=[256,256,4,1] Vshape=[256,256,4,1] Keff=f16 Veff=q5_1 turbo_kv=1 prefer_native_vec=0 decode=1 dk=1 dv=0 unsafe_vec_after_turbo_v_decode=0 allow_vec=1 kernel=MMA_F16 need_f16_K=0 need_f16_V=1 Knb=[68,544,136,139264] Vnb=[24,768,192,196608] Keff_nb=[2,2048,512,524288] Veff_nb=[24,768,192,196608]
CUDA_FA_ROUTE_ALLOC kernel=MMA_F16 need_f16_K=0 need_f16_V=1 workspace_end_offset=4718592 dst_data=(nil) f16_K=(nil) f16_V=0x400000 f16_end=0x480000
CUDA_FA_ROUTE_PLAN device=0 Q=[256,256,16,1] Kraw=turbo4_tcq Vraw=q5_1 Kshape=[256,256,4,1] Vshape=[256,256,4,1] Keff=f16 Veff=q5_1 turbo_kv=1 prefer_native_vec=0 decode=1 dk=1 dv=0 unsafe_vec_after_turbo_v_decode=0 allow_vec=1 kernel=MMA_F16 need_f16_K=0 need_f16_V=1 Knb=[68,544,136,139264] Vnb=[24,768,192,196608] Keff_nb=[2,2048,512,524288] Veff_nb=[24,768,192,196608]
CUDA_FA_ROUTE_ALLOC kernel=MMA_F16 need_f16_K=0 need_f16_V=1 workspace_end_offset=4718592 dst_data=(nil) f16_K=(nil) f16_V=0x400000 f16_end=0x480000
CUDA_FA_ROUTE_PLAN device=0 Q=[256,256,16,1] Kraw=turbo4_tcq Vraw=q5_1 Kshape=[256,256,4,1] Vshape=[256,256,4,1] Keff=f16 Veff=q5_1 turbo_kv=1 prefer_native_vec=0 decode=1 dk=1 dv=0 unsafe_vec_after_turbo_v_decode=0 allow_vec=1 kernel=MMA_F16 need_f16_K=0 need_f16_V=1 Knb=[68,544,136,139264] Vnb=[24,768,192,196608] Keff_nb=[2,2048,512,524288] Veff_nb=[24,768,192,196608]
CUDA_FA_ROUTE_ALLOC kernel=MMA_F16 need_f16_K=0 need_f16_V=1 workspace_end_offset=4718592 dst_data=(nil) f16_K=(nil) f16_V=0x400000 f16_end=0x480000
CUDA_FA_ROUTE_PLAN device=0 Q=[256,256,16,1] Kraw=turbo4_tcq Vraw=q5_1 Kshape=[256,256,4,1] Vshape=[256,256,4,1] Keff=f16 Veff=q5_1 turbo_kv=1 prefer_native_vec=0 decode=1 dk=1 dv=0 unsafe_vec_after_turbo_v_decode=0 allow_vec=1 kernel=MMA_F16 need_f16_K=0 need_f16_V=1 Knb=[68,544,136,139264] Vnb=[24,768,192,196608] Keff_nb=[2,2048,512,524288] Veff_nb=[24,768,192,196608]
CUDA_FA_ROUTE_ALLOC kernel=MMA_F16 need_f16_K=0 need_f16_V=1 workspace_end_offset=4718592 dst_data=(nil) f16_K=(nil) f16_V=0x400000 f16_end=0x480000
CUDA_FA_ROUTE_PLAN device=0 Q=[256,256,16,1] Kraw=turbo4_tcq Vraw=q5_1 Kshape=[256,256,4,1] Vshape=[256,256,4,1] Keff=f16 Veff=q5_1 turbo_kv=1 prefer_native_vec=0 decode=1 dk=1 dv=0 unsafe_vec_after_turbo_v_decode=0 allow_vec=1 kernel=MMA_F16 need_f16_K=0 need_f16_V=1 Knb=[68,544,136,139264] Vnb=[24,768,192,196608] Keff_nb=[2,2048,512,524288] Veff_nb=[24,768,192,196608]
CUDA_FA_ROUTE_ALLOC kernel=MMA_F16 need_f16_K=0 need_f16_V=1 workspace_end_offset=4718592 dst_data=(nil) f16_K=(nil) f16_V=0x400000 f16_end=0x480000
CUDA_FA_ROUTE_PLAN device=0 Q=[256,2,16,1] Kraw=turbo4_tcq Vraw=q5_1 Kshape=[256,256,4,1] Vshape=[256,256,4,1] Keff=f16 Veff=q5_1 turbo_kv=1 prefer_native_vec=0 decode=1 dk=1 dv=0 unsafe_vec_after_turbo_v_decode=0 allow_vec=1 kernel=MMA_F16 need_f16_K=0 need_f16_V=1 Knb=[68,544,136,139264] Vnb=[24,768,192,196608] Keff_nb=[2,2048,512,524288] Veff_nb=[24,768,192,196608]
CUDA_FA_ROUTE_SUPPORTED kernel=MMA_F16 effK=f16 effV=q5_1 supported=1
CUDA_FA_ROUTE_PLAN device=0 Q=[256,2,16,1] Kraw=turbo4_tcq Vraw=q5_1 Kshape=[256,256,4,1] Vshape=[256,256,4,1] Keff=f16 Veff=q5_1 turbo_kv=1 prefer_native_vec=0 decode=1 dk=1 dv=0 unsafe_vec_after_turbo_v_decode=0 allow_vec=1 kernel=MMA_F16 need_f16_K=0 need_f16_V=1 Knb=[68,544,136,139264] Vnb=[24,768,192,196608] Keff_nb=[2,2048,512,524288] Veff_nb=[24,768,192,196608]
CUDA_FA_ROUTE_SUPPORTED kernel=MMA_F16 effK=f16 effV=q5_1 supported=1
CUDA_FA_ROUTE_PLAN device=0 Q=[256,2,16,1] Kraw=turbo4_tcq Vraw=q5_1 Kshape=[256,256,4,1] Vshape=[256,256,4,1] Keff=f16 Veff=q5_1 turbo_kv=1 prefer_native_vec=0 decode=1 dk=1 dv=0 unsafe_vec_after_turbo_v_decode=0 allow_vec=1 kernel=MMA_F16 need_f16_K=0 need_f16_V=1 Knb=[68,544,136,139264] Vnb=[24,768,192,196608] Keff_nb=[2,2048,512,524288] Veff_nb=[24,768,192,196608]
CUDA_FA_ROUTE_SUPPORTED kernel=MMA_F16 effK=f16 effV=q5_1 supported=1
CUDA_FA_ROUTE_PLAN device=0 Q=[256,2,16,1] Kraw=turbo4_tcq Vraw=q5_1 Kshape=[256,256,4,1] Vshape=[256,256,4,1] Keff=f16 Veff=q5_1 turbo_kv=1 prefer_native_vec=0 decode=1 dk=1 dv=0 unsafe_vec_after_turbo_v_decode=0 allow_vec=1 kernel=MMA_F16 need_f16_K=0 need_f16_V=1 Knb=[68,544,136,139264] Vnb=[24,768,192,196608] Keff_nb=[2,2048,512,524288] Veff_nb=[24,768,192,196608]
CUDA_FA_ROUTE_SUPPORTED kernel=MMA_F16 effK=f16 effV=q5_1 supported=1
CUDA_FA_ROUTE_PLAN device=0 Q=[256,2,16,1] Kraw=turbo4_tcq Vraw=q5_1 Kshape=[256,256,4,1] Vshape=[256,256,4,1] Keff=f16 Veff=q5_1 turbo_kv=1 prefer_native_vec=0 decode=1 dk=1 dv=0 unsafe_vec_after_turbo_v_decode=0 allow_vec=1 kernel=MMA_F16 need_f16_K=0 need_f16_V=1 Knb=[68,544,136,139264] Vnb=[24,768,192,196608] Keff_nb=[2,2048,512,524288] Veff_nb=[24,768,192,196608]
CUDA_FA_ROUTE_SUPPORTED kernel=MMA_F16 effK=f16 effV=q5_1 supported=1
CUDA_FA_ROUTE_PLAN device=0 Q=[256,2,16,1] Kraw=turbo4_tcq Vraw=q5_1 Kshape=[256,256,4,1] Vshape=[256,256,4,1] Keff=f16 Veff=q5_1 turbo_kv=1 prefer_native_vec=0 decode=1 dk=1 dv=0 unsafe_vec_after_turbo_v_decode=0 allow_vec=1 kernel=MMA_F16 need_f16_K=0 need_f16_V=1 Knb=[68,544,136,139264] Vnb=[24,768,192,196608] Keff_nb=[2,2048,512,524288] Veff_nb=[24,768,192,196608]
CUDA_FA_ROUTE_SUPPORTED kernel=MMA_F16 effK=f16 effV=q5_1 supported=1
CUDA_FA_ROUTE_PLAN device=0 Q=[256,2,16,1] Kraw=turbo4_tcq Vraw=q5_1 Kshape=[256,256,4,1] Vshape=[256,256,4,1] Keff=f16 Veff=q5_1 turbo_kv=1 prefer_native_vec=0 decode=1 dk=1 dv=0 unsafe_vec_after_turbo_v_decode=0 allow_vec=1 kernel=MMA_F16 need_f16_K=0 need_f16_V=1 Knb=[68,544,136,139264] Vnb=[24,768,192,196608] Keff_nb=[2,2048,512,524288] Veff_nb=[24,768,192,196608]
CUDA_FA_ROUTE_SUPPORTED kernel=MMA_F16 effK=f16 effV=q5_1 supported=1
CUDA_FA_ROUTE_PLAN device=0 Q=[256,2,16,1] Kraw=turbo4_tcq Vraw=q5_1 Kshape=[256,256,4,1] Vshape=[256,256,4,1] Keff=f16 Veff=q5_1 turbo_kv=1 prefer_native_vec=0 decode=1 dk=1 dv=0 unsafe_vec_after_turbo_v_decode=0 allow_vec=1 kernel=MMA_F16 need_f16_K=0 need_f16_V=1 Knb=[68,544,136,139264] Vnb=[24,768,192,196608] Keff_nb=[2,2048,512,524288] Veff_nb=[24,768,192,196608]
CUDA_FA_ROUTE_SUPPORTED kernel=MMA_F16 effK=f16 effV=q5_1 supported=1
CUDA_FA_ROUTE_PLAN device=0 Q=[256,2,16,1] Kraw=turbo4_tcq Vraw=q5_1 Kshape=[256,256,4,1] Vshape=[256,256,4,1] Keff=f16 Veff=q5_1 turbo_kv=1 prefer_native_vec=0 decode=1 dk=1 dv=0 unsafe_vec_after_turbo_v_decode=0 allow_vec=1 kernel=MMA_F16 need_f16_K=0 need_f16_V=1 Knb=[68,544,136,139264] Vnb=[24,768,192,196608] Keff_nb=[2,2048,512,524288] Veff_nb=[24,768,192,196608]
CUDA_FA_ROUTE_ALLOC kernel=MMA_F16 need_f16_K=0 need_f16_V=1 workspace_end_offset=557056 dst_data=(nil) f16_K=(nil) f16_V=0x8000 f16_end=0x88000
CUDA_FA_ROUTE_PLAN device=0 Q=[256,2,16,1] Kraw=turbo4_tcq Vraw=q5_1 Kshape=[256,256,4,1] Vshape=[256,256,4,1] Keff=f16 Veff=q5_1 turbo_kv=1 prefer_native_vec=0 decode=1 dk=1 dv=0 unsafe_vec_after_turbo_v_decode=0 allow_vec=1 kernel=MMA_F16 need_f16_K=0 need_f16_V=1 Knb=[68,544,136,139264] Vnb=[24,768,192,196608] Keff_nb=[2,2048,512,524288] Veff_nb=[24,768,192,196608]
CUDA_FA_ROUTE_ALLOC kernel=MMA_F16 need_f16_K=0 need_f16_V=1 workspace_end_offset=557056 dst_data=(nil) f16_K=(nil) f16_V=0x8000 f16_end=0x88000
CUDA_FA_ROUTE_PLAN device=0 Q=[256,2,16,1] Kraw=turbo4_tcq Vraw=q5_1 Kshape=[256,256,4,1] Vshape=[256,256,4,1] Keff=f16 Veff=q5_1 turbo_kv=1 prefer_native_vec=0 decode=1 dk=1 dv=0 unsafe_vec_after_turbo_v_decode=0 allow_vec=1 kernel=MMA_F16 need_f16_K=0 need_f16_V=1 Knb=[68,544,136,139264] Vnb=[24,768,192,196608] Keff_nb=[2,2048,512,524288] Veff_nb=[24,768,192,196608]
CUDA_FA_ROUTE_ALLOC kernel=MMA_F16 need_f16_K=0 need_f16_V=1 workspace_end_offset=557056 dst_data=(nil) f16_K=(nil) f16_V=0x8000 f16_end=0x88000
CUDA_FA_ROUTE_PLAN device=0 Q=[256,2,16,1] Kraw=turbo4_tcq Vraw=q5_1 Kshape=[256,256,4,1] Vshape=[256,256,4,1] Keff=f16 Veff=q5_1 turbo_kv=1 prefer_native_vec=0 decode=1 dk=1 dv=0 unsafe_vec_after_turbo_v_decode=0 allow_vec=1 kernel=MMA_F16 need_f16_K=0 need_f16_V=1 Knb=[68,544,136,139264] Vnb=[24,768,192,196608] Keff_nb=[2,2048,512,524288] Veff_nb=[24,768,192,196608]
CUDA_FA_ROUTE_ALLOC kernel=MMA_F16 need_f16_K=0 need_f16_V=1 workspace_end_offset=557056 dst_data=(nil) f16_K=(nil) f16_V=0x8000 f16_end=0x88000
CUDA_FA_ROUTE_PLAN device=0 Q=[256,2,16,1] Kraw=turbo4_tcq Vraw=q5_1 Kshape=[256,256,4,1] Vshape=[256,256,4,1] Keff=f16 Veff=q5_1 turbo_kv=1 prefer_native_vec=0 decode=1 dk=1 dv=0 unsafe_vec_after_turbo_v_decode=0 allow_vec=1 kernel=MMA_F16 need_f16_K=0 need_f16_V=1 Knb=[68,544,136,139264] Vnb=[24,768,192,196608] Keff_nb=[2,2048,512,524288] Veff_nb=[24,768,192,196608]
CUDA_FA_ROUTE_ALLOC kernel=MMA_F16 need_f16_K=0 need_f16_V=1 workspace_end_offset=557056 dst_data=(nil) f16_K=(nil) f16_V=0x8000 f16_end=0x88000
CUDA_FA_ROUTE_PLAN device=0 Q=[256,2,16,1] Kraw=turbo4_tcq Vraw=q5_1 Kshape=[256,256,4,1] Vshape=[256,256,4,1] Keff=f16 Veff=q5_1 turbo_kv=1 prefer_native_vec=0 decode=1 dk=1 dv=0 unsafe_vec_after_turbo_v_decode=0 allow_vec=1 kernel=MMA_F16 need_f16_K=0 need_f16_V=1 Knb=[68,544,136,139264] Vnb=[24,768,192,196608] Keff_nb=[2,2048,512,524288] Veff_nb=[24,768,192,196608]
CUDA_FA_ROUTE_ALLOC kernel=MMA_F16 need_f16_K=0 need_f16_V=1 workspace_end_offset=557056 dst_data=(nil) f16_K=(nil) f16_V=0x8000 f16_end=0x88000
CUDA_FA_ROUTE_PLAN device=0 Q=[256,2,16,1] Kraw=turbo4_tcq Vraw=q5_1 Kshape=[256,256,4,1] Vshape=[256,256,4,1] Keff=f16 Veff=q5_1 turbo_kv=1 prefer_native_vec=0 decode=1 dk=1 dv=0 unsafe_vec_after_turbo_v_decode=0 allow_vec=1 kernel=MMA_F16 need_f16_K=0 need_f16_V=1 Knb=[68,544,136,139264] Vnb=[24,768,192,196608] Keff_nb=[2,2048,512,524288] Veff_nb=[24,768,192,196608]
CUDA_FA_ROUTE_ALLOC kernel=MMA_F16 need_f16_K=0 need_f16_V=1 workspace_end_offset=557056 dst_data=(nil) f16_K=(nil) f16_V=0x8000 f16_end=0x88000
CUDA_FA_ROUTE_PLAN device=0 Q=[256,2,16,1] Kraw=turbo4_tcq Vraw=q5_1 Kshape=[256,256,4,1] Vshape=[256,256,4,1] Keff=f16 Veff=q5_1 turbo_kv=1 prefer_native_vec=0 decode=1 dk=1 dv=0 unsafe_vec_after_turbo_v_decode=0 allow_vec=1 kernel=MMA_F16 need_f16_K=0 need_f16_V=1 Knb=[68,544,136,139264] Vnb=[24,768,192,196608] Keff_nb=[2,2048,512,524288] Veff_nb=[24,768,192,196608]
CUDA_FA_ROUTE_ALLOC kernel=MMA_F16 need_f16_K=0 need_f16_V=1 workspace_end_offset=557056 dst_data=(nil) f16_K=(nil) f16_V=0x8000 f16_end=0x88000
CUDA_FA_ROUTE_PLAN device=0 Q=[256,2,16,1] Kraw=turbo4_tcq Vraw=q5_1 Kshape=[256,256,4,1] Vshape=[256,256,4,1] Keff=f16 Veff=q5_1 turbo_kv=1 prefer_native_vec=0 decode=1 dk=1 dv=0 unsafe_vec_after_turbo_v_decode=0 allow_vec=1 kernel=MMA_F16 need_f16_K=0 need_f16_V=1 Knb=[68,544,136,139264] Vnb=[24,768,192,196608] Keff_nb=[2,2048,512,524288] Veff_nb=[24,768,192,196608]
CUDA_FA_ROUTE_ALLOC kernel=MMA_F16 need_f16_K=0 need_f16_V=1 workspace_end_offset=557056 dst_data=(nil) f16_K=(nil) f16_V=0x8000 f16_end=0x88000
CUDA_FA_ROUTE_PLAN device=0 Q=[256,2,16,1] Kraw=turbo4_tcq Vraw=q5_1 Kshape=[256,256,4,1] Vshape=[256,256,4,1] Keff=f16 Veff=q5_1 turbo_kv=1 prefer_native_vec=0 decode=1 dk=1 dv=0 unsafe_vec_after_turbo_v_decode=0 allow_vec=1 kernel=MMA_F16 need_f16_K=0 need_f16_V=1 Knb=[68,544,136,139264] Vnb=[24,768,192,196608] Keff_nb=[2,2048,512,524288] Veff_nb=[24,768,192,196608]
CUDA_FA_ROUTE_ALLOC kernel=MMA_F16 need_f16_K=0 need_f16_V=1 workspace_end_offset=557056 dst_data=(nil) f16_K=(nil) f16_V=0x8000 f16_end=0x88000
CUDA_FA_ROUTE_PLAN device=0 Q=[256,2,16,1] Kraw=turbo4_tcq Vraw=q5_1 Kshape=[256,256,4,1] Vshape=[256,256,4,1] Keff=f16 Veff=q5_1 turbo_kv=1 prefer_native_vec=0 decode=1 dk=1 dv=0 unsafe_vec_after_turbo_v_decode=0 allow_vec=1 kernel=MMA_F16 need_f16_K=0 need_f16_V=1 Knb=[68,544,136,139264] Vnb=[24,768,192,196608] Keff_nb=[2,2048,512,524288] Veff_nb=[24,768,192,196608]
CUDA_FA_ROUTE_ALLOC kernel=MMA_F16 need_f16_K=0 need_f16_V=1 workspace_end_offset=557056 dst_data=(nil) f16_K=(nil) f16_V=0x8000 f16_end=0x88000
CUDA_FA_ROUTE_PLAN device=0 Q=[256,2,16,1] Kraw=turbo4_tcq Vraw=q5_1 Kshape=[256,256,4,1] Vshape=[256,256,4,1] Keff=f16 Veff=q5_1 turbo_kv=1 prefer_native_vec=0 decode=1 dk=1 dv=0 unsafe_vec_after_turbo_v_decode=0 allow_vec=1 kernel=MMA_F16 need_f16_K=0 need_f16_V=1 Knb=[68,544,136,139264] Vnb=[24,768,192,196608] Keff_nb=[2,2048,512,524288] Veff_nb=[24,768,192,196608]
CUDA_FA_ROUTE_ALLOC kernel=MMA_F16 need_f16_K=0 need_f16_V=1 workspace_end_offset=557056 dst_data=(nil) f16_K=(nil) f16_V=0x8000 f16_end=0x88000
CUDA_FA_ROUTE_PLAN device=0 Q=[256,2,16,1] Kraw=turbo4_tcq Vraw=q5_1 Kshape=[256,256,4,1] Vshape=[256,256,4,1] Keff=f16 Veff=q5_1 turbo_kv=1 prefer_native_vec=0 decode=1 dk=1 dv=0 unsafe_vec_after_turbo_v_decode=0 allow_vec=1 kernel=MMA_F16 need_f16_K=0 need_f16_V=1 Knb=[68,544,136,139264] Vnb=[24,768,192,196608] Keff_nb=[2,2048,512,524288] Veff_nb=[24,768,192,196608]
CUDA_FA_ROUTE_ALLOC kernel=MMA_F16 need_f16_K=0 need_f16_V=1 workspace_end_offset=557056 dst_data=(nil) f16_K=(nil) f16_V=0x8000 f16_end=0x88000
CUDA_FA_ROUTE_PLAN device=0 Q=[256,2,16,1] Kraw=turbo4_tcq Vraw=q5_1 Kshape=[256,256,4,1] Vshape=[256,256,4,1] Keff=f16 Veff=q5_1 turbo_kv=1 prefer_native_vec=0 decode=1 dk=1 dv=0 unsafe_vec_after_turbo_v_decode=0 allow_vec=1 kernel=MMA_F16 need_f16_K=0 need_f16_V=1 Knb=[68,544,136,139264] Vnb=[24,768,192,196608] Keff_nb=[2,2048,512,524288] Veff_nb=[24,768,192,196608]
CUDA_FA_ROUTE_ALLOC kernel=MMA_F16 need_f16_K=0 need_f16_V=1 workspace_end_offset=557056 dst_data=(nil) f16_K=(nil) f16_V=0x8000 f16_end=0x88000
CUDA_FA_ROUTE_PLAN device=0 Q=[256,2,16,1] Kraw=turbo4_tcq Vraw=q5_1 Kshape=[256,256,4,1] Vshape=[256,256,4,1] Keff=f16 Veff=q5_1 turbo_kv=1 prefer_native_vec=0 decode=1 dk=1 dv=0 unsafe_vec_after_turbo_v_decode=0 allow_vec=1 kernel=MMA_F16 need_f16_K=0 need_f16_V=1 Knb=[68,544,136,139264] Vnb=[24,768,192,196608] Keff_nb=[2,2048,512,524288] Veff_nb=[24,768,192,196608]
CUDA_FA_ROUTE_ALLOC kernel=MMA_F16 need_f16_K=0 need_f16_V=1 workspace_end_offset=557056 dst_data=(nil) f16_K=(nil) f16_V=0x8000 f16_end=0x88000
CUDA_FA_ROUTE_PLAN device=0 Q=[256,2,16,1] Kraw=turbo4_tcq Vraw=q5_1 Kshape=[256,256,4,1] Vshape=[256,256,4,1] Keff=f16 Veff=q5_1 turbo_kv=1 prefer_native_vec=0 decode=1 dk=1 dv=0 unsafe_vec_after_turbo_v_decode=0 allow_vec=1 kernel=MMA_F16 need_f16_K=0 need_f16_V=1 Knb=[68,544,136,139264] Vnb=[24,768,192,196608] Keff_nb=[2,2048,512,524288] Veff_nb=[24,768,192,196608]
CUDA_FA_ROUTE_ALLOC kernel=MMA_F16 need_f16_K=0 need_f16_V=1 workspace_end_offset=557056 dst_data=(nil) f16_K=(nil) f16_V=0x8000 f16_end=0x88000
CUDA_FA_ROUTE_PLAN device=0 Q=[256,2,16,1] Kraw=turbo4_tcq Vraw=q5_1 Kshape=[256,256,4,1] Vshape=[256,256,4,1] Keff=f16 Veff=q5_1 turbo_kv=1 prefer_native_vec=0 decode=1 dk=1 dv=0 unsafe_vec_after_turbo_v_decode=0 allow_vec=1 kernel=MMA_F16 need_f16_K=0 need_f16_V=1 Knb=[68,544,136,139264] Vnb=[24,768,192,196608] Keff_nb=[2,2048,512,524288] Veff_nb=[24,768,192,196608]
CUDA_FA_ROUTE_ALLOC kernel=MMA_F16 need_f16_K=0 need_f16_V=1 workspace_end_offset=557056 dst_data=(nil) f16_K=(nil) f16_V=0x8000 f16_end=0x88000
CUDA_FA_ROUTE_PLAN device=0 Q=[256,2,16,1] Kraw=turbo4_tcq Vraw=q5_1 Kshape=[256,256,4,1] Vshape=[256,256,4,1] Keff=f16 Veff=q5_1 turbo_kv=1 prefer_native_vec=0 decode=1 dk=1 dv=0 unsafe_vec_after_turbo_v_decode=0 allow_vec=1 kernel=MMA_F16 need_f16_K=0 need_f16_V=1 Knb=[68,544,136,139264] Vnb=[24,768,192,196608] Keff_nb=[2,2048,512,524288] Veff_nb=[24,768,192,196608]
CUDA_FA_ROUTE_ALLOC kernel=MMA_F16 need_f16_K=0 need_f16_V=1 workspace_end_offset=557056 dst_data=(nil) f16_K=(nil) f16_V=0x8000 f16_end=0x88000
CUDA_FA_ROUTE_PLAN device=0 Q=[256,2,16,1] Kraw=turbo4_tcq Vraw=q5_1 Kshape=[256,256,4,1] Vshape=[256,256,4,1] Keff=f16 Veff=q5_1 turbo_kv=1 prefer_native_vec=0 decode=1 dk=1 dv=0 unsafe_vec_after_turbo_v_decode=0 allow_vec=1 kernel=MMA_F16 need_f16_K=0 need_f16_V=1 Knb=[68,544,136,139264] Vnb=[24,768,192,196608] Keff_nb=[2,2048,512,524288] Veff_nb=[24,768,192,196608]
CUDA_FA_ROUTE_ALLOC kernel=MMA_F16 need_f16_K=0 need_f16_V=1 workspace_end_offset=557056 dst_data=(nil) f16_K=(nil) f16_V=0x8000 f16_end=0x88000
CUDA_FA_ROUTE_PLAN device=0 Q=[256,2,16,1] Kraw=turbo4_tcq Vraw=q5_1 Kshape=[256,256,4,1] Vshape=[256,256,4,1] Keff=f16 Veff=q5_1 turbo_kv=1 prefer_native_vec=0 decode=1 dk=1 dv=0 unsafe_vec_after_turbo_v_decode=0 allow_vec=1 kernel=MMA_F16 need_f16_K=0 need_f16_V=1 Knb=[68,544,136,139264] Vnb=[24,768,192,196608] Keff_nb=[2,2048,512,524288] Veff_nb=[24,768,192,196608]
CUDA_FA_ROUTE_ALLOC kernel=MMA_F16 need_f16_K=0 need_f16_V=1 workspace_end_offset=557056 dst_data=(nil) f16_K=(nil) f16_V=0x8000 f16_end=0x88000
CUDA_FA_ROUTE_PLAN device=0 Q=[256,2,16,1] Kraw=turbo4_tcq Vraw=q5_1 Kshape=[256,256,4,1] Vshape=[256,256,4,1] Keff=f16 Veff=q5_1 turbo_kv=1 prefer_native_vec=0 decode=1 dk=1 dv=0 unsafe_vec_after_turbo_v_decode=0 allow_vec=1 kernel=MMA_F16 need_f16_K=0 need_f16_V=1 Knb=[68,544,136,139264] Vnb=[24,768,192,196608] Keff_nb=[2,2048,512,524288] Veff_nb=[24,768,192,196608]
CUDA_FA_ROUTE_ALLOC kernel=MMA_F16 need_f16_K=0 need_f16_V=1 workspace_end_offset=557056 dst_data=(nil) f16_K=(nil) f16_V=0x8000 f16_end=0x88000
CUDA_FA_ROUTE_PLAN device=0 Q=[256,2,16,1] Kraw=turbo4_tcq Vraw=q5_1 Kshape=[256,256,4,1] Vshape=[256,256,4,1] Keff=f16 Veff=q5_1 turbo_kv=1 prefer_native_vec=0 decode=1 dk=1 dv=0 unsafe_vec_after_turbo_v_decode=0 allow_vec=1 kernel=MMA_F16 need_f16_K=0 need_f16_V=1 Knb=[68,544,136,139264] Vnb=[24,768,192,196608] Keff_nb=[2,2048,512,524288] Veff_nb=[24,768,192,196608]
CUDA_FA_ROUTE_ALLOC kernel=MMA_F16 need_f16_K=0 need_f16_V=1 workspace_end_offset=557056 dst_data=(nil) f16_K=(nil) f16_V=0x8000 f16_end=0x88000
CUDA_FA_ROUTE_PLAN device=0 Q=[256,2,16,1] Kraw=turbo4_tcq Vraw=q5_1 Kshape=[256,256,4,1] Vshape=[256,256,4,1] Keff=f16 Veff=q5_1 turbo_kv=1 prefer_native_vec=0 decode=1 dk=1 dv=0 unsafe_vec_after_turbo_v_decode=0 allow_vec=1 kernel=MMA_F16 need_f16_K=0 need_f16_V=1 Knb=[68,544,136,139264] Vnb=[24,768,192,196608] Keff_nb=[2,2048,512,524288] Veff_nb=[24,768,192,196608]
CUDA_FA_ROUTE_ALLOC kernel=MMA_F16 need_f16_K=0 need_f16_V=1 workspace_end_offset=557056 dst_data=(nil) f16_K=(nil) f16_V=0x8000 f16_end=0x88000
CUDA_FA_ROUTE_PLAN device=0 Q=[256,2,16,1] Kraw=turbo4_tcq Vraw=q5_1 Kshape=[256,256,4,1] Vshape=[256,256,4,1] Keff=f16 Veff=q5_1 turbo_kv=1 prefer_native_vec=0 decode=1 dk=1 dv=0 unsafe_vec_after_turbo_v_decode=0 allow_vec=1 kernel=MMA_F16 need_f16_K=0 need_f16_V=1 Knb=[68,544,136,139264] Vnb=[24,768,192,196608] Keff_nb=[2,2048,512,524288] Veff_nb=[24,768,192,196608]
CUDA_FA_ROUTE_ALLOC kernel=MMA_F16 need_f16_K=0 need_f16_V=1 workspace_end_offset=557056 dst_data=(nil) f16_K=(nil) f16_V=0x8000 f16_end=0x88000
CUDA_FA_ROUTE_PLAN device=0 Q=[256,2,16,1] Kraw=turbo4_tcq Vraw=q5_1 Kshape=[256,256,4,1] Vshape=[256,256,4,1] Keff=f16 Veff=q5_1 turbo_kv=1 prefer_native_vec=0 decode=1 dk=1 dv=0 unsafe_vec_after_turbo_v_decode=0 allow_vec=1 kernel=MMA_F16 need_f16_K=0 need_f16_V=1 Knb=[68,544,136,139264] Vnb=[24,768,192,196608] Keff_nb=[2,2048,512,524288] Veff_nb=[24,768,192,196608]
CUDA_FA_ROUTE_ALLOC kernel=MMA_F16 need_f16_K=0 need_f16_V=1 workspace_end_offset=557056 dst_data=(nil) f16_K=(nil) f16_V=0x8000 f16_end=0x88000
CUDA_FA_ROUTE_PLAN device=0 Q=[256,2,16,1] Kraw=turbo4_tcq Vraw=q5_1 Kshape=[256,256,4,1] Vshape=[256,256,4,1] Keff=f16 Veff=q5_1 turbo_kv=1 prefer_native_vec=0 decode=1 dk=1 dv=0 unsafe_vec_after_turbo_v_decode=0 allow_vec=1 kernel=MMA_F16 need_f16_K=0 need_f16_V=1 Knb=[68,544,136,139264] Vnb=[24,768,192,196608] Keff_nb=[2,2048,512,524288] Veff_nb=[24,768,192,196608]
CUDA_FA_ROUTE_ALLOC kernel=MMA_F16 need_f16_K=0 need_f16_V=1 workspace_end_offset=557056 dst_data=(nil) f16_K=(nil) f16_V=0x8000 f16_end=0x88000
CUDA_FA_ROUTE_PLAN device=0 Q=[256,2,16,1] Kraw=turbo4_tcq Vraw=q5_1 Kshape=[256,256,4,1] Vshape=[256,256,4,1] Keff=f16 Veff=q5_1 turbo_kv=1 prefer_native_vec=0 decode=1 dk=1 dv=0 unsafe_vec_after_turbo_v_decode=0 allow_vec=1 kernel=MMA_F16 need_f16_K=0 need_f16_V=1 Knb=[68,544,136,139264] Vnb=[24,768,192,196608] Keff_nb=[2,2048,512,524288] Veff_nb=[24,768,192,196608]
CUDA_FA_ROUTE_ALLOC kernel=MMA_F16 need_f16_K=0 need_f16_V=1 workspace_end_offset=557056 dst_data=(nil) f16_K=(nil) f16_V=0x8000 f16_end=0x88000
CUDA_FA_ROUTE_PLAN device=0 Q=[256,2,16,1] Kraw=turbo4_tcq Vraw=q5_1 Kshape=[256,256,4,1] Vshape=[256,256,4,1] Keff=f16 Veff=q5_1 turbo_kv=1 prefer_native_vec=0 decode=1 dk=1 dv=0 unsafe_vec_after_turbo_v_decode=0 allow_vec=1 kernel=MMA_F16 need_f16_K=0 need_f16_V=1 Knb=[68,544,136,139264] Vnb=[24,768,192,196608] Keff_nb=[2,2048,512,524288] Veff_nb=[24,768,192,196608]
CUDA_FA_ROUTE_ALLOC kernel=MMA_F16 need_f16_K=0 need_f16_V=1 workspace_end_offset=557056 dst_data=(nil) f16_K=(nil) f16_V=0x8000 f16_end=0x88000
CUDA_FA_ROUTE_PLAN device=0 Q=[256,2,16,1] Kraw=turbo4_tcq Vraw=q5_1 Kshape=[256,256,4,1] Vshape=[256,256,4,1] Keff=f16 Veff=q5_1 turbo_kv=1 prefer_native_vec=0 decode=1 dk=1 dv=0 unsafe_vec_after_turbo_v_decode=0 allow_vec=1 kernel=MMA_F16 need_f16_K=0 need_f16_V=1 Knb=[68,544,136,139264] Vnb=[24,768,192,196608] Keff_nb=[2,2048,512,524288] Veff_nb=[24,768,192,196608]
CUDA_FA_ROUTE_ALLOC kernel=MMA_F16 need_f16_K=0 need_f16_V=1 workspace_end_offset=557056 dst_data=(nil) f16_K=(nil) f16_V=0x8000 f16_end=0x88000
CUDA_FA_ROUTE_PLAN device=0 Q=[256,2,16,1] Kraw=turbo4_tcq Vraw=q5_1 Kshape=[256,256,4,1] Vshape=[256,256,4,1] Keff=f16 Veff=q5_1 turbo_kv=1 prefer_native_vec=0 decode=1 dk=1 dv=0 unsafe_vec_after_turbo_v_decode=0 allow_vec=1 kernel=MMA_F16 need_f16_K=0 need_f16_V=1 Knb=[68,544,136,139264] Vnb=[24,768,192,196608] Keff_nb=[2,2048,512,524288] Veff_nb=[24,768,192,196608]
CUDA_FA_ROUTE_ALLOC kernel=MMA_F16 need_f16_K=0 need_f16_V=1 workspace_end_offset=557056 dst_data=(nil) f16_K=(nil) f16_V=0x8000 f16_end=0x88000
CUDA_FA_ROUTE_PLAN device=0 Q=[256,2,16,1] Kraw=turbo4_tcq Vraw=q5_1 Kshape=[256,256,4,1] Vshape=[256,256,4,1] Keff=f16 Veff=q5_1 turbo_kv=1 prefer_native_vec=0 decode=1 dk=1 dv=0 unsafe_vec_after_turbo_v_decode=0 allow_vec=1 kernel=MMA_F16 need_f16_K=0 need_f16_V=1 Knb=[68,544,136,139264] Vnb=[24,768,192,196608] Keff_nb=[2,2048,512,524288] Veff_nb=[24,768,192,196608]
CUDA_FA_ROUTE_ALLOC kernel=MMA_F16 need_f16_K=0 need_f16_V=1 workspace_end_offset=557056 dst_data=(nil) f16_K=(nil) f16_V=0x8000 f16_end=0x88000
CUDA_FA_ROUTE_PLAN device=0 Q=[256,2,16,1] Kraw=turbo4_tcq Vraw=q5_1 Kshape=[256,256,4,1] Vshape=[256,256,4,1] Keff=f16 Veff=q5_1 turbo_kv=1 prefer_native_vec=0 decode=1 dk=1 dv=0 unsafe_vec_after_turbo_v_decode=0 allow_vec=1 kernel=MMA_F16 need_f16_K=0 need_f16_V=1 Knb=[68,544,136,139264] Vnb=[24,768,192,196608] Keff_nb=[2,2048,512,524288] Veff_nb=[24,768,192,196608]
CUDA_FA_ROUTE_ALLOC kernel=MMA_F16 need_f16_K=0 need_f16_V=1 workspace_end_offset=557056 dst_data=(nil) f16_K=(nil) f16_V=0x8000 f16_end=0x88000
CUDA_FA_ROUTE_PLAN device=0 Q=[256,2,16,1] Kraw=turbo4_tcq Vraw=q5_1 Kshape=[256,256,4,1] Vshape=[256,256,4,1] Keff=f16 Veff=q5_1 turbo_kv=1 prefer_native_vec=0 decode=1 dk=1 dv=0 unsafe_vec_after_turbo_v_decode=0 allow_vec=1 kernel=MMA_F16 need_f16_K=0 need_f16_V=1 Knb=[68,544,136,139264] Vnb=[24,768,192,196608] Keff_nb=[2,2048,512,524288] Veff_nb=[24,768,192,196608]
CUDA_FA_ROUTE_ALLOC kernel=MMA_F16 need_f16_K=0 need_f16_V=1 workspace_end_offset=557056 dst_data=(nil) f16_K=(nil) f16_V=0x8000 f16_end=0x88000
CUDA_FA_ROUTE_PLAN device=0 Q=[256,2,16,1] Kraw=turbo4_tcq Vraw=q5_1 Kshape=[256,256,4,1] Vshape=[256,256,4,1] Keff=f16 Veff=q5_1 turbo_kv=1 prefer_native_vec=0 decode=1 dk=1 dv=0 unsafe_vec_after_turbo_v_decode=0 allow_vec=1 kernel=MMA_F16 need_f16_K=0 need_f16_V=1 Knb=[68,544,136,139264] Vnb=[24,768,192,196608] Keff_nb=[2,2048,512,524288] Veff_nb=[24,768,192,196608]
CUDA_FA_ROUTE_ALLOC kernel=MMA_F16 need_f16_K=0 need_f16_V=1 workspace_end_offset=557056 dst_data=(nil) f16_K=(nil) f16_V=0x8000 f16_end=0x88000
CUDA_FA_ROUTE_PLAN device=0 Q=[256,2,16,1] Kraw=turbo4_tcq Vraw=q5_1 Kshape=[256,256,4,1] Vshape=[256,256,4,1] Keff=f16 Veff=q5_1 turbo_kv=1 prefer_native_vec=0 decode=1 dk=1 dv=0 unsafe_vec_after_turbo_v_decode=0 allow_vec=1 kernel=MMA_F16 need_f16_K=0 need_f16_V=1 Knb=[68,544,136,139264] Vnb=[24,768,192,196608] Keff_nb=[2,2048,512,524288] Veff_nb=[24,768,192,196608]
CUDA_FA_ROUTE_ALLOC kernel=MMA_F16 need_f16_K=0 need_f16_V=1 workspace_end_offset=557056 dst_data=(nil) f16_K=(nil) f16_V=0x8000 f16_end=0x88000
CUDA_FA_ROUTE_PLAN device=0 Q=[256,2,16,1] Kraw=turbo4_tcq Vraw=q5_1 Kshape=[256,256,4,1] Vshape=[256,256,4,1] Keff=f16 Veff=q5_1 turbo_kv=1 prefer_native_vec=0 decode=1 dk=1 dv=0 unsafe_vec_after_turbo_v_decode=0 allow_vec=1 kernel=MMA_F16 need_f16_K=0 need_f16_V=1 Knb=[68,544,136,139264] Vnb=[24,768,192,196608] Keff_nb=[2,2048,512,524288] Veff_nb=[24,768,192,196608]
CUDA_FA_ROUTE_ALLOC kernel=MMA_F16 need_f16_K=0 need_f16_V=1 workspace_end_offset=557056 dst_data=(nil) f16_K=(nil) f16_V=0x8000 f16_end=0x88000
CUDA_FA_ROUTE_PLAN device=0 Q=[256,2,16,1] Kraw=turbo4_tcq Vraw=q5_1 Kshape=[256,256,4,1] Vshape=[256,256,4,1] Keff=f16 Veff=q5_1 turbo_kv=1 prefer_native_vec=0 decode=1 dk=1 dv=0 unsafe_vec_after_turbo_v_decode=0 allow_vec=1 kernel=MMA_F16 need_f16_K=0 need_f16_V=1 Knb=[68,544,136,139264] Vnb=[24,768,192,196608] Keff_nb=[2,2048,512,524288] Veff_nb=[24,768,192,196608]
CUDA_FA_ROUTE_ALLOC kernel=MMA_F16 need_f16_K=0 need_f16_V=1 workspace_end_offset=557056 dst_data=(nil) f16_K=(nil) f16_V=0x8000 f16_end=0x88000
CUDA_FA_ROUTE_PLAN device=0 Q=[256,2,16,1] Kraw=turbo4_tcq Vraw=q5_1 Kshape=[256,256,4,1] Vshape=[256,256,4,1] Keff=f16 Veff=q5_1 turbo_kv=1 prefer_native_vec=0 decode=1 dk=1 dv=0 unsafe_vec_after_turbo_v_decode=0 allow_vec=1 kernel=MMA_F16 need_f16_K=0 need_f16_V=1 Knb=[68,544,136,139264] Vnb=[24,768,192,196608] Keff_nb=[2,2048,512,524288] Veff_nb=[24,768,192,196608]
CUDA_FA_ROUTE_ALLOC kernel=MMA_F16 need_f16_K=0 need_f16_V=1 workspace_end_offset=557056 dst_data=(nil) f16_K=(nil) f16_V=0x8000 f16_end=0x88000
CUDA_FA_ROUTE_PLAN device=0 Q=[256,2,16,1] Kraw=turbo4_tcq Vraw=q5_1 Kshape=[256,256,4,1] Vshape=[256,256,4,1] Keff=f16 Veff=q5_1 turbo_kv=1 prefer_native_vec=0 decode=1 dk=1 dv=0 unsafe_vec_after_turbo_v_decode=0 allow_vec=1 kernel=MMA_F16 need_f16_K=0 need_f16_V=1 Knb=[68,544,136,139264] Vnb=[24,768,192,196608] Keff_nb=[2,2048,512,524288] Veff_nb=[24,768,192,196608]
CUDA_FA_ROUTE_ALLOC kernel=MMA_F16 need_f16_K=0 need_f16_V=1 workspace_end_offset=557056 dst_data=(nil) f16_K=(nil) f16_V=0x8000 f16_end=0x88000
CUDA_FA_ROUTE_PLAN device=0 Q=[256,2,16,1] Kraw=turbo4_tcq Vraw=q5_1 Kshape=[256,256,4,1] Vshape=[256,256,4,1] Keff=f16 Veff=q5_1 turbo_kv=1 prefer_native_vec=0 decode=1 dk=1 dv=0 unsafe_vec_after_turbo_v_decode=0 allow_vec=1 kernel=MMA_F16 need_f16_K=0 need_f16_V=1 Knb=[68,544,136,139264] Vnb=[24,768,192,196608] Keff_nb=[2,2048,512,524288] Veff_nb=[24,768,192,196608]
CUDA_FA_ROUTE_ALLOC kernel=MMA_F16 need_f16_K=0 need_f16_V=1 workspace_end_offset=557056 dst_data=(nil) f16_K=(nil) f16_V=0x8000 f16_end=0x88000
CUDA_FA_ROUTE_PLAN device=0 Q=[256,2,16,1] Kraw=turbo4_tcq Vraw=q5_1 Kshape=[256,256,4,1] Vshape=[256,256,4,1] Keff=f16 Veff=q5_1 turbo_kv=1 prefer_native_vec=0 decode=1 dk=1 dv=0 unsafe_vec_after_turbo_v_decode=0 allow_vec=1 kernel=MMA_F16 need_f16_K=0 need_f16_V=1 Knb=[68,544,136,139264] Vnb=[24,768,192,196608] Keff_nb=[2,2048,512,524288] Veff_nb=[24,768,192,196608]
CUDA_FA_ROUTE_ALLOC kernel=MMA_F16 need_f16_K=0 need_f16_V=1 workspace_end_offset=557056 dst_data=(nil) f16_K=(nil) f16_V=0x8000 f16_end=0x88000
CUDA_FA_ROUTE_PLAN device=0 Q=[256,2,16,1] Kraw=turbo4_tcq Vraw=q5_1 Kshape=[256,256,4,1] Vshape=[256,256,4,1] Keff=f16 Veff=q5_1 turbo_kv=1 prefer_native_vec=0 decode=1 dk=1 dv=0 unsafe_vec_after_turbo_v_decode=0 allow_vec=1 kernel=MMA_F16 need_f16_K=0 need_f16_V=1 Knb=[68,544,136,139264] Vnb=[24,768,192,196608] Keff_nb=[2,2048,512,524288] Veff_nb=[24,768,192,196608]
CUDA_FA_ROUTE_ALLOC kernel=MMA_F16 need_f16_K=0 need_f16_V=1 workspace_end_offset=557056 dst_data=(nil) f16_K=(nil) f16_V=0x8000 f16_end=0x88000
CUDA_FA_ROUTE_PLAN device=0 Q=[256,2,16,1] Kraw=turbo4_tcq Vraw=q5_1 Kshape=[256,256,4,1] Vshape=[256,256,4,1] Keff=f16 Veff=q5_1 turbo_kv=1 prefer_native_vec=0 decode=1 dk=1 dv=0 unsafe_vec_after_turbo_v_decode=0 allow_vec=1 kernel=MMA_F16 need_f16_K=0 need_f16_V=1 Knb=[68,544,136,139264] Vnb=[24,768,192,196608] Keff_nb=[2,2048,512,524288] Veff_nb=[24,768,192,196608]
CUDA_FA_ROUTE_ALLOC kernel=MMA_F16 need_f16_K=0 need_f16_V=1 workspace_end_offset=557056 dst_data=(nil) f16_K=(nil) f16_V=0x8000 f16_end=0x88000
CUDA_FA_ROUTE_PLAN device=0 Q=[256,2,16,1] Kraw=turbo4_tcq Vraw=q5_1 Kshape=[256,256,4,1] Vshape=[256,256,4,1] Keff=f16 Veff=q5_1 turbo_kv=1 prefer_native_vec=0 decode=1 dk=1 dv=0 unsafe_vec_after_turbo_v_decode=0 allow_vec=1 kernel=MMA_F16 need_f16_K=0 need_f16_V=1 Knb=[68,544,136,139264] Vnb=[24,768,192,196608] Keff_nb=[2,2048,512,524288] Veff_nb=[24,768,192,196608]
CUDA_FA_ROUTE_ALLOC kernel=MMA_F16 need_f16_K=0 need_f16_V=1 workspace_end_offset=557056 dst_data=(nil) f16_K=(nil) f16_V=0x8000 f16_end=0x88000
CUDA_FA_ROUTE_PLAN device=0 Q=[256,2,16,1] Kraw=turbo4_tcq Vraw=q5_1 Kshape=[256,256,4,1] Vshape=[256,256,4,1] Keff=f16 Veff=q5_1 turbo_kv=1 prefer_native_vec=0 decode=1 dk=1 dv=0 unsafe_vec_after_turbo_v_decode=0 allow_vec=1 kernel=MMA_F16 need_f16_K=0 need_f16_V=1 Knb=[68,544,136,139264] Vnb=[24,768,192,196608] Keff_nb=[2,2048,512,524288] Veff_nb=[24,768,192,196608]
CUDA_FA_ROUTE_ALLOC kernel=MMA_F16 need_f16_K=0 need_f16_V=1 workspace_end_offset=557056 dst_data=(nil) f16_K=(nil) f16_V=0x8000 f16_end=0x88000
CUDA_FA_ROUTE_PLAN device=0 Q=[256,2,16,1] Kraw=turbo4_tcq Vraw=q5_1 Kshape=[256,256,4,1] Vshape=[256,256,4,1] Keff=f16 Veff=q5_1 turbo_kv=1 prefer_native_vec=0 decode=1 dk=1 dv=0 unsafe_vec_after_turbo_v_decode=0 allow_vec=1 kernel=MMA_F16 need_f16_K=0 need_f16_V=1 Knb=[68,544,136,139264] Vnb=[24,768,192,196608] Keff_nb=[2,2048,512,524288] Veff_nb=[24,768,192,196608]
CUDA_FA_ROUTE_ALLOC kernel=MMA_F16 need_f16_K=0 need_f16_V=1 workspace_end_offset=557056 dst_data=(nil) f16_K=(nil) f16_V=0x8000 f16_end=0x88000
CUDA_FA_ROUTE_PLAN device=0 Q=[256,2,16,1] Kraw=turbo4_tcq Vraw=q5_1 Kshape=[256,256,4,1] Vshape=[256,256,4,1] Keff=f16 Veff=q5_1 turbo_kv=1 prefer_native_vec=0 decode=1 dk=1 dv=0 unsafe_vec_after_turbo_v_decode=0 allow_vec=1 kernel=MMA_F16 need_f16_K=0 need_f16_V=1 Knb=[68,544,136,139264] Vnb=[24,768,192,196608] Keff_nb=[2,2048,512,524288] Veff_nb=[24,768,192,196608]
CUDA_FA_ROUTE_ALLOC kernel=MMA_F16 need_f16_K=0 need_f16_V=1 workspace_end_offset=557056 dst_data=(nil) f16_K=(nil) f16_V=0x8000 f16_end=0x88000
CUDA_FA_ROUTE_PLAN device=0 Q=[256,2,16,1] Kraw=turbo4_tcq Vraw=q5_1 Kshape=[256,256,4,1] Vshape=[256,256,4,1] Keff=f16 Veff=q5_1 turbo_kv=1 prefer_native_vec=0 decode=1 dk=1 dv=0 unsafe_vec_after_turbo_v_decode=0 allow_vec=1 kernel=MMA_F16 need_f16_K=0 need_f16_V=1 Knb=[68,544,136,139264] Vnb=[24,768,192,196608] Keff_nb=[2,2048,512,524288] Veff_nb=[24,768,192,196608]
CUDA_FA_ROUTE_ALLOC kernel=MMA_F16 need_f16_K=0 need_f16_V=1 workspace_end_offset=557056 dst_data=(nil) f16_K=(nil) f16_V=0x8000 f16_end=0x88000
CUDA_FA_ROUTE_PLAN device=0 Q=[256,2,16,1] Kraw=turbo4_tcq Vraw=q5_1 Kshape=[256,256,4,1] Vshape=[256,256,4,1] Keff=f16 Veff=q5_1 turbo_kv=1 prefer_native_vec=0 decode=1 dk=1 dv=0 unsafe_vec_after_turbo_v_decode=0 allow_vec=1 kernel=MMA_F16 need_f16_K=0 need_f16_V=1 Knb=[68,544,136,139264] Vnb=[24,768,192,196608] Keff_nb=[2,2048,512,524288] Veff_nb=[24,768,192,196608]
CUDA_FA_ROUTE_ALLOC kernel=MMA_F16 need_f16_K=0 need_f16_V=1 workspace_end_offset=557056 dst_data=(nil) f16_K=(nil) f16_V=0x8000 f16_end=0x88000
CUDA_FA_ROUTE_PLAN device=0 Q=[256,2,16,1] Kraw=turbo4_tcq Vraw=q5_1 Kshape=[256,256,4,1] Vshape=[256,256,4,1] Keff=f16 Veff=q5_1 turbo_kv=1 prefer_native_vec=0 decode=1 dk=1 dv=0 unsafe_vec_after_turbo_v_decode=0 allow_vec=1 kernel=MMA_F16 need_f16_K=0 need_f16_V=1 Knb=[68,544,136,139264] Vnb=[24,768,192,196608] Keff_nb=[2,2048,512,524288] Veff_nb=[24,768,192,196608]
CUDA_FA_ROUTE_ALLOC kernel=MMA_F16 need_f16_K=0 need_f16_V=1 workspace_end_offset=557056 dst_data=(nil) f16_K=(nil) f16_V=0x8000 f16_end=0x88000
CUDA_FA_ROUTE_PLAN device=0 Q=[256,2,16,1] Kraw=turbo4_tcq Vraw=q5_1 Kshape=[256,256,4,1] Vshape=[256,256,4,1] Keff=f16 Veff=q5_1 turbo_kv=1 prefer_native_vec=0 decode=1 dk=1 dv=0 unsafe_vec_after_turbo_v_decode=0 allow_vec=1 kernel=MMA_F16 need_f16_K=0 need_f16_V=1 Knb=[68,544,136,139264] Vnb=[24,768,192,196608] Keff_nb=[2,2048,512,524288] Veff_nb=[24,768,192,196608]
CUDA_FA_ROUTE_ALLOC kernel=MMA_F16 need_f16_K=0 need_f16_V=1 workspace_end_offset=557056 dst_data=(nil) f16_K=(nil) f16_V=0x8000 f16_end=0x88000
CUDA_FA_ROUTE_PLAN device=0 Q=[256,2,16,1] Kraw=turbo4_tcq Vraw=q5_1 Kshape=[256,256,4,1] Vshape=[256,256,4,1] Keff=f16 Veff=q5_1 turbo_kv=1 prefer_native_vec=0 decode=1 dk=1 dv=0 unsafe_vec_after_turbo_v_decode=0 allow_vec=1 kernel=MMA_F16 need_f16_K=0 need_f16_V=1 Knb=[68,544,136,139264] Vnb=[24,768,192,196608] Keff_nb=[2,2048,512,524288] Veff_nb=[24,768,192,196608]
CUDA_FA_ROUTE_ALLOC kernel=MMA_F16 need_f16_K=0 need_f16_V=1 workspace_end_offset=557056 dst_data=(nil) f16_K=(nil) f16_V=0x8000 f16_end=0x88000
CUDA_FA_ROUTE_PLAN device=0 Q=[256,2,16,1] Kraw=turbo4_tcq Vraw=q5_1 Kshape=[256,256,4,1] Vshape=[256,256,4,1] Keff=f16 Veff=q5_1 turbo_kv=1 prefer_native_vec=0 decode=1 dk=1 dv=0 unsafe_vec_after_turbo_v_decode=0 allow_vec=1 kernel=MMA_F16 need_f16_K=0 need_f16_V=1 Knb=[68,544,136,139264] Vnb=[24,768,192,196608] Keff_nb=[2,2048,512,524288] Veff_nb=[24,768,192,196608]
CUDA_FA_ROUTE_ALLOC kernel=MMA_F16 need_f16_K=0 need_f16_V=1 workspace_end_offset=557056 dst_data=(nil) f16_K=(nil) f16_V=0x8000 f16_end=0x88000
CUDA_FA_ROUTE_PLAN device=0 Q=[256,2,16,1] Kraw=turbo4_tcq Vraw=q5_1 Kshape=[256,256,4,1] Vshape=[256,256,4,1] Keff=f16 Veff=q5_1 turbo_kv=1 prefer_native_vec=0 decode=1 dk=1 dv=0 unsafe_vec_after_turbo_v_decode=0 allow_vec=1 kernel=MMA_F16 need_f16_K=0 need_f16_V=1 Knb=[68,544,136,139264] Vnb=[24,768,192,196608] Keff_nb=[2,2048,512,524288] Veff_nb=[24,768,192,196608]
CUDA_FA_ROUTE_ALLOC kernel=MMA_F16 need_f16_K=0 need_f16_V=1 workspace_end_offset=557056 dst_data=(nil) f16_K=(nil) f16_V=0x8000 f16_end=0x88000
CUDA_FA_ROUTE_PLAN device=0 Q=[256,2,16,1] Kraw=turbo4_tcq Vraw=q5_1 Kshape=[256,256,4,1] Vshape=[256,256,4,1] Keff=f16 Veff=q5_1 turbo_kv=1 prefer_native_vec=0 decode=1 dk=1 dv=0 unsafe_vec_after_turbo_v_decode=0 allow_vec=1 kernel=MMA_F16 need_f16_K=0 need_f16_V=1 Knb=[68,544,136,139264] Vnb=[24,768,192,196608] Keff_nb=[2,2048,512,524288] Veff_nb=[24,768,192,196608]
CUDA_FA_ROUTE_ALLOC kernel=MMA_F16 need_f16_K=0 need_f16_V=1 workspace_end_offset=557056 dst_data=(nil) f16_K=(nil) f16_V=0x8000 f16_end=0x88000
CUDA_FA_ROUTE_PLAN device=0 Q=[256,2,16,1] Kraw=turbo4_tcq Vraw=q5_1 Kshape=[256,256,4,1] Vshape=[256,256,4,1] Keff=f16 Veff=q5_1 turbo_kv=1 prefer_native_vec=0 decode=1 dk=1 dv=0 unsafe_vec_after_turbo_v_decode=0 allow_vec=1 kernel=MMA_F16 need_f16_K=0 need_f16_V=1 Knb=[68,544,136,139264] Vnb=[24,768,192,196608] Keff_nb=[2,2048,512,524288] Veff_nb=[24,768,192,196608]
CUDA_FA_ROUTE_ALLOC kernel=MMA_F16 need_f16_K=0 need_f16_V=1 workspace_end_offset=557056 dst_data=(nil) f16_K=(nil) f16_V=0x8000 f16_end=0x88000
TCQ: encode V alpha=1.0 (context-adaptive decode-time alpha active)
TCQ4 encode: using shared-memory backtrace (8192 bytes/block)
CUDA_FA_ROUTE_PLAN device=0 Q=[256,2,16,1] Kraw=turbo4_tcq Vraw=q5_1 Kshape=[256,256,4,1] Vshape=[256,256,4,1] Keff=f16 Veff=q5_1 turbo_kv=1 prefer_native_vec=0 decode=1 dk=1 dv=0 unsafe_vec_after_turbo_v_decode=0 allow_vec=1 kernel=MMA_F16 need_f16_K=0 need_f16_V=1 Knb=[68,544,136,139264] Vnb=[24,768,192,196608] Keff_nb=[2,2048,512,524288] Veff_nb=[24,768,192,196608]
GGML_TURBO_FA_DEBUG: path=prefill-dequant K=turbo4_tcq V=q5_1 Q=[256,2,16,1] K=[256,256,4,1] V=[256,256,4,1]
TCQ decode: context-adaptive V alpha enabled
CUDA_FA_ROUTE_PLAN device=0 Q=[256,2,16,1] Kraw=turbo4_tcq Vraw=q5_1 Kshape=[256,256,4,1] Vshape=[256,256,4,1] Keff=f16 Veff=q5_1 turbo_kv=1 prefer_native_vec=0 decode=1 dk=1 dv=0 unsafe_vec_after_turbo_v_decode=0 allow_vec=1 kernel=MMA_F16 need_f16_K=0 need_f16_V=1 Knb=[68,544,136,139264] Vnb=[24,768,192,196608] Keff_nb=[2,2048,512,524288] Veff_nb=[24,768,192,196608]
GGML_TURBO_FA_DEBUG: path=prefill-dequant K=turbo4_tcq V=q5_1 Q=[256,2,16,1] K=[256,256,4,1] V=[256,256,4,1]
CUDA_FA_ROUTE_PLAN device=0 Q=[256,2,16,1] Kraw=turbo4_tcq Vraw=q5_1 Kshape=[256,256,4,1] Vshape=[256,256,4,1] Keff=f16 Veff=q5_1 turbo_kv=1 prefer_native_vec=0 decode=1 dk=1 dv=0 unsafe_vec_after_turbo_v_decode=0 allow_vec=1 kernel=MMA_F16 need_f16_K=0 need_f16_V=1 Knb=[68,544,136,139264] Vnb=[24,768,192,196608] Keff_nb=[2,2048,512,524288] Veff_nb=[24,768,192,196608]
GGML_TURBO_FA_DEBUG: path=prefill-dequant K=turbo4_tcq V=q5_1 Q=[256,2,16,1] K=[256,256,4,1] V=[256,256,4,1]
CUDA_FA_ROUTE_PLAN device=0 Q=[256,2,16,1] Kraw=turbo4_tcq Vraw=q5_1 Kshape=[256,256,4,1] Vshape=[256,256,4,1] Keff=f16 Veff=q5_1 turbo_kv=1 prefer_native_vec=0 decode=1 dk=1 dv=0 unsafe_vec_after_turbo_v_decode=0 allow_vec=1 kernel=MMA_F16 need_f16_K=0 need_f16_V=1 Knb=[68,544,136,139264] Vnb=[24,768,192,196608] Keff_nb=[2,2048,512,524288] Veff_nb=[24,768,192,196608]
GGML_TURBO_FA_DEBUG: path=prefill-dequant K=turbo4_tcq V=q5_1 Q=[256,2,16,1] K=[256,256,4,1] V=[256,256,4,1]
CUDA_FA_ROUTE_PLAN device=0 Q=[256,2,16,1] Kraw=turbo4_tcq Vraw=q5_1 Kshape=[256,256,4,1] Vshape=[256,256,4,1] Keff=f16 Veff=q5_1 turbo_kv=1 prefer_native_vec=0 decode=1 dk=1 dv=0 unsafe_vec_after_turbo_v_decode=0 allow_vec=1 kernel=MMA_F16 need_f16_K=0 need_f16_V=1 Knb=[68,544,136,139264] Vnb=[24,768,192,196608] Keff_nb=[2,2048,512,524288] Veff_nb=[24,768,192,196608]
GGML_TURBO_FA_DEBUG: path=prefill-dequant K=turbo4_tcq V=q5_1 Q=[256,2,16,1] K=[256,256,4,1] V=[256,256,4,1]
CUDA_FA_ROUTE_PLAN device=0 Q=[256,2,16,1] Kraw=turbo4_tcq Vraw=q5_1 Kshape=[256,256,4,1] Vshape=[256,256,4,1] Keff=f16 Veff=q5_1 turbo_kv=1 prefer_native_vec=0 decode=1 dk=1 dv=0 unsafe_vec_after_turbo_v_decode=0 allow_vec=1 kernel=MMA_F16 need_f16_K=0 need_f16_V=1 Knb=[68,544,136,139264] Vnb=[24,768,192,196608] Keff_nb=[2,2048,512,524288] Veff_nb=[24,768,192,196608]
GGML_TURBO_FA_DEBUG: path=prefill-dequant K=turbo4_tcq V=q5_1 Q=[256,2,16,1] K=[256,256,4,1] V=[256,256,4,1]
CUDA_FA_ROUTE_PLAN device=0 Q=[256,2,16,1] Kraw=turbo4_tcq Vraw=q5_1 Kshape=[256,256,4,1] Vshape=[256,256,4,1] Keff=f16 Veff=q5_1 turbo_kv=1 prefer_native_vec=0 decode=1 dk=1 dv=0 unsafe_vec_after_turbo_v_decode=0 allow_vec=1 kernel=MMA_F16 need_f16_K=0 need_f16_V=1 Knb=[68,544,136,139264] Vnb=[24,768,192,196608] Keff_nb=[2,2048,512,524288] Veff_nb=[24,768,192,196608]
GGML_TURBO_FA_DEBUG: path=prefill-dequant K=turbo4_tcq V=q5_1 Q=[256,2,16,1] K=[256,256,4,1] V=[256,256,4,1]
CUDA_FA_ROUTE_PLAN device=0 Q=[256,2,16,1] Kraw=turbo4_tcq Vraw=q5_1 Kshape=[256,256,4,1] Vshape=[256,256,4,1] Keff=f16 Veff=q5_1 turbo_kv=1 prefer_native_vec=0 decode=1 dk=1 dv=0 unsafe_vec_after_turbo_v_decode=0 allow_vec=1 kernel=MMA_F16 need_f16_K=0 need_f16_V=1 Knb=[68,544,136,139264] Vnb=[24,768,192,196608] Keff_nb=[2,2048,512,524288] Veff_nb=[24,768,192,196608]
GGML_TURBO_FA_DEBUG: path=prefill-dequant K=turbo4_tcq V=q5_1 Q=[256,2,16,1] K=[256,256,4,1] V=[256,256,4,1]
0.02.958.151 I llama_completion: llama threadpool init, n_threads = 6
0.02.958.166 I 
0.02.958.200 I system_info: n_threads = 6 (n_threads_batch = 6) / 12 | CUDA : ARCHS = 860 | USE_GRAPHS = 1 | CPU : SSE3 = 1 | SSSE3 = 1 | AVX = 1 | AVX_VNNI = 1 | AVX2 = 1 | F16C = 1 | FMA = 1 | BMI2 = 1 | LLAMAFILE = 1 | OPENMP = 1 | REPACK = 1 | 
0.02.958.202 I 
0.02.958.252 I sampler seed: 102803369
0.02.958.259 I sampler params: 
	repeat_last_n = 64, repeat_penalty = 1.000, frequency_penalty = 0.000, presence_penalty = 0.000
	dry_multiplier = 0.000, dry_base = 1.750, dry_allowed_length = 2, dry_penalty_last_n = -1
	top_k = 40, top_p = 0.950, min_p = 0.050, xtc_probability = 0.000, xtc_threshold = 0.100, typical_p = 1.000, top_n_sigma = -1.000, temp = 0.800
	mirostat = 0, mirostat_lr = 0.100, mirostat_ent = 5.000, adaptive_target = -1.000, adaptive_decay = 0.900
0.02.958.264 I sampler chain: logits -> ?penalties -> ?dry -> ?top-n-sigma -> top-k -> ?typical -> top-p -> min-p -> ?xtc -> temp-ext -> dist 
0.02.958.264 I generate: n_ctx = 256, n_batch = 2048, n_predict = 2, n_keep = 0
0.02.958.264 I 
The capital of France isCUDA_FA_ROUTE_PLAN device=0 Q=[256,5,16,1] Kraw=turbo4_tcq Vraw=q5_1 Kshape=[256,256,4,1] Vshape=[256,256,4,1] Keff=f16 Veff=q5_1 turbo_kv=1 prefer_native_vec=0 decode=1 dk=1 dv=0 unsafe_vec_after_turbo_v_decode=0 allow_vec=1 kernel=MMA_F16 need_f16_K=0 need_f16_V=1 Knb=[68,544,136,139264] Vnb=[24,768,192,196608] Keff_nb=[2,2048,512,524288] Veff_nb=[24,768,192,196608]
CUDA_FA_ROUTE_SUPPORTED kernel=MMA_F16 effK=f16 effV=q5_1 supported=1
CUDA_FA_ROUTE_PLAN device=0 Q=[256,5,16,1] Kraw=turbo4_tcq Vraw=q5_1 Kshape=[256,256,4,1] Vshape=[256,256,4,1] Keff=f16 Veff=q5_1 turbo_kv=1 prefer_native_vec=0 decode=1 dk=1 dv=0 unsafe_vec_after_turbo_v_decode=0 allow_vec=1 kernel=MMA_F16 need_f16_K=0 need_f16_V=1 Knb=[68,544,136,139264] Vnb=[24,768,192,196608] Keff_nb=[2,2048,512,524288] Veff_nb=[24,768,192,196608]
CUDA_FA_ROUTE_SUPPORTED kernel=MMA_F16 effK=f16 effV=q5_1 supported=1
CUDA_FA_ROUTE_PLAN device=0 Q=[256,5,16,1] Kraw=turbo4_tcq Vraw=q5_1 Kshape=[256,256,4,1] Vshape=[256,256,4,1] Keff=f16 Veff=q5_1 turbo_kv=1 prefer_native_vec=0 decode=1 dk=1 dv=0 unsafe_vec_after_turbo_v_decode=0 allow_vec=1 kernel=MMA_F16 need_f16_K=0 need_f16_V=1 Knb=[68,544,136,139264] Vnb=[24,768,192,196608] Keff_nb=[2,2048,512,524288] Veff_nb=[24,768,192,196608]
CUDA_FA_ROUTE_SUPPORTED kernel=MMA_F16 effK=f16 effV=q5_1 supported=1
CUDA_FA_ROUTE_PLAN device=0 Q=[256,5,16,1] Kraw=turbo4_tcq Vraw=q5_1 Kshape=[256,256,4,1] Vshape=[256,256,4,1] Keff=f16 Veff=q5_1 turbo_kv=1 prefer_native_vec=0 decode=1 dk=1 dv=0 unsafe_vec_after_turbo_v_decode=0 allow_vec=1 kernel=MMA_F16 need_f16_K=0 need_f16_V=1 Knb=[68,544,136,139264] Vnb=[24,768,192,196608] Keff_nb=[2,2048,512,524288] Veff_nb=[24,768,192,196608]
CUDA_FA_ROUTE_SUPPORTED kernel=MMA_F16 effK=f16 effV=q5_1 supported=1
CUDA_FA_ROUTE_PLAN device=0 Q=[256,5,16,1] Kraw=turbo4_tcq Vraw=q5_1 Kshape=[256,256,4,1] Vshape=[256,256,4,1] Keff=f16 Veff=q5_1 turbo_kv=1 prefer_native_vec=0 decode=1 dk=1 dv=0 unsafe_vec_after_turbo_v_decode=0 allow_vec=1 kernel=MMA_F16 need_f16_K=0 need_f16_V=1 Knb=[68,544,136,139264] Vnb=[24,768,192,196608] Keff_nb=[2,2048,512,524288] Veff_nb=[24,768,192,196608]
CUDA_FA_ROUTE_SUPPORTED kernel=MMA_F16 effK=f16 effV=q5_1 supported=1
CUDA_FA_ROUTE_PLAN device=0 Q=[256,5,16,1] Kraw=turbo4_tcq Vraw=q5_1 Kshape=[256,256,4,1] Vshape=[256,256,4,1] Keff=f16 Veff=q5_1 turbo_kv=1 prefer_native_vec=0 decode=1 dk=1 dv=0 unsafe_vec_after_turbo_v_decode=0 allow_vec=1 kernel=MMA_F16 need_f16_K=0 need_f16_V=1 Knb=[68,544,136,139264] Vnb=[24,768,192,196608] Keff_nb=[2,2048,512,524288] Veff_nb=[24,768,192,196608]
CUDA_FA_ROUTE_SUPPORTED kernel=MMA_F16 effK=f16 effV=q5_1 supported=1
CUDA_FA_ROUTE_PLAN device=0 Q=[256,5,16,1] Kraw=turbo4_tcq Vraw=q5_1 Kshape=[256,256,4,1] Vshape=[256,256,4,1] Keff=f16 Veff=q5_1 turbo_kv=1 prefer_native_vec=0 decode=1 dk=1 dv=0 unsafe_vec_after_turbo_v_decode=0 allow_vec=1 kernel=MMA_F16 need_f16_K=0 need_f16_V=1 Knb=[68,544,136,139264] Vnb=[24,768,192,196608] Keff_nb=[2,2048,512,524288] Veff_nb=[24,768,192,196608]
CUDA_FA_ROUTE_SUPPORTED kernel=MMA_F16 effK=f16 effV=q5_1 supported=1
CUDA_FA_ROUTE_PLAN device=0 Q=[256,5,16,1] Kraw=turbo4_tcq Vraw=q5_1 Kshape=[256,256,4,1] Vshape=[256,256,4,1] Keff=f16 Veff=q5_1 turbo_kv=1 prefer_native_vec=0 decode=1 dk=1 dv=0 unsafe_vec_after_turbo_v_decode=0 allow_vec=1 kernel=MMA_F16 need_f16_K=0 need_f16_V=1 Knb=[68,544,136,139264] Vnb=[24,768,192,196608] Keff_nb=[2,2048,512,524288] Veff_nb=[24,768,192,196608]
CUDA_FA_ROUTE_SUPPORTED kernel=MMA_F16 effK=f16 effV=q5_1 supported=1
CUDA_FA_ROUTE_PLAN device=0 Q=[256,5,16,1] Kraw=turbo4_tcq Vraw=q5_1 Kshape=[256,256,4,1] Vshape=[256,256,4,1] Keff=f16 Veff=q5_1 turbo_kv=1 prefer_native_vec=0 decode=1 dk=1 dv=0 unsafe_vec_after_turbo_v_decode=0 allow_vec=1 kernel=MMA_F16 need_f16_K=0 need_f16_V=1 Knb=[68,544,136,139264] Vnb=[24,768,192,196608] Keff_nb=[2,2048,512,524288] Veff_nb=[24,768,192,196608]
CUDA_FA_ROUTE_ALLOC kernel=MMA_F16 need_f16_K=0 need_f16_V=1 workspace_end_offset=606208 dst_data=(nil) f16_K=(nil) f16_V=0x14000 f16_end=0x94000
CUDA_FA_ROUTE_PLAN device=0 Q=[256,5,16,1] Kraw=turbo4_tcq Vraw=q5_1 Kshape=[256,256,4,1] Vshape=[256,256,4,1] Keff=f16 Veff=q5_1 turbo_kv=1 prefer_native_vec=0 decode=1 dk=1 dv=0 unsafe_vec_after_turbo_v_decode=0 allow_vec=1 kernel=MMA_F16 need_f16_K=0 need_f16_V=1 Knb=[68,544,136,139264] Vnb=[24,768,192,196608] Keff_nb=[2,2048,512,524288] Veff_nb=[24,768,192,196608]
CUDA_FA_ROUTE_ALLOC kernel=MMA_F16 need_f16_K=0 need_f16_V=1 workspace_end_offset=606208 dst_data=(nil) f16_K=(nil) f16_V=0x14000 f16_end=0x94000
CUDA_FA_ROUTE_PLAN device=0 Q=[256,5,16,1] Kraw=turbo4_tcq Vraw=q5_1 Kshape=[256,256,4,1] Vshape=[256,256,4,1] Keff=f16 Veff=q5_1 turbo_kv=1 prefer_native_vec=0 decode=1 dk=1 dv=0 unsafe_vec_after_turbo_v_decode=0 allow_vec=1 kernel=MMA_F16 need_f16_K=0 need_f16_V=1 Knb=[68,544,136,139264] Vnb=[24,768,192,196608] Keff_nb=[2,2048,512,524288] Veff_nb=[24,768,192,196608]
CUDA_FA_ROUTE_ALLOC kernel=MMA_F16 need_f16_K=0 need_f16_V=1 workspace_end_offset=606208 dst_data=(nil) f16_K=(nil) f16_V=0x14000 f16_end=0x94000
CUDA_FA_ROUTE_PLAN device=0 Q=[256,5,16,1] Kraw=turbo4_tcq Vraw=q5_1 Kshape=[256,256,4,1] Vshape=[256,256,4,1] Keff=f16 Veff=q5_1 turbo_kv=1 prefer_native_vec=0 decode=1 dk=1 dv=0 unsafe_vec_after_turbo_v_decode=0 allow_vec=1 kernel=MMA_F16 need_f16_K=0 need_f16_V=1 Knb=[68,544,136,139264] Vnb=[24,768,192,196608] Keff_nb=[2,2048,512,524288] Veff_nb=[24,768,192,196608]
CUDA_FA_ROUTE_ALLOC kernel=MMA_F16 need_f16_K=0 need_f16_V=1 workspace_end_offset=606208 dst_data=(nil) f16_K=(nil) f16_V=0x14000 f16_end=0x94000
CUDA_FA_ROUTE_PLAN device=0 Q=[256,5,16,1] Kraw=turbo4_tcq Vraw=q5_1 Kshape=[256,256,4,1] Vshape=[256,256,4,1] Keff=f16 Veff=q5_1 turbo_kv=1 prefer_native_vec=0 decode=1 dk=1 dv=0 unsafe_vec_after_turbo_v_decode=0 allow_vec=1 kernel=MMA_F16 need_f16_K=0 need_f16_V=1 Knb=[68,544,136,139264] Vnb=[24,768,192,196608] Keff_nb=[2,2048,512,524288] Veff_nb=[24,768,192,196608]
CUDA_FA_ROUTE_ALLOC kernel=MMA_F16 need_f16_K=0 need_f16_V=1 workspace_end_offset=606208 dst_data=(nil) f16_K=(nil) f16_V=0x14000 f16_end=0x94000
CUDA_FA_ROUTE_PLAN device=0 Q=[256,5,16,1] Kraw=turbo4_tcq Vraw=q5_1 Kshape=[256,256,4,1] Vshape=[256,256,4,1] Keff=f16 Veff=q5_1 turbo_kv=1 prefer_native_vec=0 decode=1 dk=1 dv=0 unsafe_vec_after_turbo_v_decode=0 allow_vec=1 kernel=MMA_F16 need_f16_K=0 need_f16_V=1 Knb=[68,544,136,139264] Vnb=[24,768,192,196608] Keff_nb=[2,2048,512,524288] Veff_nb=[24,768,192,196608]
CUDA_FA_ROUTE_ALLOC kernel=MMA_F16 need_f16_K=0 need_f16_V=1 workspace_end_offset=606208 dst_data=(nil) f16_K=(nil) f16_V=0x14000 f16_end=0x94000
CUDA_FA_ROUTE_PLAN device=0 Q=[256,5,16,1] Kraw=turbo4_tcq Vraw=q5_1 Kshape=[256,256,4,1] Vshape=[256,256,4,1] Keff=f16 Veff=q5_1 turbo_kv=1 prefer_native_vec=0 decode=1 dk=1 dv=0 unsafe_vec_after_turbo_v_decode=0 allow_vec=1 kernel=MMA_F16 need_f16_K=0 need_f16_V=1 Knb=[68,544,136,139264] Vnb=[24,768,192,196608] Keff_nb=[2,2048,512,524288] Veff_nb=[24,768,192,196608]
CUDA_FA_ROUTE_ALLOC kernel=MMA_F16 need_f16_K=0 need_f16_V=1 workspace_end_offset=606208 dst_data=(nil) f16_K=(nil) f16_V=0x14000 f16_end=0x94000
CUDA_FA_ROUTE_PLAN device=0 Q=[256,5,16,1] Kraw=turbo4_tcq Vraw=q5_1 Kshape=[256,256,4,1] Vshape=[256,256,4,1] Keff=f16 Veff=q5_1 turbo_kv=1 prefer_native_vec=0 decode=1 dk=1 dv=0 unsafe_vec_after_turbo_v_decode=0 allow_vec=1 kernel=MMA_F16 need_f16_K=0 need_f16_V=1 Knb=[68,544,136,139264] Vnb=[24,768,192,196608] Keff_nb=[2,2048,512,524288] Veff_nb=[24,768,192,196608]
CUDA_FA_ROUTE_ALLOC kernel=MMA_F16 need_f16_K=0 need_f16_V=1 workspace_end_offset=606208 dst_data=(nil) f16_K=(nil) f16_V=0x14000 f16_end=0x94000
CUDA_FA_ROUTE_PLAN device=0 Q=[256,5,16,1] Kraw=turbo4_tcq Vraw=q5_1 Kshape=[256,256,4,1] Vshape=[256,256,4,1] Keff=f16 Veff=q5_1 turbo_kv=1 prefer_native_vec=0 decode=1 dk=1 dv=0 unsafe_vec_after_turbo_v_decode=0 allow_vec=1 kernel=MMA_F16 need_f16_K=0 need_f16_V=1 Knb=[68,544,136,139264] Vnb=[24,768,192,196608] Keff_nb=[2,2048,512,524288] Veff_nb=[24,768,192,196608]
CUDA_FA_ROUTE_ALLOC kernel=MMA_F16 need_f16_K=0 need_f16_V=1 workspace_end_offset=606208 dst_data=(nil) f16_K=(nil) f16_V=0x14000 f16_end=0x94000
CUDA_FA_ROUTE_PLAN device=0 Q=[256,5,16,1] Kraw=turbo4_tcq Vraw=q5_1 Kshape=[256,256,4,1] Vshape=[256,256,4,1] Keff=f16 Veff=q5_1 turbo_kv=1 prefer_native_vec=0 decode=1 dk=1 dv=0 unsafe_vec_after_turbo_v_decode=0 allow_vec=1 kernel=MMA_F16 need_f16_K=0 need_f16_V=1 Knb=[68,544,136,139264] Vnb=[24,768,192,196608] Keff_nb=[2,2048,512,524288] Veff_nb=[24,768,192,196608]
CUDA_FA_ROUTE_ALLOC kernel=MMA_F16 need_f16_K=0 need_f16_V=1 workspace_end_offset=606208 dst_data=(nil) f16_K=(nil) f16_V=0x14000 f16_end=0x94000
CUDA_FA_ROUTE_PLAN device=0 Q=[256,5,16,1] Kraw=turbo4_tcq Vraw=q5_1 Kshape=[256,256,4,1] Vshape=[256,256,4,1] Keff=f16 Veff=q5_1 turbo_kv=1 prefer_native_vec=0 decode=1 dk=1 dv=0 unsafe_vec_after_turbo_v_decode=0 allow_vec=1 kernel=MMA_F16 need_f16_K=0 need_f16_V=1 Knb=[68,544,136,139264] Vnb=[24,768,192,196608] Keff_nb=[2,2048,512,524288] Veff_nb=[24,768,192,196608]
CUDA_FA_ROUTE_ALLOC kernel=MMA_F16 need_f16_K=0 need_f16_V=1 workspace_end_offset=606208 dst_data=(nil) f16_K=(nil) f16_V=0x14000 f16_end=0x94000
CUDA_FA_ROUTE_PLAN device=0 Q=[256,5,16,1] Kraw=turbo4_tcq Vraw=q5_1 Kshape=[256,256,4,1] Vshape=[256,256,4,1] Keff=f16 Veff=q5_1 turbo_kv=1 prefer_native_vec=0 decode=1 dk=1 dv=0 unsafe_vec_after_turbo_v_decode=0 allow_vec=1 kernel=MMA_F16 need_f16_K=0 need_f16_V=1 Knb=[68,544,136,139264] Vnb=[24,768,192,196608] Keff_nb=[2,2048,512,524288] Veff_nb=[24,768,192,196608]
CUDA_FA_ROUTE_ALLOC kernel=MMA_F16 need_f16_K=0 need_f16_V=1 workspace_end_offset=606208 dst_data=(nil) f16_K=(nil) f16_V=0x14000 f16_end=0x94000
CUDA_FA_ROUTE_PLAN device=0 Q=[256,5,16,1] Kraw=turbo4_tcq Vraw=q5_1 Kshape=[256,256,4,1] Vshape=[256,256,4,1] Keff=f16 Veff=q5_1 turbo_kv=1 prefer_native_vec=0 decode=1 dk=1 dv=0 unsafe_vec_after_turbo_v_decode=0 allow_vec=1 kernel=MMA_F16 need_f16_K=0 need_f16_V=1 Knb=[68,544,136,139264] Vnb=[24,768,192,196608] Keff_nb=[2,2048,512,524288] Veff_nb=[24,768,192,196608]
CUDA_FA_ROUTE_ALLOC kernel=MMA_F16 need_f16_K=0 need_f16_V=1 workspace_end_offset=606208 dst_data=(nil) f16_K=(nil) f16_V=0x14000 f16_end=0x94000
CUDA_FA_ROUTE_PLAN device=0 Q=[256,5,16,1] Kraw=turbo4_tcq Vraw=q5_1 Kshape=[256,256,4,1] Vshape=[256,256,4,1] Keff=f16 Veff=q5_1 turbo_kv=1 prefer_native_vec=0 decode=1 dk=1 dv=0 unsafe_vec_after_turbo_v_decode=0 allow_vec=1 kernel=MMA_F16 need_f16_K=0 need_f16_V=1 Knb=[68,544,136,139264] Vnb=[24,768,192,196608] Keff_nb=[2,2048,512,524288] Veff_nb=[24,768,192,196608]
CUDA_FA_ROUTE_ALLOC kernel=MMA_F16 need_f16_K=0 need_f16_V=1 workspace_end_offset=606208 dst_data=(nil) f16_K=(nil) f16_V=0x14000 f16_end=0x94000
CUDA_FA_ROUTE_PLAN device=0 Q=[256,5,16,1] Kraw=turbo4_tcq Vraw=q5_1 Kshape=[256,256,4,1] Vshape=[256,256,4,1] Keff=f16 Veff=q5_1 turbo_kv=1 prefer_native_vec=0 decode=1 dk=1 dv=0 unsafe_vec_after_turbo_v_decode=0 allow_vec=1 kernel=MMA_F16 need_f16_K=0 need_f16_V=1 Knb=[68,544,136,139264] Vnb=[24,768,192,196608] Keff_nb=[2,2048,512,524288] Veff_nb=[24,768,192,196608]
CUDA_FA_ROUTE_ALLOC kernel=MMA_F16 need_f16_K=0 need_f16_V=1 workspace_end_offset=606208 dst_data=(nil) f16_K=(nil) f16_V=0x14000 f16_end=0x94000
CUDA_FA_ROUTE_PLAN device=0 Q=[256,5,16,1] Kraw=turbo4_tcq Vraw=q5_1 Kshape=[256,256,4,1] Vshape=[256,256,4,1] Keff=f16 Veff=q5_1 turbo_kv=1 prefer_native_vec=0 decode=1 dk=1 dv=0 unsafe_vec_after_turbo_v_decode=0 allow_vec=1 kernel=MMA_F16 need_f16_K=0 need_f16_V=1 Knb=[68,544,136,139264] Vnb=[24,768,192,196608] Keff_nb=[2,2048,512,524288] Veff_nb=[24,768,192,196608]
CUDA_FA_ROUTE_ALLOC kernel=MMA_F16 need_f16_K=0 need_f16_V=1 workspace_end_offset=606208 dst_data=(nil) f16_K=(nil) f16_V=0x14000 f16_end=0x94000
CUDA_FA_ROUTE_PLAN device=0 Q=[256,5,16,1] Kraw=turbo4_tcq Vraw=q5_1 Kshape=[256,256,4,1] Vshape=[256,256,4,1] Keff=f16 Veff=q5_1 turbo_kv=1 prefer_native_vec=0 decode=1 dk=1 dv=0 unsafe_vec_after_turbo_v_decode=0 allow_vec=1 kernel=MMA_F16 need_f16_K=0 need_f16_V=1 Knb=[68,544,136,139264] Vnb=[24,768,192,196608] Keff_nb=[2,2048,512,524288] Veff_nb=[24,768,192,196608]
CUDA_FA_ROUTE_ALLOC kernel=MMA_F16 need_f16_K=0 need_f16_V=1 workspace_end_offset=606208 dst_data=(nil) f16_K=(nil) f16_V=0x14000 f16_end=0x94000
CUDA_FA_ROUTE_PLAN device=0 Q=[256,5,16,1] Kraw=turbo4_tcq Vraw=q5_1 Kshape=[256,256,4,1] Vshape=[256,256,4,1] Keff=f16 Veff=q5_1 turbo_kv=1 prefer_native_vec=0 decode=1 dk=1 dv=0 unsafe_vec_after_turbo_v_decode=0 allow_vec=1 kernel=MMA_F16 need_f16_K=0 need_f16_V=1 Knb=[68,544,136,139264] Vnb=[24,768,192,196608] Keff_nb=[2,2048,512,524288] Veff_nb=[24,768,192,196608]
CUDA_FA_ROUTE_ALLOC kernel=MMA_F16 need_f16_K=0 need_f16_V=1 workspace_end_offset=606208 dst_data=(nil) f16_K=(nil) f16_V=0x14000 f16_end=0x94000
CUDA_FA_ROUTE_PLAN device=0 Q=[256,5,16,1] Kraw=turbo4_tcq Vraw=q5_1 Kshape=[256,256,4,1] Vshape=[256,256,4,1] Keff=f16 Veff=q5_1 turbo_kv=1 prefer_native_vec=0 decode=1 dk=1 dv=0 unsafe_vec_after_turbo_v_decode=0 allow_vec=1 kernel=MMA_F16 need_f16_K=0 need_f16_V=1 Knb=[68,544,136,139264] Vnb=[24,768,192,196608] Keff_nb=[2,2048,512,524288] Veff_nb=[24,768,192,196608]
CUDA_FA_ROUTE_ALLOC kernel=MMA_F16 need_f16_K=0 need_f16_V=1 workspace_end_offset=606208 dst_data=(nil) f16_K=(nil) f16_V=0x14000 f16_end=0x94000
CUDA_FA_ROUTE_PLAN device=0 Q=[256,5,16,1] Kraw=turbo4_tcq Vraw=q5_1 Kshape=[256,256,4,1] Vshape=[256,256,4,1] Keff=f16 Veff=q5_1 turbo_kv=1 prefer_native_vec=0 decode=1 dk=1 dv=0 unsafe_vec_after_turbo_v_decode=0 allow_vec=1 kernel=MMA_F16 need_f16_K=0 need_f16_V=1 Knb=[68,544,136,139264] Vnb=[24,768,192,196608] Keff_nb=[2,2048,512,524288] Veff_nb=[24,768,192,196608]
CUDA_FA_ROUTE_ALLOC kernel=MMA_F16 need_f16_K=0 need_f16_V=1 workspace_end_offset=606208 dst_data=(nil) f16_K=(nil) f16_V=0x14000 f16_end=0x94000
CUDA_FA_ROUTE_PLAN device=0 Q=[256,5,16,1] Kraw=turbo4_tcq Vraw=q5_1 Kshape=[256,256,4,1] Vshape=[256,256,4,1] Keff=f16 Veff=q5_1 turbo_kv=1 prefer_native_vec=0 decode=1 dk=1 dv=0 unsafe_vec_after_turbo_v_decode=0 allow_vec=1 kernel=MMA_F16 need_f16_K=0 need_f16_V=1 Knb=[68,544,136,139264] Vnb=[24,768,192,196608] Keff_nb=[2,2048,512,524288] Veff_nb=[24,768,192,196608]
CUDA_FA_ROUTE_ALLOC kernel=MMA_F16 need_f16_K=0 need_f16_V=1 workspace_end_offset=606208 dst_data=(nil) f16_K=(nil) f16_V=0x14000 f16_end=0x94000
CUDA_FA_ROUTE_PLAN device=0 Q=[256,5,16,1] Kraw=turbo4_tcq Vraw=q5_1 Kshape=[256,256,4,1] Vshape=[256,256,4,1] Keff=f16 Veff=q5_1 turbo_kv=1 prefer_native_vec=0 decode=1 dk=1 dv=0 unsafe_vec_after_turbo_v_decode=0 allow_vec=1 kernel=MMA_F16 need_f16_K=0 need_f16_V=1 Knb=[68,544,136,139264] Vnb=[24,768,192,196608] Keff_nb=[2,2048,512,524288] Veff_nb=[24,768,192,196608]
CUDA_FA_ROUTE_ALLOC kernel=MMA_F16 need_f16_K=0 need_f16_V=1 workspace_end_offset=606208 dst_data=(nil) f16_K=(nil) f16_V=0x14000 f16_end=0x94000
CUDA_FA_ROUTE_PLAN device=0 Q=[256,5,16,1] Kraw=turbo4_tcq Vraw=q5_1 Kshape=[256,256,4,1] Vshape=[256,256,4,1] Keff=f16 Veff=q5_1 turbo_kv=1 prefer_native_vec=0 decode=1 dk=1 dv=0 unsafe_vec_after_turbo_v_decode=0 allow_vec=1 kernel=MMA_F16 need_f16_K=0 need_f16_V=1 Knb=[68,544,136,139264] Vnb=[24,768,192,196608] Keff_nb=[2,2048,512,524288] Veff_nb=[24,768,192,196608]
CUDA_FA_ROUTE_ALLOC kernel=MMA_F16 need_f16_K=0 need_f16_V=1 workspace_end_offset=606208 dst_data=(nil) f16_K=(nil) f16_V=0x14000 f16_end=0x94000
CUDA_FA_ROUTE_PLAN device=0 Q=[256,5,16,1] Kraw=turbo4_tcq Vraw=q5_1 Kshape=[256,256,4,1] Vshape=[256,256,4,1] Keff=f16 Veff=q5_1 turbo_kv=1 prefer_native_vec=0 decode=1 dk=1 dv=0 unsafe_vec_after_turbo_v_decode=0 allow_vec=1 kernel=MMA_F16 need_f16_K=0 need_f16_V=1 Knb=[68,544,136,139264] Vnb=[24,768,192,196608] Keff_nb=[2,2048,512,524288] Veff_nb=[24,768,192,196608]
CUDA_FA_ROUTE_ALLOC kernel=MMA_F16 need_f16_K=0 need_f16_V=1 workspace_end_offset=606208 dst_data=(nil) f16_K=(nil) f16_V=0x14000 f16_end=0x94000
CUDA_FA_ROUTE_PLAN device=0 Q=[256,5,16,1] Kraw=turbo4_tcq Vraw=q5_1 Kshape=[256,256,4,1] Vshape=[256,256,4,1] Keff=f16 Veff=q5_1 turbo_kv=1 prefer_native_vec=0 decode=1 dk=1 dv=0 unsafe_vec_after_turbo_v_decode=0 allow_vec=1 kernel=MMA_F16 need_f16_K=0 need_f16_V=1 Knb=[68,544,136,139264] Vnb=[24,768,192,196608] Keff_nb=[2,2048,512,524288] Veff_nb=[24,768,192,196608]
CUDA_FA_ROUTE_ALLOC kernel=MMA_F16 need_f16_K=0 need_f16_V=1 workspace_end_offset=606208 dst_data=(nil) f16_K=(nil) f16_V=0x14000 f16_end=0x94000
CUDA_FA_ROUTE_PLAN device=0 Q=[256,5,16,1] Kraw=turbo4_tcq Vraw=q5_1 Kshape=[256,256,4,1] Vshape=[256,256,4,1] Keff=f16 Veff=q5_1 turbo_kv=1 prefer_native_vec=0 decode=1 dk=1 dv=0 unsafe_vec_after_turbo_v_decode=0 allow_vec=1 kernel=MMA_F16 need_f16_K=0 need_f16_V=1 Knb=[68,544,136,139264] Vnb=[24,768,192,196608] Keff_nb=[2,2048,512,524288] Veff_nb=[24,768,192,196608]
CUDA_FA_ROUTE_ALLOC kernel=MMA_F16 need_f16_K=0 need_f16_V=1 workspace_end_offset=606208 dst_data=(nil) f16_K=(nil) f16_V=0x14000 f16_end=0x94000
CUDA_FA_ROUTE_PLAN device=0 Q=[256,5,16,1] Kraw=turbo4_tcq Vraw=q5_1 Kshape=[256,256,4,1] Vshape=[256,256,4,1] Keff=f16 Veff=q5_1 turbo_kv=1 prefer_native_vec=0 decode=1 dk=1 dv=0 unsafe_vec_after_turbo_v_decode=0 allow_vec=1 kernel=MMA_F16 need_f16_K=0 need_f16_V=1 Knb=[68,544,136,139264] Vnb=[24,768,192,196608] Keff_nb=[2,2048,512,524288] Veff_nb=[24,768,192,196608]
CUDA_FA_ROUTE_ALLOC kernel=MMA_F16 need_f16_K=0 need_f16_V=1 workspace_end_offset=606208 dst_data=(nil) f16_K=(nil) f16_V=0x14000 f16_end=0x94000
CUDA_FA_ROUTE_PLAN device=0 Q=[256,5,16,1] Kraw=turbo4_tcq Vraw=q5_1 Kshape=[256,256,4,1] Vshape=[256,256,4,1] Keff=f16 Veff=q5_1 turbo_kv=1 prefer_native_vec=0 decode=1 dk=1 dv=0 unsafe_vec_after_turbo_v_decode=0 allow_vec=1 kernel=MMA_F16 need_f16_K=0 need_f16_V=1 Knb=[68,544,136,139264] Vnb=[24,768,192,196608] Keff_nb=[2,2048,512,524288] Veff_nb=[24,768,192,196608]
CUDA_FA_ROUTE_ALLOC kernel=MMA_F16 need_f16_K=0 need_f16_V=1 workspace_end_offset=606208 dst_data=(nil) f16_K=(nil) f16_V=0x14000 f16_end=0x94000
CUDA_FA_ROUTE_PLAN device=0 Q=[256,5,16,1] Kraw=turbo4_tcq Vraw=q5_1 Kshape=[256,256,4,1] Vshape=[256,256,4,1] Keff=f16 Veff=q5_1 turbo_kv=1 prefer_native_vec=0 decode=1 dk=1 dv=0 unsafe_vec_after_turbo_v_decode=0 allow_vec=1 kernel=MMA_F16 need_f16_K=0 need_f16_V=1 Knb=[68,544,136,139264] Vnb=[24,768,192,196608] Keff_nb=[2,2048,512,524288] Veff_nb=[24,768,192,196608]
CUDA_FA_ROUTE_ALLOC kernel=MMA_F16 need_f16_K=0 need_f16_V=1 workspace_end_offset=606208 dst_data=(nil) f16_K=(nil) f16_V=0x14000 f16_end=0x94000
CUDA_FA_ROUTE_PLAN device=0 Q=[256,5,16,1] Kraw=turbo4_tcq Vraw=q5_1 Kshape=[256,256,4,1] Vshape=[256,256,4,1] Keff=f16 Veff=q5_1 turbo_kv=1 prefer_native_vec=0 decode=1 dk=1 dv=0 unsafe_vec_after_turbo_v_decode=0 allow_vec=1 kernel=MMA_F16 need_f16_K=0 need_f16_V=1 Knb=[68,544,136,139264] Vnb=[24,768,192,196608] Keff_nb=[2,2048,512,524288] Veff_nb=[24,768,192,196608]
CUDA_FA_ROUTE_ALLOC kernel=MMA_F16 need_f16_K=0 need_f16_V=1 workspace_end_offset=606208 dst_data=(nil) f16_K=(nil) f16_V=0x14000 f16_end=0x94000
CUDA_FA_ROUTE_PLAN device=0 Q=[256,5,16,1] Kraw=turbo4_tcq Vraw=q5_1 Kshape=[256,256,4,1] Vshape=[256,256,4,1] Keff=f16 Veff=q5_1 turbo_kv=1 prefer_native_vec=0 decode=1 dk=1 dv=0 unsafe_vec_after_turbo_v_decode=0 allow_vec=1 kernel=MMA_F16 need_f16_K=0 need_f16_V=1 Knb=[68,544,136,139264] Vnb=[24,768,192,196608] Keff_nb=[2,2048,512,524288] Veff_nb=[24,768,192,196608]
CUDA_FA_ROUTE_ALLOC kernel=MMA_F16 need_f16_K=0 need_f16_V=1 workspace_end_offset=606208 dst_data=(nil) f16_K=(nil) f16_V=0x14000 f16_end=0x94000
CUDA_FA_ROUTE_PLAN device=0 Q=[256,5,16,1] Kraw=turbo4_tcq Vraw=q5_1 Kshape=[256,256,4,1] Vshape=[256,256,4,1] Keff=f16 Veff=q5_1 turbo_kv=1 prefer_native_vec=0 decode=1 dk=1 dv=0 unsafe_vec_after_turbo_v_decode=0 allow_vec=1 kernel=MMA_F16 need_f16_K=0 need_f16_V=1 Knb=[68,544,136,139264] Vnb=[24,768,192,196608] Keff_nb=[2,2048,512,524288] Veff_nb=[24,768,192,196608]
CUDA_FA_ROUTE_ALLOC kernel=MMA_F16 need_f16_K=0 need_f16_V=1 workspace_end_offset=606208 dst_data=(nil) f16_K=(nil) f16_V=0x14000 f16_end=0x94000
CUDA_FA_ROUTE_PLAN device=0 Q=[256,5,16,1] Kraw=turbo4_tcq Vraw=q5_1 Kshape=[256,256,4,1] Vshape=[256,256,4,1] Keff=f16 Veff=q5_1 turbo_kv=1 prefer_native_vec=0 decode=1 dk=1 dv=0 unsafe_vec_after_turbo_v_decode=0 allow_vec=1 kernel=MMA_F16 need_f16_K=0 need_f16_V=1 Knb=[68,544,136,139264] Vnb=[24,768,192,196608] Keff_nb=[2,2048,512,524288] Veff_nb=[24,768,192,196608]
CUDA_FA_ROUTE_ALLOC kernel=MMA_F16 need_f16_K=0 need_f16_V=1 workspace_end_offset=606208 dst_data=(nil) f16_K=(nil) f16_V=0x14000 f16_end=0x94000
CUDA_FA_ROUTE_PLAN device=0 Q=[256,5,16,1] Kraw=turbo4_tcq Vraw=q5_1 Kshape=[256,256,4,1] Vshape=[256,256,4,1] Keff=f16 Veff=q5_1 turbo_kv=1 prefer_native_vec=0 decode=1 dk=1 dv=0 unsafe_vec_after_turbo_v_decode=0 allow_vec=1 kernel=MMA_F16 need_f16_K=0 need_f16_V=1 Knb=[68,544,136,139264] Vnb=[24,768,192,196608] Keff_nb=[2,2048,512,524288] Veff_nb=[24,768,192,196608]
CUDA_FA_ROUTE_ALLOC kernel=MMA_F16 need_f16_K=0 need_f16_V=1 workspace_end_offset=606208 dst_data=(nil) f16_K=(nil) f16_V=0x14000 f16_end=0x94000
CUDA_FA_ROUTE_PLAN device=0 Q=[256,5,16,1] Kraw=turbo4_tcq Vraw=q5_1 Kshape=[256,256,4,1] Vshape=[256,256,4,1] Keff=f16 Veff=q5_1 turbo_kv=1 prefer_native_vec=0 decode=1 dk=1 dv=0 unsafe_vec_after_turbo_v_decode=0 allow_vec=1 kernel=MMA_F16 need_f16_K=0 need_f16_V=1 Knb=[68,544,136,139264] Vnb=[24,768,192,196608] Keff_nb=[2,2048,512,524288] Veff_nb=[24,768,192,196608]
CUDA_FA_ROUTE_ALLOC kernel=MMA_F16 need_f16_K=0 need_f16_V=1 workspace_end_offset=606208 dst_data=(nil) f16_K=(nil) f16_V=0x14000 f16_end=0x94000
CUDA_FA_ROUTE_PLAN device=0 Q=[256,5,16,1] Kraw=turbo4_tcq Vraw=q5_1 Kshape=[256,256,4,1] Vshape=[256,256,4,1] Keff=f16 Veff=q5_1 turbo_kv=1 prefer_native_vec=0 decode=1 dk=1 dv=0 unsafe_vec_after_turbo_v_decode=0 allow_vec=1 kernel=MMA_F16 need_f16_K=0 need_f16_V=1 Knb=[68,544,136,139264] Vnb=[24,768,192,196608] Keff_nb=[2,2048,512,524288] Veff_nb=[24,768,192,196608]
CUDA_FA_ROUTE_ALLOC kernel=MMA_F16 need_f16_K=0 need_f16_V=1 workspace_end_offset=606208 dst_data=(nil) f16_K=(nil) f16_V=0x14000 f16_end=0x94000
CUDA_FA_ROUTE_PLAN device=0 Q=[256,5,16,1] Kraw=turbo4_tcq Vraw=q5_1 Kshape=[256,256,4,1] Vshape=[256,256,4,1] Keff=f16 Veff=q5_1 turbo_kv=1 prefer_native_vec=0 decode=1 dk=1 dv=0 unsafe_vec_after_turbo_v_decode=0 allow_vec=1 kernel=MMA_F16 need_f16_K=0 need_f16_V=1 Knb=[68,544,136,139264] Vnb=[24,768,192,196608] Keff_nb=[2,2048,512,524288] Veff_nb=[24,768,192,196608]
CUDA_FA_ROUTE_ALLOC kernel=MMA_F16 need_f16_K=0 need_f16_V=1 workspace_end_offset=606208 dst_data=(nil) f16_K=(nil) f16_V=0x14000 f16_end=0x94000
CUDA_FA_ROUTE_PLAN device=0 Q=[256,5,16,1] Kraw=turbo4_tcq Vraw=q5_1 Kshape=[256,256,4,1] Vshape=[256,256,4,1] Keff=f16 Veff=q5_1 turbo_kv=1 prefer_native_vec=0 decode=1 dk=1 dv=0 unsafe_vec_after_turbo_v_decode=0 allow_vec=1 kernel=MMA_F16 need_f16_K=0 need_f16_V=1 Knb=[68,544,136,139264] Vnb=[24,768,192,196608] Keff_nb=[2,2048,512,524288] Veff_nb=[24,768,192,196608]
CUDA_FA_ROUTE_ALLOC kernel=MMA_F16 need_f16_K=0 need_f16_V=1 workspace_end_offset=606208 dst_data=(nil) f16_K=(nil) f16_V=0x14000 f16_end=0x94000
CUDA_FA_ROUTE_PLAN device=0 Q=[256,5,16,1] Kraw=turbo4_tcq Vraw=q5_1 Kshape=[256,256,4,1] Vshape=[256,256,4,1] Keff=f16 Veff=q5_1 turbo_kv=1 prefer_native_vec=0 decode=1 dk=1 dv=0 unsafe_vec_after_turbo_v_decode=0 allow_vec=1 kernel=MMA_F16 need_f16_K=0 need_f16_V=1 Knb=[68,544,136,139264] Vnb=[24,768,192,196608] Keff_nb=[2,2048,512,524288] Veff_nb=[24,768,192,196608]
CUDA_FA_ROUTE_ALLOC kernel=MMA_F16 need_f16_K=0 need_f16_V=1 workspace_end_offset=606208 dst_data=(nil) f16_K=(nil) f16_V=0x14000 f16_end=0x94000
CUDA_FA_ROUTE_PLAN device=0 Q=[256,5,16,1] Kraw=turbo4_tcq Vraw=q5_1 Kshape=[256,256,4,1] Vshape=[256,256,4,1] Keff=f16 Veff=q5_1 turbo_kv=1 prefer_native_vec=0 decode=1 dk=1 dv=0 unsafe_vec_after_turbo_v_decode=0 allow_vec=1 kernel=MMA_F16 need_f16_K=0 need_f16_V=1 Knb=[68,544,136,139264] Vnb=[24,768,192,196608] Keff_nb=[2,2048,512,524288] Veff_nb=[24,768,192,196608]
CUDA_FA_ROUTE_ALLOC kernel=MMA_F16 need_f16_K=0 need_f16_V=1 workspace_end_offset=606208 dst_data=(nil) f16_K=(nil) f16_V=0x14000 f16_end=0x94000
CUDA_FA_ROUTE_PLAN device=0 Q=[256,5,16,1] Kraw=turbo4_tcq Vraw=q5_1 Kshape=[256,256,4,1] Vshape=[256,256,4,1] Keff=f16 Veff=q5_1 turbo_kv=1 prefer_native_vec=0 decode=1 dk=1 dv=0 unsafe_vec_after_turbo_v_decode=0 allow_vec=1 kernel=MMA_F16 need_f16_K=0 need_f16_V=1 Knb=[68,544,136,139264] Vnb=[24,768,192,196608] Keff_nb=[2,2048,512,524288] Veff_nb=[24,768,192,196608]
CUDA_FA_ROUTE_ALLOC kernel=MMA_F16 need_f16_K=0 need_f16_V=1 workspace_end_offset=606208 dst_data=(nil) f16_K=(nil) f16_V=0x14000 f16_end=0x94000
CUDA_FA_ROUTE_PLAN device=0 Q=[256,5,16,1] Kraw=turbo4_tcq Vraw=q5_1 Kshape=[256,256,4,1] Vshape=[256,256,4,1] Keff=f16 Veff=q5_1 turbo_kv=1 prefer_native_vec=0 decode=1 dk=1 dv=0 unsafe_vec_after_turbo_v_decode=0 allow_vec=1 kernel=MMA_F16 need_f16_K=0 need_f16_V=1 Knb=[68,544,136,139264] Vnb=[24,768,192,196608] Keff_nb=[2,2048,512,524288] Veff_nb=[24,768,192,196608]
CUDA_FA_ROUTE_ALLOC kernel=MMA_F16 need_f16_K=0 need_f16_V=1 workspace_end_offset=606208 dst_data=(nil) f16_K=(nil) f16_V=0x14000 f16_end=0x94000
CUDA_FA_ROUTE_PLAN device=0 Q=[256,5,16,1] Kraw=turbo4_tcq Vraw=q5_1 Kshape=[256,256,4,1] Vshape=[256,256,4,1] Keff=f16 Veff=q5_1 turbo_kv=1 prefer_native_vec=0 decode=1 dk=1 dv=0 unsafe_vec_after_turbo_v_decode=0 allow_vec=1 kernel=MMA_F16 need_f16_K=0 need_f16_V=1 Knb=[68,544,136,139264] Vnb=[24,768,192,196608] Keff_nb=[2,2048,512,524288] Veff_nb=[24,768,192,196608]
CUDA_FA_ROUTE_ALLOC kernel=MMA_F16 need_f16_K=0 need_f16_V=1 workspace_end_offset=606208 dst_data=(nil) f16_K=(nil) f16_V=0x14000 f16_end=0x94000
CUDA_FA_ROUTE_PLAN device=0 Q=[256,5,16,1] Kraw=turbo4_tcq Vraw=q5_1 Kshape=[256,256,4,1] Vshape=[256,256,4,1] Keff=f16 Veff=q5_1 turbo_kv=1 prefer_native_vec=0 decode=1 dk=1 dv=0 unsafe_vec_after_turbo_v_decode=0 allow_vec=1 kernel=MMA_F16 need_f16_K=0 need_f16_V=1 Knb=[68,544,136,139264] Vnb=[24,768,192,196608] Keff_nb=[2,2048,512,524288] Veff_nb=[24,768,192,196608]
CUDA_FA_ROUTE_ALLOC kernel=MMA_F16 need_f16_K=0 need_f16_V=1 workspace_end_offset=606208 dst_data=(nil) f16_K=(nil) f16_V=0x14000 f16_end=0x94000
CUDA_FA_ROUTE_PLAN device=0 Q=[256,5,16,1] Kraw=turbo4_tcq Vraw=q5_1 Kshape=[256,256,4,1] Vshape=[256,256,4,1] Keff=f16 Veff=q5_1 turbo_kv=1 prefer_native_vec=0 decode=1 dk=1 dv=0 unsafe_vec_after_turbo_v_decode=0 allow_vec=1 kernel=MMA_F16 need_f16_K=0 need_f16_V=1 Knb=[68,544,136,139264] Vnb=[24,768,192,196608] Keff_nb=[2,2048,512,524288] Veff_nb=[24,768,192,196608]
CUDA_FA_ROUTE_ALLOC kernel=MMA_F16 need_f16_K=0 need_f16_V=1 workspace_end_offset=606208 dst_data=(nil) f16_K=(nil) f16_V=0x14000 f16_end=0x94000
CUDA_FA_ROUTE_PLAN device=0 Q=[256,5,16,1] Kraw=turbo4_tcq Vraw=q5_1 Kshape=[256,256,4,1] Vshape=[256,256,4,1] Keff=f16 Veff=q5_1 turbo_kv=1 prefer_native_vec=0 decode=1 dk=1 dv=0 unsafe_vec_after_turbo_v_decode=0 allow_vec=1 kernel=MMA_F16 need_f16_K=0 need_f16_V=1 Knb=[68,544,136,139264] Vnb=[24,768,192,196608] Keff_nb=[2,2048,512,524288] Veff_nb=[24,768,192,196608]
CUDA_FA_ROUTE_ALLOC kernel=MMA_F16 need_f16_K=0 need_f16_V=1 workspace_end_offset=606208 dst_data=(nil) f16_K=(nil) f16_V=0x14000 f16_end=0x94000
CUDA_FA_ROUTE_PLAN device=0 Q=[256,5,16,1] Kraw=turbo4_tcq Vraw=q5_1 Kshape=[256,256,4,1] Vshape=[256,256,4,1] Keff=f16 Veff=q5_1 turbo_kv=1 prefer_native_vec=0 decode=1 dk=1 dv=0 unsafe_vec_after_turbo_v_decode=0 allow_vec=1 kernel=MMA_F16 need_f16_K=0 need_f16_V=1 Knb=[68,544,136,139264] Vnb=[24,768,192,196608] Keff_nb=[2,2048,512,524288] Veff_nb=[24,768,192,196608]
CUDA_FA_ROUTE_ALLOC kernel=MMA_F16 need_f16_K=0 need_f16_V=1 workspace_end_offset=606208 dst_data=(nil) f16_K=(nil) f16_V=0x14000 f16_end=0x94000
CUDA_FA_ROUTE_PLAN device=0 Q=[256,5,16,1] Kraw=turbo4_tcq Vraw=q5_1 Kshape=[256,256,4,1] Vshape=[256,256,4,1] Keff=f16 Veff=q5_1 turbo_kv=1 prefer_native_vec=0 decode=1 dk=1 dv=0 unsafe_vec_after_turbo_v_decode=0 allow_vec=1 kernel=MMA_F16 need_f16_K=0 need_f16_V=1 Knb=[68,544,136,139264] Vnb=[24,768,192,196608] Keff_nb=[2,2048,512,524288] Veff_nb=[24,768,192,196608]
CUDA_FA_ROUTE_ALLOC kernel=MMA_F16 need_f16_K=0 need_f16_V=1 workspace_end_offset=606208 dst_data=(nil) f16_K=(nil) f16_V=0x14000 f16_end=0x94000
CUDA_FA_ROUTE_PLAN device=0 Q=[256,5,16,1] Kraw=turbo4_tcq Vraw=q5_1 Kshape=[256,256,4,1] Vshape=[256,256,4,1] Keff=f16 Veff=q5_1 turbo_kv=1 prefer_native_vec=0 decode=1 dk=1 dv=0 unsafe_vec_after_turbo_v_decode=0 allow_vec=1 kernel=MMA_F16 need_f16_K=0 need_f16_V=1 Knb=[68,544,136,139264] Vnb=[24,768,192,196608] Keff_nb=[2,2048,512,524288] Veff_nb=[24,768,192,196608]
CUDA_FA_ROUTE_ALLOC kernel=MMA_F16 need_f16_K=0 need_f16_V=1 workspace_end_offset=606208 dst_data=(nil) f16_K=(nil) f16_V=0x14000 f16_end=0x94000
CUDA_FA_ROUTE_PLAN device=0 Q=[256,5,16,1] Kraw=turbo4_tcq Vraw=q5_1 Kshape=[256,256,4,1] Vshape=[256,256,4,1] Keff=f16 Veff=q5_1 turbo_kv=1 prefer_native_vec=0 decode=1 dk=1 dv=0 unsafe_vec_after_turbo_v_decode=0 allow_vec=1 kernel=MMA_F16 need_f16_K=0 need_f16_V=1 Knb=[68,544,136,139264] Vnb=[24,768,192,196608] Keff_nb=[2,2048,512,524288] Veff_nb=[24,768,192,196608]
CUDA_FA_ROUTE_ALLOC kernel=MMA_F16 need_f16_K=0 need_f16_V=1 workspace_end_offset=606208 dst_data=(nil) f16_K=(nil) f16_V=0x14000 f16_end=0x94000
CUDA_FA_ROUTE_PLAN device=0 Q=[256,5,16,1] Kraw=turbo4_tcq Vraw=q5_1 Kshape=[256,256,4,1] Vshape=[256,256,4,1] Keff=f16 Veff=q5_1 turbo_kv=1 prefer_native_vec=0 decode=1 dk=1 dv=0 unsafe_vec_after_turbo_v_decode=0 allow_vec=1 kernel=MMA_F16 need_f16_K=0 need_f16_V=1 Knb=[68,544,136,139264] Vnb=[24,768,192,196608] Keff_nb=[2,2048,512,524288] Veff_nb=[24,768,192,196608]
CUDA_FA_ROUTE_ALLOC kernel=MMA_F16 need_f16_K=0 need_f16_V=1 workspace_end_offset=606208 dst_data=(nil) f16_K=(nil) f16_V=0x14000 f16_end=0x94000
CUDA_FA_ROUTE_PLAN device=0 Q=[256,5,16,1] Kraw=turbo4_tcq Vraw=q5_1 Kshape=[256,256,4,1] Vshape=[256,256,4,1] Keff=f16 Veff=q5_1 turbo_kv=1 prefer_native_vec=0 decode=1 dk=1 dv=0 unsafe_vec_after_turbo_v_decode=0 allow_vec=1 kernel=MMA_F16 need_f16_K=0 need_f16_V=1 Knb=[68,544,136,139264] Vnb=[24,768,192,196608] Keff_nb=[2,2048,512,524288] Veff_nb=[24,768,192,196608]
CUDA_FA_ROUTE_ALLOC kernel=MMA_F16 need_f16_K=0 need_f16_V=1 workspace_end_offset=606208 dst_data=(nil) f16_K=(nil) f16_V=0x14000 f16_end=0x94000
CUDA_FA_ROUTE_PLAN device=0 Q=[256,5,16,1] Kraw=turbo4_tcq Vraw=q5_1 Kshape=[256,256,4,1] Vshape=[256,256,4,1] Keff=f16 Veff=q5_1 turbo_kv=1 prefer_native_vec=0 decode=1 dk=1 dv=0 unsafe_vec_after_turbo_v_decode=0 allow_vec=1 kernel=MMA_F16 need_f16_K=0 need_f16_V=1 Knb=[68,544,136,139264] Vnb=[24,768,192,196608] Keff_nb=[2,2048,512,524288] Veff_nb=[24,768,192,196608]
CUDA_FA_ROUTE_ALLOC kernel=MMA_F16 need_f16_K=0 need_f16_V=1 workspace_end_offset=606208 dst_data=(nil) f16_K=(nil) f16_V=0x14000 f16_end=0x94000
CUDA_FA_ROUTE_PLAN device=0 Q=[256,5,16,1] Kraw=turbo4_tcq Vraw=q5_1 Kshape=[256,256,4,1] Vshape=[256,256,4,1] Keff=f16 Veff=q5_1 turbo_kv=1 prefer_native_vec=0 decode=1 dk=1 dv=0 unsafe_vec_after_turbo_v_decode=0 allow_vec=1 kernel=MMA_F16 need_f16_K=0 need_f16_V=1 Knb=[68,544,136,139264] Vnb=[24,768,192,196608] Keff_nb=[2,2048,512,524288] Veff_nb=[24,768,192,196608]
CUDA_FA_ROUTE_ALLOC kernel=MMA_F16 need_f16_K=0 need_f16_V=1 workspace_end_offset=606208 dst_data=(nil) f16_K=(nil) f16_V=0x14000 f16_end=0x94000
CUDA_FA_ROUTE_PLAN device=0 Q=[256,5,16,1] Kraw=turbo4_tcq Vraw=q5_1 Kshape=[256,256,4,1] Vshape=[256,256,4,1] Keff=f16 Veff=q5_1 turbo_kv=1 prefer_native_vec=0 decode=1 dk=1 dv=0 unsafe_vec_after_turbo_v_decode=0 allow_vec=1 kernel=MMA_F16 need_f16_K=0 need_f16_V=1 Knb=[68,544,136,139264] Vnb=[24,768,192,196608] Keff_nb=[2,2048,512,524288] Veff_nb=[24,768,192,196608]
CUDA_FA_ROUTE_ALLOC kernel=MMA_F16 need_f16_K=0 need_f16_V=1 workspace_end_offset=606208 dst_data=(nil) f16_K=(nil) f16_V=0x14000 f16_end=0x94000
CUDA_FA_ROUTE_PLAN device=0 Q=[256,5,16,1] Kraw=turbo4_tcq Vraw=q5_1 Kshape=[256,256,4,1] Vshape=[256,256,4,1] Keff=f16 Veff=q5_1 turbo_kv=1 prefer_native_vec=0 decode=1 dk=1 dv=0 unsafe_vec_after_turbo_v_decode=0 allow_vec=1 kernel=MMA_F16 need_f16_K=0 need_f16_V=1 Knb=[68,544,136,139264] Vnb=[24,768,192,196608] Keff_nb=[2,2048,512,524288] Veff_nb=[24,768,192,196608]
CUDA_FA_ROUTE_ALLOC kernel=MMA_F16 need_f16_K=0 need_f16_V=1 workspace_end_offset=606208 dst_data=(nil) f16_K=(nil) f16_V=0x14000 f16_end=0x94000
CUDA_FA_ROUTE_PLAN device=0 Q=[256,5,16,1] Kraw=turbo4_tcq Vraw=q5_1 Kshape=[256,256,4,1] Vshape=[256,256,4,1] Keff=f16 Veff=q5_1 turbo_kv=1 prefer_native_vec=0 decode=1 dk=1 dv=0 unsafe_vec_after_turbo_v_decode=0 allow_vec=1 kernel=MMA_F16 need_f16_K=0 need_f16_V=1 Knb=[68,544,136,139264] Vnb=[24,768,192,196608] Keff_nb=[2,2048,512,524288] Veff_nb=[24,768,192,196608]
GGML_TURBO_FA_DEBUG: path=prefill-dequant K=turbo4_tcq V=q5_1 Q=[256,5,16,1] K=[256,256,4,1] V=[256,256,4,1]
CUDA_FA_ROUTE_PLAN device=0 Q=[256,5,16,1] Kraw=turbo4_tcq Vraw=q5_1 Kshape=[256,256,4,1] Vshape=[256,256,4,1] Keff=f16 Veff=q5_1 turbo_kv=1 prefer_native_vec=0 decode=1 dk=1 dv=0 unsafe_vec_after_turbo_v_decode=0 allow_vec=1 kernel=MMA_F16 need_f16_K=0 need_f16_V=1 Knb=[68,544,136,139264] Vnb=[24,768,192,196608] Keff_nb=[2,2048,512,524288] Veff_nb=[24,768,192,196608]
GGML_TURBO_FA_DEBUG: path=prefill-dequant K=turbo4_tcq V=q5_1 Q=[256,5,16,1] K=[256,256,4,1] V=[256,256,4,1]
CUDA_FA_ROUTE_PLAN device=0 Q=[256,5,16,1] Kraw=turbo4_tcq Vraw=q5_1 Kshape=[256,256,4,1] Vshape=[256,256,4,1] Keff=f16 Veff=q5_1 turbo_kv=1 prefer_native_vec=0 decode=1 dk=1 dv=0 unsafe_vec_after_turbo_v_decode=0 allow_vec=1 kernel=MMA_F16 need_f16_K=0 need_f16_V=1 Knb=[68,544,136,139264] Vnb=[24,768,192,196608] Keff_nb=[2,2048,512,524288] Veff_nb=[24,768,192,196608]
GGML_TURBO_FA_DEBUG: path=prefill-dequant K=turbo4_tcq V=q5_1 Q=[256,5,16,1] K=[256,256,4,1] V=[256,256,4,1]
CUDA_FA_ROUTE_PLAN device=0 Q=[256,5,16,1] Kraw=turbo4_tcq Vraw=q5_1 Kshape=[256,256,4,1] Vshape=[256,256,4,1] Keff=f16 Veff=q5_1 turbo_kv=1 prefer_native_vec=0 decode=1 dk=1 dv=0 unsafe_vec_after_turbo_v_decode=0 allow_vec=1 kernel=MMA_F16 need_f16_K=0 need_f16_V=1 Knb=[68,544,136,139264] Vnb=[24,768,192,196608] Keff_nb=[2,2048,512,524288] Veff_nb=[24,768,192,196608]
GGML_TURBO_FA_DEBUG: path=prefill-dequant K=turbo4_tcq V=q5_1 Q=[256,5,16,1] K=[256,256,4,1] V=[256,256,4,1]
CUDA_FA_ROUTE_PLAN device=0 Q=[256,5,16,1] Kraw=turbo4_tcq Vraw=q5_1 Kshape=[256,256,4,1] Vshape=[256,256,4,1] Keff=f16 Veff=q5_1 turbo_kv=1 prefer_native_vec=0 decode=1 dk=1 dv=0 unsafe_vec_after_turbo_v_decode=0 allow_vec=1 kernel=MMA_F16 need_f16_K=0 need_f16_V=1 Knb=[68,544,136,139264] Vnb=[24,768,192,196608] Keff_nb=[2,2048,512,524288] Veff_nb=[24,768,192,196608]
GGML_TURBO_FA_DEBUG: path=prefill-dequant K=turbo4_tcq V=q5_1 Q=[256,5,16,1] K=[256,256,4,1] V=[256,256,4,1]
CUDA_FA_ROUTE_PLAN device=0 Q=[256,5,16,1] Kraw=turbo4_tcq Vraw=q5_1 Kshape=[256,256,4,1] Vshape=[256,256,4,1] Keff=f16 Veff=q5_1 turbo_kv=1 prefer_native_vec=0 decode=1 dk=1 dv=0 unsafe_vec_after_turbo_v_decode=0 allow_vec=1 kernel=MMA_F16 need_f16_K=0 need_f16_V=1 Knb=[68,544,136,139264] Vnb=[24,768,192,196608] Keff_nb=[2,2048,512,524288] Veff_nb=[24,768,192,196608]
GGML_TURBO_FA_DEBUG: path=prefill-dequant K=turbo4_tcq V=q5_1 Q=[256,5,16,1] K=[256,256,4,1] V=[256,256,4,1]
CUDA_FA_ROUTE_PLAN device=0 Q=[256,5,16,1] Kraw=turbo4_tcq Vraw=q5_1 Kshape=[256,256,4,1] Vshape=[256,256,4,1] Keff=f16 Veff=q5_1 turbo_kv=1 prefer_native_vec=0 decode=1 dk=1 dv=0 unsafe_vec_after_turbo_v_decode=0 allow_vec=1 kernel=MMA_F16 need_f16_K=0 need_f16_V=1 Knb=[68,544,136,139264] Vnb=[24,768,192,196608] Keff_nb=[2,2048,512,524288] Veff_nb=[24,768,192,196608]
GGML_TURBO_FA_DEBUG: path=prefill-dequant K=turbo4_tcq V=q5_1 Q=[256,5,16,1] K=[256,256,4,1] V=[256,256,4,1]
CUDA_FA_ROUTE_PLAN device=0 Q=[256,5,16,1] Kraw=turbo4_tcq Vraw=q5_1 Kshape=[256,256,4,1] Vshape=[256,256,4,1] Keff=f16 Veff=q5_1 turbo_kv=1 prefer_native_vec=0 decode=1 dk=1 dv=0 unsafe_vec_after_turbo_v_decode=0 allow_vec=1 kernel=MMA_F16 need_f16_K=0 need_f16_V=1 Knb=[68,544,136,139264] Vnb=[24,768,192,196608] Keff_nb=[2,2048,512,524288] Veff_nb=[24,768,192,196608]
GGML_TURBO_FA_DEBUG: path=prefill-dequant K=turbo4_tcq V=q5_1 Q=[256,5,16,1] K=[256,256,4,1] V=[256,256,4,1]
 ParisCUDA_FA_ROUTE_PLAN device=0 Q=[256,1,16,1] Kraw=turbo4_tcq Vraw=q5_1 Kshape=[256,256,4,1] Vshape=[256,256,4,1] Keff=f16 Veff=q5_1 turbo_kv=1 prefer_native_vec=0 decode=1 dk=1 dv=0 unsafe_vec_after_turbo_v_decode=0 allow_vec=1 kernel=VEC need_f16_K=0 need_f16_V=0 Knb=[68,544,136,139264] Vnb=[24,768,192,196608] Keff_nb=[2,2048,512,524288] Veff_nb=[24,768,192,196608]
CUDA_FA_ROUTE_PLAN device=0 Q=[256,1,16,1] Kraw=turbo4_tcq Vraw=q5_1 Kshape=[256,256,4,1] Vshape=[256,256,4,1] Keff=f16 Veff=q5_1 turbo_kv=1 prefer_native_vec=0 decode=1 dk=1 dv=0 unsafe_vec_after_turbo_v_decode=0 allow_vec=1 kernel=VEC need_f16_K=0 need_f16_V=0 Knb=[68,544,136,139264] Vnb=[24,768,192,196608] Keff_nb=[2,2048,512,524288] Veff_nb=[24,768,192,196608]
CUDA_FA_ROUTE_PLAN device=0 Q=[256,1,16,1] Kraw=turbo4_tcq Vraw=q5_1 Kshape=[256,256,4,1] Vshape=[256,256,4,1] Keff=f16 Veff=q5_1 turbo_kv=1 prefer_native_vec=0 decode=1 dk=1 dv=0 unsafe_vec_after_turbo_v_decode=0 allow_vec=1 kernel=VEC need_f16_K=0 need_f16_V=0 Knb=[68,544,136,139264] Vnb=[24,768,192,196608] Keff_nb=[2,2048,512,524288] Veff_nb=[24,768,192,196608]
CUDA_FA_ROUTE_PLAN device=0 Q=[256,1,16,1] Kraw=turbo4_tcq Vraw=q5_1 Kshape=[256,256,4,1] Vshape=[256,256,4,1] Keff=f16 Veff=q5_1 turbo_kv=1 prefer_native_vec=0 decode=1 dk=1 dv=0 unsafe_vec_after_turbo_v_decode=0 allow_vec=1 kernel=VEC need_f16_K=0 need_f16_V=0 Knb=[68,544,136,139264] Vnb=[24,768,192,196608] Keff_nb=[2,2048,512,524288] Veff_nb=[24,768,192,196608]
CUDA_FA_ROUTE_PLAN device=0 Q=[256,1,16,1] Kraw=turbo4_tcq Vraw=q5_1 Kshape=[256,256,4,1] Vshape=[256,256,4,1] Keff=f16 Veff=q5_1 turbo_kv=1 prefer_native_vec=0 decode=1 dk=1 dv=0 unsafe_vec_after_turbo_v_decode=0 allow_vec=1 kernel=VEC need_f16_K=0 need_f16_V=0 Knb=[68,544,136,139264] Vnb=[24,768,192,196608] Keff_nb=[2,2048,512,524288] Veff_nb=[24,768,192,196608]
CUDA_FA_ROUTE_PLAN device=0 Q=[256,1,16,1] Kraw=turbo4_tcq Vraw=q5_1 Kshape=[256,256,4,1] Vshape=[256,256,4,1] Keff=f16 Veff=q5_1 turbo_kv=1 prefer_native_vec=0 decode=1 dk=1 dv=0 unsafe_vec_after_turbo_v_decode=0 allow_vec=1 kernel=VEC need_f16_K=0 need_f16_V=0 Knb=[68,544,136,139264] Vnb=[24,768,192,196608] Keff_nb=[2,2048,512,524288] Veff_nb=[24,768,192,196608]
CUDA_FA_ROUTE_PLAN device=0 Q=[256,1,16,1] Kraw=turbo4_tcq Vraw=q5_1 Kshape=[256,256,4,1] Vshape=[256,256,4,1] Keff=f16 Veff=q5_1 turbo_kv=1 prefer_native_vec=0 decode=1 dk=1 dv=0 unsafe_vec_after_turbo_v_decode=0 allow_vec=1 kernel=VEC need_f16_K=0 need_f16_V=0 Knb=[68,544,136,139264] Vnb=[24,768,192,196608] Keff_nb=[2,2048,512,524288] Veff_nb=[24,768,192,196608]
CUDA_FA_ROUTE_PLAN device=0 Q=[256,1,16,1] Kraw=turbo4_tcq Vraw=q5_1 Kshape=[256,256,4,1] Vshape=[256,256,4,1] Keff=f16 Veff=q5_1 turbo_kv=1 prefer_native_vec=0 decode=1 dk=1 dv=0 unsafe_vec_after_turbo_v_decode=0 allow_vec=1 kernel=VEC need_f16_K=0 need_f16_V=0 Knb=[68,544,136,139264] Vnb=[24,768,192,196608] Keff_nb=[2,2048,512,524288] Veff_nb=[24,768,192,196608]
CUDA_FA_ROUTE_PLAN device=0 Q=[256,1,16,1] Kraw=turbo4_tcq Vraw=q5_1 Kshape=[256,256,4,1] Vshape=[256,256,4,1] Keff=f16 Veff=q5_1 turbo_kv=1 prefer_native_vec=0 decode=1 dk=1 dv=0 unsafe_vec_after_turbo_v_decode=0 allow_vec=1 kernel=VEC need_f16_K=0 need_f16_V=0 Knb=[68,544,136,139264] Vnb=[24,768,192,196608] Keff_nb=[2,2048,512,524288] Veff_nb=[24,768,192,196608]
CUDA_FA_ROUTE_ALLOC kernel=VEC need_f16_K=0 need_f16_V=0 workspace_end_offset=16384 dst_data=(nil) f16_K=(nil) f16_V=(nil) f16_end=0x4000
CUDA_FA_ROUTE_PLAN device=0 Q=[256,1,16,1] Kraw=turbo4_tcq Vraw=q5_1 Kshape=[256,256,4,1] Vshape=[256,256,4,1] Keff=f16 Veff=q5_1 turbo_kv=1 prefer_native_vec=0 decode=1 dk=1 dv=0 unsafe_vec_after_turbo_v_decode=0 allow_vec=1 kernel=VEC need_f16_K=0 need_f16_V=0 Knb=[68,544,136,139264] Vnb=[24,768,192,196608] Keff_nb=[2,2048,512,524288] Veff_nb=[24,768,192,196608]
CUDA_FA_ROUTE_ALLOC kernel=VEC need_f16_K=0 need_f16_V=0 workspace_end_offset=16384 dst_data=(nil) f16_K=(nil) f16_V=(nil) f16_end=0x4000
CUDA_FA_ROUTE_PLAN device=0 Q=[256,1,16,1] Kraw=turbo4_tcq Vraw=q5_1 Kshape=[256,256,4,1] Vshape=[256,256,4,1] Keff=f16 Veff=q5_1 turbo_kv=1 prefer_native_vec=0 decode=1 dk=1 dv=0 unsafe_vec_after_turbo_v_decode=0 allow_vec=1 kernel=VEC need_f16_K=0 need_f16_V=0 Knb=[68,544,136,139264] Vnb=[24,768,192,196608] Keff_nb=[2,2048,512,524288] Veff_nb=[24,768,192,196608]
CUDA_FA_ROUTE_ALLOC kernel=VEC need_f16_K=0 need_f16_V=0 workspace_end_offset=16384 dst_data=(nil) f16_K=(nil) f16_V=(nil) f16_end=0x4000
CUDA_FA_ROUTE_PLAN device=0 Q=[256,1,16,1] Kraw=turbo4_tcq Vraw=q5_1 Kshape=[256,256,4,1] Vshape=[256,256,4,1] Keff=f16 Veff=q5_1 turbo_kv=1 prefer_native_vec=0 decode=1 dk=1 dv=0 unsafe_vec_after_turbo_v_decode=0 allow_vec=1 kernel=VEC need_f16_K=0 need_f16_V=0 Knb=[68,544,136,139264] Vnb=[24,768,192,196608] Keff_nb=[2,2048,512,524288] Veff_nb=[24,768,192,196608]
CUDA_FA_ROUTE_ALLOC kernel=VEC need_f16_K=0 need_f16_V=0 workspace_end_offset=16384 dst_data=(nil) f16_K=(nil) f16_V=(nil) f16_end=0x4000
CUDA_FA_ROUTE_PLAN device=0 Q=[256,1,16,1] Kraw=turbo4_tcq Vraw=q5_1 Kshape=[256,256,4,1] Vshape=[256,256,4,1] Keff=f16 Veff=q5_1 turbo_kv=1 prefer_native_vec=0 decode=1 dk=1 dv=0 unsafe_vec_after_turbo_v_decode=0 allow_vec=1 kernel=VEC need_f16_K=0 need_f16_V=0 Knb=[68,544,136,139264] Vnb=[24,768,192,196608] Keff_nb=[2,2048,512,524288] Veff_nb=[24,768,192,196608]
CUDA_FA_ROUTE_ALLOC kernel=VEC need_f16_K=0 need_f16_V=0 workspace_end_offset=16384 dst_data=(nil) f16_K=(nil) f16_V=(nil) f16_end=0x4000
CUDA_FA_ROUTE_PLAN device=0 Q=[256,1,16,1] Kraw=turbo4_tcq Vraw=q5_1 Kshape=[256,256,4,1] Vshape=[256,256,4,1] Keff=f16 Veff=q5_1 turbo_kv=1 prefer_native_vec=0 decode=1 dk=1 dv=0 unsafe_vec_after_turbo_v_decode=0 allow_vec=1 kernel=VEC need_f16_K=0 need_f16_V=0 Knb=[68,544,136,139264] Vnb=[24,768,192,196608] Keff_nb=[2,2048,512,524288] Veff_nb=[24,768,192,196608]
CUDA_FA_ROUTE_ALLOC kernel=VEC need_f16_K=0 need_f16_V=0 workspace_end_offset=16384 dst_data=(nil) f16_K=(nil) f16_V=(nil) f16_end=0x4000
CUDA_FA_ROUTE_PLAN device=0 Q=[256,1,16,1] Kraw=turbo4_tcq Vraw=q5_1 Kshape=[256,256,4,1] Vshape=[256,256,4,1] Keff=f16 Veff=q5_1 turbo_kv=1 prefer_native_vec=0 decode=1 dk=1 dv=0 unsafe_vec_after_turbo_v_decode=0 allow_vec=1 kernel=VEC need_f16_K=0 need_f16_V=0 Knb=[68,544,136,139264] Vnb=[24,768,192,196608] Keff_nb=[2,2048,512,524288] Veff_nb=[24,768,192,196608]
CUDA_FA_ROUTE_ALLOC kernel=VEC need_f16_K=0 need_f16_V=0 workspace_end_offset=16384 dst_data=(nil) f16_K=(nil) f16_V=(nil) f16_end=0x4000
CUDA_FA_ROUTE_PLAN device=0 Q=[256,1,16,1] Kraw=turbo4_tcq Vraw=q5_1 Kshape=[256,256,4,1] Vshape=[256,256,4,1] Keff=f16 Veff=q5_1 turbo_kv=1 prefer_native_vec=0 decode=1 dk=1 dv=0 unsafe_vec_after_turbo_v_decode=0 allow_vec=1 kernel=VEC need_f16_K=0 need_f16_V=0 Knb=[68,544,136,139264] Vnb=[24,768,192,196608] Keff_nb=[2,2048,512,524288] Veff_nb=[24,768,192,196608]
CUDA_FA_ROUTE_ALLOC kernel=VEC need_f16_K=0 need_f16_V=0 workspace_end_offset=16384 dst_data=(nil) f16_K=(nil) f16_V=(nil) f16_end=0x4000
CUDA_FA_ROUTE_PLAN device=0 Q=[256,1,16,1] Kraw=turbo4_tcq Vraw=q5_1 Kshape=[256,256,4,1] Vshape=[256,256,4,1] Keff=f16 Veff=q5_1 turbo_kv=1 prefer_native_vec=0 decode=1 dk=1 dv=0 unsafe_vec_after_turbo_v_decode=0 allow_vec=1 kernel=VEC need_f16_K=0 need_f16_V=0 Knb=[68,544,136,139264] Vnb=[24,768,192,196608] Keff_nb=[2,2048,512,524288] Veff_nb=[24,768,192,196608]
CUDA_FA_ROUTE_ALLOC kernel=VEC need_f16_K=0 need_f16_V=0 workspace_end_offset=16384 dst_data=(nil) f16_K=(nil) f16_V=(nil) f16_end=0x4000
CUDA_FA_ROUTE_PLAN device=0 Q=[256,1,16,1] Kraw=turbo4_tcq Vraw=q5_1 Kshape=[256,256,4,1] Vshape=[256,256,4,1] Keff=f16 Veff=q5_1 turbo_kv=1 prefer_native_vec=0 decode=1 dk=1 dv=0 unsafe_vec_after_turbo_v_decode=0 allow_vec=1 kernel=VEC need_f16_K=0 need_f16_V=0 Knb=[68,544,136,139264] Vnb=[24,768,192,196608] Keff_nb=[2,2048,512,524288] Veff_nb=[24,768,192,196608]
CUDA_FA_ROUTE_ALLOC kernel=VEC need_f16_K=0 need_f16_V=0 workspace_end_offset=16384 dst_data=(nil) f16_K=(nil) f16_V=(nil) f16_end=0x4000
CUDA_FA_ROUTE_PLAN device=0 Q=[256,1,16,1] Kraw=turbo4_tcq Vraw=q5_1 Kshape=[256,256,4,1] Vshape=[256,256,4,1] Keff=f16 Veff=q5_1 turbo_kv=1 prefer_native_vec=0 decode=1 dk=1 dv=0 unsafe_vec_after_turbo_v_decode=0 allow_vec=1 kernel=VEC need_f16_K=0 need_f16_V=0 Knb=[68,544,136,139264] Vnb=[24,768,192,196608] Keff_nb=[2,2048,512,524288] Veff_nb=[24,768,192,196608]
CUDA_FA_ROUTE_ALLOC kernel=VEC need_f16_K=0 need_f16_V=0 workspace_end_offset=16384 dst_data=(nil) f16_K=(nil) f16_V=(nil) f16_end=0x4000
CUDA_FA_ROUTE_PLAN device=0 Q=[256,1,16,1] Kraw=turbo4_tcq Vraw=q5_1 Kshape=[256,256,4,1] Vshape=[256,256,4,1] Keff=f16 Veff=q5_1 turbo_kv=1 prefer_native_vec=0 decode=1 dk=1 dv=0 unsafe_vec_after_turbo_v_decode=0 allow_vec=1 kernel=VEC need_f16_K=0 need_f16_V=0 Knb=[68,544,136,139264] Vnb=[24,768,192,196608] Keff_nb=[2,2048,512,524288] Veff_nb=[24,768,192,196608]
CUDA_FA_ROUTE_ALLOC kernel=VEC need_f16_K=0 need_f16_V=0 workspace_end_offset=16384 dst_data=(nil) f16_K=(nil) f16_V=(nil) f16_end=0x4000
CUDA_FA_ROUTE_PLAN device=0 Q=[256,1,16,1] Kraw=turbo4_tcq Vraw=q5_1 Kshape=[256,256,4,1] Vshape=[256,256,4,1] Keff=f16 Veff=q5_1 turbo_kv=1 prefer_native_vec=0 decode=1 dk=1 dv=0 unsafe_vec_after_turbo_v_decode=0 allow_vec=1 kernel=VEC need_f16_K=0 need_f16_V=0 Knb=[68,544,136,139264] Vnb=[24,768,192,196608] Keff_nb=[2,2048,512,524288] Veff_nb=[24,768,192,196608]
CUDA_FA_ROUTE_ALLOC kernel=VEC need_f16_K=0 need_f16_V=0 workspace_end_offset=16384 dst_data=(nil) f16_K=(nil) f16_V=(nil) f16_end=0x4000
CUDA_FA_ROUTE_PLAN device=0 Q=[256,1,16,1] Kraw=turbo4_tcq Vraw=q5_1 Kshape=[256,256,4,1] Vshape=[256,256,4,1] Keff=f16 Veff=q5_1 turbo_kv=1 prefer_native_vec=0 decode=1 dk=1 dv=0 unsafe_vec_after_turbo_v_decode=0 allow_vec=1 kernel=VEC need_f16_K=0 need_f16_V=0 Knb=[68,544,136,139264] Vnb=[24,768,192,196608] Keff_nb=[2,2048,512,524288] Veff_nb=[24,768,192,196608]
CUDA_FA_ROUTE_ALLOC kernel=VEC need_f16_K=0 need_f16_V=0 workspace_end_offset=16384 dst_data=(nil) f16_K=(nil) f16_V=(nil) f16_end=0x4000
CUDA_FA_ROUTE_PLAN device=0 Q=[256,1,16,1] Kraw=turbo4_tcq Vraw=q5_1 Kshape=[256,256,4,1] Vshape=[256,256,4,1] Keff=f16 Veff=q5_1 turbo_kv=1 prefer_native_vec=0 decode=1 dk=1 dv=0 unsafe_vec_after_turbo_v_decode=0 allow_vec=1 kernel=VEC need_f16_K=0 need_f16_V=0 Knb=[68,544,136,139264] Vnb=[24,768,192,196608] Keff_nb=[2,2048,512,524288] Veff_nb=[24,768,192,196608]
CUDA_FA_ROUTE_ALLOC kernel=VEC need_f16_K=0 need_f16_V=0 workspace_end_offset=16384 dst_data=(nil) f16_K=(nil) f16_V=(nil) f16_end=0x4000
CUDA_FA_ROUTE_PLAN device=0 Q=[256,1,16,1] Kraw=turbo4_tcq Vraw=q5_1 Kshape=[256,256,4,1] Vshape=[256,256,4,1] Keff=f16 Veff=q5_1 turbo_kv=1 prefer_native_vec=0 decode=1 dk=1 dv=0 unsafe_vec_after_turbo_v_decode=0 allow_vec=1 kernel=VEC need_f16_K=0 need_f16_V=0 Knb=[68,544,136,139264] Vnb=[24,768,192,196608] Keff_nb=[2,2048,512,524288] Veff_nb=[24,768,192,196608]
CUDA_FA_ROUTE_ALLOC kernel=VEC need_f16_K=0 need_f16_V=0 workspace_end_offset=16384 dst_data=(nil) f16_K=(nil) f16_V=(nil) f16_end=0x4000
CUDA_FA_ROUTE_PLAN device=0 Q=[256,1,16,1] Kraw=turbo4_tcq Vraw=q5_1 Kshape=[256,256,4,1] Vshape=[256,256,4,1] Keff=f16 Veff=q5_1 turbo_kv=1 prefer_native_vec=0 decode=1 dk=1 dv=0 unsafe_vec_after_turbo_v_decode=0 allow_vec=1 kernel=VEC need_f16_K=0 need_f16_V=0 Knb=[68,544,136,139264] Vnb=[24,768,192,196608] Keff_nb=[2,2048,512,524288] Veff_nb=[24,768,192,196608]
CUDA_FA_ROUTE_ALLOC kernel=VEC need_f16_K=0 need_f16_V=0 workspace_end_offset=16384 dst_data=(nil) f16_K=(nil) f16_V=(nil) f16_end=0x4000
CUDA_FA_ROUTE_PLAN device=0 Q=[256,1,16,1] Kraw=turbo4_tcq Vraw=q5_1 Kshape=[256,256,4,1] Vshape=[256,256,4,1] Keff=f16 Veff=q5_1 turbo_kv=1 prefer_native_vec=0 decode=1 dk=1 dv=0 unsafe_vec_after_turbo_v_decode=0 allow_vec=1 kernel=VEC need_f16_K=0 need_f16_V=0 Knb=[68,544,136,139264] Vnb=[24,768,192,196608] Keff_nb=[2,2048,512,524288] Veff_nb=[24,768,192,196608]
CUDA_FA_ROUTE_ALLOC kernel=VEC need_f16_K=0 need_f16_V=0 workspace_end_offset=16384 dst_data=(nil) f16_K=(nil) f16_V=(nil) f16_end=0x4000
CUDA_FA_ROUTE_PLAN device=0 Q=[256,1,16,1] Kraw=turbo4_tcq Vraw=q5_1 Kshape=[256,256,4,1] Vshape=[256,256,4,1] Keff=f16 Veff=q5_1 turbo_kv=1 prefer_native_vec=0 decode=1 dk=1 dv=0 unsafe_vec_after_turbo_v_decode=0 allow_vec=1 kernel=VEC need_f16_K=0 need_f16_V=0 Knb=[68,544,136,139264] Vnb=[24,768,192,196608] Keff_nb=[2,2048,512,524288] Veff_nb=[24,768,192,196608]
CUDA_FA_ROUTE_ALLOC kernel=VEC need_f16_K=0 need_f16_V=0 workspace_end_offset=16384 dst_data=(nil) f16_K=(nil) f16_V=(nil) f16_end=0x4000
CUDA_FA_ROUTE_PLAN device=0 Q=[256,1,16,1] Kraw=turbo4_tcq Vraw=q5_1 Kshape=[256,256,4,1] Vshape=[256,256,4,1] Keff=f16 Veff=q5_1 turbo_kv=1 prefer_native_vec=0 decode=1 dk=1 dv=0 unsafe_vec_after_turbo_v_decode=0 allow_vec=1 kernel=VEC need_f16_K=0 need_f16_V=0 Knb=[68,544,136,139264] Vnb=[24,768,192,196608] Keff_nb=[2,2048,512,524288] Veff_nb=[24,768,192,196608]
CUDA_FA_ROUTE_ALLOC kernel=VEC need_f16_K=0 need_f16_V=0 workspace_end_offset=16384 dst_data=(nil) f16_K=(nil) f16_V=(nil) f16_end=0x4000
CUDA_FA_ROUTE_PLAN device=0 Q=[256,1,16,1] Kraw=turbo4_tcq Vraw=q5_1 Kshape=[256,256,4,1] Vshape=[256,256,4,1] Keff=f16 Veff=q5_1 turbo_kv=1 prefer_native_vec=0 decode=1 dk=1 dv=0 unsafe_vec_after_turbo_v_decode=0 allow_vec=1 kernel=VEC need_f16_K=0 need_f16_V=0 Knb=[68,544,136,139264] Vnb=[24,768,192,196608] Keff_nb=[2,2048,512,524288] Veff_nb=[24,768,192,196608]
CUDA_FA_ROUTE_ALLOC kernel=VEC need_f16_K=0 need_f16_V=0 workspace_end_offset=16384 dst_data=(nil) f16_K=(nil) f16_V=(nil) f16_end=0x4000
CUDA_FA_ROUTE_PLAN device=0 Q=[256,1,16,1] Kraw=turbo4_tcq Vraw=q5_1 Kshape=[256,256,4,1] Vshape=[256,256,4,1] Keff=f16 Veff=q5_1 turbo_kv=1 prefer_native_vec=0 decode=1 dk=1 dv=0 unsafe_vec_after_turbo_v_decode=0 allow_vec=1 kernel=VEC need_f16_K=0 need_f16_V=0 Knb=[68,544,136,139264] Vnb=[24,768,192,196608] Keff_nb=[2,2048,512,524288] Veff_nb=[24,768,192,196608]
CUDA_FA_ROUTE_ALLOC kernel=VEC need_f16_K=0 need_f16_V=0 workspace_end_offset=16384 dst_data=(nil) f16_K=(nil) f16_V=(nil) f16_end=0x4000
CUDA_FA_ROUTE_PLAN device=0 Q=[256,1,16,1] Kraw=turbo4_tcq Vraw=q5_1 Kshape=[256,256,4,1] Vshape=[256,256,4,1] Keff=f16 Veff=q5_1 turbo_kv=1 prefer_native_vec=0 decode=1 dk=1 dv=0 unsafe_vec_after_turbo_v_decode=0 allow_vec=1 kernel=VEC need_f16_K=0 need_f16_V=0 Knb=[68,544,136,139264] Vnb=[24,768,192,196608] Keff_nb=[2,2048,512,524288] Veff_nb=[24,768,192,196608]
CUDA_FA_ROUTE_ALLOC kernel=VEC need_f16_K=0 need_f16_V=0 workspace_end_offset=16384 dst_data=(nil) f16_K=(nil) f16_V=(nil) f16_end=0x4000
CUDA_FA_ROUTE_PLAN device=0 Q=[256,1,16,1] Kraw=turbo4_tcq Vraw=q5_1 Kshape=[256,256,4,1] Vshape=[256,256,4,1] Keff=f16 Veff=q5_1 turbo_kv=1 prefer_native_vec=0 decode=1 dk=1 dv=0 unsafe_vec_after_turbo_v_decode=0 allow_vec=1 kernel=VEC need_f16_K=0 need_f16_V=0 Knb=[68,544,136,139264] Vnb=[24,768,192,196608] Keff_nb=[2,2048,512,524288] Veff_nb=[24,768,192,196608]
CUDA_FA_ROUTE_ALLOC kernel=VEC need_f16_K=0 need_f16_V=0 workspace_end_offset=16384 dst_data=(nil) f16_K=(nil) f16_V=(nil) f16_end=0x4000
CUDA_FA_ROUTE_PLAN device=0 Q=[256,1,16,1] Kraw=turbo4_tcq Vraw=q5_1 Kshape=[256,256,4,1] Vshape=[256,256,4,1] Keff=f16 Veff=q5_1 turbo_kv=1 prefer_native_vec=0 decode=1 dk=1 dv=0 unsafe_vec_after_turbo_v_decode=0 allow_vec=1 kernel=VEC need_f16_K=0 need_f16_V=0 Knb=[68,544,136,139264] Vnb=[24,768,192,196608] Keff_nb=[2,2048,512,524288] Veff_nb=[24,768,192,196608]
GGML_TURBO_FA_DEBUG: path=decode-dequant-or-vec K=turbo4_tcq V=q5_1 Q=[256,1,16,1] K=[256,256,4,1] V=[256,256,4,1] prefill_safe=1 can_make_f16_K=1 can_make_f16_V=0 turbo_k_classic_v_prefill=1 vec_override=0 batch_ok=0 dim_ok=1 turing_mma=1
CUDA_FA_ROUTE_EXEC_BEGIN Q=[256,1,16,1] Kraw=turbo4_tcq Vraw=q5_1 decode=1 dk=1 dv=0 allow_vec=1 kernel=VEC need_f16_K=0 need_f16_V=0 Kdata=0x7f6665400000 Vdata=0x7f6665422000 dst=0x7f66658bcc80
CUDA_FA_ROUTE_EXEC_DISPATCH Qrun=f32 Q=[256,1,16,1] Qdata=0x7f66658a8c80 Krun=f16 K=[256,256,4,1] Kdata=0x7f6678a00000 Knb=[2,2048,512,524288] Vrun=q5_1 V=[256,256,4,1] Vdata=0x7f6665422000 Vnb=[24,768,192,196608] kernel=VEC compiled_pair=1
CUDA_FA_ROUTE_PLAN device=0 Q=[256,1,16,1] Kraw=turbo4_tcq Vraw=q5_1 Kshape=[256,256,4,1] Vshape=[256,256,4,1] Keff=f16 Veff=q5_1 turbo_kv=1 prefer_native_vec=0 decode=1 dk=1 dv=0 unsafe_vec_after_turbo_v_decode=0 allow_vec=1 kernel=VEC need_f16_K=0 need_f16_V=0 Knb=[68,544,136,139264] Vnb=[24,768,192,196608] Keff_nb=[2,2048,512,524288] Veff_nb=[24,768,192,196608]
GGML_TURBO_FA_DEBUG: path=decode-dequant-or-vec K=turbo4_tcq V=q5_1 Q=[256,1,16,1] K=[256,256,4,1] V=[256,256,4,1] prefill_safe=1 can_make_f16_K=1 can_make_f16_V=0 turbo_k_classic_v_prefill=1 vec_override=0 batch_ok=0 dim_ok=1 turing_mma=1
CUDA_FA_ROUTE_EXEC_BEGIN Q=[256,1,16,1] Kraw=turbo4_tcq Vraw=q5_1 decode=1 dk=1 dv=0 allow_vec=1 kernel=VEC need_f16_K=0 need_f16_V=0 Kdata=0x7f6665452000 Vdata=0x7f6665474000 dst=0x7f66658bcc80
CUDA_FA_ROUTE_EXEC_DISPATCH Qrun=f32 Q=[256,1,16,1] Qdata=0x7f66658a8c80 Krun=f16 K=[256,256,4,1] Kdata=0x7f6678a00000 Knb=[2,2048,512,524288] Vrun=q5_1 V=[256,256,4,1] Vdata=0x7f6665474000 Vnb=[24,768,192,196608] kernel=VEC compiled_pair=1
CUDA_FA_ROUTE_PLAN device=0 Q=[256,1,16,1] Kraw=turbo4_tcq Vraw=q5_1 Kshape=[256,256,4,1] Vshape=[256,256,4,1] Keff=f16 Veff=q5_1 turbo_kv=1 prefer_native_vec=0 decode=1 dk=1 dv=0 unsafe_vec_after_turbo_v_decode=0 allow_vec=1 kernel=VEC need_f16_K=0 need_f16_V=0 Knb=[68,544,136,139264] Vnb=[24,768,192,196608] Keff_nb=[2,2048,512,524288] Veff_nb=[24,768,192,196608]
GGML_TURBO_FA_DEBUG: path=decode-dequant-or-vec K=turbo4_tcq V=q5_1 Q=[256,1,16,1] K=[256,256,4,1] V=[256,256,4,1] prefill_safe=1 can_make_f16_K=1 can_make_f16_V=0 turbo_k_classic_v_prefill=1 vec_override=0 batch_ok=0 dim_ok=1 turing_mma=1
CUDA_FA_ROUTE_EXEC_BEGIN Q=[256,1,16,1] Kraw=turbo4_tcq Vraw=q5_1 decode=1 dk=1 dv=0 allow_vec=1 kernel=VEC need_f16_K=0 need_f16_V=0 Kdata=0x7f66654a4000 Vdata=0x7f66654c6000 dst=0x7f66658bcc80
CUDA_FA_ROUTE_EXEC_DISPATCH Qrun=f32 Q=[256,1,16,1] Qdata=0x7f66658a8c80 Krun=f16 K=[256,256,4,1] Kdata=0x7f6678a00000 Knb=[2,2048,512,524288] Vrun=q5_1 V=[256,256,4,1] Vdata=0x7f66654c6000 Vnb=[24,768,192,196608] kernel=VEC compiled_pair=1
CUDA_FA_ROUTE_PLAN device=0 Q=[256,1,16,1] Kraw=turbo4_tcq Vraw=q5_1 Kshape=[256,256,4,1] Vshape=[256,256,4,1] Keff=f16 Veff=q5_1 turbo_kv=1 prefer_native_vec=0 decode=1 dk=1 dv=0 unsafe_vec_after_turbo_v_decode=0 allow_vec=1 kernel=VEC need_f16_K=0 need_f16_V=0 Knb=[68,544,136,139264] Vnb=[24,768,192,196608] Keff_nb=[2,2048,512,524288] Veff_nb=[24,768,192,196608]
GGML_TURBO_FA_DEBUG: path=decode-dequant-or-vec K=turbo4_tcq V=q5_1 Q=[256,1,16,1] K=[256,256,4,1] V=[256,256,4,1] prefill_safe=1 can_make_f16_K=1 can_make_f16_V=0 turbo_k_classic_v_prefill=1 vec_override=0 batch_ok=0 dim_ok=1 turing_mma=1
CUDA_FA_ROUTE_EXEC_BEGIN Q=[256,1,16,1] Kraw=turbo4_tcq Vraw=q5_1 decode=1 dk=1 dv=0 allow_vec=1 kernel=VEC need_f16_K=0 need_f16_V=0 Kdata=0x7f66654f6000 Vdata=0x7f6665518000 dst=0x7f66658bcc80
CUDA_FA_ROUTE_EXEC_DISPATCH Qrun=f32 Q=[256,1,16,1] Qdata=0x7f66658a8c80 Krun=f16 K=[256,256,4,1] Kdata=0x7f6678a00000 Knb=[2,2048,512,524288] Vrun=q5_1 V=[256,256,4,1] Vdata=0x7f6665518000 Vnb=[24,768,192,196608] kernel=VEC compiled_pair=1
CUDA_FA_ROUTE_PLAN device=0 Q=[256,1,16,1] Kraw=turbo4_tcq Vraw=q5_1 Kshape=[256,256,4,1] Vshape=[256,256,4,1] Keff=f16 Veff=q5_1 turbo_kv=1 prefer_native_vec=0 decode=1 dk=1 dv=0 unsafe_vec_after_turbo_v_decode=0 allow_vec=1 kernel=VEC need_f16_K=0 need_f16_V=0 Knb=[68,544,136,139264] Vnb=[24,768,192,196608] Keff_nb=[2,2048,512,524288] Veff_nb=[24,768,192,196608]
GGML_TURBO_FA_DEBUG: path=decode-dequant-or-vec K=turbo4_tcq V=q5_1 Q=[256,1,16,1] K=[256,256,4,1] V=[256,256,4,1] prefill_safe=1 can_make_f16_K=1 can_make_f16_V=0 turbo_k_classic_v_prefill=1 vec_override=0 batch_ok=0 dim_ok=1 turing_mma=1
CUDA_FA_ROUTE_EXEC_BEGIN Q=[256,1,16,1] Kraw=turbo4_tcq Vraw=q5_1 decode=1 dk=1 dv=0 allow_vec=1 kernel=VEC need_f16_K=0 need_f16_V=0 Kdata=0x7f6665548000 Vdata=0x7f666556a000 dst=0x7f66658bcc80
CUDA_FA_ROUTE_EXEC_DISPATCH Qrun=f32 Q=[256,1,16,1] Qdata=0x7f66658a8c80 Krun=f16 K=[256,256,4,1] Kdata=0x7f6678a00000 Knb=[2,2048,512,524288] Vrun=q5_1 V=[256,256,4,1] Vdata=0x7f666556a000 Vnb=[24,768,192,196608] kernel=VEC compiled_pair=1
CUDA_FA_ROUTE_PLAN device=0 Q=[256,1,16,1] Kraw=turbo4_tcq Vraw=q5_1 Kshape=[256,256,4,1] Vshape=[256,256,4,1] Keff=f16 Veff=q5_1 turbo_kv=1 prefer_native_vec=0 decode=1 dk=1 dv=0 unsafe_vec_after_turbo_v_decode=0 allow_vec=1 kernel=VEC need_f16_K=0 need_f16_V=0 Knb=[68,544,136,139264] Vnb=[24,768,192,196608] Keff_nb=[2,2048,512,524288] Veff_nb=[24,768,192,196608]
GGML_TURBO_FA_DEBUG: path=decode-dequant-or-vec K=turbo4_tcq V=q5_1 Q=[256,1,16,1] K=[256,256,4,1] V=[256,256,4,1] prefill_safe=1 can_make_f16_K=1 can_make_f16_V=0 turbo_k_classic_v_prefill=1 vec_override=0 batch_ok=0 dim_ok=1 turing_mma=1
CUDA_FA_ROUTE_EXEC_BEGIN Q=[256,1,16,1] Kraw=turbo4_tcq Vraw=q5_1 decode=1 dk=1 dv=0 allow_vec=1 kernel=VEC need_f16_K=0 need_f16_V=0 Kdata=0x7f666559a000 Vdata=0x7f66655bc000 dst=0x7f66658bcc80
CUDA_FA_ROUTE_EXEC_DISPATCH Qrun=f32 Q=[256,1,16,1] Qdata=0x7f66658a8c80 Krun=f16 K=[256,256,4,1] Kdata=0x7f6678a00000 Knb=[2,2048,512,524288] Vrun=q5_1 V=[256,256,4,1] Vdata=0x7f66655bc000 Vnb=[24,768,192,196608] kernel=VEC compiled_pair=1
CUDA_FA_ROUTE_PLAN device=0 Q=[256,1,16,1] Kraw=turbo4_tcq Vraw=q5_1 Kshape=[256,256,4,1] Vshape=[256,256,4,1] Keff=f16 Veff=q5_1 turbo_kv=1 prefer_native_vec=0 decode=1 dk=1 dv=0 unsafe_vec_after_turbo_v_decode=0 allow_vec=1 kernel=VEC need_f16_K=0 need_f16_V=0 Knb=[68,544,136,139264] Vnb=[24,768,192,196608] Keff_nb=[2,2048,512,524288] Veff_nb=[24,768,192,196608]
GGML_TURBO_FA_DEBUG: path=decode-dequant-or-vec K=turbo4_tcq V=q5_1 Q=[256,1,16,1] K=[256,256,4,1] V=[256,256,4,1] prefill_safe=1 can_make_f16_K=1 can_make_f16_V=0 turbo_k_classic_v_prefill=1 vec_override=0 batch_ok=0 dim_ok=1 turing_mma=1
CUDA_FA_ROUTE_EXEC_BEGIN Q=[256,1,16,1] Kraw=turbo4_tcq Vraw=q5_1 decode=1 dk=1 dv=0 allow_vec=1 kernel=VEC need_f16_K=0 need_f16_V=0 Kdata=0x7f66655ec000 Vdata=0x7f666560e000 dst=0x7f66658bcc80
CUDA_FA_ROUTE_EXEC_DISPATCH Qrun=f32 Q=[256,1,16,1] Qdata=0x7f66658a8c80 Krun=f16 K=[256,256,4,1] Kdata=0x7f6678a00000 Knb=[2,2048,512,524288] Vrun=q5_1 V=[256,256,4,1] Vdata=0x7f666560e000 Vnb=[24,768,192,196608] kernel=VEC compiled_pair=1
CUDA_FA_ROUTE_PLAN device=0 Q=[256,1,16,1] Kraw=turbo4_tcq Vraw=q5_1 Kshape=[256,256,4,1] Vshape=[256,256,4,1] Keff=f16 Veff=q5_1 turbo_kv=1 prefer_native_vec=0 decode=1 dk=1 dv=0 unsafe_vec_after_turbo_v_decode=0 allow_vec=1 kernel=VEC need_f16_K=0 need_f16_V=0 Knb=[68,544,136,139264] Vnb=[24,768,192,196608] Keff_nb=[2,2048,512,524288] Veff_nb=[24,768,192,196608]
GGML_TURBO_FA_DEBUG: path=decode-dequant-or-vec K=turbo4_tcq V=q5_1 Q=[256,1,16,1] K=[256,256,4,1] V=[256,256,4,1] prefill_safe=1 can_make_f16_K=1 can_make_f16_V=0 turbo_k_classic_v_prefill=1 vec_override=0 batch_ok=0 dim_ok=1 turing_mma=1
CUDA_FA_ROUTE_EXEC_BEGIN Q=[256,1,16,1] Kraw=turbo4_tcq Vraw=q5_1 decode=1 dk=1 dv=0 allow_vec=1 kernel=VEC need_f16_K=0 need_f16_V=0 Kdata=0x7f666563e000 Vdata=0x7f6665660000 dst=0x7f66658bcc80
CUDA_FA_ROUTE_EXEC_DISPATCH Qrun=f32 Q=[256,1,16,1] Qdata=0x7f66658a8c80 Krun=f16 K=[256,256,4,1] Kdata=0x7f6678a00000 Knb=[2,2048,512,524288] Vrun=q5_1 V=[256,256,4,1] Vdata=0x7f6665660000 Vnb=[24,768,192,196608] kernel=VEC compiled_pair=1
,

0.03.039.472 I common_perf_print:    sampling time =       1.43 ms
0.03.039.474 I common_perf_print:    samplers time =       0.28 ms /     7 tokens
0.03.039.477 I common_perf_print:        load time =     943.16 ms
0.03.039.477 I common_perf_print: prompt eval time =      46.66 ms /     5 tokens (    9.33 ms per token,   107.16 tokens per second)
0.03.039.478 I common_perf_print:        eval time =      33.06 ms /     1 runs   (   33.06 ms per token,    30.25 tokens per second)
0.03.039.478 I common_perf_print:       total time =      81.33 ms /     6 tokens
0.03.039.479 I common_perf_print: unaccounted time =       0.18 ms /   0.2 %      (total - sampling - prompt eval - eval) / (total)
0.03.039.479 I common_perf_print:    graphs reused =          0
