0.00.024.440 I llama_completion: llama backend init
0.00.024.447 I llama_completion: load the model and apply lora adapter, if any
CUDA_FA_ROUTE_PLAN device=0 Q=[256,1,16,1] Kraw=turbo3 Vraw=f16 Kshape=[256,256,4,1] Vshape=[256,256,4,1] Keff=f16 Veff=f16 turbo_kv=1 prefer_native_vec=0 decode=1 dk=1 dv=0 unsafe_vec_after_turbo_v_decode=0 allow_vec=1 kernel=MMA_F16 need_f16_K=0 need_f16_V=0 Knb=[50,400,100,102400] Vnb=[2,2048,512,524288] Keff_nb=[2,2048,512,524288] Veff_nb=[2,2048,512,524288]
CUDA_FA_ROUTE_SUPPORTED kernel=MMA_F16 effK=f16 effV=f16 supported=1
CUDA_FA_ROUTE_PLAN device=0 Q=[256,1,16,1] Kraw=turbo3 Vraw=f16 Kshape=[256,256,4,1] Vshape=[256,256,4,1] Keff=f16 Veff=f16 turbo_kv=1 prefer_native_vec=0 decode=1 dk=1 dv=0 unsafe_vec_after_turbo_v_decode=0 allow_vec=1 kernel=MMA_F16 need_f16_K=0 need_f16_V=0 Knb=[50,400,100,102400] Vnb=[2,2048,512,524288] Keff_nb=[2,2048,512,524288] Veff_nb=[2,2048,512,524288]
CUDA_FA_ROUTE_SUPPORTED kernel=MMA_F16 effK=f16 effV=f16 supported=1
CUDA_FA_ROUTE_PLAN device=0 Q=[256,1,16,1] Kraw=turbo3 Vraw=f16 Kshape=[256,256,4,1] Vshape=[256,256,4,1] Keff=f16 Veff=f16 turbo_kv=1 prefer_native_vec=0 decode=1 dk=1 dv=0 unsafe_vec_after_turbo_v_decode=0 allow_vec=1 kernel=MMA_F16 need_f16_K=0 need_f16_V=0 Knb=[50,400,100,102400] Vnb=[2,2048,512,524288] Keff_nb=[2,2048,512,524288] Veff_nb=[2,2048,512,524288]
CUDA_FA_ROUTE_SUPPORTED kernel=MMA_F16 effK=f16 effV=f16 supported=1
CUDA_FA_ROUTE_PLAN device=0 Q=[256,1,16,1] Kraw=turbo3 Vraw=f16 Kshape=[256,256,4,1] Vshape=[256,256,4,1] Keff=f16 Veff=f16 turbo_kv=1 prefer_native_vec=0 decode=1 dk=1 dv=0 unsafe_vec_after_turbo_v_decode=0 allow_vec=1 kernel=MMA_F16 need_f16_K=0 need_f16_V=0 Knb=[50,400,100,102400] Vnb=[2,2048,512,524288] Keff_nb=[2,2048,512,524288] Veff_nb=[2,2048,512,524288]
CUDA_FA_ROUTE_SUPPORTED kernel=MMA_F16 effK=f16 effV=f16 supported=1
CUDA_FA_ROUTE_PLAN device=0 Q=[256,1,16,1] Kraw=turbo3 Vraw=f16 Kshape=[256,256,4,1] Vshape=[256,256,4,1] Keff=f16 Veff=f16 turbo_kv=1 prefer_native_vec=0 decode=1 dk=1 dv=0 unsafe_vec_after_turbo_v_decode=0 allow_vec=1 kernel=MMA_F16 need_f16_K=0 need_f16_V=0 Knb=[50,400,100,102400] Vnb=[2,2048,512,524288] Keff_nb=[2,2048,512,524288] Veff_nb=[2,2048,512,524288]
CUDA_FA_ROUTE_SUPPORTED kernel=MMA_F16 effK=f16 effV=f16 supported=1
CUDA_FA_ROUTE_PLAN device=0 Q=[256,1,16,1] Kraw=turbo3 Vraw=f16 Kshape=[256,256,4,1] Vshape=[256,256,4,1] Keff=f16 Veff=f16 turbo_kv=1 prefer_native_vec=0 decode=1 dk=1 dv=0 unsafe_vec_after_turbo_v_decode=0 allow_vec=1 kernel=MMA_F16 need_f16_K=0 need_f16_V=0 Knb=[50,400,100,102400] Vnb=[2,2048,512,524288] Keff_nb=[2,2048,512,524288] Veff_nb=[2,2048,512,524288]
CUDA_FA_ROUTE_SUPPORTED kernel=MMA_F16 effK=f16 effV=f16 supported=1
CUDA_FA_ROUTE_PLAN device=0 Q=[256,1,16,1] Kraw=turbo3 Vraw=f16 Kshape=[256,256,4,1] Vshape=[256,256,4,1] Keff=f16 Veff=f16 turbo_kv=1 prefer_native_vec=0 decode=1 dk=1 dv=0 unsafe_vec_after_turbo_v_decode=0 allow_vec=1 kernel=MMA_F16 need_f16_K=0 need_f16_V=0 Knb=[50,400,100,102400] Vnb=[2,2048,512,524288] Keff_nb=[2,2048,512,524288] Veff_nb=[2,2048,512,524288]
CUDA_FA_ROUTE_SUPPORTED kernel=MMA_F16 effK=f16 effV=f16 supported=1
CUDA_FA_ROUTE_PLAN device=0 Q=[256,1,16,1] Kraw=turbo3 Vraw=f16 Kshape=[256,256,4,1] Vshape=[256,256,4,1] Keff=f16 Veff=f16 turbo_kv=1 prefer_native_vec=0 decode=1 dk=1 dv=0 unsafe_vec_after_turbo_v_decode=0 allow_vec=1 kernel=MMA_F16 need_f16_K=0 need_f16_V=0 Knb=[50,400,100,102400] Vnb=[2,2048,512,524288] Keff_nb=[2,2048,512,524288] Veff_nb=[2,2048,512,524288]
CUDA_FA_ROUTE_SUPPORTED kernel=MMA_F16 effK=f16 effV=f16 supported=1
CUDA_FA_ROUTE_PLAN device=0 Q=[256,16,16,1] Kraw=turbo3 Vraw=f16 Kshape=[256,256,4,1] Vshape=[256,256,4,1] Keff=f16 Veff=f16 turbo_kv=1 prefer_native_vec=0 decode=1 dk=1 dv=0 unsafe_vec_after_turbo_v_decode=0 allow_vec=1 kernel=MMA_F16 need_f16_K=0 need_f16_V=0 Knb=[50,400,100,102400] Vnb=[2,2048,512,524288] Keff_nb=[2,2048,512,524288] Veff_nb=[2,2048,512,524288]
CUDA_FA_ROUTE_SUPPORTED kernel=MMA_F16 effK=f16 effV=f16 supported=1
CUDA_FA_ROUTE_PLAN device=0 Q=[256,16,16,1] Kraw=turbo3 Vraw=f16 Kshape=[256,256,4,1] Vshape=[256,256,4,1] Keff=f16 Veff=f16 turbo_kv=1 prefer_native_vec=0 decode=1 dk=1 dv=0 unsafe_vec_after_turbo_v_decode=0 allow_vec=1 kernel=MMA_F16 need_f16_K=0 need_f16_V=0 Knb=[50,400,100,102400] Vnb=[2,2048,512,524288] Keff_nb=[2,2048,512,524288] Veff_nb=[2,2048,512,524288]
CUDA_FA_ROUTE_SUPPORTED kernel=MMA_F16 effK=f16 effV=f16 supported=1
CUDA_FA_ROUTE_PLAN device=0 Q=[256,16,16,1] Kraw=turbo3 Vraw=f16 Kshape=[256,256,4,1] Vshape=[256,256,4,1] Keff=f16 Veff=f16 turbo_kv=1 prefer_native_vec=0 decode=1 dk=1 dv=0 unsafe_vec_after_turbo_v_decode=0 allow_vec=1 kernel=MMA_F16 need_f16_K=0 need_f16_V=0 Knb=[50,400,100,102400] Vnb=[2,2048,512,524288] Keff_nb=[2,2048,512,524288] Veff_nb=[2,2048,512,524288]
CUDA_FA_ROUTE_SUPPORTED kernel=MMA_F16 effK=f16 effV=f16 supported=1
CUDA_FA_ROUTE_PLAN device=0 Q=[256,16,16,1] Kraw=turbo3 Vraw=f16 Kshape=[256,256,4,1] Vshape=[256,256,4,1] Keff=f16 Veff=f16 turbo_kv=1 prefer_native_vec=0 decode=1 dk=1 dv=0 unsafe_vec_after_turbo_v_decode=0 allow_vec=1 kernel=MMA_F16 need_f16_K=0 need_f16_V=0 Knb=[50,400,100,102400] Vnb=[2,2048,512,524288] Keff_nb=[2,2048,512,524288] Veff_nb=[2,2048,512,524288]
CUDA_FA_ROUTE_SUPPORTED kernel=MMA_F16 effK=f16 effV=f16 supported=1
CUDA_FA_ROUTE_PLAN device=0 Q=[256,16,16,1] Kraw=turbo3 Vraw=f16 Kshape=[256,256,4,1] Vshape=[256,256,4,1] Keff=f16 Veff=f16 turbo_kv=1 prefer_native_vec=0 decode=1 dk=1 dv=0 unsafe_vec_after_turbo_v_decode=0 allow_vec=1 kernel=MMA_F16 need_f16_K=0 need_f16_V=0 Knb=[50,400,100,102400] Vnb=[2,2048,512,524288] Keff_nb=[2,2048,512,524288] Veff_nb=[2,2048,512,524288]
CUDA_FA_ROUTE_SUPPORTED kernel=MMA_F16 effK=f16 effV=f16 supported=1
CUDA_FA_ROUTE_PLAN device=0 Q=[256,16,16,1] Kraw=turbo3 Vraw=f16 Kshape=[256,256,4,1] Vshape=[256,256,4,1] Keff=f16 Veff=f16 turbo_kv=1 prefer_native_vec=0 decode=1 dk=1 dv=0 unsafe_vec_after_turbo_v_decode=0 allow_vec=1 kernel=MMA_F16 need_f16_K=0 need_f16_V=0 Knb=[50,400,100,102400] Vnb=[2,2048,512,524288] Keff_nb=[2,2048,512,524288] Veff_nb=[2,2048,512,524288]
CUDA_FA_ROUTE_SUPPORTED kernel=MMA_F16 effK=f16 effV=f16 supported=1
CUDA_FA_ROUTE_PLAN device=0 Q=[256,16,16,1] Kraw=turbo3 Vraw=f16 Kshape=[256,256,4,1] Vshape=[256,256,4,1] Keff=f16 Veff=f16 turbo_kv=1 prefer_native_vec=0 decode=1 dk=1 dv=0 unsafe_vec_after_turbo_v_decode=0 allow_vec=1 kernel=MMA_F16 need_f16_K=0 need_f16_V=0 Knb=[50,400,100,102400] Vnb=[2,2048,512,524288] Keff_nb=[2,2048,512,524288] Veff_nb=[2,2048,512,524288]
CUDA_FA_ROUTE_SUPPORTED kernel=MMA_F16 effK=f16 effV=f16 supported=1
CUDA_FA_ROUTE_PLAN device=0 Q=[256,16,16,1] Kraw=turbo3 Vraw=f16 Kshape=[256,256,4,1] Vshape=[256,256,4,1] Keff=f16 Veff=f16 turbo_kv=1 prefer_native_vec=0 decode=1 dk=1 dv=0 unsafe_vec_after_turbo_v_decode=0 allow_vec=1 kernel=MMA_F16 need_f16_K=0 need_f16_V=0 Knb=[50,400,100,102400] Vnb=[2,2048,512,524288] Keff_nb=[2,2048,512,524288] Veff_nb=[2,2048,512,524288]
CUDA_FA_ROUTE_SUPPORTED kernel=MMA_F16 effK=f16 effV=f16 supported=1
CUDA_FA_ROUTE_PLAN device=0 Q=[256,1,16,1] Kraw=turbo3 Vraw=f16 Kshape=[256,256,4,1] Vshape=[256,256,4,1] Keff=f16 Veff=f16 turbo_kv=1 prefer_native_vec=0 decode=1 dk=1 dv=0 unsafe_vec_after_turbo_v_decode=0 allow_vec=1 kernel=MMA_F16 need_f16_K=0 need_f16_V=0 Knb=[50,400,100,102400] Vnb=[2,2048,512,524288] Keff_nb=[2,2048,512,524288] Veff_nb=[2,2048,512,524288]
CUDA_FA_ROUTE_SUPPORTED kernel=MMA_F16 effK=f16 effV=f16 supported=1
CUDA_FA_ROUTE_PLAN device=0 Q=[256,1,16,1] Kraw=turbo3 Vraw=f16 Kshape=[256,256,4,1] Vshape=[256,256,4,1] Keff=f16 Veff=f16 turbo_kv=1 prefer_native_vec=0 decode=1 dk=1 dv=0 unsafe_vec_after_turbo_v_decode=0 allow_vec=1 kernel=MMA_F16 need_f16_K=0 need_f16_V=0 Knb=[50,400,100,102400] Vnb=[2,2048,512,524288] Keff_nb=[2,2048,512,524288] Veff_nb=[2,2048,512,524288]
CUDA_FA_ROUTE_SUPPORTED kernel=MMA_F16 effK=f16 effV=f16 supported=1
CUDA_FA_ROUTE_PLAN device=0 Q=[256,1,16,1] Kraw=turbo3 Vraw=f16 Kshape=[256,256,4,1] Vshape=[256,256,4,1] Keff=f16 Veff=f16 turbo_kv=1 prefer_native_vec=0 decode=1 dk=1 dv=0 unsafe_vec_after_turbo_v_decode=0 allow_vec=1 kernel=MMA_F16 need_f16_K=0 need_f16_V=0 Knb=[50,400,100,102400] Vnb=[2,2048,512,524288] Keff_nb=[2,2048,512,524288] Veff_nb=[2,2048,512,524288]
CUDA_FA_ROUTE_SUPPORTED kernel=MMA_F16 effK=f16 effV=f16 supported=1
CUDA_FA_ROUTE_PLAN device=0 Q=[256,1,16,1] Kraw=turbo3 Vraw=f16 Kshape=[256,256,4,1] Vshape=[256,256,4,1] Keff=f16 Veff=f16 turbo_kv=1 prefer_native_vec=0 decode=1 dk=1 dv=0 unsafe_vec_after_turbo_v_decode=0 allow_vec=1 kernel=MMA_F16 need_f16_K=0 need_f16_V=0 Knb=[50,400,100,102400] Vnb=[2,2048,512,524288] Keff_nb=[2,2048,512,524288] Veff_nb=[2,2048,512,524288]
CUDA_FA_ROUTE_SUPPORTED kernel=MMA_F16 effK=f16 effV=f16 supported=1
CUDA_FA_ROUTE_PLAN device=0 Q=[256,1,16,1] Kraw=turbo3 Vraw=f16 Kshape=[256,256,4,1] Vshape=[256,256,4,1] Keff=f16 Veff=f16 turbo_kv=1 prefer_native_vec=0 decode=1 dk=1 dv=0 unsafe_vec_after_turbo_v_decode=0 allow_vec=1 kernel=MMA_F16 need_f16_K=0 need_f16_V=0 Knb=[50,400,100,102400] Vnb=[2,2048,512,524288] Keff_nb=[2,2048,512,524288] Veff_nb=[2,2048,512,524288]
CUDA_FA_ROUTE_SUPPORTED kernel=MMA_F16 effK=f16 effV=f16 supported=1
CUDA_FA_ROUTE_PLAN device=0 Q=[256,1,16,1] Kraw=turbo3 Vraw=f16 Kshape=[256,256,4,1] Vshape=[256,256,4,1] Keff=f16 Veff=f16 turbo_kv=1 prefer_native_vec=0 decode=1 dk=1 dv=0 unsafe_vec_after_turbo_v_decode=0 allow_vec=1 kernel=MMA_F16 need_f16_K=0 need_f16_V=0 Knb=[50,400,100,102400] Vnb=[2,2048,512,524288] Keff_nb=[2,2048,512,524288] Veff_nb=[2,2048,512,524288]
CUDA_FA_ROUTE_SUPPORTED kernel=MMA_F16 effK=f16 effV=f16 supported=1
CUDA_FA_ROUTE_PLAN device=0 Q=[256,1,16,1] Kraw=turbo3 Vraw=f16 Kshape=[256,256,4,1] Vshape=[256,256,4,1] Keff=f16 Veff=f16 turbo_kv=1 prefer_native_vec=0 decode=1 dk=1 dv=0 unsafe_vec_after_turbo_v_decode=0 allow_vec=1 kernel=MMA_F16 need_f16_K=0 need_f16_V=0 Knb=[50,400,100,102400] Vnb=[2,2048,512,524288] Keff_nb=[2,2048,512,524288] Veff_nb=[2,2048,512,524288]
CUDA_FA_ROUTE_SUPPORTED kernel=MMA_F16 effK=f16 effV=f16 supported=1
CUDA_FA_ROUTE_PLAN device=0 Q=[256,1,16,1] Kraw=turbo3 Vraw=f16 Kshape=[256,256,4,1] Vshape=[256,256,4,1] Keff=f16 Veff=f16 turbo_kv=1 prefer_native_vec=0 decode=1 dk=1 dv=0 unsafe_vec_after_turbo_v_decode=0 allow_vec=1 kernel=MMA_F16 need_f16_K=0 need_f16_V=0 Knb=[50,400,100,102400] Vnb=[2,2048,512,524288] Keff_nb=[2,2048,512,524288] Veff_nb=[2,2048,512,524288]
CUDA_FA_ROUTE_SUPPORTED kernel=MMA_F16 effK=f16 effV=f16 supported=1
CUDA_FA_ROUTE_PLAN device=0 Q=[256,256,16,1] Kraw=turbo3 Vraw=f16 Kshape=[256,256,4,1] Vshape=[256,256,4,1] Keff=f16 Veff=f16 turbo_kv=1 prefer_native_vec=0 decode=1 dk=1 dv=0 unsafe_vec_after_turbo_v_decode=0 allow_vec=1 kernel=MMA_F16 need_f16_K=0 need_f16_V=0 Knb=[50,400,100,102400] Vnb=[2,2048,512,524288] Keff_nb=[2,2048,512,524288] Veff_nb=[2,2048,512,524288]
CUDA_FA_ROUTE_SUPPORTED kernel=MMA_F16 effK=f16 effV=f16 supported=1
CUDA_FA_ROUTE_PLAN device=0 Q=[256,256,16,1] Kraw=turbo3 Vraw=f16 Kshape=[256,256,4,1] Vshape=[256,256,4,1] Keff=f16 Veff=f16 turbo_kv=1 prefer_native_vec=0 decode=1 dk=1 dv=0 unsafe_vec_after_turbo_v_decode=0 allow_vec=1 kernel=MMA_F16 need_f16_K=0 need_f16_V=0 Knb=[50,400,100,102400] Vnb=[2,2048,512,524288] Keff_nb=[2,2048,512,524288] Veff_nb=[2,2048,512,524288]
CUDA_FA_ROUTE_SUPPORTED kernel=MMA_F16 effK=f16 effV=f16 supported=1
CUDA_FA_ROUTE_PLAN device=0 Q=[256,256,16,1] Kraw=turbo3 Vraw=f16 Kshape=[256,256,4,1] Vshape=[256,256,4,1] Keff=f16 Veff=f16 turbo_kv=1 prefer_native_vec=0 decode=1 dk=1 dv=0 unsafe_vec_after_turbo_v_decode=0 allow_vec=1 kernel=MMA_F16 need_f16_K=0 need_f16_V=0 Knb=[50,400,100,102400] Vnb=[2,2048,512,524288] Keff_nb=[2,2048,512,524288] Veff_nb=[2,2048,512,524288]
CUDA_FA_ROUTE_SUPPORTED kernel=MMA_F16 effK=f16 effV=f16 supported=1
CUDA_FA_ROUTE_PLAN device=0 Q=[256,256,16,1] Kraw=turbo3 Vraw=f16 Kshape=[256,256,4,1] Vshape=[256,256,4,1] Keff=f16 Veff=f16 turbo_kv=1 prefer_native_vec=0 decode=1 dk=1 dv=0 unsafe_vec_after_turbo_v_decode=0 allow_vec=1 kernel=MMA_F16 need_f16_K=0 need_f16_V=0 Knb=[50,400,100,102400] Vnb=[2,2048,512,524288] Keff_nb=[2,2048,512,524288] Veff_nb=[2,2048,512,524288]
CUDA_FA_ROUTE_SUPPORTED kernel=MMA_F16 effK=f16 effV=f16 supported=1
CUDA_FA_ROUTE_PLAN device=0 Q=[256,256,16,1] Kraw=turbo3 Vraw=f16 Kshape=[256,256,4,1] Vshape=[256,256,4,1] Keff=f16 Veff=f16 turbo_kv=1 prefer_native_vec=0 decode=1 dk=1 dv=0 unsafe_vec_after_turbo_v_decode=0 allow_vec=1 kernel=MMA_F16 need_f16_K=0 need_f16_V=0 Knb=[50,400,100,102400] Vnb=[2,2048,512,524288] Keff_nb=[2,2048,512,524288] Veff_nb=[2,2048,512,524288]
CUDA_FA_ROUTE_SUPPORTED kernel=MMA_F16 effK=f16 effV=f16 supported=1
CUDA_FA_ROUTE_PLAN device=0 Q=[256,256,16,1] Kraw=turbo3 Vraw=f16 Kshape=[256,256,4,1] Vshape=[256,256,4,1] Keff=f16 Veff=f16 turbo_kv=1 prefer_native_vec=0 decode=1 dk=1 dv=0 unsafe_vec_after_turbo_v_decode=0 allow_vec=1 kernel=MMA_F16 need_f16_K=0 need_f16_V=0 Knb=[50,400,100,102400] Vnb=[2,2048,512,524288] Keff_nb=[2,2048,512,524288] Veff_nb=[2,2048,512,524288]
CUDA_FA_ROUTE_SUPPORTED kernel=MMA_F16 effK=f16 effV=f16 supported=1
CUDA_FA_ROUTE_PLAN device=0 Q=[256,256,16,1] Kraw=turbo3 Vraw=f16 Kshape=[256,256,4,1] Vshape=[256,256,4,1] Keff=f16 Veff=f16 turbo_kv=1 prefer_native_vec=0 decode=1 dk=1 dv=0 unsafe_vec_after_turbo_v_decode=0 allow_vec=1 kernel=MMA_F16 need_f16_K=0 need_f16_V=0 Knb=[50,400,100,102400] Vnb=[2,2048,512,524288] Keff_nb=[2,2048,512,524288] Veff_nb=[2,2048,512,524288]
CUDA_FA_ROUTE_SUPPORTED kernel=MMA_F16 effK=f16 effV=f16 supported=1
CUDA_FA_ROUTE_PLAN device=0 Q=[256,256,16,1] Kraw=turbo3 Vraw=f16 Kshape=[256,256,4,1] Vshape=[256,256,4,1] Keff=f16 Veff=f16 turbo_kv=1 prefer_native_vec=0 decode=1 dk=1 dv=0 unsafe_vec_after_turbo_v_decode=0 allow_vec=1 kernel=MMA_F16 need_f16_K=0 need_f16_V=0 Knb=[50,400,100,102400] Vnb=[2,2048,512,524288] Keff_nb=[2,2048,512,524288] Veff_nb=[2,2048,512,524288]
CUDA_FA_ROUTE_SUPPORTED kernel=MMA_F16 effK=f16 effV=f16 supported=1
CUDA_FA_ROUTE_PLAN device=0 Q=[256,256,16,1] Kraw=turbo3 Vraw=f16 Kshape=[256,256,4,1] Vshape=[256,256,4,1] Keff=f16 Veff=f16 turbo_kv=1 prefer_native_vec=0 decode=1 dk=1 dv=0 unsafe_vec_after_turbo_v_decode=0 allow_vec=1 kernel=MMA_F16 need_f16_K=0 need_f16_V=0 Knb=[50,400,100,102400] Vnb=[2,2048,512,524288] Keff_nb=[2,2048,512,524288] Veff_nb=[2,2048,512,524288]
CUDA_FA_ROUTE_ALLOC kernel=MMA_F16 need_f16_K=0 need_f16_V=0 workspace_end_offset=4194304 dst_data=(nil) f16_K=(nil) f16_V=(nil) f16_end=0x400000
CUDA_FA_ROUTE_PLAN device=0 Q=[256,256,16,1] Kraw=turbo3 Vraw=f16 Kshape=[256,256,4,1] Vshape=[256,256,4,1] Keff=f16 Veff=f16 turbo_kv=1 prefer_native_vec=0 decode=1 dk=1 dv=0 unsafe_vec_after_turbo_v_decode=0 allow_vec=1 kernel=MMA_F16 need_f16_K=0 need_f16_V=0 Knb=[50,400,100,102400] Vnb=[2,2048,512,524288] Keff_nb=[2,2048,512,524288] Veff_nb=[2,2048,512,524288]
CUDA_FA_ROUTE_ALLOC kernel=MMA_F16 need_f16_K=0 need_f16_V=0 workspace_end_offset=4194304 dst_data=(nil) f16_K=(nil) f16_V=(nil) f16_end=0x400000
CUDA_FA_ROUTE_PLAN device=0 Q=[256,256,16,1] Kraw=turbo3 Vraw=f16 Kshape=[256,256,4,1] Vshape=[256,256,4,1] Keff=f16 Veff=f16 turbo_kv=1 prefer_native_vec=0 decode=1 dk=1 dv=0 unsafe_vec_after_turbo_v_decode=0 allow_vec=1 kernel=MMA_F16 need_f16_K=0 need_f16_V=0 Knb=[50,400,100,102400] Vnb=[2,2048,512,524288] Keff_nb=[2,2048,512,524288] Veff_nb=[2,2048,512,524288]
CUDA_FA_ROUTE_ALLOC kernel=MMA_F16 need_f16_K=0 need_f16_V=0 workspace_end_offset=4194304 dst_data=(nil) f16_K=(nil) f16_V=(nil) f16_end=0x400000
CUDA_FA_ROUTE_PLAN device=0 Q=[256,256,16,1] Kraw=turbo3 Vraw=f16 Kshape=[256,256,4,1] Vshape=[256,256,4,1] Keff=f16 Veff=f16 turbo_kv=1 prefer_native_vec=0 decode=1 dk=1 dv=0 unsafe_vec_after_turbo_v_decode=0 allow_vec=1 kernel=MMA_F16 need_f16_K=0 need_f16_V=0 Knb=[50,400,100,102400] Vnb=[2,2048,512,524288] Keff_nb=[2,2048,512,524288] Veff_nb=[2,2048,512,524288]
CUDA_FA_ROUTE_ALLOC kernel=MMA_F16 need_f16_K=0 need_f16_V=0 workspace_end_offset=4194304 dst_data=(nil) f16_K=(nil) f16_V=(nil) f16_end=0x400000
CUDA_FA_ROUTE_PLAN device=0 Q=[256,256,16,1] Kraw=turbo3 Vraw=f16 Kshape=[256,256,4,1] Vshape=[256,256,4,1] Keff=f16 Veff=f16 turbo_kv=1 prefer_native_vec=0 decode=1 dk=1 dv=0 unsafe_vec_after_turbo_v_decode=0 allow_vec=1 kernel=MMA_F16 need_f16_K=0 need_f16_V=0 Knb=[50,400,100,102400] Vnb=[2,2048,512,524288] Keff_nb=[2,2048,512,524288] Veff_nb=[2,2048,512,524288]
CUDA_FA_ROUTE_ALLOC kernel=MMA_F16 need_f16_K=0 need_f16_V=0 workspace_end_offset=4194304 dst_data=(nil) f16_K=(nil) f16_V=(nil) f16_end=0x400000
CUDA_FA_ROUTE_PLAN device=0 Q=[256,256,16,1] Kraw=turbo3 Vraw=f16 Kshape=[256,256,4,1] Vshape=[256,256,4,1] Keff=f16 Veff=f16 turbo_kv=1 prefer_native_vec=0 decode=1 dk=1 dv=0 unsafe_vec_after_turbo_v_decode=0 allow_vec=1 kernel=MMA_F16 need_f16_K=0 need_f16_V=0 Knb=[50,400,100,102400] Vnb=[2,2048,512,524288] Keff_nb=[2,2048,512,524288] Veff_nb=[2,2048,512,524288]
CUDA_FA_ROUTE_ALLOC kernel=MMA_F16 need_f16_K=0 need_f16_V=0 workspace_end_offset=4194304 dst_data=(nil) f16_K=(nil) f16_V=(nil) f16_end=0x400000
CUDA_FA_ROUTE_PLAN device=0 Q=[256,256,16,1] Kraw=turbo3 Vraw=f16 Kshape=[256,256,4,1] Vshape=[256,256,4,1] Keff=f16 Veff=f16 turbo_kv=1 prefer_native_vec=0 decode=1 dk=1 dv=0 unsafe_vec_after_turbo_v_decode=0 allow_vec=1 kernel=MMA_F16 need_f16_K=0 need_f16_V=0 Knb=[50,400,100,102400] Vnb=[2,2048,512,524288] Keff_nb=[2,2048,512,524288] Veff_nb=[2,2048,512,524288]
CUDA_FA_ROUTE_ALLOC kernel=MMA_F16 need_f16_K=0 need_f16_V=0 workspace_end_offset=4194304 dst_data=(nil) f16_K=(nil) f16_V=(nil) f16_end=0x400000
CUDA_FA_ROUTE_PLAN device=0 Q=[256,256,16,1] Kraw=turbo3 Vraw=f16 Kshape=[256,256,4,1] Vshape=[256,256,4,1] Keff=f16 Veff=f16 turbo_kv=1 prefer_native_vec=0 decode=1 dk=1 dv=0 unsafe_vec_after_turbo_v_decode=0 allow_vec=1 kernel=MMA_F16 need_f16_K=0 need_f16_V=0 Knb=[50,400,100,102400] Vnb=[2,2048,512,524288] Keff_nb=[2,2048,512,524288] Veff_nb=[2,2048,512,524288]
CUDA_FA_ROUTE_ALLOC kernel=MMA_F16 need_f16_K=0 need_f16_V=0 workspace_end_offset=4194304 dst_data=(nil) f16_K=(nil) f16_V=(nil) f16_end=0x400000
CUDA_FA_ROUTE_PLAN device=0 Q=[256,256,16,1] Kraw=turbo3 Vraw=f16 Kshape=[256,256,4,1] Vshape=[256,256,4,1] Keff=f16 Veff=f16 turbo_kv=1 prefer_native_vec=0 decode=1 dk=1 dv=0 unsafe_vec_after_turbo_v_decode=0 allow_vec=1 kernel=MMA_F16 need_f16_K=0 need_f16_V=0 Knb=[50,400,100,102400] Vnb=[2,2048,512,524288] Keff_nb=[2,2048,512,524288] Veff_nb=[2,2048,512,524288]
CUDA_FA_ROUTE_ALLOC kernel=MMA_F16 need_f16_K=0 need_f16_V=0 workspace_end_offset=4194304 dst_data=(nil) f16_K=(nil) f16_V=(nil) f16_end=0x400000
CUDA_FA_ROUTE_PLAN device=0 Q=[256,256,16,1] Kraw=turbo3 Vraw=f16 Kshape=[256,256,4,1] Vshape=[256,256,4,1] Keff=f16 Veff=f16 turbo_kv=1 prefer_native_vec=0 decode=1 dk=1 dv=0 unsafe_vec_after_turbo_v_decode=0 allow_vec=1 kernel=MMA_F16 need_f16_K=0 need_f16_V=0 Knb=[50,400,100,102400] Vnb=[2,2048,512,524288] Keff_nb=[2,2048,512,524288] Veff_nb=[2,2048,512,524288]
CUDA_FA_ROUTE_ALLOC kernel=MMA_F16 need_f16_K=0 need_f16_V=0 workspace_end_offset=4194304 dst_data=(nil) f16_K=(nil) f16_V=(nil) f16_end=0x400000
CUDA_FA_ROUTE_PLAN device=0 Q=[256,256,16,1] Kraw=turbo3 Vraw=f16 Kshape=[256,256,4,1] Vshape=[256,256,4,1] Keff=f16 Veff=f16 turbo_kv=1 prefer_native_vec=0 decode=1 dk=1 dv=0 unsafe_vec_after_turbo_v_decode=0 allow_vec=1 kernel=MMA_F16 need_f16_K=0 need_f16_V=0 Knb=[50,400,100,102400] Vnb=[2,2048,512,524288] Keff_nb=[2,2048,512,524288] Veff_nb=[2,2048,512,524288]
CUDA_FA_ROUTE_ALLOC kernel=MMA_F16 need_f16_K=0 need_f16_V=0 workspace_end_offset=4194304 dst_data=(nil) f16_K=(nil) f16_V=(nil) f16_end=0x400000
CUDA_FA_ROUTE_PLAN device=0 Q=[256,256,16,1] Kraw=turbo3 Vraw=f16 Kshape=[256,256,4,1] Vshape=[256,256,4,1] Keff=f16 Veff=f16 turbo_kv=1 prefer_native_vec=0 decode=1 dk=1 dv=0 unsafe_vec_after_turbo_v_decode=0 allow_vec=1 kernel=MMA_F16 need_f16_K=0 need_f16_V=0 Knb=[50,400,100,102400] Vnb=[2,2048,512,524288] Keff_nb=[2,2048,512,524288] Veff_nb=[2,2048,512,524288]
CUDA_FA_ROUTE_ALLOC kernel=MMA_F16 need_f16_K=0 need_f16_V=0 workspace_end_offset=4194304 dst_data=(nil) f16_K=(nil) f16_V=(nil) f16_end=0x400000
CUDA_FA_ROUTE_PLAN device=0 Q=[256,256,16,1] Kraw=turbo3 Vraw=f16 Kshape=[256,256,4,1] Vshape=[256,256,4,1] Keff=f16 Veff=f16 turbo_kv=1 prefer_native_vec=0 decode=1 dk=1 dv=0 unsafe_vec_after_turbo_v_decode=0 allow_vec=1 kernel=MMA_F16 need_f16_K=0 need_f16_V=0 Knb=[50,400,100,102400] Vnb=[2,2048,512,524288] Keff_nb=[2,2048,512,524288] Veff_nb=[2,2048,512,524288]
CUDA_FA_ROUTE_ALLOC kernel=MMA_F16 need_f16_K=0 need_f16_V=0 workspace_end_offset=4194304 dst_data=(nil) f16_K=(nil) f16_V=(nil) f16_end=0x400000
CUDA_FA_ROUTE_PLAN device=0 Q=[256,256,16,1] Kraw=turbo3 Vraw=f16 Kshape=[256,256,4,1] Vshape=[256,256,4,1] Keff=f16 Veff=f16 turbo_kv=1 prefer_native_vec=0 decode=1 dk=1 dv=0 unsafe_vec_after_turbo_v_decode=0 allow_vec=1 kernel=MMA_F16 need_f16_K=0 need_f16_V=0 Knb=[50,400,100,102400] Vnb=[2,2048,512,524288] Keff_nb=[2,2048,512,524288] Veff_nb=[2,2048,512,524288]
CUDA_FA_ROUTE_ALLOC kernel=MMA_F16 need_f16_K=0 need_f16_V=0 workspace_end_offset=4194304 dst_data=(nil) f16_K=(nil) f16_V=(nil) f16_end=0x400000
CUDA_FA_ROUTE_PLAN device=0 Q=[256,256,16,1] Kraw=turbo3 Vraw=f16 Kshape=[256,256,4,1] Vshape=[256,256,4,1] Keff=f16 Veff=f16 turbo_kv=1 prefer_native_vec=0 decode=1 dk=1 dv=0 unsafe_vec_after_turbo_v_decode=0 allow_vec=1 kernel=MMA_F16 need_f16_K=0 need_f16_V=0 Knb=[50,400,100,102400] Vnb=[2,2048,512,524288] Keff_nb=[2,2048,512,524288] Veff_nb=[2,2048,512,524288]
CUDA_FA_ROUTE_ALLOC kernel=MMA_F16 need_f16_K=0 need_f16_V=0 workspace_end_offset=4194304 dst_data=(nil) f16_K=(nil) f16_V=(nil) f16_end=0x400000
CUDA_FA_ROUTE_PLAN device=0 Q=[256,256,16,1] Kraw=turbo3 Vraw=f16 Kshape=[256,256,4,1] Vshape=[256,256,4,1] Keff=f16 Veff=f16 turbo_kv=1 prefer_native_vec=0 decode=1 dk=1 dv=0 unsafe_vec_after_turbo_v_decode=0 allow_vec=1 kernel=MMA_F16 need_f16_K=0 need_f16_V=0 Knb=[50,400,100,102400] Vnb=[2,2048,512,524288] Keff_nb=[2,2048,512,524288] Veff_nb=[2,2048,512,524288]
CUDA_FA_ROUTE_ALLOC kernel=MMA_F16 need_f16_K=0 need_f16_V=0 workspace_end_offset=4194304 dst_data=(nil) f16_K=(nil) f16_V=(nil) f16_end=0x400000
CUDA_FA_ROUTE_PLAN device=0 Q=[256,256,16,1] Kraw=turbo3 Vraw=f16 Kshape=[256,256,4,1] Vshape=[256,256,4,1] Keff=f16 Veff=f16 turbo_kv=1 prefer_native_vec=0 decode=1 dk=1 dv=0 unsafe_vec_after_turbo_v_decode=0 allow_vec=1 kernel=MMA_F16 need_f16_K=0 need_f16_V=0 Knb=[50,400,100,102400] Vnb=[2,2048,512,524288] Keff_nb=[2,2048,512,524288] Veff_nb=[2,2048,512,524288]
CUDA_FA_ROUTE_ALLOC kernel=MMA_F16 need_f16_K=0 need_f16_V=0 workspace_end_offset=4194304 dst_data=(nil) f16_K=(nil) f16_V=(nil) f16_end=0x400000
CUDA_FA_ROUTE_PLAN device=0 Q=[256,256,16,1] Kraw=turbo3 Vraw=f16 Kshape=[256,256,4,1] Vshape=[256,256,4,1] Keff=f16 Veff=f16 turbo_kv=1 prefer_native_vec=0 decode=1 dk=1 dv=0 unsafe_vec_after_turbo_v_decode=0 allow_vec=1 kernel=MMA_F16 need_f16_K=0 need_f16_V=0 Knb=[50,400,100,102400] Vnb=[2,2048,512,524288] Keff_nb=[2,2048,512,524288] Veff_nb=[2,2048,512,524288]
CUDA_FA_ROUTE_ALLOC kernel=MMA_F16 need_f16_K=0 need_f16_V=0 workspace_end_offset=4194304 dst_data=(nil) f16_K=(nil) f16_V=(nil) f16_end=0x400000
CUDA_FA_ROUTE_PLAN device=0 Q=[256,256,16,1] Kraw=turbo3 Vraw=f16 Kshape=[256,256,4,1] Vshape=[256,256,4,1] Keff=f16 Veff=f16 turbo_kv=1 prefer_native_vec=0 decode=1 dk=1 dv=0 unsafe_vec_after_turbo_v_decode=0 allow_vec=1 kernel=MMA_F16 need_f16_K=0 need_f16_V=0 Knb=[50,400,100,102400] Vnb=[2,2048,512,524288] Keff_nb=[2,2048,512,524288] Veff_nb=[2,2048,512,524288]
CUDA_FA_ROUTE_ALLOC kernel=MMA_F16 need_f16_K=0 need_f16_V=0 workspace_end_offset=4194304 dst_data=(nil) f16_K=(nil) f16_V=(nil) f16_end=0x400000
CUDA_FA_ROUTE_PLAN device=0 Q=[256,256,16,1] Kraw=turbo3 Vraw=f16 Kshape=[256,256,4,1] Vshape=[256,256,4,1] Keff=f16 Veff=f16 turbo_kv=1 prefer_native_vec=0 decode=1 dk=1 dv=0 unsafe_vec_after_turbo_v_decode=0 allow_vec=1 kernel=MMA_F16 need_f16_K=0 need_f16_V=0 Knb=[50,400,100,102400] Vnb=[2,2048,512,524288] Keff_nb=[2,2048,512,524288] Veff_nb=[2,2048,512,524288]
CUDA_FA_ROUTE_ALLOC kernel=MMA_F16 need_f16_K=0 need_f16_V=0 workspace_end_offset=4194304 dst_data=(nil) f16_K=(nil) f16_V=(nil) f16_end=0x400000
CUDA_FA_ROUTE_PLAN device=0 Q=[256,256,16,1] Kraw=turbo3 Vraw=f16 Kshape=[256,256,4,1] Vshape=[256,256,4,1] Keff=f16 Veff=f16 turbo_kv=1 prefer_native_vec=0 decode=1 dk=1 dv=0 unsafe_vec_after_turbo_v_decode=0 allow_vec=1 kernel=MMA_F16 need_f16_K=0 need_f16_V=0 Knb=[50,400,100,102400] Vnb=[2,2048,512,524288] Keff_nb=[2,2048,512,524288] Veff_nb=[2,2048,512,524288]
CUDA_FA_ROUTE_ALLOC kernel=MMA_F16 need_f16_K=0 need_f16_V=0 workspace_end_offset=4194304 dst_data=(nil) f16_K=(nil) f16_V=(nil) f16_end=0x400000
CUDA_FA_ROUTE_PLAN device=0 Q=[256,256,16,1] Kraw=turbo3 Vraw=f16 Kshape=[256,256,4,1] Vshape=[256,256,4,1] Keff=f16 Veff=f16 turbo_kv=1 prefer_native_vec=0 decode=1 dk=1 dv=0 unsafe_vec_after_turbo_v_decode=0 allow_vec=1 kernel=MMA_F16 need_f16_K=0 need_f16_V=0 Knb=[50,400,100,102400] Vnb=[2,2048,512,524288] Keff_nb=[2,2048,512,524288] Veff_nb=[2,2048,512,524288]
CUDA_FA_ROUTE_ALLOC kernel=MMA_F16 need_f16_K=0 need_f16_V=0 workspace_end_offset=4194304 dst_data=(nil) f16_K=(nil) f16_V=(nil) f16_end=0x400000
CUDA_FA_ROUTE_PLAN device=0 Q=[256,256,16,1] Kraw=turbo3 Vraw=f16 Kshape=[256,256,4,1] Vshape=[256,256,4,1] Keff=f16 Veff=f16 turbo_kv=1 prefer_native_vec=0 decode=1 dk=1 dv=0 unsafe_vec_after_turbo_v_decode=0 allow_vec=1 kernel=MMA_F16 need_f16_K=0 need_f16_V=0 Knb=[50,400,100,102400] Vnb=[2,2048,512,524288] Keff_nb=[2,2048,512,524288] Veff_nb=[2,2048,512,524288]
CUDA_FA_ROUTE_ALLOC kernel=MMA_F16 need_f16_K=0 need_f16_V=0 workspace_end_offset=4194304 dst_data=(nil) f16_K=(nil) f16_V=(nil) f16_end=0x400000
CUDA_FA_ROUTE_PLAN device=0 Q=[256,256,16,1] Kraw=turbo3 Vraw=f16 Kshape=[256,256,4,1] Vshape=[256,256,4,1] Keff=f16 Veff=f16 turbo_kv=1 prefer_native_vec=0 decode=1 dk=1 dv=0 unsafe_vec_after_turbo_v_decode=0 allow_vec=1 kernel=MMA_F16 need_f16_K=0 need_f16_V=0 Knb=[50,400,100,102400] Vnb=[2,2048,512,524288] Keff_nb=[2,2048,512,524288] Veff_nb=[2,2048,512,524288]
CUDA_FA_ROUTE_ALLOC kernel=MMA_F16 need_f16_K=0 need_f16_V=0 workspace_end_offset=4194304 dst_data=(nil) f16_K=(nil) f16_V=(nil) f16_end=0x400000
CUDA_FA_ROUTE_PLAN device=0 Q=[256,256,16,1] Kraw=turbo3 Vraw=f16 Kshape=[256,256,4,1] Vshape=[256,256,4,1] Keff=f16 Veff=f16 turbo_kv=1 prefer_native_vec=0 decode=1 dk=1 dv=0 unsafe_vec_after_turbo_v_decode=0 allow_vec=1 kernel=MMA_F16 need_f16_K=0 need_f16_V=0 Knb=[50,400,100,102400] Vnb=[2,2048,512,524288] Keff_nb=[2,2048,512,524288] Veff_nb=[2,2048,512,524288]
CUDA_FA_ROUTE_ALLOC kernel=MMA_F16 need_f16_K=0 need_f16_V=0 workspace_end_offset=4194304 dst_data=(nil) f16_K=(nil) f16_V=(nil) f16_end=0x400000
CUDA_FA_ROUTE_PLAN device=0 Q=[256,256,16,1] Kraw=turbo3 Vraw=f16 Kshape=[256,256,4,1] Vshape=[256,256,4,1] Keff=f16 Veff=f16 turbo_kv=1 prefer_native_vec=0 decode=1 dk=1 dv=0 unsafe_vec_after_turbo_v_decode=0 allow_vec=1 kernel=MMA_F16 need_f16_K=0 need_f16_V=0 Knb=[50,400,100,102400] Vnb=[2,2048,512,524288] Keff_nb=[2,2048,512,524288] Veff_nb=[2,2048,512,524288]
CUDA_FA_ROUTE_ALLOC kernel=MMA_F16 need_f16_K=0 need_f16_V=0 workspace_end_offset=4194304 dst_data=(nil) f16_K=(nil) f16_V=(nil) f16_end=0x400000
CUDA_FA_ROUTE_PLAN device=0 Q=[256,256,16,1] Kraw=turbo3 Vraw=f16 Kshape=[256,256,4,1] Vshape=[256,256,4,1] Keff=f16 Veff=f16 turbo_kv=1 prefer_native_vec=0 decode=1 dk=1 dv=0 unsafe_vec_after_turbo_v_decode=0 allow_vec=1 kernel=MMA_F16 need_f16_K=0 need_f16_V=0 Knb=[50,400,100,102400] Vnb=[2,2048,512,524288] Keff_nb=[2,2048,512,524288] Veff_nb=[2,2048,512,524288]
CUDA_FA_ROUTE_ALLOC kernel=MMA_F16 need_f16_K=0 need_f16_V=0 workspace_end_offset=4194304 dst_data=(nil) f16_K=(nil) f16_V=(nil) f16_end=0x400000
CUDA_FA_ROUTE_PLAN device=0 Q=[256,256,16,1] Kraw=turbo3 Vraw=f16 Kshape=[256,256,4,1] Vshape=[256,256,4,1] Keff=f16 Veff=f16 turbo_kv=1 prefer_native_vec=0 decode=1 dk=1 dv=0 unsafe_vec_after_turbo_v_decode=0 allow_vec=1 kernel=MMA_F16 need_f16_K=0 need_f16_V=0 Knb=[50,400,100,102400] Vnb=[2,2048,512,524288] Keff_nb=[2,2048,512,524288] Veff_nb=[2,2048,512,524288]
CUDA_FA_ROUTE_ALLOC kernel=MMA_F16 need_f16_K=0 need_f16_V=0 workspace_end_offset=4194304 dst_data=(nil) f16_K=(nil) f16_V=(nil) f16_end=0x400000
CUDA_FA_ROUTE_PLAN device=0 Q=[256,256,16,1] Kraw=turbo3 Vraw=f16 Kshape=[256,256,4,1] Vshape=[256,256,4,1] Keff=f16 Veff=f16 turbo_kv=1 prefer_native_vec=0 decode=1 dk=1 dv=0 unsafe_vec_after_turbo_v_decode=0 allow_vec=1 kernel=MMA_F16 need_f16_K=0 need_f16_V=0 Knb=[50,400,100,102400] Vnb=[2,2048,512,524288] Keff_nb=[2,2048,512,524288] Veff_nb=[2,2048,512,524288]
CUDA_FA_ROUTE_ALLOC kernel=MMA_F16 need_f16_K=0 need_f16_V=0 workspace_end_offset=4194304 dst_data=(nil) f16_K=(nil) f16_V=(nil) f16_end=0x400000
CUDA_FA_ROUTE_PLAN device=0 Q=[256,256,16,1] Kraw=turbo3 Vraw=f16 Kshape=[256,256,4,1] Vshape=[256,256,4,1] Keff=f16 Veff=f16 turbo_kv=1 prefer_native_vec=0 decode=1 dk=1 dv=0 unsafe_vec_after_turbo_v_decode=0 allow_vec=1 kernel=MMA_F16 need_f16_K=0 need_f16_V=0 Knb=[50,400,100,102400] Vnb=[2,2048,512,524288] Keff_nb=[2,2048,512,524288] Veff_nb=[2,2048,512,524288]
CUDA_FA_ROUTE_ALLOC kernel=MMA_F16 need_f16_K=0 need_f16_V=0 workspace_end_offset=4194304 dst_data=(nil) f16_K=(nil) f16_V=(nil) f16_end=0x400000
CUDA_FA_ROUTE_PLAN device=0 Q=[256,256,16,1] Kraw=turbo3 Vraw=f16 Kshape=[256,256,4,1] Vshape=[256,256,4,1] Keff=f16 Veff=f16 turbo_kv=1 prefer_native_vec=0 decode=1 dk=1 dv=0 unsafe_vec_after_turbo_v_decode=0 allow_vec=1 kernel=MMA_F16 need_f16_K=0 need_f16_V=0 Knb=[50,400,100,102400] Vnb=[2,2048,512,524288] Keff_nb=[2,2048,512,524288] Veff_nb=[2,2048,512,524288]
CUDA_FA_ROUTE_ALLOC kernel=MMA_F16 need_f16_K=0 need_f16_V=0 workspace_end_offset=4194304 dst_data=(nil) f16_K=(nil) f16_V=(nil) f16_end=0x400000
CUDA_FA_ROUTE_PLAN device=0 Q=[256,256,16,1] Kraw=turbo3 Vraw=f16 Kshape=[256,256,4,1] Vshape=[256,256,4,1] Keff=f16 Veff=f16 turbo_kv=1 prefer_native_vec=0 decode=1 dk=1 dv=0 unsafe_vec_after_turbo_v_decode=0 allow_vec=1 kernel=MMA_F16 need_f16_K=0 need_f16_V=0 Knb=[50,400,100,102400] Vnb=[2,2048,512,524288] Keff_nb=[2,2048,512,524288] Veff_nb=[2,2048,512,524288]
CUDA_FA_ROUTE_ALLOC kernel=MMA_F16 need_f16_K=0 need_f16_V=0 workspace_end_offset=4194304 dst_data=(nil) f16_K=(nil) f16_V=(nil) f16_end=0x400000
CUDA_FA_ROUTE_PLAN device=0 Q=[256,1,16,1] Kraw=turbo3 Vraw=f16 Kshape=[256,256,4,1] Vshape=[256,256,4,1] Keff=f16 Veff=f16 turbo_kv=1 prefer_native_vec=0 decode=1 dk=1 dv=0 unsafe_vec_after_turbo_v_decode=0 allow_vec=1 kernel=MMA_F16 need_f16_K=0 need_f16_V=0 Knb=[50,400,100,102400] Vnb=[2,2048,512,524288] Keff_nb=[2,2048,512,524288] Veff_nb=[2,2048,512,524288]
CUDA_FA_ROUTE_SUPPORTED kernel=MMA_F16 effK=f16 effV=f16 supported=1
CUDA_FA_ROUTE_PLAN device=0 Q=[256,1,16,1] Kraw=turbo3 Vraw=f16 Kshape=[256,256,4,1] Vshape=[256,256,4,1] Keff=f16 Veff=f16 turbo_kv=1 prefer_native_vec=0 decode=1 dk=1 dv=0 unsafe_vec_after_turbo_v_decode=0 allow_vec=1 kernel=MMA_F16 need_f16_K=0 need_f16_V=0 Knb=[50,400,100,102400] Vnb=[2,2048,512,524288] Keff_nb=[2,2048,512,524288] Veff_nb=[2,2048,512,524288]
CUDA_FA_ROUTE_SUPPORTED kernel=MMA_F16 effK=f16 effV=f16 supported=1
CUDA_FA_ROUTE_PLAN device=0 Q=[256,1,16,1] Kraw=turbo3 Vraw=f16 Kshape=[256,256,4,1] Vshape=[256,256,4,1] Keff=f16 Veff=f16 turbo_kv=1 prefer_native_vec=0 decode=1 dk=1 dv=0 unsafe_vec_after_turbo_v_decode=0 allow_vec=1 kernel=MMA_F16 need_f16_K=0 need_f16_V=0 Knb=[50,400,100,102400] Vnb=[2,2048,512,524288] Keff_nb=[2,2048,512,524288] Veff_nb=[2,2048,512,524288]
CUDA_FA_ROUTE_SUPPORTED kernel=MMA_F16 effK=f16 effV=f16 supported=1
CUDA_FA_ROUTE_PLAN device=0 Q=[256,1,16,1] Kraw=turbo3 Vraw=f16 Kshape=[256,256,4,1] Vshape=[256,256,4,1] Keff=f16 Veff=f16 turbo_kv=1 prefer_native_vec=0 decode=1 dk=1 dv=0 unsafe_vec_after_turbo_v_decode=0 allow_vec=1 kernel=MMA_F16 need_f16_K=0 need_f16_V=0 Knb=[50,400,100,102400] Vnb=[2,2048,512,524288] Keff_nb=[2,2048,512,524288] Veff_nb=[2,2048,512,524288]
CUDA_FA_ROUTE_SUPPORTED kernel=MMA_F16 effK=f16 effV=f16 supported=1
CUDA_FA_ROUTE_PLAN device=0 Q=[256,1,16,1] Kraw=turbo3 Vraw=f16 Kshape=[256,256,4,1] Vshape=[256,256,4,1] Keff=f16 Veff=f16 turbo_kv=1 prefer_native_vec=0 decode=1 dk=1 dv=0 unsafe_vec_after_turbo_v_decode=0 allow_vec=1 kernel=MMA_F16 need_f16_K=0 need_f16_V=0 Knb=[50,400,100,102400] Vnb=[2,2048,512,524288] Keff_nb=[2,2048,512,524288] Veff_nb=[2,2048,512,524288]
CUDA_FA_ROUTE_SUPPORTED kernel=MMA_F16 effK=f16 effV=f16 supported=1
CUDA_FA_ROUTE_PLAN device=0 Q=[256,1,16,1] Kraw=turbo3 Vraw=f16 Kshape=[256,256,4,1] Vshape=[256,256,4,1] Keff=f16 Veff=f16 turbo_kv=1 prefer_native_vec=0 decode=1 dk=1 dv=0 unsafe_vec_after_turbo_v_decode=0 allow_vec=1 kernel=MMA_F16 need_f16_K=0 need_f16_V=0 Knb=[50,400,100,102400] Vnb=[2,2048,512,524288] Keff_nb=[2,2048,512,524288] Veff_nb=[2,2048,512,524288]
CUDA_FA_ROUTE_SUPPORTED kernel=MMA_F16 effK=f16 effV=f16 supported=1
CUDA_FA_ROUTE_PLAN device=0 Q=[256,1,16,1] Kraw=turbo3 Vraw=f16 Kshape=[256,256,4,1] Vshape=[256,256,4,1] Keff=f16 Veff=f16 turbo_kv=1 prefer_native_vec=0 decode=1 dk=1 dv=0 unsafe_vec_after_turbo_v_decode=0 allow_vec=1 kernel=MMA_F16 need_f16_K=0 need_f16_V=0 Knb=[50,400,100,102400] Vnb=[2,2048,512,524288] Keff_nb=[2,2048,512,524288] Veff_nb=[2,2048,512,524288]
CUDA_FA_ROUTE_SUPPORTED kernel=MMA_F16 effK=f16 effV=f16 supported=1
CUDA_FA_ROUTE_PLAN device=0 Q=[256,1,16,1] Kraw=turbo3 Vraw=f16 Kshape=[256,256,4,1] Vshape=[256,256,4,1] Keff=f16 Veff=f16 turbo_kv=1 prefer_native_vec=0 decode=1 dk=1 dv=0 unsafe_vec_after_turbo_v_decode=0 allow_vec=1 kernel=MMA_F16 need_f16_K=0 need_f16_V=0 Knb=[50,400,100,102400] Vnb=[2,2048,512,524288] Keff_nb=[2,2048,512,524288] Veff_nb=[2,2048,512,524288]
CUDA_FA_ROUTE_SUPPORTED kernel=MMA_F16 effK=f16 effV=f16 supported=1
CUDA_FA_ROUTE_PLAN device=0 Q=[256,256,16,1] Kraw=turbo3 Vraw=f16 Kshape=[256,256,4,1] Vshape=[256,256,4,1] Keff=f16 Veff=f16 turbo_kv=1 prefer_native_vec=0 decode=1 dk=1 dv=0 unsafe_vec_after_turbo_v_decode=0 allow_vec=1 kernel=MMA_F16 need_f16_K=0 need_f16_V=0 Knb=[50,400,100,102400] Vnb=[2,2048,512,524288] Keff_nb=[2,2048,512,524288] Veff_nb=[2,2048,512,524288]
CUDA_FA_ROUTE_SUPPORTED kernel=MMA_F16 effK=f16 effV=f16 supported=1
CUDA_FA_ROUTE_PLAN device=0 Q=[256,256,16,1] Kraw=turbo3 Vraw=f16 Kshape=[256,256,4,1] Vshape=[256,256,4,1] Keff=f16 Veff=f16 turbo_kv=1 prefer_native_vec=0 decode=1 dk=1 dv=0 unsafe_vec_after_turbo_v_decode=0 allow_vec=1 kernel=MMA_F16 need_f16_K=0 need_f16_V=0 Knb=[50,400,100,102400] Vnb=[2,2048,512,524288] Keff_nb=[2,2048,512,524288] Veff_nb=[2,2048,512,524288]
CUDA_FA_ROUTE_SUPPORTED kernel=MMA_F16 effK=f16 effV=f16 supported=1
CUDA_FA_ROUTE_PLAN device=0 Q=[256,256,16,1] Kraw=turbo3 Vraw=f16 Kshape=[256,256,4,1] Vshape=[256,256,4,1] Keff=f16 Veff=f16 turbo_kv=1 prefer_native_vec=0 decode=1 dk=1 dv=0 unsafe_vec_after_turbo_v_decode=0 allow_vec=1 kernel=MMA_F16 need_f16_K=0 need_f16_V=0 Knb=[50,400,100,102400] Vnb=[2,2048,512,524288] Keff_nb=[2,2048,512,524288] Veff_nb=[2,2048,512,524288]
CUDA_FA_ROUTE_SUPPORTED kernel=MMA_F16 effK=f16 effV=f16 supported=1
CUDA_FA_ROUTE_PLAN device=0 Q=[256,256,16,1] Kraw=turbo3 Vraw=f16 Kshape=[256,256,4,1] Vshape=[256,256,4,1] Keff=f16 Veff=f16 turbo_kv=1 prefer_native_vec=0 decode=1 dk=1 dv=0 unsafe_vec_after_turbo_v_decode=0 allow_vec=1 kernel=MMA_F16 need_f16_K=0 need_f16_V=0 Knb=[50,400,100,102400] Vnb=[2,2048,512,524288] Keff_nb=[2,2048,512,524288] Veff_nb=[2,2048,512,524288]
CUDA_FA_ROUTE_SUPPORTED kernel=MMA_F16 effK=f16 effV=f16 supported=1
CUDA_FA_ROUTE_PLAN device=0 Q=[256,256,16,1] Kraw=turbo3 Vraw=f16 Kshape=[256,256,4,1] Vshape=[256,256,4,1] Keff=f16 Veff=f16 turbo_kv=1 prefer_native_vec=0 decode=1 dk=1 dv=0 unsafe_vec_after_turbo_v_decode=0 allow_vec=1 kernel=MMA_F16 need_f16_K=0 need_f16_V=0 Knb=[50,400,100,102400] Vnb=[2,2048,512,524288] Keff_nb=[2,2048,512,524288] Veff_nb=[2,2048,512,524288]
CUDA_FA_ROUTE_SUPPORTED kernel=MMA_F16 effK=f16 effV=f16 supported=1
CUDA_FA_ROUTE_PLAN device=0 Q=[256,256,16,1] Kraw=turbo3 Vraw=f16 Kshape=[256,256,4,1] Vshape=[256,256,4,1] Keff=f16 Veff=f16 turbo_kv=1 prefer_native_vec=0 decode=1 dk=1 dv=0 unsafe_vec_after_turbo_v_decode=0 allow_vec=1 kernel=MMA_F16 need_f16_K=0 need_f16_V=0 Knb=[50,400,100,102400] Vnb=[2,2048,512,524288] Keff_nb=[2,2048,512,524288] Veff_nb=[2,2048,512,524288]
CUDA_FA_ROUTE_SUPPORTED kernel=MMA_F16 effK=f16 effV=f16 supported=1
CUDA_FA_ROUTE_PLAN device=0 Q=[256,256,16,1] Kraw=turbo3 Vraw=f16 Kshape=[256,256,4,1] Vshape=[256,256,4,1] Keff=f16 Veff=f16 turbo_kv=1 prefer_native_vec=0 decode=1 dk=1 dv=0 unsafe_vec_after_turbo_v_decode=0 allow_vec=1 kernel=MMA_F16 need_f16_K=0 need_f16_V=0 Knb=[50,400,100,102400] Vnb=[2,2048,512,524288] Keff_nb=[2,2048,512,524288] Veff_nb=[2,2048,512,524288]
CUDA_FA_ROUTE_SUPPORTED kernel=MMA_F16 effK=f16 effV=f16 supported=1
CUDA_FA_ROUTE_PLAN device=0 Q=[256,256,16,1] Kraw=turbo3 Vraw=f16 Kshape=[256,256,4,1] Vshape=[256,256,4,1] Keff=f16 Veff=f16 turbo_kv=1 prefer_native_vec=0 decode=1 dk=1 dv=0 unsafe_vec_after_turbo_v_decode=0 allow_vec=1 kernel=MMA_F16 need_f16_K=0 need_f16_V=0 Knb=[50,400,100,102400] Vnb=[2,2048,512,524288] Keff_nb=[2,2048,512,524288] Veff_nb=[2,2048,512,524288]
CUDA_FA_ROUTE_SUPPORTED kernel=MMA_F16 effK=f16 effV=f16 supported=1
CUDA_FA_ROUTE_PLAN device=0 Q=[256,256,16,1] Kraw=turbo3 Vraw=f16 Kshape=[256,256,4,1] Vshape=[256,256,4,1] Keff=f16 Veff=f16 turbo_kv=1 prefer_native_vec=0 decode=1 dk=1 dv=0 unsafe_vec_after_turbo_v_decode=0 allow_vec=1 kernel=MMA_F16 need_f16_K=0 need_f16_V=0 Knb=[50,400,100,102400] Vnb=[2,2048,512,524288] Keff_nb=[2,2048,512,524288] Veff_nb=[2,2048,512,524288]
CUDA_FA_ROUTE_SUPPORTED kernel=MMA_F16 effK=f16 effV=f16 supported=1
CUDA_FA_ROUTE_PLAN device=0 Q=[256,256,16,1] Kraw=turbo3 Vraw=f16 Kshape=[256,256,4,1] Vshape=[256,256,4,1] Keff=f16 Veff=f16 turbo_kv=1 prefer_native_vec=0 decode=1 dk=1 dv=0 unsafe_vec_after_turbo_v_decode=0 allow_vec=1 kernel=MMA_F16 need_f16_K=0 need_f16_V=0 Knb=[50,400,100,102400] Vnb=[2,2048,512,524288] Keff_nb=[2,2048,512,524288] Veff_nb=[2,2048,512,524288]
CUDA_FA_ROUTE_SUPPORTED kernel=MMA_F16 effK=f16 effV=f16 supported=1
CUDA_FA_ROUTE_PLAN device=0 Q=[256,256,16,1] Kraw=turbo3 Vraw=f16 Kshape=[256,256,4,1] Vshape=[256,256,4,1] Keff=f16 Veff=f16 turbo_kv=1 prefer_native_vec=0 decode=1 dk=1 dv=0 unsafe_vec_after_turbo_v_decode=0 allow_vec=1 kernel=MMA_F16 need_f16_K=0 need_f16_V=0 Knb=[50,400,100,102400] Vnb=[2,2048,512,524288] Keff_nb=[2,2048,512,524288] Veff_nb=[2,2048,512,524288]
CUDA_FA_ROUTE_SUPPORTED kernel=MMA_F16 effK=f16 effV=f16 supported=1
CUDA_FA_ROUTE_PLAN device=0 Q=[256,256,16,1] Kraw=turbo3 Vraw=f16 Kshape=[256,256,4,1] Vshape=[256,256,4,1] Keff=f16 Veff=f16 turbo_kv=1 prefer_native_vec=0 decode=1 dk=1 dv=0 unsafe_vec_after_turbo_v_decode=0 allow_vec=1 kernel=MMA_F16 need_f16_K=0 need_f16_V=0 Knb=[50,400,100,102400] Vnb=[2,2048,512,524288] Keff_nb=[2,2048,512,524288] Veff_nb=[2,2048,512,524288]
CUDA_FA_ROUTE_SUPPORTED kernel=MMA_F16 effK=f16 effV=f16 supported=1
CUDA_FA_ROUTE_PLAN device=0 Q=[256,256,16,1] Kraw=turbo3 Vraw=f16 Kshape=[256,256,4,1] Vshape=[256,256,4,1] Keff=f16 Veff=f16 turbo_kv=1 prefer_native_vec=0 decode=1 dk=1 dv=0 unsafe_vec_after_turbo_v_decode=0 allow_vec=1 kernel=MMA_F16 need_f16_K=0 need_f16_V=0 Knb=[50,400,100,102400] Vnb=[2,2048,512,524288] Keff_nb=[2,2048,512,524288] Veff_nb=[2,2048,512,524288]
CUDA_FA_ROUTE_SUPPORTED kernel=MMA_F16 effK=f16 effV=f16 supported=1
CUDA_FA_ROUTE_PLAN device=0 Q=[256,256,16,1] Kraw=turbo3 Vraw=f16 Kshape=[256,256,4,1] Vshape=[256,256,4,1] Keff=f16 Veff=f16 turbo_kv=1 prefer_native_vec=0 decode=1 dk=1 dv=0 unsafe_vec_after_turbo_v_decode=0 allow_vec=1 kernel=MMA_F16 need_f16_K=0 need_f16_V=0 Knb=[50,400,100,102400] Vnb=[2,2048,512,524288] Keff_nb=[2,2048,512,524288] Veff_nb=[2,2048,512,524288]
CUDA_FA_ROUTE_SUPPORTED kernel=MMA_F16 effK=f16 effV=f16 supported=1
CUDA_FA_ROUTE_PLAN device=0 Q=[256,256,16,1] Kraw=turbo3 Vraw=f16 Kshape=[256,256,4,1] Vshape=[256,256,4,1] Keff=f16 Veff=f16 turbo_kv=1 prefer_native_vec=0 decode=1 dk=1 dv=0 unsafe_vec_after_turbo_v_decode=0 allow_vec=1 kernel=MMA_F16 need_f16_K=0 need_f16_V=0 Knb=[50,400,100,102400] Vnb=[2,2048,512,524288] Keff_nb=[2,2048,512,524288] Veff_nb=[2,2048,512,524288]
CUDA_FA_ROUTE_SUPPORTED kernel=MMA_F16 effK=f16 effV=f16 supported=1
CUDA_FA_ROUTE_PLAN device=0 Q=[256,256,16,1] Kraw=turbo3 Vraw=f16 Kshape=[256,256,4,1] Vshape=[256,256,4,1] Keff=f16 Veff=f16 turbo_kv=1 prefer_native_vec=0 decode=1 dk=1 dv=0 unsafe_vec_after_turbo_v_decode=0 allow_vec=1 kernel=MMA_F16 need_f16_K=0 need_f16_V=0 Knb=[50,400,100,102400] Vnb=[2,2048,512,524288] Keff_nb=[2,2048,512,524288] Veff_nb=[2,2048,512,524288]
CUDA_FA_ROUTE_SUPPORTED kernel=MMA_F16 effK=f16 effV=f16 supported=1
CUDA_FA_ROUTE_PLAN device=0 Q=[256,256,16,1] Kraw=turbo3 Vraw=f16 Kshape=[256,256,4,1] Vshape=[256,256,4,1] Keff=f16 Veff=f16 turbo_kv=1 prefer_native_vec=0 decode=1 dk=1 dv=0 unsafe_vec_after_turbo_v_decode=0 allow_vec=1 kernel=MMA_F16 need_f16_K=0 need_f16_V=0 Knb=[50,400,100,102400] Vnb=[2,2048,512,524288] Keff_nb=[2,2048,512,524288] Veff_nb=[2,2048,512,524288]
CUDA_FA_ROUTE_ALLOC kernel=MMA_F16 need_f16_K=0 need_f16_V=0 workspace_end_offset=4194304 dst_data=(nil) f16_K=(nil) f16_V=(nil) f16_end=0x400000
CUDA_FA_ROUTE_PLAN device=0 Q=[256,256,16,1] Kraw=turbo3 Vraw=f16 Kshape=[256,256,4,1] Vshape=[256,256,4,1] Keff=f16 Veff=f16 turbo_kv=1 prefer_native_vec=0 decode=1 dk=1 dv=0 unsafe_vec_after_turbo_v_decode=0 allow_vec=1 kernel=MMA_F16 need_f16_K=0 need_f16_V=0 Knb=[50,400,100,102400] Vnb=[2,2048,512,524288] Keff_nb=[2,2048,512,524288] Veff_nb=[2,2048,512,524288]
CUDA_FA_ROUTE_ALLOC kernel=MMA_F16 need_f16_K=0 need_f16_V=0 workspace_end_offset=4194304 dst_data=(nil) f16_K=(nil) f16_V=(nil) f16_end=0x400000
CUDA_FA_ROUTE_PLAN device=0 Q=[256,256,16,1] Kraw=turbo3 Vraw=f16 Kshape=[256,256,4,1] Vshape=[256,256,4,1] Keff=f16 Veff=f16 turbo_kv=1 prefer_native_vec=0 decode=1 dk=1 dv=0 unsafe_vec_after_turbo_v_decode=0 allow_vec=1 kernel=MMA_F16 need_f16_K=0 need_f16_V=0 Knb=[50,400,100,102400] Vnb=[2,2048,512,524288] Keff_nb=[2,2048,512,524288] Veff_nb=[2,2048,512,524288]
CUDA_FA_ROUTE_ALLOC kernel=MMA_F16 need_f16_K=0 need_f16_V=0 workspace_end_offset=4194304 dst_data=(nil) f16_K=(nil) f16_V=(nil) f16_end=0x400000
CUDA_FA_ROUTE_PLAN device=0 Q=[256,256,16,1] Kraw=turbo3 Vraw=f16 Kshape=[256,256,4,1] Vshape=[256,256,4,1] Keff=f16 Veff=f16 turbo_kv=1 prefer_native_vec=0 decode=1 dk=1 dv=0 unsafe_vec_after_turbo_v_decode=0 allow_vec=1 kernel=MMA_F16 need_f16_K=0 need_f16_V=0 Knb=[50,400,100,102400] Vnb=[2,2048,512,524288] Keff_nb=[2,2048,512,524288] Veff_nb=[2,2048,512,524288]
CUDA_FA_ROUTE_ALLOC kernel=MMA_F16 need_f16_K=0 need_f16_V=0 workspace_end_offset=4194304 dst_data=(nil) f16_K=(nil) f16_V=(nil) f16_end=0x400000
CUDA_FA_ROUTE_PLAN device=0 Q=[256,256,16,1] Kraw=turbo3 Vraw=f16 Kshape=[256,256,4,1] Vshape=[256,256,4,1] Keff=f16 Veff=f16 turbo_kv=1 prefer_native_vec=0 decode=1 dk=1 dv=0 unsafe_vec_after_turbo_v_decode=0 allow_vec=1 kernel=MMA_F16 need_f16_K=0 need_f16_V=0 Knb=[50,400,100,102400] Vnb=[2,2048,512,524288] Keff_nb=[2,2048,512,524288] Veff_nb=[2,2048,512,524288]
CUDA_FA_ROUTE_ALLOC kernel=MMA_F16 need_f16_K=0 need_f16_V=0 workspace_end_offset=4194304 dst_data=(nil) f16_K=(nil) f16_V=(nil) f16_end=0x400000
CUDA_FA_ROUTE_PLAN device=0 Q=[256,256,16,1] Kraw=turbo3 Vraw=f16 Kshape=[256,256,4,1] Vshape=[256,256,4,1] Keff=f16 Veff=f16 turbo_kv=1 prefer_native_vec=0 decode=1 dk=1 dv=0 unsafe_vec_after_turbo_v_decode=0 allow_vec=1 kernel=MMA_F16 need_f16_K=0 need_f16_V=0 Knb=[50,400,100,102400] Vnb=[2,2048,512,524288] Keff_nb=[2,2048,512,524288] Veff_nb=[2,2048,512,524288]
CUDA_FA_ROUTE_ALLOC kernel=MMA_F16 need_f16_K=0 need_f16_V=0 workspace_end_offset=4194304 dst_data=(nil) f16_K=(nil) f16_V=(nil) f16_end=0x400000
CUDA_FA_ROUTE_PLAN device=0 Q=[256,256,16,1] Kraw=turbo3 Vraw=f16 Kshape=[256,256,4,1] Vshape=[256,256,4,1] Keff=f16 Veff=f16 turbo_kv=1 prefer_native_vec=0 decode=1 dk=1 dv=0 unsafe_vec_after_turbo_v_decode=0 allow_vec=1 kernel=MMA_F16 need_f16_K=0 need_f16_V=0 Knb=[50,400,100,102400] Vnb=[2,2048,512,524288] Keff_nb=[2,2048,512,524288] Veff_nb=[2,2048,512,524288]
CUDA_FA_ROUTE_ALLOC kernel=MMA_F16 need_f16_K=0 need_f16_V=0 workspace_end_offset=4194304 dst_data=(nil) f16_K=(nil) f16_V=(nil) f16_end=0x400000
CUDA_FA_ROUTE_PLAN device=0 Q=[256,256,16,1] Kraw=turbo3 Vraw=f16 Kshape=[256,256,4,1] Vshape=[256,256,4,1] Keff=f16 Veff=f16 turbo_kv=1 prefer_native_vec=0 decode=1 dk=1 dv=0 unsafe_vec_after_turbo_v_decode=0 allow_vec=1 kernel=MMA_F16 need_f16_K=0 need_f16_V=0 Knb=[50,400,100,102400] Vnb=[2,2048,512,524288] Keff_nb=[2,2048,512,524288] Veff_nb=[2,2048,512,524288]
CUDA_FA_ROUTE_ALLOC kernel=MMA_F16 need_f16_K=0 need_f16_V=0 workspace_end_offset=4194304 dst_data=(nil) f16_K=(nil) f16_V=(nil) f16_end=0x400000
CUDA_FA_ROUTE_PLAN device=0 Q=[256,256,16,1] Kraw=turbo3 Vraw=f16 Kshape=[256,256,4,1] Vshape=[256,256,4,1] Keff=f16 Veff=f16 turbo_kv=1 prefer_native_vec=0 decode=1 dk=1 dv=0 unsafe_vec_after_turbo_v_decode=0 allow_vec=1 kernel=MMA_F16 need_f16_K=0 need_f16_V=0 Knb=[50,400,100,102400] Vnb=[2,2048,512,524288] Keff_nb=[2,2048,512,524288] Veff_nb=[2,2048,512,524288]
CUDA_FA_ROUTE_ALLOC kernel=MMA_F16 need_f16_K=0 need_f16_V=0 workspace_end_offset=4194304 dst_data=(nil) f16_K=(nil) f16_V=(nil) f16_end=0x400000
CUDA_FA_ROUTE_PLAN device=0 Q=[256,256,16,1] Kraw=turbo3 Vraw=f16 Kshape=[256,256,4,1] Vshape=[256,256,4,1] Keff=f16 Veff=f16 turbo_kv=1 prefer_native_vec=0 decode=1 dk=1 dv=0 unsafe_vec_after_turbo_v_decode=0 allow_vec=1 kernel=MMA_F16 need_f16_K=0 need_f16_V=0 Knb=[50,400,100,102400] Vnb=[2,2048,512,524288] Keff_nb=[2,2048,512,524288] Veff_nb=[2,2048,512,524288]
CUDA_FA_ROUTE_ALLOC kernel=MMA_F16 need_f16_K=0 need_f16_V=0 workspace_end_offset=4194304 dst_data=(nil) f16_K=(nil) f16_V=(nil) f16_end=0x400000
CUDA_FA_ROUTE_PLAN device=0 Q=[256,256,16,1] Kraw=turbo3 Vraw=f16 Kshape=[256,256,4,1] Vshape=[256,256,4,1] Keff=f16 Veff=f16 turbo_kv=1 prefer_native_vec=0 decode=1 dk=1 dv=0 unsafe_vec_after_turbo_v_decode=0 allow_vec=1 kernel=MMA_F16 need_f16_K=0 need_f16_V=0 Knb=[50,400,100,102400] Vnb=[2,2048,512,524288] Keff_nb=[2,2048,512,524288] Veff_nb=[2,2048,512,524288]
CUDA_FA_ROUTE_ALLOC kernel=MMA_F16 need_f16_K=0 need_f16_V=0 workspace_end_offset=4194304 dst_data=(nil) f16_K=(nil) f16_V=(nil) f16_end=0x400000
CUDA_FA_ROUTE_PLAN device=0 Q=[256,256,16,1] Kraw=turbo3 Vraw=f16 Kshape=[256,256,4,1] Vshape=[256,256,4,1] Keff=f16 Veff=f16 turbo_kv=1 prefer_native_vec=0 decode=1 dk=1 dv=0 unsafe_vec_after_turbo_v_decode=0 allow_vec=1 kernel=MMA_F16 need_f16_K=0 need_f16_V=0 Knb=[50,400,100,102400] Vnb=[2,2048,512,524288] Keff_nb=[2,2048,512,524288] Veff_nb=[2,2048,512,524288]
CUDA_FA_ROUTE_ALLOC kernel=MMA_F16 need_f16_K=0 need_f16_V=0 workspace_end_offset=4194304 dst_data=(nil) f16_K=(nil) f16_V=(nil) f16_end=0x400000
CUDA_FA_ROUTE_PLAN device=0 Q=[256,256,16,1] Kraw=turbo3 Vraw=f16 Kshape=[256,256,4,1] Vshape=[256,256,4,1] Keff=f16 Veff=f16 turbo_kv=1 prefer_native_vec=0 decode=1 dk=1 dv=0 unsafe_vec_after_turbo_v_decode=0 allow_vec=1 kernel=MMA_F16 need_f16_K=0 need_f16_V=0 Knb=[50,400,100,102400] Vnb=[2,2048,512,524288] Keff_nb=[2,2048,512,524288] Veff_nb=[2,2048,512,524288]
CUDA_FA_ROUTE_ALLOC kernel=MMA_F16 need_f16_K=0 need_f16_V=0 workspace_end_offset=4194304 dst_data=(nil) f16_K=(nil) f16_V=(nil) f16_end=0x400000
CUDA_FA_ROUTE_PLAN device=0 Q=[256,256,16,1] Kraw=turbo3 Vraw=f16 Kshape=[256,256,4,1] Vshape=[256,256,4,1] Keff=f16 Veff=f16 turbo_kv=1 prefer_native_vec=0 decode=1 dk=1 dv=0 unsafe_vec_after_turbo_v_decode=0 allow_vec=1 kernel=MMA_F16 need_f16_K=0 need_f16_V=0 Knb=[50,400,100,102400] Vnb=[2,2048,512,524288] Keff_nb=[2,2048,512,524288] Veff_nb=[2,2048,512,524288]
CUDA_FA_ROUTE_ALLOC kernel=MMA_F16 need_f16_K=0 need_f16_V=0 workspace_end_offset=4194304 dst_data=(nil) f16_K=(nil) f16_V=(nil) f16_end=0x400000
CUDA_FA_ROUTE_PLAN device=0 Q=[256,256,16,1] Kraw=turbo3 Vraw=f16 Kshape=[256,256,4,1] Vshape=[256,256,4,1] Keff=f16 Veff=f16 turbo_kv=1 prefer_native_vec=0 decode=1 dk=1 dv=0 unsafe_vec_after_turbo_v_decode=0 allow_vec=1 kernel=MMA_F16 need_f16_K=0 need_f16_V=0 Knb=[50,400,100,102400] Vnb=[2,2048,512,524288] Keff_nb=[2,2048,512,524288] Veff_nb=[2,2048,512,524288]
CUDA_FA_ROUTE_ALLOC kernel=MMA_F16 need_f16_K=0 need_f16_V=0 workspace_end_offset=4194304 dst_data=(nil) f16_K=(nil) f16_V=(nil) f16_end=0x400000
CUDA_FA_ROUTE_PLAN device=0 Q=[256,256,16,1] Kraw=turbo3 Vraw=f16 Kshape=[256,256,4,1] Vshape=[256,256,4,1] Keff=f16 Veff=f16 turbo_kv=1 prefer_native_vec=0 decode=1 dk=1 dv=0 unsafe_vec_after_turbo_v_decode=0 allow_vec=1 kernel=MMA_F16 need_f16_K=0 need_f16_V=0 Knb=[50,400,100,102400] Vnb=[2,2048,512,524288] Keff_nb=[2,2048,512,524288] Veff_nb=[2,2048,512,524288]
CUDA_FA_ROUTE_ALLOC kernel=MMA_F16 need_f16_K=0 need_f16_V=0 workspace_end_offset=4194304 dst_data=(nil) f16_K=(nil) f16_V=(nil) f16_end=0x400000
CUDA_FA_ROUTE_PLAN device=0 Q=[256,256,16,1] Kraw=turbo3 Vraw=f16 Kshape=[256,256,4,1] Vshape=[256,256,4,1] Keff=f16 Veff=f16 turbo_kv=1 prefer_native_vec=0 decode=1 dk=1 dv=0 unsafe_vec_after_turbo_v_decode=0 allow_vec=1 kernel=MMA_F16 need_f16_K=0 need_f16_V=0 Knb=[50,400,100,102400] Vnb=[2,2048,512,524288] Keff_nb=[2,2048,512,524288] Veff_nb=[2,2048,512,524288]
CUDA_FA_ROUTE_ALLOC kernel=MMA_F16 need_f16_K=0 need_f16_V=0 workspace_end_offset=4194304 dst_data=(nil) f16_K=(nil) f16_V=(nil) f16_end=0x400000
CUDA_FA_ROUTE_PLAN device=0 Q=[256,256,16,1] Kraw=turbo3 Vraw=f16 Kshape=[256,256,4,1] Vshape=[256,256,4,1] Keff=f16 Veff=f16 turbo_kv=1 prefer_native_vec=0 decode=1 dk=1 dv=0 unsafe_vec_after_turbo_v_decode=0 allow_vec=1 kernel=MMA_F16 need_f16_K=0 need_f16_V=0 Knb=[50,400,100,102400] Vnb=[2,2048,512,524288] Keff_nb=[2,2048,512,524288] Veff_nb=[2,2048,512,524288]
CUDA_FA_ROUTE_ALLOC kernel=MMA_F16 need_f16_K=0 need_f16_V=0 workspace_end_offset=4194304 dst_data=(nil) f16_K=(nil) f16_V=(nil) f16_end=0x400000
CUDA_FA_ROUTE_PLAN device=0 Q=[256,256,16,1] Kraw=turbo3 Vraw=f16 Kshape=[256,256,4,1] Vshape=[256,256,4,1] Keff=f16 Veff=f16 turbo_kv=1 prefer_native_vec=0 decode=1 dk=1 dv=0 unsafe_vec_after_turbo_v_decode=0 allow_vec=1 kernel=MMA_F16 need_f16_K=0 need_f16_V=0 Knb=[50,400,100,102400] Vnb=[2,2048,512,524288] Keff_nb=[2,2048,512,524288] Veff_nb=[2,2048,512,524288]
CUDA_FA_ROUTE_ALLOC kernel=MMA_F16 need_f16_K=0 need_f16_V=0 workspace_end_offset=4194304 dst_data=(nil) f16_K=(nil) f16_V=(nil) f16_end=0x400000
CUDA_FA_ROUTE_PLAN device=0 Q=[256,256,16,1] Kraw=turbo3 Vraw=f16 Kshape=[256,256,4,1] Vshape=[256,256,4,1] Keff=f16 Veff=f16 turbo_kv=1 prefer_native_vec=0 decode=1 dk=1 dv=0 unsafe_vec_after_turbo_v_decode=0 allow_vec=1 kernel=MMA_F16 need_f16_K=0 need_f16_V=0 Knb=[50,400,100,102400] Vnb=[2,2048,512,524288] Keff_nb=[2,2048,512,524288] Veff_nb=[2,2048,512,524288]
CUDA_FA_ROUTE_ALLOC kernel=MMA_F16 need_f16_K=0 need_f16_V=0 workspace_end_offset=4194304 dst_data=(nil) f16_K=(nil) f16_V=(nil) f16_end=0x400000
CUDA_FA_ROUTE_PLAN device=0 Q=[256,256,16,1] Kraw=turbo3 Vraw=f16 Kshape=[256,256,4,1] Vshape=[256,256,4,1] Keff=f16 Veff=f16 turbo_kv=1 prefer_native_vec=0 decode=1 dk=1 dv=0 unsafe_vec_after_turbo_v_decode=0 allow_vec=1 kernel=MMA_F16 need_f16_K=0 need_f16_V=0 Knb=[50,400,100,102400] Vnb=[2,2048,512,524288] Keff_nb=[2,2048,512,524288] Veff_nb=[2,2048,512,524288]
CUDA_FA_ROUTE_ALLOC kernel=MMA_F16 need_f16_K=0 need_f16_V=0 workspace_end_offset=4194304 dst_data=(nil) f16_K=(nil) f16_V=(nil) f16_end=0x400000
CUDA_FA_ROUTE_PLAN device=0 Q=[256,256,16,1] Kraw=turbo3 Vraw=f16 Kshape=[256,256,4,1] Vshape=[256,256,4,1] Keff=f16 Veff=f16 turbo_kv=1 prefer_native_vec=0 decode=1 dk=1 dv=0 unsafe_vec_after_turbo_v_decode=0 allow_vec=1 kernel=MMA_F16 need_f16_K=0 need_f16_V=0 Knb=[50,400,100,102400] Vnb=[2,2048,512,524288] Keff_nb=[2,2048,512,524288] Veff_nb=[2,2048,512,524288]
CUDA_FA_ROUTE_ALLOC kernel=MMA_F16 need_f16_K=0 need_f16_V=0 workspace_end_offset=4194304 dst_data=(nil) f16_K=(nil) f16_V=(nil) f16_end=0x400000
CUDA_FA_ROUTE_PLAN device=0 Q=[256,256,16,1] Kraw=turbo3 Vraw=f16 Kshape=[256,256,4,1] Vshape=[256,256,4,1] Keff=f16 Veff=f16 turbo_kv=1 prefer_native_vec=0 decode=1 dk=1 dv=0 unsafe_vec_after_turbo_v_decode=0 allow_vec=1 kernel=MMA_F16 need_f16_K=0 need_f16_V=0 Knb=[50,400,100,102400] Vnb=[2,2048,512,524288] Keff_nb=[2,2048,512,524288] Veff_nb=[2,2048,512,524288]
CUDA_FA_ROUTE_ALLOC kernel=MMA_F16 need_f16_K=0 need_f16_V=0 workspace_end_offset=4194304 dst_data=(nil) f16_K=(nil) f16_V=(nil) f16_end=0x400000
CUDA_FA_ROUTE_PLAN device=0 Q=[256,256,16,1] Kraw=turbo3 Vraw=f16 Kshape=[256,256,4,1] Vshape=[256,256,4,1] Keff=f16 Veff=f16 turbo_kv=1 prefer_native_vec=0 decode=1 dk=1 dv=0 unsafe_vec_after_turbo_v_decode=0 allow_vec=1 kernel=MMA_F16 need_f16_K=0 need_f16_V=0 Knb=[50,400,100,102400] Vnb=[2,2048,512,524288] Keff_nb=[2,2048,512,524288] Veff_nb=[2,2048,512,524288]
CUDA_FA_ROUTE_ALLOC kernel=MMA_F16 need_f16_K=0 need_f16_V=0 workspace_end_offset=4194304 dst_data=(nil) f16_K=(nil) f16_V=(nil) f16_end=0x400000
CUDA_FA_ROUTE_PLAN device=0 Q=[256,256,16,1] Kraw=turbo3 Vraw=f16 Kshape=[256,256,4,1] Vshape=[256,256,4,1] Keff=f16 Veff=f16 turbo_kv=1 prefer_native_vec=0 decode=1 dk=1 dv=0 unsafe_vec_after_turbo_v_decode=0 allow_vec=1 kernel=MMA_F16 need_f16_K=0 need_f16_V=0 Knb=[50,400,100,102400] Vnb=[2,2048,512,524288] Keff_nb=[2,2048,512,524288] Veff_nb=[2,2048,512,524288]
CUDA_FA_ROUTE_ALLOC kernel=MMA_F16 need_f16_K=0 need_f16_V=0 workspace_end_offset=4194304 dst_data=(nil) f16_K=(nil) f16_V=(nil) f16_end=0x400000
CUDA_FA_ROUTE_PLAN device=0 Q=[256,256,16,1] Kraw=turbo3 Vraw=f16 Kshape=[256,256,4,1] Vshape=[256,256,4,1] Keff=f16 Veff=f16 turbo_kv=1 prefer_native_vec=0 decode=1 dk=1 dv=0 unsafe_vec_after_turbo_v_decode=0 allow_vec=1 kernel=MMA_F16 need_f16_K=0 need_f16_V=0 Knb=[50,400,100,102400] Vnb=[2,2048,512,524288] Keff_nb=[2,2048,512,524288] Veff_nb=[2,2048,512,524288]
CUDA_FA_ROUTE_ALLOC kernel=MMA_F16 need_f16_K=0 need_f16_V=0 workspace_end_offset=4194304 dst_data=(nil) f16_K=(nil) f16_V=(nil) f16_end=0x400000
CUDA_FA_ROUTE_PLAN device=0 Q=[256,256,16,1] Kraw=turbo3 Vraw=f16 Kshape=[256,256,4,1] Vshape=[256,256,4,1] Keff=f16 Veff=f16 turbo_kv=1 prefer_native_vec=0 decode=1 dk=1 dv=0 unsafe_vec_after_turbo_v_decode=0 allow_vec=1 kernel=MMA_F16 need_f16_K=0 need_f16_V=0 Knb=[50,400,100,102400] Vnb=[2,2048,512,524288] Keff_nb=[2,2048,512,524288] Veff_nb=[2,2048,512,524288]
CUDA_FA_ROUTE_ALLOC kernel=MMA_F16 need_f16_K=0 need_f16_V=0 workspace_end_offset=4194304 dst_data=(nil) f16_K=(nil) f16_V=(nil) f16_end=0x400000
CUDA_FA_ROUTE_PLAN device=0 Q=[256,256,16,1] Kraw=turbo3 Vraw=f16 Kshape=[256,256,4,1] Vshape=[256,256,4,1] Keff=f16 Veff=f16 turbo_kv=1 prefer_native_vec=0 decode=1 dk=1 dv=0 unsafe_vec_after_turbo_v_decode=0 allow_vec=1 kernel=MMA_F16 need_f16_K=0 need_f16_V=0 Knb=[50,400,100,102400] Vnb=[2,2048,512,524288] Keff_nb=[2,2048,512,524288] Veff_nb=[2,2048,512,524288]
CUDA_FA_ROUTE_ALLOC kernel=MMA_F16 need_f16_K=0 need_f16_V=0 workspace_end_offset=4194304 dst_data=(nil) f16_K=(nil) f16_V=(nil) f16_end=0x400000
CUDA_FA_ROUTE_PLAN device=0 Q=[256,256,16,1] Kraw=turbo3 Vraw=f16 Kshape=[256,256,4,1] Vshape=[256,256,4,1] Keff=f16 Veff=f16 turbo_kv=1 prefer_native_vec=0 decode=1 dk=1 dv=0 unsafe_vec_after_turbo_v_decode=0 allow_vec=1 kernel=MMA_F16 need_f16_K=0 need_f16_V=0 Knb=[50,400,100,102400] Vnb=[2,2048,512,524288] Keff_nb=[2,2048,512,524288] Veff_nb=[2,2048,512,524288]
CUDA_FA_ROUTE_ALLOC kernel=MMA_F16 need_f16_K=0 need_f16_V=0 workspace_end_offset=4194304 dst_data=(nil) f16_K=(nil) f16_V=(nil) f16_end=0x400000
CUDA_FA_ROUTE_PLAN device=0 Q=[256,256,16,1] Kraw=turbo3 Vraw=f16 Kshape=[256,256,4,1] Vshape=[256,256,4,1] Keff=f16 Veff=f16 turbo_kv=1 prefer_native_vec=0 decode=1 dk=1 dv=0 unsafe_vec_after_turbo_v_decode=0 allow_vec=1 kernel=MMA_F16 need_f16_K=0 need_f16_V=0 Knb=[50,400,100,102400] Vnb=[2,2048,512,524288] Keff_nb=[2,2048,512,524288] Veff_nb=[2,2048,512,524288]
CUDA_FA_ROUTE_ALLOC kernel=MMA_F16 need_f16_K=0 need_f16_V=0 workspace_end_offset=4194304 dst_data=(nil) f16_K=(nil) f16_V=(nil) f16_end=0x400000
CUDA_FA_ROUTE_PLAN device=0 Q=[256,256,16,1] Kraw=turbo3 Vraw=f16 Kshape=[256,256,4,1] Vshape=[256,256,4,1] Keff=f16 Veff=f16 turbo_kv=1 prefer_native_vec=0 decode=1 dk=1 dv=0 unsafe_vec_after_turbo_v_decode=0 allow_vec=1 kernel=MMA_F16 need_f16_K=0 need_f16_V=0 Knb=[50,400,100,102400] Vnb=[2,2048,512,524288] Keff_nb=[2,2048,512,524288] Veff_nb=[2,2048,512,524288]
CUDA_FA_ROUTE_ALLOC kernel=MMA_F16 need_f16_K=0 need_f16_V=0 workspace_end_offset=4194304 dst_data=(nil) f16_K=(nil) f16_V=(nil) f16_end=0x400000
CUDA_FA_ROUTE_PLAN device=0 Q=[256,256,16,1] Kraw=turbo3 Vraw=f16 Kshape=[256,256,4,1] Vshape=[256,256,4,1] Keff=f16 Veff=f16 turbo_kv=1 prefer_native_vec=0 decode=1 dk=1 dv=0 unsafe_vec_after_turbo_v_decode=0 allow_vec=1 kernel=MMA_F16 need_f16_K=0 need_f16_V=0 Knb=[50,400,100,102400] Vnb=[2,2048,512,524288] Keff_nb=[2,2048,512,524288] Veff_nb=[2,2048,512,524288]
CUDA_FA_ROUTE_ALLOC kernel=MMA_F16 need_f16_K=0 need_f16_V=0 workspace_end_offset=4194304 dst_data=(nil) f16_K=(nil) f16_V=(nil) f16_end=0x400000
CUDA_FA_ROUTE_PLAN device=0 Q=[256,256,16,1] Kraw=turbo3 Vraw=f16 Kshape=[256,256,4,1] Vshape=[256,256,4,1] Keff=f16 Veff=f16 turbo_kv=1 prefer_native_vec=0 decode=1 dk=1 dv=0 unsafe_vec_after_turbo_v_decode=0 allow_vec=1 kernel=MMA_F16 need_f16_K=0 need_f16_V=0 Knb=[50,400,100,102400] Vnb=[2,2048,512,524288] Keff_nb=[2,2048,512,524288] Veff_nb=[2,2048,512,524288]
CUDA_FA_ROUTE_SUPPORTED kernel=MMA_F16 effK=f16 effV=f16 supported=1
CUDA_FA_ROUTE_PLAN device=0 Q=[256,256,16,1] Kraw=turbo3 Vraw=f16 Kshape=[256,256,4,1] Vshape=[256,256,4,1] Keff=f16 Veff=f16 turbo_kv=1 prefer_native_vec=0 decode=1 dk=1 dv=0 unsafe_vec_after_turbo_v_decode=0 allow_vec=1 kernel=MMA_F16 need_f16_K=0 need_f16_V=0 Knb=[50,400,100,102400] Vnb=[2,2048,512,524288] Keff_nb=[2,2048,512,524288] Veff_nb=[2,2048,512,524288]
CUDA_FA_ROUTE_SUPPORTED kernel=MMA_F16 effK=f16 effV=f16 supported=1
CUDA_FA_ROUTE_PLAN device=0 Q=[256,256,16,1] Kraw=turbo3 Vraw=f16 Kshape=[256,256,4,1] Vshape=[256,256,4,1] Keff=f16 Veff=f16 turbo_kv=1 prefer_native_vec=0 decode=1 dk=1 dv=0 unsafe_vec_after_turbo_v_decode=0 allow_vec=1 kernel=MMA_F16 need_f16_K=0 need_f16_V=0 Knb=[50,400,100,102400] Vnb=[2,2048,512,524288] Keff_nb=[2,2048,512,524288] Veff_nb=[2,2048,512,524288]
CUDA_FA_ROUTE_SUPPORTED kernel=MMA_F16 effK=f16 effV=f16 supported=1
CUDA_FA_ROUTE_PLAN device=0 Q=[256,256,16,1] Kraw=turbo3 Vraw=f16 Kshape=[256,256,4,1] Vshape=[256,256,4,1] Keff=f16 Veff=f16 turbo_kv=1 prefer_native_vec=0 decode=1 dk=1 dv=0 unsafe_vec_after_turbo_v_decode=0 allow_vec=1 kernel=MMA_F16 need_f16_K=0 need_f16_V=0 Knb=[50,400,100,102400] Vnb=[2,2048,512,524288] Keff_nb=[2,2048,512,524288] Veff_nb=[2,2048,512,524288]
CUDA_FA_ROUTE_SUPPORTED kernel=MMA_F16 effK=f16 effV=f16 supported=1
CUDA_FA_ROUTE_PLAN device=0 Q=[256,256,16,1] Kraw=turbo3 Vraw=f16 Kshape=[256,256,4,1] Vshape=[256,256,4,1] Keff=f16 Veff=f16 turbo_kv=1 prefer_native_vec=0 decode=1 dk=1 dv=0 unsafe_vec_after_turbo_v_decode=0 allow_vec=1 kernel=MMA_F16 need_f16_K=0 need_f16_V=0 Knb=[50,400,100,102400] Vnb=[2,2048,512,524288] Keff_nb=[2,2048,512,524288] Veff_nb=[2,2048,512,524288]
CUDA_FA_ROUTE_SUPPORTED kernel=MMA_F16 effK=f16 effV=f16 supported=1
CUDA_FA_ROUTE_PLAN device=0 Q=[256,256,16,1] Kraw=turbo3 Vraw=f16 Kshape=[256,256,4,1] Vshape=[256,256,4,1] Keff=f16 Veff=f16 turbo_kv=1 prefer_native_vec=0 decode=1 dk=1 dv=0 unsafe_vec_after_turbo_v_decode=0 allow_vec=1 kernel=MMA_F16 need_f16_K=0 need_f16_V=0 Knb=[50,400,100,102400] Vnb=[2,2048,512,524288] Keff_nb=[2,2048,512,524288] Veff_nb=[2,2048,512,524288]
CUDA_FA_ROUTE_SUPPORTED kernel=MMA_F16 effK=f16 effV=f16 supported=1
CUDA_FA_ROUTE_PLAN device=0 Q=[256,256,16,1] Kraw=turbo3 Vraw=f16 Kshape=[256,256,4,1] Vshape=[256,256,4,1] Keff=f16 Veff=f16 turbo_kv=1 prefer_native_vec=0 decode=1 dk=1 dv=0 unsafe_vec_after_turbo_v_decode=0 allow_vec=1 kernel=MMA_F16 need_f16_K=0 need_f16_V=0 Knb=[50,400,100,102400] Vnb=[2,2048,512,524288] Keff_nb=[2,2048,512,524288] Veff_nb=[2,2048,512,524288]
CUDA_FA_ROUTE_SUPPORTED kernel=MMA_F16 effK=f16 effV=f16 supported=1
CUDA_FA_ROUTE_PLAN device=0 Q=[256,256,16,1] Kraw=turbo3 Vraw=f16 Kshape=[256,256,4,1] Vshape=[256,256,4,1] Keff=f16 Veff=f16 turbo_kv=1 prefer_native_vec=0 decode=1 dk=1 dv=0 unsafe_vec_after_turbo_v_decode=0 allow_vec=1 kernel=MMA_F16 need_f16_K=0 need_f16_V=0 Knb=[50,400,100,102400] Vnb=[2,2048,512,524288] Keff_nb=[2,2048,512,524288] Veff_nb=[2,2048,512,524288]
CUDA_FA_ROUTE_SUPPORTED kernel=MMA_F16 effK=f16 effV=f16 supported=1
CUDA_FA_ROUTE_PLAN device=0 Q=[256,1,16,1] Kraw=turbo3 Vraw=f16 Kshape=[256,256,4,1] Vshape=[256,256,4,1] Keff=f16 Veff=f16 turbo_kv=1 prefer_native_vec=0 decode=1 dk=1 dv=0 unsafe_vec_after_turbo_v_decode=0 allow_vec=1 kernel=MMA_F16 need_f16_K=0 need_f16_V=0 Knb=[50,400,100,102400] Vnb=[2,2048,512,524288] Keff_nb=[2,2048,512,524288] Veff_nb=[2,2048,512,524288]
CUDA_FA_ROUTE_SUPPORTED kernel=MMA_F16 effK=f16 effV=f16 supported=1
CUDA_FA_ROUTE_PLAN device=0 Q=[256,1,16,1] Kraw=turbo3 Vraw=f16 Kshape=[256,256,4,1] Vshape=[256,256,4,1] Keff=f16 Veff=f16 turbo_kv=1 prefer_native_vec=0 decode=1 dk=1 dv=0 unsafe_vec_after_turbo_v_decode=0 allow_vec=1 kernel=MMA_F16 need_f16_K=0 need_f16_V=0 Knb=[50,400,100,102400] Vnb=[2,2048,512,524288] Keff_nb=[2,2048,512,524288] Veff_nb=[2,2048,512,524288]
CUDA_FA_ROUTE_SUPPORTED kernel=MMA_F16 effK=f16 effV=f16 supported=1
CUDA_FA_ROUTE_PLAN device=0 Q=[256,1,16,1] Kraw=turbo3 Vraw=f16 Kshape=[256,256,4,1] Vshape=[256,256,4,1] Keff=f16 Veff=f16 turbo_kv=1 prefer_native_vec=0 decode=1 dk=1 dv=0 unsafe_vec_after_turbo_v_decode=0 allow_vec=1 kernel=MMA_F16 need_f16_K=0 need_f16_V=0 Knb=[50,400,100,102400] Vnb=[2,2048,512,524288] Keff_nb=[2,2048,512,524288] Veff_nb=[2,2048,512,524288]
CUDA_FA_ROUTE_SUPPORTED kernel=MMA_F16 effK=f16 effV=f16 supported=1
CUDA_FA_ROUTE_PLAN device=0 Q=[256,1,16,1] Kraw=turbo3 Vraw=f16 Kshape=[256,256,4,1] Vshape=[256,256,4,1] Keff=f16 Veff=f16 turbo_kv=1 prefer_native_vec=0 decode=1 dk=1 dv=0 unsafe_vec_after_turbo_v_decode=0 allow_vec=1 kernel=MMA_F16 need_f16_K=0 need_f16_V=0 Knb=[50,400,100,102400] Vnb=[2,2048,512,524288] Keff_nb=[2,2048,512,524288] Veff_nb=[2,2048,512,524288]
CUDA_FA_ROUTE_SUPPORTED kernel=MMA_F16 effK=f16 effV=f16 supported=1
CUDA_FA_ROUTE_PLAN device=0 Q=[256,1,16,1] Kraw=turbo3 Vraw=f16 Kshape=[256,256,4,1] Vshape=[256,256,4,1] Keff=f16 Veff=f16 turbo_kv=1 prefer_native_vec=0 decode=1 dk=1 dv=0 unsafe_vec_after_turbo_v_decode=0 allow_vec=1 kernel=MMA_F16 need_f16_K=0 need_f16_V=0 Knb=[50,400,100,102400] Vnb=[2,2048,512,524288] Keff_nb=[2,2048,512,524288] Veff_nb=[2,2048,512,524288]
CUDA_FA_ROUTE_SUPPORTED kernel=MMA_F16 effK=f16 effV=f16 supported=1
CUDA_FA_ROUTE_PLAN device=0 Q=[256,1,16,1] Kraw=turbo3 Vraw=f16 Kshape=[256,256,4,1] Vshape=[256,256,4,1] Keff=f16 Veff=f16 turbo_kv=1 prefer_native_vec=0 decode=1 dk=1 dv=0 unsafe_vec_after_turbo_v_decode=0 allow_vec=1 kernel=MMA_F16 need_f16_K=0 need_f16_V=0 Knb=[50,400,100,102400] Vnb=[2,2048,512,524288] Keff_nb=[2,2048,512,524288] Veff_nb=[2,2048,512,524288]
CUDA_FA_ROUTE_SUPPORTED kernel=MMA_F16 effK=f16 effV=f16 supported=1
CUDA_FA_ROUTE_PLAN device=0 Q=[256,1,16,1] Kraw=turbo3 Vraw=f16 Kshape=[256,256,4,1] Vshape=[256,256,4,1] Keff=f16 Veff=f16 turbo_kv=1 prefer_native_vec=0 decode=1 dk=1 dv=0 unsafe_vec_after_turbo_v_decode=0 allow_vec=1 kernel=MMA_F16 need_f16_K=0 need_f16_V=0 Knb=[50,400,100,102400] Vnb=[2,2048,512,524288] Keff_nb=[2,2048,512,524288] Veff_nb=[2,2048,512,524288]
CUDA_FA_ROUTE_SUPPORTED kernel=MMA_F16 effK=f16 effV=f16 supported=1
CUDA_FA_ROUTE_PLAN device=0 Q=[256,1,16,1] Kraw=turbo3 Vraw=f16 Kshape=[256,256,4,1] Vshape=[256,256,4,1] Keff=f16 Veff=f16 turbo_kv=1 prefer_native_vec=0 decode=1 dk=1 dv=0 unsafe_vec_after_turbo_v_decode=0 allow_vec=1 kernel=MMA_F16 need_f16_K=0 need_f16_V=0 Knb=[50,400,100,102400] Vnb=[2,2048,512,524288] Keff_nb=[2,2048,512,524288] Veff_nb=[2,2048,512,524288]
CUDA_FA_ROUTE_SUPPORTED kernel=MMA_F16 effK=f16 effV=f16 supported=1
CUDA_FA_ROUTE_PLAN device=0 Q=[256,16,16,1] Kraw=turbo3 Vraw=f16 Kshape=[256,256,4,1] Vshape=[256,256,4,1] Keff=f16 Veff=f16 turbo_kv=1 prefer_native_vec=0 decode=1 dk=1 dv=0 unsafe_vec_after_turbo_v_decode=0 allow_vec=1 kernel=MMA_F16 need_f16_K=0 need_f16_V=0 Knb=[50,400,100,102400] Vnb=[2,2048,512,524288] Keff_nb=[2,2048,512,524288] Veff_nb=[2,2048,512,524288]
CUDA_FA_ROUTE_SUPPORTED kernel=MMA_F16 effK=f16 effV=f16 supported=1
CUDA_FA_ROUTE_PLAN device=0 Q=[256,16,16,1] Kraw=turbo3 Vraw=f16 Kshape=[256,256,4,1] Vshape=[256,256,4,1] Keff=f16 Veff=f16 turbo_kv=1 prefer_native_vec=0 decode=1 dk=1 dv=0 unsafe_vec_after_turbo_v_decode=0 allow_vec=1 kernel=MMA_F16 need_f16_K=0 need_f16_V=0 Knb=[50,400,100,102400] Vnb=[2,2048,512,524288] Keff_nb=[2,2048,512,524288] Veff_nb=[2,2048,512,524288]
CUDA_FA_ROUTE_SUPPORTED kernel=MMA_F16 effK=f16 effV=f16 supported=1
CUDA_FA_ROUTE_PLAN device=0 Q=[256,16,16,1] Kraw=turbo3 Vraw=f16 Kshape=[256,256,4,1] Vshape=[256,256,4,1] Keff=f16 Veff=f16 turbo_kv=1 prefer_native_vec=0 decode=1 dk=1 dv=0 unsafe_vec_after_turbo_v_decode=0 allow_vec=1 kernel=MMA_F16 need_f16_K=0 need_f16_V=0 Knb=[50,400,100,102400] Vnb=[2,2048,512,524288] Keff_nb=[2,2048,512,524288] Veff_nb=[2,2048,512,524288]
CUDA_FA_ROUTE_SUPPORTED kernel=MMA_F16 effK=f16 effV=f16 supported=1
CUDA_FA_ROUTE_PLAN device=0 Q=[256,16,16,1] Kraw=turbo3 Vraw=f16 Kshape=[256,256,4,1] Vshape=[256,256,4,1] Keff=f16 Veff=f16 turbo_kv=1 prefer_native_vec=0 decode=1 dk=1 dv=0 unsafe_vec_after_turbo_v_decode=0 allow_vec=1 kernel=MMA_F16 need_f16_K=0 need_f16_V=0 Knb=[50,400,100,102400] Vnb=[2,2048,512,524288] Keff_nb=[2,2048,512,524288] Veff_nb=[2,2048,512,524288]
CUDA_FA_ROUTE_SUPPORTED kernel=MMA_F16 effK=f16 effV=f16 supported=1
CUDA_FA_ROUTE_PLAN device=0 Q=[256,16,16,1] Kraw=turbo3 Vraw=f16 Kshape=[256,256,4,1] Vshape=[256,256,4,1] Keff=f16 Veff=f16 turbo_kv=1 prefer_native_vec=0 decode=1 dk=1 dv=0 unsafe_vec_after_turbo_v_decode=0 allow_vec=1 kernel=MMA_F16 need_f16_K=0 need_f16_V=0 Knb=[50,400,100,102400] Vnb=[2,2048,512,524288] Keff_nb=[2,2048,512,524288] Veff_nb=[2,2048,512,524288]
CUDA_FA_ROUTE_SUPPORTED kernel=MMA_F16 effK=f16 effV=f16 supported=1
CUDA_FA_ROUTE_PLAN device=0 Q=[256,16,16,1] Kraw=turbo3 Vraw=f16 Kshape=[256,256,4,1] Vshape=[256,256,4,1] Keff=f16 Veff=f16 turbo_kv=1 prefer_native_vec=0 decode=1 dk=1 dv=0 unsafe_vec_after_turbo_v_decode=0 allow_vec=1 kernel=MMA_F16 need_f16_K=0 need_f16_V=0 Knb=[50,400,100,102400] Vnb=[2,2048,512,524288] Keff_nb=[2,2048,512,524288] Veff_nb=[2,2048,512,524288]
CUDA_FA_ROUTE_SUPPORTED kernel=MMA_F16 effK=f16 effV=f16 supported=1
CUDA_FA_ROUTE_PLAN device=0 Q=[256,16,16,1] Kraw=turbo3 Vraw=f16 Kshape=[256,256,4,1] Vshape=[256,256,4,1] Keff=f16 Veff=f16 turbo_kv=1 prefer_native_vec=0 decode=1 dk=1 dv=0 unsafe_vec_after_turbo_v_decode=0 allow_vec=1 kernel=MMA_F16 need_f16_K=0 need_f16_V=0 Knb=[50,400,100,102400] Vnb=[2,2048,512,524288] Keff_nb=[2,2048,512,524288] Veff_nb=[2,2048,512,524288]
CUDA_FA_ROUTE_SUPPORTED kernel=MMA_F16 effK=f16 effV=f16 supported=1
CUDA_FA_ROUTE_PLAN device=0 Q=[256,16,16,1] Kraw=turbo3 Vraw=f16 Kshape=[256,256,4,1] Vshape=[256,256,4,1] Keff=f16 Veff=f16 turbo_kv=1 prefer_native_vec=0 decode=1 dk=1 dv=0 unsafe_vec_after_turbo_v_decode=0 allow_vec=1 kernel=MMA_F16 need_f16_K=0 need_f16_V=0 Knb=[50,400,100,102400] Vnb=[2,2048,512,524288] Keff_nb=[2,2048,512,524288] Veff_nb=[2,2048,512,524288]
CUDA_FA_ROUTE_SUPPORTED kernel=MMA_F16 effK=f16 effV=f16 supported=1
CUDA_FA_ROUTE_PLAN device=0 Q=[256,1,16,1] Kraw=turbo3 Vraw=f16 Kshape=[256,256,4,1] Vshape=[256,256,4,1] Keff=f16 Veff=f16 turbo_kv=1 prefer_native_vec=0 decode=1 dk=1 dv=0 unsafe_vec_after_turbo_v_decode=0 allow_vec=1 kernel=MMA_F16 need_f16_K=0 need_f16_V=0 Knb=[50,400,100,102400] Vnb=[2,2048,512,524288] Keff_nb=[2,2048,512,524288] Veff_nb=[2,2048,512,524288]
CUDA_FA_ROUTE_SUPPORTED kernel=MMA_F16 effK=f16 effV=f16 supported=1
CUDA_FA_ROUTE_PLAN device=0 Q=[256,1,16,1] Kraw=turbo3 Vraw=f16 Kshape=[256,256,4,1] Vshape=[256,256,4,1] Keff=f16 Veff=f16 turbo_kv=1 prefer_native_vec=0 decode=1 dk=1 dv=0 unsafe_vec_after_turbo_v_decode=0 allow_vec=1 kernel=MMA_F16 need_f16_K=0 need_f16_V=0 Knb=[50,400,100,102400] Vnb=[2,2048,512,524288] Keff_nb=[2,2048,512,524288] Veff_nb=[2,2048,512,524288]
CUDA_FA_ROUTE_SUPPORTED kernel=MMA_F16 effK=f16 effV=f16 supported=1
CUDA_FA_ROUTE_PLAN device=0 Q=[256,1,16,1] Kraw=turbo3 Vraw=f16 Kshape=[256,256,4,1] Vshape=[256,256,4,1] Keff=f16 Veff=f16 turbo_kv=1 prefer_native_vec=0 decode=1 dk=1 dv=0 unsafe_vec_after_turbo_v_decode=0 allow_vec=1 kernel=MMA_F16 need_f16_K=0 need_f16_V=0 Knb=[50,400,100,102400] Vnb=[2,2048,512,524288] Keff_nb=[2,2048,512,524288] Veff_nb=[2,2048,512,524288]
CUDA_FA_ROUTE_SUPPORTED kernel=MMA_F16 effK=f16 effV=f16 supported=1
CUDA_FA_ROUTE_PLAN device=0 Q=[256,1,16,1] Kraw=turbo3 Vraw=f16 Kshape=[256,256,4,1] Vshape=[256,256,4,1] Keff=f16 Veff=f16 turbo_kv=1 prefer_native_vec=0 decode=1 dk=1 dv=0 unsafe_vec_after_turbo_v_decode=0 allow_vec=1 kernel=MMA_F16 need_f16_K=0 need_f16_V=0 Knb=[50,400,100,102400] Vnb=[2,2048,512,524288] Keff_nb=[2,2048,512,524288] Veff_nb=[2,2048,512,524288]
CUDA_FA_ROUTE_SUPPORTED kernel=MMA_F16 effK=f16 effV=f16 supported=1
CUDA_FA_ROUTE_PLAN device=0 Q=[256,1,16,1] Kraw=turbo3 Vraw=f16 Kshape=[256,256,4,1] Vshape=[256,256,4,1] Keff=f16 Veff=f16 turbo_kv=1 prefer_native_vec=0 decode=1 dk=1 dv=0 unsafe_vec_after_turbo_v_decode=0 allow_vec=1 kernel=MMA_F16 need_f16_K=0 need_f16_V=0 Knb=[50,400,100,102400] Vnb=[2,2048,512,524288] Keff_nb=[2,2048,512,524288] Veff_nb=[2,2048,512,524288]
CUDA_FA_ROUTE_SUPPORTED kernel=MMA_F16 effK=f16 effV=f16 supported=1
CUDA_FA_ROUTE_PLAN device=0 Q=[256,1,16,1] Kraw=turbo3 Vraw=f16 Kshape=[256,256,4,1] Vshape=[256,256,4,1] Keff=f16 Veff=f16 turbo_kv=1 prefer_native_vec=0 decode=1 dk=1 dv=0 unsafe_vec_after_turbo_v_decode=0 allow_vec=1 kernel=MMA_F16 need_f16_K=0 need_f16_V=0 Knb=[50,400,100,102400] Vnb=[2,2048,512,524288] Keff_nb=[2,2048,512,524288] Veff_nb=[2,2048,512,524288]
CUDA_FA_ROUTE_SUPPORTED kernel=MMA_F16 effK=f16 effV=f16 supported=1
CUDA_FA_ROUTE_PLAN device=0 Q=[256,1,16,1] Kraw=turbo3 Vraw=f16 Kshape=[256,256,4,1] Vshape=[256,256,4,1] Keff=f16 Veff=f16 turbo_kv=1 prefer_native_vec=0 decode=1 dk=1 dv=0 unsafe_vec_after_turbo_v_decode=0 allow_vec=1 kernel=MMA_F16 need_f16_K=0 need_f16_V=0 Knb=[50,400,100,102400] Vnb=[2,2048,512,524288] Keff_nb=[2,2048,512,524288] Veff_nb=[2,2048,512,524288]
CUDA_FA_ROUTE_SUPPORTED kernel=MMA_F16 effK=f16 effV=f16 supported=1
CUDA_FA_ROUTE_PLAN device=0 Q=[256,1,16,1] Kraw=turbo3 Vraw=f16 Kshape=[256,256,4,1] Vshape=[256,256,4,1] Keff=f16 Veff=f16 turbo_kv=1 prefer_native_vec=0 decode=1 dk=1 dv=0 unsafe_vec_after_turbo_v_decode=0 allow_vec=1 kernel=MMA_F16 need_f16_K=0 need_f16_V=0 Knb=[50,400,100,102400] Vnb=[2,2048,512,524288] Keff_nb=[2,2048,512,524288] Veff_nb=[2,2048,512,524288]
CUDA_FA_ROUTE_SUPPORTED kernel=MMA_F16 effK=f16 effV=f16 supported=1
CUDA_FA_ROUTE_PLAN device=0 Q=[256,256,16,1] Kraw=turbo3 Vraw=f16 Kshape=[256,256,4,1] Vshape=[256,256,4,1] Keff=f16 Veff=f16 turbo_kv=1 prefer_native_vec=0 decode=1 dk=1 dv=0 unsafe_vec_after_turbo_v_decode=0 allow_vec=1 kernel=MMA_F16 need_f16_K=0 need_f16_V=0 Knb=[50,400,100,102400] Vnb=[2,2048,512,524288] Keff_nb=[2,2048,512,524288] Veff_nb=[2,2048,512,524288]
CUDA_FA_ROUTE_SUPPORTED kernel=MMA_F16 effK=f16 effV=f16 supported=1
CUDA_FA_ROUTE_PLAN device=0 Q=[256,256,16,1] Kraw=turbo3 Vraw=f16 Kshape=[256,256,4,1] Vshape=[256,256,4,1] Keff=f16 Veff=f16 turbo_kv=1 prefer_native_vec=0 decode=1 dk=1 dv=0 unsafe_vec_after_turbo_v_decode=0 allow_vec=1 kernel=MMA_F16 need_f16_K=0 need_f16_V=0 Knb=[50,400,100,102400] Vnb=[2,2048,512,524288] Keff_nb=[2,2048,512,524288] Veff_nb=[2,2048,512,524288]
CUDA_FA_ROUTE_SUPPORTED kernel=MMA_F16 effK=f16 effV=f16 supported=1
CUDA_FA_ROUTE_PLAN device=0 Q=[256,256,16,1] Kraw=turbo3 Vraw=f16 Kshape=[256,256,4,1] Vshape=[256,256,4,1] Keff=f16 Veff=f16 turbo_kv=1 prefer_native_vec=0 decode=1 dk=1 dv=0 unsafe_vec_after_turbo_v_decode=0 allow_vec=1 kernel=MMA_F16 need_f16_K=0 need_f16_V=0 Knb=[50,400,100,102400] Vnb=[2,2048,512,524288] Keff_nb=[2,2048,512,524288] Veff_nb=[2,2048,512,524288]
CUDA_FA_ROUTE_SUPPORTED kernel=MMA_F16 effK=f16 effV=f16 supported=1
CUDA_FA_ROUTE_PLAN device=0 Q=[256,256,16,1] Kraw=turbo3 Vraw=f16 Kshape=[256,256,4,1] Vshape=[256,256,4,1] Keff=f16 Veff=f16 turbo_kv=1 prefer_native_vec=0 decode=1 dk=1 dv=0 unsafe_vec_after_turbo_v_decode=0 allow_vec=1 kernel=MMA_F16 need_f16_K=0 need_f16_V=0 Knb=[50,400,100,102400] Vnb=[2,2048,512,524288] Keff_nb=[2,2048,512,524288] Veff_nb=[2,2048,512,524288]
CUDA_FA_ROUTE_SUPPORTED kernel=MMA_F16 effK=f16 effV=f16 supported=1
CUDA_FA_ROUTE_PLAN device=0 Q=[256,256,16,1] Kraw=turbo3 Vraw=f16 Kshape=[256,256,4,1] Vshape=[256,256,4,1] Keff=f16 Veff=f16 turbo_kv=1 prefer_native_vec=0 decode=1 dk=1 dv=0 unsafe_vec_after_turbo_v_decode=0 allow_vec=1 kernel=MMA_F16 need_f16_K=0 need_f16_V=0 Knb=[50,400,100,102400] Vnb=[2,2048,512,524288] Keff_nb=[2,2048,512,524288] Veff_nb=[2,2048,512,524288]
CUDA_FA_ROUTE_SUPPORTED kernel=MMA_F16 effK=f16 effV=f16 supported=1
CUDA_FA_ROUTE_PLAN device=0 Q=[256,256,16,1] Kraw=turbo3 Vraw=f16 Kshape=[256,256,4,1] Vshape=[256,256,4,1] Keff=f16 Veff=f16 turbo_kv=1 prefer_native_vec=0 decode=1 dk=1 dv=0 unsafe_vec_after_turbo_v_decode=0 allow_vec=1 kernel=MMA_F16 need_f16_K=0 need_f16_V=0 Knb=[50,400,100,102400] Vnb=[2,2048,512,524288] Keff_nb=[2,2048,512,524288] Veff_nb=[2,2048,512,524288]
CUDA_FA_ROUTE_SUPPORTED kernel=MMA_F16 effK=f16 effV=f16 supported=1
CUDA_FA_ROUTE_PLAN device=0 Q=[256,256,16,1] Kraw=turbo3 Vraw=f16 Kshape=[256,256,4,1] Vshape=[256,256,4,1] Keff=f16 Veff=f16 turbo_kv=1 prefer_native_vec=0 decode=1 dk=1 dv=0 unsafe_vec_after_turbo_v_decode=0 allow_vec=1 kernel=MMA_F16 need_f16_K=0 need_f16_V=0 Knb=[50,400,100,102400] Vnb=[2,2048,512,524288] Keff_nb=[2,2048,512,524288] Veff_nb=[2,2048,512,524288]
CUDA_FA_ROUTE_SUPPORTED kernel=MMA_F16 effK=f16 effV=f16 supported=1
CUDA_FA_ROUTE_PLAN device=0 Q=[256,256,16,1] Kraw=turbo3 Vraw=f16 Kshape=[256,256,4,1] Vshape=[256,256,4,1] Keff=f16 Veff=f16 turbo_kv=1 prefer_native_vec=0 decode=1 dk=1 dv=0 unsafe_vec_after_turbo_v_decode=0 allow_vec=1 kernel=MMA_F16 need_f16_K=0 need_f16_V=0 Knb=[50,400,100,102400] Vnb=[2,2048,512,524288] Keff_nb=[2,2048,512,524288] Veff_nb=[2,2048,512,524288]
CUDA_FA_ROUTE_SUPPORTED kernel=MMA_F16 effK=f16 effV=f16 supported=1
CUDA_FA_ROUTE_PLAN device=0 Q=[256,256,16,1] Kraw=turbo3 Vraw=f16 Kshape=[256,256,4,1] Vshape=[256,256,4,1] Keff=f16 Veff=f16 turbo_kv=1 prefer_native_vec=0 decode=1 dk=1 dv=0 unsafe_vec_after_turbo_v_decode=0 allow_vec=1 kernel=MMA_F16 need_f16_K=0 need_f16_V=0 Knb=[50,400,100,102400] Vnb=[2,2048,512,524288] Keff_nb=[2,2048,512,524288] Veff_nb=[2,2048,512,524288]
CUDA_FA_ROUTE_ALLOC kernel=MMA_F16 need_f16_K=0 need_f16_V=0 workspace_end_offset=4194304 dst_data=(nil) f16_K=(nil) f16_V=(nil) f16_end=0x400000
CUDA_FA_ROUTE_PLAN device=0 Q=[256,256,16,1] Kraw=turbo3 Vraw=f16 Kshape=[256,256,4,1] Vshape=[256,256,4,1] Keff=f16 Veff=f16 turbo_kv=1 prefer_native_vec=0 decode=1 dk=1 dv=0 unsafe_vec_after_turbo_v_decode=0 allow_vec=1 kernel=MMA_F16 need_f16_K=0 need_f16_V=0 Knb=[50,400,100,102400] Vnb=[2,2048,512,524288] Keff_nb=[2,2048,512,524288] Veff_nb=[2,2048,512,524288]
CUDA_FA_ROUTE_ALLOC kernel=MMA_F16 need_f16_K=0 need_f16_V=0 workspace_end_offset=4194304 dst_data=(nil) f16_K=(nil) f16_V=(nil) f16_end=0x400000
CUDA_FA_ROUTE_PLAN device=0 Q=[256,256,16,1] Kraw=turbo3 Vraw=f16 Kshape=[256,256,4,1] Vshape=[256,256,4,1] Keff=f16 Veff=f16 turbo_kv=1 prefer_native_vec=0 decode=1 dk=1 dv=0 unsafe_vec_after_turbo_v_decode=0 allow_vec=1 kernel=MMA_F16 need_f16_K=0 need_f16_V=0 Knb=[50,400,100,102400] Vnb=[2,2048,512,524288] Keff_nb=[2,2048,512,524288] Veff_nb=[2,2048,512,524288]
CUDA_FA_ROUTE_ALLOC kernel=MMA_F16 need_f16_K=0 need_f16_V=0 workspace_end_offset=4194304 dst_data=(nil) f16_K=(nil) f16_V=(nil) f16_end=0x400000
CUDA_FA_ROUTE_PLAN device=0 Q=[256,256,16,1] Kraw=turbo3 Vraw=f16 Kshape=[256,256,4,1] Vshape=[256,256,4,1] Keff=f16 Veff=f16 turbo_kv=1 prefer_native_vec=0 decode=1 dk=1 dv=0 unsafe_vec_after_turbo_v_decode=0 allow_vec=1 kernel=MMA_F16 need_f16_K=0 need_f16_V=0 Knb=[50,400,100,102400] Vnb=[2,2048,512,524288] Keff_nb=[2,2048,512,524288] Veff_nb=[2,2048,512,524288]
CUDA_FA_ROUTE_ALLOC kernel=MMA_F16 need_f16_K=0 need_f16_V=0 workspace_end_offset=4194304 dst_data=(nil) f16_K=(nil) f16_V=(nil) f16_end=0x400000
CUDA_FA_ROUTE_PLAN device=0 Q=[256,256,16,1] Kraw=turbo3 Vraw=f16 Kshape=[256,256,4,1] Vshape=[256,256,4,1] Keff=f16 Veff=f16 turbo_kv=1 prefer_native_vec=0 decode=1 dk=1 dv=0 unsafe_vec_after_turbo_v_decode=0 allow_vec=1 kernel=MMA_F16 need_f16_K=0 need_f16_V=0 Knb=[50,400,100,102400] Vnb=[2,2048,512,524288] Keff_nb=[2,2048,512,524288] Veff_nb=[2,2048,512,524288]
CUDA_FA_ROUTE_ALLOC kernel=MMA_F16 need_f16_K=0 need_f16_V=0 workspace_end_offset=4194304 dst_data=(nil) f16_K=(nil) f16_V=(nil) f16_end=0x400000
CUDA_FA_ROUTE_PLAN device=0 Q=[256,256,16,1] Kraw=turbo3 Vraw=f16 Kshape=[256,256,4,1] Vshape=[256,256,4,1] Keff=f16 Veff=f16 turbo_kv=1 prefer_native_vec=0 decode=1 dk=1 dv=0 unsafe_vec_after_turbo_v_decode=0 allow_vec=1 kernel=MMA_F16 need_f16_K=0 need_f16_V=0 Knb=[50,400,100,102400] Vnb=[2,2048,512,524288] Keff_nb=[2,2048,512,524288] Veff_nb=[2,2048,512,524288]
CUDA_FA_ROUTE_ALLOC kernel=MMA_F16 need_f16_K=0 need_f16_V=0 workspace_end_offset=4194304 dst_data=(nil) f16_K=(nil) f16_V=(nil) f16_end=0x400000
CUDA_FA_ROUTE_PLAN device=0 Q=[256,256,16,1] Kraw=turbo3 Vraw=f16 Kshape=[256,256,4,1] Vshape=[256,256,4,1] Keff=f16 Veff=f16 turbo_kv=1 prefer_native_vec=0 decode=1 dk=1 dv=0 unsafe_vec_after_turbo_v_decode=0 allow_vec=1 kernel=MMA_F16 need_f16_K=0 need_f16_V=0 Knb=[50,400,100,102400] Vnb=[2,2048,512,524288] Keff_nb=[2,2048,512,524288] Veff_nb=[2,2048,512,524288]
CUDA_FA_ROUTE_ALLOC kernel=MMA_F16 need_f16_K=0 need_f16_V=0 workspace_end_offset=4194304 dst_data=(nil) f16_K=(nil) f16_V=(nil) f16_end=0x400000
CUDA_FA_ROUTE_PLAN device=0 Q=[256,256,16,1] Kraw=turbo3 Vraw=f16 Kshape=[256,256,4,1] Vshape=[256,256,4,1] Keff=f16 Veff=f16 turbo_kv=1 prefer_native_vec=0 decode=1 dk=1 dv=0 unsafe_vec_after_turbo_v_decode=0 allow_vec=1 kernel=MMA_F16 need_f16_K=0 need_f16_V=0 Knb=[50,400,100,102400] Vnb=[2,2048,512,524288] Keff_nb=[2,2048,512,524288] Veff_nb=[2,2048,512,524288]
CUDA_FA_ROUTE_ALLOC kernel=MMA_F16 need_f16_K=0 need_f16_V=0 workspace_end_offset=4194304 dst_data=(nil) f16_K=(nil) f16_V=(nil) f16_end=0x400000
CUDA_FA_ROUTE_PLAN device=0 Q=[256,256,16,1] Kraw=turbo3 Vraw=f16 Kshape=[256,256,4,1] Vshape=[256,256,4,1] Keff=f16 Veff=f16 turbo_kv=1 prefer_native_vec=0 decode=1 dk=1 dv=0 unsafe_vec_after_turbo_v_decode=0 allow_vec=1 kernel=MMA_F16 need_f16_K=0 need_f16_V=0 Knb=[50,400,100,102400] Vnb=[2,2048,512,524288] Keff_nb=[2,2048,512,524288] Veff_nb=[2,2048,512,524288]
CUDA_FA_ROUTE_ALLOC kernel=MMA_F16 need_f16_K=0 need_f16_V=0 workspace_end_offset=4194304 dst_data=(nil) f16_K=(nil) f16_V=(nil) f16_end=0x400000
CUDA_FA_ROUTE_PLAN device=0 Q=[256,256,16,1] Kraw=turbo3 Vraw=f16 Kshape=[256,256,4,1] Vshape=[256,256,4,1] Keff=f16 Veff=f16 turbo_kv=1 prefer_native_vec=0 decode=1 dk=1 dv=0 unsafe_vec_after_turbo_v_decode=0 allow_vec=1 kernel=MMA_F16 need_f16_K=0 need_f16_V=0 Knb=[50,400,100,102400] Vnb=[2,2048,512,524288] Keff_nb=[2,2048,512,524288] Veff_nb=[2,2048,512,524288]
CUDA_FA_ROUTE_ALLOC kernel=MMA_F16 need_f16_K=0 need_f16_V=0 workspace_end_offset=4194304 dst_data=(nil) f16_K=(nil) f16_V=(nil) f16_end=0x400000
CUDA_FA_ROUTE_PLAN device=0 Q=[256,256,16,1] Kraw=turbo3 Vraw=f16 Kshape=[256,256,4,1] Vshape=[256,256,4,1] Keff=f16 Veff=f16 turbo_kv=1 prefer_native_vec=0 decode=1 dk=1 dv=0 unsafe_vec_after_turbo_v_decode=0 allow_vec=1 kernel=MMA_F16 need_f16_K=0 need_f16_V=0 Knb=[50,400,100,102400] Vnb=[2,2048,512,524288] Keff_nb=[2,2048,512,524288] Veff_nb=[2,2048,512,524288]
CUDA_FA_ROUTE_ALLOC kernel=MMA_F16 need_f16_K=0 need_f16_V=0 workspace_end_offset=4194304 dst_data=(nil) f16_K=(nil) f16_V=(nil) f16_end=0x400000
CUDA_FA_ROUTE_PLAN device=0 Q=[256,256,16,1] Kraw=turbo3 Vraw=f16 Kshape=[256,256,4,1] Vshape=[256,256,4,1] Keff=f16 Veff=f16 turbo_kv=1 prefer_native_vec=0 decode=1 dk=1 dv=0 unsafe_vec_after_turbo_v_decode=0 allow_vec=1 kernel=MMA_F16 need_f16_K=0 need_f16_V=0 Knb=[50,400,100,102400] Vnb=[2,2048,512,524288] Keff_nb=[2,2048,512,524288] Veff_nb=[2,2048,512,524288]
CUDA_FA_ROUTE_ALLOC kernel=MMA_F16 need_f16_K=0 need_f16_V=0 workspace_end_offset=4194304 dst_data=(nil) f16_K=(nil) f16_V=(nil) f16_end=0x400000
CUDA_FA_ROUTE_PLAN device=0 Q=[256,256,16,1] Kraw=turbo3 Vraw=f16 Kshape=[256,256,4,1] Vshape=[256,256,4,1] Keff=f16 Veff=f16 turbo_kv=1 prefer_native_vec=0 decode=1 dk=1 dv=0 unsafe_vec_after_turbo_v_decode=0 allow_vec=1 kernel=MMA_F16 need_f16_K=0 need_f16_V=0 Knb=[50,400,100,102400] Vnb=[2,2048,512,524288] Keff_nb=[2,2048,512,524288] Veff_nb=[2,2048,512,524288]
CUDA_FA_ROUTE_ALLOC kernel=MMA_F16 need_f16_K=0 need_f16_V=0 workspace_end_offset=4194304 dst_data=(nil) f16_K=(nil) f16_V=(nil) f16_end=0x400000
CUDA_FA_ROUTE_PLAN device=0 Q=[256,256,16,1] Kraw=turbo3 Vraw=f16 Kshape=[256,256,4,1] Vshape=[256,256,4,1] Keff=f16 Veff=f16 turbo_kv=1 prefer_native_vec=0 decode=1 dk=1 dv=0 unsafe_vec_after_turbo_v_decode=0 allow_vec=1 kernel=MMA_F16 need_f16_K=0 need_f16_V=0 Knb=[50,400,100,102400] Vnb=[2,2048,512,524288] Keff_nb=[2,2048,512,524288] Veff_nb=[2,2048,512,524288]
CUDA_FA_ROUTE_ALLOC kernel=MMA_F16 need_f16_K=0 need_f16_V=0 workspace_end_offset=4194304 dst_data=(nil) f16_K=(nil) f16_V=(nil) f16_end=0x400000
CUDA_FA_ROUTE_PLAN device=0 Q=[256,256,16,1] Kraw=turbo3 Vraw=f16 Kshape=[256,256,4,1] Vshape=[256,256,4,1] Keff=f16 Veff=f16 turbo_kv=1 prefer_native_vec=0 decode=1 dk=1 dv=0 unsafe_vec_after_turbo_v_decode=0 allow_vec=1 kernel=MMA_F16 need_f16_K=0 need_f16_V=0 Knb=[50,400,100,102400] Vnb=[2,2048,512,524288] Keff_nb=[2,2048,512,524288] Veff_nb=[2,2048,512,524288]
CUDA_FA_ROUTE_ALLOC kernel=MMA_F16 need_f16_K=0 need_f16_V=0 workspace_end_offset=4194304 dst_data=(nil) f16_K=(nil) f16_V=(nil) f16_end=0x400000
CUDA_FA_ROUTE_PLAN device=0 Q=[256,256,16,1] Kraw=turbo3 Vraw=f16 Kshape=[256,256,4,1] Vshape=[256,256,4,1] Keff=f16 Veff=f16 turbo_kv=1 prefer_native_vec=0 decode=1 dk=1 dv=0 unsafe_vec_after_turbo_v_decode=0 allow_vec=1 kernel=MMA_F16 need_f16_K=0 need_f16_V=0 Knb=[50,400,100,102400] Vnb=[2,2048,512,524288] Keff_nb=[2,2048,512,524288] Veff_nb=[2,2048,512,524288]
CUDA_FA_ROUTE_ALLOC kernel=MMA_F16 need_f16_K=0 need_f16_V=0 workspace_end_offset=4194304 dst_data=(nil) f16_K=(nil) f16_V=(nil) f16_end=0x400000
CUDA_FA_ROUTE_PLAN device=0 Q=[256,256,16,1] Kraw=turbo3 Vraw=f16 Kshape=[256,256,4,1] Vshape=[256,256,4,1] Keff=f16 Veff=f16 turbo_kv=1 prefer_native_vec=0 decode=1 dk=1 dv=0 unsafe_vec_after_turbo_v_decode=0 allow_vec=1 kernel=MMA_F16 need_f16_K=0 need_f16_V=0 Knb=[50,400,100,102400] Vnb=[2,2048,512,524288] Keff_nb=[2,2048,512,524288] Veff_nb=[2,2048,512,524288]
CUDA_FA_ROUTE_ALLOC kernel=MMA_F16 need_f16_K=0 need_f16_V=0 workspace_end_offset=4194304 dst_data=(nil) f16_K=(nil) f16_V=(nil) f16_end=0x400000
CUDA_FA_ROUTE_PLAN device=0 Q=[256,256,16,1] Kraw=turbo3 Vraw=f16 Kshape=[256,256,4,1] Vshape=[256,256,4,1] Keff=f16 Veff=f16 turbo_kv=1 prefer_native_vec=0 decode=1 dk=1 dv=0 unsafe_vec_after_turbo_v_decode=0 allow_vec=1 kernel=MMA_F16 need_f16_K=0 need_f16_V=0 Knb=[50,400,100,102400] Vnb=[2,2048,512,524288] Keff_nb=[2,2048,512,524288] Veff_nb=[2,2048,512,524288]
CUDA_FA_ROUTE_ALLOC kernel=MMA_F16 need_f16_K=0 need_f16_V=0 workspace_end_offset=4194304 dst_data=(nil) f16_K=(nil) f16_V=(nil) f16_end=0x400000
CUDA_FA_ROUTE_PLAN device=0 Q=[256,256,16,1] Kraw=turbo3 Vraw=f16 Kshape=[256,256,4,1] Vshape=[256,256,4,1] Keff=f16 Veff=f16 turbo_kv=1 prefer_native_vec=0 decode=1 dk=1 dv=0 unsafe_vec_after_turbo_v_decode=0 allow_vec=1 kernel=MMA_F16 need_f16_K=0 need_f16_V=0 Knb=[50,400,100,102400] Vnb=[2,2048,512,524288] Keff_nb=[2,2048,512,524288] Veff_nb=[2,2048,512,524288]
CUDA_FA_ROUTE_ALLOC kernel=MMA_F16 need_f16_K=0 need_f16_V=0 workspace_end_offset=4194304 dst_data=(nil) f16_K=(nil) f16_V=(nil) f16_end=0x400000
CUDA_FA_ROUTE_PLAN device=0 Q=[256,256,16,1] Kraw=turbo3 Vraw=f16 Kshape=[256,256,4,1] Vshape=[256,256,4,1] Keff=f16 Veff=f16 turbo_kv=1 prefer_native_vec=0 decode=1 dk=1 dv=0 unsafe_vec_after_turbo_v_decode=0 allow_vec=1 kernel=MMA_F16 need_f16_K=0 need_f16_V=0 Knb=[50,400,100,102400] Vnb=[2,2048,512,524288] Keff_nb=[2,2048,512,524288] Veff_nb=[2,2048,512,524288]
CUDA_FA_ROUTE_ALLOC kernel=MMA_F16 need_f16_K=0 need_f16_V=0 workspace_end_offset=4194304 dst_data=(nil) f16_K=(nil) f16_V=(nil) f16_end=0x400000
CUDA_FA_ROUTE_PLAN device=0 Q=[256,256,16,1] Kraw=turbo3 Vraw=f16 Kshape=[256,256,4,1] Vshape=[256,256,4,1] Keff=f16 Veff=f16 turbo_kv=1 prefer_native_vec=0 decode=1 dk=1 dv=0 unsafe_vec_after_turbo_v_decode=0 allow_vec=1 kernel=MMA_F16 need_f16_K=0 need_f16_V=0 Knb=[50,400,100,102400] Vnb=[2,2048,512,524288] Keff_nb=[2,2048,512,524288] Veff_nb=[2,2048,512,524288]
CUDA_FA_ROUTE_ALLOC kernel=MMA_F16 need_f16_K=0 need_f16_V=0 workspace_end_offset=4194304 dst_data=(nil) f16_K=(nil) f16_V=(nil) f16_end=0x400000
CUDA_FA_ROUTE_PLAN device=0 Q=[256,256,16,1] Kraw=turbo3 Vraw=f16 Kshape=[256,256,4,1] Vshape=[256,256,4,1] Keff=f16 Veff=f16 turbo_kv=1 prefer_native_vec=0 decode=1 dk=1 dv=0 unsafe_vec_after_turbo_v_decode=0 allow_vec=1 kernel=MMA_F16 need_f16_K=0 need_f16_V=0 Knb=[50,400,100,102400] Vnb=[2,2048,512,524288] Keff_nb=[2,2048,512,524288] Veff_nb=[2,2048,512,524288]
CUDA_FA_ROUTE_ALLOC kernel=MMA_F16 need_f16_K=0 need_f16_V=0 workspace_end_offset=4194304 dst_data=(nil) f16_K=(nil) f16_V=(nil) f16_end=0x400000
CUDA_FA_ROUTE_PLAN device=0 Q=[256,256,16,1] Kraw=turbo3 Vraw=f16 Kshape=[256,256,4,1] Vshape=[256,256,4,1] Keff=f16 Veff=f16 turbo_kv=1 prefer_native_vec=0 decode=1 dk=1 dv=0 unsafe_vec_after_turbo_v_decode=0 allow_vec=1 kernel=MMA_F16 need_f16_K=0 need_f16_V=0 Knb=[50,400,100,102400] Vnb=[2,2048,512,524288] Keff_nb=[2,2048,512,524288] Veff_nb=[2,2048,512,524288]
CUDA_FA_ROUTE_ALLOC kernel=MMA_F16 need_f16_K=0 need_f16_V=0 workspace_end_offset=4194304 dst_data=(nil) f16_K=(nil) f16_V=(nil) f16_end=0x400000
CUDA_FA_ROUTE_PLAN device=0 Q=[256,256,16,1] Kraw=turbo3 Vraw=f16 Kshape=[256,256,4,1] Vshape=[256,256,4,1] Keff=f16 Veff=f16 turbo_kv=1 prefer_native_vec=0 decode=1 dk=1 dv=0 unsafe_vec_after_turbo_v_decode=0 allow_vec=1 kernel=MMA_F16 need_f16_K=0 need_f16_V=0 Knb=[50,400,100,102400] Vnb=[2,2048,512,524288] Keff_nb=[2,2048,512,524288] Veff_nb=[2,2048,512,524288]
CUDA_FA_ROUTE_ALLOC kernel=MMA_F16 need_f16_K=0 need_f16_V=0 workspace_end_offset=4194304 dst_data=(nil) f16_K=(nil) f16_V=(nil) f16_end=0x400000
CUDA_FA_ROUTE_PLAN device=0 Q=[256,256,16,1] Kraw=turbo3 Vraw=f16 Kshape=[256,256,4,1] Vshape=[256,256,4,1] Keff=f16 Veff=f16 turbo_kv=1 prefer_native_vec=0 decode=1 dk=1 dv=0 unsafe_vec_after_turbo_v_decode=0 allow_vec=1 kernel=MMA_F16 need_f16_K=0 need_f16_V=0 Knb=[50,400,100,102400] Vnb=[2,2048,512,524288] Keff_nb=[2,2048,512,524288] Veff_nb=[2,2048,512,524288]
CUDA_FA_ROUTE_ALLOC kernel=MMA_F16 need_f16_K=0 need_f16_V=0 workspace_end_offset=4194304 dst_data=(nil) f16_K=(nil) f16_V=(nil) f16_end=0x400000
CUDA_FA_ROUTE_PLAN device=0 Q=[256,256,16,1] Kraw=turbo3 Vraw=f16 Kshape=[256,256,4,1] Vshape=[256,256,4,1] Keff=f16 Veff=f16 turbo_kv=1 prefer_native_vec=0 decode=1 dk=1 dv=0 unsafe_vec_after_turbo_v_decode=0 allow_vec=1 kernel=MMA_F16 need_f16_K=0 need_f16_V=0 Knb=[50,400,100,102400] Vnb=[2,2048,512,524288] Keff_nb=[2,2048,512,524288] Veff_nb=[2,2048,512,524288]
CUDA_FA_ROUTE_ALLOC kernel=MMA_F16 need_f16_K=0 need_f16_V=0 workspace_end_offset=4194304 dst_data=(nil) f16_K=(nil) f16_V=(nil) f16_end=0x400000
CUDA_FA_ROUTE_PLAN device=0 Q=[256,256,16,1] Kraw=turbo3 Vraw=f16 Kshape=[256,256,4,1] Vshape=[256,256,4,1] Keff=f16 Veff=f16 turbo_kv=1 prefer_native_vec=0 decode=1 dk=1 dv=0 unsafe_vec_after_turbo_v_decode=0 allow_vec=1 kernel=MMA_F16 need_f16_K=0 need_f16_V=0 Knb=[50,400,100,102400] Vnb=[2,2048,512,524288] Keff_nb=[2,2048,512,524288] Veff_nb=[2,2048,512,524288]
CUDA_FA_ROUTE_ALLOC kernel=MMA_F16 need_f16_K=0 need_f16_V=0 workspace_end_offset=4194304 dst_data=(nil) f16_K=(nil) f16_V=(nil) f16_end=0x400000
CUDA_FA_ROUTE_PLAN device=0 Q=[256,256,16,1] Kraw=turbo3 Vraw=f16 Kshape=[256,256,4,1] Vshape=[256,256,4,1] Keff=f16 Veff=f16 turbo_kv=1 prefer_native_vec=0 decode=1 dk=1 dv=0 unsafe_vec_after_turbo_v_decode=0 allow_vec=1 kernel=MMA_F16 need_f16_K=0 need_f16_V=0 Knb=[50,400,100,102400] Vnb=[2,2048,512,524288] Keff_nb=[2,2048,512,524288] Veff_nb=[2,2048,512,524288]
CUDA_FA_ROUTE_ALLOC kernel=MMA_F16 need_f16_K=0 need_f16_V=0 workspace_end_offset=4194304 dst_data=(nil) f16_K=(nil) f16_V=(nil) f16_end=0x400000
CUDA_FA_ROUTE_PLAN device=0 Q=[256,256,16,1] Kraw=turbo3 Vraw=f16 Kshape=[256,256,4,1] Vshape=[256,256,4,1] Keff=f16 Veff=f16 turbo_kv=1 prefer_native_vec=0 decode=1 dk=1 dv=0 unsafe_vec_after_turbo_v_decode=0 allow_vec=1 kernel=MMA_F16 need_f16_K=0 need_f16_V=0 Knb=[50,400,100,102400] Vnb=[2,2048,512,524288] Keff_nb=[2,2048,512,524288] Veff_nb=[2,2048,512,524288]
CUDA_FA_ROUTE_ALLOC kernel=MMA_F16 need_f16_K=0 need_f16_V=0 workspace_end_offset=4194304 dst_data=(nil) f16_K=(nil) f16_V=(nil) f16_end=0x400000
CUDA_FA_ROUTE_PLAN device=0 Q=[256,256,16,1] Kraw=turbo3 Vraw=f16 Kshape=[256,256,4,1] Vshape=[256,256,4,1] Keff=f16 Veff=f16 turbo_kv=1 prefer_native_vec=0 decode=1 dk=1 dv=0 unsafe_vec_after_turbo_v_decode=0 allow_vec=1 kernel=MMA_F16 need_f16_K=0 need_f16_V=0 Knb=[50,400,100,102400] Vnb=[2,2048,512,524288] Keff_nb=[2,2048,512,524288] Veff_nb=[2,2048,512,524288]
CUDA_FA_ROUTE_ALLOC kernel=MMA_F16 need_f16_K=0 need_f16_V=0 workspace_end_offset=4194304 dst_data=(nil) f16_K=(nil) f16_V=(nil) f16_end=0x400000
CUDA_FA_ROUTE_PLAN device=0 Q=[256,256,16,1] Kraw=turbo3 Vraw=f16 Kshape=[256,256,4,1] Vshape=[256,256,4,1] Keff=f16 Veff=f16 turbo_kv=1 prefer_native_vec=0 decode=1 dk=1 dv=0 unsafe_vec_after_turbo_v_decode=0 allow_vec=1 kernel=MMA_F16 need_f16_K=0 need_f16_V=0 Knb=[50,400,100,102400] Vnb=[2,2048,512,524288] Keff_nb=[2,2048,512,524288] Veff_nb=[2,2048,512,524288]
CUDA_FA_ROUTE_ALLOC kernel=MMA_F16 need_f16_K=0 need_f16_V=0 workspace_end_offset=4194304 dst_data=(nil) f16_K=(nil) f16_V=(nil) f16_end=0x400000
CUDA_FA_ROUTE_PLAN device=0 Q=[256,256,16,1] Kraw=turbo3 Vraw=f16 Kshape=[256,256,4,1] Vshape=[256,256,4,1] Keff=f16 Veff=f16 turbo_kv=1 prefer_native_vec=0 decode=1 dk=1 dv=0 unsafe_vec_after_turbo_v_decode=0 allow_vec=1 kernel=MMA_F16 need_f16_K=0 need_f16_V=0 Knb=[50,400,100,102400] Vnb=[2,2048,512,524288] Keff_nb=[2,2048,512,524288] Veff_nb=[2,2048,512,524288]
CUDA_FA_ROUTE_ALLOC kernel=MMA_F16 need_f16_K=0 need_f16_V=0 workspace_end_offset=4194304 dst_data=(nil) f16_K=(nil) f16_V=(nil) f16_end=0x400000
CUDA_FA_ROUTE_PLAN device=0 Q=[256,1,16,1] Kraw=turbo3 Vraw=f16 Kshape=[256,256,4,1] Vshape=[256,256,4,1] Keff=f16 Veff=f16 turbo_kv=1 prefer_native_vec=0 decode=1 dk=1 dv=0 unsafe_vec_after_turbo_v_decode=0 allow_vec=1 kernel=MMA_F16 need_f16_K=0 need_f16_V=0 Knb=[50,400,100,102400] Vnb=[2,2048,512,524288] Keff_nb=[2,2048,512,524288] Veff_nb=[2,2048,512,524288]
CUDA_FA_ROUTE_SUPPORTED kernel=MMA_F16 effK=f16 effV=f16 supported=1
CUDA_FA_ROUTE_PLAN device=0 Q=[256,1,16,1] Kraw=turbo3 Vraw=f16 Kshape=[256,256,4,1] Vshape=[256,256,4,1] Keff=f16 Veff=f16 turbo_kv=1 prefer_native_vec=0 decode=1 dk=1 dv=0 unsafe_vec_after_turbo_v_decode=0 allow_vec=1 kernel=MMA_F16 need_f16_K=0 need_f16_V=0 Knb=[50,400,100,102400] Vnb=[2,2048,512,524288] Keff_nb=[2,2048,512,524288] Veff_nb=[2,2048,512,524288]
CUDA_FA_ROUTE_SUPPORTED kernel=MMA_F16 effK=f16 effV=f16 supported=1
CUDA_FA_ROUTE_PLAN device=0 Q=[256,1,16,1] Kraw=turbo3 Vraw=f16 Kshape=[256,256,4,1] Vshape=[256,256,4,1] Keff=f16 Veff=f16 turbo_kv=1 prefer_native_vec=0 decode=1 dk=1 dv=0 unsafe_vec_after_turbo_v_decode=0 allow_vec=1 kernel=MMA_F16 need_f16_K=0 need_f16_V=0 Knb=[50,400,100,102400] Vnb=[2,2048,512,524288] Keff_nb=[2,2048,512,524288] Veff_nb=[2,2048,512,524288]
CUDA_FA_ROUTE_SUPPORTED kernel=MMA_F16 effK=f16 effV=f16 supported=1
CUDA_FA_ROUTE_PLAN device=0 Q=[256,1,16,1] Kraw=turbo3 Vraw=f16 Kshape=[256,256,4,1] Vshape=[256,256,4,1] Keff=f16 Veff=f16 turbo_kv=1 prefer_native_vec=0 decode=1 dk=1 dv=0 unsafe_vec_after_turbo_v_decode=0 allow_vec=1 kernel=MMA_F16 need_f16_K=0 need_f16_V=0 Knb=[50,400,100,102400] Vnb=[2,2048,512,524288] Keff_nb=[2,2048,512,524288] Veff_nb=[2,2048,512,524288]
CUDA_FA_ROUTE_SUPPORTED kernel=MMA_F16 effK=f16 effV=f16 supported=1
CUDA_FA_ROUTE_PLAN device=0 Q=[256,1,16,1] Kraw=turbo3 Vraw=f16 Kshape=[256,256,4,1] Vshape=[256,256,4,1] Keff=f16 Veff=f16 turbo_kv=1 prefer_native_vec=0 decode=1 dk=1 dv=0 unsafe_vec_after_turbo_v_decode=0 allow_vec=1 kernel=MMA_F16 need_f16_K=0 need_f16_V=0 Knb=[50,400,100,102400] Vnb=[2,2048,512,524288] Keff_nb=[2,2048,512,524288] Veff_nb=[2,2048,512,524288]
CUDA_FA_ROUTE_SUPPORTED kernel=MMA_F16 effK=f16 effV=f16 supported=1
CUDA_FA_ROUTE_PLAN device=0 Q=[256,1,16,1] Kraw=turbo3 Vraw=f16 Kshape=[256,256,4,1] Vshape=[256,256,4,1] Keff=f16 Veff=f16 turbo_kv=1 prefer_native_vec=0 decode=1 dk=1 dv=0 unsafe_vec_after_turbo_v_decode=0 allow_vec=1 kernel=MMA_F16 need_f16_K=0 need_f16_V=0 Knb=[50,400,100,102400] Vnb=[2,2048,512,524288] Keff_nb=[2,2048,512,524288] Veff_nb=[2,2048,512,524288]
CUDA_FA_ROUTE_SUPPORTED kernel=MMA_F16 effK=f16 effV=f16 supported=1
CUDA_FA_ROUTE_PLAN device=0 Q=[256,1,16,1] Kraw=turbo3 Vraw=f16 Kshape=[256,256,4,1] Vshape=[256,256,4,1] Keff=f16 Veff=f16 turbo_kv=1 prefer_native_vec=0 decode=1 dk=1 dv=0 unsafe_vec_after_turbo_v_decode=0 allow_vec=1 kernel=MMA_F16 need_f16_K=0 need_f16_V=0 Knb=[50,400,100,102400] Vnb=[2,2048,512,524288] Keff_nb=[2,2048,512,524288] Veff_nb=[2,2048,512,524288]
CUDA_FA_ROUTE_SUPPORTED kernel=MMA_F16 effK=f16 effV=f16 supported=1
CUDA_FA_ROUTE_PLAN device=0 Q=[256,1,16,1] Kraw=turbo3 Vraw=f16 Kshape=[256,256,4,1] Vshape=[256,256,4,1] Keff=f16 Veff=f16 turbo_kv=1 prefer_native_vec=0 decode=1 dk=1 dv=0 unsafe_vec_after_turbo_v_decode=0 allow_vec=1 kernel=MMA_F16 need_f16_K=0 need_f16_V=0 Knb=[50,400,100,102400] Vnb=[2,2048,512,524288] Keff_nb=[2,2048,512,524288] Veff_nb=[2,2048,512,524288]
CUDA_FA_ROUTE_SUPPORTED kernel=MMA_F16 effK=f16 effV=f16 supported=1
CUDA_FA_ROUTE_PLAN device=0 Q=[256,256,16,1] Kraw=turbo3 Vraw=f16 Kshape=[256,256,4,1] Vshape=[256,256,4,1] Keff=f16 Veff=f16 turbo_kv=1 prefer_native_vec=0 decode=1 dk=1 dv=0 unsafe_vec_after_turbo_v_decode=0 allow_vec=1 kernel=MMA_F16 need_f16_K=0 need_f16_V=0 Knb=[50,400,100,102400] Vnb=[2,2048,512,524288] Keff_nb=[2,2048,512,524288] Veff_nb=[2,2048,512,524288]
CUDA_FA_ROUTE_SUPPORTED kernel=MMA_F16 effK=f16 effV=f16 supported=1
CUDA_FA_ROUTE_PLAN device=0 Q=[256,256,16,1] Kraw=turbo3 Vraw=f16 Kshape=[256,256,4,1] Vshape=[256,256,4,1] Keff=f16 Veff=f16 turbo_kv=1 prefer_native_vec=0 decode=1 dk=1 dv=0 unsafe_vec_after_turbo_v_decode=0 allow_vec=1 kernel=MMA_F16 need_f16_K=0 need_f16_V=0 Knb=[50,400,100,102400] Vnb=[2,2048,512,524288] Keff_nb=[2,2048,512,524288] Veff_nb=[2,2048,512,524288]
CUDA_FA_ROUTE_SUPPORTED kernel=MMA_F16 effK=f16 effV=f16 supported=1
CUDA_FA_ROUTE_PLAN device=0 Q=[256,256,16,1] Kraw=turbo3 Vraw=f16 Kshape=[256,256,4,1] Vshape=[256,256,4,1] Keff=f16 Veff=f16 turbo_kv=1 prefer_native_vec=0 decode=1 dk=1 dv=0 unsafe_vec_after_turbo_v_decode=0 allow_vec=1 kernel=MMA_F16 need_f16_K=0 need_f16_V=0 Knb=[50,400,100,102400] Vnb=[2,2048,512,524288] Keff_nb=[2,2048,512,524288] Veff_nb=[2,2048,512,524288]
CUDA_FA_ROUTE_SUPPORTED kernel=MMA_F16 effK=f16 effV=f16 supported=1
CUDA_FA_ROUTE_PLAN device=0 Q=[256,256,16,1] Kraw=turbo3 Vraw=f16 Kshape=[256,256,4,1] Vshape=[256,256,4,1] Keff=f16 Veff=f16 turbo_kv=1 prefer_native_vec=0 decode=1 dk=1 dv=0 unsafe_vec_after_turbo_v_decode=0 allow_vec=1 kernel=MMA_F16 need_f16_K=0 need_f16_V=0 Knb=[50,400,100,102400] Vnb=[2,2048,512,524288] Keff_nb=[2,2048,512,524288] Veff_nb=[2,2048,512,524288]
CUDA_FA_ROUTE_SUPPORTED kernel=MMA_F16 effK=f16 effV=f16 supported=1
CUDA_FA_ROUTE_PLAN device=0 Q=[256,256,16,1] Kraw=turbo3 Vraw=f16 Kshape=[256,256,4,1] Vshape=[256,256,4,1] Keff=f16 Veff=f16 turbo_kv=1 prefer_native_vec=0 decode=1 dk=1 dv=0 unsafe_vec_after_turbo_v_decode=0 allow_vec=1 kernel=MMA_F16 need_f16_K=0 need_f16_V=0 Knb=[50,400,100,102400] Vnb=[2,2048,512,524288] Keff_nb=[2,2048,512,524288] Veff_nb=[2,2048,512,524288]
CUDA_FA_ROUTE_SUPPORTED kernel=MMA_F16 effK=f16 effV=f16 supported=1
CUDA_FA_ROUTE_PLAN device=0 Q=[256,256,16,1] Kraw=turbo3 Vraw=f16 Kshape=[256,256,4,1] Vshape=[256,256,4,1] Keff=f16 Veff=f16 turbo_kv=1 prefer_native_vec=0 decode=1 dk=1 dv=0 unsafe_vec_after_turbo_v_decode=0 allow_vec=1 kernel=MMA_F16 need_f16_K=0 need_f16_V=0 Knb=[50,400,100,102400] Vnb=[2,2048,512,524288] Keff_nb=[2,2048,512,524288] Veff_nb=[2,2048,512,524288]
CUDA_FA_ROUTE_SUPPORTED kernel=MMA_F16 effK=f16 effV=f16 supported=1
CUDA_FA_ROUTE_PLAN device=0 Q=[256,256,16,1] Kraw=turbo3 Vraw=f16 Kshape=[256,256,4,1] Vshape=[256,256,4,1] Keff=f16 Veff=f16 turbo_kv=1 prefer_native_vec=0 decode=1 dk=1 dv=0 unsafe_vec_after_turbo_v_decode=0 allow_vec=1 kernel=MMA_F16 need_f16_K=0 need_f16_V=0 Knb=[50,400,100,102400] Vnb=[2,2048,512,524288] Keff_nb=[2,2048,512,524288] Veff_nb=[2,2048,512,524288]
CUDA_FA_ROUTE_SUPPORTED kernel=MMA_F16 effK=f16 effV=f16 supported=1
CUDA_FA_ROUTE_PLAN device=0 Q=[256,256,16,1] Kraw=turbo3 Vraw=f16 Kshape=[256,256,4,1] Vshape=[256,256,4,1] Keff=f16 Veff=f16 turbo_kv=1 prefer_native_vec=0 decode=1 dk=1 dv=0 unsafe_vec_after_turbo_v_decode=0 allow_vec=1 kernel=MMA_F16 need_f16_K=0 need_f16_V=0 Knb=[50,400,100,102400] Vnb=[2,2048,512,524288] Keff_nb=[2,2048,512,524288] Veff_nb=[2,2048,512,524288]
CUDA_FA_ROUTE_SUPPORTED kernel=MMA_F16 effK=f16 effV=f16 supported=1
CUDA_FA_ROUTE_PLAN device=0 Q=[256,1,16,1] Kraw=turbo3 Vraw=f16 Kshape=[256,256,4,1] Vshape=[256,256,4,1] Keff=f16 Veff=f16 turbo_kv=1 prefer_native_vec=0 decode=1 dk=1 dv=0 unsafe_vec_after_turbo_v_decode=0 allow_vec=1 kernel=MMA_F16 need_f16_K=0 need_f16_V=0 Knb=[50,400,100,102400] Vnb=[2,2048,512,524288] Keff_nb=[2,2048,512,524288] Veff_nb=[2,2048,512,524288]
CUDA_FA_ROUTE_SUPPORTED kernel=MMA_F16 effK=f16 effV=f16 supported=1
CUDA_FA_ROUTE_PLAN device=0 Q=[256,1,16,1] Kraw=turbo3 Vraw=f16 Kshape=[256,256,4,1] Vshape=[256,256,4,1] Keff=f16 Veff=f16 turbo_kv=1 prefer_native_vec=0 decode=1 dk=1 dv=0 unsafe_vec_after_turbo_v_decode=0 allow_vec=1 kernel=MMA_F16 need_f16_K=0 need_f16_V=0 Knb=[50,400,100,102400] Vnb=[2,2048,512,524288] Keff_nb=[2,2048,512,524288] Veff_nb=[2,2048,512,524288]
CUDA_FA_ROUTE_SUPPORTED kernel=MMA_F16 effK=f16 effV=f16 supported=1
CUDA_FA_ROUTE_PLAN device=0 Q=[256,1,16,1] Kraw=turbo3 Vraw=f16 Kshape=[256,256,4,1] Vshape=[256,256,4,1] Keff=f16 Veff=f16 turbo_kv=1 prefer_native_vec=0 decode=1 dk=1 dv=0 unsafe_vec_after_turbo_v_decode=0 allow_vec=1 kernel=MMA_F16 need_f16_K=0 need_f16_V=0 Knb=[50,400,100,102400] Vnb=[2,2048,512,524288] Keff_nb=[2,2048,512,524288] Veff_nb=[2,2048,512,524288]
CUDA_FA_ROUTE_SUPPORTED kernel=MMA_F16 effK=f16 effV=f16 supported=1
CUDA_FA_ROUTE_PLAN device=0 Q=[256,1,16,1] Kraw=turbo3 Vraw=f16 Kshape=[256,256,4,1] Vshape=[256,256,4,1] Keff=f16 Veff=f16 turbo_kv=1 prefer_native_vec=0 decode=1 dk=1 dv=0 unsafe_vec_after_turbo_v_decode=0 allow_vec=1 kernel=MMA_F16 need_f16_K=0 need_f16_V=0 Knb=[50,400,100,102400] Vnb=[2,2048,512,524288] Keff_nb=[2,2048,512,524288] Veff_nb=[2,2048,512,524288]
CUDA_FA_ROUTE_SUPPORTED kernel=MMA_F16 effK=f16 effV=f16 supported=1
CUDA_FA_ROUTE_PLAN device=0 Q=[256,1,16,1] Kraw=turbo3 Vraw=f16 Kshape=[256,256,4,1] Vshape=[256,256,4,1] Keff=f16 Veff=f16 turbo_kv=1 prefer_native_vec=0 decode=1 dk=1 dv=0 unsafe_vec_after_turbo_v_decode=0 allow_vec=1 kernel=MMA_F16 need_f16_K=0 need_f16_V=0 Knb=[50,400,100,102400] Vnb=[2,2048,512,524288] Keff_nb=[2,2048,512,524288] Veff_nb=[2,2048,512,524288]
CUDA_FA_ROUTE_SUPPORTED kernel=MMA_F16 effK=f16 effV=f16 supported=1
CUDA_FA_ROUTE_PLAN device=0 Q=[256,1,16,1] Kraw=turbo3 Vraw=f16 Kshape=[256,256,4,1] Vshape=[256,256,4,1] Keff=f16 Veff=f16 turbo_kv=1 prefer_native_vec=0 decode=1 dk=1 dv=0 unsafe_vec_after_turbo_v_decode=0 allow_vec=1 kernel=MMA_F16 need_f16_K=0 need_f16_V=0 Knb=[50,400,100,102400] Vnb=[2,2048,512,524288] Keff_nb=[2,2048,512,524288] Veff_nb=[2,2048,512,524288]
CUDA_FA_ROUTE_SUPPORTED kernel=MMA_F16 effK=f16 effV=f16 supported=1
CUDA_FA_ROUTE_PLAN device=0 Q=[256,1,16,1] Kraw=turbo3 Vraw=f16 Kshape=[256,256,4,1] Vshape=[256,256,4,1] Keff=f16 Veff=f16 turbo_kv=1 prefer_native_vec=0 decode=1 dk=1 dv=0 unsafe_vec_after_turbo_v_decode=0 allow_vec=1 kernel=MMA_F16 need_f16_K=0 need_f16_V=0 Knb=[50,400,100,102400] Vnb=[2,2048,512,524288] Keff_nb=[2,2048,512,524288] Veff_nb=[2,2048,512,524288]
CUDA_FA_ROUTE_SUPPORTED kernel=MMA_F16 effK=f16 effV=f16 supported=1
CUDA_FA_ROUTE_PLAN device=0 Q=[256,1,16,1] Kraw=turbo3 Vraw=f16 Kshape=[256,256,4,1] Vshape=[256,256,4,1] Keff=f16 Veff=f16 turbo_kv=1 prefer_native_vec=0 decode=1 dk=1 dv=0 unsafe_vec_after_turbo_v_decode=0 allow_vec=1 kernel=MMA_F16 need_f16_K=0 need_f16_V=0 Knb=[50,400,100,102400] Vnb=[2,2048,512,524288] Keff_nb=[2,2048,512,524288] Veff_nb=[2,2048,512,524288]
CUDA_FA_ROUTE_SUPPORTED kernel=MMA_F16 effK=f16 effV=f16 supported=1
CUDA_FA_ROUTE_PLAN device=0 Q=[256,16,16,1] Kraw=turbo3 Vraw=f16 Kshape=[256,256,4,1] Vshape=[256,256,4,1] Keff=f16 Veff=f16 turbo_kv=1 prefer_native_vec=0 decode=1 dk=1 dv=0 unsafe_vec_after_turbo_v_decode=0 allow_vec=1 kernel=MMA_F16 need_f16_K=0 need_f16_V=0 Knb=[50,400,100,102400] Vnb=[2,2048,512,524288] Keff_nb=[2,2048,512,524288] Veff_nb=[2,2048,512,524288]
CUDA_FA_ROUTE_SUPPORTED kernel=MMA_F16 effK=f16 effV=f16 supported=1
CUDA_FA_ROUTE_PLAN device=0 Q=[256,16,16,1] Kraw=turbo3 Vraw=f16 Kshape=[256,256,4,1] Vshape=[256,256,4,1] Keff=f16 Veff=f16 turbo_kv=1 prefer_native_vec=0 decode=1 dk=1 dv=0 unsafe_vec_after_turbo_v_decode=0 allow_vec=1 kernel=MMA_F16 need_f16_K=0 need_f16_V=0 Knb=[50,400,100,102400] Vnb=[2,2048,512,524288] Keff_nb=[2,2048,512,524288] Veff_nb=[2,2048,512,524288]
CUDA_FA_ROUTE_SUPPORTED kernel=MMA_F16 effK=f16 effV=f16 supported=1
CUDA_FA_ROUTE_PLAN device=0 Q=[256,16,16,1] Kraw=turbo3 Vraw=f16 Kshape=[256,256,4,1] Vshape=[256,256,4,1] Keff=f16 Veff=f16 turbo_kv=1 prefer_native_vec=0 decode=1 dk=1 dv=0 unsafe_vec_after_turbo_v_decode=0 allow_vec=1 kernel=MMA_F16 need_f16_K=0 need_f16_V=0 Knb=[50,400,100,102400] Vnb=[2,2048,512,524288] Keff_nb=[2,2048,512,524288] Veff_nb=[2,2048,512,524288]
CUDA_FA_ROUTE_SUPPORTED kernel=MMA_F16 effK=f16 effV=f16 supported=1
CUDA_FA_ROUTE_PLAN device=0 Q=[256,16,16,1] Kraw=turbo3 Vraw=f16 Kshape=[256,256,4,1] Vshape=[256,256,4,1] Keff=f16 Veff=f16 turbo_kv=1 prefer_native_vec=0 decode=1 dk=1 dv=0 unsafe_vec_after_turbo_v_decode=0 allow_vec=1 kernel=MMA_F16 need_f16_K=0 need_f16_V=0 Knb=[50,400,100,102400] Vnb=[2,2048,512,524288] Keff_nb=[2,2048,512,524288] Veff_nb=[2,2048,512,524288]
CUDA_FA_ROUTE_SUPPORTED kernel=MMA_F16 effK=f16 effV=f16 supported=1
CUDA_FA_ROUTE_PLAN device=0 Q=[256,16,16,1] Kraw=turbo3 Vraw=f16 Kshape=[256,256,4,1] Vshape=[256,256,4,1] Keff=f16 Veff=f16 turbo_kv=1 prefer_native_vec=0 decode=1 dk=1 dv=0 unsafe_vec_after_turbo_v_decode=0 allow_vec=1 kernel=MMA_F16 need_f16_K=0 need_f16_V=0 Knb=[50,400,100,102400] Vnb=[2,2048,512,524288] Keff_nb=[2,2048,512,524288] Veff_nb=[2,2048,512,524288]
CUDA_FA_ROUTE_SUPPORTED kernel=MMA_F16 effK=f16 effV=f16 supported=1
CUDA_FA_ROUTE_PLAN device=0 Q=[256,16,16,1] Kraw=turbo3 Vraw=f16 Kshape=[256,256,4,1] Vshape=[256,256,4,1] Keff=f16 Veff=f16 turbo_kv=1 prefer_native_vec=0 decode=1 dk=1 dv=0 unsafe_vec_after_turbo_v_decode=0 allow_vec=1 kernel=MMA_F16 need_f16_K=0 need_f16_V=0 Knb=[50,400,100,102400] Vnb=[2,2048,512,524288] Keff_nb=[2,2048,512,524288] Veff_nb=[2,2048,512,524288]
CUDA_FA_ROUTE_SUPPORTED kernel=MMA_F16 effK=f16 effV=f16 supported=1
CUDA_FA_ROUTE_PLAN device=0 Q=[256,16,16,1] Kraw=turbo3 Vraw=f16 Kshape=[256,256,4,1] Vshape=[256,256,4,1] Keff=f16 Veff=f16 turbo_kv=1 prefer_native_vec=0 decode=1 dk=1 dv=0 unsafe_vec_after_turbo_v_decode=0 allow_vec=1 kernel=MMA_F16 need_f16_K=0 need_f16_V=0 Knb=[50,400,100,102400] Vnb=[2,2048,512,524288] Keff_nb=[2,2048,512,524288] Veff_nb=[2,2048,512,524288]
CUDA_FA_ROUTE_SUPPORTED kernel=MMA_F16 effK=f16 effV=f16 supported=1
CUDA_FA_ROUTE_PLAN device=0 Q=[256,16,16,1] Kraw=turbo3 Vraw=f16 Kshape=[256,256,4,1] Vshape=[256,256,4,1] Keff=f16 Veff=f16 turbo_kv=1 prefer_native_vec=0 decode=1 dk=1 dv=0 unsafe_vec_after_turbo_v_decode=0 allow_vec=1 kernel=MMA_F16 need_f16_K=0 need_f16_V=0 Knb=[50,400,100,102400] Vnb=[2,2048,512,524288] Keff_nb=[2,2048,512,524288] Veff_nb=[2,2048,512,524288]
CUDA_FA_ROUTE_SUPPORTED kernel=MMA_F16 effK=f16 effV=f16 supported=1
CUDA_FA_ROUTE_PLAN device=0 Q=[256,1,16,1] Kraw=turbo3 Vraw=f16 Kshape=[256,256,4,1] Vshape=[256,256,4,1] Keff=f16 Veff=f16 turbo_kv=1 prefer_native_vec=0 decode=1 dk=1 dv=0 unsafe_vec_after_turbo_v_decode=0 allow_vec=1 kernel=MMA_F16 need_f16_K=0 need_f16_V=0 Knb=[50,400,100,102400] Vnb=[2,2048,512,524288] Keff_nb=[2,2048,512,524288] Veff_nb=[2,2048,512,524288]
CUDA_FA_ROUTE_SUPPORTED kernel=MMA_F16 effK=f16 effV=f16 supported=1
CUDA_FA_ROUTE_PLAN device=0 Q=[256,1,16,1] Kraw=turbo3 Vraw=f16 Kshape=[256,256,4,1] Vshape=[256,256,4,1] Keff=f16 Veff=f16 turbo_kv=1 prefer_native_vec=0 decode=1 dk=1 dv=0 unsafe_vec_after_turbo_v_decode=0 allow_vec=1 kernel=MMA_F16 need_f16_K=0 need_f16_V=0 Knb=[50,400,100,102400] Vnb=[2,2048,512,524288] Keff_nb=[2,2048,512,524288] Veff_nb=[2,2048,512,524288]
CUDA_FA_ROUTE_SUPPORTED kernel=MMA_F16 effK=f16 effV=f16 supported=1
CUDA_FA_ROUTE_PLAN device=0 Q=[256,1,16,1] Kraw=turbo3 Vraw=f16 Kshape=[256,256,4,1] Vshape=[256,256,4,1] Keff=f16 Veff=f16 turbo_kv=1 prefer_native_vec=0 decode=1 dk=1 dv=0 unsafe_vec_after_turbo_v_decode=0 allow_vec=1 kernel=MMA_F16 need_f16_K=0 need_f16_V=0 Knb=[50,400,100,102400] Vnb=[2,2048,512,524288] Keff_nb=[2,2048,512,524288] Veff_nb=[2,2048,512,524288]
CUDA_FA_ROUTE_SUPPORTED kernel=MMA_F16 effK=f16 effV=f16 supported=1
CUDA_FA_ROUTE_PLAN device=0 Q=[256,1,16,1] Kraw=turbo3 Vraw=f16 Kshape=[256,256,4,1] Vshape=[256,256,4,1] Keff=f16 Veff=f16 turbo_kv=1 prefer_native_vec=0 decode=1 dk=1 dv=0 unsafe_vec_after_turbo_v_decode=0 allow_vec=1 kernel=MMA_F16 need_f16_K=0 need_f16_V=0 Knb=[50,400,100,102400] Vnb=[2,2048,512,524288] Keff_nb=[2,2048,512,524288] Veff_nb=[2,2048,512,524288]
CUDA_FA_ROUTE_SUPPORTED kernel=MMA_F16 effK=f16 effV=f16 supported=1
CUDA_FA_ROUTE_PLAN device=0 Q=[256,1,16,1] Kraw=turbo3 Vraw=f16 Kshape=[256,256,4,1] Vshape=[256,256,4,1] Keff=f16 Veff=f16 turbo_kv=1 prefer_native_vec=0 decode=1 dk=1 dv=0 unsafe_vec_after_turbo_v_decode=0 allow_vec=1 kernel=MMA_F16 need_f16_K=0 need_f16_V=0 Knb=[50,400,100,102400] Vnb=[2,2048,512,524288] Keff_nb=[2,2048,512,524288] Veff_nb=[2,2048,512,524288]
CUDA_FA_ROUTE_SUPPORTED kernel=MMA_F16 effK=f16 effV=f16 supported=1
CUDA_FA_ROUTE_PLAN device=0 Q=[256,1,16,1] Kraw=turbo3 Vraw=f16 Kshape=[256,256,4,1] Vshape=[256,256,4,1] Keff=f16 Veff=f16 turbo_kv=1 prefer_native_vec=0 decode=1 dk=1 dv=0 unsafe_vec_after_turbo_v_decode=0 allow_vec=1 kernel=MMA_F16 need_f16_K=0 need_f16_V=0 Knb=[50,400,100,102400] Vnb=[2,2048,512,524288] Keff_nb=[2,2048,512,524288] Veff_nb=[2,2048,512,524288]
CUDA_FA_ROUTE_SUPPORTED kernel=MMA_F16 effK=f16 effV=f16 supported=1
CUDA_FA_ROUTE_PLAN device=0 Q=[256,1,16,1] Kraw=turbo3 Vraw=f16 Kshape=[256,256,4,1] Vshape=[256,256,4,1] Keff=f16 Veff=f16 turbo_kv=1 prefer_native_vec=0 decode=1 dk=1 dv=0 unsafe_vec_after_turbo_v_decode=0 allow_vec=1 kernel=MMA_F16 need_f16_K=0 need_f16_V=0 Knb=[50,400,100,102400] Vnb=[2,2048,512,524288] Keff_nb=[2,2048,512,524288] Veff_nb=[2,2048,512,524288]
CUDA_FA_ROUTE_SUPPORTED kernel=MMA_F16 effK=f16 effV=f16 supported=1
CUDA_FA_ROUTE_PLAN device=0 Q=[256,1,16,1] Kraw=turbo3 Vraw=f16 Kshape=[256,256,4,1] Vshape=[256,256,4,1] Keff=f16 Veff=f16 turbo_kv=1 prefer_native_vec=0 decode=1 dk=1 dv=0 unsafe_vec_after_turbo_v_decode=0 allow_vec=1 kernel=MMA_F16 need_f16_K=0 need_f16_V=0 Knb=[50,400,100,102400] Vnb=[2,2048,512,524288] Keff_nb=[2,2048,512,524288] Veff_nb=[2,2048,512,524288]
CUDA_FA_ROUTE_SUPPORTED kernel=MMA_F16 effK=f16 effV=f16 supported=1
CUDA_FA_ROUTE_PLAN device=0 Q=[256,256,16,1] Kraw=turbo3 Vraw=f16 Kshape=[256,256,4,1] Vshape=[256,256,4,1] Keff=f16 Veff=f16 turbo_kv=1 prefer_native_vec=0 decode=1 dk=1 dv=0 unsafe_vec_after_turbo_v_decode=0 allow_vec=1 kernel=MMA_F16 need_f16_K=0 need_f16_V=0 Knb=[50,400,100,102400] Vnb=[2,2048,512,524288] Keff_nb=[2,2048,512,524288] Veff_nb=[2,2048,512,524288]
CUDA_FA_ROUTE_SUPPORTED kernel=MMA_F16 effK=f16 effV=f16 supported=1
CUDA_FA_ROUTE_PLAN device=0 Q=[256,256,16,1] Kraw=turbo3 Vraw=f16 Kshape=[256,256,4,1] Vshape=[256,256,4,1] Keff=f16 Veff=f16 turbo_kv=1 prefer_native_vec=0 decode=1 dk=1 dv=0 unsafe_vec_after_turbo_v_decode=0 allow_vec=1 kernel=MMA_F16 need_f16_K=0 need_f16_V=0 Knb=[50,400,100,102400] Vnb=[2,2048,512,524288] Keff_nb=[2,2048,512,524288] Veff_nb=[2,2048,512,524288]
CUDA_FA_ROUTE_SUPPORTED kernel=MMA_F16 effK=f16 effV=f16 supported=1
CUDA_FA_ROUTE_PLAN device=0 Q=[256,256,16,1] Kraw=turbo3 Vraw=f16 Kshape=[256,256,4,1] Vshape=[256,256,4,1] Keff=f16 Veff=f16 turbo_kv=1 prefer_native_vec=0 decode=1 dk=1 dv=0 unsafe_vec_after_turbo_v_decode=0 allow_vec=1 kernel=MMA_F16 need_f16_K=0 need_f16_V=0 Knb=[50,400,100,102400] Vnb=[2,2048,512,524288] Keff_nb=[2,2048,512,524288] Veff_nb=[2,2048,512,524288]
CUDA_FA_ROUTE_SUPPORTED kernel=MMA_F16 effK=f16 effV=f16 supported=1
CUDA_FA_ROUTE_PLAN device=0 Q=[256,256,16,1] Kraw=turbo3 Vraw=f16 Kshape=[256,256,4,1] Vshape=[256,256,4,1] Keff=f16 Veff=f16 turbo_kv=1 prefer_native_vec=0 decode=1 dk=1 dv=0 unsafe_vec_after_turbo_v_decode=0 allow_vec=1 kernel=MMA_F16 need_f16_K=0 need_f16_V=0 Knb=[50,400,100,102400] Vnb=[2,2048,512,524288] Keff_nb=[2,2048,512,524288] Veff_nb=[2,2048,512,524288]
CUDA_FA_ROUTE_SUPPORTED kernel=MMA_F16 effK=f16 effV=f16 supported=1
CUDA_FA_ROUTE_PLAN device=0 Q=[256,256,16,1] Kraw=turbo3 Vraw=f16 Kshape=[256,256,4,1] Vshape=[256,256,4,1] Keff=f16 Veff=f16 turbo_kv=1 prefer_native_vec=0 decode=1 dk=1 dv=0 unsafe_vec_after_turbo_v_decode=0 allow_vec=1 kernel=MMA_F16 need_f16_K=0 need_f16_V=0 Knb=[50,400,100,102400] Vnb=[2,2048,512,524288] Keff_nb=[2,2048,512,524288] Veff_nb=[2,2048,512,524288]
CUDA_FA_ROUTE_SUPPORTED kernel=MMA_F16 effK=f16 effV=f16 supported=1
CUDA_FA_ROUTE_PLAN device=0 Q=[256,256,16,1] Kraw=turbo3 Vraw=f16 Kshape=[256,256,4,1] Vshape=[256,256,4,1] Keff=f16 Veff=f16 turbo_kv=1 prefer_native_vec=0 decode=1 dk=1 dv=0 unsafe_vec_after_turbo_v_decode=0 allow_vec=1 kernel=MMA_F16 need_f16_K=0 need_f16_V=0 Knb=[50,400,100,102400] Vnb=[2,2048,512,524288] Keff_nb=[2,2048,512,524288] Veff_nb=[2,2048,512,524288]
CUDA_FA_ROUTE_SUPPORTED kernel=MMA_F16 effK=f16 effV=f16 supported=1
CUDA_FA_ROUTE_PLAN device=0 Q=[256,256,16,1] Kraw=turbo3 Vraw=f16 Kshape=[256,256,4,1] Vshape=[256,256,4,1] Keff=f16 Veff=f16 turbo_kv=1 prefer_native_vec=0 decode=1 dk=1 dv=0 unsafe_vec_after_turbo_v_decode=0 allow_vec=1 kernel=MMA_F16 need_f16_K=0 need_f16_V=0 Knb=[50,400,100,102400] Vnb=[2,2048,512,524288] Keff_nb=[2,2048,512,524288] Veff_nb=[2,2048,512,524288]
CUDA_FA_ROUTE_SUPPORTED kernel=MMA_F16 effK=f16 effV=f16 supported=1
CUDA_FA_ROUTE_PLAN device=0 Q=[256,256,16,1] Kraw=turbo3 Vraw=f16 Kshape=[256,256,4,1] Vshape=[256,256,4,1] Keff=f16 Veff=f16 turbo_kv=1 prefer_native_vec=0 decode=1 dk=1 dv=0 unsafe_vec_after_turbo_v_decode=0 allow_vec=1 kernel=MMA_F16 need_f16_K=0 need_f16_V=0 Knb=[50,400,100,102400] Vnb=[2,2048,512,524288] Keff_nb=[2,2048,512,524288] Veff_nb=[2,2048,512,524288]
CUDA_FA_ROUTE_SUPPORTED kernel=MMA_F16 effK=f16 effV=f16 supported=1
CUDA_FA_ROUTE_PLAN device=0 Q=[256,256,16,1] Kraw=turbo3 Vraw=f16 Kshape=[256,256,4,1] Vshape=[256,256,4,1] Keff=f16 Veff=f16 turbo_kv=1 prefer_native_vec=0 decode=1 dk=1 dv=0 unsafe_vec_after_turbo_v_decode=0 allow_vec=1 kernel=MMA_F16 need_f16_K=0 need_f16_V=0 Knb=[50,400,100,102400] Vnb=[2,2048,512,524288] Keff_nb=[2,2048,512,524288] Veff_nb=[2,2048,512,524288]
CUDA_FA_ROUTE_ALLOC kernel=MMA_F16 need_f16_K=0 need_f16_V=0 workspace_end_offset=4194304 dst_data=(nil) f16_K=(nil) f16_V=(nil) f16_end=0x400000
CUDA_FA_ROUTE_PLAN device=0 Q=[256,256,16,1] Kraw=turbo3 Vraw=f16 Kshape=[256,256,4,1] Vshape=[256,256,4,1] Keff=f16 Veff=f16 turbo_kv=1 prefer_native_vec=0 decode=1 dk=1 dv=0 unsafe_vec_after_turbo_v_decode=0 allow_vec=1 kernel=MMA_F16 need_f16_K=0 need_f16_V=0 Knb=[50,400,100,102400] Vnb=[2,2048,512,524288] Keff_nb=[2,2048,512,524288] Veff_nb=[2,2048,512,524288]
CUDA_FA_ROUTE_ALLOC kernel=MMA_F16 need_f16_K=0 need_f16_V=0 workspace_end_offset=4194304 dst_data=(nil) f16_K=(nil) f16_V=(nil) f16_end=0x400000
CUDA_FA_ROUTE_PLAN device=0 Q=[256,256,16,1] Kraw=turbo3 Vraw=f16 Kshape=[256,256,4,1] Vshape=[256,256,4,1] Keff=f16 Veff=f16 turbo_kv=1 prefer_native_vec=0 decode=1 dk=1 dv=0 unsafe_vec_after_turbo_v_decode=0 allow_vec=1 kernel=MMA_F16 need_f16_K=0 need_f16_V=0 Knb=[50,400,100,102400] Vnb=[2,2048,512,524288] Keff_nb=[2,2048,512,524288] Veff_nb=[2,2048,512,524288]
CUDA_FA_ROUTE_ALLOC kernel=MMA_F16 need_f16_K=0 need_f16_V=0 workspace_end_offset=4194304 dst_data=(nil) f16_K=(nil) f16_V=(nil) f16_end=0x400000
CUDA_FA_ROUTE_PLAN device=0 Q=[256,256,16,1] Kraw=turbo3 Vraw=f16 Kshape=[256,256,4,1] Vshape=[256,256,4,1] Keff=f16 Veff=f16 turbo_kv=1 prefer_native_vec=0 decode=1 dk=1 dv=0 unsafe_vec_after_turbo_v_decode=0 allow_vec=1 kernel=MMA_F16 need_f16_K=0 need_f16_V=0 Knb=[50,400,100,102400] Vnb=[2,2048,512,524288] Keff_nb=[2,2048,512,524288] Veff_nb=[2,2048,512,524288]
CUDA_FA_ROUTE_ALLOC kernel=MMA_F16 need_f16_K=0 need_f16_V=0 workspace_end_offset=4194304 dst_data=(nil) f16_K=(nil) f16_V=(nil) f16_end=0x400000
CUDA_FA_ROUTE_PLAN device=0 Q=[256,256,16,1] Kraw=turbo3 Vraw=f16 Kshape=[256,256,4,1] Vshape=[256,256,4,1] Keff=f16 Veff=f16 turbo_kv=1 prefer_native_vec=0 decode=1 dk=1 dv=0 unsafe_vec_after_turbo_v_decode=0 allow_vec=1 kernel=MMA_F16 need_f16_K=0 need_f16_V=0 Knb=[50,400,100,102400] Vnb=[2,2048,512,524288] Keff_nb=[2,2048,512,524288] Veff_nb=[2,2048,512,524288]
CUDA_FA_ROUTE_ALLOC kernel=MMA_F16 need_f16_K=0 need_f16_V=0 workspace_end_offset=4194304 dst_data=(nil) f16_K=(nil) f16_V=(nil) f16_end=0x400000
CUDA_FA_ROUTE_PLAN device=0 Q=[256,256,16,1] Kraw=turbo3 Vraw=f16 Kshape=[256,256,4,1] Vshape=[256,256,4,1] Keff=f16 Veff=f16 turbo_kv=1 prefer_native_vec=0 decode=1 dk=1 dv=0 unsafe_vec_after_turbo_v_decode=0 allow_vec=1 kernel=MMA_F16 need_f16_K=0 need_f16_V=0 Knb=[50,400,100,102400] Vnb=[2,2048,512,524288] Keff_nb=[2,2048,512,524288] Veff_nb=[2,2048,512,524288]
CUDA_FA_ROUTE_ALLOC kernel=MMA_F16 need_f16_K=0 need_f16_V=0 workspace_end_offset=4194304 dst_data=(nil) f16_K=(nil) f16_V=(nil) f16_end=0x400000
CUDA_FA_ROUTE_PLAN device=0 Q=[256,256,16,1] Kraw=turbo3 Vraw=f16 Kshape=[256,256,4,1] Vshape=[256,256,4,1] Keff=f16 Veff=f16 turbo_kv=1 prefer_native_vec=0 decode=1 dk=1 dv=0 unsafe_vec_after_turbo_v_decode=0 allow_vec=1 kernel=MMA_F16 need_f16_K=0 need_f16_V=0 Knb=[50,400,100,102400] Vnb=[2,2048,512,524288] Keff_nb=[2,2048,512,524288] Veff_nb=[2,2048,512,524288]
CUDA_FA_ROUTE_ALLOC kernel=MMA_F16 need_f16_K=0 need_f16_V=0 workspace_end_offset=4194304 dst_data=(nil) f16_K=(nil) f16_V=(nil) f16_end=0x400000
CUDA_FA_ROUTE_PLAN device=0 Q=[256,256,16,1] Kraw=turbo3 Vraw=f16 Kshape=[256,256,4,1] Vshape=[256,256,4,1] Keff=f16 Veff=f16 turbo_kv=1 prefer_native_vec=0 decode=1 dk=1 dv=0 unsafe_vec_after_turbo_v_decode=0 allow_vec=1 kernel=MMA_F16 need_f16_K=0 need_f16_V=0 Knb=[50,400,100,102400] Vnb=[2,2048,512,524288] Keff_nb=[2,2048,512,524288] Veff_nb=[2,2048,512,524288]
CUDA_FA_ROUTE_ALLOC kernel=MMA_F16 need_f16_K=0 need_f16_V=0 workspace_end_offset=4194304 dst_data=(nil) f16_K=(nil) f16_V=(nil) f16_end=0x400000
CUDA_FA_ROUTE_PLAN device=0 Q=[256,256,16,1] Kraw=turbo3 Vraw=f16 Kshape=[256,256,4,1] Vshape=[256,256,4,1] Keff=f16 Veff=f16 turbo_kv=1 prefer_native_vec=0 decode=1 dk=1 dv=0 unsafe_vec_after_turbo_v_decode=0 allow_vec=1 kernel=MMA_F16 need_f16_K=0 need_f16_V=0 Knb=[50,400,100,102400] Vnb=[2,2048,512,524288] Keff_nb=[2,2048,512,524288] Veff_nb=[2,2048,512,524288]
CUDA_FA_ROUTE_ALLOC kernel=MMA_F16 need_f16_K=0 need_f16_V=0 workspace_end_offset=4194304 dst_data=(nil) f16_K=(nil) f16_V=(nil) f16_end=0x400000
CUDA_FA_ROUTE_PLAN device=0 Q=[256,256,16,1] Kraw=turbo3 Vraw=f16 Kshape=[256,256,4,1] Vshape=[256,256,4,1] Keff=f16 Veff=f16 turbo_kv=1 prefer_native_vec=0 decode=1 dk=1 dv=0 unsafe_vec_after_turbo_v_decode=0 allow_vec=1 kernel=MMA_F16 need_f16_K=0 need_f16_V=0 Knb=[50,400,100,102400] Vnb=[2,2048,512,524288] Keff_nb=[2,2048,512,524288] Veff_nb=[2,2048,512,524288]
CUDA_FA_ROUTE_ALLOC kernel=MMA_F16 need_f16_K=0 need_f16_V=0 workspace_end_offset=4194304 dst_data=(nil) f16_K=(nil) f16_V=(nil) f16_end=0x400000
CUDA_FA_ROUTE_PLAN device=0 Q=[256,256,16,1] Kraw=turbo3 Vraw=f16 Kshape=[256,256,4,1] Vshape=[256,256,4,1] Keff=f16 Veff=f16 turbo_kv=1 prefer_native_vec=0 decode=1 dk=1 dv=0 unsafe_vec_after_turbo_v_decode=0 allow_vec=1 kernel=MMA_F16 need_f16_K=0 need_f16_V=0 Knb=[50,400,100,102400] Vnb=[2,2048,512,524288] Keff_nb=[2,2048,512,524288] Veff_nb=[2,2048,512,524288]
CUDA_FA_ROUTE_ALLOC kernel=MMA_F16 need_f16_K=0 need_f16_V=0 workspace_end_offset=4194304 dst_data=(nil) f16_K=(nil) f16_V=(nil) f16_end=0x400000
CUDA_FA_ROUTE_PLAN device=0 Q=[256,256,16,1] Kraw=turbo3 Vraw=f16 Kshape=[256,256,4,1] Vshape=[256,256,4,1] Keff=f16 Veff=f16 turbo_kv=1 prefer_native_vec=0 decode=1 dk=1 dv=0 unsafe_vec_after_turbo_v_decode=0 allow_vec=1 kernel=MMA_F16 need_f16_K=0 need_f16_V=0 Knb=[50,400,100,102400] Vnb=[2,2048,512,524288] Keff_nb=[2,2048,512,524288] Veff_nb=[2,2048,512,524288]
CUDA_FA_ROUTE_ALLOC kernel=MMA_F16 need_f16_K=0 need_f16_V=0 workspace_end_offset=4194304 dst_data=(nil) f16_K=(nil) f16_V=(nil) f16_end=0x400000
CUDA_FA_ROUTE_PLAN device=0 Q=[256,256,16,1] Kraw=turbo3 Vraw=f16 Kshape=[256,256,4,1] Vshape=[256,256,4,1] Keff=f16 Veff=f16 turbo_kv=1 prefer_native_vec=0 decode=1 dk=1 dv=0 unsafe_vec_after_turbo_v_decode=0 allow_vec=1 kernel=MMA_F16 need_f16_K=0 need_f16_V=0 Knb=[50,400,100,102400] Vnb=[2,2048,512,524288] Keff_nb=[2,2048,512,524288] Veff_nb=[2,2048,512,524288]
CUDA_FA_ROUTE_ALLOC kernel=MMA_F16 need_f16_K=0 need_f16_V=0 workspace_end_offset=4194304 dst_data=(nil) f16_K=(nil) f16_V=(nil) f16_end=0x400000
CUDA_FA_ROUTE_PLAN device=0 Q=[256,256,16,1] Kraw=turbo3 Vraw=f16 Kshape=[256,256,4,1] Vshape=[256,256,4,1] Keff=f16 Veff=f16 turbo_kv=1 prefer_native_vec=0 decode=1 dk=1 dv=0 unsafe_vec_after_turbo_v_decode=0 allow_vec=1 kernel=MMA_F16 need_f16_K=0 need_f16_V=0 Knb=[50,400,100,102400] Vnb=[2,2048,512,524288] Keff_nb=[2,2048,512,524288] Veff_nb=[2,2048,512,524288]
CUDA_FA_ROUTE_ALLOC kernel=MMA_F16 need_f16_K=0 need_f16_V=0 workspace_end_offset=4194304 dst_data=(nil) f16_K=(nil) f16_V=(nil) f16_end=0x400000
CUDA_FA_ROUTE_PLAN device=0 Q=[256,256,16,1] Kraw=turbo3 Vraw=f16 Kshape=[256,256,4,1] Vshape=[256,256,4,1] Keff=f16 Veff=f16 turbo_kv=1 prefer_native_vec=0 decode=1 dk=1 dv=0 unsafe_vec_after_turbo_v_decode=0 allow_vec=1 kernel=MMA_F16 need_f16_K=0 need_f16_V=0 Knb=[50,400,100,102400] Vnb=[2,2048,512,524288] Keff_nb=[2,2048,512,524288] Veff_nb=[2,2048,512,524288]
CUDA_FA_ROUTE_ALLOC kernel=MMA_F16 need_f16_K=0 need_f16_V=0 workspace_end_offset=4194304 dst_data=(nil) f16_K=(nil) f16_V=(nil) f16_end=0x400000
CUDA_FA_ROUTE_PLAN device=0 Q=[256,256,16,1] Kraw=turbo3 Vraw=f16 Kshape=[256,256,4,1] Vshape=[256,256,4,1] Keff=f16 Veff=f16 turbo_kv=1 prefer_native_vec=0 decode=1 dk=1 dv=0 unsafe_vec_after_turbo_v_decode=0 allow_vec=1 kernel=MMA_F16 need_f16_K=0 need_f16_V=0 Knb=[50,400,100,102400] Vnb=[2,2048,512,524288] Keff_nb=[2,2048,512,524288] Veff_nb=[2,2048,512,524288]
CUDA_FA_ROUTE_ALLOC kernel=MMA_F16 need_f16_K=0 need_f16_V=0 workspace_end_offset=4194304 dst_data=(nil) f16_K=(nil) f16_V=(nil) f16_end=0x400000
CUDA_FA_ROUTE_PLAN device=0 Q=[256,256,16,1] Kraw=turbo3 Vraw=f16 Kshape=[256,256,4,1] Vshape=[256,256,4,1] Keff=f16 Veff=f16 turbo_kv=1 prefer_native_vec=0 decode=1 dk=1 dv=0 unsafe_vec_after_turbo_v_decode=0 allow_vec=1 kernel=MMA_F16 need_f16_K=0 need_f16_V=0 Knb=[50,400,100,102400] Vnb=[2,2048,512,524288] Keff_nb=[2,2048,512,524288] Veff_nb=[2,2048,512,524288]
CUDA_FA_ROUTE_ALLOC kernel=MMA_F16 need_f16_K=0 need_f16_V=0 workspace_end_offset=4194304 dst_data=(nil) f16_K=(nil) f16_V=(nil) f16_end=0x400000
CUDA_FA_ROUTE_PLAN device=0 Q=[256,256,16,1] Kraw=turbo3 Vraw=f16 Kshape=[256,256,4,1] Vshape=[256,256,4,1] Keff=f16 Veff=f16 turbo_kv=1 prefer_native_vec=0 decode=1 dk=1 dv=0 unsafe_vec_after_turbo_v_decode=0 allow_vec=1 kernel=MMA_F16 need_f16_K=0 need_f16_V=0 Knb=[50,400,100,102400] Vnb=[2,2048,512,524288] Keff_nb=[2,2048,512,524288] Veff_nb=[2,2048,512,524288]
CUDA_FA_ROUTE_ALLOC kernel=MMA_F16 need_f16_K=0 need_f16_V=0 workspace_end_offset=4194304 dst_data=(nil) f16_K=(nil) f16_V=(nil) f16_end=0x400000
CUDA_FA_ROUTE_PLAN device=0 Q=[256,256,16,1] Kraw=turbo3 Vraw=f16 Kshape=[256,256,4,1] Vshape=[256,256,4,1] Keff=f16 Veff=f16 turbo_kv=1 prefer_native_vec=0 decode=1 dk=1 dv=0 unsafe_vec_after_turbo_v_decode=0 allow_vec=1 kernel=MMA_F16 need_f16_K=0 need_f16_V=0 Knb=[50,400,100,102400] Vnb=[2,2048,512,524288] Keff_nb=[2,2048,512,524288] Veff_nb=[2,2048,512,524288]
CUDA_FA_ROUTE_ALLOC kernel=MMA_F16 need_f16_K=0 need_f16_V=0 workspace_end_offset=4194304 dst_data=(nil) f16_K=(nil) f16_V=(nil) f16_end=0x400000
CUDA_FA_ROUTE_PLAN device=0 Q=[256,256,16,1] Kraw=turbo3 Vraw=f16 Kshape=[256,256,4,1] Vshape=[256,256,4,1] Keff=f16 Veff=f16 turbo_kv=1 prefer_native_vec=0 decode=1 dk=1 dv=0 unsafe_vec_after_turbo_v_decode=0 allow_vec=1 kernel=MMA_F16 need_f16_K=0 need_f16_V=0 Knb=[50,400,100,102400] Vnb=[2,2048,512,524288] Keff_nb=[2,2048,512,524288] Veff_nb=[2,2048,512,524288]
CUDA_FA_ROUTE_ALLOC kernel=MMA_F16 need_f16_K=0 need_f16_V=0 workspace_end_offset=4194304 dst_data=(nil) f16_K=(nil) f16_V=(nil) f16_end=0x400000
CUDA_FA_ROUTE_PLAN device=0 Q=[256,256,16,1] Kraw=turbo3 Vraw=f16 Kshape=[256,256,4,1] Vshape=[256,256,4,1] Keff=f16 Veff=f16 turbo_kv=1 prefer_native_vec=0 decode=1 dk=1 dv=0 unsafe_vec_after_turbo_v_decode=0 allow_vec=1 kernel=MMA_F16 need_f16_K=0 need_f16_V=0 Knb=[50,400,100,102400] Vnb=[2,2048,512,524288] Keff_nb=[2,2048,512,524288] Veff_nb=[2,2048,512,524288]
CUDA_FA_ROUTE_ALLOC kernel=MMA_F16 need_f16_K=0 need_f16_V=0 workspace_end_offset=4194304 dst_data=(nil) f16_K=(nil) f16_V=(nil) f16_end=0x400000
CUDA_FA_ROUTE_PLAN device=0 Q=[256,256,16,1] Kraw=turbo3 Vraw=f16 Kshape=[256,256,4,1] Vshape=[256,256,4,1] Keff=f16 Veff=f16 turbo_kv=1 prefer_native_vec=0 decode=1 dk=1 dv=0 unsafe_vec_after_turbo_v_decode=0 allow_vec=1 kernel=MMA_F16 need_f16_K=0 need_f16_V=0 Knb=[50,400,100,102400] Vnb=[2,2048,512,524288] Keff_nb=[2,2048,512,524288] Veff_nb=[2,2048,512,524288]
CUDA_FA_ROUTE_ALLOC kernel=MMA_F16 need_f16_K=0 need_f16_V=0 workspace_end_offset=4194304 dst_data=(nil) f16_K=(nil) f16_V=(nil) f16_end=0x400000
CUDA_FA_ROUTE_PLAN device=0 Q=[256,256,16,1] Kraw=turbo3 Vraw=f16 Kshape=[256,256,4,1] Vshape=[256,256,4,1] Keff=f16 Veff=f16 turbo_kv=1 prefer_native_vec=0 decode=1 dk=1 dv=0 unsafe_vec_after_turbo_v_decode=0 allow_vec=1 kernel=MMA_F16 need_f16_K=0 need_f16_V=0 Knb=[50,400,100,102400] Vnb=[2,2048,512,524288] Keff_nb=[2,2048,512,524288] Veff_nb=[2,2048,512,524288]
CUDA_FA_ROUTE_ALLOC kernel=MMA_F16 need_f16_K=0 need_f16_V=0 workspace_end_offset=4194304 dst_data=(nil) f16_K=(nil) f16_V=(nil) f16_end=0x400000
CUDA_FA_ROUTE_PLAN device=0 Q=[256,256,16,1] Kraw=turbo3 Vraw=f16 Kshape=[256,256,4,1] Vshape=[256,256,4,1] Keff=f16 Veff=f16 turbo_kv=1 prefer_native_vec=0 decode=1 dk=1 dv=0 unsafe_vec_after_turbo_v_decode=0 allow_vec=1 kernel=MMA_F16 need_f16_K=0 need_f16_V=0 Knb=[50,400,100,102400] Vnb=[2,2048,512,524288] Keff_nb=[2,2048,512,524288] Veff_nb=[2,2048,512,524288]
CUDA_FA_ROUTE_ALLOC kernel=MMA_F16 need_f16_K=0 need_f16_V=0 workspace_end_offset=4194304 dst_data=(nil) f16_K=(nil) f16_V=(nil) f16_end=0x400000
CUDA_FA_ROUTE_PLAN device=0 Q=[256,256,16,1] Kraw=turbo3 Vraw=f16 Kshape=[256,256,4,1] Vshape=[256,256,4,1] Keff=f16 Veff=f16 turbo_kv=1 prefer_native_vec=0 decode=1 dk=1 dv=0 unsafe_vec_after_turbo_v_decode=0 allow_vec=1 kernel=MMA_F16 need_f16_K=0 need_f16_V=0 Knb=[50,400,100,102400] Vnb=[2,2048,512,524288] Keff_nb=[2,2048,512,524288] Veff_nb=[2,2048,512,524288]
CUDA_FA_ROUTE_ALLOC kernel=MMA_F16 need_f16_K=0 need_f16_V=0 workspace_end_offset=4194304 dst_data=(nil) f16_K=(nil) f16_V=(nil) f16_end=0x400000
CUDA_FA_ROUTE_PLAN device=0 Q=[256,256,16,1] Kraw=turbo3 Vraw=f16 Kshape=[256,256,4,1] Vshape=[256,256,4,1] Keff=f16 Veff=f16 turbo_kv=1 prefer_native_vec=0 decode=1 dk=1 dv=0 unsafe_vec_after_turbo_v_decode=0 allow_vec=1 kernel=MMA_F16 need_f16_K=0 need_f16_V=0 Knb=[50,400,100,102400] Vnb=[2,2048,512,524288] Keff_nb=[2,2048,512,524288] Veff_nb=[2,2048,512,524288]
CUDA_FA_ROUTE_ALLOC kernel=MMA_F16 need_f16_K=0 need_f16_V=0 workspace_end_offset=4194304 dst_data=(nil) f16_K=(nil) f16_V=(nil) f16_end=0x400000
CUDA_FA_ROUTE_PLAN device=0 Q=[256,256,16,1] Kraw=turbo3 Vraw=f16 Kshape=[256,256,4,1] Vshape=[256,256,4,1] Keff=f16 Veff=f16 turbo_kv=1 prefer_native_vec=0 decode=1 dk=1 dv=0 unsafe_vec_after_turbo_v_decode=0 allow_vec=1 kernel=MMA_F16 need_f16_K=0 need_f16_V=0 Knb=[50,400,100,102400] Vnb=[2,2048,512,524288] Keff_nb=[2,2048,512,524288] Veff_nb=[2,2048,512,524288]
CUDA_FA_ROUTE_ALLOC kernel=MMA_F16 need_f16_K=0 need_f16_V=0 workspace_end_offset=4194304 dst_data=(nil) f16_K=(nil) f16_V=(nil) f16_end=0x400000
CUDA_FA_ROUTE_PLAN device=0 Q=[256,256,16,1] Kraw=turbo3 Vraw=f16 Kshape=[256,256,4,1] Vshape=[256,256,4,1] Keff=f16 Veff=f16 turbo_kv=1 prefer_native_vec=0 decode=1 dk=1 dv=0 unsafe_vec_after_turbo_v_decode=0 allow_vec=1 kernel=MMA_F16 need_f16_K=0 need_f16_V=0 Knb=[50,400,100,102400] Vnb=[2,2048,512,524288] Keff_nb=[2,2048,512,524288] Veff_nb=[2,2048,512,524288]
CUDA_FA_ROUTE_ALLOC kernel=MMA_F16 need_f16_K=0 need_f16_V=0 workspace_end_offset=4194304 dst_data=(nil) f16_K=(nil) f16_V=(nil) f16_end=0x400000
CUDA_FA_ROUTE_PLAN device=0 Q=[256,256,16,1] Kraw=turbo3 Vraw=f16 Kshape=[256,256,4,1] Vshape=[256,256,4,1] Keff=f16 Veff=f16 turbo_kv=1 prefer_native_vec=0 decode=1 dk=1 dv=0 unsafe_vec_after_turbo_v_decode=0 allow_vec=1 kernel=MMA_F16 need_f16_K=0 need_f16_V=0 Knb=[50,400,100,102400] Vnb=[2,2048,512,524288] Keff_nb=[2,2048,512,524288] Veff_nb=[2,2048,512,524288]
CUDA_FA_ROUTE_ALLOC kernel=MMA_F16 need_f16_K=0 need_f16_V=0 workspace_end_offset=4194304 dst_data=(nil) f16_K=(nil) f16_V=(nil) f16_end=0x400000
CUDA_FA_ROUTE_PLAN device=0 Q=[256,256,16,1] Kraw=turbo3 Vraw=f16 Kshape=[256,256,4,1] Vshape=[256,256,4,1] Keff=f16 Veff=f16 turbo_kv=1 prefer_native_vec=0 decode=1 dk=1 dv=0 unsafe_vec_after_turbo_v_decode=0 allow_vec=1 kernel=MMA_F16 need_f16_K=0 need_f16_V=0 Knb=[50,400,100,102400] Vnb=[2,2048,512,524288] Keff_nb=[2,2048,512,524288] Veff_nb=[2,2048,512,524288]
CUDA_FA_ROUTE_ALLOC kernel=MMA_F16 need_f16_K=0 need_f16_V=0 workspace_end_offset=4194304 dst_data=(nil) f16_K=(nil) f16_V=(nil) f16_end=0x400000
CUDA_FA_ROUTE_PLAN device=0 Q=[256,256,16,1] Kraw=turbo3 Vraw=f16 Kshape=[256,256,4,1] Vshape=[256,256,4,1] Keff=f16 Veff=f16 turbo_kv=1 prefer_native_vec=0 decode=1 dk=1 dv=0 unsafe_vec_after_turbo_v_decode=0 allow_vec=1 kernel=MMA_F16 need_f16_K=0 need_f16_V=0 Knb=[50,400,100,102400] Vnb=[2,2048,512,524288] Keff_nb=[2,2048,512,524288] Veff_nb=[2,2048,512,524288]
CUDA_FA_ROUTE_ALLOC kernel=MMA_F16 need_f16_K=0 need_f16_V=0 workspace_end_offset=4194304 dst_data=(nil) f16_K=(nil) f16_V=(nil) f16_end=0x400000
CUDA_FA_ROUTE_PLAN device=0 Q=[256,256,16,1] Kraw=turbo3 Vraw=f16 Kshape=[256,256,4,1] Vshape=[256,256,4,1] Keff=f16 Veff=f16 turbo_kv=1 prefer_native_vec=0 decode=1 dk=1 dv=0 unsafe_vec_after_turbo_v_decode=0 allow_vec=1 kernel=MMA_F16 need_f16_K=0 need_f16_V=0 Knb=[50,400,100,102400] Vnb=[2,2048,512,524288] Keff_nb=[2,2048,512,524288] Veff_nb=[2,2048,512,524288]
CUDA_FA_ROUTE_ALLOC kernel=MMA_F16 need_f16_K=0 need_f16_V=0 workspace_end_offset=4194304 dst_data=(nil) f16_K=(nil) f16_V=(nil) f16_end=0x400000
CUDA_FA_ROUTE_PLAN device=0 Q=[256,1,16,1] Kraw=turbo3 Vraw=f16 Kshape=[256,256,4,1] Vshape=[256,256,4,1] Keff=f16 Veff=f16 turbo_kv=1 prefer_native_vec=0 decode=1 dk=1 dv=0 unsafe_vec_after_turbo_v_decode=0 allow_vec=1 kernel=MMA_F16 need_f16_K=0 need_f16_V=0 Knb=[50,400,100,102400] Vnb=[2,2048,512,524288] Keff_nb=[2,2048,512,524288] Veff_nb=[2,2048,512,524288]
CUDA_FA_ROUTE_SUPPORTED kernel=MMA_F16 effK=f16 effV=f16 supported=1
CUDA_FA_ROUTE_PLAN device=0 Q=[256,1,16,1] Kraw=turbo3 Vraw=f16 Kshape=[256,256,4,1] Vshape=[256,256,4,1] Keff=f16 Veff=f16 turbo_kv=1 prefer_native_vec=0 decode=1 dk=1 dv=0 unsafe_vec_after_turbo_v_decode=0 allow_vec=1 kernel=MMA_F16 need_f16_K=0 need_f16_V=0 Knb=[50,400,100,102400] Vnb=[2,2048,512,524288] Keff_nb=[2,2048,512,524288] Veff_nb=[2,2048,512,524288]
CUDA_FA_ROUTE_SUPPORTED kernel=MMA_F16 effK=f16 effV=f16 supported=1
CUDA_FA_ROUTE_PLAN device=0 Q=[256,1,16,1] Kraw=turbo3 Vraw=f16 Kshape=[256,256,4,1] Vshape=[256,256,4,1] Keff=f16 Veff=f16 turbo_kv=1 prefer_native_vec=0 decode=1 dk=1 dv=0 unsafe_vec_after_turbo_v_decode=0 allow_vec=1 kernel=MMA_F16 need_f16_K=0 need_f16_V=0 Knb=[50,400,100,102400] Vnb=[2,2048,512,524288] Keff_nb=[2,2048,512,524288] Veff_nb=[2,2048,512,524288]
CUDA_FA_ROUTE_SUPPORTED kernel=MMA_F16 effK=f16 effV=f16 supported=1
CUDA_FA_ROUTE_PLAN device=0 Q=[256,1,16,1] Kraw=turbo3 Vraw=f16 Kshape=[256,256,4,1] Vshape=[256,256,4,1] Keff=f16 Veff=f16 turbo_kv=1 prefer_native_vec=0 decode=1 dk=1 dv=0 unsafe_vec_after_turbo_v_decode=0 allow_vec=1 kernel=MMA_F16 need_f16_K=0 need_f16_V=0 Knb=[50,400,100,102400] Vnb=[2,2048,512,524288] Keff_nb=[2,2048,512,524288] Veff_nb=[2,2048,512,524288]
CUDA_FA_ROUTE_SUPPORTED kernel=MMA_F16 effK=f16 effV=f16 supported=1
CUDA_FA_ROUTE_PLAN device=0 Q=[256,1,16,1] Kraw=turbo3 Vraw=f16 Kshape=[256,256,4,1] Vshape=[256,256,4,1] Keff=f16 Veff=f16 turbo_kv=1 prefer_native_vec=0 decode=1 dk=1 dv=0 unsafe_vec_after_turbo_v_decode=0 allow_vec=1 kernel=MMA_F16 need_f16_K=0 need_f16_V=0 Knb=[50,400,100,102400] Vnb=[2,2048,512,524288] Keff_nb=[2,2048,512,524288] Veff_nb=[2,2048,512,524288]
CUDA_FA_ROUTE_SUPPORTED kernel=MMA_F16 effK=f16 effV=f16 supported=1
CUDA_FA_ROUTE_PLAN device=0 Q=[256,1,16,1] Kraw=turbo3 Vraw=f16 Kshape=[256,256,4,1] Vshape=[256,256,4,1] Keff=f16 Veff=f16 turbo_kv=1 prefer_native_vec=0 decode=1 dk=1 dv=0 unsafe_vec_after_turbo_v_decode=0 allow_vec=1 kernel=MMA_F16 need_f16_K=0 need_f16_V=0 Knb=[50,400,100,102400] Vnb=[2,2048,512,524288] Keff_nb=[2,2048,512,524288] Veff_nb=[2,2048,512,524288]
CUDA_FA_ROUTE_SUPPORTED kernel=MMA_F16 effK=f16 effV=f16 supported=1
CUDA_FA_ROUTE_PLAN device=0 Q=[256,1,16,1] Kraw=turbo3 Vraw=f16 Kshape=[256,256,4,1] Vshape=[256,256,4,1] Keff=f16 Veff=f16 turbo_kv=1 prefer_native_vec=0 decode=1 dk=1 dv=0 unsafe_vec_after_turbo_v_decode=0 allow_vec=1 kernel=MMA_F16 need_f16_K=0 need_f16_V=0 Knb=[50,400,100,102400] Vnb=[2,2048,512,524288] Keff_nb=[2,2048,512,524288] Veff_nb=[2,2048,512,524288]
CUDA_FA_ROUTE_SUPPORTED kernel=MMA_F16 effK=f16 effV=f16 supported=1
CUDA_FA_ROUTE_PLAN device=0 Q=[256,1,16,1] Kraw=turbo3 Vraw=f16 Kshape=[256,256,4,1] Vshape=[256,256,4,1] Keff=f16 Veff=f16 turbo_kv=1 prefer_native_vec=0 decode=1 dk=1 dv=0 unsafe_vec_after_turbo_v_decode=0 allow_vec=1 kernel=MMA_F16 need_f16_K=0 need_f16_V=0 Knb=[50,400,100,102400] Vnb=[2,2048,512,524288] Keff_nb=[2,2048,512,524288] Veff_nb=[2,2048,512,524288]
CUDA_FA_ROUTE_SUPPORTED kernel=MMA_F16 effK=f16 effV=f16 supported=1
CUDA_FA_ROUTE_PLAN device=0 Q=[256,256,16,1] Kraw=turbo3 Vraw=f16 Kshape=[256,256,4,1] Vshape=[256,256,4,1] Keff=f16 Veff=f16 turbo_kv=1 prefer_native_vec=0 decode=1 dk=1 dv=0 unsafe_vec_after_turbo_v_decode=0 allow_vec=1 kernel=MMA_F16 need_f16_K=0 need_f16_V=0 Knb=[50,400,100,102400] Vnb=[2,2048,512,524288] Keff_nb=[2,2048,512,524288] Veff_nb=[2,2048,512,524288]
CUDA_FA_ROUTE_SUPPORTED kernel=MMA_F16 effK=f16 effV=f16 supported=1
CUDA_FA_ROUTE_PLAN device=0 Q=[256,256,16,1] Kraw=turbo3 Vraw=f16 Kshape=[256,256,4,1] Vshape=[256,256,4,1] Keff=f16 Veff=f16 turbo_kv=1 prefer_native_vec=0 decode=1 dk=1 dv=0 unsafe_vec_after_turbo_v_decode=0 allow_vec=1 kernel=MMA_F16 need_f16_K=0 need_f16_V=0 Knb=[50,400,100,102400] Vnb=[2,2048,512,524288] Keff_nb=[2,2048,512,524288] Veff_nb=[2,2048,512,524288]
CUDA_FA_ROUTE_SUPPORTED kernel=MMA_F16 effK=f16 effV=f16 supported=1
CUDA_FA_ROUTE_PLAN device=0 Q=[256,256,16,1] Kraw=turbo3 Vraw=f16 Kshape=[256,256,4,1] Vshape=[256,256,4,1] Keff=f16 Veff=f16 turbo_kv=1 prefer_native_vec=0 decode=1 dk=1 dv=0 unsafe_vec_after_turbo_v_decode=0 allow_vec=1 kernel=MMA_F16 need_f16_K=0 need_f16_V=0 Knb=[50,400,100,102400] Vnb=[2,2048,512,524288] Keff_nb=[2,2048,512,524288] Veff_nb=[2,2048,512,524288]
CUDA_FA_ROUTE_SUPPORTED kernel=MMA_F16 effK=f16 effV=f16 supported=1
CUDA_FA_ROUTE_PLAN device=0 Q=[256,256,16,1] Kraw=turbo3 Vraw=f16 Kshape=[256,256,4,1] Vshape=[256,256,4,1] Keff=f16 Veff=f16 turbo_kv=1 prefer_native_vec=0 decode=1 dk=1 dv=0 unsafe_vec_after_turbo_v_decode=0 allow_vec=1 kernel=MMA_F16 need_f16_K=0 need_f16_V=0 Knb=[50,400,100,102400] Vnb=[2,2048,512,524288] Keff_nb=[2,2048,512,524288] Veff_nb=[2,2048,512,524288]
CUDA_FA_ROUTE_SUPPORTED kernel=MMA_F16 effK=f16 effV=f16 supported=1
CUDA_FA_ROUTE_PLAN device=0 Q=[256,256,16,1] Kraw=turbo3 Vraw=f16 Kshape=[256,256,4,1] Vshape=[256,256,4,1] Keff=f16 Veff=f16 turbo_kv=1 prefer_native_vec=0 decode=1 dk=1 dv=0 unsafe_vec_after_turbo_v_decode=0 allow_vec=1 kernel=MMA_F16 need_f16_K=0 need_f16_V=0 Knb=[50,400,100,102400] Vnb=[2,2048,512,524288] Keff_nb=[2,2048,512,524288] Veff_nb=[2,2048,512,524288]
CUDA_FA_ROUTE_SUPPORTED kernel=MMA_F16 effK=f16 effV=f16 supported=1
CUDA_FA_ROUTE_PLAN device=0 Q=[256,256,16,1] Kraw=turbo3 Vraw=f16 Kshape=[256,256,4,1] Vshape=[256,256,4,1] Keff=f16 Veff=f16 turbo_kv=1 prefer_native_vec=0 decode=1 dk=1 dv=0 unsafe_vec_after_turbo_v_decode=0 allow_vec=1 kernel=MMA_F16 need_f16_K=0 need_f16_V=0 Knb=[50,400,100,102400] Vnb=[2,2048,512,524288] Keff_nb=[2,2048,512,524288] Veff_nb=[2,2048,512,524288]
CUDA_FA_ROUTE_SUPPORTED kernel=MMA_F16 effK=f16 effV=f16 supported=1
CUDA_FA_ROUTE_PLAN device=0 Q=[256,256,16,1] Kraw=turbo3 Vraw=f16 Kshape=[256,256,4,1] Vshape=[256,256,4,1] Keff=f16 Veff=f16 turbo_kv=1 prefer_native_vec=0 decode=1 dk=1 dv=0 unsafe_vec_after_turbo_v_decode=0 allow_vec=1 kernel=MMA_F16 need_f16_K=0 need_f16_V=0 Knb=[50,400,100,102400] Vnb=[2,2048,512,524288] Keff_nb=[2,2048,512,524288] Veff_nb=[2,2048,512,524288]
CUDA_FA_ROUTE_SUPPORTED kernel=MMA_F16 effK=f16 effV=f16 supported=1
CUDA_FA_ROUTE_PLAN device=0 Q=[256,256,16,1] Kraw=turbo3 Vraw=f16 Kshape=[256,256,4,1] Vshape=[256,256,4,1] Keff=f16 Veff=f16 turbo_kv=1 prefer_native_vec=0 decode=1 dk=1 dv=0 unsafe_vec_after_turbo_v_decode=0 allow_vec=1 kernel=MMA_F16 need_f16_K=0 need_f16_V=0 Knb=[50,400,100,102400] Vnb=[2,2048,512,524288] Keff_nb=[2,2048,512,524288] Veff_nb=[2,2048,512,524288]
CUDA_FA_ROUTE_SUPPORTED kernel=MMA_F16 effK=f16 effV=f16 supported=1
CUDA_FA_ROUTE_PLAN device=0 Q=[256,1,16,1] Kraw=turbo3 Vraw=f16 Kshape=[256,256,4,1] Vshape=[256,256,4,1] Keff=f16 Veff=f16 turbo_kv=1 prefer_native_vec=0 decode=1 dk=1 dv=0 unsafe_vec_after_turbo_v_decode=0 allow_vec=1 kernel=MMA_F16 need_f16_K=0 need_f16_V=0 Knb=[50,400,100,102400] Vnb=[2,2048,512,524288] Keff_nb=[2,2048,512,524288] Veff_nb=[2,2048,512,524288]
CUDA_FA_ROUTE_SUPPORTED kernel=MMA_F16 effK=f16 effV=f16 supported=1
CUDA_FA_ROUTE_PLAN device=0 Q=[256,1,16,1] Kraw=turbo3 Vraw=f16 Kshape=[256,256,4,1] Vshape=[256,256,4,1] Keff=f16 Veff=f16 turbo_kv=1 prefer_native_vec=0 decode=1 dk=1 dv=0 unsafe_vec_after_turbo_v_decode=0 allow_vec=1 kernel=MMA_F16 need_f16_K=0 need_f16_V=0 Knb=[50,400,100,102400] Vnb=[2,2048,512,524288] Keff_nb=[2,2048,512,524288] Veff_nb=[2,2048,512,524288]
CUDA_FA_ROUTE_SUPPORTED kernel=MMA_F16 effK=f16 effV=f16 supported=1
CUDA_FA_ROUTE_PLAN device=0 Q=[256,1,16,1] Kraw=turbo3 Vraw=f16 Kshape=[256,256,4,1] Vshape=[256,256,4,1] Keff=f16 Veff=f16 turbo_kv=1 prefer_native_vec=0 decode=1 dk=1 dv=0 unsafe_vec_after_turbo_v_decode=0 allow_vec=1 kernel=MMA_F16 need_f16_K=0 need_f16_V=0 Knb=[50,400,100,102400] Vnb=[2,2048,512,524288] Keff_nb=[2,2048,512,524288] Veff_nb=[2,2048,512,524288]
CUDA_FA_ROUTE_SUPPORTED kernel=MMA_F16 effK=f16 effV=f16 supported=1
CUDA_FA_ROUTE_PLAN device=0 Q=[256,1,16,1] Kraw=turbo3 Vraw=f16 Kshape=[256,256,4,1] Vshape=[256,256,4,1] Keff=f16 Veff=f16 turbo_kv=1 prefer_native_vec=0 decode=1 dk=1 dv=0 unsafe_vec_after_turbo_v_decode=0 allow_vec=1 kernel=MMA_F16 need_f16_K=0 need_f16_V=0 Knb=[50,400,100,102400] Vnb=[2,2048,512,524288] Keff_nb=[2,2048,512,524288] Veff_nb=[2,2048,512,524288]
CUDA_FA_ROUTE_SUPPORTED kernel=MMA_F16 effK=f16 effV=f16 supported=1
CUDA_FA_ROUTE_PLAN device=0 Q=[256,1,16,1] Kraw=turbo3 Vraw=f16 Kshape=[256,256,4,1] Vshape=[256,256,4,1] Keff=f16 Veff=f16 turbo_kv=1 prefer_native_vec=0 decode=1 dk=1 dv=0 unsafe_vec_after_turbo_v_decode=0 allow_vec=1 kernel=MMA_F16 need_f16_K=0 need_f16_V=0 Knb=[50,400,100,102400] Vnb=[2,2048,512,524288] Keff_nb=[2,2048,512,524288] Veff_nb=[2,2048,512,524288]
CUDA_FA_ROUTE_SUPPORTED kernel=MMA_F16 effK=f16 effV=f16 supported=1
CUDA_FA_ROUTE_PLAN device=0 Q=[256,1,16,1] Kraw=turbo3 Vraw=f16 Kshape=[256,256,4,1] Vshape=[256,256,4,1] Keff=f16 Veff=f16 turbo_kv=1 prefer_native_vec=0 decode=1 dk=1 dv=0 unsafe_vec_after_turbo_v_decode=0 allow_vec=1 kernel=MMA_F16 need_f16_K=0 need_f16_V=0 Knb=[50,400,100,102400] Vnb=[2,2048,512,524288] Keff_nb=[2,2048,512,524288] Veff_nb=[2,2048,512,524288]
CUDA_FA_ROUTE_SUPPORTED kernel=MMA_F16 effK=f16 effV=f16 supported=1
CUDA_FA_ROUTE_PLAN device=0 Q=[256,1,16,1] Kraw=turbo3 Vraw=f16 Kshape=[256,256,4,1] Vshape=[256,256,4,1] Keff=f16 Veff=f16 turbo_kv=1 prefer_native_vec=0 decode=1 dk=1 dv=0 unsafe_vec_after_turbo_v_decode=0 allow_vec=1 kernel=MMA_F16 need_f16_K=0 need_f16_V=0 Knb=[50,400,100,102400] Vnb=[2,2048,512,524288] Keff_nb=[2,2048,512,524288] Veff_nb=[2,2048,512,524288]
CUDA_FA_ROUTE_SUPPORTED kernel=MMA_F16 effK=f16 effV=f16 supported=1
CUDA_FA_ROUTE_PLAN device=0 Q=[256,1,16,1] Kraw=turbo3 Vraw=f16 Kshape=[256,256,4,1] Vshape=[256,256,4,1] Keff=f16 Veff=f16 turbo_kv=1 prefer_native_vec=0 decode=1 dk=1 dv=0 unsafe_vec_after_turbo_v_decode=0 allow_vec=1 kernel=MMA_F16 need_f16_K=0 need_f16_V=0 Knb=[50,400,100,102400] Vnb=[2,2048,512,524288] Keff_nb=[2,2048,512,524288] Veff_nb=[2,2048,512,524288]
CUDA_FA_ROUTE_SUPPORTED kernel=MMA_F16 effK=f16 effV=f16 supported=1
CUDA_FA_ROUTE_PLAN device=0 Q=[256,16,16,1] Kraw=turbo3 Vraw=f16 Kshape=[256,256,4,1] Vshape=[256,256,4,1] Keff=f16 Veff=f16 turbo_kv=1 prefer_native_vec=0 decode=1 dk=1 dv=0 unsafe_vec_after_turbo_v_decode=0 allow_vec=1 kernel=MMA_F16 need_f16_K=0 need_f16_V=0 Knb=[50,400,100,102400] Vnb=[2,2048,512,524288] Keff_nb=[2,2048,512,524288] Veff_nb=[2,2048,512,524288]
CUDA_FA_ROUTE_SUPPORTED kernel=MMA_F16 effK=f16 effV=f16 supported=1
CUDA_FA_ROUTE_PLAN device=0 Q=[256,16,16,1] Kraw=turbo3 Vraw=f16 Kshape=[256,256,4,1] Vshape=[256,256,4,1] Keff=f16 Veff=f16 turbo_kv=1 prefer_native_vec=0 decode=1 dk=1 dv=0 unsafe_vec_after_turbo_v_decode=0 allow_vec=1 kernel=MMA_F16 need_f16_K=0 need_f16_V=0 Knb=[50,400,100,102400] Vnb=[2,2048,512,524288] Keff_nb=[2,2048,512,524288] Veff_nb=[2,2048,512,524288]
CUDA_FA_ROUTE_SUPPORTED kernel=MMA_F16 effK=f16 effV=f16 supported=1
CUDA_FA_ROUTE_PLAN device=0 Q=[256,16,16,1] Kraw=turbo3 Vraw=f16 Kshape=[256,256,4,1] Vshape=[256,256,4,1] Keff=f16 Veff=f16 turbo_kv=1 prefer_native_vec=0 decode=1 dk=1 dv=0 unsafe_vec_after_turbo_v_decode=0 allow_vec=1 kernel=MMA_F16 need_f16_K=0 need_f16_V=0 Knb=[50,400,100,102400] Vnb=[2,2048,512,524288] Keff_nb=[2,2048,512,524288] Veff_nb=[2,2048,512,524288]
CUDA_FA_ROUTE_SUPPORTED kernel=MMA_F16 effK=f16 effV=f16 supported=1
CUDA_FA_ROUTE_PLAN device=0 Q=[256,16,16,1] Kraw=turbo3 Vraw=f16 Kshape=[256,256,4,1] Vshape=[256,256,4,1] Keff=f16 Veff=f16 turbo_kv=1 prefer_native_vec=0 decode=1 dk=1 dv=0 unsafe_vec_after_turbo_v_decode=0 allow_vec=1 kernel=MMA_F16 need_f16_K=0 need_f16_V=0 Knb=[50,400,100,102400] Vnb=[2,2048,512,524288] Keff_nb=[2,2048,512,524288] Veff_nb=[2,2048,512,524288]
CUDA_FA_ROUTE_SUPPORTED kernel=MMA_F16 effK=f16 effV=f16 supported=1
CUDA_FA_ROUTE_PLAN device=0 Q=[256,16,16,1] Kraw=turbo3 Vraw=f16 Kshape=[256,256,4,1] Vshape=[256,256,4,1] Keff=f16 Veff=f16 turbo_kv=1 prefer_native_vec=0 decode=1 dk=1 dv=0 unsafe_vec_after_turbo_v_decode=0 allow_vec=1 kernel=MMA_F16 need_f16_K=0 need_f16_V=0 Knb=[50,400,100,102400] Vnb=[2,2048,512,524288] Keff_nb=[2,2048,512,524288] Veff_nb=[2,2048,512,524288]
CUDA_FA_ROUTE_SUPPORTED kernel=MMA_F16 effK=f16 effV=f16 supported=1
CUDA_FA_ROUTE_PLAN device=0 Q=[256,16,16,1] Kraw=turbo3 Vraw=f16 Kshape=[256,256,4,1] Vshape=[256,256,4,1] Keff=f16 Veff=f16 turbo_kv=1 prefer_native_vec=0 decode=1 dk=1 dv=0 unsafe_vec_after_turbo_v_decode=0 allow_vec=1 kernel=MMA_F16 need_f16_K=0 need_f16_V=0 Knb=[50,400,100,102400] Vnb=[2,2048,512,524288] Keff_nb=[2,2048,512,524288] Veff_nb=[2,2048,512,524288]
CUDA_FA_ROUTE_SUPPORTED kernel=MMA_F16 effK=f16 effV=f16 supported=1
CUDA_FA_ROUTE_PLAN device=0 Q=[256,16,16,1] Kraw=turbo3 Vraw=f16 Kshape=[256,256,4,1] Vshape=[256,256,4,1] Keff=f16 Veff=f16 turbo_kv=1 prefer_native_vec=0 decode=1 dk=1 dv=0 unsafe_vec_after_turbo_v_decode=0 allow_vec=1 kernel=MMA_F16 need_f16_K=0 need_f16_V=0 Knb=[50,400,100,102400] Vnb=[2,2048,512,524288] Keff_nb=[2,2048,512,524288] Veff_nb=[2,2048,512,524288]
CUDA_FA_ROUTE_SUPPORTED kernel=MMA_F16 effK=f16 effV=f16 supported=1
CUDA_FA_ROUTE_PLAN device=0 Q=[256,16,16,1] Kraw=turbo3 Vraw=f16 Kshape=[256,256,4,1] Vshape=[256,256,4,1] Keff=f16 Veff=f16 turbo_kv=1 prefer_native_vec=0 decode=1 dk=1 dv=0 unsafe_vec_after_turbo_v_decode=0 allow_vec=1 kernel=MMA_F16 need_f16_K=0 need_f16_V=0 Knb=[50,400,100,102400] Vnb=[2,2048,512,524288] Keff_nb=[2,2048,512,524288] Veff_nb=[2,2048,512,524288]
CUDA_FA_ROUTE_SUPPORTED kernel=MMA_F16 effK=f16 effV=f16 supported=1
CUDA_FA_ROUTE_PLAN device=0 Q=[256,1,16,1] Kraw=turbo3 Vraw=f16 Kshape=[256,256,4,1] Vshape=[256,256,4,1] Keff=f16 Veff=f16 turbo_kv=1 prefer_native_vec=0 decode=1 dk=1 dv=0 unsafe_vec_after_turbo_v_decode=0 allow_vec=1 kernel=MMA_F16 need_f16_K=0 need_f16_V=0 Knb=[50,400,100,102400] Vnb=[2,2048,512,524288] Keff_nb=[2,2048,512,524288] Veff_nb=[2,2048,512,524288]
CUDA_FA_ROUTE_SUPPORTED kernel=MMA_F16 effK=f16 effV=f16 supported=1
CUDA_FA_ROUTE_PLAN device=0 Q=[256,1,16,1] Kraw=turbo3 Vraw=f16 Kshape=[256,256,4,1] Vshape=[256,256,4,1] Keff=f16 Veff=f16 turbo_kv=1 prefer_native_vec=0 decode=1 dk=1 dv=0 unsafe_vec_after_turbo_v_decode=0 allow_vec=1 kernel=MMA_F16 need_f16_K=0 need_f16_V=0 Knb=[50,400,100,102400] Vnb=[2,2048,512,524288] Keff_nb=[2,2048,512,524288] Veff_nb=[2,2048,512,524288]
CUDA_FA_ROUTE_SUPPORTED kernel=MMA_F16 effK=f16 effV=f16 supported=1
CUDA_FA_ROUTE_PLAN device=0 Q=[256,1,16,1] Kraw=turbo3 Vraw=f16 Kshape=[256,256,4,1] Vshape=[256,256,4,1] Keff=f16 Veff=f16 turbo_kv=1 prefer_native_vec=0 decode=1 dk=1 dv=0 unsafe_vec_after_turbo_v_decode=0 allow_vec=1 kernel=MMA_F16 need_f16_K=0 need_f16_V=0 Knb=[50,400,100,102400] Vnb=[2,2048,512,524288] Keff_nb=[2,2048,512,524288] Veff_nb=[2,2048,512,524288]
CUDA_FA_ROUTE_SUPPORTED kernel=MMA_F16 effK=f16 effV=f16 supported=1
CUDA_FA_ROUTE_PLAN device=0 Q=[256,1,16,1] Kraw=turbo3 Vraw=f16 Kshape=[256,256,4,1] Vshape=[256,256,4,1] Keff=f16 Veff=f16 turbo_kv=1 prefer_native_vec=0 decode=1 dk=1 dv=0 unsafe_vec_after_turbo_v_decode=0 allow_vec=1 kernel=MMA_F16 need_f16_K=0 need_f16_V=0 Knb=[50,400,100,102400] Vnb=[2,2048,512,524288] Keff_nb=[2,2048,512,524288] Veff_nb=[2,2048,512,524288]
CUDA_FA_ROUTE_SUPPORTED kernel=MMA_F16 effK=f16 effV=f16 supported=1
CUDA_FA_ROUTE_PLAN device=0 Q=[256,1,16,1] Kraw=turbo3 Vraw=f16 Kshape=[256,256,4,1] Vshape=[256,256,4,1] Keff=f16 Veff=f16 turbo_kv=1 prefer_native_vec=0 decode=1 dk=1 dv=0 unsafe_vec_after_turbo_v_decode=0 allow_vec=1 kernel=MMA_F16 need_f16_K=0 need_f16_V=0 Knb=[50,400,100,102400] Vnb=[2,2048,512,524288] Keff_nb=[2,2048,512,524288] Veff_nb=[2,2048,512,524288]
CUDA_FA_ROUTE_SUPPORTED kernel=MMA_F16 effK=f16 effV=f16 supported=1
CUDA_FA_ROUTE_PLAN device=0 Q=[256,1,16,1] Kraw=turbo3 Vraw=f16 Kshape=[256,256,4,1] Vshape=[256,256,4,1] Keff=f16 Veff=f16 turbo_kv=1 prefer_native_vec=0 decode=1 dk=1 dv=0 unsafe_vec_after_turbo_v_decode=0 allow_vec=1 kernel=MMA_F16 need_f16_K=0 need_f16_V=0 Knb=[50,400,100,102400] Vnb=[2,2048,512,524288] Keff_nb=[2,2048,512,524288] Veff_nb=[2,2048,512,524288]
CUDA_FA_ROUTE_SUPPORTED kernel=MMA_F16 effK=f16 effV=f16 supported=1
CUDA_FA_ROUTE_PLAN device=0 Q=[256,1,16,1] Kraw=turbo3 Vraw=f16 Kshape=[256,256,4,1] Vshape=[256,256,4,1] Keff=f16 Veff=f16 turbo_kv=1 prefer_native_vec=0 decode=1 dk=1 dv=0 unsafe_vec_after_turbo_v_decode=0 allow_vec=1 kernel=MMA_F16 need_f16_K=0 need_f16_V=0 Knb=[50,400,100,102400] Vnb=[2,2048,512,524288] Keff_nb=[2,2048,512,524288] Veff_nb=[2,2048,512,524288]
CUDA_FA_ROUTE_SUPPORTED kernel=MMA_F16 effK=f16 effV=f16 supported=1
CUDA_FA_ROUTE_PLAN device=0 Q=[256,1,16,1] Kraw=turbo3 Vraw=f16 Kshape=[256,256,4,1] Vshape=[256,256,4,1] Keff=f16 Veff=f16 turbo_kv=1 prefer_native_vec=0 decode=1 dk=1 dv=0 unsafe_vec_after_turbo_v_decode=0 allow_vec=1 kernel=MMA_F16 need_f16_K=0 need_f16_V=0 Knb=[50,400,100,102400] Vnb=[2,2048,512,524288] Keff_nb=[2,2048,512,524288] Veff_nb=[2,2048,512,524288]
CUDA_FA_ROUTE_SUPPORTED kernel=MMA_F16 effK=f16 effV=f16 supported=1
CUDA_FA_ROUTE_PLAN device=0 Q=[256,256,16,1] Kraw=turbo3 Vraw=f16 Kshape=[256,256,4,1] Vshape=[256,256,4,1] Keff=f16 Veff=f16 turbo_kv=1 prefer_native_vec=0 decode=1 dk=1 dv=0 unsafe_vec_after_turbo_v_decode=0 allow_vec=1 kernel=MMA_F16 need_f16_K=0 need_f16_V=0 Knb=[50,400,100,102400] Vnb=[2,2048,512,524288] Keff_nb=[2,2048,512,524288] Veff_nb=[2,2048,512,524288]
CUDA_FA_ROUTE_SUPPORTED kernel=MMA_F16 effK=f16 effV=f16 supported=1
CUDA_FA_ROUTE_PLAN device=0 Q=[256,256,16,1] Kraw=turbo3 Vraw=f16 Kshape=[256,256,4,1] Vshape=[256,256,4,1] Keff=f16 Veff=f16 turbo_kv=1 prefer_native_vec=0 decode=1 dk=1 dv=0 unsafe_vec_after_turbo_v_decode=0 allow_vec=1 kernel=MMA_F16 need_f16_K=0 need_f16_V=0 Knb=[50,400,100,102400] Vnb=[2,2048,512,524288] Keff_nb=[2,2048,512,524288] Veff_nb=[2,2048,512,524288]
CUDA_FA_ROUTE_SUPPORTED kernel=MMA_F16 effK=f16 effV=f16 supported=1
CUDA_FA_ROUTE_PLAN device=0 Q=[256,256,16,1] Kraw=turbo3 Vraw=f16 Kshape=[256,256,4,1] Vshape=[256,256,4,1] Keff=f16 Veff=f16 turbo_kv=1 prefer_native_vec=0 decode=1 dk=1 dv=0 unsafe_vec_after_turbo_v_decode=0 allow_vec=1 kernel=MMA_F16 need_f16_K=0 need_f16_V=0 Knb=[50,400,100,102400] Vnb=[2,2048,512,524288] Keff_nb=[2,2048,512,524288] Veff_nb=[2,2048,512,524288]
CUDA_FA_ROUTE_SUPPORTED kernel=MMA_F16 effK=f16 effV=f16 supported=1
CUDA_FA_ROUTE_PLAN device=0 Q=[256,256,16,1] Kraw=turbo3 Vraw=f16 Kshape=[256,256,4,1] Vshape=[256,256,4,1] Keff=f16 Veff=f16 turbo_kv=1 prefer_native_vec=0 decode=1 dk=1 dv=0 unsafe_vec_after_turbo_v_decode=0 allow_vec=1 kernel=MMA_F16 need_f16_K=0 need_f16_V=0 Knb=[50,400,100,102400] Vnb=[2,2048,512,524288] Keff_nb=[2,2048,512,524288] Veff_nb=[2,2048,512,524288]
CUDA_FA_ROUTE_SUPPORTED kernel=MMA_F16 effK=f16 effV=f16 supported=1
CUDA_FA_ROUTE_PLAN device=0 Q=[256,256,16,1] Kraw=turbo3 Vraw=f16 Kshape=[256,256,4,1] Vshape=[256,256,4,1] Keff=f16 Veff=f16 turbo_kv=1 prefer_native_vec=0 decode=1 dk=1 dv=0 unsafe_vec_after_turbo_v_decode=0 allow_vec=1 kernel=MMA_F16 need_f16_K=0 need_f16_V=0 Knb=[50,400,100,102400] Vnb=[2,2048,512,524288] Keff_nb=[2,2048,512,524288] Veff_nb=[2,2048,512,524288]
CUDA_FA_ROUTE_SUPPORTED kernel=MMA_F16 effK=f16 effV=f16 supported=1
CUDA_FA_ROUTE_PLAN device=0 Q=[256,256,16,1] Kraw=turbo3 Vraw=f16 Kshape=[256,256,4,1] Vshape=[256,256,4,1] Keff=f16 Veff=f16 turbo_kv=1 prefer_native_vec=0 decode=1 dk=1 dv=0 unsafe_vec_after_turbo_v_decode=0 allow_vec=1 kernel=MMA_F16 need_f16_K=0 need_f16_V=0 Knb=[50,400,100,102400] Vnb=[2,2048,512,524288] Keff_nb=[2,2048,512,524288] Veff_nb=[2,2048,512,524288]
CUDA_FA_ROUTE_SUPPORTED kernel=MMA_F16 effK=f16 effV=f16 supported=1
CUDA_FA_ROUTE_PLAN device=0 Q=[256,256,16,1] Kraw=turbo3 Vraw=f16 Kshape=[256,256,4,1] Vshape=[256,256,4,1] Keff=f16 Veff=f16 turbo_kv=1 prefer_native_vec=0 decode=1 dk=1 dv=0 unsafe_vec_after_turbo_v_decode=0 allow_vec=1 kernel=MMA_F16 need_f16_K=0 need_f16_V=0 Knb=[50,400,100,102400] Vnb=[2,2048,512,524288] Keff_nb=[2,2048,512,524288] Veff_nb=[2,2048,512,524288]
CUDA_FA_ROUTE_SUPPORTED kernel=MMA_F16 effK=f16 effV=f16 supported=1
CUDA_FA_ROUTE_PLAN device=0 Q=[256,256,16,1] Kraw=turbo3 Vraw=f16 Kshape=[256,256,4,1] Vshape=[256,256,4,1] Keff=f16 Veff=f16 turbo_kv=1 prefer_native_vec=0 decode=1 dk=1 dv=0 unsafe_vec_after_turbo_v_decode=0 allow_vec=1 kernel=MMA_F16 need_f16_K=0 need_f16_V=0 Knb=[50,400,100,102400] Vnb=[2,2048,512,524288] Keff_nb=[2,2048,512,524288] Veff_nb=[2,2048,512,524288]
CUDA_FA_ROUTE_SUPPORTED kernel=MMA_F16 effK=f16 effV=f16 supported=1
CUDA_FA_ROUTE_PLAN device=0 Q=[256,256,16,1] Kraw=turbo3 Vraw=f16 Kshape=[256,256,4,1] Vshape=[256,256,4,1] Keff=f16 Veff=f16 turbo_kv=1 prefer_native_vec=0 decode=1 dk=1 dv=0 unsafe_vec_after_turbo_v_decode=0 allow_vec=1 kernel=MMA_F16 need_f16_K=0 need_f16_V=0 Knb=[50,400,100,102400] Vnb=[2,2048,512,524288] Keff_nb=[2,2048,512,524288] Veff_nb=[2,2048,512,524288]
CUDA_FA_ROUTE_ALLOC kernel=MMA_F16 need_f16_K=0 need_f16_V=0 workspace_end_offset=4194304 dst_data=(nil) f16_K=(nil) f16_V=(nil) f16_end=0x400000
CUDA_FA_ROUTE_PLAN device=0 Q=[256,256,16,1] Kraw=turbo3 Vraw=f16 Kshape=[256,256,4,1] Vshape=[256,256,4,1] Keff=f16 Veff=f16 turbo_kv=1 prefer_native_vec=0 decode=1 dk=1 dv=0 unsafe_vec_after_turbo_v_decode=0 allow_vec=1 kernel=MMA_F16 need_f16_K=0 need_f16_V=0 Knb=[50,400,100,102400] Vnb=[2,2048,512,524288] Keff_nb=[2,2048,512,524288] Veff_nb=[2,2048,512,524288]
CUDA_FA_ROUTE_ALLOC kernel=MMA_F16 need_f16_K=0 need_f16_V=0 workspace_end_offset=4194304 dst_data=(nil) f16_K=(nil) f16_V=(nil) f16_end=0x400000
CUDA_FA_ROUTE_PLAN device=0 Q=[256,256,16,1] Kraw=turbo3 Vraw=f16 Kshape=[256,256,4,1] Vshape=[256,256,4,1] Keff=f16 Veff=f16 turbo_kv=1 prefer_native_vec=0 decode=1 dk=1 dv=0 unsafe_vec_after_turbo_v_decode=0 allow_vec=1 kernel=MMA_F16 need_f16_K=0 need_f16_V=0 Knb=[50,400,100,102400] Vnb=[2,2048,512,524288] Keff_nb=[2,2048,512,524288] Veff_nb=[2,2048,512,524288]
CUDA_FA_ROUTE_ALLOC kernel=MMA_F16 need_f16_K=0 need_f16_V=0 workspace_end_offset=4194304 dst_data=(nil) f16_K=(nil) f16_V=(nil) f16_end=0x400000
CUDA_FA_ROUTE_PLAN device=0 Q=[256,256,16,1] Kraw=turbo3 Vraw=f16 Kshape=[256,256,4,1] Vshape=[256,256,4,1] Keff=f16 Veff=f16 turbo_kv=1 prefer_native_vec=0 decode=1 dk=1 dv=0 unsafe_vec_after_turbo_v_decode=0 allow_vec=1 kernel=MMA_F16 need_f16_K=0 need_f16_V=0 Knb=[50,400,100,102400] Vnb=[2,2048,512,524288] Keff_nb=[2,2048,512,524288] Veff_nb=[2,2048,512,524288]
CUDA_FA_ROUTE_ALLOC kernel=MMA_F16 need_f16_K=0 need_f16_V=0 workspace_end_offset=4194304 dst_data=(nil) f16_K=(nil) f16_V=(nil) f16_end=0x400000
CUDA_FA_ROUTE_PLAN device=0 Q=[256,256,16,1] Kraw=turbo3 Vraw=f16 Kshape=[256,256,4,1] Vshape=[256,256,4,1] Keff=f16 Veff=f16 turbo_kv=1 prefer_native_vec=0 decode=1 dk=1 dv=0 unsafe_vec_after_turbo_v_decode=0 allow_vec=1 kernel=MMA_F16 need_f16_K=0 need_f16_V=0 Knb=[50,400,100,102400] Vnb=[2,2048,512,524288] Keff_nb=[2,2048,512,524288] Veff_nb=[2,2048,512,524288]
CUDA_FA_ROUTE_ALLOC kernel=MMA_F16 need_f16_K=0 need_f16_V=0 workspace_end_offset=4194304 dst_data=(nil) f16_K=(nil) f16_V=(nil) f16_end=0x400000
CUDA_FA_ROUTE_PLAN device=0 Q=[256,256,16,1] Kraw=turbo3 Vraw=f16 Kshape=[256,256,4,1] Vshape=[256,256,4,1] Keff=f16 Veff=f16 turbo_kv=1 prefer_native_vec=0 decode=1 dk=1 dv=0 unsafe_vec_after_turbo_v_decode=0 allow_vec=1 kernel=MMA_F16 need_f16_K=0 need_f16_V=0 Knb=[50,400,100,102400] Vnb=[2,2048,512,524288] Keff_nb=[2,2048,512,524288] Veff_nb=[2,2048,512,524288]
CUDA_FA_ROUTE_ALLOC kernel=MMA_F16 need_f16_K=0 need_f16_V=0 workspace_end_offset=4194304 dst_data=(nil) f16_K=(nil) f16_V=(nil) f16_end=0x400000
CUDA_FA_ROUTE_PLAN device=0 Q=[256,256,16,1] Kraw=turbo3 Vraw=f16 Kshape=[256,256,4,1] Vshape=[256,256,4,1] Keff=f16 Veff=f16 turbo_kv=1 prefer_native_vec=0 decode=1 dk=1 dv=0 unsafe_vec_after_turbo_v_decode=0 allow_vec=1 kernel=MMA_F16 need_f16_K=0 need_f16_V=0 Knb=[50,400,100,102400] Vnb=[2,2048,512,524288] Keff_nb=[2,2048,512,524288] Veff_nb=[2,2048,512,524288]
CUDA_FA_ROUTE_ALLOC kernel=MMA_F16 need_f16_K=0 need_f16_V=0 workspace_end_offset=4194304 dst_data=(nil) f16_K=(nil) f16_V=(nil) f16_end=0x400000
CUDA_FA_ROUTE_PLAN device=0 Q=[256,256,16,1] Kraw=turbo3 Vraw=f16 Kshape=[256,256,4,1] Vshape=[256,256,4,1] Keff=f16 Veff=f16 turbo_kv=1 prefer_native_vec=0 decode=1 dk=1 dv=0 unsafe_vec_after_turbo_v_decode=0 allow_vec=1 kernel=MMA_F16 need_f16_K=0 need_f16_V=0 Knb=[50,400,100,102400] Vnb=[2,2048,512,524288] Keff_nb=[2,2048,512,524288] Veff_nb=[2,2048,512,524288]
CUDA_FA_ROUTE_ALLOC kernel=MMA_F16 need_f16_K=0 need_f16_V=0 workspace_end_offset=4194304 dst_data=(nil) f16_K=(nil) f16_V=(nil) f16_end=0x400000
CUDA_FA_ROUTE_PLAN device=0 Q=[256,256,16,1] Kraw=turbo3 Vraw=f16 Kshape=[256,256,4,1] Vshape=[256,256,4,1] Keff=f16 Veff=f16 turbo_kv=1 prefer_native_vec=0 decode=1 dk=1 dv=0 unsafe_vec_after_turbo_v_decode=0 allow_vec=1 kernel=MMA_F16 need_f16_K=0 need_f16_V=0 Knb=[50,400,100,102400] Vnb=[2,2048,512,524288] Keff_nb=[2,2048,512,524288] Veff_nb=[2,2048,512,524288]
CUDA_FA_ROUTE_ALLOC kernel=MMA_F16 need_f16_K=0 need_f16_V=0 workspace_end_offset=4194304 dst_data=(nil) f16_K=(nil) f16_V=(nil) f16_end=0x400000
CUDA_FA_ROUTE_PLAN device=0 Q=[256,256,16,1] Kraw=turbo3 Vraw=f16 Kshape=[256,256,4,1] Vshape=[256,256,4,1] Keff=f16 Veff=f16 turbo_kv=1 prefer_native_vec=0 decode=1 dk=1 dv=0 unsafe_vec_after_turbo_v_decode=0 allow_vec=1 kernel=MMA_F16 need_f16_K=0 need_f16_V=0 Knb=[50,400,100,102400] Vnb=[2,2048,512,524288] Keff_nb=[2,2048,512,524288] Veff_nb=[2,2048,512,524288]
CUDA_FA_ROUTE_ALLOC kernel=MMA_F16 need_f16_K=0 need_f16_V=0 workspace_end_offset=4194304 dst_data=(nil) f16_K=(nil) f16_V=(nil) f16_end=0x400000
CUDA_FA_ROUTE_PLAN device=0 Q=[256,256,16,1] Kraw=turbo3 Vraw=f16 Kshape=[256,256,4,1] Vshape=[256,256,4,1] Keff=f16 Veff=f16 turbo_kv=1 prefer_native_vec=0 decode=1 dk=1 dv=0 unsafe_vec_after_turbo_v_decode=0 allow_vec=1 kernel=MMA_F16 need_f16_K=0 need_f16_V=0 Knb=[50,400,100,102400] Vnb=[2,2048,512,524288] Keff_nb=[2,2048,512,524288] Veff_nb=[2,2048,512,524288]
CUDA_FA_ROUTE_ALLOC kernel=MMA_F16 need_f16_K=0 need_f16_V=0 workspace_end_offset=4194304 dst_data=(nil) f16_K=(nil) f16_V=(nil) f16_end=0x400000
CUDA_FA_ROUTE_PLAN device=0 Q=[256,256,16,1] Kraw=turbo3 Vraw=f16 Kshape=[256,256,4,1] Vshape=[256,256,4,1] Keff=f16 Veff=f16 turbo_kv=1 prefer_native_vec=0 decode=1 dk=1 dv=0 unsafe_vec_after_turbo_v_decode=0 allow_vec=1 kernel=MMA_F16 need_f16_K=0 need_f16_V=0 Knb=[50,400,100,102400] Vnb=[2,2048,512,524288] Keff_nb=[2,2048,512,524288] Veff_nb=[2,2048,512,524288]
CUDA_FA_ROUTE_ALLOC kernel=MMA_F16 need_f16_K=0 need_f16_V=0 workspace_end_offset=4194304 dst_data=(nil) f16_K=(nil) f16_V=(nil) f16_end=0x400000
CUDA_FA_ROUTE_PLAN device=0 Q=[256,256,16,1] Kraw=turbo3 Vraw=f16 Kshape=[256,256,4,1] Vshape=[256,256,4,1] Keff=f16 Veff=f16 turbo_kv=1 prefer_native_vec=0 decode=1 dk=1 dv=0 unsafe_vec_after_turbo_v_decode=0 allow_vec=1 kernel=MMA_F16 need_f16_K=0 need_f16_V=0 Knb=[50,400,100,102400] Vnb=[2,2048,512,524288] Keff_nb=[2,2048,512,524288] Veff_nb=[2,2048,512,524288]
CUDA_FA_ROUTE_ALLOC kernel=MMA_F16 need_f16_K=0 need_f16_V=0 workspace_end_offset=4194304 dst_data=(nil) f16_K=(nil) f16_V=(nil) f16_end=0x400000
CUDA_FA_ROUTE_PLAN device=0 Q=[256,256,16,1] Kraw=turbo3 Vraw=f16 Kshape=[256,256,4,1] Vshape=[256,256,4,1] Keff=f16 Veff=f16 turbo_kv=1 prefer_native_vec=0 decode=1 dk=1 dv=0 unsafe_vec_after_turbo_v_decode=0 allow_vec=1 kernel=MMA_F16 need_f16_K=0 need_f16_V=0 Knb=[50,400,100,102400] Vnb=[2,2048,512,524288] Keff_nb=[2,2048,512,524288] Veff_nb=[2,2048,512,524288]
CUDA_FA_ROUTE_ALLOC kernel=MMA_F16 need_f16_K=0 need_f16_V=0 workspace_end_offset=4194304 dst_data=(nil) f16_K=(nil) f16_V=(nil) f16_end=0x400000
CUDA_FA_ROUTE_PLAN device=0 Q=[256,256,16,1] Kraw=turbo3 Vraw=f16 Kshape=[256,256,4,1] Vshape=[256,256,4,1] Keff=f16 Veff=f16 turbo_kv=1 prefer_native_vec=0 decode=1 dk=1 dv=0 unsafe_vec_after_turbo_v_decode=0 allow_vec=1 kernel=MMA_F16 need_f16_K=0 need_f16_V=0 Knb=[50,400,100,102400] Vnb=[2,2048,512,524288] Keff_nb=[2,2048,512,524288] Veff_nb=[2,2048,512,524288]
CUDA_FA_ROUTE_ALLOC kernel=MMA_F16 need_f16_K=0 need_f16_V=0 workspace_end_offset=4194304 dst_data=(nil) f16_K=(nil) f16_V=(nil) f16_end=0x400000
CUDA_FA_ROUTE_PLAN device=0 Q=[256,256,16,1] Kraw=turbo3 Vraw=f16 Kshape=[256,256,4,1] Vshape=[256,256,4,1] Keff=f16 Veff=f16 turbo_kv=1 prefer_native_vec=0 decode=1 dk=1 dv=0 unsafe_vec_after_turbo_v_decode=0 allow_vec=1 kernel=MMA_F16 need_f16_K=0 need_f16_V=0 Knb=[50,400,100,102400] Vnb=[2,2048,512,524288] Keff_nb=[2,2048,512,524288] Veff_nb=[2,2048,512,524288]
CUDA_FA_ROUTE_ALLOC kernel=MMA_F16 need_f16_K=0 need_f16_V=0 workspace_end_offset=4194304 dst_data=(nil) f16_K=(nil) f16_V=(nil) f16_end=0x400000
CUDA_FA_ROUTE_PLAN device=0 Q=[256,256,16,1] Kraw=turbo3 Vraw=f16 Kshape=[256,256,4,1] Vshape=[256,256,4,1] Keff=f16 Veff=f16 turbo_kv=1 prefer_native_vec=0 decode=1 dk=1 dv=0 unsafe_vec_after_turbo_v_decode=0 allow_vec=1 kernel=MMA_F16 need_f16_K=0 need_f16_V=0 Knb=[50,400,100,102400] Vnb=[2,2048,512,524288] Keff_nb=[2,2048,512,524288] Veff_nb=[2,2048,512,524288]
CUDA_FA_ROUTE_ALLOC kernel=MMA_F16 need_f16_K=0 need_f16_V=0 workspace_end_offset=4194304 dst_data=(nil) f16_K=(nil) f16_V=(nil) f16_end=0x400000
CUDA_FA_ROUTE_PLAN device=0 Q=[256,256,16,1] Kraw=turbo3 Vraw=f16 Kshape=[256,256,4,1] Vshape=[256,256,4,1] Keff=f16 Veff=f16 turbo_kv=1 prefer_native_vec=0 decode=1 dk=1 dv=0 unsafe_vec_after_turbo_v_decode=0 allow_vec=1 kernel=MMA_F16 need_f16_K=0 need_f16_V=0 Knb=[50,400,100,102400] Vnb=[2,2048,512,524288] Keff_nb=[2,2048,512,524288] Veff_nb=[2,2048,512,524288]
CUDA_FA_ROUTE_ALLOC kernel=MMA_F16 need_f16_K=0 need_f16_V=0 workspace_end_offset=4194304 dst_data=(nil) f16_K=(nil) f16_V=(nil) f16_end=0x400000
CUDA_FA_ROUTE_PLAN device=0 Q=[256,256,16,1] Kraw=turbo3 Vraw=f16 Kshape=[256,256,4,1] Vshape=[256,256,4,1] Keff=f16 Veff=f16 turbo_kv=1 prefer_native_vec=0 decode=1 dk=1 dv=0 unsafe_vec_after_turbo_v_decode=0 allow_vec=1 kernel=MMA_F16 need_f16_K=0 need_f16_V=0 Knb=[50,400,100,102400] Vnb=[2,2048,512,524288] Keff_nb=[2,2048,512,524288] Veff_nb=[2,2048,512,524288]
CUDA_FA_ROUTE_ALLOC kernel=MMA_F16 need_f16_K=0 need_f16_V=0 workspace_end_offset=4194304 dst_data=(nil) f16_K=(nil) f16_V=(nil) f16_end=0x400000
CUDA_FA_ROUTE_PLAN device=0 Q=[256,256,16,1] Kraw=turbo3 Vraw=f16 Kshape=[256,256,4,1] Vshape=[256,256,4,1] Keff=f16 Veff=f16 turbo_kv=1 prefer_native_vec=0 decode=1 dk=1 dv=0 unsafe_vec_after_turbo_v_decode=0 allow_vec=1 kernel=MMA_F16 need_f16_K=0 need_f16_V=0 Knb=[50,400,100,102400] Vnb=[2,2048,512,524288] Keff_nb=[2,2048,512,524288] Veff_nb=[2,2048,512,524288]
CUDA_FA_ROUTE_ALLOC kernel=MMA_F16 need_f16_K=0 need_f16_V=0 workspace_end_offset=4194304 dst_data=(nil) f16_K=(nil) f16_V=(nil) f16_end=0x400000
CUDA_FA_ROUTE_PLAN device=0 Q=[256,256,16,1] Kraw=turbo3 Vraw=f16 Kshape=[256,256,4,1] Vshape=[256,256,4,1] Keff=f16 Veff=f16 turbo_kv=1 prefer_native_vec=0 decode=1 dk=1 dv=0 unsafe_vec_after_turbo_v_decode=0 allow_vec=1 kernel=MMA_F16 need_f16_K=0 need_f16_V=0 Knb=[50,400,100,102400] Vnb=[2,2048,512,524288] Keff_nb=[2,2048,512,524288] Veff_nb=[2,2048,512,524288]
CUDA_FA_ROUTE_ALLOC kernel=MMA_F16 need_f16_K=0 need_f16_V=0 workspace_end_offset=4194304 dst_data=(nil) f16_K=(nil) f16_V=(nil) f16_end=0x400000
CUDA_FA_ROUTE_PLAN device=0 Q=[256,256,16,1] Kraw=turbo3 Vraw=f16 Kshape=[256,256,4,1] Vshape=[256,256,4,1] Keff=f16 Veff=f16 turbo_kv=1 prefer_native_vec=0 decode=1 dk=1 dv=0 unsafe_vec_after_turbo_v_decode=0 allow_vec=1 kernel=MMA_F16 need_f16_K=0 need_f16_V=0 Knb=[50,400,100,102400] Vnb=[2,2048,512,524288] Keff_nb=[2,2048,512,524288] Veff_nb=[2,2048,512,524288]
CUDA_FA_ROUTE_ALLOC kernel=MMA_F16 need_f16_K=0 need_f16_V=0 workspace_end_offset=4194304 dst_data=(nil) f16_K=(nil) f16_V=(nil) f16_end=0x400000
CUDA_FA_ROUTE_PLAN device=0 Q=[256,256,16,1] Kraw=turbo3 Vraw=f16 Kshape=[256,256,4,1] Vshape=[256,256,4,1] Keff=f16 Veff=f16 turbo_kv=1 prefer_native_vec=0 decode=1 dk=1 dv=0 unsafe_vec_after_turbo_v_decode=0 allow_vec=1 kernel=MMA_F16 need_f16_K=0 need_f16_V=0 Knb=[50,400,100,102400] Vnb=[2,2048,512,524288] Keff_nb=[2,2048,512,524288] Veff_nb=[2,2048,512,524288]
CUDA_FA_ROUTE_ALLOC kernel=MMA_F16 need_f16_K=0 need_f16_V=0 workspace_end_offset=4194304 dst_data=(nil) f16_K=(nil) f16_V=(nil) f16_end=0x400000
CUDA_FA_ROUTE_PLAN device=0 Q=[256,256,16,1] Kraw=turbo3 Vraw=f16 Kshape=[256,256,4,1] Vshape=[256,256,4,1] Keff=f16 Veff=f16 turbo_kv=1 prefer_native_vec=0 decode=1 dk=1 dv=0 unsafe_vec_after_turbo_v_decode=0 allow_vec=1 kernel=MMA_F16 need_f16_K=0 need_f16_V=0 Knb=[50,400,100,102400] Vnb=[2,2048,512,524288] Keff_nb=[2,2048,512,524288] Veff_nb=[2,2048,512,524288]
CUDA_FA_ROUTE_ALLOC kernel=MMA_F16 need_f16_K=0 need_f16_V=0 workspace_end_offset=4194304 dst_data=(nil) f16_K=(nil) f16_V=(nil) f16_end=0x400000
CUDA_FA_ROUTE_PLAN device=0 Q=[256,256,16,1] Kraw=turbo3 Vraw=f16 Kshape=[256,256,4,1] Vshape=[256,256,4,1] Keff=f16 Veff=f16 turbo_kv=1 prefer_native_vec=0 decode=1 dk=1 dv=0 unsafe_vec_after_turbo_v_decode=0 allow_vec=1 kernel=MMA_F16 need_f16_K=0 need_f16_V=0 Knb=[50,400,100,102400] Vnb=[2,2048,512,524288] Keff_nb=[2,2048,512,524288] Veff_nb=[2,2048,512,524288]
CUDA_FA_ROUTE_ALLOC kernel=MMA_F16 need_f16_K=0 need_f16_V=0 workspace_end_offset=4194304 dst_data=(nil) f16_K=(nil) f16_V=(nil) f16_end=0x400000
CUDA_FA_ROUTE_PLAN device=0 Q=[256,256,16,1] Kraw=turbo3 Vraw=f16 Kshape=[256,256,4,1] Vshape=[256,256,4,1] Keff=f16 Veff=f16 turbo_kv=1 prefer_native_vec=0 decode=1 dk=1 dv=0 unsafe_vec_after_turbo_v_decode=0 allow_vec=1 kernel=MMA_F16 need_f16_K=0 need_f16_V=0 Knb=[50,400,100,102400] Vnb=[2,2048,512,524288] Keff_nb=[2,2048,512,524288] Veff_nb=[2,2048,512,524288]
CUDA_FA_ROUTE_ALLOC kernel=MMA_F16 need_f16_K=0 need_f16_V=0 workspace_end_offset=4194304 dst_data=(nil) f16_K=(nil) f16_V=(nil) f16_end=0x400000
CUDA_FA_ROUTE_PLAN device=0 Q=[256,256,16,1] Kraw=turbo3 Vraw=f16 Kshape=[256,256,4,1] Vshape=[256,256,4,1] Keff=f16 Veff=f16 turbo_kv=1 prefer_native_vec=0 decode=1 dk=1 dv=0 unsafe_vec_after_turbo_v_decode=0 allow_vec=1 kernel=MMA_F16 need_f16_K=0 need_f16_V=0 Knb=[50,400,100,102400] Vnb=[2,2048,512,524288] Keff_nb=[2,2048,512,524288] Veff_nb=[2,2048,512,524288]
CUDA_FA_ROUTE_ALLOC kernel=MMA_F16 need_f16_K=0 need_f16_V=0 workspace_end_offset=4194304 dst_data=(nil) f16_K=(nil) f16_V=(nil) f16_end=0x400000
CUDA_FA_ROUTE_PLAN device=0 Q=[256,256,16,1] Kraw=turbo3 Vraw=f16 Kshape=[256,256,4,1] Vshape=[256,256,4,1] Keff=f16 Veff=f16 turbo_kv=1 prefer_native_vec=0 decode=1 dk=1 dv=0 unsafe_vec_after_turbo_v_decode=0 allow_vec=1 kernel=MMA_F16 need_f16_K=0 need_f16_V=0 Knb=[50,400,100,102400] Vnb=[2,2048,512,524288] Keff_nb=[2,2048,512,524288] Veff_nb=[2,2048,512,524288]
CUDA_FA_ROUTE_ALLOC kernel=MMA_F16 need_f16_K=0 need_f16_V=0 workspace_end_offset=4194304 dst_data=(nil) f16_K=(nil) f16_V=(nil) f16_end=0x400000
CUDA_FA_ROUTE_PLAN device=0 Q=[256,256,16,1] Kraw=turbo3 Vraw=f16 Kshape=[256,256,4,1] Vshape=[256,256,4,1] Keff=f16 Veff=f16 turbo_kv=1 prefer_native_vec=0 decode=1 dk=1 dv=0 unsafe_vec_after_turbo_v_decode=0 allow_vec=1 kernel=MMA_F16 need_f16_K=0 need_f16_V=0 Knb=[50,400,100,102400] Vnb=[2,2048,512,524288] Keff_nb=[2,2048,512,524288] Veff_nb=[2,2048,512,524288]
CUDA_FA_ROUTE_ALLOC kernel=MMA_F16 need_f16_K=0 need_f16_V=0 workspace_end_offset=4194304 dst_data=(nil) f16_K=(nil) f16_V=(nil) f16_end=0x400000
CUDA_FA_ROUTE_PLAN device=0 Q=[256,256,16,1] Kraw=turbo3 Vraw=f16 Kshape=[256,256,4,1] Vshape=[256,256,4,1] Keff=f16 Veff=f16 turbo_kv=1 prefer_native_vec=0 decode=1 dk=1 dv=0 unsafe_vec_after_turbo_v_decode=0 allow_vec=1 kernel=MMA_F16 need_f16_K=0 need_f16_V=0 Knb=[50,400,100,102400] Vnb=[2,2048,512,524288] Keff_nb=[2,2048,512,524288] Veff_nb=[2,2048,512,524288]
CUDA_FA_ROUTE_ALLOC kernel=MMA_F16 need_f16_K=0 need_f16_V=0 workspace_end_offset=4194304 dst_data=(nil) f16_K=(nil) f16_V=(nil) f16_end=0x400000
CUDA_FA_ROUTE_PLAN device=0 Q=[256,256,16,1] Kraw=turbo3 Vraw=f16 Kshape=[256,256,4,1] Vshape=[256,256,4,1] Keff=f16 Veff=f16 turbo_kv=1 prefer_native_vec=0 decode=1 dk=1 dv=0 unsafe_vec_after_turbo_v_decode=0 allow_vec=1 kernel=MMA_F16 need_f16_K=0 need_f16_V=0 Knb=[50,400,100,102400] Vnb=[2,2048,512,524288] Keff_nb=[2,2048,512,524288] Veff_nb=[2,2048,512,524288]
CUDA_FA_ROUTE_ALLOC kernel=MMA_F16 need_f16_K=0 need_f16_V=0 workspace_end_offset=4194304 dst_data=(nil) f16_K=(nil) f16_V=(nil) f16_end=0x400000
CUDA_FA_ROUTE_PLAN device=0 Q=[256,256,16,1] Kraw=turbo3 Vraw=f16 Kshape=[256,256,4,1] Vshape=[256,256,4,1] Keff=f16 Veff=f16 turbo_kv=1 prefer_native_vec=0 decode=1 dk=1 dv=0 unsafe_vec_after_turbo_v_decode=0 allow_vec=1 kernel=MMA_F16 need_f16_K=0 need_f16_V=0 Knb=[50,400,100,102400] Vnb=[2,2048,512,524288] Keff_nb=[2,2048,512,524288] Veff_nb=[2,2048,512,524288]
CUDA_FA_ROUTE_ALLOC kernel=MMA_F16 need_f16_K=0 need_f16_V=0 workspace_end_offset=4194304 dst_data=(nil) f16_K=(nil) f16_V=(nil) f16_end=0x400000
CUDA_FA_ROUTE_PLAN device=0 Q=[256,1,16,1] Kraw=turbo3 Vraw=f16 Kshape=[256,256,4,1] Vshape=[256,256,4,1] Keff=f16 Veff=f16 turbo_kv=1 prefer_native_vec=0 decode=1 dk=1 dv=0 unsafe_vec_after_turbo_v_decode=0 allow_vec=1 kernel=MMA_F16 need_f16_K=0 need_f16_V=0 Knb=[50,400,100,102400] Vnb=[2,2048,512,524288] Keff_nb=[2,2048,512,524288] Veff_nb=[2,2048,512,524288]
CUDA_FA_ROUTE_SUPPORTED kernel=MMA_F16 effK=f16 effV=f16 supported=1
CUDA_FA_ROUTE_PLAN device=0 Q=[256,1,16,1] Kraw=turbo3 Vraw=f16 Kshape=[256,256,4,1] Vshape=[256,256,4,1] Keff=f16 Veff=f16 turbo_kv=1 prefer_native_vec=0 decode=1 dk=1 dv=0 unsafe_vec_after_turbo_v_decode=0 allow_vec=1 kernel=MMA_F16 need_f16_K=0 need_f16_V=0 Knb=[50,400,100,102400] Vnb=[2,2048,512,524288] Keff_nb=[2,2048,512,524288] Veff_nb=[2,2048,512,524288]
CUDA_FA_ROUTE_SUPPORTED kernel=MMA_F16 effK=f16 effV=f16 supported=1
CUDA_FA_ROUTE_PLAN device=0 Q=[256,1,16,1] Kraw=turbo3 Vraw=f16 Kshape=[256,256,4,1] Vshape=[256,256,4,1] Keff=f16 Veff=f16 turbo_kv=1 prefer_native_vec=0 decode=1 dk=1 dv=0 unsafe_vec_after_turbo_v_decode=0 allow_vec=1 kernel=MMA_F16 need_f16_K=0 need_f16_V=0 Knb=[50,400,100,102400] Vnb=[2,2048,512,524288] Keff_nb=[2,2048,512,524288] Veff_nb=[2,2048,512,524288]
CUDA_FA_ROUTE_SUPPORTED kernel=MMA_F16 effK=f16 effV=f16 supported=1
CUDA_FA_ROUTE_PLAN device=0 Q=[256,1,16,1] Kraw=turbo3 Vraw=f16 Kshape=[256,256,4,1] Vshape=[256,256,4,1] Keff=f16 Veff=f16 turbo_kv=1 prefer_native_vec=0 decode=1 dk=1 dv=0 unsafe_vec_after_turbo_v_decode=0 allow_vec=1 kernel=MMA_F16 need_f16_K=0 need_f16_V=0 Knb=[50,400,100,102400] Vnb=[2,2048,512,524288] Keff_nb=[2,2048,512,524288] Veff_nb=[2,2048,512,524288]
CUDA_FA_ROUTE_SUPPORTED kernel=MMA_F16 effK=f16 effV=f16 supported=1
CUDA_FA_ROUTE_PLAN device=0 Q=[256,1,16,1] Kraw=turbo3 Vraw=f16 Kshape=[256,256,4,1] Vshape=[256,256,4,1] Keff=f16 Veff=f16 turbo_kv=1 prefer_native_vec=0 decode=1 dk=1 dv=0 unsafe_vec_after_turbo_v_decode=0 allow_vec=1 kernel=MMA_F16 need_f16_K=0 need_f16_V=0 Knb=[50,400,100,102400] Vnb=[2,2048,512,524288] Keff_nb=[2,2048,512,524288] Veff_nb=[2,2048,512,524288]
CUDA_FA_ROUTE_SUPPORTED kernel=MMA_F16 effK=f16 effV=f16 supported=1
CUDA_FA_ROUTE_PLAN device=0 Q=[256,1,16,1] Kraw=turbo3 Vraw=f16 Kshape=[256,256,4,1] Vshape=[256,256,4,1] Keff=f16 Veff=f16 turbo_kv=1 prefer_native_vec=0 decode=1 dk=1 dv=0 unsafe_vec_after_turbo_v_decode=0 allow_vec=1 kernel=MMA_F16 need_f16_K=0 need_f16_V=0 Knb=[50,400,100,102400] Vnb=[2,2048,512,524288] Keff_nb=[2,2048,512,524288] Veff_nb=[2,2048,512,524288]
CUDA_FA_ROUTE_SUPPORTED kernel=MMA_F16 effK=f16 effV=f16 supported=1
CUDA_FA_ROUTE_PLAN device=0 Q=[256,1,16,1] Kraw=turbo3 Vraw=f16 Kshape=[256,256,4,1] Vshape=[256,256,4,1] Keff=f16 Veff=f16 turbo_kv=1 prefer_native_vec=0 decode=1 dk=1 dv=0 unsafe_vec_after_turbo_v_decode=0 allow_vec=1 kernel=MMA_F16 need_f16_K=0 need_f16_V=0 Knb=[50,400,100,102400] Vnb=[2,2048,512,524288] Keff_nb=[2,2048,512,524288] Veff_nb=[2,2048,512,524288]
CUDA_FA_ROUTE_SUPPORTED kernel=MMA_F16 effK=f16 effV=f16 supported=1
CUDA_FA_ROUTE_PLAN device=0 Q=[256,1,16,1] Kraw=turbo3 Vraw=f16 Kshape=[256,256,4,1] Vshape=[256,256,4,1] Keff=f16 Veff=f16 turbo_kv=1 prefer_native_vec=0 decode=1 dk=1 dv=0 unsafe_vec_after_turbo_v_decode=0 allow_vec=1 kernel=MMA_F16 need_f16_K=0 need_f16_V=0 Knb=[50,400,100,102400] Vnb=[2,2048,512,524288] Keff_nb=[2,2048,512,524288] Veff_nb=[2,2048,512,524288]
CUDA_FA_ROUTE_SUPPORTED kernel=MMA_F16 effK=f16 effV=f16 supported=1
CUDA_FA_ROUTE_PLAN device=0 Q=[256,1,16,1] Kraw=turbo3 Vraw=f16 Kshape=[256,256,4,1] Vshape=[256,256,4,1] Keff=f16 Veff=f16 turbo_kv=1 prefer_native_vec=0 decode=1 dk=1 dv=0 unsafe_vec_after_turbo_v_decode=0 allow_vec=1 kernel=MMA_F16 need_f16_K=0 need_f16_V=0 Knb=[50,400,100,102400] Vnb=[2,2048,512,524288] Keff_nb=[2,2048,512,524288] Veff_nb=[2,2048,512,524288]
CUDA_FA_ROUTE_ALLOC kernel=MMA_F16 need_f16_K=0 need_f16_V=0 workspace_end_offset=16384 dst_data=(nil) f16_K=(nil) f16_V=(nil) f16_end=0x4000
CUDA_FA_ROUTE_PLAN device=0 Q=[256,1,16,1] Kraw=turbo3 Vraw=f16 Kshape=[256,256,4,1] Vshape=[256,256,4,1] Keff=f16 Veff=f16 turbo_kv=1 prefer_native_vec=0 decode=1 dk=1 dv=0 unsafe_vec_after_turbo_v_decode=0 allow_vec=1 kernel=MMA_F16 need_f16_K=0 need_f16_V=0 Knb=[50,400,100,102400] Vnb=[2,2048,512,524288] Keff_nb=[2,2048,512,524288] Veff_nb=[2,2048,512,524288]
CUDA_FA_ROUTE_ALLOC kernel=MMA_F16 need_f16_K=0 need_f16_V=0 workspace_end_offset=16384 dst_data=(nil) f16_K=(nil) f16_V=(nil) f16_end=0x4000
CUDA_FA_ROUTE_PLAN device=0 Q=[256,1,16,1] Kraw=turbo3 Vraw=f16 Kshape=[256,256,4,1] Vshape=[256,256,4,1] Keff=f16 Veff=f16 turbo_kv=1 prefer_native_vec=0 decode=1 dk=1 dv=0 unsafe_vec_after_turbo_v_decode=0 allow_vec=1 kernel=MMA_F16 need_f16_K=0 need_f16_V=0 Knb=[50,400,100,102400] Vnb=[2,2048,512,524288] Keff_nb=[2,2048,512,524288] Veff_nb=[2,2048,512,524288]
CUDA_FA_ROUTE_ALLOC kernel=MMA_F16 need_f16_K=0 need_f16_V=0 workspace_end_offset=16384 dst_data=(nil) f16_K=(nil) f16_V=(nil) f16_end=0x4000
CUDA_FA_ROUTE_PLAN device=0 Q=[256,1,16,1] Kraw=turbo3 Vraw=f16 Kshape=[256,256,4,1] Vshape=[256,256,4,1] Keff=f16 Veff=f16 turbo_kv=1 prefer_native_vec=0 decode=1 dk=1 dv=0 unsafe_vec_after_turbo_v_decode=0 allow_vec=1 kernel=MMA_F16 need_f16_K=0 need_f16_V=0 Knb=[50,400,100,102400] Vnb=[2,2048,512,524288] Keff_nb=[2,2048,512,524288] Veff_nb=[2,2048,512,524288]
CUDA_FA_ROUTE_ALLOC kernel=MMA_F16 need_f16_K=0 need_f16_V=0 workspace_end_offset=16384 dst_data=(nil) f16_K=(nil) f16_V=(nil) f16_end=0x4000
CUDA_FA_ROUTE_PLAN device=0 Q=[256,1,16,1] Kraw=turbo3 Vraw=f16 Kshape=[256,256,4,1] Vshape=[256,256,4,1] Keff=f16 Veff=f16 turbo_kv=1 prefer_native_vec=0 decode=1 dk=1 dv=0 unsafe_vec_after_turbo_v_decode=0 allow_vec=1 kernel=MMA_F16 need_f16_K=0 need_f16_V=0 Knb=[50,400,100,102400] Vnb=[2,2048,512,524288] Keff_nb=[2,2048,512,524288] Veff_nb=[2,2048,512,524288]
CUDA_FA_ROUTE_ALLOC kernel=MMA_F16 need_f16_K=0 need_f16_V=0 workspace_end_offset=16384 dst_data=(nil) f16_K=(nil) f16_V=(nil) f16_end=0x4000
CUDA_FA_ROUTE_PLAN device=0 Q=[256,1,16,1] Kraw=turbo3 Vraw=f16 Kshape=[256,256,4,1] Vshape=[256,256,4,1] Keff=f16 Veff=f16 turbo_kv=1 prefer_native_vec=0 decode=1 dk=1 dv=0 unsafe_vec_after_turbo_v_decode=0 allow_vec=1 kernel=MMA_F16 need_f16_K=0 need_f16_V=0 Knb=[50,400,100,102400] Vnb=[2,2048,512,524288] Keff_nb=[2,2048,512,524288] Veff_nb=[2,2048,512,524288]
CUDA_FA_ROUTE_ALLOC kernel=MMA_F16 need_f16_K=0 need_f16_V=0 workspace_end_offset=16384 dst_data=(nil) f16_K=(nil) f16_V=(nil) f16_end=0x4000
CUDA_FA_ROUTE_PLAN device=0 Q=[256,1,16,1] Kraw=turbo3 Vraw=f16 Kshape=[256,256,4,1] Vshape=[256,256,4,1] Keff=f16 Veff=f16 turbo_kv=1 prefer_native_vec=0 decode=1 dk=1 dv=0 unsafe_vec_after_turbo_v_decode=0 allow_vec=1 kernel=MMA_F16 need_f16_K=0 need_f16_V=0 Knb=[50,400,100,102400] Vnb=[2,2048,512,524288] Keff_nb=[2,2048,512,524288] Veff_nb=[2,2048,512,524288]
CUDA_FA_ROUTE_ALLOC kernel=MMA_F16 need_f16_K=0 need_f16_V=0 workspace_end_offset=16384 dst_data=(nil) f16_K=(nil) f16_V=(nil) f16_end=0x4000
CUDA_FA_ROUTE_PLAN device=0 Q=[256,1,16,1] Kraw=turbo3 Vraw=f16 Kshape=[256,256,4,1] Vshape=[256,256,4,1] Keff=f16 Veff=f16 turbo_kv=1 prefer_native_vec=0 decode=1 dk=1 dv=0 unsafe_vec_after_turbo_v_decode=0 allow_vec=1 kernel=MMA_F16 need_f16_K=0 need_f16_V=0 Knb=[50,400,100,102400] Vnb=[2,2048,512,524288] Keff_nb=[2,2048,512,524288] Veff_nb=[2,2048,512,524288]
CUDA_FA_ROUTE_ALLOC kernel=MMA_F16 need_f16_K=0 need_f16_V=0 workspace_end_offset=16384 dst_data=(nil) f16_K=(nil) f16_V=(nil) f16_end=0x4000
CUDA_FA_ROUTE_PLAN device=0 Q=[256,1,16,1] Kraw=turbo3 Vraw=f16 Kshape=[256,256,4,1] Vshape=[256,256,4,1] Keff=f16 Veff=f16 turbo_kv=1 prefer_native_vec=0 decode=1 dk=1 dv=0 unsafe_vec_after_turbo_v_decode=0 allow_vec=1 kernel=MMA_F16 need_f16_K=0 need_f16_V=0 Knb=[50,400,100,102400] Vnb=[2,2048,512,524288] Keff_nb=[2,2048,512,524288] Veff_nb=[2,2048,512,524288]
CUDA_FA_ROUTE_ALLOC kernel=MMA_F16 need_f16_K=0 need_f16_V=0 workspace_end_offset=16384 dst_data=(nil) f16_K=(nil) f16_V=(nil) f16_end=0x4000
CUDA_FA_ROUTE_PLAN device=0 Q=[256,1,16,1] Kraw=turbo3 Vraw=f16 Kshape=[256,256,4,1] Vshape=[256,256,4,1] Keff=f16 Veff=f16 turbo_kv=1 prefer_native_vec=0 decode=1 dk=1 dv=0 unsafe_vec_after_turbo_v_decode=0 allow_vec=1 kernel=MMA_F16 need_f16_K=0 need_f16_V=0 Knb=[50,400,100,102400] Vnb=[2,2048,512,524288] Keff_nb=[2,2048,512,524288] Veff_nb=[2,2048,512,524288]
CUDA_FA_ROUTE_ALLOC kernel=MMA_F16 need_f16_K=0 need_f16_V=0 workspace_end_offset=16384 dst_data=(nil) f16_K=(nil) f16_V=(nil) f16_end=0x4000
CUDA_FA_ROUTE_PLAN device=0 Q=[256,1,16,1] Kraw=turbo3 Vraw=f16 Kshape=[256,256,4,1] Vshape=[256,256,4,1] Keff=f16 Veff=f16 turbo_kv=1 prefer_native_vec=0 decode=1 dk=1 dv=0 unsafe_vec_after_turbo_v_decode=0 allow_vec=1 kernel=MMA_F16 need_f16_K=0 need_f16_V=0 Knb=[50,400,100,102400] Vnb=[2,2048,512,524288] Keff_nb=[2,2048,512,524288] Veff_nb=[2,2048,512,524288]
CUDA_FA_ROUTE_ALLOC kernel=MMA_F16 need_f16_K=0 need_f16_V=0 workspace_end_offset=16384 dst_data=(nil) f16_K=(nil) f16_V=(nil) f16_end=0x4000
CUDA_FA_ROUTE_PLAN device=0 Q=[256,1,16,1] Kraw=turbo3 Vraw=f16 Kshape=[256,256,4,1] Vshape=[256,256,4,1] Keff=f16 Veff=f16 turbo_kv=1 prefer_native_vec=0 decode=1 dk=1 dv=0 unsafe_vec_after_turbo_v_decode=0 allow_vec=1 kernel=MMA_F16 need_f16_K=0 need_f16_V=0 Knb=[50,400,100,102400] Vnb=[2,2048,512,524288] Keff_nb=[2,2048,512,524288] Veff_nb=[2,2048,512,524288]
CUDA_FA_ROUTE_ALLOC kernel=MMA_F16 need_f16_K=0 need_f16_V=0 workspace_end_offset=16384 dst_data=(nil) f16_K=(nil) f16_V=(nil) f16_end=0x4000
CUDA_FA_ROUTE_PLAN device=0 Q=[256,1,16,1] Kraw=turbo3 Vraw=f16 Kshape=[256,256,4,1] Vshape=[256,256,4,1] Keff=f16 Veff=f16 turbo_kv=1 prefer_native_vec=0 decode=1 dk=1 dv=0 unsafe_vec_after_turbo_v_decode=0 allow_vec=1 kernel=MMA_F16 need_f16_K=0 need_f16_V=0 Knb=[50,400,100,102400] Vnb=[2,2048,512,524288] Keff_nb=[2,2048,512,524288] Veff_nb=[2,2048,512,524288]
CUDA_FA_ROUTE_ALLOC kernel=MMA_F16 need_f16_K=0 need_f16_V=0 workspace_end_offset=16384 dst_data=(nil) f16_K=(nil) f16_V=(nil) f16_end=0x4000
CUDA_FA_ROUTE_PLAN device=0 Q=[256,1,16,1] Kraw=turbo3 Vraw=f16 Kshape=[256,256,4,1] Vshape=[256,256,4,1] Keff=f16 Veff=f16 turbo_kv=1 prefer_native_vec=0 decode=1 dk=1 dv=0 unsafe_vec_after_turbo_v_decode=0 allow_vec=1 kernel=MMA_F16 need_f16_K=0 need_f16_V=0 Knb=[50,400,100,102400] Vnb=[2,2048,512,524288] Keff_nb=[2,2048,512,524288] Veff_nb=[2,2048,512,524288]
CUDA_FA_ROUTE_ALLOC kernel=MMA_F16 need_f16_K=0 need_f16_V=0 workspace_end_offset=16384 dst_data=(nil) f16_K=(nil) f16_V=(nil) f16_end=0x4000
CUDA_FA_ROUTE_PLAN device=0 Q=[256,1,16,1] Kraw=turbo3 Vraw=f16 Kshape=[256,256,4,1] Vshape=[256,256,4,1] Keff=f16 Veff=f16 turbo_kv=1 prefer_native_vec=0 decode=1 dk=1 dv=0 unsafe_vec_after_turbo_v_decode=0 allow_vec=1 kernel=MMA_F16 need_f16_K=0 need_f16_V=0 Knb=[50,400,100,102400] Vnb=[2,2048,512,524288] Keff_nb=[2,2048,512,524288] Veff_nb=[2,2048,512,524288]
CUDA_FA_ROUTE_ALLOC kernel=MMA_F16 need_f16_K=0 need_f16_V=0 workspace_end_offset=16384 dst_data=(nil) f16_K=(nil) f16_V=(nil) f16_end=0x4000
CUDA_FA_ROUTE_PLAN device=0 Q=[256,1,16,1] Kraw=turbo3 Vraw=f16 Kshape=[256,256,4,1] Vshape=[256,256,4,1] Keff=f16 Veff=f16 turbo_kv=1 prefer_native_vec=0 decode=1 dk=1 dv=0 unsafe_vec_after_turbo_v_decode=0 allow_vec=1 kernel=MMA_F16 need_f16_K=0 need_f16_V=0 Knb=[50,400,100,102400] Vnb=[2,2048,512,524288] Keff_nb=[2,2048,512,524288] Veff_nb=[2,2048,512,524288]
CUDA_FA_ROUTE_ALLOC kernel=MMA_F16 need_f16_K=0 need_f16_V=0 workspace_end_offset=16384 dst_data=(nil) f16_K=(nil) f16_V=(nil) f16_end=0x4000
CUDA_FA_ROUTE_PLAN device=0 Q=[256,1,16,1] Kraw=turbo3 Vraw=f16 Kshape=[256,256,4,1] Vshape=[256,256,4,1] Keff=f16 Veff=f16 turbo_kv=1 prefer_native_vec=0 decode=1 dk=1 dv=0 unsafe_vec_after_turbo_v_decode=0 allow_vec=1 kernel=MMA_F16 need_f16_K=0 need_f16_V=0 Knb=[50,400,100,102400] Vnb=[2,2048,512,524288] Keff_nb=[2,2048,512,524288] Veff_nb=[2,2048,512,524288]
CUDA_FA_ROUTE_ALLOC kernel=MMA_F16 need_f16_K=0 need_f16_V=0 workspace_end_offset=16384 dst_data=(nil) f16_K=(nil) f16_V=(nil) f16_end=0x4000
CUDA_FA_ROUTE_PLAN device=0 Q=[256,1,16,1] Kraw=turbo3 Vraw=f16 Kshape=[256,256,4,1] Vshape=[256,256,4,1] Keff=f16 Veff=f16 turbo_kv=1 prefer_native_vec=0 decode=1 dk=1 dv=0 unsafe_vec_after_turbo_v_decode=0 allow_vec=1 kernel=MMA_F16 need_f16_K=0 need_f16_V=0 Knb=[50,400,100,102400] Vnb=[2,2048,512,524288] Keff_nb=[2,2048,512,524288] Veff_nb=[2,2048,512,524288]
CUDA_FA_ROUTE_ALLOC kernel=MMA_F16 need_f16_K=0 need_f16_V=0 workspace_end_offset=16384 dst_data=(nil) f16_K=(nil) f16_V=(nil) f16_end=0x4000
CUDA_FA_ROUTE_PLAN device=0 Q=[256,1,16,1] Kraw=turbo3 Vraw=f16 Kshape=[256,256,4,1] Vshape=[256,256,4,1] Keff=f16 Veff=f16 turbo_kv=1 prefer_native_vec=0 decode=1 dk=1 dv=0 unsafe_vec_after_turbo_v_decode=0 allow_vec=1 kernel=MMA_F16 need_f16_K=0 need_f16_V=0 Knb=[50,400,100,102400] Vnb=[2,2048,512,524288] Keff_nb=[2,2048,512,524288] Veff_nb=[2,2048,512,524288]
CUDA_FA_ROUTE_ALLOC kernel=MMA_F16 need_f16_K=0 need_f16_V=0 workspace_end_offset=16384 dst_data=(nil) f16_K=(nil) f16_V=(nil) f16_end=0x4000
CUDA_FA_ROUTE_PLAN device=0 Q=[256,1,16,1] Kraw=turbo3 Vraw=f16 Kshape=[256,256,4,1] Vshape=[256,256,4,1] Keff=f16 Veff=f16 turbo_kv=1 prefer_native_vec=0 decode=1 dk=1 dv=0 unsafe_vec_after_turbo_v_decode=0 allow_vec=1 kernel=MMA_F16 need_f16_K=0 need_f16_V=0 Knb=[50,400,100,102400] Vnb=[2,2048,512,524288] Keff_nb=[2,2048,512,524288] Veff_nb=[2,2048,512,524288]
CUDA_FA_ROUTE_ALLOC kernel=MMA_F16 need_f16_K=0 need_f16_V=0 workspace_end_offset=16384 dst_data=(nil) f16_K=(nil) f16_V=(nil) f16_end=0x4000
CUDA_FA_ROUTE_PLAN device=0 Q=[256,1,16,1] Kraw=turbo3 Vraw=f16 Kshape=[256,256,4,1] Vshape=[256,256,4,1] Keff=f16 Veff=f16 turbo_kv=1 prefer_native_vec=0 decode=1 dk=1 dv=0 unsafe_vec_after_turbo_v_decode=0 allow_vec=1 kernel=MMA_F16 need_f16_K=0 need_f16_V=0 Knb=[50,400,100,102400] Vnb=[2,2048,512,524288] Keff_nb=[2,2048,512,524288] Veff_nb=[2,2048,512,524288]
CUDA_FA_ROUTE_ALLOC kernel=MMA_F16 need_f16_K=0 need_f16_V=0 workspace_end_offset=16384 dst_data=(nil) f16_K=(nil) f16_V=(nil) f16_end=0x4000
CUDA_FA_ROUTE_PLAN device=0 Q=[256,1,16,1] Kraw=turbo3 Vraw=f16 Kshape=[256,256,4,1] Vshape=[256,256,4,1] Keff=f16 Veff=f16 turbo_kv=1 prefer_native_vec=0 decode=1 dk=1 dv=0 unsafe_vec_after_turbo_v_decode=0 allow_vec=1 kernel=MMA_F16 need_f16_K=0 need_f16_V=0 Knb=[50,400,100,102400] Vnb=[2,2048,512,524288] Keff_nb=[2,2048,512,524288] Veff_nb=[2,2048,512,524288]
CUDA_FA_ROUTE_ALLOC kernel=MMA_F16 need_f16_K=0 need_f16_V=0 workspace_end_offset=16384 dst_data=(nil) f16_K=(nil) f16_V=(nil) f16_end=0x4000
CUDA_FA_ROUTE_PLAN device=0 Q=[256,1,16,1] Kraw=turbo3 Vraw=f16 Kshape=[256,256,4,1] Vshape=[256,256,4,1] Keff=f16 Veff=f16 turbo_kv=1 prefer_native_vec=0 decode=1 dk=1 dv=0 unsafe_vec_after_turbo_v_decode=0 allow_vec=1 kernel=MMA_F16 need_f16_K=0 need_f16_V=0 Knb=[50,400,100,102400] Vnb=[2,2048,512,524288] Keff_nb=[2,2048,512,524288] Veff_nb=[2,2048,512,524288]
CUDA_FA_ROUTE_ALLOC kernel=MMA_F16 need_f16_K=0 need_f16_V=0 workspace_end_offset=16384 dst_data=(nil) f16_K=(nil) f16_V=(nil) f16_end=0x4000
CUDA_FA_ROUTE_PLAN device=0 Q=[256,1,16,1] Kraw=turbo3 Vraw=f16 Kshape=[256,256,4,1] Vshape=[256,256,4,1] Keff=f16 Veff=f16 turbo_kv=1 prefer_native_vec=0 decode=1 dk=1 dv=0 unsafe_vec_after_turbo_v_decode=0 allow_vec=1 kernel=MMA_F16 need_f16_K=0 need_f16_V=0 Knb=[50,400,100,102400] Vnb=[2,2048,512,524288] Keff_nb=[2,2048,512,524288] Veff_nb=[2,2048,512,524288]
CUDA_FA_ROUTE_ALLOC kernel=MMA_F16 need_f16_K=0 need_f16_V=0 workspace_end_offset=16384 dst_data=(nil) f16_K=(nil) f16_V=(nil) f16_end=0x4000
CUDA_FA_ROUTE_PLAN device=0 Q=[256,1,16,1] Kraw=turbo3 Vraw=f16 Kshape=[256,256,4,1] Vshape=[256,256,4,1] Keff=f16 Veff=f16 turbo_kv=1 prefer_native_vec=0 decode=1 dk=1 dv=0 unsafe_vec_after_turbo_v_decode=0 allow_vec=1 kernel=MMA_F16 need_f16_K=0 need_f16_V=0 Knb=[50,400,100,102400] Vnb=[2,2048,512,524288] Keff_nb=[2,2048,512,524288] Veff_nb=[2,2048,512,524288]
CUDA_FA_ROUTE_ALLOC kernel=MMA_F16 need_f16_K=0 need_f16_V=0 workspace_end_offset=16384 dst_data=(nil) f16_K=(nil) f16_V=(nil) f16_end=0x4000
CUDA_FA_ROUTE_PLAN device=0 Q=[256,1,16,1] Kraw=turbo3 Vraw=f16 Kshape=[256,256,4,1] Vshape=[256,256,4,1] Keff=f16 Veff=f16 turbo_kv=1 prefer_native_vec=0 decode=1 dk=1 dv=0 unsafe_vec_after_turbo_v_decode=0 allow_vec=1 kernel=MMA_F16 need_f16_K=0 need_f16_V=0 Knb=[50,400,100,102400] Vnb=[2,2048,512,524288] Keff_nb=[2,2048,512,524288] Veff_nb=[2,2048,512,524288]
CUDA_FA_ROUTE_ALLOC kernel=MMA_F16 need_f16_K=0 need_f16_V=0 workspace_end_offset=16384 dst_data=(nil) f16_K=(nil) f16_V=(nil) f16_end=0x4000
CUDA_FA_ROUTE_PLAN device=0 Q=[256,1,16,1] Kraw=turbo3 Vraw=f16 Kshape=[256,256,4,1] Vshape=[256,256,4,1] Keff=f16 Veff=f16 turbo_kv=1 prefer_native_vec=0 decode=1 dk=1 dv=0 unsafe_vec_after_turbo_v_decode=0 allow_vec=1 kernel=MMA_F16 need_f16_K=0 need_f16_V=0 Knb=[50,400,100,102400] Vnb=[2,2048,512,524288] Keff_nb=[2,2048,512,524288] Veff_nb=[2,2048,512,524288]
CUDA_FA_ROUTE_ALLOC kernel=MMA_F16 need_f16_K=0 need_f16_V=0 workspace_end_offset=16384 dst_data=(nil) f16_K=(nil) f16_V=(nil) f16_end=0x4000
CUDA_FA_ROUTE_PLAN device=0 Q=[256,1,16,1] Kraw=turbo3 Vraw=f16 Kshape=[256,256,4,1] Vshape=[256,256,4,1] Keff=f16 Veff=f16 turbo_kv=1 prefer_native_vec=0 decode=1 dk=1 dv=0 unsafe_vec_after_turbo_v_decode=0 allow_vec=1 kernel=MMA_F16 need_f16_K=0 need_f16_V=0 Knb=[50,400,100,102400] Vnb=[2,2048,512,524288] Keff_nb=[2,2048,512,524288] Veff_nb=[2,2048,512,524288]
CUDA_FA_ROUTE_ALLOC kernel=MMA_F16 need_f16_K=0 need_f16_V=0 workspace_end_offset=16384 dst_data=(nil) f16_K=(nil) f16_V=(nil) f16_end=0x4000
CUDA_FA_ROUTE_PLAN device=0 Q=[256,1,16,1] Kraw=turbo3 Vraw=f16 Kshape=[256,256,4,1] Vshape=[256,256,4,1] Keff=f16 Veff=f16 turbo_kv=1 prefer_native_vec=0 decode=1 dk=1 dv=0 unsafe_vec_after_turbo_v_decode=0 allow_vec=1 kernel=MMA_F16 need_f16_K=0 need_f16_V=0 Knb=[50,400,100,102400] Vnb=[2,2048,512,524288] Keff_nb=[2,2048,512,524288] Veff_nb=[2,2048,512,524288]
CUDA_FA_ROUTE_ALLOC kernel=MMA_F16 need_f16_K=0 need_f16_V=0 workspace_end_offset=16384 dst_data=(nil) f16_K=(nil) f16_V=(nil) f16_end=0x4000
CUDA_FA_ROUTE_PLAN device=0 Q=[256,1,16,1] Kraw=turbo3 Vraw=f16 Kshape=[256,256,4,1] Vshape=[256,256,4,1] Keff=f16 Veff=f16 turbo_kv=1 prefer_native_vec=0 decode=1 dk=1 dv=0 unsafe_vec_after_turbo_v_decode=0 allow_vec=1 kernel=MMA_F16 need_f16_K=0 need_f16_V=0 Knb=[50,400,100,102400] Vnb=[2,2048,512,524288] Keff_nb=[2,2048,512,524288] Veff_nb=[2,2048,512,524288]
CUDA_FA_ROUTE_ALLOC kernel=MMA_F16 need_f16_K=0 need_f16_V=0 workspace_end_offset=16384 dst_data=(nil) f16_K=(nil) f16_V=(nil) f16_end=0x4000
CUDA_FA_ROUTE_PLAN device=0 Q=[256,1,16,1] Kraw=turbo3 Vraw=f16 Kshape=[256,256,4,1] Vshape=[256,256,4,1] Keff=f16 Veff=f16 turbo_kv=1 prefer_native_vec=0 decode=1 dk=1 dv=0 unsafe_vec_after_turbo_v_decode=0 allow_vec=1 kernel=MMA_F16 need_f16_K=0 need_f16_V=0 Knb=[50,400,100,102400] Vnb=[2,2048,512,524288] Keff_nb=[2,2048,512,524288] Veff_nb=[2,2048,512,524288]
CUDA_FA_ROUTE_ALLOC kernel=MMA_F16 need_f16_K=0 need_f16_V=0 workspace_end_offset=16384 dst_data=(nil) f16_K=(nil) f16_V=(nil) f16_end=0x4000
CUDA_FA_ROUTE_PLAN device=0 Q=[256,1,16,1] Kraw=turbo3 Vraw=f16 Kshape=[256,256,4,1] Vshape=[256,256,4,1] Keff=f16 Veff=f16 turbo_kv=1 prefer_native_vec=0 decode=1 dk=1 dv=0 unsafe_vec_after_turbo_v_decode=0 allow_vec=1 kernel=MMA_F16 need_f16_K=0 need_f16_V=0 Knb=[50,400,100,102400] Vnb=[2,2048,512,524288] Keff_nb=[2,2048,512,524288] Veff_nb=[2,2048,512,524288]
CUDA_FA_ROUTE_ALLOC kernel=MMA_F16 need_f16_K=0 need_f16_V=0 workspace_end_offset=16384 dst_data=(nil) f16_K=(nil) f16_V=(nil) f16_end=0x4000
CUDA_FA_ROUTE_PLAN device=0 Q=[256,256,16,1] Kraw=turbo3 Vraw=f16 Kshape=[256,256,4,1] Vshape=[256,256,4,1] Keff=f16 Veff=f16 turbo_kv=1 prefer_native_vec=0 decode=1 dk=1 dv=0 unsafe_vec_after_turbo_v_decode=0 allow_vec=1 kernel=MMA_F16 need_f16_K=0 need_f16_V=0 Knb=[50,400,100,102400] Vnb=[2,2048,512,524288] Keff_nb=[2,2048,512,524288] Veff_nb=[2,2048,512,524288]
CUDA_FA_ROUTE_SUPPORTED kernel=MMA_F16 effK=f16 effV=f16 supported=1
CUDA_FA_ROUTE_PLAN device=0 Q=[256,256,16,1] Kraw=turbo3 Vraw=f16 Kshape=[256,256,4,1] Vshape=[256,256,4,1] Keff=f16 Veff=f16 turbo_kv=1 prefer_native_vec=0 decode=1 dk=1 dv=0 unsafe_vec_after_turbo_v_decode=0 allow_vec=1 kernel=MMA_F16 need_f16_K=0 need_f16_V=0 Knb=[50,400,100,102400] Vnb=[2,2048,512,524288] Keff_nb=[2,2048,512,524288] Veff_nb=[2,2048,512,524288]
CUDA_FA_ROUTE_SUPPORTED kernel=MMA_F16 effK=f16 effV=f16 supported=1
CUDA_FA_ROUTE_PLAN device=0 Q=[256,256,16,1] Kraw=turbo3 Vraw=f16 Kshape=[256,256,4,1] Vshape=[256,256,4,1] Keff=f16 Veff=f16 turbo_kv=1 prefer_native_vec=0 decode=1 dk=1 dv=0 unsafe_vec_after_turbo_v_decode=0 allow_vec=1 kernel=MMA_F16 need_f16_K=0 need_f16_V=0 Knb=[50,400,100,102400] Vnb=[2,2048,512,524288] Keff_nb=[2,2048,512,524288] Veff_nb=[2,2048,512,524288]
CUDA_FA_ROUTE_SUPPORTED kernel=MMA_F16 effK=f16 effV=f16 supported=1
CUDA_FA_ROUTE_PLAN device=0 Q=[256,256,16,1] Kraw=turbo3 Vraw=f16 Kshape=[256,256,4,1] Vshape=[256,256,4,1] Keff=f16 Veff=f16 turbo_kv=1 prefer_native_vec=0 decode=1 dk=1 dv=0 unsafe_vec_after_turbo_v_decode=0 allow_vec=1 kernel=MMA_F16 need_f16_K=0 need_f16_V=0 Knb=[50,400,100,102400] Vnb=[2,2048,512,524288] Keff_nb=[2,2048,512,524288] Veff_nb=[2,2048,512,524288]
CUDA_FA_ROUTE_SUPPORTED kernel=MMA_F16 effK=f16 effV=f16 supported=1
CUDA_FA_ROUTE_PLAN device=0 Q=[256,256,16,1] Kraw=turbo3 Vraw=f16 Kshape=[256,256,4,1] Vshape=[256,256,4,1] Keff=f16 Veff=f16 turbo_kv=1 prefer_native_vec=0 decode=1 dk=1 dv=0 unsafe_vec_after_turbo_v_decode=0 allow_vec=1 kernel=MMA_F16 need_f16_K=0 need_f16_V=0 Knb=[50,400,100,102400] Vnb=[2,2048,512,524288] Keff_nb=[2,2048,512,524288] Veff_nb=[2,2048,512,524288]
CUDA_FA_ROUTE_SUPPORTED kernel=MMA_F16 effK=f16 effV=f16 supported=1
CUDA_FA_ROUTE_PLAN device=0 Q=[256,256,16,1] Kraw=turbo3 Vraw=f16 Kshape=[256,256,4,1] Vshape=[256,256,4,1] Keff=f16 Veff=f16 turbo_kv=1 prefer_native_vec=0 decode=1 dk=1 dv=0 unsafe_vec_after_turbo_v_decode=0 allow_vec=1 kernel=MMA_F16 need_f16_K=0 need_f16_V=0 Knb=[50,400,100,102400] Vnb=[2,2048,512,524288] Keff_nb=[2,2048,512,524288] Veff_nb=[2,2048,512,524288]
CUDA_FA_ROUTE_SUPPORTED kernel=MMA_F16 effK=f16 effV=f16 supported=1
CUDA_FA_ROUTE_PLAN device=0 Q=[256,256,16,1] Kraw=turbo3 Vraw=f16 Kshape=[256,256,4,1] Vshape=[256,256,4,1] Keff=f16 Veff=f16 turbo_kv=1 prefer_native_vec=0 decode=1 dk=1 dv=0 unsafe_vec_after_turbo_v_decode=0 allow_vec=1 kernel=MMA_F16 need_f16_K=0 need_f16_V=0 Knb=[50,400,100,102400] Vnb=[2,2048,512,524288] Keff_nb=[2,2048,512,524288] Veff_nb=[2,2048,512,524288]
CUDA_FA_ROUTE_SUPPORTED kernel=MMA_F16 effK=f16 effV=f16 supported=1
CUDA_FA_ROUTE_PLAN device=0 Q=[256,256,16,1] Kraw=turbo3 Vraw=f16 Kshape=[256,256,4,1] Vshape=[256,256,4,1] Keff=f16 Veff=f16 turbo_kv=1 prefer_native_vec=0 decode=1 dk=1 dv=0 unsafe_vec_after_turbo_v_decode=0 allow_vec=1 kernel=MMA_F16 need_f16_K=0 need_f16_V=0 Knb=[50,400,100,102400] Vnb=[2,2048,512,524288] Keff_nb=[2,2048,512,524288] Veff_nb=[2,2048,512,524288]
CUDA_FA_ROUTE_SUPPORTED kernel=MMA_F16 effK=f16 effV=f16 supported=1
CUDA_FA_ROUTE_PLAN device=0 Q=[256,256,16,1] Kraw=turbo3 Vraw=f16 Kshape=[256,256,4,1] Vshape=[256,256,4,1] Keff=f16 Veff=f16 turbo_kv=1 prefer_native_vec=0 decode=1 dk=1 dv=0 unsafe_vec_after_turbo_v_decode=0 allow_vec=1 kernel=MMA_F16 need_f16_K=0 need_f16_V=0 Knb=[50,400,100,102400] Vnb=[2,2048,512,524288] Keff_nb=[2,2048,512,524288] Veff_nb=[2,2048,512,524288]
CUDA_FA_ROUTE_ALLOC kernel=MMA_F16 need_f16_K=0 need_f16_V=0 workspace_end_offset=4194304 dst_data=(nil) f16_K=(nil) f16_V=(nil) f16_end=0x400000
CUDA_FA_ROUTE_PLAN device=0 Q=[256,256,16,1] Kraw=turbo3 Vraw=f16 Kshape=[256,256,4,1] Vshape=[256,256,4,1] Keff=f16 Veff=f16 turbo_kv=1 prefer_native_vec=0 decode=1 dk=1 dv=0 unsafe_vec_after_turbo_v_decode=0 allow_vec=1 kernel=MMA_F16 need_f16_K=0 need_f16_V=0 Knb=[50,400,100,102400] Vnb=[2,2048,512,524288] Keff_nb=[2,2048,512,524288] Veff_nb=[2,2048,512,524288]
CUDA_FA_ROUTE_ALLOC kernel=MMA_F16 need_f16_K=0 need_f16_V=0 workspace_end_offset=4194304 dst_data=(nil) f16_K=(nil) f16_V=(nil) f16_end=0x400000
CUDA_FA_ROUTE_PLAN device=0 Q=[256,256,16,1] Kraw=turbo3 Vraw=f16 Kshape=[256,256,4,1] Vshape=[256,256,4,1] Keff=f16 Veff=f16 turbo_kv=1 prefer_native_vec=0 decode=1 dk=1 dv=0 unsafe_vec_after_turbo_v_decode=0 allow_vec=1 kernel=MMA_F16 need_f16_K=0 need_f16_V=0 Knb=[50,400,100,102400] Vnb=[2,2048,512,524288] Keff_nb=[2,2048,512,524288] Veff_nb=[2,2048,512,524288]
CUDA_FA_ROUTE_ALLOC kernel=MMA_F16 need_f16_K=0 need_f16_V=0 workspace_end_offset=4194304 dst_data=(nil) f16_K=(nil) f16_V=(nil) f16_end=0x400000
CUDA_FA_ROUTE_PLAN device=0 Q=[256,256,16,1] Kraw=turbo3 Vraw=f16 Kshape=[256,256,4,1] Vshape=[256,256,4,1] Keff=f16 Veff=f16 turbo_kv=1 prefer_native_vec=0 decode=1 dk=1 dv=0 unsafe_vec_after_turbo_v_decode=0 allow_vec=1 kernel=MMA_F16 need_f16_K=0 need_f16_V=0 Knb=[50,400,100,102400] Vnb=[2,2048,512,524288] Keff_nb=[2,2048,512,524288] Veff_nb=[2,2048,512,524288]
CUDA_FA_ROUTE_ALLOC kernel=MMA_F16 need_f16_K=0 need_f16_V=0 workspace_end_offset=4194304 dst_data=(nil) f16_K=(nil) f16_V=(nil) f16_end=0x400000
CUDA_FA_ROUTE_PLAN device=0 Q=[256,256,16,1] Kraw=turbo3 Vraw=f16 Kshape=[256,256,4,1] Vshape=[256,256,4,1] Keff=f16 Veff=f16 turbo_kv=1 prefer_native_vec=0 decode=1 dk=1 dv=0 unsafe_vec_after_turbo_v_decode=0 allow_vec=1 kernel=MMA_F16 need_f16_K=0 need_f16_V=0 Knb=[50,400,100,102400] Vnb=[2,2048,512,524288] Keff_nb=[2,2048,512,524288] Veff_nb=[2,2048,512,524288]
CUDA_FA_ROUTE_ALLOC kernel=MMA_F16 need_f16_K=0 need_f16_V=0 workspace_end_offset=4194304 dst_data=(nil) f16_K=(nil) f16_V=(nil) f16_end=0x400000
CUDA_FA_ROUTE_PLAN device=0 Q=[256,256,16,1] Kraw=turbo3 Vraw=f16 Kshape=[256,256,4,1] Vshape=[256,256,4,1] Keff=f16 Veff=f16 turbo_kv=1 prefer_native_vec=0 decode=1 dk=1 dv=0 unsafe_vec_after_turbo_v_decode=0 allow_vec=1 kernel=MMA_F16 need_f16_K=0 need_f16_V=0 Knb=[50,400,100,102400] Vnb=[2,2048,512,524288] Keff_nb=[2,2048,512,524288] Veff_nb=[2,2048,512,524288]
CUDA_FA_ROUTE_ALLOC kernel=MMA_F16 need_f16_K=0 need_f16_V=0 workspace_end_offset=4194304 dst_data=(nil) f16_K=(nil) f16_V=(nil) f16_end=0x400000
CUDA_FA_ROUTE_PLAN device=0 Q=[256,256,16,1] Kraw=turbo3 Vraw=f16 Kshape=[256,256,4,1] Vshape=[256,256,4,1] Keff=f16 Veff=f16 turbo_kv=1 prefer_native_vec=0 decode=1 dk=1 dv=0 unsafe_vec_after_turbo_v_decode=0 allow_vec=1 kernel=MMA_F16 need_f16_K=0 need_f16_V=0 Knb=[50,400,100,102400] Vnb=[2,2048,512,524288] Keff_nb=[2,2048,512,524288] Veff_nb=[2,2048,512,524288]
CUDA_FA_ROUTE_ALLOC kernel=MMA_F16 need_f16_K=0 need_f16_V=0 workspace_end_offset=4194304 dst_data=(nil) f16_K=(nil) f16_V=(nil) f16_end=0x400000
CUDA_FA_ROUTE_PLAN device=0 Q=[256,256,16,1] Kraw=turbo3 Vraw=f16 Kshape=[256,256,4,1] Vshape=[256,256,4,1] Keff=f16 Veff=f16 turbo_kv=1 prefer_native_vec=0 decode=1 dk=1 dv=0 unsafe_vec_after_turbo_v_decode=0 allow_vec=1 kernel=MMA_F16 need_f16_K=0 need_f16_V=0 Knb=[50,400,100,102400] Vnb=[2,2048,512,524288] Keff_nb=[2,2048,512,524288] Veff_nb=[2,2048,512,524288]
CUDA_FA_ROUTE_ALLOC kernel=MMA_F16 need_f16_K=0 need_f16_V=0 workspace_end_offset=4194304 dst_data=(nil) f16_K=(nil) f16_V=(nil) f16_end=0x400000
CUDA_FA_ROUTE_PLAN device=0 Q=[256,256,16,1] Kraw=turbo3 Vraw=f16 Kshape=[256,256,4,1] Vshape=[256,256,4,1] Keff=f16 Veff=f16 turbo_kv=1 prefer_native_vec=0 decode=1 dk=1 dv=0 unsafe_vec_after_turbo_v_decode=0 allow_vec=1 kernel=MMA_F16 need_f16_K=0 need_f16_V=0 Knb=[50,400,100,102400] Vnb=[2,2048,512,524288] Keff_nb=[2,2048,512,524288] Veff_nb=[2,2048,512,524288]
CUDA_FA_ROUTE_ALLOC kernel=MMA_F16 need_f16_K=0 need_f16_V=0 workspace_end_offset=4194304 dst_data=(nil) f16_K=(nil) f16_V=(nil) f16_end=0x400000
CUDA_FA_ROUTE_PLAN device=0 Q=[256,256,16,1] Kraw=turbo3 Vraw=f16 Kshape=[256,256,4,1] Vshape=[256,256,4,1] Keff=f16 Veff=f16 turbo_kv=1 prefer_native_vec=0 decode=1 dk=1 dv=0 unsafe_vec_after_turbo_v_decode=0 allow_vec=1 kernel=MMA_F16 need_f16_K=0 need_f16_V=0 Knb=[50,400,100,102400] Vnb=[2,2048,512,524288] Keff_nb=[2,2048,512,524288] Veff_nb=[2,2048,512,524288]
CUDA_FA_ROUTE_ALLOC kernel=MMA_F16 need_f16_K=0 need_f16_V=0 workspace_end_offset=4194304 dst_data=(nil) f16_K=(nil) f16_V=(nil) f16_end=0x400000
CUDA_FA_ROUTE_PLAN device=0 Q=[256,256,16,1] Kraw=turbo3 Vraw=f16 Kshape=[256,256,4,1] Vshape=[256,256,4,1] Keff=f16 Veff=f16 turbo_kv=1 prefer_native_vec=0 decode=1 dk=1 dv=0 unsafe_vec_after_turbo_v_decode=0 allow_vec=1 kernel=MMA_F16 need_f16_K=0 need_f16_V=0 Knb=[50,400,100,102400] Vnb=[2,2048,512,524288] Keff_nb=[2,2048,512,524288] Veff_nb=[2,2048,512,524288]
CUDA_FA_ROUTE_ALLOC kernel=MMA_F16 need_f16_K=0 need_f16_V=0 workspace_end_offset=4194304 dst_data=(nil) f16_K=(nil) f16_V=(nil) f16_end=0x400000
CUDA_FA_ROUTE_PLAN device=0 Q=[256,256,16,1] Kraw=turbo3 Vraw=f16 Kshape=[256,256,4,1] Vshape=[256,256,4,1] Keff=f16 Veff=f16 turbo_kv=1 prefer_native_vec=0 decode=1 dk=1 dv=0 unsafe_vec_after_turbo_v_decode=0 allow_vec=1 kernel=MMA_F16 need_f16_K=0 need_f16_V=0 Knb=[50,400,100,102400] Vnb=[2,2048,512,524288] Keff_nb=[2,2048,512,524288] Veff_nb=[2,2048,512,524288]
CUDA_FA_ROUTE_ALLOC kernel=MMA_F16 need_f16_K=0 need_f16_V=0 workspace_end_offset=4194304 dst_data=(nil) f16_K=(nil) f16_V=(nil) f16_end=0x400000
CUDA_FA_ROUTE_PLAN device=0 Q=[256,256,16,1] Kraw=turbo3 Vraw=f16 Kshape=[256,256,4,1] Vshape=[256,256,4,1] Keff=f16 Veff=f16 turbo_kv=1 prefer_native_vec=0 decode=1 dk=1 dv=0 unsafe_vec_after_turbo_v_decode=0 allow_vec=1 kernel=MMA_F16 need_f16_K=0 need_f16_V=0 Knb=[50,400,100,102400] Vnb=[2,2048,512,524288] Keff_nb=[2,2048,512,524288] Veff_nb=[2,2048,512,524288]
CUDA_FA_ROUTE_ALLOC kernel=MMA_F16 need_f16_K=0 need_f16_V=0 workspace_end_offset=4194304 dst_data=(nil) f16_K=(nil) f16_V=(nil) f16_end=0x400000
CUDA_FA_ROUTE_PLAN device=0 Q=[256,256,16,1] Kraw=turbo3 Vraw=f16 Kshape=[256,256,4,1] Vshape=[256,256,4,1] Keff=f16 Veff=f16 turbo_kv=1 prefer_native_vec=0 decode=1 dk=1 dv=0 unsafe_vec_after_turbo_v_decode=0 allow_vec=1 kernel=MMA_F16 need_f16_K=0 need_f16_V=0 Knb=[50,400,100,102400] Vnb=[2,2048,512,524288] Keff_nb=[2,2048,512,524288] Veff_nb=[2,2048,512,524288]
CUDA_FA_ROUTE_ALLOC kernel=MMA_F16 need_f16_K=0 need_f16_V=0 workspace_end_offset=4194304 dst_data=(nil) f16_K=(nil) f16_V=(nil) f16_end=0x400000
CUDA_FA_ROUTE_PLAN device=0 Q=[256,256,16,1] Kraw=turbo3 Vraw=f16 Kshape=[256,256,4,1] Vshape=[256,256,4,1] Keff=f16 Veff=f16 turbo_kv=1 prefer_native_vec=0 decode=1 dk=1 dv=0 unsafe_vec_after_turbo_v_decode=0 allow_vec=1 kernel=MMA_F16 need_f16_K=0 need_f16_V=0 Knb=[50,400,100,102400] Vnb=[2,2048,512,524288] Keff_nb=[2,2048,512,524288] Veff_nb=[2,2048,512,524288]
CUDA_FA_ROUTE_ALLOC kernel=MMA_F16 need_f16_K=0 need_f16_V=0 workspace_end_offset=4194304 dst_data=(nil) f16_K=(nil) f16_V=(nil) f16_end=0x400000
CUDA_FA_ROUTE_PLAN device=0 Q=[256,256,16,1] Kraw=turbo3 Vraw=f16 Kshape=[256,256,4,1] Vshape=[256,256,4,1] Keff=f16 Veff=f16 turbo_kv=1 prefer_native_vec=0 decode=1 dk=1 dv=0 unsafe_vec_after_turbo_v_decode=0 allow_vec=1 kernel=MMA_F16 need_f16_K=0 need_f16_V=0 Knb=[50,400,100,102400] Vnb=[2,2048,512,524288] Keff_nb=[2,2048,512,524288] Veff_nb=[2,2048,512,524288]
CUDA_FA_ROUTE_ALLOC kernel=MMA_F16 need_f16_K=0 need_f16_V=0 workspace_end_offset=4194304 dst_data=(nil) f16_K=(nil) f16_V=(nil) f16_end=0x400000
CUDA_FA_ROUTE_PLAN device=0 Q=[256,256,16,1] Kraw=turbo3 Vraw=f16 Kshape=[256,256,4,1] Vshape=[256,256,4,1] Keff=f16 Veff=f16 turbo_kv=1 prefer_native_vec=0 decode=1 dk=1 dv=0 unsafe_vec_after_turbo_v_decode=0 allow_vec=1 kernel=MMA_F16 need_f16_K=0 need_f16_V=0 Knb=[50,400,100,102400] Vnb=[2,2048,512,524288] Keff_nb=[2,2048,512,524288] Veff_nb=[2,2048,512,524288]
CUDA_FA_ROUTE_ALLOC kernel=MMA_F16 need_f16_K=0 need_f16_V=0 workspace_end_offset=4194304 dst_data=(nil) f16_K=(nil) f16_V=(nil) f16_end=0x400000
CUDA_FA_ROUTE_PLAN device=0 Q=[256,256,16,1] Kraw=turbo3 Vraw=f16 Kshape=[256,256,4,1] Vshape=[256,256,4,1] Keff=f16 Veff=f16 turbo_kv=1 prefer_native_vec=0 decode=1 dk=1 dv=0 unsafe_vec_after_turbo_v_decode=0 allow_vec=1 kernel=MMA_F16 need_f16_K=0 need_f16_V=0 Knb=[50,400,100,102400] Vnb=[2,2048,512,524288] Keff_nb=[2,2048,512,524288] Veff_nb=[2,2048,512,524288]
CUDA_FA_ROUTE_ALLOC kernel=MMA_F16 need_f16_K=0 need_f16_V=0 workspace_end_offset=4194304 dst_data=(nil) f16_K=(nil) f16_V=(nil) f16_end=0x400000
CUDA_FA_ROUTE_PLAN device=0 Q=[256,256,16,1] Kraw=turbo3 Vraw=f16 Kshape=[256,256,4,1] Vshape=[256,256,4,1] Keff=f16 Veff=f16 turbo_kv=1 prefer_native_vec=0 decode=1 dk=1 dv=0 unsafe_vec_after_turbo_v_decode=0 allow_vec=1 kernel=MMA_F16 need_f16_K=0 need_f16_V=0 Knb=[50,400,100,102400] Vnb=[2,2048,512,524288] Keff_nb=[2,2048,512,524288] Veff_nb=[2,2048,512,524288]
CUDA_FA_ROUTE_ALLOC kernel=MMA_F16 need_f16_K=0 need_f16_V=0 workspace_end_offset=4194304 dst_data=(nil) f16_K=(nil) f16_V=(nil) f16_end=0x400000
CUDA_FA_ROUTE_PLAN device=0 Q=[256,256,16,1] Kraw=turbo3 Vraw=f16 Kshape=[256,256,4,1] Vshape=[256,256,4,1] Keff=f16 Veff=f16 turbo_kv=1 prefer_native_vec=0 decode=1 dk=1 dv=0 unsafe_vec_after_turbo_v_decode=0 allow_vec=1 kernel=MMA_F16 need_f16_K=0 need_f16_V=0 Knb=[50,400,100,102400] Vnb=[2,2048,512,524288] Keff_nb=[2,2048,512,524288] Veff_nb=[2,2048,512,524288]
CUDA_FA_ROUTE_ALLOC kernel=MMA_F16 need_f16_K=0 need_f16_V=0 workspace_end_offset=4194304 dst_data=(nil) f16_K=(nil) f16_V=(nil) f16_end=0x400000
CUDA_FA_ROUTE_PLAN device=0 Q=[256,256,16,1] Kraw=turbo3 Vraw=f16 Kshape=[256,256,4,1] Vshape=[256,256,4,1] Keff=f16 Veff=f16 turbo_kv=1 prefer_native_vec=0 decode=1 dk=1 dv=0 unsafe_vec_after_turbo_v_decode=0 allow_vec=1 kernel=MMA_F16 need_f16_K=0 need_f16_V=0 Knb=[50,400,100,102400] Vnb=[2,2048,512,524288] Keff_nb=[2,2048,512,524288] Veff_nb=[2,2048,512,524288]
CUDA_FA_ROUTE_ALLOC kernel=MMA_F16 need_f16_K=0 need_f16_V=0 workspace_end_offset=4194304 dst_data=(nil) f16_K=(nil) f16_V=(nil) f16_end=0x400000
CUDA_FA_ROUTE_PLAN device=0 Q=[256,256,16,1] Kraw=turbo3 Vraw=f16 Kshape=[256,256,4,1] Vshape=[256,256,4,1] Keff=f16 Veff=f16 turbo_kv=1 prefer_native_vec=0 decode=1 dk=1 dv=0 unsafe_vec_after_turbo_v_decode=0 allow_vec=1 kernel=MMA_F16 need_f16_K=0 need_f16_V=0 Knb=[50,400,100,102400] Vnb=[2,2048,512,524288] Keff_nb=[2,2048,512,524288] Veff_nb=[2,2048,512,524288]
CUDA_FA_ROUTE_ALLOC kernel=MMA_F16 need_f16_K=0 need_f16_V=0 workspace_end_offset=4194304 dst_data=(nil) f16_K=(nil) f16_V=(nil) f16_end=0x400000
CUDA_FA_ROUTE_PLAN device=0 Q=[256,256,16,1] Kraw=turbo3 Vraw=f16 Kshape=[256,256,4,1] Vshape=[256,256,4,1] Keff=f16 Veff=f16 turbo_kv=1 prefer_native_vec=0 decode=1 dk=1 dv=0 unsafe_vec_after_turbo_v_decode=0 allow_vec=1 kernel=MMA_F16 need_f16_K=0 need_f16_V=0 Knb=[50,400,100,102400] Vnb=[2,2048,512,524288] Keff_nb=[2,2048,512,524288] Veff_nb=[2,2048,512,524288]
CUDA_FA_ROUTE_ALLOC kernel=MMA_F16 need_f16_K=0 need_f16_V=0 workspace_end_offset=4194304 dst_data=(nil) f16_K=(nil) f16_V=(nil) f16_end=0x400000
CUDA_FA_ROUTE_PLAN device=0 Q=[256,256,16,1] Kraw=turbo3 Vraw=f16 Kshape=[256,256,4,1] Vshape=[256,256,4,1] Keff=f16 Veff=f16 turbo_kv=1 prefer_native_vec=0 decode=1 dk=1 dv=0 unsafe_vec_after_turbo_v_decode=0 allow_vec=1 kernel=MMA_F16 need_f16_K=0 need_f16_V=0 Knb=[50,400,100,102400] Vnb=[2,2048,512,524288] Keff_nb=[2,2048,512,524288] Veff_nb=[2,2048,512,524288]
CUDA_FA_ROUTE_ALLOC kernel=MMA_F16 need_f16_K=0 need_f16_V=0 workspace_end_offset=4194304 dst_data=(nil) f16_K=(nil) f16_V=(nil) f16_end=0x400000
CUDA_FA_ROUTE_PLAN device=0 Q=[256,256,16,1] Kraw=turbo3 Vraw=f16 Kshape=[256,256,4,1] Vshape=[256,256,4,1] Keff=f16 Veff=f16 turbo_kv=1 prefer_native_vec=0 decode=1 dk=1 dv=0 unsafe_vec_after_turbo_v_decode=0 allow_vec=1 kernel=MMA_F16 need_f16_K=0 need_f16_V=0 Knb=[50,400,100,102400] Vnb=[2,2048,512,524288] Keff_nb=[2,2048,512,524288] Veff_nb=[2,2048,512,524288]
CUDA_FA_ROUTE_ALLOC kernel=MMA_F16 need_f16_K=0 need_f16_V=0 workspace_end_offset=4194304 dst_data=(nil) f16_K=(nil) f16_V=(nil) f16_end=0x400000
CUDA_FA_ROUTE_PLAN device=0 Q=[256,256,16,1] Kraw=turbo3 Vraw=f16 Kshape=[256,256,4,1] Vshape=[256,256,4,1] Keff=f16 Veff=f16 turbo_kv=1 prefer_native_vec=0 decode=1 dk=1 dv=0 unsafe_vec_after_turbo_v_decode=0 allow_vec=1 kernel=MMA_F16 need_f16_K=0 need_f16_V=0 Knb=[50,400,100,102400] Vnb=[2,2048,512,524288] Keff_nb=[2,2048,512,524288] Veff_nb=[2,2048,512,524288]
CUDA_FA_ROUTE_ALLOC kernel=MMA_F16 need_f16_K=0 need_f16_V=0 workspace_end_offset=4194304 dst_data=(nil) f16_K=(nil) f16_V=(nil) f16_end=0x400000
CUDA_FA_ROUTE_PLAN device=0 Q=[256,256,16,1] Kraw=turbo3 Vraw=f16 Kshape=[256,256,4,1] Vshape=[256,256,4,1] Keff=f16 Veff=f16 turbo_kv=1 prefer_native_vec=0 decode=1 dk=1 dv=0 unsafe_vec_after_turbo_v_decode=0 allow_vec=1 kernel=MMA_F16 need_f16_K=0 need_f16_V=0 Knb=[50,400,100,102400] Vnb=[2,2048,512,524288] Keff_nb=[2,2048,512,524288] Veff_nb=[2,2048,512,524288]
CUDA_FA_ROUTE_ALLOC kernel=MMA_F16 need_f16_K=0 need_f16_V=0 workspace_end_offset=4194304 dst_data=(nil) f16_K=(nil) f16_V=(nil) f16_end=0x400000
CUDA_FA_ROUTE_PLAN device=0 Q=[256,256,16,1] Kraw=turbo3 Vraw=f16 Kshape=[256,256,4,1] Vshape=[256,256,4,1] Keff=f16 Veff=f16 turbo_kv=1 prefer_native_vec=0 decode=1 dk=1 dv=0 unsafe_vec_after_turbo_v_decode=0 allow_vec=1 kernel=MMA_F16 need_f16_K=0 need_f16_V=0 Knb=[50,400,100,102400] Vnb=[2,2048,512,524288] Keff_nb=[2,2048,512,524288] Veff_nb=[2,2048,512,524288]
CUDA_FA_ROUTE_ALLOC kernel=MMA_F16 need_f16_K=0 need_f16_V=0 workspace_end_offset=4194304 dst_data=(nil) f16_K=(nil) f16_V=(nil) f16_end=0x400000
CUDA_FA_ROUTE_PLAN device=0 Q=[256,256,16,1] Kraw=turbo3 Vraw=f16 Kshape=[256,256,4,1] Vshape=[256,256,4,1] Keff=f16 Veff=f16 turbo_kv=1 prefer_native_vec=0 decode=1 dk=1 dv=0 unsafe_vec_after_turbo_v_decode=0 allow_vec=1 kernel=MMA_F16 need_f16_K=0 need_f16_V=0 Knb=[50,400,100,102400] Vnb=[2,2048,512,524288] Keff_nb=[2,2048,512,524288] Veff_nb=[2,2048,512,524288]
CUDA_FA_ROUTE_ALLOC kernel=MMA_F16 need_f16_K=0 need_f16_V=0 workspace_end_offset=4194304 dst_data=(nil) f16_K=(nil) f16_V=(nil) f16_end=0x400000
CUDA_FA_ROUTE_PLAN device=0 Q=[256,256,16,1] Kraw=turbo3 Vraw=f16 Kshape=[256,256,4,1] Vshape=[256,256,4,1] Keff=f16 Veff=f16 turbo_kv=1 prefer_native_vec=0 decode=1 dk=1 dv=0 unsafe_vec_after_turbo_v_decode=0 allow_vec=1 kernel=MMA_F16 need_f16_K=0 need_f16_V=0 Knb=[50,400,100,102400] Vnb=[2,2048,512,524288] Keff_nb=[2,2048,512,524288] Veff_nb=[2,2048,512,524288]
CUDA_FA_ROUTE_ALLOC kernel=MMA_F16 need_f16_K=0 need_f16_V=0 workspace_end_offset=4194304 dst_data=(nil) f16_K=(nil) f16_V=(nil) f16_end=0x400000
CUDA_FA_ROUTE_PLAN device=0 Q=[256,256,16,1] Kraw=turbo3 Vraw=f16 Kshape=[256,256,4,1] Vshape=[256,256,4,1] Keff=f16 Veff=f16 turbo_kv=1 prefer_native_vec=0 decode=1 dk=1 dv=0 unsafe_vec_after_turbo_v_decode=0 allow_vec=1 kernel=MMA_F16 need_f16_K=0 need_f16_V=0 Knb=[50,400,100,102400] Vnb=[2,2048,512,524288] Keff_nb=[2,2048,512,524288] Veff_nb=[2,2048,512,524288]
CUDA_FA_ROUTE_ALLOC kernel=MMA_F16 need_f16_K=0 need_f16_V=0 workspace_end_offset=4194304 dst_data=(nil) f16_K=(nil) f16_V=(nil) f16_end=0x400000
CUDA_FA_ROUTE_PLAN device=0 Q=[256,256,16,1] Kraw=turbo3 Vraw=f16 Kshape=[256,256,4,1] Vshape=[256,256,4,1] Keff=f16 Veff=f16 turbo_kv=1 prefer_native_vec=0 decode=1 dk=1 dv=0 unsafe_vec_after_turbo_v_decode=0 allow_vec=1 kernel=MMA_F16 need_f16_K=0 need_f16_V=0 Knb=[50,400,100,102400] Vnb=[2,2048,512,524288] Keff_nb=[2,2048,512,524288] Veff_nb=[2,2048,512,524288]
CUDA_FA_ROUTE_ALLOC kernel=MMA_F16 need_f16_K=0 need_f16_V=0 workspace_end_offset=4194304 dst_data=(nil) f16_K=(nil) f16_V=(nil) f16_end=0x400000
CUDA_FA_ROUTE_PLAN device=0 Q=[256,2,16,1] Kraw=turbo3 Vraw=f16 Kshape=[256,256,4,1] Vshape=[256,256,4,1] Keff=f16 Veff=f16 turbo_kv=1 prefer_native_vec=0 decode=1 dk=1 dv=0 unsafe_vec_after_turbo_v_decode=0 allow_vec=1 kernel=MMA_F16 need_f16_K=0 need_f16_V=0 Knb=[50,400,100,102400] Vnb=[2,2048,512,524288] Keff_nb=[2,2048,512,524288] Veff_nb=[2,2048,512,524288]
CUDA_FA_ROUTE_SUPPORTED kernel=MMA_F16 effK=f16 effV=f16 supported=1
CUDA_FA_ROUTE_PLAN device=0 Q=[256,2,16,1] Kraw=turbo3 Vraw=f16 Kshape=[256,256,4,1] Vshape=[256,256,4,1] Keff=f16 Veff=f16 turbo_kv=1 prefer_native_vec=0 decode=1 dk=1 dv=0 unsafe_vec_after_turbo_v_decode=0 allow_vec=1 kernel=MMA_F16 need_f16_K=0 need_f16_V=0 Knb=[50,400,100,102400] Vnb=[2,2048,512,524288] Keff_nb=[2,2048,512,524288] Veff_nb=[2,2048,512,524288]
CUDA_FA_ROUTE_SUPPORTED kernel=MMA_F16 effK=f16 effV=f16 supported=1
CUDA_FA_ROUTE_PLAN device=0 Q=[256,2,16,1] Kraw=turbo3 Vraw=f16 Kshape=[256,256,4,1] Vshape=[256,256,4,1] Keff=f16 Veff=f16 turbo_kv=1 prefer_native_vec=0 decode=1 dk=1 dv=0 unsafe_vec_after_turbo_v_decode=0 allow_vec=1 kernel=MMA_F16 need_f16_K=0 need_f16_V=0 Knb=[50,400,100,102400] Vnb=[2,2048,512,524288] Keff_nb=[2,2048,512,524288] Veff_nb=[2,2048,512,524288]
CUDA_FA_ROUTE_SUPPORTED kernel=MMA_F16 effK=f16 effV=f16 supported=1
CUDA_FA_ROUTE_PLAN device=0 Q=[256,2,16,1] Kraw=turbo3 Vraw=f16 Kshape=[256,256,4,1] Vshape=[256,256,4,1] Keff=f16 Veff=f16 turbo_kv=1 prefer_native_vec=0 decode=1 dk=1 dv=0 unsafe_vec_after_turbo_v_decode=0 allow_vec=1 kernel=MMA_F16 need_f16_K=0 need_f16_V=0 Knb=[50,400,100,102400] Vnb=[2,2048,512,524288] Keff_nb=[2,2048,512,524288] Veff_nb=[2,2048,512,524288]
CUDA_FA_ROUTE_SUPPORTED kernel=MMA_F16 effK=f16 effV=f16 supported=1
CUDA_FA_ROUTE_PLAN device=0 Q=[256,2,16,1] Kraw=turbo3 Vraw=f16 Kshape=[256,256,4,1] Vshape=[256,256,4,1] Keff=f16 Veff=f16 turbo_kv=1 prefer_native_vec=0 decode=1 dk=1 dv=0 unsafe_vec_after_turbo_v_decode=0 allow_vec=1 kernel=MMA_F16 need_f16_K=0 need_f16_V=0 Knb=[50,400,100,102400] Vnb=[2,2048,512,524288] Keff_nb=[2,2048,512,524288] Veff_nb=[2,2048,512,524288]
CUDA_FA_ROUTE_SUPPORTED kernel=MMA_F16 effK=f16 effV=f16 supported=1
CUDA_FA_ROUTE_PLAN device=0 Q=[256,2,16,1] Kraw=turbo3 Vraw=f16 Kshape=[256,256,4,1] Vshape=[256,256,4,1] Keff=f16 Veff=f16 turbo_kv=1 prefer_native_vec=0 decode=1 dk=1 dv=0 unsafe_vec_after_turbo_v_decode=0 allow_vec=1 kernel=MMA_F16 need_f16_K=0 need_f16_V=0 Knb=[50,400,100,102400] Vnb=[2,2048,512,524288] Keff_nb=[2,2048,512,524288] Veff_nb=[2,2048,512,524288]
CUDA_FA_ROUTE_SUPPORTED kernel=MMA_F16 effK=f16 effV=f16 supported=1
CUDA_FA_ROUTE_PLAN device=0 Q=[256,2,16,1] Kraw=turbo3 Vraw=f16 Kshape=[256,256,4,1] Vshape=[256,256,4,1] Keff=f16 Veff=f16 turbo_kv=1 prefer_native_vec=0 decode=1 dk=1 dv=0 unsafe_vec_after_turbo_v_decode=0 allow_vec=1 kernel=MMA_F16 need_f16_K=0 need_f16_V=0 Knb=[50,400,100,102400] Vnb=[2,2048,512,524288] Keff_nb=[2,2048,512,524288] Veff_nb=[2,2048,512,524288]
CUDA_FA_ROUTE_SUPPORTED kernel=MMA_F16 effK=f16 effV=f16 supported=1
CUDA_FA_ROUTE_PLAN device=0 Q=[256,2,16,1] Kraw=turbo3 Vraw=f16 Kshape=[256,256,4,1] Vshape=[256,256,4,1] Keff=f16 Veff=f16 turbo_kv=1 prefer_native_vec=0 decode=1 dk=1 dv=0 unsafe_vec_after_turbo_v_decode=0 allow_vec=1 kernel=MMA_F16 need_f16_K=0 need_f16_V=0 Knb=[50,400,100,102400] Vnb=[2,2048,512,524288] Keff_nb=[2,2048,512,524288] Veff_nb=[2,2048,512,524288]
CUDA_FA_ROUTE_SUPPORTED kernel=MMA_F16 effK=f16 effV=f16 supported=1
CUDA_FA_ROUTE_PLAN device=0 Q=[256,2,16,1] Kraw=turbo3 Vraw=f16 Kshape=[256,256,4,1] Vshape=[256,256,4,1] Keff=f16 Veff=f16 turbo_kv=1 prefer_native_vec=0 decode=1 dk=1 dv=0 unsafe_vec_after_turbo_v_decode=0 allow_vec=1 kernel=MMA_F16 need_f16_K=0 need_f16_V=0 Knb=[50,400,100,102400] Vnb=[2,2048,512,524288] Keff_nb=[2,2048,512,524288] Veff_nb=[2,2048,512,524288]
CUDA_FA_ROUTE_ALLOC kernel=MMA_F16 need_f16_K=0 need_f16_V=0 workspace_end_offset=32768 dst_data=(nil) f16_K=(nil) f16_V=(nil) f16_end=0x8000
CUDA_FA_ROUTE_PLAN device=0 Q=[256,2,16,1] Kraw=turbo3 Vraw=f16 Kshape=[256,256,4,1] Vshape=[256,256,4,1] Keff=f16 Veff=f16 turbo_kv=1 prefer_native_vec=0 decode=1 dk=1 dv=0 unsafe_vec_after_turbo_v_decode=0 allow_vec=1 kernel=MMA_F16 need_f16_K=0 need_f16_V=0 Knb=[50,400,100,102400] Vnb=[2,2048,512,524288] Keff_nb=[2,2048,512,524288] Veff_nb=[2,2048,512,524288]
CUDA_FA_ROUTE_ALLOC kernel=MMA_F16 need_f16_K=0 need_f16_V=0 workspace_end_offset=32768 dst_data=(nil) f16_K=(nil) f16_V=(nil) f16_end=0x8000
CUDA_FA_ROUTE_PLAN device=0 Q=[256,2,16,1] Kraw=turbo3 Vraw=f16 Kshape=[256,256,4,1] Vshape=[256,256,4,1] Keff=f16 Veff=f16 turbo_kv=1 prefer_native_vec=0 decode=1 dk=1 dv=0 unsafe_vec_after_turbo_v_decode=0 allow_vec=1 kernel=MMA_F16 need_f16_K=0 need_f16_V=0 Knb=[50,400,100,102400] Vnb=[2,2048,512,524288] Keff_nb=[2,2048,512,524288] Veff_nb=[2,2048,512,524288]
CUDA_FA_ROUTE_ALLOC kernel=MMA_F16 need_f16_K=0 need_f16_V=0 workspace_end_offset=32768 dst_data=(nil) f16_K=(nil) f16_V=(nil) f16_end=0x8000
CUDA_FA_ROUTE_PLAN device=0 Q=[256,2,16,1] Kraw=turbo3 Vraw=f16 Kshape=[256,256,4,1] Vshape=[256,256,4,1] Keff=f16 Veff=f16 turbo_kv=1 prefer_native_vec=0 decode=1 dk=1 dv=0 unsafe_vec_after_turbo_v_decode=0 allow_vec=1 kernel=MMA_F16 need_f16_K=0 need_f16_V=0 Knb=[50,400,100,102400] Vnb=[2,2048,512,524288] Keff_nb=[2,2048,512,524288] Veff_nb=[2,2048,512,524288]
CUDA_FA_ROUTE_ALLOC kernel=MMA_F16 need_f16_K=0 need_f16_V=0 workspace_end_offset=32768 dst_data=(nil) f16_K=(nil) f16_V=(nil) f16_end=0x8000
CUDA_FA_ROUTE_PLAN device=0 Q=[256,2,16,1] Kraw=turbo3 Vraw=f16 Kshape=[256,256,4,1] Vshape=[256,256,4,1] Keff=f16 Veff=f16 turbo_kv=1 prefer_native_vec=0 decode=1 dk=1 dv=0 unsafe_vec_after_turbo_v_decode=0 allow_vec=1 kernel=MMA_F16 need_f16_K=0 need_f16_V=0 Knb=[50,400,100,102400] Vnb=[2,2048,512,524288] Keff_nb=[2,2048,512,524288] Veff_nb=[2,2048,512,524288]
CUDA_FA_ROUTE_ALLOC kernel=MMA_F16 need_f16_K=0 need_f16_V=0 workspace_end_offset=32768 dst_data=(nil) f16_K=(nil) f16_V=(nil) f16_end=0x8000
CUDA_FA_ROUTE_PLAN device=0 Q=[256,2,16,1] Kraw=turbo3 Vraw=f16 Kshape=[256,256,4,1] Vshape=[256,256,4,1] Keff=f16 Veff=f16 turbo_kv=1 prefer_native_vec=0 decode=1 dk=1 dv=0 unsafe_vec_after_turbo_v_decode=0 allow_vec=1 kernel=MMA_F16 need_f16_K=0 need_f16_V=0 Knb=[50,400,100,102400] Vnb=[2,2048,512,524288] Keff_nb=[2,2048,512,524288] Veff_nb=[2,2048,512,524288]
CUDA_FA_ROUTE_ALLOC kernel=MMA_F16 need_f16_K=0 need_f16_V=0 workspace_end_offset=32768 dst_data=(nil) f16_K=(nil) f16_V=(nil) f16_end=0x8000
CUDA_FA_ROUTE_PLAN device=0 Q=[256,2,16,1] Kraw=turbo3 Vraw=f16 Kshape=[256,256,4,1] Vshape=[256,256,4,1] Keff=f16 Veff=f16 turbo_kv=1 prefer_native_vec=0 decode=1 dk=1 dv=0 unsafe_vec_after_turbo_v_decode=0 allow_vec=1 kernel=MMA_F16 need_f16_K=0 need_f16_V=0 Knb=[50,400,100,102400] Vnb=[2,2048,512,524288] Keff_nb=[2,2048,512,524288] Veff_nb=[2,2048,512,524288]
CUDA_FA_ROUTE_ALLOC kernel=MMA_F16 need_f16_K=0 need_f16_V=0 workspace_end_offset=32768 dst_data=(nil) f16_K=(nil) f16_V=(nil) f16_end=0x8000
CUDA_FA_ROUTE_PLAN device=0 Q=[256,2,16,1] Kraw=turbo3 Vraw=f16 Kshape=[256,256,4,1] Vshape=[256,256,4,1] Keff=f16 Veff=f16 turbo_kv=1 prefer_native_vec=0 decode=1 dk=1 dv=0 unsafe_vec_after_turbo_v_decode=0 allow_vec=1 kernel=MMA_F16 need_f16_K=0 need_f16_V=0 Knb=[50,400,100,102400] Vnb=[2,2048,512,524288] Keff_nb=[2,2048,512,524288] Veff_nb=[2,2048,512,524288]
CUDA_FA_ROUTE_ALLOC kernel=MMA_F16 need_f16_K=0 need_f16_V=0 workspace_end_offset=32768 dst_data=(nil) f16_K=(nil) f16_V=(nil) f16_end=0x8000
CUDA_FA_ROUTE_PLAN device=0 Q=[256,2,16,1] Kraw=turbo3 Vraw=f16 Kshape=[256,256,4,1] Vshape=[256,256,4,1] Keff=f16 Veff=f16 turbo_kv=1 prefer_native_vec=0 decode=1 dk=1 dv=0 unsafe_vec_after_turbo_v_decode=0 allow_vec=1 kernel=MMA_F16 need_f16_K=0 need_f16_V=0 Knb=[50,400,100,102400] Vnb=[2,2048,512,524288] Keff_nb=[2,2048,512,524288] Veff_nb=[2,2048,512,524288]
CUDA_FA_ROUTE_ALLOC kernel=MMA_F16 need_f16_K=0 need_f16_V=0 workspace_end_offset=32768 dst_data=(nil) f16_K=(nil) f16_V=(nil) f16_end=0x8000
CUDA_FA_ROUTE_PLAN device=0 Q=[256,2,16,1] Kraw=turbo3 Vraw=f16 Kshape=[256,256,4,1] Vshape=[256,256,4,1] Keff=f16 Veff=f16 turbo_kv=1 prefer_native_vec=0 decode=1 dk=1 dv=0 unsafe_vec_after_turbo_v_decode=0 allow_vec=1 kernel=MMA_F16 need_f16_K=0 need_f16_V=0 Knb=[50,400,100,102400] Vnb=[2,2048,512,524288] Keff_nb=[2,2048,512,524288] Veff_nb=[2,2048,512,524288]
CUDA_FA_ROUTE_ALLOC kernel=MMA_F16 need_f16_K=0 need_f16_V=0 workspace_end_offset=32768 dst_data=(nil) f16_K=(nil) f16_V=(nil) f16_end=0x8000
CUDA_FA_ROUTE_PLAN device=0 Q=[256,2,16,1] Kraw=turbo3 Vraw=f16 Kshape=[256,256,4,1] Vshape=[256,256,4,1] Keff=f16 Veff=f16 turbo_kv=1 prefer_native_vec=0 decode=1 dk=1 dv=0 unsafe_vec_after_turbo_v_decode=0 allow_vec=1 kernel=MMA_F16 need_f16_K=0 need_f16_V=0 Knb=[50,400,100,102400] Vnb=[2,2048,512,524288] Keff_nb=[2,2048,512,524288] Veff_nb=[2,2048,512,524288]
CUDA_FA_ROUTE_ALLOC kernel=MMA_F16 need_f16_K=0 need_f16_V=0 workspace_end_offset=32768 dst_data=(nil) f16_K=(nil) f16_V=(nil) f16_end=0x8000
CUDA_FA_ROUTE_PLAN device=0 Q=[256,2,16,1] Kraw=turbo3 Vraw=f16 Kshape=[256,256,4,1] Vshape=[256,256,4,1] Keff=f16 Veff=f16 turbo_kv=1 prefer_native_vec=0 decode=1 dk=1 dv=0 unsafe_vec_after_turbo_v_decode=0 allow_vec=1 kernel=MMA_F16 need_f16_K=0 need_f16_V=0 Knb=[50,400,100,102400] Vnb=[2,2048,512,524288] Keff_nb=[2,2048,512,524288] Veff_nb=[2,2048,512,524288]
CUDA_FA_ROUTE_ALLOC kernel=MMA_F16 need_f16_K=0 need_f16_V=0 workspace_end_offset=32768 dst_data=(nil) f16_K=(nil) f16_V=(nil) f16_end=0x8000
CUDA_FA_ROUTE_PLAN device=0 Q=[256,2,16,1] Kraw=turbo3 Vraw=f16 Kshape=[256,256,4,1] Vshape=[256,256,4,1] Keff=f16 Veff=f16 turbo_kv=1 prefer_native_vec=0 decode=1 dk=1 dv=0 unsafe_vec_after_turbo_v_decode=0 allow_vec=1 kernel=MMA_F16 need_f16_K=0 need_f16_V=0 Knb=[50,400,100,102400] Vnb=[2,2048,512,524288] Keff_nb=[2,2048,512,524288] Veff_nb=[2,2048,512,524288]
CUDA_FA_ROUTE_ALLOC kernel=MMA_F16 need_f16_K=0 need_f16_V=0 workspace_end_offset=32768 dst_data=(nil) f16_K=(nil) f16_V=(nil) f16_end=0x8000
CUDA_FA_ROUTE_PLAN device=0 Q=[256,2,16,1] Kraw=turbo3 Vraw=f16 Kshape=[256,256,4,1] Vshape=[256,256,4,1] Keff=f16 Veff=f16 turbo_kv=1 prefer_native_vec=0 decode=1 dk=1 dv=0 unsafe_vec_after_turbo_v_decode=0 allow_vec=1 kernel=MMA_F16 need_f16_K=0 need_f16_V=0 Knb=[50,400,100,102400] Vnb=[2,2048,512,524288] Keff_nb=[2,2048,512,524288] Veff_nb=[2,2048,512,524288]
CUDA_FA_ROUTE_ALLOC kernel=MMA_F16 need_f16_K=0 need_f16_V=0 workspace_end_offset=32768 dst_data=(nil) f16_K=(nil) f16_V=(nil) f16_end=0x8000
CUDA_FA_ROUTE_PLAN device=0 Q=[256,2,16,1] Kraw=turbo3 Vraw=f16 Kshape=[256,256,4,1] Vshape=[256,256,4,1] Keff=f16 Veff=f16 turbo_kv=1 prefer_native_vec=0 decode=1 dk=1 dv=0 unsafe_vec_after_turbo_v_decode=0 allow_vec=1 kernel=MMA_F16 need_f16_K=0 need_f16_V=0 Knb=[50,400,100,102400] Vnb=[2,2048,512,524288] Keff_nb=[2,2048,512,524288] Veff_nb=[2,2048,512,524288]
CUDA_FA_ROUTE_ALLOC kernel=MMA_F16 need_f16_K=0 need_f16_V=0 workspace_end_offset=32768 dst_data=(nil) f16_K=(nil) f16_V=(nil) f16_end=0x8000
CUDA_FA_ROUTE_PLAN device=0 Q=[256,2,16,1] Kraw=turbo3 Vraw=f16 Kshape=[256,256,4,1] Vshape=[256,256,4,1] Keff=f16 Veff=f16 turbo_kv=1 prefer_native_vec=0 decode=1 dk=1 dv=0 unsafe_vec_after_turbo_v_decode=0 allow_vec=1 kernel=MMA_F16 need_f16_K=0 need_f16_V=0 Knb=[50,400,100,102400] Vnb=[2,2048,512,524288] Keff_nb=[2,2048,512,524288] Veff_nb=[2,2048,512,524288]
CUDA_FA_ROUTE_ALLOC kernel=MMA_F16 need_f16_K=0 need_f16_V=0 workspace_end_offset=32768 dst_data=(nil) f16_K=(nil) f16_V=(nil) f16_end=0x8000
CUDA_FA_ROUTE_PLAN device=0 Q=[256,2,16,1] Kraw=turbo3 Vraw=f16 Kshape=[256,256,4,1] Vshape=[256,256,4,1] Keff=f16 Veff=f16 turbo_kv=1 prefer_native_vec=0 decode=1 dk=1 dv=0 unsafe_vec_after_turbo_v_decode=0 allow_vec=1 kernel=MMA_F16 need_f16_K=0 need_f16_V=0 Knb=[50,400,100,102400] Vnb=[2,2048,512,524288] Keff_nb=[2,2048,512,524288] Veff_nb=[2,2048,512,524288]
CUDA_FA_ROUTE_ALLOC kernel=MMA_F16 need_f16_K=0 need_f16_V=0 workspace_end_offset=32768 dst_data=(nil) f16_K=(nil) f16_V=(nil) f16_end=0x8000
CUDA_FA_ROUTE_PLAN device=0 Q=[256,2,16,1] Kraw=turbo3 Vraw=f16 Kshape=[256,256,4,1] Vshape=[256,256,4,1] Keff=f16 Veff=f16 turbo_kv=1 prefer_native_vec=0 decode=1 dk=1 dv=0 unsafe_vec_after_turbo_v_decode=0 allow_vec=1 kernel=MMA_F16 need_f16_K=0 need_f16_V=0 Knb=[50,400,100,102400] Vnb=[2,2048,512,524288] Keff_nb=[2,2048,512,524288] Veff_nb=[2,2048,512,524288]
CUDA_FA_ROUTE_ALLOC kernel=MMA_F16 need_f16_K=0 need_f16_V=0 workspace_end_offset=32768 dst_data=(nil) f16_K=(nil) f16_V=(nil) f16_end=0x8000
CUDA_FA_ROUTE_PLAN device=0 Q=[256,2,16,1] Kraw=turbo3 Vraw=f16 Kshape=[256,256,4,1] Vshape=[256,256,4,1] Keff=f16 Veff=f16 turbo_kv=1 prefer_native_vec=0 decode=1 dk=1 dv=0 unsafe_vec_after_turbo_v_decode=0 allow_vec=1 kernel=MMA_F16 need_f16_K=0 need_f16_V=0 Knb=[50,400,100,102400] Vnb=[2,2048,512,524288] Keff_nb=[2,2048,512,524288] Veff_nb=[2,2048,512,524288]
CUDA_FA_ROUTE_ALLOC kernel=MMA_F16 need_f16_K=0 need_f16_V=0 workspace_end_offset=32768 dst_data=(nil) f16_K=(nil) f16_V=(nil) f16_end=0x8000
CUDA_FA_ROUTE_PLAN device=0 Q=[256,2,16,1] Kraw=turbo3 Vraw=f16 Kshape=[256,256,4,1] Vshape=[256,256,4,1] Keff=f16 Veff=f16 turbo_kv=1 prefer_native_vec=0 decode=1 dk=1 dv=0 unsafe_vec_after_turbo_v_decode=0 allow_vec=1 kernel=MMA_F16 need_f16_K=0 need_f16_V=0 Knb=[50,400,100,102400] Vnb=[2,2048,512,524288] Keff_nb=[2,2048,512,524288] Veff_nb=[2,2048,512,524288]
CUDA_FA_ROUTE_ALLOC kernel=MMA_F16 need_f16_K=0 need_f16_V=0 workspace_end_offset=32768 dst_data=(nil) f16_K=(nil) f16_V=(nil) f16_end=0x8000
CUDA_FA_ROUTE_PLAN device=0 Q=[256,2,16,1] Kraw=turbo3 Vraw=f16 Kshape=[256,256,4,1] Vshape=[256,256,4,1] Keff=f16 Veff=f16 turbo_kv=1 prefer_native_vec=0 decode=1 dk=1 dv=0 unsafe_vec_after_turbo_v_decode=0 allow_vec=1 kernel=MMA_F16 need_f16_K=0 need_f16_V=0 Knb=[50,400,100,102400] Vnb=[2,2048,512,524288] Keff_nb=[2,2048,512,524288] Veff_nb=[2,2048,512,524288]
CUDA_FA_ROUTE_ALLOC kernel=MMA_F16 need_f16_K=0 need_f16_V=0 workspace_end_offset=32768 dst_data=(nil) f16_K=(nil) f16_V=(nil) f16_end=0x8000
CUDA_FA_ROUTE_PLAN device=0 Q=[256,2,16,1] Kraw=turbo3 Vraw=f16 Kshape=[256,256,4,1] Vshape=[256,256,4,1] Keff=f16 Veff=f16 turbo_kv=1 prefer_native_vec=0 decode=1 dk=1 dv=0 unsafe_vec_after_turbo_v_decode=0 allow_vec=1 kernel=MMA_F16 need_f16_K=0 need_f16_V=0 Knb=[50,400,100,102400] Vnb=[2,2048,512,524288] Keff_nb=[2,2048,512,524288] Veff_nb=[2,2048,512,524288]
CUDA_FA_ROUTE_ALLOC kernel=MMA_F16 need_f16_K=0 need_f16_V=0 workspace_end_offset=32768 dst_data=(nil) f16_K=(nil) f16_V=(nil) f16_end=0x8000
CUDA_FA_ROUTE_PLAN device=0 Q=[256,2,16,1] Kraw=turbo3 Vraw=f16 Kshape=[256,256,4,1] Vshape=[256,256,4,1] Keff=f16 Veff=f16 turbo_kv=1 prefer_native_vec=0 decode=1 dk=1 dv=0 unsafe_vec_after_turbo_v_decode=0 allow_vec=1 kernel=MMA_F16 need_f16_K=0 need_f16_V=0 Knb=[50,400,100,102400] Vnb=[2,2048,512,524288] Keff_nb=[2,2048,512,524288] Veff_nb=[2,2048,512,524288]
CUDA_FA_ROUTE_ALLOC kernel=MMA_F16 need_f16_K=0 need_f16_V=0 workspace_end_offset=32768 dst_data=(nil) f16_K=(nil) f16_V=(nil) f16_end=0x8000
CUDA_FA_ROUTE_PLAN device=0 Q=[256,2,16,1] Kraw=turbo3 Vraw=f16 Kshape=[256,256,4,1] Vshape=[256,256,4,1] Keff=f16 Veff=f16 turbo_kv=1 prefer_native_vec=0 decode=1 dk=1 dv=0 unsafe_vec_after_turbo_v_decode=0 allow_vec=1 kernel=MMA_F16 need_f16_K=0 need_f16_V=0 Knb=[50,400,100,102400] Vnb=[2,2048,512,524288] Keff_nb=[2,2048,512,524288] Veff_nb=[2,2048,512,524288]
CUDA_FA_ROUTE_ALLOC kernel=MMA_F16 need_f16_K=0 need_f16_V=0 workspace_end_offset=32768 dst_data=(nil) f16_K=(nil) f16_V=(nil) f16_end=0x8000
CUDA_FA_ROUTE_PLAN device=0 Q=[256,2,16,1] Kraw=turbo3 Vraw=f16 Kshape=[256,256,4,1] Vshape=[256,256,4,1] Keff=f16 Veff=f16 turbo_kv=1 prefer_native_vec=0 decode=1 dk=1 dv=0 unsafe_vec_after_turbo_v_decode=0 allow_vec=1 kernel=MMA_F16 need_f16_K=0 need_f16_V=0 Knb=[50,400,100,102400] Vnb=[2,2048,512,524288] Keff_nb=[2,2048,512,524288] Veff_nb=[2,2048,512,524288]
CUDA_FA_ROUTE_ALLOC kernel=MMA_F16 need_f16_K=0 need_f16_V=0 workspace_end_offset=32768 dst_data=(nil) f16_K=(nil) f16_V=(nil) f16_end=0x8000
CUDA_FA_ROUTE_PLAN device=0 Q=[256,2,16,1] Kraw=turbo3 Vraw=f16 Kshape=[256,256,4,1] Vshape=[256,256,4,1] Keff=f16 Veff=f16 turbo_kv=1 prefer_native_vec=0 decode=1 dk=1 dv=0 unsafe_vec_after_turbo_v_decode=0 allow_vec=1 kernel=MMA_F16 need_f16_K=0 need_f16_V=0 Knb=[50,400,100,102400] Vnb=[2,2048,512,524288] Keff_nb=[2,2048,512,524288] Veff_nb=[2,2048,512,524288]
CUDA_FA_ROUTE_ALLOC kernel=MMA_F16 need_f16_K=0 need_f16_V=0 workspace_end_offset=32768 dst_data=(nil) f16_K=(nil) f16_V=(nil) f16_end=0x8000
CUDA_FA_ROUTE_PLAN device=0 Q=[256,2,16,1] Kraw=turbo3 Vraw=f16 Kshape=[256,256,4,1] Vshape=[256,256,4,1] Keff=f16 Veff=f16 turbo_kv=1 prefer_native_vec=0 decode=1 dk=1 dv=0 unsafe_vec_after_turbo_v_decode=0 allow_vec=1 kernel=MMA_F16 need_f16_K=0 need_f16_V=0 Knb=[50,400,100,102400] Vnb=[2,2048,512,524288] Keff_nb=[2,2048,512,524288] Veff_nb=[2,2048,512,524288]
CUDA_FA_ROUTE_ALLOC kernel=MMA_F16 need_f16_K=0 need_f16_V=0 workspace_end_offset=32768 dst_data=(nil) f16_K=(nil) f16_V=(nil) f16_end=0x8000
CUDA_FA_ROUTE_PLAN device=0 Q=[256,2,16,1] Kraw=turbo3 Vraw=f16 Kshape=[256,256,4,1] Vshape=[256,256,4,1] Keff=f16 Veff=f16 turbo_kv=1 prefer_native_vec=0 decode=1 dk=1 dv=0 unsafe_vec_after_turbo_v_decode=0 allow_vec=1 kernel=MMA_F16 need_f16_K=0 need_f16_V=0 Knb=[50,400,100,102400] Vnb=[2,2048,512,524288] Keff_nb=[2,2048,512,524288] Veff_nb=[2,2048,512,524288]
CUDA_FA_ROUTE_ALLOC kernel=MMA_F16 need_f16_K=0 need_f16_V=0 workspace_end_offset=32768 dst_data=(nil) f16_K=(nil) f16_V=(nil) f16_end=0x8000
CUDA_FA_ROUTE_PLAN device=0 Q=[256,2,16,1] Kraw=turbo3 Vraw=f16 Kshape=[256,256,4,1] Vshape=[256,256,4,1] Keff=f16 Veff=f16 turbo_kv=1 prefer_native_vec=0 decode=1 dk=1 dv=0 unsafe_vec_after_turbo_v_decode=0 allow_vec=1 kernel=MMA_F16 need_f16_K=0 need_f16_V=0 Knb=[50,400,100,102400] Vnb=[2,2048,512,524288] Keff_nb=[2,2048,512,524288] Veff_nb=[2,2048,512,524288]
CUDA_FA_ROUTE_ALLOC kernel=MMA_F16 need_f16_K=0 need_f16_V=0 workspace_end_offset=32768 dst_data=(nil) f16_K=(nil) f16_V=(nil) f16_end=0x8000
CUDA_FA_ROUTE_PLAN device=0 Q=[256,2,16,1] Kraw=turbo3 Vraw=f16 Kshape=[256,256,4,1] Vshape=[256,256,4,1] Keff=f16 Veff=f16 turbo_kv=1 prefer_native_vec=0 decode=1 dk=1 dv=0 unsafe_vec_after_turbo_v_decode=0 allow_vec=1 kernel=MMA_F16 need_f16_K=0 need_f16_V=0 Knb=[50,400,100,102400] Vnb=[2,2048,512,524288] Keff_nb=[2,2048,512,524288] Veff_nb=[2,2048,512,524288]
CUDA_FA_ROUTE_ALLOC kernel=MMA_F16 need_f16_K=0 need_f16_V=0 workspace_end_offset=32768 dst_data=(nil) f16_K=(nil) f16_V=(nil) f16_end=0x8000
CUDA_FA_ROUTE_PLAN device=0 Q=[256,2,16,1] Kraw=turbo3 Vraw=f16 Kshape=[256,256,4,1] Vshape=[256,256,4,1] Keff=f16 Veff=f16 turbo_kv=1 prefer_native_vec=0 decode=1 dk=1 dv=0 unsafe_vec_after_turbo_v_decode=0 allow_vec=1 kernel=MMA_F16 need_f16_K=0 need_f16_V=0 Knb=[50,400,100,102400] Vnb=[2,2048,512,524288] Keff_nb=[2,2048,512,524288] Veff_nb=[2,2048,512,524288]
CUDA_FA_ROUTE_ALLOC kernel=MMA_F16 need_f16_K=0 need_f16_V=0 workspace_end_offset=32768 dst_data=(nil) f16_K=(nil) f16_V=(nil) f16_end=0x8000
CUDA_FA_ROUTE_PLAN device=0 Q=[256,2,16,1] Kraw=turbo3 Vraw=f16 Kshape=[256,256,4,1] Vshape=[256,256,4,1] Keff=f16 Veff=f16 turbo_kv=1 prefer_native_vec=0 decode=1 dk=1 dv=0 unsafe_vec_after_turbo_v_decode=0 allow_vec=1 kernel=MMA_F16 need_f16_K=0 need_f16_V=0 Knb=[50,400,100,102400] Vnb=[2,2048,512,524288] Keff_nb=[2,2048,512,524288] Veff_nb=[2,2048,512,524288]
CUDA_FA_ROUTE_ALLOC kernel=MMA_F16 need_f16_K=0 need_f16_V=0 workspace_end_offset=32768 dst_data=(nil) f16_K=(nil) f16_V=(nil) f16_end=0x8000
CUDA_FA_ROUTE_PLAN device=0 Q=[256,2,16,1] Kraw=turbo3 Vraw=f16 Kshape=[256,256,4,1] Vshape=[256,256,4,1] Keff=f16 Veff=f16 turbo_kv=1 prefer_native_vec=0 decode=1 dk=1 dv=0 unsafe_vec_after_turbo_v_decode=0 allow_vec=1 kernel=MMA_F16 need_f16_K=0 need_f16_V=0 Knb=[50,400,100,102400] Vnb=[2,2048,512,524288] Keff_nb=[2,2048,512,524288] Veff_nb=[2,2048,512,524288]
CUDA_FA_ROUTE_ALLOC kernel=MMA_F16 need_f16_K=0 need_f16_V=0 workspace_end_offset=32768 dst_data=(nil) f16_K=(nil) f16_V=(nil) f16_end=0x8000
CUDA_FA_ROUTE_PLAN device=0 Q=[256,2,16,1] Kraw=turbo3 Vraw=f16 Kshape=[256,256,4,1] Vshape=[256,256,4,1] Keff=f16 Veff=f16 turbo_kv=1 prefer_native_vec=0 decode=1 dk=1 dv=0 unsafe_vec_after_turbo_v_decode=0 allow_vec=1 kernel=MMA_F16 need_f16_K=0 need_f16_V=0 Knb=[50,400,100,102400] Vnb=[2,2048,512,524288] Keff_nb=[2,2048,512,524288] Veff_nb=[2,2048,512,524288]
CUDA_FA_ROUTE_ALLOC kernel=MMA_F16 need_f16_K=0 need_f16_V=0 workspace_end_offset=32768 dst_data=(nil) f16_K=(nil) f16_V=(nil) f16_end=0x8000
CUDA_FA_ROUTE_PLAN device=0 Q=[256,2,16,1] Kraw=turbo3 Vraw=f16 Kshape=[256,256,4,1] Vshape=[256,256,4,1] Keff=f16 Veff=f16 turbo_kv=1 prefer_native_vec=0 decode=1 dk=1 dv=0 unsafe_vec_after_turbo_v_decode=0 allow_vec=1 kernel=MMA_F16 need_f16_K=0 need_f16_V=0 Knb=[50,400,100,102400] Vnb=[2,2048,512,524288] Keff_nb=[2,2048,512,524288] Veff_nb=[2,2048,512,524288]
CUDA_FA_ROUTE_ALLOC kernel=MMA_F16 need_f16_K=0 need_f16_V=0 workspace_end_offset=32768 dst_data=(nil) f16_K=(nil) f16_V=(nil) f16_end=0x8000
CUDA_FA_ROUTE_PLAN device=0 Q=[256,2,16,1] Kraw=turbo3 Vraw=f16 Kshape=[256,256,4,1] Vshape=[256,256,4,1] Keff=f16 Veff=f16 turbo_kv=1 prefer_native_vec=0 decode=1 dk=1 dv=0 unsafe_vec_after_turbo_v_decode=0 allow_vec=1 kernel=MMA_F16 need_f16_K=0 need_f16_V=0 Knb=[50,400,100,102400] Vnb=[2,2048,512,524288] Keff_nb=[2,2048,512,524288] Veff_nb=[2,2048,512,524288]
CUDA_FA_ROUTE_ALLOC kernel=MMA_F16 need_f16_K=0 need_f16_V=0 workspace_end_offset=32768 dst_data=(nil) f16_K=(nil) f16_V=(nil) f16_end=0x8000
CUDA_FA_ROUTE_PLAN device=0 Q=[256,2,16,1] Kraw=turbo3 Vraw=f16 Kshape=[256,256,4,1] Vshape=[256,256,4,1] Keff=f16 Veff=f16 turbo_kv=1 prefer_native_vec=0 decode=1 dk=1 dv=0 unsafe_vec_after_turbo_v_decode=0 allow_vec=1 kernel=MMA_F16 need_f16_K=0 need_f16_V=0 Knb=[50,400,100,102400] Vnb=[2,2048,512,524288] Keff_nb=[2,2048,512,524288] Veff_nb=[2,2048,512,524288]
CUDA_FA_ROUTE_ALLOC kernel=MMA_F16 need_f16_K=0 need_f16_V=0 workspace_end_offset=32768 dst_data=(nil) f16_K=(nil) f16_V=(nil) f16_end=0x8000
CUDA_FA_ROUTE_PLAN device=0 Q=[256,2,16,1] Kraw=turbo3 Vraw=f16 Kshape=[256,256,4,1] Vshape=[256,256,4,1] Keff=f16 Veff=f16 turbo_kv=1 prefer_native_vec=0 decode=1 dk=1 dv=0 unsafe_vec_after_turbo_v_decode=0 allow_vec=1 kernel=MMA_F16 need_f16_K=0 need_f16_V=0 Knb=[50,400,100,102400] Vnb=[2,2048,512,524288] Keff_nb=[2,2048,512,524288] Veff_nb=[2,2048,512,524288]
CUDA_FA_ROUTE_ALLOC kernel=MMA_F16 need_f16_K=0 need_f16_V=0 workspace_end_offset=32768 dst_data=(nil) f16_K=(nil) f16_V=(nil) f16_end=0x8000
CUDA_FA_ROUTE_PLAN device=0 Q=[256,2,16,1] Kraw=turbo3 Vraw=f16 Kshape=[256,256,4,1] Vshape=[256,256,4,1] Keff=f16 Veff=f16 turbo_kv=1 prefer_native_vec=0 decode=1 dk=1 dv=0 unsafe_vec_after_turbo_v_decode=0 allow_vec=1 kernel=MMA_F16 need_f16_K=0 need_f16_V=0 Knb=[50,400,100,102400] Vnb=[2,2048,512,524288] Keff_nb=[2,2048,512,524288] Veff_nb=[2,2048,512,524288]
CUDA_FA_ROUTE_ALLOC kernel=MMA_F16 need_f16_K=0 need_f16_V=0 workspace_end_offset=32768 dst_data=(nil) f16_K=(nil) f16_V=(nil) f16_end=0x8000
CUDA_FA_ROUTE_PLAN device=0 Q=[256,2,16,1] Kraw=turbo3 Vraw=f16 Kshape=[256,256,4,1] Vshape=[256,256,4,1] Keff=f16 Veff=f16 turbo_kv=1 prefer_native_vec=0 decode=1 dk=1 dv=0 unsafe_vec_after_turbo_v_decode=0 allow_vec=1 kernel=MMA_F16 need_f16_K=0 need_f16_V=0 Knb=[50,400,100,102400] Vnb=[2,2048,512,524288] Keff_nb=[2,2048,512,524288] Veff_nb=[2,2048,512,524288]
CUDA_FA_ROUTE_ALLOC kernel=MMA_F16 need_f16_K=0 need_f16_V=0 workspace_end_offset=32768 dst_data=(nil) f16_K=(nil) f16_V=(nil) f16_end=0x8000
CUDA_FA_ROUTE_PLAN device=0 Q=[256,2,16,1] Kraw=turbo3 Vraw=f16 Kshape=[256,256,4,1] Vshape=[256,256,4,1] Keff=f16 Veff=f16 turbo_kv=1 prefer_native_vec=0 decode=1 dk=1 dv=0 unsafe_vec_after_turbo_v_decode=0 allow_vec=1 kernel=MMA_F16 need_f16_K=0 need_f16_V=0 Knb=[50,400,100,102400] Vnb=[2,2048,512,524288] Keff_nb=[2,2048,512,524288] Veff_nb=[2,2048,512,524288]
CUDA_FA_ROUTE_ALLOC kernel=MMA_F16 need_f16_K=0 need_f16_V=0 workspace_end_offset=32768 dst_data=(nil) f16_K=(nil) f16_V=(nil) f16_end=0x8000
CUDA_FA_ROUTE_PLAN device=0 Q=[256,2,16,1] Kraw=turbo3 Vraw=f16 Kshape=[256,256,4,1] Vshape=[256,256,4,1] Keff=f16 Veff=f16 turbo_kv=1 prefer_native_vec=0 decode=1 dk=1 dv=0 unsafe_vec_after_turbo_v_decode=0 allow_vec=1 kernel=MMA_F16 need_f16_K=0 need_f16_V=0 Knb=[50,400,100,102400] Vnb=[2,2048,512,524288] Keff_nb=[2,2048,512,524288] Veff_nb=[2,2048,512,524288]
CUDA_FA_ROUTE_ALLOC kernel=MMA_F16 need_f16_K=0 need_f16_V=0 workspace_end_offset=32768 dst_data=(nil) f16_K=(nil) f16_V=(nil) f16_end=0x8000
CUDA_FA_ROUTE_PLAN device=0 Q=[256,2,16,1] Kraw=turbo3 Vraw=f16 Kshape=[256,256,4,1] Vshape=[256,256,4,1] Keff=f16 Veff=f16 turbo_kv=1 prefer_native_vec=0 decode=1 dk=1 dv=0 unsafe_vec_after_turbo_v_decode=0 allow_vec=1 kernel=MMA_F16 need_f16_K=0 need_f16_V=0 Knb=[50,400,100,102400] Vnb=[2,2048,512,524288] Keff_nb=[2,2048,512,524288] Veff_nb=[2,2048,512,524288]
CUDA_FA_ROUTE_ALLOC kernel=MMA_F16 need_f16_K=0 need_f16_V=0 workspace_end_offset=32768 dst_data=(nil) f16_K=(nil) f16_V=(nil) f16_end=0x8000
CUDA_FA_ROUTE_PLAN device=0 Q=[256,2,16,1] Kraw=turbo3 Vraw=f16 Kshape=[256,256,4,1] Vshape=[256,256,4,1] Keff=f16 Veff=f16 turbo_kv=1 prefer_native_vec=0 decode=1 dk=1 dv=0 unsafe_vec_after_turbo_v_decode=0 allow_vec=1 kernel=MMA_F16 need_f16_K=0 need_f16_V=0 Knb=[50,400,100,102400] Vnb=[2,2048,512,524288] Keff_nb=[2,2048,512,524288] Veff_nb=[2,2048,512,524288]
CUDA_FA_ROUTE_ALLOC kernel=MMA_F16 need_f16_K=0 need_f16_V=0 workspace_end_offset=32768 dst_data=(nil) f16_K=(nil) f16_V=(nil) f16_end=0x8000
CUDA_FA_ROUTE_PLAN device=0 Q=[256,2,16,1] Kraw=turbo3 Vraw=f16 Kshape=[256,256,4,1] Vshape=[256,256,4,1] Keff=f16 Veff=f16 turbo_kv=1 prefer_native_vec=0 decode=1 dk=1 dv=0 unsafe_vec_after_turbo_v_decode=0 allow_vec=1 kernel=MMA_F16 need_f16_K=0 need_f16_V=0 Knb=[50,400,100,102400] Vnb=[2,2048,512,524288] Keff_nb=[2,2048,512,524288] Veff_nb=[2,2048,512,524288]
CUDA_FA_ROUTE_ALLOC kernel=MMA_F16 need_f16_K=0 need_f16_V=0 workspace_end_offset=32768 dst_data=(nil) f16_K=(nil) f16_V=(nil) f16_end=0x8000
CUDA_FA_ROUTE_PLAN device=0 Q=[256,2,16,1] Kraw=turbo3 Vraw=f16 Kshape=[256,256,4,1] Vshape=[256,256,4,1] Keff=f16 Veff=f16 turbo_kv=1 prefer_native_vec=0 decode=1 dk=1 dv=0 unsafe_vec_after_turbo_v_decode=0 allow_vec=1 kernel=MMA_F16 need_f16_K=0 need_f16_V=0 Knb=[50,400,100,102400] Vnb=[2,2048,512,524288] Keff_nb=[2,2048,512,524288] Veff_nb=[2,2048,512,524288]
CUDA_FA_ROUTE_ALLOC kernel=MMA_F16 need_f16_K=0 need_f16_V=0 workspace_end_offset=32768 dst_data=(nil) f16_K=(nil) f16_V=(nil) f16_end=0x8000
CUDA_FA_ROUTE_PLAN device=0 Q=[256,2,16,1] Kraw=turbo3 Vraw=f16 Kshape=[256,256,4,1] Vshape=[256,256,4,1] Keff=f16 Veff=f16 turbo_kv=1 prefer_native_vec=0 decode=1 dk=1 dv=0 unsafe_vec_after_turbo_v_decode=0 allow_vec=1 kernel=MMA_F16 need_f16_K=0 need_f16_V=0 Knb=[50,400,100,102400] Vnb=[2,2048,512,524288] Keff_nb=[2,2048,512,524288] Veff_nb=[2,2048,512,524288]
CUDA_FA_ROUTE_ALLOC kernel=MMA_F16 need_f16_K=0 need_f16_V=0 workspace_end_offset=32768 dst_data=(nil) f16_K=(nil) f16_V=(nil) f16_end=0x8000
CUDA_FA_ROUTE_PLAN device=0 Q=[256,2,16,1] Kraw=turbo3 Vraw=f16 Kshape=[256,256,4,1] Vshape=[256,256,4,1] Keff=f16 Veff=f16 turbo_kv=1 prefer_native_vec=0 decode=1 dk=1 dv=0 unsafe_vec_after_turbo_v_decode=0 allow_vec=1 kernel=MMA_F16 need_f16_K=0 need_f16_V=0 Knb=[50,400,100,102400] Vnb=[2,2048,512,524288] Keff_nb=[2,2048,512,524288] Veff_nb=[2,2048,512,524288]
CUDA_FA_ROUTE_ALLOC kernel=MMA_F16 need_f16_K=0 need_f16_V=0 workspace_end_offset=32768 dst_data=(nil) f16_K=(nil) f16_V=(nil) f16_end=0x8000
CUDA_FA_ROUTE_PLAN device=0 Q=[256,2,16,1] Kraw=turbo3 Vraw=f16 Kshape=[256,256,4,1] Vshape=[256,256,4,1] Keff=f16 Veff=f16 turbo_kv=1 prefer_native_vec=0 decode=1 dk=1 dv=0 unsafe_vec_after_turbo_v_decode=0 allow_vec=1 kernel=MMA_F16 need_f16_K=0 need_f16_V=0 Knb=[50,400,100,102400] Vnb=[2,2048,512,524288] Keff_nb=[2,2048,512,524288] Veff_nb=[2,2048,512,524288]
CUDA_FA_ROUTE_ALLOC kernel=MMA_F16 need_f16_K=0 need_f16_V=0 workspace_end_offset=32768 dst_data=(nil) f16_K=(nil) f16_V=(nil) f16_end=0x8000
CUDA_FA_ROUTE_PLAN device=0 Q=[256,2,16,1] Kraw=turbo3 Vraw=f16 Kshape=[256,256,4,1] Vshape=[256,256,4,1] Keff=f16 Veff=f16 turbo_kv=1 prefer_native_vec=0 decode=1 dk=1 dv=0 unsafe_vec_after_turbo_v_decode=0 allow_vec=1 kernel=MMA_F16 need_f16_K=0 need_f16_V=0 Knb=[50,400,100,102400] Vnb=[2,2048,512,524288] Keff_nb=[2,2048,512,524288] Veff_nb=[2,2048,512,524288]
CUDA_FA_ROUTE_ALLOC kernel=MMA_F16 need_f16_K=0 need_f16_V=0 workspace_end_offset=32768 dst_data=(nil) f16_K=(nil) f16_V=(nil) f16_end=0x8000
CUDA_FA_ROUTE_PLAN device=0 Q=[256,2,16,1] Kraw=turbo3 Vraw=f16 Kshape=[256,256,4,1] Vshape=[256,256,4,1] Keff=f16 Veff=f16 turbo_kv=1 prefer_native_vec=0 decode=1 dk=1 dv=0 unsafe_vec_after_turbo_v_decode=0 allow_vec=1 kernel=MMA_F16 need_f16_K=0 need_f16_V=0 Knb=[50,400,100,102400] Vnb=[2,2048,512,524288] Keff_nb=[2,2048,512,524288] Veff_nb=[2,2048,512,524288]
CUDA_FA_ROUTE_ALLOC kernel=MMA_F16 need_f16_K=0 need_f16_V=0 workspace_end_offset=32768 dst_data=(nil) f16_K=(nil) f16_V=(nil) f16_end=0x8000
CUDA_FA_ROUTE_PLAN device=0 Q=[256,2,16,1] Kraw=turbo3 Vraw=f16 Kshape=[256,256,4,1] Vshape=[256,256,4,1] Keff=f16 Veff=f16 turbo_kv=1 prefer_native_vec=0 decode=1 dk=1 dv=0 unsafe_vec_after_turbo_v_decode=0 allow_vec=1 kernel=MMA_F16 need_f16_K=0 need_f16_V=0 Knb=[50,400,100,102400] Vnb=[2,2048,512,524288] Keff_nb=[2,2048,512,524288] Veff_nb=[2,2048,512,524288]
CUDA_FA_ROUTE_ALLOC kernel=MMA_F16 need_f16_K=0 need_f16_V=0 workspace_end_offset=32768 dst_data=(nil) f16_K=(nil) f16_V=(nil) f16_end=0x8000
CUDA_FA_ROUTE_PLAN device=0 Q=[256,2,16,1] Kraw=turbo3 Vraw=f16 Kshape=[256,256,4,1] Vshape=[256,256,4,1] Keff=f16 Veff=f16 turbo_kv=1 prefer_native_vec=0 decode=1 dk=1 dv=0 unsafe_vec_after_turbo_v_decode=0 allow_vec=1 kernel=MMA_F16 need_f16_K=0 need_f16_V=0 Knb=[50,400,100,102400] Vnb=[2,2048,512,524288] Keff_nb=[2,2048,512,524288] Veff_nb=[2,2048,512,524288]
CUDA_FA_ROUTE_ALLOC kernel=MMA_F16 need_f16_K=0 need_f16_V=0 workspace_end_offset=32768 dst_data=(nil) f16_K=(nil) f16_V=(nil) f16_end=0x8000
CUDA_FA_ROUTE_PLAN device=0 Q=[256,2,16,1] Kraw=turbo3 Vraw=f16 Kshape=[256,256,4,1] Vshape=[256,256,4,1] Keff=f16 Veff=f16 turbo_kv=1 prefer_native_vec=0 decode=1 dk=1 dv=0 unsafe_vec_after_turbo_v_decode=0 allow_vec=1 kernel=MMA_F16 need_f16_K=0 need_f16_V=0 Knb=[50,400,100,102400] Vnb=[2,2048,512,524288] Keff_nb=[2,2048,512,524288] Veff_nb=[2,2048,512,524288]
CUDA_FA_ROUTE_ALLOC kernel=MMA_F16 need_f16_K=0 need_f16_V=0 workspace_end_offset=32768 dst_data=(nil) f16_K=(nil) f16_V=(nil) f16_end=0x8000
CUDA_FA_ROUTE_PLAN device=0 Q=[256,2,16,1] Kraw=turbo3 Vraw=f16 Kshape=[256,256,4,1] Vshape=[256,256,4,1] Keff=f16 Veff=f16 turbo_kv=1 prefer_native_vec=0 decode=1 dk=1 dv=0 unsafe_vec_after_turbo_v_decode=0 allow_vec=1 kernel=MMA_F16 need_f16_K=0 need_f16_V=0 Knb=[50,400,100,102400] Vnb=[2,2048,512,524288] Keff_nb=[2,2048,512,524288] Veff_nb=[2,2048,512,524288]
CUDA_FA_ROUTE_ALLOC kernel=MMA_F16 need_f16_K=0 need_f16_V=0 workspace_end_offset=32768 dst_data=(nil) f16_K=(nil) f16_V=(nil) f16_end=0x8000
CUDA_FA_ROUTE_PLAN device=0 Q=[256,2,16,1] Kraw=turbo3 Vraw=f16 Kshape=[256,256,4,1] Vshape=[256,256,4,1] Keff=f16 Veff=f16 turbo_kv=1 prefer_native_vec=0 decode=1 dk=1 dv=0 unsafe_vec_after_turbo_v_decode=0 allow_vec=1 kernel=MMA_F16 need_f16_K=0 need_f16_V=0 Knb=[50,400,100,102400] Vnb=[2,2048,512,524288] Keff_nb=[2,2048,512,524288] Veff_nb=[2,2048,512,524288]
CUDA_FA_ROUTE_ALLOC kernel=MMA_F16 need_f16_K=0 need_f16_V=0 workspace_end_offset=32768 dst_data=(nil) f16_K=(nil) f16_V=(nil) f16_end=0x8000
CUDA_FA_ROUTE_PLAN device=0 Q=[256,2,16,1] Kraw=turbo3 Vraw=f16 Kshape=[256,256,4,1] Vshape=[256,256,4,1] Keff=f16 Veff=f16 turbo_kv=1 prefer_native_vec=0 decode=1 dk=1 dv=0 unsafe_vec_after_turbo_v_decode=0 allow_vec=1 kernel=MMA_F16 need_f16_K=0 need_f16_V=0 Knb=[50,400,100,102400] Vnb=[2,2048,512,524288] Keff_nb=[2,2048,512,524288] Veff_nb=[2,2048,512,524288]
GGML_TURBO_FA_DEBUG: path=prefill-dequant K=turbo3 V=f16 Q=[256,2,16,1] K=[256,256,4,1] V=[256,256,4,1]
TCQ decode: context-adaptive V alpha enabled
CUDA_FA_ROUTE_PLAN device=0 Q=[256,2,16,1] Kraw=turbo3 Vraw=f16 Kshape=[256,256,4,1] Vshape=[256,256,4,1] Keff=f16 Veff=f16 turbo_kv=1 prefer_native_vec=0 decode=1 dk=1 dv=0 unsafe_vec_after_turbo_v_decode=0 allow_vec=1 kernel=MMA_F16 need_f16_K=0 need_f16_V=0 Knb=[50,400,100,102400] Vnb=[2,2048,512,524288] Keff_nb=[2,2048,512,524288] Veff_nb=[2,2048,512,524288]
GGML_TURBO_FA_DEBUG: path=prefill-dequant K=turbo3 V=f16 Q=[256,2,16,1] K=[256,256,4,1] V=[256,256,4,1]
CUDA_FA_ROUTE_PLAN device=0 Q=[256,2,16,1] Kraw=turbo3 Vraw=f16 Kshape=[256,256,4,1] Vshape=[256,256,4,1] Keff=f16 Veff=f16 turbo_kv=1 prefer_native_vec=0 decode=1 dk=1 dv=0 unsafe_vec_after_turbo_v_decode=0 allow_vec=1 kernel=MMA_F16 need_f16_K=0 need_f16_V=0 Knb=[50,400,100,102400] Vnb=[2,2048,512,524288] Keff_nb=[2,2048,512,524288] Veff_nb=[2,2048,512,524288]
GGML_TURBO_FA_DEBUG: path=prefill-dequant K=turbo3 V=f16 Q=[256,2,16,1] K=[256,256,4,1] V=[256,256,4,1]
CUDA_FA_ROUTE_PLAN device=0 Q=[256,2,16,1] Kraw=turbo3 Vraw=f16 Kshape=[256,256,4,1] Vshape=[256,256,4,1] Keff=f16 Veff=f16 turbo_kv=1 prefer_native_vec=0 decode=1 dk=1 dv=0 unsafe_vec_after_turbo_v_decode=0 allow_vec=1 kernel=MMA_F16 need_f16_K=0 need_f16_V=0 Knb=[50,400,100,102400] Vnb=[2,2048,512,524288] Keff_nb=[2,2048,512,524288] Veff_nb=[2,2048,512,524288]
GGML_TURBO_FA_DEBUG: path=prefill-dequant K=turbo3 V=f16 Q=[256,2,16,1] K=[256,256,4,1] V=[256,256,4,1]
CUDA_FA_ROUTE_PLAN device=0 Q=[256,2,16,1] Kraw=turbo3 Vraw=f16 Kshape=[256,256,4,1] Vshape=[256,256,4,1] Keff=f16 Veff=f16 turbo_kv=1 prefer_native_vec=0 decode=1 dk=1 dv=0 unsafe_vec_after_turbo_v_decode=0 allow_vec=1 kernel=MMA_F16 need_f16_K=0 need_f16_V=0 Knb=[50,400,100,102400] Vnb=[2,2048,512,524288] Keff_nb=[2,2048,512,524288] Veff_nb=[2,2048,512,524288]
GGML_TURBO_FA_DEBUG: path=prefill-dequant K=turbo3 V=f16 Q=[256,2,16,1] K=[256,256,4,1] V=[256,256,4,1]
CUDA_FA_ROUTE_PLAN device=0 Q=[256,2,16,1] Kraw=turbo3 Vraw=f16 Kshape=[256,256,4,1] Vshape=[256,256,4,1] Keff=f16 Veff=f16 turbo_kv=1 prefer_native_vec=0 decode=1 dk=1 dv=0 unsafe_vec_after_turbo_v_decode=0 allow_vec=1 kernel=MMA_F16 need_f16_K=0 need_f16_V=0 Knb=[50,400,100,102400] Vnb=[2,2048,512,524288] Keff_nb=[2,2048,512,524288] Veff_nb=[2,2048,512,524288]
GGML_TURBO_FA_DEBUG: path=prefill-dequant K=turbo3 V=f16 Q=[256,2,16,1] K=[256,256,4,1] V=[256,256,4,1]
CUDA_FA_ROUTE_PLAN device=0 Q=[256,2,16,1] Kraw=turbo3 Vraw=f16 Kshape=[256,256,4,1] Vshape=[256,256,4,1] Keff=f16 Veff=f16 turbo_kv=1 prefer_native_vec=0 decode=1 dk=1 dv=0 unsafe_vec_after_turbo_v_decode=0 allow_vec=1 kernel=MMA_F16 need_f16_K=0 need_f16_V=0 Knb=[50,400,100,102400] Vnb=[2,2048,512,524288] Keff_nb=[2,2048,512,524288] Veff_nb=[2,2048,512,524288]
GGML_TURBO_FA_DEBUG: path=prefill-dequant K=turbo3 V=f16 Q=[256,2,16,1] K=[256,256,4,1] V=[256,256,4,1]
CUDA_FA_ROUTE_PLAN device=0 Q=[256,2,16,1] Kraw=turbo3 Vraw=f16 Kshape=[256,256,4,1] Vshape=[256,256,4,1] Keff=f16 Veff=f16 turbo_kv=1 prefer_native_vec=0 decode=1 dk=1 dv=0 unsafe_vec_after_turbo_v_decode=0 allow_vec=1 kernel=MMA_F16 need_f16_K=0 need_f16_V=0 Knb=[50,400,100,102400] Vnb=[2,2048,512,524288] Keff_nb=[2,2048,512,524288] Veff_nb=[2,2048,512,524288]
GGML_TURBO_FA_DEBUG: path=prefill-dequant K=turbo3 V=f16 Q=[256,2,16,1] K=[256,256,4,1] V=[256,256,4,1]
0.02.971.953 I llama_completion: llama threadpool init, n_threads = 6
0.02.971.971 I 
0.02.972.011 I system_info: n_threads = 6 (n_threads_batch = 6) / 12 | CUDA : ARCHS = 860 | USE_GRAPHS = 1 | CPU : SSE3 = 1 | SSSE3 = 1 | AVX = 1 | AVX_VNNI = 1 | AVX2 = 1 | F16C = 1 | FMA = 1 | BMI2 = 1 | LLAMAFILE = 1 | OPENMP = 1 | REPACK = 1 | 
0.02.972.013 I 
0.02.972.066 I sampler seed: 1094072730
0.02.972.073 I sampler params: 
	repeat_last_n = 64, repeat_penalty = 1.000, frequency_penalty = 0.000, presence_penalty = 0.000
	dry_multiplier = 0.000, dry_base = 1.750, dry_allowed_length = 2, dry_penalty_last_n = -1
	top_k = 40, top_p = 0.950, min_p = 0.050, xtc_probability = 0.000, xtc_threshold = 0.100, typical_p = 1.000, top_n_sigma = -1.000, temp = 0.800
	mirostat = 0, mirostat_lr = 0.100, mirostat_ent = 5.000, adaptive_target = -1.000, adaptive_decay = 0.900
0.02.972.079 I sampler chain: logits -> ?penalties -> ?dry -> ?top-n-sigma -> top-k -> ?typical -> top-p -> min-p -> ?xtc -> temp-ext -> dist 
0.02.972.079 I generate: n_ctx = 256, n_batch = 2048, n_predict = 2, n_keep = 0
0.02.972.080 I 
The capital of France isCUDA_FA_ROUTE_PLAN device=0 Q=[256,5,16,1] Kraw=turbo3 Vraw=f16 Kshape=[256,256,4,1] Vshape=[256,256,4,1] Keff=f16 Veff=f16 turbo_kv=1 prefer_native_vec=0 decode=1 dk=1 dv=0 unsafe_vec_after_turbo_v_decode=0 allow_vec=1 kernel=MMA_F16 need_f16_K=0 need_f16_V=0 Knb=[50,400,100,102400] Vnb=[2,2048,512,524288] Keff_nb=[2,2048,512,524288] Veff_nb=[2,2048,512,524288]
CUDA_FA_ROUTE_SUPPORTED kernel=MMA_F16 effK=f16 effV=f16 supported=1
CUDA_FA_ROUTE_PLAN device=0 Q=[256,5,16,1] Kraw=turbo3 Vraw=f16 Kshape=[256,256,4,1] Vshape=[256,256,4,1] Keff=f16 Veff=f16 turbo_kv=1 prefer_native_vec=0 decode=1 dk=1 dv=0 unsafe_vec_after_turbo_v_decode=0 allow_vec=1 kernel=MMA_F16 need_f16_K=0 need_f16_V=0 Knb=[50,400,100,102400] Vnb=[2,2048,512,524288] Keff_nb=[2,2048,512,524288] Veff_nb=[2,2048,512,524288]
CUDA_FA_ROUTE_SUPPORTED kernel=MMA_F16 effK=f16 effV=f16 supported=1
CUDA_FA_ROUTE_PLAN device=0 Q=[256,5,16,1] Kraw=turbo3 Vraw=f16 Kshape=[256,256,4,1] Vshape=[256,256,4,1] Keff=f16 Veff=f16 turbo_kv=1 prefer_native_vec=0 decode=1 dk=1 dv=0 unsafe_vec_after_turbo_v_decode=0 allow_vec=1 kernel=MMA_F16 need_f16_K=0 need_f16_V=0 Knb=[50,400,100,102400] Vnb=[2,2048,512,524288] Keff_nb=[2,2048,512,524288] Veff_nb=[2,2048,512,524288]
CUDA_FA_ROUTE_SUPPORTED kernel=MMA_F16 effK=f16 effV=f16 supported=1
CUDA_FA_ROUTE_PLAN device=0 Q=[256,5,16,1] Kraw=turbo3 Vraw=f16 Kshape=[256,256,4,1] Vshape=[256,256,4,1] Keff=f16 Veff=f16 turbo_kv=1 prefer_native_vec=0 decode=1 dk=1 dv=0 unsafe_vec_after_turbo_v_decode=0 allow_vec=1 kernel=MMA_F16 need_f16_K=0 need_f16_V=0 Knb=[50,400,100,102400] Vnb=[2,2048,512,524288] Keff_nb=[2,2048,512,524288] Veff_nb=[2,2048,512,524288]
CUDA_FA_ROUTE_SUPPORTED kernel=MMA_F16 effK=f16 effV=f16 supported=1
CUDA_FA_ROUTE_PLAN device=0 Q=[256,5,16,1] Kraw=turbo3 Vraw=f16 Kshape=[256,256,4,1] Vshape=[256,256,4,1] Keff=f16 Veff=f16 turbo_kv=1 prefer_native_vec=0 decode=1 dk=1 dv=0 unsafe_vec_after_turbo_v_decode=0 allow_vec=1 kernel=MMA_F16 need_f16_K=0 need_f16_V=0 Knb=[50,400,100,102400] Vnb=[2,2048,512,524288] Keff_nb=[2,2048,512,524288] Veff_nb=[2,2048,512,524288]
CUDA_FA_ROUTE_SUPPORTED kernel=MMA_F16 effK=f16 effV=f16 supported=1
CUDA_FA_ROUTE_PLAN device=0 Q=[256,5,16,1] Kraw=turbo3 Vraw=f16 Kshape=[256,256,4,1] Vshape=[256,256,4,1] Keff=f16 Veff=f16 turbo_kv=1 prefer_native_vec=0 decode=1 dk=1 dv=0 unsafe_vec_after_turbo_v_decode=0 allow_vec=1 kernel=MMA_F16 need_f16_K=0 need_f16_V=0 Knb=[50,400,100,102400] Vnb=[2,2048,512,524288] Keff_nb=[2,2048,512,524288] Veff_nb=[2,2048,512,524288]
CUDA_FA_ROUTE_SUPPORTED kernel=MMA_F16 effK=f16 effV=f16 supported=1
CUDA_FA_ROUTE_PLAN device=0 Q=[256,5,16,1] Kraw=turbo3 Vraw=f16 Kshape=[256,256,4,1] Vshape=[256,256,4,1] Keff=f16 Veff=f16 turbo_kv=1 prefer_native_vec=0 decode=1 dk=1 dv=0 unsafe_vec_after_turbo_v_decode=0 allow_vec=1 kernel=MMA_F16 need_f16_K=0 need_f16_V=0 Knb=[50,400,100,102400] Vnb=[2,2048,512,524288] Keff_nb=[2,2048,512,524288] Veff_nb=[2,2048,512,524288]
CUDA_FA_ROUTE_SUPPORTED kernel=MMA_F16 effK=f16 effV=f16 supported=1
CUDA_FA_ROUTE_PLAN device=0 Q=[256,5,16,1] Kraw=turbo3 Vraw=f16 Kshape=[256,256,4,1] Vshape=[256,256,4,1] Keff=f16 Veff=f16 turbo_kv=1 prefer_native_vec=0 decode=1 dk=1 dv=0 unsafe_vec_after_turbo_v_decode=0 allow_vec=1 kernel=MMA_F16 need_f16_K=0 need_f16_V=0 Knb=[50,400,100,102400] Vnb=[2,2048,512,524288] Keff_nb=[2,2048,512,524288] Veff_nb=[2,2048,512,524288]
CUDA_FA_ROUTE_SUPPORTED kernel=MMA_F16 effK=f16 effV=f16 supported=1
CUDA_FA_ROUTE_PLAN device=0 Q=[256,5,16,1] Kraw=turbo3 Vraw=f16 Kshape=[256,256,4,1] Vshape=[256,256,4,1] Keff=f16 Veff=f16 turbo_kv=1 prefer_native_vec=0 decode=1 dk=1 dv=0 unsafe_vec_after_turbo_v_decode=0 allow_vec=1 kernel=MMA_F16 need_f16_K=0 need_f16_V=0 Knb=[50,400,100,102400] Vnb=[2,2048,512,524288] Keff_nb=[2,2048,512,524288] Veff_nb=[2,2048,512,524288]
CUDA_FA_ROUTE_ALLOC kernel=MMA_F16 need_f16_K=0 need_f16_V=0 workspace_end_offset=81920 dst_data=(nil) f16_K=(nil) f16_V=(nil) f16_end=0x14000
CUDA_FA_ROUTE_PLAN device=0 Q=[256,5,16,1] Kraw=turbo3 Vraw=f16 Kshape=[256,256,4,1] Vshape=[256,256,4,1] Keff=f16 Veff=f16 turbo_kv=1 prefer_native_vec=0 decode=1 dk=1 dv=0 unsafe_vec_after_turbo_v_decode=0 allow_vec=1 kernel=MMA_F16 need_f16_K=0 need_f16_V=0 Knb=[50,400,100,102400] Vnb=[2,2048,512,524288] Keff_nb=[2,2048,512,524288] Veff_nb=[2,2048,512,524288]
CUDA_FA_ROUTE_ALLOC kernel=MMA_F16 need_f16_K=0 need_f16_V=0 workspace_end_offset=81920 dst_data=(nil) f16_K=(nil) f16_V=(nil) f16_end=0x14000
CUDA_FA_ROUTE_PLAN device=0 Q=[256,5,16,1] Kraw=turbo3 Vraw=f16 Kshape=[256,256,4,1] Vshape=[256,256,4,1] Keff=f16 Veff=f16 turbo_kv=1 prefer_native_vec=0 decode=1 dk=1 dv=0 unsafe_vec_after_turbo_v_decode=0 allow_vec=1 kernel=MMA_F16 need_f16_K=0 need_f16_V=0 Knb=[50,400,100,102400] Vnb=[2,2048,512,524288] Keff_nb=[2,2048,512,524288] Veff_nb=[2,2048,512,524288]
CUDA_FA_ROUTE_ALLOC kernel=MMA_F16 need_f16_K=0 need_f16_V=0 workspace_end_offset=81920 dst_data=(nil) f16_K=(nil) f16_V=(nil) f16_end=0x14000
CUDA_FA_ROUTE_PLAN device=0 Q=[256,5,16,1] Kraw=turbo3 Vraw=f16 Kshape=[256,256,4,1] Vshape=[256,256,4,1] Keff=f16 Veff=f16 turbo_kv=1 prefer_native_vec=0 decode=1 dk=1 dv=0 unsafe_vec_after_turbo_v_decode=0 allow_vec=1 kernel=MMA_F16 need_f16_K=0 need_f16_V=0 Knb=[50,400,100,102400] Vnb=[2,2048,512,524288] Keff_nb=[2,2048,512,524288] Veff_nb=[2,2048,512,524288]
CUDA_FA_ROUTE_ALLOC kernel=MMA_F16 need_f16_K=0 need_f16_V=0 workspace_end_offset=81920 dst_data=(nil) f16_K=(nil) f16_V=(nil) f16_end=0x14000
CUDA_FA_ROUTE_PLAN device=0 Q=[256,5,16,1] Kraw=turbo3 Vraw=f16 Kshape=[256,256,4,1] Vshape=[256,256,4,1] Keff=f16 Veff=f16 turbo_kv=1 prefer_native_vec=0 decode=1 dk=1 dv=0 unsafe_vec_after_turbo_v_decode=0 allow_vec=1 kernel=MMA_F16 need_f16_K=0 need_f16_V=0 Knb=[50,400,100,102400] Vnb=[2,2048,512,524288] Keff_nb=[2,2048,512,524288] Veff_nb=[2,2048,512,524288]
CUDA_FA_ROUTE_ALLOC kernel=MMA_F16 need_f16_K=0 need_f16_V=0 workspace_end_offset=81920 dst_data=(nil) f16_K=(nil) f16_V=(nil) f16_end=0x14000
CUDA_FA_ROUTE_PLAN device=0 Q=[256,5,16,1] Kraw=turbo3 Vraw=f16 Kshape=[256,256,4,1] Vshape=[256,256,4,1] Keff=f16 Veff=f16 turbo_kv=1 prefer_native_vec=0 decode=1 dk=1 dv=0 unsafe_vec_after_turbo_v_decode=0 allow_vec=1 kernel=MMA_F16 need_f16_K=0 need_f16_V=0 Knb=[50,400,100,102400] Vnb=[2,2048,512,524288] Keff_nb=[2,2048,512,524288] Veff_nb=[2,2048,512,524288]
CUDA_FA_ROUTE_ALLOC kernel=MMA_F16 need_f16_K=0 need_f16_V=0 workspace_end_offset=81920 dst_data=(nil) f16_K=(nil) f16_V=(nil) f16_end=0x14000
CUDA_FA_ROUTE_PLAN device=0 Q=[256,5,16,1] Kraw=turbo3 Vraw=f16 Kshape=[256,256,4,1] Vshape=[256,256,4,1] Keff=f16 Veff=f16 turbo_kv=1 prefer_native_vec=0 decode=1 dk=1 dv=0 unsafe_vec_after_turbo_v_decode=0 allow_vec=1 kernel=MMA_F16 need_f16_K=0 need_f16_V=0 Knb=[50,400,100,102400] Vnb=[2,2048,512,524288] Keff_nb=[2,2048,512,524288] Veff_nb=[2,2048,512,524288]
CUDA_FA_ROUTE_ALLOC kernel=MMA_F16 need_f16_K=0 need_f16_V=0 workspace_end_offset=81920 dst_data=(nil) f16_K=(nil) f16_V=(nil) f16_end=0x14000
CUDA_FA_ROUTE_PLAN device=0 Q=[256,5,16,1] Kraw=turbo3 Vraw=f16 Kshape=[256,256,4,1] Vshape=[256,256,4,1] Keff=f16 Veff=f16 turbo_kv=1 prefer_native_vec=0 decode=1 dk=1 dv=0 unsafe_vec_after_turbo_v_decode=0 allow_vec=1 kernel=MMA_F16 need_f16_K=0 need_f16_V=0 Knb=[50,400,100,102400] Vnb=[2,2048,512,524288] Keff_nb=[2,2048,512,524288] Veff_nb=[2,2048,512,524288]
CUDA_FA_ROUTE_ALLOC kernel=MMA_F16 need_f16_K=0 need_f16_V=0 workspace_end_offset=81920 dst_data=(nil) f16_K=(nil) f16_V=(nil) f16_end=0x14000
CUDA_FA_ROUTE_PLAN device=0 Q=[256,5,16,1] Kraw=turbo3 Vraw=f16 Kshape=[256,256,4,1] Vshape=[256,256,4,1] Keff=f16 Veff=f16 turbo_kv=1 prefer_native_vec=0 decode=1 dk=1 dv=0 unsafe_vec_after_turbo_v_decode=0 allow_vec=1 kernel=MMA_F16 need_f16_K=0 need_f16_V=0 Knb=[50,400,100,102400] Vnb=[2,2048,512,524288] Keff_nb=[2,2048,512,524288] Veff_nb=[2,2048,512,524288]
CUDA_FA_ROUTE_ALLOC kernel=MMA_F16 need_f16_K=0 need_f16_V=0 workspace_end_offset=81920 dst_data=(nil) f16_K=(nil) f16_V=(nil) f16_end=0x14000
CUDA_FA_ROUTE_PLAN device=0 Q=[256,5,16,1] Kraw=turbo3 Vraw=f16 Kshape=[256,256,4,1] Vshape=[256,256,4,1] Keff=f16 Veff=f16 turbo_kv=1 prefer_native_vec=0 decode=1 dk=1 dv=0 unsafe_vec_after_turbo_v_decode=0 allow_vec=1 kernel=MMA_F16 need_f16_K=0 need_f16_V=0 Knb=[50,400,100,102400] Vnb=[2,2048,512,524288] Keff_nb=[2,2048,512,524288] Veff_nb=[2,2048,512,524288]
CUDA_FA_ROUTE_ALLOC kernel=MMA_F16 need_f16_K=0 need_f16_V=0 workspace_end_offset=81920 dst_data=(nil) f16_K=(nil) f16_V=(nil) f16_end=0x14000
CUDA_FA_ROUTE_PLAN device=0 Q=[256,5,16,1] Kraw=turbo3 Vraw=f16 Kshape=[256,256,4,1] Vshape=[256,256,4,1] Keff=f16 Veff=f16 turbo_kv=1 prefer_native_vec=0 decode=1 dk=1 dv=0 unsafe_vec_after_turbo_v_decode=0 allow_vec=1 kernel=MMA_F16 need_f16_K=0 need_f16_V=0 Knb=[50,400,100,102400] Vnb=[2,2048,512,524288] Keff_nb=[2,2048,512,524288] Veff_nb=[2,2048,512,524288]
CUDA_FA_ROUTE_ALLOC kernel=MMA_F16 need_f16_K=0 need_f16_V=0 workspace_end_offset=81920 dst_data=(nil) f16_K=(nil) f16_V=(nil) f16_end=0x14000
CUDA_FA_ROUTE_PLAN device=0 Q=[256,5,16,1] Kraw=turbo3 Vraw=f16 Kshape=[256,256,4,1] Vshape=[256,256,4,1] Keff=f16 Veff=f16 turbo_kv=1 prefer_native_vec=0 decode=1 dk=1 dv=0 unsafe_vec_after_turbo_v_decode=0 allow_vec=1 kernel=MMA_F16 need_f16_K=0 need_f16_V=0 Knb=[50,400,100,102400] Vnb=[2,2048,512,524288] Keff_nb=[2,2048,512,524288] Veff_nb=[2,2048,512,524288]
CUDA_FA_ROUTE_ALLOC kernel=MMA_F16 need_f16_K=0 need_f16_V=0 workspace_end_offset=81920 dst_data=(nil) f16_K=(nil) f16_V=(nil) f16_end=0x14000
CUDA_FA_ROUTE_PLAN device=0 Q=[256,5,16,1] Kraw=turbo3 Vraw=f16 Kshape=[256,256,4,1] Vshape=[256,256,4,1] Keff=f16 Veff=f16 turbo_kv=1 prefer_native_vec=0 decode=1 dk=1 dv=0 unsafe_vec_after_turbo_v_decode=0 allow_vec=1 kernel=MMA_F16 need_f16_K=0 need_f16_V=0 Knb=[50,400,100,102400] Vnb=[2,2048,512,524288] Keff_nb=[2,2048,512,524288] Veff_nb=[2,2048,512,524288]
CUDA_FA_ROUTE_ALLOC kernel=MMA_F16 need_f16_K=0 need_f16_V=0 workspace_end_offset=81920 dst_data=(nil) f16_K=(nil) f16_V=(nil) f16_end=0x14000
CUDA_FA_ROUTE_PLAN device=0 Q=[256,5,16,1] Kraw=turbo3 Vraw=f16 Kshape=[256,256,4,1] Vshape=[256,256,4,1] Keff=f16 Veff=f16 turbo_kv=1 prefer_native_vec=0 decode=1 dk=1 dv=0 unsafe_vec_after_turbo_v_decode=0 allow_vec=1 kernel=MMA_F16 need_f16_K=0 need_f16_V=0 Knb=[50,400,100,102400] Vnb=[2,2048,512,524288] Keff_nb=[2,2048,512,524288] Veff_nb=[2,2048,512,524288]
CUDA_FA_ROUTE_ALLOC kernel=MMA_F16 need_f16_K=0 need_f16_V=0 workspace_end_offset=81920 dst_data=(nil) f16_K=(nil) f16_V=(nil) f16_end=0x14000
CUDA_FA_ROUTE_PLAN device=0 Q=[256,5,16,1] Kraw=turbo3 Vraw=f16 Kshape=[256,256,4,1] Vshape=[256,256,4,1] Keff=f16 Veff=f16 turbo_kv=1 prefer_native_vec=0 decode=1 dk=1 dv=0 unsafe_vec_after_turbo_v_decode=0 allow_vec=1 kernel=MMA_F16 need_f16_K=0 need_f16_V=0 Knb=[50,400,100,102400] Vnb=[2,2048,512,524288] Keff_nb=[2,2048,512,524288] Veff_nb=[2,2048,512,524288]
CUDA_FA_ROUTE_ALLOC kernel=MMA_F16 need_f16_K=0 need_f16_V=0 workspace_end_offset=81920 dst_data=(nil) f16_K=(nil) f16_V=(nil) f16_end=0x14000
CUDA_FA_ROUTE_PLAN device=0 Q=[256,5,16,1] Kraw=turbo3 Vraw=f16 Kshape=[256,256,4,1] Vshape=[256,256,4,1] Keff=f16 Veff=f16 turbo_kv=1 prefer_native_vec=0 decode=1 dk=1 dv=0 unsafe_vec_after_turbo_v_decode=0 allow_vec=1 kernel=MMA_F16 need_f16_K=0 need_f16_V=0 Knb=[50,400,100,102400] Vnb=[2,2048,512,524288] Keff_nb=[2,2048,512,524288] Veff_nb=[2,2048,512,524288]
CUDA_FA_ROUTE_ALLOC kernel=MMA_F16 need_f16_K=0 need_f16_V=0 workspace_end_offset=81920 dst_data=(nil) f16_K=(nil) f16_V=(nil) f16_end=0x14000
CUDA_FA_ROUTE_PLAN device=0 Q=[256,5,16,1] Kraw=turbo3 Vraw=f16 Kshape=[256,256,4,1] Vshape=[256,256,4,1] Keff=f16 Veff=f16 turbo_kv=1 prefer_native_vec=0 decode=1 dk=1 dv=0 unsafe_vec_after_turbo_v_decode=0 allow_vec=1 kernel=MMA_F16 need_f16_K=0 need_f16_V=0 Knb=[50,400,100,102400] Vnb=[2,2048,512,524288] Keff_nb=[2,2048,512,524288] Veff_nb=[2,2048,512,524288]
CUDA_FA_ROUTE_ALLOC kernel=MMA_F16 need_f16_K=0 need_f16_V=0 workspace_end_offset=81920 dst_data=(nil) f16_K=(nil) f16_V=(nil) f16_end=0x14000
CUDA_FA_ROUTE_PLAN device=0 Q=[256,5,16,1] Kraw=turbo3 Vraw=f16 Kshape=[256,256,4,1] Vshape=[256,256,4,1] Keff=f16 Veff=f16 turbo_kv=1 prefer_native_vec=0 decode=1 dk=1 dv=0 unsafe_vec_after_turbo_v_decode=0 allow_vec=1 kernel=MMA_F16 need_f16_K=0 need_f16_V=0 Knb=[50,400,100,102400] Vnb=[2,2048,512,524288] Keff_nb=[2,2048,512,524288] Veff_nb=[2,2048,512,524288]
CUDA_FA_ROUTE_ALLOC kernel=MMA_F16 need_f16_K=0 need_f16_V=0 workspace_end_offset=81920 dst_data=(nil) f16_K=(nil) f16_V=(nil) f16_end=0x14000
CUDA_FA_ROUTE_PLAN device=0 Q=[256,5,16,1] Kraw=turbo3 Vraw=f16 Kshape=[256,256,4,1] Vshape=[256,256,4,1] Keff=f16 Veff=f16 turbo_kv=1 prefer_native_vec=0 decode=1 dk=1 dv=0 unsafe_vec_after_turbo_v_decode=0 allow_vec=1 kernel=MMA_F16 need_f16_K=0 need_f16_V=0 Knb=[50,400,100,102400] Vnb=[2,2048,512,524288] Keff_nb=[2,2048,512,524288] Veff_nb=[2,2048,512,524288]
CUDA_FA_ROUTE_ALLOC kernel=MMA_F16 need_f16_K=0 need_f16_V=0 workspace_end_offset=81920 dst_data=(nil) f16_K=(nil) f16_V=(nil) f16_end=0x14000
CUDA_FA_ROUTE_PLAN device=0 Q=[256,5,16,1] Kraw=turbo3 Vraw=f16 Kshape=[256,256,4,1] Vshape=[256,256,4,1] Keff=f16 Veff=f16 turbo_kv=1 prefer_native_vec=0 decode=1 dk=1 dv=0 unsafe_vec_after_turbo_v_decode=0 allow_vec=1 kernel=MMA_F16 need_f16_K=0 need_f16_V=0 Knb=[50,400,100,102400] Vnb=[2,2048,512,524288] Keff_nb=[2,2048,512,524288] Veff_nb=[2,2048,512,524288]
CUDA_FA_ROUTE_ALLOC kernel=MMA_F16 need_f16_K=0 need_f16_V=0 workspace_end_offset=81920 dst_data=(nil) f16_K=(nil) f16_V=(nil) f16_end=0x14000
CUDA_FA_ROUTE_PLAN device=0 Q=[256,5,16,1] Kraw=turbo3 Vraw=f16 Kshape=[256,256,4,1] Vshape=[256,256,4,1] Keff=f16 Veff=f16 turbo_kv=1 prefer_native_vec=0 decode=1 dk=1 dv=0 unsafe_vec_after_turbo_v_decode=0 allow_vec=1 kernel=MMA_F16 need_f16_K=0 need_f16_V=0 Knb=[50,400,100,102400] Vnb=[2,2048,512,524288] Keff_nb=[2,2048,512,524288] Veff_nb=[2,2048,512,524288]
CUDA_FA_ROUTE_ALLOC kernel=MMA_F16 need_f16_K=0 need_f16_V=0 workspace_end_offset=81920 dst_data=(nil) f16_K=(nil) f16_V=(nil) f16_end=0x14000
CUDA_FA_ROUTE_PLAN device=0 Q=[256,5,16,1] Kraw=turbo3 Vraw=f16 Kshape=[256,256,4,1] Vshape=[256,256,4,1] Keff=f16 Veff=f16 turbo_kv=1 prefer_native_vec=0 decode=1 dk=1 dv=0 unsafe_vec_after_turbo_v_decode=0 allow_vec=1 kernel=MMA_F16 need_f16_K=0 need_f16_V=0 Knb=[50,400,100,102400] Vnb=[2,2048,512,524288] Keff_nb=[2,2048,512,524288] Veff_nb=[2,2048,512,524288]
CUDA_FA_ROUTE_ALLOC kernel=MMA_F16 need_f16_K=0 need_f16_V=0 workspace_end_offset=81920 dst_data=(nil) f16_K=(nil) f16_V=(nil) f16_end=0x14000
CUDA_FA_ROUTE_PLAN device=0 Q=[256,5,16,1] Kraw=turbo3 Vraw=f16 Kshape=[256,256,4,1] Vshape=[256,256,4,1] Keff=f16 Veff=f16 turbo_kv=1 prefer_native_vec=0 decode=1 dk=1 dv=0 unsafe_vec_after_turbo_v_decode=0 allow_vec=1 kernel=MMA_F16 need_f16_K=0 need_f16_V=0 Knb=[50,400,100,102400] Vnb=[2,2048,512,524288] Keff_nb=[2,2048,512,524288] Veff_nb=[2,2048,512,524288]
CUDA_FA_ROUTE_ALLOC kernel=MMA_F16 need_f16_K=0 need_f16_V=0 workspace_end_offset=81920 dst_data=(nil) f16_K=(nil) f16_V=(nil) f16_end=0x14000
CUDA_FA_ROUTE_PLAN device=0 Q=[256,5,16,1] Kraw=turbo3 Vraw=f16 Kshape=[256,256,4,1] Vshape=[256,256,4,1] Keff=f16 Veff=f16 turbo_kv=1 prefer_native_vec=0 decode=1 dk=1 dv=0 unsafe_vec_after_turbo_v_decode=0 allow_vec=1 kernel=MMA_F16 need_f16_K=0 need_f16_V=0 Knb=[50,400,100,102400] Vnb=[2,2048,512,524288] Keff_nb=[2,2048,512,524288] Veff_nb=[2,2048,512,524288]
CUDA_FA_ROUTE_ALLOC kernel=MMA_F16 need_f16_K=0 need_f16_V=0 workspace_end_offset=81920 dst_data=(nil) f16_K=(nil) f16_V=(nil) f16_end=0x14000
CUDA_FA_ROUTE_PLAN device=0 Q=[256,5,16,1] Kraw=turbo3 Vraw=f16 Kshape=[256,256,4,1] Vshape=[256,256,4,1] Keff=f16 Veff=f16 turbo_kv=1 prefer_native_vec=0 decode=1 dk=1 dv=0 unsafe_vec_after_turbo_v_decode=0 allow_vec=1 kernel=MMA_F16 need_f16_K=0 need_f16_V=0 Knb=[50,400,100,102400] Vnb=[2,2048,512,524288] Keff_nb=[2,2048,512,524288] Veff_nb=[2,2048,512,524288]
CUDA_FA_ROUTE_ALLOC kernel=MMA_F16 need_f16_K=0 need_f16_V=0 workspace_end_offset=81920 dst_data=(nil) f16_K=(nil) f16_V=(nil) f16_end=0x14000
CUDA_FA_ROUTE_PLAN device=0 Q=[256,5,16,1] Kraw=turbo3 Vraw=f16 Kshape=[256,256,4,1] Vshape=[256,256,4,1] Keff=f16 Veff=f16 turbo_kv=1 prefer_native_vec=0 decode=1 dk=1 dv=0 unsafe_vec_after_turbo_v_decode=0 allow_vec=1 kernel=MMA_F16 need_f16_K=0 need_f16_V=0 Knb=[50,400,100,102400] Vnb=[2,2048,512,524288] Keff_nb=[2,2048,512,524288] Veff_nb=[2,2048,512,524288]
CUDA_FA_ROUTE_ALLOC kernel=MMA_F16 need_f16_K=0 need_f16_V=0 workspace_end_offset=81920 dst_data=(nil) f16_K=(nil) f16_V=(nil) f16_end=0x14000
CUDA_FA_ROUTE_PLAN device=0 Q=[256,5,16,1] Kraw=turbo3 Vraw=f16 Kshape=[256,256,4,1] Vshape=[256,256,4,1] Keff=f16 Veff=f16 turbo_kv=1 prefer_native_vec=0 decode=1 dk=1 dv=0 unsafe_vec_after_turbo_v_decode=0 allow_vec=1 kernel=MMA_F16 need_f16_K=0 need_f16_V=0 Knb=[50,400,100,102400] Vnb=[2,2048,512,524288] Keff_nb=[2,2048,512,524288] Veff_nb=[2,2048,512,524288]
CUDA_FA_ROUTE_ALLOC kernel=MMA_F16 need_f16_K=0 need_f16_V=0 workspace_end_offset=81920 dst_data=(nil) f16_K=(nil) f16_V=(nil) f16_end=0x14000
CUDA_FA_ROUTE_PLAN device=0 Q=[256,5,16,1] Kraw=turbo3 Vraw=f16 Kshape=[256,256,4,1] Vshape=[256,256,4,1] Keff=f16 Veff=f16 turbo_kv=1 prefer_native_vec=0 decode=1 dk=1 dv=0 unsafe_vec_after_turbo_v_decode=0 allow_vec=1 kernel=MMA_F16 need_f16_K=0 need_f16_V=0 Knb=[50,400,100,102400] Vnb=[2,2048,512,524288] Keff_nb=[2,2048,512,524288] Veff_nb=[2,2048,512,524288]
CUDA_FA_ROUTE_ALLOC kernel=MMA_F16 need_f16_K=0 need_f16_V=0 workspace_end_offset=81920 dst_data=(nil) f16_K=(nil) f16_V=(nil) f16_end=0x14000
CUDA_FA_ROUTE_PLAN device=0 Q=[256,5,16,1] Kraw=turbo3 Vraw=f16 Kshape=[256,256,4,1] Vshape=[256,256,4,1] Keff=f16 Veff=f16 turbo_kv=1 prefer_native_vec=0 decode=1 dk=1 dv=0 unsafe_vec_after_turbo_v_decode=0 allow_vec=1 kernel=MMA_F16 need_f16_K=0 need_f16_V=0 Knb=[50,400,100,102400] Vnb=[2,2048,512,524288] Keff_nb=[2,2048,512,524288] Veff_nb=[2,2048,512,524288]
CUDA_FA_ROUTE_ALLOC kernel=MMA_F16 need_f16_K=0 need_f16_V=0 workspace_end_offset=81920 dst_data=(nil) f16_K=(nil) f16_V=(nil) f16_end=0x14000
CUDA_FA_ROUTE_PLAN device=0 Q=[256,5,16,1] Kraw=turbo3 Vraw=f16 Kshape=[256,256,4,1] Vshape=[256,256,4,1] Keff=f16 Veff=f16 turbo_kv=1 prefer_native_vec=0 decode=1 dk=1 dv=0 unsafe_vec_after_turbo_v_decode=0 allow_vec=1 kernel=MMA_F16 need_f16_K=0 need_f16_V=0 Knb=[50,400,100,102400] Vnb=[2,2048,512,524288] Keff_nb=[2,2048,512,524288] Veff_nb=[2,2048,512,524288]
CUDA_FA_ROUTE_ALLOC kernel=MMA_F16 need_f16_K=0 need_f16_V=0 workspace_end_offset=81920 dst_data=(nil) f16_K=(nil) f16_V=(nil) f16_end=0x14000
CUDA_FA_ROUTE_PLAN device=0 Q=[256,5,16,1] Kraw=turbo3 Vraw=f16 Kshape=[256,256,4,1] Vshape=[256,256,4,1] Keff=f16 Veff=f16 turbo_kv=1 prefer_native_vec=0 decode=1 dk=1 dv=0 unsafe_vec_after_turbo_v_decode=0 allow_vec=1 kernel=MMA_F16 need_f16_K=0 need_f16_V=0 Knb=[50,400,100,102400] Vnb=[2,2048,512,524288] Keff_nb=[2,2048,512,524288] Veff_nb=[2,2048,512,524288]
CUDA_FA_ROUTE_ALLOC kernel=MMA_F16 need_f16_K=0 need_f16_V=0 workspace_end_offset=81920 dst_data=(nil) f16_K=(nil) f16_V=(nil) f16_end=0x14000
CUDA_FA_ROUTE_PLAN device=0 Q=[256,5,16,1] Kraw=turbo3 Vraw=f16 Kshape=[256,256,4,1] Vshape=[256,256,4,1] Keff=f16 Veff=f16 turbo_kv=1 prefer_native_vec=0 decode=1 dk=1 dv=0 unsafe_vec_after_turbo_v_decode=0 allow_vec=1 kernel=MMA_F16 need_f16_K=0 need_f16_V=0 Knb=[50,400,100,102400] Vnb=[2,2048,512,524288] Keff_nb=[2,2048,512,524288] Veff_nb=[2,2048,512,524288]
CUDA_FA_ROUTE_ALLOC kernel=MMA_F16 need_f16_K=0 need_f16_V=0 workspace_end_offset=81920 dst_data=(nil) f16_K=(nil) f16_V=(nil) f16_end=0x14000
CUDA_FA_ROUTE_PLAN device=0 Q=[256,5,16,1] Kraw=turbo3 Vraw=f16 Kshape=[256,256,4,1] Vshape=[256,256,4,1] Keff=f16 Veff=f16 turbo_kv=1 prefer_native_vec=0 decode=1 dk=1 dv=0 unsafe_vec_after_turbo_v_decode=0 allow_vec=1 kernel=MMA_F16 need_f16_K=0 need_f16_V=0 Knb=[50,400,100,102400] Vnb=[2,2048,512,524288] Keff_nb=[2,2048,512,524288] Veff_nb=[2,2048,512,524288]
CUDA_FA_ROUTE_ALLOC kernel=MMA_F16 need_f16_K=0 need_f16_V=0 workspace_end_offset=81920 dst_data=(nil) f16_K=(nil) f16_V=(nil) f16_end=0x14000
CUDA_FA_ROUTE_PLAN device=0 Q=[256,5,16,1] Kraw=turbo3 Vraw=f16 Kshape=[256,256,4,1] Vshape=[256,256,4,1] Keff=f16 Veff=f16 turbo_kv=1 prefer_native_vec=0 decode=1 dk=1 dv=0 unsafe_vec_after_turbo_v_decode=0 allow_vec=1 kernel=MMA_F16 need_f16_K=0 need_f16_V=0 Knb=[50,400,100,102400] Vnb=[2,2048,512,524288] Keff_nb=[2,2048,512,524288] Veff_nb=[2,2048,512,524288]
CUDA_FA_ROUTE_ALLOC kernel=MMA_F16 need_f16_K=0 need_f16_V=0 workspace_end_offset=81920 dst_data=(nil) f16_K=(nil) f16_V=(nil) f16_end=0x14000
CUDA_FA_ROUTE_PLAN device=0 Q=[256,5,16,1] Kraw=turbo3 Vraw=f16 Kshape=[256,256,4,1] Vshape=[256,256,4,1] Keff=f16 Veff=f16 turbo_kv=1 prefer_native_vec=0 decode=1 dk=1 dv=0 unsafe_vec_after_turbo_v_decode=0 allow_vec=1 kernel=MMA_F16 need_f16_K=0 need_f16_V=0 Knb=[50,400,100,102400] Vnb=[2,2048,512,524288] Keff_nb=[2,2048,512,524288] Veff_nb=[2,2048,512,524288]
CUDA_FA_ROUTE_ALLOC kernel=MMA_F16 need_f16_K=0 need_f16_V=0 workspace_end_offset=81920 dst_data=(nil) f16_K=(nil) f16_V=(nil) f16_end=0x14000
CUDA_FA_ROUTE_PLAN device=0 Q=[256,5,16,1] Kraw=turbo3 Vraw=f16 Kshape=[256,256,4,1] Vshape=[256,256,4,1] Keff=f16 Veff=f16 turbo_kv=1 prefer_native_vec=0 decode=1 dk=1 dv=0 unsafe_vec_after_turbo_v_decode=0 allow_vec=1 kernel=MMA_F16 need_f16_K=0 need_f16_V=0 Knb=[50,400,100,102400] Vnb=[2,2048,512,524288] Keff_nb=[2,2048,512,524288] Veff_nb=[2,2048,512,524288]
CUDA_FA_ROUTE_ALLOC kernel=MMA_F16 need_f16_K=0 need_f16_V=0 workspace_end_offset=81920 dst_data=(nil) f16_K=(nil) f16_V=(nil) f16_end=0x14000
CUDA_FA_ROUTE_PLAN device=0 Q=[256,5,16,1] Kraw=turbo3 Vraw=f16 Kshape=[256,256,4,1] Vshape=[256,256,4,1] Keff=f16 Veff=f16 turbo_kv=1 prefer_native_vec=0 decode=1 dk=1 dv=0 unsafe_vec_after_turbo_v_decode=0 allow_vec=1 kernel=MMA_F16 need_f16_K=0 need_f16_V=0 Knb=[50,400,100,102400] Vnb=[2,2048,512,524288] Keff_nb=[2,2048,512,524288] Veff_nb=[2,2048,512,524288]
CUDA_FA_ROUTE_ALLOC kernel=MMA_F16 need_f16_K=0 need_f16_V=0 workspace_end_offset=81920 dst_data=(nil) f16_K=(nil) f16_V=(nil) f16_end=0x14000
CUDA_FA_ROUTE_PLAN device=0 Q=[256,5,16,1] Kraw=turbo3 Vraw=f16 Kshape=[256,256,4,1] Vshape=[256,256,4,1] Keff=f16 Veff=f16 turbo_kv=1 prefer_native_vec=0 decode=1 dk=1 dv=0 unsafe_vec_after_turbo_v_decode=0 allow_vec=1 kernel=MMA_F16 need_f16_K=0 need_f16_V=0 Knb=[50,400,100,102400] Vnb=[2,2048,512,524288] Keff_nb=[2,2048,512,524288] Veff_nb=[2,2048,512,524288]
CUDA_FA_ROUTE_ALLOC kernel=MMA_F16 need_f16_K=0 need_f16_V=0 workspace_end_offset=81920 dst_data=(nil) f16_K=(nil) f16_V=(nil) f16_end=0x14000
CUDA_FA_ROUTE_PLAN device=0 Q=[256,5,16,1] Kraw=turbo3 Vraw=f16 Kshape=[256,256,4,1] Vshape=[256,256,4,1] Keff=f16 Veff=f16 turbo_kv=1 prefer_native_vec=0 decode=1 dk=1 dv=0 unsafe_vec_after_turbo_v_decode=0 allow_vec=1 kernel=MMA_F16 need_f16_K=0 need_f16_V=0 Knb=[50,400,100,102400] Vnb=[2,2048,512,524288] Keff_nb=[2,2048,512,524288] Veff_nb=[2,2048,512,524288]
CUDA_FA_ROUTE_ALLOC kernel=MMA_F16 need_f16_K=0 need_f16_V=0 workspace_end_offset=81920 dst_data=(nil) f16_K=(nil) f16_V=(nil) f16_end=0x14000
CUDA_FA_ROUTE_PLAN device=0 Q=[256,5,16,1] Kraw=turbo3 Vraw=f16 Kshape=[256,256,4,1] Vshape=[256,256,4,1] Keff=f16 Veff=f16 turbo_kv=1 prefer_native_vec=0 decode=1 dk=1 dv=0 unsafe_vec_after_turbo_v_decode=0 allow_vec=1 kernel=MMA_F16 need_f16_K=0 need_f16_V=0 Knb=[50,400,100,102400] Vnb=[2,2048,512,524288] Keff_nb=[2,2048,512,524288] Veff_nb=[2,2048,512,524288]
CUDA_FA_ROUTE_ALLOC kernel=MMA_F16 need_f16_K=0 need_f16_V=0 workspace_end_offset=81920 dst_data=(nil) f16_K=(nil) f16_V=(nil) f16_end=0x14000
CUDA_FA_ROUTE_PLAN device=0 Q=[256,5,16,1] Kraw=turbo3 Vraw=f16 Kshape=[256,256,4,1] Vshape=[256,256,4,1] Keff=f16 Veff=f16 turbo_kv=1 prefer_native_vec=0 decode=1 dk=1 dv=0 unsafe_vec_after_turbo_v_decode=0 allow_vec=1 kernel=MMA_F16 need_f16_K=0 need_f16_V=0 Knb=[50,400,100,102400] Vnb=[2,2048,512,524288] Keff_nb=[2,2048,512,524288] Veff_nb=[2,2048,512,524288]
CUDA_FA_ROUTE_ALLOC kernel=MMA_F16 need_f16_K=0 need_f16_V=0 workspace_end_offset=81920 dst_data=(nil) f16_K=(nil) f16_V=(nil) f16_end=0x14000
CUDA_FA_ROUTE_PLAN device=0 Q=[256,5,16,1] Kraw=turbo3 Vraw=f16 Kshape=[256,256,4,1] Vshape=[256,256,4,1] Keff=f16 Veff=f16 turbo_kv=1 prefer_native_vec=0 decode=1 dk=1 dv=0 unsafe_vec_after_turbo_v_decode=0 allow_vec=1 kernel=MMA_F16 need_f16_K=0 need_f16_V=0 Knb=[50,400,100,102400] Vnb=[2,2048,512,524288] Keff_nb=[2,2048,512,524288] Veff_nb=[2,2048,512,524288]
CUDA_FA_ROUTE_ALLOC kernel=MMA_F16 need_f16_K=0 need_f16_V=0 workspace_end_offset=81920 dst_data=(nil) f16_K=(nil) f16_V=(nil) f16_end=0x14000
CUDA_FA_ROUTE_PLAN device=0 Q=[256,5,16,1] Kraw=turbo3 Vraw=f16 Kshape=[256,256,4,1] Vshape=[256,256,4,1] Keff=f16 Veff=f16 turbo_kv=1 prefer_native_vec=0 decode=1 dk=1 dv=0 unsafe_vec_after_turbo_v_decode=0 allow_vec=1 kernel=MMA_F16 need_f16_K=0 need_f16_V=0 Knb=[50,400,100,102400] Vnb=[2,2048,512,524288] Keff_nb=[2,2048,512,524288] Veff_nb=[2,2048,512,524288]
CUDA_FA_ROUTE_ALLOC kernel=MMA_F16 need_f16_K=0 need_f16_V=0 workspace_end_offset=81920 dst_data=(nil) f16_K=(nil) f16_V=(nil) f16_end=0x14000
CUDA_FA_ROUTE_PLAN device=0 Q=[256,5,16,1] Kraw=turbo3 Vraw=f16 Kshape=[256,256,4,1] Vshape=[256,256,4,1] Keff=f16 Veff=f16 turbo_kv=1 prefer_native_vec=0 decode=1 dk=1 dv=0 unsafe_vec_after_turbo_v_decode=0 allow_vec=1 kernel=MMA_F16 need_f16_K=0 need_f16_V=0 Knb=[50,400,100,102400] Vnb=[2,2048,512,524288] Keff_nb=[2,2048,512,524288] Veff_nb=[2,2048,512,524288]
CUDA_FA_ROUTE_ALLOC kernel=MMA_F16 need_f16_K=0 need_f16_V=0 workspace_end_offset=81920 dst_data=(nil) f16_K=(nil) f16_V=(nil) f16_end=0x14000
CUDA_FA_ROUTE_PLAN device=0 Q=[256,5,16,1] Kraw=turbo3 Vraw=f16 Kshape=[256,256,4,1] Vshape=[256,256,4,1] Keff=f16 Veff=f16 turbo_kv=1 prefer_native_vec=0 decode=1 dk=1 dv=0 unsafe_vec_after_turbo_v_decode=0 allow_vec=1 kernel=MMA_F16 need_f16_K=0 need_f16_V=0 Knb=[50,400,100,102400] Vnb=[2,2048,512,524288] Keff_nb=[2,2048,512,524288] Veff_nb=[2,2048,512,524288]
CUDA_FA_ROUTE_ALLOC kernel=MMA_F16 need_f16_K=0 need_f16_V=0 workspace_end_offset=81920 dst_data=(nil) f16_K=(nil) f16_V=(nil) f16_end=0x14000
CUDA_FA_ROUTE_PLAN device=0 Q=[256,5,16,1] Kraw=turbo3 Vraw=f16 Kshape=[256,256,4,1] Vshape=[256,256,4,1] Keff=f16 Veff=f16 turbo_kv=1 prefer_native_vec=0 decode=1 dk=1 dv=0 unsafe_vec_after_turbo_v_decode=0 allow_vec=1 kernel=MMA_F16 need_f16_K=0 need_f16_V=0 Knb=[50,400,100,102400] Vnb=[2,2048,512,524288] Keff_nb=[2,2048,512,524288] Veff_nb=[2,2048,512,524288]
CUDA_FA_ROUTE_ALLOC kernel=MMA_F16 need_f16_K=0 need_f16_V=0 workspace_end_offset=81920 dst_data=(nil) f16_K=(nil) f16_V=(nil) f16_end=0x14000
CUDA_FA_ROUTE_PLAN device=0 Q=[256,5,16,1] Kraw=turbo3 Vraw=f16 Kshape=[256,256,4,1] Vshape=[256,256,4,1] Keff=f16 Veff=f16 turbo_kv=1 prefer_native_vec=0 decode=1 dk=1 dv=0 unsafe_vec_after_turbo_v_decode=0 allow_vec=1 kernel=MMA_F16 need_f16_K=0 need_f16_V=0 Knb=[50,400,100,102400] Vnb=[2,2048,512,524288] Keff_nb=[2,2048,512,524288] Veff_nb=[2,2048,512,524288]
CUDA_FA_ROUTE_ALLOC kernel=MMA_F16 need_f16_K=0 need_f16_V=0 workspace_end_offset=81920 dst_data=(nil) f16_K=(nil) f16_V=(nil) f16_end=0x14000
CUDA_FA_ROUTE_PLAN device=0 Q=[256,5,16,1] Kraw=turbo3 Vraw=f16 Kshape=[256,256,4,1] Vshape=[256,256,4,1] Keff=f16 Veff=f16 turbo_kv=1 prefer_native_vec=0 decode=1 dk=1 dv=0 unsafe_vec_after_turbo_v_decode=0 allow_vec=1 kernel=MMA_F16 need_f16_K=0 need_f16_V=0 Knb=[50,400,100,102400] Vnb=[2,2048,512,524288] Keff_nb=[2,2048,512,524288] Veff_nb=[2,2048,512,524288]
CUDA_FA_ROUTE_ALLOC kernel=MMA_F16 need_f16_K=0 need_f16_V=0 workspace_end_offset=81920 dst_data=(nil) f16_K=(nil) f16_V=(nil) f16_end=0x14000
CUDA_FA_ROUTE_PLAN device=0 Q=[256,5,16,1] Kraw=turbo3 Vraw=f16 Kshape=[256,256,4,1] Vshape=[256,256,4,1] Keff=f16 Veff=f16 turbo_kv=1 prefer_native_vec=0 decode=1 dk=1 dv=0 unsafe_vec_after_turbo_v_decode=0 allow_vec=1 kernel=MMA_F16 need_f16_K=0 need_f16_V=0 Knb=[50,400,100,102400] Vnb=[2,2048,512,524288] Keff_nb=[2,2048,512,524288] Veff_nb=[2,2048,512,524288]
CUDA_FA_ROUTE_ALLOC kernel=MMA_F16 need_f16_K=0 need_f16_V=0 workspace_end_offset=81920 dst_data=(nil) f16_K=(nil) f16_V=(nil) f16_end=0x14000
CUDA_FA_ROUTE_PLAN device=0 Q=[256,5,16,1] Kraw=turbo3 Vraw=f16 Kshape=[256,256,4,1] Vshape=[256,256,4,1] Keff=f16 Veff=f16 turbo_kv=1 prefer_native_vec=0 decode=1 dk=1 dv=0 unsafe_vec_after_turbo_v_decode=0 allow_vec=1 kernel=MMA_F16 need_f16_K=0 need_f16_V=0 Knb=[50,400,100,102400] Vnb=[2,2048,512,524288] Keff_nb=[2,2048,512,524288] Veff_nb=[2,2048,512,524288]
CUDA_FA_ROUTE_ALLOC kernel=MMA_F16 need_f16_K=0 need_f16_V=0 workspace_end_offset=81920 dst_data=(nil) f16_K=(nil) f16_V=(nil) f16_end=0x14000
CUDA_FA_ROUTE_PLAN device=0 Q=[256,5,16,1] Kraw=turbo3 Vraw=f16 Kshape=[256,256,4,1] Vshape=[256,256,4,1] Keff=f16 Veff=f16 turbo_kv=1 prefer_native_vec=0 decode=1 dk=1 dv=0 unsafe_vec_after_turbo_v_decode=0 allow_vec=1 kernel=MMA_F16 need_f16_K=0 need_f16_V=0 Knb=[50,400,100,102400] Vnb=[2,2048,512,524288] Keff_nb=[2,2048,512,524288] Veff_nb=[2,2048,512,524288]
CUDA_FA_ROUTE_ALLOC kernel=MMA_F16 need_f16_K=0 need_f16_V=0 workspace_end_offset=81920 dst_data=(nil) f16_K=(nil) f16_V=(nil) f16_end=0x14000
CUDA_FA_ROUTE_PLAN device=0 Q=[256,5,16,1] Kraw=turbo3 Vraw=f16 Kshape=[256,256,4,1] Vshape=[256,256,4,1] Keff=f16 Veff=f16 turbo_kv=1 prefer_native_vec=0 decode=1 dk=1 dv=0 unsafe_vec_after_turbo_v_decode=0 allow_vec=1 kernel=MMA_F16 need_f16_K=0 need_f16_V=0 Knb=[50,400,100,102400] Vnb=[2,2048,512,524288] Keff_nb=[2,2048,512,524288] Veff_nb=[2,2048,512,524288]
CUDA_FA_ROUTE_ALLOC kernel=MMA_F16 need_f16_K=0 need_f16_V=0 workspace_end_offset=81920 dst_data=(nil) f16_K=(nil) f16_V=(nil) f16_end=0x14000
CUDA_FA_ROUTE_PLAN device=0 Q=[256,5,16,1] Kraw=turbo3 Vraw=f16 Kshape=[256,256,4,1] Vshape=[256,256,4,1] Keff=f16 Veff=f16 turbo_kv=1 prefer_native_vec=0 decode=1 dk=1 dv=0 unsafe_vec_after_turbo_v_decode=0 allow_vec=1 kernel=MMA_F16 need_f16_K=0 need_f16_V=0 Knb=[50,400,100,102400] Vnb=[2,2048,512,524288] Keff_nb=[2,2048,512,524288] Veff_nb=[2,2048,512,524288]
CUDA_FA_ROUTE_ALLOC kernel=MMA_F16 need_f16_K=0 need_f16_V=0 workspace_end_offset=81920 dst_data=(nil) f16_K=(nil) f16_V=(nil) f16_end=0x14000
CUDA_FA_ROUTE_PLAN device=0 Q=[256,5,16,1] Kraw=turbo3 Vraw=f16 Kshape=[256,256,4,1] Vshape=[256,256,4,1] Keff=f16 Veff=f16 turbo_kv=1 prefer_native_vec=0 decode=1 dk=1 dv=0 unsafe_vec_after_turbo_v_decode=0 allow_vec=1 kernel=MMA_F16 need_f16_K=0 need_f16_V=0 Knb=[50,400,100,102400] Vnb=[2,2048,512,524288] Keff_nb=[2,2048,512,524288] Veff_nb=[2,2048,512,524288]
CUDA_FA_ROUTE_ALLOC kernel=MMA_F16 need_f16_K=0 need_f16_V=0 workspace_end_offset=81920 dst_data=(nil) f16_K=(nil) f16_V=(nil) f16_end=0x14000
CUDA_FA_ROUTE_PLAN device=0 Q=[256,5,16,1] Kraw=turbo3 Vraw=f16 Kshape=[256,256,4,1] Vshape=[256,256,4,1] Keff=f16 Veff=f16 turbo_kv=1 prefer_native_vec=0 decode=1 dk=1 dv=0 unsafe_vec_after_turbo_v_decode=0 allow_vec=1 kernel=MMA_F16 need_f16_K=0 need_f16_V=0 Knb=[50,400,100,102400] Vnb=[2,2048,512,524288] Keff_nb=[2,2048,512,524288] Veff_nb=[2,2048,512,524288]
CUDA_FA_ROUTE_ALLOC kernel=MMA_F16 need_f16_K=0 need_f16_V=0 workspace_end_offset=81920 dst_data=(nil) f16_K=(nil) f16_V=(nil) f16_end=0x14000
CUDA_FA_ROUTE_PLAN device=0 Q=[256,5,16,1] Kraw=turbo3 Vraw=f16 Kshape=[256,256,4,1] Vshape=[256,256,4,1] Keff=f16 Veff=f16 turbo_kv=1 prefer_native_vec=0 decode=1 dk=1 dv=0 unsafe_vec_after_turbo_v_decode=0 allow_vec=1 kernel=MMA_F16 need_f16_K=0 need_f16_V=0 Knb=[50,400,100,102400] Vnb=[2,2048,512,524288] Keff_nb=[2,2048,512,524288] Veff_nb=[2,2048,512,524288]
CUDA_FA_ROUTE_ALLOC kernel=MMA_F16 need_f16_K=0 need_f16_V=0 workspace_end_offset=81920 dst_data=(nil) f16_K=(nil) f16_V=(nil) f16_end=0x14000
CUDA_FA_ROUTE_PLAN device=0 Q=[256,5,16,1] Kraw=turbo3 Vraw=f16 Kshape=[256,256,4,1] Vshape=[256,256,4,1] Keff=f16 Veff=f16 turbo_kv=1 prefer_native_vec=0 decode=1 dk=1 dv=0 unsafe_vec_after_turbo_v_decode=0 allow_vec=1 kernel=MMA_F16 need_f16_K=0 need_f16_V=0 Knb=[50,400,100,102400] Vnb=[2,2048,512,524288] Keff_nb=[2,2048,512,524288] Veff_nb=[2,2048,512,524288]
GGML_TURBO_FA_DEBUG: path=prefill-dequant K=turbo3 V=f16 Q=[256,5,16,1] K=[256,256,4,1] V=[256,256,4,1]
CUDA_FA_ROUTE_PLAN device=0 Q=[256,5,16,1] Kraw=turbo3 Vraw=f16 Kshape=[256,256,4,1] Vshape=[256,256,4,1] Keff=f16 Veff=f16 turbo_kv=1 prefer_native_vec=0 decode=1 dk=1 dv=0 unsafe_vec_after_turbo_v_decode=0 allow_vec=1 kernel=MMA_F16 need_f16_K=0 need_f16_V=0 Knb=[50,400,100,102400] Vnb=[2,2048,512,524288] Keff_nb=[2,2048,512,524288] Veff_nb=[2,2048,512,524288]
GGML_TURBO_FA_DEBUG: path=prefill-dequant K=turbo3 V=f16 Q=[256,5,16,1] K=[256,256,4,1] V=[256,256,4,1]
CUDA_FA_ROUTE_PLAN device=0 Q=[256,5,16,1] Kraw=turbo3 Vraw=f16 Kshape=[256,256,4,1] Vshape=[256,256,4,1] Keff=f16 Veff=f16 turbo_kv=1 prefer_native_vec=0 decode=1 dk=1 dv=0 unsafe_vec_after_turbo_v_decode=0 allow_vec=1 kernel=MMA_F16 need_f16_K=0 need_f16_V=0 Knb=[50,400,100,102400] Vnb=[2,2048,512,524288] Keff_nb=[2,2048,512,524288] Veff_nb=[2,2048,512,524288]
GGML_TURBO_FA_DEBUG: path=prefill-dequant K=turbo3 V=f16 Q=[256,5,16,1] K=[256,256,4,1] V=[256,256,4,1]
CUDA_FA_ROUTE_PLAN device=0 Q=[256,5,16,1] Kraw=turbo3 Vraw=f16 Kshape=[256,256,4,1] Vshape=[256,256,4,1] Keff=f16 Veff=f16 turbo_kv=1 prefer_native_vec=0 decode=1 dk=1 dv=0 unsafe_vec_after_turbo_v_decode=0 allow_vec=1 kernel=MMA_F16 need_f16_K=0 need_f16_V=0 Knb=[50,400,100,102400] Vnb=[2,2048,512,524288] Keff_nb=[2,2048,512,524288] Veff_nb=[2,2048,512,524288]
GGML_TURBO_FA_DEBUG: path=prefill-dequant K=turbo3 V=f16 Q=[256,5,16,1] K=[256,256,4,1] V=[256,256,4,1]
CUDA_FA_ROUTE_PLAN device=0 Q=[256,5,16,1] Kraw=turbo3 Vraw=f16 Kshape=[256,256,4,1] Vshape=[256,256,4,1] Keff=f16 Veff=f16 turbo_kv=1 prefer_native_vec=0 decode=1 dk=1 dv=0 unsafe_vec_after_turbo_v_decode=0 allow_vec=1 kernel=MMA_F16 need_f16_K=0 need_f16_V=0 Knb=[50,400,100,102400] Vnb=[2,2048,512,524288] Keff_nb=[2,2048,512,524288] Veff_nb=[2,2048,512,524288]
GGML_TURBO_FA_DEBUG: path=prefill-dequant K=turbo3 V=f16 Q=[256,5,16,1] K=[256,256,4,1] V=[256,256,4,1]
CUDA_FA_ROUTE_PLAN device=0 Q=[256,5,16,1] Kraw=turbo3 Vraw=f16 Kshape=[256,256,4,1] Vshape=[256,256,4,1] Keff=f16 Veff=f16 turbo_kv=1 prefer_native_vec=0 decode=1 dk=1 dv=0 unsafe_vec_after_turbo_v_decode=0 allow_vec=1 kernel=MMA_F16 need_f16_K=0 need_f16_V=0 Knb=[50,400,100,102400] Vnb=[2,2048,512,524288] Keff_nb=[2,2048,512,524288] Veff_nb=[2,2048,512,524288]
GGML_TURBO_FA_DEBUG: path=prefill-dequant K=turbo3 V=f16 Q=[256,5,16,1] K=[256,256,4,1] V=[256,256,4,1]
CUDA_FA_ROUTE_PLAN device=0 Q=[256,5,16,1] Kraw=turbo3 Vraw=f16 Kshape=[256,256,4,1] Vshape=[256,256,4,1] Keff=f16 Veff=f16 turbo_kv=1 prefer_native_vec=0 decode=1 dk=1 dv=0 unsafe_vec_after_turbo_v_decode=0 allow_vec=1 kernel=MMA_F16 need_f16_K=0 need_f16_V=0 Knb=[50,400,100,102400] Vnb=[2,2048,512,524288] Keff_nb=[2,2048,512,524288] Veff_nb=[2,2048,512,524288]
GGML_TURBO_FA_DEBUG: path=prefill-dequant K=turbo3 V=f16 Q=[256,5,16,1] K=[256,256,4,1] V=[256,256,4,1]
CUDA_FA_ROUTE_PLAN device=0 Q=[256,5,16,1] Kraw=turbo3 Vraw=f16 Kshape=[256,256,4,1] Vshape=[256,256,4,1] Keff=f16 Veff=f16 turbo_kv=1 prefer_native_vec=0 decode=1 dk=1 dv=0 unsafe_vec_after_turbo_v_decode=0 allow_vec=1 kernel=MMA_F16 need_f16_K=0 need_f16_V=0 Knb=[50,400,100,102400] Vnb=[2,2048,512,524288] Keff_nb=[2,2048,512,524288] Veff_nb=[2,2048,512,524288]
GGML_TURBO_FA_DEBUG: path=prefill-dequant K=turbo3 V=f16 Q=[256,5,16,1] K=[256,256,4,1] V=[256,256,4,1]
 ParisCUDA_FA_ROUTE_PLAN device=0 Q=[256,1,16,1] Kraw=turbo3 Vraw=f16 Kshape=[256,256,4,1] Vshape=[256,256,4,1] Keff=f16 Veff=f16 turbo_kv=1 prefer_native_vec=0 decode=1 dk=1 dv=0 unsafe_vec_after_turbo_v_decode=0 allow_vec=1 kernel=MMA_F16 need_f16_K=0 need_f16_V=0 Knb=[50,400,100,102400] Vnb=[2,2048,512,524288] Keff_nb=[2,2048,512,524288] Veff_nb=[2,2048,512,524288]
CUDA_FA_ROUTE_SUPPORTED kernel=MMA_F16 effK=f16 effV=f16 supported=1
CUDA_FA_ROUTE_PLAN device=0 Q=[256,1,16,1] Kraw=turbo3 Vraw=f16 Kshape=[256,256,4,1] Vshape=[256,256,4,1] Keff=f16 Veff=f16 turbo_kv=1 prefer_native_vec=0 decode=1 dk=1 dv=0 unsafe_vec_after_turbo_v_decode=0 allow_vec=1 kernel=MMA_F16 need_f16_K=0 need_f16_V=0 Knb=[50,400,100,102400] Vnb=[2,2048,512,524288] Keff_nb=[2,2048,512,524288] Veff_nb=[2,2048,512,524288]
CUDA_FA_ROUTE_SUPPORTED kernel=MMA_F16 effK=f16 effV=f16 supported=1
CUDA_FA_ROUTE_PLAN device=0 Q=[256,1,16,1] Kraw=turbo3 Vraw=f16 Kshape=[256,256,4,1] Vshape=[256,256,4,1] Keff=f16 Veff=f16 turbo_kv=1 prefer_native_vec=0 decode=1 dk=1 dv=0 unsafe_vec_after_turbo_v_decode=0 allow_vec=1 kernel=MMA_F16 need_f16_K=0 need_f16_V=0 Knb=[50,400,100,102400] Vnb=[2,2048,512,524288] Keff_nb=[2,2048,512,524288] Veff_nb=[2,2048,512,524288]
CUDA_FA_ROUTE_SUPPORTED kernel=MMA_F16 effK=f16 effV=f16 supported=1
CUDA_FA_ROUTE_PLAN device=0 Q=[256,1,16,1] Kraw=turbo3 Vraw=f16 Kshape=[256,256,4,1] Vshape=[256,256,4,1] Keff=f16 Veff=f16 turbo_kv=1 prefer_native_vec=0 decode=1 dk=1 dv=0 unsafe_vec_after_turbo_v_decode=0 allow_vec=1 kernel=MMA_F16 need_f16_K=0 need_f16_V=0 Knb=[50,400,100,102400] Vnb=[2,2048,512,524288] Keff_nb=[2,2048,512,524288] Veff_nb=[2,2048,512,524288]
CUDA_FA_ROUTE_SUPPORTED kernel=MMA_F16 effK=f16 effV=f16 supported=1
CUDA_FA_ROUTE_PLAN device=0 Q=[256,1,16,1] Kraw=turbo3 Vraw=f16 Kshape=[256,256,4,1] Vshape=[256,256,4,1] Keff=f16 Veff=f16 turbo_kv=1 prefer_native_vec=0 decode=1 dk=1 dv=0 unsafe_vec_after_turbo_v_decode=0 allow_vec=1 kernel=MMA_F16 need_f16_K=0 need_f16_V=0 Knb=[50,400,100,102400] Vnb=[2,2048,512,524288] Keff_nb=[2,2048,512,524288] Veff_nb=[2,2048,512,524288]
CUDA_FA_ROUTE_SUPPORTED kernel=MMA_F16 effK=f16 effV=f16 supported=1
CUDA_FA_ROUTE_PLAN device=0 Q=[256,1,16,1] Kraw=turbo3 Vraw=f16 Kshape=[256,256,4,1] Vshape=[256,256,4,1] Keff=f16 Veff=f16 turbo_kv=1 prefer_native_vec=0 decode=1 dk=1 dv=0 unsafe_vec_after_turbo_v_decode=0 allow_vec=1 kernel=MMA_F16 need_f16_K=0 need_f16_V=0 Knb=[50,400,100,102400] Vnb=[2,2048,512,524288] Keff_nb=[2,2048,512,524288] Veff_nb=[2,2048,512,524288]
CUDA_FA_ROUTE_SUPPORTED kernel=MMA_F16 effK=f16 effV=f16 supported=1
CUDA_FA_ROUTE_PLAN device=0 Q=[256,1,16,1] Kraw=turbo3 Vraw=f16 Kshape=[256,256,4,1] Vshape=[256,256,4,1] Keff=f16 Veff=f16 turbo_kv=1 prefer_native_vec=0 decode=1 dk=1 dv=0 unsafe_vec_after_turbo_v_decode=0 allow_vec=1 kernel=MMA_F16 need_f16_K=0 need_f16_V=0 Knb=[50,400,100,102400] Vnb=[2,2048,512,524288] Keff_nb=[2,2048,512,524288] Veff_nb=[2,2048,512,524288]
CUDA_FA_ROUTE_SUPPORTED kernel=MMA_F16 effK=f16 effV=f16 supported=1
CUDA_FA_ROUTE_PLAN device=0 Q=[256,1,16,1] Kraw=turbo3 Vraw=f16 Kshape=[256,256,4,1] Vshape=[256,256,4,1] Keff=f16 Veff=f16 turbo_kv=1 prefer_native_vec=0 decode=1 dk=1 dv=0 unsafe_vec_after_turbo_v_decode=0 allow_vec=1 kernel=MMA_F16 need_f16_K=0 need_f16_V=0 Knb=[50,400,100,102400] Vnb=[2,2048,512,524288] Keff_nb=[2,2048,512,524288] Veff_nb=[2,2048,512,524288]
CUDA_FA_ROUTE_SUPPORTED kernel=MMA_F16 effK=f16 effV=f16 supported=1
CUDA_FA_ROUTE_PLAN device=0 Q=[256,1,16,1] Kraw=turbo3 Vraw=f16 Kshape=[256,256,4,1] Vshape=[256,256,4,1] Keff=f16 Veff=f16 turbo_kv=1 prefer_native_vec=0 decode=1 dk=1 dv=0 unsafe_vec_after_turbo_v_decode=0 allow_vec=1 kernel=MMA_F16 need_f16_K=0 need_f16_V=0 Knb=[50,400,100,102400] Vnb=[2,2048,512,524288] Keff_nb=[2,2048,512,524288] Veff_nb=[2,2048,512,524288]
CUDA_FA_ROUTE_ALLOC kernel=MMA_F16 need_f16_K=0 need_f16_V=0 workspace_end_offset=16384 dst_data=(nil) f16_K=(nil) f16_V=(nil) f16_end=0x4000
CUDA_FA_ROUTE_PLAN device=0 Q=[256,1,16,1] Kraw=turbo3 Vraw=f16 Kshape=[256,256,4,1] Vshape=[256,256,4,1] Keff=f16 Veff=f16 turbo_kv=1 prefer_native_vec=0 decode=1 dk=1 dv=0 unsafe_vec_after_turbo_v_decode=0 allow_vec=1 kernel=MMA_F16 need_f16_K=0 need_f16_V=0 Knb=[50,400,100,102400] Vnb=[2,2048,512,524288] Keff_nb=[2,2048,512,524288] Veff_nb=[2,2048,512,524288]
CUDA_FA_ROUTE_ALLOC kernel=MMA_F16 need_f16_K=0 need_f16_V=0 workspace_end_offset=16384 dst_data=(nil) f16_K=(nil) f16_V=(nil) f16_end=0x4000
CUDA_FA_ROUTE_PLAN device=0 Q=[256,1,16,1] Kraw=turbo3 Vraw=f16 Kshape=[256,256,4,1] Vshape=[256,256,4,1] Keff=f16 Veff=f16 turbo_kv=1 prefer_native_vec=0 decode=1 dk=1 dv=0 unsafe_vec_after_turbo_v_decode=0 allow_vec=1 kernel=MMA_F16 need_f16_K=0 need_f16_V=0 Knb=[50,400,100,102400] Vnb=[2,2048,512,524288] Keff_nb=[2,2048,512,524288] Veff_nb=[2,2048,512,524288]
CUDA_FA_ROUTE_ALLOC kernel=MMA_F16 need_f16_K=0 need_f16_V=0 workspace_end_offset=16384 dst_data=(nil) f16_K=(nil) f16_V=(nil) f16_end=0x4000
CUDA_FA_ROUTE_PLAN device=0 Q=[256,1,16,1] Kraw=turbo3 Vraw=f16 Kshape=[256,256,4,1] Vshape=[256,256,4,1] Keff=f16 Veff=f16 turbo_kv=1 prefer_native_vec=0 decode=1 dk=1 dv=0 unsafe_vec_after_turbo_v_decode=0 allow_vec=1 kernel=MMA_F16 need_f16_K=0 need_f16_V=0 Knb=[50,400,100,102400] Vnb=[2,2048,512,524288] Keff_nb=[2,2048,512,524288] Veff_nb=[2,2048,512,524288]
CUDA_FA_ROUTE_ALLOC kernel=MMA_F16 need_f16_K=0 need_f16_V=0 workspace_end_offset=16384 dst_data=(nil) f16_K=(nil) f16_V=(nil) f16_end=0x4000
CUDA_FA_ROUTE_PLAN device=0 Q=[256,1,16,1] Kraw=turbo3 Vraw=f16 Kshape=[256,256,4,1] Vshape=[256,256,4,1] Keff=f16 Veff=f16 turbo_kv=1 prefer_native_vec=0 decode=1 dk=1 dv=0 unsafe_vec_after_turbo_v_decode=0 allow_vec=1 kernel=MMA_F16 need_f16_K=0 need_f16_V=0 Knb=[50,400,100,102400] Vnb=[2,2048,512,524288] Keff_nb=[2,2048,512,524288] Veff_nb=[2,2048,512,524288]
CUDA_FA_ROUTE_ALLOC kernel=MMA_F16 need_f16_K=0 need_f16_V=0 workspace_end_offset=16384 dst_data=(nil) f16_K=(nil) f16_V=(nil) f16_end=0x4000
CUDA_FA_ROUTE_PLAN device=0 Q=[256,1,16,1] Kraw=turbo3 Vraw=f16 Kshape=[256,256,4,1] Vshape=[256,256,4,1] Keff=f16 Veff=f16 turbo_kv=1 prefer_native_vec=0 decode=1 dk=1 dv=0 unsafe_vec_after_turbo_v_decode=0 allow_vec=1 kernel=MMA_F16 need_f16_K=0 need_f16_V=0 Knb=[50,400,100,102400] Vnb=[2,2048,512,524288] Keff_nb=[2,2048,512,524288] Veff_nb=[2,2048,512,524288]
CUDA_FA_ROUTE_ALLOC kernel=MMA_F16 need_f16_K=0 need_f16_V=0 workspace_end_offset=16384 dst_data=(nil) f16_K=(nil) f16_V=(nil) f16_end=0x4000
CUDA_FA_ROUTE_PLAN device=0 Q=[256,1,16,1] Kraw=turbo3 Vraw=f16 Kshape=[256,256,4,1] Vshape=[256,256,4,1] Keff=f16 Veff=f16 turbo_kv=1 prefer_native_vec=0 decode=1 dk=1 dv=0 unsafe_vec_after_turbo_v_decode=0 allow_vec=1 kernel=MMA_F16 need_f16_K=0 need_f16_V=0 Knb=[50,400,100,102400] Vnb=[2,2048,512,524288] Keff_nb=[2,2048,512,524288] Veff_nb=[2,2048,512,524288]
CUDA_FA_ROUTE_ALLOC kernel=MMA_F16 need_f16_K=0 need_f16_V=0 workspace_end_offset=16384 dst_data=(nil) f16_K=(nil) f16_V=(nil) f16_end=0x4000
CUDA_FA_ROUTE_PLAN device=0 Q=[256,1,16,1] Kraw=turbo3 Vraw=f16 Kshape=[256,256,4,1] Vshape=[256,256,4,1] Keff=f16 Veff=f16 turbo_kv=1 prefer_native_vec=0 decode=1 dk=1 dv=0 unsafe_vec_after_turbo_v_decode=0 allow_vec=1 kernel=MMA_F16 need_f16_K=0 need_f16_V=0 Knb=[50,400,100,102400] Vnb=[2,2048,512,524288] Keff_nb=[2,2048,512,524288] Veff_nb=[2,2048,512,524288]
CUDA_FA_ROUTE_ALLOC kernel=MMA_F16 need_f16_K=0 need_f16_V=0 workspace_end_offset=16384 dst_data=(nil) f16_K=(nil) f16_V=(nil) f16_end=0x4000
CUDA_FA_ROUTE_PLAN device=0 Q=[256,1,16,1] Kraw=turbo3 Vraw=f16 Kshape=[256,256,4,1] Vshape=[256,256,4,1] Keff=f16 Veff=f16 turbo_kv=1 prefer_native_vec=0 decode=1 dk=1 dv=0 unsafe_vec_after_turbo_v_decode=0 allow_vec=1 kernel=MMA_F16 need_f16_K=0 need_f16_V=0 Knb=[50,400,100,102400] Vnb=[2,2048,512,524288] Keff_nb=[2,2048,512,524288] Veff_nb=[2,2048,512,524288]
CUDA_FA_ROUTE_ALLOC kernel=MMA_F16 need_f16_K=0 need_f16_V=0 workspace_end_offset=16384 dst_data=(nil) f16_K=(nil) f16_V=(nil) f16_end=0x4000
CUDA_FA_ROUTE_PLAN device=0 Q=[256,1,16,1] Kraw=turbo3 Vraw=f16 Kshape=[256,256,4,1] Vshape=[256,256,4,1] Keff=f16 Veff=f16 turbo_kv=1 prefer_native_vec=0 decode=1 dk=1 dv=0 unsafe_vec_after_turbo_v_decode=0 allow_vec=1 kernel=MMA_F16 need_f16_K=0 need_f16_V=0 Knb=[50,400,100,102400] Vnb=[2,2048,512,524288] Keff_nb=[2,2048,512,524288] Veff_nb=[2,2048,512,524288]
CUDA_FA_ROUTE_ALLOC kernel=MMA_F16 need_f16_K=0 need_f16_V=0 workspace_end_offset=16384 dst_data=(nil) f16_K=(nil) f16_V=(nil) f16_end=0x4000
CUDA_FA_ROUTE_PLAN device=0 Q=[256,1,16,1] Kraw=turbo3 Vraw=f16 Kshape=[256,256,4,1] Vshape=[256,256,4,1] Keff=f16 Veff=f16 turbo_kv=1 prefer_native_vec=0 decode=1 dk=1 dv=0 unsafe_vec_after_turbo_v_decode=0 allow_vec=1 kernel=MMA_F16 need_f16_K=0 need_f16_V=0 Knb=[50,400,100,102400] Vnb=[2,2048,512,524288] Keff_nb=[2,2048,512,524288] Veff_nb=[2,2048,512,524288]
CUDA_FA_ROUTE_ALLOC kernel=MMA_F16 need_f16_K=0 need_f16_V=0 workspace_end_offset=16384 dst_data=(nil) f16_K=(nil) f16_V=(nil) f16_end=0x4000
CUDA_FA_ROUTE_PLAN device=0 Q=[256,1,16,1] Kraw=turbo3 Vraw=f16 Kshape=[256,256,4,1] Vshape=[256,256,4,1] Keff=f16 Veff=f16 turbo_kv=1 prefer_native_vec=0 decode=1 dk=1 dv=0 unsafe_vec_after_turbo_v_decode=0 allow_vec=1 kernel=MMA_F16 need_f16_K=0 need_f16_V=0 Knb=[50,400,100,102400] Vnb=[2,2048,512,524288] Keff_nb=[2,2048,512,524288] Veff_nb=[2,2048,512,524288]
CUDA_FA_ROUTE_ALLOC kernel=MMA_F16 need_f16_K=0 need_f16_V=0 workspace_end_offset=16384 dst_data=(nil) f16_K=(nil) f16_V=(nil) f16_end=0x4000
CUDA_FA_ROUTE_PLAN device=0 Q=[256,1,16,1] Kraw=turbo3 Vraw=f16 Kshape=[256,256,4,1] Vshape=[256,256,4,1] Keff=f16 Veff=f16 turbo_kv=1 prefer_native_vec=0 decode=1 dk=1 dv=0 unsafe_vec_after_turbo_v_decode=0 allow_vec=1 kernel=MMA_F16 need_f16_K=0 need_f16_V=0 Knb=[50,400,100,102400] Vnb=[2,2048,512,524288] Keff_nb=[2,2048,512,524288] Veff_nb=[2,2048,512,524288]
CUDA_FA_ROUTE_ALLOC kernel=MMA_F16 need_f16_K=0 need_f16_V=0 workspace_end_offset=16384 dst_data=(nil) f16_K=(nil) f16_V=(nil) f16_end=0x4000
CUDA_FA_ROUTE_PLAN device=0 Q=[256,1,16,1] Kraw=turbo3 Vraw=f16 Kshape=[256,256,4,1] Vshape=[256,256,4,1] Keff=f16 Veff=f16 turbo_kv=1 prefer_native_vec=0 decode=1 dk=1 dv=0 unsafe_vec_after_turbo_v_decode=0 allow_vec=1 kernel=MMA_F16 need_f16_K=0 need_f16_V=0 Knb=[50,400,100,102400] Vnb=[2,2048,512,524288] Keff_nb=[2,2048,512,524288] Veff_nb=[2,2048,512,524288]
CUDA_FA_ROUTE_ALLOC kernel=MMA_F16 need_f16_K=0 need_f16_V=0 workspace_end_offset=16384 dst_data=(nil) f16_K=(nil) f16_V=(nil) f16_end=0x4000
CUDA_FA_ROUTE_PLAN device=0 Q=[256,1,16,1] Kraw=turbo3 Vraw=f16 Kshape=[256,256,4,1] Vshape=[256,256,4,1] Keff=f16 Veff=f16 turbo_kv=1 prefer_native_vec=0 decode=1 dk=1 dv=0 unsafe_vec_after_turbo_v_decode=0 allow_vec=1 kernel=MMA_F16 need_f16_K=0 need_f16_V=0 Knb=[50,400,100,102400] Vnb=[2,2048,512,524288] Keff_nb=[2,2048,512,524288] Veff_nb=[2,2048,512,524288]
CUDA_FA_ROUTE_ALLOC kernel=MMA_F16 need_f16_K=0 need_f16_V=0 workspace_end_offset=16384 dst_data=(nil) f16_K=(nil) f16_V=(nil) f16_end=0x4000
CUDA_FA_ROUTE_PLAN device=0 Q=[256,1,16,1] Kraw=turbo3 Vraw=f16 Kshape=[256,256,4,1] Vshape=[256,256,4,1] Keff=f16 Veff=f16 turbo_kv=1 prefer_native_vec=0 decode=1 dk=1 dv=0 unsafe_vec_after_turbo_v_decode=0 allow_vec=1 kernel=MMA_F16 need_f16_K=0 need_f16_V=0 Knb=[50,400,100,102400] Vnb=[2,2048,512,524288] Keff_nb=[2,2048,512,524288] Veff_nb=[2,2048,512,524288]
CUDA_FA_ROUTE_ALLOC kernel=MMA_F16 need_f16_K=0 need_f16_V=0 workspace_end_offset=16384 dst_data=(nil) f16_K=(nil) f16_V=(nil) f16_end=0x4000
CUDA_FA_ROUTE_PLAN device=0 Q=[256,1,16,1] Kraw=turbo3 Vraw=f16 Kshape=[256,256,4,1] Vshape=[256,256,4,1] Keff=f16 Veff=f16 turbo_kv=1 prefer_native_vec=0 decode=1 dk=1 dv=0 unsafe_vec_after_turbo_v_decode=0 allow_vec=1 kernel=MMA_F16 need_f16_K=0 need_f16_V=0 Knb=[50,400,100,102400] Vnb=[2,2048,512,524288] Keff_nb=[2,2048,512,524288] Veff_nb=[2,2048,512,524288]
CUDA_FA_ROUTE_ALLOC kernel=MMA_F16 need_f16_K=0 need_f16_V=0 workspace_end_offset=16384 dst_data=(nil) f16_K=(nil) f16_V=(nil) f16_end=0x4000
CUDA_FA_ROUTE_PLAN device=0 Q=[256,1,16,1] Kraw=turbo3 Vraw=f16 Kshape=[256,256,4,1] Vshape=[256,256,4,1] Keff=f16 Veff=f16 turbo_kv=1 prefer_native_vec=0 decode=1 dk=1 dv=0 unsafe_vec_after_turbo_v_decode=0 allow_vec=1 kernel=MMA_F16 need_f16_K=0 need_f16_V=0 Knb=[50,400,100,102400] Vnb=[2,2048,512,524288] Keff_nb=[2,2048,512,524288] Veff_nb=[2,2048,512,524288]
CUDA_FA_ROUTE_ALLOC kernel=MMA_F16 need_f16_K=0 need_f16_V=0 workspace_end_offset=16384 dst_data=(nil) f16_K=(nil) f16_V=(nil) f16_end=0x4000
CUDA_FA_ROUTE_PLAN device=0 Q=[256,1,16,1] Kraw=turbo3 Vraw=f16 Kshape=[256,256,4,1] Vshape=[256,256,4,1] Keff=f16 Veff=f16 turbo_kv=1 prefer_native_vec=0 decode=1 dk=1 dv=0 unsafe_vec_after_turbo_v_decode=0 allow_vec=1 kernel=MMA_F16 need_f16_K=0 need_f16_V=0 Knb=[50,400,100,102400] Vnb=[2,2048,512,524288] Keff_nb=[2,2048,512,524288] Veff_nb=[2,2048,512,524288]
CUDA_FA_ROUTE_ALLOC kernel=MMA_F16 need_f16_K=0 need_f16_V=0 workspace_end_offset=16384 dst_data=(nil) f16_K=(nil) f16_V=(nil) f16_end=0x4000
CUDA_FA_ROUTE_PLAN device=0 Q=[256,1,16,1] Kraw=turbo3 Vraw=f16 Kshape=[256,256,4,1] Vshape=[256,256,4,1] Keff=f16 Veff=f16 turbo_kv=1 prefer_native_vec=0 decode=1 dk=1 dv=0 unsafe_vec_after_turbo_v_decode=0 allow_vec=1 kernel=MMA_F16 need_f16_K=0 need_f16_V=0 Knb=[50,400,100,102400] Vnb=[2,2048,512,524288] Keff_nb=[2,2048,512,524288] Veff_nb=[2,2048,512,524288]
CUDA_FA_ROUTE_ALLOC kernel=MMA_F16 need_f16_K=0 need_f16_V=0 workspace_end_offset=16384 dst_data=(nil) f16_K=(nil) f16_V=(nil) f16_end=0x4000
CUDA_FA_ROUTE_PLAN device=0 Q=[256,1,16,1] Kraw=turbo3 Vraw=f16 Kshape=[256,256,4,1] Vshape=[256,256,4,1] Keff=f16 Veff=f16 turbo_kv=1 prefer_native_vec=0 decode=1 dk=1 dv=0 unsafe_vec_after_turbo_v_decode=0 allow_vec=1 kernel=MMA_F16 need_f16_K=0 need_f16_V=0 Knb=[50,400,100,102400] Vnb=[2,2048,512,524288] Keff_nb=[2,2048,512,524288] Veff_nb=[2,2048,512,524288]
CUDA_FA_ROUTE_ALLOC kernel=MMA_F16 need_f16_K=0 need_f16_V=0 workspace_end_offset=16384 dst_data=(nil) f16_K=(nil) f16_V=(nil) f16_end=0x4000
CUDA_FA_ROUTE_PLAN device=0 Q=[256,1,16,1] Kraw=turbo3 Vraw=f16 Kshape=[256,256,4,1] Vshape=[256,256,4,1] Keff=f16 Veff=f16 turbo_kv=1 prefer_native_vec=0 decode=1 dk=1 dv=0 unsafe_vec_after_turbo_v_decode=0 allow_vec=1 kernel=MMA_F16 need_f16_K=0 need_f16_V=0 Knb=[50,400,100,102400] Vnb=[2,2048,512,524288] Keff_nb=[2,2048,512,524288] Veff_nb=[2,2048,512,524288]
CUDA_FA_ROUTE_ALLOC kernel=MMA_F16 need_f16_K=0 need_f16_V=0 workspace_end_offset=16384 dst_data=(nil) f16_K=(nil) f16_V=(nil) f16_end=0x4000
CUDA_FA_ROUTE_PLAN device=0 Q=[256,1,16,1] Kraw=turbo3 Vraw=f16 Kshape=[256,256,4,1] Vshape=[256,256,4,1] Keff=f16 Veff=f16 turbo_kv=1 prefer_native_vec=0 decode=1 dk=1 dv=0 unsafe_vec_after_turbo_v_decode=0 allow_vec=1 kernel=MMA_F16 need_f16_K=0 need_f16_V=0 Knb=[50,400,100,102400] Vnb=[2,2048,512,524288] Keff_nb=[2,2048,512,524288] Veff_nb=[2,2048,512,524288]
CUDA_FA_ROUTE_ALLOC kernel=MMA_F16 need_f16_K=0 need_f16_V=0 workspace_end_offset=16384 dst_data=(nil) f16_K=(nil) f16_V=(nil) f16_end=0x4000
CUDA_FA_ROUTE_PLAN device=0 Q=[256,1,16,1] Kraw=turbo3 Vraw=f16 Kshape=[256,256,4,1] Vshape=[256,256,4,1] Keff=f16 Veff=f16 turbo_kv=1 prefer_native_vec=0 decode=1 dk=1 dv=0 unsafe_vec_after_turbo_v_decode=0 allow_vec=1 kernel=MMA_F16 need_f16_K=0 need_f16_V=0 Knb=[50,400,100,102400] Vnb=[2,2048,512,524288] Keff_nb=[2,2048,512,524288] Veff_nb=[2,2048,512,524288]
CUDA_FA_ROUTE_ALLOC kernel=MMA_F16 need_f16_K=0 need_f16_V=0 workspace_end_offset=16384 dst_data=(nil) f16_K=(nil) f16_V=(nil) f16_end=0x4000
CUDA_FA_ROUTE_PLAN device=0 Q=[256,1,16,1] Kraw=turbo3 Vraw=f16 Kshape=[256,256,4,1] Vshape=[256,256,4,1] Keff=f16 Veff=f16 turbo_kv=1 prefer_native_vec=0 decode=1 dk=1 dv=0 unsafe_vec_after_turbo_v_decode=0 allow_vec=1 kernel=MMA_F16 need_f16_K=0 need_f16_V=0 Knb=[50,400,100,102400] Vnb=[2,2048,512,524288] Keff_nb=[2,2048,512,524288] Veff_nb=[2,2048,512,524288]
GGML_TURBO_FA_DEBUG: path=decode-dequant-or-vec K=turbo3 V=f16 Q=[256,1,16,1] K=[256,256,4,1] V=[256,256,4,1] prefill_safe=1 can_make_f16_K=1 can_make_f16_V=1 turbo_k_classic_v_prefill=0 vec_override=0 batch_ok=0 dim_ok=1 turing_mma=1
CUDA_FA_ROUTE_EXEC_BEGIN Q=[256,1,16,1] Kraw=turbo3 Vraw=f16 decode=1 dk=1 dv=0 allow_vec=1 kernel=MMA_F16 need_f16_K=0 need_f16_V=0 Kdata=0x7fc80e200000 Vdata=0x7fc80e219000 dst=0x7fc940090c80
CUDA_FA_ROUTE_EXEC_DISPATCH Qrun=f32 Q=[256,1,16,1] Qdata=0x7fc9400a4c80 Krun=f16 K=[256,256,4,1] Kdata=0x7fc95b200000 Knb=[2,2048,512,524288] Vrun=f16 V=[256,256,4,1] Vdata=0x7fc80e219000 Vnb=[2,2048,512,524288] kernel=MMA_F16 compiled_pair=1
CUDA_FA_ROUTE_PLAN device=0 Q=[256,1,16,1] Kraw=turbo3 Vraw=f16 Kshape=[256,256,4,1] Vshape=[256,256,4,1] Keff=f16 Veff=f16 turbo_kv=1 prefer_native_vec=0 decode=1 dk=1 dv=0 unsafe_vec_after_turbo_v_decode=0 allow_vec=1 kernel=MMA_F16 need_f16_K=0 need_f16_V=0 Knb=[50,400,100,102400] Vnb=[2,2048,512,524288] Keff_nb=[2,2048,512,524288] Veff_nb=[2,2048,512,524288]
GGML_TURBO_FA_DEBUG: path=decode-dequant-or-vec K=turbo3 V=f16 Q=[256,1,16,1] K=[256,256,4,1] V=[256,256,4,1] prefill_safe=1 can_make_f16_K=1 can_make_f16_V=1 turbo_k_classic_v_prefill=0 vec_override=0 batch_ok=0 dim_ok=1 turing_mma=1
CUDA_FA_ROUTE_EXEC_BEGIN Q=[256,1,16,1] Kraw=turbo3 Vraw=f16 decode=1 dk=1 dv=0 allow_vec=1 kernel=MMA_F16 need_f16_K=0 need_f16_V=0 Kdata=0x7fc80e299000 Vdata=0x7fc80e2b2000 dst=0x7fc940090c80
CUDA_FA_ROUTE_EXEC_DISPATCH Qrun=f32 Q=[256,1,16,1] Qdata=0x7fc9400a4c80 Krun=f16 K=[256,256,4,1] Kdata=0x7fc95b200000 Knb=[2,2048,512,524288] Vrun=f16 V=[256,256,4,1] Vdata=0x7fc80e2b2000 Vnb=[2,2048,512,524288] kernel=MMA_F16 compiled_pair=1
CUDA_FA_ROUTE_PLAN device=0 Q=[256,1,16,1] Kraw=turbo3 Vraw=f16 Kshape=[256,256,4,1] Vshape=[256,256,4,1] Keff=f16 Veff=f16 turbo_kv=1 prefer_native_vec=0 decode=1 dk=1 dv=0 unsafe_vec_after_turbo_v_decode=0 allow_vec=1 kernel=MMA_F16 need_f16_K=0 need_f16_V=0 Knb=[50,400,100,102400] Vnb=[2,2048,512,524288] Keff_nb=[2,2048,512,524288] Veff_nb=[2,2048,512,524288]
GGML_TURBO_FA_DEBUG: path=decode-dequant-or-vec K=turbo3 V=f16 Q=[256,1,16,1] K=[256,256,4,1] V=[256,256,4,1] prefill_safe=1 can_make_f16_K=1 can_make_f16_V=1 turbo_k_classic_v_prefill=0 vec_override=0 batch_ok=0 dim_ok=1 turing_mma=1
CUDA_FA_ROUTE_EXEC_BEGIN Q=[256,1,16,1] Kraw=turbo3 Vraw=f16 decode=1 dk=1 dv=0 allow_vec=1 kernel=MMA_F16 need_f16_K=0 need_f16_V=0 Kdata=0x7fc80e332000 Vdata=0x7fc80e34b000 dst=0x7fc940090c80
CUDA_FA_ROUTE_EXEC_DISPATCH Qrun=f32 Q=[256,1,16,1] Qdata=0x7fc9400a4c80 Krun=f16 K=[256,256,4,1] Kdata=0x7fc95b200000 Knb=[2,2048,512,524288] Vrun=f16 V=[256,256,4,1] Vdata=0x7fc80e34b000 Vnb=[2,2048,512,524288] kernel=MMA_F16 compiled_pair=1
CUDA_FA_ROUTE_PLAN device=0 Q=[256,1,16,1] Kraw=turbo3 Vraw=f16 Kshape=[256,256,4,1] Vshape=[256,256,4,1] Keff=f16 Veff=f16 turbo_kv=1 prefer_native_vec=0 decode=1 dk=1 dv=0 unsafe_vec_after_turbo_v_decode=0 allow_vec=1 kernel=MMA_F16 need_f16_K=0 need_f16_V=0 Knb=[50,400,100,102400] Vnb=[2,2048,512,524288] Keff_nb=[2,2048,512,524288] Veff_nb=[2,2048,512,524288]
GGML_TURBO_FA_DEBUG: path=decode-dequant-or-vec K=turbo3 V=f16 Q=[256,1,16,1] K=[256,256,4,1] V=[256,256,4,1] prefill_safe=1 can_make_f16_K=1 can_make_f16_V=1 turbo_k_classic_v_prefill=0 vec_override=0 batch_ok=0 dim_ok=1 turing_mma=1
CUDA_FA_ROUTE_EXEC_BEGIN Q=[256,1,16,1] Kraw=turbo3 Vraw=f16 decode=1 dk=1 dv=0 allow_vec=1 kernel=MMA_F16 need_f16_K=0 need_f16_V=0 Kdata=0x7fc80e3cb000 Vdata=0x7fc80e3e4000 dst=0x7fc940090c80
CUDA_FA_ROUTE_EXEC_DISPATCH Qrun=f32 Q=[256,1,16,1] Qdata=0x7fc9400a4c80 Krun=f16 K=[256,256,4,1] Kdata=0x7fc95b200000 Knb=[2,2048,512,524288] Vrun=f16 V=[256,256,4,1] Vdata=0x7fc80e3e4000 Vnb=[2,2048,512,524288] kernel=MMA_F16 compiled_pair=1
CUDA_FA_ROUTE_PLAN device=0 Q=[256,1,16,1] Kraw=turbo3 Vraw=f16 Kshape=[256,256,4,1] Vshape=[256,256,4,1] Keff=f16 Veff=f16 turbo_kv=1 prefer_native_vec=0 decode=1 dk=1 dv=0 unsafe_vec_after_turbo_v_decode=0 allow_vec=1 kernel=MMA_F16 need_f16_K=0 need_f16_V=0 Knb=[50,400,100,102400] Vnb=[2,2048,512,524288] Keff_nb=[2,2048,512,524288] Veff_nb=[2,2048,512,524288]
GGML_TURBO_FA_DEBUG: path=decode-dequant-or-vec K=turbo3 V=f16 Q=[256,1,16,1] K=[256,256,4,1] V=[256,256,4,1] prefill_safe=1 can_make_f16_K=1 can_make_f16_V=1 turbo_k_classic_v_prefill=0 vec_override=0 batch_ok=0 dim_ok=1 turing_mma=1
CUDA_FA_ROUTE_EXEC_BEGIN Q=[256,1,16,1] Kraw=turbo3 Vraw=f16 decode=1 dk=1 dv=0 allow_vec=1 kernel=MMA_F16 need_f16_K=0 need_f16_V=0 Kdata=0x7fc80e464000 Vdata=0x7fc80e47d000 dst=0x7fc940090c80
CUDA_FA_ROUTE_EXEC_DISPATCH Qrun=f32 Q=[256,1,16,1] Qdata=0x7fc9400a4c80 Krun=f16 K=[256,256,4,1] Kdata=0x7fc95b200000 Knb=[2,2048,512,524288] Vrun=f16 V=[256,256,4,1] Vdata=0x7fc80e47d000 Vnb=[2,2048,512,524288] kernel=MMA_F16 compiled_pair=1
CUDA_FA_ROUTE_PLAN device=0 Q=[256,1,16,1] Kraw=turbo3 Vraw=f16 Kshape=[256,256,4,1] Vshape=[256,256,4,1] Keff=f16 Veff=f16 turbo_kv=1 prefer_native_vec=0 decode=1 dk=1 dv=0 unsafe_vec_after_turbo_v_decode=0 allow_vec=1 kernel=MMA_F16 need_f16_K=0 need_f16_V=0 Knb=[50,400,100,102400] Vnb=[2,2048,512,524288] Keff_nb=[2,2048,512,524288] Veff_nb=[2,2048,512,524288]
GGML_TURBO_FA_DEBUG: path=decode-dequant-or-vec K=turbo3 V=f16 Q=[256,1,16,1] K=[256,256,4,1] V=[256,256,4,1] prefill_safe=1 can_make_f16_K=1 can_make_f16_V=1 turbo_k_classic_v_prefill=0 vec_override=0 batch_ok=0 dim_ok=1 turing_mma=1
CUDA_FA_ROUTE_EXEC_BEGIN Q=[256,1,16,1] Kraw=turbo3 Vraw=f16 decode=1 dk=1 dv=0 allow_vec=1 kernel=MMA_F16 need_f16_K=0 need_f16_V=0 Kdata=0x7fc80e4fd000 Vdata=0x7fc80e516000 dst=0x7fc940090c80
CUDA_FA_ROUTE_EXEC_DISPATCH Qrun=f32 Q=[256,1,16,1] Qdata=0x7fc9400a4c80 Krun=f16 K=[256,256,4,1] Kdata=0x7fc95b200000 Knb=[2,2048,512,524288] Vrun=f16 V=[256,256,4,1] Vdata=0x7fc80e516000 Vnb=[2,2048,512,524288] kernel=MMA_F16 compiled_pair=1
CUDA_FA_ROUTE_PLAN device=0 Q=[256,1,16,1] Kraw=turbo3 Vraw=f16 Kshape=[256,256,4,1] Vshape=[256,256,4,1] Keff=f16 Veff=f16 turbo_kv=1 prefer_native_vec=0 decode=1 dk=1 dv=0 unsafe_vec_after_turbo_v_decode=0 allow_vec=1 kernel=MMA_F16 need_f16_K=0 need_f16_V=0 Knb=[50,400,100,102400] Vnb=[2,2048,512,524288] Keff_nb=[2,2048,512,524288] Veff_nb=[2,2048,512,524288]
GGML_TURBO_FA_DEBUG: path=decode-dequant-or-vec K=turbo3 V=f16 Q=[256,1,16,1] K=[256,256,4,1] V=[256,256,4,1] prefill_safe=1 can_make_f16_K=1 can_make_f16_V=1 turbo_k_classic_v_prefill=0 vec_override=0 batch_ok=0 dim_ok=1 turing_mma=1
CUDA_FA_ROUTE_EXEC_BEGIN Q=[256,1,16,1] Kraw=turbo3 Vraw=f16 decode=1 dk=1 dv=0 allow_vec=1 kernel=MMA_F16 need_f16_K=0 need_f16_V=0 Kdata=0x7fc80e596000 Vdata=0x7fc80e5af000 dst=0x7fc940090c80
CUDA_FA_ROUTE_EXEC_DISPATCH Qrun=f32 Q=[256,1,16,1] Qdata=0x7fc9400a4c80 Krun=f16 K=[256,256,4,1] Kdata=0x7fc95b200000 Knb=[2,2048,512,524288] Vrun=f16 V=[256,256,4,1] Vdata=0x7fc80e5af000 Vnb=[2,2048,512,524288] kernel=MMA_F16 compiled_pair=1
CUDA_FA_ROUTE_PLAN device=0 Q=[256,1,16,1] Kraw=turbo3 Vraw=f16 Kshape=[256,256,4,1] Vshape=[256,256,4,1] Keff=f16 Veff=f16 turbo_kv=1 prefer_native_vec=0 decode=1 dk=1 dv=0 unsafe_vec_after_turbo_v_decode=0 allow_vec=1 kernel=MMA_F16 need_f16_K=0 need_f16_V=0 Knb=[50,400,100,102400] Vnb=[2,2048,512,524288] Keff_nb=[2,2048,512,524288] Veff_nb=[2,2048,512,524288]
GGML_TURBO_FA_DEBUG: path=decode-dequant-or-vec K=turbo3 V=f16 Q=[256,1,16,1] K=[256,256,4,1] V=[256,256,4,1] prefill_safe=1 can_make_f16_K=1 can_make_f16_V=1 turbo_k_classic_v_prefill=0 vec_override=0 batch_ok=0 dim_ok=1 turing_mma=1
CUDA_FA_ROUTE_EXEC_BEGIN Q=[256,1,16,1] Kraw=turbo3 Vraw=f16 decode=1 dk=1 dv=0 allow_vec=1 kernel=MMA_F16 need_f16_K=0 need_f16_V=0 Kdata=0x7fc80e62f000 Vdata=0x7fc80e648000 dst=0x7fc940090c80
CUDA_FA_ROUTE_EXEC_DISPATCH Qrun=f32 Q=[256,1,16,1] Qdata=0x7fc9400a4c80 Krun=f16 K=[256,256,4,1] Kdata=0x7fc95b200000 Knb=[2,2048,512,524288] Vrun=f16 V=[256,256,4,1] Vdata=0x7fc80e648000 Vnb=[2,2048,512,524288] kernel=MMA_F16 compiled_pair=1
,

0.03.045.192 I common_perf_print:    sampling time =       1.71 ms
0.03.045.193 I common_perf_print:    samplers time =       0.30 ms /     7 tokens
0.03.045.198 I common_perf_print:        load time =    1079.99 ms
0.03.045.199 I common_perf_print: prompt eval time =      43.46 ms /     5 tokens (    8.69 ms per token,   115.04 tokens per second)
0.03.045.200 I common_perf_print:        eval time =      27.88 ms /     1 runs   (   27.88 ms per token,    35.87 tokens per second)
0.03.045.200 I common_perf_print:       total time =      73.25 ms /     6 tokens
0.03.045.206 I common_perf_print: unaccounted time =       0.20 ms /   0.3 %      (total - sampling - prompt eval - eval) / (total)
0.03.045.207 I common_perf_print:    graphs reused =          0
