0.00.016.780 I llama_completion: llama backend init
0.00.016.786 I llama_completion: load the model and apply lora adapter, if any
CUDA_FA_ROUTE_PLAN device=0 Q=[256,1,16,1] Kraw=turbo2_tcq Vraw=bf16 Kshape=[256,256,4,1] Vshape=[256,256,4,1] Keff=f16 Veff=bf16 turbo_kv=1 prefer_native_vec=0 decode=1 dk=1 dv=0 unsafe_vec_after_turbo_v_decode=0 allow_vec=1 kernel=MMA_F16 need_f16_K=0 need_f16_V=1 Knb=[36,288,72,73728] Vnb=[2,2048,512,524288] Keff_nb=[2,2048,512,524288] Veff_nb=[2,2048,512,524288]
CUDA_FA_ROUTE_SUPPORTED kernel=MMA_F16 effK=f16 effV=bf16 supported=1
CUDA_FA_ROUTE_PLAN device=0 Q=[256,1,16,1] Kraw=turbo2_tcq Vraw=bf16 Kshape=[256,256,4,1] Vshape=[256,256,4,1] Keff=f16 Veff=bf16 turbo_kv=1 prefer_native_vec=0 decode=1 dk=1 dv=0 unsafe_vec_after_turbo_v_decode=0 allow_vec=1 kernel=MMA_F16 need_f16_K=0 need_f16_V=1 Knb=[36,288,72,73728] Vnb=[2,2048,512,524288] Keff_nb=[2,2048,512,524288] Veff_nb=[2,2048,512,524288]
CUDA_FA_ROUTE_SUPPORTED kernel=MMA_F16 effK=f16 effV=bf16 supported=1
CUDA_FA_ROUTE_PLAN device=0 Q=[256,1,16,1] Kraw=turbo2_tcq Vraw=bf16 Kshape=[256,256,4,1] Vshape=[256,256,4,1] Keff=f16 Veff=bf16 turbo_kv=1 prefer_native_vec=0 decode=1 dk=1 dv=0 unsafe_vec_after_turbo_v_decode=0 allow_vec=1 kernel=MMA_F16 need_f16_K=0 need_f16_V=1 Knb=[36,288,72,73728] Vnb=[2,2048,512,524288] Keff_nb=[2,2048,512,524288] Veff_nb=[2,2048,512,524288]
CUDA_FA_ROUTE_SUPPORTED kernel=MMA_F16 effK=f16 effV=bf16 supported=1
CUDA_FA_ROUTE_PLAN device=0 Q=[256,1,16,1] Kraw=turbo2_tcq Vraw=bf16 Kshape=[256,256,4,1] Vshape=[256,256,4,1] Keff=f16 Veff=bf16 turbo_kv=1 prefer_native_vec=0 decode=1 dk=1 dv=0 unsafe_vec_after_turbo_v_decode=0 allow_vec=1 kernel=MMA_F16 need_f16_K=0 need_f16_V=1 Knb=[36,288,72,73728] Vnb=[2,2048,512,524288] Keff_nb=[2,2048,512,524288] Veff_nb=[2,2048,512,524288]
CUDA_FA_ROUTE_SUPPORTED kernel=MMA_F16 effK=f16 effV=bf16 supported=1
CUDA_FA_ROUTE_PLAN device=0 Q=[256,1,16,1] Kraw=turbo2_tcq Vraw=bf16 Kshape=[256,256,4,1] Vshape=[256,256,4,1] Keff=f16 Veff=bf16 turbo_kv=1 prefer_native_vec=0 decode=1 dk=1 dv=0 unsafe_vec_after_turbo_v_decode=0 allow_vec=1 kernel=MMA_F16 need_f16_K=0 need_f16_V=1 Knb=[36,288,72,73728] Vnb=[2,2048,512,524288] Keff_nb=[2,2048,512,524288] Veff_nb=[2,2048,512,524288]
CUDA_FA_ROUTE_SUPPORTED kernel=MMA_F16 effK=f16 effV=bf16 supported=1
CUDA_FA_ROUTE_PLAN device=0 Q=[256,1,16,1] Kraw=turbo2_tcq Vraw=bf16 Kshape=[256,256,4,1] Vshape=[256,256,4,1] Keff=f16 Veff=bf16 turbo_kv=1 prefer_native_vec=0 decode=1 dk=1 dv=0 unsafe_vec_after_turbo_v_decode=0 allow_vec=1 kernel=MMA_F16 need_f16_K=0 need_f16_V=1 Knb=[36,288,72,73728] Vnb=[2,2048,512,524288] Keff_nb=[2,2048,512,524288] Veff_nb=[2,2048,512,524288]
CUDA_FA_ROUTE_SUPPORTED kernel=MMA_F16 effK=f16 effV=bf16 supported=1
CUDA_FA_ROUTE_PLAN device=0 Q=[256,1,16,1] Kraw=turbo2_tcq Vraw=bf16 Kshape=[256,256,4,1] Vshape=[256,256,4,1] Keff=f16 Veff=bf16 turbo_kv=1 prefer_native_vec=0 decode=1 dk=1 dv=0 unsafe_vec_after_turbo_v_decode=0 allow_vec=1 kernel=MMA_F16 need_f16_K=0 need_f16_V=1 Knb=[36,288,72,73728] Vnb=[2,2048,512,524288] Keff_nb=[2,2048,512,524288] Veff_nb=[2,2048,512,524288]
CUDA_FA_ROUTE_SUPPORTED kernel=MMA_F16 effK=f16 effV=bf16 supported=1
CUDA_FA_ROUTE_PLAN device=0 Q=[256,1,16,1] Kraw=turbo2_tcq Vraw=bf16 Kshape=[256,256,4,1] Vshape=[256,256,4,1] Keff=f16 Veff=bf16 turbo_kv=1 prefer_native_vec=0 decode=1 dk=1 dv=0 unsafe_vec_after_turbo_v_decode=0 allow_vec=1 kernel=MMA_F16 need_f16_K=0 need_f16_V=1 Knb=[36,288,72,73728] Vnb=[2,2048,512,524288] Keff_nb=[2,2048,512,524288] Veff_nb=[2,2048,512,524288]
CUDA_FA_ROUTE_SUPPORTED kernel=MMA_F16 effK=f16 effV=bf16 supported=1
CUDA_FA_ROUTE_PLAN device=0 Q=[256,16,16,1] Kraw=turbo2_tcq Vraw=bf16 Kshape=[256,256,4,1] Vshape=[256,256,4,1] Keff=f16 Veff=bf16 turbo_kv=1 prefer_native_vec=0 decode=1 dk=1 dv=0 unsafe_vec_after_turbo_v_decode=0 allow_vec=1 kernel=MMA_F16 need_f16_K=0 need_f16_V=1 Knb=[36,288,72,73728] Vnb=[2,2048,512,524288] Keff_nb=[2,2048,512,524288] Veff_nb=[2,2048,512,524288]
CUDA_FA_ROUTE_SUPPORTED kernel=MMA_F16 effK=f16 effV=bf16 supported=1
CUDA_FA_ROUTE_PLAN device=0 Q=[256,16,16,1] Kraw=turbo2_tcq Vraw=bf16 Kshape=[256,256,4,1] Vshape=[256,256,4,1] Keff=f16 Veff=bf16 turbo_kv=1 prefer_native_vec=0 decode=1 dk=1 dv=0 unsafe_vec_after_turbo_v_decode=0 allow_vec=1 kernel=MMA_F16 need_f16_K=0 need_f16_V=1 Knb=[36,288,72,73728] Vnb=[2,2048,512,524288] Keff_nb=[2,2048,512,524288] Veff_nb=[2,2048,512,524288]
CUDA_FA_ROUTE_SUPPORTED kernel=MMA_F16 effK=f16 effV=bf16 supported=1
CUDA_FA_ROUTE_PLAN device=0 Q=[256,16,16,1] Kraw=turbo2_tcq Vraw=bf16 Kshape=[256,256,4,1] Vshape=[256,256,4,1] Keff=f16 Veff=bf16 turbo_kv=1 prefer_native_vec=0 decode=1 dk=1 dv=0 unsafe_vec_after_turbo_v_decode=0 allow_vec=1 kernel=MMA_F16 need_f16_K=0 need_f16_V=1 Knb=[36,288,72,73728] Vnb=[2,2048,512,524288] Keff_nb=[2,2048,512,524288] Veff_nb=[2,2048,512,524288]
CUDA_FA_ROUTE_SUPPORTED kernel=MMA_F16 effK=f16 effV=bf16 supported=1
CUDA_FA_ROUTE_PLAN device=0 Q=[256,16,16,1] Kraw=turbo2_tcq Vraw=bf16 Kshape=[256,256,4,1] Vshape=[256,256,4,1] Keff=f16 Veff=bf16 turbo_kv=1 prefer_native_vec=0 decode=1 dk=1 dv=0 unsafe_vec_after_turbo_v_decode=0 allow_vec=1 kernel=MMA_F16 need_f16_K=0 need_f16_V=1 Knb=[36,288,72,73728] Vnb=[2,2048,512,524288] Keff_nb=[2,2048,512,524288] Veff_nb=[2,2048,512,524288]
CUDA_FA_ROUTE_SUPPORTED kernel=MMA_F16 effK=f16 effV=bf16 supported=1
CUDA_FA_ROUTE_PLAN device=0 Q=[256,16,16,1] Kraw=turbo2_tcq Vraw=bf16 Kshape=[256,256,4,1] Vshape=[256,256,4,1] Keff=f16 Veff=bf16 turbo_kv=1 prefer_native_vec=0 decode=1 dk=1 dv=0 unsafe_vec_after_turbo_v_decode=0 allow_vec=1 kernel=MMA_F16 need_f16_K=0 need_f16_V=1 Knb=[36,288,72,73728] Vnb=[2,2048,512,524288] Keff_nb=[2,2048,512,524288] Veff_nb=[2,2048,512,524288]
CUDA_FA_ROUTE_SUPPORTED kernel=MMA_F16 effK=f16 effV=bf16 supported=1
CUDA_FA_ROUTE_PLAN device=0 Q=[256,16,16,1] Kraw=turbo2_tcq Vraw=bf16 Kshape=[256,256,4,1] Vshape=[256,256,4,1] Keff=f16 Veff=bf16 turbo_kv=1 prefer_native_vec=0 decode=1 dk=1 dv=0 unsafe_vec_after_turbo_v_decode=0 allow_vec=1 kernel=MMA_F16 need_f16_K=0 need_f16_V=1 Knb=[36,288,72,73728] Vnb=[2,2048,512,524288] Keff_nb=[2,2048,512,524288] Veff_nb=[2,2048,512,524288]
CUDA_FA_ROUTE_SUPPORTED kernel=MMA_F16 effK=f16 effV=bf16 supported=1
CUDA_FA_ROUTE_PLAN device=0 Q=[256,16,16,1] Kraw=turbo2_tcq Vraw=bf16 Kshape=[256,256,4,1] Vshape=[256,256,4,1] Keff=f16 Veff=bf16 turbo_kv=1 prefer_native_vec=0 decode=1 dk=1 dv=0 unsafe_vec_after_turbo_v_decode=0 allow_vec=1 kernel=MMA_F16 need_f16_K=0 need_f16_V=1 Knb=[36,288,72,73728] Vnb=[2,2048,512,524288] Keff_nb=[2,2048,512,524288] Veff_nb=[2,2048,512,524288]
CUDA_FA_ROUTE_SUPPORTED kernel=MMA_F16 effK=f16 effV=bf16 supported=1
CUDA_FA_ROUTE_PLAN device=0 Q=[256,16,16,1] Kraw=turbo2_tcq Vraw=bf16 Kshape=[256,256,4,1] Vshape=[256,256,4,1] Keff=f16 Veff=bf16 turbo_kv=1 prefer_native_vec=0 decode=1 dk=1 dv=0 unsafe_vec_after_turbo_v_decode=0 allow_vec=1 kernel=MMA_F16 need_f16_K=0 need_f16_V=1 Knb=[36,288,72,73728] Vnb=[2,2048,512,524288] Keff_nb=[2,2048,512,524288] Veff_nb=[2,2048,512,524288]
CUDA_FA_ROUTE_SUPPORTED kernel=MMA_F16 effK=f16 effV=bf16 supported=1
CUDA_FA_ROUTE_PLAN device=0 Q=[256,1,16,1] Kraw=turbo2_tcq Vraw=bf16 Kshape=[256,256,4,1] Vshape=[256,256,4,1] Keff=f16 Veff=bf16 turbo_kv=1 prefer_native_vec=0 decode=1 dk=1 dv=0 unsafe_vec_after_turbo_v_decode=0 allow_vec=1 kernel=MMA_F16 need_f16_K=0 need_f16_V=1 Knb=[36,288,72,73728] Vnb=[2,2048,512,524288] Keff_nb=[2,2048,512,524288] Veff_nb=[2,2048,512,524288]
CUDA_FA_ROUTE_SUPPORTED kernel=MMA_F16 effK=f16 effV=bf16 supported=1
CUDA_FA_ROUTE_PLAN device=0 Q=[256,1,16,1] Kraw=turbo2_tcq Vraw=bf16 Kshape=[256,256,4,1] Vshape=[256,256,4,1] Keff=f16 Veff=bf16 turbo_kv=1 prefer_native_vec=0 decode=1 dk=1 dv=0 unsafe_vec_after_turbo_v_decode=0 allow_vec=1 kernel=MMA_F16 need_f16_K=0 need_f16_V=1 Knb=[36,288,72,73728] Vnb=[2,2048,512,524288] Keff_nb=[2,2048,512,524288] Veff_nb=[2,2048,512,524288]
CUDA_FA_ROUTE_SUPPORTED kernel=MMA_F16 effK=f16 effV=bf16 supported=1
CUDA_FA_ROUTE_PLAN device=0 Q=[256,1,16,1] Kraw=turbo2_tcq Vraw=bf16 Kshape=[256,256,4,1] Vshape=[256,256,4,1] Keff=f16 Veff=bf16 turbo_kv=1 prefer_native_vec=0 decode=1 dk=1 dv=0 unsafe_vec_after_turbo_v_decode=0 allow_vec=1 kernel=MMA_F16 need_f16_K=0 need_f16_V=1 Knb=[36,288,72,73728] Vnb=[2,2048,512,524288] Keff_nb=[2,2048,512,524288] Veff_nb=[2,2048,512,524288]
CUDA_FA_ROUTE_SUPPORTED kernel=MMA_F16 effK=f16 effV=bf16 supported=1
CUDA_FA_ROUTE_PLAN device=0 Q=[256,1,16,1] Kraw=turbo2_tcq Vraw=bf16 Kshape=[256,256,4,1] Vshape=[256,256,4,1] Keff=f16 Veff=bf16 turbo_kv=1 prefer_native_vec=0 decode=1 dk=1 dv=0 unsafe_vec_after_turbo_v_decode=0 allow_vec=1 kernel=MMA_F16 need_f16_K=0 need_f16_V=1 Knb=[36,288,72,73728] Vnb=[2,2048,512,524288] Keff_nb=[2,2048,512,524288] Veff_nb=[2,2048,512,524288]
CUDA_FA_ROUTE_SUPPORTED kernel=MMA_F16 effK=f16 effV=bf16 supported=1
CUDA_FA_ROUTE_PLAN device=0 Q=[256,1,16,1] Kraw=turbo2_tcq Vraw=bf16 Kshape=[256,256,4,1] Vshape=[256,256,4,1] Keff=f16 Veff=bf16 turbo_kv=1 prefer_native_vec=0 decode=1 dk=1 dv=0 unsafe_vec_after_turbo_v_decode=0 allow_vec=1 kernel=MMA_F16 need_f16_K=0 need_f16_V=1 Knb=[36,288,72,73728] Vnb=[2,2048,512,524288] Keff_nb=[2,2048,512,524288] Veff_nb=[2,2048,512,524288]
CUDA_FA_ROUTE_SUPPORTED kernel=MMA_F16 effK=f16 effV=bf16 supported=1
CUDA_FA_ROUTE_PLAN device=0 Q=[256,1,16,1] Kraw=turbo2_tcq Vraw=bf16 Kshape=[256,256,4,1] Vshape=[256,256,4,1] Keff=f16 Veff=bf16 turbo_kv=1 prefer_native_vec=0 decode=1 dk=1 dv=0 unsafe_vec_after_turbo_v_decode=0 allow_vec=1 kernel=MMA_F16 need_f16_K=0 need_f16_V=1 Knb=[36,288,72,73728] Vnb=[2,2048,512,524288] Keff_nb=[2,2048,512,524288] Veff_nb=[2,2048,512,524288]
CUDA_FA_ROUTE_SUPPORTED kernel=MMA_F16 effK=f16 effV=bf16 supported=1
CUDA_FA_ROUTE_PLAN device=0 Q=[256,1,16,1] Kraw=turbo2_tcq Vraw=bf16 Kshape=[256,256,4,1] Vshape=[256,256,4,1] Keff=f16 Veff=bf16 turbo_kv=1 prefer_native_vec=0 decode=1 dk=1 dv=0 unsafe_vec_after_turbo_v_decode=0 allow_vec=1 kernel=MMA_F16 need_f16_K=0 need_f16_V=1 Knb=[36,288,72,73728] Vnb=[2,2048,512,524288] Keff_nb=[2,2048,512,524288] Veff_nb=[2,2048,512,524288]
CUDA_FA_ROUTE_SUPPORTED kernel=MMA_F16 effK=f16 effV=bf16 supported=1
CUDA_FA_ROUTE_PLAN device=0 Q=[256,1,16,1] Kraw=turbo2_tcq Vraw=bf16 Kshape=[256,256,4,1] Vshape=[256,256,4,1] Keff=f16 Veff=bf16 turbo_kv=1 prefer_native_vec=0 decode=1 dk=1 dv=0 unsafe_vec_after_turbo_v_decode=0 allow_vec=1 kernel=MMA_F16 need_f16_K=0 need_f16_V=1 Knb=[36,288,72,73728] Vnb=[2,2048,512,524288] Keff_nb=[2,2048,512,524288] Veff_nb=[2,2048,512,524288]
CUDA_FA_ROUTE_SUPPORTED kernel=MMA_F16 effK=f16 effV=bf16 supported=1
CUDA_FA_ROUTE_PLAN device=0 Q=[256,256,16,1] Kraw=turbo2_tcq Vraw=bf16 Kshape=[256,256,4,1] Vshape=[256,256,4,1] Keff=f16 Veff=bf16 turbo_kv=1 prefer_native_vec=0 decode=1 dk=1 dv=0 unsafe_vec_after_turbo_v_decode=0 allow_vec=1 kernel=MMA_F16 need_f16_K=0 need_f16_V=1 Knb=[36,288,72,73728] Vnb=[2,2048,512,524288] Keff_nb=[2,2048,512,524288] Veff_nb=[2,2048,512,524288]
CUDA_FA_ROUTE_SUPPORTED kernel=MMA_F16 effK=f16 effV=bf16 supported=1
CUDA_FA_ROUTE_PLAN device=0 Q=[256,256,16,1] Kraw=turbo2_tcq Vraw=bf16 Kshape=[256,256,4,1] Vshape=[256,256,4,1] Keff=f16 Veff=bf16 turbo_kv=1 prefer_native_vec=0 decode=1 dk=1 dv=0 unsafe_vec_after_turbo_v_decode=0 allow_vec=1 kernel=MMA_F16 need_f16_K=0 need_f16_V=1 Knb=[36,288,72,73728] Vnb=[2,2048,512,524288] Keff_nb=[2,2048,512,524288] Veff_nb=[2,2048,512,524288]
CUDA_FA_ROUTE_SUPPORTED kernel=MMA_F16 effK=f16 effV=bf16 supported=1
CUDA_FA_ROUTE_PLAN device=0 Q=[256,256,16,1] Kraw=turbo2_tcq Vraw=bf16 Kshape=[256,256,4,1] Vshape=[256,256,4,1] Keff=f16 Veff=bf16 turbo_kv=1 prefer_native_vec=0 decode=1 dk=1 dv=0 unsafe_vec_after_turbo_v_decode=0 allow_vec=1 kernel=MMA_F16 need_f16_K=0 need_f16_V=1 Knb=[36,288,72,73728] Vnb=[2,2048,512,524288] Keff_nb=[2,2048,512,524288] Veff_nb=[2,2048,512,524288]
CUDA_FA_ROUTE_SUPPORTED kernel=MMA_F16 effK=f16 effV=bf16 supported=1
CUDA_FA_ROUTE_PLAN device=0 Q=[256,256,16,1] Kraw=turbo2_tcq Vraw=bf16 Kshape=[256,256,4,1] Vshape=[256,256,4,1] Keff=f16 Veff=bf16 turbo_kv=1 prefer_native_vec=0 decode=1 dk=1 dv=0 unsafe_vec_after_turbo_v_decode=0 allow_vec=1 kernel=MMA_F16 need_f16_K=0 need_f16_V=1 Knb=[36,288,72,73728] Vnb=[2,2048,512,524288] Keff_nb=[2,2048,512,524288] Veff_nb=[2,2048,512,524288]
CUDA_FA_ROUTE_SUPPORTED kernel=MMA_F16 effK=f16 effV=bf16 supported=1
CUDA_FA_ROUTE_PLAN device=0 Q=[256,256,16,1] Kraw=turbo2_tcq Vraw=bf16 Kshape=[256,256,4,1] Vshape=[256,256,4,1] Keff=f16 Veff=bf16 turbo_kv=1 prefer_native_vec=0 decode=1 dk=1 dv=0 unsafe_vec_after_turbo_v_decode=0 allow_vec=1 kernel=MMA_F16 need_f16_K=0 need_f16_V=1 Knb=[36,288,72,73728] Vnb=[2,2048,512,524288] Keff_nb=[2,2048,512,524288] Veff_nb=[2,2048,512,524288]
CUDA_FA_ROUTE_SUPPORTED kernel=MMA_F16 effK=f16 effV=bf16 supported=1
CUDA_FA_ROUTE_PLAN device=0 Q=[256,256,16,1] Kraw=turbo2_tcq Vraw=bf16 Kshape=[256,256,4,1] Vshape=[256,256,4,1] Keff=f16 Veff=bf16 turbo_kv=1 prefer_native_vec=0 decode=1 dk=1 dv=0 unsafe_vec_after_turbo_v_decode=0 allow_vec=1 kernel=MMA_F16 need_f16_K=0 need_f16_V=1 Knb=[36,288,72,73728] Vnb=[2,2048,512,524288] Keff_nb=[2,2048,512,524288] Veff_nb=[2,2048,512,524288]
CUDA_FA_ROUTE_SUPPORTED kernel=MMA_F16 effK=f16 effV=bf16 supported=1
CUDA_FA_ROUTE_PLAN device=0 Q=[256,256,16,1] Kraw=turbo2_tcq Vraw=bf16 Kshape=[256,256,4,1] Vshape=[256,256,4,1] Keff=f16 Veff=bf16 turbo_kv=1 prefer_native_vec=0 decode=1 dk=1 dv=0 unsafe_vec_after_turbo_v_decode=0 allow_vec=1 kernel=MMA_F16 need_f16_K=0 need_f16_V=1 Knb=[36,288,72,73728] Vnb=[2,2048,512,524288] Keff_nb=[2,2048,512,524288] Veff_nb=[2,2048,512,524288]
CUDA_FA_ROUTE_SUPPORTED kernel=MMA_F16 effK=f16 effV=bf16 supported=1
CUDA_FA_ROUTE_PLAN device=0 Q=[256,256,16,1] Kraw=turbo2_tcq Vraw=bf16 Kshape=[256,256,4,1] Vshape=[256,256,4,1] Keff=f16 Veff=bf16 turbo_kv=1 prefer_native_vec=0 decode=1 dk=1 dv=0 unsafe_vec_after_turbo_v_decode=0 allow_vec=1 kernel=MMA_F16 need_f16_K=0 need_f16_V=1 Knb=[36,288,72,73728] Vnb=[2,2048,512,524288] Keff_nb=[2,2048,512,524288] Veff_nb=[2,2048,512,524288]
CUDA_FA_ROUTE_SUPPORTED kernel=MMA_F16 effK=f16 effV=bf16 supported=1
CUDA_FA_ROUTE_PLAN device=0 Q=[256,256,16,1] Kraw=turbo2_tcq Vraw=bf16 Kshape=[256,256,4,1] Vshape=[256,256,4,1] Keff=f16 Veff=bf16 turbo_kv=1 prefer_native_vec=0 decode=1 dk=1 dv=0 unsafe_vec_after_turbo_v_decode=0 allow_vec=1 kernel=MMA_F16 need_f16_K=0 need_f16_V=1 Knb=[36,288,72,73728] Vnb=[2,2048,512,524288] Keff_nb=[2,2048,512,524288] Veff_nb=[2,2048,512,524288]
CUDA_FA_ROUTE_ALLOC kernel=MMA_F16 need_f16_K=0 need_f16_V=1 workspace_end_offset=4718592 dst_data=(nil) f16_K=(nil) f16_V=0x400000 f16_end=0x480000
CUDA_FA_ROUTE_PLAN device=0 Q=[256,256,16,1] Kraw=turbo2_tcq Vraw=bf16 Kshape=[256,256,4,1] Vshape=[256,256,4,1] Keff=f16 Veff=bf16 turbo_kv=1 prefer_native_vec=0 decode=1 dk=1 dv=0 unsafe_vec_after_turbo_v_decode=0 allow_vec=1 kernel=MMA_F16 need_f16_K=0 need_f16_V=1 Knb=[36,288,72,73728] Vnb=[2,2048,512,524288] Keff_nb=[2,2048,512,524288] Veff_nb=[2,2048,512,524288]
CUDA_FA_ROUTE_ALLOC kernel=MMA_F16 need_f16_K=0 need_f16_V=1 workspace_end_offset=4718592 dst_data=(nil) f16_K=(nil) f16_V=0x400000 f16_end=0x480000
CUDA_FA_ROUTE_PLAN device=0 Q=[256,256,16,1] Kraw=turbo2_tcq Vraw=bf16 Kshape=[256,256,4,1] Vshape=[256,256,4,1] Keff=f16 Veff=bf16 turbo_kv=1 prefer_native_vec=0 decode=1 dk=1 dv=0 unsafe_vec_after_turbo_v_decode=0 allow_vec=1 kernel=MMA_F16 need_f16_K=0 need_f16_V=1 Knb=[36,288,72,73728] Vnb=[2,2048,512,524288] Keff_nb=[2,2048,512,524288] Veff_nb=[2,2048,512,524288]
CUDA_FA_ROUTE_ALLOC kernel=MMA_F16 need_f16_K=0 need_f16_V=1 workspace_end_offset=4718592 dst_data=(nil) f16_K=(nil) f16_V=0x400000 f16_end=0x480000
CUDA_FA_ROUTE_PLAN device=0 Q=[256,256,16,1] Kraw=turbo2_tcq Vraw=bf16 Kshape=[256,256,4,1] Vshape=[256,256,4,1] Keff=f16 Veff=bf16 turbo_kv=1 prefer_native_vec=0 decode=1 dk=1 dv=0 unsafe_vec_after_turbo_v_decode=0 allow_vec=1 kernel=MMA_F16 need_f16_K=0 need_f16_V=1 Knb=[36,288,72,73728] Vnb=[2,2048,512,524288] Keff_nb=[2,2048,512,524288] Veff_nb=[2,2048,512,524288]
CUDA_FA_ROUTE_ALLOC kernel=MMA_F16 need_f16_K=0 need_f16_V=1 workspace_end_offset=4718592 dst_data=(nil) f16_K=(nil) f16_V=0x400000 f16_end=0x480000
CUDA_FA_ROUTE_PLAN device=0 Q=[256,256,16,1] Kraw=turbo2_tcq Vraw=bf16 Kshape=[256,256,4,1] Vshape=[256,256,4,1] Keff=f16 Veff=bf16 turbo_kv=1 prefer_native_vec=0 decode=1 dk=1 dv=0 unsafe_vec_after_turbo_v_decode=0 allow_vec=1 kernel=MMA_F16 need_f16_K=0 need_f16_V=1 Knb=[36,288,72,73728] Vnb=[2,2048,512,524288] Keff_nb=[2,2048,512,524288] Veff_nb=[2,2048,512,524288]
CUDA_FA_ROUTE_ALLOC kernel=MMA_F16 need_f16_K=0 need_f16_V=1 workspace_end_offset=4718592 dst_data=(nil) f16_K=(nil) f16_V=0x400000 f16_end=0x480000
CUDA_FA_ROUTE_PLAN device=0 Q=[256,256,16,1] Kraw=turbo2_tcq Vraw=bf16 Kshape=[256,256,4,1] Vshape=[256,256,4,1] Keff=f16 Veff=bf16 turbo_kv=1 prefer_native_vec=0 decode=1 dk=1 dv=0 unsafe_vec_after_turbo_v_decode=0 allow_vec=1 kernel=MMA_F16 need_f16_K=0 need_f16_V=1 Knb=[36,288,72,73728] Vnb=[2,2048,512,524288] Keff_nb=[2,2048,512,524288] Veff_nb=[2,2048,512,524288]
CUDA_FA_ROUTE_ALLOC kernel=MMA_F16 need_f16_K=0 need_f16_V=1 workspace_end_offset=4718592 dst_data=(nil) f16_K=(nil) f16_V=0x400000 f16_end=0x480000
CUDA_FA_ROUTE_PLAN device=0 Q=[256,256,16,1] Kraw=turbo2_tcq Vraw=bf16 Kshape=[256,256,4,1] Vshape=[256,256,4,1] Keff=f16 Veff=bf16 turbo_kv=1 prefer_native_vec=0 decode=1 dk=1 dv=0 unsafe_vec_after_turbo_v_decode=0 allow_vec=1 kernel=MMA_F16 need_f16_K=0 need_f16_V=1 Knb=[36,288,72,73728] Vnb=[2,2048,512,524288] Keff_nb=[2,2048,512,524288] Veff_nb=[2,2048,512,524288]
CUDA_FA_ROUTE_ALLOC kernel=MMA_F16 need_f16_K=0 need_f16_V=1 workspace_end_offset=4718592 dst_data=(nil) f16_K=(nil) f16_V=0x400000 f16_end=0x480000
CUDA_FA_ROUTE_PLAN device=0 Q=[256,256,16,1] Kraw=turbo2_tcq Vraw=bf16 Kshape=[256,256,4,1] Vshape=[256,256,4,1] Keff=f16 Veff=bf16 turbo_kv=1 prefer_native_vec=0 decode=1 dk=1 dv=0 unsafe_vec_after_turbo_v_decode=0 allow_vec=1 kernel=MMA_F16 need_f16_K=0 need_f16_V=1 Knb=[36,288,72,73728] Vnb=[2,2048,512,524288] Keff_nb=[2,2048,512,524288] Veff_nb=[2,2048,512,524288]
CUDA_FA_ROUTE_ALLOC kernel=MMA_F16 need_f16_K=0 need_f16_V=1 workspace_end_offset=4718592 dst_data=(nil) f16_K=(nil) f16_V=0x400000 f16_end=0x480000
CUDA_FA_ROUTE_PLAN device=0 Q=[256,256,16,1] Kraw=turbo2_tcq Vraw=bf16 Kshape=[256,256,4,1] Vshape=[256,256,4,1] Keff=f16 Veff=bf16 turbo_kv=1 prefer_native_vec=0 decode=1 dk=1 dv=0 unsafe_vec_after_turbo_v_decode=0 allow_vec=1 kernel=MMA_F16 need_f16_K=0 need_f16_V=1 Knb=[36,288,72,73728] Vnb=[2,2048,512,524288] Keff_nb=[2,2048,512,524288] Veff_nb=[2,2048,512,524288]
CUDA_FA_ROUTE_ALLOC kernel=MMA_F16 need_f16_K=0 need_f16_V=1 workspace_end_offset=4718592 dst_data=(nil) f16_K=(nil) f16_V=0x400000 f16_end=0x480000
CUDA_FA_ROUTE_PLAN device=0 Q=[256,256,16,1] Kraw=turbo2_tcq Vraw=bf16 Kshape=[256,256,4,1] Vshape=[256,256,4,1] Keff=f16 Veff=bf16 turbo_kv=1 prefer_native_vec=0 decode=1 dk=1 dv=0 unsafe_vec_after_turbo_v_decode=0 allow_vec=1 kernel=MMA_F16 need_f16_K=0 need_f16_V=1 Knb=[36,288,72,73728] Vnb=[2,2048,512,524288] Keff_nb=[2,2048,512,524288] Veff_nb=[2,2048,512,524288]
CUDA_FA_ROUTE_ALLOC kernel=MMA_F16 need_f16_K=0 need_f16_V=1 workspace_end_offset=4718592 dst_data=(nil) f16_K=(nil) f16_V=0x400000 f16_end=0x480000
CUDA_FA_ROUTE_PLAN device=0 Q=[256,256,16,1] Kraw=turbo2_tcq Vraw=bf16 Kshape=[256,256,4,1] Vshape=[256,256,4,1] Keff=f16 Veff=bf16 turbo_kv=1 prefer_native_vec=0 decode=1 dk=1 dv=0 unsafe_vec_after_turbo_v_decode=0 allow_vec=1 kernel=MMA_F16 need_f16_K=0 need_f16_V=1 Knb=[36,288,72,73728] Vnb=[2,2048,512,524288] Keff_nb=[2,2048,512,524288] Veff_nb=[2,2048,512,524288]
CUDA_FA_ROUTE_ALLOC kernel=MMA_F16 need_f16_K=0 need_f16_V=1 workspace_end_offset=4718592 dst_data=(nil) f16_K=(nil) f16_V=0x400000 f16_end=0x480000
CUDA_FA_ROUTE_PLAN device=0 Q=[256,256,16,1] Kraw=turbo2_tcq Vraw=bf16 Kshape=[256,256,4,1] Vshape=[256,256,4,1] Keff=f16 Veff=bf16 turbo_kv=1 prefer_native_vec=0 decode=1 dk=1 dv=0 unsafe_vec_after_turbo_v_decode=0 allow_vec=1 kernel=MMA_F16 need_f16_K=0 need_f16_V=1 Knb=[36,288,72,73728] Vnb=[2,2048,512,524288] Keff_nb=[2,2048,512,524288] Veff_nb=[2,2048,512,524288]
CUDA_FA_ROUTE_ALLOC kernel=MMA_F16 need_f16_K=0 need_f16_V=1 workspace_end_offset=4718592 dst_data=(nil) f16_K=(nil) f16_V=0x400000 f16_end=0x480000
CUDA_FA_ROUTE_PLAN device=0 Q=[256,256,16,1] Kraw=turbo2_tcq Vraw=bf16 Kshape=[256,256,4,1] Vshape=[256,256,4,1] Keff=f16 Veff=bf16 turbo_kv=1 prefer_native_vec=0 decode=1 dk=1 dv=0 unsafe_vec_after_turbo_v_decode=0 allow_vec=1 kernel=MMA_F16 need_f16_K=0 need_f16_V=1 Knb=[36,288,72,73728] Vnb=[2,2048,512,524288] Keff_nb=[2,2048,512,524288] Veff_nb=[2,2048,512,524288]
CUDA_FA_ROUTE_ALLOC kernel=MMA_F16 need_f16_K=0 need_f16_V=1 workspace_end_offset=4718592 dst_data=(nil) f16_K=(nil) f16_V=0x400000 f16_end=0x480000
CUDA_FA_ROUTE_PLAN device=0 Q=[256,256,16,1] Kraw=turbo2_tcq Vraw=bf16 Kshape=[256,256,4,1] Vshape=[256,256,4,1] Keff=f16 Veff=bf16 turbo_kv=1 prefer_native_vec=0 decode=1 dk=1 dv=0 unsafe_vec_after_turbo_v_decode=0 allow_vec=1 kernel=MMA_F16 need_f16_K=0 need_f16_V=1 Knb=[36,288,72,73728] Vnb=[2,2048,512,524288] Keff_nb=[2,2048,512,524288] Veff_nb=[2,2048,512,524288]
CUDA_FA_ROUTE_ALLOC kernel=MMA_F16 need_f16_K=0 need_f16_V=1 workspace_end_offset=4718592 dst_data=(nil) f16_K=(nil) f16_V=0x400000 f16_end=0x480000
CUDA_FA_ROUTE_PLAN device=0 Q=[256,256,16,1] Kraw=turbo2_tcq Vraw=bf16 Kshape=[256,256,4,1] Vshape=[256,256,4,1] Keff=f16 Veff=bf16 turbo_kv=1 prefer_native_vec=0 decode=1 dk=1 dv=0 unsafe_vec_after_turbo_v_decode=0 allow_vec=1 kernel=MMA_F16 need_f16_K=0 need_f16_V=1 Knb=[36,288,72,73728] Vnb=[2,2048,512,524288] Keff_nb=[2,2048,512,524288] Veff_nb=[2,2048,512,524288]
CUDA_FA_ROUTE_ALLOC kernel=MMA_F16 need_f16_K=0 need_f16_V=1 workspace_end_offset=4718592 dst_data=(nil) f16_K=(nil) f16_V=0x400000 f16_end=0x480000
CUDA_FA_ROUTE_PLAN device=0 Q=[256,256,16,1] Kraw=turbo2_tcq Vraw=bf16 Kshape=[256,256,4,1] Vshape=[256,256,4,1] Keff=f16 Veff=bf16 turbo_kv=1 prefer_native_vec=0 decode=1 dk=1 dv=0 unsafe_vec_after_turbo_v_decode=0 allow_vec=1 kernel=MMA_F16 need_f16_K=0 need_f16_V=1 Knb=[36,288,72,73728] Vnb=[2,2048,512,524288] Keff_nb=[2,2048,512,524288] Veff_nb=[2,2048,512,524288]
CUDA_FA_ROUTE_ALLOC kernel=MMA_F16 need_f16_K=0 need_f16_V=1 workspace_end_offset=4718592 dst_data=(nil) f16_K=(nil) f16_V=0x400000 f16_end=0x480000
CUDA_FA_ROUTE_PLAN device=0 Q=[256,256,16,1] Kraw=turbo2_tcq Vraw=bf16 Kshape=[256,256,4,1] Vshape=[256,256,4,1] Keff=f16 Veff=bf16 turbo_kv=1 prefer_native_vec=0 decode=1 dk=1 dv=0 unsafe_vec_after_turbo_v_decode=0 allow_vec=1 kernel=MMA_F16 need_f16_K=0 need_f16_V=1 Knb=[36,288,72,73728] Vnb=[2,2048,512,524288] Keff_nb=[2,2048,512,524288] Veff_nb=[2,2048,512,524288]
CUDA_FA_ROUTE_ALLOC kernel=MMA_F16 need_f16_K=0 need_f16_V=1 workspace_end_offset=4718592 dst_data=(nil) f16_K=(nil) f16_V=0x400000 f16_end=0x480000
CUDA_FA_ROUTE_PLAN device=0 Q=[256,256,16,1] Kraw=turbo2_tcq Vraw=bf16 Kshape=[256,256,4,1] Vshape=[256,256,4,1] Keff=f16 Veff=bf16 turbo_kv=1 prefer_native_vec=0 decode=1 dk=1 dv=0 unsafe_vec_after_turbo_v_decode=0 allow_vec=1 kernel=MMA_F16 need_f16_K=0 need_f16_V=1 Knb=[36,288,72,73728] Vnb=[2,2048,512,524288] Keff_nb=[2,2048,512,524288] Veff_nb=[2,2048,512,524288]
CUDA_FA_ROUTE_ALLOC kernel=MMA_F16 need_f16_K=0 need_f16_V=1 workspace_end_offset=4718592 dst_data=(nil) f16_K=(nil) f16_V=0x400000 f16_end=0x480000
CUDA_FA_ROUTE_PLAN device=0 Q=[256,256,16,1] Kraw=turbo2_tcq Vraw=bf16 Kshape=[256,256,4,1] Vshape=[256,256,4,1] Keff=f16 Veff=bf16 turbo_kv=1 prefer_native_vec=0 decode=1 dk=1 dv=0 unsafe_vec_after_turbo_v_decode=0 allow_vec=1 kernel=MMA_F16 need_f16_K=0 need_f16_V=1 Knb=[36,288,72,73728] Vnb=[2,2048,512,524288] Keff_nb=[2,2048,512,524288] Veff_nb=[2,2048,512,524288]
CUDA_FA_ROUTE_ALLOC kernel=MMA_F16 need_f16_K=0 need_f16_V=1 workspace_end_offset=4718592 dst_data=(nil) f16_K=(nil) f16_V=0x400000 f16_end=0x480000
CUDA_FA_ROUTE_PLAN device=0 Q=[256,256,16,1] Kraw=turbo2_tcq Vraw=bf16 Kshape=[256,256,4,1] Vshape=[256,256,4,1] Keff=f16 Veff=bf16 turbo_kv=1 prefer_native_vec=0 decode=1 dk=1 dv=0 unsafe_vec_after_turbo_v_decode=0 allow_vec=1 kernel=MMA_F16 need_f16_K=0 need_f16_V=1 Knb=[36,288,72,73728] Vnb=[2,2048,512,524288] Keff_nb=[2,2048,512,524288] Veff_nb=[2,2048,512,524288]
CUDA_FA_ROUTE_ALLOC kernel=MMA_F16 need_f16_K=0 need_f16_V=1 workspace_end_offset=4718592 dst_data=(nil) f16_K=(nil) f16_V=0x400000 f16_end=0x480000
CUDA_FA_ROUTE_PLAN device=0 Q=[256,256,16,1] Kraw=turbo2_tcq Vraw=bf16 Kshape=[256,256,4,1] Vshape=[256,256,4,1] Keff=f16 Veff=bf16 turbo_kv=1 prefer_native_vec=0 decode=1 dk=1 dv=0 unsafe_vec_after_turbo_v_decode=0 allow_vec=1 kernel=MMA_F16 need_f16_K=0 need_f16_V=1 Knb=[36,288,72,73728] Vnb=[2,2048,512,524288] Keff_nb=[2,2048,512,524288] Veff_nb=[2,2048,512,524288]
CUDA_FA_ROUTE_ALLOC kernel=MMA_F16 need_f16_K=0 need_f16_V=1 workspace_end_offset=4718592 dst_data=(nil) f16_K=(nil) f16_V=0x400000 f16_end=0x480000
CUDA_FA_ROUTE_PLAN device=0 Q=[256,256,16,1] Kraw=turbo2_tcq Vraw=bf16 Kshape=[256,256,4,1] Vshape=[256,256,4,1] Keff=f16 Veff=bf16 turbo_kv=1 prefer_native_vec=0 decode=1 dk=1 dv=0 unsafe_vec_after_turbo_v_decode=0 allow_vec=1 kernel=MMA_F16 need_f16_K=0 need_f16_V=1 Knb=[36,288,72,73728] Vnb=[2,2048,512,524288] Keff_nb=[2,2048,512,524288] Veff_nb=[2,2048,512,524288]
CUDA_FA_ROUTE_ALLOC kernel=MMA_F16 need_f16_K=0 need_f16_V=1 workspace_end_offset=4718592 dst_data=(nil) f16_K=(nil) f16_V=0x400000 f16_end=0x480000
CUDA_FA_ROUTE_PLAN device=0 Q=[256,256,16,1] Kraw=turbo2_tcq Vraw=bf16 Kshape=[256,256,4,1] Vshape=[256,256,4,1] Keff=f16 Veff=bf16 turbo_kv=1 prefer_native_vec=0 decode=1 dk=1 dv=0 unsafe_vec_after_turbo_v_decode=0 allow_vec=1 kernel=MMA_F16 need_f16_K=0 need_f16_V=1 Knb=[36,288,72,73728] Vnb=[2,2048,512,524288] Keff_nb=[2,2048,512,524288] Veff_nb=[2,2048,512,524288]
CUDA_FA_ROUTE_ALLOC kernel=MMA_F16 need_f16_K=0 need_f16_V=1 workspace_end_offset=4718592 dst_data=(nil) f16_K=(nil) f16_V=0x400000 f16_end=0x480000
CUDA_FA_ROUTE_PLAN device=0 Q=[256,256,16,1] Kraw=turbo2_tcq Vraw=bf16 Kshape=[256,256,4,1] Vshape=[256,256,4,1] Keff=f16 Veff=bf16 turbo_kv=1 prefer_native_vec=0 decode=1 dk=1 dv=0 unsafe_vec_after_turbo_v_decode=0 allow_vec=1 kernel=MMA_F16 need_f16_K=0 need_f16_V=1 Knb=[36,288,72,73728] Vnb=[2,2048,512,524288] Keff_nb=[2,2048,512,524288] Veff_nb=[2,2048,512,524288]
CUDA_FA_ROUTE_ALLOC kernel=MMA_F16 need_f16_K=0 need_f16_V=1 workspace_end_offset=4718592 dst_data=(nil) f16_K=(nil) f16_V=0x400000 f16_end=0x480000
CUDA_FA_ROUTE_PLAN device=0 Q=[256,256,16,1] Kraw=turbo2_tcq Vraw=bf16 Kshape=[256,256,4,1] Vshape=[256,256,4,1] Keff=f16 Veff=bf16 turbo_kv=1 prefer_native_vec=0 decode=1 dk=1 dv=0 unsafe_vec_after_turbo_v_decode=0 allow_vec=1 kernel=MMA_F16 need_f16_K=0 need_f16_V=1 Knb=[36,288,72,73728] Vnb=[2,2048,512,524288] Keff_nb=[2,2048,512,524288] Veff_nb=[2,2048,512,524288]
CUDA_FA_ROUTE_ALLOC kernel=MMA_F16 need_f16_K=0 need_f16_V=1 workspace_end_offset=4718592 dst_data=(nil) f16_K=(nil) f16_V=0x400000 f16_end=0x480000
CUDA_FA_ROUTE_PLAN device=0 Q=[256,256,16,1] Kraw=turbo2_tcq Vraw=bf16 Kshape=[256,256,4,1] Vshape=[256,256,4,1] Keff=f16 Veff=bf16 turbo_kv=1 prefer_native_vec=0 decode=1 dk=1 dv=0 unsafe_vec_after_turbo_v_decode=0 allow_vec=1 kernel=MMA_F16 need_f16_K=0 need_f16_V=1 Knb=[36,288,72,73728] Vnb=[2,2048,512,524288] Keff_nb=[2,2048,512,524288] Veff_nb=[2,2048,512,524288]
CUDA_FA_ROUTE_ALLOC kernel=MMA_F16 need_f16_K=0 need_f16_V=1 workspace_end_offset=4718592 dst_data=(nil) f16_K=(nil) f16_V=0x400000 f16_end=0x480000
CUDA_FA_ROUTE_PLAN device=0 Q=[256,256,16,1] Kraw=turbo2_tcq Vraw=bf16 Kshape=[256,256,4,1] Vshape=[256,256,4,1] Keff=f16 Veff=bf16 turbo_kv=1 prefer_native_vec=0 decode=1 dk=1 dv=0 unsafe_vec_after_turbo_v_decode=0 allow_vec=1 kernel=MMA_F16 need_f16_K=0 need_f16_V=1 Knb=[36,288,72,73728] Vnb=[2,2048,512,524288] Keff_nb=[2,2048,512,524288] Veff_nb=[2,2048,512,524288]
CUDA_FA_ROUTE_ALLOC kernel=MMA_F16 need_f16_K=0 need_f16_V=1 workspace_end_offset=4718592 dst_data=(nil) f16_K=(nil) f16_V=0x400000 f16_end=0x480000
CUDA_FA_ROUTE_PLAN device=0 Q=[256,256,16,1] Kraw=turbo2_tcq Vraw=bf16 Kshape=[256,256,4,1] Vshape=[256,256,4,1] Keff=f16 Veff=bf16 turbo_kv=1 prefer_native_vec=0 decode=1 dk=1 dv=0 unsafe_vec_after_turbo_v_decode=0 allow_vec=1 kernel=MMA_F16 need_f16_K=0 need_f16_V=1 Knb=[36,288,72,73728] Vnb=[2,2048,512,524288] Keff_nb=[2,2048,512,524288] Veff_nb=[2,2048,512,524288]
CUDA_FA_ROUTE_ALLOC kernel=MMA_F16 need_f16_K=0 need_f16_V=1 workspace_end_offset=4718592 dst_data=(nil) f16_K=(nil) f16_V=0x400000 f16_end=0x480000
CUDA_FA_ROUTE_PLAN device=0 Q=[256,256,16,1] Kraw=turbo2_tcq Vraw=bf16 Kshape=[256,256,4,1] Vshape=[256,256,4,1] Keff=f16 Veff=bf16 turbo_kv=1 prefer_native_vec=0 decode=1 dk=1 dv=0 unsafe_vec_after_turbo_v_decode=0 allow_vec=1 kernel=MMA_F16 need_f16_K=0 need_f16_V=1 Knb=[36,288,72,73728] Vnb=[2,2048,512,524288] Keff_nb=[2,2048,512,524288] Veff_nb=[2,2048,512,524288]
CUDA_FA_ROUTE_ALLOC kernel=MMA_F16 need_f16_K=0 need_f16_V=1 workspace_end_offset=4718592 dst_data=(nil) f16_K=(nil) f16_V=0x400000 f16_end=0x480000
CUDA_FA_ROUTE_PLAN device=0 Q=[256,256,16,1] Kraw=turbo2_tcq Vraw=bf16 Kshape=[256,256,4,1] Vshape=[256,256,4,1] Keff=f16 Veff=bf16 turbo_kv=1 prefer_native_vec=0 decode=1 dk=1 dv=0 unsafe_vec_after_turbo_v_decode=0 allow_vec=1 kernel=MMA_F16 need_f16_K=0 need_f16_V=1 Knb=[36,288,72,73728] Vnb=[2,2048,512,524288] Keff_nb=[2,2048,512,524288] Veff_nb=[2,2048,512,524288]
CUDA_FA_ROUTE_ALLOC kernel=MMA_F16 need_f16_K=0 need_f16_V=1 workspace_end_offset=4718592 dst_data=(nil) f16_K=(nil) f16_V=0x400000 f16_end=0x480000
CUDA_FA_ROUTE_PLAN device=0 Q=[256,256,16,1] Kraw=turbo2_tcq Vraw=bf16 Kshape=[256,256,4,1] Vshape=[256,256,4,1] Keff=f16 Veff=bf16 turbo_kv=1 prefer_native_vec=0 decode=1 dk=1 dv=0 unsafe_vec_after_turbo_v_decode=0 allow_vec=1 kernel=MMA_F16 need_f16_K=0 need_f16_V=1 Knb=[36,288,72,73728] Vnb=[2,2048,512,524288] Keff_nb=[2,2048,512,524288] Veff_nb=[2,2048,512,524288]
CUDA_FA_ROUTE_ALLOC kernel=MMA_F16 need_f16_K=0 need_f16_V=1 workspace_end_offset=4718592 dst_data=(nil) f16_K=(nil) f16_V=0x400000 f16_end=0x480000
CUDA_FA_ROUTE_PLAN device=0 Q=[256,256,16,1] Kraw=turbo2_tcq Vraw=bf16 Kshape=[256,256,4,1] Vshape=[256,256,4,1] Keff=f16 Veff=bf16 turbo_kv=1 prefer_native_vec=0 decode=1 dk=1 dv=0 unsafe_vec_after_turbo_v_decode=0 allow_vec=1 kernel=MMA_F16 need_f16_K=0 need_f16_V=1 Knb=[36,288,72,73728] Vnb=[2,2048,512,524288] Keff_nb=[2,2048,512,524288] Veff_nb=[2,2048,512,524288]
CUDA_FA_ROUTE_ALLOC kernel=MMA_F16 need_f16_K=0 need_f16_V=1 workspace_end_offset=4718592 dst_data=(nil) f16_K=(nil) f16_V=0x400000 f16_end=0x480000
CUDA_FA_ROUTE_PLAN device=0 Q=[256,1,16,1] Kraw=turbo2_tcq Vraw=bf16 Kshape=[256,256,4,1] Vshape=[256,256,4,1] Keff=f16 Veff=bf16 turbo_kv=1 prefer_native_vec=0 decode=1 dk=1 dv=0 unsafe_vec_after_turbo_v_decode=0 allow_vec=1 kernel=MMA_F16 need_f16_K=0 need_f16_V=1 Knb=[36,288,72,73728] Vnb=[2,2048,512,524288] Keff_nb=[2,2048,512,524288] Veff_nb=[2,2048,512,524288]
CUDA_FA_ROUTE_SUPPORTED kernel=MMA_F16 effK=f16 effV=bf16 supported=1
CUDA_FA_ROUTE_PLAN device=0 Q=[256,1,16,1] Kraw=turbo2_tcq Vraw=bf16 Kshape=[256,256,4,1] Vshape=[256,256,4,1] Keff=f16 Veff=bf16 turbo_kv=1 prefer_native_vec=0 decode=1 dk=1 dv=0 unsafe_vec_after_turbo_v_decode=0 allow_vec=1 kernel=MMA_F16 need_f16_K=0 need_f16_V=1 Knb=[36,288,72,73728] Vnb=[2,2048,512,524288] Keff_nb=[2,2048,512,524288] Veff_nb=[2,2048,512,524288]
CUDA_FA_ROUTE_SUPPORTED kernel=MMA_F16 effK=f16 effV=bf16 supported=1
CUDA_FA_ROUTE_PLAN device=0 Q=[256,1,16,1] Kraw=turbo2_tcq Vraw=bf16 Kshape=[256,256,4,1] Vshape=[256,256,4,1] Keff=f16 Veff=bf16 turbo_kv=1 prefer_native_vec=0 decode=1 dk=1 dv=0 unsafe_vec_after_turbo_v_decode=0 allow_vec=1 kernel=MMA_F16 need_f16_K=0 need_f16_V=1 Knb=[36,288,72,73728] Vnb=[2,2048,512,524288] Keff_nb=[2,2048,512,524288] Veff_nb=[2,2048,512,524288]
CUDA_FA_ROUTE_SUPPORTED kernel=MMA_F16 effK=f16 effV=bf16 supported=1
CUDA_FA_ROUTE_PLAN device=0 Q=[256,1,16,1] Kraw=turbo2_tcq Vraw=bf16 Kshape=[256,256,4,1] Vshape=[256,256,4,1] Keff=f16 Veff=bf16 turbo_kv=1 prefer_native_vec=0 decode=1 dk=1 dv=0 unsafe_vec_after_turbo_v_decode=0 allow_vec=1 kernel=MMA_F16 need_f16_K=0 need_f16_V=1 Knb=[36,288,72,73728] Vnb=[2,2048,512,524288] Keff_nb=[2,2048,512,524288] Veff_nb=[2,2048,512,524288]
CUDA_FA_ROUTE_SUPPORTED kernel=MMA_F16 effK=f16 effV=bf16 supported=1
CUDA_FA_ROUTE_PLAN device=0 Q=[256,1,16,1] Kraw=turbo2_tcq Vraw=bf16 Kshape=[256,256,4,1] Vshape=[256,256,4,1] Keff=f16 Veff=bf16 turbo_kv=1 prefer_native_vec=0 decode=1 dk=1 dv=0 unsafe_vec_after_turbo_v_decode=0 allow_vec=1 kernel=MMA_F16 need_f16_K=0 need_f16_V=1 Knb=[36,288,72,73728] Vnb=[2,2048,512,524288] Keff_nb=[2,2048,512,524288] Veff_nb=[2,2048,512,524288]
CUDA_FA_ROUTE_SUPPORTED kernel=MMA_F16 effK=f16 effV=bf16 supported=1
CUDA_FA_ROUTE_PLAN device=0 Q=[256,1,16,1] Kraw=turbo2_tcq Vraw=bf16 Kshape=[256,256,4,1] Vshape=[256,256,4,1] Keff=f16 Veff=bf16 turbo_kv=1 prefer_native_vec=0 decode=1 dk=1 dv=0 unsafe_vec_after_turbo_v_decode=0 allow_vec=1 kernel=MMA_F16 need_f16_K=0 need_f16_V=1 Knb=[36,288,72,73728] Vnb=[2,2048,512,524288] Keff_nb=[2,2048,512,524288] Veff_nb=[2,2048,512,524288]
CUDA_FA_ROUTE_SUPPORTED kernel=MMA_F16 effK=f16 effV=bf16 supported=1
CUDA_FA_ROUTE_PLAN device=0 Q=[256,1,16,1] Kraw=turbo2_tcq Vraw=bf16 Kshape=[256,256,4,1] Vshape=[256,256,4,1] Keff=f16 Veff=bf16 turbo_kv=1 prefer_native_vec=0 decode=1 dk=1 dv=0 unsafe_vec_after_turbo_v_decode=0 allow_vec=1 kernel=MMA_F16 need_f16_K=0 need_f16_V=1 Knb=[36,288,72,73728] Vnb=[2,2048,512,524288] Keff_nb=[2,2048,512,524288] Veff_nb=[2,2048,512,524288]
CUDA_FA_ROUTE_SUPPORTED kernel=MMA_F16 effK=f16 effV=bf16 supported=1
CUDA_FA_ROUTE_PLAN device=0 Q=[256,1,16,1] Kraw=turbo2_tcq Vraw=bf16 Kshape=[256,256,4,1] Vshape=[256,256,4,1] Keff=f16 Veff=bf16 turbo_kv=1 prefer_native_vec=0 decode=1 dk=1 dv=0 unsafe_vec_after_turbo_v_decode=0 allow_vec=1 kernel=MMA_F16 need_f16_K=0 need_f16_V=1 Knb=[36,288,72,73728] Vnb=[2,2048,512,524288] Keff_nb=[2,2048,512,524288] Veff_nb=[2,2048,512,524288]
CUDA_FA_ROUTE_SUPPORTED kernel=MMA_F16 effK=f16 effV=bf16 supported=1
CUDA_FA_ROUTE_PLAN device=0 Q=[256,256,16,1] Kraw=turbo2_tcq Vraw=bf16 Kshape=[256,256,4,1] Vshape=[256,256,4,1] Keff=f16 Veff=bf16 turbo_kv=1 prefer_native_vec=0 decode=1 dk=1 dv=0 unsafe_vec_after_turbo_v_decode=0 allow_vec=1 kernel=MMA_F16 need_f16_K=0 need_f16_V=1 Knb=[36,288,72,73728] Vnb=[2,2048,512,524288] Keff_nb=[2,2048,512,524288] Veff_nb=[2,2048,512,524288]
CUDA_FA_ROUTE_SUPPORTED kernel=MMA_F16 effK=f16 effV=bf16 supported=1
CUDA_FA_ROUTE_PLAN device=0 Q=[256,256,16,1] Kraw=turbo2_tcq Vraw=bf16 Kshape=[256,256,4,1] Vshape=[256,256,4,1] Keff=f16 Veff=bf16 turbo_kv=1 prefer_native_vec=0 decode=1 dk=1 dv=0 unsafe_vec_after_turbo_v_decode=0 allow_vec=1 kernel=MMA_F16 need_f16_K=0 need_f16_V=1 Knb=[36,288,72,73728] Vnb=[2,2048,512,524288] Keff_nb=[2,2048,512,524288] Veff_nb=[2,2048,512,524288]
CUDA_FA_ROUTE_SUPPORTED kernel=MMA_F16 effK=f16 effV=bf16 supported=1
CUDA_FA_ROUTE_PLAN device=0 Q=[256,256,16,1] Kraw=turbo2_tcq Vraw=bf16 Kshape=[256,256,4,1] Vshape=[256,256,4,1] Keff=f16 Veff=bf16 turbo_kv=1 prefer_native_vec=0 decode=1 dk=1 dv=0 unsafe_vec_after_turbo_v_decode=0 allow_vec=1 kernel=MMA_F16 need_f16_K=0 need_f16_V=1 Knb=[36,288,72,73728] Vnb=[2,2048,512,524288] Keff_nb=[2,2048,512,524288] Veff_nb=[2,2048,512,524288]
CUDA_FA_ROUTE_SUPPORTED kernel=MMA_F16 effK=f16 effV=bf16 supported=1
CUDA_FA_ROUTE_PLAN device=0 Q=[256,256,16,1] Kraw=turbo2_tcq Vraw=bf16 Kshape=[256,256,4,1] Vshape=[256,256,4,1] Keff=f16 Veff=bf16 turbo_kv=1 prefer_native_vec=0 decode=1 dk=1 dv=0 unsafe_vec_after_turbo_v_decode=0 allow_vec=1 kernel=MMA_F16 need_f16_K=0 need_f16_V=1 Knb=[36,288,72,73728] Vnb=[2,2048,512,524288] Keff_nb=[2,2048,512,524288] Veff_nb=[2,2048,512,524288]
CUDA_FA_ROUTE_SUPPORTED kernel=MMA_F16 effK=f16 effV=bf16 supported=1
CUDA_FA_ROUTE_PLAN device=0 Q=[256,256,16,1] Kraw=turbo2_tcq Vraw=bf16 Kshape=[256,256,4,1] Vshape=[256,256,4,1] Keff=f16 Veff=bf16 turbo_kv=1 prefer_native_vec=0 decode=1 dk=1 dv=0 unsafe_vec_after_turbo_v_decode=0 allow_vec=1 kernel=MMA_F16 need_f16_K=0 need_f16_V=1 Knb=[36,288,72,73728] Vnb=[2,2048,512,524288] Keff_nb=[2,2048,512,524288] Veff_nb=[2,2048,512,524288]
CUDA_FA_ROUTE_SUPPORTED kernel=MMA_F16 effK=f16 effV=bf16 supported=1
CUDA_FA_ROUTE_PLAN device=0 Q=[256,256,16,1] Kraw=turbo2_tcq Vraw=bf16 Kshape=[256,256,4,1] Vshape=[256,256,4,1] Keff=f16 Veff=bf16 turbo_kv=1 prefer_native_vec=0 decode=1 dk=1 dv=0 unsafe_vec_after_turbo_v_decode=0 allow_vec=1 kernel=MMA_F16 need_f16_K=0 need_f16_V=1 Knb=[36,288,72,73728] Vnb=[2,2048,512,524288] Keff_nb=[2,2048,512,524288] Veff_nb=[2,2048,512,524288]
CUDA_FA_ROUTE_SUPPORTED kernel=MMA_F16 effK=f16 effV=bf16 supported=1
CUDA_FA_ROUTE_PLAN device=0 Q=[256,256,16,1] Kraw=turbo2_tcq Vraw=bf16 Kshape=[256,256,4,1] Vshape=[256,256,4,1] Keff=f16 Veff=bf16 turbo_kv=1 prefer_native_vec=0 decode=1 dk=1 dv=0 unsafe_vec_after_turbo_v_decode=0 allow_vec=1 kernel=MMA_F16 need_f16_K=0 need_f16_V=1 Knb=[36,288,72,73728] Vnb=[2,2048,512,524288] Keff_nb=[2,2048,512,524288] Veff_nb=[2,2048,512,524288]
CUDA_FA_ROUTE_SUPPORTED kernel=MMA_F16 effK=f16 effV=bf16 supported=1
CUDA_FA_ROUTE_PLAN device=0 Q=[256,256,16,1] Kraw=turbo2_tcq Vraw=bf16 Kshape=[256,256,4,1] Vshape=[256,256,4,1] Keff=f16 Veff=bf16 turbo_kv=1 prefer_native_vec=0 decode=1 dk=1 dv=0 unsafe_vec_after_turbo_v_decode=0 allow_vec=1 kernel=MMA_F16 need_f16_K=0 need_f16_V=1 Knb=[36,288,72,73728] Vnb=[2,2048,512,524288] Keff_nb=[2,2048,512,524288] Veff_nb=[2,2048,512,524288]
CUDA_FA_ROUTE_SUPPORTED kernel=MMA_F16 effK=f16 effV=bf16 supported=1
CUDA_FA_ROUTE_PLAN device=0 Q=[256,256,16,1] Kraw=turbo2_tcq Vraw=bf16 Kshape=[256,256,4,1] Vshape=[256,256,4,1] Keff=f16 Veff=bf16 turbo_kv=1 prefer_native_vec=0 decode=1 dk=1 dv=0 unsafe_vec_after_turbo_v_decode=0 allow_vec=1 kernel=MMA_F16 need_f16_K=0 need_f16_V=1 Knb=[36,288,72,73728] Vnb=[2,2048,512,524288] Keff_nb=[2,2048,512,524288] Veff_nb=[2,2048,512,524288]
CUDA_FA_ROUTE_SUPPORTED kernel=MMA_F16 effK=f16 effV=bf16 supported=1
CUDA_FA_ROUTE_PLAN device=0 Q=[256,256,16,1] Kraw=turbo2_tcq Vraw=bf16 Kshape=[256,256,4,1] Vshape=[256,256,4,1] Keff=f16 Veff=bf16 turbo_kv=1 prefer_native_vec=0 decode=1 dk=1 dv=0 unsafe_vec_after_turbo_v_decode=0 allow_vec=1 kernel=MMA_F16 need_f16_K=0 need_f16_V=1 Knb=[36,288,72,73728] Vnb=[2,2048,512,524288] Keff_nb=[2,2048,512,524288] Veff_nb=[2,2048,512,524288]
CUDA_FA_ROUTE_SUPPORTED kernel=MMA_F16 effK=f16 effV=bf16 supported=1
CUDA_FA_ROUTE_PLAN device=0 Q=[256,256,16,1] Kraw=turbo2_tcq Vraw=bf16 Kshape=[256,256,4,1] Vshape=[256,256,4,1] Keff=f16 Veff=bf16 turbo_kv=1 prefer_native_vec=0 decode=1 dk=1 dv=0 unsafe_vec_after_turbo_v_decode=0 allow_vec=1 kernel=MMA_F16 need_f16_K=0 need_f16_V=1 Knb=[36,288,72,73728] Vnb=[2,2048,512,524288] Keff_nb=[2,2048,512,524288] Veff_nb=[2,2048,512,524288]
CUDA_FA_ROUTE_SUPPORTED kernel=MMA_F16 effK=f16 effV=bf16 supported=1
CUDA_FA_ROUTE_PLAN device=0 Q=[256,256,16,1] Kraw=turbo2_tcq Vraw=bf16 Kshape=[256,256,4,1] Vshape=[256,256,4,1] Keff=f16 Veff=bf16 turbo_kv=1 prefer_native_vec=0 decode=1 dk=1 dv=0 unsafe_vec_after_turbo_v_decode=0 allow_vec=1 kernel=MMA_F16 need_f16_K=0 need_f16_V=1 Knb=[36,288,72,73728] Vnb=[2,2048,512,524288] Keff_nb=[2,2048,512,524288] Veff_nb=[2,2048,512,524288]
CUDA_FA_ROUTE_SUPPORTED kernel=MMA_F16 effK=f16 effV=bf16 supported=1
CUDA_FA_ROUTE_PLAN device=0 Q=[256,256,16,1] Kraw=turbo2_tcq Vraw=bf16 Kshape=[256,256,4,1] Vshape=[256,256,4,1] Keff=f16 Veff=bf16 turbo_kv=1 prefer_native_vec=0 decode=1 dk=1 dv=0 unsafe_vec_after_turbo_v_decode=0 allow_vec=1 kernel=MMA_F16 need_f16_K=0 need_f16_V=1 Knb=[36,288,72,73728] Vnb=[2,2048,512,524288] Keff_nb=[2,2048,512,524288] Veff_nb=[2,2048,512,524288]
CUDA_FA_ROUTE_SUPPORTED kernel=MMA_F16 effK=f16 effV=bf16 supported=1
CUDA_FA_ROUTE_PLAN device=0 Q=[256,256,16,1] Kraw=turbo2_tcq Vraw=bf16 Kshape=[256,256,4,1] Vshape=[256,256,4,1] Keff=f16 Veff=bf16 turbo_kv=1 prefer_native_vec=0 decode=1 dk=1 dv=0 unsafe_vec_after_turbo_v_decode=0 allow_vec=1 kernel=MMA_F16 need_f16_K=0 need_f16_V=1 Knb=[36,288,72,73728] Vnb=[2,2048,512,524288] Keff_nb=[2,2048,512,524288] Veff_nb=[2,2048,512,524288]
CUDA_FA_ROUTE_SUPPORTED kernel=MMA_F16 effK=f16 effV=bf16 supported=1
CUDA_FA_ROUTE_PLAN device=0 Q=[256,256,16,1] Kraw=turbo2_tcq Vraw=bf16 Kshape=[256,256,4,1] Vshape=[256,256,4,1] Keff=f16 Veff=bf16 turbo_kv=1 prefer_native_vec=0 decode=1 dk=1 dv=0 unsafe_vec_after_turbo_v_decode=0 allow_vec=1 kernel=MMA_F16 need_f16_K=0 need_f16_V=1 Knb=[36,288,72,73728] Vnb=[2,2048,512,524288] Keff_nb=[2,2048,512,524288] Veff_nb=[2,2048,512,524288]
CUDA_FA_ROUTE_SUPPORTED kernel=MMA_F16 effK=f16 effV=bf16 supported=1
CUDA_FA_ROUTE_PLAN device=0 Q=[256,256,16,1] Kraw=turbo2_tcq Vraw=bf16 Kshape=[256,256,4,1] Vshape=[256,256,4,1] Keff=f16 Veff=bf16 turbo_kv=1 prefer_native_vec=0 decode=1 dk=1 dv=0 unsafe_vec_after_turbo_v_decode=0 allow_vec=1 kernel=MMA_F16 need_f16_K=0 need_f16_V=1 Knb=[36,288,72,73728] Vnb=[2,2048,512,524288] Keff_nb=[2,2048,512,524288] Veff_nb=[2,2048,512,524288]
CUDA_FA_ROUTE_SUPPORTED kernel=MMA_F16 effK=f16 effV=bf16 supported=1
CUDA_FA_ROUTE_PLAN device=0 Q=[256,256,16,1] Kraw=turbo2_tcq Vraw=bf16 Kshape=[256,256,4,1] Vshape=[256,256,4,1] Keff=f16 Veff=bf16 turbo_kv=1 prefer_native_vec=0 decode=1 dk=1 dv=0 unsafe_vec_after_turbo_v_decode=0 allow_vec=1 kernel=MMA_F16 need_f16_K=0 need_f16_V=1 Knb=[36,288,72,73728] Vnb=[2,2048,512,524288] Keff_nb=[2,2048,512,524288] Veff_nb=[2,2048,512,524288]
CUDA_FA_ROUTE_ALLOC kernel=MMA_F16 need_f16_K=0 need_f16_V=1 workspace_end_offset=4718592 dst_data=(nil) f16_K=(nil) f16_V=0x400000 f16_end=0x480000
CUDA_FA_ROUTE_PLAN device=0 Q=[256,256,16,1] Kraw=turbo2_tcq Vraw=bf16 Kshape=[256,256,4,1] Vshape=[256,256,4,1] Keff=f16 Veff=bf16 turbo_kv=1 prefer_native_vec=0 decode=1 dk=1 dv=0 unsafe_vec_after_turbo_v_decode=0 allow_vec=1 kernel=MMA_F16 need_f16_K=0 need_f16_V=1 Knb=[36,288,72,73728] Vnb=[2,2048,512,524288] Keff_nb=[2,2048,512,524288] Veff_nb=[2,2048,512,524288]
CUDA_FA_ROUTE_ALLOC kernel=MMA_F16 need_f16_K=0 need_f16_V=1 workspace_end_offset=4718592 dst_data=(nil) f16_K=(nil) f16_V=0x400000 f16_end=0x480000
CUDA_FA_ROUTE_PLAN device=0 Q=[256,256,16,1] Kraw=turbo2_tcq Vraw=bf16 Kshape=[256,256,4,1] Vshape=[256,256,4,1] Keff=f16 Veff=bf16 turbo_kv=1 prefer_native_vec=0 decode=1 dk=1 dv=0 unsafe_vec_after_turbo_v_decode=0 allow_vec=1 kernel=MMA_F16 need_f16_K=0 need_f16_V=1 Knb=[36,288,72,73728] Vnb=[2,2048,512,524288] Keff_nb=[2,2048,512,524288] Veff_nb=[2,2048,512,524288]
CUDA_FA_ROUTE_ALLOC kernel=MMA_F16 need_f16_K=0 need_f16_V=1 workspace_end_offset=4718592 dst_data=(nil) f16_K=(nil) f16_V=0x400000 f16_end=0x480000
CUDA_FA_ROUTE_PLAN device=0 Q=[256,256,16,1] Kraw=turbo2_tcq Vraw=bf16 Kshape=[256,256,4,1] Vshape=[256,256,4,1] Keff=f16 Veff=bf16 turbo_kv=1 prefer_native_vec=0 decode=1 dk=1 dv=0 unsafe_vec_after_turbo_v_decode=0 allow_vec=1 kernel=MMA_F16 need_f16_K=0 need_f16_V=1 Knb=[36,288,72,73728] Vnb=[2,2048,512,524288] Keff_nb=[2,2048,512,524288] Veff_nb=[2,2048,512,524288]
CUDA_FA_ROUTE_ALLOC kernel=MMA_F16 need_f16_K=0 need_f16_V=1 workspace_end_offset=4718592 dst_data=(nil) f16_K=(nil) f16_V=0x400000 f16_end=0x480000
CUDA_FA_ROUTE_PLAN device=0 Q=[256,256,16,1] Kraw=turbo2_tcq Vraw=bf16 Kshape=[256,256,4,1] Vshape=[256,256,4,1] Keff=f16 Veff=bf16 turbo_kv=1 prefer_native_vec=0 decode=1 dk=1 dv=0 unsafe_vec_after_turbo_v_decode=0 allow_vec=1 kernel=MMA_F16 need_f16_K=0 need_f16_V=1 Knb=[36,288,72,73728] Vnb=[2,2048,512,524288] Keff_nb=[2,2048,512,524288] Veff_nb=[2,2048,512,524288]
CUDA_FA_ROUTE_ALLOC kernel=MMA_F16 need_f16_K=0 need_f16_V=1 workspace_end_offset=4718592 dst_data=(nil) f16_K=(nil) f16_V=0x400000 f16_end=0x480000
CUDA_FA_ROUTE_PLAN device=0 Q=[256,256,16,1] Kraw=turbo2_tcq Vraw=bf16 Kshape=[256,256,4,1] Vshape=[256,256,4,1] Keff=f16 Veff=bf16 turbo_kv=1 prefer_native_vec=0 decode=1 dk=1 dv=0 unsafe_vec_after_turbo_v_decode=0 allow_vec=1 kernel=MMA_F16 need_f16_K=0 need_f16_V=1 Knb=[36,288,72,73728] Vnb=[2,2048,512,524288] Keff_nb=[2,2048,512,524288] Veff_nb=[2,2048,512,524288]
CUDA_FA_ROUTE_ALLOC kernel=MMA_F16 need_f16_K=0 need_f16_V=1 workspace_end_offset=4718592 dst_data=(nil) f16_K=(nil) f16_V=0x400000 f16_end=0x480000
CUDA_FA_ROUTE_PLAN device=0 Q=[256,256,16,1] Kraw=turbo2_tcq Vraw=bf16 Kshape=[256,256,4,1] Vshape=[256,256,4,1] Keff=f16 Veff=bf16 turbo_kv=1 prefer_native_vec=0 decode=1 dk=1 dv=0 unsafe_vec_after_turbo_v_decode=0 allow_vec=1 kernel=MMA_F16 need_f16_K=0 need_f16_V=1 Knb=[36,288,72,73728] Vnb=[2,2048,512,524288] Keff_nb=[2,2048,512,524288] Veff_nb=[2,2048,512,524288]
CUDA_FA_ROUTE_ALLOC kernel=MMA_F16 need_f16_K=0 need_f16_V=1 workspace_end_offset=4718592 dst_data=(nil) f16_K=(nil) f16_V=0x400000 f16_end=0x480000
CUDA_FA_ROUTE_PLAN device=0 Q=[256,256,16,1] Kraw=turbo2_tcq Vraw=bf16 Kshape=[256,256,4,1] Vshape=[256,256,4,1] Keff=f16 Veff=bf16 turbo_kv=1 prefer_native_vec=0 decode=1 dk=1 dv=0 unsafe_vec_after_turbo_v_decode=0 allow_vec=1 kernel=MMA_F16 need_f16_K=0 need_f16_V=1 Knb=[36,288,72,73728] Vnb=[2,2048,512,524288] Keff_nb=[2,2048,512,524288] Veff_nb=[2,2048,512,524288]
CUDA_FA_ROUTE_ALLOC kernel=MMA_F16 need_f16_K=0 need_f16_V=1 workspace_end_offset=4718592 dst_data=(nil) f16_K=(nil) f16_V=0x400000 f16_end=0x480000
CUDA_FA_ROUTE_PLAN device=0 Q=[256,256,16,1] Kraw=turbo2_tcq Vraw=bf16 Kshape=[256,256,4,1] Vshape=[256,256,4,1] Keff=f16 Veff=bf16 turbo_kv=1 prefer_native_vec=0 decode=1 dk=1 dv=0 unsafe_vec_after_turbo_v_decode=0 allow_vec=1 kernel=MMA_F16 need_f16_K=0 need_f16_V=1 Knb=[36,288,72,73728] Vnb=[2,2048,512,524288] Keff_nb=[2,2048,512,524288] Veff_nb=[2,2048,512,524288]
CUDA_FA_ROUTE_ALLOC kernel=MMA_F16 need_f16_K=0 need_f16_V=1 workspace_end_offset=4718592 dst_data=(nil) f16_K=(nil) f16_V=0x400000 f16_end=0x480000
CUDA_FA_ROUTE_PLAN device=0 Q=[256,256,16,1] Kraw=turbo2_tcq Vraw=bf16 Kshape=[256,256,4,1] Vshape=[256,256,4,1] Keff=f16 Veff=bf16 turbo_kv=1 prefer_native_vec=0 decode=1 dk=1 dv=0 unsafe_vec_after_turbo_v_decode=0 allow_vec=1 kernel=MMA_F16 need_f16_K=0 need_f16_V=1 Knb=[36,288,72,73728] Vnb=[2,2048,512,524288] Keff_nb=[2,2048,512,524288] Veff_nb=[2,2048,512,524288]
CUDA_FA_ROUTE_ALLOC kernel=MMA_F16 need_f16_K=0 need_f16_V=1 workspace_end_offset=4718592 dst_data=(nil) f16_K=(nil) f16_V=0x400000 f16_end=0x480000
CUDA_FA_ROUTE_PLAN device=0 Q=[256,256,16,1] Kraw=turbo2_tcq Vraw=bf16 Kshape=[256,256,4,1] Vshape=[256,256,4,1] Keff=f16 Veff=bf16 turbo_kv=1 prefer_native_vec=0 decode=1 dk=1 dv=0 unsafe_vec_after_turbo_v_decode=0 allow_vec=1 kernel=MMA_F16 need_f16_K=0 need_f16_V=1 Knb=[36,288,72,73728] Vnb=[2,2048,512,524288] Keff_nb=[2,2048,512,524288] Veff_nb=[2,2048,512,524288]
CUDA_FA_ROUTE_ALLOC kernel=MMA_F16 need_f16_K=0 need_f16_V=1 workspace_end_offset=4718592 dst_data=(nil) f16_K=(nil) f16_V=0x400000 f16_end=0x480000
CUDA_FA_ROUTE_PLAN device=0 Q=[256,256,16,1] Kraw=turbo2_tcq Vraw=bf16 Kshape=[256,256,4,1] Vshape=[256,256,4,1] Keff=f16 Veff=bf16 turbo_kv=1 prefer_native_vec=0 decode=1 dk=1 dv=0 unsafe_vec_after_turbo_v_decode=0 allow_vec=1 kernel=MMA_F16 need_f16_K=0 need_f16_V=1 Knb=[36,288,72,73728] Vnb=[2,2048,512,524288] Keff_nb=[2,2048,512,524288] Veff_nb=[2,2048,512,524288]
CUDA_FA_ROUTE_ALLOC kernel=MMA_F16 need_f16_K=0 need_f16_V=1 workspace_end_offset=4718592 dst_data=(nil) f16_K=(nil) f16_V=0x400000 f16_end=0x480000
CUDA_FA_ROUTE_PLAN device=0 Q=[256,256,16,1] Kraw=turbo2_tcq Vraw=bf16 Kshape=[256,256,4,1] Vshape=[256,256,4,1] Keff=f16 Veff=bf16 turbo_kv=1 prefer_native_vec=0 decode=1 dk=1 dv=0 unsafe_vec_after_turbo_v_decode=0 allow_vec=1 kernel=MMA_F16 need_f16_K=0 need_f16_V=1 Knb=[36,288,72,73728] Vnb=[2,2048,512,524288] Keff_nb=[2,2048,512,524288] Veff_nb=[2,2048,512,524288]
CUDA_FA_ROUTE_ALLOC kernel=MMA_F16 need_f16_K=0 need_f16_V=1 workspace_end_offset=4718592 dst_data=(nil) f16_K=(nil) f16_V=0x400000 f16_end=0x480000
CUDA_FA_ROUTE_PLAN device=0 Q=[256,256,16,1] Kraw=turbo2_tcq Vraw=bf16 Kshape=[256,256,4,1] Vshape=[256,256,4,1] Keff=f16 Veff=bf16 turbo_kv=1 prefer_native_vec=0 decode=1 dk=1 dv=0 unsafe_vec_after_turbo_v_decode=0 allow_vec=1 kernel=MMA_F16 need_f16_K=0 need_f16_V=1 Knb=[36,288,72,73728] Vnb=[2,2048,512,524288] Keff_nb=[2,2048,512,524288] Veff_nb=[2,2048,512,524288]
CUDA_FA_ROUTE_ALLOC kernel=MMA_F16 need_f16_K=0 need_f16_V=1 workspace_end_offset=4718592 dst_data=(nil) f16_K=(nil) f16_V=0x400000 f16_end=0x480000
CUDA_FA_ROUTE_PLAN device=0 Q=[256,256,16,1] Kraw=turbo2_tcq Vraw=bf16 Kshape=[256,256,4,1] Vshape=[256,256,4,1] Keff=f16 Veff=bf16 turbo_kv=1 prefer_native_vec=0 decode=1 dk=1 dv=0 unsafe_vec_after_turbo_v_decode=0 allow_vec=1 kernel=MMA_F16 need_f16_K=0 need_f16_V=1 Knb=[36,288,72,73728] Vnb=[2,2048,512,524288] Keff_nb=[2,2048,512,524288] Veff_nb=[2,2048,512,524288]
CUDA_FA_ROUTE_ALLOC kernel=MMA_F16 need_f16_K=0 need_f16_V=1 workspace_end_offset=4718592 dst_data=(nil) f16_K=(nil) f16_V=0x400000 f16_end=0x480000
CUDA_FA_ROUTE_PLAN device=0 Q=[256,256,16,1] Kraw=turbo2_tcq Vraw=bf16 Kshape=[256,256,4,1] Vshape=[256,256,4,1] Keff=f16 Veff=bf16 turbo_kv=1 prefer_native_vec=0 decode=1 dk=1 dv=0 unsafe_vec_after_turbo_v_decode=0 allow_vec=1 kernel=MMA_F16 need_f16_K=0 need_f16_V=1 Knb=[36,288,72,73728] Vnb=[2,2048,512,524288] Keff_nb=[2,2048,512,524288] Veff_nb=[2,2048,512,524288]
CUDA_FA_ROUTE_ALLOC kernel=MMA_F16 need_f16_K=0 need_f16_V=1 workspace_end_offset=4718592 dst_data=(nil) f16_K=(nil) f16_V=0x400000 f16_end=0x480000
CUDA_FA_ROUTE_PLAN device=0 Q=[256,256,16,1] Kraw=turbo2_tcq Vraw=bf16 Kshape=[256,256,4,1] Vshape=[256,256,4,1] Keff=f16 Veff=bf16 turbo_kv=1 prefer_native_vec=0 decode=1 dk=1 dv=0 unsafe_vec_after_turbo_v_decode=0 allow_vec=1 kernel=MMA_F16 need_f16_K=0 need_f16_V=1 Knb=[36,288,72,73728] Vnb=[2,2048,512,524288] Keff_nb=[2,2048,512,524288] Veff_nb=[2,2048,512,524288]
CUDA_FA_ROUTE_ALLOC kernel=MMA_F16 need_f16_K=0 need_f16_V=1 workspace_end_offset=4718592 dst_data=(nil) f16_K=(nil) f16_V=0x400000 f16_end=0x480000
CUDA_FA_ROUTE_PLAN device=0 Q=[256,256,16,1] Kraw=turbo2_tcq Vraw=bf16 Kshape=[256,256,4,1] Vshape=[256,256,4,1] Keff=f16 Veff=bf16 turbo_kv=1 prefer_native_vec=0 decode=1 dk=1 dv=0 unsafe_vec_after_turbo_v_decode=0 allow_vec=1 kernel=MMA_F16 need_f16_K=0 need_f16_V=1 Knb=[36,288,72,73728] Vnb=[2,2048,512,524288] Keff_nb=[2,2048,512,524288] Veff_nb=[2,2048,512,524288]
CUDA_FA_ROUTE_ALLOC kernel=MMA_F16 need_f16_K=0 need_f16_V=1 workspace_end_offset=4718592 dst_data=(nil) f16_K=(nil) f16_V=0x400000 f16_end=0x480000
CUDA_FA_ROUTE_PLAN device=0 Q=[256,256,16,1] Kraw=turbo2_tcq Vraw=bf16 Kshape=[256,256,4,1] Vshape=[256,256,4,1] Keff=f16 Veff=bf16 turbo_kv=1 prefer_native_vec=0 decode=1 dk=1 dv=0 unsafe_vec_after_turbo_v_decode=0 allow_vec=1 kernel=MMA_F16 need_f16_K=0 need_f16_V=1 Knb=[36,288,72,73728] Vnb=[2,2048,512,524288] Keff_nb=[2,2048,512,524288] Veff_nb=[2,2048,512,524288]
CUDA_FA_ROUTE_ALLOC kernel=MMA_F16 need_f16_K=0 need_f16_V=1 workspace_end_offset=4718592 dst_data=(nil) f16_K=(nil) f16_V=0x400000 f16_end=0x480000
CUDA_FA_ROUTE_PLAN device=0 Q=[256,256,16,1] Kraw=turbo2_tcq Vraw=bf16 Kshape=[256,256,4,1] Vshape=[256,256,4,1] Keff=f16 Veff=bf16 turbo_kv=1 prefer_native_vec=0 decode=1 dk=1 dv=0 unsafe_vec_after_turbo_v_decode=0 allow_vec=1 kernel=MMA_F16 need_f16_K=0 need_f16_V=1 Knb=[36,288,72,73728] Vnb=[2,2048,512,524288] Keff_nb=[2,2048,512,524288] Veff_nb=[2,2048,512,524288]
CUDA_FA_ROUTE_ALLOC kernel=MMA_F16 need_f16_K=0 need_f16_V=1 workspace_end_offset=4718592 dst_data=(nil) f16_K=(nil) f16_V=0x400000 f16_end=0x480000
CUDA_FA_ROUTE_PLAN device=0 Q=[256,256,16,1] Kraw=turbo2_tcq Vraw=bf16 Kshape=[256,256,4,1] Vshape=[256,256,4,1] Keff=f16 Veff=bf16 turbo_kv=1 prefer_native_vec=0 decode=1 dk=1 dv=0 unsafe_vec_after_turbo_v_decode=0 allow_vec=1 kernel=MMA_F16 need_f16_K=0 need_f16_V=1 Knb=[36,288,72,73728] Vnb=[2,2048,512,524288] Keff_nb=[2,2048,512,524288] Veff_nb=[2,2048,512,524288]
CUDA_FA_ROUTE_ALLOC kernel=MMA_F16 need_f16_K=0 need_f16_V=1 workspace_end_offset=4718592 dst_data=(nil) f16_K=(nil) f16_V=0x400000 f16_end=0x480000
CUDA_FA_ROUTE_PLAN device=0 Q=[256,256,16,1] Kraw=turbo2_tcq Vraw=bf16 Kshape=[256,256,4,1] Vshape=[256,256,4,1] Keff=f16 Veff=bf16 turbo_kv=1 prefer_native_vec=0 decode=1 dk=1 dv=0 unsafe_vec_after_turbo_v_decode=0 allow_vec=1 kernel=MMA_F16 need_f16_K=0 need_f16_V=1 Knb=[36,288,72,73728] Vnb=[2,2048,512,524288] Keff_nb=[2,2048,512,524288] Veff_nb=[2,2048,512,524288]
CUDA_FA_ROUTE_ALLOC kernel=MMA_F16 need_f16_K=0 need_f16_V=1 workspace_end_offset=4718592 dst_data=(nil) f16_K=(nil) f16_V=0x400000 f16_end=0x480000
CUDA_FA_ROUTE_PLAN device=0 Q=[256,256,16,1] Kraw=turbo2_tcq Vraw=bf16 Kshape=[256,256,4,1] Vshape=[256,256,4,1] Keff=f16 Veff=bf16 turbo_kv=1 prefer_native_vec=0 decode=1 dk=1 dv=0 unsafe_vec_after_turbo_v_decode=0 allow_vec=1 kernel=MMA_F16 need_f16_K=0 need_f16_V=1 Knb=[36,288,72,73728] Vnb=[2,2048,512,524288] Keff_nb=[2,2048,512,524288] Veff_nb=[2,2048,512,524288]
CUDA_FA_ROUTE_ALLOC kernel=MMA_F16 need_f16_K=0 need_f16_V=1 workspace_end_offset=4718592 dst_data=(nil) f16_K=(nil) f16_V=0x400000 f16_end=0x480000
CUDA_FA_ROUTE_PLAN device=0 Q=[256,256,16,1] Kraw=turbo2_tcq Vraw=bf16 Kshape=[256,256,4,1] Vshape=[256,256,4,1] Keff=f16 Veff=bf16 turbo_kv=1 prefer_native_vec=0 decode=1 dk=1 dv=0 unsafe_vec_after_turbo_v_decode=0 allow_vec=1 kernel=MMA_F16 need_f16_K=0 need_f16_V=1 Knb=[36,288,72,73728] Vnb=[2,2048,512,524288] Keff_nb=[2,2048,512,524288] Veff_nb=[2,2048,512,524288]
CUDA_FA_ROUTE_ALLOC kernel=MMA_F16 need_f16_K=0 need_f16_V=1 workspace_end_offset=4718592 dst_data=(nil) f16_K=(nil) f16_V=0x400000 f16_end=0x480000
CUDA_FA_ROUTE_PLAN device=0 Q=[256,256,16,1] Kraw=turbo2_tcq Vraw=bf16 Kshape=[256,256,4,1] Vshape=[256,256,4,1] Keff=f16 Veff=bf16 turbo_kv=1 prefer_native_vec=0 decode=1 dk=1 dv=0 unsafe_vec_after_turbo_v_decode=0 allow_vec=1 kernel=MMA_F16 need_f16_K=0 need_f16_V=1 Knb=[36,288,72,73728] Vnb=[2,2048,512,524288] Keff_nb=[2,2048,512,524288] Veff_nb=[2,2048,512,524288]
CUDA_FA_ROUTE_ALLOC kernel=MMA_F16 need_f16_K=0 need_f16_V=1 workspace_end_offset=4718592 dst_data=(nil) f16_K=(nil) f16_V=0x400000 f16_end=0x480000
CUDA_FA_ROUTE_PLAN device=0 Q=[256,256,16,1] Kraw=turbo2_tcq Vraw=bf16 Kshape=[256,256,4,1] Vshape=[256,256,4,1] Keff=f16 Veff=bf16 turbo_kv=1 prefer_native_vec=0 decode=1 dk=1 dv=0 unsafe_vec_after_turbo_v_decode=0 allow_vec=1 kernel=MMA_F16 need_f16_K=0 need_f16_V=1 Knb=[36,288,72,73728] Vnb=[2,2048,512,524288] Keff_nb=[2,2048,512,524288] Veff_nb=[2,2048,512,524288]
CUDA_FA_ROUTE_ALLOC kernel=MMA_F16 need_f16_K=0 need_f16_V=1 workspace_end_offset=4718592 dst_data=(nil) f16_K=(nil) f16_V=0x400000 f16_end=0x480000
CUDA_FA_ROUTE_PLAN device=0 Q=[256,256,16,1] Kraw=turbo2_tcq Vraw=bf16 Kshape=[256,256,4,1] Vshape=[256,256,4,1] Keff=f16 Veff=bf16 turbo_kv=1 prefer_native_vec=0 decode=1 dk=1 dv=0 unsafe_vec_after_turbo_v_decode=0 allow_vec=1 kernel=MMA_F16 need_f16_K=0 need_f16_V=1 Knb=[36,288,72,73728] Vnb=[2,2048,512,524288] Keff_nb=[2,2048,512,524288] Veff_nb=[2,2048,512,524288]
CUDA_FA_ROUTE_ALLOC kernel=MMA_F16 need_f16_K=0 need_f16_V=1 workspace_end_offset=4718592 dst_data=(nil) f16_K=(nil) f16_V=0x400000 f16_end=0x480000
CUDA_FA_ROUTE_PLAN device=0 Q=[256,256,16,1] Kraw=turbo2_tcq Vraw=bf16 Kshape=[256,256,4,1] Vshape=[256,256,4,1] Keff=f16 Veff=bf16 turbo_kv=1 prefer_native_vec=0 decode=1 dk=1 dv=0 unsafe_vec_after_turbo_v_decode=0 allow_vec=1 kernel=MMA_F16 need_f16_K=0 need_f16_V=1 Knb=[36,288,72,73728] Vnb=[2,2048,512,524288] Keff_nb=[2,2048,512,524288] Veff_nb=[2,2048,512,524288]
CUDA_FA_ROUTE_ALLOC kernel=MMA_F16 need_f16_K=0 need_f16_V=1 workspace_end_offset=4718592 dst_data=(nil) f16_K=(nil) f16_V=0x400000 f16_end=0x480000
CUDA_FA_ROUTE_PLAN device=0 Q=[256,256,16,1] Kraw=turbo2_tcq Vraw=bf16 Kshape=[256,256,4,1] Vshape=[256,256,4,1] Keff=f16 Veff=bf16 turbo_kv=1 prefer_native_vec=0 decode=1 dk=1 dv=0 unsafe_vec_after_turbo_v_decode=0 allow_vec=1 kernel=MMA_F16 need_f16_K=0 need_f16_V=1 Knb=[36,288,72,73728] Vnb=[2,2048,512,524288] Keff_nb=[2,2048,512,524288] Veff_nb=[2,2048,512,524288]
CUDA_FA_ROUTE_ALLOC kernel=MMA_F16 need_f16_K=0 need_f16_V=1 workspace_end_offset=4718592 dst_data=(nil) f16_K=(nil) f16_V=0x400000 f16_end=0x480000
CUDA_FA_ROUTE_PLAN device=0 Q=[256,256,16,1] Kraw=turbo2_tcq Vraw=bf16 Kshape=[256,256,4,1] Vshape=[256,256,4,1] Keff=f16 Veff=bf16 turbo_kv=1 prefer_native_vec=0 decode=1 dk=1 dv=0 unsafe_vec_after_turbo_v_decode=0 allow_vec=1 kernel=MMA_F16 need_f16_K=0 need_f16_V=1 Knb=[36,288,72,73728] Vnb=[2,2048,512,524288] Keff_nb=[2,2048,512,524288] Veff_nb=[2,2048,512,524288]
CUDA_FA_ROUTE_ALLOC kernel=MMA_F16 need_f16_K=0 need_f16_V=1 workspace_end_offset=4718592 dst_data=(nil) f16_K=(nil) f16_V=0x400000 f16_end=0x480000
CUDA_FA_ROUTE_PLAN device=0 Q=[256,256,16,1] Kraw=turbo2_tcq Vraw=bf16 Kshape=[256,256,4,1] Vshape=[256,256,4,1] Keff=f16 Veff=bf16 turbo_kv=1 prefer_native_vec=0 decode=1 dk=1 dv=0 unsafe_vec_after_turbo_v_decode=0 allow_vec=1 kernel=MMA_F16 need_f16_K=0 need_f16_V=1 Knb=[36,288,72,73728] Vnb=[2,2048,512,524288] Keff_nb=[2,2048,512,524288] Veff_nb=[2,2048,512,524288]
CUDA_FA_ROUTE_ALLOC kernel=MMA_F16 need_f16_K=0 need_f16_V=1 workspace_end_offset=4718592 dst_data=(nil) f16_K=(nil) f16_V=0x400000 f16_end=0x480000
CUDA_FA_ROUTE_PLAN device=0 Q=[256,256,16,1] Kraw=turbo2_tcq Vraw=bf16 Kshape=[256,256,4,1] Vshape=[256,256,4,1] Keff=f16 Veff=bf16 turbo_kv=1 prefer_native_vec=0 decode=1 dk=1 dv=0 unsafe_vec_after_turbo_v_decode=0 allow_vec=1 kernel=MMA_F16 need_f16_K=0 need_f16_V=1 Knb=[36,288,72,73728] Vnb=[2,2048,512,524288] Keff_nb=[2,2048,512,524288] Veff_nb=[2,2048,512,524288]
CUDA_FA_ROUTE_ALLOC kernel=MMA_F16 need_f16_K=0 need_f16_V=1 workspace_end_offset=4718592 dst_data=(nil) f16_K=(nil) f16_V=0x400000 f16_end=0x480000
CUDA_FA_ROUTE_PLAN device=0 Q=[256,256,16,1] Kraw=turbo2_tcq Vraw=bf16 Kshape=[256,256,4,1] Vshape=[256,256,4,1] Keff=f16 Veff=bf16 turbo_kv=1 prefer_native_vec=0 decode=1 dk=1 dv=0 unsafe_vec_after_turbo_v_decode=0 allow_vec=1 kernel=MMA_F16 need_f16_K=0 need_f16_V=1 Knb=[36,288,72,73728] Vnb=[2,2048,512,524288] Keff_nb=[2,2048,512,524288] Veff_nb=[2,2048,512,524288]
CUDA_FA_ROUTE_SUPPORTED kernel=MMA_F16 effK=f16 effV=bf16 supported=1
CUDA_FA_ROUTE_PLAN device=0 Q=[256,256,16,1] Kraw=turbo2_tcq Vraw=bf16 Kshape=[256,256,4,1] Vshape=[256,256,4,1] Keff=f16 Veff=bf16 turbo_kv=1 prefer_native_vec=0 decode=1 dk=1 dv=0 unsafe_vec_after_turbo_v_decode=0 allow_vec=1 kernel=MMA_F16 need_f16_K=0 need_f16_V=1 Knb=[36,288,72,73728] Vnb=[2,2048,512,524288] Keff_nb=[2,2048,512,524288] Veff_nb=[2,2048,512,524288]
CUDA_FA_ROUTE_SUPPORTED kernel=MMA_F16 effK=f16 effV=bf16 supported=1
CUDA_FA_ROUTE_PLAN device=0 Q=[256,256,16,1] Kraw=turbo2_tcq Vraw=bf16 Kshape=[256,256,4,1] Vshape=[256,256,4,1] Keff=f16 Veff=bf16 turbo_kv=1 prefer_native_vec=0 decode=1 dk=1 dv=0 unsafe_vec_after_turbo_v_decode=0 allow_vec=1 kernel=MMA_F16 need_f16_K=0 need_f16_V=1 Knb=[36,288,72,73728] Vnb=[2,2048,512,524288] Keff_nb=[2,2048,512,524288] Veff_nb=[2,2048,512,524288]
CUDA_FA_ROUTE_SUPPORTED kernel=MMA_F16 effK=f16 effV=bf16 supported=1
CUDA_FA_ROUTE_PLAN device=0 Q=[256,256,16,1] Kraw=turbo2_tcq Vraw=bf16 Kshape=[256,256,4,1] Vshape=[256,256,4,1] Keff=f16 Veff=bf16 turbo_kv=1 prefer_native_vec=0 decode=1 dk=1 dv=0 unsafe_vec_after_turbo_v_decode=0 allow_vec=1 kernel=MMA_F16 need_f16_K=0 need_f16_V=1 Knb=[36,288,72,73728] Vnb=[2,2048,512,524288] Keff_nb=[2,2048,512,524288] Veff_nb=[2,2048,512,524288]
CUDA_FA_ROUTE_SUPPORTED kernel=MMA_F16 effK=f16 effV=bf16 supported=1
CUDA_FA_ROUTE_PLAN device=0 Q=[256,256,16,1] Kraw=turbo2_tcq Vraw=bf16 Kshape=[256,256,4,1] Vshape=[256,256,4,1] Keff=f16 Veff=bf16 turbo_kv=1 prefer_native_vec=0 decode=1 dk=1 dv=0 unsafe_vec_after_turbo_v_decode=0 allow_vec=1 kernel=MMA_F16 need_f16_K=0 need_f16_V=1 Knb=[36,288,72,73728] Vnb=[2,2048,512,524288] Keff_nb=[2,2048,512,524288] Veff_nb=[2,2048,512,524288]
CUDA_FA_ROUTE_SUPPORTED kernel=MMA_F16 effK=f16 effV=bf16 supported=1
CUDA_FA_ROUTE_PLAN device=0 Q=[256,256,16,1] Kraw=turbo2_tcq Vraw=bf16 Kshape=[256,256,4,1] Vshape=[256,256,4,1] Keff=f16 Veff=bf16 turbo_kv=1 prefer_native_vec=0 decode=1 dk=1 dv=0 unsafe_vec_after_turbo_v_decode=0 allow_vec=1 kernel=MMA_F16 need_f16_K=0 need_f16_V=1 Knb=[36,288,72,73728] Vnb=[2,2048,512,524288] Keff_nb=[2,2048,512,524288] Veff_nb=[2,2048,512,524288]
CUDA_FA_ROUTE_SUPPORTED kernel=MMA_F16 effK=f16 effV=bf16 supported=1
CUDA_FA_ROUTE_PLAN device=0 Q=[256,256,16,1] Kraw=turbo2_tcq Vraw=bf16 Kshape=[256,256,4,1] Vshape=[256,256,4,1] Keff=f16 Veff=bf16 turbo_kv=1 prefer_native_vec=0 decode=1 dk=1 dv=0 unsafe_vec_after_turbo_v_decode=0 allow_vec=1 kernel=MMA_F16 need_f16_K=0 need_f16_V=1 Knb=[36,288,72,73728] Vnb=[2,2048,512,524288] Keff_nb=[2,2048,512,524288] Veff_nb=[2,2048,512,524288]
CUDA_FA_ROUTE_SUPPORTED kernel=MMA_F16 effK=f16 effV=bf16 supported=1
CUDA_FA_ROUTE_PLAN device=0 Q=[256,256,16,1] Kraw=turbo2_tcq Vraw=bf16 Kshape=[256,256,4,1] Vshape=[256,256,4,1] Keff=f16 Veff=bf16 turbo_kv=1 prefer_native_vec=0 decode=1 dk=1 dv=0 unsafe_vec_after_turbo_v_decode=0 allow_vec=1 kernel=MMA_F16 need_f16_K=0 need_f16_V=1 Knb=[36,288,72,73728] Vnb=[2,2048,512,524288] Keff_nb=[2,2048,512,524288] Veff_nb=[2,2048,512,524288]
CUDA_FA_ROUTE_SUPPORTED kernel=MMA_F16 effK=f16 effV=bf16 supported=1
CUDA_FA_ROUTE_PLAN device=0 Q=[256,1,16,1] Kraw=turbo2_tcq Vraw=bf16 Kshape=[256,256,4,1] Vshape=[256,256,4,1] Keff=f16 Veff=bf16 turbo_kv=1 prefer_native_vec=0 decode=1 dk=1 dv=0 unsafe_vec_after_turbo_v_decode=0 allow_vec=1 kernel=MMA_F16 need_f16_K=0 need_f16_V=1 Knb=[36,288,72,73728] Vnb=[2,2048,512,524288] Keff_nb=[2,2048,512,524288] Veff_nb=[2,2048,512,524288]
CUDA_FA_ROUTE_SUPPORTED kernel=MMA_F16 effK=f16 effV=bf16 supported=1
CUDA_FA_ROUTE_PLAN device=0 Q=[256,1,16,1] Kraw=turbo2_tcq Vraw=bf16 Kshape=[256,256,4,1] Vshape=[256,256,4,1] Keff=f16 Veff=bf16 turbo_kv=1 prefer_native_vec=0 decode=1 dk=1 dv=0 unsafe_vec_after_turbo_v_decode=0 allow_vec=1 kernel=MMA_F16 need_f16_K=0 need_f16_V=1 Knb=[36,288,72,73728] Vnb=[2,2048,512,524288] Keff_nb=[2,2048,512,524288] Veff_nb=[2,2048,512,524288]
CUDA_FA_ROUTE_SUPPORTED kernel=MMA_F16 effK=f16 effV=bf16 supported=1
CUDA_FA_ROUTE_PLAN device=0 Q=[256,1,16,1] Kraw=turbo2_tcq Vraw=bf16 Kshape=[256,256,4,1] Vshape=[256,256,4,1] Keff=f16 Veff=bf16 turbo_kv=1 prefer_native_vec=0 decode=1 dk=1 dv=0 unsafe_vec_after_turbo_v_decode=0 allow_vec=1 kernel=MMA_F16 need_f16_K=0 need_f16_V=1 Knb=[36,288,72,73728] Vnb=[2,2048,512,524288] Keff_nb=[2,2048,512,524288] Veff_nb=[2,2048,512,524288]
CUDA_FA_ROUTE_SUPPORTED kernel=MMA_F16 effK=f16 effV=bf16 supported=1
CUDA_FA_ROUTE_PLAN device=0 Q=[256,1,16,1] Kraw=turbo2_tcq Vraw=bf16 Kshape=[256,256,4,1] Vshape=[256,256,4,1] Keff=f16 Veff=bf16 turbo_kv=1 prefer_native_vec=0 decode=1 dk=1 dv=0 unsafe_vec_after_turbo_v_decode=0 allow_vec=1 kernel=MMA_F16 need_f16_K=0 need_f16_V=1 Knb=[36,288,72,73728] Vnb=[2,2048,512,524288] Keff_nb=[2,2048,512,524288] Veff_nb=[2,2048,512,524288]
CUDA_FA_ROUTE_SUPPORTED kernel=MMA_F16 effK=f16 effV=bf16 supported=1
CUDA_FA_ROUTE_PLAN device=0 Q=[256,1,16,1] Kraw=turbo2_tcq Vraw=bf16 Kshape=[256,256,4,1] Vshape=[256,256,4,1] Keff=f16 Veff=bf16 turbo_kv=1 prefer_native_vec=0 decode=1 dk=1 dv=0 unsafe_vec_after_turbo_v_decode=0 allow_vec=1 kernel=MMA_F16 need_f16_K=0 need_f16_V=1 Knb=[36,288,72,73728] Vnb=[2,2048,512,524288] Keff_nb=[2,2048,512,524288] Veff_nb=[2,2048,512,524288]
CUDA_FA_ROUTE_SUPPORTED kernel=MMA_F16 effK=f16 effV=bf16 supported=1
CUDA_FA_ROUTE_PLAN device=0 Q=[256,1,16,1] Kraw=turbo2_tcq Vraw=bf16 Kshape=[256,256,4,1] Vshape=[256,256,4,1] Keff=f16 Veff=bf16 turbo_kv=1 prefer_native_vec=0 decode=1 dk=1 dv=0 unsafe_vec_after_turbo_v_decode=0 allow_vec=1 kernel=MMA_F16 need_f16_K=0 need_f16_V=1 Knb=[36,288,72,73728] Vnb=[2,2048,512,524288] Keff_nb=[2,2048,512,524288] Veff_nb=[2,2048,512,524288]
CUDA_FA_ROUTE_SUPPORTED kernel=MMA_F16 effK=f16 effV=bf16 supported=1
CUDA_FA_ROUTE_PLAN device=0 Q=[256,1,16,1] Kraw=turbo2_tcq Vraw=bf16 Kshape=[256,256,4,1] Vshape=[256,256,4,1] Keff=f16 Veff=bf16 turbo_kv=1 prefer_native_vec=0 decode=1 dk=1 dv=0 unsafe_vec_after_turbo_v_decode=0 allow_vec=1 kernel=MMA_F16 need_f16_K=0 need_f16_V=1 Knb=[36,288,72,73728] Vnb=[2,2048,512,524288] Keff_nb=[2,2048,512,524288] Veff_nb=[2,2048,512,524288]
CUDA_FA_ROUTE_SUPPORTED kernel=MMA_F16 effK=f16 effV=bf16 supported=1
CUDA_FA_ROUTE_PLAN device=0 Q=[256,1,16,1] Kraw=turbo2_tcq Vraw=bf16 Kshape=[256,256,4,1] Vshape=[256,256,4,1] Keff=f16 Veff=bf16 turbo_kv=1 prefer_native_vec=0 decode=1 dk=1 dv=0 unsafe_vec_after_turbo_v_decode=0 allow_vec=1 kernel=MMA_F16 need_f16_K=0 need_f16_V=1 Knb=[36,288,72,73728] Vnb=[2,2048,512,524288] Keff_nb=[2,2048,512,524288] Veff_nb=[2,2048,512,524288]
CUDA_FA_ROUTE_SUPPORTED kernel=MMA_F16 effK=f16 effV=bf16 supported=1
CUDA_FA_ROUTE_PLAN device=0 Q=[256,16,16,1] Kraw=turbo2_tcq Vraw=bf16 Kshape=[256,256,4,1] Vshape=[256,256,4,1] Keff=f16 Veff=bf16 turbo_kv=1 prefer_native_vec=0 decode=1 dk=1 dv=0 unsafe_vec_after_turbo_v_decode=0 allow_vec=1 kernel=MMA_F16 need_f16_K=0 need_f16_V=1 Knb=[36,288,72,73728] Vnb=[2,2048,512,524288] Keff_nb=[2,2048,512,524288] Veff_nb=[2,2048,512,524288]
CUDA_FA_ROUTE_SUPPORTED kernel=MMA_F16 effK=f16 effV=bf16 supported=1
CUDA_FA_ROUTE_PLAN device=0 Q=[256,16,16,1] Kraw=turbo2_tcq Vraw=bf16 Kshape=[256,256,4,1] Vshape=[256,256,4,1] Keff=f16 Veff=bf16 turbo_kv=1 prefer_native_vec=0 decode=1 dk=1 dv=0 unsafe_vec_after_turbo_v_decode=0 allow_vec=1 kernel=MMA_F16 need_f16_K=0 need_f16_V=1 Knb=[36,288,72,73728] Vnb=[2,2048,512,524288] Keff_nb=[2,2048,512,524288] Veff_nb=[2,2048,512,524288]
CUDA_FA_ROUTE_SUPPORTED kernel=MMA_F16 effK=f16 effV=bf16 supported=1
CUDA_FA_ROUTE_PLAN device=0 Q=[256,16,16,1] Kraw=turbo2_tcq Vraw=bf16 Kshape=[256,256,4,1] Vshape=[256,256,4,1] Keff=f16 Veff=bf16 turbo_kv=1 prefer_native_vec=0 decode=1 dk=1 dv=0 unsafe_vec_after_turbo_v_decode=0 allow_vec=1 kernel=MMA_F16 need_f16_K=0 need_f16_V=1 Knb=[36,288,72,73728] Vnb=[2,2048,512,524288] Keff_nb=[2,2048,512,524288] Veff_nb=[2,2048,512,524288]
CUDA_FA_ROUTE_SUPPORTED kernel=MMA_F16 effK=f16 effV=bf16 supported=1
CUDA_FA_ROUTE_PLAN device=0 Q=[256,16,16,1] Kraw=turbo2_tcq Vraw=bf16 Kshape=[256,256,4,1] Vshape=[256,256,4,1] Keff=f16 Veff=bf16 turbo_kv=1 prefer_native_vec=0 decode=1 dk=1 dv=0 unsafe_vec_after_turbo_v_decode=0 allow_vec=1 kernel=MMA_F16 need_f16_K=0 need_f16_V=1 Knb=[36,288,72,73728] Vnb=[2,2048,512,524288] Keff_nb=[2,2048,512,524288] Veff_nb=[2,2048,512,524288]
CUDA_FA_ROUTE_SUPPORTED kernel=MMA_F16 effK=f16 effV=bf16 supported=1
CUDA_FA_ROUTE_PLAN device=0 Q=[256,16,16,1] Kraw=turbo2_tcq Vraw=bf16 Kshape=[256,256,4,1] Vshape=[256,256,4,1] Keff=f16 Veff=bf16 turbo_kv=1 prefer_native_vec=0 decode=1 dk=1 dv=0 unsafe_vec_after_turbo_v_decode=0 allow_vec=1 kernel=MMA_F16 need_f16_K=0 need_f16_V=1 Knb=[36,288,72,73728] Vnb=[2,2048,512,524288] Keff_nb=[2,2048,512,524288] Veff_nb=[2,2048,512,524288]
CUDA_FA_ROUTE_SUPPORTED kernel=MMA_F16 effK=f16 effV=bf16 supported=1
CUDA_FA_ROUTE_PLAN device=0 Q=[256,16,16,1] Kraw=turbo2_tcq Vraw=bf16 Kshape=[256,256,4,1] Vshape=[256,256,4,1] Keff=f16 Veff=bf16 turbo_kv=1 prefer_native_vec=0 decode=1 dk=1 dv=0 unsafe_vec_after_turbo_v_decode=0 allow_vec=1 kernel=MMA_F16 need_f16_K=0 need_f16_V=1 Knb=[36,288,72,73728] Vnb=[2,2048,512,524288] Keff_nb=[2,2048,512,524288] Veff_nb=[2,2048,512,524288]
CUDA_FA_ROUTE_SUPPORTED kernel=MMA_F16 effK=f16 effV=bf16 supported=1
CUDA_FA_ROUTE_PLAN device=0 Q=[256,16,16,1] Kraw=turbo2_tcq Vraw=bf16 Kshape=[256,256,4,1] Vshape=[256,256,4,1] Keff=f16 Veff=bf16 turbo_kv=1 prefer_native_vec=0 decode=1 dk=1 dv=0 unsafe_vec_after_turbo_v_decode=0 allow_vec=1 kernel=MMA_F16 need_f16_K=0 need_f16_V=1 Knb=[36,288,72,73728] Vnb=[2,2048,512,524288] Keff_nb=[2,2048,512,524288] Veff_nb=[2,2048,512,524288]
CUDA_FA_ROUTE_SUPPORTED kernel=MMA_F16 effK=f16 effV=bf16 supported=1
CUDA_FA_ROUTE_PLAN device=0 Q=[256,16,16,1] Kraw=turbo2_tcq Vraw=bf16 Kshape=[256,256,4,1] Vshape=[256,256,4,1] Keff=f16 Veff=bf16 turbo_kv=1 prefer_native_vec=0 decode=1 dk=1 dv=0 unsafe_vec_after_turbo_v_decode=0 allow_vec=1 kernel=MMA_F16 need_f16_K=0 need_f16_V=1 Knb=[36,288,72,73728] Vnb=[2,2048,512,524288] Keff_nb=[2,2048,512,524288] Veff_nb=[2,2048,512,524288]
CUDA_FA_ROUTE_SUPPORTED kernel=MMA_F16 effK=f16 effV=bf16 supported=1
CUDA_FA_ROUTE_PLAN device=0 Q=[256,1,16,1] Kraw=turbo2_tcq Vraw=bf16 Kshape=[256,256,4,1] Vshape=[256,256,4,1] Keff=f16 Veff=bf16 turbo_kv=1 prefer_native_vec=0 decode=1 dk=1 dv=0 unsafe_vec_after_turbo_v_decode=0 allow_vec=1 kernel=MMA_F16 need_f16_K=0 need_f16_V=1 Knb=[36,288,72,73728] Vnb=[2,2048,512,524288] Keff_nb=[2,2048,512,524288] Veff_nb=[2,2048,512,524288]
CUDA_FA_ROUTE_SUPPORTED kernel=MMA_F16 effK=f16 effV=bf16 supported=1
CUDA_FA_ROUTE_PLAN device=0 Q=[256,1,16,1] Kraw=turbo2_tcq Vraw=bf16 Kshape=[256,256,4,1] Vshape=[256,256,4,1] Keff=f16 Veff=bf16 turbo_kv=1 prefer_native_vec=0 decode=1 dk=1 dv=0 unsafe_vec_after_turbo_v_decode=0 allow_vec=1 kernel=MMA_F16 need_f16_K=0 need_f16_V=1 Knb=[36,288,72,73728] Vnb=[2,2048,512,524288] Keff_nb=[2,2048,512,524288] Veff_nb=[2,2048,512,524288]
CUDA_FA_ROUTE_SUPPORTED kernel=MMA_F16 effK=f16 effV=bf16 supported=1
CUDA_FA_ROUTE_PLAN device=0 Q=[256,1,16,1] Kraw=turbo2_tcq Vraw=bf16 Kshape=[256,256,4,1] Vshape=[256,256,4,1] Keff=f16 Veff=bf16 turbo_kv=1 prefer_native_vec=0 decode=1 dk=1 dv=0 unsafe_vec_after_turbo_v_decode=0 allow_vec=1 kernel=MMA_F16 need_f16_K=0 need_f16_V=1 Knb=[36,288,72,73728] Vnb=[2,2048,512,524288] Keff_nb=[2,2048,512,524288] Veff_nb=[2,2048,512,524288]
CUDA_FA_ROUTE_SUPPORTED kernel=MMA_F16 effK=f16 effV=bf16 supported=1
CUDA_FA_ROUTE_PLAN device=0 Q=[256,1,16,1] Kraw=turbo2_tcq Vraw=bf16 Kshape=[256,256,4,1] Vshape=[256,256,4,1] Keff=f16 Veff=bf16 turbo_kv=1 prefer_native_vec=0 decode=1 dk=1 dv=0 unsafe_vec_after_turbo_v_decode=0 allow_vec=1 kernel=MMA_F16 need_f16_K=0 need_f16_V=1 Knb=[36,288,72,73728] Vnb=[2,2048,512,524288] Keff_nb=[2,2048,512,524288] Veff_nb=[2,2048,512,524288]
CUDA_FA_ROUTE_SUPPORTED kernel=MMA_F16 effK=f16 effV=bf16 supported=1
CUDA_FA_ROUTE_PLAN device=0 Q=[256,1,16,1] Kraw=turbo2_tcq Vraw=bf16 Kshape=[256,256,4,1] Vshape=[256,256,4,1] Keff=f16 Veff=bf16 turbo_kv=1 prefer_native_vec=0 decode=1 dk=1 dv=0 unsafe_vec_after_turbo_v_decode=0 allow_vec=1 kernel=MMA_F16 need_f16_K=0 need_f16_V=1 Knb=[36,288,72,73728] Vnb=[2,2048,512,524288] Keff_nb=[2,2048,512,524288] Veff_nb=[2,2048,512,524288]
CUDA_FA_ROUTE_SUPPORTED kernel=MMA_F16 effK=f16 effV=bf16 supported=1
CUDA_FA_ROUTE_PLAN device=0 Q=[256,1,16,1] Kraw=turbo2_tcq Vraw=bf16 Kshape=[256,256,4,1] Vshape=[256,256,4,1] Keff=f16 Veff=bf16 turbo_kv=1 prefer_native_vec=0 decode=1 dk=1 dv=0 unsafe_vec_after_turbo_v_decode=0 allow_vec=1 kernel=MMA_F16 need_f16_K=0 need_f16_V=1 Knb=[36,288,72,73728] Vnb=[2,2048,512,524288] Keff_nb=[2,2048,512,524288] Veff_nb=[2,2048,512,524288]
CUDA_FA_ROUTE_SUPPORTED kernel=MMA_F16 effK=f16 effV=bf16 supported=1
CUDA_FA_ROUTE_PLAN device=0 Q=[256,1,16,1] Kraw=turbo2_tcq Vraw=bf16 Kshape=[256,256,4,1] Vshape=[256,256,4,1] Keff=f16 Veff=bf16 turbo_kv=1 prefer_native_vec=0 decode=1 dk=1 dv=0 unsafe_vec_after_turbo_v_decode=0 allow_vec=1 kernel=MMA_F16 need_f16_K=0 need_f16_V=1 Knb=[36,288,72,73728] Vnb=[2,2048,512,524288] Keff_nb=[2,2048,512,524288] Veff_nb=[2,2048,512,524288]
CUDA_FA_ROUTE_SUPPORTED kernel=MMA_F16 effK=f16 effV=bf16 supported=1
CUDA_FA_ROUTE_PLAN device=0 Q=[256,1,16,1] Kraw=turbo2_tcq Vraw=bf16 Kshape=[256,256,4,1] Vshape=[256,256,4,1] Keff=f16 Veff=bf16 turbo_kv=1 prefer_native_vec=0 decode=1 dk=1 dv=0 unsafe_vec_after_turbo_v_decode=0 allow_vec=1 kernel=MMA_F16 need_f16_K=0 need_f16_V=1 Knb=[36,288,72,73728] Vnb=[2,2048,512,524288] Keff_nb=[2,2048,512,524288] Veff_nb=[2,2048,512,524288]
CUDA_FA_ROUTE_SUPPORTED kernel=MMA_F16 effK=f16 effV=bf16 supported=1
CUDA_FA_ROUTE_PLAN device=0 Q=[256,256,16,1] Kraw=turbo2_tcq Vraw=bf16 Kshape=[256,256,4,1] Vshape=[256,256,4,1] Keff=f16 Veff=bf16 turbo_kv=1 prefer_native_vec=0 decode=1 dk=1 dv=0 unsafe_vec_after_turbo_v_decode=0 allow_vec=1 kernel=MMA_F16 need_f16_K=0 need_f16_V=1 Knb=[36,288,72,73728] Vnb=[2,2048,512,524288] Keff_nb=[2,2048,512,524288] Veff_nb=[2,2048,512,524288]
CUDA_FA_ROUTE_SUPPORTED kernel=MMA_F16 effK=f16 effV=bf16 supported=1
CUDA_FA_ROUTE_PLAN device=0 Q=[256,256,16,1] Kraw=turbo2_tcq Vraw=bf16 Kshape=[256,256,4,1] Vshape=[256,256,4,1] Keff=f16 Veff=bf16 turbo_kv=1 prefer_native_vec=0 decode=1 dk=1 dv=0 unsafe_vec_after_turbo_v_decode=0 allow_vec=1 kernel=MMA_F16 need_f16_K=0 need_f16_V=1 Knb=[36,288,72,73728] Vnb=[2,2048,512,524288] Keff_nb=[2,2048,512,524288] Veff_nb=[2,2048,512,524288]
CUDA_FA_ROUTE_SUPPORTED kernel=MMA_F16 effK=f16 effV=bf16 supported=1
CUDA_FA_ROUTE_PLAN device=0 Q=[256,256,16,1] Kraw=turbo2_tcq Vraw=bf16 Kshape=[256,256,4,1] Vshape=[256,256,4,1] Keff=f16 Veff=bf16 turbo_kv=1 prefer_native_vec=0 decode=1 dk=1 dv=0 unsafe_vec_after_turbo_v_decode=0 allow_vec=1 kernel=MMA_F16 need_f16_K=0 need_f16_V=1 Knb=[36,288,72,73728] Vnb=[2,2048,512,524288] Keff_nb=[2,2048,512,524288] Veff_nb=[2,2048,512,524288]
CUDA_FA_ROUTE_SUPPORTED kernel=MMA_F16 effK=f16 effV=bf16 supported=1
CUDA_FA_ROUTE_PLAN device=0 Q=[256,256,16,1] Kraw=turbo2_tcq Vraw=bf16 Kshape=[256,256,4,1] Vshape=[256,256,4,1] Keff=f16 Veff=bf16 turbo_kv=1 prefer_native_vec=0 decode=1 dk=1 dv=0 unsafe_vec_after_turbo_v_decode=0 allow_vec=1 kernel=MMA_F16 need_f16_K=0 need_f16_V=1 Knb=[36,288,72,73728] Vnb=[2,2048,512,524288] Keff_nb=[2,2048,512,524288] Veff_nb=[2,2048,512,524288]
CUDA_FA_ROUTE_SUPPORTED kernel=MMA_F16 effK=f16 effV=bf16 supported=1
CUDA_FA_ROUTE_PLAN device=0 Q=[256,256,16,1] Kraw=turbo2_tcq Vraw=bf16 Kshape=[256,256,4,1] Vshape=[256,256,4,1] Keff=f16 Veff=bf16 turbo_kv=1 prefer_native_vec=0 decode=1 dk=1 dv=0 unsafe_vec_after_turbo_v_decode=0 allow_vec=1 kernel=MMA_F16 need_f16_K=0 need_f16_V=1 Knb=[36,288,72,73728] Vnb=[2,2048,512,524288] Keff_nb=[2,2048,512,524288] Veff_nb=[2,2048,512,524288]
CUDA_FA_ROUTE_SUPPORTED kernel=MMA_F16 effK=f16 effV=bf16 supported=1
CUDA_FA_ROUTE_PLAN device=0 Q=[256,256,16,1] Kraw=turbo2_tcq Vraw=bf16 Kshape=[256,256,4,1] Vshape=[256,256,4,1] Keff=f16 Veff=bf16 turbo_kv=1 prefer_native_vec=0 decode=1 dk=1 dv=0 unsafe_vec_after_turbo_v_decode=0 allow_vec=1 kernel=MMA_F16 need_f16_K=0 need_f16_V=1 Knb=[36,288,72,73728] Vnb=[2,2048,512,524288] Keff_nb=[2,2048,512,524288] Veff_nb=[2,2048,512,524288]
CUDA_FA_ROUTE_SUPPORTED kernel=MMA_F16 effK=f16 effV=bf16 supported=1
CUDA_FA_ROUTE_PLAN device=0 Q=[256,256,16,1] Kraw=turbo2_tcq Vraw=bf16 Kshape=[256,256,4,1] Vshape=[256,256,4,1] Keff=f16 Veff=bf16 turbo_kv=1 prefer_native_vec=0 decode=1 dk=1 dv=0 unsafe_vec_after_turbo_v_decode=0 allow_vec=1 kernel=MMA_F16 need_f16_K=0 need_f16_V=1 Knb=[36,288,72,73728] Vnb=[2,2048,512,524288] Keff_nb=[2,2048,512,524288] Veff_nb=[2,2048,512,524288]
CUDA_FA_ROUTE_SUPPORTED kernel=MMA_F16 effK=f16 effV=bf16 supported=1
CUDA_FA_ROUTE_PLAN device=0 Q=[256,256,16,1] Kraw=turbo2_tcq Vraw=bf16 Kshape=[256,256,4,1] Vshape=[256,256,4,1] Keff=f16 Veff=bf16 turbo_kv=1 prefer_native_vec=0 decode=1 dk=1 dv=0 unsafe_vec_after_turbo_v_decode=0 allow_vec=1 kernel=MMA_F16 need_f16_K=0 need_f16_V=1 Knb=[36,288,72,73728] Vnb=[2,2048,512,524288] Keff_nb=[2,2048,512,524288] Veff_nb=[2,2048,512,524288]
CUDA_FA_ROUTE_SUPPORTED kernel=MMA_F16 effK=f16 effV=bf16 supported=1
CUDA_FA_ROUTE_PLAN device=0 Q=[256,256,16,1] Kraw=turbo2_tcq Vraw=bf16 Kshape=[256,256,4,1] Vshape=[256,256,4,1] Keff=f16 Veff=bf16 turbo_kv=1 prefer_native_vec=0 decode=1 dk=1 dv=0 unsafe_vec_after_turbo_v_decode=0 allow_vec=1 kernel=MMA_F16 need_f16_K=0 need_f16_V=1 Knb=[36,288,72,73728] Vnb=[2,2048,512,524288] Keff_nb=[2,2048,512,524288] Veff_nb=[2,2048,512,524288]
CUDA_FA_ROUTE_ALLOC kernel=MMA_F16 need_f16_K=0 need_f16_V=1 workspace_end_offset=4718592 dst_data=(nil) f16_K=(nil) f16_V=0x400000 f16_end=0x480000
CUDA_FA_ROUTE_PLAN device=0 Q=[256,256,16,1] Kraw=turbo2_tcq Vraw=bf16 Kshape=[256,256,4,1] Vshape=[256,256,4,1] Keff=f16 Veff=bf16 turbo_kv=1 prefer_native_vec=0 decode=1 dk=1 dv=0 unsafe_vec_after_turbo_v_decode=0 allow_vec=1 kernel=MMA_F16 need_f16_K=0 need_f16_V=1 Knb=[36,288,72,73728] Vnb=[2,2048,512,524288] Keff_nb=[2,2048,512,524288] Veff_nb=[2,2048,512,524288]
CUDA_FA_ROUTE_ALLOC kernel=MMA_F16 need_f16_K=0 need_f16_V=1 workspace_end_offset=4718592 dst_data=(nil) f16_K=(nil) f16_V=0x400000 f16_end=0x480000
CUDA_FA_ROUTE_PLAN device=0 Q=[256,256,16,1] Kraw=turbo2_tcq Vraw=bf16 Kshape=[256,256,4,1] Vshape=[256,256,4,1] Keff=f16 Veff=bf16 turbo_kv=1 prefer_native_vec=0 decode=1 dk=1 dv=0 unsafe_vec_after_turbo_v_decode=0 allow_vec=1 kernel=MMA_F16 need_f16_K=0 need_f16_V=1 Knb=[36,288,72,73728] Vnb=[2,2048,512,524288] Keff_nb=[2,2048,512,524288] Veff_nb=[2,2048,512,524288]
CUDA_FA_ROUTE_ALLOC kernel=MMA_F16 need_f16_K=0 need_f16_V=1 workspace_end_offset=4718592 dst_data=(nil) f16_K=(nil) f16_V=0x400000 f16_end=0x480000
CUDA_FA_ROUTE_PLAN device=0 Q=[256,256,16,1] Kraw=turbo2_tcq Vraw=bf16 Kshape=[256,256,4,1] Vshape=[256,256,4,1] Keff=f16 Veff=bf16 turbo_kv=1 prefer_native_vec=0 decode=1 dk=1 dv=0 unsafe_vec_after_turbo_v_decode=0 allow_vec=1 kernel=MMA_F16 need_f16_K=0 need_f16_V=1 Knb=[36,288,72,73728] Vnb=[2,2048,512,524288] Keff_nb=[2,2048,512,524288] Veff_nb=[2,2048,512,524288]
CUDA_FA_ROUTE_ALLOC kernel=MMA_F16 need_f16_K=0 need_f16_V=1 workspace_end_offset=4718592 dst_data=(nil) f16_K=(nil) f16_V=0x400000 f16_end=0x480000
CUDA_FA_ROUTE_PLAN device=0 Q=[256,256,16,1] Kraw=turbo2_tcq Vraw=bf16 Kshape=[256,256,4,1] Vshape=[256,256,4,1] Keff=f16 Veff=bf16 turbo_kv=1 prefer_native_vec=0 decode=1 dk=1 dv=0 unsafe_vec_after_turbo_v_decode=0 allow_vec=1 kernel=MMA_F16 need_f16_K=0 need_f16_V=1 Knb=[36,288,72,73728] Vnb=[2,2048,512,524288] Keff_nb=[2,2048,512,524288] Veff_nb=[2,2048,512,524288]
CUDA_FA_ROUTE_ALLOC kernel=MMA_F16 need_f16_K=0 need_f16_V=1 workspace_end_offset=4718592 dst_data=(nil) f16_K=(nil) f16_V=0x400000 f16_end=0x480000
CUDA_FA_ROUTE_PLAN device=0 Q=[256,256,16,1] Kraw=turbo2_tcq Vraw=bf16 Kshape=[256,256,4,1] Vshape=[256,256,4,1] Keff=f16 Veff=bf16 turbo_kv=1 prefer_native_vec=0 decode=1 dk=1 dv=0 unsafe_vec_after_turbo_v_decode=0 allow_vec=1 kernel=MMA_F16 need_f16_K=0 need_f16_V=1 Knb=[36,288,72,73728] Vnb=[2,2048,512,524288] Keff_nb=[2,2048,512,524288] Veff_nb=[2,2048,512,524288]
CUDA_FA_ROUTE_ALLOC kernel=MMA_F16 need_f16_K=0 need_f16_V=1 workspace_end_offset=4718592 dst_data=(nil) f16_K=(nil) f16_V=0x400000 f16_end=0x480000
CUDA_FA_ROUTE_PLAN device=0 Q=[256,256,16,1] Kraw=turbo2_tcq Vraw=bf16 Kshape=[256,256,4,1] Vshape=[256,256,4,1] Keff=f16 Veff=bf16 turbo_kv=1 prefer_native_vec=0 decode=1 dk=1 dv=0 unsafe_vec_after_turbo_v_decode=0 allow_vec=1 kernel=MMA_F16 need_f16_K=0 need_f16_V=1 Knb=[36,288,72,73728] Vnb=[2,2048,512,524288] Keff_nb=[2,2048,512,524288] Veff_nb=[2,2048,512,524288]
CUDA_FA_ROUTE_ALLOC kernel=MMA_F16 need_f16_K=0 need_f16_V=1 workspace_end_offset=4718592 dst_data=(nil) f16_K=(nil) f16_V=0x400000 f16_end=0x480000
CUDA_FA_ROUTE_PLAN device=0 Q=[256,256,16,1] Kraw=turbo2_tcq Vraw=bf16 Kshape=[256,256,4,1] Vshape=[256,256,4,1] Keff=f16 Veff=bf16 turbo_kv=1 prefer_native_vec=0 decode=1 dk=1 dv=0 unsafe_vec_after_turbo_v_decode=0 allow_vec=1 kernel=MMA_F16 need_f16_K=0 need_f16_V=1 Knb=[36,288,72,73728] Vnb=[2,2048,512,524288] Keff_nb=[2,2048,512,524288] Veff_nb=[2,2048,512,524288]
CUDA_FA_ROUTE_ALLOC kernel=MMA_F16 need_f16_K=0 need_f16_V=1 workspace_end_offset=4718592 dst_data=(nil) f16_K=(nil) f16_V=0x400000 f16_end=0x480000
CUDA_FA_ROUTE_PLAN device=0 Q=[256,256,16,1] Kraw=turbo2_tcq Vraw=bf16 Kshape=[256,256,4,1] Vshape=[256,256,4,1] Keff=f16 Veff=bf16 turbo_kv=1 prefer_native_vec=0 decode=1 dk=1 dv=0 unsafe_vec_after_turbo_v_decode=0 allow_vec=1 kernel=MMA_F16 need_f16_K=0 need_f16_V=1 Knb=[36,288,72,73728] Vnb=[2,2048,512,524288] Keff_nb=[2,2048,512,524288] Veff_nb=[2,2048,512,524288]
CUDA_FA_ROUTE_ALLOC kernel=MMA_F16 need_f16_K=0 need_f16_V=1 workspace_end_offset=4718592 dst_data=(nil) f16_K=(nil) f16_V=0x400000 f16_end=0x480000
CUDA_FA_ROUTE_PLAN device=0 Q=[256,256,16,1] Kraw=turbo2_tcq Vraw=bf16 Kshape=[256,256,4,1] Vshape=[256,256,4,1] Keff=f16 Veff=bf16 turbo_kv=1 prefer_native_vec=0 decode=1 dk=1 dv=0 unsafe_vec_after_turbo_v_decode=0 allow_vec=1 kernel=MMA_F16 need_f16_K=0 need_f16_V=1 Knb=[36,288,72,73728] Vnb=[2,2048,512,524288] Keff_nb=[2,2048,512,524288] Veff_nb=[2,2048,512,524288]
CUDA_FA_ROUTE_ALLOC kernel=MMA_F16 need_f16_K=0 need_f16_V=1 workspace_end_offset=4718592 dst_data=(nil) f16_K=(nil) f16_V=0x400000 f16_end=0x480000
CUDA_FA_ROUTE_PLAN device=0 Q=[256,256,16,1] Kraw=turbo2_tcq Vraw=bf16 Kshape=[256,256,4,1] Vshape=[256,256,4,1] Keff=f16 Veff=bf16 turbo_kv=1 prefer_native_vec=0 decode=1 dk=1 dv=0 unsafe_vec_after_turbo_v_decode=0 allow_vec=1 kernel=MMA_F16 need_f16_K=0 need_f16_V=1 Knb=[36,288,72,73728] Vnb=[2,2048,512,524288] Keff_nb=[2,2048,512,524288] Veff_nb=[2,2048,512,524288]
CUDA_FA_ROUTE_ALLOC kernel=MMA_F16 need_f16_K=0 need_f16_V=1 workspace_end_offset=4718592 dst_data=(nil) f16_K=(nil) f16_V=0x400000 f16_end=0x480000
CUDA_FA_ROUTE_PLAN device=0 Q=[256,256,16,1] Kraw=turbo2_tcq Vraw=bf16 Kshape=[256,256,4,1] Vshape=[256,256,4,1] Keff=f16 Veff=bf16 turbo_kv=1 prefer_native_vec=0 decode=1 dk=1 dv=0 unsafe_vec_after_turbo_v_decode=0 allow_vec=1 kernel=MMA_F16 need_f16_K=0 need_f16_V=1 Knb=[36,288,72,73728] Vnb=[2,2048,512,524288] Keff_nb=[2,2048,512,524288] Veff_nb=[2,2048,512,524288]
CUDA_FA_ROUTE_ALLOC kernel=MMA_F16 need_f16_K=0 need_f16_V=1 workspace_end_offset=4718592 dst_data=(nil) f16_K=(nil) f16_V=0x400000 f16_end=0x480000
CUDA_FA_ROUTE_PLAN device=0 Q=[256,256,16,1] Kraw=turbo2_tcq Vraw=bf16 Kshape=[256,256,4,1] Vshape=[256,256,4,1] Keff=f16 Veff=bf16 turbo_kv=1 prefer_native_vec=0 decode=1 dk=1 dv=0 unsafe_vec_after_turbo_v_decode=0 allow_vec=1 kernel=MMA_F16 need_f16_K=0 need_f16_V=1 Knb=[36,288,72,73728] Vnb=[2,2048,512,524288] Keff_nb=[2,2048,512,524288] Veff_nb=[2,2048,512,524288]
CUDA_FA_ROUTE_ALLOC kernel=MMA_F16 need_f16_K=0 need_f16_V=1 workspace_end_offset=4718592 dst_data=(nil) f16_K=(nil) f16_V=0x400000 f16_end=0x480000
CUDA_FA_ROUTE_PLAN device=0 Q=[256,256,16,1] Kraw=turbo2_tcq Vraw=bf16 Kshape=[256,256,4,1] Vshape=[256,256,4,1] Keff=f16 Veff=bf16 turbo_kv=1 prefer_native_vec=0 decode=1 dk=1 dv=0 unsafe_vec_after_turbo_v_decode=0 allow_vec=1 kernel=MMA_F16 need_f16_K=0 need_f16_V=1 Knb=[36,288,72,73728] Vnb=[2,2048,512,524288] Keff_nb=[2,2048,512,524288] Veff_nb=[2,2048,512,524288]
CUDA_FA_ROUTE_ALLOC kernel=MMA_F16 need_f16_K=0 need_f16_V=1 workspace_end_offset=4718592 dst_data=(nil) f16_K=(nil) f16_V=0x400000 f16_end=0x480000
CUDA_FA_ROUTE_PLAN device=0 Q=[256,256,16,1] Kraw=turbo2_tcq Vraw=bf16 Kshape=[256,256,4,1] Vshape=[256,256,4,1] Keff=f16 Veff=bf16 turbo_kv=1 prefer_native_vec=0 decode=1 dk=1 dv=0 unsafe_vec_after_turbo_v_decode=0 allow_vec=1 kernel=MMA_F16 need_f16_K=0 need_f16_V=1 Knb=[36,288,72,73728] Vnb=[2,2048,512,524288] Keff_nb=[2,2048,512,524288] Veff_nb=[2,2048,512,524288]
CUDA_FA_ROUTE_ALLOC kernel=MMA_F16 need_f16_K=0 need_f16_V=1 workspace_end_offset=4718592 dst_data=(nil) f16_K=(nil) f16_V=0x400000 f16_end=0x480000
CUDA_FA_ROUTE_PLAN device=0 Q=[256,256,16,1] Kraw=turbo2_tcq Vraw=bf16 Kshape=[256,256,4,1] Vshape=[256,256,4,1] Keff=f16 Veff=bf16 turbo_kv=1 prefer_native_vec=0 decode=1 dk=1 dv=0 unsafe_vec_after_turbo_v_decode=0 allow_vec=1 kernel=MMA_F16 need_f16_K=0 need_f16_V=1 Knb=[36,288,72,73728] Vnb=[2,2048,512,524288] Keff_nb=[2,2048,512,524288] Veff_nb=[2,2048,512,524288]
CUDA_FA_ROUTE_ALLOC kernel=MMA_F16 need_f16_K=0 need_f16_V=1 workspace_end_offset=4718592 dst_data=(nil) f16_K=(nil) f16_V=0x400000 f16_end=0x480000
CUDA_FA_ROUTE_PLAN device=0 Q=[256,256,16,1] Kraw=turbo2_tcq Vraw=bf16 Kshape=[256,256,4,1] Vshape=[256,256,4,1] Keff=f16 Veff=bf16 turbo_kv=1 prefer_native_vec=0 decode=1 dk=1 dv=0 unsafe_vec_after_turbo_v_decode=0 allow_vec=1 kernel=MMA_F16 need_f16_K=0 need_f16_V=1 Knb=[36,288,72,73728] Vnb=[2,2048,512,524288] Keff_nb=[2,2048,512,524288] Veff_nb=[2,2048,512,524288]
CUDA_FA_ROUTE_ALLOC kernel=MMA_F16 need_f16_K=0 need_f16_V=1 workspace_end_offset=4718592 dst_data=(nil) f16_K=(nil) f16_V=0x400000 f16_end=0x480000
CUDA_FA_ROUTE_PLAN device=0 Q=[256,256,16,1] Kraw=turbo2_tcq Vraw=bf16 Kshape=[256,256,4,1] Vshape=[256,256,4,1] Keff=f16 Veff=bf16 turbo_kv=1 prefer_native_vec=0 decode=1 dk=1 dv=0 unsafe_vec_after_turbo_v_decode=0 allow_vec=1 kernel=MMA_F16 need_f16_K=0 need_f16_V=1 Knb=[36,288,72,73728] Vnb=[2,2048,512,524288] Keff_nb=[2,2048,512,524288] Veff_nb=[2,2048,512,524288]
CUDA_FA_ROUTE_ALLOC kernel=MMA_F16 need_f16_K=0 need_f16_V=1 workspace_end_offset=4718592 dst_data=(nil) f16_K=(nil) f16_V=0x400000 f16_end=0x480000
CUDA_FA_ROUTE_PLAN device=0 Q=[256,256,16,1] Kraw=turbo2_tcq Vraw=bf16 Kshape=[256,256,4,1] Vshape=[256,256,4,1] Keff=f16 Veff=bf16 turbo_kv=1 prefer_native_vec=0 decode=1 dk=1 dv=0 unsafe_vec_after_turbo_v_decode=0 allow_vec=1 kernel=MMA_F16 need_f16_K=0 need_f16_V=1 Knb=[36,288,72,73728] Vnb=[2,2048,512,524288] Keff_nb=[2,2048,512,524288] Veff_nb=[2,2048,512,524288]
CUDA_FA_ROUTE_ALLOC kernel=MMA_F16 need_f16_K=0 need_f16_V=1 workspace_end_offset=4718592 dst_data=(nil) f16_K=(nil) f16_V=0x400000 f16_end=0x480000
CUDA_FA_ROUTE_PLAN device=0 Q=[256,256,16,1] Kraw=turbo2_tcq Vraw=bf16 Kshape=[256,256,4,1] Vshape=[256,256,4,1] Keff=f16 Veff=bf16 turbo_kv=1 prefer_native_vec=0 decode=1 dk=1 dv=0 unsafe_vec_after_turbo_v_decode=0 allow_vec=1 kernel=MMA_F16 need_f16_K=0 need_f16_V=1 Knb=[36,288,72,73728] Vnb=[2,2048,512,524288] Keff_nb=[2,2048,512,524288] Veff_nb=[2,2048,512,524288]
CUDA_FA_ROUTE_ALLOC kernel=MMA_F16 need_f16_K=0 need_f16_V=1 workspace_end_offset=4718592 dst_data=(nil) f16_K=(nil) f16_V=0x400000 f16_end=0x480000
CUDA_FA_ROUTE_PLAN device=0 Q=[256,256,16,1] Kraw=turbo2_tcq Vraw=bf16 Kshape=[256,256,4,1] Vshape=[256,256,4,1] Keff=f16 Veff=bf16 turbo_kv=1 prefer_native_vec=0 decode=1 dk=1 dv=0 unsafe_vec_after_turbo_v_decode=0 allow_vec=1 kernel=MMA_F16 need_f16_K=0 need_f16_V=1 Knb=[36,288,72,73728] Vnb=[2,2048,512,524288] Keff_nb=[2,2048,512,524288] Veff_nb=[2,2048,512,524288]
CUDA_FA_ROUTE_ALLOC kernel=MMA_F16 need_f16_K=0 need_f16_V=1 workspace_end_offset=4718592 dst_data=(nil) f16_K=(nil) f16_V=0x400000 f16_end=0x480000
CUDA_FA_ROUTE_PLAN device=0 Q=[256,256,16,1] Kraw=turbo2_tcq Vraw=bf16 Kshape=[256,256,4,1] Vshape=[256,256,4,1] Keff=f16 Veff=bf16 turbo_kv=1 prefer_native_vec=0 decode=1 dk=1 dv=0 unsafe_vec_after_turbo_v_decode=0 allow_vec=1 kernel=MMA_F16 need_f16_K=0 need_f16_V=1 Knb=[36,288,72,73728] Vnb=[2,2048,512,524288] Keff_nb=[2,2048,512,524288] Veff_nb=[2,2048,512,524288]
CUDA_FA_ROUTE_ALLOC kernel=MMA_F16 need_f16_K=0 need_f16_V=1 workspace_end_offset=4718592 dst_data=(nil) f16_K=(nil) f16_V=0x400000 f16_end=0x480000
CUDA_FA_ROUTE_PLAN device=0 Q=[256,256,16,1] Kraw=turbo2_tcq Vraw=bf16 Kshape=[256,256,4,1] Vshape=[256,256,4,1] Keff=f16 Veff=bf16 turbo_kv=1 prefer_native_vec=0 decode=1 dk=1 dv=0 unsafe_vec_after_turbo_v_decode=0 allow_vec=1 kernel=MMA_F16 need_f16_K=0 need_f16_V=1 Knb=[36,288,72,73728] Vnb=[2,2048,512,524288] Keff_nb=[2,2048,512,524288] Veff_nb=[2,2048,512,524288]
CUDA_FA_ROUTE_ALLOC kernel=MMA_F16 need_f16_K=0 need_f16_V=1 workspace_end_offset=4718592 dst_data=(nil) f16_K=(nil) f16_V=0x400000 f16_end=0x480000
CUDA_FA_ROUTE_PLAN device=0 Q=[256,256,16,1] Kraw=turbo2_tcq Vraw=bf16 Kshape=[256,256,4,1] Vshape=[256,256,4,1] Keff=f16 Veff=bf16 turbo_kv=1 prefer_native_vec=0 decode=1 dk=1 dv=0 unsafe_vec_after_turbo_v_decode=0 allow_vec=1 kernel=MMA_F16 need_f16_K=0 need_f16_V=1 Knb=[36,288,72,73728] Vnb=[2,2048,512,524288] Keff_nb=[2,2048,512,524288] Veff_nb=[2,2048,512,524288]
CUDA_FA_ROUTE_ALLOC kernel=MMA_F16 need_f16_K=0 need_f16_V=1 workspace_end_offset=4718592 dst_data=(nil) f16_K=(nil) f16_V=0x400000 f16_end=0x480000
CUDA_FA_ROUTE_PLAN device=0 Q=[256,256,16,1] Kraw=turbo2_tcq Vraw=bf16 Kshape=[256,256,4,1] Vshape=[256,256,4,1] Keff=f16 Veff=bf16 turbo_kv=1 prefer_native_vec=0 decode=1 dk=1 dv=0 unsafe_vec_after_turbo_v_decode=0 allow_vec=1 kernel=MMA_F16 need_f16_K=0 need_f16_V=1 Knb=[36,288,72,73728] Vnb=[2,2048,512,524288] Keff_nb=[2,2048,512,524288] Veff_nb=[2,2048,512,524288]
CUDA_FA_ROUTE_ALLOC kernel=MMA_F16 need_f16_K=0 need_f16_V=1 workspace_end_offset=4718592 dst_data=(nil) f16_K=(nil) f16_V=0x400000 f16_end=0x480000
CUDA_FA_ROUTE_PLAN device=0 Q=[256,256,16,1] Kraw=turbo2_tcq Vraw=bf16 Kshape=[256,256,4,1] Vshape=[256,256,4,1] Keff=f16 Veff=bf16 turbo_kv=1 prefer_native_vec=0 decode=1 dk=1 dv=0 unsafe_vec_after_turbo_v_decode=0 allow_vec=1 kernel=MMA_F16 need_f16_K=0 need_f16_V=1 Knb=[36,288,72,73728] Vnb=[2,2048,512,524288] Keff_nb=[2,2048,512,524288] Veff_nb=[2,2048,512,524288]
CUDA_FA_ROUTE_ALLOC kernel=MMA_F16 need_f16_K=0 need_f16_V=1 workspace_end_offset=4718592 dst_data=(nil) f16_K=(nil) f16_V=0x400000 f16_end=0x480000
CUDA_FA_ROUTE_PLAN device=0 Q=[256,256,16,1] Kraw=turbo2_tcq Vraw=bf16 Kshape=[256,256,4,1] Vshape=[256,256,4,1] Keff=f16 Veff=bf16 turbo_kv=1 prefer_native_vec=0 decode=1 dk=1 dv=0 unsafe_vec_after_turbo_v_decode=0 allow_vec=1 kernel=MMA_F16 need_f16_K=0 need_f16_V=1 Knb=[36,288,72,73728] Vnb=[2,2048,512,524288] Keff_nb=[2,2048,512,524288] Veff_nb=[2,2048,512,524288]
CUDA_FA_ROUTE_ALLOC kernel=MMA_F16 need_f16_K=0 need_f16_V=1 workspace_end_offset=4718592 dst_data=(nil) f16_K=(nil) f16_V=0x400000 f16_end=0x480000
CUDA_FA_ROUTE_PLAN device=0 Q=[256,256,16,1] Kraw=turbo2_tcq Vraw=bf16 Kshape=[256,256,4,1] Vshape=[256,256,4,1] Keff=f16 Veff=bf16 turbo_kv=1 prefer_native_vec=0 decode=1 dk=1 dv=0 unsafe_vec_after_turbo_v_decode=0 allow_vec=1 kernel=MMA_F16 need_f16_K=0 need_f16_V=1 Knb=[36,288,72,73728] Vnb=[2,2048,512,524288] Keff_nb=[2,2048,512,524288] Veff_nb=[2,2048,512,524288]
CUDA_FA_ROUTE_ALLOC kernel=MMA_F16 need_f16_K=0 need_f16_V=1 workspace_end_offset=4718592 dst_data=(nil) f16_K=(nil) f16_V=0x400000 f16_end=0x480000
CUDA_FA_ROUTE_PLAN device=0 Q=[256,256,16,1] Kraw=turbo2_tcq Vraw=bf16 Kshape=[256,256,4,1] Vshape=[256,256,4,1] Keff=f16 Veff=bf16 turbo_kv=1 prefer_native_vec=0 decode=1 dk=1 dv=0 unsafe_vec_after_turbo_v_decode=0 allow_vec=1 kernel=MMA_F16 need_f16_K=0 need_f16_V=1 Knb=[36,288,72,73728] Vnb=[2,2048,512,524288] Keff_nb=[2,2048,512,524288] Veff_nb=[2,2048,512,524288]
CUDA_FA_ROUTE_ALLOC kernel=MMA_F16 need_f16_K=0 need_f16_V=1 workspace_end_offset=4718592 dst_data=(nil) f16_K=(nil) f16_V=0x400000 f16_end=0x480000
CUDA_FA_ROUTE_PLAN device=0 Q=[256,256,16,1] Kraw=turbo2_tcq Vraw=bf16 Kshape=[256,256,4,1] Vshape=[256,256,4,1] Keff=f16 Veff=bf16 turbo_kv=1 prefer_native_vec=0 decode=1 dk=1 dv=0 unsafe_vec_after_turbo_v_decode=0 allow_vec=1 kernel=MMA_F16 need_f16_K=0 need_f16_V=1 Knb=[36,288,72,73728] Vnb=[2,2048,512,524288] Keff_nb=[2,2048,512,524288] Veff_nb=[2,2048,512,524288]
CUDA_FA_ROUTE_ALLOC kernel=MMA_F16 need_f16_K=0 need_f16_V=1 workspace_end_offset=4718592 dst_data=(nil) f16_K=(nil) f16_V=0x400000 f16_end=0x480000
CUDA_FA_ROUTE_PLAN device=0 Q=[256,256,16,1] Kraw=turbo2_tcq Vraw=bf16 Kshape=[256,256,4,1] Vshape=[256,256,4,1] Keff=f16 Veff=bf16 turbo_kv=1 prefer_native_vec=0 decode=1 dk=1 dv=0 unsafe_vec_after_turbo_v_decode=0 allow_vec=1 kernel=MMA_F16 need_f16_K=0 need_f16_V=1 Knb=[36,288,72,73728] Vnb=[2,2048,512,524288] Keff_nb=[2,2048,512,524288] Veff_nb=[2,2048,512,524288]
CUDA_FA_ROUTE_ALLOC kernel=MMA_F16 need_f16_K=0 need_f16_V=1 workspace_end_offset=4718592 dst_data=(nil) f16_K=(nil) f16_V=0x400000 f16_end=0x480000
CUDA_FA_ROUTE_PLAN device=0 Q=[256,256,16,1] Kraw=turbo2_tcq Vraw=bf16 Kshape=[256,256,4,1] Vshape=[256,256,4,1] Keff=f16 Veff=bf16 turbo_kv=1 prefer_native_vec=0 decode=1 dk=1 dv=0 unsafe_vec_after_turbo_v_decode=0 allow_vec=1 kernel=MMA_F16 need_f16_K=0 need_f16_V=1 Knb=[36,288,72,73728] Vnb=[2,2048,512,524288] Keff_nb=[2,2048,512,524288] Veff_nb=[2,2048,512,524288]
CUDA_FA_ROUTE_ALLOC kernel=MMA_F16 need_f16_K=0 need_f16_V=1 workspace_end_offset=4718592 dst_data=(nil) f16_K=(nil) f16_V=0x400000 f16_end=0x480000
CUDA_FA_ROUTE_PLAN device=0 Q=[256,1,16,1] Kraw=turbo2_tcq Vraw=bf16 Kshape=[256,256,4,1] Vshape=[256,256,4,1] Keff=f16 Veff=bf16 turbo_kv=1 prefer_native_vec=0 decode=1 dk=1 dv=0 unsafe_vec_after_turbo_v_decode=0 allow_vec=1 kernel=MMA_F16 need_f16_K=0 need_f16_V=1 Knb=[36,288,72,73728] Vnb=[2,2048,512,524288] Keff_nb=[2,2048,512,524288] Veff_nb=[2,2048,512,524288]
CUDA_FA_ROUTE_SUPPORTED kernel=MMA_F16 effK=f16 effV=bf16 supported=1
CUDA_FA_ROUTE_PLAN device=0 Q=[256,1,16,1] Kraw=turbo2_tcq Vraw=bf16 Kshape=[256,256,4,1] Vshape=[256,256,4,1] Keff=f16 Veff=bf16 turbo_kv=1 prefer_native_vec=0 decode=1 dk=1 dv=0 unsafe_vec_after_turbo_v_decode=0 allow_vec=1 kernel=MMA_F16 need_f16_K=0 need_f16_V=1 Knb=[36,288,72,73728] Vnb=[2,2048,512,524288] Keff_nb=[2,2048,512,524288] Veff_nb=[2,2048,512,524288]
CUDA_FA_ROUTE_SUPPORTED kernel=MMA_F16 effK=f16 effV=bf16 supported=1
CUDA_FA_ROUTE_PLAN device=0 Q=[256,1,16,1] Kraw=turbo2_tcq Vraw=bf16 Kshape=[256,256,4,1] Vshape=[256,256,4,1] Keff=f16 Veff=bf16 turbo_kv=1 prefer_native_vec=0 decode=1 dk=1 dv=0 unsafe_vec_after_turbo_v_decode=0 allow_vec=1 kernel=MMA_F16 need_f16_K=0 need_f16_V=1 Knb=[36,288,72,73728] Vnb=[2,2048,512,524288] Keff_nb=[2,2048,512,524288] Veff_nb=[2,2048,512,524288]
CUDA_FA_ROUTE_SUPPORTED kernel=MMA_F16 effK=f16 effV=bf16 supported=1
CUDA_FA_ROUTE_PLAN device=0 Q=[256,1,16,1] Kraw=turbo2_tcq Vraw=bf16 Kshape=[256,256,4,1] Vshape=[256,256,4,1] Keff=f16 Veff=bf16 turbo_kv=1 prefer_native_vec=0 decode=1 dk=1 dv=0 unsafe_vec_after_turbo_v_decode=0 allow_vec=1 kernel=MMA_F16 need_f16_K=0 need_f16_V=1 Knb=[36,288,72,73728] Vnb=[2,2048,512,524288] Keff_nb=[2,2048,512,524288] Veff_nb=[2,2048,512,524288]
CUDA_FA_ROUTE_SUPPORTED kernel=MMA_F16 effK=f16 effV=bf16 supported=1
CUDA_FA_ROUTE_PLAN device=0 Q=[256,1,16,1] Kraw=turbo2_tcq Vraw=bf16 Kshape=[256,256,4,1] Vshape=[256,256,4,1] Keff=f16 Veff=bf16 turbo_kv=1 prefer_native_vec=0 decode=1 dk=1 dv=0 unsafe_vec_after_turbo_v_decode=0 allow_vec=1 kernel=MMA_F16 need_f16_K=0 need_f16_V=1 Knb=[36,288,72,73728] Vnb=[2,2048,512,524288] Keff_nb=[2,2048,512,524288] Veff_nb=[2,2048,512,524288]
CUDA_FA_ROUTE_SUPPORTED kernel=MMA_F16 effK=f16 effV=bf16 supported=1
CUDA_FA_ROUTE_PLAN device=0 Q=[256,1,16,1] Kraw=turbo2_tcq Vraw=bf16 Kshape=[256,256,4,1] Vshape=[256,256,4,1] Keff=f16 Veff=bf16 turbo_kv=1 prefer_native_vec=0 decode=1 dk=1 dv=0 unsafe_vec_after_turbo_v_decode=0 allow_vec=1 kernel=MMA_F16 need_f16_K=0 need_f16_V=1 Knb=[36,288,72,73728] Vnb=[2,2048,512,524288] Keff_nb=[2,2048,512,524288] Veff_nb=[2,2048,512,524288]
CUDA_FA_ROUTE_SUPPORTED kernel=MMA_F16 effK=f16 effV=bf16 supported=1
CUDA_FA_ROUTE_PLAN device=0 Q=[256,1,16,1] Kraw=turbo2_tcq Vraw=bf16 Kshape=[256,256,4,1] Vshape=[256,256,4,1] Keff=f16 Veff=bf16 turbo_kv=1 prefer_native_vec=0 decode=1 dk=1 dv=0 unsafe_vec_after_turbo_v_decode=0 allow_vec=1 kernel=MMA_F16 need_f16_K=0 need_f16_V=1 Knb=[36,288,72,73728] Vnb=[2,2048,512,524288] Keff_nb=[2,2048,512,524288] Veff_nb=[2,2048,512,524288]
CUDA_FA_ROUTE_SUPPORTED kernel=MMA_F16 effK=f16 effV=bf16 supported=1
CUDA_FA_ROUTE_PLAN device=0 Q=[256,1,16,1] Kraw=turbo2_tcq Vraw=bf16 Kshape=[256,256,4,1] Vshape=[256,256,4,1] Keff=f16 Veff=bf16 turbo_kv=1 prefer_native_vec=0 decode=1 dk=1 dv=0 unsafe_vec_after_turbo_v_decode=0 allow_vec=1 kernel=MMA_F16 need_f16_K=0 need_f16_V=1 Knb=[36,288,72,73728] Vnb=[2,2048,512,524288] Keff_nb=[2,2048,512,524288] Veff_nb=[2,2048,512,524288]
CUDA_FA_ROUTE_SUPPORTED kernel=MMA_F16 effK=f16 effV=bf16 supported=1
CUDA_FA_ROUTE_PLAN device=0 Q=[256,256,16,1] Kraw=turbo2_tcq Vraw=bf16 Kshape=[256,256,4,1] Vshape=[256,256,4,1] Keff=f16 Veff=bf16 turbo_kv=1 prefer_native_vec=0 decode=1 dk=1 dv=0 unsafe_vec_after_turbo_v_decode=0 allow_vec=1 kernel=MMA_F16 need_f16_K=0 need_f16_V=1 Knb=[36,288,72,73728] Vnb=[2,2048,512,524288] Keff_nb=[2,2048,512,524288] Veff_nb=[2,2048,512,524288]
CUDA_FA_ROUTE_SUPPORTED kernel=MMA_F16 effK=f16 effV=bf16 supported=1
CUDA_FA_ROUTE_PLAN device=0 Q=[256,256,16,1] Kraw=turbo2_tcq Vraw=bf16 Kshape=[256,256,4,1] Vshape=[256,256,4,1] Keff=f16 Veff=bf16 turbo_kv=1 prefer_native_vec=0 decode=1 dk=1 dv=0 unsafe_vec_after_turbo_v_decode=0 allow_vec=1 kernel=MMA_F16 need_f16_K=0 need_f16_V=1 Knb=[36,288,72,73728] Vnb=[2,2048,512,524288] Keff_nb=[2,2048,512,524288] Veff_nb=[2,2048,512,524288]
CUDA_FA_ROUTE_SUPPORTED kernel=MMA_F16 effK=f16 effV=bf16 supported=1
CUDA_FA_ROUTE_PLAN device=0 Q=[256,256,16,1] Kraw=turbo2_tcq Vraw=bf16 Kshape=[256,256,4,1] Vshape=[256,256,4,1] Keff=f16 Veff=bf16 turbo_kv=1 prefer_native_vec=0 decode=1 dk=1 dv=0 unsafe_vec_after_turbo_v_decode=0 allow_vec=1 kernel=MMA_F16 need_f16_K=0 need_f16_V=1 Knb=[36,288,72,73728] Vnb=[2,2048,512,524288] Keff_nb=[2,2048,512,524288] Veff_nb=[2,2048,512,524288]
CUDA_FA_ROUTE_SUPPORTED kernel=MMA_F16 effK=f16 effV=bf16 supported=1
CUDA_FA_ROUTE_PLAN device=0 Q=[256,256,16,1] Kraw=turbo2_tcq Vraw=bf16 Kshape=[256,256,4,1] Vshape=[256,256,4,1] Keff=f16 Veff=bf16 turbo_kv=1 prefer_native_vec=0 decode=1 dk=1 dv=0 unsafe_vec_after_turbo_v_decode=0 allow_vec=1 kernel=MMA_F16 need_f16_K=0 need_f16_V=1 Knb=[36,288,72,73728] Vnb=[2,2048,512,524288] Keff_nb=[2,2048,512,524288] Veff_nb=[2,2048,512,524288]
CUDA_FA_ROUTE_SUPPORTED kernel=MMA_F16 effK=f16 effV=bf16 supported=1
CUDA_FA_ROUTE_PLAN device=0 Q=[256,256,16,1] Kraw=turbo2_tcq Vraw=bf16 Kshape=[256,256,4,1] Vshape=[256,256,4,1] Keff=f16 Veff=bf16 turbo_kv=1 prefer_native_vec=0 decode=1 dk=1 dv=0 unsafe_vec_after_turbo_v_decode=0 allow_vec=1 kernel=MMA_F16 need_f16_K=0 need_f16_V=1 Knb=[36,288,72,73728] Vnb=[2,2048,512,524288] Keff_nb=[2,2048,512,524288] Veff_nb=[2,2048,512,524288]
CUDA_FA_ROUTE_SUPPORTED kernel=MMA_F16 effK=f16 effV=bf16 supported=1
CUDA_FA_ROUTE_PLAN device=0 Q=[256,256,16,1] Kraw=turbo2_tcq Vraw=bf16 Kshape=[256,256,4,1] Vshape=[256,256,4,1] Keff=f16 Veff=bf16 turbo_kv=1 prefer_native_vec=0 decode=1 dk=1 dv=0 unsafe_vec_after_turbo_v_decode=0 allow_vec=1 kernel=MMA_F16 need_f16_K=0 need_f16_V=1 Knb=[36,288,72,73728] Vnb=[2,2048,512,524288] Keff_nb=[2,2048,512,524288] Veff_nb=[2,2048,512,524288]
CUDA_FA_ROUTE_SUPPORTED kernel=MMA_F16 effK=f16 effV=bf16 supported=1
CUDA_FA_ROUTE_PLAN device=0 Q=[256,256,16,1] Kraw=turbo2_tcq Vraw=bf16 Kshape=[256,256,4,1] Vshape=[256,256,4,1] Keff=f16 Veff=bf16 turbo_kv=1 prefer_native_vec=0 decode=1 dk=1 dv=0 unsafe_vec_after_turbo_v_decode=0 allow_vec=1 kernel=MMA_F16 need_f16_K=0 need_f16_V=1 Knb=[36,288,72,73728] Vnb=[2,2048,512,524288] Keff_nb=[2,2048,512,524288] Veff_nb=[2,2048,512,524288]
CUDA_FA_ROUTE_SUPPORTED kernel=MMA_F16 effK=f16 effV=bf16 supported=1
CUDA_FA_ROUTE_PLAN device=0 Q=[256,256,16,1] Kraw=turbo2_tcq Vraw=bf16 Kshape=[256,256,4,1] Vshape=[256,256,4,1] Keff=f16 Veff=bf16 turbo_kv=1 prefer_native_vec=0 decode=1 dk=1 dv=0 unsafe_vec_after_turbo_v_decode=0 allow_vec=1 kernel=MMA_F16 need_f16_K=0 need_f16_V=1 Knb=[36,288,72,73728] Vnb=[2,2048,512,524288] Keff_nb=[2,2048,512,524288] Veff_nb=[2,2048,512,524288]
CUDA_FA_ROUTE_SUPPORTED kernel=MMA_F16 effK=f16 effV=bf16 supported=1
CUDA_FA_ROUTE_PLAN device=0 Q=[256,1,16,1] Kraw=turbo2_tcq Vraw=bf16 Kshape=[256,256,4,1] Vshape=[256,256,4,1] Keff=f16 Veff=bf16 turbo_kv=1 prefer_native_vec=0 decode=1 dk=1 dv=0 unsafe_vec_after_turbo_v_decode=0 allow_vec=1 kernel=MMA_F16 need_f16_K=0 need_f16_V=1 Knb=[36,288,72,73728] Vnb=[2,2048,512,524288] Keff_nb=[2,2048,512,524288] Veff_nb=[2,2048,512,524288]
CUDA_FA_ROUTE_SUPPORTED kernel=MMA_F16 effK=f16 effV=bf16 supported=1
CUDA_FA_ROUTE_PLAN device=0 Q=[256,1,16,1] Kraw=turbo2_tcq Vraw=bf16 Kshape=[256,256,4,1] Vshape=[256,256,4,1] Keff=f16 Veff=bf16 turbo_kv=1 prefer_native_vec=0 decode=1 dk=1 dv=0 unsafe_vec_after_turbo_v_decode=0 allow_vec=1 kernel=MMA_F16 need_f16_K=0 need_f16_V=1 Knb=[36,288,72,73728] Vnb=[2,2048,512,524288] Keff_nb=[2,2048,512,524288] Veff_nb=[2,2048,512,524288]
CUDA_FA_ROUTE_SUPPORTED kernel=MMA_F16 effK=f16 effV=bf16 supported=1
CUDA_FA_ROUTE_PLAN device=0 Q=[256,1,16,1] Kraw=turbo2_tcq Vraw=bf16 Kshape=[256,256,4,1] Vshape=[256,256,4,1] Keff=f16 Veff=bf16 turbo_kv=1 prefer_native_vec=0 decode=1 dk=1 dv=0 unsafe_vec_after_turbo_v_decode=0 allow_vec=1 kernel=MMA_F16 need_f16_K=0 need_f16_V=1 Knb=[36,288,72,73728] Vnb=[2,2048,512,524288] Keff_nb=[2,2048,512,524288] Veff_nb=[2,2048,512,524288]
CUDA_FA_ROUTE_SUPPORTED kernel=MMA_F16 effK=f16 effV=bf16 supported=1
CUDA_FA_ROUTE_PLAN device=0 Q=[256,1,16,1] Kraw=turbo2_tcq Vraw=bf16 Kshape=[256,256,4,1] Vshape=[256,256,4,1] Keff=f16 Veff=bf16 turbo_kv=1 prefer_native_vec=0 decode=1 dk=1 dv=0 unsafe_vec_after_turbo_v_decode=0 allow_vec=1 kernel=MMA_F16 need_f16_K=0 need_f16_V=1 Knb=[36,288,72,73728] Vnb=[2,2048,512,524288] Keff_nb=[2,2048,512,524288] Veff_nb=[2,2048,512,524288]
CUDA_FA_ROUTE_SUPPORTED kernel=MMA_F16 effK=f16 effV=bf16 supported=1
CUDA_FA_ROUTE_PLAN device=0 Q=[256,1,16,1] Kraw=turbo2_tcq Vraw=bf16 Kshape=[256,256,4,1] Vshape=[256,256,4,1] Keff=f16 Veff=bf16 turbo_kv=1 prefer_native_vec=0 decode=1 dk=1 dv=0 unsafe_vec_after_turbo_v_decode=0 allow_vec=1 kernel=MMA_F16 need_f16_K=0 need_f16_V=1 Knb=[36,288,72,73728] Vnb=[2,2048,512,524288] Keff_nb=[2,2048,512,524288] Veff_nb=[2,2048,512,524288]
CUDA_FA_ROUTE_SUPPORTED kernel=MMA_F16 effK=f16 effV=bf16 supported=1
CUDA_FA_ROUTE_PLAN device=0 Q=[256,1,16,1] Kraw=turbo2_tcq Vraw=bf16 Kshape=[256,256,4,1] Vshape=[256,256,4,1] Keff=f16 Veff=bf16 turbo_kv=1 prefer_native_vec=0 decode=1 dk=1 dv=0 unsafe_vec_after_turbo_v_decode=0 allow_vec=1 kernel=MMA_F16 need_f16_K=0 need_f16_V=1 Knb=[36,288,72,73728] Vnb=[2,2048,512,524288] Keff_nb=[2,2048,512,524288] Veff_nb=[2,2048,512,524288]
CUDA_FA_ROUTE_SUPPORTED kernel=MMA_F16 effK=f16 effV=bf16 supported=1
CUDA_FA_ROUTE_PLAN device=0 Q=[256,1,16,1] Kraw=turbo2_tcq Vraw=bf16 Kshape=[256,256,4,1] Vshape=[256,256,4,1] Keff=f16 Veff=bf16 turbo_kv=1 prefer_native_vec=0 decode=1 dk=1 dv=0 unsafe_vec_after_turbo_v_decode=0 allow_vec=1 kernel=MMA_F16 need_f16_K=0 need_f16_V=1 Knb=[36,288,72,73728] Vnb=[2,2048,512,524288] Keff_nb=[2,2048,512,524288] Veff_nb=[2,2048,512,524288]
CUDA_FA_ROUTE_SUPPORTED kernel=MMA_F16 effK=f16 effV=bf16 supported=1
CUDA_FA_ROUTE_PLAN device=0 Q=[256,1,16,1] Kraw=turbo2_tcq Vraw=bf16 Kshape=[256,256,4,1] Vshape=[256,256,4,1] Keff=f16 Veff=bf16 turbo_kv=1 prefer_native_vec=0 decode=1 dk=1 dv=0 unsafe_vec_after_turbo_v_decode=0 allow_vec=1 kernel=MMA_F16 need_f16_K=0 need_f16_V=1 Knb=[36,288,72,73728] Vnb=[2,2048,512,524288] Keff_nb=[2,2048,512,524288] Veff_nb=[2,2048,512,524288]
CUDA_FA_ROUTE_SUPPORTED kernel=MMA_F16 effK=f16 effV=bf16 supported=1
CUDA_FA_ROUTE_PLAN device=0 Q=[256,16,16,1] Kraw=turbo2_tcq Vraw=bf16 Kshape=[256,256,4,1] Vshape=[256,256,4,1] Keff=f16 Veff=bf16 turbo_kv=1 prefer_native_vec=0 decode=1 dk=1 dv=0 unsafe_vec_after_turbo_v_decode=0 allow_vec=1 kernel=MMA_F16 need_f16_K=0 need_f16_V=1 Knb=[36,288,72,73728] Vnb=[2,2048,512,524288] Keff_nb=[2,2048,512,524288] Veff_nb=[2,2048,512,524288]
CUDA_FA_ROUTE_SUPPORTED kernel=MMA_F16 effK=f16 effV=bf16 supported=1
CUDA_FA_ROUTE_PLAN device=0 Q=[256,16,16,1] Kraw=turbo2_tcq Vraw=bf16 Kshape=[256,256,4,1] Vshape=[256,256,4,1] Keff=f16 Veff=bf16 turbo_kv=1 prefer_native_vec=0 decode=1 dk=1 dv=0 unsafe_vec_after_turbo_v_decode=0 allow_vec=1 kernel=MMA_F16 need_f16_K=0 need_f16_V=1 Knb=[36,288,72,73728] Vnb=[2,2048,512,524288] Keff_nb=[2,2048,512,524288] Veff_nb=[2,2048,512,524288]
CUDA_FA_ROUTE_SUPPORTED kernel=MMA_F16 effK=f16 effV=bf16 supported=1
CUDA_FA_ROUTE_PLAN device=0 Q=[256,16,16,1] Kraw=turbo2_tcq Vraw=bf16 Kshape=[256,256,4,1] Vshape=[256,256,4,1] Keff=f16 Veff=bf16 turbo_kv=1 prefer_native_vec=0 decode=1 dk=1 dv=0 unsafe_vec_after_turbo_v_decode=0 allow_vec=1 kernel=MMA_F16 need_f16_K=0 need_f16_V=1 Knb=[36,288,72,73728] Vnb=[2,2048,512,524288] Keff_nb=[2,2048,512,524288] Veff_nb=[2,2048,512,524288]
CUDA_FA_ROUTE_SUPPORTED kernel=MMA_F16 effK=f16 effV=bf16 supported=1
CUDA_FA_ROUTE_PLAN device=0 Q=[256,16,16,1] Kraw=turbo2_tcq Vraw=bf16 Kshape=[256,256,4,1] Vshape=[256,256,4,1] Keff=f16 Veff=bf16 turbo_kv=1 prefer_native_vec=0 decode=1 dk=1 dv=0 unsafe_vec_after_turbo_v_decode=0 allow_vec=1 kernel=MMA_F16 need_f16_K=0 need_f16_V=1 Knb=[36,288,72,73728] Vnb=[2,2048,512,524288] Keff_nb=[2,2048,512,524288] Veff_nb=[2,2048,512,524288]
CUDA_FA_ROUTE_SUPPORTED kernel=MMA_F16 effK=f16 effV=bf16 supported=1
CUDA_FA_ROUTE_PLAN device=0 Q=[256,16,16,1] Kraw=turbo2_tcq Vraw=bf16 Kshape=[256,256,4,1] Vshape=[256,256,4,1] Keff=f16 Veff=bf16 turbo_kv=1 prefer_native_vec=0 decode=1 dk=1 dv=0 unsafe_vec_after_turbo_v_decode=0 allow_vec=1 kernel=MMA_F16 need_f16_K=0 need_f16_V=1 Knb=[36,288,72,73728] Vnb=[2,2048,512,524288] Keff_nb=[2,2048,512,524288] Veff_nb=[2,2048,512,524288]
CUDA_FA_ROUTE_SUPPORTED kernel=MMA_F16 effK=f16 effV=bf16 supported=1
CUDA_FA_ROUTE_PLAN device=0 Q=[256,16,16,1] Kraw=turbo2_tcq Vraw=bf16 Kshape=[256,256,4,1] Vshape=[256,256,4,1] Keff=f16 Veff=bf16 turbo_kv=1 prefer_native_vec=0 decode=1 dk=1 dv=0 unsafe_vec_after_turbo_v_decode=0 allow_vec=1 kernel=MMA_F16 need_f16_K=0 need_f16_V=1 Knb=[36,288,72,73728] Vnb=[2,2048,512,524288] Keff_nb=[2,2048,512,524288] Veff_nb=[2,2048,512,524288]
CUDA_FA_ROUTE_SUPPORTED kernel=MMA_F16 effK=f16 effV=bf16 supported=1
CUDA_FA_ROUTE_PLAN device=0 Q=[256,16,16,1] Kraw=turbo2_tcq Vraw=bf16 Kshape=[256,256,4,1] Vshape=[256,256,4,1] Keff=f16 Veff=bf16 turbo_kv=1 prefer_native_vec=0 decode=1 dk=1 dv=0 unsafe_vec_after_turbo_v_decode=0 allow_vec=1 kernel=MMA_F16 need_f16_K=0 need_f16_V=1 Knb=[36,288,72,73728] Vnb=[2,2048,512,524288] Keff_nb=[2,2048,512,524288] Veff_nb=[2,2048,512,524288]
CUDA_FA_ROUTE_SUPPORTED kernel=MMA_F16 effK=f16 effV=bf16 supported=1
CUDA_FA_ROUTE_PLAN device=0 Q=[256,16,16,1] Kraw=turbo2_tcq Vraw=bf16 Kshape=[256,256,4,1] Vshape=[256,256,4,1] Keff=f16 Veff=bf16 turbo_kv=1 prefer_native_vec=0 decode=1 dk=1 dv=0 unsafe_vec_after_turbo_v_decode=0 allow_vec=1 kernel=MMA_F16 need_f16_K=0 need_f16_V=1 Knb=[36,288,72,73728] Vnb=[2,2048,512,524288] Keff_nb=[2,2048,512,524288] Veff_nb=[2,2048,512,524288]
CUDA_FA_ROUTE_SUPPORTED kernel=MMA_F16 effK=f16 effV=bf16 supported=1
CUDA_FA_ROUTE_PLAN device=0 Q=[256,1,16,1] Kraw=turbo2_tcq Vraw=bf16 Kshape=[256,256,4,1] Vshape=[256,256,4,1] Keff=f16 Veff=bf16 turbo_kv=1 prefer_native_vec=0 decode=1 dk=1 dv=0 unsafe_vec_after_turbo_v_decode=0 allow_vec=1 kernel=MMA_F16 need_f16_K=0 need_f16_V=1 Knb=[36,288,72,73728] Vnb=[2,2048,512,524288] Keff_nb=[2,2048,512,524288] Veff_nb=[2,2048,512,524288]
CUDA_FA_ROUTE_SUPPORTED kernel=MMA_F16 effK=f16 effV=bf16 supported=1
CUDA_FA_ROUTE_PLAN device=0 Q=[256,1,16,1] Kraw=turbo2_tcq Vraw=bf16 Kshape=[256,256,4,1] Vshape=[256,256,4,1] Keff=f16 Veff=bf16 turbo_kv=1 prefer_native_vec=0 decode=1 dk=1 dv=0 unsafe_vec_after_turbo_v_decode=0 allow_vec=1 kernel=MMA_F16 need_f16_K=0 need_f16_V=1 Knb=[36,288,72,73728] Vnb=[2,2048,512,524288] Keff_nb=[2,2048,512,524288] Veff_nb=[2,2048,512,524288]
CUDA_FA_ROUTE_SUPPORTED kernel=MMA_F16 effK=f16 effV=bf16 supported=1
CUDA_FA_ROUTE_PLAN device=0 Q=[256,1,16,1] Kraw=turbo2_tcq Vraw=bf16 Kshape=[256,256,4,1] Vshape=[256,256,4,1] Keff=f16 Veff=bf16 turbo_kv=1 prefer_native_vec=0 decode=1 dk=1 dv=0 unsafe_vec_after_turbo_v_decode=0 allow_vec=1 kernel=MMA_F16 need_f16_K=0 need_f16_V=1 Knb=[36,288,72,73728] Vnb=[2,2048,512,524288] Keff_nb=[2,2048,512,524288] Veff_nb=[2,2048,512,524288]
CUDA_FA_ROUTE_SUPPORTED kernel=MMA_F16 effK=f16 effV=bf16 supported=1
CUDA_FA_ROUTE_PLAN device=0 Q=[256,1,16,1] Kraw=turbo2_tcq Vraw=bf16 Kshape=[256,256,4,1] Vshape=[256,256,4,1] Keff=f16 Veff=bf16 turbo_kv=1 prefer_native_vec=0 decode=1 dk=1 dv=0 unsafe_vec_after_turbo_v_decode=0 allow_vec=1 kernel=MMA_F16 need_f16_K=0 need_f16_V=1 Knb=[36,288,72,73728] Vnb=[2,2048,512,524288] Keff_nb=[2,2048,512,524288] Veff_nb=[2,2048,512,524288]
CUDA_FA_ROUTE_SUPPORTED kernel=MMA_F16 effK=f16 effV=bf16 supported=1
CUDA_FA_ROUTE_PLAN device=0 Q=[256,1,16,1] Kraw=turbo2_tcq Vraw=bf16 Kshape=[256,256,4,1] Vshape=[256,256,4,1] Keff=f16 Veff=bf16 turbo_kv=1 prefer_native_vec=0 decode=1 dk=1 dv=0 unsafe_vec_after_turbo_v_decode=0 allow_vec=1 kernel=MMA_F16 need_f16_K=0 need_f16_V=1 Knb=[36,288,72,73728] Vnb=[2,2048,512,524288] Keff_nb=[2,2048,512,524288] Veff_nb=[2,2048,512,524288]
CUDA_FA_ROUTE_SUPPORTED kernel=MMA_F16 effK=f16 effV=bf16 supported=1
CUDA_FA_ROUTE_PLAN device=0 Q=[256,1,16,1] Kraw=turbo2_tcq Vraw=bf16 Kshape=[256,256,4,1] Vshape=[256,256,4,1] Keff=f16 Veff=bf16 turbo_kv=1 prefer_native_vec=0 decode=1 dk=1 dv=0 unsafe_vec_after_turbo_v_decode=0 allow_vec=1 kernel=MMA_F16 need_f16_K=0 need_f16_V=1 Knb=[36,288,72,73728] Vnb=[2,2048,512,524288] Keff_nb=[2,2048,512,524288] Veff_nb=[2,2048,512,524288]
CUDA_FA_ROUTE_SUPPORTED kernel=MMA_F16 effK=f16 effV=bf16 supported=1
CUDA_FA_ROUTE_PLAN device=0 Q=[256,1,16,1] Kraw=turbo2_tcq Vraw=bf16 Kshape=[256,256,4,1] Vshape=[256,256,4,1] Keff=f16 Veff=bf16 turbo_kv=1 prefer_native_vec=0 decode=1 dk=1 dv=0 unsafe_vec_after_turbo_v_decode=0 allow_vec=1 kernel=MMA_F16 need_f16_K=0 need_f16_V=1 Knb=[36,288,72,73728] Vnb=[2,2048,512,524288] Keff_nb=[2,2048,512,524288] Veff_nb=[2,2048,512,524288]
CUDA_FA_ROUTE_SUPPORTED kernel=MMA_F16 effK=f16 effV=bf16 supported=1
CUDA_FA_ROUTE_PLAN device=0 Q=[256,1,16,1] Kraw=turbo2_tcq Vraw=bf16 Kshape=[256,256,4,1] Vshape=[256,256,4,1] Keff=f16 Veff=bf16 turbo_kv=1 prefer_native_vec=0 decode=1 dk=1 dv=0 unsafe_vec_after_turbo_v_decode=0 allow_vec=1 kernel=MMA_F16 need_f16_K=0 need_f16_V=1 Knb=[36,288,72,73728] Vnb=[2,2048,512,524288] Keff_nb=[2,2048,512,524288] Veff_nb=[2,2048,512,524288]
CUDA_FA_ROUTE_SUPPORTED kernel=MMA_F16 effK=f16 effV=bf16 supported=1
CUDA_FA_ROUTE_PLAN device=0 Q=[256,256,16,1] Kraw=turbo2_tcq Vraw=bf16 Kshape=[256,256,4,1] Vshape=[256,256,4,1] Keff=f16 Veff=bf16 turbo_kv=1 prefer_native_vec=0 decode=1 dk=1 dv=0 unsafe_vec_after_turbo_v_decode=0 allow_vec=1 kernel=MMA_F16 need_f16_K=0 need_f16_V=1 Knb=[36,288,72,73728] Vnb=[2,2048,512,524288] Keff_nb=[2,2048,512,524288] Veff_nb=[2,2048,512,524288]
CUDA_FA_ROUTE_SUPPORTED kernel=MMA_F16 effK=f16 effV=bf16 supported=1
CUDA_FA_ROUTE_PLAN device=0 Q=[256,256,16,1] Kraw=turbo2_tcq Vraw=bf16 Kshape=[256,256,4,1] Vshape=[256,256,4,1] Keff=f16 Veff=bf16 turbo_kv=1 prefer_native_vec=0 decode=1 dk=1 dv=0 unsafe_vec_after_turbo_v_decode=0 allow_vec=1 kernel=MMA_F16 need_f16_K=0 need_f16_V=1 Knb=[36,288,72,73728] Vnb=[2,2048,512,524288] Keff_nb=[2,2048,512,524288] Veff_nb=[2,2048,512,524288]
CUDA_FA_ROUTE_SUPPORTED kernel=MMA_F16 effK=f16 effV=bf16 supported=1
CUDA_FA_ROUTE_PLAN device=0 Q=[256,256,16,1] Kraw=turbo2_tcq Vraw=bf16 Kshape=[256,256,4,1] Vshape=[256,256,4,1] Keff=f16 Veff=bf16 turbo_kv=1 prefer_native_vec=0 decode=1 dk=1 dv=0 unsafe_vec_after_turbo_v_decode=0 allow_vec=1 kernel=MMA_F16 need_f16_K=0 need_f16_V=1 Knb=[36,288,72,73728] Vnb=[2,2048,512,524288] Keff_nb=[2,2048,512,524288] Veff_nb=[2,2048,512,524288]
CUDA_FA_ROUTE_SUPPORTED kernel=MMA_F16 effK=f16 effV=bf16 supported=1
CUDA_FA_ROUTE_PLAN device=0 Q=[256,256,16,1] Kraw=turbo2_tcq Vraw=bf16 Kshape=[256,256,4,1] Vshape=[256,256,4,1] Keff=f16 Veff=bf16 turbo_kv=1 prefer_native_vec=0 decode=1 dk=1 dv=0 unsafe_vec_after_turbo_v_decode=0 allow_vec=1 kernel=MMA_F16 need_f16_K=0 need_f16_V=1 Knb=[36,288,72,73728] Vnb=[2,2048,512,524288] Keff_nb=[2,2048,512,524288] Veff_nb=[2,2048,512,524288]
CUDA_FA_ROUTE_SUPPORTED kernel=MMA_F16 effK=f16 effV=bf16 supported=1
CUDA_FA_ROUTE_PLAN device=0 Q=[256,256,16,1] Kraw=turbo2_tcq Vraw=bf16 Kshape=[256,256,4,1] Vshape=[256,256,4,1] Keff=f16 Veff=bf16 turbo_kv=1 prefer_native_vec=0 decode=1 dk=1 dv=0 unsafe_vec_after_turbo_v_decode=0 allow_vec=1 kernel=MMA_F16 need_f16_K=0 need_f16_V=1 Knb=[36,288,72,73728] Vnb=[2,2048,512,524288] Keff_nb=[2,2048,512,524288] Veff_nb=[2,2048,512,524288]
CUDA_FA_ROUTE_SUPPORTED kernel=MMA_F16 effK=f16 effV=bf16 supported=1
CUDA_FA_ROUTE_PLAN device=0 Q=[256,256,16,1] Kraw=turbo2_tcq Vraw=bf16 Kshape=[256,256,4,1] Vshape=[256,256,4,1] Keff=f16 Veff=bf16 turbo_kv=1 prefer_native_vec=0 decode=1 dk=1 dv=0 unsafe_vec_after_turbo_v_decode=0 allow_vec=1 kernel=MMA_F16 need_f16_K=0 need_f16_V=1 Knb=[36,288,72,73728] Vnb=[2,2048,512,524288] Keff_nb=[2,2048,512,524288] Veff_nb=[2,2048,512,524288]
CUDA_FA_ROUTE_SUPPORTED kernel=MMA_F16 effK=f16 effV=bf16 supported=1
CUDA_FA_ROUTE_PLAN device=0 Q=[256,256,16,1] Kraw=turbo2_tcq Vraw=bf16 Kshape=[256,256,4,1] Vshape=[256,256,4,1] Keff=f16 Veff=bf16 turbo_kv=1 prefer_native_vec=0 decode=1 dk=1 dv=0 unsafe_vec_after_turbo_v_decode=0 allow_vec=1 kernel=MMA_F16 need_f16_K=0 need_f16_V=1 Knb=[36,288,72,73728] Vnb=[2,2048,512,524288] Keff_nb=[2,2048,512,524288] Veff_nb=[2,2048,512,524288]
CUDA_FA_ROUTE_SUPPORTED kernel=MMA_F16 effK=f16 effV=bf16 supported=1
CUDA_FA_ROUTE_PLAN device=0 Q=[256,256,16,1] Kraw=turbo2_tcq Vraw=bf16 Kshape=[256,256,4,1] Vshape=[256,256,4,1] Keff=f16 Veff=bf16 turbo_kv=1 prefer_native_vec=0 decode=1 dk=1 dv=0 unsafe_vec_after_turbo_v_decode=0 allow_vec=1 kernel=MMA_F16 need_f16_K=0 need_f16_V=1 Knb=[36,288,72,73728] Vnb=[2,2048,512,524288] Keff_nb=[2,2048,512,524288] Veff_nb=[2,2048,512,524288]
CUDA_FA_ROUTE_SUPPORTED kernel=MMA_F16 effK=f16 effV=bf16 supported=1
CUDA_FA_ROUTE_PLAN device=0 Q=[256,256,16,1] Kraw=turbo2_tcq Vraw=bf16 Kshape=[256,256,4,1] Vshape=[256,256,4,1] Keff=f16 Veff=bf16 turbo_kv=1 prefer_native_vec=0 decode=1 dk=1 dv=0 unsafe_vec_after_turbo_v_decode=0 allow_vec=1 kernel=MMA_F16 need_f16_K=0 need_f16_V=1 Knb=[36,288,72,73728] Vnb=[2,2048,512,524288] Keff_nb=[2,2048,512,524288] Veff_nb=[2,2048,512,524288]
CUDA_FA_ROUTE_ALLOC kernel=MMA_F16 need_f16_K=0 need_f16_V=1 workspace_end_offset=4718592 dst_data=(nil) f16_K=(nil) f16_V=0x400000 f16_end=0x480000
CUDA_FA_ROUTE_PLAN device=0 Q=[256,256,16,1] Kraw=turbo2_tcq Vraw=bf16 Kshape=[256,256,4,1] Vshape=[256,256,4,1] Keff=f16 Veff=bf16 turbo_kv=1 prefer_native_vec=0 decode=1 dk=1 dv=0 unsafe_vec_after_turbo_v_decode=0 allow_vec=1 kernel=MMA_F16 need_f16_K=0 need_f16_V=1 Knb=[36,288,72,73728] Vnb=[2,2048,512,524288] Keff_nb=[2,2048,512,524288] Veff_nb=[2,2048,512,524288]
CUDA_FA_ROUTE_ALLOC kernel=MMA_F16 need_f16_K=0 need_f16_V=1 workspace_end_offset=4718592 dst_data=(nil) f16_K=(nil) f16_V=0x400000 f16_end=0x480000
CUDA_FA_ROUTE_PLAN device=0 Q=[256,256,16,1] Kraw=turbo2_tcq Vraw=bf16 Kshape=[256,256,4,1] Vshape=[256,256,4,1] Keff=f16 Veff=bf16 turbo_kv=1 prefer_native_vec=0 decode=1 dk=1 dv=0 unsafe_vec_after_turbo_v_decode=0 allow_vec=1 kernel=MMA_F16 need_f16_K=0 need_f16_V=1 Knb=[36,288,72,73728] Vnb=[2,2048,512,524288] Keff_nb=[2,2048,512,524288] Veff_nb=[2,2048,512,524288]
CUDA_FA_ROUTE_ALLOC kernel=MMA_F16 need_f16_K=0 need_f16_V=1 workspace_end_offset=4718592 dst_data=(nil) f16_K=(nil) f16_V=0x400000 f16_end=0x480000
CUDA_FA_ROUTE_PLAN device=0 Q=[256,256,16,1] Kraw=turbo2_tcq Vraw=bf16 Kshape=[256,256,4,1] Vshape=[256,256,4,1] Keff=f16 Veff=bf16 turbo_kv=1 prefer_native_vec=0 decode=1 dk=1 dv=0 unsafe_vec_after_turbo_v_decode=0 allow_vec=1 kernel=MMA_F16 need_f16_K=0 need_f16_V=1 Knb=[36,288,72,73728] Vnb=[2,2048,512,524288] Keff_nb=[2,2048,512,524288] Veff_nb=[2,2048,512,524288]
CUDA_FA_ROUTE_ALLOC kernel=MMA_F16 need_f16_K=0 need_f16_V=1 workspace_end_offset=4718592 dst_data=(nil) f16_K=(nil) f16_V=0x400000 f16_end=0x480000
CUDA_FA_ROUTE_PLAN device=0 Q=[256,256,16,1] Kraw=turbo2_tcq Vraw=bf16 Kshape=[256,256,4,1] Vshape=[256,256,4,1] Keff=f16 Veff=bf16 turbo_kv=1 prefer_native_vec=0 decode=1 dk=1 dv=0 unsafe_vec_after_turbo_v_decode=0 allow_vec=1 kernel=MMA_F16 need_f16_K=0 need_f16_V=1 Knb=[36,288,72,73728] Vnb=[2,2048,512,524288] Keff_nb=[2,2048,512,524288] Veff_nb=[2,2048,512,524288]
CUDA_FA_ROUTE_ALLOC kernel=MMA_F16 need_f16_K=0 need_f16_V=1 workspace_end_offset=4718592 dst_data=(nil) f16_K=(nil) f16_V=0x400000 f16_end=0x480000
CUDA_FA_ROUTE_PLAN device=0 Q=[256,256,16,1] Kraw=turbo2_tcq Vraw=bf16 Kshape=[256,256,4,1] Vshape=[256,256,4,1] Keff=f16 Veff=bf16 turbo_kv=1 prefer_native_vec=0 decode=1 dk=1 dv=0 unsafe_vec_after_turbo_v_decode=0 allow_vec=1 kernel=MMA_F16 need_f16_K=0 need_f16_V=1 Knb=[36,288,72,73728] Vnb=[2,2048,512,524288] Keff_nb=[2,2048,512,524288] Veff_nb=[2,2048,512,524288]
CUDA_FA_ROUTE_ALLOC kernel=MMA_F16 need_f16_K=0 need_f16_V=1 workspace_end_offset=4718592 dst_data=(nil) f16_K=(nil) f16_V=0x400000 f16_end=0x480000
CUDA_FA_ROUTE_PLAN device=0 Q=[256,256,16,1] Kraw=turbo2_tcq Vraw=bf16 Kshape=[256,256,4,1] Vshape=[256,256,4,1] Keff=f16 Veff=bf16 turbo_kv=1 prefer_native_vec=0 decode=1 dk=1 dv=0 unsafe_vec_after_turbo_v_decode=0 allow_vec=1 kernel=MMA_F16 need_f16_K=0 need_f16_V=1 Knb=[36,288,72,73728] Vnb=[2,2048,512,524288] Keff_nb=[2,2048,512,524288] Veff_nb=[2,2048,512,524288]
CUDA_FA_ROUTE_ALLOC kernel=MMA_F16 need_f16_K=0 need_f16_V=1 workspace_end_offset=4718592 dst_data=(nil) f16_K=(nil) f16_V=0x400000 f16_end=0x480000
CUDA_FA_ROUTE_PLAN device=0 Q=[256,256,16,1] Kraw=turbo2_tcq Vraw=bf16 Kshape=[256,256,4,1] Vshape=[256,256,4,1] Keff=f16 Veff=bf16 turbo_kv=1 prefer_native_vec=0 decode=1 dk=1 dv=0 unsafe_vec_after_turbo_v_decode=0 allow_vec=1 kernel=MMA_F16 need_f16_K=0 need_f16_V=1 Knb=[36,288,72,73728] Vnb=[2,2048,512,524288] Keff_nb=[2,2048,512,524288] Veff_nb=[2,2048,512,524288]
CUDA_FA_ROUTE_ALLOC kernel=MMA_F16 need_f16_K=0 need_f16_V=1 workspace_end_offset=4718592 dst_data=(nil) f16_K=(nil) f16_V=0x400000 f16_end=0x480000
CUDA_FA_ROUTE_PLAN device=0 Q=[256,256,16,1] Kraw=turbo2_tcq Vraw=bf16 Kshape=[256,256,4,1] Vshape=[256,256,4,1] Keff=f16 Veff=bf16 turbo_kv=1 prefer_native_vec=0 decode=1 dk=1 dv=0 unsafe_vec_after_turbo_v_decode=0 allow_vec=1 kernel=MMA_F16 need_f16_K=0 need_f16_V=1 Knb=[36,288,72,73728] Vnb=[2,2048,512,524288] Keff_nb=[2,2048,512,524288] Veff_nb=[2,2048,512,524288]
CUDA_FA_ROUTE_ALLOC kernel=MMA_F16 need_f16_K=0 need_f16_V=1 workspace_end_offset=4718592 dst_data=(nil) f16_K=(nil) f16_V=0x400000 f16_end=0x480000
CUDA_FA_ROUTE_PLAN device=0 Q=[256,256,16,1] Kraw=turbo2_tcq Vraw=bf16 Kshape=[256,256,4,1] Vshape=[256,256,4,1] Keff=f16 Veff=bf16 turbo_kv=1 prefer_native_vec=0 decode=1 dk=1 dv=0 unsafe_vec_after_turbo_v_decode=0 allow_vec=1 kernel=MMA_F16 need_f16_K=0 need_f16_V=1 Knb=[36,288,72,73728] Vnb=[2,2048,512,524288] Keff_nb=[2,2048,512,524288] Veff_nb=[2,2048,512,524288]
CUDA_FA_ROUTE_ALLOC kernel=MMA_F16 need_f16_K=0 need_f16_V=1 workspace_end_offset=4718592 dst_data=(nil) f16_K=(nil) f16_V=0x400000 f16_end=0x480000
CUDA_FA_ROUTE_PLAN device=0 Q=[256,256,16,1] Kraw=turbo2_tcq Vraw=bf16 Kshape=[256,256,4,1] Vshape=[256,256,4,1] Keff=f16 Veff=bf16 turbo_kv=1 prefer_native_vec=0 decode=1 dk=1 dv=0 unsafe_vec_after_turbo_v_decode=0 allow_vec=1 kernel=MMA_F16 need_f16_K=0 need_f16_V=1 Knb=[36,288,72,73728] Vnb=[2,2048,512,524288] Keff_nb=[2,2048,512,524288] Veff_nb=[2,2048,512,524288]
CUDA_FA_ROUTE_ALLOC kernel=MMA_F16 need_f16_K=0 need_f16_V=1 workspace_end_offset=4718592 dst_data=(nil) f16_K=(nil) f16_V=0x400000 f16_end=0x480000
CUDA_FA_ROUTE_PLAN device=0 Q=[256,256,16,1] Kraw=turbo2_tcq Vraw=bf16 Kshape=[256,256,4,1] Vshape=[256,256,4,1] Keff=f16 Veff=bf16 turbo_kv=1 prefer_native_vec=0 decode=1 dk=1 dv=0 unsafe_vec_after_turbo_v_decode=0 allow_vec=1 kernel=MMA_F16 need_f16_K=0 need_f16_V=1 Knb=[36,288,72,73728] Vnb=[2,2048,512,524288] Keff_nb=[2,2048,512,524288] Veff_nb=[2,2048,512,524288]
CUDA_FA_ROUTE_ALLOC kernel=MMA_F16 need_f16_K=0 need_f16_V=1 workspace_end_offset=4718592 dst_data=(nil) f16_K=(nil) f16_V=0x400000 f16_end=0x480000
CUDA_FA_ROUTE_PLAN device=0 Q=[256,256,16,1] Kraw=turbo2_tcq Vraw=bf16 Kshape=[256,256,4,1] Vshape=[256,256,4,1] Keff=f16 Veff=bf16 turbo_kv=1 prefer_native_vec=0 decode=1 dk=1 dv=0 unsafe_vec_after_turbo_v_decode=0 allow_vec=1 kernel=MMA_F16 need_f16_K=0 need_f16_V=1 Knb=[36,288,72,73728] Vnb=[2,2048,512,524288] Keff_nb=[2,2048,512,524288] Veff_nb=[2,2048,512,524288]
CUDA_FA_ROUTE_ALLOC kernel=MMA_F16 need_f16_K=0 need_f16_V=1 workspace_end_offset=4718592 dst_data=(nil) f16_K=(nil) f16_V=0x400000 f16_end=0x480000
CUDA_FA_ROUTE_PLAN device=0 Q=[256,256,16,1] Kraw=turbo2_tcq Vraw=bf16 Kshape=[256,256,4,1] Vshape=[256,256,4,1] Keff=f16 Veff=bf16 turbo_kv=1 prefer_native_vec=0 decode=1 dk=1 dv=0 unsafe_vec_after_turbo_v_decode=0 allow_vec=1 kernel=MMA_F16 need_f16_K=0 need_f16_V=1 Knb=[36,288,72,73728] Vnb=[2,2048,512,524288] Keff_nb=[2,2048,512,524288] Veff_nb=[2,2048,512,524288]
CUDA_FA_ROUTE_ALLOC kernel=MMA_F16 need_f16_K=0 need_f16_V=1 workspace_end_offset=4718592 dst_data=(nil) f16_K=(nil) f16_V=0x400000 f16_end=0x480000
CUDA_FA_ROUTE_PLAN device=0 Q=[256,256,16,1] Kraw=turbo2_tcq Vraw=bf16 Kshape=[256,256,4,1] Vshape=[256,256,4,1] Keff=f16 Veff=bf16 turbo_kv=1 prefer_native_vec=0 decode=1 dk=1 dv=0 unsafe_vec_after_turbo_v_decode=0 allow_vec=1 kernel=MMA_F16 need_f16_K=0 need_f16_V=1 Knb=[36,288,72,73728] Vnb=[2,2048,512,524288] Keff_nb=[2,2048,512,524288] Veff_nb=[2,2048,512,524288]
CUDA_FA_ROUTE_ALLOC kernel=MMA_F16 need_f16_K=0 need_f16_V=1 workspace_end_offset=4718592 dst_data=(nil) f16_K=(nil) f16_V=0x400000 f16_end=0x480000
CUDA_FA_ROUTE_PLAN device=0 Q=[256,256,16,1] Kraw=turbo2_tcq Vraw=bf16 Kshape=[256,256,4,1] Vshape=[256,256,4,1] Keff=f16 Veff=bf16 turbo_kv=1 prefer_native_vec=0 decode=1 dk=1 dv=0 unsafe_vec_after_turbo_v_decode=0 allow_vec=1 kernel=MMA_F16 need_f16_K=0 need_f16_V=1 Knb=[36,288,72,73728] Vnb=[2,2048,512,524288] Keff_nb=[2,2048,512,524288] Veff_nb=[2,2048,512,524288]
CUDA_FA_ROUTE_ALLOC kernel=MMA_F16 need_f16_K=0 need_f16_V=1 workspace_end_offset=4718592 dst_data=(nil) f16_K=(nil) f16_V=0x400000 f16_end=0x480000
CUDA_FA_ROUTE_PLAN device=0 Q=[256,256,16,1] Kraw=turbo2_tcq Vraw=bf16 Kshape=[256,256,4,1] Vshape=[256,256,4,1] Keff=f16 Veff=bf16 turbo_kv=1 prefer_native_vec=0 decode=1 dk=1 dv=0 unsafe_vec_after_turbo_v_decode=0 allow_vec=1 kernel=MMA_F16 need_f16_K=0 need_f16_V=1 Knb=[36,288,72,73728] Vnb=[2,2048,512,524288] Keff_nb=[2,2048,512,524288] Veff_nb=[2,2048,512,524288]
CUDA_FA_ROUTE_ALLOC kernel=MMA_F16 need_f16_K=0 need_f16_V=1 workspace_end_offset=4718592 dst_data=(nil) f16_K=(nil) f16_V=0x400000 f16_end=0x480000
CUDA_FA_ROUTE_PLAN device=0 Q=[256,256,16,1] Kraw=turbo2_tcq Vraw=bf16 Kshape=[256,256,4,1] Vshape=[256,256,4,1] Keff=f16 Veff=bf16 turbo_kv=1 prefer_native_vec=0 decode=1 dk=1 dv=0 unsafe_vec_after_turbo_v_decode=0 allow_vec=1 kernel=MMA_F16 need_f16_K=0 need_f16_V=1 Knb=[36,288,72,73728] Vnb=[2,2048,512,524288] Keff_nb=[2,2048,512,524288] Veff_nb=[2,2048,512,524288]
CUDA_FA_ROUTE_ALLOC kernel=MMA_F16 need_f16_K=0 need_f16_V=1 workspace_end_offset=4718592 dst_data=(nil) f16_K=(nil) f16_V=0x400000 f16_end=0x480000
CUDA_FA_ROUTE_PLAN device=0 Q=[256,256,16,1] Kraw=turbo2_tcq Vraw=bf16 Kshape=[256,256,4,1] Vshape=[256,256,4,1] Keff=f16 Veff=bf16 turbo_kv=1 prefer_native_vec=0 decode=1 dk=1 dv=0 unsafe_vec_after_turbo_v_decode=0 allow_vec=1 kernel=MMA_F16 need_f16_K=0 need_f16_V=1 Knb=[36,288,72,73728] Vnb=[2,2048,512,524288] Keff_nb=[2,2048,512,524288] Veff_nb=[2,2048,512,524288]
CUDA_FA_ROUTE_ALLOC kernel=MMA_F16 need_f16_K=0 need_f16_V=1 workspace_end_offset=4718592 dst_data=(nil) f16_K=(nil) f16_V=0x400000 f16_end=0x480000
CUDA_FA_ROUTE_PLAN device=0 Q=[256,256,16,1] Kraw=turbo2_tcq Vraw=bf16 Kshape=[256,256,4,1] Vshape=[256,256,4,1] Keff=f16 Veff=bf16 turbo_kv=1 prefer_native_vec=0 decode=1 dk=1 dv=0 unsafe_vec_after_turbo_v_decode=0 allow_vec=1 kernel=MMA_F16 need_f16_K=0 need_f16_V=1 Knb=[36,288,72,73728] Vnb=[2,2048,512,524288] Keff_nb=[2,2048,512,524288] Veff_nb=[2,2048,512,524288]
CUDA_FA_ROUTE_ALLOC kernel=MMA_F16 need_f16_K=0 need_f16_V=1 workspace_end_offset=4718592 dst_data=(nil) f16_K=(nil) f16_V=0x400000 f16_end=0x480000
CUDA_FA_ROUTE_PLAN device=0 Q=[256,256,16,1] Kraw=turbo2_tcq Vraw=bf16 Kshape=[256,256,4,1] Vshape=[256,256,4,1] Keff=f16 Veff=bf16 turbo_kv=1 prefer_native_vec=0 decode=1 dk=1 dv=0 unsafe_vec_after_turbo_v_decode=0 allow_vec=1 kernel=MMA_F16 need_f16_K=0 need_f16_V=1 Knb=[36,288,72,73728] Vnb=[2,2048,512,524288] Keff_nb=[2,2048,512,524288] Veff_nb=[2,2048,512,524288]
CUDA_FA_ROUTE_ALLOC kernel=MMA_F16 need_f16_K=0 need_f16_V=1 workspace_end_offset=4718592 dst_data=(nil) f16_K=(nil) f16_V=0x400000 f16_end=0x480000
CUDA_FA_ROUTE_PLAN device=0 Q=[256,256,16,1] Kraw=turbo2_tcq Vraw=bf16 Kshape=[256,256,4,1] Vshape=[256,256,4,1] Keff=f16 Veff=bf16 turbo_kv=1 prefer_native_vec=0 decode=1 dk=1 dv=0 unsafe_vec_after_turbo_v_decode=0 allow_vec=1 kernel=MMA_F16 need_f16_K=0 need_f16_V=1 Knb=[36,288,72,73728] Vnb=[2,2048,512,524288] Keff_nb=[2,2048,512,524288] Veff_nb=[2,2048,512,524288]
CUDA_FA_ROUTE_ALLOC kernel=MMA_F16 need_f16_K=0 need_f16_V=1 workspace_end_offset=4718592 dst_data=(nil) f16_K=(nil) f16_V=0x400000 f16_end=0x480000
CUDA_FA_ROUTE_PLAN device=0 Q=[256,256,16,1] Kraw=turbo2_tcq Vraw=bf16 Kshape=[256,256,4,1] Vshape=[256,256,4,1] Keff=f16 Veff=bf16 turbo_kv=1 prefer_native_vec=0 decode=1 dk=1 dv=0 unsafe_vec_after_turbo_v_decode=0 allow_vec=1 kernel=MMA_F16 need_f16_K=0 need_f16_V=1 Knb=[36,288,72,73728] Vnb=[2,2048,512,524288] Keff_nb=[2,2048,512,524288] Veff_nb=[2,2048,512,524288]
CUDA_FA_ROUTE_ALLOC kernel=MMA_F16 need_f16_K=0 need_f16_V=1 workspace_end_offset=4718592 dst_data=(nil) f16_K=(nil) f16_V=0x400000 f16_end=0x480000
CUDA_FA_ROUTE_PLAN device=0 Q=[256,256,16,1] Kraw=turbo2_tcq Vraw=bf16 Kshape=[256,256,4,1] Vshape=[256,256,4,1] Keff=f16 Veff=bf16 turbo_kv=1 prefer_native_vec=0 decode=1 dk=1 dv=0 unsafe_vec_after_turbo_v_decode=0 allow_vec=1 kernel=MMA_F16 need_f16_K=0 need_f16_V=1 Knb=[36,288,72,73728] Vnb=[2,2048,512,524288] Keff_nb=[2,2048,512,524288] Veff_nb=[2,2048,512,524288]
CUDA_FA_ROUTE_ALLOC kernel=MMA_F16 need_f16_K=0 need_f16_V=1 workspace_end_offset=4718592 dst_data=(nil) f16_K=(nil) f16_V=0x400000 f16_end=0x480000
CUDA_FA_ROUTE_PLAN device=0 Q=[256,256,16,1] Kraw=turbo2_tcq Vraw=bf16 Kshape=[256,256,4,1] Vshape=[256,256,4,1] Keff=f16 Veff=bf16 turbo_kv=1 prefer_native_vec=0 decode=1 dk=1 dv=0 unsafe_vec_after_turbo_v_decode=0 allow_vec=1 kernel=MMA_F16 need_f16_K=0 need_f16_V=1 Knb=[36,288,72,73728] Vnb=[2,2048,512,524288] Keff_nb=[2,2048,512,524288] Veff_nb=[2,2048,512,524288]
CUDA_FA_ROUTE_ALLOC kernel=MMA_F16 need_f16_K=0 need_f16_V=1 workspace_end_offset=4718592 dst_data=(nil) f16_K=(nil) f16_V=0x400000 f16_end=0x480000
CUDA_FA_ROUTE_PLAN device=0 Q=[256,256,16,1] Kraw=turbo2_tcq Vraw=bf16 Kshape=[256,256,4,1] Vshape=[256,256,4,1] Keff=f16 Veff=bf16 turbo_kv=1 prefer_native_vec=0 decode=1 dk=1 dv=0 unsafe_vec_after_turbo_v_decode=0 allow_vec=1 kernel=MMA_F16 need_f16_K=0 need_f16_V=1 Knb=[36,288,72,73728] Vnb=[2,2048,512,524288] Keff_nb=[2,2048,512,524288] Veff_nb=[2,2048,512,524288]
CUDA_FA_ROUTE_ALLOC kernel=MMA_F16 need_f16_K=0 need_f16_V=1 workspace_end_offset=4718592 dst_data=(nil) f16_K=(nil) f16_V=0x400000 f16_end=0x480000
CUDA_FA_ROUTE_PLAN device=0 Q=[256,256,16,1] Kraw=turbo2_tcq Vraw=bf16 Kshape=[256,256,4,1] Vshape=[256,256,4,1] Keff=f16 Veff=bf16 turbo_kv=1 prefer_native_vec=0 decode=1 dk=1 dv=0 unsafe_vec_after_turbo_v_decode=0 allow_vec=1 kernel=MMA_F16 need_f16_K=0 need_f16_V=1 Knb=[36,288,72,73728] Vnb=[2,2048,512,524288] Keff_nb=[2,2048,512,524288] Veff_nb=[2,2048,512,524288]
CUDA_FA_ROUTE_ALLOC kernel=MMA_F16 need_f16_K=0 need_f16_V=1 workspace_end_offset=4718592 dst_data=(nil) f16_K=(nil) f16_V=0x400000 f16_end=0x480000
CUDA_FA_ROUTE_PLAN device=0 Q=[256,256,16,1] Kraw=turbo2_tcq Vraw=bf16 Kshape=[256,256,4,1] Vshape=[256,256,4,1] Keff=f16 Veff=bf16 turbo_kv=1 prefer_native_vec=0 decode=1 dk=1 dv=0 unsafe_vec_after_turbo_v_decode=0 allow_vec=1 kernel=MMA_F16 need_f16_K=0 need_f16_V=1 Knb=[36,288,72,73728] Vnb=[2,2048,512,524288] Keff_nb=[2,2048,512,524288] Veff_nb=[2,2048,512,524288]
CUDA_FA_ROUTE_ALLOC kernel=MMA_F16 need_f16_K=0 need_f16_V=1 workspace_end_offset=4718592 dst_data=(nil) f16_K=(nil) f16_V=0x400000 f16_end=0x480000
CUDA_FA_ROUTE_PLAN device=0 Q=[256,256,16,1] Kraw=turbo2_tcq Vraw=bf16 Kshape=[256,256,4,1] Vshape=[256,256,4,1] Keff=f16 Veff=bf16 turbo_kv=1 prefer_native_vec=0 decode=1 dk=1 dv=0 unsafe_vec_after_turbo_v_decode=0 allow_vec=1 kernel=MMA_F16 need_f16_K=0 need_f16_V=1 Knb=[36,288,72,73728] Vnb=[2,2048,512,524288] Keff_nb=[2,2048,512,524288] Veff_nb=[2,2048,512,524288]
CUDA_FA_ROUTE_ALLOC kernel=MMA_F16 need_f16_K=0 need_f16_V=1 workspace_end_offset=4718592 dst_data=(nil) f16_K=(nil) f16_V=0x400000 f16_end=0x480000
CUDA_FA_ROUTE_PLAN device=0 Q=[256,256,16,1] Kraw=turbo2_tcq Vraw=bf16 Kshape=[256,256,4,1] Vshape=[256,256,4,1] Keff=f16 Veff=bf16 turbo_kv=1 prefer_native_vec=0 decode=1 dk=1 dv=0 unsafe_vec_after_turbo_v_decode=0 allow_vec=1 kernel=MMA_F16 need_f16_K=0 need_f16_V=1 Knb=[36,288,72,73728] Vnb=[2,2048,512,524288] Keff_nb=[2,2048,512,524288] Veff_nb=[2,2048,512,524288]
CUDA_FA_ROUTE_ALLOC kernel=MMA_F16 need_f16_K=0 need_f16_V=1 workspace_end_offset=4718592 dst_data=(nil) f16_K=(nil) f16_V=0x400000 f16_end=0x480000
CUDA_FA_ROUTE_PLAN device=0 Q=[256,256,16,1] Kraw=turbo2_tcq Vraw=bf16 Kshape=[256,256,4,1] Vshape=[256,256,4,1] Keff=f16 Veff=bf16 turbo_kv=1 prefer_native_vec=0 decode=1 dk=1 dv=0 unsafe_vec_after_turbo_v_decode=0 allow_vec=1 kernel=MMA_F16 need_f16_K=0 need_f16_V=1 Knb=[36,288,72,73728] Vnb=[2,2048,512,524288] Keff_nb=[2,2048,512,524288] Veff_nb=[2,2048,512,524288]
CUDA_FA_ROUTE_ALLOC kernel=MMA_F16 need_f16_K=0 need_f16_V=1 workspace_end_offset=4718592 dst_data=(nil) f16_K=(nil) f16_V=0x400000 f16_end=0x480000
CUDA_FA_ROUTE_PLAN device=0 Q=[256,256,16,1] Kraw=turbo2_tcq Vraw=bf16 Kshape=[256,256,4,1] Vshape=[256,256,4,1] Keff=f16 Veff=bf16 turbo_kv=1 prefer_native_vec=0 decode=1 dk=1 dv=0 unsafe_vec_after_turbo_v_decode=0 allow_vec=1 kernel=MMA_F16 need_f16_K=0 need_f16_V=1 Knb=[36,288,72,73728] Vnb=[2,2048,512,524288] Keff_nb=[2,2048,512,524288] Veff_nb=[2,2048,512,524288]
CUDA_FA_ROUTE_ALLOC kernel=MMA_F16 need_f16_K=0 need_f16_V=1 workspace_end_offset=4718592 dst_data=(nil) f16_K=(nil) f16_V=0x400000 f16_end=0x480000
CUDA_FA_ROUTE_PLAN device=0 Q=[256,1,16,1] Kraw=turbo2_tcq Vraw=bf16 Kshape=[256,256,4,1] Vshape=[256,256,4,1] Keff=f16 Veff=bf16 turbo_kv=1 prefer_native_vec=0 decode=1 dk=1 dv=0 unsafe_vec_after_turbo_v_decode=0 allow_vec=1 kernel=MMA_F16 need_f16_K=0 need_f16_V=1 Knb=[36,288,72,73728] Vnb=[2,2048,512,524288] Keff_nb=[2,2048,512,524288] Veff_nb=[2,2048,512,524288]
CUDA_FA_ROUTE_SUPPORTED kernel=MMA_F16 effK=f16 effV=bf16 supported=1
CUDA_FA_ROUTE_PLAN device=0 Q=[256,1,16,1] Kraw=turbo2_tcq Vraw=bf16 Kshape=[256,256,4,1] Vshape=[256,256,4,1] Keff=f16 Veff=bf16 turbo_kv=1 prefer_native_vec=0 decode=1 dk=1 dv=0 unsafe_vec_after_turbo_v_decode=0 allow_vec=1 kernel=MMA_F16 need_f16_K=0 need_f16_V=1 Knb=[36,288,72,73728] Vnb=[2,2048,512,524288] Keff_nb=[2,2048,512,524288] Veff_nb=[2,2048,512,524288]
CUDA_FA_ROUTE_SUPPORTED kernel=MMA_F16 effK=f16 effV=bf16 supported=1
CUDA_FA_ROUTE_PLAN device=0 Q=[256,1,16,1] Kraw=turbo2_tcq Vraw=bf16 Kshape=[256,256,4,1] Vshape=[256,256,4,1] Keff=f16 Veff=bf16 turbo_kv=1 prefer_native_vec=0 decode=1 dk=1 dv=0 unsafe_vec_after_turbo_v_decode=0 allow_vec=1 kernel=MMA_F16 need_f16_K=0 need_f16_V=1 Knb=[36,288,72,73728] Vnb=[2,2048,512,524288] Keff_nb=[2,2048,512,524288] Veff_nb=[2,2048,512,524288]
CUDA_FA_ROUTE_SUPPORTED kernel=MMA_F16 effK=f16 effV=bf16 supported=1
CUDA_FA_ROUTE_PLAN device=0 Q=[256,1,16,1] Kraw=turbo2_tcq Vraw=bf16 Kshape=[256,256,4,1] Vshape=[256,256,4,1] Keff=f16 Veff=bf16 turbo_kv=1 prefer_native_vec=0 decode=1 dk=1 dv=0 unsafe_vec_after_turbo_v_decode=0 allow_vec=1 kernel=MMA_F16 need_f16_K=0 need_f16_V=1 Knb=[36,288,72,73728] Vnb=[2,2048,512,524288] Keff_nb=[2,2048,512,524288] Veff_nb=[2,2048,512,524288]
CUDA_FA_ROUTE_SUPPORTED kernel=MMA_F16 effK=f16 effV=bf16 supported=1
CUDA_FA_ROUTE_PLAN device=0 Q=[256,1,16,1] Kraw=turbo2_tcq Vraw=bf16 Kshape=[256,256,4,1] Vshape=[256,256,4,1] Keff=f16 Veff=bf16 turbo_kv=1 prefer_native_vec=0 decode=1 dk=1 dv=0 unsafe_vec_after_turbo_v_decode=0 allow_vec=1 kernel=MMA_F16 need_f16_K=0 need_f16_V=1 Knb=[36,288,72,73728] Vnb=[2,2048,512,524288] Keff_nb=[2,2048,512,524288] Veff_nb=[2,2048,512,524288]
CUDA_FA_ROUTE_SUPPORTED kernel=MMA_F16 effK=f16 effV=bf16 supported=1
CUDA_FA_ROUTE_PLAN device=0 Q=[256,1,16,1] Kraw=turbo2_tcq Vraw=bf16 Kshape=[256,256,4,1] Vshape=[256,256,4,1] Keff=f16 Veff=bf16 turbo_kv=1 prefer_native_vec=0 decode=1 dk=1 dv=0 unsafe_vec_after_turbo_v_decode=0 allow_vec=1 kernel=MMA_F16 need_f16_K=0 need_f16_V=1 Knb=[36,288,72,73728] Vnb=[2,2048,512,524288] Keff_nb=[2,2048,512,524288] Veff_nb=[2,2048,512,524288]
CUDA_FA_ROUTE_SUPPORTED kernel=MMA_F16 effK=f16 effV=bf16 supported=1
CUDA_FA_ROUTE_PLAN device=0 Q=[256,1,16,1] Kraw=turbo2_tcq Vraw=bf16 Kshape=[256,256,4,1] Vshape=[256,256,4,1] Keff=f16 Veff=bf16 turbo_kv=1 prefer_native_vec=0 decode=1 dk=1 dv=0 unsafe_vec_after_turbo_v_decode=0 allow_vec=1 kernel=MMA_F16 need_f16_K=0 need_f16_V=1 Knb=[36,288,72,73728] Vnb=[2,2048,512,524288] Keff_nb=[2,2048,512,524288] Veff_nb=[2,2048,512,524288]
CUDA_FA_ROUTE_SUPPORTED kernel=MMA_F16 effK=f16 effV=bf16 supported=1
CUDA_FA_ROUTE_PLAN device=0 Q=[256,1,16,1] Kraw=turbo2_tcq Vraw=bf16 Kshape=[256,256,4,1] Vshape=[256,256,4,1] Keff=f16 Veff=bf16 turbo_kv=1 prefer_native_vec=0 decode=1 dk=1 dv=0 unsafe_vec_after_turbo_v_decode=0 allow_vec=1 kernel=MMA_F16 need_f16_K=0 need_f16_V=1 Knb=[36,288,72,73728] Vnb=[2,2048,512,524288] Keff_nb=[2,2048,512,524288] Veff_nb=[2,2048,512,524288]
CUDA_FA_ROUTE_SUPPORTED kernel=MMA_F16 effK=f16 effV=bf16 supported=1
CUDA_FA_ROUTE_PLAN device=0 Q=[256,256,16,1] Kraw=turbo2_tcq Vraw=bf16 Kshape=[256,256,4,1] Vshape=[256,256,4,1] Keff=f16 Veff=bf16 turbo_kv=1 prefer_native_vec=0 decode=1 dk=1 dv=0 unsafe_vec_after_turbo_v_decode=0 allow_vec=1 kernel=MMA_F16 need_f16_K=0 need_f16_V=1 Knb=[36,288,72,73728] Vnb=[2,2048,512,524288] Keff_nb=[2,2048,512,524288] Veff_nb=[2,2048,512,524288]
CUDA_FA_ROUTE_SUPPORTED kernel=MMA_F16 effK=f16 effV=bf16 supported=1
CUDA_FA_ROUTE_PLAN device=0 Q=[256,256,16,1] Kraw=turbo2_tcq Vraw=bf16 Kshape=[256,256,4,1] Vshape=[256,256,4,1] Keff=f16 Veff=bf16 turbo_kv=1 prefer_native_vec=0 decode=1 dk=1 dv=0 unsafe_vec_after_turbo_v_decode=0 allow_vec=1 kernel=MMA_F16 need_f16_K=0 need_f16_V=1 Knb=[36,288,72,73728] Vnb=[2,2048,512,524288] Keff_nb=[2,2048,512,524288] Veff_nb=[2,2048,512,524288]
CUDA_FA_ROUTE_SUPPORTED kernel=MMA_F16 effK=f16 effV=bf16 supported=1
CUDA_FA_ROUTE_PLAN device=0 Q=[256,256,16,1] Kraw=turbo2_tcq Vraw=bf16 Kshape=[256,256,4,1] Vshape=[256,256,4,1] Keff=f16 Veff=bf16 turbo_kv=1 prefer_native_vec=0 decode=1 dk=1 dv=0 unsafe_vec_after_turbo_v_decode=0 allow_vec=1 kernel=MMA_F16 need_f16_K=0 need_f16_V=1 Knb=[36,288,72,73728] Vnb=[2,2048,512,524288] Keff_nb=[2,2048,512,524288] Veff_nb=[2,2048,512,524288]
CUDA_FA_ROUTE_SUPPORTED kernel=MMA_F16 effK=f16 effV=bf16 supported=1
CUDA_FA_ROUTE_PLAN device=0 Q=[256,256,16,1] Kraw=turbo2_tcq Vraw=bf16 Kshape=[256,256,4,1] Vshape=[256,256,4,1] Keff=f16 Veff=bf16 turbo_kv=1 prefer_native_vec=0 decode=1 dk=1 dv=0 unsafe_vec_after_turbo_v_decode=0 allow_vec=1 kernel=MMA_F16 need_f16_K=0 need_f16_V=1 Knb=[36,288,72,73728] Vnb=[2,2048,512,524288] Keff_nb=[2,2048,512,524288] Veff_nb=[2,2048,512,524288]
CUDA_FA_ROUTE_SUPPORTED kernel=MMA_F16 effK=f16 effV=bf16 supported=1
CUDA_FA_ROUTE_PLAN device=0 Q=[256,256,16,1] Kraw=turbo2_tcq Vraw=bf16 Kshape=[256,256,4,1] Vshape=[256,256,4,1] Keff=f16 Veff=bf16 turbo_kv=1 prefer_native_vec=0 decode=1 dk=1 dv=0 unsafe_vec_after_turbo_v_decode=0 allow_vec=1 kernel=MMA_F16 need_f16_K=0 need_f16_V=1 Knb=[36,288,72,73728] Vnb=[2,2048,512,524288] Keff_nb=[2,2048,512,524288] Veff_nb=[2,2048,512,524288]
CUDA_FA_ROUTE_SUPPORTED kernel=MMA_F16 effK=f16 effV=bf16 supported=1
CUDA_FA_ROUTE_PLAN device=0 Q=[256,256,16,1] Kraw=turbo2_tcq Vraw=bf16 Kshape=[256,256,4,1] Vshape=[256,256,4,1] Keff=f16 Veff=bf16 turbo_kv=1 prefer_native_vec=0 decode=1 dk=1 dv=0 unsafe_vec_after_turbo_v_decode=0 allow_vec=1 kernel=MMA_F16 need_f16_K=0 need_f16_V=1 Knb=[36,288,72,73728] Vnb=[2,2048,512,524288] Keff_nb=[2,2048,512,524288] Veff_nb=[2,2048,512,524288]
CUDA_FA_ROUTE_SUPPORTED kernel=MMA_F16 effK=f16 effV=bf16 supported=1
CUDA_FA_ROUTE_PLAN device=0 Q=[256,256,16,1] Kraw=turbo2_tcq Vraw=bf16 Kshape=[256,256,4,1] Vshape=[256,256,4,1] Keff=f16 Veff=bf16 turbo_kv=1 prefer_native_vec=0 decode=1 dk=1 dv=0 unsafe_vec_after_turbo_v_decode=0 allow_vec=1 kernel=MMA_F16 need_f16_K=0 need_f16_V=1 Knb=[36,288,72,73728] Vnb=[2,2048,512,524288] Keff_nb=[2,2048,512,524288] Veff_nb=[2,2048,512,524288]
CUDA_FA_ROUTE_SUPPORTED kernel=MMA_F16 effK=f16 effV=bf16 supported=1
CUDA_FA_ROUTE_PLAN device=0 Q=[256,256,16,1] Kraw=turbo2_tcq Vraw=bf16 Kshape=[256,256,4,1] Vshape=[256,256,4,1] Keff=f16 Veff=bf16 turbo_kv=1 prefer_native_vec=0 decode=1 dk=1 dv=0 unsafe_vec_after_turbo_v_decode=0 allow_vec=1 kernel=MMA_F16 need_f16_K=0 need_f16_V=1 Knb=[36,288,72,73728] Vnb=[2,2048,512,524288] Keff_nb=[2,2048,512,524288] Veff_nb=[2,2048,512,524288]
CUDA_FA_ROUTE_SUPPORTED kernel=MMA_F16 effK=f16 effV=bf16 supported=1
CUDA_FA_ROUTE_PLAN device=0 Q=[256,1,16,1] Kraw=turbo2_tcq Vraw=bf16 Kshape=[256,256,4,1] Vshape=[256,256,4,1] Keff=f16 Veff=bf16 turbo_kv=1 prefer_native_vec=0 decode=1 dk=1 dv=0 unsafe_vec_after_turbo_v_decode=0 allow_vec=1 kernel=MMA_F16 need_f16_K=0 need_f16_V=1 Knb=[36,288,72,73728] Vnb=[2,2048,512,524288] Keff_nb=[2,2048,512,524288] Veff_nb=[2,2048,512,524288]
CUDA_FA_ROUTE_SUPPORTED kernel=MMA_F16 effK=f16 effV=bf16 supported=1
CUDA_FA_ROUTE_PLAN device=0 Q=[256,1,16,1] Kraw=turbo2_tcq Vraw=bf16 Kshape=[256,256,4,1] Vshape=[256,256,4,1] Keff=f16 Veff=bf16 turbo_kv=1 prefer_native_vec=0 decode=1 dk=1 dv=0 unsafe_vec_after_turbo_v_decode=0 allow_vec=1 kernel=MMA_F16 need_f16_K=0 need_f16_V=1 Knb=[36,288,72,73728] Vnb=[2,2048,512,524288] Keff_nb=[2,2048,512,524288] Veff_nb=[2,2048,512,524288]
CUDA_FA_ROUTE_SUPPORTED kernel=MMA_F16 effK=f16 effV=bf16 supported=1
CUDA_FA_ROUTE_PLAN device=0 Q=[256,1,16,1] Kraw=turbo2_tcq Vraw=bf16 Kshape=[256,256,4,1] Vshape=[256,256,4,1] Keff=f16 Veff=bf16 turbo_kv=1 prefer_native_vec=0 decode=1 dk=1 dv=0 unsafe_vec_after_turbo_v_decode=0 allow_vec=1 kernel=MMA_F16 need_f16_K=0 need_f16_V=1 Knb=[36,288,72,73728] Vnb=[2,2048,512,524288] Keff_nb=[2,2048,512,524288] Veff_nb=[2,2048,512,524288]
CUDA_FA_ROUTE_SUPPORTED kernel=MMA_F16 effK=f16 effV=bf16 supported=1
CUDA_FA_ROUTE_PLAN device=0 Q=[256,1,16,1] Kraw=turbo2_tcq Vraw=bf16 Kshape=[256,256,4,1] Vshape=[256,256,4,1] Keff=f16 Veff=bf16 turbo_kv=1 prefer_native_vec=0 decode=1 dk=1 dv=0 unsafe_vec_after_turbo_v_decode=0 allow_vec=1 kernel=MMA_F16 need_f16_K=0 need_f16_V=1 Knb=[36,288,72,73728] Vnb=[2,2048,512,524288] Keff_nb=[2,2048,512,524288] Veff_nb=[2,2048,512,524288]
CUDA_FA_ROUTE_SUPPORTED kernel=MMA_F16 effK=f16 effV=bf16 supported=1
CUDA_FA_ROUTE_PLAN device=0 Q=[256,1,16,1] Kraw=turbo2_tcq Vraw=bf16 Kshape=[256,256,4,1] Vshape=[256,256,4,1] Keff=f16 Veff=bf16 turbo_kv=1 prefer_native_vec=0 decode=1 dk=1 dv=0 unsafe_vec_after_turbo_v_decode=0 allow_vec=1 kernel=MMA_F16 need_f16_K=0 need_f16_V=1 Knb=[36,288,72,73728] Vnb=[2,2048,512,524288] Keff_nb=[2,2048,512,524288] Veff_nb=[2,2048,512,524288]
CUDA_FA_ROUTE_SUPPORTED kernel=MMA_F16 effK=f16 effV=bf16 supported=1
CUDA_FA_ROUTE_PLAN device=0 Q=[256,1,16,1] Kraw=turbo2_tcq Vraw=bf16 Kshape=[256,256,4,1] Vshape=[256,256,4,1] Keff=f16 Veff=bf16 turbo_kv=1 prefer_native_vec=0 decode=1 dk=1 dv=0 unsafe_vec_after_turbo_v_decode=0 allow_vec=1 kernel=MMA_F16 need_f16_K=0 need_f16_V=1 Knb=[36,288,72,73728] Vnb=[2,2048,512,524288] Keff_nb=[2,2048,512,524288] Veff_nb=[2,2048,512,524288]
CUDA_FA_ROUTE_SUPPORTED kernel=MMA_F16 effK=f16 effV=bf16 supported=1
CUDA_FA_ROUTE_PLAN device=0 Q=[256,1,16,1] Kraw=turbo2_tcq Vraw=bf16 Kshape=[256,256,4,1] Vshape=[256,256,4,1] Keff=f16 Veff=bf16 turbo_kv=1 prefer_native_vec=0 decode=1 dk=1 dv=0 unsafe_vec_after_turbo_v_decode=0 allow_vec=1 kernel=MMA_F16 need_f16_K=0 need_f16_V=1 Knb=[36,288,72,73728] Vnb=[2,2048,512,524288] Keff_nb=[2,2048,512,524288] Veff_nb=[2,2048,512,524288]
CUDA_FA_ROUTE_SUPPORTED kernel=MMA_F16 effK=f16 effV=bf16 supported=1
CUDA_FA_ROUTE_PLAN device=0 Q=[256,1,16,1] Kraw=turbo2_tcq Vraw=bf16 Kshape=[256,256,4,1] Vshape=[256,256,4,1] Keff=f16 Veff=bf16 turbo_kv=1 prefer_native_vec=0 decode=1 dk=1 dv=0 unsafe_vec_after_turbo_v_decode=0 allow_vec=1 kernel=MMA_F16 need_f16_K=0 need_f16_V=1 Knb=[36,288,72,73728] Vnb=[2,2048,512,524288] Keff_nb=[2,2048,512,524288] Veff_nb=[2,2048,512,524288]
CUDA_FA_ROUTE_SUPPORTED kernel=MMA_F16 effK=f16 effV=bf16 supported=1
CUDA_FA_ROUTE_PLAN device=0 Q=[256,16,16,1] Kraw=turbo2_tcq Vraw=bf16 Kshape=[256,256,4,1] Vshape=[256,256,4,1] Keff=f16 Veff=bf16 turbo_kv=1 prefer_native_vec=0 decode=1 dk=1 dv=0 unsafe_vec_after_turbo_v_decode=0 allow_vec=1 kernel=MMA_F16 need_f16_K=0 need_f16_V=1 Knb=[36,288,72,73728] Vnb=[2,2048,512,524288] Keff_nb=[2,2048,512,524288] Veff_nb=[2,2048,512,524288]
CUDA_FA_ROUTE_SUPPORTED kernel=MMA_F16 effK=f16 effV=bf16 supported=1
CUDA_FA_ROUTE_PLAN device=0 Q=[256,16,16,1] Kraw=turbo2_tcq Vraw=bf16 Kshape=[256,256,4,1] Vshape=[256,256,4,1] Keff=f16 Veff=bf16 turbo_kv=1 prefer_native_vec=0 decode=1 dk=1 dv=0 unsafe_vec_after_turbo_v_decode=0 allow_vec=1 kernel=MMA_F16 need_f16_K=0 need_f16_V=1 Knb=[36,288,72,73728] Vnb=[2,2048,512,524288] Keff_nb=[2,2048,512,524288] Veff_nb=[2,2048,512,524288]
CUDA_FA_ROUTE_SUPPORTED kernel=MMA_F16 effK=f16 effV=bf16 supported=1
CUDA_FA_ROUTE_PLAN device=0 Q=[256,16,16,1] Kraw=turbo2_tcq Vraw=bf16 Kshape=[256,256,4,1] Vshape=[256,256,4,1] Keff=f16 Veff=bf16 turbo_kv=1 prefer_native_vec=0 decode=1 dk=1 dv=0 unsafe_vec_after_turbo_v_decode=0 allow_vec=1 kernel=MMA_F16 need_f16_K=0 need_f16_V=1 Knb=[36,288,72,73728] Vnb=[2,2048,512,524288] Keff_nb=[2,2048,512,524288] Veff_nb=[2,2048,512,524288]
CUDA_FA_ROUTE_SUPPORTED kernel=MMA_F16 effK=f16 effV=bf16 supported=1
CUDA_FA_ROUTE_PLAN device=0 Q=[256,16,16,1] Kraw=turbo2_tcq Vraw=bf16 Kshape=[256,256,4,1] Vshape=[256,256,4,1] Keff=f16 Veff=bf16 turbo_kv=1 prefer_native_vec=0 decode=1 dk=1 dv=0 unsafe_vec_after_turbo_v_decode=0 allow_vec=1 kernel=MMA_F16 need_f16_K=0 need_f16_V=1 Knb=[36,288,72,73728] Vnb=[2,2048,512,524288] Keff_nb=[2,2048,512,524288] Veff_nb=[2,2048,512,524288]
CUDA_FA_ROUTE_SUPPORTED kernel=MMA_F16 effK=f16 effV=bf16 supported=1
CUDA_FA_ROUTE_PLAN device=0 Q=[256,16,16,1] Kraw=turbo2_tcq Vraw=bf16 Kshape=[256,256,4,1] Vshape=[256,256,4,1] Keff=f16 Veff=bf16 turbo_kv=1 prefer_native_vec=0 decode=1 dk=1 dv=0 unsafe_vec_after_turbo_v_decode=0 allow_vec=1 kernel=MMA_F16 need_f16_K=0 need_f16_V=1 Knb=[36,288,72,73728] Vnb=[2,2048,512,524288] Keff_nb=[2,2048,512,524288] Veff_nb=[2,2048,512,524288]
CUDA_FA_ROUTE_SUPPORTED kernel=MMA_F16 effK=f16 effV=bf16 supported=1
CUDA_FA_ROUTE_PLAN device=0 Q=[256,16,16,1] Kraw=turbo2_tcq Vraw=bf16 Kshape=[256,256,4,1] Vshape=[256,256,4,1] Keff=f16 Veff=bf16 turbo_kv=1 prefer_native_vec=0 decode=1 dk=1 dv=0 unsafe_vec_after_turbo_v_decode=0 allow_vec=1 kernel=MMA_F16 need_f16_K=0 need_f16_V=1 Knb=[36,288,72,73728] Vnb=[2,2048,512,524288] Keff_nb=[2,2048,512,524288] Veff_nb=[2,2048,512,524288]
CUDA_FA_ROUTE_SUPPORTED kernel=MMA_F16 effK=f16 effV=bf16 supported=1
CUDA_FA_ROUTE_PLAN device=0 Q=[256,16,16,1] Kraw=turbo2_tcq Vraw=bf16 Kshape=[256,256,4,1] Vshape=[256,256,4,1] Keff=f16 Veff=bf16 turbo_kv=1 prefer_native_vec=0 decode=1 dk=1 dv=0 unsafe_vec_after_turbo_v_decode=0 allow_vec=1 kernel=MMA_F16 need_f16_K=0 need_f16_V=1 Knb=[36,288,72,73728] Vnb=[2,2048,512,524288] Keff_nb=[2,2048,512,524288] Veff_nb=[2,2048,512,524288]
CUDA_FA_ROUTE_SUPPORTED kernel=MMA_F16 effK=f16 effV=bf16 supported=1
CUDA_FA_ROUTE_PLAN device=0 Q=[256,16,16,1] Kraw=turbo2_tcq Vraw=bf16 Kshape=[256,256,4,1] Vshape=[256,256,4,1] Keff=f16 Veff=bf16 turbo_kv=1 prefer_native_vec=0 decode=1 dk=1 dv=0 unsafe_vec_after_turbo_v_decode=0 allow_vec=1 kernel=MMA_F16 need_f16_K=0 need_f16_V=1 Knb=[36,288,72,73728] Vnb=[2,2048,512,524288] Keff_nb=[2,2048,512,524288] Veff_nb=[2,2048,512,524288]
CUDA_FA_ROUTE_SUPPORTED kernel=MMA_F16 effK=f16 effV=bf16 supported=1
CUDA_FA_ROUTE_PLAN device=0 Q=[256,1,16,1] Kraw=turbo2_tcq Vraw=bf16 Kshape=[256,256,4,1] Vshape=[256,256,4,1] Keff=f16 Veff=bf16 turbo_kv=1 prefer_native_vec=0 decode=1 dk=1 dv=0 unsafe_vec_after_turbo_v_decode=0 allow_vec=1 kernel=MMA_F16 need_f16_K=0 need_f16_V=1 Knb=[36,288,72,73728] Vnb=[2,2048,512,524288] Keff_nb=[2,2048,512,524288] Veff_nb=[2,2048,512,524288]
CUDA_FA_ROUTE_SUPPORTED kernel=MMA_F16 effK=f16 effV=bf16 supported=1
CUDA_FA_ROUTE_PLAN device=0 Q=[256,1,16,1] Kraw=turbo2_tcq Vraw=bf16 Kshape=[256,256,4,1] Vshape=[256,256,4,1] Keff=f16 Veff=bf16 turbo_kv=1 prefer_native_vec=0 decode=1 dk=1 dv=0 unsafe_vec_after_turbo_v_decode=0 allow_vec=1 kernel=MMA_F16 need_f16_K=0 need_f16_V=1 Knb=[36,288,72,73728] Vnb=[2,2048,512,524288] Keff_nb=[2,2048,512,524288] Veff_nb=[2,2048,512,524288]
CUDA_FA_ROUTE_SUPPORTED kernel=MMA_F16 effK=f16 effV=bf16 supported=1
CUDA_FA_ROUTE_PLAN device=0 Q=[256,1,16,1] Kraw=turbo2_tcq Vraw=bf16 Kshape=[256,256,4,1] Vshape=[256,256,4,1] Keff=f16 Veff=bf16 turbo_kv=1 prefer_native_vec=0 decode=1 dk=1 dv=0 unsafe_vec_after_turbo_v_decode=0 allow_vec=1 kernel=MMA_F16 need_f16_K=0 need_f16_V=1 Knb=[36,288,72,73728] Vnb=[2,2048,512,524288] Keff_nb=[2,2048,512,524288] Veff_nb=[2,2048,512,524288]
CUDA_FA_ROUTE_SUPPORTED kernel=MMA_F16 effK=f16 effV=bf16 supported=1
CUDA_FA_ROUTE_PLAN device=0 Q=[256,1,16,1] Kraw=turbo2_tcq Vraw=bf16 Kshape=[256,256,4,1] Vshape=[256,256,4,1] Keff=f16 Veff=bf16 turbo_kv=1 prefer_native_vec=0 decode=1 dk=1 dv=0 unsafe_vec_after_turbo_v_decode=0 allow_vec=1 kernel=MMA_F16 need_f16_K=0 need_f16_V=1 Knb=[36,288,72,73728] Vnb=[2,2048,512,524288] Keff_nb=[2,2048,512,524288] Veff_nb=[2,2048,512,524288]
CUDA_FA_ROUTE_SUPPORTED kernel=MMA_F16 effK=f16 effV=bf16 supported=1
CUDA_FA_ROUTE_PLAN device=0 Q=[256,1,16,1] Kraw=turbo2_tcq Vraw=bf16 Kshape=[256,256,4,1] Vshape=[256,256,4,1] Keff=f16 Veff=bf16 turbo_kv=1 prefer_native_vec=0 decode=1 dk=1 dv=0 unsafe_vec_after_turbo_v_decode=0 allow_vec=1 kernel=MMA_F16 need_f16_K=0 need_f16_V=1 Knb=[36,288,72,73728] Vnb=[2,2048,512,524288] Keff_nb=[2,2048,512,524288] Veff_nb=[2,2048,512,524288]
CUDA_FA_ROUTE_SUPPORTED kernel=MMA_F16 effK=f16 effV=bf16 supported=1
CUDA_FA_ROUTE_PLAN device=0 Q=[256,1,16,1] Kraw=turbo2_tcq Vraw=bf16 Kshape=[256,256,4,1] Vshape=[256,256,4,1] Keff=f16 Veff=bf16 turbo_kv=1 prefer_native_vec=0 decode=1 dk=1 dv=0 unsafe_vec_after_turbo_v_decode=0 allow_vec=1 kernel=MMA_F16 need_f16_K=0 need_f16_V=1 Knb=[36,288,72,73728] Vnb=[2,2048,512,524288] Keff_nb=[2,2048,512,524288] Veff_nb=[2,2048,512,524288]
CUDA_FA_ROUTE_SUPPORTED kernel=MMA_F16 effK=f16 effV=bf16 supported=1
CUDA_FA_ROUTE_PLAN device=0 Q=[256,1,16,1] Kraw=turbo2_tcq Vraw=bf16 Kshape=[256,256,4,1] Vshape=[256,256,4,1] Keff=f16 Veff=bf16 turbo_kv=1 prefer_native_vec=0 decode=1 dk=1 dv=0 unsafe_vec_after_turbo_v_decode=0 allow_vec=1 kernel=MMA_F16 need_f16_K=0 need_f16_V=1 Knb=[36,288,72,73728] Vnb=[2,2048,512,524288] Keff_nb=[2,2048,512,524288] Veff_nb=[2,2048,512,524288]
CUDA_FA_ROUTE_SUPPORTED kernel=MMA_F16 effK=f16 effV=bf16 supported=1
CUDA_FA_ROUTE_PLAN device=0 Q=[256,1,16,1] Kraw=turbo2_tcq Vraw=bf16 Kshape=[256,256,4,1] Vshape=[256,256,4,1] Keff=f16 Veff=bf16 turbo_kv=1 prefer_native_vec=0 decode=1 dk=1 dv=0 unsafe_vec_after_turbo_v_decode=0 allow_vec=1 kernel=MMA_F16 need_f16_K=0 need_f16_V=1 Knb=[36,288,72,73728] Vnb=[2,2048,512,524288] Keff_nb=[2,2048,512,524288] Veff_nb=[2,2048,512,524288]
CUDA_FA_ROUTE_SUPPORTED kernel=MMA_F16 effK=f16 effV=bf16 supported=1
CUDA_FA_ROUTE_PLAN device=0 Q=[256,256,16,1] Kraw=turbo2_tcq Vraw=bf16 Kshape=[256,256,4,1] Vshape=[256,256,4,1] Keff=f16 Veff=bf16 turbo_kv=1 prefer_native_vec=0 decode=1 dk=1 dv=0 unsafe_vec_after_turbo_v_decode=0 allow_vec=1 kernel=MMA_F16 need_f16_K=0 need_f16_V=1 Knb=[36,288,72,73728] Vnb=[2,2048,512,524288] Keff_nb=[2,2048,512,524288] Veff_nb=[2,2048,512,524288]
CUDA_FA_ROUTE_SUPPORTED kernel=MMA_F16 effK=f16 effV=bf16 supported=1
CUDA_FA_ROUTE_PLAN device=0 Q=[256,256,16,1] Kraw=turbo2_tcq Vraw=bf16 Kshape=[256,256,4,1] Vshape=[256,256,4,1] Keff=f16 Veff=bf16 turbo_kv=1 prefer_native_vec=0 decode=1 dk=1 dv=0 unsafe_vec_after_turbo_v_decode=0 allow_vec=1 kernel=MMA_F16 need_f16_K=0 need_f16_V=1 Knb=[36,288,72,73728] Vnb=[2,2048,512,524288] Keff_nb=[2,2048,512,524288] Veff_nb=[2,2048,512,524288]
CUDA_FA_ROUTE_SUPPORTED kernel=MMA_F16 effK=f16 effV=bf16 supported=1
CUDA_FA_ROUTE_PLAN device=0 Q=[256,256,16,1] Kraw=turbo2_tcq Vraw=bf16 Kshape=[256,256,4,1] Vshape=[256,256,4,1] Keff=f16 Veff=bf16 turbo_kv=1 prefer_native_vec=0 decode=1 dk=1 dv=0 unsafe_vec_after_turbo_v_decode=0 allow_vec=1 kernel=MMA_F16 need_f16_K=0 need_f16_V=1 Knb=[36,288,72,73728] Vnb=[2,2048,512,524288] Keff_nb=[2,2048,512,524288] Veff_nb=[2,2048,512,524288]
CUDA_FA_ROUTE_SUPPORTED kernel=MMA_F16 effK=f16 effV=bf16 supported=1
CUDA_FA_ROUTE_PLAN device=0 Q=[256,256,16,1] Kraw=turbo2_tcq Vraw=bf16 Kshape=[256,256,4,1] Vshape=[256,256,4,1] Keff=f16 Veff=bf16 turbo_kv=1 prefer_native_vec=0 decode=1 dk=1 dv=0 unsafe_vec_after_turbo_v_decode=0 allow_vec=1 kernel=MMA_F16 need_f16_K=0 need_f16_V=1 Knb=[36,288,72,73728] Vnb=[2,2048,512,524288] Keff_nb=[2,2048,512,524288] Veff_nb=[2,2048,512,524288]
CUDA_FA_ROUTE_SUPPORTED kernel=MMA_F16 effK=f16 effV=bf16 supported=1
CUDA_FA_ROUTE_PLAN device=0 Q=[256,256,16,1] Kraw=turbo2_tcq Vraw=bf16 Kshape=[256,256,4,1] Vshape=[256,256,4,1] Keff=f16 Veff=bf16 turbo_kv=1 prefer_native_vec=0 decode=1 dk=1 dv=0 unsafe_vec_after_turbo_v_decode=0 allow_vec=1 kernel=MMA_F16 need_f16_K=0 need_f16_V=1 Knb=[36,288,72,73728] Vnb=[2,2048,512,524288] Keff_nb=[2,2048,512,524288] Veff_nb=[2,2048,512,524288]
CUDA_FA_ROUTE_SUPPORTED kernel=MMA_F16 effK=f16 effV=bf16 supported=1
CUDA_FA_ROUTE_PLAN device=0 Q=[256,256,16,1] Kraw=turbo2_tcq Vraw=bf16 Kshape=[256,256,4,1] Vshape=[256,256,4,1] Keff=f16 Veff=bf16 turbo_kv=1 prefer_native_vec=0 decode=1 dk=1 dv=0 unsafe_vec_after_turbo_v_decode=0 allow_vec=1 kernel=MMA_F16 need_f16_K=0 need_f16_V=1 Knb=[36,288,72,73728] Vnb=[2,2048,512,524288] Keff_nb=[2,2048,512,524288] Veff_nb=[2,2048,512,524288]
CUDA_FA_ROUTE_SUPPORTED kernel=MMA_F16 effK=f16 effV=bf16 supported=1
CUDA_FA_ROUTE_PLAN device=0 Q=[256,256,16,1] Kraw=turbo2_tcq Vraw=bf16 Kshape=[256,256,4,1] Vshape=[256,256,4,1] Keff=f16 Veff=bf16 turbo_kv=1 prefer_native_vec=0 decode=1 dk=1 dv=0 unsafe_vec_after_turbo_v_decode=0 allow_vec=1 kernel=MMA_F16 need_f16_K=0 need_f16_V=1 Knb=[36,288,72,73728] Vnb=[2,2048,512,524288] Keff_nb=[2,2048,512,524288] Veff_nb=[2,2048,512,524288]
CUDA_FA_ROUTE_SUPPORTED kernel=MMA_F16 effK=f16 effV=bf16 supported=1
CUDA_FA_ROUTE_PLAN device=0 Q=[256,256,16,1] Kraw=turbo2_tcq Vraw=bf16 Kshape=[256,256,4,1] Vshape=[256,256,4,1] Keff=f16 Veff=bf16 turbo_kv=1 prefer_native_vec=0 decode=1 dk=1 dv=0 unsafe_vec_after_turbo_v_decode=0 allow_vec=1 kernel=MMA_F16 need_f16_K=0 need_f16_V=1 Knb=[36,288,72,73728] Vnb=[2,2048,512,524288] Keff_nb=[2,2048,512,524288] Veff_nb=[2,2048,512,524288]
CUDA_FA_ROUTE_SUPPORTED kernel=MMA_F16 effK=f16 effV=bf16 supported=1
CUDA_FA_ROUTE_PLAN device=0 Q=[256,256,16,1] Kraw=turbo2_tcq Vraw=bf16 Kshape=[256,256,4,1] Vshape=[256,256,4,1] Keff=f16 Veff=bf16 turbo_kv=1 prefer_native_vec=0 decode=1 dk=1 dv=0 unsafe_vec_after_turbo_v_decode=0 allow_vec=1 kernel=MMA_F16 need_f16_K=0 need_f16_V=1 Knb=[36,288,72,73728] Vnb=[2,2048,512,524288] Keff_nb=[2,2048,512,524288] Veff_nb=[2,2048,512,524288]
CUDA_FA_ROUTE_ALLOC kernel=MMA_F16 need_f16_K=0 need_f16_V=1 workspace_end_offset=4718592 dst_data=(nil) f16_K=(nil) f16_V=0x400000 f16_end=0x480000
CUDA_FA_ROUTE_PLAN device=0 Q=[256,256,16,1] Kraw=turbo2_tcq Vraw=bf16 Kshape=[256,256,4,1] Vshape=[256,256,4,1] Keff=f16 Veff=bf16 turbo_kv=1 prefer_native_vec=0 decode=1 dk=1 dv=0 unsafe_vec_after_turbo_v_decode=0 allow_vec=1 kernel=MMA_F16 need_f16_K=0 need_f16_V=1 Knb=[36,288,72,73728] Vnb=[2,2048,512,524288] Keff_nb=[2,2048,512,524288] Veff_nb=[2,2048,512,524288]
CUDA_FA_ROUTE_ALLOC kernel=MMA_F16 need_f16_K=0 need_f16_V=1 workspace_end_offset=4718592 dst_data=(nil) f16_K=(nil) f16_V=0x400000 f16_end=0x480000
CUDA_FA_ROUTE_PLAN device=0 Q=[256,256,16,1] Kraw=turbo2_tcq Vraw=bf16 Kshape=[256,256,4,1] Vshape=[256,256,4,1] Keff=f16 Veff=bf16 turbo_kv=1 prefer_native_vec=0 decode=1 dk=1 dv=0 unsafe_vec_after_turbo_v_decode=0 allow_vec=1 kernel=MMA_F16 need_f16_K=0 need_f16_V=1 Knb=[36,288,72,73728] Vnb=[2,2048,512,524288] Keff_nb=[2,2048,512,524288] Veff_nb=[2,2048,512,524288]
CUDA_FA_ROUTE_ALLOC kernel=MMA_F16 need_f16_K=0 need_f16_V=1 workspace_end_offset=4718592 dst_data=(nil) f16_K=(nil) f16_V=0x400000 f16_end=0x480000
CUDA_FA_ROUTE_PLAN device=0 Q=[256,256,16,1] Kraw=turbo2_tcq Vraw=bf16 Kshape=[256,256,4,1] Vshape=[256,256,4,1] Keff=f16 Veff=bf16 turbo_kv=1 prefer_native_vec=0 decode=1 dk=1 dv=0 unsafe_vec_after_turbo_v_decode=0 allow_vec=1 kernel=MMA_F16 need_f16_K=0 need_f16_V=1 Knb=[36,288,72,73728] Vnb=[2,2048,512,524288] Keff_nb=[2,2048,512,524288] Veff_nb=[2,2048,512,524288]
CUDA_FA_ROUTE_ALLOC kernel=MMA_F16 need_f16_K=0 need_f16_V=1 workspace_end_offset=4718592 dst_data=(nil) f16_K=(nil) f16_V=0x400000 f16_end=0x480000
CUDA_FA_ROUTE_PLAN device=0 Q=[256,256,16,1] Kraw=turbo2_tcq Vraw=bf16 Kshape=[256,256,4,1] Vshape=[256,256,4,1] Keff=f16 Veff=bf16 turbo_kv=1 prefer_native_vec=0 decode=1 dk=1 dv=0 unsafe_vec_after_turbo_v_decode=0 allow_vec=1 kernel=MMA_F16 need_f16_K=0 need_f16_V=1 Knb=[36,288,72,73728] Vnb=[2,2048,512,524288] Keff_nb=[2,2048,512,524288] Veff_nb=[2,2048,512,524288]
CUDA_FA_ROUTE_ALLOC kernel=MMA_F16 need_f16_K=0 need_f16_V=1 workspace_end_offset=4718592 dst_data=(nil) f16_K=(nil) f16_V=0x400000 f16_end=0x480000
CUDA_FA_ROUTE_PLAN device=0 Q=[256,256,16,1] Kraw=turbo2_tcq Vraw=bf16 Kshape=[256,256,4,1] Vshape=[256,256,4,1] Keff=f16 Veff=bf16 turbo_kv=1 prefer_native_vec=0 decode=1 dk=1 dv=0 unsafe_vec_after_turbo_v_decode=0 allow_vec=1 kernel=MMA_F16 need_f16_K=0 need_f16_V=1 Knb=[36,288,72,73728] Vnb=[2,2048,512,524288] Keff_nb=[2,2048,512,524288] Veff_nb=[2,2048,512,524288]
CUDA_FA_ROUTE_ALLOC kernel=MMA_F16 need_f16_K=0 need_f16_V=1 workspace_end_offset=4718592 dst_data=(nil) f16_K=(nil) f16_V=0x400000 f16_end=0x480000
CUDA_FA_ROUTE_PLAN device=0 Q=[256,256,16,1] Kraw=turbo2_tcq Vraw=bf16 Kshape=[256,256,4,1] Vshape=[256,256,4,1] Keff=f16 Veff=bf16 turbo_kv=1 prefer_native_vec=0 decode=1 dk=1 dv=0 unsafe_vec_after_turbo_v_decode=0 allow_vec=1 kernel=MMA_F16 need_f16_K=0 need_f16_V=1 Knb=[36,288,72,73728] Vnb=[2,2048,512,524288] Keff_nb=[2,2048,512,524288] Veff_nb=[2,2048,512,524288]
CUDA_FA_ROUTE_ALLOC kernel=MMA_F16 need_f16_K=0 need_f16_V=1 workspace_end_offset=4718592 dst_data=(nil) f16_K=(nil) f16_V=0x400000 f16_end=0x480000
CUDA_FA_ROUTE_PLAN device=0 Q=[256,256,16,1] Kraw=turbo2_tcq Vraw=bf16 Kshape=[256,256,4,1] Vshape=[256,256,4,1] Keff=f16 Veff=bf16 turbo_kv=1 prefer_native_vec=0 decode=1 dk=1 dv=0 unsafe_vec_after_turbo_v_decode=0 allow_vec=1 kernel=MMA_F16 need_f16_K=0 need_f16_V=1 Knb=[36,288,72,73728] Vnb=[2,2048,512,524288] Keff_nb=[2,2048,512,524288] Veff_nb=[2,2048,512,524288]
CUDA_FA_ROUTE_ALLOC kernel=MMA_F16 need_f16_K=0 need_f16_V=1 workspace_end_offset=4718592 dst_data=(nil) f16_K=(nil) f16_V=0x400000 f16_end=0x480000
CUDA_FA_ROUTE_PLAN device=0 Q=[256,256,16,1] Kraw=turbo2_tcq Vraw=bf16 Kshape=[256,256,4,1] Vshape=[256,256,4,1] Keff=f16 Veff=bf16 turbo_kv=1 prefer_native_vec=0 decode=1 dk=1 dv=0 unsafe_vec_after_turbo_v_decode=0 allow_vec=1 kernel=MMA_F16 need_f16_K=0 need_f16_V=1 Knb=[36,288,72,73728] Vnb=[2,2048,512,524288] Keff_nb=[2,2048,512,524288] Veff_nb=[2,2048,512,524288]
CUDA_FA_ROUTE_ALLOC kernel=MMA_F16 need_f16_K=0 need_f16_V=1 workspace_end_offset=4718592 dst_data=(nil) f16_K=(nil) f16_V=0x400000 f16_end=0x480000
CUDA_FA_ROUTE_PLAN device=0 Q=[256,256,16,1] Kraw=turbo2_tcq Vraw=bf16 Kshape=[256,256,4,1] Vshape=[256,256,4,1] Keff=f16 Veff=bf16 turbo_kv=1 prefer_native_vec=0 decode=1 dk=1 dv=0 unsafe_vec_after_turbo_v_decode=0 allow_vec=1 kernel=MMA_F16 need_f16_K=0 need_f16_V=1 Knb=[36,288,72,73728] Vnb=[2,2048,512,524288] Keff_nb=[2,2048,512,524288] Veff_nb=[2,2048,512,524288]
CUDA_FA_ROUTE_ALLOC kernel=MMA_F16 need_f16_K=0 need_f16_V=1 workspace_end_offset=4718592 dst_data=(nil) f16_K=(nil) f16_V=0x400000 f16_end=0x480000
CUDA_FA_ROUTE_PLAN device=0 Q=[256,256,16,1] Kraw=turbo2_tcq Vraw=bf16 Kshape=[256,256,4,1] Vshape=[256,256,4,1] Keff=f16 Veff=bf16 turbo_kv=1 prefer_native_vec=0 decode=1 dk=1 dv=0 unsafe_vec_after_turbo_v_decode=0 allow_vec=1 kernel=MMA_F16 need_f16_K=0 need_f16_V=1 Knb=[36,288,72,73728] Vnb=[2,2048,512,524288] Keff_nb=[2,2048,512,524288] Veff_nb=[2,2048,512,524288]
CUDA_FA_ROUTE_ALLOC kernel=MMA_F16 need_f16_K=0 need_f16_V=1 workspace_end_offset=4718592 dst_data=(nil) f16_K=(nil) f16_V=0x400000 f16_end=0x480000
CUDA_FA_ROUTE_PLAN device=0 Q=[256,256,16,1] Kraw=turbo2_tcq Vraw=bf16 Kshape=[256,256,4,1] Vshape=[256,256,4,1] Keff=f16 Veff=bf16 turbo_kv=1 prefer_native_vec=0 decode=1 dk=1 dv=0 unsafe_vec_after_turbo_v_decode=0 allow_vec=1 kernel=MMA_F16 need_f16_K=0 need_f16_V=1 Knb=[36,288,72,73728] Vnb=[2,2048,512,524288] Keff_nb=[2,2048,512,524288] Veff_nb=[2,2048,512,524288]
CUDA_FA_ROUTE_ALLOC kernel=MMA_F16 need_f16_K=0 need_f16_V=1 workspace_end_offset=4718592 dst_data=(nil) f16_K=(nil) f16_V=0x400000 f16_end=0x480000
CUDA_FA_ROUTE_PLAN device=0 Q=[256,256,16,1] Kraw=turbo2_tcq Vraw=bf16 Kshape=[256,256,4,1] Vshape=[256,256,4,1] Keff=f16 Veff=bf16 turbo_kv=1 prefer_native_vec=0 decode=1 dk=1 dv=0 unsafe_vec_after_turbo_v_decode=0 allow_vec=1 kernel=MMA_F16 need_f16_K=0 need_f16_V=1 Knb=[36,288,72,73728] Vnb=[2,2048,512,524288] Keff_nb=[2,2048,512,524288] Veff_nb=[2,2048,512,524288]
CUDA_FA_ROUTE_ALLOC kernel=MMA_F16 need_f16_K=0 need_f16_V=1 workspace_end_offset=4718592 dst_data=(nil) f16_K=(nil) f16_V=0x400000 f16_end=0x480000
CUDA_FA_ROUTE_PLAN device=0 Q=[256,256,16,1] Kraw=turbo2_tcq Vraw=bf16 Kshape=[256,256,4,1] Vshape=[256,256,4,1] Keff=f16 Veff=bf16 turbo_kv=1 prefer_native_vec=0 decode=1 dk=1 dv=0 unsafe_vec_after_turbo_v_decode=0 allow_vec=1 kernel=MMA_F16 need_f16_K=0 need_f16_V=1 Knb=[36,288,72,73728] Vnb=[2,2048,512,524288] Keff_nb=[2,2048,512,524288] Veff_nb=[2,2048,512,524288]
CUDA_FA_ROUTE_ALLOC kernel=MMA_F16 need_f16_K=0 need_f16_V=1 workspace_end_offset=4718592 dst_data=(nil) f16_K=(nil) f16_V=0x400000 f16_end=0x480000
CUDA_FA_ROUTE_PLAN device=0 Q=[256,256,16,1] Kraw=turbo2_tcq Vraw=bf16 Kshape=[256,256,4,1] Vshape=[256,256,4,1] Keff=f16 Veff=bf16 turbo_kv=1 prefer_native_vec=0 decode=1 dk=1 dv=0 unsafe_vec_after_turbo_v_decode=0 allow_vec=1 kernel=MMA_F16 need_f16_K=0 need_f16_V=1 Knb=[36,288,72,73728] Vnb=[2,2048,512,524288] Keff_nb=[2,2048,512,524288] Veff_nb=[2,2048,512,524288]
CUDA_FA_ROUTE_ALLOC kernel=MMA_F16 need_f16_K=0 need_f16_V=1 workspace_end_offset=4718592 dst_data=(nil) f16_K=(nil) f16_V=0x400000 f16_end=0x480000
CUDA_FA_ROUTE_PLAN device=0 Q=[256,256,16,1] Kraw=turbo2_tcq Vraw=bf16 Kshape=[256,256,4,1] Vshape=[256,256,4,1] Keff=f16 Veff=bf16 turbo_kv=1 prefer_native_vec=0 decode=1 dk=1 dv=0 unsafe_vec_after_turbo_v_decode=0 allow_vec=1 kernel=MMA_F16 need_f16_K=0 need_f16_V=1 Knb=[36,288,72,73728] Vnb=[2,2048,512,524288] Keff_nb=[2,2048,512,524288] Veff_nb=[2,2048,512,524288]
CUDA_FA_ROUTE_ALLOC kernel=MMA_F16 need_f16_K=0 need_f16_V=1 workspace_end_offset=4718592 dst_data=(nil) f16_K=(nil) f16_V=0x400000 f16_end=0x480000
CUDA_FA_ROUTE_PLAN device=0 Q=[256,256,16,1] Kraw=turbo2_tcq Vraw=bf16 Kshape=[256,256,4,1] Vshape=[256,256,4,1] Keff=f16 Veff=bf16 turbo_kv=1 prefer_native_vec=0 decode=1 dk=1 dv=0 unsafe_vec_after_turbo_v_decode=0 allow_vec=1 kernel=MMA_F16 need_f16_K=0 need_f16_V=1 Knb=[36,288,72,73728] Vnb=[2,2048,512,524288] Keff_nb=[2,2048,512,524288] Veff_nb=[2,2048,512,524288]
CUDA_FA_ROUTE_ALLOC kernel=MMA_F16 need_f16_K=0 need_f16_V=1 workspace_end_offset=4718592 dst_data=(nil) f16_K=(nil) f16_V=0x400000 f16_end=0x480000
CUDA_FA_ROUTE_PLAN device=0 Q=[256,256,16,1] Kraw=turbo2_tcq Vraw=bf16 Kshape=[256,256,4,1] Vshape=[256,256,4,1] Keff=f16 Veff=bf16 turbo_kv=1 prefer_native_vec=0 decode=1 dk=1 dv=0 unsafe_vec_after_turbo_v_decode=0 allow_vec=1 kernel=MMA_F16 need_f16_K=0 need_f16_V=1 Knb=[36,288,72,73728] Vnb=[2,2048,512,524288] Keff_nb=[2,2048,512,524288] Veff_nb=[2,2048,512,524288]
CUDA_FA_ROUTE_ALLOC kernel=MMA_F16 need_f16_K=0 need_f16_V=1 workspace_end_offset=4718592 dst_data=(nil) f16_K=(nil) f16_V=0x400000 f16_end=0x480000
CUDA_FA_ROUTE_PLAN device=0 Q=[256,256,16,1] Kraw=turbo2_tcq Vraw=bf16 Kshape=[256,256,4,1] Vshape=[256,256,4,1] Keff=f16 Veff=bf16 turbo_kv=1 prefer_native_vec=0 decode=1 dk=1 dv=0 unsafe_vec_after_turbo_v_decode=0 allow_vec=1 kernel=MMA_F16 need_f16_K=0 need_f16_V=1 Knb=[36,288,72,73728] Vnb=[2,2048,512,524288] Keff_nb=[2,2048,512,524288] Veff_nb=[2,2048,512,524288]
CUDA_FA_ROUTE_ALLOC kernel=MMA_F16 need_f16_K=0 need_f16_V=1 workspace_end_offset=4718592 dst_data=(nil) f16_K=(nil) f16_V=0x400000 f16_end=0x480000
CUDA_FA_ROUTE_PLAN device=0 Q=[256,256,16,1] Kraw=turbo2_tcq Vraw=bf16 Kshape=[256,256,4,1] Vshape=[256,256,4,1] Keff=f16 Veff=bf16 turbo_kv=1 prefer_native_vec=0 decode=1 dk=1 dv=0 unsafe_vec_after_turbo_v_decode=0 allow_vec=1 kernel=MMA_F16 need_f16_K=0 need_f16_V=1 Knb=[36,288,72,73728] Vnb=[2,2048,512,524288] Keff_nb=[2,2048,512,524288] Veff_nb=[2,2048,512,524288]
CUDA_FA_ROUTE_ALLOC kernel=MMA_F16 need_f16_K=0 need_f16_V=1 workspace_end_offset=4718592 dst_data=(nil) f16_K=(nil) f16_V=0x400000 f16_end=0x480000
CUDA_FA_ROUTE_PLAN device=0 Q=[256,256,16,1] Kraw=turbo2_tcq Vraw=bf16 Kshape=[256,256,4,1] Vshape=[256,256,4,1] Keff=f16 Veff=bf16 turbo_kv=1 prefer_native_vec=0 decode=1 dk=1 dv=0 unsafe_vec_after_turbo_v_decode=0 allow_vec=1 kernel=MMA_F16 need_f16_K=0 need_f16_V=1 Knb=[36,288,72,73728] Vnb=[2,2048,512,524288] Keff_nb=[2,2048,512,524288] Veff_nb=[2,2048,512,524288]
CUDA_FA_ROUTE_ALLOC kernel=MMA_F16 need_f16_K=0 need_f16_V=1 workspace_end_offset=4718592 dst_data=(nil) f16_K=(nil) f16_V=0x400000 f16_end=0x480000
CUDA_FA_ROUTE_PLAN device=0 Q=[256,256,16,1] Kraw=turbo2_tcq Vraw=bf16 Kshape=[256,256,4,1] Vshape=[256,256,4,1] Keff=f16 Veff=bf16 turbo_kv=1 prefer_native_vec=0 decode=1 dk=1 dv=0 unsafe_vec_after_turbo_v_decode=0 allow_vec=1 kernel=MMA_F16 need_f16_K=0 need_f16_V=1 Knb=[36,288,72,73728] Vnb=[2,2048,512,524288] Keff_nb=[2,2048,512,524288] Veff_nb=[2,2048,512,524288]
CUDA_FA_ROUTE_ALLOC kernel=MMA_F16 need_f16_K=0 need_f16_V=1 workspace_end_offset=4718592 dst_data=(nil) f16_K=(nil) f16_V=0x400000 f16_end=0x480000
CUDA_FA_ROUTE_PLAN device=0 Q=[256,256,16,1] Kraw=turbo2_tcq Vraw=bf16 Kshape=[256,256,4,1] Vshape=[256,256,4,1] Keff=f16 Veff=bf16 turbo_kv=1 prefer_native_vec=0 decode=1 dk=1 dv=0 unsafe_vec_after_turbo_v_decode=0 allow_vec=1 kernel=MMA_F16 need_f16_K=0 need_f16_V=1 Knb=[36,288,72,73728] Vnb=[2,2048,512,524288] Keff_nb=[2,2048,512,524288] Veff_nb=[2,2048,512,524288]
CUDA_FA_ROUTE_ALLOC kernel=MMA_F16 need_f16_K=0 need_f16_V=1 workspace_end_offset=4718592 dst_data=(nil) f16_K=(nil) f16_V=0x400000 f16_end=0x480000
CUDA_FA_ROUTE_PLAN device=0 Q=[256,256,16,1] Kraw=turbo2_tcq Vraw=bf16 Kshape=[256,256,4,1] Vshape=[256,256,4,1] Keff=f16 Veff=bf16 turbo_kv=1 prefer_native_vec=0 decode=1 dk=1 dv=0 unsafe_vec_after_turbo_v_decode=0 allow_vec=1 kernel=MMA_F16 need_f16_K=0 need_f16_V=1 Knb=[36,288,72,73728] Vnb=[2,2048,512,524288] Keff_nb=[2,2048,512,524288] Veff_nb=[2,2048,512,524288]
CUDA_FA_ROUTE_ALLOC kernel=MMA_F16 need_f16_K=0 need_f16_V=1 workspace_end_offset=4718592 dst_data=(nil) f16_K=(nil) f16_V=0x400000 f16_end=0x480000
CUDA_FA_ROUTE_PLAN device=0 Q=[256,256,16,1] Kraw=turbo2_tcq Vraw=bf16 Kshape=[256,256,4,1] Vshape=[256,256,4,1] Keff=f16 Veff=bf16 turbo_kv=1 prefer_native_vec=0 decode=1 dk=1 dv=0 unsafe_vec_after_turbo_v_decode=0 allow_vec=1 kernel=MMA_F16 need_f16_K=0 need_f16_V=1 Knb=[36,288,72,73728] Vnb=[2,2048,512,524288] Keff_nb=[2,2048,512,524288] Veff_nb=[2,2048,512,524288]
CUDA_FA_ROUTE_ALLOC kernel=MMA_F16 need_f16_K=0 need_f16_V=1 workspace_end_offset=4718592 dst_data=(nil) f16_K=(nil) f16_V=0x400000 f16_end=0x480000
CUDA_FA_ROUTE_PLAN device=0 Q=[256,256,16,1] Kraw=turbo2_tcq Vraw=bf16 Kshape=[256,256,4,1] Vshape=[256,256,4,1] Keff=f16 Veff=bf16 turbo_kv=1 prefer_native_vec=0 decode=1 dk=1 dv=0 unsafe_vec_after_turbo_v_decode=0 allow_vec=1 kernel=MMA_F16 need_f16_K=0 need_f16_V=1 Knb=[36,288,72,73728] Vnb=[2,2048,512,524288] Keff_nb=[2,2048,512,524288] Veff_nb=[2,2048,512,524288]
CUDA_FA_ROUTE_ALLOC kernel=MMA_F16 need_f16_K=0 need_f16_V=1 workspace_end_offset=4718592 dst_data=(nil) f16_K=(nil) f16_V=0x400000 f16_end=0x480000
CUDA_FA_ROUTE_PLAN device=0 Q=[256,256,16,1] Kraw=turbo2_tcq Vraw=bf16 Kshape=[256,256,4,1] Vshape=[256,256,4,1] Keff=f16 Veff=bf16 turbo_kv=1 prefer_native_vec=0 decode=1 dk=1 dv=0 unsafe_vec_after_turbo_v_decode=0 allow_vec=1 kernel=MMA_F16 need_f16_K=0 need_f16_V=1 Knb=[36,288,72,73728] Vnb=[2,2048,512,524288] Keff_nb=[2,2048,512,524288] Veff_nb=[2,2048,512,524288]
CUDA_FA_ROUTE_ALLOC kernel=MMA_F16 need_f16_K=0 need_f16_V=1 workspace_end_offset=4718592 dst_data=(nil) f16_K=(nil) f16_V=0x400000 f16_end=0x480000
CUDA_FA_ROUTE_PLAN device=0 Q=[256,256,16,1] Kraw=turbo2_tcq Vraw=bf16 Kshape=[256,256,4,1] Vshape=[256,256,4,1] Keff=f16 Veff=bf16 turbo_kv=1 prefer_native_vec=0 decode=1 dk=1 dv=0 unsafe_vec_after_turbo_v_decode=0 allow_vec=1 kernel=MMA_F16 need_f16_K=0 need_f16_V=1 Knb=[36,288,72,73728] Vnb=[2,2048,512,524288] Keff_nb=[2,2048,512,524288] Veff_nb=[2,2048,512,524288]
CUDA_FA_ROUTE_ALLOC kernel=MMA_F16 need_f16_K=0 need_f16_V=1 workspace_end_offset=4718592 dst_data=(nil) f16_K=(nil) f16_V=0x400000 f16_end=0x480000
CUDA_FA_ROUTE_PLAN device=0 Q=[256,256,16,1] Kraw=turbo2_tcq Vraw=bf16 Kshape=[256,256,4,1] Vshape=[256,256,4,1] Keff=f16 Veff=bf16 turbo_kv=1 prefer_native_vec=0 decode=1 dk=1 dv=0 unsafe_vec_after_turbo_v_decode=0 allow_vec=1 kernel=MMA_F16 need_f16_K=0 need_f16_V=1 Knb=[36,288,72,73728] Vnb=[2,2048,512,524288] Keff_nb=[2,2048,512,524288] Veff_nb=[2,2048,512,524288]
CUDA_FA_ROUTE_ALLOC kernel=MMA_F16 need_f16_K=0 need_f16_V=1 workspace_end_offset=4718592 dst_data=(nil) f16_K=(nil) f16_V=0x400000 f16_end=0x480000
CUDA_FA_ROUTE_PLAN device=0 Q=[256,256,16,1] Kraw=turbo2_tcq Vraw=bf16 Kshape=[256,256,4,1] Vshape=[256,256,4,1] Keff=f16 Veff=bf16 turbo_kv=1 prefer_native_vec=0 decode=1 dk=1 dv=0 unsafe_vec_after_turbo_v_decode=0 allow_vec=1 kernel=MMA_F16 need_f16_K=0 need_f16_V=1 Knb=[36,288,72,73728] Vnb=[2,2048,512,524288] Keff_nb=[2,2048,512,524288] Veff_nb=[2,2048,512,524288]
CUDA_FA_ROUTE_ALLOC kernel=MMA_F16 need_f16_K=0 need_f16_V=1 workspace_end_offset=4718592 dst_data=(nil) f16_K=(nil) f16_V=0x400000 f16_end=0x480000
CUDA_FA_ROUTE_PLAN device=0 Q=[256,256,16,1] Kraw=turbo2_tcq Vraw=bf16 Kshape=[256,256,4,1] Vshape=[256,256,4,1] Keff=f16 Veff=bf16 turbo_kv=1 prefer_native_vec=0 decode=1 dk=1 dv=0 unsafe_vec_after_turbo_v_decode=0 allow_vec=1 kernel=MMA_F16 need_f16_K=0 need_f16_V=1 Knb=[36,288,72,73728] Vnb=[2,2048,512,524288] Keff_nb=[2,2048,512,524288] Veff_nb=[2,2048,512,524288]
CUDA_FA_ROUTE_ALLOC kernel=MMA_F16 need_f16_K=0 need_f16_V=1 workspace_end_offset=4718592 dst_data=(nil) f16_K=(nil) f16_V=0x400000 f16_end=0x480000
CUDA_FA_ROUTE_PLAN device=0 Q=[256,256,16,1] Kraw=turbo2_tcq Vraw=bf16 Kshape=[256,256,4,1] Vshape=[256,256,4,1] Keff=f16 Veff=bf16 turbo_kv=1 prefer_native_vec=0 decode=1 dk=1 dv=0 unsafe_vec_after_turbo_v_decode=0 allow_vec=1 kernel=MMA_F16 need_f16_K=0 need_f16_V=1 Knb=[36,288,72,73728] Vnb=[2,2048,512,524288] Keff_nb=[2,2048,512,524288] Veff_nb=[2,2048,512,524288]
CUDA_FA_ROUTE_ALLOC kernel=MMA_F16 need_f16_K=0 need_f16_V=1 workspace_end_offset=4718592 dst_data=(nil) f16_K=(nil) f16_V=0x400000 f16_end=0x480000
CUDA_FA_ROUTE_PLAN device=0 Q=[256,1,16,1] Kraw=turbo2_tcq Vraw=bf16 Kshape=[256,256,4,1] Vshape=[256,256,4,1] Keff=f16 Veff=bf16 turbo_kv=1 prefer_native_vec=0 decode=1 dk=1 dv=0 unsafe_vec_after_turbo_v_decode=0 allow_vec=1 kernel=MMA_F16 need_f16_K=0 need_f16_V=1 Knb=[36,288,72,73728] Vnb=[2,2048,512,524288] Keff_nb=[2,2048,512,524288] Veff_nb=[2,2048,512,524288]
CUDA_FA_ROUTE_SUPPORTED kernel=MMA_F16 effK=f16 effV=bf16 supported=1
CUDA_FA_ROUTE_PLAN device=0 Q=[256,1,16,1] Kraw=turbo2_tcq Vraw=bf16 Kshape=[256,256,4,1] Vshape=[256,256,4,1] Keff=f16 Veff=bf16 turbo_kv=1 prefer_native_vec=0 decode=1 dk=1 dv=0 unsafe_vec_after_turbo_v_decode=0 allow_vec=1 kernel=MMA_F16 need_f16_K=0 need_f16_V=1 Knb=[36,288,72,73728] Vnb=[2,2048,512,524288] Keff_nb=[2,2048,512,524288] Veff_nb=[2,2048,512,524288]
CUDA_FA_ROUTE_SUPPORTED kernel=MMA_F16 effK=f16 effV=bf16 supported=1
CUDA_FA_ROUTE_PLAN device=0 Q=[256,1,16,1] Kraw=turbo2_tcq Vraw=bf16 Kshape=[256,256,4,1] Vshape=[256,256,4,1] Keff=f16 Veff=bf16 turbo_kv=1 prefer_native_vec=0 decode=1 dk=1 dv=0 unsafe_vec_after_turbo_v_decode=0 allow_vec=1 kernel=MMA_F16 need_f16_K=0 need_f16_V=1 Knb=[36,288,72,73728] Vnb=[2,2048,512,524288] Keff_nb=[2,2048,512,524288] Veff_nb=[2,2048,512,524288]
CUDA_FA_ROUTE_SUPPORTED kernel=MMA_F16 effK=f16 effV=bf16 supported=1
CUDA_FA_ROUTE_PLAN device=0 Q=[256,1,16,1] Kraw=turbo2_tcq Vraw=bf16 Kshape=[256,256,4,1] Vshape=[256,256,4,1] Keff=f16 Veff=bf16 turbo_kv=1 prefer_native_vec=0 decode=1 dk=1 dv=0 unsafe_vec_after_turbo_v_decode=0 allow_vec=1 kernel=MMA_F16 need_f16_K=0 need_f16_V=1 Knb=[36,288,72,73728] Vnb=[2,2048,512,524288] Keff_nb=[2,2048,512,524288] Veff_nb=[2,2048,512,524288]
CUDA_FA_ROUTE_SUPPORTED kernel=MMA_F16 effK=f16 effV=bf16 supported=1
CUDA_FA_ROUTE_PLAN device=0 Q=[256,1,16,1] Kraw=turbo2_tcq Vraw=bf16 Kshape=[256,256,4,1] Vshape=[256,256,4,1] Keff=f16 Veff=bf16 turbo_kv=1 prefer_native_vec=0 decode=1 dk=1 dv=0 unsafe_vec_after_turbo_v_decode=0 allow_vec=1 kernel=MMA_F16 need_f16_K=0 need_f16_V=1 Knb=[36,288,72,73728] Vnb=[2,2048,512,524288] Keff_nb=[2,2048,512,524288] Veff_nb=[2,2048,512,524288]
CUDA_FA_ROUTE_SUPPORTED kernel=MMA_F16 effK=f16 effV=bf16 supported=1
CUDA_FA_ROUTE_PLAN device=0 Q=[256,1,16,1] Kraw=turbo2_tcq Vraw=bf16 Kshape=[256,256,4,1] Vshape=[256,256,4,1] Keff=f16 Veff=bf16 turbo_kv=1 prefer_native_vec=0 decode=1 dk=1 dv=0 unsafe_vec_after_turbo_v_decode=0 allow_vec=1 kernel=MMA_F16 need_f16_K=0 need_f16_V=1 Knb=[36,288,72,73728] Vnb=[2,2048,512,524288] Keff_nb=[2,2048,512,524288] Veff_nb=[2,2048,512,524288]
CUDA_FA_ROUTE_SUPPORTED kernel=MMA_F16 effK=f16 effV=bf16 supported=1
CUDA_FA_ROUTE_PLAN device=0 Q=[256,1,16,1] Kraw=turbo2_tcq Vraw=bf16 Kshape=[256,256,4,1] Vshape=[256,256,4,1] Keff=f16 Veff=bf16 turbo_kv=1 prefer_native_vec=0 decode=1 dk=1 dv=0 unsafe_vec_after_turbo_v_decode=0 allow_vec=1 kernel=MMA_F16 need_f16_K=0 need_f16_V=1 Knb=[36,288,72,73728] Vnb=[2,2048,512,524288] Keff_nb=[2,2048,512,524288] Veff_nb=[2,2048,512,524288]
CUDA_FA_ROUTE_SUPPORTED kernel=MMA_F16 effK=f16 effV=bf16 supported=1
CUDA_FA_ROUTE_PLAN device=0 Q=[256,1,16,1] Kraw=turbo2_tcq Vraw=bf16 Kshape=[256,256,4,1] Vshape=[256,256,4,1] Keff=f16 Veff=bf16 turbo_kv=1 prefer_native_vec=0 decode=1 dk=1 dv=0 unsafe_vec_after_turbo_v_decode=0 allow_vec=1 kernel=MMA_F16 need_f16_K=0 need_f16_V=1 Knb=[36,288,72,73728] Vnb=[2,2048,512,524288] Keff_nb=[2,2048,512,524288] Veff_nb=[2,2048,512,524288]
CUDA_FA_ROUTE_SUPPORTED kernel=MMA_F16 effK=f16 effV=bf16 supported=1
CUDA_FA_ROUTE_PLAN device=0 Q=[256,256,16,1] Kraw=turbo2_tcq Vraw=bf16 Kshape=[256,256,4,1] Vshape=[256,256,4,1] Keff=f16 Veff=bf16 turbo_kv=1 prefer_native_vec=0 decode=1 dk=1 dv=0 unsafe_vec_after_turbo_v_decode=0 allow_vec=1 kernel=MMA_F16 need_f16_K=0 need_f16_V=1 Knb=[36,288,72,73728] Vnb=[2,2048,512,524288] Keff_nb=[2,2048,512,524288] Veff_nb=[2,2048,512,524288]
CUDA_FA_ROUTE_SUPPORTED kernel=MMA_F16 effK=f16 effV=bf16 supported=1
CUDA_FA_ROUTE_PLAN device=0 Q=[256,256,16,1] Kraw=turbo2_tcq Vraw=bf16 Kshape=[256,256,4,1] Vshape=[256,256,4,1] Keff=f16 Veff=bf16 turbo_kv=1 prefer_native_vec=0 decode=1 dk=1 dv=0 unsafe_vec_after_turbo_v_decode=0 allow_vec=1 kernel=MMA_F16 need_f16_K=0 need_f16_V=1 Knb=[36,288,72,73728] Vnb=[2,2048,512,524288] Keff_nb=[2,2048,512,524288] Veff_nb=[2,2048,512,524288]
CUDA_FA_ROUTE_SUPPORTED kernel=MMA_F16 effK=f16 effV=bf16 supported=1
CUDA_FA_ROUTE_PLAN device=0 Q=[256,256,16,1] Kraw=turbo2_tcq Vraw=bf16 Kshape=[256,256,4,1] Vshape=[256,256,4,1] Keff=f16 Veff=bf16 turbo_kv=1 prefer_native_vec=0 decode=1 dk=1 dv=0 unsafe_vec_after_turbo_v_decode=0 allow_vec=1 kernel=MMA_F16 need_f16_K=0 need_f16_V=1 Knb=[36,288,72,73728] Vnb=[2,2048,512,524288] Keff_nb=[2,2048,512,524288] Veff_nb=[2,2048,512,524288]
CUDA_FA_ROUTE_SUPPORTED kernel=MMA_F16 effK=f16 effV=bf16 supported=1
CUDA_FA_ROUTE_PLAN device=0 Q=[256,256,16,1] Kraw=turbo2_tcq Vraw=bf16 Kshape=[256,256,4,1] Vshape=[256,256,4,1] Keff=f16 Veff=bf16 turbo_kv=1 prefer_native_vec=0 decode=1 dk=1 dv=0 unsafe_vec_after_turbo_v_decode=0 allow_vec=1 kernel=MMA_F16 need_f16_K=0 need_f16_V=1 Knb=[36,288,72,73728] Vnb=[2,2048,512,524288] Keff_nb=[2,2048,512,524288] Veff_nb=[2,2048,512,524288]
CUDA_FA_ROUTE_SUPPORTED kernel=MMA_F16 effK=f16 effV=bf16 supported=1
CUDA_FA_ROUTE_PLAN device=0 Q=[256,256,16,1] Kraw=turbo2_tcq Vraw=bf16 Kshape=[256,256,4,1] Vshape=[256,256,4,1] Keff=f16 Veff=bf16 turbo_kv=1 prefer_native_vec=0 decode=1 dk=1 dv=0 unsafe_vec_after_turbo_v_decode=0 allow_vec=1 kernel=MMA_F16 need_f16_K=0 need_f16_V=1 Knb=[36,288,72,73728] Vnb=[2,2048,512,524288] Keff_nb=[2,2048,512,524288] Veff_nb=[2,2048,512,524288]
CUDA_FA_ROUTE_SUPPORTED kernel=MMA_F16 effK=f16 effV=bf16 supported=1
CUDA_FA_ROUTE_PLAN device=0 Q=[256,256,16,1] Kraw=turbo2_tcq Vraw=bf16 Kshape=[256,256,4,1] Vshape=[256,256,4,1] Keff=f16 Veff=bf16 turbo_kv=1 prefer_native_vec=0 decode=1 dk=1 dv=0 unsafe_vec_after_turbo_v_decode=0 allow_vec=1 kernel=MMA_F16 need_f16_K=0 need_f16_V=1 Knb=[36,288,72,73728] Vnb=[2,2048,512,524288] Keff_nb=[2,2048,512,524288] Veff_nb=[2,2048,512,524288]
CUDA_FA_ROUTE_SUPPORTED kernel=MMA_F16 effK=f16 effV=bf16 supported=1
CUDA_FA_ROUTE_PLAN device=0 Q=[256,256,16,1] Kraw=turbo2_tcq Vraw=bf16 Kshape=[256,256,4,1] Vshape=[256,256,4,1] Keff=f16 Veff=bf16 turbo_kv=1 prefer_native_vec=0 decode=1 dk=1 dv=0 unsafe_vec_after_turbo_v_decode=0 allow_vec=1 kernel=MMA_F16 need_f16_K=0 need_f16_V=1 Knb=[36,288,72,73728] Vnb=[2,2048,512,524288] Keff_nb=[2,2048,512,524288] Veff_nb=[2,2048,512,524288]
CUDA_FA_ROUTE_SUPPORTED kernel=MMA_F16 effK=f16 effV=bf16 supported=1
CUDA_FA_ROUTE_PLAN device=0 Q=[256,256,16,1] Kraw=turbo2_tcq Vraw=bf16 Kshape=[256,256,4,1] Vshape=[256,256,4,1] Keff=f16 Veff=bf16 turbo_kv=1 prefer_native_vec=0 decode=1 dk=1 dv=0 unsafe_vec_after_turbo_v_decode=0 allow_vec=1 kernel=MMA_F16 need_f16_K=0 need_f16_V=1 Knb=[36,288,72,73728] Vnb=[2,2048,512,524288] Keff_nb=[2,2048,512,524288] Veff_nb=[2,2048,512,524288]
CUDA_FA_ROUTE_SUPPORTED kernel=MMA_F16 effK=f16 effV=bf16 supported=1
CUDA_FA_ROUTE_PLAN device=0 Q=[256,1,16,1] Kraw=turbo2_tcq Vraw=bf16 Kshape=[256,256,4,1] Vshape=[256,256,4,1] Keff=f16 Veff=bf16 turbo_kv=1 prefer_native_vec=0 decode=1 dk=1 dv=0 unsafe_vec_after_turbo_v_decode=0 allow_vec=1 kernel=MMA_F16 need_f16_K=0 need_f16_V=1 Knb=[36,288,72,73728] Vnb=[2,2048,512,524288] Keff_nb=[2,2048,512,524288] Veff_nb=[2,2048,512,524288]
CUDA_FA_ROUTE_SUPPORTED kernel=MMA_F16 effK=f16 effV=bf16 supported=1
CUDA_FA_ROUTE_PLAN device=0 Q=[256,1,16,1] Kraw=turbo2_tcq Vraw=bf16 Kshape=[256,256,4,1] Vshape=[256,256,4,1] Keff=f16 Veff=bf16 turbo_kv=1 prefer_native_vec=0 decode=1 dk=1 dv=0 unsafe_vec_after_turbo_v_decode=0 allow_vec=1 kernel=MMA_F16 need_f16_K=0 need_f16_V=1 Knb=[36,288,72,73728] Vnb=[2,2048,512,524288] Keff_nb=[2,2048,512,524288] Veff_nb=[2,2048,512,524288]
CUDA_FA_ROUTE_SUPPORTED kernel=MMA_F16 effK=f16 effV=bf16 supported=1
CUDA_FA_ROUTE_PLAN device=0 Q=[256,1,16,1] Kraw=turbo2_tcq Vraw=bf16 Kshape=[256,256,4,1] Vshape=[256,256,4,1] Keff=f16 Veff=bf16 turbo_kv=1 prefer_native_vec=0 decode=1 dk=1 dv=0 unsafe_vec_after_turbo_v_decode=0 allow_vec=1 kernel=MMA_F16 need_f16_K=0 need_f16_V=1 Knb=[36,288,72,73728] Vnb=[2,2048,512,524288] Keff_nb=[2,2048,512,524288] Veff_nb=[2,2048,512,524288]
CUDA_FA_ROUTE_SUPPORTED kernel=MMA_F16 effK=f16 effV=bf16 supported=1
CUDA_FA_ROUTE_PLAN device=0 Q=[256,1,16,1] Kraw=turbo2_tcq Vraw=bf16 Kshape=[256,256,4,1] Vshape=[256,256,4,1] Keff=f16 Veff=bf16 turbo_kv=1 prefer_native_vec=0 decode=1 dk=1 dv=0 unsafe_vec_after_turbo_v_decode=0 allow_vec=1 kernel=MMA_F16 need_f16_K=0 need_f16_V=1 Knb=[36,288,72,73728] Vnb=[2,2048,512,524288] Keff_nb=[2,2048,512,524288] Veff_nb=[2,2048,512,524288]
CUDA_FA_ROUTE_SUPPORTED kernel=MMA_F16 effK=f16 effV=bf16 supported=1
CUDA_FA_ROUTE_PLAN device=0 Q=[256,1,16,1] Kraw=turbo2_tcq Vraw=bf16 Kshape=[256,256,4,1] Vshape=[256,256,4,1] Keff=f16 Veff=bf16 turbo_kv=1 prefer_native_vec=0 decode=1 dk=1 dv=0 unsafe_vec_after_turbo_v_decode=0 allow_vec=1 kernel=MMA_F16 need_f16_K=0 need_f16_V=1 Knb=[36,288,72,73728] Vnb=[2,2048,512,524288] Keff_nb=[2,2048,512,524288] Veff_nb=[2,2048,512,524288]
CUDA_FA_ROUTE_SUPPORTED kernel=MMA_F16 effK=f16 effV=bf16 supported=1
CUDA_FA_ROUTE_PLAN device=0 Q=[256,1,16,1] Kraw=turbo2_tcq Vraw=bf16 Kshape=[256,256,4,1] Vshape=[256,256,4,1] Keff=f16 Veff=bf16 turbo_kv=1 prefer_native_vec=0 decode=1 dk=1 dv=0 unsafe_vec_after_turbo_v_decode=0 allow_vec=1 kernel=MMA_F16 need_f16_K=0 need_f16_V=1 Knb=[36,288,72,73728] Vnb=[2,2048,512,524288] Keff_nb=[2,2048,512,524288] Veff_nb=[2,2048,512,524288]
CUDA_FA_ROUTE_SUPPORTED kernel=MMA_F16 effK=f16 effV=bf16 supported=1
CUDA_FA_ROUTE_PLAN device=0 Q=[256,1,16,1] Kraw=turbo2_tcq Vraw=bf16 Kshape=[256,256,4,1] Vshape=[256,256,4,1] Keff=f16 Veff=bf16 turbo_kv=1 prefer_native_vec=0 decode=1 dk=1 dv=0 unsafe_vec_after_turbo_v_decode=0 allow_vec=1 kernel=MMA_F16 need_f16_K=0 need_f16_V=1 Knb=[36,288,72,73728] Vnb=[2,2048,512,524288] Keff_nb=[2,2048,512,524288] Veff_nb=[2,2048,512,524288]
CUDA_FA_ROUTE_SUPPORTED kernel=MMA_F16 effK=f16 effV=bf16 supported=1
CUDA_FA_ROUTE_PLAN device=0 Q=[256,1,16,1] Kraw=turbo2_tcq Vraw=bf16 Kshape=[256,256,4,1] Vshape=[256,256,4,1] Keff=f16 Veff=bf16 turbo_kv=1 prefer_native_vec=0 decode=1 dk=1 dv=0 unsafe_vec_after_turbo_v_decode=0 allow_vec=1 kernel=MMA_F16 need_f16_K=0 need_f16_V=1 Knb=[36,288,72,73728] Vnb=[2,2048,512,524288] Keff_nb=[2,2048,512,524288] Veff_nb=[2,2048,512,524288]
CUDA_FA_ROUTE_SUPPORTED kernel=MMA_F16 effK=f16 effV=bf16 supported=1
CUDA_FA_ROUTE_PLAN device=0 Q=[256,16,16,1] Kraw=turbo2_tcq Vraw=bf16 Kshape=[256,256,4,1] Vshape=[256,256,4,1] Keff=f16 Veff=bf16 turbo_kv=1 prefer_native_vec=0 decode=1 dk=1 dv=0 unsafe_vec_after_turbo_v_decode=0 allow_vec=1 kernel=MMA_F16 need_f16_K=0 need_f16_V=1 Knb=[36,288,72,73728] Vnb=[2,2048,512,524288] Keff_nb=[2,2048,512,524288] Veff_nb=[2,2048,512,524288]
CUDA_FA_ROUTE_SUPPORTED kernel=MMA_F16 effK=f16 effV=bf16 supported=1
CUDA_FA_ROUTE_PLAN device=0 Q=[256,16,16,1] Kraw=turbo2_tcq Vraw=bf16 Kshape=[256,256,4,1] Vshape=[256,256,4,1] Keff=f16 Veff=bf16 turbo_kv=1 prefer_native_vec=0 decode=1 dk=1 dv=0 unsafe_vec_after_turbo_v_decode=0 allow_vec=1 kernel=MMA_F16 need_f16_K=0 need_f16_V=1 Knb=[36,288,72,73728] Vnb=[2,2048,512,524288] Keff_nb=[2,2048,512,524288] Veff_nb=[2,2048,512,524288]
CUDA_FA_ROUTE_SUPPORTED kernel=MMA_F16 effK=f16 effV=bf16 supported=1
CUDA_FA_ROUTE_PLAN device=0 Q=[256,16,16,1] Kraw=turbo2_tcq Vraw=bf16 Kshape=[256,256,4,1] Vshape=[256,256,4,1] Keff=f16 Veff=bf16 turbo_kv=1 prefer_native_vec=0 decode=1 dk=1 dv=0 unsafe_vec_after_turbo_v_decode=0 allow_vec=1 kernel=MMA_F16 need_f16_K=0 need_f16_V=1 Knb=[36,288,72,73728] Vnb=[2,2048,512,524288] Keff_nb=[2,2048,512,524288] Veff_nb=[2,2048,512,524288]
CUDA_FA_ROUTE_SUPPORTED kernel=MMA_F16 effK=f16 effV=bf16 supported=1
CUDA_FA_ROUTE_PLAN device=0 Q=[256,16,16,1] Kraw=turbo2_tcq Vraw=bf16 Kshape=[256,256,4,1] Vshape=[256,256,4,1] Keff=f16 Veff=bf16 turbo_kv=1 prefer_native_vec=0 decode=1 dk=1 dv=0 unsafe_vec_after_turbo_v_decode=0 allow_vec=1 kernel=MMA_F16 need_f16_K=0 need_f16_V=1 Knb=[36,288,72,73728] Vnb=[2,2048,512,524288] Keff_nb=[2,2048,512,524288] Veff_nb=[2,2048,512,524288]
CUDA_FA_ROUTE_SUPPORTED kernel=MMA_F16 effK=f16 effV=bf16 supported=1
CUDA_FA_ROUTE_PLAN device=0 Q=[256,16,16,1] Kraw=turbo2_tcq Vraw=bf16 Kshape=[256,256,4,1] Vshape=[256,256,4,1] Keff=f16 Veff=bf16 turbo_kv=1 prefer_native_vec=0 decode=1 dk=1 dv=0 unsafe_vec_after_turbo_v_decode=0 allow_vec=1 kernel=MMA_F16 need_f16_K=0 need_f16_V=1 Knb=[36,288,72,73728] Vnb=[2,2048,512,524288] Keff_nb=[2,2048,512,524288] Veff_nb=[2,2048,512,524288]
CUDA_FA_ROUTE_SUPPORTED kernel=MMA_F16 effK=f16 effV=bf16 supported=1
CUDA_FA_ROUTE_PLAN device=0 Q=[256,16,16,1] Kraw=turbo2_tcq Vraw=bf16 Kshape=[256,256,4,1] Vshape=[256,256,4,1] Keff=f16 Veff=bf16 turbo_kv=1 prefer_native_vec=0 decode=1 dk=1 dv=0 unsafe_vec_after_turbo_v_decode=0 allow_vec=1 kernel=MMA_F16 need_f16_K=0 need_f16_V=1 Knb=[36,288,72,73728] Vnb=[2,2048,512,524288] Keff_nb=[2,2048,512,524288] Veff_nb=[2,2048,512,524288]
CUDA_FA_ROUTE_SUPPORTED kernel=MMA_F16 effK=f16 effV=bf16 supported=1
CUDA_FA_ROUTE_PLAN device=0 Q=[256,16,16,1] Kraw=turbo2_tcq Vraw=bf16 Kshape=[256,256,4,1] Vshape=[256,256,4,1] Keff=f16 Veff=bf16 turbo_kv=1 prefer_native_vec=0 decode=1 dk=1 dv=0 unsafe_vec_after_turbo_v_decode=0 allow_vec=1 kernel=MMA_F16 need_f16_K=0 need_f16_V=1 Knb=[36,288,72,73728] Vnb=[2,2048,512,524288] Keff_nb=[2,2048,512,524288] Veff_nb=[2,2048,512,524288]
CUDA_FA_ROUTE_SUPPORTED kernel=MMA_F16 effK=f16 effV=bf16 supported=1
CUDA_FA_ROUTE_PLAN device=0 Q=[256,16,16,1] Kraw=turbo2_tcq Vraw=bf16 Kshape=[256,256,4,1] Vshape=[256,256,4,1] Keff=f16 Veff=bf16 turbo_kv=1 prefer_native_vec=0 decode=1 dk=1 dv=0 unsafe_vec_after_turbo_v_decode=0 allow_vec=1 kernel=MMA_F16 need_f16_K=0 need_f16_V=1 Knb=[36,288,72,73728] Vnb=[2,2048,512,524288] Keff_nb=[2,2048,512,524288] Veff_nb=[2,2048,512,524288]
CUDA_FA_ROUTE_SUPPORTED kernel=MMA_F16 effK=f16 effV=bf16 supported=1
CUDA_FA_ROUTE_PLAN device=0 Q=[256,1,16,1] Kraw=turbo2_tcq Vraw=bf16 Kshape=[256,256,4,1] Vshape=[256,256,4,1] Keff=f16 Veff=bf16 turbo_kv=1 prefer_native_vec=0 decode=1 dk=1 dv=0 unsafe_vec_after_turbo_v_decode=0 allow_vec=1 kernel=MMA_F16 need_f16_K=0 need_f16_V=1 Knb=[36,288,72,73728] Vnb=[2,2048,512,524288] Keff_nb=[2,2048,512,524288] Veff_nb=[2,2048,512,524288]
CUDA_FA_ROUTE_SUPPORTED kernel=MMA_F16 effK=f16 effV=bf16 supported=1
CUDA_FA_ROUTE_PLAN device=0 Q=[256,1,16,1] Kraw=turbo2_tcq Vraw=bf16 Kshape=[256,256,4,1] Vshape=[256,256,4,1] Keff=f16 Veff=bf16 turbo_kv=1 prefer_native_vec=0 decode=1 dk=1 dv=0 unsafe_vec_after_turbo_v_decode=0 allow_vec=1 kernel=MMA_F16 need_f16_K=0 need_f16_V=1 Knb=[36,288,72,73728] Vnb=[2,2048,512,524288] Keff_nb=[2,2048,512,524288] Veff_nb=[2,2048,512,524288]
CUDA_FA_ROUTE_SUPPORTED kernel=MMA_F16 effK=f16 effV=bf16 supported=1
CUDA_FA_ROUTE_PLAN device=0 Q=[256,1,16,1] Kraw=turbo2_tcq Vraw=bf16 Kshape=[256,256,4,1] Vshape=[256,256,4,1] Keff=f16 Veff=bf16 turbo_kv=1 prefer_native_vec=0 decode=1 dk=1 dv=0 unsafe_vec_after_turbo_v_decode=0 allow_vec=1 kernel=MMA_F16 need_f16_K=0 need_f16_V=1 Knb=[36,288,72,73728] Vnb=[2,2048,512,524288] Keff_nb=[2,2048,512,524288] Veff_nb=[2,2048,512,524288]
CUDA_FA_ROUTE_SUPPORTED kernel=MMA_F16 effK=f16 effV=bf16 supported=1
CUDA_FA_ROUTE_PLAN device=0 Q=[256,1,16,1] Kraw=turbo2_tcq Vraw=bf16 Kshape=[256,256,4,1] Vshape=[256,256,4,1] Keff=f16 Veff=bf16 turbo_kv=1 prefer_native_vec=0 decode=1 dk=1 dv=0 unsafe_vec_after_turbo_v_decode=0 allow_vec=1 kernel=MMA_F16 need_f16_K=0 need_f16_V=1 Knb=[36,288,72,73728] Vnb=[2,2048,512,524288] Keff_nb=[2,2048,512,524288] Veff_nb=[2,2048,512,524288]
CUDA_FA_ROUTE_SUPPORTED kernel=MMA_F16 effK=f16 effV=bf16 supported=1
CUDA_FA_ROUTE_PLAN device=0 Q=[256,1,16,1] Kraw=turbo2_tcq Vraw=bf16 Kshape=[256,256,4,1] Vshape=[256,256,4,1] Keff=f16 Veff=bf16 turbo_kv=1 prefer_native_vec=0 decode=1 dk=1 dv=0 unsafe_vec_after_turbo_v_decode=0 allow_vec=1 kernel=MMA_F16 need_f16_K=0 need_f16_V=1 Knb=[36,288,72,73728] Vnb=[2,2048,512,524288] Keff_nb=[2,2048,512,524288] Veff_nb=[2,2048,512,524288]
CUDA_FA_ROUTE_SUPPORTED kernel=MMA_F16 effK=f16 effV=bf16 supported=1
CUDA_FA_ROUTE_PLAN device=0 Q=[256,1,16,1] Kraw=turbo2_tcq Vraw=bf16 Kshape=[256,256,4,1] Vshape=[256,256,4,1] Keff=f16 Veff=bf16 turbo_kv=1 prefer_native_vec=0 decode=1 dk=1 dv=0 unsafe_vec_after_turbo_v_decode=0 allow_vec=1 kernel=MMA_F16 need_f16_K=0 need_f16_V=1 Knb=[36,288,72,73728] Vnb=[2,2048,512,524288] Keff_nb=[2,2048,512,524288] Veff_nb=[2,2048,512,524288]
CUDA_FA_ROUTE_SUPPORTED kernel=MMA_F16 effK=f16 effV=bf16 supported=1
CUDA_FA_ROUTE_PLAN device=0 Q=[256,1,16,1] Kraw=turbo2_tcq Vraw=bf16 Kshape=[256,256,4,1] Vshape=[256,256,4,1] Keff=f16 Veff=bf16 turbo_kv=1 prefer_native_vec=0 decode=1 dk=1 dv=0 unsafe_vec_after_turbo_v_decode=0 allow_vec=1 kernel=MMA_F16 need_f16_K=0 need_f16_V=1 Knb=[36,288,72,73728] Vnb=[2,2048,512,524288] Keff_nb=[2,2048,512,524288] Veff_nb=[2,2048,512,524288]
CUDA_FA_ROUTE_SUPPORTED kernel=MMA_F16 effK=f16 effV=bf16 supported=1
CUDA_FA_ROUTE_PLAN device=0 Q=[256,1,16,1] Kraw=turbo2_tcq Vraw=bf16 Kshape=[256,256,4,1] Vshape=[256,256,4,1] Keff=f16 Veff=bf16 turbo_kv=1 prefer_native_vec=0 decode=1 dk=1 dv=0 unsafe_vec_after_turbo_v_decode=0 allow_vec=1 kernel=MMA_F16 need_f16_K=0 need_f16_V=1 Knb=[36,288,72,73728] Vnb=[2,2048,512,524288] Keff_nb=[2,2048,512,524288] Veff_nb=[2,2048,512,524288]
CUDA_FA_ROUTE_SUPPORTED kernel=MMA_F16 effK=f16 effV=bf16 supported=1
CUDA_FA_ROUTE_PLAN device=0 Q=[256,256,16,1] Kraw=turbo2_tcq Vraw=bf16 Kshape=[256,256,4,1] Vshape=[256,256,4,1] Keff=f16 Veff=bf16 turbo_kv=1 prefer_native_vec=0 decode=1 dk=1 dv=0 unsafe_vec_after_turbo_v_decode=0 allow_vec=1 kernel=MMA_F16 need_f16_K=0 need_f16_V=1 Knb=[36,288,72,73728] Vnb=[2,2048,512,524288] Keff_nb=[2,2048,512,524288] Veff_nb=[2,2048,512,524288]
CUDA_FA_ROUTE_SUPPORTED kernel=MMA_F16 effK=f16 effV=bf16 supported=1
CUDA_FA_ROUTE_PLAN device=0 Q=[256,256,16,1] Kraw=turbo2_tcq Vraw=bf16 Kshape=[256,256,4,1] Vshape=[256,256,4,1] Keff=f16 Veff=bf16 turbo_kv=1 prefer_native_vec=0 decode=1 dk=1 dv=0 unsafe_vec_after_turbo_v_decode=0 allow_vec=1 kernel=MMA_F16 need_f16_K=0 need_f16_V=1 Knb=[36,288,72,73728] Vnb=[2,2048,512,524288] Keff_nb=[2,2048,512,524288] Veff_nb=[2,2048,512,524288]
CUDA_FA_ROUTE_SUPPORTED kernel=MMA_F16 effK=f16 effV=bf16 supported=1
CUDA_FA_ROUTE_PLAN device=0 Q=[256,256,16,1] Kraw=turbo2_tcq Vraw=bf16 Kshape=[256,256,4,1] Vshape=[256,256,4,1] Keff=f16 Veff=bf16 turbo_kv=1 prefer_native_vec=0 decode=1 dk=1 dv=0 unsafe_vec_after_turbo_v_decode=0 allow_vec=1 kernel=MMA_F16 need_f16_K=0 need_f16_V=1 Knb=[36,288,72,73728] Vnb=[2,2048,512,524288] Keff_nb=[2,2048,512,524288] Veff_nb=[2,2048,512,524288]
CUDA_FA_ROUTE_SUPPORTED kernel=MMA_F16 effK=f16 effV=bf16 supported=1
CUDA_FA_ROUTE_PLAN device=0 Q=[256,256,16,1] Kraw=turbo2_tcq Vraw=bf16 Kshape=[256,256,4,1] Vshape=[256,256,4,1] Keff=f16 Veff=bf16 turbo_kv=1 prefer_native_vec=0 decode=1 dk=1 dv=0 unsafe_vec_after_turbo_v_decode=0 allow_vec=1 kernel=MMA_F16 need_f16_K=0 need_f16_V=1 Knb=[36,288,72,73728] Vnb=[2,2048,512,524288] Keff_nb=[2,2048,512,524288] Veff_nb=[2,2048,512,524288]
CUDA_FA_ROUTE_SUPPORTED kernel=MMA_F16 effK=f16 effV=bf16 supported=1
CUDA_FA_ROUTE_PLAN device=0 Q=[256,256,16,1] Kraw=turbo2_tcq Vraw=bf16 Kshape=[256,256,4,1] Vshape=[256,256,4,1] Keff=f16 Veff=bf16 turbo_kv=1 prefer_native_vec=0 decode=1 dk=1 dv=0 unsafe_vec_after_turbo_v_decode=0 allow_vec=1 kernel=MMA_F16 need_f16_K=0 need_f16_V=1 Knb=[36,288,72,73728] Vnb=[2,2048,512,524288] Keff_nb=[2,2048,512,524288] Veff_nb=[2,2048,512,524288]
CUDA_FA_ROUTE_SUPPORTED kernel=MMA_F16 effK=f16 effV=bf16 supported=1
CUDA_FA_ROUTE_PLAN device=0 Q=[256,256,16,1] Kraw=turbo2_tcq Vraw=bf16 Kshape=[256,256,4,1] Vshape=[256,256,4,1] Keff=f16 Veff=bf16 turbo_kv=1 prefer_native_vec=0 decode=1 dk=1 dv=0 unsafe_vec_after_turbo_v_decode=0 allow_vec=1 kernel=MMA_F16 need_f16_K=0 need_f16_V=1 Knb=[36,288,72,73728] Vnb=[2,2048,512,524288] Keff_nb=[2,2048,512,524288] Veff_nb=[2,2048,512,524288]
CUDA_FA_ROUTE_SUPPORTED kernel=MMA_F16 effK=f16 effV=bf16 supported=1
CUDA_FA_ROUTE_PLAN device=0 Q=[256,256,16,1] Kraw=turbo2_tcq Vraw=bf16 Kshape=[256,256,4,1] Vshape=[256,256,4,1] Keff=f16 Veff=bf16 turbo_kv=1 prefer_native_vec=0 decode=1 dk=1 dv=0 unsafe_vec_after_turbo_v_decode=0 allow_vec=1 kernel=MMA_F16 need_f16_K=0 need_f16_V=1 Knb=[36,288,72,73728] Vnb=[2,2048,512,524288] Keff_nb=[2,2048,512,524288] Veff_nb=[2,2048,512,524288]
CUDA_FA_ROUTE_SUPPORTED kernel=MMA_F16 effK=f16 effV=bf16 supported=1
CUDA_FA_ROUTE_PLAN device=0 Q=[256,256,16,1] Kraw=turbo2_tcq Vraw=bf16 Kshape=[256,256,4,1] Vshape=[256,256,4,1] Keff=f16 Veff=bf16 turbo_kv=1 prefer_native_vec=0 decode=1 dk=1 dv=0 unsafe_vec_after_turbo_v_decode=0 allow_vec=1 kernel=MMA_F16 need_f16_K=0 need_f16_V=1 Knb=[36,288,72,73728] Vnb=[2,2048,512,524288] Keff_nb=[2,2048,512,524288] Veff_nb=[2,2048,512,524288]
CUDA_FA_ROUTE_SUPPORTED kernel=MMA_F16 effK=f16 effV=bf16 supported=1
CUDA_FA_ROUTE_PLAN device=0 Q=[256,256,16,1] Kraw=turbo2_tcq Vraw=bf16 Kshape=[256,256,4,1] Vshape=[256,256,4,1] Keff=f16 Veff=bf16 turbo_kv=1 prefer_native_vec=0 decode=1 dk=1 dv=0 unsafe_vec_after_turbo_v_decode=0 allow_vec=1 kernel=MMA_F16 need_f16_K=0 need_f16_V=1 Knb=[36,288,72,73728] Vnb=[2,2048,512,524288] Keff_nb=[2,2048,512,524288] Veff_nb=[2,2048,512,524288]
CUDA_FA_ROUTE_ALLOC kernel=MMA_F16 need_f16_K=0 need_f16_V=1 workspace_end_offset=4718592 dst_data=(nil) f16_K=(nil) f16_V=0x400000 f16_end=0x480000
CUDA_FA_ROUTE_PLAN device=0 Q=[256,256,16,1] Kraw=turbo2_tcq Vraw=bf16 Kshape=[256,256,4,1] Vshape=[256,256,4,1] Keff=f16 Veff=bf16 turbo_kv=1 prefer_native_vec=0 decode=1 dk=1 dv=0 unsafe_vec_after_turbo_v_decode=0 allow_vec=1 kernel=MMA_F16 need_f16_K=0 need_f16_V=1 Knb=[36,288,72,73728] Vnb=[2,2048,512,524288] Keff_nb=[2,2048,512,524288] Veff_nb=[2,2048,512,524288]
CUDA_FA_ROUTE_ALLOC kernel=MMA_F16 need_f16_K=0 need_f16_V=1 workspace_end_offset=4718592 dst_data=(nil) f16_K=(nil) f16_V=0x400000 f16_end=0x480000
CUDA_FA_ROUTE_PLAN device=0 Q=[256,256,16,1] Kraw=turbo2_tcq Vraw=bf16 Kshape=[256,256,4,1] Vshape=[256,256,4,1] Keff=f16 Veff=bf16 turbo_kv=1 prefer_native_vec=0 decode=1 dk=1 dv=0 unsafe_vec_after_turbo_v_decode=0 allow_vec=1 kernel=MMA_F16 need_f16_K=0 need_f16_V=1 Knb=[36,288,72,73728] Vnb=[2,2048,512,524288] Keff_nb=[2,2048,512,524288] Veff_nb=[2,2048,512,524288]
CUDA_FA_ROUTE_ALLOC kernel=MMA_F16 need_f16_K=0 need_f16_V=1 workspace_end_offset=4718592 dst_data=(nil) f16_K=(nil) f16_V=0x400000 f16_end=0x480000
CUDA_FA_ROUTE_PLAN device=0 Q=[256,256,16,1] Kraw=turbo2_tcq Vraw=bf16 Kshape=[256,256,4,1] Vshape=[256,256,4,1] Keff=f16 Veff=bf16 turbo_kv=1 prefer_native_vec=0 decode=1 dk=1 dv=0 unsafe_vec_after_turbo_v_decode=0 allow_vec=1 kernel=MMA_F16 need_f16_K=0 need_f16_V=1 Knb=[36,288,72,73728] Vnb=[2,2048,512,524288] Keff_nb=[2,2048,512,524288] Veff_nb=[2,2048,512,524288]
CUDA_FA_ROUTE_ALLOC kernel=MMA_F16 need_f16_K=0 need_f16_V=1 workspace_end_offset=4718592 dst_data=(nil) f16_K=(nil) f16_V=0x400000 f16_end=0x480000
CUDA_FA_ROUTE_PLAN device=0 Q=[256,256,16,1] Kraw=turbo2_tcq Vraw=bf16 Kshape=[256,256,4,1] Vshape=[256,256,4,1] Keff=f16 Veff=bf16 turbo_kv=1 prefer_native_vec=0 decode=1 dk=1 dv=0 unsafe_vec_after_turbo_v_decode=0 allow_vec=1 kernel=MMA_F16 need_f16_K=0 need_f16_V=1 Knb=[36,288,72,73728] Vnb=[2,2048,512,524288] Keff_nb=[2,2048,512,524288] Veff_nb=[2,2048,512,524288]
CUDA_FA_ROUTE_ALLOC kernel=MMA_F16 need_f16_K=0 need_f16_V=1 workspace_end_offset=4718592 dst_data=(nil) f16_K=(nil) f16_V=0x400000 f16_end=0x480000
CUDA_FA_ROUTE_PLAN device=0 Q=[256,256,16,1] Kraw=turbo2_tcq Vraw=bf16 Kshape=[256,256,4,1] Vshape=[256,256,4,1] Keff=f16 Veff=bf16 turbo_kv=1 prefer_native_vec=0 decode=1 dk=1 dv=0 unsafe_vec_after_turbo_v_decode=0 allow_vec=1 kernel=MMA_F16 need_f16_K=0 need_f16_V=1 Knb=[36,288,72,73728] Vnb=[2,2048,512,524288] Keff_nb=[2,2048,512,524288] Veff_nb=[2,2048,512,524288]
CUDA_FA_ROUTE_ALLOC kernel=MMA_F16 need_f16_K=0 need_f16_V=1 workspace_end_offset=4718592 dst_data=(nil) f16_K=(nil) f16_V=0x400000 f16_end=0x480000
CUDA_FA_ROUTE_PLAN device=0 Q=[256,256,16,1] Kraw=turbo2_tcq Vraw=bf16 Kshape=[256,256,4,1] Vshape=[256,256,4,1] Keff=f16 Veff=bf16 turbo_kv=1 prefer_native_vec=0 decode=1 dk=1 dv=0 unsafe_vec_after_turbo_v_decode=0 allow_vec=1 kernel=MMA_F16 need_f16_K=0 need_f16_V=1 Knb=[36,288,72,73728] Vnb=[2,2048,512,524288] Keff_nb=[2,2048,512,524288] Veff_nb=[2,2048,512,524288]
CUDA_FA_ROUTE_ALLOC kernel=MMA_F16 need_f16_K=0 need_f16_V=1 workspace_end_offset=4718592 dst_data=(nil) f16_K=(nil) f16_V=0x400000 f16_end=0x480000
CUDA_FA_ROUTE_PLAN device=0 Q=[256,256,16,1] Kraw=turbo2_tcq Vraw=bf16 Kshape=[256,256,4,1] Vshape=[256,256,4,1] Keff=f16 Veff=bf16 turbo_kv=1 prefer_native_vec=0 decode=1 dk=1 dv=0 unsafe_vec_after_turbo_v_decode=0 allow_vec=1 kernel=MMA_F16 need_f16_K=0 need_f16_V=1 Knb=[36,288,72,73728] Vnb=[2,2048,512,524288] Keff_nb=[2,2048,512,524288] Veff_nb=[2,2048,512,524288]
CUDA_FA_ROUTE_ALLOC kernel=MMA_F16 need_f16_K=0 need_f16_V=1 workspace_end_offset=4718592 dst_data=(nil) f16_K=(nil) f16_V=0x400000 f16_end=0x480000
CUDA_FA_ROUTE_PLAN device=0 Q=[256,256,16,1] Kraw=turbo2_tcq Vraw=bf16 Kshape=[256,256,4,1] Vshape=[256,256,4,1] Keff=f16 Veff=bf16 turbo_kv=1 prefer_native_vec=0 decode=1 dk=1 dv=0 unsafe_vec_after_turbo_v_decode=0 allow_vec=1 kernel=MMA_F16 need_f16_K=0 need_f16_V=1 Knb=[36,288,72,73728] Vnb=[2,2048,512,524288] Keff_nb=[2,2048,512,524288] Veff_nb=[2,2048,512,524288]
CUDA_FA_ROUTE_ALLOC kernel=MMA_F16 need_f16_K=0 need_f16_V=1 workspace_end_offset=4718592 dst_data=(nil) f16_K=(nil) f16_V=0x400000 f16_end=0x480000
CUDA_FA_ROUTE_PLAN device=0 Q=[256,256,16,1] Kraw=turbo2_tcq Vraw=bf16 Kshape=[256,256,4,1] Vshape=[256,256,4,1] Keff=f16 Veff=bf16 turbo_kv=1 prefer_native_vec=0 decode=1 dk=1 dv=0 unsafe_vec_after_turbo_v_decode=0 allow_vec=1 kernel=MMA_F16 need_f16_K=0 need_f16_V=1 Knb=[36,288,72,73728] Vnb=[2,2048,512,524288] Keff_nb=[2,2048,512,524288] Veff_nb=[2,2048,512,524288]
CUDA_FA_ROUTE_ALLOC kernel=MMA_F16 need_f16_K=0 need_f16_V=1 workspace_end_offset=4718592 dst_data=(nil) f16_K=(nil) f16_V=0x400000 f16_end=0x480000
CUDA_FA_ROUTE_PLAN device=0 Q=[256,256,16,1] Kraw=turbo2_tcq Vraw=bf16 Kshape=[256,256,4,1] Vshape=[256,256,4,1] Keff=f16 Veff=bf16 turbo_kv=1 prefer_native_vec=0 decode=1 dk=1 dv=0 unsafe_vec_after_turbo_v_decode=0 allow_vec=1 kernel=MMA_F16 need_f16_K=0 need_f16_V=1 Knb=[36,288,72,73728] Vnb=[2,2048,512,524288] Keff_nb=[2,2048,512,524288] Veff_nb=[2,2048,512,524288]
CUDA_FA_ROUTE_ALLOC kernel=MMA_F16 need_f16_K=0 need_f16_V=1 workspace_end_offset=4718592 dst_data=(nil) f16_K=(nil) f16_V=0x400000 f16_end=0x480000
CUDA_FA_ROUTE_PLAN device=0 Q=[256,256,16,1] Kraw=turbo2_tcq Vraw=bf16 Kshape=[256,256,4,1] Vshape=[256,256,4,1] Keff=f16 Veff=bf16 turbo_kv=1 prefer_native_vec=0 decode=1 dk=1 dv=0 unsafe_vec_after_turbo_v_decode=0 allow_vec=1 kernel=MMA_F16 need_f16_K=0 need_f16_V=1 Knb=[36,288,72,73728] Vnb=[2,2048,512,524288] Keff_nb=[2,2048,512,524288] Veff_nb=[2,2048,512,524288]
CUDA_FA_ROUTE_ALLOC kernel=MMA_F16 need_f16_K=0 need_f16_V=1 workspace_end_offset=4718592 dst_data=(nil) f16_K=(nil) f16_V=0x400000 f16_end=0x480000
CUDA_FA_ROUTE_PLAN device=0 Q=[256,256,16,1] Kraw=turbo2_tcq Vraw=bf16 Kshape=[256,256,4,1] Vshape=[256,256,4,1] Keff=f16 Veff=bf16 turbo_kv=1 prefer_native_vec=0 decode=1 dk=1 dv=0 unsafe_vec_after_turbo_v_decode=0 allow_vec=1 kernel=MMA_F16 need_f16_K=0 need_f16_V=1 Knb=[36,288,72,73728] Vnb=[2,2048,512,524288] Keff_nb=[2,2048,512,524288] Veff_nb=[2,2048,512,524288]
CUDA_FA_ROUTE_ALLOC kernel=MMA_F16 need_f16_K=0 need_f16_V=1 workspace_end_offset=4718592 dst_data=(nil) f16_K=(nil) f16_V=0x400000 f16_end=0x480000
CUDA_FA_ROUTE_PLAN device=0 Q=[256,256,16,1] Kraw=turbo2_tcq Vraw=bf16 Kshape=[256,256,4,1] Vshape=[256,256,4,1] Keff=f16 Veff=bf16 turbo_kv=1 prefer_native_vec=0 decode=1 dk=1 dv=0 unsafe_vec_after_turbo_v_decode=0 allow_vec=1 kernel=MMA_F16 need_f16_K=0 need_f16_V=1 Knb=[36,288,72,73728] Vnb=[2,2048,512,524288] Keff_nb=[2,2048,512,524288] Veff_nb=[2,2048,512,524288]
CUDA_FA_ROUTE_ALLOC kernel=MMA_F16 need_f16_K=0 need_f16_V=1 workspace_end_offset=4718592 dst_data=(nil) f16_K=(nil) f16_V=0x400000 f16_end=0x480000
CUDA_FA_ROUTE_PLAN device=0 Q=[256,256,16,1] Kraw=turbo2_tcq Vraw=bf16 Kshape=[256,256,4,1] Vshape=[256,256,4,1] Keff=f16 Veff=bf16 turbo_kv=1 prefer_native_vec=0 decode=1 dk=1 dv=0 unsafe_vec_after_turbo_v_decode=0 allow_vec=1 kernel=MMA_F16 need_f16_K=0 need_f16_V=1 Knb=[36,288,72,73728] Vnb=[2,2048,512,524288] Keff_nb=[2,2048,512,524288] Veff_nb=[2,2048,512,524288]
CUDA_FA_ROUTE_ALLOC kernel=MMA_F16 need_f16_K=0 need_f16_V=1 workspace_end_offset=4718592 dst_data=(nil) f16_K=(nil) f16_V=0x400000 f16_end=0x480000
CUDA_FA_ROUTE_PLAN device=0 Q=[256,256,16,1] Kraw=turbo2_tcq Vraw=bf16 Kshape=[256,256,4,1] Vshape=[256,256,4,1] Keff=f16 Veff=bf16 turbo_kv=1 prefer_native_vec=0 decode=1 dk=1 dv=0 unsafe_vec_after_turbo_v_decode=0 allow_vec=1 kernel=MMA_F16 need_f16_K=0 need_f16_V=1 Knb=[36,288,72,73728] Vnb=[2,2048,512,524288] Keff_nb=[2,2048,512,524288] Veff_nb=[2,2048,512,524288]
CUDA_FA_ROUTE_ALLOC kernel=MMA_F16 need_f16_K=0 need_f16_V=1 workspace_end_offset=4718592 dst_data=(nil) f16_K=(nil) f16_V=0x400000 f16_end=0x480000
CUDA_FA_ROUTE_PLAN device=0 Q=[256,256,16,1] Kraw=turbo2_tcq Vraw=bf16 Kshape=[256,256,4,1] Vshape=[256,256,4,1] Keff=f16 Veff=bf16 turbo_kv=1 prefer_native_vec=0 decode=1 dk=1 dv=0 unsafe_vec_after_turbo_v_decode=0 allow_vec=1 kernel=MMA_F16 need_f16_K=0 need_f16_V=1 Knb=[36,288,72,73728] Vnb=[2,2048,512,524288] Keff_nb=[2,2048,512,524288] Veff_nb=[2,2048,512,524288]
CUDA_FA_ROUTE_ALLOC kernel=MMA_F16 need_f16_K=0 need_f16_V=1 workspace_end_offset=4718592 dst_data=(nil) f16_K=(nil) f16_V=0x400000 f16_end=0x480000
CUDA_FA_ROUTE_PLAN device=0 Q=[256,256,16,1] Kraw=turbo2_tcq Vraw=bf16 Kshape=[256,256,4,1] Vshape=[256,256,4,1] Keff=f16 Veff=bf16 turbo_kv=1 prefer_native_vec=0 decode=1 dk=1 dv=0 unsafe_vec_after_turbo_v_decode=0 allow_vec=1 kernel=MMA_F16 need_f16_K=0 need_f16_V=1 Knb=[36,288,72,73728] Vnb=[2,2048,512,524288] Keff_nb=[2,2048,512,524288] Veff_nb=[2,2048,512,524288]
CUDA_FA_ROUTE_ALLOC kernel=MMA_F16 need_f16_K=0 need_f16_V=1 workspace_end_offset=4718592 dst_data=(nil) f16_K=(nil) f16_V=0x400000 f16_end=0x480000
CUDA_FA_ROUTE_PLAN device=0 Q=[256,256,16,1] Kraw=turbo2_tcq Vraw=bf16 Kshape=[256,256,4,1] Vshape=[256,256,4,1] Keff=f16 Veff=bf16 turbo_kv=1 prefer_native_vec=0 decode=1 dk=1 dv=0 unsafe_vec_after_turbo_v_decode=0 allow_vec=1 kernel=MMA_F16 need_f16_K=0 need_f16_V=1 Knb=[36,288,72,73728] Vnb=[2,2048,512,524288] Keff_nb=[2,2048,512,524288] Veff_nb=[2,2048,512,524288]
CUDA_FA_ROUTE_ALLOC kernel=MMA_F16 need_f16_K=0 need_f16_V=1 workspace_end_offset=4718592 dst_data=(nil) f16_K=(nil) f16_V=0x400000 f16_end=0x480000
CUDA_FA_ROUTE_PLAN device=0 Q=[256,256,16,1] Kraw=turbo2_tcq Vraw=bf16 Kshape=[256,256,4,1] Vshape=[256,256,4,1] Keff=f16 Veff=bf16 turbo_kv=1 prefer_native_vec=0 decode=1 dk=1 dv=0 unsafe_vec_after_turbo_v_decode=0 allow_vec=1 kernel=MMA_F16 need_f16_K=0 need_f16_V=1 Knb=[36,288,72,73728] Vnb=[2,2048,512,524288] Keff_nb=[2,2048,512,524288] Veff_nb=[2,2048,512,524288]
CUDA_FA_ROUTE_ALLOC kernel=MMA_F16 need_f16_K=0 need_f16_V=1 workspace_end_offset=4718592 dst_data=(nil) f16_K=(nil) f16_V=0x400000 f16_end=0x480000
CUDA_FA_ROUTE_PLAN device=0 Q=[256,256,16,1] Kraw=turbo2_tcq Vraw=bf16 Kshape=[256,256,4,1] Vshape=[256,256,4,1] Keff=f16 Veff=bf16 turbo_kv=1 prefer_native_vec=0 decode=1 dk=1 dv=0 unsafe_vec_after_turbo_v_decode=0 allow_vec=1 kernel=MMA_F16 need_f16_K=0 need_f16_V=1 Knb=[36,288,72,73728] Vnb=[2,2048,512,524288] Keff_nb=[2,2048,512,524288] Veff_nb=[2,2048,512,524288]
CUDA_FA_ROUTE_ALLOC kernel=MMA_F16 need_f16_K=0 need_f16_V=1 workspace_end_offset=4718592 dst_data=(nil) f16_K=(nil) f16_V=0x400000 f16_end=0x480000
CUDA_FA_ROUTE_PLAN device=0 Q=[256,256,16,1] Kraw=turbo2_tcq Vraw=bf16 Kshape=[256,256,4,1] Vshape=[256,256,4,1] Keff=f16 Veff=bf16 turbo_kv=1 prefer_native_vec=0 decode=1 dk=1 dv=0 unsafe_vec_after_turbo_v_decode=0 allow_vec=1 kernel=MMA_F16 need_f16_K=0 need_f16_V=1 Knb=[36,288,72,73728] Vnb=[2,2048,512,524288] Keff_nb=[2,2048,512,524288] Veff_nb=[2,2048,512,524288]
CUDA_FA_ROUTE_ALLOC kernel=MMA_F16 need_f16_K=0 need_f16_V=1 workspace_end_offset=4718592 dst_data=(nil) f16_K=(nil) f16_V=0x400000 f16_end=0x480000
CUDA_FA_ROUTE_PLAN device=0 Q=[256,256,16,1] Kraw=turbo2_tcq Vraw=bf16 Kshape=[256,256,4,1] Vshape=[256,256,4,1] Keff=f16 Veff=bf16 turbo_kv=1 prefer_native_vec=0 decode=1 dk=1 dv=0 unsafe_vec_after_turbo_v_decode=0 allow_vec=1 kernel=MMA_F16 need_f16_K=0 need_f16_V=1 Knb=[36,288,72,73728] Vnb=[2,2048,512,524288] Keff_nb=[2,2048,512,524288] Veff_nb=[2,2048,512,524288]
CUDA_FA_ROUTE_ALLOC kernel=MMA_F16 need_f16_K=0 need_f16_V=1 workspace_end_offset=4718592 dst_data=(nil) f16_K=(nil) f16_V=0x400000 f16_end=0x480000
CUDA_FA_ROUTE_PLAN device=0 Q=[256,256,16,1] Kraw=turbo2_tcq Vraw=bf16 Kshape=[256,256,4,1] Vshape=[256,256,4,1] Keff=f16 Veff=bf16 turbo_kv=1 prefer_native_vec=0 decode=1 dk=1 dv=0 unsafe_vec_after_turbo_v_decode=0 allow_vec=1 kernel=MMA_F16 need_f16_K=0 need_f16_V=1 Knb=[36,288,72,73728] Vnb=[2,2048,512,524288] Keff_nb=[2,2048,512,524288] Veff_nb=[2,2048,512,524288]
CUDA_FA_ROUTE_ALLOC kernel=MMA_F16 need_f16_K=0 need_f16_V=1 workspace_end_offset=4718592 dst_data=(nil) f16_K=(nil) f16_V=0x400000 f16_end=0x480000
CUDA_FA_ROUTE_PLAN device=0 Q=[256,256,16,1] Kraw=turbo2_tcq Vraw=bf16 Kshape=[256,256,4,1] Vshape=[256,256,4,1] Keff=f16 Veff=bf16 turbo_kv=1 prefer_native_vec=0 decode=1 dk=1 dv=0 unsafe_vec_after_turbo_v_decode=0 allow_vec=1 kernel=MMA_F16 need_f16_K=0 need_f16_V=1 Knb=[36,288,72,73728] Vnb=[2,2048,512,524288] Keff_nb=[2,2048,512,524288] Veff_nb=[2,2048,512,524288]
CUDA_FA_ROUTE_ALLOC kernel=MMA_F16 need_f16_K=0 need_f16_V=1 workspace_end_offset=4718592 dst_data=(nil) f16_K=(nil) f16_V=0x400000 f16_end=0x480000
CUDA_FA_ROUTE_PLAN device=0 Q=[256,256,16,1] Kraw=turbo2_tcq Vraw=bf16 Kshape=[256,256,4,1] Vshape=[256,256,4,1] Keff=f16 Veff=bf16 turbo_kv=1 prefer_native_vec=0 decode=1 dk=1 dv=0 unsafe_vec_after_turbo_v_decode=0 allow_vec=1 kernel=MMA_F16 need_f16_K=0 need_f16_V=1 Knb=[36,288,72,73728] Vnb=[2,2048,512,524288] Keff_nb=[2,2048,512,524288] Veff_nb=[2,2048,512,524288]
CUDA_FA_ROUTE_ALLOC kernel=MMA_F16 need_f16_K=0 need_f16_V=1 workspace_end_offset=4718592 dst_data=(nil) f16_K=(nil) f16_V=0x400000 f16_end=0x480000
CUDA_FA_ROUTE_PLAN device=0 Q=[256,256,16,1] Kraw=turbo2_tcq Vraw=bf16 Kshape=[256,256,4,1] Vshape=[256,256,4,1] Keff=f16 Veff=bf16 turbo_kv=1 prefer_native_vec=0 decode=1 dk=1 dv=0 unsafe_vec_after_turbo_v_decode=0 allow_vec=1 kernel=MMA_F16 need_f16_K=0 need_f16_V=1 Knb=[36,288,72,73728] Vnb=[2,2048,512,524288] Keff_nb=[2,2048,512,524288] Veff_nb=[2,2048,512,524288]
CUDA_FA_ROUTE_ALLOC kernel=MMA_F16 need_f16_K=0 need_f16_V=1 workspace_end_offset=4718592 dst_data=(nil) f16_K=(nil) f16_V=0x400000 f16_end=0x480000
CUDA_FA_ROUTE_PLAN device=0 Q=[256,256,16,1] Kraw=turbo2_tcq Vraw=bf16 Kshape=[256,256,4,1] Vshape=[256,256,4,1] Keff=f16 Veff=bf16 turbo_kv=1 prefer_native_vec=0 decode=1 dk=1 dv=0 unsafe_vec_after_turbo_v_decode=0 allow_vec=1 kernel=MMA_F16 need_f16_K=0 need_f16_V=1 Knb=[36,288,72,73728] Vnb=[2,2048,512,524288] Keff_nb=[2,2048,512,524288] Veff_nb=[2,2048,512,524288]
CUDA_FA_ROUTE_ALLOC kernel=MMA_F16 need_f16_K=0 need_f16_V=1 workspace_end_offset=4718592 dst_data=(nil) f16_K=(nil) f16_V=0x400000 f16_end=0x480000
CUDA_FA_ROUTE_PLAN device=0 Q=[256,256,16,1] Kraw=turbo2_tcq Vraw=bf16 Kshape=[256,256,4,1] Vshape=[256,256,4,1] Keff=f16 Veff=bf16 turbo_kv=1 prefer_native_vec=0 decode=1 dk=1 dv=0 unsafe_vec_after_turbo_v_decode=0 allow_vec=1 kernel=MMA_F16 need_f16_K=0 need_f16_V=1 Knb=[36,288,72,73728] Vnb=[2,2048,512,524288] Keff_nb=[2,2048,512,524288] Veff_nb=[2,2048,512,524288]
CUDA_FA_ROUTE_ALLOC kernel=MMA_F16 need_f16_K=0 need_f16_V=1 workspace_end_offset=4718592 dst_data=(nil) f16_K=(nil) f16_V=0x400000 f16_end=0x480000
CUDA_FA_ROUTE_PLAN device=0 Q=[256,256,16,1] Kraw=turbo2_tcq Vraw=bf16 Kshape=[256,256,4,1] Vshape=[256,256,4,1] Keff=f16 Veff=bf16 turbo_kv=1 prefer_native_vec=0 decode=1 dk=1 dv=0 unsafe_vec_after_turbo_v_decode=0 allow_vec=1 kernel=MMA_F16 need_f16_K=0 need_f16_V=1 Knb=[36,288,72,73728] Vnb=[2,2048,512,524288] Keff_nb=[2,2048,512,524288] Veff_nb=[2,2048,512,524288]
CUDA_FA_ROUTE_ALLOC kernel=MMA_F16 need_f16_K=0 need_f16_V=1 workspace_end_offset=4718592 dst_data=(nil) f16_K=(nil) f16_V=0x400000 f16_end=0x480000
CUDA_FA_ROUTE_PLAN device=0 Q=[256,256,16,1] Kraw=turbo2_tcq Vraw=bf16 Kshape=[256,256,4,1] Vshape=[256,256,4,1] Keff=f16 Veff=bf16 turbo_kv=1 prefer_native_vec=0 decode=1 dk=1 dv=0 unsafe_vec_after_turbo_v_decode=0 allow_vec=1 kernel=MMA_F16 need_f16_K=0 need_f16_V=1 Knb=[36,288,72,73728] Vnb=[2,2048,512,524288] Keff_nb=[2,2048,512,524288] Veff_nb=[2,2048,512,524288]
CUDA_FA_ROUTE_ALLOC kernel=MMA_F16 need_f16_K=0 need_f16_V=1 workspace_end_offset=4718592 dst_data=(nil) f16_K=(nil) f16_V=0x400000 f16_end=0x480000
CUDA_FA_ROUTE_PLAN device=0 Q=[256,256,16,1] Kraw=turbo2_tcq Vraw=bf16 Kshape=[256,256,4,1] Vshape=[256,256,4,1] Keff=f16 Veff=bf16 turbo_kv=1 prefer_native_vec=0 decode=1 dk=1 dv=0 unsafe_vec_after_turbo_v_decode=0 allow_vec=1 kernel=MMA_F16 need_f16_K=0 need_f16_V=1 Knb=[36,288,72,73728] Vnb=[2,2048,512,524288] Keff_nb=[2,2048,512,524288] Veff_nb=[2,2048,512,524288]
CUDA_FA_ROUTE_ALLOC kernel=MMA_F16 need_f16_K=0 need_f16_V=1 workspace_end_offset=4718592 dst_data=(nil) f16_K=(nil) f16_V=0x400000 f16_end=0x480000
CUDA_FA_ROUTE_PLAN device=0 Q=[256,1,16,1] Kraw=turbo2_tcq Vraw=bf16 Kshape=[256,256,4,1] Vshape=[256,256,4,1] Keff=f16 Veff=bf16 turbo_kv=1 prefer_native_vec=0 decode=1 dk=1 dv=0 unsafe_vec_after_turbo_v_decode=0 allow_vec=1 kernel=MMA_F16 need_f16_K=0 need_f16_V=1 Knb=[36,288,72,73728] Vnb=[2,2048,512,524288] Keff_nb=[2,2048,512,524288] Veff_nb=[2,2048,512,524288]
CUDA_FA_ROUTE_SUPPORTED kernel=MMA_F16 effK=f16 effV=bf16 supported=1
CUDA_FA_ROUTE_PLAN device=0 Q=[256,1,16,1] Kraw=turbo2_tcq Vraw=bf16 Kshape=[256,256,4,1] Vshape=[256,256,4,1] Keff=f16 Veff=bf16 turbo_kv=1 prefer_native_vec=0 decode=1 dk=1 dv=0 unsafe_vec_after_turbo_v_decode=0 allow_vec=1 kernel=MMA_F16 need_f16_K=0 need_f16_V=1 Knb=[36,288,72,73728] Vnb=[2,2048,512,524288] Keff_nb=[2,2048,512,524288] Veff_nb=[2,2048,512,524288]
CUDA_FA_ROUTE_SUPPORTED kernel=MMA_F16 effK=f16 effV=bf16 supported=1
CUDA_FA_ROUTE_PLAN device=0 Q=[256,1,16,1] Kraw=turbo2_tcq Vraw=bf16 Kshape=[256,256,4,1] Vshape=[256,256,4,1] Keff=f16 Veff=bf16 turbo_kv=1 prefer_native_vec=0 decode=1 dk=1 dv=0 unsafe_vec_after_turbo_v_decode=0 allow_vec=1 kernel=MMA_F16 need_f16_K=0 need_f16_V=1 Knb=[36,288,72,73728] Vnb=[2,2048,512,524288] Keff_nb=[2,2048,512,524288] Veff_nb=[2,2048,512,524288]
CUDA_FA_ROUTE_SUPPORTED kernel=MMA_F16 effK=f16 effV=bf16 supported=1
CUDA_FA_ROUTE_PLAN device=0 Q=[256,1,16,1] Kraw=turbo2_tcq Vraw=bf16 Kshape=[256,256,4,1] Vshape=[256,256,4,1] Keff=f16 Veff=bf16 turbo_kv=1 prefer_native_vec=0 decode=1 dk=1 dv=0 unsafe_vec_after_turbo_v_decode=0 allow_vec=1 kernel=MMA_F16 need_f16_K=0 need_f16_V=1 Knb=[36,288,72,73728] Vnb=[2,2048,512,524288] Keff_nb=[2,2048,512,524288] Veff_nb=[2,2048,512,524288]
CUDA_FA_ROUTE_SUPPORTED kernel=MMA_F16 effK=f16 effV=bf16 supported=1
CUDA_FA_ROUTE_PLAN device=0 Q=[256,1,16,1] Kraw=turbo2_tcq Vraw=bf16 Kshape=[256,256,4,1] Vshape=[256,256,4,1] Keff=f16 Veff=bf16 turbo_kv=1 prefer_native_vec=0 decode=1 dk=1 dv=0 unsafe_vec_after_turbo_v_decode=0 allow_vec=1 kernel=MMA_F16 need_f16_K=0 need_f16_V=1 Knb=[36,288,72,73728] Vnb=[2,2048,512,524288] Keff_nb=[2,2048,512,524288] Veff_nb=[2,2048,512,524288]
CUDA_FA_ROUTE_SUPPORTED kernel=MMA_F16 effK=f16 effV=bf16 supported=1
CUDA_FA_ROUTE_PLAN device=0 Q=[256,1,16,1] Kraw=turbo2_tcq Vraw=bf16 Kshape=[256,256,4,1] Vshape=[256,256,4,1] Keff=f16 Veff=bf16 turbo_kv=1 prefer_native_vec=0 decode=1 dk=1 dv=0 unsafe_vec_after_turbo_v_decode=0 allow_vec=1 kernel=MMA_F16 need_f16_K=0 need_f16_V=1 Knb=[36,288,72,73728] Vnb=[2,2048,512,524288] Keff_nb=[2,2048,512,524288] Veff_nb=[2,2048,512,524288]
CUDA_FA_ROUTE_SUPPORTED kernel=MMA_F16 effK=f16 effV=bf16 supported=1
CUDA_FA_ROUTE_PLAN device=0 Q=[256,1,16,1] Kraw=turbo2_tcq Vraw=bf16 Kshape=[256,256,4,1] Vshape=[256,256,4,1] Keff=f16 Veff=bf16 turbo_kv=1 prefer_native_vec=0 decode=1 dk=1 dv=0 unsafe_vec_after_turbo_v_decode=0 allow_vec=1 kernel=MMA_F16 need_f16_K=0 need_f16_V=1 Knb=[36,288,72,73728] Vnb=[2,2048,512,524288] Keff_nb=[2,2048,512,524288] Veff_nb=[2,2048,512,524288]
CUDA_FA_ROUTE_SUPPORTED kernel=MMA_F16 effK=f16 effV=bf16 supported=1
CUDA_FA_ROUTE_PLAN device=0 Q=[256,1,16,1] Kraw=turbo2_tcq Vraw=bf16 Kshape=[256,256,4,1] Vshape=[256,256,4,1] Keff=f16 Veff=bf16 turbo_kv=1 prefer_native_vec=0 decode=1 dk=1 dv=0 unsafe_vec_after_turbo_v_decode=0 allow_vec=1 kernel=MMA_F16 need_f16_K=0 need_f16_V=1 Knb=[36,288,72,73728] Vnb=[2,2048,512,524288] Keff_nb=[2,2048,512,524288] Veff_nb=[2,2048,512,524288]
CUDA_FA_ROUTE_SUPPORTED kernel=MMA_F16 effK=f16 effV=bf16 supported=1
CUDA_FA_ROUTE_PLAN device=0 Q=[256,1,16,1] Kraw=turbo2_tcq Vraw=bf16 Kshape=[256,256,4,1] Vshape=[256,256,4,1] Keff=f16 Veff=bf16 turbo_kv=1 prefer_native_vec=0 decode=1 dk=1 dv=0 unsafe_vec_after_turbo_v_decode=0 allow_vec=1 kernel=MMA_F16 need_f16_K=0 need_f16_V=1 Knb=[36,288,72,73728] Vnb=[2,2048,512,524288] Keff_nb=[2,2048,512,524288] Veff_nb=[2,2048,512,524288]
CUDA_FA_ROUTE_ALLOC kernel=MMA_F16 need_f16_K=0 need_f16_V=1 workspace_end_offset=540672 dst_data=(nil) f16_K=(nil) f16_V=0x4000 f16_end=0x84000
CUDA_FA_ROUTE_PLAN device=0 Q=[256,1,16,1] Kraw=turbo2_tcq Vraw=bf16 Kshape=[256,256,4,1] Vshape=[256,256,4,1] Keff=f16 Veff=bf16 turbo_kv=1 prefer_native_vec=0 decode=1 dk=1 dv=0 unsafe_vec_after_turbo_v_decode=0 allow_vec=1 kernel=MMA_F16 need_f16_K=0 need_f16_V=1 Knb=[36,288,72,73728] Vnb=[2,2048,512,524288] Keff_nb=[2,2048,512,524288] Veff_nb=[2,2048,512,524288]
CUDA_FA_ROUTE_ALLOC kernel=MMA_F16 need_f16_K=0 need_f16_V=1 workspace_end_offset=540672 dst_data=(nil) f16_K=(nil) f16_V=0x4000 f16_end=0x84000
CUDA_FA_ROUTE_PLAN device=0 Q=[256,1,16,1] Kraw=turbo2_tcq Vraw=bf16 Kshape=[256,256,4,1] Vshape=[256,256,4,1] Keff=f16 Veff=bf16 turbo_kv=1 prefer_native_vec=0 decode=1 dk=1 dv=0 unsafe_vec_after_turbo_v_decode=0 allow_vec=1 kernel=MMA_F16 need_f16_K=0 need_f16_V=1 Knb=[36,288,72,73728] Vnb=[2,2048,512,524288] Keff_nb=[2,2048,512,524288] Veff_nb=[2,2048,512,524288]
CUDA_FA_ROUTE_ALLOC kernel=MMA_F16 need_f16_K=0 need_f16_V=1 workspace_end_offset=540672 dst_data=(nil) f16_K=(nil) f16_V=0x4000 f16_end=0x84000
CUDA_FA_ROUTE_PLAN device=0 Q=[256,1,16,1] Kraw=turbo2_tcq Vraw=bf16 Kshape=[256,256,4,1] Vshape=[256,256,4,1] Keff=f16 Veff=bf16 turbo_kv=1 prefer_native_vec=0 decode=1 dk=1 dv=0 unsafe_vec_after_turbo_v_decode=0 allow_vec=1 kernel=MMA_F16 need_f16_K=0 need_f16_V=1 Knb=[36,288,72,73728] Vnb=[2,2048,512,524288] Keff_nb=[2,2048,512,524288] Veff_nb=[2,2048,512,524288]
CUDA_FA_ROUTE_ALLOC kernel=MMA_F16 need_f16_K=0 need_f16_V=1 workspace_end_offset=540672 dst_data=(nil) f16_K=(nil) f16_V=0x4000 f16_end=0x84000
CUDA_FA_ROUTE_PLAN device=0 Q=[256,1,16,1] Kraw=turbo2_tcq Vraw=bf16 Kshape=[256,256,4,1] Vshape=[256,256,4,1] Keff=f16 Veff=bf16 turbo_kv=1 prefer_native_vec=0 decode=1 dk=1 dv=0 unsafe_vec_after_turbo_v_decode=0 allow_vec=1 kernel=MMA_F16 need_f16_K=0 need_f16_V=1 Knb=[36,288,72,73728] Vnb=[2,2048,512,524288] Keff_nb=[2,2048,512,524288] Veff_nb=[2,2048,512,524288]
CUDA_FA_ROUTE_ALLOC kernel=MMA_F16 need_f16_K=0 need_f16_V=1 workspace_end_offset=540672 dst_data=(nil) f16_K=(nil) f16_V=0x4000 f16_end=0x84000
CUDA_FA_ROUTE_PLAN device=0 Q=[256,1,16,1] Kraw=turbo2_tcq Vraw=bf16 Kshape=[256,256,4,1] Vshape=[256,256,4,1] Keff=f16 Veff=bf16 turbo_kv=1 prefer_native_vec=0 decode=1 dk=1 dv=0 unsafe_vec_after_turbo_v_decode=0 allow_vec=1 kernel=MMA_F16 need_f16_K=0 need_f16_V=1 Knb=[36,288,72,73728] Vnb=[2,2048,512,524288] Keff_nb=[2,2048,512,524288] Veff_nb=[2,2048,512,524288]
CUDA_FA_ROUTE_ALLOC kernel=MMA_F16 need_f16_K=0 need_f16_V=1 workspace_end_offset=540672 dst_data=(nil) f16_K=(nil) f16_V=0x4000 f16_end=0x84000
CUDA_FA_ROUTE_PLAN device=0 Q=[256,1,16,1] Kraw=turbo2_tcq Vraw=bf16 Kshape=[256,256,4,1] Vshape=[256,256,4,1] Keff=f16 Veff=bf16 turbo_kv=1 prefer_native_vec=0 decode=1 dk=1 dv=0 unsafe_vec_after_turbo_v_decode=0 allow_vec=1 kernel=MMA_F16 need_f16_K=0 need_f16_V=1 Knb=[36,288,72,73728] Vnb=[2,2048,512,524288] Keff_nb=[2,2048,512,524288] Veff_nb=[2,2048,512,524288]
CUDA_FA_ROUTE_ALLOC kernel=MMA_F16 need_f16_K=0 need_f16_V=1 workspace_end_offset=540672 dst_data=(nil) f16_K=(nil) f16_V=0x4000 f16_end=0x84000
CUDA_FA_ROUTE_PLAN device=0 Q=[256,1,16,1] Kraw=turbo2_tcq Vraw=bf16 Kshape=[256,256,4,1] Vshape=[256,256,4,1] Keff=f16 Veff=bf16 turbo_kv=1 prefer_native_vec=0 decode=1 dk=1 dv=0 unsafe_vec_after_turbo_v_decode=0 allow_vec=1 kernel=MMA_F16 need_f16_K=0 need_f16_V=1 Knb=[36,288,72,73728] Vnb=[2,2048,512,524288] Keff_nb=[2,2048,512,524288] Veff_nb=[2,2048,512,524288]
CUDA_FA_ROUTE_ALLOC kernel=MMA_F16 need_f16_K=0 need_f16_V=1 workspace_end_offset=540672 dst_data=(nil) f16_K=(nil) f16_V=0x4000 f16_end=0x84000
CUDA_FA_ROUTE_PLAN device=0 Q=[256,1,16,1] Kraw=turbo2_tcq Vraw=bf16 Kshape=[256,256,4,1] Vshape=[256,256,4,1] Keff=f16 Veff=bf16 turbo_kv=1 prefer_native_vec=0 decode=1 dk=1 dv=0 unsafe_vec_after_turbo_v_decode=0 allow_vec=1 kernel=MMA_F16 need_f16_K=0 need_f16_V=1 Knb=[36,288,72,73728] Vnb=[2,2048,512,524288] Keff_nb=[2,2048,512,524288] Veff_nb=[2,2048,512,524288]
CUDA_FA_ROUTE_ALLOC kernel=MMA_F16 need_f16_K=0 need_f16_V=1 workspace_end_offset=540672 dst_data=(nil) f16_K=(nil) f16_V=0x4000 f16_end=0x84000
CUDA_FA_ROUTE_PLAN device=0 Q=[256,1,16,1] Kraw=turbo2_tcq Vraw=bf16 Kshape=[256,256,4,1] Vshape=[256,256,4,1] Keff=f16 Veff=bf16 turbo_kv=1 prefer_native_vec=0 decode=1 dk=1 dv=0 unsafe_vec_after_turbo_v_decode=0 allow_vec=1 kernel=MMA_F16 need_f16_K=0 need_f16_V=1 Knb=[36,288,72,73728] Vnb=[2,2048,512,524288] Keff_nb=[2,2048,512,524288] Veff_nb=[2,2048,512,524288]
CUDA_FA_ROUTE_ALLOC kernel=MMA_F16 need_f16_K=0 need_f16_V=1 workspace_end_offset=540672 dst_data=(nil) f16_K=(nil) f16_V=0x4000 f16_end=0x84000
CUDA_FA_ROUTE_PLAN device=0 Q=[256,1,16,1] Kraw=turbo2_tcq Vraw=bf16 Kshape=[256,256,4,1] Vshape=[256,256,4,1] Keff=f16 Veff=bf16 turbo_kv=1 prefer_native_vec=0 decode=1 dk=1 dv=0 unsafe_vec_after_turbo_v_decode=0 allow_vec=1 kernel=MMA_F16 need_f16_K=0 need_f16_V=1 Knb=[36,288,72,73728] Vnb=[2,2048,512,524288] Keff_nb=[2,2048,512,524288] Veff_nb=[2,2048,512,524288]
CUDA_FA_ROUTE_ALLOC kernel=MMA_F16 need_f16_K=0 need_f16_V=1 workspace_end_offset=540672 dst_data=(nil) f16_K=(nil) f16_V=0x4000 f16_end=0x84000
CUDA_FA_ROUTE_PLAN device=0 Q=[256,1,16,1] Kraw=turbo2_tcq Vraw=bf16 Kshape=[256,256,4,1] Vshape=[256,256,4,1] Keff=f16 Veff=bf16 turbo_kv=1 prefer_native_vec=0 decode=1 dk=1 dv=0 unsafe_vec_after_turbo_v_decode=0 allow_vec=1 kernel=MMA_F16 need_f16_K=0 need_f16_V=1 Knb=[36,288,72,73728] Vnb=[2,2048,512,524288] Keff_nb=[2,2048,512,524288] Veff_nb=[2,2048,512,524288]
CUDA_FA_ROUTE_ALLOC kernel=MMA_F16 need_f16_K=0 need_f16_V=1 workspace_end_offset=540672 dst_data=(nil) f16_K=(nil) f16_V=0x4000 f16_end=0x84000
CUDA_FA_ROUTE_PLAN device=0 Q=[256,1,16,1] Kraw=turbo2_tcq Vraw=bf16 Kshape=[256,256,4,1] Vshape=[256,256,4,1] Keff=f16 Veff=bf16 turbo_kv=1 prefer_native_vec=0 decode=1 dk=1 dv=0 unsafe_vec_after_turbo_v_decode=0 allow_vec=1 kernel=MMA_F16 need_f16_K=0 need_f16_V=1 Knb=[36,288,72,73728] Vnb=[2,2048,512,524288] Keff_nb=[2,2048,512,524288] Veff_nb=[2,2048,512,524288]
CUDA_FA_ROUTE_ALLOC kernel=MMA_F16 need_f16_K=0 need_f16_V=1 workspace_end_offset=540672 dst_data=(nil) f16_K=(nil) f16_V=0x4000 f16_end=0x84000
CUDA_FA_ROUTE_PLAN device=0 Q=[256,1,16,1] Kraw=turbo2_tcq Vraw=bf16 Kshape=[256,256,4,1] Vshape=[256,256,4,1] Keff=f16 Veff=bf16 turbo_kv=1 prefer_native_vec=0 decode=1 dk=1 dv=0 unsafe_vec_after_turbo_v_decode=0 allow_vec=1 kernel=MMA_F16 need_f16_K=0 need_f16_V=1 Knb=[36,288,72,73728] Vnb=[2,2048,512,524288] Keff_nb=[2,2048,512,524288] Veff_nb=[2,2048,512,524288]
CUDA_FA_ROUTE_ALLOC kernel=MMA_F16 need_f16_K=0 need_f16_V=1 workspace_end_offset=540672 dst_data=(nil) f16_K=(nil) f16_V=0x4000 f16_end=0x84000
CUDA_FA_ROUTE_PLAN device=0 Q=[256,1,16,1] Kraw=turbo2_tcq Vraw=bf16 Kshape=[256,256,4,1] Vshape=[256,256,4,1] Keff=f16 Veff=bf16 turbo_kv=1 prefer_native_vec=0 decode=1 dk=1 dv=0 unsafe_vec_after_turbo_v_decode=0 allow_vec=1 kernel=MMA_F16 need_f16_K=0 need_f16_V=1 Knb=[36,288,72,73728] Vnb=[2,2048,512,524288] Keff_nb=[2,2048,512,524288] Veff_nb=[2,2048,512,524288]
CUDA_FA_ROUTE_ALLOC kernel=MMA_F16 need_f16_K=0 need_f16_V=1 workspace_end_offset=540672 dst_data=(nil) f16_K=(nil) f16_V=0x4000 f16_end=0x84000
CUDA_FA_ROUTE_PLAN device=0 Q=[256,1,16,1] Kraw=turbo2_tcq Vraw=bf16 Kshape=[256,256,4,1] Vshape=[256,256,4,1] Keff=f16 Veff=bf16 turbo_kv=1 prefer_native_vec=0 decode=1 dk=1 dv=0 unsafe_vec_after_turbo_v_decode=0 allow_vec=1 kernel=MMA_F16 need_f16_K=0 need_f16_V=1 Knb=[36,288,72,73728] Vnb=[2,2048,512,524288] Keff_nb=[2,2048,512,524288] Veff_nb=[2,2048,512,524288]
CUDA_FA_ROUTE_ALLOC kernel=MMA_F16 need_f16_K=0 need_f16_V=1 workspace_end_offset=540672 dst_data=(nil) f16_K=(nil) f16_V=0x4000 f16_end=0x84000
CUDA_FA_ROUTE_PLAN device=0 Q=[256,1,16,1] Kraw=turbo2_tcq Vraw=bf16 Kshape=[256,256,4,1] Vshape=[256,256,4,1] Keff=f16 Veff=bf16 turbo_kv=1 prefer_native_vec=0 decode=1 dk=1 dv=0 unsafe_vec_after_turbo_v_decode=0 allow_vec=1 kernel=MMA_F16 need_f16_K=0 need_f16_V=1 Knb=[36,288,72,73728] Vnb=[2,2048,512,524288] Keff_nb=[2,2048,512,524288] Veff_nb=[2,2048,512,524288]
CUDA_FA_ROUTE_ALLOC kernel=MMA_F16 need_f16_K=0 need_f16_V=1 workspace_end_offset=540672 dst_data=(nil) f16_K=(nil) f16_V=0x4000 f16_end=0x84000
CUDA_FA_ROUTE_PLAN device=0 Q=[256,1,16,1] Kraw=turbo2_tcq Vraw=bf16 Kshape=[256,256,4,1] Vshape=[256,256,4,1] Keff=f16 Veff=bf16 turbo_kv=1 prefer_native_vec=0 decode=1 dk=1 dv=0 unsafe_vec_after_turbo_v_decode=0 allow_vec=1 kernel=MMA_F16 need_f16_K=0 need_f16_V=1 Knb=[36,288,72,73728] Vnb=[2,2048,512,524288] Keff_nb=[2,2048,512,524288] Veff_nb=[2,2048,512,524288]
CUDA_FA_ROUTE_ALLOC kernel=MMA_F16 need_f16_K=0 need_f16_V=1 workspace_end_offset=540672 dst_data=(nil) f16_K=(nil) f16_V=0x4000 f16_end=0x84000
CUDA_FA_ROUTE_PLAN device=0 Q=[256,1,16,1] Kraw=turbo2_tcq Vraw=bf16 Kshape=[256,256,4,1] Vshape=[256,256,4,1] Keff=f16 Veff=bf16 turbo_kv=1 prefer_native_vec=0 decode=1 dk=1 dv=0 unsafe_vec_after_turbo_v_decode=0 allow_vec=1 kernel=MMA_F16 need_f16_K=0 need_f16_V=1 Knb=[36,288,72,73728] Vnb=[2,2048,512,524288] Keff_nb=[2,2048,512,524288] Veff_nb=[2,2048,512,524288]
CUDA_FA_ROUTE_ALLOC kernel=MMA_F16 need_f16_K=0 need_f16_V=1 workspace_end_offset=540672 dst_data=(nil) f16_K=(nil) f16_V=0x4000 f16_end=0x84000
CUDA_FA_ROUTE_PLAN device=0 Q=[256,1,16,1] Kraw=turbo2_tcq Vraw=bf16 Kshape=[256,256,4,1] Vshape=[256,256,4,1] Keff=f16 Veff=bf16 turbo_kv=1 prefer_native_vec=0 decode=1 dk=1 dv=0 unsafe_vec_after_turbo_v_decode=0 allow_vec=1 kernel=MMA_F16 need_f16_K=0 need_f16_V=1 Knb=[36,288,72,73728] Vnb=[2,2048,512,524288] Keff_nb=[2,2048,512,524288] Veff_nb=[2,2048,512,524288]
CUDA_FA_ROUTE_ALLOC kernel=MMA_F16 need_f16_K=0 need_f16_V=1 workspace_end_offset=540672 dst_data=(nil) f16_K=(nil) f16_V=0x4000 f16_end=0x84000
CUDA_FA_ROUTE_PLAN device=0 Q=[256,1,16,1] Kraw=turbo2_tcq Vraw=bf16 Kshape=[256,256,4,1] Vshape=[256,256,4,1] Keff=f16 Veff=bf16 turbo_kv=1 prefer_native_vec=0 decode=1 dk=1 dv=0 unsafe_vec_after_turbo_v_decode=0 allow_vec=1 kernel=MMA_F16 need_f16_K=0 need_f16_V=1 Knb=[36,288,72,73728] Vnb=[2,2048,512,524288] Keff_nb=[2,2048,512,524288] Veff_nb=[2,2048,512,524288]
CUDA_FA_ROUTE_ALLOC kernel=MMA_F16 need_f16_K=0 need_f16_V=1 workspace_end_offset=540672 dst_data=(nil) f16_K=(nil) f16_V=0x4000 f16_end=0x84000
CUDA_FA_ROUTE_PLAN device=0 Q=[256,1,16,1] Kraw=turbo2_tcq Vraw=bf16 Kshape=[256,256,4,1] Vshape=[256,256,4,1] Keff=f16 Veff=bf16 turbo_kv=1 prefer_native_vec=0 decode=1 dk=1 dv=0 unsafe_vec_after_turbo_v_decode=0 allow_vec=1 kernel=MMA_F16 need_f16_K=0 need_f16_V=1 Knb=[36,288,72,73728] Vnb=[2,2048,512,524288] Keff_nb=[2,2048,512,524288] Veff_nb=[2,2048,512,524288]
CUDA_FA_ROUTE_ALLOC kernel=MMA_F16 need_f16_K=0 need_f16_V=1 workspace_end_offset=540672 dst_data=(nil) f16_K=(nil) f16_V=0x4000 f16_end=0x84000
CUDA_FA_ROUTE_PLAN device=0 Q=[256,1,16,1] Kraw=turbo2_tcq Vraw=bf16 Kshape=[256,256,4,1] Vshape=[256,256,4,1] Keff=f16 Veff=bf16 turbo_kv=1 prefer_native_vec=0 decode=1 dk=1 dv=0 unsafe_vec_after_turbo_v_decode=0 allow_vec=1 kernel=MMA_F16 need_f16_K=0 need_f16_V=1 Knb=[36,288,72,73728] Vnb=[2,2048,512,524288] Keff_nb=[2,2048,512,524288] Veff_nb=[2,2048,512,524288]
CUDA_FA_ROUTE_ALLOC kernel=MMA_F16 need_f16_K=0 need_f16_V=1 workspace_end_offset=540672 dst_data=(nil) f16_K=(nil) f16_V=0x4000 f16_end=0x84000
CUDA_FA_ROUTE_PLAN device=0 Q=[256,1,16,1] Kraw=turbo2_tcq Vraw=bf16 Kshape=[256,256,4,1] Vshape=[256,256,4,1] Keff=f16 Veff=bf16 turbo_kv=1 prefer_native_vec=0 decode=1 dk=1 dv=0 unsafe_vec_after_turbo_v_decode=0 allow_vec=1 kernel=MMA_F16 need_f16_K=0 need_f16_V=1 Knb=[36,288,72,73728] Vnb=[2,2048,512,524288] Keff_nb=[2,2048,512,524288] Veff_nb=[2,2048,512,524288]
CUDA_FA_ROUTE_ALLOC kernel=MMA_F16 need_f16_K=0 need_f16_V=1 workspace_end_offset=540672 dst_data=(nil) f16_K=(nil) f16_V=0x4000 f16_end=0x84000
CUDA_FA_ROUTE_PLAN device=0 Q=[256,1,16,1] Kraw=turbo2_tcq Vraw=bf16 Kshape=[256,256,4,1] Vshape=[256,256,4,1] Keff=f16 Veff=bf16 turbo_kv=1 prefer_native_vec=0 decode=1 dk=1 dv=0 unsafe_vec_after_turbo_v_decode=0 allow_vec=1 kernel=MMA_F16 need_f16_K=0 need_f16_V=1 Knb=[36,288,72,73728] Vnb=[2,2048,512,524288] Keff_nb=[2,2048,512,524288] Veff_nb=[2,2048,512,524288]
CUDA_FA_ROUTE_ALLOC kernel=MMA_F16 need_f16_K=0 need_f16_V=1 workspace_end_offset=540672 dst_data=(nil) f16_K=(nil) f16_V=0x4000 f16_end=0x84000
CUDA_FA_ROUTE_PLAN device=0 Q=[256,1,16,1] Kraw=turbo2_tcq Vraw=bf16 Kshape=[256,256,4,1] Vshape=[256,256,4,1] Keff=f16 Veff=bf16 turbo_kv=1 prefer_native_vec=0 decode=1 dk=1 dv=0 unsafe_vec_after_turbo_v_decode=0 allow_vec=1 kernel=MMA_F16 need_f16_K=0 need_f16_V=1 Knb=[36,288,72,73728] Vnb=[2,2048,512,524288] Keff_nb=[2,2048,512,524288] Veff_nb=[2,2048,512,524288]
CUDA_FA_ROUTE_ALLOC kernel=MMA_F16 need_f16_K=0 need_f16_V=1 workspace_end_offset=540672 dst_data=(nil) f16_K=(nil) f16_V=0x4000 f16_end=0x84000
CUDA_FA_ROUTE_PLAN device=0 Q=[256,1,16,1] Kraw=turbo2_tcq Vraw=bf16 Kshape=[256,256,4,1] Vshape=[256,256,4,1] Keff=f16 Veff=bf16 turbo_kv=1 prefer_native_vec=0 decode=1 dk=1 dv=0 unsafe_vec_after_turbo_v_decode=0 allow_vec=1 kernel=MMA_F16 need_f16_K=0 need_f16_V=1 Knb=[36,288,72,73728] Vnb=[2,2048,512,524288] Keff_nb=[2,2048,512,524288] Veff_nb=[2,2048,512,524288]
CUDA_FA_ROUTE_ALLOC kernel=MMA_F16 need_f16_K=0 need_f16_V=1 workspace_end_offset=540672 dst_data=(nil) f16_K=(nil) f16_V=0x4000 f16_end=0x84000
CUDA_FA_ROUTE_PLAN device=0 Q=[256,1,16,1] Kraw=turbo2_tcq Vraw=bf16 Kshape=[256,256,4,1] Vshape=[256,256,4,1] Keff=f16 Veff=bf16 turbo_kv=1 prefer_native_vec=0 decode=1 dk=1 dv=0 unsafe_vec_after_turbo_v_decode=0 allow_vec=1 kernel=MMA_F16 need_f16_K=0 need_f16_V=1 Knb=[36,288,72,73728] Vnb=[2,2048,512,524288] Keff_nb=[2,2048,512,524288] Veff_nb=[2,2048,512,524288]
CUDA_FA_ROUTE_ALLOC kernel=MMA_F16 need_f16_K=0 need_f16_V=1 workspace_end_offset=540672 dst_data=(nil) f16_K=(nil) f16_V=0x4000 f16_end=0x84000
CUDA_FA_ROUTE_PLAN device=0 Q=[256,1,16,1] Kraw=turbo2_tcq Vraw=bf16 Kshape=[256,256,4,1] Vshape=[256,256,4,1] Keff=f16 Veff=bf16 turbo_kv=1 prefer_native_vec=0 decode=1 dk=1 dv=0 unsafe_vec_after_turbo_v_decode=0 allow_vec=1 kernel=MMA_F16 need_f16_K=0 need_f16_V=1 Knb=[36,288,72,73728] Vnb=[2,2048,512,524288] Keff_nb=[2,2048,512,524288] Veff_nb=[2,2048,512,524288]
CUDA_FA_ROUTE_ALLOC kernel=MMA_F16 need_f16_K=0 need_f16_V=1 workspace_end_offset=540672 dst_data=(nil) f16_K=(nil) f16_V=0x4000 f16_end=0x84000
CUDA_FA_ROUTE_PLAN device=0 Q=[256,1,16,1] Kraw=turbo2_tcq Vraw=bf16 Kshape=[256,256,4,1] Vshape=[256,256,4,1] Keff=f16 Veff=bf16 turbo_kv=1 prefer_native_vec=0 decode=1 dk=1 dv=0 unsafe_vec_after_turbo_v_decode=0 allow_vec=1 kernel=MMA_F16 need_f16_K=0 need_f16_V=1 Knb=[36,288,72,73728] Vnb=[2,2048,512,524288] Keff_nb=[2,2048,512,524288] Veff_nb=[2,2048,512,524288]
CUDA_FA_ROUTE_ALLOC kernel=MMA_F16 need_f16_K=0 need_f16_V=1 workspace_end_offset=540672 dst_data=(nil) f16_K=(nil) f16_V=0x4000 f16_end=0x84000
CUDA_FA_ROUTE_PLAN device=0 Q=[256,1,16,1] Kraw=turbo2_tcq Vraw=bf16 Kshape=[256,256,4,1] Vshape=[256,256,4,1] Keff=f16 Veff=bf16 turbo_kv=1 prefer_native_vec=0 decode=1 dk=1 dv=0 unsafe_vec_after_turbo_v_decode=0 allow_vec=1 kernel=MMA_F16 need_f16_K=0 need_f16_V=1 Knb=[36,288,72,73728] Vnb=[2,2048,512,524288] Keff_nb=[2,2048,512,524288] Veff_nb=[2,2048,512,524288]
CUDA_FA_ROUTE_ALLOC kernel=MMA_F16 need_f16_K=0 need_f16_V=1 workspace_end_offset=540672 dst_data=(nil) f16_K=(nil) f16_V=0x4000 f16_end=0x84000
CUDA_FA_ROUTE_PLAN device=0 Q=[256,1,16,1] Kraw=turbo2_tcq Vraw=bf16 Kshape=[256,256,4,1] Vshape=[256,256,4,1] Keff=f16 Veff=bf16 turbo_kv=1 prefer_native_vec=0 decode=1 dk=1 dv=0 unsafe_vec_after_turbo_v_decode=0 allow_vec=1 kernel=MMA_F16 need_f16_K=0 need_f16_V=1 Knb=[36,288,72,73728] Vnb=[2,2048,512,524288] Keff_nb=[2,2048,512,524288] Veff_nb=[2,2048,512,524288]
CUDA_FA_ROUTE_ALLOC kernel=MMA_F16 need_f16_K=0 need_f16_V=1 workspace_end_offset=540672 dst_data=(nil) f16_K=(nil) f16_V=0x4000 f16_end=0x84000
CUDA_FA_ROUTE_PLAN device=0 Q=[256,256,16,1] Kraw=turbo2_tcq Vraw=bf16 Kshape=[256,256,4,1] Vshape=[256,256,4,1] Keff=f16 Veff=bf16 turbo_kv=1 prefer_native_vec=0 decode=1 dk=1 dv=0 unsafe_vec_after_turbo_v_decode=0 allow_vec=1 kernel=MMA_F16 need_f16_K=0 need_f16_V=1 Knb=[36,288,72,73728] Vnb=[2,2048,512,524288] Keff_nb=[2,2048,512,524288] Veff_nb=[2,2048,512,524288]
CUDA_FA_ROUTE_SUPPORTED kernel=MMA_F16 effK=f16 effV=bf16 supported=1
CUDA_FA_ROUTE_PLAN device=0 Q=[256,256,16,1] Kraw=turbo2_tcq Vraw=bf16 Kshape=[256,256,4,1] Vshape=[256,256,4,1] Keff=f16 Veff=bf16 turbo_kv=1 prefer_native_vec=0 decode=1 dk=1 dv=0 unsafe_vec_after_turbo_v_decode=0 allow_vec=1 kernel=MMA_F16 need_f16_K=0 need_f16_V=1 Knb=[36,288,72,73728] Vnb=[2,2048,512,524288] Keff_nb=[2,2048,512,524288] Veff_nb=[2,2048,512,524288]
CUDA_FA_ROUTE_SUPPORTED kernel=MMA_F16 effK=f16 effV=bf16 supported=1
CUDA_FA_ROUTE_PLAN device=0 Q=[256,256,16,1] Kraw=turbo2_tcq Vraw=bf16 Kshape=[256,256,4,1] Vshape=[256,256,4,1] Keff=f16 Veff=bf16 turbo_kv=1 prefer_native_vec=0 decode=1 dk=1 dv=0 unsafe_vec_after_turbo_v_decode=0 allow_vec=1 kernel=MMA_F16 need_f16_K=0 need_f16_V=1 Knb=[36,288,72,73728] Vnb=[2,2048,512,524288] Keff_nb=[2,2048,512,524288] Veff_nb=[2,2048,512,524288]
CUDA_FA_ROUTE_SUPPORTED kernel=MMA_F16 effK=f16 effV=bf16 supported=1
CUDA_FA_ROUTE_PLAN device=0 Q=[256,256,16,1] Kraw=turbo2_tcq Vraw=bf16 Kshape=[256,256,4,1] Vshape=[256,256,4,1] Keff=f16 Veff=bf16 turbo_kv=1 prefer_native_vec=0 decode=1 dk=1 dv=0 unsafe_vec_after_turbo_v_decode=0 allow_vec=1 kernel=MMA_F16 need_f16_K=0 need_f16_V=1 Knb=[36,288,72,73728] Vnb=[2,2048,512,524288] Keff_nb=[2,2048,512,524288] Veff_nb=[2,2048,512,524288]
CUDA_FA_ROUTE_SUPPORTED kernel=MMA_F16 effK=f16 effV=bf16 supported=1
CUDA_FA_ROUTE_PLAN device=0 Q=[256,256,16,1] Kraw=turbo2_tcq Vraw=bf16 Kshape=[256,256,4,1] Vshape=[256,256,4,1] Keff=f16 Veff=bf16 turbo_kv=1 prefer_native_vec=0 decode=1 dk=1 dv=0 unsafe_vec_after_turbo_v_decode=0 allow_vec=1 kernel=MMA_F16 need_f16_K=0 need_f16_V=1 Knb=[36,288,72,73728] Vnb=[2,2048,512,524288] Keff_nb=[2,2048,512,524288] Veff_nb=[2,2048,512,524288]
CUDA_FA_ROUTE_SUPPORTED kernel=MMA_F16 effK=f16 effV=bf16 supported=1
CUDA_FA_ROUTE_PLAN device=0 Q=[256,256,16,1] Kraw=turbo2_tcq Vraw=bf16 Kshape=[256,256,4,1] Vshape=[256,256,4,1] Keff=f16 Veff=bf16 turbo_kv=1 prefer_native_vec=0 decode=1 dk=1 dv=0 unsafe_vec_after_turbo_v_decode=0 allow_vec=1 kernel=MMA_F16 need_f16_K=0 need_f16_V=1 Knb=[36,288,72,73728] Vnb=[2,2048,512,524288] Keff_nb=[2,2048,512,524288] Veff_nb=[2,2048,512,524288]
CUDA_FA_ROUTE_SUPPORTED kernel=MMA_F16 effK=f16 effV=bf16 supported=1
CUDA_FA_ROUTE_PLAN device=0 Q=[256,256,16,1] Kraw=turbo2_tcq Vraw=bf16 Kshape=[256,256,4,1] Vshape=[256,256,4,1] Keff=f16 Veff=bf16 turbo_kv=1 prefer_native_vec=0 decode=1 dk=1 dv=0 unsafe_vec_after_turbo_v_decode=0 allow_vec=1 kernel=MMA_F16 need_f16_K=0 need_f16_V=1 Knb=[36,288,72,73728] Vnb=[2,2048,512,524288] Keff_nb=[2,2048,512,524288] Veff_nb=[2,2048,512,524288]
CUDA_FA_ROUTE_SUPPORTED kernel=MMA_F16 effK=f16 effV=bf16 supported=1
CUDA_FA_ROUTE_PLAN device=0 Q=[256,256,16,1] Kraw=turbo2_tcq Vraw=bf16 Kshape=[256,256,4,1] Vshape=[256,256,4,1] Keff=f16 Veff=bf16 turbo_kv=1 prefer_native_vec=0 decode=1 dk=1 dv=0 unsafe_vec_after_turbo_v_decode=0 allow_vec=1 kernel=MMA_F16 need_f16_K=0 need_f16_V=1 Knb=[36,288,72,73728] Vnb=[2,2048,512,524288] Keff_nb=[2,2048,512,524288] Veff_nb=[2,2048,512,524288]
CUDA_FA_ROUTE_SUPPORTED kernel=MMA_F16 effK=f16 effV=bf16 supported=1
CUDA_FA_ROUTE_PLAN device=0 Q=[256,256,16,1] Kraw=turbo2_tcq Vraw=bf16 Kshape=[256,256,4,1] Vshape=[256,256,4,1] Keff=f16 Veff=bf16 turbo_kv=1 prefer_native_vec=0 decode=1 dk=1 dv=0 unsafe_vec_after_turbo_v_decode=0 allow_vec=1 kernel=MMA_F16 need_f16_K=0 need_f16_V=1 Knb=[36,288,72,73728] Vnb=[2,2048,512,524288] Keff_nb=[2,2048,512,524288] Veff_nb=[2,2048,512,524288]
CUDA_FA_ROUTE_ALLOC kernel=MMA_F16 need_f16_K=0 need_f16_V=1 workspace_end_offset=4718592 dst_data=(nil) f16_K=(nil) f16_V=0x400000 f16_end=0x480000
CUDA_FA_ROUTE_PLAN device=0 Q=[256,256,16,1] Kraw=turbo2_tcq Vraw=bf16 Kshape=[256,256,4,1] Vshape=[256,256,4,1] Keff=f16 Veff=bf16 turbo_kv=1 prefer_native_vec=0 decode=1 dk=1 dv=0 unsafe_vec_after_turbo_v_decode=0 allow_vec=1 kernel=MMA_F16 need_f16_K=0 need_f16_V=1 Knb=[36,288,72,73728] Vnb=[2,2048,512,524288] Keff_nb=[2,2048,512,524288] Veff_nb=[2,2048,512,524288]
CUDA_FA_ROUTE_ALLOC kernel=MMA_F16 need_f16_K=0 need_f16_V=1 workspace_end_offset=4718592 dst_data=(nil) f16_K=(nil) f16_V=0x400000 f16_end=0x480000
CUDA_FA_ROUTE_PLAN device=0 Q=[256,256,16,1] Kraw=turbo2_tcq Vraw=bf16 Kshape=[256,256,4,1] Vshape=[256,256,4,1] Keff=f16 Veff=bf16 turbo_kv=1 prefer_native_vec=0 decode=1 dk=1 dv=0 unsafe_vec_after_turbo_v_decode=0 allow_vec=1 kernel=MMA_F16 need_f16_K=0 need_f16_V=1 Knb=[36,288,72,73728] Vnb=[2,2048,512,524288] Keff_nb=[2,2048,512,524288] Veff_nb=[2,2048,512,524288]
CUDA_FA_ROUTE_ALLOC kernel=MMA_F16 need_f16_K=0 need_f16_V=1 workspace_end_offset=4718592 dst_data=(nil) f16_K=(nil) f16_V=0x400000 f16_end=0x480000
CUDA_FA_ROUTE_PLAN device=0 Q=[256,256,16,1] Kraw=turbo2_tcq Vraw=bf16 Kshape=[256,256,4,1] Vshape=[256,256,4,1] Keff=f16 Veff=bf16 turbo_kv=1 prefer_native_vec=0 decode=1 dk=1 dv=0 unsafe_vec_after_turbo_v_decode=0 allow_vec=1 kernel=MMA_F16 need_f16_K=0 need_f16_V=1 Knb=[36,288,72,73728] Vnb=[2,2048,512,524288] Keff_nb=[2,2048,512,524288] Veff_nb=[2,2048,512,524288]
CUDA_FA_ROUTE_ALLOC kernel=MMA_F16 need_f16_K=0 need_f16_V=1 workspace_end_offset=4718592 dst_data=(nil) f16_K=(nil) f16_V=0x400000 f16_end=0x480000
CUDA_FA_ROUTE_PLAN device=0 Q=[256,256,16,1] Kraw=turbo2_tcq Vraw=bf16 Kshape=[256,256,4,1] Vshape=[256,256,4,1] Keff=f16 Veff=bf16 turbo_kv=1 prefer_native_vec=0 decode=1 dk=1 dv=0 unsafe_vec_after_turbo_v_decode=0 allow_vec=1 kernel=MMA_F16 need_f16_K=0 need_f16_V=1 Knb=[36,288,72,73728] Vnb=[2,2048,512,524288] Keff_nb=[2,2048,512,524288] Veff_nb=[2,2048,512,524288]
CUDA_FA_ROUTE_ALLOC kernel=MMA_F16 need_f16_K=0 need_f16_V=1 workspace_end_offset=4718592 dst_data=(nil) f16_K=(nil) f16_V=0x400000 f16_end=0x480000
CUDA_FA_ROUTE_PLAN device=0 Q=[256,256,16,1] Kraw=turbo2_tcq Vraw=bf16 Kshape=[256,256,4,1] Vshape=[256,256,4,1] Keff=f16 Veff=bf16 turbo_kv=1 prefer_native_vec=0 decode=1 dk=1 dv=0 unsafe_vec_after_turbo_v_decode=0 allow_vec=1 kernel=MMA_F16 need_f16_K=0 need_f16_V=1 Knb=[36,288,72,73728] Vnb=[2,2048,512,524288] Keff_nb=[2,2048,512,524288] Veff_nb=[2,2048,512,524288]
CUDA_FA_ROUTE_ALLOC kernel=MMA_F16 need_f16_K=0 need_f16_V=1 workspace_end_offset=4718592 dst_data=(nil) f16_K=(nil) f16_V=0x400000 f16_end=0x480000
CUDA_FA_ROUTE_PLAN device=0 Q=[256,256,16,1] Kraw=turbo2_tcq Vraw=bf16 Kshape=[256,256,4,1] Vshape=[256,256,4,1] Keff=f16 Veff=bf16 turbo_kv=1 prefer_native_vec=0 decode=1 dk=1 dv=0 unsafe_vec_after_turbo_v_decode=0 allow_vec=1 kernel=MMA_F16 need_f16_K=0 need_f16_V=1 Knb=[36,288,72,73728] Vnb=[2,2048,512,524288] Keff_nb=[2,2048,512,524288] Veff_nb=[2,2048,512,524288]
CUDA_FA_ROUTE_ALLOC kernel=MMA_F16 need_f16_K=0 need_f16_V=1 workspace_end_offset=4718592 dst_data=(nil) f16_K=(nil) f16_V=0x400000 f16_end=0x480000
CUDA_FA_ROUTE_PLAN device=0 Q=[256,256,16,1] Kraw=turbo2_tcq Vraw=bf16 Kshape=[256,256,4,1] Vshape=[256,256,4,1] Keff=f16 Veff=bf16 turbo_kv=1 prefer_native_vec=0 decode=1 dk=1 dv=0 unsafe_vec_after_turbo_v_decode=0 allow_vec=1 kernel=MMA_F16 need_f16_K=0 need_f16_V=1 Knb=[36,288,72,73728] Vnb=[2,2048,512,524288] Keff_nb=[2,2048,512,524288] Veff_nb=[2,2048,512,524288]
CUDA_FA_ROUTE_ALLOC kernel=MMA_F16 need_f16_K=0 need_f16_V=1 workspace_end_offset=4718592 dst_data=(nil) f16_K=(nil) f16_V=0x400000 f16_end=0x480000
CUDA_FA_ROUTE_PLAN device=0 Q=[256,256,16,1] Kraw=turbo2_tcq Vraw=bf16 Kshape=[256,256,4,1] Vshape=[256,256,4,1] Keff=f16 Veff=bf16 turbo_kv=1 prefer_native_vec=0 decode=1 dk=1 dv=0 unsafe_vec_after_turbo_v_decode=0 allow_vec=1 kernel=MMA_F16 need_f16_K=0 need_f16_V=1 Knb=[36,288,72,73728] Vnb=[2,2048,512,524288] Keff_nb=[2,2048,512,524288] Veff_nb=[2,2048,512,524288]
CUDA_FA_ROUTE_ALLOC kernel=MMA_F16 need_f16_K=0 need_f16_V=1 workspace_end_offset=4718592 dst_data=(nil) f16_K=(nil) f16_V=0x400000 f16_end=0x480000
CUDA_FA_ROUTE_PLAN device=0 Q=[256,256,16,1] Kraw=turbo2_tcq Vraw=bf16 Kshape=[256,256,4,1] Vshape=[256,256,4,1] Keff=f16 Veff=bf16 turbo_kv=1 prefer_native_vec=0 decode=1 dk=1 dv=0 unsafe_vec_after_turbo_v_decode=0 allow_vec=1 kernel=MMA_F16 need_f16_K=0 need_f16_V=1 Knb=[36,288,72,73728] Vnb=[2,2048,512,524288] Keff_nb=[2,2048,512,524288] Veff_nb=[2,2048,512,524288]
CUDA_FA_ROUTE_ALLOC kernel=MMA_F16 need_f16_K=0 need_f16_V=1 workspace_end_offset=4718592 dst_data=(nil) f16_K=(nil) f16_V=0x400000 f16_end=0x480000
CUDA_FA_ROUTE_PLAN device=0 Q=[256,256,16,1] Kraw=turbo2_tcq Vraw=bf16 Kshape=[256,256,4,1] Vshape=[256,256,4,1] Keff=f16 Veff=bf16 turbo_kv=1 prefer_native_vec=0 decode=1 dk=1 dv=0 unsafe_vec_after_turbo_v_decode=0 allow_vec=1 kernel=MMA_F16 need_f16_K=0 need_f16_V=1 Knb=[36,288,72,73728] Vnb=[2,2048,512,524288] Keff_nb=[2,2048,512,524288] Veff_nb=[2,2048,512,524288]
CUDA_FA_ROUTE_ALLOC kernel=MMA_F16 need_f16_K=0 need_f16_V=1 workspace_end_offset=4718592 dst_data=(nil) f16_K=(nil) f16_V=0x400000 f16_end=0x480000
CUDA_FA_ROUTE_PLAN device=0 Q=[256,256,16,1] Kraw=turbo2_tcq Vraw=bf16 Kshape=[256,256,4,1] Vshape=[256,256,4,1] Keff=f16 Veff=bf16 turbo_kv=1 prefer_native_vec=0 decode=1 dk=1 dv=0 unsafe_vec_after_turbo_v_decode=0 allow_vec=1 kernel=MMA_F16 need_f16_K=0 need_f16_V=1 Knb=[36,288,72,73728] Vnb=[2,2048,512,524288] Keff_nb=[2,2048,512,524288] Veff_nb=[2,2048,512,524288]
CUDA_FA_ROUTE_ALLOC kernel=MMA_F16 need_f16_K=0 need_f16_V=1 workspace_end_offset=4718592 dst_data=(nil) f16_K=(nil) f16_V=0x400000 f16_end=0x480000
CUDA_FA_ROUTE_PLAN device=0 Q=[256,256,16,1] Kraw=turbo2_tcq Vraw=bf16 Kshape=[256,256,4,1] Vshape=[256,256,4,1] Keff=f16 Veff=bf16 turbo_kv=1 prefer_native_vec=0 decode=1 dk=1 dv=0 unsafe_vec_after_turbo_v_decode=0 allow_vec=1 kernel=MMA_F16 need_f16_K=0 need_f16_V=1 Knb=[36,288,72,73728] Vnb=[2,2048,512,524288] Keff_nb=[2,2048,512,524288] Veff_nb=[2,2048,512,524288]
CUDA_FA_ROUTE_ALLOC kernel=MMA_F16 need_f16_K=0 need_f16_V=1 workspace_end_offset=4718592 dst_data=(nil) f16_K=(nil) f16_V=0x400000 f16_end=0x480000
CUDA_FA_ROUTE_PLAN device=0 Q=[256,256,16,1] Kraw=turbo2_tcq Vraw=bf16 Kshape=[256,256,4,1] Vshape=[256,256,4,1] Keff=f16 Veff=bf16 turbo_kv=1 prefer_native_vec=0 decode=1 dk=1 dv=0 unsafe_vec_after_turbo_v_decode=0 allow_vec=1 kernel=MMA_F16 need_f16_K=0 need_f16_V=1 Knb=[36,288,72,73728] Vnb=[2,2048,512,524288] Keff_nb=[2,2048,512,524288] Veff_nb=[2,2048,512,524288]
CUDA_FA_ROUTE_ALLOC kernel=MMA_F16 need_f16_K=0 need_f16_V=1 workspace_end_offset=4718592 dst_data=(nil) f16_K=(nil) f16_V=0x400000 f16_end=0x480000
CUDA_FA_ROUTE_PLAN device=0 Q=[256,256,16,1] Kraw=turbo2_tcq Vraw=bf16 Kshape=[256,256,4,1] Vshape=[256,256,4,1] Keff=f16 Veff=bf16 turbo_kv=1 prefer_native_vec=0 decode=1 dk=1 dv=0 unsafe_vec_after_turbo_v_decode=0 allow_vec=1 kernel=MMA_F16 need_f16_K=0 need_f16_V=1 Knb=[36,288,72,73728] Vnb=[2,2048,512,524288] Keff_nb=[2,2048,512,524288] Veff_nb=[2,2048,512,524288]
CUDA_FA_ROUTE_ALLOC kernel=MMA_F16 need_f16_K=0 need_f16_V=1 workspace_end_offset=4718592 dst_data=(nil) f16_K=(nil) f16_V=0x400000 f16_end=0x480000
CUDA_FA_ROUTE_PLAN device=0 Q=[256,256,16,1] Kraw=turbo2_tcq Vraw=bf16 Kshape=[256,256,4,1] Vshape=[256,256,4,1] Keff=f16 Veff=bf16 turbo_kv=1 prefer_native_vec=0 decode=1 dk=1 dv=0 unsafe_vec_after_turbo_v_decode=0 allow_vec=1 kernel=MMA_F16 need_f16_K=0 need_f16_V=1 Knb=[36,288,72,73728] Vnb=[2,2048,512,524288] Keff_nb=[2,2048,512,524288] Veff_nb=[2,2048,512,524288]
CUDA_FA_ROUTE_ALLOC kernel=MMA_F16 need_f16_K=0 need_f16_V=1 workspace_end_offset=4718592 dst_data=(nil) f16_K=(nil) f16_V=0x400000 f16_end=0x480000
CUDA_FA_ROUTE_PLAN device=0 Q=[256,256,16,1] Kraw=turbo2_tcq Vraw=bf16 Kshape=[256,256,4,1] Vshape=[256,256,4,1] Keff=f16 Veff=bf16 turbo_kv=1 prefer_native_vec=0 decode=1 dk=1 dv=0 unsafe_vec_after_turbo_v_decode=0 allow_vec=1 kernel=MMA_F16 need_f16_K=0 need_f16_V=1 Knb=[36,288,72,73728] Vnb=[2,2048,512,524288] Keff_nb=[2,2048,512,524288] Veff_nb=[2,2048,512,524288]
CUDA_FA_ROUTE_ALLOC kernel=MMA_F16 need_f16_K=0 need_f16_V=1 workspace_end_offset=4718592 dst_data=(nil) f16_K=(nil) f16_V=0x400000 f16_end=0x480000
CUDA_FA_ROUTE_PLAN device=0 Q=[256,256,16,1] Kraw=turbo2_tcq Vraw=bf16 Kshape=[256,256,4,1] Vshape=[256,256,4,1] Keff=f16 Veff=bf16 turbo_kv=1 prefer_native_vec=0 decode=1 dk=1 dv=0 unsafe_vec_after_turbo_v_decode=0 allow_vec=1 kernel=MMA_F16 need_f16_K=0 need_f16_V=1 Knb=[36,288,72,73728] Vnb=[2,2048,512,524288] Keff_nb=[2,2048,512,524288] Veff_nb=[2,2048,512,524288]
CUDA_FA_ROUTE_ALLOC kernel=MMA_F16 need_f16_K=0 need_f16_V=1 workspace_end_offset=4718592 dst_data=(nil) f16_K=(nil) f16_V=0x400000 f16_end=0x480000
CUDA_FA_ROUTE_PLAN device=0 Q=[256,256,16,1] Kraw=turbo2_tcq Vraw=bf16 Kshape=[256,256,4,1] Vshape=[256,256,4,1] Keff=f16 Veff=bf16 turbo_kv=1 prefer_native_vec=0 decode=1 dk=1 dv=0 unsafe_vec_after_turbo_v_decode=0 allow_vec=1 kernel=MMA_F16 need_f16_K=0 need_f16_V=1 Knb=[36,288,72,73728] Vnb=[2,2048,512,524288] Keff_nb=[2,2048,512,524288] Veff_nb=[2,2048,512,524288]
CUDA_FA_ROUTE_ALLOC kernel=MMA_F16 need_f16_K=0 need_f16_V=1 workspace_end_offset=4718592 dst_data=(nil) f16_K=(nil) f16_V=0x400000 f16_end=0x480000
CUDA_FA_ROUTE_PLAN device=0 Q=[256,256,16,1] Kraw=turbo2_tcq Vraw=bf16 Kshape=[256,256,4,1] Vshape=[256,256,4,1] Keff=f16 Veff=bf16 turbo_kv=1 prefer_native_vec=0 decode=1 dk=1 dv=0 unsafe_vec_after_turbo_v_decode=0 allow_vec=1 kernel=MMA_F16 need_f16_K=0 need_f16_V=1 Knb=[36,288,72,73728] Vnb=[2,2048,512,524288] Keff_nb=[2,2048,512,524288] Veff_nb=[2,2048,512,524288]
CUDA_FA_ROUTE_ALLOC kernel=MMA_F16 need_f16_K=0 need_f16_V=1 workspace_end_offset=4718592 dst_data=(nil) f16_K=(nil) f16_V=0x400000 f16_end=0x480000
CUDA_FA_ROUTE_PLAN device=0 Q=[256,256,16,1] Kraw=turbo2_tcq Vraw=bf16 Kshape=[256,256,4,1] Vshape=[256,256,4,1] Keff=f16 Veff=bf16 turbo_kv=1 prefer_native_vec=0 decode=1 dk=1 dv=0 unsafe_vec_after_turbo_v_decode=0 allow_vec=1 kernel=MMA_F16 need_f16_K=0 need_f16_V=1 Knb=[36,288,72,73728] Vnb=[2,2048,512,524288] Keff_nb=[2,2048,512,524288] Veff_nb=[2,2048,512,524288]
CUDA_FA_ROUTE_ALLOC kernel=MMA_F16 need_f16_K=0 need_f16_V=1 workspace_end_offset=4718592 dst_data=(nil) f16_K=(nil) f16_V=0x400000 f16_end=0x480000
CUDA_FA_ROUTE_PLAN device=0 Q=[256,256,16,1] Kraw=turbo2_tcq Vraw=bf16 Kshape=[256,256,4,1] Vshape=[256,256,4,1] Keff=f16 Veff=bf16 turbo_kv=1 prefer_native_vec=0 decode=1 dk=1 dv=0 unsafe_vec_after_turbo_v_decode=0 allow_vec=1 kernel=MMA_F16 need_f16_K=0 need_f16_V=1 Knb=[36,288,72,73728] Vnb=[2,2048,512,524288] Keff_nb=[2,2048,512,524288] Veff_nb=[2,2048,512,524288]
CUDA_FA_ROUTE_ALLOC kernel=MMA_F16 need_f16_K=0 need_f16_V=1 workspace_end_offset=4718592 dst_data=(nil) f16_K=(nil) f16_V=0x400000 f16_end=0x480000
CUDA_FA_ROUTE_PLAN device=0 Q=[256,256,16,1] Kraw=turbo2_tcq Vraw=bf16 Kshape=[256,256,4,1] Vshape=[256,256,4,1] Keff=f16 Veff=bf16 turbo_kv=1 prefer_native_vec=0 decode=1 dk=1 dv=0 unsafe_vec_after_turbo_v_decode=0 allow_vec=1 kernel=MMA_F16 need_f16_K=0 need_f16_V=1 Knb=[36,288,72,73728] Vnb=[2,2048,512,524288] Keff_nb=[2,2048,512,524288] Veff_nb=[2,2048,512,524288]
CUDA_FA_ROUTE_ALLOC kernel=MMA_F16 need_f16_K=0 need_f16_V=1 workspace_end_offset=4718592 dst_data=(nil) f16_K=(nil) f16_V=0x400000 f16_end=0x480000
CUDA_FA_ROUTE_PLAN device=0 Q=[256,256,16,1] Kraw=turbo2_tcq Vraw=bf16 Kshape=[256,256,4,1] Vshape=[256,256,4,1] Keff=f16 Veff=bf16 turbo_kv=1 prefer_native_vec=0 decode=1 dk=1 dv=0 unsafe_vec_after_turbo_v_decode=0 allow_vec=1 kernel=MMA_F16 need_f16_K=0 need_f16_V=1 Knb=[36,288,72,73728] Vnb=[2,2048,512,524288] Keff_nb=[2,2048,512,524288] Veff_nb=[2,2048,512,524288]
CUDA_FA_ROUTE_ALLOC kernel=MMA_F16 need_f16_K=0 need_f16_V=1 workspace_end_offset=4718592 dst_data=(nil) f16_K=(nil) f16_V=0x400000 f16_end=0x480000
CUDA_FA_ROUTE_PLAN device=0 Q=[256,256,16,1] Kraw=turbo2_tcq Vraw=bf16 Kshape=[256,256,4,1] Vshape=[256,256,4,1] Keff=f16 Veff=bf16 turbo_kv=1 prefer_native_vec=0 decode=1 dk=1 dv=0 unsafe_vec_after_turbo_v_decode=0 allow_vec=1 kernel=MMA_F16 need_f16_K=0 need_f16_V=1 Knb=[36,288,72,73728] Vnb=[2,2048,512,524288] Keff_nb=[2,2048,512,524288] Veff_nb=[2,2048,512,524288]
CUDA_FA_ROUTE_ALLOC kernel=MMA_F16 need_f16_K=0 need_f16_V=1 workspace_end_offset=4718592 dst_data=(nil) f16_K=(nil) f16_V=0x400000 f16_end=0x480000
CUDA_FA_ROUTE_PLAN device=0 Q=[256,256,16,1] Kraw=turbo2_tcq Vraw=bf16 Kshape=[256,256,4,1] Vshape=[256,256,4,1] Keff=f16 Veff=bf16 turbo_kv=1 prefer_native_vec=0 decode=1 dk=1 dv=0 unsafe_vec_after_turbo_v_decode=0 allow_vec=1 kernel=MMA_F16 need_f16_K=0 need_f16_V=1 Knb=[36,288,72,73728] Vnb=[2,2048,512,524288] Keff_nb=[2,2048,512,524288] Veff_nb=[2,2048,512,524288]
CUDA_FA_ROUTE_ALLOC kernel=MMA_F16 need_f16_K=0 need_f16_V=1 workspace_end_offset=4718592 dst_data=(nil) f16_K=(nil) f16_V=0x400000 f16_end=0x480000
CUDA_FA_ROUTE_PLAN device=0 Q=[256,256,16,1] Kraw=turbo2_tcq Vraw=bf16 Kshape=[256,256,4,1] Vshape=[256,256,4,1] Keff=f16 Veff=bf16 turbo_kv=1 prefer_native_vec=0 decode=1 dk=1 dv=0 unsafe_vec_after_turbo_v_decode=0 allow_vec=1 kernel=MMA_F16 need_f16_K=0 need_f16_V=1 Knb=[36,288,72,73728] Vnb=[2,2048,512,524288] Keff_nb=[2,2048,512,524288] Veff_nb=[2,2048,512,524288]
CUDA_FA_ROUTE_ALLOC kernel=MMA_F16 need_f16_K=0 need_f16_V=1 workspace_end_offset=4718592 dst_data=(nil) f16_K=(nil) f16_V=0x400000 f16_end=0x480000
CUDA_FA_ROUTE_PLAN device=0 Q=[256,256,16,1] Kraw=turbo2_tcq Vraw=bf16 Kshape=[256,256,4,1] Vshape=[256,256,4,1] Keff=f16 Veff=bf16 turbo_kv=1 prefer_native_vec=0 decode=1 dk=1 dv=0 unsafe_vec_after_turbo_v_decode=0 allow_vec=1 kernel=MMA_F16 need_f16_K=0 need_f16_V=1 Knb=[36,288,72,73728] Vnb=[2,2048,512,524288] Keff_nb=[2,2048,512,524288] Veff_nb=[2,2048,512,524288]
CUDA_FA_ROUTE_ALLOC kernel=MMA_F16 need_f16_K=0 need_f16_V=1 workspace_end_offset=4718592 dst_data=(nil) f16_K=(nil) f16_V=0x400000 f16_end=0x480000
CUDA_FA_ROUTE_PLAN device=0 Q=[256,256,16,1] Kraw=turbo2_tcq Vraw=bf16 Kshape=[256,256,4,1] Vshape=[256,256,4,1] Keff=f16 Veff=bf16 turbo_kv=1 prefer_native_vec=0 decode=1 dk=1 dv=0 unsafe_vec_after_turbo_v_decode=0 allow_vec=1 kernel=MMA_F16 need_f16_K=0 need_f16_V=1 Knb=[36,288,72,73728] Vnb=[2,2048,512,524288] Keff_nb=[2,2048,512,524288] Veff_nb=[2,2048,512,524288]
CUDA_FA_ROUTE_ALLOC kernel=MMA_F16 need_f16_K=0 need_f16_V=1 workspace_end_offset=4718592 dst_data=(nil) f16_K=(nil) f16_V=0x400000 f16_end=0x480000
CUDA_FA_ROUTE_PLAN device=0 Q=[256,256,16,1] Kraw=turbo2_tcq Vraw=bf16 Kshape=[256,256,4,1] Vshape=[256,256,4,1] Keff=f16 Veff=bf16 turbo_kv=1 prefer_native_vec=0 decode=1 dk=1 dv=0 unsafe_vec_after_turbo_v_decode=0 allow_vec=1 kernel=MMA_F16 need_f16_K=0 need_f16_V=1 Knb=[36,288,72,73728] Vnb=[2,2048,512,524288] Keff_nb=[2,2048,512,524288] Veff_nb=[2,2048,512,524288]
CUDA_FA_ROUTE_ALLOC kernel=MMA_F16 need_f16_K=0 need_f16_V=1 workspace_end_offset=4718592 dst_data=(nil) f16_K=(nil) f16_V=0x400000 f16_end=0x480000
CUDA_FA_ROUTE_PLAN device=0 Q=[256,256,16,1] Kraw=turbo2_tcq Vraw=bf16 Kshape=[256,256,4,1] Vshape=[256,256,4,1] Keff=f16 Veff=bf16 turbo_kv=1 prefer_native_vec=0 decode=1 dk=1 dv=0 unsafe_vec_after_turbo_v_decode=0 allow_vec=1 kernel=MMA_F16 need_f16_K=0 need_f16_V=1 Knb=[36,288,72,73728] Vnb=[2,2048,512,524288] Keff_nb=[2,2048,512,524288] Veff_nb=[2,2048,512,524288]
CUDA_FA_ROUTE_ALLOC kernel=MMA_F16 need_f16_K=0 need_f16_V=1 workspace_end_offset=4718592 dst_data=(nil) f16_K=(nil) f16_V=0x400000 f16_end=0x480000
CUDA_FA_ROUTE_PLAN device=0 Q=[256,256,16,1] Kraw=turbo2_tcq Vraw=bf16 Kshape=[256,256,4,1] Vshape=[256,256,4,1] Keff=f16 Veff=bf16 turbo_kv=1 prefer_native_vec=0 decode=1 dk=1 dv=0 unsafe_vec_after_turbo_v_decode=0 allow_vec=1 kernel=MMA_F16 need_f16_K=0 need_f16_V=1 Knb=[36,288,72,73728] Vnb=[2,2048,512,524288] Keff_nb=[2,2048,512,524288] Veff_nb=[2,2048,512,524288]
CUDA_FA_ROUTE_ALLOC kernel=MMA_F16 need_f16_K=0 need_f16_V=1 workspace_end_offset=4718592 dst_data=(nil) f16_K=(nil) f16_V=0x400000 f16_end=0x480000
CUDA_FA_ROUTE_PLAN device=0 Q=[256,2,16,1] Kraw=turbo2_tcq Vraw=bf16 Kshape=[256,256,4,1] Vshape=[256,256,4,1] Keff=f16 Veff=bf16 turbo_kv=1 prefer_native_vec=0 decode=1 dk=1 dv=0 unsafe_vec_after_turbo_v_decode=0 allow_vec=1 kernel=MMA_F16 need_f16_K=0 need_f16_V=1 Knb=[36,288,72,73728] Vnb=[2,2048,512,524288] Keff_nb=[2,2048,512,524288] Veff_nb=[2,2048,512,524288]
CUDA_FA_ROUTE_SUPPORTED kernel=MMA_F16 effK=f16 effV=bf16 supported=1
CUDA_FA_ROUTE_PLAN device=0 Q=[256,2,16,1] Kraw=turbo2_tcq Vraw=bf16 Kshape=[256,256,4,1] Vshape=[256,256,4,1] Keff=f16 Veff=bf16 turbo_kv=1 prefer_native_vec=0 decode=1 dk=1 dv=0 unsafe_vec_after_turbo_v_decode=0 allow_vec=1 kernel=MMA_F16 need_f16_K=0 need_f16_V=1 Knb=[36,288,72,73728] Vnb=[2,2048,512,524288] Keff_nb=[2,2048,512,524288] Veff_nb=[2,2048,512,524288]
CUDA_FA_ROUTE_SUPPORTED kernel=MMA_F16 effK=f16 effV=bf16 supported=1
CUDA_FA_ROUTE_PLAN device=0 Q=[256,2,16,1] Kraw=turbo2_tcq Vraw=bf16 Kshape=[256,256,4,1] Vshape=[256,256,4,1] Keff=f16 Veff=bf16 turbo_kv=1 prefer_native_vec=0 decode=1 dk=1 dv=0 unsafe_vec_after_turbo_v_decode=0 allow_vec=1 kernel=MMA_F16 need_f16_K=0 need_f16_V=1 Knb=[36,288,72,73728] Vnb=[2,2048,512,524288] Keff_nb=[2,2048,512,524288] Veff_nb=[2,2048,512,524288]
CUDA_FA_ROUTE_SUPPORTED kernel=MMA_F16 effK=f16 effV=bf16 supported=1
CUDA_FA_ROUTE_PLAN device=0 Q=[256,2,16,1] Kraw=turbo2_tcq Vraw=bf16 Kshape=[256,256,4,1] Vshape=[256,256,4,1] Keff=f16 Veff=bf16 turbo_kv=1 prefer_native_vec=0 decode=1 dk=1 dv=0 unsafe_vec_after_turbo_v_decode=0 allow_vec=1 kernel=MMA_F16 need_f16_K=0 need_f16_V=1 Knb=[36,288,72,73728] Vnb=[2,2048,512,524288] Keff_nb=[2,2048,512,524288] Veff_nb=[2,2048,512,524288]
CUDA_FA_ROUTE_SUPPORTED kernel=MMA_F16 effK=f16 effV=bf16 supported=1
CUDA_FA_ROUTE_PLAN device=0 Q=[256,2,16,1] Kraw=turbo2_tcq Vraw=bf16 Kshape=[256,256,4,1] Vshape=[256,256,4,1] Keff=f16 Veff=bf16 turbo_kv=1 prefer_native_vec=0 decode=1 dk=1 dv=0 unsafe_vec_after_turbo_v_decode=0 allow_vec=1 kernel=MMA_F16 need_f16_K=0 need_f16_V=1 Knb=[36,288,72,73728] Vnb=[2,2048,512,524288] Keff_nb=[2,2048,512,524288] Veff_nb=[2,2048,512,524288]
CUDA_FA_ROUTE_SUPPORTED kernel=MMA_F16 effK=f16 effV=bf16 supported=1
CUDA_FA_ROUTE_PLAN device=0 Q=[256,2,16,1] Kraw=turbo2_tcq Vraw=bf16 Kshape=[256,256,4,1] Vshape=[256,256,4,1] Keff=f16 Veff=bf16 turbo_kv=1 prefer_native_vec=0 decode=1 dk=1 dv=0 unsafe_vec_after_turbo_v_decode=0 allow_vec=1 kernel=MMA_F16 need_f16_K=0 need_f16_V=1 Knb=[36,288,72,73728] Vnb=[2,2048,512,524288] Keff_nb=[2,2048,512,524288] Veff_nb=[2,2048,512,524288]
CUDA_FA_ROUTE_SUPPORTED kernel=MMA_F16 effK=f16 effV=bf16 supported=1
CUDA_FA_ROUTE_PLAN device=0 Q=[256,2,16,1] Kraw=turbo2_tcq Vraw=bf16 Kshape=[256,256,4,1] Vshape=[256,256,4,1] Keff=f16 Veff=bf16 turbo_kv=1 prefer_native_vec=0 decode=1 dk=1 dv=0 unsafe_vec_after_turbo_v_decode=0 allow_vec=1 kernel=MMA_F16 need_f16_K=0 need_f16_V=1 Knb=[36,288,72,73728] Vnb=[2,2048,512,524288] Keff_nb=[2,2048,512,524288] Veff_nb=[2,2048,512,524288]
CUDA_FA_ROUTE_SUPPORTED kernel=MMA_F16 effK=f16 effV=bf16 supported=1
CUDA_FA_ROUTE_PLAN device=0 Q=[256,2,16,1] Kraw=turbo2_tcq Vraw=bf16 Kshape=[256,256,4,1] Vshape=[256,256,4,1] Keff=f16 Veff=bf16 turbo_kv=1 prefer_native_vec=0 decode=1 dk=1 dv=0 unsafe_vec_after_turbo_v_decode=0 allow_vec=1 kernel=MMA_F16 need_f16_K=0 need_f16_V=1 Knb=[36,288,72,73728] Vnb=[2,2048,512,524288] Keff_nb=[2,2048,512,524288] Veff_nb=[2,2048,512,524288]
CUDA_FA_ROUTE_SUPPORTED kernel=MMA_F16 effK=f16 effV=bf16 supported=1
CUDA_FA_ROUTE_PLAN device=0 Q=[256,2,16,1] Kraw=turbo2_tcq Vraw=bf16 Kshape=[256,256,4,1] Vshape=[256,256,4,1] Keff=f16 Veff=bf16 turbo_kv=1 prefer_native_vec=0 decode=1 dk=1 dv=0 unsafe_vec_after_turbo_v_decode=0 allow_vec=1 kernel=MMA_F16 need_f16_K=0 need_f16_V=1 Knb=[36,288,72,73728] Vnb=[2,2048,512,524288] Keff_nb=[2,2048,512,524288] Veff_nb=[2,2048,512,524288]
CUDA_FA_ROUTE_ALLOC kernel=MMA_F16 need_f16_K=0 need_f16_V=1 workspace_end_offset=557056 dst_data=(nil) f16_K=(nil) f16_V=0x8000 f16_end=0x88000
CUDA_FA_ROUTE_PLAN device=0 Q=[256,2,16,1] Kraw=turbo2_tcq Vraw=bf16 Kshape=[256,256,4,1] Vshape=[256,256,4,1] Keff=f16 Veff=bf16 turbo_kv=1 prefer_native_vec=0 decode=1 dk=1 dv=0 unsafe_vec_after_turbo_v_decode=0 allow_vec=1 kernel=MMA_F16 need_f16_K=0 need_f16_V=1 Knb=[36,288,72,73728] Vnb=[2,2048,512,524288] Keff_nb=[2,2048,512,524288] Veff_nb=[2,2048,512,524288]
CUDA_FA_ROUTE_ALLOC kernel=MMA_F16 need_f16_K=0 need_f16_V=1 workspace_end_offset=557056 dst_data=(nil) f16_K=(nil) f16_V=0x8000 f16_end=0x88000
CUDA_FA_ROUTE_PLAN device=0 Q=[256,2,16,1] Kraw=turbo2_tcq Vraw=bf16 Kshape=[256,256,4,1] Vshape=[256,256,4,1] Keff=f16 Veff=bf16 turbo_kv=1 prefer_native_vec=0 decode=1 dk=1 dv=0 unsafe_vec_after_turbo_v_decode=0 allow_vec=1 kernel=MMA_F16 need_f16_K=0 need_f16_V=1 Knb=[36,288,72,73728] Vnb=[2,2048,512,524288] Keff_nb=[2,2048,512,524288] Veff_nb=[2,2048,512,524288]
CUDA_FA_ROUTE_ALLOC kernel=MMA_F16 need_f16_K=0 need_f16_V=1 workspace_end_offset=557056 dst_data=(nil) f16_K=(nil) f16_V=0x8000 f16_end=0x88000
CUDA_FA_ROUTE_PLAN device=0 Q=[256,2,16,1] Kraw=turbo2_tcq Vraw=bf16 Kshape=[256,256,4,1] Vshape=[256,256,4,1] Keff=f16 Veff=bf16 turbo_kv=1 prefer_native_vec=0 decode=1 dk=1 dv=0 unsafe_vec_after_turbo_v_decode=0 allow_vec=1 kernel=MMA_F16 need_f16_K=0 need_f16_V=1 Knb=[36,288,72,73728] Vnb=[2,2048,512,524288] Keff_nb=[2,2048,512,524288] Veff_nb=[2,2048,512,524288]
CUDA_FA_ROUTE_ALLOC kernel=MMA_F16 need_f16_K=0 need_f16_V=1 workspace_end_offset=557056 dst_data=(nil) f16_K=(nil) f16_V=0x8000 f16_end=0x88000
CUDA_FA_ROUTE_PLAN device=0 Q=[256,2,16,1] Kraw=turbo2_tcq Vraw=bf16 Kshape=[256,256,4,1] Vshape=[256,256,4,1] Keff=f16 Veff=bf16 turbo_kv=1 prefer_native_vec=0 decode=1 dk=1 dv=0 unsafe_vec_after_turbo_v_decode=0 allow_vec=1 kernel=MMA_F16 need_f16_K=0 need_f16_V=1 Knb=[36,288,72,73728] Vnb=[2,2048,512,524288] Keff_nb=[2,2048,512,524288] Veff_nb=[2,2048,512,524288]
CUDA_FA_ROUTE_ALLOC kernel=MMA_F16 need_f16_K=0 need_f16_V=1 workspace_end_offset=557056 dst_data=(nil) f16_K=(nil) f16_V=0x8000 f16_end=0x88000
CUDA_FA_ROUTE_PLAN device=0 Q=[256,2,16,1] Kraw=turbo2_tcq Vraw=bf16 Kshape=[256,256,4,1] Vshape=[256,256,4,1] Keff=f16 Veff=bf16 turbo_kv=1 prefer_native_vec=0 decode=1 dk=1 dv=0 unsafe_vec_after_turbo_v_decode=0 allow_vec=1 kernel=MMA_F16 need_f16_K=0 need_f16_V=1 Knb=[36,288,72,73728] Vnb=[2,2048,512,524288] Keff_nb=[2,2048,512,524288] Veff_nb=[2,2048,512,524288]
CUDA_FA_ROUTE_ALLOC kernel=MMA_F16 need_f16_K=0 need_f16_V=1 workspace_end_offset=557056 dst_data=(nil) f16_K=(nil) f16_V=0x8000 f16_end=0x88000
CUDA_FA_ROUTE_PLAN device=0 Q=[256,2,16,1] Kraw=turbo2_tcq Vraw=bf16 Kshape=[256,256,4,1] Vshape=[256,256,4,1] Keff=f16 Veff=bf16 turbo_kv=1 prefer_native_vec=0 decode=1 dk=1 dv=0 unsafe_vec_after_turbo_v_decode=0 allow_vec=1 kernel=MMA_F16 need_f16_K=0 need_f16_V=1 Knb=[36,288,72,73728] Vnb=[2,2048,512,524288] Keff_nb=[2,2048,512,524288] Veff_nb=[2,2048,512,524288]
CUDA_FA_ROUTE_ALLOC kernel=MMA_F16 need_f16_K=0 need_f16_V=1 workspace_end_offset=557056 dst_data=(nil) f16_K=(nil) f16_V=0x8000 f16_end=0x88000
CUDA_FA_ROUTE_PLAN device=0 Q=[256,2,16,1] Kraw=turbo2_tcq Vraw=bf16 Kshape=[256,256,4,1] Vshape=[256,256,4,1] Keff=f16 Veff=bf16 turbo_kv=1 prefer_native_vec=0 decode=1 dk=1 dv=0 unsafe_vec_after_turbo_v_decode=0 allow_vec=1 kernel=MMA_F16 need_f16_K=0 need_f16_V=1 Knb=[36,288,72,73728] Vnb=[2,2048,512,524288] Keff_nb=[2,2048,512,524288] Veff_nb=[2,2048,512,524288]
CUDA_FA_ROUTE_ALLOC kernel=MMA_F16 need_f16_K=0 need_f16_V=1 workspace_end_offset=557056 dst_data=(nil) f16_K=(nil) f16_V=0x8000 f16_end=0x88000
CUDA_FA_ROUTE_PLAN device=0 Q=[256,2,16,1] Kraw=turbo2_tcq Vraw=bf16 Kshape=[256,256,4,1] Vshape=[256,256,4,1] Keff=f16 Veff=bf16 turbo_kv=1 prefer_native_vec=0 decode=1 dk=1 dv=0 unsafe_vec_after_turbo_v_decode=0 allow_vec=1 kernel=MMA_F16 need_f16_K=0 need_f16_V=1 Knb=[36,288,72,73728] Vnb=[2,2048,512,524288] Keff_nb=[2,2048,512,524288] Veff_nb=[2,2048,512,524288]
CUDA_FA_ROUTE_ALLOC kernel=MMA_F16 need_f16_K=0 need_f16_V=1 workspace_end_offset=557056 dst_data=(nil) f16_K=(nil) f16_V=0x8000 f16_end=0x88000
CUDA_FA_ROUTE_PLAN device=0 Q=[256,2,16,1] Kraw=turbo2_tcq Vraw=bf16 Kshape=[256,256,4,1] Vshape=[256,256,4,1] Keff=f16 Veff=bf16 turbo_kv=1 prefer_native_vec=0 decode=1 dk=1 dv=0 unsafe_vec_after_turbo_v_decode=0 allow_vec=1 kernel=MMA_F16 need_f16_K=0 need_f16_V=1 Knb=[36,288,72,73728] Vnb=[2,2048,512,524288] Keff_nb=[2,2048,512,524288] Veff_nb=[2,2048,512,524288]
CUDA_FA_ROUTE_ALLOC kernel=MMA_F16 need_f16_K=0 need_f16_V=1 workspace_end_offset=557056 dst_data=(nil) f16_K=(nil) f16_V=0x8000 f16_end=0x88000
CUDA_FA_ROUTE_PLAN device=0 Q=[256,2,16,1] Kraw=turbo2_tcq Vraw=bf16 Kshape=[256,256,4,1] Vshape=[256,256,4,1] Keff=f16 Veff=bf16 turbo_kv=1 prefer_native_vec=0 decode=1 dk=1 dv=0 unsafe_vec_after_turbo_v_decode=0 allow_vec=1 kernel=MMA_F16 need_f16_K=0 need_f16_V=1 Knb=[36,288,72,73728] Vnb=[2,2048,512,524288] Keff_nb=[2,2048,512,524288] Veff_nb=[2,2048,512,524288]
CUDA_FA_ROUTE_ALLOC kernel=MMA_F16 need_f16_K=0 need_f16_V=1 workspace_end_offset=557056 dst_data=(nil) f16_K=(nil) f16_V=0x8000 f16_end=0x88000
CUDA_FA_ROUTE_PLAN device=0 Q=[256,2,16,1] Kraw=turbo2_tcq Vraw=bf16 Kshape=[256,256,4,1] Vshape=[256,256,4,1] Keff=f16 Veff=bf16 turbo_kv=1 prefer_native_vec=0 decode=1 dk=1 dv=0 unsafe_vec_after_turbo_v_decode=0 allow_vec=1 kernel=MMA_F16 need_f16_K=0 need_f16_V=1 Knb=[36,288,72,73728] Vnb=[2,2048,512,524288] Keff_nb=[2,2048,512,524288] Veff_nb=[2,2048,512,524288]
CUDA_FA_ROUTE_ALLOC kernel=MMA_F16 need_f16_K=0 need_f16_V=1 workspace_end_offset=557056 dst_data=(nil) f16_K=(nil) f16_V=0x8000 f16_end=0x88000
CUDA_FA_ROUTE_PLAN device=0 Q=[256,2,16,1] Kraw=turbo2_tcq Vraw=bf16 Kshape=[256,256,4,1] Vshape=[256,256,4,1] Keff=f16 Veff=bf16 turbo_kv=1 prefer_native_vec=0 decode=1 dk=1 dv=0 unsafe_vec_after_turbo_v_decode=0 allow_vec=1 kernel=MMA_F16 need_f16_K=0 need_f16_V=1 Knb=[36,288,72,73728] Vnb=[2,2048,512,524288] Keff_nb=[2,2048,512,524288] Veff_nb=[2,2048,512,524288]
CUDA_FA_ROUTE_ALLOC kernel=MMA_F16 need_f16_K=0 need_f16_V=1 workspace_end_offset=557056 dst_data=(nil) f16_K=(nil) f16_V=0x8000 f16_end=0x88000
CUDA_FA_ROUTE_PLAN device=0 Q=[256,2,16,1] Kraw=turbo2_tcq Vraw=bf16 Kshape=[256,256,4,1] Vshape=[256,256,4,1] Keff=f16 Veff=bf16 turbo_kv=1 prefer_native_vec=0 decode=1 dk=1 dv=0 unsafe_vec_after_turbo_v_decode=0 allow_vec=1 kernel=MMA_F16 need_f16_K=0 need_f16_V=1 Knb=[36,288,72,73728] Vnb=[2,2048,512,524288] Keff_nb=[2,2048,512,524288] Veff_nb=[2,2048,512,524288]
CUDA_FA_ROUTE_ALLOC kernel=MMA_F16 need_f16_K=0 need_f16_V=1 workspace_end_offset=557056 dst_data=(nil) f16_K=(nil) f16_V=0x8000 f16_end=0x88000
CUDA_FA_ROUTE_PLAN device=0 Q=[256,2,16,1] Kraw=turbo2_tcq Vraw=bf16 Kshape=[256,256,4,1] Vshape=[256,256,4,1] Keff=f16 Veff=bf16 turbo_kv=1 prefer_native_vec=0 decode=1 dk=1 dv=0 unsafe_vec_after_turbo_v_decode=0 allow_vec=1 kernel=MMA_F16 need_f16_K=0 need_f16_V=1 Knb=[36,288,72,73728] Vnb=[2,2048,512,524288] Keff_nb=[2,2048,512,524288] Veff_nb=[2,2048,512,524288]
CUDA_FA_ROUTE_ALLOC kernel=MMA_F16 need_f16_K=0 need_f16_V=1 workspace_end_offset=557056 dst_data=(nil) f16_K=(nil) f16_V=0x8000 f16_end=0x88000
CUDA_FA_ROUTE_PLAN device=0 Q=[256,2,16,1] Kraw=turbo2_tcq Vraw=bf16 Kshape=[256,256,4,1] Vshape=[256,256,4,1] Keff=f16 Veff=bf16 turbo_kv=1 prefer_native_vec=0 decode=1 dk=1 dv=0 unsafe_vec_after_turbo_v_decode=0 allow_vec=1 kernel=MMA_F16 need_f16_K=0 need_f16_V=1 Knb=[36,288,72,73728] Vnb=[2,2048,512,524288] Keff_nb=[2,2048,512,524288] Veff_nb=[2,2048,512,524288]
CUDA_FA_ROUTE_ALLOC kernel=MMA_F16 need_f16_K=0 need_f16_V=1 workspace_end_offset=557056 dst_data=(nil) f16_K=(nil) f16_V=0x8000 f16_end=0x88000
CUDA_FA_ROUTE_PLAN device=0 Q=[256,2,16,1] Kraw=turbo2_tcq Vraw=bf16 Kshape=[256,256,4,1] Vshape=[256,256,4,1] Keff=f16 Veff=bf16 turbo_kv=1 prefer_native_vec=0 decode=1 dk=1 dv=0 unsafe_vec_after_turbo_v_decode=0 allow_vec=1 kernel=MMA_F16 need_f16_K=0 need_f16_V=1 Knb=[36,288,72,73728] Vnb=[2,2048,512,524288] Keff_nb=[2,2048,512,524288] Veff_nb=[2,2048,512,524288]
CUDA_FA_ROUTE_ALLOC kernel=MMA_F16 need_f16_K=0 need_f16_V=1 workspace_end_offset=557056 dst_data=(nil) f16_K=(nil) f16_V=0x8000 f16_end=0x88000
CUDA_FA_ROUTE_PLAN device=0 Q=[256,2,16,1] Kraw=turbo2_tcq Vraw=bf16 Kshape=[256,256,4,1] Vshape=[256,256,4,1] Keff=f16 Veff=bf16 turbo_kv=1 prefer_native_vec=0 decode=1 dk=1 dv=0 unsafe_vec_after_turbo_v_decode=0 allow_vec=1 kernel=MMA_F16 need_f16_K=0 need_f16_V=1 Knb=[36,288,72,73728] Vnb=[2,2048,512,524288] Keff_nb=[2,2048,512,524288] Veff_nb=[2,2048,512,524288]
CUDA_FA_ROUTE_ALLOC kernel=MMA_F16 need_f16_K=0 need_f16_V=1 workspace_end_offset=557056 dst_data=(nil) f16_K=(nil) f16_V=0x8000 f16_end=0x88000
CUDA_FA_ROUTE_PLAN device=0 Q=[256,2,16,1] Kraw=turbo2_tcq Vraw=bf16 Kshape=[256,256,4,1] Vshape=[256,256,4,1] Keff=f16 Veff=bf16 turbo_kv=1 prefer_native_vec=0 decode=1 dk=1 dv=0 unsafe_vec_after_turbo_v_decode=0 allow_vec=1 kernel=MMA_F16 need_f16_K=0 need_f16_V=1 Knb=[36,288,72,73728] Vnb=[2,2048,512,524288] Keff_nb=[2,2048,512,524288] Veff_nb=[2,2048,512,524288]
CUDA_FA_ROUTE_ALLOC kernel=MMA_F16 need_f16_K=0 need_f16_V=1 workspace_end_offset=557056 dst_data=(nil) f16_K=(nil) f16_V=0x8000 f16_end=0x88000
CUDA_FA_ROUTE_PLAN device=0 Q=[256,2,16,1] Kraw=turbo2_tcq Vraw=bf16 Kshape=[256,256,4,1] Vshape=[256,256,4,1] Keff=f16 Veff=bf16 turbo_kv=1 prefer_native_vec=0 decode=1 dk=1 dv=0 unsafe_vec_after_turbo_v_decode=0 allow_vec=1 kernel=MMA_F16 need_f16_K=0 need_f16_V=1 Knb=[36,288,72,73728] Vnb=[2,2048,512,524288] Keff_nb=[2,2048,512,524288] Veff_nb=[2,2048,512,524288]
CUDA_FA_ROUTE_ALLOC kernel=MMA_F16 need_f16_K=0 need_f16_V=1 workspace_end_offset=557056 dst_data=(nil) f16_K=(nil) f16_V=0x8000 f16_end=0x88000
CUDA_FA_ROUTE_PLAN device=0 Q=[256,2,16,1] Kraw=turbo2_tcq Vraw=bf16 Kshape=[256,256,4,1] Vshape=[256,256,4,1] Keff=f16 Veff=bf16 turbo_kv=1 prefer_native_vec=0 decode=1 dk=1 dv=0 unsafe_vec_after_turbo_v_decode=0 allow_vec=1 kernel=MMA_F16 need_f16_K=0 need_f16_V=1 Knb=[36,288,72,73728] Vnb=[2,2048,512,524288] Keff_nb=[2,2048,512,524288] Veff_nb=[2,2048,512,524288]
CUDA_FA_ROUTE_ALLOC kernel=MMA_F16 need_f16_K=0 need_f16_V=1 workspace_end_offset=557056 dst_data=(nil) f16_K=(nil) f16_V=0x8000 f16_end=0x88000
CUDA_FA_ROUTE_PLAN device=0 Q=[256,2,16,1] Kraw=turbo2_tcq Vraw=bf16 Kshape=[256,256,4,1] Vshape=[256,256,4,1] Keff=f16 Veff=bf16 turbo_kv=1 prefer_native_vec=0 decode=1 dk=1 dv=0 unsafe_vec_after_turbo_v_decode=0 allow_vec=1 kernel=MMA_F16 need_f16_K=0 need_f16_V=1 Knb=[36,288,72,73728] Vnb=[2,2048,512,524288] Keff_nb=[2,2048,512,524288] Veff_nb=[2,2048,512,524288]
CUDA_FA_ROUTE_ALLOC kernel=MMA_F16 need_f16_K=0 need_f16_V=1 workspace_end_offset=557056 dst_data=(nil) f16_K=(nil) f16_V=0x8000 f16_end=0x88000
CUDA_FA_ROUTE_PLAN device=0 Q=[256,2,16,1] Kraw=turbo2_tcq Vraw=bf16 Kshape=[256,256,4,1] Vshape=[256,256,4,1] Keff=f16 Veff=bf16 turbo_kv=1 prefer_native_vec=0 decode=1 dk=1 dv=0 unsafe_vec_after_turbo_v_decode=0 allow_vec=1 kernel=MMA_F16 need_f16_K=0 need_f16_V=1 Knb=[36,288,72,73728] Vnb=[2,2048,512,524288] Keff_nb=[2,2048,512,524288] Veff_nb=[2,2048,512,524288]
CUDA_FA_ROUTE_ALLOC kernel=MMA_F16 need_f16_K=0 need_f16_V=1 workspace_end_offset=557056 dst_data=(nil) f16_K=(nil) f16_V=0x8000 f16_end=0x88000
CUDA_FA_ROUTE_PLAN device=0 Q=[256,2,16,1] Kraw=turbo2_tcq Vraw=bf16 Kshape=[256,256,4,1] Vshape=[256,256,4,1] Keff=f16 Veff=bf16 turbo_kv=1 prefer_native_vec=0 decode=1 dk=1 dv=0 unsafe_vec_after_turbo_v_decode=0 allow_vec=1 kernel=MMA_F16 need_f16_K=0 need_f16_V=1 Knb=[36,288,72,73728] Vnb=[2,2048,512,524288] Keff_nb=[2,2048,512,524288] Veff_nb=[2,2048,512,524288]
CUDA_FA_ROUTE_ALLOC kernel=MMA_F16 need_f16_K=0 need_f16_V=1 workspace_end_offset=557056 dst_data=(nil) f16_K=(nil) f16_V=0x8000 f16_end=0x88000
CUDA_FA_ROUTE_PLAN device=0 Q=[256,2,16,1] Kraw=turbo2_tcq Vraw=bf16 Kshape=[256,256,4,1] Vshape=[256,256,4,1] Keff=f16 Veff=bf16 turbo_kv=1 prefer_native_vec=0 decode=1 dk=1 dv=0 unsafe_vec_after_turbo_v_decode=0 allow_vec=1 kernel=MMA_F16 need_f16_K=0 need_f16_V=1 Knb=[36,288,72,73728] Vnb=[2,2048,512,524288] Keff_nb=[2,2048,512,524288] Veff_nb=[2,2048,512,524288]
CUDA_FA_ROUTE_ALLOC kernel=MMA_F16 need_f16_K=0 need_f16_V=1 workspace_end_offset=557056 dst_data=(nil) f16_K=(nil) f16_V=0x8000 f16_end=0x88000
CUDA_FA_ROUTE_PLAN device=0 Q=[256,2,16,1] Kraw=turbo2_tcq Vraw=bf16 Kshape=[256,256,4,1] Vshape=[256,256,4,1] Keff=f16 Veff=bf16 turbo_kv=1 prefer_native_vec=0 decode=1 dk=1 dv=0 unsafe_vec_after_turbo_v_decode=0 allow_vec=1 kernel=MMA_F16 need_f16_K=0 need_f16_V=1 Knb=[36,288,72,73728] Vnb=[2,2048,512,524288] Keff_nb=[2,2048,512,524288] Veff_nb=[2,2048,512,524288]
CUDA_FA_ROUTE_ALLOC kernel=MMA_F16 need_f16_K=0 need_f16_V=1 workspace_end_offset=557056 dst_data=(nil) f16_K=(nil) f16_V=0x8000 f16_end=0x88000
CUDA_FA_ROUTE_PLAN device=0 Q=[256,2,16,1] Kraw=turbo2_tcq Vraw=bf16 Kshape=[256,256,4,1] Vshape=[256,256,4,1] Keff=f16 Veff=bf16 turbo_kv=1 prefer_native_vec=0 decode=1 dk=1 dv=0 unsafe_vec_after_turbo_v_decode=0 allow_vec=1 kernel=MMA_F16 need_f16_K=0 need_f16_V=1 Knb=[36,288,72,73728] Vnb=[2,2048,512,524288] Keff_nb=[2,2048,512,524288] Veff_nb=[2,2048,512,524288]
CUDA_FA_ROUTE_ALLOC kernel=MMA_F16 need_f16_K=0 need_f16_V=1 workspace_end_offset=557056 dst_data=(nil) f16_K=(nil) f16_V=0x8000 f16_end=0x88000
CUDA_FA_ROUTE_PLAN device=0 Q=[256,2,16,1] Kraw=turbo2_tcq Vraw=bf16 Kshape=[256,256,4,1] Vshape=[256,256,4,1] Keff=f16 Veff=bf16 turbo_kv=1 prefer_native_vec=0 decode=1 dk=1 dv=0 unsafe_vec_after_turbo_v_decode=0 allow_vec=1 kernel=MMA_F16 need_f16_K=0 need_f16_V=1 Knb=[36,288,72,73728] Vnb=[2,2048,512,524288] Keff_nb=[2,2048,512,524288] Veff_nb=[2,2048,512,524288]
CUDA_FA_ROUTE_ALLOC kernel=MMA_F16 need_f16_K=0 need_f16_V=1 workspace_end_offset=557056 dst_data=(nil) f16_K=(nil) f16_V=0x8000 f16_end=0x88000
CUDA_FA_ROUTE_PLAN device=0 Q=[256,2,16,1] Kraw=turbo2_tcq Vraw=bf16 Kshape=[256,256,4,1] Vshape=[256,256,4,1] Keff=f16 Veff=bf16 turbo_kv=1 prefer_native_vec=0 decode=1 dk=1 dv=0 unsafe_vec_after_turbo_v_decode=0 allow_vec=1 kernel=MMA_F16 need_f16_K=0 need_f16_V=1 Knb=[36,288,72,73728] Vnb=[2,2048,512,524288] Keff_nb=[2,2048,512,524288] Veff_nb=[2,2048,512,524288]
CUDA_FA_ROUTE_ALLOC kernel=MMA_F16 need_f16_K=0 need_f16_V=1 workspace_end_offset=557056 dst_data=(nil) f16_K=(nil) f16_V=0x8000 f16_end=0x88000
CUDA_FA_ROUTE_PLAN device=0 Q=[256,2,16,1] Kraw=turbo2_tcq Vraw=bf16 Kshape=[256,256,4,1] Vshape=[256,256,4,1] Keff=f16 Veff=bf16 turbo_kv=1 prefer_native_vec=0 decode=1 dk=1 dv=0 unsafe_vec_after_turbo_v_decode=0 allow_vec=1 kernel=MMA_F16 need_f16_K=0 need_f16_V=1 Knb=[36,288,72,73728] Vnb=[2,2048,512,524288] Keff_nb=[2,2048,512,524288] Veff_nb=[2,2048,512,524288]
CUDA_FA_ROUTE_ALLOC kernel=MMA_F16 need_f16_K=0 need_f16_V=1 workspace_end_offset=557056 dst_data=(nil) f16_K=(nil) f16_V=0x8000 f16_end=0x88000
CUDA_FA_ROUTE_PLAN device=0 Q=[256,2,16,1] Kraw=turbo2_tcq Vraw=bf16 Kshape=[256,256,4,1] Vshape=[256,256,4,1] Keff=f16 Veff=bf16 turbo_kv=1 prefer_native_vec=0 decode=1 dk=1 dv=0 unsafe_vec_after_turbo_v_decode=0 allow_vec=1 kernel=MMA_F16 need_f16_K=0 need_f16_V=1 Knb=[36,288,72,73728] Vnb=[2,2048,512,524288] Keff_nb=[2,2048,512,524288] Veff_nb=[2,2048,512,524288]
CUDA_FA_ROUTE_ALLOC kernel=MMA_F16 need_f16_K=0 need_f16_V=1 workspace_end_offset=557056 dst_data=(nil) f16_K=(nil) f16_V=0x8000 f16_end=0x88000
CUDA_FA_ROUTE_PLAN device=0 Q=[256,2,16,1] Kraw=turbo2_tcq Vraw=bf16 Kshape=[256,256,4,1] Vshape=[256,256,4,1] Keff=f16 Veff=bf16 turbo_kv=1 prefer_native_vec=0 decode=1 dk=1 dv=0 unsafe_vec_after_turbo_v_decode=0 allow_vec=1 kernel=MMA_F16 need_f16_K=0 need_f16_V=1 Knb=[36,288,72,73728] Vnb=[2,2048,512,524288] Keff_nb=[2,2048,512,524288] Veff_nb=[2,2048,512,524288]
CUDA_FA_ROUTE_ALLOC kernel=MMA_F16 need_f16_K=0 need_f16_V=1 workspace_end_offset=557056 dst_data=(nil) f16_K=(nil) f16_V=0x8000 f16_end=0x88000
CUDA_FA_ROUTE_PLAN device=0 Q=[256,2,16,1] Kraw=turbo2_tcq Vraw=bf16 Kshape=[256,256,4,1] Vshape=[256,256,4,1] Keff=f16 Veff=bf16 turbo_kv=1 prefer_native_vec=0 decode=1 dk=1 dv=0 unsafe_vec_after_turbo_v_decode=0 allow_vec=1 kernel=MMA_F16 need_f16_K=0 need_f16_V=1 Knb=[36,288,72,73728] Vnb=[2,2048,512,524288] Keff_nb=[2,2048,512,524288] Veff_nb=[2,2048,512,524288]
CUDA_FA_ROUTE_ALLOC kernel=MMA_F16 need_f16_K=0 need_f16_V=1 workspace_end_offset=557056 dst_data=(nil) f16_K=(nil) f16_V=0x8000 f16_end=0x88000
CUDA_FA_ROUTE_PLAN device=0 Q=[256,2,16,1] Kraw=turbo2_tcq Vraw=bf16 Kshape=[256,256,4,1] Vshape=[256,256,4,1] Keff=f16 Veff=bf16 turbo_kv=1 prefer_native_vec=0 decode=1 dk=1 dv=0 unsafe_vec_after_turbo_v_decode=0 allow_vec=1 kernel=MMA_F16 need_f16_K=0 need_f16_V=1 Knb=[36,288,72,73728] Vnb=[2,2048,512,524288] Keff_nb=[2,2048,512,524288] Veff_nb=[2,2048,512,524288]
CUDA_FA_ROUTE_ALLOC kernel=MMA_F16 need_f16_K=0 need_f16_V=1 workspace_end_offset=557056 dst_data=(nil) f16_K=(nil) f16_V=0x8000 f16_end=0x88000
CUDA_FA_ROUTE_PLAN device=0 Q=[256,2,16,1] Kraw=turbo2_tcq Vraw=bf16 Kshape=[256,256,4,1] Vshape=[256,256,4,1] Keff=f16 Veff=bf16 turbo_kv=1 prefer_native_vec=0 decode=1 dk=1 dv=0 unsafe_vec_after_turbo_v_decode=0 allow_vec=1 kernel=MMA_F16 need_f16_K=0 need_f16_V=1 Knb=[36,288,72,73728] Vnb=[2,2048,512,524288] Keff_nb=[2,2048,512,524288] Veff_nb=[2,2048,512,524288]
CUDA_FA_ROUTE_ALLOC kernel=MMA_F16 need_f16_K=0 need_f16_V=1 workspace_end_offset=557056 dst_data=(nil) f16_K=(nil) f16_V=0x8000 f16_end=0x88000
CUDA_FA_ROUTE_PLAN device=0 Q=[256,2,16,1] Kraw=turbo2_tcq Vraw=bf16 Kshape=[256,256,4,1] Vshape=[256,256,4,1] Keff=f16 Veff=bf16 turbo_kv=1 prefer_native_vec=0 decode=1 dk=1 dv=0 unsafe_vec_after_turbo_v_decode=0 allow_vec=1 kernel=MMA_F16 need_f16_K=0 need_f16_V=1 Knb=[36,288,72,73728] Vnb=[2,2048,512,524288] Keff_nb=[2,2048,512,524288] Veff_nb=[2,2048,512,524288]
CUDA_FA_ROUTE_ALLOC kernel=MMA_F16 need_f16_K=0 need_f16_V=1 workspace_end_offset=557056 dst_data=(nil) f16_K=(nil) f16_V=0x8000 f16_end=0x88000
CUDA_FA_ROUTE_PLAN device=0 Q=[256,2,16,1] Kraw=turbo2_tcq Vraw=bf16 Kshape=[256,256,4,1] Vshape=[256,256,4,1] Keff=f16 Veff=bf16 turbo_kv=1 prefer_native_vec=0 decode=1 dk=1 dv=0 unsafe_vec_after_turbo_v_decode=0 allow_vec=1 kernel=MMA_F16 need_f16_K=0 need_f16_V=1 Knb=[36,288,72,73728] Vnb=[2,2048,512,524288] Keff_nb=[2,2048,512,524288] Veff_nb=[2,2048,512,524288]
CUDA_FA_ROUTE_ALLOC kernel=MMA_F16 need_f16_K=0 need_f16_V=1 workspace_end_offset=557056 dst_data=(nil) f16_K=(nil) f16_V=0x8000 f16_end=0x88000
CUDA_FA_ROUTE_PLAN device=0 Q=[256,2,16,1] Kraw=turbo2_tcq Vraw=bf16 Kshape=[256,256,4,1] Vshape=[256,256,4,1] Keff=f16 Veff=bf16 turbo_kv=1 prefer_native_vec=0 decode=1 dk=1 dv=0 unsafe_vec_after_turbo_v_decode=0 allow_vec=1 kernel=MMA_F16 need_f16_K=0 need_f16_V=1 Knb=[36,288,72,73728] Vnb=[2,2048,512,524288] Keff_nb=[2,2048,512,524288] Veff_nb=[2,2048,512,524288]
CUDA_FA_ROUTE_ALLOC kernel=MMA_F16 need_f16_K=0 need_f16_V=1 workspace_end_offset=557056 dst_data=(nil) f16_K=(nil) f16_V=0x8000 f16_end=0x88000
CUDA_FA_ROUTE_PLAN device=0 Q=[256,2,16,1] Kraw=turbo2_tcq Vraw=bf16 Kshape=[256,256,4,1] Vshape=[256,256,4,1] Keff=f16 Veff=bf16 turbo_kv=1 prefer_native_vec=0 decode=1 dk=1 dv=0 unsafe_vec_after_turbo_v_decode=0 allow_vec=1 kernel=MMA_F16 need_f16_K=0 need_f16_V=1 Knb=[36,288,72,73728] Vnb=[2,2048,512,524288] Keff_nb=[2,2048,512,524288] Veff_nb=[2,2048,512,524288]
CUDA_FA_ROUTE_ALLOC kernel=MMA_F16 need_f16_K=0 need_f16_V=1 workspace_end_offset=557056 dst_data=(nil) f16_K=(nil) f16_V=0x8000 f16_end=0x88000
CUDA_FA_ROUTE_PLAN device=0 Q=[256,2,16,1] Kraw=turbo2_tcq Vraw=bf16 Kshape=[256,256,4,1] Vshape=[256,256,4,1] Keff=f16 Veff=bf16 turbo_kv=1 prefer_native_vec=0 decode=1 dk=1 dv=0 unsafe_vec_after_turbo_v_decode=0 allow_vec=1 kernel=MMA_F16 need_f16_K=0 need_f16_V=1 Knb=[36,288,72,73728] Vnb=[2,2048,512,524288] Keff_nb=[2,2048,512,524288] Veff_nb=[2,2048,512,524288]
CUDA_FA_ROUTE_ALLOC kernel=MMA_F16 need_f16_K=0 need_f16_V=1 workspace_end_offset=557056 dst_data=(nil) f16_K=(nil) f16_V=0x8000 f16_end=0x88000
CUDA_FA_ROUTE_PLAN device=0 Q=[256,2,16,1] Kraw=turbo2_tcq Vraw=bf16 Kshape=[256,256,4,1] Vshape=[256,256,4,1] Keff=f16 Veff=bf16 turbo_kv=1 prefer_native_vec=0 decode=1 dk=1 dv=0 unsafe_vec_after_turbo_v_decode=0 allow_vec=1 kernel=MMA_F16 need_f16_K=0 need_f16_V=1 Knb=[36,288,72,73728] Vnb=[2,2048,512,524288] Keff_nb=[2,2048,512,524288] Veff_nb=[2,2048,512,524288]
CUDA_FA_ROUTE_ALLOC kernel=MMA_F16 need_f16_K=0 need_f16_V=1 workspace_end_offset=557056 dst_data=(nil) f16_K=(nil) f16_V=0x8000 f16_end=0x88000
CUDA_FA_ROUTE_PLAN device=0 Q=[256,2,16,1] Kraw=turbo2_tcq Vraw=bf16 Kshape=[256,256,4,1] Vshape=[256,256,4,1] Keff=f16 Veff=bf16 turbo_kv=1 prefer_native_vec=0 decode=1 dk=1 dv=0 unsafe_vec_after_turbo_v_decode=0 allow_vec=1 kernel=MMA_F16 need_f16_K=0 need_f16_V=1 Knb=[36,288,72,73728] Vnb=[2,2048,512,524288] Keff_nb=[2,2048,512,524288] Veff_nb=[2,2048,512,524288]
CUDA_FA_ROUTE_ALLOC kernel=MMA_F16 need_f16_K=0 need_f16_V=1 workspace_end_offset=557056 dst_data=(nil) f16_K=(nil) f16_V=0x8000 f16_end=0x88000
CUDA_FA_ROUTE_PLAN device=0 Q=[256,2,16,1] Kraw=turbo2_tcq Vraw=bf16 Kshape=[256,256,4,1] Vshape=[256,256,4,1] Keff=f16 Veff=bf16 turbo_kv=1 prefer_native_vec=0 decode=1 dk=1 dv=0 unsafe_vec_after_turbo_v_decode=0 allow_vec=1 kernel=MMA_F16 need_f16_K=0 need_f16_V=1 Knb=[36,288,72,73728] Vnb=[2,2048,512,524288] Keff_nb=[2,2048,512,524288] Veff_nb=[2,2048,512,524288]
CUDA_FA_ROUTE_ALLOC kernel=MMA_F16 need_f16_K=0 need_f16_V=1 workspace_end_offset=557056 dst_data=(nil) f16_K=(nil) f16_V=0x8000 f16_end=0x88000
CUDA_FA_ROUTE_PLAN device=0 Q=[256,2,16,1] Kraw=turbo2_tcq Vraw=bf16 Kshape=[256,256,4,1] Vshape=[256,256,4,1] Keff=f16 Veff=bf16 turbo_kv=1 prefer_native_vec=0 decode=1 dk=1 dv=0 unsafe_vec_after_turbo_v_decode=0 allow_vec=1 kernel=MMA_F16 need_f16_K=0 need_f16_V=1 Knb=[36,288,72,73728] Vnb=[2,2048,512,524288] Keff_nb=[2,2048,512,524288] Veff_nb=[2,2048,512,524288]
CUDA_FA_ROUTE_ALLOC kernel=MMA_F16 need_f16_K=0 need_f16_V=1 workspace_end_offset=557056 dst_data=(nil) f16_K=(nil) f16_V=0x8000 f16_end=0x88000
CUDA_FA_ROUTE_PLAN device=0 Q=[256,2,16,1] Kraw=turbo2_tcq Vraw=bf16 Kshape=[256,256,4,1] Vshape=[256,256,4,1] Keff=f16 Veff=bf16 turbo_kv=1 prefer_native_vec=0 decode=1 dk=1 dv=0 unsafe_vec_after_turbo_v_decode=0 allow_vec=1 kernel=MMA_F16 need_f16_K=0 need_f16_V=1 Knb=[36,288,72,73728] Vnb=[2,2048,512,524288] Keff_nb=[2,2048,512,524288] Veff_nb=[2,2048,512,524288]
CUDA_FA_ROUTE_ALLOC kernel=MMA_F16 need_f16_K=0 need_f16_V=1 workspace_end_offset=557056 dst_data=(nil) f16_K=(nil) f16_V=0x8000 f16_end=0x88000
CUDA_FA_ROUTE_PLAN device=0 Q=[256,2,16,1] Kraw=turbo2_tcq Vraw=bf16 Kshape=[256,256,4,1] Vshape=[256,256,4,1] Keff=f16 Veff=bf16 turbo_kv=1 prefer_native_vec=0 decode=1 dk=1 dv=0 unsafe_vec_after_turbo_v_decode=0 allow_vec=1 kernel=MMA_F16 need_f16_K=0 need_f16_V=1 Knb=[36,288,72,73728] Vnb=[2,2048,512,524288] Keff_nb=[2,2048,512,524288] Veff_nb=[2,2048,512,524288]
CUDA_FA_ROUTE_ALLOC kernel=MMA_F16 need_f16_K=0 need_f16_V=1 workspace_end_offset=557056 dst_data=(nil) f16_K=(nil) f16_V=0x8000 f16_end=0x88000
CUDA_FA_ROUTE_PLAN device=0 Q=[256,2,16,1] Kraw=turbo2_tcq Vraw=bf16 Kshape=[256,256,4,1] Vshape=[256,256,4,1] Keff=f16 Veff=bf16 turbo_kv=1 prefer_native_vec=0 decode=1 dk=1 dv=0 unsafe_vec_after_turbo_v_decode=0 allow_vec=1 kernel=MMA_F16 need_f16_K=0 need_f16_V=1 Knb=[36,288,72,73728] Vnb=[2,2048,512,524288] Keff_nb=[2,2048,512,524288] Veff_nb=[2,2048,512,524288]
CUDA_FA_ROUTE_ALLOC kernel=MMA_F16 need_f16_K=0 need_f16_V=1 workspace_end_offset=557056 dst_data=(nil) f16_K=(nil) f16_V=0x8000 f16_end=0x88000
CUDA_FA_ROUTE_PLAN device=0 Q=[256,2,16,1] Kraw=turbo2_tcq Vraw=bf16 Kshape=[256,256,4,1] Vshape=[256,256,4,1] Keff=f16 Veff=bf16 turbo_kv=1 prefer_native_vec=0 decode=1 dk=1 dv=0 unsafe_vec_after_turbo_v_decode=0 allow_vec=1 kernel=MMA_F16 need_f16_K=0 need_f16_V=1 Knb=[36,288,72,73728] Vnb=[2,2048,512,524288] Keff_nb=[2,2048,512,524288] Veff_nb=[2,2048,512,524288]
CUDA_FA_ROUTE_ALLOC kernel=MMA_F16 need_f16_K=0 need_f16_V=1 workspace_end_offset=557056 dst_data=(nil) f16_K=(nil) f16_V=0x8000 f16_end=0x88000
CUDA_FA_ROUTE_PLAN device=0 Q=[256,2,16,1] Kraw=turbo2_tcq Vraw=bf16 Kshape=[256,256,4,1] Vshape=[256,256,4,1] Keff=f16 Veff=bf16 turbo_kv=1 prefer_native_vec=0 decode=1 dk=1 dv=0 unsafe_vec_after_turbo_v_decode=0 allow_vec=1 kernel=MMA_F16 need_f16_K=0 need_f16_V=1 Knb=[36,288,72,73728] Vnb=[2,2048,512,524288] Keff_nb=[2,2048,512,524288] Veff_nb=[2,2048,512,524288]
CUDA_FA_ROUTE_ALLOC kernel=MMA_F16 need_f16_K=0 need_f16_V=1 workspace_end_offset=557056 dst_data=(nil) f16_K=(nil) f16_V=0x8000 f16_end=0x88000
CUDA_FA_ROUTE_PLAN device=0 Q=[256,2,16,1] Kraw=turbo2_tcq Vraw=bf16 Kshape=[256,256,4,1] Vshape=[256,256,4,1] Keff=f16 Veff=bf16 turbo_kv=1 prefer_native_vec=0 decode=1 dk=1 dv=0 unsafe_vec_after_turbo_v_decode=0 allow_vec=1 kernel=MMA_F16 need_f16_K=0 need_f16_V=1 Knb=[36,288,72,73728] Vnb=[2,2048,512,524288] Keff_nb=[2,2048,512,524288] Veff_nb=[2,2048,512,524288]
CUDA_FA_ROUTE_ALLOC kernel=MMA_F16 need_f16_K=0 need_f16_V=1 workspace_end_offset=557056 dst_data=(nil) f16_K=(nil) f16_V=0x8000 f16_end=0x88000
CUDA_FA_ROUTE_PLAN device=0 Q=[256,2,16,1] Kraw=turbo2_tcq Vraw=bf16 Kshape=[256,256,4,1] Vshape=[256,256,4,1] Keff=f16 Veff=bf16 turbo_kv=1 prefer_native_vec=0 decode=1 dk=1 dv=0 unsafe_vec_after_turbo_v_decode=0 allow_vec=1 kernel=MMA_F16 need_f16_K=0 need_f16_V=1 Knb=[36,288,72,73728] Vnb=[2,2048,512,524288] Keff_nb=[2,2048,512,524288] Veff_nb=[2,2048,512,524288]
CUDA_FA_ROUTE_ALLOC kernel=MMA_F16 need_f16_K=0 need_f16_V=1 workspace_end_offset=557056 dst_data=(nil) f16_K=(nil) f16_V=0x8000 f16_end=0x88000
CUDA_FA_ROUTE_PLAN device=0 Q=[256,2,16,1] Kraw=turbo2_tcq Vraw=bf16 Kshape=[256,256,4,1] Vshape=[256,256,4,1] Keff=f16 Veff=bf16 turbo_kv=1 prefer_native_vec=0 decode=1 dk=1 dv=0 unsafe_vec_after_turbo_v_decode=0 allow_vec=1 kernel=MMA_F16 need_f16_K=0 need_f16_V=1 Knb=[36,288,72,73728] Vnb=[2,2048,512,524288] Keff_nb=[2,2048,512,524288] Veff_nb=[2,2048,512,524288]
CUDA_FA_ROUTE_ALLOC kernel=MMA_F16 need_f16_K=0 need_f16_V=1 workspace_end_offset=557056 dst_data=(nil) f16_K=(nil) f16_V=0x8000 f16_end=0x88000
CUDA_FA_ROUTE_PLAN device=0 Q=[256,2,16,1] Kraw=turbo2_tcq Vraw=bf16 Kshape=[256,256,4,1] Vshape=[256,256,4,1] Keff=f16 Veff=bf16 turbo_kv=1 prefer_native_vec=0 decode=1 dk=1 dv=0 unsafe_vec_after_turbo_v_decode=0 allow_vec=1 kernel=MMA_F16 need_f16_K=0 need_f16_V=1 Knb=[36,288,72,73728] Vnb=[2,2048,512,524288] Keff_nb=[2,2048,512,524288] Veff_nb=[2,2048,512,524288]
CUDA_FA_ROUTE_ALLOC kernel=MMA_F16 need_f16_K=0 need_f16_V=1 workspace_end_offset=557056 dst_data=(nil) f16_K=(nil) f16_V=0x8000 f16_end=0x88000
CUDA_FA_ROUTE_PLAN device=0 Q=[256,2,16,1] Kraw=turbo2_tcq Vraw=bf16 Kshape=[256,256,4,1] Vshape=[256,256,4,1] Keff=f16 Veff=bf16 turbo_kv=1 prefer_native_vec=0 decode=1 dk=1 dv=0 unsafe_vec_after_turbo_v_decode=0 allow_vec=1 kernel=MMA_F16 need_f16_K=0 need_f16_V=1 Knb=[36,288,72,73728] Vnb=[2,2048,512,524288] Keff_nb=[2,2048,512,524288] Veff_nb=[2,2048,512,524288]
CUDA_FA_ROUTE_ALLOC kernel=MMA_F16 need_f16_K=0 need_f16_V=1 workspace_end_offset=557056 dst_data=(nil) f16_K=(nil) f16_V=0x8000 f16_end=0x88000
CUDA_FA_ROUTE_PLAN device=0 Q=[256,2,16,1] Kraw=turbo2_tcq Vraw=bf16 Kshape=[256,256,4,1] Vshape=[256,256,4,1] Keff=f16 Veff=bf16 turbo_kv=1 prefer_native_vec=0 decode=1 dk=1 dv=0 unsafe_vec_after_turbo_v_decode=0 allow_vec=1 kernel=MMA_F16 need_f16_K=0 need_f16_V=1 Knb=[36,288,72,73728] Vnb=[2,2048,512,524288] Keff_nb=[2,2048,512,524288] Veff_nb=[2,2048,512,524288]
CUDA_FA_ROUTE_ALLOC kernel=MMA_F16 need_f16_K=0 need_f16_V=1 workspace_end_offset=557056 dst_data=(nil) f16_K=(nil) f16_V=0x8000 f16_end=0x88000
CUDA_FA_ROUTE_PLAN device=0 Q=[256,2,16,1] Kraw=turbo2_tcq Vraw=bf16 Kshape=[256,256,4,1] Vshape=[256,256,4,1] Keff=f16 Veff=bf16 turbo_kv=1 prefer_native_vec=0 decode=1 dk=1 dv=0 unsafe_vec_after_turbo_v_decode=0 allow_vec=1 kernel=MMA_F16 need_f16_K=0 need_f16_V=1 Knb=[36,288,72,73728] Vnb=[2,2048,512,524288] Keff_nb=[2,2048,512,524288] Veff_nb=[2,2048,512,524288]
CUDA_FA_ROUTE_ALLOC kernel=MMA_F16 need_f16_K=0 need_f16_V=1 workspace_end_offset=557056 dst_data=(nil) f16_K=(nil) f16_V=0x8000 f16_end=0x88000
TCQ: encode V alpha=1.0 (context-adaptive decode-time alpha active)
CUDA_FA_ROUTE_PLAN device=0 Q=[256,2,16,1] Kraw=turbo2_tcq Vraw=bf16 Kshape=[256,256,4,1] Vshape=[256,256,4,1] Keff=f16 Veff=bf16 turbo_kv=1 prefer_native_vec=0 decode=1 dk=1 dv=0 unsafe_vec_after_turbo_v_decode=0 allow_vec=1 kernel=MMA_F16 need_f16_K=0 need_f16_V=1 Knb=[36,288,72,73728] Vnb=[2,2048,512,524288] Keff_nb=[2,2048,512,524288] Veff_nb=[2,2048,512,524288]
GGML_TURBO_FA_DEBUG: path=prefill-dequant K=turbo2_tcq V=bf16 Q=[256,2,16,1] K=[256,256,4,1] V=[256,256,4,1]
TCQ decode: context-adaptive V alpha enabled
CUDA_FA_ROUTE_PLAN device=0 Q=[256,2,16,1] Kraw=turbo2_tcq Vraw=bf16 Kshape=[256,256,4,1] Vshape=[256,256,4,1] Keff=f16 Veff=bf16 turbo_kv=1 prefer_native_vec=0 decode=1 dk=1 dv=0 unsafe_vec_after_turbo_v_decode=0 allow_vec=1 kernel=MMA_F16 need_f16_K=0 need_f16_V=1 Knb=[36,288,72,73728] Vnb=[2,2048,512,524288] Keff_nb=[2,2048,512,524288] Veff_nb=[2,2048,512,524288]
GGML_TURBO_FA_DEBUG: path=prefill-dequant K=turbo2_tcq V=bf16 Q=[256,2,16,1] K=[256,256,4,1] V=[256,256,4,1]
CUDA_FA_ROUTE_PLAN device=0 Q=[256,2,16,1] Kraw=turbo2_tcq Vraw=bf16 Kshape=[256,256,4,1] Vshape=[256,256,4,1] Keff=f16 Veff=bf16 turbo_kv=1 prefer_native_vec=0 decode=1 dk=1 dv=0 unsafe_vec_after_turbo_v_decode=0 allow_vec=1 kernel=MMA_F16 need_f16_K=0 need_f16_V=1 Knb=[36,288,72,73728] Vnb=[2,2048,512,524288] Keff_nb=[2,2048,512,524288] Veff_nb=[2,2048,512,524288]
GGML_TURBO_FA_DEBUG: path=prefill-dequant K=turbo2_tcq V=bf16 Q=[256,2,16,1] K=[256,256,4,1] V=[256,256,4,1]
CUDA_FA_ROUTE_PLAN device=0 Q=[256,2,16,1] Kraw=turbo2_tcq Vraw=bf16 Kshape=[256,256,4,1] Vshape=[256,256,4,1] Keff=f16 Veff=bf16 turbo_kv=1 prefer_native_vec=0 decode=1 dk=1 dv=0 unsafe_vec_after_turbo_v_decode=0 allow_vec=1 kernel=MMA_F16 need_f16_K=0 need_f16_V=1 Knb=[36,288,72,73728] Vnb=[2,2048,512,524288] Keff_nb=[2,2048,512,524288] Veff_nb=[2,2048,512,524288]
GGML_TURBO_FA_DEBUG: path=prefill-dequant K=turbo2_tcq V=bf16 Q=[256,2,16,1] K=[256,256,4,1] V=[256,256,4,1]
CUDA_FA_ROUTE_PLAN device=0 Q=[256,2,16,1] Kraw=turbo2_tcq Vraw=bf16 Kshape=[256,256,4,1] Vshape=[256,256,4,1] Keff=f16 Veff=bf16 turbo_kv=1 prefer_native_vec=0 decode=1 dk=1 dv=0 unsafe_vec_after_turbo_v_decode=0 allow_vec=1 kernel=MMA_F16 need_f16_K=0 need_f16_V=1 Knb=[36,288,72,73728] Vnb=[2,2048,512,524288] Keff_nb=[2,2048,512,524288] Veff_nb=[2,2048,512,524288]
GGML_TURBO_FA_DEBUG: path=prefill-dequant K=turbo2_tcq V=bf16 Q=[256,2,16,1] K=[256,256,4,1] V=[256,256,4,1]
CUDA_FA_ROUTE_PLAN device=0 Q=[256,2,16,1] Kraw=turbo2_tcq Vraw=bf16 Kshape=[256,256,4,1] Vshape=[256,256,4,1] Keff=f16 Veff=bf16 turbo_kv=1 prefer_native_vec=0 decode=1 dk=1 dv=0 unsafe_vec_after_turbo_v_decode=0 allow_vec=1 kernel=MMA_F16 need_f16_K=0 need_f16_V=1 Knb=[36,288,72,73728] Vnb=[2,2048,512,524288] Keff_nb=[2,2048,512,524288] Veff_nb=[2,2048,512,524288]
GGML_TURBO_FA_DEBUG: path=prefill-dequant K=turbo2_tcq V=bf16 Q=[256,2,16,1] K=[256,256,4,1] V=[256,256,4,1]
CUDA_FA_ROUTE_PLAN device=0 Q=[256,2,16,1] Kraw=turbo2_tcq Vraw=bf16 Kshape=[256,256,4,1] Vshape=[256,256,4,1] Keff=f16 Veff=bf16 turbo_kv=1 prefer_native_vec=0 decode=1 dk=1 dv=0 unsafe_vec_after_turbo_v_decode=0 allow_vec=1 kernel=MMA_F16 need_f16_K=0 need_f16_V=1 Knb=[36,288,72,73728] Vnb=[2,2048,512,524288] Keff_nb=[2,2048,512,524288] Veff_nb=[2,2048,512,524288]
GGML_TURBO_FA_DEBUG: path=prefill-dequant K=turbo2_tcq V=bf16 Q=[256,2,16,1] K=[256,256,4,1] V=[256,256,4,1]
CUDA_FA_ROUTE_PLAN device=0 Q=[256,2,16,1] Kraw=turbo2_tcq Vraw=bf16 Kshape=[256,256,4,1] Vshape=[256,256,4,1] Keff=f16 Veff=bf16 turbo_kv=1 prefer_native_vec=0 decode=1 dk=1 dv=0 unsafe_vec_after_turbo_v_decode=0 allow_vec=1 kernel=MMA_F16 need_f16_K=0 need_f16_V=1 Knb=[36,288,72,73728] Vnb=[2,2048,512,524288] Keff_nb=[2,2048,512,524288] Veff_nb=[2,2048,512,524288]
GGML_TURBO_FA_DEBUG: path=prefill-dequant K=turbo2_tcq V=bf16 Q=[256,2,16,1] K=[256,256,4,1] V=[256,256,4,1]
0.02.912.252 I llama_completion: llama threadpool init, n_threads = 6
0.02.912.268 I 
0.02.912.302 I system_info: n_threads = 6 (n_threads_batch = 6) / 12 | CUDA : ARCHS = 860 | USE_GRAPHS = 1 | CPU : SSE3 = 1 | SSSE3 = 1 | AVX = 1 | AVX_VNNI = 1 | AVX2 = 1 | F16C = 1 | FMA = 1 | BMI2 = 1 | LLAMAFILE = 1 | OPENMP = 1 | REPACK = 1 | 
0.02.912.304 I 
0.02.912.355 I sampler seed: 1649034525
0.02.912.363 I sampler params: 
	repeat_last_n = 64, repeat_penalty = 1.000, frequency_penalty = 0.000, presence_penalty = 0.000
	dry_multiplier = 0.000, dry_base = 1.750, dry_allowed_length = 2, dry_penalty_last_n = -1
	top_k = 40, top_p = 0.950, min_p = 0.050, xtc_probability = 0.000, xtc_threshold = 0.100, typical_p = 1.000, top_n_sigma = -1.000, temp = 0.800
	mirostat = 0, mirostat_lr = 0.100, mirostat_ent = 5.000, adaptive_target = -1.000, adaptive_decay = 0.900
0.02.912.369 I sampler chain: logits -> ?penalties -> ?dry -> ?top-n-sigma -> top-k -> ?typical -> top-p -> min-p -> ?xtc -> temp-ext -> dist 
0.02.912.369 I generate: n_ctx = 256, n_batch = 2048, n_predict = 2, n_keep = 0
0.02.912.369 I 
The capital of France isCUDA_FA_ROUTE_PLAN device=0 Q=[256,5,16,1] Kraw=turbo2_tcq Vraw=bf16 Kshape=[256,256,4,1] Vshape=[256,256,4,1] Keff=f16 Veff=bf16 turbo_kv=1 prefer_native_vec=0 decode=1 dk=1 dv=0 unsafe_vec_after_turbo_v_decode=0 allow_vec=1 kernel=MMA_F16 need_f16_K=0 need_f16_V=1 Knb=[36,288,72,73728] Vnb=[2,2048,512,524288] Keff_nb=[2,2048,512,524288] Veff_nb=[2,2048,512,524288]
CUDA_FA_ROUTE_SUPPORTED kernel=MMA_F16 effK=f16 effV=bf16 supported=1
CUDA_FA_ROUTE_PLAN device=0 Q=[256,5,16,1] Kraw=turbo2_tcq Vraw=bf16 Kshape=[256,256,4,1] Vshape=[256,256,4,1] Keff=f16 Veff=bf16 turbo_kv=1 prefer_native_vec=0 decode=1 dk=1 dv=0 unsafe_vec_after_turbo_v_decode=0 allow_vec=1 kernel=MMA_F16 need_f16_K=0 need_f16_V=1 Knb=[36,288,72,73728] Vnb=[2,2048,512,524288] Keff_nb=[2,2048,512,524288] Veff_nb=[2,2048,512,524288]
CUDA_FA_ROUTE_SUPPORTED kernel=MMA_F16 effK=f16 effV=bf16 supported=1
CUDA_FA_ROUTE_PLAN device=0 Q=[256,5,16,1] Kraw=turbo2_tcq Vraw=bf16 Kshape=[256,256,4,1] Vshape=[256,256,4,1] Keff=f16 Veff=bf16 turbo_kv=1 prefer_native_vec=0 decode=1 dk=1 dv=0 unsafe_vec_after_turbo_v_decode=0 allow_vec=1 kernel=MMA_F16 need_f16_K=0 need_f16_V=1 Knb=[36,288,72,73728] Vnb=[2,2048,512,524288] Keff_nb=[2,2048,512,524288] Veff_nb=[2,2048,512,524288]
CUDA_FA_ROUTE_SUPPORTED kernel=MMA_F16 effK=f16 effV=bf16 supported=1
CUDA_FA_ROUTE_PLAN device=0 Q=[256,5,16,1] Kraw=turbo2_tcq Vraw=bf16 Kshape=[256,256,4,1] Vshape=[256,256,4,1] Keff=f16 Veff=bf16 turbo_kv=1 prefer_native_vec=0 decode=1 dk=1 dv=0 unsafe_vec_after_turbo_v_decode=0 allow_vec=1 kernel=MMA_F16 need_f16_K=0 need_f16_V=1 Knb=[36,288,72,73728] Vnb=[2,2048,512,524288] Keff_nb=[2,2048,512,524288] Veff_nb=[2,2048,512,524288]
CUDA_FA_ROUTE_SUPPORTED kernel=MMA_F16 effK=f16 effV=bf16 supported=1
CUDA_FA_ROUTE_PLAN device=0 Q=[256,5,16,1] Kraw=turbo2_tcq Vraw=bf16 Kshape=[256,256,4,1] Vshape=[256,256,4,1] Keff=f16 Veff=bf16 turbo_kv=1 prefer_native_vec=0 decode=1 dk=1 dv=0 unsafe_vec_after_turbo_v_decode=0 allow_vec=1 kernel=MMA_F16 need_f16_K=0 need_f16_V=1 Knb=[36,288,72,73728] Vnb=[2,2048,512,524288] Keff_nb=[2,2048,512,524288] Veff_nb=[2,2048,512,524288]
CUDA_FA_ROUTE_SUPPORTED kernel=MMA_F16 effK=f16 effV=bf16 supported=1
CUDA_FA_ROUTE_PLAN device=0 Q=[256,5,16,1] Kraw=turbo2_tcq Vraw=bf16 Kshape=[256,256,4,1] Vshape=[256,256,4,1] Keff=f16 Veff=bf16 turbo_kv=1 prefer_native_vec=0 decode=1 dk=1 dv=0 unsafe_vec_after_turbo_v_decode=0 allow_vec=1 kernel=MMA_F16 need_f16_K=0 need_f16_V=1 Knb=[36,288,72,73728] Vnb=[2,2048,512,524288] Keff_nb=[2,2048,512,524288] Veff_nb=[2,2048,512,524288]
CUDA_FA_ROUTE_SUPPORTED kernel=MMA_F16 effK=f16 effV=bf16 supported=1
CUDA_FA_ROUTE_PLAN device=0 Q=[256,5,16,1] Kraw=turbo2_tcq Vraw=bf16 Kshape=[256,256,4,1] Vshape=[256,256,4,1] Keff=f16 Veff=bf16 turbo_kv=1 prefer_native_vec=0 decode=1 dk=1 dv=0 unsafe_vec_after_turbo_v_decode=0 allow_vec=1 kernel=MMA_F16 need_f16_K=0 need_f16_V=1 Knb=[36,288,72,73728] Vnb=[2,2048,512,524288] Keff_nb=[2,2048,512,524288] Veff_nb=[2,2048,512,524288]
CUDA_FA_ROUTE_SUPPORTED kernel=MMA_F16 effK=f16 effV=bf16 supported=1
CUDA_FA_ROUTE_PLAN device=0 Q=[256,5,16,1] Kraw=turbo2_tcq Vraw=bf16 Kshape=[256,256,4,1] Vshape=[256,256,4,1] Keff=f16 Veff=bf16 turbo_kv=1 prefer_native_vec=0 decode=1 dk=1 dv=0 unsafe_vec_after_turbo_v_decode=0 allow_vec=1 kernel=MMA_F16 need_f16_K=0 need_f16_V=1 Knb=[36,288,72,73728] Vnb=[2,2048,512,524288] Keff_nb=[2,2048,512,524288] Veff_nb=[2,2048,512,524288]
CUDA_FA_ROUTE_SUPPORTED kernel=MMA_F16 effK=f16 effV=bf16 supported=1
CUDA_FA_ROUTE_PLAN device=0 Q=[256,5,16,1] Kraw=turbo2_tcq Vraw=bf16 Kshape=[256,256,4,1] Vshape=[256,256,4,1] Keff=f16 Veff=bf16 turbo_kv=1 prefer_native_vec=0 decode=1 dk=1 dv=0 unsafe_vec_after_turbo_v_decode=0 allow_vec=1 kernel=MMA_F16 need_f16_K=0 need_f16_V=1 Knb=[36,288,72,73728] Vnb=[2,2048,512,524288] Keff_nb=[2,2048,512,524288] Veff_nb=[2,2048,512,524288]
CUDA_FA_ROUTE_ALLOC kernel=MMA_F16 need_f16_K=0 need_f16_V=1 workspace_end_offset=606208 dst_data=(nil) f16_K=(nil) f16_V=0x14000 f16_end=0x94000
CUDA_FA_ROUTE_PLAN device=0 Q=[256,5,16,1] Kraw=turbo2_tcq Vraw=bf16 Kshape=[256,256,4,1] Vshape=[256,256,4,1] Keff=f16 Veff=bf16 turbo_kv=1 prefer_native_vec=0 decode=1 dk=1 dv=0 unsafe_vec_after_turbo_v_decode=0 allow_vec=1 kernel=MMA_F16 need_f16_K=0 need_f16_V=1 Knb=[36,288,72,73728] Vnb=[2,2048,512,524288] Keff_nb=[2,2048,512,524288] Veff_nb=[2,2048,512,524288]
CUDA_FA_ROUTE_ALLOC kernel=MMA_F16 need_f16_K=0 need_f16_V=1 workspace_end_offset=606208 dst_data=(nil) f16_K=(nil) f16_V=0x14000 f16_end=0x94000
CUDA_FA_ROUTE_PLAN device=0 Q=[256,5,16,1] Kraw=turbo2_tcq Vraw=bf16 Kshape=[256,256,4,1] Vshape=[256,256,4,1] Keff=f16 Veff=bf16 turbo_kv=1 prefer_native_vec=0 decode=1 dk=1 dv=0 unsafe_vec_after_turbo_v_decode=0 allow_vec=1 kernel=MMA_F16 need_f16_K=0 need_f16_V=1 Knb=[36,288,72,73728] Vnb=[2,2048,512,524288] Keff_nb=[2,2048,512,524288] Veff_nb=[2,2048,512,524288]
CUDA_FA_ROUTE_ALLOC kernel=MMA_F16 need_f16_K=0 need_f16_V=1 workspace_end_offset=606208 dst_data=(nil) f16_K=(nil) f16_V=0x14000 f16_end=0x94000
CUDA_FA_ROUTE_PLAN device=0 Q=[256,5,16,1] Kraw=turbo2_tcq Vraw=bf16 Kshape=[256,256,4,1] Vshape=[256,256,4,1] Keff=f16 Veff=bf16 turbo_kv=1 prefer_native_vec=0 decode=1 dk=1 dv=0 unsafe_vec_after_turbo_v_decode=0 allow_vec=1 kernel=MMA_F16 need_f16_K=0 need_f16_V=1 Knb=[36,288,72,73728] Vnb=[2,2048,512,524288] Keff_nb=[2,2048,512,524288] Veff_nb=[2,2048,512,524288]
CUDA_FA_ROUTE_ALLOC kernel=MMA_F16 need_f16_K=0 need_f16_V=1 workspace_end_offset=606208 dst_data=(nil) f16_K=(nil) f16_V=0x14000 f16_end=0x94000
CUDA_FA_ROUTE_PLAN device=0 Q=[256,5,16,1] Kraw=turbo2_tcq Vraw=bf16 Kshape=[256,256,4,1] Vshape=[256,256,4,1] Keff=f16 Veff=bf16 turbo_kv=1 prefer_native_vec=0 decode=1 dk=1 dv=0 unsafe_vec_after_turbo_v_decode=0 allow_vec=1 kernel=MMA_F16 need_f16_K=0 need_f16_V=1 Knb=[36,288,72,73728] Vnb=[2,2048,512,524288] Keff_nb=[2,2048,512,524288] Veff_nb=[2,2048,512,524288]
CUDA_FA_ROUTE_ALLOC kernel=MMA_F16 need_f16_K=0 need_f16_V=1 workspace_end_offset=606208 dst_data=(nil) f16_K=(nil) f16_V=0x14000 f16_end=0x94000
CUDA_FA_ROUTE_PLAN device=0 Q=[256,5,16,1] Kraw=turbo2_tcq Vraw=bf16 Kshape=[256,256,4,1] Vshape=[256,256,4,1] Keff=f16 Veff=bf16 turbo_kv=1 prefer_native_vec=0 decode=1 dk=1 dv=0 unsafe_vec_after_turbo_v_decode=0 allow_vec=1 kernel=MMA_F16 need_f16_K=0 need_f16_V=1 Knb=[36,288,72,73728] Vnb=[2,2048,512,524288] Keff_nb=[2,2048,512,524288] Veff_nb=[2,2048,512,524288]
CUDA_FA_ROUTE_ALLOC kernel=MMA_F16 need_f16_K=0 need_f16_V=1 workspace_end_offset=606208 dst_data=(nil) f16_K=(nil) f16_V=0x14000 f16_end=0x94000
CUDA_FA_ROUTE_PLAN device=0 Q=[256,5,16,1] Kraw=turbo2_tcq Vraw=bf16 Kshape=[256,256,4,1] Vshape=[256,256,4,1] Keff=f16 Veff=bf16 turbo_kv=1 prefer_native_vec=0 decode=1 dk=1 dv=0 unsafe_vec_after_turbo_v_decode=0 allow_vec=1 kernel=MMA_F16 need_f16_K=0 need_f16_V=1 Knb=[36,288,72,73728] Vnb=[2,2048,512,524288] Keff_nb=[2,2048,512,524288] Veff_nb=[2,2048,512,524288]
CUDA_FA_ROUTE_ALLOC kernel=MMA_F16 need_f16_K=0 need_f16_V=1 workspace_end_offset=606208 dst_data=(nil) f16_K=(nil) f16_V=0x14000 f16_end=0x94000
CUDA_FA_ROUTE_PLAN device=0 Q=[256,5,16,1] Kraw=turbo2_tcq Vraw=bf16 Kshape=[256,256,4,1] Vshape=[256,256,4,1] Keff=f16 Veff=bf16 turbo_kv=1 prefer_native_vec=0 decode=1 dk=1 dv=0 unsafe_vec_after_turbo_v_decode=0 allow_vec=1 kernel=MMA_F16 need_f16_K=0 need_f16_V=1 Knb=[36,288,72,73728] Vnb=[2,2048,512,524288] Keff_nb=[2,2048,512,524288] Veff_nb=[2,2048,512,524288]
CUDA_FA_ROUTE_ALLOC kernel=MMA_F16 need_f16_K=0 need_f16_V=1 workspace_end_offset=606208 dst_data=(nil) f16_K=(nil) f16_V=0x14000 f16_end=0x94000
CUDA_FA_ROUTE_PLAN device=0 Q=[256,5,16,1] Kraw=turbo2_tcq Vraw=bf16 Kshape=[256,256,4,1] Vshape=[256,256,4,1] Keff=f16 Veff=bf16 turbo_kv=1 prefer_native_vec=0 decode=1 dk=1 dv=0 unsafe_vec_after_turbo_v_decode=0 allow_vec=1 kernel=MMA_F16 need_f16_K=0 need_f16_V=1 Knb=[36,288,72,73728] Vnb=[2,2048,512,524288] Keff_nb=[2,2048,512,524288] Veff_nb=[2,2048,512,524288]
CUDA_FA_ROUTE_ALLOC kernel=MMA_F16 need_f16_K=0 need_f16_V=1 workspace_end_offset=606208 dst_data=(nil) f16_K=(nil) f16_V=0x14000 f16_end=0x94000
CUDA_FA_ROUTE_PLAN device=0 Q=[256,5,16,1] Kraw=turbo2_tcq Vraw=bf16 Kshape=[256,256,4,1] Vshape=[256,256,4,1] Keff=f16 Veff=bf16 turbo_kv=1 prefer_native_vec=0 decode=1 dk=1 dv=0 unsafe_vec_after_turbo_v_decode=0 allow_vec=1 kernel=MMA_F16 need_f16_K=0 need_f16_V=1 Knb=[36,288,72,73728] Vnb=[2,2048,512,524288] Keff_nb=[2,2048,512,524288] Veff_nb=[2,2048,512,524288]
CUDA_FA_ROUTE_ALLOC kernel=MMA_F16 need_f16_K=0 need_f16_V=1 workspace_end_offset=606208 dst_data=(nil) f16_K=(nil) f16_V=0x14000 f16_end=0x94000
CUDA_FA_ROUTE_PLAN device=0 Q=[256,5,16,1] Kraw=turbo2_tcq Vraw=bf16 Kshape=[256,256,4,1] Vshape=[256,256,4,1] Keff=f16 Veff=bf16 turbo_kv=1 prefer_native_vec=0 decode=1 dk=1 dv=0 unsafe_vec_after_turbo_v_decode=0 allow_vec=1 kernel=MMA_F16 need_f16_K=0 need_f16_V=1 Knb=[36,288,72,73728] Vnb=[2,2048,512,524288] Keff_nb=[2,2048,512,524288] Veff_nb=[2,2048,512,524288]
CUDA_FA_ROUTE_ALLOC kernel=MMA_F16 need_f16_K=0 need_f16_V=1 workspace_end_offset=606208 dst_data=(nil) f16_K=(nil) f16_V=0x14000 f16_end=0x94000
CUDA_FA_ROUTE_PLAN device=0 Q=[256,5,16,1] Kraw=turbo2_tcq Vraw=bf16 Kshape=[256,256,4,1] Vshape=[256,256,4,1] Keff=f16 Veff=bf16 turbo_kv=1 prefer_native_vec=0 decode=1 dk=1 dv=0 unsafe_vec_after_turbo_v_decode=0 allow_vec=1 kernel=MMA_F16 need_f16_K=0 need_f16_V=1 Knb=[36,288,72,73728] Vnb=[2,2048,512,524288] Keff_nb=[2,2048,512,524288] Veff_nb=[2,2048,512,524288]
CUDA_FA_ROUTE_ALLOC kernel=MMA_F16 need_f16_K=0 need_f16_V=1 workspace_end_offset=606208 dst_data=(nil) f16_K=(nil) f16_V=0x14000 f16_end=0x94000
CUDA_FA_ROUTE_PLAN device=0 Q=[256,5,16,1] Kraw=turbo2_tcq Vraw=bf16 Kshape=[256,256,4,1] Vshape=[256,256,4,1] Keff=f16 Veff=bf16 turbo_kv=1 prefer_native_vec=0 decode=1 dk=1 dv=0 unsafe_vec_after_turbo_v_decode=0 allow_vec=1 kernel=MMA_F16 need_f16_K=0 need_f16_V=1 Knb=[36,288,72,73728] Vnb=[2,2048,512,524288] Keff_nb=[2,2048,512,524288] Veff_nb=[2,2048,512,524288]
CUDA_FA_ROUTE_ALLOC kernel=MMA_F16 need_f16_K=0 need_f16_V=1 workspace_end_offset=606208 dst_data=(nil) f16_K=(nil) f16_V=0x14000 f16_end=0x94000
CUDA_FA_ROUTE_PLAN device=0 Q=[256,5,16,1] Kraw=turbo2_tcq Vraw=bf16 Kshape=[256,256,4,1] Vshape=[256,256,4,1] Keff=f16 Veff=bf16 turbo_kv=1 prefer_native_vec=0 decode=1 dk=1 dv=0 unsafe_vec_after_turbo_v_decode=0 allow_vec=1 kernel=MMA_F16 need_f16_K=0 need_f16_V=1 Knb=[36,288,72,73728] Vnb=[2,2048,512,524288] Keff_nb=[2,2048,512,524288] Veff_nb=[2,2048,512,524288]
CUDA_FA_ROUTE_ALLOC kernel=MMA_F16 need_f16_K=0 need_f16_V=1 workspace_end_offset=606208 dst_data=(nil) f16_K=(nil) f16_V=0x14000 f16_end=0x94000
CUDA_FA_ROUTE_PLAN device=0 Q=[256,5,16,1] Kraw=turbo2_tcq Vraw=bf16 Kshape=[256,256,4,1] Vshape=[256,256,4,1] Keff=f16 Veff=bf16 turbo_kv=1 prefer_native_vec=0 decode=1 dk=1 dv=0 unsafe_vec_after_turbo_v_decode=0 allow_vec=1 kernel=MMA_F16 need_f16_K=0 need_f16_V=1 Knb=[36,288,72,73728] Vnb=[2,2048,512,524288] Keff_nb=[2,2048,512,524288] Veff_nb=[2,2048,512,524288]
CUDA_FA_ROUTE_ALLOC kernel=MMA_F16 need_f16_K=0 need_f16_V=1 workspace_end_offset=606208 dst_data=(nil) f16_K=(nil) f16_V=0x14000 f16_end=0x94000
CUDA_FA_ROUTE_PLAN device=0 Q=[256,5,16,1] Kraw=turbo2_tcq Vraw=bf16 Kshape=[256,256,4,1] Vshape=[256,256,4,1] Keff=f16 Veff=bf16 turbo_kv=1 prefer_native_vec=0 decode=1 dk=1 dv=0 unsafe_vec_after_turbo_v_decode=0 allow_vec=1 kernel=MMA_F16 need_f16_K=0 need_f16_V=1 Knb=[36,288,72,73728] Vnb=[2,2048,512,524288] Keff_nb=[2,2048,512,524288] Veff_nb=[2,2048,512,524288]
CUDA_FA_ROUTE_ALLOC kernel=MMA_F16 need_f16_K=0 need_f16_V=1 workspace_end_offset=606208 dst_data=(nil) f16_K=(nil) f16_V=0x14000 f16_end=0x94000
CUDA_FA_ROUTE_PLAN device=0 Q=[256,5,16,1] Kraw=turbo2_tcq Vraw=bf16 Kshape=[256,256,4,1] Vshape=[256,256,4,1] Keff=f16 Veff=bf16 turbo_kv=1 prefer_native_vec=0 decode=1 dk=1 dv=0 unsafe_vec_after_turbo_v_decode=0 allow_vec=1 kernel=MMA_F16 need_f16_K=0 need_f16_V=1 Knb=[36,288,72,73728] Vnb=[2,2048,512,524288] Keff_nb=[2,2048,512,524288] Veff_nb=[2,2048,512,524288]
CUDA_FA_ROUTE_ALLOC kernel=MMA_F16 need_f16_K=0 need_f16_V=1 workspace_end_offset=606208 dst_data=(nil) f16_K=(nil) f16_V=0x14000 f16_end=0x94000
CUDA_FA_ROUTE_PLAN device=0 Q=[256,5,16,1] Kraw=turbo2_tcq Vraw=bf16 Kshape=[256,256,4,1] Vshape=[256,256,4,1] Keff=f16 Veff=bf16 turbo_kv=1 prefer_native_vec=0 decode=1 dk=1 dv=0 unsafe_vec_after_turbo_v_decode=0 allow_vec=1 kernel=MMA_F16 need_f16_K=0 need_f16_V=1 Knb=[36,288,72,73728] Vnb=[2,2048,512,524288] Keff_nb=[2,2048,512,524288] Veff_nb=[2,2048,512,524288]
CUDA_FA_ROUTE_ALLOC kernel=MMA_F16 need_f16_K=0 need_f16_V=1 workspace_end_offset=606208 dst_data=(nil) f16_K=(nil) f16_V=0x14000 f16_end=0x94000
CUDA_FA_ROUTE_PLAN device=0 Q=[256,5,16,1] Kraw=turbo2_tcq Vraw=bf16 Kshape=[256,256,4,1] Vshape=[256,256,4,1] Keff=f16 Veff=bf16 turbo_kv=1 prefer_native_vec=0 decode=1 dk=1 dv=0 unsafe_vec_after_turbo_v_decode=0 allow_vec=1 kernel=MMA_F16 need_f16_K=0 need_f16_V=1 Knb=[36,288,72,73728] Vnb=[2,2048,512,524288] Keff_nb=[2,2048,512,524288] Veff_nb=[2,2048,512,524288]
CUDA_FA_ROUTE_ALLOC kernel=MMA_F16 need_f16_K=0 need_f16_V=1 workspace_end_offset=606208 dst_data=(nil) f16_K=(nil) f16_V=0x14000 f16_end=0x94000
CUDA_FA_ROUTE_PLAN device=0 Q=[256,5,16,1] Kraw=turbo2_tcq Vraw=bf16 Kshape=[256,256,4,1] Vshape=[256,256,4,1] Keff=f16 Veff=bf16 turbo_kv=1 prefer_native_vec=0 decode=1 dk=1 dv=0 unsafe_vec_after_turbo_v_decode=0 allow_vec=1 kernel=MMA_F16 need_f16_K=0 need_f16_V=1 Knb=[36,288,72,73728] Vnb=[2,2048,512,524288] Keff_nb=[2,2048,512,524288] Veff_nb=[2,2048,512,524288]
CUDA_FA_ROUTE_ALLOC kernel=MMA_F16 need_f16_K=0 need_f16_V=1 workspace_end_offset=606208 dst_data=(nil) f16_K=(nil) f16_V=0x14000 f16_end=0x94000
CUDA_FA_ROUTE_PLAN device=0 Q=[256,5,16,1] Kraw=turbo2_tcq Vraw=bf16 Kshape=[256,256,4,1] Vshape=[256,256,4,1] Keff=f16 Veff=bf16 turbo_kv=1 prefer_native_vec=0 decode=1 dk=1 dv=0 unsafe_vec_after_turbo_v_decode=0 allow_vec=1 kernel=MMA_F16 need_f16_K=0 need_f16_V=1 Knb=[36,288,72,73728] Vnb=[2,2048,512,524288] Keff_nb=[2,2048,512,524288] Veff_nb=[2,2048,512,524288]
CUDA_FA_ROUTE_ALLOC kernel=MMA_F16 need_f16_K=0 need_f16_V=1 workspace_end_offset=606208 dst_data=(nil) f16_K=(nil) f16_V=0x14000 f16_end=0x94000
CUDA_FA_ROUTE_PLAN device=0 Q=[256,5,16,1] Kraw=turbo2_tcq Vraw=bf16 Kshape=[256,256,4,1] Vshape=[256,256,4,1] Keff=f16 Veff=bf16 turbo_kv=1 prefer_native_vec=0 decode=1 dk=1 dv=0 unsafe_vec_after_turbo_v_decode=0 allow_vec=1 kernel=MMA_F16 need_f16_K=0 need_f16_V=1 Knb=[36,288,72,73728] Vnb=[2,2048,512,524288] Keff_nb=[2,2048,512,524288] Veff_nb=[2,2048,512,524288]
CUDA_FA_ROUTE_ALLOC kernel=MMA_F16 need_f16_K=0 need_f16_V=1 workspace_end_offset=606208 dst_data=(nil) f16_K=(nil) f16_V=0x14000 f16_end=0x94000
CUDA_FA_ROUTE_PLAN device=0 Q=[256,5,16,1] Kraw=turbo2_tcq Vraw=bf16 Kshape=[256,256,4,1] Vshape=[256,256,4,1] Keff=f16 Veff=bf16 turbo_kv=1 prefer_native_vec=0 decode=1 dk=1 dv=0 unsafe_vec_after_turbo_v_decode=0 allow_vec=1 kernel=MMA_F16 need_f16_K=0 need_f16_V=1 Knb=[36,288,72,73728] Vnb=[2,2048,512,524288] Keff_nb=[2,2048,512,524288] Veff_nb=[2,2048,512,524288]
CUDA_FA_ROUTE_ALLOC kernel=MMA_F16 need_f16_K=0 need_f16_V=1 workspace_end_offset=606208 dst_data=(nil) f16_K=(nil) f16_V=0x14000 f16_end=0x94000
CUDA_FA_ROUTE_PLAN device=0 Q=[256,5,16,1] Kraw=turbo2_tcq Vraw=bf16 Kshape=[256,256,4,1] Vshape=[256,256,4,1] Keff=f16 Veff=bf16 turbo_kv=1 prefer_native_vec=0 decode=1 dk=1 dv=0 unsafe_vec_after_turbo_v_decode=0 allow_vec=1 kernel=MMA_F16 need_f16_K=0 need_f16_V=1 Knb=[36,288,72,73728] Vnb=[2,2048,512,524288] Keff_nb=[2,2048,512,524288] Veff_nb=[2,2048,512,524288]
CUDA_FA_ROUTE_ALLOC kernel=MMA_F16 need_f16_K=0 need_f16_V=1 workspace_end_offset=606208 dst_data=(nil) f16_K=(nil) f16_V=0x14000 f16_end=0x94000
CUDA_FA_ROUTE_PLAN device=0 Q=[256,5,16,1] Kraw=turbo2_tcq Vraw=bf16 Kshape=[256,256,4,1] Vshape=[256,256,4,1] Keff=f16 Veff=bf16 turbo_kv=1 prefer_native_vec=0 decode=1 dk=1 dv=0 unsafe_vec_after_turbo_v_decode=0 allow_vec=1 kernel=MMA_F16 need_f16_K=0 need_f16_V=1 Knb=[36,288,72,73728] Vnb=[2,2048,512,524288] Keff_nb=[2,2048,512,524288] Veff_nb=[2,2048,512,524288]
CUDA_FA_ROUTE_ALLOC kernel=MMA_F16 need_f16_K=0 need_f16_V=1 workspace_end_offset=606208 dst_data=(nil) f16_K=(nil) f16_V=0x14000 f16_end=0x94000
CUDA_FA_ROUTE_PLAN device=0 Q=[256,5,16,1] Kraw=turbo2_tcq Vraw=bf16 Kshape=[256,256,4,1] Vshape=[256,256,4,1] Keff=f16 Veff=bf16 turbo_kv=1 prefer_native_vec=0 decode=1 dk=1 dv=0 unsafe_vec_after_turbo_v_decode=0 allow_vec=1 kernel=MMA_F16 need_f16_K=0 need_f16_V=1 Knb=[36,288,72,73728] Vnb=[2,2048,512,524288] Keff_nb=[2,2048,512,524288] Veff_nb=[2,2048,512,524288]
CUDA_FA_ROUTE_ALLOC kernel=MMA_F16 need_f16_K=0 need_f16_V=1 workspace_end_offset=606208 dst_data=(nil) f16_K=(nil) f16_V=0x14000 f16_end=0x94000
CUDA_FA_ROUTE_PLAN device=0 Q=[256,5,16,1] Kraw=turbo2_tcq Vraw=bf16 Kshape=[256,256,4,1] Vshape=[256,256,4,1] Keff=f16 Veff=bf16 turbo_kv=1 prefer_native_vec=0 decode=1 dk=1 dv=0 unsafe_vec_after_turbo_v_decode=0 allow_vec=1 kernel=MMA_F16 need_f16_K=0 need_f16_V=1 Knb=[36,288,72,73728] Vnb=[2,2048,512,524288] Keff_nb=[2,2048,512,524288] Veff_nb=[2,2048,512,524288]
CUDA_FA_ROUTE_ALLOC kernel=MMA_F16 need_f16_K=0 need_f16_V=1 workspace_end_offset=606208 dst_data=(nil) f16_K=(nil) f16_V=0x14000 f16_end=0x94000
CUDA_FA_ROUTE_PLAN device=0 Q=[256,5,16,1] Kraw=turbo2_tcq Vraw=bf16 Kshape=[256,256,4,1] Vshape=[256,256,4,1] Keff=f16 Veff=bf16 turbo_kv=1 prefer_native_vec=0 decode=1 dk=1 dv=0 unsafe_vec_after_turbo_v_decode=0 allow_vec=1 kernel=MMA_F16 need_f16_K=0 need_f16_V=1 Knb=[36,288,72,73728] Vnb=[2,2048,512,524288] Keff_nb=[2,2048,512,524288] Veff_nb=[2,2048,512,524288]
CUDA_FA_ROUTE_ALLOC kernel=MMA_F16 need_f16_K=0 need_f16_V=1 workspace_end_offset=606208 dst_data=(nil) f16_K=(nil) f16_V=0x14000 f16_end=0x94000
CUDA_FA_ROUTE_PLAN device=0 Q=[256,5,16,1] Kraw=turbo2_tcq Vraw=bf16 Kshape=[256,256,4,1] Vshape=[256,256,4,1] Keff=f16 Veff=bf16 turbo_kv=1 prefer_native_vec=0 decode=1 dk=1 dv=0 unsafe_vec_after_turbo_v_decode=0 allow_vec=1 kernel=MMA_F16 need_f16_K=0 need_f16_V=1 Knb=[36,288,72,73728] Vnb=[2,2048,512,524288] Keff_nb=[2,2048,512,524288] Veff_nb=[2,2048,512,524288]
CUDA_FA_ROUTE_ALLOC kernel=MMA_F16 need_f16_K=0 need_f16_V=1 workspace_end_offset=606208 dst_data=(nil) f16_K=(nil) f16_V=0x14000 f16_end=0x94000
CUDA_FA_ROUTE_PLAN device=0 Q=[256,5,16,1] Kraw=turbo2_tcq Vraw=bf16 Kshape=[256,256,4,1] Vshape=[256,256,4,1] Keff=f16 Veff=bf16 turbo_kv=1 prefer_native_vec=0 decode=1 dk=1 dv=0 unsafe_vec_after_turbo_v_decode=0 allow_vec=1 kernel=MMA_F16 need_f16_K=0 need_f16_V=1 Knb=[36,288,72,73728] Vnb=[2,2048,512,524288] Keff_nb=[2,2048,512,524288] Veff_nb=[2,2048,512,524288]
CUDA_FA_ROUTE_ALLOC kernel=MMA_F16 need_f16_K=0 need_f16_V=1 workspace_end_offset=606208 dst_data=(nil) f16_K=(nil) f16_V=0x14000 f16_end=0x94000
CUDA_FA_ROUTE_PLAN device=0 Q=[256,5,16,1] Kraw=turbo2_tcq Vraw=bf16 Kshape=[256,256,4,1] Vshape=[256,256,4,1] Keff=f16 Veff=bf16 turbo_kv=1 prefer_native_vec=0 decode=1 dk=1 dv=0 unsafe_vec_after_turbo_v_decode=0 allow_vec=1 kernel=MMA_F16 need_f16_K=0 need_f16_V=1 Knb=[36,288,72,73728] Vnb=[2,2048,512,524288] Keff_nb=[2,2048,512,524288] Veff_nb=[2,2048,512,524288]
CUDA_FA_ROUTE_ALLOC kernel=MMA_F16 need_f16_K=0 need_f16_V=1 workspace_end_offset=606208 dst_data=(nil) f16_K=(nil) f16_V=0x14000 f16_end=0x94000
CUDA_FA_ROUTE_PLAN device=0 Q=[256,5,16,1] Kraw=turbo2_tcq Vraw=bf16 Kshape=[256,256,4,1] Vshape=[256,256,4,1] Keff=f16 Veff=bf16 turbo_kv=1 prefer_native_vec=0 decode=1 dk=1 dv=0 unsafe_vec_after_turbo_v_decode=0 allow_vec=1 kernel=MMA_F16 need_f16_K=0 need_f16_V=1 Knb=[36,288,72,73728] Vnb=[2,2048,512,524288] Keff_nb=[2,2048,512,524288] Veff_nb=[2,2048,512,524288]
CUDA_FA_ROUTE_ALLOC kernel=MMA_F16 need_f16_K=0 need_f16_V=1 workspace_end_offset=606208 dst_data=(nil) f16_K=(nil) f16_V=0x14000 f16_end=0x94000
CUDA_FA_ROUTE_PLAN device=0 Q=[256,5,16,1] Kraw=turbo2_tcq Vraw=bf16 Kshape=[256,256,4,1] Vshape=[256,256,4,1] Keff=f16 Veff=bf16 turbo_kv=1 prefer_native_vec=0 decode=1 dk=1 dv=0 unsafe_vec_after_turbo_v_decode=0 allow_vec=1 kernel=MMA_F16 need_f16_K=0 need_f16_V=1 Knb=[36,288,72,73728] Vnb=[2,2048,512,524288] Keff_nb=[2,2048,512,524288] Veff_nb=[2,2048,512,524288]
CUDA_FA_ROUTE_ALLOC kernel=MMA_F16 need_f16_K=0 need_f16_V=1 workspace_end_offset=606208 dst_data=(nil) f16_K=(nil) f16_V=0x14000 f16_end=0x94000
CUDA_FA_ROUTE_PLAN device=0 Q=[256,5,16,1] Kraw=turbo2_tcq Vraw=bf16 Kshape=[256,256,4,1] Vshape=[256,256,4,1] Keff=f16 Veff=bf16 turbo_kv=1 prefer_native_vec=0 decode=1 dk=1 dv=0 unsafe_vec_after_turbo_v_decode=0 allow_vec=1 kernel=MMA_F16 need_f16_K=0 need_f16_V=1 Knb=[36,288,72,73728] Vnb=[2,2048,512,524288] Keff_nb=[2,2048,512,524288] Veff_nb=[2,2048,512,524288]
CUDA_FA_ROUTE_ALLOC kernel=MMA_F16 need_f16_K=0 need_f16_V=1 workspace_end_offset=606208 dst_data=(nil) f16_K=(nil) f16_V=0x14000 f16_end=0x94000
CUDA_FA_ROUTE_PLAN device=0 Q=[256,5,16,1] Kraw=turbo2_tcq Vraw=bf16 Kshape=[256,256,4,1] Vshape=[256,256,4,1] Keff=f16 Veff=bf16 turbo_kv=1 prefer_native_vec=0 decode=1 dk=1 dv=0 unsafe_vec_after_turbo_v_decode=0 allow_vec=1 kernel=MMA_F16 need_f16_K=0 need_f16_V=1 Knb=[36,288,72,73728] Vnb=[2,2048,512,524288] Keff_nb=[2,2048,512,524288] Veff_nb=[2,2048,512,524288]
CUDA_FA_ROUTE_ALLOC kernel=MMA_F16 need_f16_K=0 need_f16_V=1 workspace_end_offset=606208 dst_data=(nil) f16_K=(nil) f16_V=0x14000 f16_end=0x94000
CUDA_FA_ROUTE_PLAN device=0 Q=[256,5,16,1] Kraw=turbo2_tcq Vraw=bf16 Kshape=[256,256,4,1] Vshape=[256,256,4,1] Keff=f16 Veff=bf16 turbo_kv=1 prefer_native_vec=0 decode=1 dk=1 dv=0 unsafe_vec_after_turbo_v_decode=0 allow_vec=1 kernel=MMA_F16 need_f16_K=0 need_f16_V=1 Knb=[36,288,72,73728] Vnb=[2,2048,512,524288] Keff_nb=[2,2048,512,524288] Veff_nb=[2,2048,512,524288]
CUDA_FA_ROUTE_ALLOC kernel=MMA_F16 need_f16_K=0 need_f16_V=1 workspace_end_offset=606208 dst_data=(nil) f16_K=(nil) f16_V=0x14000 f16_end=0x94000
CUDA_FA_ROUTE_PLAN device=0 Q=[256,5,16,1] Kraw=turbo2_tcq Vraw=bf16 Kshape=[256,256,4,1] Vshape=[256,256,4,1] Keff=f16 Veff=bf16 turbo_kv=1 prefer_native_vec=0 decode=1 dk=1 dv=0 unsafe_vec_after_turbo_v_decode=0 allow_vec=1 kernel=MMA_F16 need_f16_K=0 need_f16_V=1 Knb=[36,288,72,73728] Vnb=[2,2048,512,524288] Keff_nb=[2,2048,512,524288] Veff_nb=[2,2048,512,524288]
CUDA_FA_ROUTE_ALLOC kernel=MMA_F16 need_f16_K=0 need_f16_V=1 workspace_end_offset=606208 dst_data=(nil) f16_K=(nil) f16_V=0x14000 f16_end=0x94000
CUDA_FA_ROUTE_PLAN device=0 Q=[256,5,16,1] Kraw=turbo2_tcq Vraw=bf16 Kshape=[256,256,4,1] Vshape=[256,256,4,1] Keff=f16 Veff=bf16 turbo_kv=1 prefer_native_vec=0 decode=1 dk=1 dv=0 unsafe_vec_after_turbo_v_decode=0 allow_vec=1 kernel=MMA_F16 need_f16_K=0 need_f16_V=1 Knb=[36,288,72,73728] Vnb=[2,2048,512,524288] Keff_nb=[2,2048,512,524288] Veff_nb=[2,2048,512,524288]
CUDA_FA_ROUTE_ALLOC kernel=MMA_F16 need_f16_K=0 need_f16_V=1 workspace_end_offset=606208 dst_data=(nil) f16_K=(nil) f16_V=0x14000 f16_end=0x94000
CUDA_FA_ROUTE_PLAN device=0 Q=[256,5,16,1] Kraw=turbo2_tcq Vraw=bf16 Kshape=[256,256,4,1] Vshape=[256,256,4,1] Keff=f16 Veff=bf16 turbo_kv=1 prefer_native_vec=0 decode=1 dk=1 dv=0 unsafe_vec_after_turbo_v_decode=0 allow_vec=1 kernel=MMA_F16 need_f16_K=0 need_f16_V=1 Knb=[36,288,72,73728] Vnb=[2,2048,512,524288] Keff_nb=[2,2048,512,524288] Veff_nb=[2,2048,512,524288]
CUDA_FA_ROUTE_ALLOC kernel=MMA_F16 need_f16_K=0 need_f16_V=1 workspace_end_offset=606208 dst_data=(nil) f16_K=(nil) f16_V=0x14000 f16_end=0x94000
CUDA_FA_ROUTE_PLAN device=0 Q=[256,5,16,1] Kraw=turbo2_tcq Vraw=bf16 Kshape=[256,256,4,1] Vshape=[256,256,4,1] Keff=f16 Veff=bf16 turbo_kv=1 prefer_native_vec=0 decode=1 dk=1 dv=0 unsafe_vec_after_turbo_v_decode=0 allow_vec=1 kernel=MMA_F16 need_f16_K=0 need_f16_V=1 Knb=[36,288,72,73728] Vnb=[2,2048,512,524288] Keff_nb=[2,2048,512,524288] Veff_nb=[2,2048,512,524288]
CUDA_FA_ROUTE_ALLOC kernel=MMA_F16 need_f16_K=0 need_f16_V=1 workspace_end_offset=606208 dst_data=(nil) f16_K=(nil) f16_V=0x14000 f16_end=0x94000
CUDA_FA_ROUTE_PLAN device=0 Q=[256,5,16,1] Kraw=turbo2_tcq Vraw=bf16 Kshape=[256,256,4,1] Vshape=[256,256,4,1] Keff=f16 Veff=bf16 turbo_kv=1 prefer_native_vec=0 decode=1 dk=1 dv=0 unsafe_vec_after_turbo_v_decode=0 allow_vec=1 kernel=MMA_F16 need_f16_K=0 need_f16_V=1 Knb=[36,288,72,73728] Vnb=[2,2048,512,524288] Keff_nb=[2,2048,512,524288] Veff_nb=[2,2048,512,524288]
CUDA_FA_ROUTE_ALLOC kernel=MMA_F16 need_f16_K=0 need_f16_V=1 workspace_end_offset=606208 dst_data=(nil) f16_K=(nil) f16_V=0x14000 f16_end=0x94000
CUDA_FA_ROUTE_PLAN device=0 Q=[256,5,16,1] Kraw=turbo2_tcq Vraw=bf16 Kshape=[256,256,4,1] Vshape=[256,256,4,1] Keff=f16 Veff=bf16 turbo_kv=1 prefer_native_vec=0 decode=1 dk=1 dv=0 unsafe_vec_after_turbo_v_decode=0 allow_vec=1 kernel=MMA_F16 need_f16_K=0 need_f16_V=1 Knb=[36,288,72,73728] Vnb=[2,2048,512,524288] Keff_nb=[2,2048,512,524288] Veff_nb=[2,2048,512,524288]
CUDA_FA_ROUTE_ALLOC kernel=MMA_F16 need_f16_K=0 need_f16_V=1 workspace_end_offset=606208 dst_data=(nil) f16_K=(nil) f16_V=0x14000 f16_end=0x94000
CUDA_FA_ROUTE_PLAN device=0 Q=[256,5,16,1] Kraw=turbo2_tcq Vraw=bf16 Kshape=[256,256,4,1] Vshape=[256,256,4,1] Keff=f16 Veff=bf16 turbo_kv=1 prefer_native_vec=0 decode=1 dk=1 dv=0 unsafe_vec_after_turbo_v_decode=0 allow_vec=1 kernel=MMA_F16 need_f16_K=0 need_f16_V=1 Knb=[36,288,72,73728] Vnb=[2,2048,512,524288] Keff_nb=[2,2048,512,524288] Veff_nb=[2,2048,512,524288]
CUDA_FA_ROUTE_ALLOC kernel=MMA_F16 need_f16_K=0 need_f16_V=1 workspace_end_offset=606208 dst_data=(nil) f16_K=(nil) f16_V=0x14000 f16_end=0x94000
CUDA_FA_ROUTE_PLAN device=0 Q=[256,5,16,1] Kraw=turbo2_tcq Vraw=bf16 Kshape=[256,256,4,1] Vshape=[256,256,4,1] Keff=f16 Veff=bf16 turbo_kv=1 prefer_native_vec=0 decode=1 dk=1 dv=0 unsafe_vec_after_turbo_v_decode=0 allow_vec=1 kernel=MMA_F16 need_f16_K=0 need_f16_V=1 Knb=[36,288,72,73728] Vnb=[2,2048,512,524288] Keff_nb=[2,2048,512,524288] Veff_nb=[2,2048,512,524288]
CUDA_FA_ROUTE_ALLOC kernel=MMA_F16 need_f16_K=0 need_f16_V=1 workspace_end_offset=606208 dst_data=(nil) f16_K=(nil) f16_V=0x14000 f16_end=0x94000
CUDA_FA_ROUTE_PLAN device=0 Q=[256,5,16,1] Kraw=turbo2_tcq Vraw=bf16 Kshape=[256,256,4,1] Vshape=[256,256,4,1] Keff=f16 Veff=bf16 turbo_kv=1 prefer_native_vec=0 decode=1 dk=1 dv=0 unsafe_vec_after_turbo_v_decode=0 allow_vec=1 kernel=MMA_F16 need_f16_K=0 need_f16_V=1 Knb=[36,288,72,73728] Vnb=[2,2048,512,524288] Keff_nb=[2,2048,512,524288] Veff_nb=[2,2048,512,524288]
CUDA_FA_ROUTE_ALLOC kernel=MMA_F16 need_f16_K=0 need_f16_V=1 workspace_end_offset=606208 dst_data=(nil) f16_K=(nil) f16_V=0x14000 f16_end=0x94000
CUDA_FA_ROUTE_PLAN device=0 Q=[256,5,16,1] Kraw=turbo2_tcq Vraw=bf16 Kshape=[256,256,4,1] Vshape=[256,256,4,1] Keff=f16 Veff=bf16 turbo_kv=1 prefer_native_vec=0 decode=1 dk=1 dv=0 unsafe_vec_after_turbo_v_decode=0 allow_vec=1 kernel=MMA_F16 need_f16_K=0 need_f16_V=1 Knb=[36,288,72,73728] Vnb=[2,2048,512,524288] Keff_nb=[2,2048,512,524288] Veff_nb=[2,2048,512,524288]
CUDA_FA_ROUTE_ALLOC kernel=MMA_F16 need_f16_K=0 need_f16_V=1 workspace_end_offset=606208 dst_data=(nil) f16_K=(nil) f16_V=0x14000 f16_end=0x94000
CUDA_FA_ROUTE_PLAN device=0 Q=[256,5,16,1] Kraw=turbo2_tcq Vraw=bf16 Kshape=[256,256,4,1] Vshape=[256,256,4,1] Keff=f16 Veff=bf16 turbo_kv=1 prefer_native_vec=0 decode=1 dk=1 dv=0 unsafe_vec_after_turbo_v_decode=0 allow_vec=1 kernel=MMA_F16 need_f16_K=0 need_f16_V=1 Knb=[36,288,72,73728] Vnb=[2,2048,512,524288] Keff_nb=[2,2048,512,524288] Veff_nb=[2,2048,512,524288]
CUDA_FA_ROUTE_ALLOC kernel=MMA_F16 need_f16_K=0 need_f16_V=1 workspace_end_offset=606208 dst_data=(nil) f16_K=(nil) f16_V=0x14000 f16_end=0x94000
CUDA_FA_ROUTE_PLAN device=0 Q=[256,5,16,1] Kraw=turbo2_tcq Vraw=bf16 Kshape=[256,256,4,1] Vshape=[256,256,4,1] Keff=f16 Veff=bf16 turbo_kv=1 prefer_native_vec=0 decode=1 dk=1 dv=0 unsafe_vec_after_turbo_v_decode=0 allow_vec=1 kernel=MMA_F16 need_f16_K=0 need_f16_V=1 Knb=[36,288,72,73728] Vnb=[2,2048,512,524288] Keff_nb=[2,2048,512,524288] Veff_nb=[2,2048,512,524288]
CUDA_FA_ROUTE_ALLOC kernel=MMA_F16 need_f16_K=0 need_f16_V=1 workspace_end_offset=606208 dst_data=(nil) f16_K=(nil) f16_V=0x14000 f16_end=0x94000
CUDA_FA_ROUTE_PLAN device=0 Q=[256,5,16,1] Kraw=turbo2_tcq Vraw=bf16 Kshape=[256,256,4,1] Vshape=[256,256,4,1] Keff=f16 Veff=bf16 turbo_kv=1 prefer_native_vec=0 decode=1 dk=1 dv=0 unsafe_vec_after_turbo_v_decode=0 allow_vec=1 kernel=MMA_F16 need_f16_K=0 need_f16_V=1 Knb=[36,288,72,73728] Vnb=[2,2048,512,524288] Keff_nb=[2,2048,512,524288] Veff_nb=[2,2048,512,524288]
CUDA_FA_ROUTE_ALLOC kernel=MMA_F16 need_f16_K=0 need_f16_V=1 workspace_end_offset=606208 dst_data=(nil) f16_K=(nil) f16_V=0x14000 f16_end=0x94000
CUDA_FA_ROUTE_PLAN device=0 Q=[256,5,16,1] Kraw=turbo2_tcq Vraw=bf16 Kshape=[256,256,4,1] Vshape=[256,256,4,1] Keff=f16 Veff=bf16 turbo_kv=1 prefer_native_vec=0 decode=1 dk=1 dv=0 unsafe_vec_after_turbo_v_decode=0 allow_vec=1 kernel=MMA_F16 need_f16_K=0 need_f16_V=1 Knb=[36,288,72,73728] Vnb=[2,2048,512,524288] Keff_nb=[2,2048,512,524288] Veff_nb=[2,2048,512,524288]
CUDA_FA_ROUTE_ALLOC kernel=MMA_F16 need_f16_K=0 need_f16_V=1 workspace_end_offset=606208 dst_data=(nil) f16_K=(nil) f16_V=0x14000 f16_end=0x94000
CUDA_FA_ROUTE_PLAN device=0 Q=[256,5,16,1] Kraw=turbo2_tcq Vraw=bf16 Kshape=[256,256,4,1] Vshape=[256,256,4,1] Keff=f16 Veff=bf16 turbo_kv=1 prefer_native_vec=0 decode=1 dk=1 dv=0 unsafe_vec_after_turbo_v_decode=0 allow_vec=1 kernel=MMA_F16 need_f16_K=0 need_f16_V=1 Knb=[36,288,72,73728] Vnb=[2,2048,512,524288] Keff_nb=[2,2048,512,524288] Veff_nb=[2,2048,512,524288]
CUDA_FA_ROUTE_ALLOC kernel=MMA_F16 need_f16_K=0 need_f16_V=1 workspace_end_offset=606208 dst_data=(nil) f16_K=(nil) f16_V=0x14000 f16_end=0x94000
CUDA_FA_ROUTE_PLAN device=0 Q=[256,5,16,1] Kraw=turbo2_tcq Vraw=bf16 Kshape=[256,256,4,1] Vshape=[256,256,4,1] Keff=f16 Veff=bf16 turbo_kv=1 prefer_native_vec=0 decode=1 dk=1 dv=0 unsafe_vec_after_turbo_v_decode=0 allow_vec=1 kernel=MMA_F16 need_f16_K=0 need_f16_V=1 Knb=[36,288,72,73728] Vnb=[2,2048,512,524288] Keff_nb=[2,2048,512,524288] Veff_nb=[2,2048,512,524288]
CUDA_FA_ROUTE_ALLOC kernel=MMA_F16 need_f16_K=0 need_f16_V=1 workspace_end_offset=606208 dst_data=(nil) f16_K=(nil) f16_V=0x14000 f16_end=0x94000
CUDA_FA_ROUTE_PLAN device=0 Q=[256,5,16,1] Kraw=turbo2_tcq Vraw=bf16 Kshape=[256,256,4,1] Vshape=[256,256,4,1] Keff=f16 Veff=bf16 turbo_kv=1 prefer_native_vec=0 decode=1 dk=1 dv=0 unsafe_vec_after_turbo_v_decode=0 allow_vec=1 kernel=MMA_F16 need_f16_K=0 need_f16_V=1 Knb=[36,288,72,73728] Vnb=[2,2048,512,524288] Keff_nb=[2,2048,512,524288] Veff_nb=[2,2048,512,524288]
CUDA_FA_ROUTE_ALLOC kernel=MMA_F16 need_f16_K=0 need_f16_V=1 workspace_end_offset=606208 dst_data=(nil) f16_K=(nil) f16_V=0x14000 f16_end=0x94000
CUDA_FA_ROUTE_PLAN device=0 Q=[256,5,16,1] Kraw=turbo2_tcq Vraw=bf16 Kshape=[256,256,4,1] Vshape=[256,256,4,1] Keff=f16 Veff=bf16 turbo_kv=1 prefer_native_vec=0 decode=1 dk=1 dv=0 unsafe_vec_after_turbo_v_decode=0 allow_vec=1 kernel=MMA_F16 need_f16_K=0 need_f16_V=1 Knb=[36,288,72,73728] Vnb=[2,2048,512,524288] Keff_nb=[2,2048,512,524288] Veff_nb=[2,2048,512,524288]
CUDA_FA_ROUTE_ALLOC kernel=MMA_F16 need_f16_K=0 need_f16_V=1 workspace_end_offset=606208 dst_data=(nil) f16_K=(nil) f16_V=0x14000 f16_end=0x94000
CUDA_FA_ROUTE_PLAN device=0 Q=[256,5,16,1] Kraw=turbo2_tcq Vraw=bf16 Kshape=[256,256,4,1] Vshape=[256,256,4,1] Keff=f16 Veff=bf16 turbo_kv=1 prefer_native_vec=0 decode=1 dk=1 dv=0 unsafe_vec_after_turbo_v_decode=0 allow_vec=1 kernel=MMA_F16 need_f16_K=0 need_f16_V=1 Knb=[36,288,72,73728] Vnb=[2,2048,512,524288] Keff_nb=[2,2048,512,524288] Veff_nb=[2,2048,512,524288]
CUDA_FA_ROUTE_ALLOC kernel=MMA_F16 need_f16_K=0 need_f16_V=1 workspace_end_offset=606208 dst_data=(nil) f16_K=(nil) f16_V=0x14000 f16_end=0x94000
CUDA_FA_ROUTE_PLAN device=0 Q=[256,5,16,1] Kraw=turbo2_tcq Vraw=bf16 Kshape=[256,256,4,1] Vshape=[256,256,4,1] Keff=f16 Veff=bf16 turbo_kv=1 prefer_native_vec=0 decode=1 dk=1 dv=0 unsafe_vec_after_turbo_v_decode=0 allow_vec=1 kernel=MMA_F16 need_f16_K=0 need_f16_V=1 Knb=[36,288,72,73728] Vnb=[2,2048,512,524288] Keff_nb=[2,2048,512,524288] Veff_nb=[2,2048,512,524288]
CUDA_FA_ROUTE_ALLOC kernel=MMA_F16 need_f16_K=0 need_f16_V=1 workspace_end_offset=606208 dst_data=(nil) f16_K=(nil) f16_V=0x14000 f16_end=0x94000
CUDA_FA_ROUTE_PLAN device=0 Q=[256,5,16,1] Kraw=turbo2_tcq Vraw=bf16 Kshape=[256,256,4,1] Vshape=[256,256,4,1] Keff=f16 Veff=bf16 turbo_kv=1 prefer_native_vec=0 decode=1 dk=1 dv=0 unsafe_vec_after_turbo_v_decode=0 allow_vec=1 kernel=MMA_F16 need_f16_K=0 need_f16_V=1 Knb=[36,288,72,73728] Vnb=[2,2048,512,524288] Keff_nb=[2,2048,512,524288] Veff_nb=[2,2048,512,524288]
GGML_TURBO_FA_DEBUG: path=prefill-dequant K=turbo2_tcq V=bf16 Q=[256,5,16,1] K=[256,256,4,1] V=[256,256,4,1]
CUDA_FA_ROUTE_PLAN device=0 Q=[256,5,16,1] Kraw=turbo2_tcq Vraw=bf16 Kshape=[256,256,4,1] Vshape=[256,256,4,1] Keff=f16 Veff=bf16 turbo_kv=1 prefer_native_vec=0 decode=1 dk=1 dv=0 unsafe_vec_after_turbo_v_decode=0 allow_vec=1 kernel=MMA_F16 need_f16_K=0 need_f16_V=1 Knb=[36,288,72,73728] Vnb=[2,2048,512,524288] Keff_nb=[2,2048,512,524288] Veff_nb=[2,2048,512,524288]
GGML_TURBO_FA_DEBUG: path=prefill-dequant K=turbo2_tcq V=bf16 Q=[256,5,16,1] K=[256,256,4,1] V=[256,256,4,1]
CUDA_FA_ROUTE_PLAN device=0 Q=[256,5,16,1] Kraw=turbo2_tcq Vraw=bf16 Kshape=[256,256,4,1] Vshape=[256,256,4,1] Keff=f16 Veff=bf16 turbo_kv=1 prefer_native_vec=0 decode=1 dk=1 dv=0 unsafe_vec_after_turbo_v_decode=0 allow_vec=1 kernel=MMA_F16 need_f16_K=0 need_f16_V=1 Knb=[36,288,72,73728] Vnb=[2,2048,512,524288] Keff_nb=[2,2048,512,524288] Veff_nb=[2,2048,512,524288]
GGML_TURBO_FA_DEBUG: path=prefill-dequant K=turbo2_tcq V=bf16 Q=[256,5,16,1] K=[256,256,4,1] V=[256,256,4,1]
CUDA_FA_ROUTE_PLAN device=0 Q=[256,5,16,1] Kraw=turbo2_tcq Vraw=bf16 Kshape=[256,256,4,1] Vshape=[256,256,4,1] Keff=f16 Veff=bf16 turbo_kv=1 prefer_native_vec=0 decode=1 dk=1 dv=0 unsafe_vec_after_turbo_v_decode=0 allow_vec=1 kernel=MMA_F16 need_f16_K=0 need_f16_V=1 Knb=[36,288,72,73728] Vnb=[2,2048,512,524288] Keff_nb=[2,2048,512,524288] Veff_nb=[2,2048,512,524288]
GGML_TURBO_FA_DEBUG: path=prefill-dequant K=turbo2_tcq V=bf16 Q=[256,5,16,1] K=[256,256,4,1] V=[256,256,4,1]
CUDA_FA_ROUTE_PLAN device=0 Q=[256,5,16,1] Kraw=turbo2_tcq Vraw=bf16 Kshape=[256,256,4,1] Vshape=[256,256,4,1] Keff=f16 Veff=bf16 turbo_kv=1 prefer_native_vec=0 decode=1 dk=1 dv=0 unsafe_vec_after_turbo_v_decode=0 allow_vec=1 kernel=MMA_F16 need_f16_K=0 need_f16_V=1 Knb=[36,288,72,73728] Vnb=[2,2048,512,524288] Keff_nb=[2,2048,512,524288] Veff_nb=[2,2048,512,524288]
GGML_TURBO_FA_DEBUG: path=prefill-dequant K=turbo2_tcq V=bf16 Q=[256,5,16,1] K=[256,256,4,1] V=[256,256,4,1]
CUDA_FA_ROUTE_PLAN device=0 Q=[256,5,16,1] Kraw=turbo2_tcq Vraw=bf16 Kshape=[256,256,4,1] Vshape=[256,256,4,1] Keff=f16 Veff=bf16 turbo_kv=1 prefer_native_vec=0 decode=1 dk=1 dv=0 unsafe_vec_after_turbo_v_decode=0 allow_vec=1 kernel=MMA_F16 need_f16_K=0 need_f16_V=1 Knb=[36,288,72,73728] Vnb=[2,2048,512,524288] Keff_nb=[2,2048,512,524288] Veff_nb=[2,2048,512,524288]
GGML_TURBO_FA_DEBUG: path=prefill-dequant K=turbo2_tcq V=bf16 Q=[256,5,16,1] K=[256,256,4,1] V=[256,256,4,1]
CUDA_FA_ROUTE_PLAN device=0 Q=[256,5,16,1] Kraw=turbo2_tcq Vraw=bf16 Kshape=[256,256,4,1] Vshape=[256,256,4,1] Keff=f16 Veff=bf16 turbo_kv=1 prefer_native_vec=0 decode=1 dk=1 dv=0 unsafe_vec_after_turbo_v_decode=0 allow_vec=1 kernel=MMA_F16 need_f16_K=0 need_f16_V=1 Knb=[36,288,72,73728] Vnb=[2,2048,512,524288] Keff_nb=[2,2048,512,524288] Veff_nb=[2,2048,512,524288]
GGML_TURBO_FA_DEBUG: path=prefill-dequant K=turbo2_tcq V=bf16 Q=[256,5,16,1] K=[256,256,4,1] V=[256,256,4,1]
CUDA_FA_ROUTE_PLAN device=0 Q=[256,5,16,1] Kraw=turbo2_tcq Vraw=bf16 Kshape=[256,256,4,1] Vshape=[256,256,4,1] Keff=f16 Veff=bf16 turbo_kv=1 prefer_native_vec=0 decode=1 dk=1 dv=0 unsafe_vec_after_turbo_v_decode=0 allow_vec=1 kernel=MMA_F16 need_f16_K=0 need_f16_V=1 Knb=[36,288,72,73728] Vnb=[2,2048,512,524288] Keff_nb=[2,2048,512,524288] Veff_nb=[2,2048,512,524288]
GGML_TURBO_FA_DEBUG: path=prefill-dequant K=turbo2_tcq V=bf16 Q=[256,5,16,1] K=[256,256,4,1] V=[256,256,4,1]
 ParisCUDA_FA_ROUTE_PLAN device=0 Q=[256,1,16,1] Kraw=turbo2_tcq Vraw=bf16 Kshape=[256,256,4,1] Vshape=[256,256,4,1] Keff=f16 Veff=bf16 turbo_kv=1 prefer_native_vec=0 decode=1 dk=1 dv=0 unsafe_vec_after_turbo_v_decode=0 allow_vec=1 kernel=MMA_F16 need_f16_K=0 need_f16_V=1 Knb=[36,288,72,73728] Vnb=[2,2048,512,524288] Keff_nb=[2,2048,512,524288] Veff_nb=[2,2048,512,524288]
CUDA_FA_ROUTE_SUPPORTED kernel=MMA_F16 effK=f16 effV=bf16 supported=1
CUDA_FA_ROUTE_PLAN device=0 Q=[256,1,16,1] Kraw=turbo2_tcq Vraw=bf16 Kshape=[256,256,4,1] Vshape=[256,256,4,1] Keff=f16 Veff=bf16 turbo_kv=1 prefer_native_vec=0 decode=1 dk=1 dv=0 unsafe_vec_after_turbo_v_decode=0 allow_vec=1 kernel=MMA_F16 need_f16_K=0 need_f16_V=1 Knb=[36,288,72,73728] Vnb=[2,2048,512,524288] Keff_nb=[2,2048,512,524288] Veff_nb=[2,2048,512,524288]
CUDA_FA_ROUTE_SUPPORTED kernel=MMA_F16 effK=f16 effV=bf16 supported=1
CUDA_FA_ROUTE_PLAN device=0 Q=[256,1,16,1] Kraw=turbo2_tcq Vraw=bf16 Kshape=[256,256,4,1] Vshape=[256,256,4,1] Keff=f16 Veff=bf16 turbo_kv=1 prefer_native_vec=0 decode=1 dk=1 dv=0 unsafe_vec_after_turbo_v_decode=0 allow_vec=1 kernel=MMA_F16 need_f16_K=0 need_f16_V=1 Knb=[36,288,72,73728] Vnb=[2,2048,512,524288] Keff_nb=[2,2048,512,524288] Veff_nb=[2,2048,512,524288]
CUDA_FA_ROUTE_SUPPORTED kernel=MMA_F16 effK=f16 effV=bf16 supported=1
CUDA_FA_ROUTE_PLAN device=0 Q=[256,1,16,1] Kraw=turbo2_tcq Vraw=bf16 Kshape=[256,256,4,1] Vshape=[256,256,4,1] Keff=f16 Veff=bf16 turbo_kv=1 prefer_native_vec=0 decode=1 dk=1 dv=0 unsafe_vec_after_turbo_v_decode=0 allow_vec=1 kernel=MMA_F16 need_f16_K=0 need_f16_V=1 Knb=[36,288,72,73728] Vnb=[2,2048,512,524288] Keff_nb=[2,2048,512,524288] Veff_nb=[2,2048,512,524288]
CUDA_FA_ROUTE_SUPPORTED kernel=MMA_F16 effK=f16 effV=bf16 supported=1
CUDA_FA_ROUTE_PLAN device=0 Q=[256,1,16,1] Kraw=turbo2_tcq Vraw=bf16 Kshape=[256,256,4,1] Vshape=[256,256,4,1] Keff=f16 Veff=bf16 turbo_kv=1 prefer_native_vec=0 decode=1 dk=1 dv=0 unsafe_vec_after_turbo_v_decode=0 allow_vec=1 kernel=MMA_F16 need_f16_K=0 need_f16_V=1 Knb=[36,288,72,73728] Vnb=[2,2048,512,524288] Keff_nb=[2,2048,512,524288] Veff_nb=[2,2048,512,524288]
CUDA_FA_ROUTE_SUPPORTED kernel=MMA_F16 effK=f16 effV=bf16 supported=1
CUDA_FA_ROUTE_PLAN device=0 Q=[256,1,16,1] Kraw=turbo2_tcq Vraw=bf16 Kshape=[256,256,4,1] Vshape=[256,256,4,1] Keff=f16 Veff=bf16 turbo_kv=1 prefer_native_vec=0 decode=1 dk=1 dv=0 unsafe_vec_after_turbo_v_decode=0 allow_vec=1 kernel=MMA_F16 need_f16_K=0 need_f16_V=1 Knb=[36,288,72,73728] Vnb=[2,2048,512,524288] Keff_nb=[2,2048,512,524288] Veff_nb=[2,2048,512,524288]
CUDA_FA_ROUTE_SUPPORTED kernel=MMA_F16 effK=f16 effV=bf16 supported=1
CUDA_FA_ROUTE_PLAN device=0 Q=[256,1,16,1] Kraw=turbo2_tcq Vraw=bf16 Kshape=[256,256,4,1] Vshape=[256,256,4,1] Keff=f16 Veff=bf16 turbo_kv=1 prefer_native_vec=0 decode=1 dk=1 dv=0 unsafe_vec_after_turbo_v_decode=0 allow_vec=1 kernel=MMA_F16 need_f16_K=0 need_f16_V=1 Knb=[36,288,72,73728] Vnb=[2,2048,512,524288] Keff_nb=[2,2048,512,524288] Veff_nb=[2,2048,512,524288]
CUDA_FA_ROUTE_SUPPORTED kernel=MMA_F16 effK=f16 effV=bf16 supported=1
CUDA_FA_ROUTE_PLAN device=0 Q=[256,1,16,1] Kraw=turbo2_tcq Vraw=bf16 Kshape=[256,256,4,1] Vshape=[256,256,4,1] Keff=f16 Veff=bf16 turbo_kv=1 prefer_native_vec=0 decode=1 dk=1 dv=0 unsafe_vec_after_turbo_v_decode=0 allow_vec=1 kernel=MMA_F16 need_f16_K=0 need_f16_V=1 Knb=[36,288,72,73728] Vnb=[2,2048,512,524288] Keff_nb=[2,2048,512,524288] Veff_nb=[2,2048,512,524288]
CUDA_FA_ROUTE_SUPPORTED kernel=MMA_F16 effK=f16 effV=bf16 supported=1
CUDA_FA_ROUTE_PLAN device=0 Q=[256,1,16,1] Kraw=turbo2_tcq Vraw=bf16 Kshape=[256,256,4,1] Vshape=[256,256,4,1] Keff=f16 Veff=bf16 turbo_kv=1 prefer_native_vec=0 decode=1 dk=1 dv=0 unsafe_vec_after_turbo_v_decode=0 allow_vec=1 kernel=MMA_F16 need_f16_K=0 need_f16_V=1 Knb=[36,288,72,73728] Vnb=[2,2048,512,524288] Keff_nb=[2,2048,512,524288] Veff_nb=[2,2048,512,524288]
CUDA_FA_ROUTE_ALLOC kernel=MMA_F16 need_f16_K=0 need_f16_V=1 workspace_end_offset=540672 dst_data=(nil) f16_K=(nil) f16_V=0x4000 f16_end=0x84000
CUDA_FA_ROUTE_PLAN device=0 Q=[256,1,16,1] Kraw=turbo2_tcq Vraw=bf16 Kshape=[256,256,4,1] Vshape=[256,256,4,1] Keff=f16 Veff=bf16 turbo_kv=1 prefer_native_vec=0 decode=1 dk=1 dv=0 unsafe_vec_after_turbo_v_decode=0 allow_vec=1 kernel=MMA_F16 need_f16_K=0 need_f16_V=1 Knb=[36,288,72,73728] Vnb=[2,2048,512,524288] Keff_nb=[2,2048,512,524288] Veff_nb=[2,2048,512,524288]
CUDA_FA_ROUTE_ALLOC kernel=MMA_F16 need_f16_K=0 need_f16_V=1 workspace_end_offset=540672 dst_data=(nil) f16_K=(nil) f16_V=0x4000 f16_end=0x84000
CUDA_FA_ROUTE_PLAN device=0 Q=[256,1,16,1] Kraw=turbo2_tcq Vraw=bf16 Kshape=[256,256,4,1] Vshape=[256,256,4,1] Keff=f16 Veff=bf16 turbo_kv=1 prefer_native_vec=0 decode=1 dk=1 dv=0 unsafe_vec_after_turbo_v_decode=0 allow_vec=1 kernel=MMA_F16 need_f16_K=0 need_f16_V=1 Knb=[36,288,72,73728] Vnb=[2,2048,512,524288] Keff_nb=[2,2048,512,524288] Veff_nb=[2,2048,512,524288]
CUDA_FA_ROUTE_ALLOC kernel=MMA_F16 need_f16_K=0 need_f16_V=1 workspace_end_offset=540672 dst_data=(nil) f16_K=(nil) f16_V=0x4000 f16_end=0x84000
CUDA_FA_ROUTE_PLAN device=0 Q=[256,1,16,1] Kraw=turbo2_tcq Vraw=bf16 Kshape=[256,256,4,1] Vshape=[256,256,4,1] Keff=f16 Veff=bf16 turbo_kv=1 prefer_native_vec=0 decode=1 dk=1 dv=0 unsafe_vec_after_turbo_v_decode=0 allow_vec=1 kernel=MMA_F16 need_f16_K=0 need_f16_V=1 Knb=[36,288,72,73728] Vnb=[2,2048,512,524288] Keff_nb=[2,2048,512,524288] Veff_nb=[2,2048,512,524288]
CUDA_FA_ROUTE_ALLOC kernel=MMA_F16 need_f16_K=0 need_f16_V=1 workspace_end_offset=540672 dst_data=(nil) f16_K=(nil) f16_V=0x4000 f16_end=0x84000
CUDA_FA_ROUTE_PLAN device=0 Q=[256,1,16,1] Kraw=turbo2_tcq Vraw=bf16 Kshape=[256,256,4,1] Vshape=[256,256,4,1] Keff=f16 Veff=bf16 turbo_kv=1 prefer_native_vec=0 decode=1 dk=1 dv=0 unsafe_vec_after_turbo_v_decode=0 allow_vec=1 kernel=MMA_F16 need_f16_K=0 need_f16_V=1 Knb=[36,288,72,73728] Vnb=[2,2048,512,524288] Keff_nb=[2,2048,512,524288] Veff_nb=[2,2048,512,524288]
CUDA_FA_ROUTE_ALLOC kernel=MMA_F16 need_f16_K=0 need_f16_V=1 workspace_end_offset=540672 dst_data=(nil) f16_K=(nil) f16_V=0x4000 f16_end=0x84000
CUDA_FA_ROUTE_PLAN device=0 Q=[256,1,16,1] Kraw=turbo2_tcq Vraw=bf16 Kshape=[256,256,4,1] Vshape=[256,256,4,1] Keff=f16 Veff=bf16 turbo_kv=1 prefer_native_vec=0 decode=1 dk=1 dv=0 unsafe_vec_after_turbo_v_decode=0 allow_vec=1 kernel=MMA_F16 need_f16_K=0 need_f16_V=1 Knb=[36,288,72,73728] Vnb=[2,2048,512,524288] Keff_nb=[2,2048,512,524288] Veff_nb=[2,2048,512,524288]
CUDA_FA_ROUTE_ALLOC kernel=MMA_F16 need_f16_K=0 need_f16_V=1 workspace_end_offset=540672 dst_data=(nil) f16_K=(nil) f16_V=0x4000 f16_end=0x84000
CUDA_FA_ROUTE_PLAN device=0 Q=[256,1,16,1] Kraw=turbo2_tcq Vraw=bf16 Kshape=[256,256,4,1] Vshape=[256,256,4,1] Keff=f16 Veff=bf16 turbo_kv=1 prefer_native_vec=0 decode=1 dk=1 dv=0 unsafe_vec_after_turbo_v_decode=0 allow_vec=1 kernel=MMA_F16 need_f16_K=0 need_f16_V=1 Knb=[36,288,72,73728] Vnb=[2,2048,512,524288] Keff_nb=[2,2048,512,524288] Veff_nb=[2,2048,512,524288]
CUDA_FA_ROUTE_ALLOC kernel=MMA_F16 need_f16_K=0 need_f16_V=1 workspace_end_offset=540672 dst_data=(nil) f16_K=(nil) f16_V=0x4000 f16_end=0x84000
CUDA_FA_ROUTE_PLAN device=0 Q=[256,1,16,1] Kraw=turbo2_tcq Vraw=bf16 Kshape=[256,256,4,1] Vshape=[256,256,4,1] Keff=f16 Veff=bf16 turbo_kv=1 prefer_native_vec=0 decode=1 dk=1 dv=0 unsafe_vec_after_turbo_v_decode=0 allow_vec=1 kernel=MMA_F16 need_f16_K=0 need_f16_V=1 Knb=[36,288,72,73728] Vnb=[2,2048,512,524288] Keff_nb=[2,2048,512,524288] Veff_nb=[2,2048,512,524288]
CUDA_FA_ROUTE_ALLOC kernel=MMA_F16 need_f16_K=0 need_f16_V=1 workspace_end_offset=540672 dst_data=(nil) f16_K=(nil) f16_V=0x4000 f16_end=0x84000
CUDA_FA_ROUTE_PLAN device=0 Q=[256,1,16,1] Kraw=turbo2_tcq Vraw=bf16 Kshape=[256,256,4,1] Vshape=[256,256,4,1] Keff=f16 Veff=bf16 turbo_kv=1 prefer_native_vec=0 decode=1 dk=1 dv=0 unsafe_vec_after_turbo_v_decode=0 allow_vec=1 kernel=MMA_F16 need_f16_K=0 need_f16_V=1 Knb=[36,288,72,73728] Vnb=[2,2048,512,524288] Keff_nb=[2,2048,512,524288] Veff_nb=[2,2048,512,524288]
CUDA_FA_ROUTE_ALLOC kernel=MMA_F16 need_f16_K=0 need_f16_V=1 workspace_end_offset=540672 dst_data=(nil) f16_K=(nil) f16_V=0x4000 f16_end=0x84000
CUDA_FA_ROUTE_PLAN device=0 Q=[256,1,16,1] Kraw=turbo2_tcq Vraw=bf16 Kshape=[256,256,4,1] Vshape=[256,256,4,1] Keff=f16 Veff=bf16 turbo_kv=1 prefer_native_vec=0 decode=1 dk=1 dv=0 unsafe_vec_after_turbo_v_decode=0 allow_vec=1 kernel=MMA_F16 need_f16_K=0 need_f16_V=1 Knb=[36,288,72,73728] Vnb=[2,2048,512,524288] Keff_nb=[2,2048,512,524288] Veff_nb=[2,2048,512,524288]
CUDA_FA_ROUTE_ALLOC kernel=MMA_F16 need_f16_K=0 need_f16_V=1 workspace_end_offset=540672 dst_data=(nil) f16_K=(nil) f16_V=0x4000 f16_end=0x84000
CUDA_FA_ROUTE_PLAN device=0 Q=[256,1,16,1] Kraw=turbo2_tcq Vraw=bf16 Kshape=[256,256,4,1] Vshape=[256,256,4,1] Keff=f16 Veff=bf16 turbo_kv=1 prefer_native_vec=0 decode=1 dk=1 dv=0 unsafe_vec_after_turbo_v_decode=0 allow_vec=1 kernel=MMA_F16 need_f16_K=0 need_f16_V=1 Knb=[36,288,72,73728] Vnb=[2,2048,512,524288] Keff_nb=[2,2048,512,524288] Veff_nb=[2,2048,512,524288]
CUDA_FA_ROUTE_ALLOC kernel=MMA_F16 need_f16_K=0 need_f16_V=1 workspace_end_offset=540672 dst_data=(nil) f16_K=(nil) f16_V=0x4000 f16_end=0x84000
CUDA_FA_ROUTE_PLAN device=0 Q=[256,1,16,1] Kraw=turbo2_tcq Vraw=bf16 Kshape=[256,256,4,1] Vshape=[256,256,4,1] Keff=f16 Veff=bf16 turbo_kv=1 prefer_native_vec=0 decode=1 dk=1 dv=0 unsafe_vec_after_turbo_v_decode=0 allow_vec=1 kernel=MMA_F16 need_f16_K=0 need_f16_V=1 Knb=[36,288,72,73728] Vnb=[2,2048,512,524288] Keff_nb=[2,2048,512,524288] Veff_nb=[2,2048,512,524288]
CUDA_FA_ROUTE_ALLOC kernel=MMA_F16 need_f16_K=0 need_f16_V=1 workspace_end_offset=540672 dst_data=(nil) f16_K=(nil) f16_V=0x4000 f16_end=0x84000
CUDA_FA_ROUTE_PLAN device=0 Q=[256,1,16,1] Kraw=turbo2_tcq Vraw=bf16 Kshape=[256,256,4,1] Vshape=[256,256,4,1] Keff=f16 Veff=bf16 turbo_kv=1 prefer_native_vec=0 decode=1 dk=1 dv=0 unsafe_vec_after_turbo_v_decode=0 allow_vec=1 kernel=MMA_F16 need_f16_K=0 need_f16_V=1 Knb=[36,288,72,73728] Vnb=[2,2048,512,524288] Keff_nb=[2,2048,512,524288] Veff_nb=[2,2048,512,524288]
CUDA_FA_ROUTE_ALLOC kernel=MMA_F16 need_f16_K=0 need_f16_V=1 workspace_end_offset=540672 dst_data=(nil) f16_K=(nil) f16_V=0x4000 f16_end=0x84000
CUDA_FA_ROUTE_PLAN device=0 Q=[256,1,16,1] Kraw=turbo2_tcq Vraw=bf16 Kshape=[256,256,4,1] Vshape=[256,256,4,1] Keff=f16 Veff=bf16 turbo_kv=1 prefer_native_vec=0 decode=1 dk=1 dv=0 unsafe_vec_after_turbo_v_decode=0 allow_vec=1 kernel=MMA_F16 need_f16_K=0 need_f16_V=1 Knb=[36,288,72,73728] Vnb=[2,2048,512,524288] Keff_nb=[2,2048,512,524288] Veff_nb=[2,2048,512,524288]
CUDA_FA_ROUTE_ALLOC kernel=MMA_F16 need_f16_K=0 need_f16_V=1 workspace_end_offset=540672 dst_data=(nil) f16_K=(nil) f16_V=0x4000 f16_end=0x84000
CUDA_FA_ROUTE_PLAN device=0 Q=[256,1,16,1] Kraw=turbo2_tcq Vraw=bf16 Kshape=[256,256,4,1] Vshape=[256,256,4,1] Keff=f16 Veff=bf16 turbo_kv=1 prefer_native_vec=0 decode=1 dk=1 dv=0 unsafe_vec_after_turbo_v_decode=0 allow_vec=1 kernel=MMA_F16 need_f16_K=0 need_f16_V=1 Knb=[36,288,72,73728] Vnb=[2,2048,512,524288] Keff_nb=[2,2048,512,524288] Veff_nb=[2,2048,512,524288]
CUDA_FA_ROUTE_ALLOC kernel=MMA_F16 need_f16_K=0 need_f16_V=1 workspace_end_offset=540672 dst_data=(nil) f16_K=(nil) f16_V=0x4000 f16_end=0x84000
CUDA_FA_ROUTE_PLAN device=0 Q=[256,1,16,1] Kraw=turbo2_tcq Vraw=bf16 Kshape=[256,256,4,1] Vshape=[256,256,4,1] Keff=f16 Veff=bf16 turbo_kv=1 prefer_native_vec=0 decode=1 dk=1 dv=0 unsafe_vec_after_turbo_v_decode=0 allow_vec=1 kernel=MMA_F16 need_f16_K=0 need_f16_V=1 Knb=[36,288,72,73728] Vnb=[2,2048,512,524288] Keff_nb=[2,2048,512,524288] Veff_nb=[2,2048,512,524288]
CUDA_FA_ROUTE_ALLOC kernel=MMA_F16 need_f16_K=0 need_f16_V=1 workspace_end_offset=540672 dst_data=(nil) f16_K=(nil) f16_V=0x4000 f16_end=0x84000
CUDA_FA_ROUTE_PLAN device=0 Q=[256,1,16,1] Kraw=turbo2_tcq Vraw=bf16 Kshape=[256,256,4,1] Vshape=[256,256,4,1] Keff=f16 Veff=bf16 turbo_kv=1 prefer_native_vec=0 decode=1 dk=1 dv=0 unsafe_vec_after_turbo_v_decode=0 allow_vec=1 kernel=MMA_F16 need_f16_K=0 need_f16_V=1 Knb=[36,288,72,73728] Vnb=[2,2048,512,524288] Keff_nb=[2,2048,512,524288] Veff_nb=[2,2048,512,524288]
CUDA_FA_ROUTE_ALLOC kernel=MMA_F16 need_f16_K=0 need_f16_V=1 workspace_end_offset=540672 dst_data=(nil) f16_K=(nil) f16_V=0x4000 f16_end=0x84000
CUDA_FA_ROUTE_PLAN device=0 Q=[256,1,16,1] Kraw=turbo2_tcq Vraw=bf16 Kshape=[256,256,4,1] Vshape=[256,256,4,1] Keff=f16 Veff=bf16 turbo_kv=1 prefer_native_vec=0 decode=1 dk=1 dv=0 unsafe_vec_after_turbo_v_decode=0 allow_vec=1 kernel=MMA_F16 need_f16_K=0 need_f16_V=1 Knb=[36,288,72,73728] Vnb=[2,2048,512,524288] Keff_nb=[2,2048,512,524288] Veff_nb=[2,2048,512,524288]
CUDA_FA_ROUTE_ALLOC kernel=MMA_F16 need_f16_K=0 need_f16_V=1 workspace_end_offset=540672 dst_data=(nil) f16_K=(nil) f16_V=0x4000 f16_end=0x84000
CUDA_FA_ROUTE_PLAN device=0 Q=[256,1,16,1] Kraw=turbo2_tcq Vraw=bf16 Kshape=[256,256,4,1] Vshape=[256,256,4,1] Keff=f16 Veff=bf16 turbo_kv=1 prefer_native_vec=0 decode=1 dk=1 dv=0 unsafe_vec_after_turbo_v_decode=0 allow_vec=1 kernel=MMA_F16 need_f16_K=0 need_f16_V=1 Knb=[36,288,72,73728] Vnb=[2,2048,512,524288] Keff_nb=[2,2048,512,524288] Veff_nb=[2,2048,512,524288]
CUDA_FA_ROUTE_ALLOC kernel=MMA_F16 need_f16_K=0 need_f16_V=1 workspace_end_offset=540672 dst_data=(nil) f16_K=(nil) f16_V=0x4000 f16_end=0x84000
CUDA_FA_ROUTE_PLAN device=0 Q=[256,1,16,1] Kraw=turbo2_tcq Vraw=bf16 Kshape=[256,256,4,1] Vshape=[256,256,4,1] Keff=f16 Veff=bf16 turbo_kv=1 prefer_native_vec=0 decode=1 dk=1 dv=0 unsafe_vec_after_turbo_v_decode=0 allow_vec=1 kernel=MMA_F16 need_f16_K=0 need_f16_V=1 Knb=[36,288,72,73728] Vnb=[2,2048,512,524288] Keff_nb=[2,2048,512,524288] Veff_nb=[2,2048,512,524288]
CUDA_FA_ROUTE_ALLOC kernel=MMA_F16 need_f16_K=0 need_f16_V=1 workspace_end_offset=540672 dst_data=(nil) f16_K=(nil) f16_V=0x4000 f16_end=0x84000
CUDA_FA_ROUTE_PLAN device=0 Q=[256,1,16,1] Kraw=turbo2_tcq Vraw=bf16 Kshape=[256,256,4,1] Vshape=[256,256,4,1] Keff=f16 Veff=bf16 turbo_kv=1 prefer_native_vec=0 decode=1 dk=1 dv=0 unsafe_vec_after_turbo_v_decode=0 allow_vec=1 kernel=MMA_F16 need_f16_K=0 need_f16_V=1 Knb=[36,288,72,73728] Vnb=[2,2048,512,524288] Keff_nb=[2,2048,512,524288] Veff_nb=[2,2048,512,524288]
CUDA_FA_ROUTE_ALLOC kernel=MMA_F16 need_f16_K=0 need_f16_V=1 workspace_end_offset=540672 dst_data=(nil) f16_K=(nil) f16_V=0x4000 f16_end=0x84000
CUDA_FA_ROUTE_PLAN device=0 Q=[256,1,16,1] Kraw=turbo2_tcq Vraw=bf16 Kshape=[256,256,4,1] Vshape=[256,256,4,1] Keff=f16 Veff=bf16 turbo_kv=1 prefer_native_vec=0 decode=1 dk=1 dv=0 unsafe_vec_after_turbo_v_decode=0 allow_vec=1 kernel=MMA_F16 need_f16_K=0 need_f16_V=1 Knb=[36,288,72,73728] Vnb=[2,2048,512,524288] Keff_nb=[2,2048,512,524288] Veff_nb=[2,2048,512,524288]
CUDA_FA_ROUTE_ALLOC kernel=MMA_F16 need_f16_K=0 need_f16_V=1 workspace_end_offset=540672 dst_data=(nil) f16_K=(nil) f16_V=0x4000 f16_end=0x84000
CUDA_FA_ROUTE_PLAN device=0 Q=[256,1,16,1] Kraw=turbo2_tcq Vraw=bf16 Kshape=[256,256,4,1] Vshape=[256,256,4,1] Keff=f16 Veff=bf16 turbo_kv=1 prefer_native_vec=0 decode=1 dk=1 dv=0 unsafe_vec_after_turbo_v_decode=0 allow_vec=1 kernel=MMA_F16 need_f16_K=0 need_f16_V=1 Knb=[36,288,72,73728] Vnb=[2,2048,512,524288] Keff_nb=[2,2048,512,524288] Veff_nb=[2,2048,512,524288]
CUDA_FA_ROUTE_ALLOC kernel=MMA_F16 need_f16_K=0 need_f16_V=1 workspace_end_offset=540672 dst_data=(nil) f16_K=(nil) f16_V=0x4000 f16_end=0x84000
CUDA_FA_ROUTE_PLAN device=0 Q=[256,1,16,1] Kraw=turbo2_tcq Vraw=bf16 Kshape=[256,256,4,1] Vshape=[256,256,4,1] Keff=f16 Veff=bf16 turbo_kv=1 prefer_native_vec=0 decode=1 dk=1 dv=0 unsafe_vec_after_turbo_v_decode=0 allow_vec=1 kernel=MMA_F16 need_f16_K=0 need_f16_V=1 Knb=[36,288,72,73728] Vnb=[2,2048,512,524288] Keff_nb=[2,2048,512,524288] Veff_nb=[2,2048,512,524288]
CUDA_FA_ROUTE_ALLOC kernel=MMA_F16 need_f16_K=0 need_f16_V=1 workspace_end_offset=540672 dst_data=(nil) f16_K=(nil) f16_V=0x4000 f16_end=0x84000
CUDA_FA_ROUTE_PLAN device=0 Q=[256,1,16,1] Kraw=turbo2_tcq Vraw=bf16 Kshape=[256,256,4,1] Vshape=[256,256,4,1] Keff=f16 Veff=bf16 turbo_kv=1 prefer_native_vec=0 decode=1 dk=1 dv=0 unsafe_vec_after_turbo_v_decode=0 allow_vec=1 kernel=MMA_F16 need_f16_K=0 need_f16_V=1 Knb=[36,288,72,73728] Vnb=[2,2048,512,524288] Keff_nb=[2,2048,512,524288] Veff_nb=[2,2048,512,524288]
GGML_TURBO_FA_DEBUG: path=decode-dequant-or-vec K=turbo2_tcq V=bf16 Q=[256,1,16,1] K=[256,256,4,1] V=[256,256,4,1] prefill_safe=1 can_make_f16_K=1 can_make_f16_V=0 turbo_k_classic_v_prefill=1 vec_override=0 batch_ok=0 dim_ok=1 turing_mma=1
CUDA_FA_ROUTE_EXEC_BEGIN Q=[256,1,16,1] Kraw=turbo2_tcq Vraw=bf16 decode=1 dk=1 dv=0 allow_vec=1 kernel=MMA_F16 need_f16_K=0 need_f16_V=1 Kdata=0x7f96ce200000 Vdata=0x7f96ce212000 dst=0x1000e0b8c80
CUDA_FA_ROUTE_EXEC_DISPATCH Qrun=f32 Q=[256,1,16,1] Qdata=0x1000e0a4c80 Krun=f16 K=[256,256,4,1] Kdata=0x7f96d7600000 Knb=[2,2048,512,524288] Vrun=bf16 V=[256,256,4,1] Vdata=0x7f96ce212000 Vnb=[2,2048,512,524288] kernel=MMA_F16 compiled_pair=1
CUDA_FA_ROUTE_PLAN device=0 Q=[256,1,16,1] Kraw=turbo2_tcq Vraw=bf16 Kshape=[256,256,4,1] Vshape=[256,256,4,1] Keff=f16 Veff=bf16 turbo_kv=1 prefer_native_vec=0 decode=1 dk=1 dv=0 unsafe_vec_after_turbo_v_decode=0 allow_vec=1 kernel=MMA_F16 need_f16_K=0 need_f16_V=1 Knb=[36,288,72,73728] Vnb=[2,2048,512,524288] Keff_nb=[2,2048,512,524288] Veff_nb=[2,2048,512,524288]
GGML_TURBO_FA_DEBUG: path=decode-dequant-or-vec K=turbo2_tcq V=bf16 Q=[256,1,16,1] K=[256,256,4,1] V=[256,256,4,1] prefill_safe=1 can_make_f16_K=1 can_make_f16_V=0 turbo_k_classic_v_prefill=1 vec_override=0 batch_ok=0 dim_ok=1 turing_mma=1
CUDA_FA_ROUTE_EXEC_BEGIN Q=[256,1,16,1] Kraw=turbo2_tcq Vraw=bf16 decode=1 dk=1 dv=0 allow_vec=1 kernel=MMA_F16 need_f16_K=0 need_f16_V=1 Kdata=0x7f96ce292000 Vdata=0x7f96ce2a4000 dst=0x1000e0b8c80
CUDA_FA_ROUTE_EXEC_DISPATCH Qrun=f32 Q=[256,1,16,1] Qdata=0x1000e0a4c80 Krun=f16 K=[256,256,4,1] Kdata=0x7f96d7600000 Knb=[2,2048,512,524288] Vrun=bf16 V=[256,256,4,1] Vdata=0x7f96ce2a4000 Vnb=[2,2048,512,524288] kernel=MMA_F16 compiled_pair=1
CUDA_FA_ROUTE_PLAN device=0 Q=[256,1,16,1] Kraw=turbo2_tcq Vraw=bf16 Kshape=[256,256,4,1] Vshape=[256,256,4,1] Keff=f16 Veff=bf16 turbo_kv=1 prefer_native_vec=0 decode=1 dk=1 dv=0 unsafe_vec_after_turbo_v_decode=0 allow_vec=1 kernel=MMA_F16 need_f16_K=0 need_f16_V=1 Knb=[36,288,72,73728] Vnb=[2,2048,512,524288] Keff_nb=[2,2048,512,524288] Veff_nb=[2,2048,512,524288]
GGML_TURBO_FA_DEBUG: path=decode-dequant-or-vec K=turbo2_tcq V=bf16 Q=[256,1,16,1] K=[256,256,4,1] V=[256,256,4,1] prefill_safe=1 can_make_f16_K=1 can_make_f16_V=0 turbo_k_classic_v_prefill=1 vec_override=0 batch_ok=0 dim_ok=1 turing_mma=1
CUDA_FA_ROUTE_EXEC_BEGIN Q=[256,1,16,1] Kraw=turbo2_tcq Vraw=bf16 decode=1 dk=1 dv=0 allow_vec=1 kernel=MMA_F16 need_f16_K=0 need_f16_V=1 Kdata=0x7f96ce324000 Vdata=0x7f96ce336000 dst=0x1000e0b8c80
CUDA_FA_ROUTE_EXEC_DISPATCH Qrun=f32 Q=[256,1,16,1] Qdata=0x1000e0a4c80 Krun=f16 K=[256,256,4,1] Kdata=0x7f96d7600000 Knb=[2,2048,512,524288] Vrun=bf16 V=[256,256,4,1] Vdata=0x7f96ce336000 Vnb=[2,2048,512,524288] kernel=MMA_F16 compiled_pair=1
CUDA_FA_ROUTE_PLAN device=0 Q=[256,1,16,1] Kraw=turbo2_tcq Vraw=bf16 Kshape=[256,256,4,1] Vshape=[256,256,4,1] Keff=f16 Veff=bf16 turbo_kv=1 prefer_native_vec=0 decode=1 dk=1 dv=0 unsafe_vec_after_turbo_v_decode=0 allow_vec=1 kernel=MMA_F16 need_f16_K=0 need_f16_V=1 Knb=[36,288,72,73728] Vnb=[2,2048,512,524288] Keff_nb=[2,2048,512,524288] Veff_nb=[2,2048,512,524288]
GGML_TURBO_FA_DEBUG: path=decode-dequant-or-vec K=turbo2_tcq V=bf16 Q=[256,1,16,1] K=[256,256,4,1] V=[256,256,4,1] prefill_safe=1 can_make_f16_K=1 can_make_f16_V=0 turbo_k_classic_v_prefill=1 vec_override=0 batch_ok=0 dim_ok=1 turing_mma=1
CUDA_FA_ROUTE_EXEC_BEGIN Q=[256,1,16,1] Kraw=turbo2_tcq Vraw=bf16 decode=1 dk=1 dv=0 allow_vec=1 kernel=MMA_F16 need_f16_K=0 need_f16_V=1 Kdata=0x7f96ce3b6000 Vdata=0x7f96ce3c8000 dst=0x1000e0b8c80
CUDA_FA_ROUTE_EXEC_DISPATCH Qrun=f32 Q=[256,1,16,1] Qdata=0x1000e0a4c80 Krun=f16 K=[256,256,4,1] Kdata=0x7f96d7600000 Knb=[2,2048,512,524288] Vrun=bf16 V=[256,256,4,1] Vdata=0x7f96ce3c8000 Vnb=[2,2048,512,524288] kernel=MMA_F16 compiled_pair=1
CUDA_FA_ROUTE_PLAN device=0 Q=[256,1,16,1] Kraw=turbo2_tcq Vraw=bf16 Kshape=[256,256,4,1] Vshape=[256,256,4,1] Keff=f16 Veff=bf16 turbo_kv=1 prefer_native_vec=0 decode=1 dk=1 dv=0 unsafe_vec_after_turbo_v_decode=0 allow_vec=1 kernel=MMA_F16 need_f16_K=0 need_f16_V=1 Knb=[36,288,72,73728] Vnb=[2,2048,512,524288] Keff_nb=[2,2048,512,524288] Veff_nb=[2,2048,512,524288]
GGML_TURBO_FA_DEBUG: path=decode-dequant-or-vec K=turbo2_tcq V=bf16 Q=[256,1,16,1] K=[256,256,4,1] V=[256,256,4,1] prefill_safe=1 can_make_f16_K=1 can_make_f16_V=0 turbo_k_classic_v_prefill=1 vec_override=0 batch_ok=0 dim_ok=1 turing_mma=1
CUDA_FA_ROUTE_EXEC_BEGIN Q=[256,1,16,1] Kraw=turbo2_tcq Vraw=bf16 decode=1 dk=1 dv=0 allow_vec=1 kernel=MMA_F16 need_f16_K=0 need_f16_V=1 Kdata=0x7f96ce448000 Vdata=0x7f96ce45a000 dst=0x1000e0b8c80
CUDA_FA_ROUTE_EXEC_DISPATCH Qrun=f32 Q=[256,1,16,1] Qdata=0x1000e0a4c80 Krun=f16 K=[256,256,4,1] Kdata=0x7f96d7600000 Knb=[2,2048,512,524288] Vrun=bf16 V=[256,256,4,1] Vdata=0x7f96ce45a000 Vnb=[2,2048,512,524288] kernel=MMA_F16 compiled_pair=1
CUDA_FA_ROUTE_PLAN device=0 Q=[256,1,16,1] Kraw=turbo2_tcq Vraw=bf16 Kshape=[256,256,4,1] Vshape=[256,256,4,1] Keff=f16 Veff=bf16 turbo_kv=1 prefer_native_vec=0 decode=1 dk=1 dv=0 unsafe_vec_after_turbo_v_decode=0 allow_vec=1 kernel=MMA_F16 need_f16_K=0 need_f16_V=1 Knb=[36,288,72,73728] Vnb=[2,2048,512,524288] Keff_nb=[2,2048,512,524288] Veff_nb=[2,2048,512,524288]
GGML_TURBO_FA_DEBUG: path=decode-dequant-or-vec K=turbo2_tcq V=bf16 Q=[256,1,16,1] K=[256,256,4,1] V=[256,256,4,1] prefill_safe=1 can_make_f16_K=1 can_make_f16_V=0 turbo_k_classic_v_prefill=1 vec_override=0 batch_ok=0 dim_ok=1 turing_mma=1
CUDA_FA_ROUTE_EXEC_BEGIN Q=[256,1,16,1] Kraw=turbo2_tcq Vraw=bf16 decode=1 dk=1 dv=0 allow_vec=1 kernel=MMA_F16 need_f16_K=0 need_f16_V=1 Kdata=0x7f96ce4da000 Vdata=0x7f96ce4ec000 dst=0x1000e0b8c80
CUDA_FA_ROUTE_EXEC_DISPATCH Qrun=f32 Q=[256,1,16,1] Qdata=0x1000e0a4c80 Krun=f16 K=[256,256,4,1] Kdata=0x7f96d7600000 Knb=[2,2048,512,524288] Vrun=bf16 V=[256,256,4,1] Vdata=0x7f96ce4ec000 Vnb=[2,2048,512,524288] kernel=MMA_F16 compiled_pair=1
CUDA_FA_ROUTE_PLAN device=0 Q=[256,1,16,1] Kraw=turbo2_tcq Vraw=bf16 Kshape=[256,256,4,1] Vshape=[256,256,4,1] Keff=f16 Veff=bf16 turbo_kv=1 prefer_native_vec=0 decode=1 dk=1 dv=0 unsafe_vec_after_turbo_v_decode=0 allow_vec=1 kernel=MMA_F16 need_f16_K=0 need_f16_V=1 Knb=[36,288,72,73728] Vnb=[2,2048,512,524288] Keff_nb=[2,2048,512,524288] Veff_nb=[2,2048,512,524288]
GGML_TURBO_FA_DEBUG: path=decode-dequant-or-vec K=turbo2_tcq V=bf16 Q=[256,1,16,1] K=[256,256,4,1] V=[256,256,4,1] prefill_safe=1 can_make_f16_K=1 can_make_f16_V=0 turbo_k_classic_v_prefill=1 vec_override=0 batch_ok=0 dim_ok=1 turing_mma=1
CUDA_FA_ROUTE_EXEC_BEGIN Q=[256,1,16,1] Kraw=turbo2_tcq Vraw=bf16 decode=1 dk=1 dv=0 allow_vec=1 kernel=MMA_F16 need_f16_K=0 need_f16_V=1 Kdata=0x7f96ce56c000 Vdata=0x7f96ce57e000 dst=0x1000e0b8c80
CUDA_FA_ROUTE_EXEC_DISPATCH Qrun=f32 Q=[256,1,16,1] Qdata=0x1000e0a4c80 Krun=f16 K=[256,256,4,1] Kdata=0x7f96d7600000 Knb=[2,2048,512,524288] Vrun=bf16 V=[256,256,4,1] Vdata=0x7f96ce57e000 Vnb=[2,2048,512,524288] kernel=MMA_F16 compiled_pair=1
CUDA_FA_ROUTE_PLAN device=0 Q=[256,1,16,1] Kraw=turbo2_tcq Vraw=bf16 Kshape=[256,256,4,1] Vshape=[256,256,4,1] Keff=f16 Veff=bf16 turbo_kv=1 prefer_native_vec=0 decode=1 dk=1 dv=0 unsafe_vec_after_turbo_v_decode=0 allow_vec=1 kernel=MMA_F16 need_f16_K=0 need_f16_V=1 Knb=[36,288,72,73728] Vnb=[2,2048,512,524288] Keff_nb=[2,2048,512,524288] Veff_nb=[2,2048,512,524288]
GGML_TURBO_FA_DEBUG: path=decode-dequant-or-vec K=turbo2_tcq V=bf16 Q=[256,1,16,1] K=[256,256,4,1] V=[256,256,4,1] prefill_safe=1 can_make_f16_K=1 can_make_f16_V=0 turbo_k_classic_v_prefill=1 vec_override=0 batch_ok=0 dim_ok=1 turing_mma=1
CUDA_FA_ROUTE_EXEC_BEGIN Q=[256,1,16,1] Kraw=turbo2_tcq Vraw=bf16 decode=1 dk=1 dv=0 allow_vec=1 kernel=MMA_F16 need_f16_K=0 need_f16_V=1 Kdata=0x7f96ce5fe000 Vdata=0x7f96ce610000 dst=0x1000e0b8c80
CUDA_FA_ROUTE_EXEC_DISPATCH Qrun=f32 Q=[256,1,16,1] Qdata=0x1000e0a4c80 Krun=f16 K=[256,256,4,1] Kdata=0x7f96d7600000 Knb=[2,2048,512,524288] Vrun=bf16 V=[256,256,4,1] Vdata=0x7f96ce610000 Vnb=[2,2048,512,524288] kernel=MMA_F16 compiled_pair=1
,

0.02.981.084 I common_perf_print:    sampling time =       1.68 ms
0.02.981.085 I common_perf_print:    samplers time =       0.29 ms /     7 tokens
0.02.981.089 I common_perf_print:        load time =     958.29 ms
0.02.981.089 I common_perf_print: prompt eval time =      41.89 ms /     5 tokens (    8.38 ms per token,   119.35 tokens per second)
0.02.981.090 I common_perf_print:        eval time =      25.09 ms /     1 runs   (   25.09 ms per token,    39.86 tokens per second)
0.02.981.090 I common_perf_print:       total time =      68.84 ms /     6 tokens
0.02.981.091 I common_perf_print: unaccounted time =       0.18 ms /   0.3 %      (total - sampling - prompt eval - eval) / (total)
0.02.981.091 I common_perf_print:    graphs reused =          0
