0.00.016.703 I llama_completion: llama backend init
0.00.016.711 I llama_completion: load the model and apply lora adapter, if any
CUDA_FA_ROUTE_PLAN device=0 Q=[256,1,16,1] Kraw=turbo4_tcq Vraw=turbo2 Kshape=[256,256,4,1] Vshape=[256,256,4,1] Keff=f16 Veff=f16 turbo_kv=1 prefer_native_vec=0 decode=1 dk=1 dv=1 unsafe_vec_after_turbo_v_decode=0 allow_vec=1 kernel=MMA_F16 need_f16_K=0 need_f16_V=0 Knb=[68,544,136,139264] Vnb=[34,272,68,69632] Keff_nb=[2,2048,512,524288] Veff_nb=[2,2048,512,524288]
CUDA_FA_ROUTE_SUPPORTED kernel=MMA_F16 effK=f16 effV=f16 supported=1
CUDA_FA_ROUTE_PLAN device=0 Q=[256,1,16,1] Kraw=turbo4_tcq Vraw=turbo2 Kshape=[256,256,4,1] Vshape=[256,256,4,1] Keff=f16 Veff=f16 turbo_kv=1 prefer_native_vec=0 decode=1 dk=1 dv=1 unsafe_vec_after_turbo_v_decode=0 allow_vec=1 kernel=MMA_F16 need_f16_K=0 need_f16_V=0 Knb=[68,544,136,139264] Vnb=[34,272,68,69632] Keff_nb=[2,2048,512,524288] Veff_nb=[2,2048,512,524288]
CUDA_FA_ROUTE_SUPPORTED kernel=MMA_F16 effK=f16 effV=f16 supported=1
CUDA_FA_ROUTE_PLAN device=0 Q=[256,1,16,1] Kraw=turbo4_tcq Vraw=turbo2 Kshape=[256,256,4,1] Vshape=[256,256,4,1] Keff=f16 Veff=f16 turbo_kv=1 prefer_native_vec=0 decode=1 dk=1 dv=1 unsafe_vec_after_turbo_v_decode=0 allow_vec=1 kernel=MMA_F16 need_f16_K=0 need_f16_V=0 Knb=[68,544,136,139264] Vnb=[34,272,68,69632] Keff_nb=[2,2048,512,524288] Veff_nb=[2,2048,512,524288]
CUDA_FA_ROUTE_SUPPORTED kernel=MMA_F16 effK=f16 effV=f16 supported=1
CUDA_FA_ROUTE_PLAN device=0 Q=[256,1,16,1] Kraw=turbo4_tcq Vraw=turbo2 Kshape=[256,256,4,1] Vshape=[256,256,4,1] Keff=f16 Veff=f16 turbo_kv=1 prefer_native_vec=0 decode=1 dk=1 dv=1 unsafe_vec_after_turbo_v_decode=0 allow_vec=1 kernel=MMA_F16 need_f16_K=0 need_f16_V=0 Knb=[68,544,136,139264] Vnb=[34,272,68,69632] Keff_nb=[2,2048,512,524288] Veff_nb=[2,2048,512,524288]
CUDA_FA_ROUTE_SUPPORTED kernel=MMA_F16 effK=f16 effV=f16 supported=1
CUDA_FA_ROUTE_PLAN device=0 Q=[256,1,16,1] Kraw=turbo4_tcq Vraw=turbo2 Kshape=[256,256,4,1] Vshape=[256,256,4,1] Keff=f16 Veff=f16 turbo_kv=1 prefer_native_vec=0 decode=1 dk=1 dv=1 unsafe_vec_after_turbo_v_decode=0 allow_vec=1 kernel=MMA_F16 need_f16_K=0 need_f16_V=0 Knb=[68,544,136,139264] Vnb=[34,272,68,69632] Keff_nb=[2,2048,512,524288] Veff_nb=[2,2048,512,524288]
CUDA_FA_ROUTE_SUPPORTED kernel=MMA_F16 effK=f16 effV=f16 supported=1
CUDA_FA_ROUTE_PLAN device=0 Q=[256,1,16,1] Kraw=turbo4_tcq Vraw=turbo2 Kshape=[256,256,4,1] Vshape=[256,256,4,1] Keff=f16 Veff=f16 turbo_kv=1 prefer_native_vec=0 decode=1 dk=1 dv=1 unsafe_vec_after_turbo_v_decode=0 allow_vec=1 kernel=MMA_F16 need_f16_K=0 need_f16_V=0 Knb=[68,544,136,139264] Vnb=[34,272,68,69632] Keff_nb=[2,2048,512,524288] Veff_nb=[2,2048,512,524288]
CUDA_FA_ROUTE_SUPPORTED kernel=MMA_F16 effK=f16 effV=f16 supported=1
CUDA_FA_ROUTE_PLAN device=0 Q=[256,1,16,1] Kraw=turbo4_tcq Vraw=turbo2 Kshape=[256,256,4,1] Vshape=[256,256,4,1] Keff=f16 Veff=f16 turbo_kv=1 prefer_native_vec=0 decode=1 dk=1 dv=1 unsafe_vec_after_turbo_v_decode=0 allow_vec=1 kernel=MMA_F16 need_f16_K=0 need_f16_V=0 Knb=[68,544,136,139264] Vnb=[34,272,68,69632] Keff_nb=[2,2048,512,524288] Veff_nb=[2,2048,512,524288]
CUDA_FA_ROUTE_SUPPORTED kernel=MMA_F16 effK=f16 effV=f16 supported=1
CUDA_FA_ROUTE_PLAN device=0 Q=[256,1,16,1] Kraw=turbo4_tcq Vraw=turbo2 Kshape=[256,256,4,1] Vshape=[256,256,4,1] Keff=f16 Veff=f16 turbo_kv=1 prefer_native_vec=0 decode=1 dk=1 dv=1 unsafe_vec_after_turbo_v_decode=0 allow_vec=1 kernel=MMA_F16 need_f16_K=0 need_f16_V=0 Knb=[68,544,136,139264] Vnb=[34,272,68,69632] Keff_nb=[2,2048,512,524288] Veff_nb=[2,2048,512,524288]
CUDA_FA_ROUTE_SUPPORTED kernel=MMA_F16 effK=f16 effV=f16 supported=1
CUDA_FA_ROUTE_PLAN device=0 Q=[256,16,16,1] Kraw=turbo4_tcq Vraw=turbo2 Kshape=[256,256,4,1] Vshape=[256,256,4,1] Keff=f16 Veff=f16 turbo_kv=1 prefer_native_vec=0 decode=1 dk=1 dv=1 unsafe_vec_after_turbo_v_decode=0 allow_vec=1 kernel=MMA_F16 need_f16_K=0 need_f16_V=0 Knb=[68,544,136,139264] Vnb=[34,272,68,69632] Keff_nb=[2,2048,512,524288] Veff_nb=[2,2048,512,524288]
CUDA_FA_ROUTE_SUPPORTED kernel=MMA_F16 effK=f16 effV=f16 supported=1
CUDA_FA_ROUTE_PLAN device=0 Q=[256,16,16,1] Kraw=turbo4_tcq Vraw=turbo2 Kshape=[256,256,4,1] Vshape=[256,256,4,1] Keff=f16 Veff=f16 turbo_kv=1 prefer_native_vec=0 decode=1 dk=1 dv=1 unsafe_vec_after_turbo_v_decode=0 allow_vec=1 kernel=MMA_F16 need_f16_K=0 need_f16_V=0 Knb=[68,544,136,139264] Vnb=[34,272,68,69632] Keff_nb=[2,2048,512,524288] Veff_nb=[2,2048,512,524288]
CUDA_FA_ROUTE_SUPPORTED kernel=MMA_F16 effK=f16 effV=f16 supported=1
CUDA_FA_ROUTE_PLAN device=0 Q=[256,16,16,1] Kraw=turbo4_tcq Vraw=turbo2 Kshape=[256,256,4,1] Vshape=[256,256,4,1] Keff=f16 Veff=f16 turbo_kv=1 prefer_native_vec=0 decode=1 dk=1 dv=1 unsafe_vec_after_turbo_v_decode=0 allow_vec=1 kernel=MMA_F16 need_f16_K=0 need_f16_V=0 Knb=[68,544,136,139264] Vnb=[34,272,68,69632] Keff_nb=[2,2048,512,524288] Veff_nb=[2,2048,512,524288]
CUDA_FA_ROUTE_SUPPORTED kernel=MMA_F16 effK=f16 effV=f16 supported=1
CUDA_FA_ROUTE_PLAN device=0 Q=[256,16,16,1] Kraw=turbo4_tcq Vraw=turbo2 Kshape=[256,256,4,1] Vshape=[256,256,4,1] Keff=f16 Veff=f16 turbo_kv=1 prefer_native_vec=0 decode=1 dk=1 dv=1 unsafe_vec_after_turbo_v_decode=0 allow_vec=1 kernel=MMA_F16 need_f16_K=0 need_f16_V=0 Knb=[68,544,136,139264] Vnb=[34,272,68,69632] Keff_nb=[2,2048,512,524288] Veff_nb=[2,2048,512,524288]
CUDA_FA_ROUTE_SUPPORTED kernel=MMA_F16 effK=f16 effV=f16 supported=1
CUDA_FA_ROUTE_PLAN device=0 Q=[256,16,16,1] Kraw=turbo4_tcq Vraw=turbo2 Kshape=[256,256,4,1] Vshape=[256,256,4,1] Keff=f16 Veff=f16 turbo_kv=1 prefer_native_vec=0 decode=1 dk=1 dv=1 unsafe_vec_after_turbo_v_decode=0 allow_vec=1 kernel=MMA_F16 need_f16_K=0 need_f16_V=0 Knb=[68,544,136,139264] Vnb=[34,272,68,69632] Keff_nb=[2,2048,512,524288] Veff_nb=[2,2048,512,524288]
CUDA_FA_ROUTE_SUPPORTED kernel=MMA_F16 effK=f16 effV=f16 supported=1
CUDA_FA_ROUTE_PLAN device=0 Q=[256,16,16,1] Kraw=turbo4_tcq Vraw=turbo2 Kshape=[256,256,4,1] Vshape=[256,256,4,1] Keff=f16 Veff=f16 turbo_kv=1 prefer_native_vec=0 decode=1 dk=1 dv=1 unsafe_vec_after_turbo_v_decode=0 allow_vec=1 kernel=MMA_F16 need_f16_K=0 need_f16_V=0 Knb=[68,544,136,139264] Vnb=[34,272,68,69632] Keff_nb=[2,2048,512,524288] Veff_nb=[2,2048,512,524288]
CUDA_FA_ROUTE_SUPPORTED kernel=MMA_F16 effK=f16 effV=f16 supported=1
CUDA_FA_ROUTE_PLAN device=0 Q=[256,16,16,1] Kraw=turbo4_tcq Vraw=turbo2 Kshape=[256,256,4,1] Vshape=[256,256,4,1] Keff=f16 Veff=f16 turbo_kv=1 prefer_native_vec=0 decode=1 dk=1 dv=1 unsafe_vec_after_turbo_v_decode=0 allow_vec=1 kernel=MMA_F16 need_f16_K=0 need_f16_V=0 Knb=[68,544,136,139264] Vnb=[34,272,68,69632] Keff_nb=[2,2048,512,524288] Veff_nb=[2,2048,512,524288]
CUDA_FA_ROUTE_SUPPORTED kernel=MMA_F16 effK=f16 effV=f16 supported=1
CUDA_FA_ROUTE_PLAN device=0 Q=[256,16,16,1] Kraw=turbo4_tcq Vraw=turbo2 Kshape=[256,256,4,1] Vshape=[256,256,4,1] Keff=f16 Veff=f16 turbo_kv=1 prefer_native_vec=0 decode=1 dk=1 dv=1 unsafe_vec_after_turbo_v_decode=0 allow_vec=1 kernel=MMA_F16 need_f16_K=0 need_f16_V=0 Knb=[68,544,136,139264] Vnb=[34,272,68,69632] Keff_nb=[2,2048,512,524288] Veff_nb=[2,2048,512,524288]
CUDA_FA_ROUTE_SUPPORTED kernel=MMA_F16 effK=f16 effV=f16 supported=1
CUDA_FA_ROUTE_PLAN device=0 Q=[256,1,16,1] Kraw=turbo4_tcq Vraw=turbo2 Kshape=[256,256,4,1] Vshape=[256,256,4,1] Keff=f16 Veff=f16 turbo_kv=1 prefer_native_vec=0 decode=1 dk=1 dv=1 unsafe_vec_after_turbo_v_decode=0 allow_vec=1 kernel=MMA_F16 need_f16_K=0 need_f16_V=0 Knb=[68,544,136,139264] Vnb=[34,272,68,69632] Keff_nb=[2,2048,512,524288] Veff_nb=[2,2048,512,524288]
CUDA_FA_ROUTE_SUPPORTED kernel=MMA_F16 effK=f16 effV=f16 supported=1
CUDA_FA_ROUTE_PLAN device=0 Q=[256,1,16,1] Kraw=turbo4_tcq Vraw=turbo2 Kshape=[256,256,4,1] Vshape=[256,256,4,1] Keff=f16 Veff=f16 turbo_kv=1 prefer_native_vec=0 decode=1 dk=1 dv=1 unsafe_vec_after_turbo_v_decode=0 allow_vec=1 kernel=MMA_F16 need_f16_K=0 need_f16_V=0 Knb=[68,544,136,139264] Vnb=[34,272,68,69632] Keff_nb=[2,2048,512,524288] Veff_nb=[2,2048,512,524288]
CUDA_FA_ROUTE_SUPPORTED kernel=MMA_F16 effK=f16 effV=f16 supported=1
CUDA_FA_ROUTE_PLAN device=0 Q=[256,1,16,1] Kraw=turbo4_tcq Vraw=turbo2 Kshape=[256,256,4,1] Vshape=[256,256,4,1] Keff=f16 Veff=f16 turbo_kv=1 prefer_native_vec=0 decode=1 dk=1 dv=1 unsafe_vec_after_turbo_v_decode=0 allow_vec=1 kernel=MMA_F16 need_f16_K=0 need_f16_V=0 Knb=[68,544,136,139264] Vnb=[34,272,68,69632] Keff_nb=[2,2048,512,524288] Veff_nb=[2,2048,512,524288]
CUDA_FA_ROUTE_SUPPORTED kernel=MMA_F16 effK=f16 effV=f16 supported=1
CUDA_FA_ROUTE_PLAN device=0 Q=[256,1,16,1] Kraw=turbo4_tcq Vraw=turbo2 Kshape=[256,256,4,1] Vshape=[256,256,4,1] Keff=f16 Veff=f16 turbo_kv=1 prefer_native_vec=0 decode=1 dk=1 dv=1 unsafe_vec_after_turbo_v_decode=0 allow_vec=1 kernel=MMA_F16 need_f16_K=0 need_f16_V=0 Knb=[68,544,136,139264] Vnb=[34,272,68,69632] Keff_nb=[2,2048,512,524288] Veff_nb=[2,2048,512,524288]
CUDA_FA_ROUTE_SUPPORTED kernel=MMA_F16 effK=f16 effV=f16 supported=1
CUDA_FA_ROUTE_PLAN device=0 Q=[256,1,16,1] Kraw=turbo4_tcq Vraw=turbo2 Kshape=[256,256,4,1] Vshape=[256,256,4,1] Keff=f16 Veff=f16 turbo_kv=1 prefer_native_vec=0 decode=1 dk=1 dv=1 unsafe_vec_after_turbo_v_decode=0 allow_vec=1 kernel=MMA_F16 need_f16_K=0 need_f16_V=0 Knb=[68,544,136,139264] Vnb=[34,272,68,69632] Keff_nb=[2,2048,512,524288] Veff_nb=[2,2048,512,524288]
CUDA_FA_ROUTE_SUPPORTED kernel=MMA_F16 effK=f16 effV=f16 supported=1
CUDA_FA_ROUTE_PLAN device=0 Q=[256,1,16,1] Kraw=turbo4_tcq Vraw=turbo2 Kshape=[256,256,4,1] Vshape=[256,256,4,1] Keff=f16 Veff=f16 turbo_kv=1 prefer_native_vec=0 decode=1 dk=1 dv=1 unsafe_vec_after_turbo_v_decode=0 allow_vec=1 kernel=MMA_F16 need_f16_K=0 need_f16_V=0 Knb=[68,544,136,139264] Vnb=[34,272,68,69632] Keff_nb=[2,2048,512,524288] Veff_nb=[2,2048,512,524288]
CUDA_FA_ROUTE_SUPPORTED kernel=MMA_F16 effK=f16 effV=f16 supported=1
CUDA_FA_ROUTE_PLAN device=0 Q=[256,1,16,1] Kraw=turbo4_tcq Vraw=turbo2 Kshape=[256,256,4,1] Vshape=[256,256,4,1] Keff=f16 Veff=f16 turbo_kv=1 prefer_native_vec=0 decode=1 dk=1 dv=1 unsafe_vec_after_turbo_v_decode=0 allow_vec=1 kernel=MMA_F16 need_f16_K=0 need_f16_V=0 Knb=[68,544,136,139264] Vnb=[34,272,68,69632] Keff_nb=[2,2048,512,524288] Veff_nb=[2,2048,512,524288]
CUDA_FA_ROUTE_SUPPORTED kernel=MMA_F16 effK=f16 effV=f16 supported=1
CUDA_FA_ROUTE_PLAN device=0 Q=[256,1,16,1] Kraw=turbo4_tcq Vraw=turbo2 Kshape=[256,256,4,1] Vshape=[256,256,4,1] Keff=f16 Veff=f16 turbo_kv=1 prefer_native_vec=0 decode=1 dk=1 dv=1 unsafe_vec_after_turbo_v_decode=0 allow_vec=1 kernel=MMA_F16 need_f16_K=0 need_f16_V=0 Knb=[68,544,136,139264] Vnb=[34,272,68,69632] Keff_nb=[2,2048,512,524288] Veff_nb=[2,2048,512,524288]
CUDA_FA_ROUTE_SUPPORTED kernel=MMA_F16 effK=f16 effV=f16 supported=1
CUDA_FA_ROUTE_PLAN device=0 Q=[256,256,16,1] Kraw=turbo4_tcq Vraw=turbo2 Kshape=[256,256,4,1] Vshape=[256,256,4,1] Keff=f16 Veff=f16 turbo_kv=1 prefer_native_vec=0 decode=1 dk=1 dv=1 unsafe_vec_after_turbo_v_decode=0 allow_vec=1 kernel=MMA_F16 need_f16_K=0 need_f16_V=0 Knb=[68,544,136,139264] Vnb=[34,272,68,69632] Keff_nb=[2,2048,512,524288] Veff_nb=[2,2048,512,524288]
CUDA_FA_ROUTE_SUPPORTED kernel=MMA_F16 effK=f16 effV=f16 supported=1
CUDA_FA_ROUTE_PLAN device=0 Q=[256,256,16,1] Kraw=turbo4_tcq Vraw=turbo2 Kshape=[256,256,4,1] Vshape=[256,256,4,1] Keff=f16 Veff=f16 turbo_kv=1 prefer_native_vec=0 decode=1 dk=1 dv=1 unsafe_vec_after_turbo_v_decode=0 allow_vec=1 kernel=MMA_F16 need_f16_K=0 need_f16_V=0 Knb=[68,544,136,139264] Vnb=[34,272,68,69632] Keff_nb=[2,2048,512,524288] Veff_nb=[2,2048,512,524288]
CUDA_FA_ROUTE_SUPPORTED kernel=MMA_F16 effK=f16 effV=f16 supported=1
CUDA_FA_ROUTE_PLAN device=0 Q=[256,256,16,1] Kraw=turbo4_tcq Vraw=turbo2 Kshape=[256,256,4,1] Vshape=[256,256,4,1] Keff=f16 Veff=f16 turbo_kv=1 prefer_native_vec=0 decode=1 dk=1 dv=1 unsafe_vec_after_turbo_v_decode=0 allow_vec=1 kernel=MMA_F16 need_f16_K=0 need_f16_V=0 Knb=[68,544,136,139264] Vnb=[34,272,68,69632] Keff_nb=[2,2048,512,524288] Veff_nb=[2,2048,512,524288]
CUDA_FA_ROUTE_SUPPORTED kernel=MMA_F16 effK=f16 effV=f16 supported=1
CUDA_FA_ROUTE_PLAN device=0 Q=[256,256,16,1] Kraw=turbo4_tcq Vraw=turbo2 Kshape=[256,256,4,1] Vshape=[256,256,4,1] Keff=f16 Veff=f16 turbo_kv=1 prefer_native_vec=0 decode=1 dk=1 dv=1 unsafe_vec_after_turbo_v_decode=0 allow_vec=1 kernel=MMA_F16 need_f16_K=0 need_f16_V=0 Knb=[68,544,136,139264] Vnb=[34,272,68,69632] Keff_nb=[2,2048,512,524288] Veff_nb=[2,2048,512,524288]
CUDA_FA_ROUTE_SUPPORTED kernel=MMA_F16 effK=f16 effV=f16 supported=1
CUDA_FA_ROUTE_PLAN device=0 Q=[256,256,16,1] Kraw=turbo4_tcq Vraw=turbo2 Kshape=[256,256,4,1] Vshape=[256,256,4,1] Keff=f16 Veff=f16 turbo_kv=1 prefer_native_vec=0 decode=1 dk=1 dv=1 unsafe_vec_after_turbo_v_decode=0 allow_vec=1 kernel=MMA_F16 need_f16_K=0 need_f16_V=0 Knb=[68,544,136,139264] Vnb=[34,272,68,69632] Keff_nb=[2,2048,512,524288] Veff_nb=[2,2048,512,524288]
CUDA_FA_ROUTE_SUPPORTED kernel=MMA_F16 effK=f16 effV=f16 supported=1
CUDA_FA_ROUTE_PLAN device=0 Q=[256,256,16,1] Kraw=turbo4_tcq Vraw=turbo2 Kshape=[256,256,4,1] Vshape=[256,256,4,1] Keff=f16 Veff=f16 turbo_kv=1 prefer_native_vec=0 decode=1 dk=1 dv=1 unsafe_vec_after_turbo_v_decode=0 allow_vec=1 kernel=MMA_F16 need_f16_K=0 need_f16_V=0 Knb=[68,544,136,139264] Vnb=[34,272,68,69632] Keff_nb=[2,2048,512,524288] Veff_nb=[2,2048,512,524288]
CUDA_FA_ROUTE_SUPPORTED kernel=MMA_F16 effK=f16 effV=f16 supported=1
CUDA_FA_ROUTE_PLAN device=0 Q=[256,256,16,1] Kraw=turbo4_tcq Vraw=turbo2 Kshape=[256,256,4,1] Vshape=[256,256,4,1] Keff=f16 Veff=f16 turbo_kv=1 prefer_native_vec=0 decode=1 dk=1 dv=1 unsafe_vec_after_turbo_v_decode=0 allow_vec=1 kernel=MMA_F16 need_f16_K=0 need_f16_V=0 Knb=[68,544,136,139264] Vnb=[34,272,68,69632] Keff_nb=[2,2048,512,524288] Veff_nb=[2,2048,512,524288]
CUDA_FA_ROUTE_SUPPORTED kernel=MMA_F16 effK=f16 effV=f16 supported=1
CUDA_FA_ROUTE_PLAN device=0 Q=[256,256,16,1] Kraw=turbo4_tcq Vraw=turbo2 Kshape=[256,256,4,1] Vshape=[256,256,4,1] Keff=f16 Veff=f16 turbo_kv=1 prefer_native_vec=0 decode=1 dk=1 dv=1 unsafe_vec_after_turbo_v_decode=0 allow_vec=1 kernel=MMA_F16 need_f16_K=0 need_f16_V=0 Knb=[68,544,136,139264] Vnb=[34,272,68,69632] Keff_nb=[2,2048,512,524288] Veff_nb=[2,2048,512,524288]
CUDA_FA_ROUTE_SUPPORTED kernel=MMA_F16 effK=f16 effV=f16 supported=1
CUDA_FA_ROUTE_PLAN device=0 Q=[256,256,16,1] Kraw=turbo4_tcq Vraw=turbo2 Kshape=[256,256,4,1] Vshape=[256,256,4,1] Keff=f16 Veff=f16 turbo_kv=1 prefer_native_vec=0 decode=1 dk=1 dv=1 unsafe_vec_after_turbo_v_decode=0 allow_vec=1 kernel=MMA_F16 need_f16_K=0 need_f16_V=0 Knb=[68,544,136,139264] Vnb=[34,272,68,69632] Keff_nb=[2,2048,512,524288] Veff_nb=[2,2048,512,524288]
CUDA_FA_ROUTE_ALLOC kernel=MMA_F16 need_f16_K=0 need_f16_V=0 workspace_end_offset=4194304 dst_data=(nil) f16_K=(nil) f16_V=(nil) f16_end=0x400000
CUDA_FA_ROUTE_PLAN device=0 Q=[256,256,16,1] Kraw=turbo4_tcq Vraw=turbo2 Kshape=[256,256,4,1] Vshape=[256,256,4,1] Keff=f16 Veff=f16 turbo_kv=1 prefer_native_vec=0 decode=1 dk=1 dv=1 unsafe_vec_after_turbo_v_decode=0 allow_vec=1 kernel=MMA_F16 need_f16_K=0 need_f16_V=0 Knb=[68,544,136,139264] Vnb=[34,272,68,69632] Keff_nb=[2,2048,512,524288] Veff_nb=[2,2048,512,524288]
CUDA_FA_ROUTE_ALLOC kernel=MMA_F16 need_f16_K=0 need_f16_V=0 workspace_end_offset=4194304 dst_data=(nil) f16_K=(nil) f16_V=(nil) f16_end=0x400000
CUDA_FA_ROUTE_PLAN device=0 Q=[256,256,16,1] Kraw=turbo4_tcq Vraw=turbo2 Kshape=[256,256,4,1] Vshape=[256,256,4,1] Keff=f16 Veff=f16 turbo_kv=1 prefer_native_vec=0 decode=1 dk=1 dv=1 unsafe_vec_after_turbo_v_decode=0 allow_vec=1 kernel=MMA_F16 need_f16_K=0 need_f16_V=0 Knb=[68,544,136,139264] Vnb=[34,272,68,69632] Keff_nb=[2,2048,512,524288] Veff_nb=[2,2048,512,524288]
CUDA_FA_ROUTE_ALLOC kernel=MMA_F16 need_f16_K=0 need_f16_V=0 workspace_end_offset=4194304 dst_data=(nil) f16_K=(nil) f16_V=(nil) f16_end=0x400000
CUDA_FA_ROUTE_PLAN device=0 Q=[256,256,16,1] Kraw=turbo4_tcq Vraw=turbo2 Kshape=[256,256,4,1] Vshape=[256,256,4,1] Keff=f16 Veff=f16 turbo_kv=1 prefer_native_vec=0 decode=1 dk=1 dv=1 unsafe_vec_after_turbo_v_decode=0 allow_vec=1 kernel=MMA_F16 need_f16_K=0 need_f16_V=0 Knb=[68,544,136,139264] Vnb=[34,272,68,69632] Keff_nb=[2,2048,512,524288] Veff_nb=[2,2048,512,524288]
CUDA_FA_ROUTE_ALLOC kernel=MMA_F16 need_f16_K=0 need_f16_V=0 workspace_end_offset=4194304 dst_data=(nil) f16_K=(nil) f16_V=(nil) f16_end=0x400000
CUDA_FA_ROUTE_PLAN device=0 Q=[256,256,16,1] Kraw=turbo4_tcq Vraw=turbo2 Kshape=[256,256,4,1] Vshape=[256,256,4,1] Keff=f16 Veff=f16 turbo_kv=1 prefer_native_vec=0 decode=1 dk=1 dv=1 unsafe_vec_after_turbo_v_decode=0 allow_vec=1 kernel=MMA_F16 need_f16_K=0 need_f16_V=0 Knb=[68,544,136,139264] Vnb=[34,272,68,69632] Keff_nb=[2,2048,512,524288] Veff_nb=[2,2048,512,524288]
CUDA_FA_ROUTE_ALLOC kernel=MMA_F16 need_f16_K=0 need_f16_V=0 workspace_end_offset=4194304 dst_data=(nil) f16_K=(nil) f16_V=(nil) f16_end=0x400000
CUDA_FA_ROUTE_PLAN device=0 Q=[256,256,16,1] Kraw=turbo4_tcq Vraw=turbo2 Kshape=[256,256,4,1] Vshape=[256,256,4,1] Keff=f16 Veff=f16 turbo_kv=1 prefer_native_vec=0 decode=1 dk=1 dv=1 unsafe_vec_after_turbo_v_decode=0 allow_vec=1 kernel=MMA_F16 need_f16_K=0 need_f16_V=0 Knb=[68,544,136,139264] Vnb=[34,272,68,69632] Keff_nb=[2,2048,512,524288] Veff_nb=[2,2048,512,524288]
CUDA_FA_ROUTE_ALLOC kernel=MMA_F16 need_f16_K=0 need_f16_V=0 workspace_end_offset=4194304 dst_data=(nil) f16_K=(nil) f16_V=(nil) f16_end=0x400000
CUDA_FA_ROUTE_PLAN device=0 Q=[256,256,16,1] Kraw=turbo4_tcq Vraw=turbo2 Kshape=[256,256,4,1] Vshape=[256,256,4,1] Keff=f16 Veff=f16 turbo_kv=1 prefer_native_vec=0 decode=1 dk=1 dv=1 unsafe_vec_after_turbo_v_decode=0 allow_vec=1 kernel=MMA_F16 need_f16_K=0 need_f16_V=0 Knb=[68,544,136,139264] Vnb=[34,272,68,69632] Keff_nb=[2,2048,512,524288] Veff_nb=[2,2048,512,524288]
CUDA_FA_ROUTE_ALLOC kernel=MMA_F16 need_f16_K=0 need_f16_V=0 workspace_end_offset=4194304 dst_data=(nil) f16_K=(nil) f16_V=(nil) f16_end=0x400000
CUDA_FA_ROUTE_PLAN device=0 Q=[256,256,16,1] Kraw=turbo4_tcq Vraw=turbo2 Kshape=[256,256,4,1] Vshape=[256,256,4,1] Keff=f16 Veff=f16 turbo_kv=1 prefer_native_vec=0 decode=1 dk=1 dv=1 unsafe_vec_after_turbo_v_decode=0 allow_vec=1 kernel=MMA_F16 need_f16_K=0 need_f16_V=0 Knb=[68,544,136,139264] Vnb=[34,272,68,69632] Keff_nb=[2,2048,512,524288] Veff_nb=[2,2048,512,524288]
CUDA_FA_ROUTE_ALLOC kernel=MMA_F16 need_f16_K=0 need_f16_V=0 workspace_end_offset=4194304 dst_data=(nil) f16_K=(nil) f16_V=(nil) f16_end=0x400000
CUDA_FA_ROUTE_PLAN device=0 Q=[256,256,16,1] Kraw=turbo4_tcq Vraw=turbo2 Kshape=[256,256,4,1] Vshape=[256,256,4,1] Keff=f16 Veff=f16 turbo_kv=1 prefer_native_vec=0 decode=1 dk=1 dv=1 unsafe_vec_after_turbo_v_decode=0 allow_vec=1 kernel=MMA_F16 need_f16_K=0 need_f16_V=0 Knb=[68,544,136,139264] Vnb=[34,272,68,69632] Keff_nb=[2,2048,512,524288] Veff_nb=[2,2048,512,524288]
CUDA_FA_ROUTE_ALLOC kernel=MMA_F16 need_f16_K=0 need_f16_V=0 workspace_end_offset=4194304 dst_data=(nil) f16_K=(nil) f16_V=(nil) f16_end=0x400000
CUDA_FA_ROUTE_PLAN device=0 Q=[256,256,16,1] Kraw=turbo4_tcq Vraw=turbo2 Kshape=[256,256,4,1] Vshape=[256,256,4,1] Keff=f16 Veff=f16 turbo_kv=1 prefer_native_vec=0 decode=1 dk=1 dv=1 unsafe_vec_after_turbo_v_decode=0 allow_vec=1 kernel=MMA_F16 need_f16_K=0 need_f16_V=0 Knb=[68,544,136,139264] Vnb=[34,272,68,69632] Keff_nb=[2,2048,512,524288] Veff_nb=[2,2048,512,524288]
CUDA_FA_ROUTE_ALLOC kernel=MMA_F16 need_f16_K=0 need_f16_V=0 workspace_end_offset=4194304 dst_data=(nil) f16_K=(nil) f16_V=(nil) f16_end=0x400000
CUDA_FA_ROUTE_PLAN device=0 Q=[256,256,16,1] Kraw=turbo4_tcq Vraw=turbo2 Kshape=[256,256,4,1] Vshape=[256,256,4,1] Keff=f16 Veff=f16 turbo_kv=1 prefer_native_vec=0 decode=1 dk=1 dv=1 unsafe_vec_after_turbo_v_decode=0 allow_vec=1 kernel=MMA_F16 need_f16_K=0 need_f16_V=0 Knb=[68,544,136,139264] Vnb=[34,272,68,69632] Keff_nb=[2,2048,512,524288] Veff_nb=[2,2048,512,524288]
CUDA_FA_ROUTE_ALLOC kernel=MMA_F16 need_f16_K=0 need_f16_V=0 workspace_end_offset=4194304 dst_data=(nil) f16_K=(nil) f16_V=(nil) f16_end=0x400000
CUDA_FA_ROUTE_PLAN device=0 Q=[256,256,16,1] Kraw=turbo4_tcq Vraw=turbo2 Kshape=[256,256,4,1] Vshape=[256,256,4,1] Keff=f16 Veff=f16 turbo_kv=1 prefer_native_vec=0 decode=1 dk=1 dv=1 unsafe_vec_after_turbo_v_decode=0 allow_vec=1 kernel=MMA_F16 need_f16_K=0 need_f16_V=0 Knb=[68,544,136,139264] Vnb=[34,272,68,69632] Keff_nb=[2,2048,512,524288] Veff_nb=[2,2048,512,524288]
CUDA_FA_ROUTE_ALLOC kernel=MMA_F16 need_f16_K=0 need_f16_V=0 workspace_end_offset=4194304 dst_data=(nil) f16_K=(nil) f16_V=(nil) f16_end=0x400000
CUDA_FA_ROUTE_PLAN device=0 Q=[256,256,16,1] Kraw=turbo4_tcq Vraw=turbo2 Kshape=[256,256,4,1] Vshape=[256,256,4,1] Keff=f16 Veff=f16 turbo_kv=1 prefer_native_vec=0 decode=1 dk=1 dv=1 unsafe_vec_after_turbo_v_decode=0 allow_vec=1 kernel=MMA_F16 need_f16_K=0 need_f16_V=0 Knb=[68,544,136,139264] Vnb=[34,272,68,69632] Keff_nb=[2,2048,512,524288] Veff_nb=[2,2048,512,524288]
CUDA_FA_ROUTE_ALLOC kernel=MMA_F16 need_f16_K=0 need_f16_V=0 workspace_end_offset=4194304 dst_data=(nil) f16_K=(nil) f16_V=(nil) f16_end=0x400000
CUDA_FA_ROUTE_PLAN device=0 Q=[256,256,16,1] Kraw=turbo4_tcq Vraw=turbo2 Kshape=[256,256,4,1] Vshape=[256,256,4,1] Keff=f16 Veff=f16 turbo_kv=1 prefer_native_vec=0 decode=1 dk=1 dv=1 unsafe_vec_after_turbo_v_decode=0 allow_vec=1 kernel=MMA_F16 need_f16_K=0 need_f16_V=0 Knb=[68,544,136,139264] Vnb=[34,272,68,69632] Keff_nb=[2,2048,512,524288] Veff_nb=[2,2048,512,524288]
CUDA_FA_ROUTE_ALLOC kernel=MMA_F16 need_f16_K=0 need_f16_V=0 workspace_end_offset=4194304 dst_data=(nil) f16_K=(nil) f16_V=(nil) f16_end=0x400000
CUDA_FA_ROUTE_PLAN device=0 Q=[256,256,16,1] Kraw=turbo4_tcq Vraw=turbo2 Kshape=[256,256,4,1] Vshape=[256,256,4,1] Keff=f16 Veff=f16 turbo_kv=1 prefer_native_vec=0 decode=1 dk=1 dv=1 unsafe_vec_after_turbo_v_decode=0 allow_vec=1 kernel=MMA_F16 need_f16_K=0 need_f16_V=0 Knb=[68,544,136,139264] Vnb=[34,272,68,69632] Keff_nb=[2,2048,512,524288] Veff_nb=[2,2048,512,524288]
CUDA_FA_ROUTE_ALLOC kernel=MMA_F16 need_f16_K=0 need_f16_V=0 workspace_end_offset=4194304 dst_data=(nil) f16_K=(nil) f16_V=(nil) f16_end=0x400000
CUDA_FA_ROUTE_PLAN device=0 Q=[256,256,16,1] Kraw=turbo4_tcq Vraw=turbo2 Kshape=[256,256,4,1] Vshape=[256,256,4,1] Keff=f16 Veff=f16 turbo_kv=1 prefer_native_vec=0 decode=1 dk=1 dv=1 unsafe_vec_after_turbo_v_decode=0 allow_vec=1 kernel=MMA_F16 need_f16_K=0 need_f16_V=0 Knb=[68,544,136,139264] Vnb=[34,272,68,69632] Keff_nb=[2,2048,512,524288] Veff_nb=[2,2048,512,524288]
CUDA_FA_ROUTE_ALLOC kernel=MMA_F16 need_f16_K=0 need_f16_V=0 workspace_end_offset=4194304 dst_data=(nil) f16_K=(nil) f16_V=(nil) f16_end=0x400000
CUDA_FA_ROUTE_PLAN device=0 Q=[256,256,16,1] Kraw=turbo4_tcq Vraw=turbo2 Kshape=[256,256,4,1] Vshape=[256,256,4,1] Keff=f16 Veff=f16 turbo_kv=1 prefer_native_vec=0 decode=1 dk=1 dv=1 unsafe_vec_after_turbo_v_decode=0 allow_vec=1 kernel=MMA_F16 need_f16_K=0 need_f16_V=0 Knb=[68,544,136,139264] Vnb=[34,272,68,69632] Keff_nb=[2,2048,512,524288] Veff_nb=[2,2048,512,524288]
CUDA_FA_ROUTE_ALLOC kernel=MMA_F16 need_f16_K=0 need_f16_V=0 workspace_end_offset=4194304 dst_data=(nil) f16_K=(nil) f16_V=(nil) f16_end=0x400000
CUDA_FA_ROUTE_PLAN device=0 Q=[256,256,16,1] Kraw=turbo4_tcq Vraw=turbo2 Kshape=[256,256,4,1] Vshape=[256,256,4,1] Keff=f16 Veff=f16 turbo_kv=1 prefer_native_vec=0 decode=1 dk=1 dv=1 unsafe_vec_after_turbo_v_decode=0 allow_vec=1 kernel=MMA_F16 need_f16_K=0 need_f16_V=0 Knb=[68,544,136,139264] Vnb=[34,272,68,69632] Keff_nb=[2,2048,512,524288] Veff_nb=[2,2048,512,524288]
CUDA_FA_ROUTE_ALLOC kernel=MMA_F16 need_f16_K=0 need_f16_V=0 workspace_end_offset=4194304 dst_data=(nil) f16_K=(nil) f16_V=(nil) f16_end=0x400000
CUDA_FA_ROUTE_PLAN device=0 Q=[256,256,16,1] Kraw=turbo4_tcq Vraw=turbo2 Kshape=[256,256,4,1] Vshape=[256,256,4,1] Keff=f16 Veff=f16 turbo_kv=1 prefer_native_vec=0 decode=1 dk=1 dv=1 unsafe_vec_after_turbo_v_decode=0 allow_vec=1 kernel=MMA_F16 need_f16_K=0 need_f16_V=0 Knb=[68,544,136,139264] Vnb=[34,272,68,69632] Keff_nb=[2,2048,512,524288] Veff_nb=[2,2048,512,524288]
CUDA_FA_ROUTE_ALLOC kernel=MMA_F16 need_f16_K=0 need_f16_V=0 workspace_end_offset=4194304 dst_data=(nil) f16_K=(nil) f16_V=(nil) f16_end=0x400000
CUDA_FA_ROUTE_PLAN device=0 Q=[256,256,16,1] Kraw=turbo4_tcq Vraw=turbo2 Kshape=[256,256,4,1] Vshape=[256,256,4,1] Keff=f16 Veff=f16 turbo_kv=1 prefer_native_vec=0 decode=1 dk=1 dv=1 unsafe_vec_after_turbo_v_decode=0 allow_vec=1 kernel=MMA_F16 need_f16_K=0 need_f16_V=0 Knb=[68,544,136,139264] Vnb=[34,272,68,69632] Keff_nb=[2,2048,512,524288] Veff_nb=[2,2048,512,524288]
CUDA_FA_ROUTE_ALLOC kernel=MMA_F16 need_f16_K=0 need_f16_V=0 workspace_end_offset=4194304 dst_data=(nil) f16_K=(nil) f16_V=(nil) f16_end=0x400000
CUDA_FA_ROUTE_PLAN device=0 Q=[256,256,16,1] Kraw=turbo4_tcq Vraw=turbo2 Kshape=[256,256,4,1] Vshape=[256,256,4,1] Keff=f16 Veff=f16 turbo_kv=1 prefer_native_vec=0 decode=1 dk=1 dv=1 unsafe_vec_after_turbo_v_decode=0 allow_vec=1 kernel=MMA_F16 need_f16_K=0 need_f16_V=0 Knb=[68,544,136,139264] Vnb=[34,272,68,69632] Keff_nb=[2,2048,512,524288] Veff_nb=[2,2048,512,524288]
CUDA_FA_ROUTE_ALLOC kernel=MMA_F16 need_f16_K=0 need_f16_V=0 workspace_end_offset=4194304 dst_data=(nil) f16_K=(nil) f16_V=(nil) f16_end=0x400000
CUDA_FA_ROUTE_PLAN device=0 Q=[256,256,16,1] Kraw=turbo4_tcq Vraw=turbo2 Kshape=[256,256,4,1] Vshape=[256,256,4,1] Keff=f16 Veff=f16 turbo_kv=1 prefer_native_vec=0 decode=1 dk=1 dv=1 unsafe_vec_after_turbo_v_decode=0 allow_vec=1 kernel=MMA_F16 need_f16_K=0 need_f16_V=0 Knb=[68,544,136,139264] Vnb=[34,272,68,69632] Keff_nb=[2,2048,512,524288] Veff_nb=[2,2048,512,524288]
CUDA_FA_ROUTE_ALLOC kernel=MMA_F16 need_f16_K=0 need_f16_V=0 workspace_end_offset=4194304 dst_data=(nil) f16_K=(nil) f16_V=(nil) f16_end=0x400000
CUDA_FA_ROUTE_PLAN device=0 Q=[256,256,16,1] Kraw=turbo4_tcq Vraw=turbo2 Kshape=[256,256,4,1] Vshape=[256,256,4,1] Keff=f16 Veff=f16 turbo_kv=1 prefer_native_vec=0 decode=1 dk=1 dv=1 unsafe_vec_after_turbo_v_decode=0 allow_vec=1 kernel=MMA_F16 need_f16_K=0 need_f16_V=0 Knb=[68,544,136,139264] Vnb=[34,272,68,69632] Keff_nb=[2,2048,512,524288] Veff_nb=[2,2048,512,524288]
CUDA_FA_ROUTE_ALLOC kernel=MMA_F16 need_f16_K=0 need_f16_V=0 workspace_end_offset=4194304 dst_data=(nil) f16_K=(nil) f16_V=(nil) f16_end=0x400000
CUDA_FA_ROUTE_PLAN device=0 Q=[256,256,16,1] Kraw=turbo4_tcq Vraw=turbo2 Kshape=[256,256,4,1] Vshape=[256,256,4,1] Keff=f16 Veff=f16 turbo_kv=1 prefer_native_vec=0 decode=1 dk=1 dv=1 unsafe_vec_after_turbo_v_decode=0 allow_vec=1 kernel=MMA_F16 need_f16_K=0 need_f16_V=0 Knb=[68,544,136,139264] Vnb=[34,272,68,69632] Keff_nb=[2,2048,512,524288] Veff_nb=[2,2048,512,524288]
CUDA_FA_ROUTE_ALLOC kernel=MMA_F16 need_f16_K=0 need_f16_V=0 workspace_end_offset=4194304 dst_data=(nil) f16_K=(nil) f16_V=(nil) f16_end=0x400000
CUDA_FA_ROUTE_PLAN device=0 Q=[256,256,16,1] Kraw=turbo4_tcq Vraw=turbo2 Kshape=[256,256,4,1] Vshape=[256,256,4,1] Keff=f16 Veff=f16 turbo_kv=1 prefer_native_vec=0 decode=1 dk=1 dv=1 unsafe_vec_after_turbo_v_decode=0 allow_vec=1 kernel=MMA_F16 need_f16_K=0 need_f16_V=0 Knb=[68,544,136,139264] Vnb=[34,272,68,69632] Keff_nb=[2,2048,512,524288] Veff_nb=[2,2048,512,524288]
CUDA_FA_ROUTE_ALLOC kernel=MMA_F16 need_f16_K=0 need_f16_V=0 workspace_end_offset=4194304 dst_data=(nil) f16_K=(nil) f16_V=(nil) f16_end=0x400000
CUDA_FA_ROUTE_PLAN device=0 Q=[256,256,16,1] Kraw=turbo4_tcq Vraw=turbo2 Kshape=[256,256,4,1] Vshape=[256,256,4,1] Keff=f16 Veff=f16 turbo_kv=1 prefer_native_vec=0 decode=1 dk=1 dv=1 unsafe_vec_after_turbo_v_decode=0 allow_vec=1 kernel=MMA_F16 need_f16_K=0 need_f16_V=0 Knb=[68,544,136,139264] Vnb=[34,272,68,69632] Keff_nb=[2,2048,512,524288] Veff_nb=[2,2048,512,524288]
CUDA_FA_ROUTE_ALLOC kernel=MMA_F16 need_f16_K=0 need_f16_V=0 workspace_end_offset=4194304 dst_data=(nil) f16_K=(nil) f16_V=(nil) f16_end=0x400000
CUDA_FA_ROUTE_PLAN device=0 Q=[256,256,16,1] Kraw=turbo4_tcq Vraw=turbo2 Kshape=[256,256,4,1] Vshape=[256,256,4,1] Keff=f16 Veff=f16 turbo_kv=1 prefer_native_vec=0 decode=1 dk=1 dv=1 unsafe_vec_after_turbo_v_decode=0 allow_vec=1 kernel=MMA_F16 need_f16_K=0 need_f16_V=0 Knb=[68,544,136,139264] Vnb=[34,272,68,69632] Keff_nb=[2,2048,512,524288] Veff_nb=[2,2048,512,524288]
CUDA_FA_ROUTE_ALLOC kernel=MMA_F16 need_f16_K=0 need_f16_V=0 workspace_end_offset=4194304 dst_data=(nil) f16_K=(nil) f16_V=(nil) f16_end=0x400000
CUDA_FA_ROUTE_PLAN device=0 Q=[256,256,16,1] Kraw=turbo4_tcq Vraw=turbo2 Kshape=[256,256,4,1] Vshape=[256,256,4,1] Keff=f16 Veff=f16 turbo_kv=1 prefer_native_vec=0 decode=1 dk=1 dv=1 unsafe_vec_after_turbo_v_decode=0 allow_vec=1 kernel=MMA_F16 need_f16_K=0 need_f16_V=0 Knb=[68,544,136,139264] Vnb=[34,272,68,69632] Keff_nb=[2,2048,512,524288] Veff_nb=[2,2048,512,524288]
CUDA_FA_ROUTE_ALLOC kernel=MMA_F16 need_f16_K=0 need_f16_V=0 workspace_end_offset=4194304 dst_data=(nil) f16_K=(nil) f16_V=(nil) f16_end=0x400000
CUDA_FA_ROUTE_PLAN device=0 Q=[256,256,16,1] Kraw=turbo4_tcq Vraw=turbo2 Kshape=[256,256,4,1] Vshape=[256,256,4,1] Keff=f16 Veff=f16 turbo_kv=1 prefer_native_vec=0 decode=1 dk=1 dv=1 unsafe_vec_after_turbo_v_decode=0 allow_vec=1 kernel=MMA_F16 need_f16_K=0 need_f16_V=0 Knb=[68,544,136,139264] Vnb=[34,272,68,69632] Keff_nb=[2,2048,512,524288] Veff_nb=[2,2048,512,524288]
CUDA_FA_ROUTE_ALLOC kernel=MMA_F16 need_f16_K=0 need_f16_V=0 workspace_end_offset=4194304 dst_data=(nil) f16_K=(nil) f16_V=(nil) f16_end=0x400000
CUDA_FA_ROUTE_PLAN device=0 Q=[256,256,16,1] Kraw=turbo4_tcq Vraw=turbo2 Kshape=[256,256,4,1] Vshape=[256,256,4,1] Keff=f16 Veff=f16 turbo_kv=1 prefer_native_vec=0 decode=1 dk=1 dv=1 unsafe_vec_after_turbo_v_decode=0 allow_vec=1 kernel=MMA_F16 need_f16_K=0 need_f16_V=0 Knb=[68,544,136,139264] Vnb=[34,272,68,69632] Keff_nb=[2,2048,512,524288] Veff_nb=[2,2048,512,524288]
CUDA_FA_ROUTE_ALLOC kernel=MMA_F16 need_f16_K=0 need_f16_V=0 workspace_end_offset=4194304 dst_data=(nil) f16_K=(nil) f16_V=(nil) f16_end=0x400000
CUDA_FA_ROUTE_PLAN device=0 Q=[256,256,16,1] Kraw=turbo4_tcq Vraw=turbo2 Kshape=[256,256,4,1] Vshape=[256,256,4,1] Keff=f16 Veff=f16 turbo_kv=1 prefer_native_vec=0 decode=1 dk=1 dv=1 unsafe_vec_after_turbo_v_decode=0 allow_vec=1 kernel=MMA_F16 need_f16_K=0 need_f16_V=0 Knb=[68,544,136,139264] Vnb=[34,272,68,69632] Keff_nb=[2,2048,512,524288] Veff_nb=[2,2048,512,524288]
CUDA_FA_ROUTE_ALLOC kernel=MMA_F16 need_f16_K=0 need_f16_V=0 workspace_end_offset=4194304 dst_data=(nil) f16_K=(nil) f16_V=(nil) f16_end=0x400000
CUDA_FA_ROUTE_PLAN device=0 Q=[256,256,16,1] Kraw=turbo4_tcq Vraw=turbo2 Kshape=[256,256,4,1] Vshape=[256,256,4,1] Keff=f16 Veff=f16 turbo_kv=1 prefer_native_vec=0 decode=1 dk=1 dv=1 unsafe_vec_after_turbo_v_decode=0 allow_vec=1 kernel=MMA_F16 need_f16_K=0 need_f16_V=0 Knb=[68,544,136,139264] Vnb=[34,272,68,69632] Keff_nb=[2,2048,512,524288] Veff_nb=[2,2048,512,524288]
CUDA_FA_ROUTE_ALLOC kernel=MMA_F16 need_f16_K=0 need_f16_V=0 workspace_end_offset=4194304 dst_data=(nil) f16_K=(nil) f16_V=(nil) f16_end=0x400000
CUDA_FA_ROUTE_PLAN device=0 Q=[256,1,16,1] Kraw=turbo4_tcq Vraw=turbo2 Kshape=[256,256,4,1] Vshape=[256,256,4,1] Keff=f16 Veff=f16 turbo_kv=1 prefer_native_vec=0 decode=1 dk=1 dv=1 unsafe_vec_after_turbo_v_decode=0 allow_vec=1 kernel=MMA_F16 need_f16_K=0 need_f16_V=0 Knb=[68,544,136,139264] Vnb=[34,272,68,69632] Keff_nb=[2,2048,512,524288] Veff_nb=[2,2048,512,524288]
CUDA_FA_ROUTE_SUPPORTED kernel=MMA_F16 effK=f16 effV=f16 supported=1
CUDA_FA_ROUTE_PLAN device=0 Q=[256,1,16,1] Kraw=turbo4_tcq Vraw=turbo2 Kshape=[256,256,4,1] Vshape=[256,256,4,1] Keff=f16 Veff=f16 turbo_kv=1 prefer_native_vec=0 decode=1 dk=1 dv=1 unsafe_vec_after_turbo_v_decode=0 allow_vec=1 kernel=MMA_F16 need_f16_K=0 need_f16_V=0 Knb=[68,544,136,139264] Vnb=[34,272,68,69632] Keff_nb=[2,2048,512,524288] Veff_nb=[2,2048,512,524288]
CUDA_FA_ROUTE_SUPPORTED kernel=MMA_F16 effK=f16 effV=f16 supported=1
CUDA_FA_ROUTE_PLAN device=0 Q=[256,1,16,1] Kraw=turbo4_tcq Vraw=turbo2 Kshape=[256,256,4,1] Vshape=[256,256,4,1] Keff=f16 Veff=f16 turbo_kv=1 prefer_native_vec=0 decode=1 dk=1 dv=1 unsafe_vec_after_turbo_v_decode=0 allow_vec=1 kernel=MMA_F16 need_f16_K=0 need_f16_V=0 Knb=[68,544,136,139264] Vnb=[34,272,68,69632] Keff_nb=[2,2048,512,524288] Veff_nb=[2,2048,512,524288]
CUDA_FA_ROUTE_SUPPORTED kernel=MMA_F16 effK=f16 effV=f16 supported=1
CUDA_FA_ROUTE_PLAN device=0 Q=[256,1,16,1] Kraw=turbo4_tcq Vraw=turbo2 Kshape=[256,256,4,1] Vshape=[256,256,4,1] Keff=f16 Veff=f16 turbo_kv=1 prefer_native_vec=0 decode=1 dk=1 dv=1 unsafe_vec_after_turbo_v_decode=0 allow_vec=1 kernel=MMA_F16 need_f16_K=0 need_f16_V=0 Knb=[68,544,136,139264] Vnb=[34,272,68,69632] Keff_nb=[2,2048,512,524288] Veff_nb=[2,2048,512,524288]
CUDA_FA_ROUTE_SUPPORTED kernel=MMA_F16 effK=f16 effV=f16 supported=1
CUDA_FA_ROUTE_PLAN device=0 Q=[256,1,16,1] Kraw=turbo4_tcq Vraw=turbo2 Kshape=[256,256,4,1] Vshape=[256,256,4,1] Keff=f16 Veff=f16 turbo_kv=1 prefer_native_vec=0 decode=1 dk=1 dv=1 unsafe_vec_after_turbo_v_decode=0 allow_vec=1 kernel=MMA_F16 need_f16_K=0 need_f16_V=0 Knb=[68,544,136,139264] Vnb=[34,272,68,69632] Keff_nb=[2,2048,512,524288] Veff_nb=[2,2048,512,524288]
CUDA_FA_ROUTE_SUPPORTED kernel=MMA_F16 effK=f16 effV=f16 supported=1
CUDA_FA_ROUTE_PLAN device=0 Q=[256,1,16,1] Kraw=turbo4_tcq Vraw=turbo2 Kshape=[256,256,4,1] Vshape=[256,256,4,1] Keff=f16 Veff=f16 turbo_kv=1 prefer_native_vec=0 decode=1 dk=1 dv=1 unsafe_vec_after_turbo_v_decode=0 allow_vec=1 kernel=MMA_F16 need_f16_K=0 need_f16_V=0 Knb=[68,544,136,139264] Vnb=[34,272,68,69632] Keff_nb=[2,2048,512,524288] Veff_nb=[2,2048,512,524288]
CUDA_FA_ROUTE_SUPPORTED kernel=MMA_F16 effK=f16 effV=f16 supported=1
CUDA_FA_ROUTE_PLAN device=0 Q=[256,1,16,1] Kraw=turbo4_tcq Vraw=turbo2 Kshape=[256,256,4,1] Vshape=[256,256,4,1] Keff=f16 Veff=f16 turbo_kv=1 prefer_native_vec=0 decode=1 dk=1 dv=1 unsafe_vec_after_turbo_v_decode=0 allow_vec=1 kernel=MMA_F16 need_f16_K=0 need_f16_V=0 Knb=[68,544,136,139264] Vnb=[34,272,68,69632] Keff_nb=[2,2048,512,524288] Veff_nb=[2,2048,512,524288]
CUDA_FA_ROUTE_SUPPORTED kernel=MMA_F16 effK=f16 effV=f16 supported=1
CUDA_FA_ROUTE_PLAN device=0 Q=[256,1,16,1] Kraw=turbo4_tcq Vraw=turbo2 Kshape=[256,256,4,1] Vshape=[256,256,4,1] Keff=f16 Veff=f16 turbo_kv=1 prefer_native_vec=0 decode=1 dk=1 dv=1 unsafe_vec_after_turbo_v_decode=0 allow_vec=1 kernel=MMA_F16 need_f16_K=0 need_f16_V=0 Knb=[68,544,136,139264] Vnb=[34,272,68,69632] Keff_nb=[2,2048,512,524288] Veff_nb=[2,2048,512,524288]
CUDA_FA_ROUTE_SUPPORTED kernel=MMA_F16 effK=f16 effV=f16 supported=1
CUDA_FA_ROUTE_PLAN device=0 Q=[256,256,16,1] Kraw=turbo4_tcq Vraw=turbo2 Kshape=[256,256,4,1] Vshape=[256,256,4,1] Keff=f16 Veff=f16 turbo_kv=1 prefer_native_vec=0 decode=1 dk=1 dv=1 unsafe_vec_after_turbo_v_decode=0 allow_vec=1 kernel=MMA_F16 need_f16_K=0 need_f16_V=0 Knb=[68,544,136,139264] Vnb=[34,272,68,69632] Keff_nb=[2,2048,512,524288] Veff_nb=[2,2048,512,524288]
CUDA_FA_ROUTE_SUPPORTED kernel=MMA_F16 effK=f16 effV=f16 supported=1
CUDA_FA_ROUTE_PLAN device=0 Q=[256,256,16,1] Kraw=turbo4_tcq Vraw=turbo2 Kshape=[256,256,4,1] Vshape=[256,256,4,1] Keff=f16 Veff=f16 turbo_kv=1 prefer_native_vec=0 decode=1 dk=1 dv=1 unsafe_vec_after_turbo_v_decode=0 allow_vec=1 kernel=MMA_F16 need_f16_K=0 need_f16_V=0 Knb=[68,544,136,139264] Vnb=[34,272,68,69632] Keff_nb=[2,2048,512,524288] Veff_nb=[2,2048,512,524288]
CUDA_FA_ROUTE_SUPPORTED kernel=MMA_F16 effK=f16 effV=f16 supported=1
CUDA_FA_ROUTE_PLAN device=0 Q=[256,256,16,1] Kraw=turbo4_tcq Vraw=turbo2 Kshape=[256,256,4,1] Vshape=[256,256,4,1] Keff=f16 Veff=f16 turbo_kv=1 prefer_native_vec=0 decode=1 dk=1 dv=1 unsafe_vec_after_turbo_v_decode=0 allow_vec=1 kernel=MMA_F16 need_f16_K=0 need_f16_V=0 Knb=[68,544,136,139264] Vnb=[34,272,68,69632] Keff_nb=[2,2048,512,524288] Veff_nb=[2,2048,512,524288]
CUDA_FA_ROUTE_SUPPORTED kernel=MMA_F16 effK=f16 effV=f16 supported=1
CUDA_FA_ROUTE_PLAN device=0 Q=[256,256,16,1] Kraw=turbo4_tcq Vraw=turbo2 Kshape=[256,256,4,1] Vshape=[256,256,4,1] Keff=f16 Veff=f16 turbo_kv=1 prefer_native_vec=0 decode=1 dk=1 dv=1 unsafe_vec_after_turbo_v_decode=0 allow_vec=1 kernel=MMA_F16 need_f16_K=0 need_f16_V=0 Knb=[68,544,136,139264] Vnb=[34,272,68,69632] Keff_nb=[2,2048,512,524288] Veff_nb=[2,2048,512,524288]
CUDA_FA_ROUTE_SUPPORTED kernel=MMA_F16 effK=f16 effV=f16 supported=1
CUDA_FA_ROUTE_PLAN device=0 Q=[256,256,16,1] Kraw=turbo4_tcq Vraw=turbo2 Kshape=[256,256,4,1] Vshape=[256,256,4,1] Keff=f16 Veff=f16 turbo_kv=1 prefer_native_vec=0 decode=1 dk=1 dv=1 unsafe_vec_after_turbo_v_decode=0 allow_vec=1 kernel=MMA_F16 need_f16_K=0 need_f16_V=0 Knb=[68,544,136,139264] Vnb=[34,272,68,69632] Keff_nb=[2,2048,512,524288] Veff_nb=[2,2048,512,524288]
CUDA_FA_ROUTE_SUPPORTED kernel=MMA_F16 effK=f16 effV=f16 supported=1
CUDA_FA_ROUTE_PLAN device=0 Q=[256,256,16,1] Kraw=turbo4_tcq Vraw=turbo2 Kshape=[256,256,4,1] Vshape=[256,256,4,1] Keff=f16 Veff=f16 turbo_kv=1 prefer_native_vec=0 decode=1 dk=1 dv=1 unsafe_vec_after_turbo_v_decode=0 allow_vec=1 kernel=MMA_F16 need_f16_K=0 need_f16_V=0 Knb=[68,544,136,139264] Vnb=[34,272,68,69632] Keff_nb=[2,2048,512,524288] Veff_nb=[2,2048,512,524288]
CUDA_FA_ROUTE_SUPPORTED kernel=MMA_F16 effK=f16 effV=f16 supported=1
CUDA_FA_ROUTE_PLAN device=0 Q=[256,256,16,1] Kraw=turbo4_tcq Vraw=turbo2 Kshape=[256,256,4,1] Vshape=[256,256,4,1] Keff=f16 Veff=f16 turbo_kv=1 prefer_native_vec=0 decode=1 dk=1 dv=1 unsafe_vec_after_turbo_v_decode=0 allow_vec=1 kernel=MMA_F16 need_f16_K=0 need_f16_V=0 Knb=[68,544,136,139264] Vnb=[34,272,68,69632] Keff_nb=[2,2048,512,524288] Veff_nb=[2,2048,512,524288]
CUDA_FA_ROUTE_SUPPORTED kernel=MMA_F16 effK=f16 effV=f16 supported=1
CUDA_FA_ROUTE_PLAN device=0 Q=[256,256,16,1] Kraw=turbo4_tcq Vraw=turbo2 Kshape=[256,256,4,1] Vshape=[256,256,4,1] Keff=f16 Veff=f16 turbo_kv=1 prefer_native_vec=0 decode=1 dk=1 dv=1 unsafe_vec_after_turbo_v_decode=0 allow_vec=1 kernel=MMA_F16 need_f16_K=0 need_f16_V=0 Knb=[68,544,136,139264] Vnb=[34,272,68,69632] Keff_nb=[2,2048,512,524288] Veff_nb=[2,2048,512,524288]
CUDA_FA_ROUTE_SUPPORTED kernel=MMA_F16 effK=f16 effV=f16 supported=1
CUDA_FA_ROUTE_PLAN device=0 Q=[256,256,16,1] Kraw=turbo4_tcq Vraw=turbo2 Kshape=[256,256,4,1] Vshape=[256,256,4,1] Keff=f16 Veff=f16 turbo_kv=1 prefer_native_vec=0 decode=1 dk=1 dv=1 unsafe_vec_after_turbo_v_decode=0 allow_vec=1 kernel=MMA_F16 need_f16_K=0 need_f16_V=0 Knb=[68,544,136,139264] Vnb=[34,272,68,69632] Keff_nb=[2,2048,512,524288] Veff_nb=[2,2048,512,524288]
CUDA_FA_ROUTE_SUPPORTED kernel=MMA_F16 effK=f16 effV=f16 supported=1
CUDA_FA_ROUTE_PLAN device=0 Q=[256,256,16,1] Kraw=turbo4_tcq Vraw=turbo2 Kshape=[256,256,4,1] Vshape=[256,256,4,1] Keff=f16 Veff=f16 turbo_kv=1 prefer_native_vec=0 decode=1 dk=1 dv=1 unsafe_vec_after_turbo_v_decode=0 allow_vec=1 kernel=MMA_F16 need_f16_K=0 need_f16_V=0 Knb=[68,544,136,139264] Vnb=[34,272,68,69632] Keff_nb=[2,2048,512,524288] Veff_nb=[2,2048,512,524288]
CUDA_FA_ROUTE_SUPPORTED kernel=MMA_F16 effK=f16 effV=f16 supported=1
CUDA_FA_ROUTE_PLAN device=0 Q=[256,256,16,1] Kraw=turbo4_tcq Vraw=turbo2 Kshape=[256,256,4,1] Vshape=[256,256,4,1] Keff=f16 Veff=f16 turbo_kv=1 prefer_native_vec=0 decode=1 dk=1 dv=1 unsafe_vec_after_turbo_v_decode=0 allow_vec=1 kernel=MMA_F16 need_f16_K=0 need_f16_V=0 Knb=[68,544,136,139264] Vnb=[34,272,68,69632] Keff_nb=[2,2048,512,524288] Veff_nb=[2,2048,512,524288]
CUDA_FA_ROUTE_SUPPORTED kernel=MMA_F16 effK=f16 effV=f16 supported=1
CUDA_FA_ROUTE_PLAN device=0 Q=[256,256,16,1] Kraw=turbo4_tcq Vraw=turbo2 Kshape=[256,256,4,1] Vshape=[256,256,4,1] Keff=f16 Veff=f16 turbo_kv=1 prefer_native_vec=0 decode=1 dk=1 dv=1 unsafe_vec_after_turbo_v_decode=0 allow_vec=1 kernel=MMA_F16 need_f16_K=0 need_f16_V=0 Knb=[68,544,136,139264] Vnb=[34,272,68,69632] Keff_nb=[2,2048,512,524288] Veff_nb=[2,2048,512,524288]
CUDA_FA_ROUTE_SUPPORTED kernel=MMA_F16 effK=f16 effV=f16 supported=1
CUDA_FA_ROUTE_PLAN device=0 Q=[256,256,16,1] Kraw=turbo4_tcq Vraw=turbo2 Kshape=[256,256,4,1] Vshape=[256,256,4,1] Keff=f16 Veff=f16 turbo_kv=1 prefer_native_vec=0 decode=1 dk=1 dv=1 unsafe_vec_after_turbo_v_decode=0 allow_vec=1 kernel=MMA_F16 need_f16_K=0 need_f16_V=0 Knb=[68,544,136,139264] Vnb=[34,272,68,69632] Keff_nb=[2,2048,512,524288] Veff_nb=[2,2048,512,524288]
CUDA_FA_ROUTE_SUPPORTED kernel=MMA_F16 effK=f16 effV=f16 supported=1
CUDA_FA_ROUTE_PLAN device=0 Q=[256,256,16,1] Kraw=turbo4_tcq Vraw=turbo2 Kshape=[256,256,4,1] Vshape=[256,256,4,1] Keff=f16 Veff=f16 turbo_kv=1 prefer_native_vec=0 decode=1 dk=1 dv=1 unsafe_vec_after_turbo_v_decode=0 allow_vec=1 kernel=MMA_F16 need_f16_K=0 need_f16_V=0 Knb=[68,544,136,139264] Vnb=[34,272,68,69632] Keff_nb=[2,2048,512,524288] Veff_nb=[2,2048,512,524288]
CUDA_FA_ROUTE_SUPPORTED kernel=MMA_F16 effK=f16 effV=f16 supported=1
CUDA_FA_ROUTE_PLAN device=0 Q=[256,256,16,1] Kraw=turbo4_tcq Vraw=turbo2 Kshape=[256,256,4,1] Vshape=[256,256,4,1] Keff=f16 Veff=f16 turbo_kv=1 prefer_native_vec=0 decode=1 dk=1 dv=1 unsafe_vec_after_turbo_v_decode=0 allow_vec=1 kernel=MMA_F16 need_f16_K=0 need_f16_V=0 Knb=[68,544,136,139264] Vnb=[34,272,68,69632] Keff_nb=[2,2048,512,524288] Veff_nb=[2,2048,512,524288]
CUDA_FA_ROUTE_SUPPORTED kernel=MMA_F16 effK=f16 effV=f16 supported=1
CUDA_FA_ROUTE_PLAN device=0 Q=[256,256,16,1] Kraw=turbo4_tcq Vraw=turbo2 Kshape=[256,256,4,1] Vshape=[256,256,4,1] Keff=f16 Veff=f16 turbo_kv=1 prefer_native_vec=0 decode=1 dk=1 dv=1 unsafe_vec_after_turbo_v_decode=0 allow_vec=1 kernel=MMA_F16 need_f16_K=0 need_f16_V=0 Knb=[68,544,136,139264] Vnb=[34,272,68,69632] Keff_nb=[2,2048,512,524288] Veff_nb=[2,2048,512,524288]
CUDA_FA_ROUTE_SUPPORTED kernel=MMA_F16 effK=f16 effV=f16 supported=1
CUDA_FA_ROUTE_PLAN device=0 Q=[256,256,16,1] Kraw=turbo4_tcq Vraw=turbo2 Kshape=[256,256,4,1] Vshape=[256,256,4,1] Keff=f16 Veff=f16 turbo_kv=1 prefer_native_vec=0 decode=1 dk=1 dv=1 unsafe_vec_after_turbo_v_decode=0 allow_vec=1 kernel=MMA_F16 need_f16_K=0 need_f16_V=0 Knb=[68,544,136,139264] Vnb=[34,272,68,69632] Keff_nb=[2,2048,512,524288] Veff_nb=[2,2048,512,524288]
CUDA_FA_ROUTE_ALLOC kernel=MMA_F16 need_f16_K=0 need_f16_V=0 workspace_end_offset=4194304 dst_data=(nil) f16_K=(nil) f16_V=(nil) f16_end=0x400000
CUDA_FA_ROUTE_PLAN device=0 Q=[256,256,16,1] Kraw=turbo4_tcq Vraw=turbo2 Kshape=[256,256,4,1] Vshape=[256,256,4,1] Keff=f16 Veff=f16 turbo_kv=1 prefer_native_vec=0 decode=1 dk=1 dv=1 unsafe_vec_after_turbo_v_decode=0 allow_vec=1 kernel=MMA_F16 need_f16_K=0 need_f16_V=0 Knb=[68,544,136,139264] Vnb=[34,272,68,69632] Keff_nb=[2,2048,512,524288] Veff_nb=[2,2048,512,524288]
CUDA_FA_ROUTE_ALLOC kernel=MMA_F16 need_f16_K=0 need_f16_V=0 workspace_end_offset=4194304 dst_data=(nil) f16_K=(nil) f16_V=(nil) f16_end=0x400000
CUDA_FA_ROUTE_PLAN device=0 Q=[256,256,16,1] Kraw=turbo4_tcq Vraw=turbo2 Kshape=[256,256,4,1] Vshape=[256,256,4,1] Keff=f16 Veff=f16 turbo_kv=1 prefer_native_vec=0 decode=1 dk=1 dv=1 unsafe_vec_after_turbo_v_decode=0 allow_vec=1 kernel=MMA_F16 need_f16_K=0 need_f16_V=0 Knb=[68,544,136,139264] Vnb=[34,272,68,69632] Keff_nb=[2,2048,512,524288] Veff_nb=[2,2048,512,524288]
CUDA_FA_ROUTE_ALLOC kernel=MMA_F16 need_f16_K=0 need_f16_V=0 workspace_end_offset=4194304 dst_data=(nil) f16_K=(nil) f16_V=(nil) f16_end=0x400000
CUDA_FA_ROUTE_PLAN device=0 Q=[256,256,16,1] Kraw=turbo4_tcq Vraw=turbo2 Kshape=[256,256,4,1] Vshape=[256,256,4,1] Keff=f16 Veff=f16 turbo_kv=1 prefer_native_vec=0 decode=1 dk=1 dv=1 unsafe_vec_after_turbo_v_decode=0 allow_vec=1 kernel=MMA_F16 need_f16_K=0 need_f16_V=0 Knb=[68,544,136,139264] Vnb=[34,272,68,69632] Keff_nb=[2,2048,512,524288] Veff_nb=[2,2048,512,524288]
CUDA_FA_ROUTE_ALLOC kernel=MMA_F16 need_f16_K=0 need_f16_V=0 workspace_end_offset=4194304 dst_data=(nil) f16_K=(nil) f16_V=(nil) f16_end=0x400000
CUDA_FA_ROUTE_PLAN device=0 Q=[256,256,16,1] Kraw=turbo4_tcq Vraw=turbo2 Kshape=[256,256,4,1] Vshape=[256,256,4,1] Keff=f16 Veff=f16 turbo_kv=1 prefer_native_vec=0 decode=1 dk=1 dv=1 unsafe_vec_after_turbo_v_decode=0 allow_vec=1 kernel=MMA_F16 need_f16_K=0 need_f16_V=0 Knb=[68,544,136,139264] Vnb=[34,272,68,69632] Keff_nb=[2,2048,512,524288] Veff_nb=[2,2048,512,524288]
CUDA_FA_ROUTE_ALLOC kernel=MMA_F16 need_f16_K=0 need_f16_V=0 workspace_end_offset=4194304 dst_data=(nil) f16_K=(nil) f16_V=(nil) f16_end=0x400000
CUDA_FA_ROUTE_PLAN device=0 Q=[256,256,16,1] Kraw=turbo4_tcq Vraw=turbo2 Kshape=[256,256,4,1] Vshape=[256,256,4,1] Keff=f16 Veff=f16 turbo_kv=1 prefer_native_vec=0 decode=1 dk=1 dv=1 unsafe_vec_after_turbo_v_decode=0 allow_vec=1 kernel=MMA_F16 need_f16_K=0 need_f16_V=0 Knb=[68,544,136,139264] Vnb=[34,272,68,69632] Keff_nb=[2,2048,512,524288] Veff_nb=[2,2048,512,524288]
CUDA_FA_ROUTE_ALLOC kernel=MMA_F16 need_f16_K=0 need_f16_V=0 workspace_end_offset=4194304 dst_data=(nil) f16_K=(nil) f16_V=(nil) f16_end=0x400000
CUDA_FA_ROUTE_PLAN device=0 Q=[256,256,16,1] Kraw=turbo4_tcq Vraw=turbo2 Kshape=[256,256,4,1] Vshape=[256,256,4,1] Keff=f16 Veff=f16 turbo_kv=1 prefer_native_vec=0 decode=1 dk=1 dv=1 unsafe_vec_after_turbo_v_decode=0 allow_vec=1 kernel=MMA_F16 need_f16_K=0 need_f16_V=0 Knb=[68,544,136,139264] Vnb=[34,272,68,69632] Keff_nb=[2,2048,512,524288] Veff_nb=[2,2048,512,524288]
CUDA_FA_ROUTE_ALLOC kernel=MMA_F16 need_f16_K=0 need_f16_V=0 workspace_end_offset=4194304 dst_data=(nil) f16_K=(nil) f16_V=(nil) f16_end=0x400000
CUDA_FA_ROUTE_PLAN device=0 Q=[256,256,16,1] Kraw=turbo4_tcq Vraw=turbo2 Kshape=[256,256,4,1] Vshape=[256,256,4,1] Keff=f16 Veff=f16 turbo_kv=1 prefer_native_vec=0 decode=1 dk=1 dv=1 unsafe_vec_after_turbo_v_decode=0 allow_vec=1 kernel=MMA_F16 need_f16_K=0 need_f16_V=0 Knb=[68,544,136,139264] Vnb=[34,272,68,69632] Keff_nb=[2,2048,512,524288] Veff_nb=[2,2048,512,524288]
CUDA_FA_ROUTE_ALLOC kernel=MMA_F16 need_f16_K=0 need_f16_V=0 workspace_end_offset=4194304 dst_data=(nil) f16_K=(nil) f16_V=(nil) f16_end=0x400000
CUDA_FA_ROUTE_PLAN device=0 Q=[256,256,16,1] Kraw=turbo4_tcq Vraw=turbo2 Kshape=[256,256,4,1] Vshape=[256,256,4,1] Keff=f16 Veff=f16 turbo_kv=1 prefer_native_vec=0 decode=1 dk=1 dv=1 unsafe_vec_after_turbo_v_decode=0 allow_vec=1 kernel=MMA_F16 need_f16_K=0 need_f16_V=0 Knb=[68,544,136,139264] Vnb=[34,272,68,69632] Keff_nb=[2,2048,512,524288] Veff_nb=[2,2048,512,524288]
CUDA_FA_ROUTE_ALLOC kernel=MMA_F16 need_f16_K=0 need_f16_V=0 workspace_end_offset=4194304 dst_data=(nil) f16_K=(nil) f16_V=(nil) f16_end=0x400000
CUDA_FA_ROUTE_PLAN device=0 Q=[256,256,16,1] Kraw=turbo4_tcq Vraw=turbo2 Kshape=[256,256,4,1] Vshape=[256,256,4,1] Keff=f16 Veff=f16 turbo_kv=1 prefer_native_vec=0 decode=1 dk=1 dv=1 unsafe_vec_after_turbo_v_decode=0 allow_vec=1 kernel=MMA_F16 need_f16_K=0 need_f16_V=0 Knb=[68,544,136,139264] Vnb=[34,272,68,69632] Keff_nb=[2,2048,512,524288] Veff_nb=[2,2048,512,524288]
CUDA_FA_ROUTE_ALLOC kernel=MMA_F16 need_f16_K=0 need_f16_V=0 workspace_end_offset=4194304 dst_data=(nil) f16_K=(nil) f16_V=(nil) f16_end=0x400000
CUDA_FA_ROUTE_PLAN device=0 Q=[256,256,16,1] Kraw=turbo4_tcq Vraw=turbo2 Kshape=[256,256,4,1] Vshape=[256,256,4,1] Keff=f16 Veff=f16 turbo_kv=1 prefer_native_vec=0 decode=1 dk=1 dv=1 unsafe_vec_after_turbo_v_decode=0 allow_vec=1 kernel=MMA_F16 need_f16_K=0 need_f16_V=0 Knb=[68,544,136,139264] Vnb=[34,272,68,69632] Keff_nb=[2,2048,512,524288] Veff_nb=[2,2048,512,524288]
CUDA_FA_ROUTE_ALLOC kernel=MMA_F16 need_f16_K=0 need_f16_V=0 workspace_end_offset=4194304 dst_data=(nil) f16_K=(nil) f16_V=(nil) f16_end=0x400000
CUDA_FA_ROUTE_PLAN device=0 Q=[256,256,16,1] Kraw=turbo4_tcq Vraw=turbo2 Kshape=[256,256,4,1] Vshape=[256,256,4,1] Keff=f16 Veff=f16 turbo_kv=1 prefer_native_vec=0 decode=1 dk=1 dv=1 unsafe_vec_after_turbo_v_decode=0 allow_vec=1 kernel=MMA_F16 need_f16_K=0 need_f16_V=0 Knb=[68,544,136,139264] Vnb=[34,272,68,69632] Keff_nb=[2,2048,512,524288] Veff_nb=[2,2048,512,524288]
CUDA_FA_ROUTE_ALLOC kernel=MMA_F16 need_f16_K=0 need_f16_V=0 workspace_end_offset=4194304 dst_data=(nil) f16_K=(nil) f16_V=(nil) f16_end=0x400000
CUDA_FA_ROUTE_PLAN device=0 Q=[256,256,16,1] Kraw=turbo4_tcq Vraw=turbo2 Kshape=[256,256,4,1] Vshape=[256,256,4,1] Keff=f16 Veff=f16 turbo_kv=1 prefer_native_vec=0 decode=1 dk=1 dv=1 unsafe_vec_after_turbo_v_decode=0 allow_vec=1 kernel=MMA_F16 need_f16_K=0 need_f16_V=0 Knb=[68,544,136,139264] Vnb=[34,272,68,69632] Keff_nb=[2,2048,512,524288] Veff_nb=[2,2048,512,524288]
CUDA_FA_ROUTE_ALLOC kernel=MMA_F16 need_f16_K=0 need_f16_V=0 workspace_end_offset=4194304 dst_data=(nil) f16_K=(nil) f16_V=(nil) f16_end=0x400000
CUDA_FA_ROUTE_PLAN device=0 Q=[256,256,16,1] Kraw=turbo4_tcq Vraw=turbo2 Kshape=[256,256,4,1] Vshape=[256,256,4,1] Keff=f16 Veff=f16 turbo_kv=1 prefer_native_vec=0 decode=1 dk=1 dv=1 unsafe_vec_after_turbo_v_decode=0 allow_vec=1 kernel=MMA_F16 need_f16_K=0 need_f16_V=0 Knb=[68,544,136,139264] Vnb=[34,272,68,69632] Keff_nb=[2,2048,512,524288] Veff_nb=[2,2048,512,524288]
CUDA_FA_ROUTE_ALLOC kernel=MMA_F16 need_f16_K=0 need_f16_V=0 workspace_end_offset=4194304 dst_data=(nil) f16_K=(nil) f16_V=(nil) f16_end=0x400000
CUDA_FA_ROUTE_PLAN device=0 Q=[256,256,16,1] Kraw=turbo4_tcq Vraw=turbo2 Kshape=[256,256,4,1] Vshape=[256,256,4,1] Keff=f16 Veff=f16 turbo_kv=1 prefer_native_vec=0 decode=1 dk=1 dv=1 unsafe_vec_after_turbo_v_decode=0 allow_vec=1 kernel=MMA_F16 need_f16_K=0 need_f16_V=0 Knb=[68,544,136,139264] Vnb=[34,272,68,69632] Keff_nb=[2,2048,512,524288] Veff_nb=[2,2048,512,524288]
CUDA_FA_ROUTE_ALLOC kernel=MMA_F16 need_f16_K=0 need_f16_V=0 workspace_end_offset=4194304 dst_data=(nil) f16_K=(nil) f16_V=(nil) f16_end=0x400000
CUDA_FA_ROUTE_PLAN device=0 Q=[256,256,16,1] Kraw=turbo4_tcq Vraw=turbo2 Kshape=[256,256,4,1] Vshape=[256,256,4,1] Keff=f16 Veff=f16 turbo_kv=1 prefer_native_vec=0 decode=1 dk=1 dv=1 unsafe_vec_after_turbo_v_decode=0 allow_vec=1 kernel=MMA_F16 need_f16_K=0 need_f16_V=0 Knb=[68,544,136,139264] Vnb=[34,272,68,69632] Keff_nb=[2,2048,512,524288] Veff_nb=[2,2048,512,524288]
CUDA_FA_ROUTE_ALLOC kernel=MMA_F16 need_f16_K=0 need_f16_V=0 workspace_end_offset=4194304 dst_data=(nil) f16_K=(nil) f16_V=(nil) f16_end=0x400000
CUDA_FA_ROUTE_PLAN device=0 Q=[256,256,16,1] Kraw=turbo4_tcq Vraw=turbo2 Kshape=[256,256,4,1] Vshape=[256,256,4,1] Keff=f16 Veff=f16 turbo_kv=1 prefer_native_vec=0 decode=1 dk=1 dv=1 unsafe_vec_after_turbo_v_decode=0 allow_vec=1 kernel=MMA_F16 need_f16_K=0 need_f16_V=0 Knb=[68,544,136,139264] Vnb=[34,272,68,69632] Keff_nb=[2,2048,512,524288] Veff_nb=[2,2048,512,524288]
CUDA_FA_ROUTE_ALLOC kernel=MMA_F16 need_f16_K=0 need_f16_V=0 workspace_end_offset=4194304 dst_data=(nil) f16_K=(nil) f16_V=(nil) f16_end=0x400000
CUDA_FA_ROUTE_PLAN device=0 Q=[256,256,16,1] Kraw=turbo4_tcq Vraw=turbo2 Kshape=[256,256,4,1] Vshape=[256,256,4,1] Keff=f16 Veff=f16 turbo_kv=1 prefer_native_vec=0 decode=1 dk=1 dv=1 unsafe_vec_after_turbo_v_decode=0 allow_vec=1 kernel=MMA_F16 need_f16_K=0 need_f16_V=0 Knb=[68,544,136,139264] Vnb=[34,272,68,69632] Keff_nb=[2,2048,512,524288] Veff_nb=[2,2048,512,524288]
CUDA_FA_ROUTE_ALLOC kernel=MMA_F16 need_f16_K=0 need_f16_V=0 workspace_end_offset=4194304 dst_data=(nil) f16_K=(nil) f16_V=(nil) f16_end=0x400000
CUDA_FA_ROUTE_PLAN device=0 Q=[256,256,16,1] Kraw=turbo4_tcq Vraw=turbo2 Kshape=[256,256,4,1] Vshape=[256,256,4,1] Keff=f16 Veff=f16 turbo_kv=1 prefer_native_vec=0 decode=1 dk=1 dv=1 unsafe_vec_after_turbo_v_decode=0 allow_vec=1 kernel=MMA_F16 need_f16_K=0 need_f16_V=0 Knb=[68,544,136,139264] Vnb=[34,272,68,69632] Keff_nb=[2,2048,512,524288] Veff_nb=[2,2048,512,524288]
CUDA_FA_ROUTE_ALLOC kernel=MMA_F16 need_f16_K=0 need_f16_V=0 workspace_end_offset=4194304 dst_data=(nil) f16_K=(nil) f16_V=(nil) f16_end=0x400000
CUDA_FA_ROUTE_PLAN device=0 Q=[256,256,16,1] Kraw=turbo4_tcq Vraw=turbo2 Kshape=[256,256,4,1] Vshape=[256,256,4,1] Keff=f16 Veff=f16 turbo_kv=1 prefer_native_vec=0 decode=1 dk=1 dv=1 unsafe_vec_after_turbo_v_decode=0 allow_vec=1 kernel=MMA_F16 need_f16_K=0 need_f16_V=0 Knb=[68,544,136,139264] Vnb=[34,272,68,69632] Keff_nb=[2,2048,512,524288] Veff_nb=[2,2048,512,524288]
CUDA_FA_ROUTE_ALLOC kernel=MMA_F16 need_f16_K=0 need_f16_V=0 workspace_end_offset=4194304 dst_data=(nil) f16_K=(nil) f16_V=(nil) f16_end=0x400000
CUDA_FA_ROUTE_PLAN device=0 Q=[256,256,16,1] Kraw=turbo4_tcq Vraw=turbo2 Kshape=[256,256,4,1] Vshape=[256,256,4,1] Keff=f16 Veff=f16 turbo_kv=1 prefer_native_vec=0 decode=1 dk=1 dv=1 unsafe_vec_after_turbo_v_decode=0 allow_vec=1 kernel=MMA_F16 need_f16_K=0 need_f16_V=0 Knb=[68,544,136,139264] Vnb=[34,272,68,69632] Keff_nb=[2,2048,512,524288] Veff_nb=[2,2048,512,524288]
CUDA_FA_ROUTE_ALLOC kernel=MMA_F16 need_f16_K=0 need_f16_V=0 workspace_end_offset=4194304 dst_data=(nil) f16_K=(nil) f16_V=(nil) f16_end=0x400000
CUDA_FA_ROUTE_PLAN device=0 Q=[256,256,16,1] Kraw=turbo4_tcq Vraw=turbo2 Kshape=[256,256,4,1] Vshape=[256,256,4,1] Keff=f16 Veff=f16 turbo_kv=1 prefer_native_vec=0 decode=1 dk=1 dv=1 unsafe_vec_after_turbo_v_decode=0 allow_vec=1 kernel=MMA_F16 need_f16_K=0 need_f16_V=0 Knb=[68,544,136,139264] Vnb=[34,272,68,69632] Keff_nb=[2,2048,512,524288] Veff_nb=[2,2048,512,524288]
CUDA_FA_ROUTE_ALLOC kernel=MMA_F16 need_f16_K=0 need_f16_V=0 workspace_end_offset=4194304 dst_data=(nil) f16_K=(nil) f16_V=(nil) f16_end=0x400000
CUDA_FA_ROUTE_PLAN device=0 Q=[256,256,16,1] Kraw=turbo4_tcq Vraw=turbo2 Kshape=[256,256,4,1] Vshape=[256,256,4,1] Keff=f16 Veff=f16 turbo_kv=1 prefer_native_vec=0 decode=1 dk=1 dv=1 unsafe_vec_after_turbo_v_decode=0 allow_vec=1 kernel=MMA_F16 need_f16_K=0 need_f16_V=0 Knb=[68,544,136,139264] Vnb=[34,272,68,69632] Keff_nb=[2,2048,512,524288] Veff_nb=[2,2048,512,524288]
CUDA_FA_ROUTE_ALLOC kernel=MMA_F16 need_f16_K=0 need_f16_V=0 workspace_end_offset=4194304 dst_data=(nil) f16_K=(nil) f16_V=(nil) f16_end=0x400000
CUDA_FA_ROUTE_PLAN device=0 Q=[256,256,16,1] Kraw=turbo4_tcq Vraw=turbo2 Kshape=[256,256,4,1] Vshape=[256,256,4,1] Keff=f16 Veff=f16 turbo_kv=1 prefer_native_vec=0 decode=1 dk=1 dv=1 unsafe_vec_after_turbo_v_decode=0 allow_vec=1 kernel=MMA_F16 need_f16_K=0 need_f16_V=0 Knb=[68,544,136,139264] Vnb=[34,272,68,69632] Keff_nb=[2,2048,512,524288] Veff_nb=[2,2048,512,524288]
CUDA_FA_ROUTE_ALLOC kernel=MMA_F16 need_f16_K=0 need_f16_V=0 workspace_end_offset=4194304 dst_data=(nil) f16_K=(nil) f16_V=(nil) f16_end=0x400000
CUDA_FA_ROUTE_PLAN device=0 Q=[256,256,16,1] Kraw=turbo4_tcq Vraw=turbo2 Kshape=[256,256,4,1] Vshape=[256,256,4,1] Keff=f16 Veff=f16 turbo_kv=1 prefer_native_vec=0 decode=1 dk=1 dv=1 unsafe_vec_after_turbo_v_decode=0 allow_vec=1 kernel=MMA_F16 need_f16_K=0 need_f16_V=0 Knb=[68,544,136,139264] Vnb=[34,272,68,69632] Keff_nb=[2,2048,512,524288] Veff_nb=[2,2048,512,524288]
CUDA_FA_ROUTE_ALLOC kernel=MMA_F16 need_f16_K=0 need_f16_V=0 workspace_end_offset=4194304 dst_data=(nil) f16_K=(nil) f16_V=(nil) f16_end=0x400000
CUDA_FA_ROUTE_PLAN device=0 Q=[256,256,16,1] Kraw=turbo4_tcq Vraw=turbo2 Kshape=[256,256,4,1] Vshape=[256,256,4,1] Keff=f16 Veff=f16 turbo_kv=1 prefer_native_vec=0 decode=1 dk=1 dv=1 unsafe_vec_after_turbo_v_decode=0 allow_vec=1 kernel=MMA_F16 need_f16_K=0 need_f16_V=0 Knb=[68,544,136,139264] Vnb=[34,272,68,69632] Keff_nb=[2,2048,512,524288] Veff_nb=[2,2048,512,524288]
CUDA_FA_ROUTE_ALLOC kernel=MMA_F16 need_f16_K=0 need_f16_V=0 workspace_end_offset=4194304 dst_data=(nil) f16_K=(nil) f16_V=(nil) f16_end=0x400000
CUDA_FA_ROUTE_PLAN device=0 Q=[256,256,16,1] Kraw=turbo4_tcq Vraw=turbo2 Kshape=[256,256,4,1] Vshape=[256,256,4,1] Keff=f16 Veff=f16 turbo_kv=1 prefer_native_vec=0 decode=1 dk=1 dv=1 unsafe_vec_after_turbo_v_decode=0 allow_vec=1 kernel=MMA_F16 need_f16_K=0 need_f16_V=0 Knb=[68,544,136,139264] Vnb=[34,272,68,69632] Keff_nb=[2,2048,512,524288] Veff_nb=[2,2048,512,524288]
CUDA_FA_ROUTE_ALLOC kernel=MMA_F16 need_f16_K=0 need_f16_V=0 workspace_end_offset=4194304 dst_data=(nil) f16_K=(nil) f16_V=(nil) f16_end=0x400000
CUDA_FA_ROUTE_PLAN device=0 Q=[256,256,16,1] Kraw=turbo4_tcq Vraw=turbo2 Kshape=[256,256,4,1] Vshape=[256,256,4,1] Keff=f16 Veff=f16 turbo_kv=1 prefer_native_vec=0 decode=1 dk=1 dv=1 unsafe_vec_after_turbo_v_decode=0 allow_vec=1 kernel=MMA_F16 need_f16_K=0 need_f16_V=0 Knb=[68,544,136,139264] Vnb=[34,272,68,69632] Keff_nb=[2,2048,512,524288] Veff_nb=[2,2048,512,524288]
CUDA_FA_ROUTE_ALLOC kernel=MMA_F16 need_f16_K=0 need_f16_V=0 workspace_end_offset=4194304 dst_data=(nil) f16_K=(nil) f16_V=(nil) f16_end=0x400000
CUDA_FA_ROUTE_PLAN device=0 Q=[256,256,16,1] Kraw=turbo4_tcq Vraw=turbo2 Kshape=[256,256,4,1] Vshape=[256,256,4,1] Keff=f16 Veff=f16 turbo_kv=1 prefer_native_vec=0 decode=1 dk=1 dv=1 unsafe_vec_after_turbo_v_decode=0 allow_vec=1 kernel=MMA_F16 need_f16_K=0 need_f16_V=0 Knb=[68,544,136,139264] Vnb=[34,272,68,69632] Keff_nb=[2,2048,512,524288] Veff_nb=[2,2048,512,524288]
CUDA_FA_ROUTE_ALLOC kernel=MMA_F16 need_f16_K=0 need_f16_V=0 workspace_end_offset=4194304 dst_data=(nil) f16_K=(nil) f16_V=(nil) f16_end=0x400000
CUDA_FA_ROUTE_PLAN device=0 Q=[256,256,16,1] Kraw=turbo4_tcq Vraw=turbo2 Kshape=[256,256,4,1] Vshape=[256,256,4,1] Keff=f16 Veff=f16 turbo_kv=1 prefer_native_vec=0 decode=1 dk=1 dv=1 unsafe_vec_after_turbo_v_decode=0 allow_vec=1 kernel=MMA_F16 need_f16_K=0 need_f16_V=0 Knb=[68,544,136,139264] Vnb=[34,272,68,69632] Keff_nb=[2,2048,512,524288] Veff_nb=[2,2048,512,524288]
CUDA_FA_ROUTE_ALLOC kernel=MMA_F16 need_f16_K=0 need_f16_V=0 workspace_end_offset=4194304 dst_data=(nil) f16_K=(nil) f16_V=(nil) f16_end=0x400000
CUDA_FA_ROUTE_PLAN device=0 Q=[256,256,16,1] Kraw=turbo4_tcq Vraw=turbo2 Kshape=[256,256,4,1] Vshape=[256,256,4,1] Keff=f16 Veff=f16 turbo_kv=1 prefer_native_vec=0 decode=1 dk=1 dv=1 unsafe_vec_after_turbo_v_decode=0 allow_vec=1 kernel=MMA_F16 need_f16_K=0 need_f16_V=0 Knb=[68,544,136,139264] Vnb=[34,272,68,69632] Keff_nb=[2,2048,512,524288] Veff_nb=[2,2048,512,524288]
CUDA_FA_ROUTE_ALLOC kernel=MMA_F16 need_f16_K=0 need_f16_V=0 workspace_end_offset=4194304 dst_data=(nil) f16_K=(nil) f16_V=(nil) f16_end=0x400000
CUDA_FA_ROUTE_PLAN device=0 Q=[256,256,16,1] Kraw=turbo4_tcq Vraw=turbo2 Kshape=[256,256,4,1] Vshape=[256,256,4,1] Keff=f16 Veff=f16 turbo_kv=1 prefer_native_vec=0 decode=1 dk=1 dv=1 unsafe_vec_after_turbo_v_decode=0 allow_vec=1 kernel=MMA_F16 need_f16_K=0 need_f16_V=0 Knb=[68,544,136,139264] Vnb=[34,272,68,69632] Keff_nb=[2,2048,512,524288] Veff_nb=[2,2048,512,524288]
CUDA_FA_ROUTE_ALLOC kernel=MMA_F16 need_f16_K=0 need_f16_V=0 workspace_end_offset=4194304 dst_data=(nil) f16_K=(nil) f16_V=(nil) f16_end=0x400000
CUDA_FA_ROUTE_PLAN device=0 Q=[256,256,16,1] Kraw=turbo4_tcq Vraw=turbo2 Kshape=[256,256,4,1] Vshape=[256,256,4,1] Keff=f16 Veff=f16 turbo_kv=1 prefer_native_vec=0 decode=1 dk=1 dv=1 unsafe_vec_after_turbo_v_decode=0 allow_vec=1 kernel=MMA_F16 need_f16_K=0 need_f16_V=0 Knb=[68,544,136,139264] Vnb=[34,272,68,69632] Keff_nb=[2,2048,512,524288] Veff_nb=[2,2048,512,524288]
CUDA_FA_ROUTE_SUPPORTED kernel=MMA_F16 effK=f16 effV=f16 supported=1
CUDA_FA_ROUTE_PLAN device=0 Q=[256,256,16,1] Kraw=turbo4_tcq Vraw=turbo2 Kshape=[256,256,4,1] Vshape=[256,256,4,1] Keff=f16 Veff=f16 turbo_kv=1 prefer_native_vec=0 decode=1 dk=1 dv=1 unsafe_vec_after_turbo_v_decode=0 allow_vec=1 kernel=MMA_F16 need_f16_K=0 need_f16_V=0 Knb=[68,544,136,139264] Vnb=[34,272,68,69632] Keff_nb=[2,2048,512,524288] Veff_nb=[2,2048,512,524288]
CUDA_FA_ROUTE_SUPPORTED kernel=MMA_F16 effK=f16 effV=f16 supported=1
CUDA_FA_ROUTE_PLAN device=0 Q=[256,256,16,1] Kraw=turbo4_tcq Vraw=turbo2 Kshape=[256,256,4,1] Vshape=[256,256,4,1] Keff=f16 Veff=f16 turbo_kv=1 prefer_native_vec=0 decode=1 dk=1 dv=1 unsafe_vec_after_turbo_v_decode=0 allow_vec=1 kernel=MMA_F16 need_f16_K=0 need_f16_V=0 Knb=[68,544,136,139264] Vnb=[34,272,68,69632] Keff_nb=[2,2048,512,524288] Veff_nb=[2,2048,512,524288]
CUDA_FA_ROUTE_SUPPORTED kernel=MMA_F16 effK=f16 effV=f16 supported=1
CUDA_FA_ROUTE_PLAN device=0 Q=[256,256,16,1] Kraw=turbo4_tcq Vraw=turbo2 Kshape=[256,256,4,1] Vshape=[256,256,4,1] Keff=f16 Veff=f16 turbo_kv=1 prefer_native_vec=0 decode=1 dk=1 dv=1 unsafe_vec_after_turbo_v_decode=0 allow_vec=1 kernel=MMA_F16 need_f16_K=0 need_f16_V=0 Knb=[68,544,136,139264] Vnb=[34,272,68,69632] Keff_nb=[2,2048,512,524288] Veff_nb=[2,2048,512,524288]
CUDA_FA_ROUTE_SUPPORTED kernel=MMA_F16 effK=f16 effV=f16 supported=1
CUDA_FA_ROUTE_PLAN device=0 Q=[256,256,16,1] Kraw=turbo4_tcq Vraw=turbo2 Kshape=[256,256,4,1] Vshape=[256,256,4,1] Keff=f16 Veff=f16 turbo_kv=1 prefer_native_vec=0 decode=1 dk=1 dv=1 unsafe_vec_after_turbo_v_decode=0 allow_vec=1 kernel=MMA_F16 need_f16_K=0 need_f16_V=0 Knb=[68,544,136,139264] Vnb=[34,272,68,69632] Keff_nb=[2,2048,512,524288] Veff_nb=[2,2048,512,524288]
CUDA_FA_ROUTE_SUPPORTED kernel=MMA_F16 effK=f16 effV=f16 supported=1
CUDA_FA_ROUTE_PLAN device=0 Q=[256,256,16,1] Kraw=turbo4_tcq Vraw=turbo2 Kshape=[256,256,4,1] Vshape=[256,256,4,1] Keff=f16 Veff=f16 turbo_kv=1 prefer_native_vec=0 decode=1 dk=1 dv=1 unsafe_vec_after_turbo_v_decode=0 allow_vec=1 kernel=MMA_F16 need_f16_K=0 need_f16_V=0 Knb=[68,544,136,139264] Vnb=[34,272,68,69632] Keff_nb=[2,2048,512,524288] Veff_nb=[2,2048,512,524288]
CUDA_FA_ROUTE_SUPPORTED kernel=MMA_F16 effK=f16 effV=f16 supported=1
CUDA_FA_ROUTE_PLAN device=0 Q=[256,256,16,1] Kraw=turbo4_tcq Vraw=turbo2 Kshape=[256,256,4,1] Vshape=[256,256,4,1] Keff=f16 Veff=f16 turbo_kv=1 prefer_native_vec=0 decode=1 dk=1 dv=1 unsafe_vec_after_turbo_v_decode=0 allow_vec=1 kernel=MMA_F16 need_f16_K=0 need_f16_V=0 Knb=[68,544,136,139264] Vnb=[34,272,68,69632] Keff_nb=[2,2048,512,524288] Veff_nb=[2,2048,512,524288]
CUDA_FA_ROUTE_SUPPORTED kernel=MMA_F16 effK=f16 effV=f16 supported=1
CUDA_FA_ROUTE_PLAN device=0 Q=[256,256,16,1] Kraw=turbo4_tcq Vraw=turbo2 Kshape=[256,256,4,1] Vshape=[256,256,4,1] Keff=f16 Veff=f16 turbo_kv=1 prefer_native_vec=0 decode=1 dk=1 dv=1 unsafe_vec_after_turbo_v_decode=0 allow_vec=1 kernel=MMA_F16 need_f16_K=0 need_f16_V=0 Knb=[68,544,136,139264] Vnb=[34,272,68,69632] Keff_nb=[2,2048,512,524288] Veff_nb=[2,2048,512,524288]
CUDA_FA_ROUTE_SUPPORTED kernel=MMA_F16 effK=f16 effV=f16 supported=1
CUDA_FA_ROUTE_PLAN device=0 Q=[256,1,16,1] Kraw=turbo4_tcq Vraw=turbo2 Kshape=[256,256,4,1] Vshape=[256,256,4,1] Keff=f16 Veff=f16 turbo_kv=1 prefer_native_vec=0 decode=1 dk=1 dv=1 unsafe_vec_after_turbo_v_decode=0 allow_vec=1 kernel=MMA_F16 need_f16_K=0 need_f16_V=0 Knb=[68,544,136,139264] Vnb=[34,272,68,69632] Keff_nb=[2,2048,512,524288] Veff_nb=[2,2048,512,524288]
CUDA_FA_ROUTE_SUPPORTED kernel=MMA_F16 effK=f16 effV=f16 supported=1
CUDA_FA_ROUTE_PLAN device=0 Q=[256,1,16,1] Kraw=turbo4_tcq Vraw=turbo2 Kshape=[256,256,4,1] Vshape=[256,256,4,1] Keff=f16 Veff=f16 turbo_kv=1 prefer_native_vec=0 decode=1 dk=1 dv=1 unsafe_vec_after_turbo_v_decode=0 allow_vec=1 kernel=MMA_F16 need_f16_K=0 need_f16_V=0 Knb=[68,544,136,139264] Vnb=[34,272,68,69632] Keff_nb=[2,2048,512,524288] Veff_nb=[2,2048,512,524288]
CUDA_FA_ROUTE_SUPPORTED kernel=MMA_F16 effK=f16 effV=f16 supported=1
CUDA_FA_ROUTE_PLAN device=0 Q=[256,1,16,1] Kraw=turbo4_tcq Vraw=turbo2 Kshape=[256,256,4,1] Vshape=[256,256,4,1] Keff=f16 Veff=f16 turbo_kv=1 prefer_native_vec=0 decode=1 dk=1 dv=1 unsafe_vec_after_turbo_v_decode=0 allow_vec=1 kernel=MMA_F16 need_f16_K=0 need_f16_V=0 Knb=[68,544,136,139264] Vnb=[34,272,68,69632] Keff_nb=[2,2048,512,524288] Veff_nb=[2,2048,512,524288]
CUDA_FA_ROUTE_SUPPORTED kernel=MMA_F16 effK=f16 effV=f16 supported=1
CUDA_FA_ROUTE_PLAN device=0 Q=[256,1,16,1] Kraw=turbo4_tcq Vraw=turbo2 Kshape=[256,256,4,1] Vshape=[256,256,4,1] Keff=f16 Veff=f16 turbo_kv=1 prefer_native_vec=0 decode=1 dk=1 dv=1 unsafe_vec_after_turbo_v_decode=0 allow_vec=1 kernel=MMA_F16 need_f16_K=0 need_f16_V=0 Knb=[68,544,136,139264] Vnb=[34,272,68,69632] Keff_nb=[2,2048,512,524288] Veff_nb=[2,2048,512,524288]
CUDA_FA_ROUTE_SUPPORTED kernel=MMA_F16 effK=f16 effV=f16 supported=1
CUDA_FA_ROUTE_PLAN device=0 Q=[256,1,16,1] Kraw=turbo4_tcq Vraw=turbo2 Kshape=[256,256,4,1] Vshape=[256,256,4,1] Keff=f16 Veff=f16 turbo_kv=1 prefer_native_vec=0 decode=1 dk=1 dv=1 unsafe_vec_after_turbo_v_decode=0 allow_vec=1 kernel=MMA_F16 need_f16_K=0 need_f16_V=0 Knb=[68,544,136,139264] Vnb=[34,272,68,69632] Keff_nb=[2,2048,512,524288] Veff_nb=[2,2048,512,524288]
CUDA_FA_ROUTE_SUPPORTED kernel=MMA_F16 effK=f16 effV=f16 supported=1
CUDA_FA_ROUTE_PLAN device=0 Q=[256,1,16,1] Kraw=turbo4_tcq Vraw=turbo2 Kshape=[256,256,4,1] Vshape=[256,256,4,1] Keff=f16 Veff=f16 turbo_kv=1 prefer_native_vec=0 decode=1 dk=1 dv=1 unsafe_vec_after_turbo_v_decode=0 allow_vec=1 kernel=MMA_F16 need_f16_K=0 need_f16_V=0 Knb=[68,544,136,139264] Vnb=[34,272,68,69632] Keff_nb=[2,2048,512,524288] Veff_nb=[2,2048,512,524288]
CUDA_FA_ROUTE_SUPPORTED kernel=MMA_F16 effK=f16 effV=f16 supported=1
CUDA_FA_ROUTE_PLAN device=0 Q=[256,1,16,1] Kraw=turbo4_tcq Vraw=turbo2 Kshape=[256,256,4,1] Vshape=[256,256,4,1] Keff=f16 Veff=f16 turbo_kv=1 prefer_native_vec=0 decode=1 dk=1 dv=1 unsafe_vec_after_turbo_v_decode=0 allow_vec=1 kernel=MMA_F16 need_f16_K=0 need_f16_V=0 Knb=[68,544,136,139264] Vnb=[34,272,68,69632] Keff_nb=[2,2048,512,524288] Veff_nb=[2,2048,512,524288]
CUDA_FA_ROUTE_SUPPORTED kernel=MMA_F16 effK=f16 effV=f16 supported=1
CUDA_FA_ROUTE_PLAN device=0 Q=[256,1,16,1] Kraw=turbo4_tcq Vraw=turbo2 Kshape=[256,256,4,1] Vshape=[256,256,4,1] Keff=f16 Veff=f16 turbo_kv=1 prefer_native_vec=0 decode=1 dk=1 dv=1 unsafe_vec_after_turbo_v_decode=0 allow_vec=1 kernel=MMA_F16 need_f16_K=0 need_f16_V=0 Knb=[68,544,136,139264] Vnb=[34,272,68,69632] Keff_nb=[2,2048,512,524288] Veff_nb=[2,2048,512,524288]
CUDA_FA_ROUTE_SUPPORTED kernel=MMA_F16 effK=f16 effV=f16 supported=1
CUDA_FA_ROUTE_PLAN device=0 Q=[256,16,16,1] Kraw=turbo4_tcq Vraw=turbo2 Kshape=[256,256,4,1] Vshape=[256,256,4,1] Keff=f16 Veff=f16 turbo_kv=1 prefer_native_vec=0 decode=1 dk=1 dv=1 unsafe_vec_after_turbo_v_decode=0 allow_vec=1 kernel=MMA_F16 need_f16_K=0 need_f16_V=0 Knb=[68,544,136,139264] Vnb=[34,272,68,69632] Keff_nb=[2,2048,512,524288] Veff_nb=[2,2048,512,524288]
CUDA_FA_ROUTE_SUPPORTED kernel=MMA_F16 effK=f16 effV=f16 supported=1
CUDA_FA_ROUTE_PLAN device=0 Q=[256,16,16,1] Kraw=turbo4_tcq Vraw=turbo2 Kshape=[256,256,4,1] Vshape=[256,256,4,1] Keff=f16 Veff=f16 turbo_kv=1 prefer_native_vec=0 decode=1 dk=1 dv=1 unsafe_vec_after_turbo_v_decode=0 allow_vec=1 kernel=MMA_F16 need_f16_K=0 need_f16_V=0 Knb=[68,544,136,139264] Vnb=[34,272,68,69632] Keff_nb=[2,2048,512,524288] Veff_nb=[2,2048,512,524288]
CUDA_FA_ROUTE_SUPPORTED kernel=MMA_F16 effK=f16 effV=f16 supported=1
CUDA_FA_ROUTE_PLAN device=0 Q=[256,16,16,1] Kraw=turbo4_tcq Vraw=turbo2 Kshape=[256,256,4,1] Vshape=[256,256,4,1] Keff=f16 Veff=f16 turbo_kv=1 prefer_native_vec=0 decode=1 dk=1 dv=1 unsafe_vec_after_turbo_v_decode=0 allow_vec=1 kernel=MMA_F16 need_f16_K=0 need_f16_V=0 Knb=[68,544,136,139264] Vnb=[34,272,68,69632] Keff_nb=[2,2048,512,524288] Veff_nb=[2,2048,512,524288]
CUDA_FA_ROUTE_SUPPORTED kernel=MMA_F16 effK=f16 effV=f16 supported=1
CUDA_FA_ROUTE_PLAN device=0 Q=[256,16,16,1] Kraw=turbo4_tcq Vraw=turbo2 Kshape=[256,256,4,1] Vshape=[256,256,4,1] Keff=f16 Veff=f16 turbo_kv=1 prefer_native_vec=0 decode=1 dk=1 dv=1 unsafe_vec_after_turbo_v_decode=0 allow_vec=1 kernel=MMA_F16 need_f16_K=0 need_f16_V=0 Knb=[68,544,136,139264] Vnb=[34,272,68,69632] Keff_nb=[2,2048,512,524288] Veff_nb=[2,2048,512,524288]
CUDA_FA_ROUTE_SUPPORTED kernel=MMA_F16 effK=f16 effV=f16 supported=1
CUDA_FA_ROUTE_PLAN device=0 Q=[256,16,16,1] Kraw=turbo4_tcq Vraw=turbo2 Kshape=[256,256,4,1] Vshape=[256,256,4,1] Keff=f16 Veff=f16 turbo_kv=1 prefer_native_vec=0 decode=1 dk=1 dv=1 unsafe_vec_after_turbo_v_decode=0 allow_vec=1 kernel=MMA_F16 need_f16_K=0 need_f16_V=0 Knb=[68,544,136,139264] Vnb=[34,272,68,69632] Keff_nb=[2,2048,512,524288] Veff_nb=[2,2048,512,524288]
CUDA_FA_ROUTE_SUPPORTED kernel=MMA_F16 effK=f16 effV=f16 supported=1
CUDA_FA_ROUTE_PLAN device=0 Q=[256,16,16,1] Kraw=turbo4_tcq Vraw=turbo2 Kshape=[256,256,4,1] Vshape=[256,256,4,1] Keff=f16 Veff=f16 turbo_kv=1 prefer_native_vec=0 decode=1 dk=1 dv=1 unsafe_vec_after_turbo_v_decode=0 allow_vec=1 kernel=MMA_F16 need_f16_K=0 need_f16_V=0 Knb=[68,544,136,139264] Vnb=[34,272,68,69632] Keff_nb=[2,2048,512,524288] Veff_nb=[2,2048,512,524288]
CUDA_FA_ROUTE_SUPPORTED kernel=MMA_F16 effK=f16 effV=f16 supported=1
CUDA_FA_ROUTE_PLAN device=0 Q=[256,16,16,1] Kraw=turbo4_tcq Vraw=turbo2 Kshape=[256,256,4,1] Vshape=[256,256,4,1] Keff=f16 Veff=f16 turbo_kv=1 prefer_native_vec=0 decode=1 dk=1 dv=1 unsafe_vec_after_turbo_v_decode=0 allow_vec=1 kernel=MMA_F16 need_f16_K=0 need_f16_V=0 Knb=[68,544,136,139264] Vnb=[34,272,68,69632] Keff_nb=[2,2048,512,524288] Veff_nb=[2,2048,512,524288]
CUDA_FA_ROUTE_SUPPORTED kernel=MMA_F16 effK=f16 effV=f16 supported=1
CUDA_FA_ROUTE_PLAN device=0 Q=[256,16,16,1] Kraw=turbo4_tcq Vraw=turbo2 Kshape=[256,256,4,1] Vshape=[256,256,4,1] Keff=f16 Veff=f16 turbo_kv=1 prefer_native_vec=0 decode=1 dk=1 dv=1 unsafe_vec_after_turbo_v_decode=0 allow_vec=1 kernel=MMA_F16 need_f16_K=0 need_f16_V=0 Knb=[68,544,136,139264] Vnb=[34,272,68,69632] Keff_nb=[2,2048,512,524288] Veff_nb=[2,2048,512,524288]
CUDA_FA_ROUTE_SUPPORTED kernel=MMA_F16 effK=f16 effV=f16 supported=1
CUDA_FA_ROUTE_PLAN device=0 Q=[256,1,16,1] Kraw=turbo4_tcq Vraw=turbo2 Kshape=[256,256,4,1] Vshape=[256,256,4,1] Keff=f16 Veff=f16 turbo_kv=1 prefer_native_vec=0 decode=1 dk=1 dv=1 unsafe_vec_after_turbo_v_decode=0 allow_vec=1 kernel=MMA_F16 need_f16_K=0 need_f16_V=0 Knb=[68,544,136,139264] Vnb=[34,272,68,69632] Keff_nb=[2,2048,512,524288] Veff_nb=[2,2048,512,524288]
CUDA_FA_ROUTE_SUPPORTED kernel=MMA_F16 effK=f16 effV=f16 supported=1
CUDA_FA_ROUTE_PLAN device=0 Q=[256,1,16,1] Kraw=turbo4_tcq Vraw=turbo2 Kshape=[256,256,4,1] Vshape=[256,256,4,1] Keff=f16 Veff=f16 turbo_kv=1 prefer_native_vec=0 decode=1 dk=1 dv=1 unsafe_vec_after_turbo_v_decode=0 allow_vec=1 kernel=MMA_F16 need_f16_K=0 need_f16_V=0 Knb=[68,544,136,139264] Vnb=[34,272,68,69632] Keff_nb=[2,2048,512,524288] Veff_nb=[2,2048,512,524288]
CUDA_FA_ROUTE_SUPPORTED kernel=MMA_F16 effK=f16 effV=f16 supported=1
CUDA_FA_ROUTE_PLAN device=0 Q=[256,1,16,1] Kraw=turbo4_tcq Vraw=turbo2 Kshape=[256,256,4,1] Vshape=[256,256,4,1] Keff=f16 Veff=f16 turbo_kv=1 prefer_native_vec=0 decode=1 dk=1 dv=1 unsafe_vec_after_turbo_v_decode=0 allow_vec=1 kernel=MMA_F16 need_f16_K=0 need_f16_V=0 Knb=[68,544,136,139264] Vnb=[34,272,68,69632] Keff_nb=[2,2048,512,524288] Veff_nb=[2,2048,512,524288]
CUDA_FA_ROUTE_SUPPORTED kernel=MMA_F16 effK=f16 effV=f16 supported=1
CUDA_FA_ROUTE_PLAN device=0 Q=[256,1,16,1] Kraw=turbo4_tcq Vraw=turbo2 Kshape=[256,256,4,1] Vshape=[256,256,4,1] Keff=f16 Veff=f16 turbo_kv=1 prefer_native_vec=0 decode=1 dk=1 dv=1 unsafe_vec_after_turbo_v_decode=0 allow_vec=1 kernel=MMA_F16 need_f16_K=0 need_f16_V=0 Knb=[68,544,136,139264] Vnb=[34,272,68,69632] Keff_nb=[2,2048,512,524288] Veff_nb=[2,2048,512,524288]
CUDA_FA_ROUTE_SUPPORTED kernel=MMA_F16 effK=f16 effV=f16 supported=1
CUDA_FA_ROUTE_PLAN device=0 Q=[256,1,16,1] Kraw=turbo4_tcq Vraw=turbo2 Kshape=[256,256,4,1] Vshape=[256,256,4,1] Keff=f16 Veff=f16 turbo_kv=1 prefer_native_vec=0 decode=1 dk=1 dv=1 unsafe_vec_after_turbo_v_decode=0 allow_vec=1 kernel=MMA_F16 need_f16_K=0 need_f16_V=0 Knb=[68,544,136,139264] Vnb=[34,272,68,69632] Keff_nb=[2,2048,512,524288] Veff_nb=[2,2048,512,524288]
CUDA_FA_ROUTE_SUPPORTED kernel=MMA_F16 effK=f16 effV=f16 supported=1
CUDA_FA_ROUTE_PLAN device=0 Q=[256,1,16,1] Kraw=turbo4_tcq Vraw=turbo2 Kshape=[256,256,4,1] Vshape=[256,256,4,1] Keff=f16 Veff=f16 turbo_kv=1 prefer_native_vec=0 decode=1 dk=1 dv=1 unsafe_vec_after_turbo_v_decode=0 allow_vec=1 kernel=MMA_F16 need_f16_K=0 need_f16_V=0 Knb=[68,544,136,139264] Vnb=[34,272,68,69632] Keff_nb=[2,2048,512,524288] Veff_nb=[2,2048,512,524288]
CUDA_FA_ROUTE_SUPPORTED kernel=MMA_F16 effK=f16 effV=f16 supported=1
CUDA_FA_ROUTE_PLAN device=0 Q=[256,1,16,1] Kraw=turbo4_tcq Vraw=turbo2 Kshape=[256,256,4,1] Vshape=[256,256,4,1] Keff=f16 Veff=f16 turbo_kv=1 prefer_native_vec=0 decode=1 dk=1 dv=1 unsafe_vec_after_turbo_v_decode=0 allow_vec=1 kernel=MMA_F16 need_f16_K=0 need_f16_V=0 Knb=[68,544,136,139264] Vnb=[34,272,68,69632] Keff_nb=[2,2048,512,524288] Veff_nb=[2,2048,512,524288]
CUDA_FA_ROUTE_SUPPORTED kernel=MMA_F16 effK=f16 effV=f16 supported=1
CUDA_FA_ROUTE_PLAN device=0 Q=[256,1,16,1] Kraw=turbo4_tcq Vraw=turbo2 Kshape=[256,256,4,1] Vshape=[256,256,4,1] Keff=f16 Veff=f16 turbo_kv=1 prefer_native_vec=0 decode=1 dk=1 dv=1 unsafe_vec_after_turbo_v_decode=0 allow_vec=1 kernel=MMA_F16 need_f16_K=0 need_f16_V=0 Knb=[68,544,136,139264] Vnb=[34,272,68,69632] Keff_nb=[2,2048,512,524288] Veff_nb=[2,2048,512,524288]
CUDA_FA_ROUTE_SUPPORTED kernel=MMA_F16 effK=f16 effV=f16 supported=1
CUDA_FA_ROUTE_PLAN device=0 Q=[256,256,16,1] Kraw=turbo4_tcq Vraw=turbo2 Kshape=[256,256,4,1] Vshape=[256,256,4,1] Keff=f16 Veff=f16 turbo_kv=1 prefer_native_vec=0 decode=1 dk=1 dv=1 unsafe_vec_after_turbo_v_decode=0 allow_vec=1 kernel=MMA_F16 need_f16_K=0 need_f16_V=0 Knb=[68,544,136,139264] Vnb=[34,272,68,69632] Keff_nb=[2,2048,512,524288] Veff_nb=[2,2048,512,524288]
CUDA_FA_ROUTE_SUPPORTED kernel=MMA_F16 effK=f16 effV=f16 supported=1
CUDA_FA_ROUTE_PLAN device=0 Q=[256,256,16,1] Kraw=turbo4_tcq Vraw=turbo2 Kshape=[256,256,4,1] Vshape=[256,256,4,1] Keff=f16 Veff=f16 turbo_kv=1 prefer_native_vec=0 decode=1 dk=1 dv=1 unsafe_vec_after_turbo_v_decode=0 allow_vec=1 kernel=MMA_F16 need_f16_K=0 need_f16_V=0 Knb=[68,544,136,139264] Vnb=[34,272,68,69632] Keff_nb=[2,2048,512,524288] Veff_nb=[2,2048,512,524288]
CUDA_FA_ROUTE_SUPPORTED kernel=MMA_F16 effK=f16 effV=f16 supported=1
CUDA_FA_ROUTE_PLAN device=0 Q=[256,256,16,1] Kraw=turbo4_tcq Vraw=turbo2 Kshape=[256,256,4,1] Vshape=[256,256,4,1] Keff=f16 Veff=f16 turbo_kv=1 prefer_native_vec=0 decode=1 dk=1 dv=1 unsafe_vec_after_turbo_v_decode=0 allow_vec=1 kernel=MMA_F16 need_f16_K=0 need_f16_V=0 Knb=[68,544,136,139264] Vnb=[34,272,68,69632] Keff_nb=[2,2048,512,524288] Veff_nb=[2,2048,512,524288]
CUDA_FA_ROUTE_SUPPORTED kernel=MMA_F16 effK=f16 effV=f16 supported=1
CUDA_FA_ROUTE_PLAN device=0 Q=[256,256,16,1] Kraw=turbo4_tcq Vraw=turbo2 Kshape=[256,256,4,1] Vshape=[256,256,4,1] Keff=f16 Veff=f16 turbo_kv=1 prefer_native_vec=0 decode=1 dk=1 dv=1 unsafe_vec_after_turbo_v_decode=0 allow_vec=1 kernel=MMA_F16 need_f16_K=0 need_f16_V=0 Knb=[68,544,136,139264] Vnb=[34,272,68,69632] Keff_nb=[2,2048,512,524288] Veff_nb=[2,2048,512,524288]
CUDA_FA_ROUTE_SUPPORTED kernel=MMA_F16 effK=f16 effV=f16 supported=1
CUDA_FA_ROUTE_PLAN device=0 Q=[256,256,16,1] Kraw=turbo4_tcq Vraw=turbo2 Kshape=[256,256,4,1] Vshape=[256,256,4,1] Keff=f16 Veff=f16 turbo_kv=1 prefer_native_vec=0 decode=1 dk=1 dv=1 unsafe_vec_after_turbo_v_decode=0 allow_vec=1 kernel=MMA_F16 need_f16_K=0 need_f16_V=0 Knb=[68,544,136,139264] Vnb=[34,272,68,69632] Keff_nb=[2,2048,512,524288] Veff_nb=[2,2048,512,524288]
CUDA_FA_ROUTE_SUPPORTED kernel=MMA_F16 effK=f16 effV=f16 supported=1
CUDA_FA_ROUTE_PLAN device=0 Q=[256,256,16,1] Kraw=turbo4_tcq Vraw=turbo2 Kshape=[256,256,4,1] Vshape=[256,256,4,1] Keff=f16 Veff=f16 turbo_kv=1 prefer_native_vec=0 decode=1 dk=1 dv=1 unsafe_vec_after_turbo_v_decode=0 allow_vec=1 kernel=MMA_F16 need_f16_K=0 need_f16_V=0 Knb=[68,544,136,139264] Vnb=[34,272,68,69632] Keff_nb=[2,2048,512,524288] Veff_nb=[2,2048,512,524288]
CUDA_FA_ROUTE_SUPPORTED kernel=MMA_F16 effK=f16 effV=f16 supported=1
CUDA_FA_ROUTE_PLAN device=0 Q=[256,256,16,1] Kraw=turbo4_tcq Vraw=turbo2 Kshape=[256,256,4,1] Vshape=[256,256,4,1] Keff=f16 Veff=f16 turbo_kv=1 prefer_native_vec=0 decode=1 dk=1 dv=1 unsafe_vec_after_turbo_v_decode=0 allow_vec=1 kernel=MMA_F16 need_f16_K=0 need_f16_V=0 Knb=[68,544,136,139264] Vnb=[34,272,68,69632] Keff_nb=[2,2048,512,524288] Veff_nb=[2,2048,512,524288]
CUDA_FA_ROUTE_SUPPORTED kernel=MMA_F16 effK=f16 effV=f16 supported=1
CUDA_FA_ROUTE_PLAN device=0 Q=[256,256,16,1] Kraw=turbo4_tcq Vraw=turbo2 Kshape=[256,256,4,1] Vshape=[256,256,4,1] Keff=f16 Veff=f16 turbo_kv=1 prefer_native_vec=0 decode=1 dk=1 dv=1 unsafe_vec_after_turbo_v_decode=0 allow_vec=1 kernel=MMA_F16 need_f16_K=0 need_f16_V=0 Knb=[68,544,136,139264] Vnb=[34,272,68,69632] Keff_nb=[2,2048,512,524288] Veff_nb=[2,2048,512,524288]
CUDA_FA_ROUTE_SUPPORTED kernel=MMA_F16 effK=f16 effV=f16 supported=1
CUDA_FA_ROUTE_PLAN device=0 Q=[256,256,16,1] Kraw=turbo4_tcq Vraw=turbo2 Kshape=[256,256,4,1] Vshape=[256,256,4,1] Keff=f16 Veff=f16 turbo_kv=1 prefer_native_vec=0 decode=1 dk=1 dv=1 unsafe_vec_after_turbo_v_decode=0 allow_vec=1 kernel=MMA_F16 need_f16_K=0 need_f16_V=0 Knb=[68,544,136,139264] Vnb=[34,272,68,69632] Keff_nb=[2,2048,512,524288] Veff_nb=[2,2048,512,524288]
CUDA_FA_ROUTE_ALLOC kernel=MMA_F16 need_f16_K=0 need_f16_V=0 workspace_end_offset=4194304 dst_data=(nil) f16_K=(nil) f16_V=(nil) f16_end=0x400000
CUDA_FA_ROUTE_PLAN device=0 Q=[256,256,16,1] Kraw=turbo4_tcq Vraw=turbo2 Kshape=[256,256,4,1] Vshape=[256,256,4,1] Keff=f16 Veff=f16 turbo_kv=1 prefer_native_vec=0 decode=1 dk=1 dv=1 unsafe_vec_after_turbo_v_decode=0 allow_vec=1 kernel=MMA_F16 need_f16_K=0 need_f16_V=0 Knb=[68,544,136,139264] Vnb=[34,272,68,69632] Keff_nb=[2,2048,512,524288] Veff_nb=[2,2048,512,524288]
CUDA_FA_ROUTE_ALLOC kernel=MMA_F16 need_f16_K=0 need_f16_V=0 workspace_end_offset=4194304 dst_data=(nil) f16_K=(nil) f16_V=(nil) f16_end=0x400000
CUDA_FA_ROUTE_PLAN device=0 Q=[256,256,16,1] Kraw=turbo4_tcq Vraw=turbo2 Kshape=[256,256,4,1] Vshape=[256,256,4,1] Keff=f16 Veff=f16 turbo_kv=1 prefer_native_vec=0 decode=1 dk=1 dv=1 unsafe_vec_after_turbo_v_decode=0 allow_vec=1 kernel=MMA_F16 need_f16_K=0 need_f16_V=0 Knb=[68,544,136,139264] Vnb=[34,272,68,69632] Keff_nb=[2,2048,512,524288] Veff_nb=[2,2048,512,524288]
CUDA_FA_ROUTE_ALLOC kernel=MMA_F16 need_f16_K=0 need_f16_V=0 workspace_end_offset=4194304 dst_data=(nil) f16_K=(nil) f16_V=(nil) f16_end=0x400000
CUDA_FA_ROUTE_PLAN device=0 Q=[256,256,16,1] Kraw=turbo4_tcq Vraw=turbo2 Kshape=[256,256,4,1] Vshape=[256,256,4,1] Keff=f16 Veff=f16 turbo_kv=1 prefer_native_vec=0 decode=1 dk=1 dv=1 unsafe_vec_after_turbo_v_decode=0 allow_vec=1 kernel=MMA_F16 need_f16_K=0 need_f16_V=0 Knb=[68,544,136,139264] Vnb=[34,272,68,69632] Keff_nb=[2,2048,512,524288] Veff_nb=[2,2048,512,524288]
CUDA_FA_ROUTE_ALLOC kernel=MMA_F16 need_f16_K=0 need_f16_V=0 workspace_end_offset=4194304 dst_data=(nil) f16_K=(nil) f16_V=(nil) f16_end=0x400000
CUDA_FA_ROUTE_PLAN device=0 Q=[256,256,16,1] Kraw=turbo4_tcq Vraw=turbo2 Kshape=[256,256,4,1] Vshape=[256,256,4,1] Keff=f16 Veff=f16 turbo_kv=1 prefer_native_vec=0 decode=1 dk=1 dv=1 unsafe_vec_after_turbo_v_decode=0 allow_vec=1 kernel=MMA_F16 need_f16_K=0 need_f16_V=0 Knb=[68,544,136,139264] Vnb=[34,272,68,69632] Keff_nb=[2,2048,512,524288] Veff_nb=[2,2048,512,524288]
CUDA_FA_ROUTE_ALLOC kernel=MMA_F16 need_f16_K=0 need_f16_V=0 workspace_end_offset=4194304 dst_data=(nil) f16_K=(nil) f16_V=(nil) f16_end=0x400000
CUDA_FA_ROUTE_PLAN device=0 Q=[256,256,16,1] Kraw=turbo4_tcq Vraw=turbo2 Kshape=[256,256,4,1] Vshape=[256,256,4,1] Keff=f16 Veff=f16 turbo_kv=1 prefer_native_vec=0 decode=1 dk=1 dv=1 unsafe_vec_after_turbo_v_decode=0 allow_vec=1 kernel=MMA_F16 need_f16_K=0 need_f16_V=0 Knb=[68,544,136,139264] Vnb=[34,272,68,69632] Keff_nb=[2,2048,512,524288] Veff_nb=[2,2048,512,524288]
CUDA_FA_ROUTE_ALLOC kernel=MMA_F16 need_f16_K=0 need_f16_V=0 workspace_end_offset=4194304 dst_data=(nil) f16_K=(nil) f16_V=(nil) f16_end=0x400000
CUDA_FA_ROUTE_PLAN device=0 Q=[256,256,16,1] Kraw=turbo4_tcq Vraw=turbo2 Kshape=[256,256,4,1] Vshape=[256,256,4,1] Keff=f16 Veff=f16 turbo_kv=1 prefer_native_vec=0 decode=1 dk=1 dv=1 unsafe_vec_after_turbo_v_decode=0 allow_vec=1 kernel=MMA_F16 need_f16_K=0 need_f16_V=0 Knb=[68,544,136,139264] Vnb=[34,272,68,69632] Keff_nb=[2,2048,512,524288] Veff_nb=[2,2048,512,524288]
CUDA_FA_ROUTE_ALLOC kernel=MMA_F16 need_f16_K=0 need_f16_V=0 workspace_end_offset=4194304 dst_data=(nil) f16_K=(nil) f16_V=(nil) f16_end=0x400000
CUDA_FA_ROUTE_PLAN device=0 Q=[256,256,16,1] Kraw=turbo4_tcq Vraw=turbo2 Kshape=[256,256,4,1] Vshape=[256,256,4,1] Keff=f16 Veff=f16 turbo_kv=1 prefer_native_vec=0 decode=1 dk=1 dv=1 unsafe_vec_after_turbo_v_decode=0 allow_vec=1 kernel=MMA_F16 need_f16_K=0 need_f16_V=0 Knb=[68,544,136,139264] Vnb=[34,272,68,69632] Keff_nb=[2,2048,512,524288] Veff_nb=[2,2048,512,524288]
CUDA_FA_ROUTE_ALLOC kernel=MMA_F16 need_f16_K=0 need_f16_V=0 workspace_end_offset=4194304 dst_data=(nil) f16_K=(nil) f16_V=(nil) f16_end=0x400000
CUDA_FA_ROUTE_PLAN device=0 Q=[256,256,16,1] Kraw=turbo4_tcq Vraw=turbo2 Kshape=[256,256,4,1] Vshape=[256,256,4,1] Keff=f16 Veff=f16 turbo_kv=1 prefer_native_vec=0 decode=1 dk=1 dv=1 unsafe_vec_after_turbo_v_decode=0 allow_vec=1 kernel=MMA_F16 need_f16_K=0 need_f16_V=0 Knb=[68,544,136,139264] Vnb=[34,272,68,69632] Keff_nb=[2,2048,512,524288] Veff_nb=[2,2048,512,524288]
CUDA_FA_ROUTE_ALLOC kernel=MMA_F16 need_f16_K=0 need_f16_V=0 workspace_end_offset=4194304 dst_data=(nil) f16_K=(nil) f16_V=(nil) f16_end=0x400000
CUDA_FA_ROUTE_PLAN device=0 Q=[256,256,16,1] Kraw=turbo4_tcq Vraw=turbo2 Kshape=[256,256,4,1] Vshape=[256,256,4,1] Keff=f16 Veff=f16 turbo_kv=1 prefer_native_vec=0 decode=1 dk=1 dv=1 unsafe_vec_after_turbo_v_decode=0 allow_vec=1 kernel=MMA_F16 need_f16_K=0 need_f16_V=0 Knb=[68,544,136,139264] Vnb=[34,272,68,69632] Keff_nb=[2,2048,512,524288] Veff_nb=[2,2048,512,524288]
CUDA_FA_ROUTE_ALLOC kernel=MMA_F16 need_f16_K=0 need_f16_V=0 workspace_end_offset=4194304 dst_data=(nil) f16_K=(nil) f16_V=(nil) f16_end=0x400000
CUDA_FA_ROUTE_PLAN device=0 Q=[256,256,16,1] Kraw=turbo4_tcq Vraw=turbo2 Kshape=[256,256,4,1] Vshape=[256,256,4,1] Keff=f16 Veff=f16 turbo_kv=1 prefer_native_vec=0 decode=1 dk=1 dv=1 unsafe_vec_after_turbo_v_decode=0 allow_vec=1 kernel=MMA_F16 need_f16_K=0 need_f16_V=0 Knb=[68,544,136,139264] Vnb=[34,272,68,69632] Keff_nb=[2,2048,512,524288] Veff_nb=[2,2048,512,524288]
CUDA_FA_ROUTE_ALLOC kernel=MMA_F16 need_f16_K=0 need_f16_V=0 workspace_end_offset=4194304 dst_data=(nil) f16_K=(nil) f16_V=(nil) f16_end=0x400000
CUDA_FA_ROUTE_PLAN device=0 Q=[256,256,16,1] Kraw=turbo4_tcq Vraw=turbo2 Kshape=[256,256,4,1] Vshape=[256,256,4,1] Keff=f16 Veff=f16 turbo_kv=1 prefer_native_vec=0 decode=1 dk=1 dv=1 unsafe_vec_after_turbo_v_decode=0 allow_vec=1 kernel=MMA_F16 need_f16_K=0 need_f16_V=0 Knb=[68,544,136,139264] Vnb=[34,272,68,69632] Keff_nb=[2,2048,512,524288] Veff_nb=[2,2048,512,524288]
CUDA_FA_ROUTE_ALLOC kernel=MMA_F16 need_f16_K=0 need_f16_V=0 workspace_end_offset=4194304 dst_data=(nil) f16_K=(nil) f16_V=(nil) f16_end=0x400000
CUDA_FA_ROUTE_PLAN device=0 Q=[256,256,16,1] Kraw=turbo4_tcq Vraw=turbo2 Kshape=[256,256,4,1] Vshape=[256,256,4,1] Keff=f16 Veff=f16 turbo_kv=1 prefer_native_vec=0 decode=1 dk=1 dv=1 unsafe_vec_after_turbo_v_decode=0 allow_vec=1 kernel=MMA_F16 need_f16_K=0 need_f16_V=0 Knb=[68,544,136,139264] Vnb=[34,272,68,69632] Keff_nb=[2,2048,512,524288] Veff_nb=[2,2048,512,524288]
CUDA_FA_ROUTE_ALLOC kernel=MMA_F16 need_f16_K=0 need_f16_V=0 workspace_end_offset=4194304 dst_data=(nil) f16_K=(nil) f16_V=(nil) f16_end=0x400000
CUDA_FA_ROUTE_PLAN device=0 Q=[256,256,16,1] Kraw=turbo4_tcq Vraw=turbo2 Kshape=[256,256,4,1] Vshape=[256,256,4,1] Keff=f16 Veff=f16 turbo_kv=1 prefer_native_vec=0 decode=1 dk=1 dv=1 unsafe_vec_after_turbo_v_decode=0 allow_vec=1 kernel=MMA_F16 need_f16_K=0 need_f16_V=0 Knb=[68,544,136,139264] Vnb=[34,272,68,69632] Keff_nb=[2,2048,512,524288] Veff_nb=[2,2048,512,524288]
CUDA_FA_ROUTE_ALLOC kernel=MMA_F16 need_f16_K=0 need_f16_V=0 workspace_end_offset=4194304 dst_data=(nil) f16_K=(nil) f16_V=(nil) f16_end=0x400000
CUDA_FA_ROUTE_PLAN device=0 Q=[256,256,16,1] Kraw=turbo4_tcq Vraw=turbo2 Kshape=[256,256,4,1] Vshape=[256,256,4,1] Keff=f16 Veff=f16 turbo_kv=1 prefer_native_vec=0 decode=1 dk=1 dv=1 unsafe_vec_after_turbo_v_decode=0 allow_vec=1 kernel=MMA_F16 need_f16_K=0 need_f16_V=0 Knb=[68,544,136,139264] Vnb=[34,272,68,69632] Keff_nb=[2,2048,512,524288] Veff_nb=[2,2048,512,524288]
CUDA_FA_ROUTE_ALLOC kernel=MMA_F16 need_f16_K=0 need_f16_V=0 workspace_end_offset=4194304 dst_data=(nil) f16_K=(nil) f16_V=(nil) f16_end=0x400000
CUDA_FA_ROUTE_PLAN device=0 Q=[256,256,16,1] Kraw=turbo4_tcq Vraw=turbo2 Kshape=[256,256,4,1] Vshape=[256,256,4,1] Keff=f16 Veff=f16 turbo_kv=1 prefer_native_vec=0 decode=1 dk=1 dv=1 unsafe_vec_after_turbo_v_decode=0 allow_vec=1 kernel=MMA_F16 need_f16_K=0 need_f16_V=0 Knb=[68,544,136,139264] Vnb=[34,272,68,69632] Keff_nb=[2,2048,512,524288] Veff_nb=[2,2048,512,524288]
CUDA_FA_ROUTE_ALLOC kernel=MMA_F16 need_f16_K=0 need_f16_V=0 workspace_end_offset=4194304 dst_data=(nil) f16_K=(nil) f16_V=(nil) f16_end=0x400000
CUDA_FA_ROUTE_PLAN device=0 Q=[256,256,16,1] Kraw=turbo4_tcq Vraw=turbo2 Kshape=[256,256,4,1] Vshape=[256,256,4,1] Keff=f16 Veff=f16 turbo_kv=1 prefer_native_vec=0 decode=1 dk=1 dv=1 unsafe_vec_after_turbo_v_decode=0 allow_vec=1 kernel=MMA_F16 need_f16_K=0 need_f16_V=0 Knb=[68,544,136,139264] Vnb=[34,272,68,69632] Keff_nb=[2,2048,512,524288] Veff_nb=[2,2048,512,524288]
CUDA_FA_ROUTE_ALLOC kernel=MMA_F16 need_f16_K=0 need_f16_V=0 workspace_end_offset=4194304 dst_data=(nil) f16_K=(nil) f16_V=(nil) f16_end=0x400000
CUDA_FA_ROUTE_PLAN device=0 Q=[256,256,16,1] Kraw=turbo4_tcq Vraw=turbo2 Kshape=[256,256,4,1] Vshape=[256,256,4,1] Keff=f16 Veff=f16 turbo_kv=1 prefer_native_vec=0 decode=1 dk=1 dv=1 unsafe_vec_after_turbo_v_decode=0 allow_vec=1 kernel=MMA_F16 need_f16_K=0 need_f16_V=0 Knb=[68,544,136,139264] Vnb=[34,272,68,69632] Keff_nb=[2,2048,512,524288] Veff_nb=[2,2048,512,524288]
CUDA_FA_ROUTE_ALLOC kernel=MMA_F16 need_f16_K=0 need_f16_V=0 workspace_end_offset=4194304 dst_data=(nil) f16_K=(nil) f16_V=(nil) f16_end=0x400000
CUDA_FA_ROUTE_PLAN device=0 Q=[256,256,16,1] Kraw=turbo4_tcq Vraw=turbo2 Kshape=[256,256,4,1] Vshape=[256,256,4,1] Keff=f16 Veff=f16 turbo_kv=1 prefer_native_vec=0 decode=1 dk=1 dv=1 unsafe_vec_after_turbo_v_decode=0 allow_vec=1 kernel=MMA_F16 need_f16_K=0 need_f16_V=0 Knb=[68,544,136,139264] Vnb=[34,272,68,69632] Keff_nb=[2,2048,512,524288] Veff_nb=[2,2048,512,524288]
CUDA_FA_ROUTE_ALLOC kernel=MMA_F16 need_f16_K=0 need_f16_V=0 workspace_end_offset=4194304 dst_data=(nil) f16_K=(nil) f16_V=(nil) f16_end=0x400000
CUDA_FA_ROUTE_PLAN device=0 Q=[256,256,16,1] Kraw=turbo4_tcq Vraw=turbo2 Kshape=[256,256,4,1] Vshape=[256,256,4,1] Keff=f16 Veff=f16 turbo_kv=1 prefer_native_vec=0 decode=1 dk=1 dv=1 unsafe_vec_after_turbo_v_decode=0 allow_vec=1 kernel=MMA_F16 need_f16_K=0 need_f16_V=0 Knb=[68,544,136,139264] Vnb=[34,272,68,69632] Keff_nb=[2,2048,512,524288] Veff_nb=[2,2048,512,524288]
CUDA_FA_ROUTE_ALLOC kernel=MMA_F16 need_f16_K=0 need_f16_V=0 workspace_end_offset=4194304 dst_data=(nil) f16_K=(nil) f16_V=(nil) f16_end=0x400000
CUDA_FA_ROUTE_PLAN device=0 Q=[256,256,16,1] Kraw=turbo4_tcq Vraw=turbo2 Kshape=[256,256,4,1] Vshape=[256,256,4,1] Keff=f16 Veff=f16 turbo_kv=1 prefer_native_vec=0 decode=1 dk=1 dv=1 unsafe_vec_after_turbo_v_decode=0 allow_vec=1 kernel=MMA_F16 need_f16_K=0 need_f16_V=0 Knb=[68,544,136,139264] Vnb=[34,272,68,69632] Keff_nb=[2,2048,512,524288] Veff_nb=[2,2048,512,524288]
CUDA_FA_ROUTE_ALLOC kernel=MMA_F16 need_f16_K=0 need_f16_V=0 workspace_end_offset=4194304 dst_data=(nil) f16_K=(nil) f16_V=(nil) f16_end=0x400000
CUDA_FA_ROUTE_PLAN device=0 Q=[256,256,16,1] Kraw=turbo4_tcq Vraw=turbo2 Kshape=[256,256,4,1] Vshape=[256,256,4,1] Keff=f16 Veff=f16 turbo_kv=1 prefer_native_vec=0 decode=1 dk=1 dv=1 unsafe_vec_after_turbo_v_decode=0 allow_vec=1 kernel=MMA_F16 need_f16_K=0 need_f16_V=0 Knb=[68,544,136,139264] Vnb=[34,272,68,69632] Keff_nb=[2,2048,512,524288] Veff_nb=[2,2048,512,524288]
CUDA_FA_ROUTE_ALLOC kernel=MMA_F16 need_f16_K=0 need_f16_V=0 workspace_end_offset=4194304 dst_data=(nil) f16_K=(nil) f16_V=(nil) f16_end=0x400000
CUDA_FA_ROUTE_PLAN device=0 Q=[256,256,16,1] Kraw=turbo4_tcq Vraw=turbo2 Kshape=[256,256,4,1] Vshape=[256,256,4,1] Keff=f16 Veff=f16 turbo_kv=1 prefer_native_vec=0 decode=1 dk=1 dv=1 unsafe_vec_after_turbo_v_decode=0 allow_vec=1 kernel=MMA_F16 need_f16_K=0 need_f16_V=0 Knb=[68,544,136,139264] Vnb=[34,272,68,69632] Keff_nb=[2,2048,512,524288] Veff_nb=[2,2048,512,524288]
CUDA_FA_ROUTE_ALLOC kernel=MMA_F16 need_f16_K=0 need_f16_V=0 workspace_end_offset=4194304 dst_data=(nil) f16_K=(nil) f16_V=(nil) f16_end=0x400000
CUDA_FA_ROUTE_PLAN device=0 Q=[256,256,16,1] Kraw=turbo4_tcq Vraw=turbo2 Kshape=[256,256,4,1] Vshape=[256,256,4,1] Keff=f16 Veff=f16 turbo_kv=1 prefer_native_vec=0 decode=1 dk=1 dv=1 unsafe_vec_after_turbo_v_decode=0 allow_vec=1 kernel=MMA_F16 need_f16_K=0 need_f16_V=0 Knb=[68,544,136,139264] Vnb=[34,272,68,69632] Keff_nb=[2,2048,512,524288] Veff_nb=[2,2048,512,524288]
CUDA_FA_ROUTE_ALLOC kernel=MMA_F16 need_f16_K=0 need_f16_V=0 workspace_end_offset=4194304 dst_data=(nil) f16_K=(nil) f16_V=(nil) f16_end=0x400000
CUDA_FA_ROUTE_PLAN device=0 Q=[256,256,16,1] Kraw=turbo4_tcq Vraw=turbo2 Kshape=[256,256,4,1] Vshape=[256,256,4,1] Keff=f16 Veff=f16 turbo_kv=1 prefer_native_vec=0 decode=1 dk=1 dv=1 unsafe_vec_after_turbo_v_decode=0 allow_vec=1 kernel=MMA_F16 need_f16_K=0 need_f16_V=0 Knb=[68,544,136,139264] Vnb=[34,272,68,69632] Keff_nb=[2,2048,512,524288] Veff_nb=[2,2048,512,524288]
CUDA_FA_ROUTE_ALLOC kernel=MMA_F16 need_f16_K=0 need_f16_V=0 workspace_end_offset=4194304 dst_data=(nil) f16_K=(nil) f16_V=(nil) f16_end=0x400000
CUDA_FA_ROUTE_PLAN device=0 Q=[256,256,16,1] Kraw=turbo4_tcq Vraw=turbo2 Kshape=[256,256,4,1] Vshape=[256,256,4,1] Keff=f16 Veff=f16 turbo_kv=1 prefer_native_vec=0 decode=1 dk=1 dv=1 unsafe_vec_after_turbo_v_decode=0 allow_vec=1 kernel=MMA_F16 need_f16_K=0 need_f16_V=0 Knb=[68,544,136,139264] Vnb=[34,272,68,69632] Keff_nb=[2,2048,512,524288] Veff_nb=[2,2048,512,524288]
CUDA_FA_ROUTE_ALLOC kernel=MMA_F16 need_f16_K=0 need_f16_V=0 workspace_end_offset=4194304 dst_data=(nil) f16_K=(nil) f16_V=(nil) f16_end=0x400000
CUDA_FA_ROUTE_PLAN device=0 Q=[256,256,16,1] Kraw=turbo4_tcq Vraw=turbo2 Kshape=[256,256,4,1] Vshape=[256,256,4,1] Keff=f16 Veff=f16 turbo_kv=1 prefer_native_vec=0 decode=1 dk=1 dv=1 unsafe_vec_after_turbo_v_decode=0 allow_vec=1 kernel=MMA_F16 need_f16_K=0 need_f16_V=0 Knb=[68,544,136,139264] Vnb=[34,272,68,69632] Keff_nb=[2,2048,512,524288] Veff_nb=[2,2048,512,524288]
CUDA_FA_ROUTE_ALLOC kernel=MMA_F16 need_f16_K=0 need_f16_V=0 workspace_end_offset=4194304 dst_data=(nil) f16_K=(nil) f16_V=(nil) f16_end=0x400000
CUDA_FA_ROUTE_PLAN device=0 Q=[256,256,16,1] Kraw=turbo4_tcq Vraw=turbo2 Kshape=[256,256,4,1] Vshape=[256,256,4,1] Keff=f16 Veff=f16 turbo_kv=1 prefer_native_vec=0 decode=1 dk=1 dv=1 unsafe_vec_after_turbo_v_decode=0 allow_vec=1 kernel=MMA_F16 need_f16_K=0 need_f16_V=0 Knb=[68,544,136,139264] Vnb=[34,272,68,69632] Keff_nb=[2,2048,512,524288] Veff_nb=[2,2048,512,524288]
CUDA_FA_ROUTE_ALLOC kernel=MMA_F16 need_f16_K=0 need_f16_V=0 workspace_end_offset=4194304 dst_data=(nil) f16_K=(nil) f16_V=(nil) f16_end=0x400000
CUDA_FA_ROUTE_PLAN device=0 Q=[256,256,16,1] Kraw=turbo4_tcq Vraw=turbo2 Kshape=[256,256,4,1] Vshape=[256,256,4,1] Keff=f16 Veff=f16 turbo_kv=1 prefer_native_vec=0 decode=1 dk=1 dv=1 unsafe_vec_after_turbo_v_decode=0 allow_vec=1 kernel=MMA_F16 need_f16_K=0 need_f16_V=0 Knb=[68,544,136,139264] Vnb=[34,272,68,69632] Keff_nb=[2,2048,512,524288] Veff_nb=[2,2048,512,524288]
CUDA_FA_ROUTE_ALLOC kernel=MMA_F16 need_f16_K=0 need_f16_V=0 workspace_end_offset=4194304 dst_data=(nil) f16_K=(nil) f16_V=(nil) f16_end=0x400000
CUDA_FA_ROUTE_PLAN device=0 Q=[256,256,16,1] Kraw=turbo4_tcq Vraw=turbo2 Kshape=[256,256,4,1] Vshape=[256,256,4,1] Keff=f16 Veff=f16 turbo_kv=1 prefer_native_vec=0 decode=1 dk=1 dv=1 unsafe_vec_after_turbo_v_decode=0 allow_vec=1 kernel=MMA_F16 need_f16_K=0 need_f16_V=0 Knb=[68,544,136,139264] Vnb=[34,272,68,69632] Keff_nb=[2,2048,512,524288] Veff_nb=[2,2048,512,524288]
CUDA_FA_ROUTE_ALLOC kernel=MMA_F16 need_f16_K=0 need_f16_V=0 workspace_end_offset=4194304 dst_data=(nil) f16_K=(nil) f16_V=(nil) f16_end=0x400000
CUDA_FA_ROUTE_PLAN device=0 Q=[256,256,16,1] Kraw=turbo4_tcq Vraw=turbo2 Kshape=[256,256,4,1] Vshape=[256,256,4,1] Keff=f16 Veff=f16 turbo_kv=1 prefer_native_vec=0 decode=1 dk=1 dv=1 unsafe_vec_after_turbo_v_decode=0 allow_vec=1 kernel=MMA_F16 need_f16_K=0 need_f16_V=0 Knb=[68,544,136,139264] Vnb=[34,272,68,69632] Keff_nb=[2,2048,512,524288] Veff_nb=[2,2048,512,524288]
CUDA_FA_ROUTE_ALLOC kernel=MMA_F16 need_f16_K=0 need_f16_V=0 workspace_end_offset=4194304 dst_data=(nil) f16_K=(nil) f16_V=(nil) f16_end=0x400000
CUDA_FA_ROUTE_PLAN device=0 Q=[256,256,16,1] Kraw=turbo4_tcq Vraw=turbo2 Kshape=[256,256,4,1] Vshape=[256,256,4,1] Keff=f16 Veff=f16 turbo_kv=1 prefer_native_vec=0 decode=1 dk=1 dv=1 unsafe_vec_after_turbo_v_decode=0 allow_vec=1 kernel=MMA_F16 need_f16_K=0 need_f16_V=0 Knb=[68,544,136,139264] Vnb=[34,272,68,69632] Keff_nb=[2,2048,512,524288] Veff_nb=[2,2048,512,524288]
CUDA_FA_ROUTE_ALLOC kernel=MMA_F16 need_f16_K=0 need_f16_V=0 workspace_end_offset=4194304 dst_data=(nil) f16_K=(nil) f16_V=(nil) f16_end=0x400000
CUDA_FA_ROUTE_PLAN device=0 Q=[256,1,16,1] Kraw=turbo4_tcq Vraw=turbo2 Kshape=[256,256,4,1] Vshape=[256,256,4,1] Keff=f16 Veff=f16 turbo_kv=1 prefer_native_vec=0 decode=1 dk=1 dv=1 unsafe_vec_after_turbo_v_decode=0 allow_vec=1 kernel=MMA_F16 need_f16_K=0 need_f16_V=0 Knb=[68,544,136,139264] Vnb=[34,272,68,69632] Keff_nb=[2,2048,512,524288] Veff_nb=[2,2048,512,524288]
CUDA_FA_ROUTE_SUPPORTED kernel=MMA_F16 effK=f16 effV=f16 supported=1
CUDA_FA_ROUTE_PLAN device=0 Q=[256,1,16,1] Kraw=turbo4_tcq Vraw=turbo2 Kshape=[256,256,4,1] Vshape=[256,256,4,1] Keff=f16 Veff=f16 turbo_kv=1 prefer_native_vec=0 decode=1 dk=1 dv=1 unsafe_vec_after_turbo_v_decode=0 allow_vec=1 kernel=MMA_F16 need_f16_K=0 need_f16_V=0 Knb=[68,544,136,139264] Vnb=[34,272,68,69632] Keff_nb=[2,2048,512,524288] Veff_nb=[2,2048,512,524288]
CUDA_FA_ROUTE_SUPPORTED kernel=MMA_F16 effK=f16 effV=f16 supported=1
CUDA_FA_ROUTE_PLAN device=0 Q=[256,1,16,1] Kraw=turbo4_tcq Vraw=turbo2 Kshape=[256,256,4,1] Vshape=[256,256,4,1] Keff=f16 Veff=f16 turbo_kv=1 prefer_native_vec=0 decode=1 dk=1 dv=1 unsafe_vec_after_turbo_v_decode=0 allow_vec=1 kernel=MMA_F16 need_f16_K=0 need_f16_V=0 Knb=[68,544,136,139264] Vnb=[34,272,68,69632] Keff_nb=[2,2048,512,524288] Veff_nb=[2,2048,512,524288]
CUDA_FA_ROUTE_SUPPORTED kernel=MMA_F16 effK=f16 effV=f16 supported=1
CUDA_FA_ROUTE_PLAN device=0 Q=[256,1,16,1] Kraw=turbo4_tcq Vraw=turbo2 Kshape=[256,256,4,1] Vshape=[256,256,4,1] Keff=f16 Veff=f16 turbo_kv=1 prefer_native_vec=0 decode=1 dk=1 dv=1 unsafe_vec_after_turbo_v_decode=0 allow_vec=1 kernel=MMA_F16 need_f16_K=0 need_f16_V=0 Knb=[68,544,136,139264] Vnb=[34,272,68,69632] Keff_nb=[2,2048,512,524288] Veff_nb=[2,2048,512,524288]
CUDA_FA_ROUTE_SUPPORTED kernel=MMA_F16 effK=f16 effV=f16 supported=1
CUDA_FA_ROUTE_PLAN device=0 Q=[256,1,16,1] Kraw=turbo4_tcq Vraw=turbo2 Kshape=[256,256,4,1] Vshape=[256,256,4,1] Keff=f16 Veff=f16 turbo_kv=1 prefer_native_vec=0 decode=1 dk=1 dv=1 unsafe_vec_after_turbo_v_decode=0 allow_vec=1 kernel=MMA_F16 need_f16_K=0 need_f16_V=0 Knb=[68,544,136,139264] Vnb=[34,272,68,69632] Keff_nb=[2,2048,512,524288] Veff_nb=[2,2048,512,524288]
CUDA_FA_ROUTE_SUPPORTED kernel=MMA_F16 effK=f16 effV=f16 supported=1
CUDA_FA_ROUTE_PLAN device=0 Q=[256,1,16,1] Kraw=turbo4_tcq Vraw=turbo2 Kshape=[256,256,4,1] Vshape=[256,256,4,1] Keff=f16 Veff=f16 turbo_kv=1 prefer_native_vec=0 decode=1 dk=1 dv=1 unsafe_vec_after_turbo_v_decode=0 allow_vec=1 kernel=MMA_F16 need_f16_K=0 need_f16_V=0 Knb=[68,544,136,139264] Vnb=[34,272,68,69632] Keff_nb=[2,2048,512,524288] Veff_nb=[2,2048,512,524288]
CUDA_FA_ROUTE_SUPPORTED kernel=MMA_F16 effK=f16 effV=f16 supported=1
CUDA_FA_ROUTE_PLAN device=0 Q=[256,1,16,1] Kraw=turbo4_tcq Vraw=turbo2 Kshape=[256,256,4,1] Vshape=[256,256,4,1] Keff=f16 Veff=f16 turbo_kv=1 prefer_native_vec=0 decode=1 dk=1 dv=1 unsafe_vec_after_turbo_v_decode=0 allow_vec=1 kernel=MMA_F16 need_f16_K=0 need_f16_V=0 Knb=[68,544,136,139264] Vnb=[34,272,68,69632] Keff_nb=[2,2048,512,524288] Veff_nb=[2,2048,512,524288]
CUDA_FA_ROUTE_SUPPORTED kernel=MMA_F16 effK=f16 effV=f16 supported=1
CUDA_FA_ROUTE_PLAN device=0 Q=[256,1,16,1] Kraw=turbo4_tcq Vraw=turbo2 Kshape=[256,256,4,1] Vshape=[256,256,4,1] Keff=f16 Veff=f16 turbo_kv=1 prefer_native_vec=0 decode=1 dk=1 dv=1 unsafe_vec_after_turbo_v_decode=0 allow_vec=1 kernel=MMA_F16 need_f16_K=0 need_f16_V=0 Knb=[68,544,136,139264] Vnb=[34,272,68,69632] Keff_nb=[2,2048,512,524288] Veff_nb=[2,2048,512,524288]
CUDA_FA_ROUTE_SUPPORTED kernel=MMA_F16 effK=f16 effV=f16 supported=1
CUDA_FA_ROUTE_PLAN device=0 Q=[256,256,16,1] Kraw=turbo4_tcq Vraw=turbo2 Kshape=[256,256,4,1] Vshape=[256,256,4,1] Keff=f16 Veff=f16 turbo_kv=1 prefer_native_vec=0 decode=1 dk=1 dv=1 unsafe_vec_after_turbo_v_decode=0 allow_vec=1 kernel=MMA_F16 need_f16_K=0 need_f16_V=0 Knb=[68,544,136,139264] Vnb=[34,272,68,69632] Keff_nb=[2,2048,512,524288] Veff_nb=[2,2048,512,524288]
CUDA_FA_ROUTE_SUPPORTED kernel=MMA_F16 effK=f16 effV=f16 supported=1
CUDA_FA_ROUTE_PLAN device=0 Q=[256,256,16,1] Kraw=turbo4_tcq Vraw=turbo2 Kshape=[256,256,4,1] Vshape=[256,256,4,1] Keff=f16 Veff=f16 turbo_kv=1 prefer_native_vec=0 decode=1 dk=1 dv=1 unsafe_vec_after_turbo_v_decode=0 allow_vec=1 kernel=MMA_F16 need_f16_K=0 need_f16_V=0 Knb=[68,544,136,139264] Vnb=[34,272,68,69632] Keff_nb=[2,2048,512,524288] Veff_nb=[2,2048,512,524288]
CUDA_FA_ROUTE_SUPPORTED kernel=MMA_F16 effK=f16 effV=f16 supported=1
CUDA_FA_ROUTE_PLAN device=0 Q=[256,256,16,1] Kraw=turbo4_tcq Vraw=turbo2 Kshape=[256,256,4,1] Vshape=[256,256,4,1] Keff=f16 Veff=f16 turbo_kv=1 prefer_native_vec=0 decode=1 dk=1 dv=1 unsafe_vec_after_turbo_v_decode=0 allow_vec=1 kernel=MMA_F16 need_f16_K=0 need_f16_V=0 Knb=[68,544,136,139264] Vnb=[34,272,68,69632] Keff_nb=[2,2048,512,524288] Veff_nb=[2,2048,512,524288]
CUDA_FA_ROUTE_SUPPORTED kernel=MMA_F16 effK=f16 effV=f16 supported=1
CUDA_FA_ROUTE_PLAN device=0 Q=[256,256,16,1] Kraw=turbo4_tcq Vraw=turbo2 Kshape=[256,256,4,1] Vshape=[256,256,4,1] Keff=f16 Veff=f16 turbo_kv=1 prefer_native_vec=0 decode=1 dk=1 dv=1 unsafe_vec_after_turbo_v_decode=0 allow_vec=1 kernel=MMA_F16 need_f16_K=0 need_f16_V=0 Knb=[68,544,136,139264] Vnb=[34,272,68,69632] Keff_nb=[2,2048,512,524288] Veff_nb=[2,2048,512,524288]
CUDA_FA_ROUTE_SUPPORTED kernel=MMA_F16 effK=f16 effV=f16 supported=1
CUDA_FA_ROUTE_PLAN device=0 Q=[256,256,16,1] Kraw=turbo4_tcq Vraw=turbo2 Kshape=[256,256,4,1] Vshape=[256,256,4,1] Keff=f16 Veff=f16 turbo_kv=1 prefer_native_vec=0 decode=1 dk=1 dv=1 unsafe_vec_after_turbo_v_decode=0 allow_vec=1 kernel=MMA_F16 need_f16_K=0 need_f16_V=0 Knb=[68,544,136,139264] Vnb=[34,272,68,69632] Keff_nb=[2,2048,512,524288] Veff_nb=[2,2048,512,524288]
CUDA_FA_ROUTE_SUPPORTED kernel=MMA_F16 effK=f16 effV=f16 supported=1
CUDA_FA_ROUTE_PLAN device=0 Q=[256,256,16,1] Kraw=turbo4_tcq Vraw=turbo2 Kshape=[256,256,4,1] Vshape=[256,256,4,1] Keff=f16 Veff=f16 turbo_kv=1 prefer_native_vec=0 decode=1 dk=1 dv=1 unsafe_vec_after_turbo_v_decode=0 allow_vec=1 kernel=MMA_F16 need_f16_K=0 need_f16_V=0 Knb=[68,544,136,139264] Vnb=[34,272,68,69632] Keff_nb=[2,2048,512,524288] Veff_nb=[2,2048,512,524288]
CUDA_FA_ROUTE_SUPPORTED kernel=MMA_F16 effK=f16 effV=f16 supported=1
CUDA_FA_ROUTE_PLAN device=0 Q=[256,256,16,1] Kraw=turbo4_tcq Vraw=turbo2 Kshape=[256,256,4,1] Vshape=[256,256,4,1] Keff=f16 Veff=f16 turbo_kv=1 prefer_native_vec=0 decode=1 dk=1 dv=1 unsafe_vec_after_turbo_v_decode=0 allow_vec=1 kernel=MMA_F16 need_f16_K=0 need_f16_V=0 Knb=[68,544,136,139264] Vnb=[34,272,68,69632] Keff_nb=[2,2048,512,524288] Veff_nb=[2,2048,512,524288]
CUDA_FA_ROUTE_SUPPORTED kernel=MMA_F16 effK=f16 effV=f16 supported=1
CUDA_FA_ROUTE_PLAN device=0 Q=[256,256,16,1] Kraw=turbo4_tcq Vraw=turbo2 Kshape=[256,256,4,1] Vshape=[256,256,4,1] Keff=f16 Veff=f16 turbo_kv=1 prefer_native_vec=0 decode=1 dk=1 dv=1 unsafe_vec_after_turbo_v_decode=0 allow_vec=1 kernel=MMA_F16 need_f16_K=0 need_f16_V=0 Knb=[68,544,136,139264] Vnb=[34,272,68,69632] Keff_nb=[2,2048,512,524288] Veff_nb=[2,2048,512,524288]
CUDA_FA_ROUTE_SUPPORTED kernel=MMA_F16 effK=f16 effV=f16 supported=1
CUDA_FA_ROUTE_PLAN device=0 Q=[256,1,16,1] Kraw=turbo4_tcq Vraw=turbo2 Kshape=[256,256,4,1] Vshape=[256,256,4,1] Keff=f16 Veff=f16 turbo_kv=1 prefer_native_vec=0 decode=1 dk=1 dv=1 unsafe_vec_after_turbo_v_decode=0 allow_vec=1 kernel=MMA_F16 need_f16_K=0 need_f16_V=0 Knb=[68,544,136,139264] Vnb=[34,272,68,69632] Keff_nb=[2,2048,512,524288] Veff_nb=[2,2048,512,524288]
CUDA_FA_ROUTE_SUPPORTED kernel=MMA_F16 effK=f16 effV=f16 supported=1
CUDA_FA_ROUTE_PLAN device=0 Q=[256,1,16,1] Kraw=turbo4_tcq Vraw=turbo2 Kshape=[256,256,4,1] Vshape=[256,256,4,1] Keff=f16 Veff=f16 turbo_kv=1 prefer_native_vec=0 decode=1 dk=1 dv=1 unsafe_vec_after_turbo_v_decode=0 allow_vec=1 kernel=MMA_F16 need_f16_K=0 need_f16_V=0 Knb=[68,544,136,139264] Vnb=[34,272,68,69632] Keff_nb=[2,2048,512,524288] Veff_nb=[2,2048,512,524288]
CUDA_FA_ROUTE_SUPPORTED kernel=MMA_F16 effK=f16 effV=f16 supported=1
CUDA_FA_ROUTE_PLAN device=0 Q=[256,1,16,1] Kraw=turbo4_tcq Vraw=turbo2 Kshape=[256,256,4,1] Vshape=[256,256,4,1] Keff=f16 Veff=f16 turbo_kv=1 prefer_native_vec=0 decode=1 dk=1 dv=1 unsafe_vec_after_turbo_v_decode=0 allow_vec=1 kernel=MMA_F16 need_f16_K=0 need_f16_V=0 Knb=[68,544,136,139264] Vnb=[34,272,68,69632] Keff_nb=[2,2048,512,524288] Veff_nb=[2,2048,512,524288]
CUDA_FA_ROUTE_SUPPORTED kernel=MMA_F16 effK=f16 effV=f16 supported=1
CUDA_FA_ROUTE_PLAN device=0 Q=[256,1,16,1] Kraw=turbo4_tcq Vraw=turbo2 Kshape=[256,256,4,1] Vshape=[256,256,4,1] Keff=f16 Veff=f16 turbo_kv=1 prefer_native_vec=0 decode=1 dk=1 dv=1 unsafe_vec_after_turbo_v_decode=0 allow_vec=1 kernel=MMA_F16 need_f16_K=0 need_f16_V=0 Knb=[68,544,136,139264] Vnb=[34,272,68,69632] Keff_nb=[2,2048,512,524288] Veff_nb=[2,2048,512,524288]
CUDA_FA_ROUTE_SUPPORTED kernel=MMA_F16 effK=f16 effV=f16 supported=1
CUDA_FA_ROUTE_PLAN device=0 Q=[256,1,16,1] Kraw=turbo4_tcq Vraw=turbo2 Kshape=[256,256,4,1] Vshape=[256,256,4,1] Keff=f16 Veff=f16 turbo_kv=1 prefer_native_vec=0 decode=1 dk=1 dv=1 unsafe_vec_after_turbo_v_decode=0 allow_vec=1 kernel=MMA_F16 need_f16_K=0 need_f16_V=0 Knb=[68,544,136,139264] Vnb=[34,272,68,69632] Keff_nb=[2,2048,512,524288] Veff_nb=[2,2048,512,524288]
CUDA_FA_ROUTE_SUPPORTED kernel=MMA_F16 effK=f16 effV=f16 supported=1
CUDA_FA_ROUTE_PLAN device=0 Q=[256,1,16,1] Kraw=turbo4_tcq Vraw=turbo2 Kshape=[256,256,4,1] Vshape=[256,256,4,1] Keff=f16 Veff=f16 turbo_kv=1 prefer_native_vec=0 decode=1 dk=1 dv=1 unsafe_vec_after_turbo_v_decode=0 allow_vec=1 kernel=MMA_F16 need_f16_K=0 need_f16_V=0 Knb=[68,544,136,139264] Vnb=[34,272,68,69632] Keff_nb=[2,2048,512,524288] Veff_nb=[2,2048,512,524288]
CUDA_FA_ROUTE_SUPPORTED kernel=MMA_F16 effK=f16 effV=f16 supported=1
CUDA_FA_ROUTE_PLAN device=0 Q=[256,1,16,1] Kraw=turbo4_tcq Vraw=turbo2 Kshape=[256,256,4,1] Vshape=[256,256,4,1] Keff=f16 Veff=f16 turbo_kv=1 prefer_native_vec=0 decode=1 dk=1 dv=1 unsafe_vec_after_turbo_v_decode=0 allow_vec=1 kernel=MMA_F16 need_f16_K=0 need_f16_V=0 Knb=[68,544,136,139264] Vnb=[34,272,68,69632] Keff_nb=[2,2048,512,524288] Veff_nb=[2,2048,512,524288]
CUDA_FA_ROUTE_SUPPORTED kernel=MMA_F16 effK=f16 effV=f16 supported=1
CUDA_FA_ROUTE_PLAN device=0 Q=[256,1,16,1] Kraw=turbo4_tcq Vraw=turbo2 Kshape=[256,256,4,1] Vshape=[256,256,4,1] Keff=f16 Veff=f16 turbo_kv=1 prefer_native_vec=0 decode=1 dk=1 dv=1 unsafe_vec_after_turbo_v_decode=0 allow_vec=1 kernel=MMA_F16 need_f16_K=0 need_f16_V=0 Knb=[68,544,136,139264] Vnb=[34,272,68,69632] Keff_nb=[2,2048,512,524288] Veff_nb=[2,2048,512,524288]
CUDA_FA_ROUTE_SUPPORTED kernel=MMA_F16 effK=f16 effV=f16 supported=1
CUDA_FA_ROUTE_PLAN device=0 Q=[256,16,16,1] Kraw=turbo4_tcq Vraw=turbo2 Kshape=[256,256,4,1] Vshape=[256,256,4,1] Keff=f16 Veff=f16 turbo_kv=1 prefer_native_vec=0 decode=1 dk=1 dv=1 unsafe_vec_after_turbo_v_decode=0 allow_vec=1 kernel=MMA_F16 need_f16_K=0 need_f16_V=0 Knb=[68,544,136,139264] Vnb=[34,272,68,69632] Keff_nb=[2,2048,512,524288] Veff_nb=[2,2048,512,524288]
CUDA_FA_ROUTE_SUPPORTED kernel=MMA_F16 effK=f16 effV=f16 supported=1
CUDA_FA_ROUTE_PLAN device=0 Q=[256,16,16,1] Kraw=turbo4_tcq Vraw=turbo2 Kshape=[256,256,4,1] Vshape=[256,256,4,1] Keff=f16 Veff=f16 turbo_kv=1 prefer_native_vec=0 decode=1 dk=1 dv=1 unsafe_vec_after_turbo_v_decode=0 allow_vec=1 kernel=MMA_F16 need_f16_K=0 need_f16_V=0 Knb=[68,544,136,139264] Vnb=[34,272,68,69632] Keff_nb=[2,2048,512,524288] Veff_nb=[2,2048,512,524288]
CUDA_FA_ROUTE_SUPPORTED kernel=MMA_F16 effK=f16 effV=f16 supported=1
CUDA_FA_ROUTE_PLAN device=0 Q=[256,16,16,1] Kraw=turbo4_tcq Vraw=turbo2 Kshape=[256,256,4,1] Vshape=[256,256,4,1] Keff=f16 Veff=f16 turbo_kv=1 prefer_native_vec=0 decode=1 dk=1 dv=1 unsafe_vec_after_turbo_v_decode=0 allow_vec=1 kernel=MMA_F16 need_f16_K=0 need_f16_V=0 Knb=[68,544,136,139264] Vnb=[34,272,68,69632] Keff_nb=[2,2048,512,524288] Veff_nb=[2,2048,512,524288]
CUDA_FA_ROUTE_SUPPORTED kernel=MMA_F16 effK=f16 effV=f16 supported=1
CUDA_FA_ROUTE_PLAN device=0 Q=[256,16,16,1] Kraw=turbo4_tcq Vraw=turbo2 Kshape=[256,256,4,1] Vshape=[256,256,4,1] Keff=f16 Veff=f16 turbo_kv=1 prefer_native_vec=0 decode=1 dk=1 dv=1 unsafe_vec_after_turbo_v_decode=0 allow_vec=1 kernel=MMA_F16 need_f16_K=0 need_f16_V=0 Knb=[68,544,136,139264] Vnb=[34,272,68,69632] Keff_nb=[2,2048,512,524288] Veff_nb=[2,2048,512,524288]
CUDA_FA_ROUTE_SUPPORTED kernel=MMA_F16 effK=f16 effV=f16 supported=1
CUDA_FA_ROUTE_PLAN device=0 Q=[256,16,16,1] Kraw=turbo4_tcq Vraw=turbo2 Kshape=[256,256,4,1] Vshape=[256,256,4,1] Keff=f16 Veff=f16 turbo_kv=1 prefer_native_vec=0 decode=1 dk=1 dv=1 unsafe_vec_after_turbo_v_decode=0 allow_vec=1 kernel=MMA_F16 need_f16_K=0 need_f16_V=0 Knb=[68,544,136,139264] Vnb=[34,272,68,69632] Keff_nb=[2,2048,512,524288] Veff_nb=[2,2048,512,524288]
CUDA_FA_ROUTE_SUPPORTED kernel=MMA_F16 effK=f16 effV=f16 supported=1
CUDA_FA_ROUTE_PLAN device=0 Q=[256,16,16,1] Kraw=turbo4_tcq Vraw=turbo2 Kshape=[256,256,4,1] Vshape=[256,256,4,1] Keff=f16 Veff=f16 turbo_kv=1 prefer_native_vec=0 decode=1 dk=1 dv=1 unsafe_vec_after_turbo_v_decode=0 allow_vec=1 kernel=MMA_F16 need_f16_K=0 need_f16_V=0 Knb=[68,544,136,139264] Vnb=[34,272,68,69632] Keff_nb=[2,2048,512,524288] Veff_nb=[2,2048,512,524288]
CUDA_FA_ROUTE_SUPPORTED kernel=MMA_F16 effK=f16 effV=f16 supported=1
CUDA_FA_ROUTE_PLAN device=0 Q=[256,16,16,1] Kraw=turbo4_tcq Vraw=turbo2 Kshape=[256,256,4,1] Vshape=[256,256,4,1] Keff=f16 Veff=f16 turbo_kv=1 prefer_native_vec=0 decode=1 dk=1 dv=1 unsafe_vec_after_turbo_v_decode=0 allow_vec=1 kernel=MMA_F16 need_f16_K=0 need_f16_V=0 Knb=[68,544,136,139264] Vnb=[34,272,68,69632] Keff_nb=[2,2048,512,524288] Veff_nb=[2,2048,512,524288]
CUDA_FA_ROUTE_SUPPORTED kernel=MMA_F16 effK=f16 effV=f16 supported=1
CUDA_FA_ROUTE_PLAN device=0 Q=[256,16,16,1] Kraw=turbo4_tcq Vraw=turbo2 Kshape=[256,256,4,1] Vshape=[256,256,4,1] Keff=f16 Veff=f16 turbo_kv=1 prefer_native_vec=0 decode=1 dk=1 dv=1 unsafe_vec_after_turbo_v_decode=0 allow_vec=1 kernel=MMA_F16 need_f16_K=0 need_f16_V=0 Knb=[68,544,136,139264] Vnb=[34,272,68,69632] Keff_nb=[2,2048,512,524288] Veff_nb=[2,2048,512,524288]
CUDA_FA_ROUTE_SUPPORTED kernel=MMA_F16 effK=f16 effV=f16 supported=1
CUDA_FA_ROUTE_PLAN device=0 Q=[256,1,16,1] Kraw=turbo4_tcq Vraw=turbo2 Kshape=[256,256,4,1] Vshape=[256,256,4,1] Keff=f16 Veff=f16 turbo_kv=1 prefer_native_vec=0 decode=1 dk=1 dv=1 unsafe_vec_after_turbo_v_decode=0 allow_vec=1 kernel=MMA_F16 need_f16_K=0 need_f16_V=0 Knb=[68,544,136,139264] Vnb=[34,272,68,69632] Keff_nb=[2,2048,512,524288] Veff_nb=[2,2048,512,524288]
CUDA_FA_ROUTE_SUPPORTED kernel=MMA_F16 effK=f16 effV=f16 supported=1
CUDA_FA_ROUTE_PLAN device=0 Q=[256,1,16,1] Kraw=turbo4_tcq Vraw=turbo2 Kshape=[256,256,4,1] Vshape=[256,256,4,1] Keff=f16 Veff=f16 turbo_kv=1 prefer_native_vec=0 decode=1 dk=1 dv=1 unsafe_vec_after_turbo_v_decode=0 allow_vec=1 kernel=MMA_F16 need_f16_K=0 need_f16_V=0 Knb=[68,544,136,139264] Vnb=[34,272,68,69632] Keff_nb=[2,2048,512,524288] Veff_nb=[2,2048,512,524288]
CUDA_FA_ROUTE_SUPPORTED kernel=MMA_F16 effK=f16 effV=f16 supported=1
CUDA_FA_ROUTE_PLAN device=0 Q=[256,1,16,1] Kraw=turbo4_tcq Vraw=turbo2 Kshape=[256,256,4,1] Vshape=[256,256,4,1] Keff=f16 Veff=f16 turbo_kv=1 prefer_native_vec=0 decode=1 dk=1 dv=1 unsafe_vec_after_turbo_v_decode=0 allow_vec=1 kernel=MMA_F16 need_f16_K=0 need_f16_V=0 Knb=[68,544,136,139264] Vnb=[34,272,68,69632] Keff_nb=[2,2048,512,524288] Veff_nb=[2,2048,512,524288]
CUDA_FA_ROUTE_SUPPORTED kernel=MMA_F16 effK=f16 effV=f16 supported=1
CUDA_FA_ROUTE_PLAN device=0 Q=[256,1,16,1] Kraw=turbo4_tcq Vraw=turbo2 Kshape=[256,256,4,1] Vshape=[256,256,4,1] Keff=f16 Veff=f16 turbo_kv=1 prefer_native_vec=0 decode=1 dk=1 dv=1 unsafe_vec_after_turbo_v_decode=0 allow_vec=1 kernel=MMA_F16 need_f16_K=0 need_f16_V=0 Knb=[68,544,136,139264] Vnb=[34,272,68,69632] Keff_nb=[2,2048,512,524288] Veff_nb=[2,2048,512,524288]
CUDA_FA_ROUTE_SUPPORTED kernel=MMA_F16 effK=f16 effV=f16 supported=1
CUDA_FA_ROUTE_PLAN device=0 Q=[256,1,16,1] Kraw=turbo4_tcq Vraw=turbo2 Kshape=[256,256,4,1] Vshape=[256,256,4,1] Keff=f16 Veff=f16 turbo_kv=1 prefer_native_vec=0 decode=1 dk=1 dv=1 unsafe_vec_after_turbo_v_decode=0 allow_vec=1 kernel=MMA_F16 need_f16_K=0 need_f16_V=0 Knb=[68,544,136,139264] Vnb=[34,272,68,69632] Keff_nb=[2,2048,512,524288] Veff_nb=[2,2048,512,524288]
CUDA_FA_ROUTE_SUPPORTED kernel=MMA_F16 effK=f16 effV=f16 supported=1
CUDA_FA_ROUTE_PLAN device=0 Q=[256,1,16,1] Kraw=turbo4_tcq Vraw=turbo2 Kshape=[256,256,4,1] Vshape=[256,256,4,1] Keff=f16 Veff=f16 turbo_kv=1 prefer_native_vec=0 decode=1 dk=1 dv=1 unsafe_vec_after_turbo_v_decode=0 allow_vec=1 kernel=MMA_F16 need_f16_K=0 need_f16_V=0 Knb=[68,544,136,139264] Vnb=[34,272,68,69632] Keff_nb=[2,2048,512,524288] Veff_nb=[2,2048,512,524288]
CUDA_FA_ROUTE_SUPPORTED kernel=MMA_F16 effK=f16 effV=f16 supported=1
CUDA_FA_ROUTE_PLAN device=0 Q=[256,1,16,1] Kraw=turbo4_tcq Vraw=turbo2 Kshape=[256,256,4,1] Vshape=[256,256,4,1] Keff=f16 Veff=f16 turbo_kv=1 prefer_native_vec=0 decode=1 dk=1 dv=1 unsafe_vec_after_turbo_v_decode=0 allow_vec=1 kernel=MMA_F16 need_f16_K=0 need_f16_V=0 Knb=[68,544,136,139264] Vnb=[34,272,68,69632] Keff_nb=[2,2048,512,524288] Veff_nb=[2,2048,512,524288]
CUDA_FA_ROUTE_SUPPORTED kernel=MMA_F16 effK=f16 effV=f16 supported=1
CUDA_FA_ROUTE_PLAN device=0 Q=[256,1,16,1] Kraw=turbo4_tcq Vraw=turbo2 Kshape=[256,256,4,1] Vshape=[256,256,4,1] Keff=f16 Veff=f16 turbo_kv=1 prefer_native_vec=0 decode=1 dk=1 dv=1 unsafe_vec_after_turbo_v_decode=0 allow_vec=1 kernel=MMA_F16 need_f16_K=0 need_f16_V=0 Knb=[68,544,136,139264] Vnb=[34,272,68,69632] Keff_nb=[2,2048,512,524288] Veff_nb=[2,2048,512,524288]
CUDA_FA_ROUTE_SUPPORTED kernel=MMA_F16 effK=f16 effV=f16 supported=1
CUDA_FA_ROUTE_PLAN device=0 Q=[256,256,16,1] Kraw=turbo4_tcq Vraw=turbo2 Kshape=[256,256,4,1] Vshape=[256,256,4,1] Keff=f16 Veff=f16 turbo_kv=1 prefer_native_vec=0 decode=1 dk=1 dv=1 unsafe_vec_after_turbo_v_decode=0 allow_vec=1 kernel=MMA_F16 need_f16_K=0 need_f16_V=0 Knb=[68,544,136,139264] Vnb=[34,272,68,69632] Keff_nb=[2,2048,512,524288] Veff_nb=[2,2048,512,524288]
CUDA_FA_ROUTE_SUPPORTED kernel=MMA_F16 effK=f16 effV=f16 supported=1
CUDA_FA_ROUTE_PLAN device=0 Q=[256,256,16,1] Kraw=turbo4_tcq Vraw=turbo2 Kshape=[256,256,4,1] Vshape=[256,256,4,1] Keff=f16 Veff=f16 turbo_kv=1 prefer_native_vec=0 decode=1 dk=1 dv=1 unsafe_vec_after_turbo_v_decode=0 allow_vec=1 kernel=MMA_F16 need_f16_K=0 need_f16_V=0 Knb=[68,544,136,139264] Vnb=[34,272,68,69632] Keff_nb=[2,2048,512,524288] Veff_nb=[2,2048,512,524288]
CUDA_FA_ROUTE_SUPPORTED kernel=MMA_F16 effK=f16 effV=f16 supported=1
CUDA_FA_ROUTE_PLAN device=0 Q=[256,256,16,1] Kraw=turbo4_tcq Vraw=turbo2 Kshape=[256,256,4,1] Vshape=[256,256,4,1] Keff=f16 Veff=f16 turbo_kv=1 prefer_native_vec=0 decode=1 dk=1 dv=1 unsafe_vec_after_turbo_v_decode=0 allow_vec=1 kernel=MMA_F16 need_f16_K=0 need_f16_V=0 Knb=[68,544,136,139264] Vnb=[34,272,68,69632] Keff_nb=[2,2048,512,524288] Veff_nb=[2,2048,512,524288]
CUDA_FA_ROUTE_SUPPORTED kernel=MMA_F16 effK=f16 effV=f16 supported=1
CUDA_FA_ROUTE_PLAN device=0 Q=[256,256,16,1] Kraw=turbo4_tcq Vraw=turbo2 Kshape=[256,256,4,1] Vshape=[256,256,4,1] Keff=f16 Veff=f16 turbo_kv=1 prefer_native_vec=0 decode=1 dk=1 dv=1 unsafe_vec_after_turbo_v_decode=0 allow_vec=1 kernel=MMA_F16 need_f16_K=0 need_f16_V=0 Knb=[68,544,136,139264] Vnb=[34,272,68,69632] Keff_nb=[2,2048,512,524288] Veff_nb=[2,2048,512,524288]
CUDA_FA_ROUTE_SUPPORTED kernel=MMA_F16 effK=f16 effV=f16 supported=1
CUDA_FA_ROUTE_PLAN device=0 Q=[256,256,16,1] Kraw=turbo4_tcq Vraw=turbo2 Kshape=[256,256,4,1] Vshape=[256,256,4,1] Keff=f16 Veff=f16 turbo_kv=1 prefer_native_vec=0 decode=1 dk=1 dv=1 unsafe_vec_after_turbo_v_decode=0 allow_vec=1 kernel=MMA_F16 need_f16_K=0 need_f16_V=0 Knb=[68,544,136,139264] Vnb=[34,272,68,69632] Keff_nb=[2,2048,512,524288] Veff_nb=[2,2048,512,524288]
CUDA_FA_ROUTE_SUPPORTED kernel=MMA_F16 effK=f16 effV=f16 supported=1
CUDA_FA_ROUTE_PLAN device=0 Q=[256,256,16,1] Kraw=turbo4_tcq Vraw=turbo2 Kshape=[256,256,4,1] Vshape=[256,256,4,1] Keff=f16 Veff=f16 turbo_kv=1 prefer_native_vec=0 decode=1 dk=1 dv=1 unsafe_vec_after_turbo_v_decode=0 allow_vec=1 kernel=MMA_F16 need_f16_K=0 need_f16_V=0 Knb=[68,544,136,139264] Vnb=[34,272,68,69632] Keff_nb=[2,2048,512,524288] Veff_nb=[2,2048,512,524288]
CUDA_FA_ROUTE_SUPPORTED kernel=MMA_F16 effK=f16 effV=f16 supported=1
CUDA_FA_ROUTE_PLAN device=0 Q=[256,256,16,1] Kraw=turbo4_tcq Vraw=turbo2 Kshape=[256,256,4,1] Vshape=[256,256,4,1] Keff=f16 Veff=f16 turbo_kv=1 prefer_native_vec=0 decode=1 dk=1 dv=1 unsafe_vec_after_turbo_v_decode=0 allow_vec=1 kernel=MMA_F16 need_f16_K=0 need_f16_V=0 Knb=[68,544,136,139264] Vnb=[34,272,68,69632] Keff_nb=[2,2048,512,524288] Veff_nb=[2,2048,512,524288]
CUDA_FA_ROUTE_SUPPORTED kernel=MMA_F16 effK=f16 effV=f16 supported=1
CUDA_FA_ROUTE_PLAN device=0 Q=[256,256,16,1] Kraw=turbo4_tcq Vraw=turbo2 Kshape=[256,256,4,1] Vshape=[256,256,4,1] Keff=f16 Veff=f16 turbo_kv=1 prefer_native_vec=0 decode=1 dk=1 dv=1 unsafe_vec_after_turbo_v_decode=0 allow_vec=1 kernel=MMA_F16 need_f16_K=0 need_f16_V=0 Knb=[68,544,136,139264] Vnb=[34,272,68,69632] Keff_nb=[2,2048,512,524288] Veff_nb=[2,2048,512,524288]
CUDA_FA_ROUTE_SUPPORTED kernel=MMA_F16 effK=f16 effV=f16 supported=1
CUDA_FA_ROUTE_PLAN device=0 Q=[256,256,16,1] Kraw=turbo4_tcq Vraw=turbo2 Kshape=[256,256,4,1] Vshape=[256,256,4,1] Keff=f16 Veff=f16 turbo_kv=1 prefer_native_vec=0 decode=1 dk=1 dv=1 unsafe_vec_after_turbo_v_decode=0 allow_vec=1 kernel=MMA_F16 need_f16_K=0 need_f16_V=0 Knb=[68,544,136,139264] Vnb=[34,272,68,69632] Keff_nb=[2,2048,512,524288] Veff_nb=[2,2048,512,524288]
CUDA_FA_ROUTE_ALLOC kernel=MMA_F16 need_f16_K=0 need_f16_V=0 workspace_end_offset=4194304 dst_data=(nil) f16_K=(nil) f16_V=(nil) f16_end=0x400000
CUDA_FA_ROUTE_PLAN device=0 Q=[256,256,16,1] Kraw=turbo4_tcq Vraw=turbo2 Kshape=[256,256,4,1] Vshape=[256,256,4,1] Keff=f16 Veff=f16 turbo_kv=1 prefer_native_vec=0 decode=1 dk=1 dv=1 unsafe_vec_after_turbo_v_decode=0 allow_vec=1 kernel=MMA_F16 need_f16_K=0 need_f16_V=0 Knb=[68,544,136,139264] Vnb=[34,272,68,69632] Keff_nb=[2,2048,512,524288] Veff_nb=[2,2048,512,524288]
CUDA_FA_ROUTE_ALLOC kernel=MMA_F16 need_f16_K=0 need_f16_V=0 workspace_end_offset=4194304 dst_data=(nil) f16_K=(nil) f16_V=(nil) f16_end=0x400000
CUDA_FA_ROUTE_PLAN device=0 Q=[256,256,16,1] Kraw=turbo4_tcq Vraw=turbo2 Kshape=[256,256,4,1] Vshape=[256,256,4,1] Keff=f16 Veff=f16 turbo_kv=1 prefer_native_vec=0 decode=1 dk=1 dv=1 unsafe_vec_after_turbo_v_decode=0 allow_vec=1 kernel=MMA_F16 need_f16_K=0 need_f16_V=0 Knb=[68,544,136,139264] Vnb=[34,272,68,69632] Keff_nb=[2,2048,512,524288] Veff_nb=[2,2048,512,524288]
CUDA_FA_ROUTE_ALLOC kernel=MMA_F16 need_f16_K=0 need_f16_V=0 workspace_end_offset=4194304 dst_data=(nil) f16_K=(nil) f16_V=(nil) f16_end=0x400000
CUDA_FA_ROUTE_PLAN device=0 Q=[256,256,16,1] Kraw=turbo4_tcq Vraw=turbo2 Kshape=[256,256,4,1] Vshape=[256,256,4,1] Keff=f16 Veff=f16 turbo_kv=1 prefer_native_vec=0 decode=1 dk=1 dv=1 unsafe_vec_after_turbo_v_decode=0 allow_vec=1 kernel=MMA_F16 need_f16_K=0 need_f16_V=0 Knb=[68,544,136,139264] Vnb=[34,272,68,69632] Keff_nb=[2,2048,512,524288] Veff_nb=[2,2048,512,524288]
CUDA_FA_ROUTE_ALLOC kernel=MMA_F16 need_f16_K=0 need_f16_V=0 workspace_end_offset=4194304 dst_data=(nil) f16_K=(nil) f16_V=(nil) f16_end=0x400000
CUDA_FA_ROUTE_PLAN device=0 Q=[256,256,16,1] Kraw=turbo4_tcq Vraw=turbo2 Kshape=[256,256,4,1] Vshape=[256,256,4,1] Keff=f16 Veff=f16 turbo_kv=1 prefer_native_vec=0 decode=1 dk=1 dv=1 unsafe_vec_after_turbo_v_decode=0 allow_vec=1 kernel=MMA_F16 need_f16_K=0 need_f16_V=0 Knb=[68,544,136,139264] Vnb=[34,272,68,69632] Keff_nb=[2,2048,512,524288] Veff_nb=[2,2048,512,524288]
CUDA_FA_ROUTE_ALLOC kernel=MMA_F16 need_f16_K=0 need_f16_V=0 workspace_end_offset=4194304 dst_data=(nil) f16_K=(nil) f16_V=(nil) f16_end=0x400000
CUDA_FA_ROUTE_PLAN device=0 Q=[256,256,16,1] Kraw=turbo4_tcq Vraw=turbo2 Kshape=[256,256,4,1] Vshape=[256,256,4,1] Keff=f16 Veff=f16 turbo_kv=1 prefer_native_vec=0 decode=1 dk=1 dv=1 unsafe_vec_after_turbo_v_decode=0 allow_vec=1 kernel=MMA_F16 need_f16_K=0 need_f16_V=0 Knb=[68,544,136,139264] Vnb=[34,272,68,69632] Keff_nb=[2,2048,512,524288] Veff_nb=[2,2048,512,524288]
CUDA_FA_ROUTE_ALLOC kernel=MMA_F16 need_f16_K=0 need_f16_V=0 workspace_end_offset=4194304 dst_data=(nil) f16_K=(nil) f16_V=(nil) f16_end=0x400000
CUDA_FA_ROUTE_PLAN device=0 Q=[256,256,16,1] Kraw=turbo4_tcq Vraw=turbo2 Kshape=[256,256,4,1] Vshape=[256,256,4,1] Keff=f16 Veff=f16 turbo_kv=1 prefer_native_vec=0 decode=1 dk=1 dv=1 unsafe_vec_after_turbo_v_decode=0 allow_vec=1 kernel=MMA_F16 need_f16_K=0 need_f16_V=0 Knb=[68,544,136,139264] Vnb=[34,272,68,69632] Keff_nb=[2,2048,512,524288] Veff_nb=[2,2048,512,524288]
CUDA_FA_ROUTE_ALLOC kernel=MMA_F16 need_f16_K=0 need_f16_V=0 workspace_end_offset=4194304 dst_data=(nil) f16_K=(nil) f16_V=(nil) f16_end=0x400000
CUDA_FA_ROUTE_PLAN device=0 Q=[256,256,16,1] Kraw=turbo4_tcq Vraw=turbo2 Kshape=[256,256,4,1] Vshape=[256,256,4,1] Keff=f16 Veff=f16 turbo_kv=1 prefer_native_vec=0 decode=1 dk=1 dv=1 unsafe_vec_after_turbo_v_decode=0 allow_vec=1 kernel=MMA_F16 need_f16_K=0 need_f16_V=0 Knb=[68,544,136,139264] Vnb=[34,272,68,69632] Keff_nb=[2,2048,512,524288] Veff_nb=[2,2048,512,524288]
CUDA_FA_ROUTE_ALLOC kernel=MMA_F16 need_f16_K=0 need_f16_V=0 workspace_end_offset=4194304 dst_data=(nil) f16_K=(nil) f16_V=(nil) f16_end=0x400000
CUDA_FA_ROUTE_PLAN device=0 Q=[256,256,16,1] Kraw=turbo4_tcq Vraw=turbo2 Kshape=[256,256,4,1] Vshape=[256,256,4,1] Keff=f16 Veff=f16 turbo_kv=1 prefer_native_vec=0 decode=1 dk=1 dv=1 unsafe_vec_after_turbo_v_decode=0 allow_vec=1 kernel=MMA_F16 need_f16_K=0 need_f16_V=0 Knb=[68,544,136,139264] Vnb=[34,272,68,69632] Keff_nb=[2,2048,512,524288] Veff_nb=[2,2048,512,524288]
CUDA_FA_ROUTE_ALLOC kernel=MMA_F16 need_f16_K=0 need_f16_V=0 workspace_end_offset=4194304 dst_data=(nil) f16_K=(nil) f16_V=(nil) f16_end=0x400000
CUDA_FA_ROUTE_PLAN device=0 Q=[256,256,16,1] Kraw=turbo4_tcq Vraw=turbo2 Kshape=[256,256,4,1] Vshape=[256,256,4,1] Keff=f16 Veff=f16 turbo_kv=1 prefer_native_vec=0 decode=1 dk=1 dv=1 unsafe_vec_after_turbo_v_decode=0 allow_vec=1 kernel=MMA_F16 need_f16_K=0 need_f16_V=0 Knb=[68,544,136,139264] Vnb=[34,272,68,69632] Keff_nb=[2,2048,512,524288] Veff_nb=[2,2048,512,524288]
CUDA_FA_ROUTE_ALLOC kernel=MMA_F16 need_f16_K=0 need_f16_V=0 workspace_end_offset=4194304 dst_data=(nil) f16_K=(nil) f16_V=(nil) f16_end=0x400000
CUDA_FA_ROUTE_PLAN device=0 Q=[256,256,16,1] Kraw=turbo4_tcq Vraw=turbo2 Kshape=[256,256,4,1] Vshape=[256,256,4,1] Keff=f16 Veff=f16 turbo_kv=1 prefer_native_vec=0 decode=1 dk=1 dv=1 unsafe_vec_after_turbo_v_decode=0 allow_vec=1 kernel=MMA_F16 need_f16_K=0 need_f16_V=0 Knb=[68,544,136,139264] Vnb=[34,272,68,69632] Keff_nb=[2,2048,512,524288] Veff_nb=[2,2048,512,524288]
CUDA_FA_ROUTE_ALLOC kernel=MMA_F16 need_f16_K=0 need_f16_V=0 workspace_end_offset=4194304 dst_data=(nil) f16_K=(nil) f16_V=(nil) f16_end=0x400000
CUDA_FA_ROUTE_PLAN device=0 Q=[256,256,16,1] Kraw=turbo4_tcq Vraw=turbo2 Kshape=[256,256,4,1] Vshape=[256,256,4,1] Keff=f16 Veff=f16 turbo_kv=1 prefer_native_vec=0 decode=1 dk=1 dv=1 unsafe_vec_after_turbo_v_decode=0 allow_vec=1 kernel=MMA_F16 need_f16_K=0 need_f16_V=0 Knb=[68,544,136,139264] Vnb=[34,272,68,69632] Keff_nb=[2,2048,512,524288] Veff_nb=[2,2048,512,524288]
CUDA_FA_ROUTE_ALLOC kernel=MMA_F16 need_f16_K=0 need_f16_V=0 workspace_end_offset=4194304 dst_data=(nil) f16_K=(nil) f16_V=(nil) f16_end=0x400000
CUDA_FA_ROUTE_PLAN device=0 Q=[256,256,16,1] Kraw=turbo4_tcq Vraw=turbo2 Kshape=[256,256,4,1] Vshape=[256,256,4,1] Keff=f16 Veff=f16 turbo_kv=1 prefer_native_vec=0 decode=1 dk=1 dv=1 unsafe_vec_after_turbo_v_decode=0 allow_vec=1 kernel=MMA_F16 need_f16_K=0 need_f16_V=0 Knb=[68,544,136,139264] Vnb=[34,272,68,69632] Keff_nb=[2,2048,512,524288] Veff_nb=[2,2048,512,524288]
CUDA_FA_ROUTE_ALLOC kernel=MMA_F16 need_f16_K=0 need_f16_V=0 workspace_end_offset=4194304 dst_data=(nil) f16_K=(nil) f16_V=(nil) f16_end=0x400000
CUDA_FA_ROUTE_PLAN device=0 Q=[256,256,16,1] Kraw=turbo4_tcq Vraw=turbo2 Kshape=[256,256,4,1] Vshape=[256,256,4,1] Keff=f16 Veff=f16 turbo_kv=1 prefer_native_vec=0 decode=1 dk=1 dv=1 unsafe_vec_after_turbo_v_decode=0 allow_vec=1 kernel=MMA_F16 need_f16_K=0 need_f16_V=0 Knb=[68,544,136,139264] Vnb=[34,272,68,69632] Keff_nb=[2,2048,512,524288] Veff_nb=[2,2048,512,524288]
CUDA_FA_ROUTE_ALLOC kernel=MMA_F16 need_f16_K=0 need_f16_V=0 workspace_end_offset=4194304 dst_data=(nil) f16_K=(nil) f16_V=(nil) f16_end=0x400000
CUDA_FA_ROUTE_PLAN device=0 Q=[256,256,16,1] Kraw=turbo4_tcq Vraw=turbo2 Kshape=[256,256,4,1] Vshape=[256,256,4,1] Keff=f16 Veff=f16 turbo_kv=1 prefer_native_vec=0 decode=1 dk=1 dv=1 unsafe_vec_after_turbo_v_decode=0 allow_vec=1 kernel=MMA_F16 need_f16_K=0 need_f16_V=0 Knb=[68,544,136,139264] Vnb=[34,272,68,69632] Keff_nb=[2,2048,512,524288] Veff_nb=[2,2048,512,524288]
CUDA_FA_ROUTE_ALLOC kernel=MMA_F16 need_f16_K=0 need_f16_V=0 workspace_end_offset=4194304 dst_data=(nil) f16_K=(nil) f16_V=(nil) f16_end=0x400000
CUDA_FA_ROUTE_PLAN device=0 Q=[256,256,16,1] Kraw=turbo4_tcq Vraw=turbo2 Kshape=[256,256,4,1] Vshape=[256,256,4,1] Keff=f16 Veff=f16 turbo_kv=1 prefer_native_vec=0 decode=1 dk=1 dv=1 unsafe_vec_after_turbo_v_decode=0 allow_vec=1 kernel=MMA_F16 need_f16_K=0 need_f16_V=0 Knb=[68,544,136,139264] Vnb=[34,272,68,69632] Keff_nb=[2,2048,512,524288] Veff_nb=[2,2048,512,524288]
CUDA_FA_ROUTE_ALLOC kernel=MMA_F16 need_f16_K=0 need_f16_V=0 workspace_end_offset=4194304 dst_data=(nil) f16_K=(nil) f16_V=(nil) f16_end=0x400000
CUDA_FA_ROUTE_PLAN device=0 Q=[256,256,16,1] Kraw=turbo4_tcq Vraw=turbo2 Kshape=[256,256,4,1] Vshape=[256,256,4,1] Keff=f16 Veff=f16 turbo_kv=1 prefer_native_vec=0 decode=1 dk=1 dv=1 unsafe_vec_after_turbo_v_decode=0 allow_vec=1 kernel=MMA_F16 need_f16_K=0 need_f16_V=0 Knb=[68,544,136,139264] Vnb=[34,272,68,69632] Keff_nb=[2,2048,512,524288] Veff_nb=[2,2048,512,524288]
CUDA_FA_ROUTE_ALLOC kernel=MMA_F16 need_f16_K=0 need_f16_V=0 workspace_end_offset=4194304 dst_data=(nil) f16_K=(nil) f16_V=(nil) f16_end=0x400000
CUDA_FA_ROUTE_PLAN device=0 Q=[256,256,16,1] Kraw=turbo4_tcq Vraw=turbo2 Kshape=[256,256,4,1] Vshape=[256,256,4,1] Keff=f16 Veff=f16 turbo_kv=1 prefer_native_vec=0 decode=1 dk=1 dv=1 unsafe_vec_after_turbo_v_decode=0 allow_vec=1 kernel=MMA_F16 need_f16_K=0 need_f16_V=0 Knb=[68,544,136,139264] Vnb=[34,272,68,69632] Keff_nb=[2,2048,512,524288] Veff_nb=[2,2048,512,524288]
CUDA_FA_ROUTE_ALLOC kernel=MMA_F16 need_f16_K=0 need_f16_V=0 workspace_end_offset=4194304 dst_data=(nil) f16_K=(nil) f16_V=(nil) f16_end=0x400000
CUDA_FA_ROUTE_PLAN device=0 Q=[256,256,16,1] Kraw=turbo4_tcq Vraw=turbo2 Kshape=[256,256,4,1] Vshape=[256,256,4,1] Keff=f16 Veff=f16 turbo_kv=1 prefer_native_vec=0 decode=1 dk=1 dv=1 unsafe_vec_after_turbo_v_decode=0 allow_vec=1 kernel=MMA_F16 need_f16_K=0 need_f16_V=0 Knb=[68,544,136,139264] Vnb=[34,272,68,69632] Keff_nb=[2,2048,512,524288] Veff_nb=[2,2048,512,524288]
CUDA_FA_ROUTE_ALLOC kernel=MMA_F16 need_f16_K=0 need_f16_V=0 workspace_end_offset=4194304 dst_data=(nil) f16_K=(nil) f16_V=(nil) f16_end=0x400000
CUDA_FA_ROUTE_PLAN device=0 Q=[256,256,16,1] Kraw=turbo4_tcq Vraw=turbo2 Kshape=[256,256,4,1] Vshape=[256,256,4,1] Keff=f16 Veff=f16 turbo_kv=1 prefer_native_vec=0 decode=1 dk=1 dv=1 unsafe_vec_after_turbo_v_decode=0 allow_vec=1 kernel=MMA_F16 need_f16_K=0 need_f16_V=0 Knb=[68,544,136,139264] Vnb=[34,272,68,69632] Keff_nb=[2,2048,512,524288] Veff_nb=[2,2048,512,524288]
CUDA_FA_ROUTE_ALLOC kernel=MMA_F16 need_f16_K=0 need_f16_V=0 workspace_end_offset=4194304 dst_data=(nil) f16_K=(nil) f16_V=(nil) f16_end=0x400000
CUDA_FA_ROUTE_PLAN device=0 Q=[256,256,16,1] Kraw=turbo4_tcq Vraw=turbo2 Kshape=[256,256,4,1] Vshape=[256,256,4,1] Keff=f16 Veff=f16 turbo_kv=1 prefer_native_vec=0 decode=1 dk=1 dv=1 unsafe_vec_after_turbo_v_decode=0 allow_vec=1 kernel=MMA_F16 need_f16_K=0 need_f16_V=0 Knb=[68,544,136,139264] Vnb=[34,272,68,69632] Keff_nb=[2,2048,512,524288] Veff_nb=[2,2048,512,524288]
CUDA_FA_ROUTE_ALLOC kernel=MMA_F16 need_f16_K=0 need_f16_V=0 workspace_end_offset=4194304 dst_data=(nil) f16_K=(nil) f16_V=(nil) f16_end=0x400000
CUDA_FA_ROUTE_PLAN device=0 Q=[256,256,16,1] Kraw=turbo4_tcq Vraw=turbo2 Kshape=[256,256,4,1] Vshape=[256,256,4,1] Keff=f16 Veff=f16 turbo_kv=1 prefer_native_vec=0 decode=1 dk=1 dv=1 unsafe_vec_after_turbo_v_decode=0 allow_vec=1 kernel=MMA_F16 need_f16_K=0 need_f16_V=0 Knb=[68,544,136,139264] Vnb=[34,272,68,69632] Keff_nb=[2,2048,512,524288] Veff_nb=[2,2048,512,524288]
CUDA_FA_ROUTE_ALLOC kernel=MMA_F16 need_f16_K=0 need_f16_V=0 workspace_end_offset=4194304 dst_data=(nil) f16_K=(nil) f16_V=(nil) f16_end=0x400000
CUDA_FA_ROUTE_PLAN device=0 Q=[256,256,16,1] Kraw=turbo4_tcq Vraw=turbo2 Kshape=[256,256,4,1] Vshape=[256,256,4,1] Keff=f16 Veff=f16 turbo_kv=1 prefer_native_vec=0 decode=1 dk=1 dv=1 unsafe_vec_after_turbo_v_decode=0 allow_vec=1 kernel=MMA_F16 need_f16_K=0 need_f16_V=0 Knb=[68,544,136,139264] Vnb=[34,272,68,69632] Keff_nb=[2,2048,512,524288] Veff_nb=[2,2048,512,524288]
CUDA_FA_ROUTE_ALLOC kernel=MMA_F16 need_f16_K=0 need_f16_V=0 workspace_end_offset=4194304 dst_data=(nil) f16_K=(nil) f16_V=(nil) f16_end=0x400000
CUDA_FA_ROUTE_PLAN device=0 Q=[256,256,16,1] Kraw=turbo4_tcq Vraw=turbo2 Kshape=[256,256,4,1] Vshape=[256,256,4,1] Keff=f16 Veff=f16 turbo_kv=1 prefer_native_vec=0 decode=1 dk=1 dv=1 unsafe_vec_after_turbo_v_decode=0 allow_vec=1 kernel=MMA_F16 need_f16_K=0 need_f16_V=0 Knb=[68,544,136,139264] Vnb=[34,272,68,69632] Keff_nb=[2,2048,512,524288] Veff_nb=[2,2048,512,524288]
CUDA_FA_ROUTE_ALLOC kernel=MMA_F16 need_f16_K=0 need_f16_V=0 workspace_end_offset=4194304 dst_data=(nil) f16_K=(nil) f16_V=(nil) f16_end=0x400000
CUDA_FA_ROUTE_PLAN device=0 Q=[256,256,16,1] Kraw=turbo4_tcq Vraw=turbo2 Kshape=[256,256,4,1] Vshape=[256,256,4,1] Keff=f16 Veff=f16 turbo_kv=1 prefer_native_vec=0 decode=1 dk=1 dv=1 unsafe_vec_after_turbo_v_decode=0 allow_vec=1 kernel=MMA_F16 need_f16_K=0 need_f16_V=0 Knb=[68,544,136,139264] Vnb=[34,272,68,69632] Keff_nb=[2,2048,512,524288] Veff_nb=[2,2048,512,524288]
CUDA_FA_ROUTE_ALLOC kernel=MMA_F16 need_f16_K=0 need_f16_V=0 workspace_end_offset=4194304 dst_data=(nil) f16_K=(nil) f16_V=(nil) f16_end=0x400000
CUDA_FA_ROUTE_PLAN device=0 Q=[256,256,16,1] Kraw=turbo4_tcq Vraw=turbo2 Kshape=[256,256,4,1] Vshape=[256,256,4,1] Keff=f16 Veff=f16 turbo_kv=1 prefer_native_vec=0 decode=1 dk=1 dv=1 unsafe_vec_after_turbo_v_decode=0 allow_vec=1 kernel=MMA_F16 need_f16_K=0 need_f16_V=0 Knb=[68,544,136,139264] Vnb=[34,272,68,69632] Keff_nb=[2,2048,512,524288] Veff_nb=[2,2048,512,524288]
CUDA_FA_ROUTE_ALLOC kernel=MMA_F16 need_f16_K=0 need_f16_V=0 workspace_end_offset=4194304 dst_data=(nil) f16_K=(nil) f16_V=(nil) f16_end=0x400000
CUDA_FA_ROUTE_PLAN device=0 Q=[256,256,16,1] Kraw=turbo4_tcq Vraw=turbo2 Kshape=[256,256,4,1] Vshape=[256,256,4,1] Keff=f16 Veff=f16 turbo_kv=1 prefer_native_vec=0 decode=1 dk=1 dv=1 unsafe_vec_after_turbo_v_decode=0 allow_vec=1 kernel=MMA_F16 need_f16_K=0 need_f16_V=0 Knb=[68,544,136,139264] Vnb=[34,272,68,69632] Keff_nb=[2,2048,512,524288] Veff_nb=[2,2048,512,524288]
CUDA_FA_ROUTE_ALLOC kernel=MMA_F16 need_f16_K=0 need_f16_V=0 workspace_end_offset=4194304 dst_data=(nil) f16_K=(nil) f16_V=(nil) f16_end=0x400000
CUDA_FA_ROUTE_PLAN device=0 Q=[256,256,16,1] Kraw=turbo4_tcq Vraw=turbo2 Kshape=[256,256,4,1] Vshape=[256,256,4,1] Keff=f16 Veff=f16 turbo_kv=1 prefer_native_vec=0 decode=1 dk=1 dv=1 unsafe_vec_after_turbo_v_decode=0 allow_vec=1 kernel=MMA_F16 need_f16_K=0 need_f16_V=0 Knb=[68,544,136,139264] Vnb=[34,272,68,69632] Keff_nb=[2,2048,512,524288] Veff_nb=[2,2048,512,524288]
CUDA_FA_ROUTE_ALLOC kernel=MMA_F16 need_f16_K=0 need_f16_V=0 workspace_end_offset=4194304 dst_data=(nil) f16_K=(nil) f16_V=(nil) f16_end=0x400000
CUDA_FA_ROUTE_PLAN device=0 Q=[256,256,16,1] Kraw=turbo4_tcq Vraw=turbo2 Kshape=[256,256,4,1] Vshape=[256,256,4,1] Keff=f16 Veff=f16 turbo_kv=1 prefer_native_vec=0 decode=1 dk=1 dv=1 unsafe_vec_after_turbo_v_decode=0 allow_vec=1 kernel=MMA_F16 need_f16_K=0 need_f16_V=0 Knb=[68,544,136,139264] Vnb=[34,272,68,69632] Keff_nb=[2,2048,512,524288] Veff_nb=[2,2048,512,524288]
CUDA_FA_ROUTE_ALLOC kernel=MMA_F16 need_f16_K=0 need_f16_V=0 workspace_end_offset=4194304 dst_data=(nil) f16_K=(nil) f16_V=(nil) f16_end=0x400000
CUDA_FA_ROUTE_PLAN device=0 Q=[256,256,16,1] Kraw=turbo4_tcq Vraw=turbo2 Kshape=[256,256,4,1] Vshape=[256,256,4,1] Keff=f16 Veff=f16 turbo_kv=1 prefer_native_vec=0 decode=1 dk=1 dv=1 unsafe_vec_after_turbo_v_decode=0 allow_vec=1 kernel=MMA_F16 need_f16_K=0 need_f16_V=0 Knb=[68,544,136,139264] Vnb=[34,272,68,69632] Keff_nb=[2,2048,512,524288] Veff_nb=[2,2048,512,524288]
CUDA_FA_ROUTE_ALLOC kernel=MMA_F16 need_f16_K=0 need_f16_V=0 workspace_end_offset=4194304 dst_data=(nil) f16_K=(nil) f16_V=(nil) f16_end=0x400000
CUDA_FA_ROUTE_PLAN device=0 Q=[256,256,16,1] Kraw=turbo4_tcq Vraw=turbo2 Kshape=[256,256,4,1] Vshape=[256,256,4,1] Keff=f16 Veff=f16 turbo_kv=1 prefer_native_vec=0 decode=1 dk=1 dv=1 unsafe_vec_after_turbo_v_decode=0 allow_vec=1 kernel=MMA_F16 need_f16_K=0 need_f16_V=0 Knb=[68,544,136,139264] Vnb=[34,272,68,69632] Keff_nb=[2,2048,512,524288] Veff_nb=[2,2048,512,524288]
CUDA_FA_ROUTE_ALLOC kernel=MMA_F16 need_f16_K=0 need_f16_V=0 workspace_end_offset=4194304 dst_data=(nil) f16_K=(nil) f16_V=(nil) f16_end=0x400000
CUDA_FA_ROUTE_PLAN device=0 Q=[256,256,16,1] Kraw=turbo4_tcq Vraw=turbo2 Kshape=[256,256,4,1] Vshape=[256,256,4,1] Keff=f16 Veff=f16 turbo_kv=1 prefer_native_vec=0 decode=1 dk=1 dv=1 unsafe_vec_after_turbo_v_decode=0 allow_vec=1 kernel=MMA_F16 need_f16_K=0 need_f16_V=0 Knb=[68,544,136,139264] Vnb=[34,272,68,69632] Keff_nb=[2,2048,512,524288] Veff_nb=[2,2048,512,524288]
CUDA_FA_ROUTE_ALLOC kernel=MMA_F16 need_f16_K=0 need_f16_V=0 workspace_end_offset=4194304 dst_data=(nil) f16_K=(nil) f16_V=(nil) f16_end=0x400000
CUDA_FA_ROUTE_PLAN device=0 Q=[256,1,16,1] Kraw=turbo4_tcq Vraw=turbo2 Kshape=[256,256,4,1] Vshape=[256,256,4,1] Keff=f16 Veff=f16 turbo_kv=1 prefer_native_vec=0 decode=1 dk=1 dv=1 unsafe_vec_after_turbo_v_decode=0 allow_vec=1 kernel=MMA_F16 need_f16_K=0 need_f16_V=0 Knb=[68,544,136,139264] Vnb=[34,272,68,69632] Keff_nb=[2,2048,512,524288] Veff_nb=[2,2048,512,524288]
CUDA_FA_ROUTE_SUPPORTED kernel=MMA_F16 effK=f16 effV=f16 supported=1
CUDA_FA_ROUTE_PLAN device=0 Q=[256,1,16,1] Kraw=turbo4_tcq Vraw=turbo2 Kshape=[256,256,4,1] Vshape=[256,256,4,1] Keff=f16 Veff=f16 turbo_kv=1 prefer_native_vec=0 decode=1 dk=1 dv=1 unsafe_vec_after_turbo_v_decode=0 allow_vec=1 kernel=MMA_F16 need_f16_K=0 need_f16_V=0 Knb=[68,544,136,139264] Vnb=[34,272,68,69632] Keff_nb=[2,2048,512,524288] Veff_nb=[2,2048,512,524288]
CUDA_FA_ROUTE_SUPPORTED kernel=MMA_F16 effK=f16 effV=f16 supported=1
CUDA_FA_ROUTE_PLAN device=0 Q=[256,1,16,1] Kraw=turbo4_tcq Vraw=turbo2 Kshape=[256,256,4,1] Vshape=[256,256,4,1] Keff=f16 Veff=f16 turbo_kv=1 prefer_native_vec=0 decode=1 dk=1 dv=1 unsafe_vec_after_turbo_v_decode=0 allow_vec=1 kernel=MMA_F16 need_f16_K=0 need_f16_V=0 Knb=[68,544,136,139264] Vnb=[34,272,68,69632] Keff_nb=[2,2048,512,524288] Veff_nb=[2,2048,512,524288]
CUDA_FA_ROUTE_SUPPORTED kernel=MMA_F16 effK=f16 effV=f16 supported=1
CUDA_FA_ROUTE_PLAN device=0 Q=[256,1,16,1] Kraw=turbo4_tcq Vraw=turbo2 Kshape=[256,256,4,1] Vshape=[256,256,4,1] Keff=f16 Veff=f16 turbo_kv=1 prefer_native_vec=0 decode=1 dk=1 dv=1 unsafe_vec_after_turbo_v_decode=0 allow_vec=1 kernel=MMA_F16 need_f16_K=0 need_f16_V=0 Knb=[68,544,136,139264] Vnb=[34,272,68,69632] Keff_nb=[2,2048,512,524288] Veff_nb=[2,2048,512,524288]
CUDA_FA_ROUTE_SUPPORTED kernel=MMA_F16 effK=f16 effV=f16 supported=1
CUDA_FA_ROUTE_PLAN device=0 Q=[256,1,16,1] Kraw=turbo4_tcq Vraw=turbo2 Kshape=[256,256,4,1] Vshape=[256,256,4,1] Keff=f16 Veff=f16 turbo_kv=1 prefer_native_vec=0 decode=1 dk=1 dv=1 unsafe_vec_after_turbo_v_decode=0 allow_vec=1 kernel=MMA_F16 need_f16_K=0 need_f16_V=0 Knb=[68,544,136,139264] Vnb=[34,272,68,69632] Keff_nb=[2,2048,512,524288] Veff_nb=[2,2048,512,524288]
CUDA_FA_ROUTE_SUPPORTED kernel=MMA_F16 effK=f16 effV=f16 supported=1
CUDA_FA_ROUTE_PLAN device=0 Q=[256,1,16,1] Kraw=turbo4_tcq Vraw=turbo2 Kshape=[256,256,4,1] Vshape=[256,256,4,1] Keff=f16 Veff=f16 turbo_kv=1 prefer_native_vec=0 decode=1 dk=1 dv=1 unsafe_vec_after_turbo_v_decode=0 allow_vec=1 kernel=MMA_F16 need_f16_K=0 need_f16_V=0 Knb=[68,544,136,139264] Vnb=[34,272,68,69632] Keff_nb=[2,2048,512,524288] Veff_nb=[2,2048,512,524288]
CUDA_FA_ROUTE_SUPPORTED kernel=MMA_F16 effK=f16 effV=f16 supported=1
CUDA_FA_ROUTE_PLAN device=0 Q=[256,1,16,1] Kraw=turbo4_tcq Vraw=turbo2 Kshape=[256,256,4,1] Vshape=[256,256,4,1] Keff=f16 Veff=f16 turbo_kv=1 prefer_native_vec=0 decode=1 dk=1 dv=1 unsafe_vec_after_turbo_v_decode=0 allow_vec=1 kernel=MMA_F16 need_f16_K=0 need_f16_V=0 Knb=[68,544,136,139264] Vnb=[34,272,68,69632] Keff_nb=[2,2048,512,524288] Veff_nb=[2,2048,512,524288]
CUDA_FA_ROUTE_SUPPORTED kernel=MMA_F16 effK=f16 effV=f16 supported=1
CUDA_FA_ROUTE_PLAN device=0 Q=[256,1,16,1] Kraw=turbo4_tcq Vraw=turbo2 Kshape=[256,256,4,1] Vshape=[256,256,4,1] Keff=f16 Veff=f16 turbo_kv=1 prefer_native_vec=0 decode=1 dk=1 dv=1 unsafe_vec_after_turbo_v_decode=0 allow_vec=1 kernel=MMA_F16 need_f16_K=0 need_f16_V=0 Knb=[68,544,136,139264] Vnb=[34,272,68,69632] Keff_nb=[2,2048,512,524288] Veff_nb=[2,2048,512,524288]
CUDA_FA_ROUTE_SUPPORTED kernel=MMA_F16 effK=f16 effV=f16 supported=1
CUDA_FA_ROUTE_PLAN device=0 Q=[256,256,16,1] Kraw=turbo4_tcq Vraw=turbo2 Kshape=[256,256,4,1] Vshape=[256,256,4,1] Keff=f16 Veff=f16 turbo_kv=1 prefer_native_vec=0 decode=1 dk=1 dv=1 unsafe_vec_after_turbo_v_decode=0 allow_vec=1 kernel=MMA_F16 need_f16_K=0 need_f16_V=0 Knb=[68,544,136,139264] Vnb=[34,272,68,69632] Keff_nb=[2,2048,512,524288] Veff_nb=[2,2048,512,524288]
CUDA_FA_ROUTE_SUPPORTED kernel=MMA_F16 effK=f16 effV=f16 supported=1
CUDA_FA_ROUTE_PLAN device=0 Q=[256,256,16,1] Kraw=turbo4_tcq Vraw=turbo2 Kshape=[256,256,4,1] Vshape=[256,256,4,1] Keff=f16 Veff=f16 turbo_kv=1 prefer_native_vec=0 decode=1 dk=1 dv=1 unsafe_vec_after_turbo_v_decode=0 allow_vec=1 kernel=MMA_F16 need_f16_K=0 need_f16_V=0 Knb=[68,544,136,139264] Vnb=[34,272,68,69632] Keff_nb=[2,2048,512,524288] Veff_nb=[2,2048,512,524288]
CUDA_FA_ROUTE_SUPPORTED kernel=MMA_F16 effK=f16 effV=f16 supported=1
CUDA_FA_ROUTE_PLAN device=0 Q=[256,256,16,1] Kraw=turbo4_tcq Vraw=turbo2 Kshape=[256,256,4,1] Vshape=[256,256,4,1] Keff=f16 Veff=f16 turbo_kv=1 prefer_native_vec=0 decode=1 dk=1 dv=1 unsafe_vec_after_turbo_v_decode=0 allow_vec=1 kernel=MMA_F16 need_f16_K=0 need_f16_V=0 Knb=[68,544,136,139264] Vnb=[34,272,68,69632] Keff_nb=[2,2048,512,524288] Veff_nb=[2,2048,512,524288]
CUDA_FA_ROUTE_SUPPORTED kernel=MMA_F16 effK=f16 effV=f16 supported=1
CUDA_FA_ROUTE_PLAN device=0 Q=[256,256,16,1] Kraw=turbo4_tcq Vraw=turbo2 Kshape=[256,256,4,1] Vshape=[256,256,4,1] Keff=f16 Veff=f16 turbo_kv=1 prefer_native_vec=0 decode=1 dk=1 dv=1 unsafe_vec_after_turbo_v_decode=0 allow_vec=1 kernel=MMA_F16 need_f16_K=0 need_f16_V=0 Knb=[68,544,136,139264] Vnb=[34,272,68,69632] Keff_nb=[2,2048,512,524288] Veff_nb=[2,2048,512,524288]
CUDA_FA_ROUTE_SUPPORTED kernel=MMA_F16 effK=f16 effV=f16 supported=1
CUDA_FA_ROUTE_PLAN device=0 Q=[256,256,16,1] Kraw=turbo4_tcq Vraw=turbo2 Kshape=[256,256,4,1] Vshape=[256,256,4,1] Keff=f16 Veff=f16 turbo_kv=1 prefer_native_vec=0 decode=1 dk=1 dv=1 unsafe_vec_after_turbo_v_decode=0 allow_vec=1 kernel=MMA_F16 need_f16_K=0 need_f16_V=0 Knb=[68,544,136,139264] Vnb=[34,272,68,69632] Keff_nb=[2,2048,512,524288] Veff_nb=[2,2048,512,524288]
CUDA_FA_ROUTE_SUPPORTED kernel=MMA_F16 effK=f16 effV=f16 supported=1
CUDA_FA_ROUTE_PLAN device=0 Q=[256,256,16,1] Kraw=turbo4_tcq Vraw=turbo2 Kshape=[256,256,4,1] Vshape=[256,256,4,1] Keff=f16 Veff=f16 turbo_kv=1 prefer_native_vec=0 decode=1 dk=1 dv=1 unsafe_vec_after_turbo_v_decode=0 allow_vec=1 kernel=MMA_F16 need_f16_K=0 need_f16_V=0 Knb=[68,544,136,139264] Vnb=[34,272,68,69632] Keff_nb=[2,2048,512,524288] Veff_nb=[2,2048,512,524288]
CUDA_FA_ROUTE_SUPPORTED kernel=MMA_F16 effK=f16 effV=f16 supported=1
CUDA_FA_ROUTE_PLAN device=0 Q=[256,256,16,1] Kraw=turbo4_tcq Vraw=turbo2 Kshape=[256,256,4,1] Vshape=[256,256,4,1] Keff=f16 Veff=f16 turbo_kv=1 prefer_native_vec=0 decode=1 dk=1 dv=1 unsafe_vec_after_turbo_v_decode=0 allow_vec=1 kernel=MMA_F16 need_f16_K=0 need_f16_V=0 Knb=[68,544,136,139264] Vnb=[34,272,68,69632] Keff_nb=[2,2048,512,524288] Veff_nb=[2,2048,512,524288]
CUDA_FA_ROUTE_SUPPORTED kernel=MMA_F16 effK=f16 effV=f16 supported=1
CUDA_FA_ROUTE_PLAN device=0 Q=[256,256,16,1] Kraw=turbo4_tcq Vraw=turbo2 Kshape=[256,256,4,1] Vshape=[256,256,4,1] Keff=f16 Veff=f16 turbo_kv=1 prefer_native_vec=0 decode=1 dk=1 dv=1 unsafe_vec_after_turbo_v_decode=0 allow_vec=1 kernel=MMA_F16 need_f16_K=0 need_f16_V=0 Knb=[68,544,136,139264] Vnb=[34,272,68,69632] Keff_nb=[2,2048,512,524288] Veff_nb=[2,2048,512,524288]
CUDA_FA_ROUTE_SUPPORTED kernel=MMA_F16 effK=f16 effV=f16 supported=1
CUDA_FA_ROUTE_PLAN device=0 Q=[256,1,16,1] Kraw=turbo4_tcq Vraw=turbo2 Kshape=[256,256,4,1] Vshape=[256,256,4,1] Keff=f16 Veff=f16 turbo_kv=1 prefer_native_vec=0 decode=1 dk=1 dv=1 unsafe_vec_after_turbo_v_decode=0 allow_vec=1 kernel=MMA_F16 need_f16_K=0 need_f16_V=0 Knb=[68,544,136,139264] Vnb=[34,272,68,69632] Keff_nb=[2,2048,512,524288] Veff_nb=[2,2048,512,524288]
CUDA_FA_ROUTE_SUPPORTED kernel=MMA_F16 effK=f16 effV=f16 supported=1
CUDA_FA_ROUTE_PLAN device=0 Q=[256,1,16,1] Kraw=turbo4_tcq Vraw=turbo2 Kshape=[256,256,4,1] Vshape=[256,256,4,1] Keff=f16 Veff=f16 turbo_kv=1 prefer_native_vec=0 decode=1 dk=1 dv=1 unsafe_vec_after_turbo_v_decode=0 allow_vec=1 kernel=MMA_F16 need_f16_K=0 need_f16_V=0 Knb=[68,544,136,139264] Vnb=[34,272,68,69632] Keff_nb=[2,2048,512,524288] Veff_nb=[2,2048,512,524288]
CUDA_FA_ROUTE_SUPPORTED kernel=MMA_F16 effK=f16 effV=f16 supported=1
CUDA_FA_ROUTE_PLAN device=0 Q=[256,1,16,1] Kraw=turbo4_tcq Vraw=turbo2 Kshape=[256,256,4,1] Vshape=[256,256,4,1] Keff=f16 Veff=f16 turbo_kv=1 prefer_native_vec=0 decode=1 dk=1 dv=1 unsafe_vec_after_turbo_v_decode=0 allow_vec=1 kernel=MMA_F16 need_f16_K=0 need_f16_V=0 Knb=[68,544,136,139264] Vnb=[34,272,68,69632] Keff_nb=[2,2048,512,524288] Veff_nb=[2,2048,512,524288]
CUDA_FA_ROUTE_SUPPORTED kernel=MMA_F16 effK=f16 effV=f16 supported=1
CUDA_FA_ROUTE_PLAN device=0 Q=[256,1,16,1] Kraw=turbo4_tcq Vraw=turbo2 Kshape=[256,256,4,1] Vshape=[256,256,4,1] Keff=f16 Veff=f16 turbo_kv=1 prefer_native_vec=0 decode=1 dk=1 dv=1 unsafe_vec_after_turbo_v_decode=0 allow_vec=1 kernel=MMA_F16 need_f16_K=0 need_f16_V=0 Knb=[68,544,136,139264] Vnb=[34,272,68,69632] Keff_nb=[2,2048,512,524288] Veff_nb=[2,2048,512,524288]
CUDA_FA_ROUTE_SUPPORTED kernel=MMA_F16 effK=f16 effV=f16 supported=1
CUDA_FA_ROUTE_PLAN device=0 Q=[256,1,16,1] Kraw=turbo4_tcq Vraw=turbo2 Kshape=[256,256,4,1] Vshape=[256,256,4,1] Keff=f16 Veff=f16 turbo_kv=1 prefer_native_vec=0 decode=1 dk=1 dv=1 unsafe_vec_after_turbo_v_decode=0 allow_vec=1 kernel=MMA_F16 need_f16_K=0 need_f16_V=0 Knb=[68,544,136,139264] Vnb=[34,272,68,69632] Keff_nb=[2,2048,512,524288] Veff_nb=[2,2048,512,524288]
CUDA_FA_ROUTE_SUPPORTED kernel=MMA_F16 effK=f16 effV=f16 supported=1
CUDA_FA_ROUTE_PLAN device=0 Q=[256,1,16,1] Kraw=turbo4_tcq Vraw=turbo2 Kshape=[256,256,4,1] Vshape=[256,256,4,1] Keff=f16 Veff=f16 turbo_kv=1 prefer_native_vec=0 decode=1 dk=1 dv=1 unsafe_vec_after_turbo_v_decode=0 allow_vec=1 kernel=MMA_F16 need_f16_K=0 need_f16_V=0 Knb=[68,544,136,139264] Vnb=[34,272,68,69632] Keff_nb=[2,2048,512,524288] Veff_nb=[2,2048,512,524288]
CUDA_FA_ROUTE_SUPPORTED kernel=MMA_F16 effK=f16 effV=f16 supported=1
CUDA_FA_ROUTE_PLAN device=0 Q=[256,1,16,1] Kraw=turbo4_tcq Vraw=turbo2 Kshape=[256,256,4,1] Vshape=[256,256,4,1] Keff=f16 Veff=f16 turbo_kv=1 prefer_native_vec=0 decode=1 dk=1 dv=1 unsafe_vec_after_turbo_v_decode=0 allow_vec=1 kernel=MMA_F16 need_f16_K=0 need_f16_V=0 Knb=[68,544,136,139264] Vnb=[34,272,68,69632] Keff_nb=[2,2048,512,524288] Veff_nb=[2,2048,512,524288]
CUDA_FA_ROUTE_SUPPORTED kernel=MMA_F16 effK=f16 effV=f16 supported=1
CUDA_FA_ROUTE_PLAN device=0 Q=[256,1,16,1] Kraw=turbo4_tcq Vraw=turbo2 Kshape=[256,256,4,1] Vshape=[256,256,4,1] Keff=f16 Veff=f16 turbo_kv=1 prefer_native_vec=0 decode=1 dk=1 dv=1 unsafe_vec_after_turbo_v_decode=0 allow_vec=1 kernel=MMA_F16 need_f16_K=0 need_f16_V=0 Knb=[68,544,136,139264] Vnb=[34,272,68,69632] Keff_nb=[2,2048,512,524288] Veff_nb=[2,2048,512,524288]
CUDA_FA_ROUTE_SUPPORTED kernel=MMA_F16 effK=f16 effV=f16 supported=1
CUDA_FA_ROUTE_PLAN device=0 Q=[256,16,16,1] Kraw=turbo4_tcq Vraw=turbo2 Kshape=[256,256,4,1] Vshape=[256,256,4,1] Keff=f16 Veff=f16 turbo_kv=1 prefer_native_vec=0 decode=1 dk=1 dv=1 unsafe_vec_after_turbo_v_decode=0 allow_vec=1 kernel=MMA_F16 need_f16_K=0 need_f16_V=0 Knb=[68,544,136,139264] Vnb=[34,272,68,69632] Keff_nb=[2,2048,512,524288] Veff_nb=[2,2048,512,524288]
CUDA_FA_ROUTE_SUPPORTED kernel=MMA_F16 effK=f16 effV=f16 supported=1
CUDA_FA_ROUTE_PLAN device=0 Q=[256,16,16,1] Kraw=turbo4_tcq Vraw=turbo2 Kshape=[256,256,4,1] Vshape=[256,256,4,1] Keff=f16 Veff=f16 turbo_kv=1 prefer_native_vec=0 decode=1 dk=1 dv=1 unsafe_vec_after_turbo_v_decode=0 allow_vec=1 kernel=MMA_F16 need_f16_K=0 need_f16_V=0 Knb=[68,544,136,139264] Vnb=[34,272,68,69632] Keff_nb=[2,2048,512,524288] Veff_nb=[2,2048,512,524288]
CUDA_FA_ROUTE_SUPPORTED kernel=MMA_F16 effK=f16 effV=f16 supported=1
CUDA_FA_ROUTE_PLAN device=0 Q=[256,16,16,1] Kraw=turbo4_tcq Vraw=turbo2 Kshape=[256,256,4,1] Vshape=[256,256,4,1] Keff=f16 Veff=f16 turbo_kv=1 prefer_native_vec=0 decode=1 dk=1 dv=1 unsafe_vec_after_turbo_v_decode=0 allow_vec=1 kernel=MMA_F16 need_f16_K=0 need_f16_V=0 Knb=[68,544,136,139264] Vnb=[34,272,68,69632] Keff_nb=[2,2048,512,524288] Veff_nb=[2,2048,512,524288]
CUDA_FA_ROUTE_SUPPORTED kernel=MMA_F16 effK=f16 effV=f16 supported=1
CUDA_FA_ROUTE_PLAN device=0 Q=[256,16,16,1] Kraw=turbo4_tcq Vraw=turbo2 Kshape=[256,256,4,1] Vshape=[256,256,4,1] Keff=f16 Veff=f16 turbo_kv=1 prefer_native_vec=0 decode=1 dk=1 dv=1 unsafe_vec_after_turbo_v_decode=0 allow_vec=1 kernel=MMA_F16 need_f16_K=0 need_f16_V=0 Knb=[68,544,136,139264] Vnb=[34,272,68,69632] Keff_nb=[2,2048,512,524288] Veff_nb=[2,2048,512,524288]
CUDA_FA_ROUTE_SUPPORTED kernel=MMA_F16 effK=f16 effV=f16 supported=1
CUDA_FA_ROUTE_PLAN device=0 Q=[256,16,16,1] Kraw=turbo4_tcq Vraw=turbo2 Kshape=[256,256,4,1] Vshape=[256,256,4,1] Keff=f16 Veff=f16 turbo_kv=1 prefer_native_vec=0 decode=1 dk=1 dv=1 unsafe_vec_after_turbo_v_decode=0 allow_vec=1 kernel=MMA_F16 need_f16_K=0 need_f16_V=0 Knb=[68,544,136,139264] Vnb=[34,272,68,69632] Keff_nb=[2,2048,512,524288] Veff_nb=[2,2048,512,524288]
CUDA_FA_ROUTE_SUPPORTED kernel=MMA_F16 effK=f16 effV=f16 supported=1
CUDA_FA_ROUTE_PLAN device=0 Q=[256,16,16,1] Kraw=turbo4_tcq Vraw=turbo2 Kshape=[256,256,4,1] Vshape=[256,256,4,1] Keff=f16 Veff=f16 turbo_kv=1 prefer_native_vec=0 decode=1 dk=1 dv=1 unsafe_vec_after_turbo_v_decode=0 allow_vec=1 kernel=MMA_F16 need_f16_K=0 need_f16_V=0 Knb=[68,544,136,139264] Vnb=[34,272,68,69632] Keff_nb=[2,2048,512,524288] Veff_nb=[2,2048,512,524288]
CUDA_FA_ROUTE_SUPPORTED kernel=MMA_F16 effK=f16 effV=f16 supported=1
CUDA_FA_ROUTE_PLAN device=0 Q=[256,16,16,1] Kraw=turbo4_tcq Vraw=turbo2 Kshape=[256,256,4,1] Vshape=[256,256,4,1] Keff=f16 Veff=f16 turbo_kv=1 prefer_native_vec=0 decode=1 dk=1 dv=1 unsafe_vec_after_turbo_v_decode=0 allow_vec=1 kernel=MMA_F16 need_f16_K=0 need_f16_V=0 Knb=[68,544,136,139264] Vnb=[34,272,68,69632] Keff_nb=[2,2048,512,524288] Veff_nb=[2,2048,512,524288]
CUDA_FA_ROUTE_SUPPORTED kernel=MMA_F16 effK=f16 effV=f16 supported=1
CUDA_FA_ROUTE_PLAN device=0 Q=[256,16,16,1] Kraw=turbo4_tcq Vraw=turbo2 Kshape=[256,256,4,1] Vshape=[256,256,4,1] Keff=f16 Veff=f16 turbo_kv=1 prefer_native_vec=0 decode=1 dk=1 dv=1 unsafe_vec_after_turbo_v_decode=0 allow_vec=1 kernel=MMA_F16 need_f16_K=0 need_f16_V=0 Knb=[68,544,136,139264] Vnb=[34,272,68,69632] Keff_nb=[2,2048,512,524288] Veff_nb=[2,2048,512,524288]
CUDA_FA_ROUTE_SUPPORTED kernel=MMA_F16 effK=f16 effV=f16 supported=1
CUDA_FA_ROUTE_PLAN device=0 Q=[256,1,16,1] Kraw=turbo4_tcq Vraw=turbo2 Kshape=[256,256,4,1] Vshape=[256,256,4,1] Keff=f16 Veff=f16 turbo_kv=1 prefer_native_vec=0 decode=1 dk=1 dv=1 unsafe_vec_after_turbo_v_decode=0 allow_vec=1 kernel=MMA_F16 need_f16_K=0 need_f16_V=0 Knb=[68,544,136,139264] Vnb=[34,272,68,69632] Keff_nb=[2,2048,512,524288] Veff_nb=[2,2048,512,524288]
CUDA_FA_ROUTE_SUPPORTED kernel=MMA_F16 effK=f16 effV=f16 supported=1
CUDA_FA_ROUTE_PLAN device=0 Q=[256,1,16,1] Kraw=turbo4_tcq Vraw=turbo2 Kshape=[256,256,4,1] Vshape=[256,256,4,1] Keff=f16 Veff=f16 turbo_kv=1 prefer_native_vec=0 decode=1 dk=1 dv=1 unsafe_vec_after_turbo_v_decode=0 allow_vec=1 kernel=MMA_F16 need_f16_K=0 need_f16_V=0 Knb=[68,544,136,139264] Vnb=[34,272,68,69632] Keff_nb=[2,2048,512,524288] Veff_nb=[2,2048,512,524288]
CUDA_FA_ROUTE_SUPPORTED kernel=MMA_F16 effK=f16 effV=f16 supported=1
CUDA_FA_ROUTE_PLAN device=0 Q=[256,1,16,1] Kraw=turbo4_tcq Vraw=turbo2 Kshape=[256,256,4,1] Vshape=[256,256,4,1] Keff=f16 Veff=f16 turbo_kv=1 prefer_native_vec=0 decode=1 dk=1 dv=1 unsafe_vec_after_turbo_v_decode=0 allow_vec=1 kernel=MMA_F16 need_f16_K=0 need_f16_V=0 Knb=[68,544,136,139264] Vnb=[34,272,68,69632] Keff_nb=[2,2048,512,524288] Veff_nb=[2,2048,512,524288]
CUDA_FA_ROUTE_SUPPORTED kernel=MMA_F16 effK=f16 effV=f16 supported=1
CUDA_FA_ROUTE_PLAN device=0 Q=[256,1,16,1] Kraw=turbo4_tcq Vraw=turbo2 Kshape=[256,256,4,1] Vshape=[256,256,4,1] Keff=f16 Veff=f16 turbo_kv=1 prefer_native_vec=0 decode=1 dk=1 dv=1 unsafe_vec_after_turbo_v_decode=0 allow_vec=1 kernel=MMA_F16 need_f16_K=0 need_f16_V=0 Knb=[68,544,136,139264] Vnb=[34,272,68,69632] Keff_nb=[2,2048,512,524288] Veff_nb=[2,2048,512,524288]
CUDA_FA_ROUTE_SUPPORTED kernel=MMA_F16 effK=f16 effV=f16 supported=1
CUDA_FA_ROUTE_PLAN device=0 Q=[256,1,16,1] Kraw=turbo4_tcq Vraw=turbo2 Kshape=[256,256,4,1] Vshape=[256,256,4,1] Keff=f16 Veff=f16 turbo_kv=1 prefer_native_vec=0 decode=1 dk=1 dv=1 unsafe_vec_after_turbo_v_decode=0 allow_vec=1 kernel=MMA_F16 need_f16_K=0 need_f16_V=0 Knb=[68,544,136,139264] Vnb=[34,272,68,69632] Keff_nb=[2,2048,512,524288] Veff_nb=[2,2048,512,524288]
CUDA_FA_ROUTE_SUPPORTED kernel=MMA_F16 effK=f16 effV=f16 supported=1
CUDA_FA_ROUTE_PLAN device=0 Q=[256,1,16,1] Kraw=turbo4_tcq Vraw=turbo2 Kshape=[256,256,4,1] Vshape=[256,256,4,1] Keff=f16 Veff=f16 turbo_kv=1 prefer_native_vec=0 decode=1 dk=1 dv=1 unsafe_vec_after_turbo_v_decode=0 allow_vec=1 kernel=MMA_F16 need_f16_K=0 need_f16_V=0 Knb=[68,544,136,139264] Vnb=[34,272,68,69632] Keff_nb=[2,2048,512,524288] Veff_nb=[2,2048,512,524288]
CUDA_FA_ROUTE_SUPPORTED kernel=MMA_F16 effK=f16 effV=f16 supported=1
CUDA_FA_ROUTE_PLAN device=0 Q=[256,1,16,1] Kraw=turbo4_tcq Vraw=turbo2 Kshape=[256,256,4,1] Vshape=[256,256,4,1] Keff=f16 Veff=f16 turbo_kv=1 prefer_native_vec=0 decode=1 dk=1 dv=1 unsafe_vec_after_turbo_v_decode=0 allow_vec=1 kernel=MMA_F16 need_f16_K=0 need_f16_V=0 Knb=[68,544,136,139264] Vnb=[34,272,68,69632] Keff_nb=[2,2048,512,524288] Veff_nb=[2,2048,512,524288]
CUDA_FA_ROUTE_SUPPORTED kernel=MMA_F16 effK=f16 effV=f16 supported=1
CUDA_FA_ROUTE_PLAN device=0 Q=[256,1,16,1] Kraw=turbo4_tcq Vraw=turbo2 Kshape=[256,256,4,1] Vshape=[256,256,4,1] Keff=f16 Veff=f16 turbo_kv=1 prefer_native_vec=0 decode=1 dk=1 dv=1 unsafe_vec_after_turbo_v_decode=0 allow_vec=1 kernel=MMA_F16 need_f16_K=0 need_f16_V=0 Knb=[68,544,136,139264] Vnb=[34,272,68,69632] Keff_nb=[2,2048,512,524288] Veff_nb=[2,2048,512,524288]
CUDA_FA_ROUTE_SUPPORTED kernel=MMA_F16 effK=f16 effV=f16 supported=1
CUDA_FA_ROUTE_PLAN device=0 Q=[256,256,16,1] Kraw=turbo4_tcq Vraw=turbo2 Kshape=[256,256,4,1] Vshape=[256,256,4,1] Keff=f16 Veff=f16 turbo_kv=1 prefer_native_vec=0 decode=1 dk=1 dv=1 unsafe_vec_after_turbo_v_decode=0 allow_vec=1 kernel=MMA_F16 need_f16_K=0 need_f16_V=0 Knb=[68,544,136,139264] Vnb=[34,272,68,69632] Keff_nb=[2,2048,512,524288] Veff_nb=[2,2048,512,524288]
CUDA_FA_ROUTE_SUPPORTED kernel=MMA_F16 effK=f16 effV=f16 supported=1
CUDA_FA_ROUTE_PLAN device=0 Q=[256,256,16,1] Kraw=turbo4_tcq Vraw=turbo2 Kshape=[256,256,4,1] Vshape=[256,256,4,1] Keff=f16 Veff=f16 turbo_kv=1 prefer_native_vec=0 decode=1 dk=1 dv=1 unsafe_vec_after_turbo_v_decode=0 allow_vec=1 kernel=MMA_F16 need_f16_K=0 need_f16_V=0 Knb=[68,544,136,139264] Vnb=[34,272,68,69632] Keff_nb=[2,2048,512,524288] Veff_nb=[2,2048,512,524288]
CUDA_FA_ROUTE_SUPPORTED kernel=MMA_F16 effK=f16 effV=f16 supported=1
CUDA_FA_ROUTE_PLAN device=0 Q=[256,256,16,1] Kraw=turbo4_tcq Vraw=turbo2 Kshape=[256,256,4,1] Vshape=[256,256,4,1] Keff=f16 Veff=f16 turbo_kv=1 prefer_native_vec=0 decode=1 dk=1 dv=1 unsafe_vec_after_turbo_v_decode=0 allow_vec=1 kernel=MMA_F16 need_f16_K=0 need_f16_V=0 Knb=[68,544,136,139264] Vnb=[34,272,68,69632] Keff_nb=[2,2048,512,524288] Veff_nb=[2,2048,512,524288]
CUDA_FA_ROUTE_SUPPORTED kernel=MMA_F16 effK=f16 effV=f16 supported=1
CUDA_FA_ROUTE_PLAN device=0 Q=[256,256,16,1] Kraw=turbo4_tcq Vraw=turbo2 Kshape=[256,256,4,1] Vshape=[256,256,4,1] Keff=f16 Veff=f16 turbo_kv=1 prefer_native_vec=0 decode=1 dk=1 dv=1 unsafe_vec_after_turbo_v_decode=0 allow_vec=1 kernel=MMA_F16 need_f16_K=0 need_f16_V=0 Knb=[68,544,136,139264] Vnb=[34,272,68,69632] Keff_nb=[2,2048,512,524288] Veff_nb=[2,2048,512,524288]
CUDA_FA_ROUTE_SUPPORTED kernel=MMA_F16 effK=f16 effV=f16 supported=1
CUDA_FA_ROUTE_PLAN device=0 Q=[256,256,16,1] Kraw=turbo4_tcq Vraw=turbo2 Kshape=[256,256,4,1] Vshape=[256,256,4,1] Keff=f16 Veff=f16 turbo_kv=1 prefer_native_vec=0 decode=1 dk=1 dv=1 unsafe_vec_after_turbo_v_decode=0 allow_vec=1 kernel=MMA_F16 need_f16_K=0 need_f16_V=0 Knb=[68,544,136,139264] Vnb=[34,272,68,69632] Keff_nb=[2,2048,512,524288] Veff_nb=[2,2048,512,524288]
CUDA_FA_ROUTE_SUPPORTED kernel=MMA_F16 effK=f16 effV=f16 supported=1
CUDA_FA_ROUTE_PLAN device=0 Q=[256,256,16,1] Kraw=turbo4_tcq Vraw=turbo2 Kshape=[256,256,4,1] Vshape=[256,256,4,1] Keff=f16 Veff=f16 turbo_kv=1 prefer_native_vec=0 decode=1 dk=1 dv=1 unsafe_vec_after_turbo_v_decode=0 allow_vec=1 kernel=MMA_F16 need_f16_K=0 need_f16_V=0 Knb=[68,544,136,139264] Vnb=[34,272,68,69632] Keff_nb=[2,2048,512,524288] Veff_nb=[2,2048,512,524288]
CUDA_FA_ROUTE_SUPPORTED kernel=MMA_F16 effK=f16 effV=f16 supported=1
CUDA_FA_ROUTE_PLAN device=0 Q=[256,256,16,1] Kraw=turbo4_tcq Vraw=turbo2 Kshape=[256,256,4,1] Vshape=[256,256,4,1] Keff=f16 Veff=f16 turbo_kv=1 prefer_native_vec=0 decode=1 dk=1 dv=1 unsafe_vec_after_turbo_v_decode=0 allow_vec=1 kernel=MMA_F16 need_f16_K=0 need_f16_V=0 Knb=[68,544,136,139264] Vnb=[34,272,68,69632] Keff_nb=[2,2048,512,524288] Veff_nb=[2,2048,512,524288]
CUDA_FA_ROUTE_SUPPORTED kernel=MMA_F16 effK=f16 effV=f16 supported=1
CUDA_FA_ROUTE_PLAN device=0 Q=[256,256,16,1] Kraw=turbo4_tcq Vraw=turbo2 Kshape=[256,256,4,1] Vshape=[256,256,4,1] Keff=f16 Veff=f16 turbo_kv=1 prefer_native_vec=0 decode=1 dk=1 dv=1 unsafe_vec_after_turbo_v_decode=0 allow_vec=1 kernel=MMA_F16 need_f16_K=0 need_f16_V=0 Knb=[68,544,136,139264] Vnb=[34,272,68,69632] Keff_nb=[2,2048,512,524288] Veff_nb=[2,2048,512,524288]
CUDA_FA_ROUTE_SUPPORTED kernel=MMA_F16 effK=f16 effV=f16 supported=1
CUDA_FA_ROUTE_PLAN device=0 Q=[256,256,16,1] Kraw=turbo4_tcq Vraw=turbo2 Kshape=[256,256,4,1] Vshape=[256,256,4,1] Keff=f16 Veff=f16 turbo_kv=1 prefer_native_vec=0 decode=1 dk=1 dv=1 unsafe_vec_after_turbo_v_decode=0 allow_vec=1 kernel=MMA_F16 need_f16_K=0 need_f16_V=0 Knb=[68,544,136,139264] Vnb=[34,272,68,69632] Keff_nb=[2,2048,512,524288] Veff_nb=[2,2048,512,524288]
CUDA_FA_ROUTE_ALLOC kernel=MMA_F16 need_f16_K=0 need_f16_V=0 workspace_end_offset=4194304 dst_data=(nil) f16_K=(nil) f16_V=(nil) f16_end=0x400000
CUDA_FA_ROUTE_PLAN device=0 Q=[256,256,16,1] Kraw=turbo4_tcq Vraw=turbo2 Kshape=[256,256,4,1] Vshape=[256,256,4,1] Keff=f16 Veff=f16 turbo_kv=1 prefer_native_vec=0 decode=1 dk=1 dv=1 unsafe_vec_after_turbo_v_decode=0 allow_vec=1 kernel=MMA_F16 need_f16_K=0 need_f16_V=0 Knb=[68,544,136,139264] Vnb=[34,272,68,69632] Keff_nb=[2,2048,512,524288] Veff_nb=[2,2048,512,524288]
CUDA_FA_ROUTE_ALLOC kernel=MMA_F16 need_f16_K=0 need_f16_V=0 workspace_end_offset=4194304 dst_data=(nil) f16_K=(nil) f16_V=(nil) f16_end=0x400000
CUDA_FA_ROUTE_PLAN device=0 Q=[256,256,16,1] Kraw=turbo4_tcq Vraw=turbo2 Kshape=[256,256,4,1] Vshape=[256,256,4,1] Keff=f16 Veff=f16 turbo_kv=1 prefer_native_vec=0 decode=1 dk=1 dv=1 unsafe_vec_after_turbo_v_decode=0 allow_vec=1 kernel=MMA_F16 need_f16_K=0 need_f16_V=0 Knb=[68,544,136,139264] Vnb=[34,272,68,69632] Keff_nb=[2,2048,512,524288] Veff_nb=[2,2048,512,524288]
CUDA_FA_ROUTE_ALLOC kernel=MMA_F16 need_f16_K=0 need_f16_V=0 workspace_end_offset=4194304 dst_data=(nil) f16_K=(nil) f16_V=(nil) f16_end=0x400000
CUDA_FA_ROUTE_PLAN device=0 Q=[256,256,16,1] Kraw=turbo4_tcq Vraw=turbo2 Kshape=[256,256,4,1] Vshape=[256,256,4,1] Keff=f16 Veff=f16 turbo_kv=1 prefer_native_vec=0 decode=1 dk=1 dv=1 unsafe_vec_after_turbo_v_decode=0 allow_vec=1 kernel=MMA_F16 need_f16_K=0 need_f16_V=0 Knb=[68,544,136,139264] Vnb=[34,272,68,69632] Keff_nb=[2,2048,512,524288] Veff_nb=[2,2048,512,524288]
CUDA_FA_ROUTE_ALLOC kernel=MMA_F16 need_f16_K=0 need_f16_V=0 workspace_end_offset=4194304 dst_data=(nil) f16_K=(nil) f16_V=(nil) f16_end=0x400000
CUDA_FA_ROUTE_PLAN device=0 Q=[256,256,16,1] Kraw=turbo4_tcq Vraw=turbo2 Kshape=[256,256,4,1] Vshape=[256,256,4,1] Keff=f16 Veff=f16 turbo_kv=1 prefer_native_vec=0 decode=1 dk=1 dv=1 unsafe_vec_after_turbo_v_decode=0 allow_vec=1 kernel=MMA_F16 need_f16_K=0 need_f16_V=0 Knb=[68,544,136,139264] Vnb=[34,272,68,69632] Keff_nb=[2,2048,512,524288] Veff_nb=[2,2048,512,524288]
CUDA_FA_ROUTE_ALLOC kernel=MMA_F16 need_f16_K=0 need_f16_V=0 workspace_end_offset=4194304 dst_data=(nil) f16_K=(nil) f16_V=(nil) f16_end=0x400000
CUDA_FA_ROUTE_PLAN device=0 Q=[256,256,16,1] Kraw=turbo4_tcq Vraw=turbo2 Kshape=[256,256,4,1] Vshape=[256,256,4,1] Keff=f16 Veff=f16 turbo_kv=1 prefer_native_vec=0 decode=1 dk=1 dv=1 unsafe_vec_after_turbo_v_decode=0 allow_vec=1 kernel=MMA_F16 need_f16_K=0 need_f16_V=0 Knb=[68,544,136,139264] Vnb=[34,272,68,69632] Keff_nb=[2,2048,512,524288] Veff_nb=[2,2048,512,524288]
CUDA_FA_ROUTE_ALLOC kernel=MMA_F16 need_f16_K=0 need_f16_V=0 workspace_end_offset=4194304 dst_data=(nil) f16_K=(nil) f16_V=(nil) f16_end=0x400000
CUDA_FA_ROUTE_PLAN device=0 Q=[256,256,16,1] Kraw=turbo4_tcq Vraw=turbo2 Kshape=[256,256,4,1] Vshape=[256,256,4,1] Keff=f16 Veff=f16 turbo_kv=1 prefer_native_vec=0 decode=1 dk=1 dv=1 unsafe_vec_after_turbo_v_decode=0 allow_vec=1 kernel=MMA_F16 need_f16_K=0 need_f16_V=0 Knb=[68,544,136,139264] Vnb=[34,272,68,69632] Keff_nb=[2,2048,512,524288] Veff_nb=[2,2048,512,524288]
CUDA_FA_ROUTE_ALLOC kernel=MMA_F16 need_f16_K=0 need_f16_V=0 workspace_end_offset=4194304 dst_data=(nil) f16_K=(nil) f16_V=(nil) f16_end=0x400000
CUDA_FA_ROUTE_PLAN device=0 Q=[256,256,16,1] Kraw=turbo4_tcq Vraw=turbo2 Kshape=[256,256,4,1] Vshape=[256,256,4,1] Keff=f16 Veff=f16 turbo_kv=1 prefer_native_vec=0 decode=1 dk=1 dv=1 unsafe_vec_after_turbo_v_decode=0 allow_vec=1 kernel=MMA_F16 need_f16_K=0 need_f16_V=0 Knb=[68,544,136,139264] Vnb=[34,272,68,69632] Keff_nb=[2,2048,512,524288] Veff_nb=[2,2048,512,524288]
CUDA_FA_ROUTE_ALLOC kernel=MMA_F16 need_f16_K=0 need_f16_V=0 workspace_end_offset=4194304 dst_data=(nil) f16_K=(nil) f16_V=(nil) f16_end=0x400000
CUDA_FA_ROUTE_PLAN device=0 Q=[256,256,16,1] Kraw=turbo4_tcq Vraw=turbo2 Kshape=[256,256,4,1] Vshape=[256,256,4,1] Keff=f16 Veff=f16 turbo_kv=1 prefer_native_vec=0 decode=1 dk=1 dv=1 unsafe_vec_after_turbo_v_decode=0 allow_vec=1 kernel=MMA_F16 need_f16_K=0 need_f16_V=0 Knb=[68,544,136,139264] Vnb=[34,272,68,69632] Keff_nb=[2,2048,512,524288] Veff_nb=[2,2048,512,524288]
CUDA_FA_ROUTE_ALLOC kernel=MMA_F16 need_f16_K=0 need_f16_V=0 workspace_end_offset=4194304 dst_data=(nil) f16_K=(nil) f16_V=(nil) f16_end=0x400000
CUDA_FA_ROUTE_PLAN device=0 Q=[256,256,16,1] Kraw=turbo4_tcq Vraw=turbo2 Kshape=[256,256,4,1] Vshape=[256,256,4,1] Keff=f16 Veff=f16 turbo_kv=1 prefer_native_vec=0 decode=1 dk=1 dv=1 unsafe_vec_after_turbo_v_decode=0 allow_vec=1 kernel=MMA_F16 need_f16_K=0 need_f16_V=0 Knb=[68,544,136,139264] Vnb=[34,272,68,69632] Keff_nb=[2,2048,512,524288] Veff_nb=[2,2048,512,524288]
CUDA_FA_ROUTE_ALLOC kernel=MMA_F16 need_f16_K=0 need_f16_V=0 workspace_end_offset=4194304 dst_data=(nil) f16_K=(nil) f16_V=(nil) f16_end=0x400000
CUDA_FA_ROUTE_PLAN device=0 Q=[256,256,16,1] Kraw=turbo4_tcq Vraw=turbo2 Kshape=[256,256,4,1] Vshape=[256,256,4,1] Keff=f16 Veff=f16 turbo_kv=1 prefer_native_vec=0 decode=1 dk=1 dv=1 unsafe_vec_after_turbo_v_decode=0 allow_vec=1 kernel=MMA_F16 need_f16_K=0 need_f16_V=0 Knb=[68,544,136,139264] Vnb=[34,272,68,69632] Keff_nb=[2,2048,512,524288] Veff_nb=[2,2048,512,524288]
CUDA_FA_ROUTE_ALLOC kernel=MMA_F16 need_f16_K=0 need_f16_V=0 workspace_end_offset=4194304 dst_data=(nil) f16_K=(nil) f16_V=(nil) f16_end=0x400000
CUDA_FA_ROUTE_PLAN device=0 Q=[256,256,16,1] Kraw=turbo4_tcq Vraw=turbo2 Kshape=[256,256,4,1] Vshape=[256,256,4,1] Keff=f16 Veff=f16 turbo_kv=1 prefer_native_vec=0 decode=1 dk=1 dv=1 unsafe_vec_after_turbo_v_decode=0 allow_vec=1 kernel=MMA_F16 need_f16_K=0 need_f16_V=0 Knb=[68,544,136,139264] Vnb=[34,272,68,69632] Keff_nb=[2,2048,512,524288] Veff_nb=[2,2048,512,524288]
CUDA_FA_ROUTE_ALLOC kernel=MMA_F16 need_f16_K=0 need_f16_V=0 workspace_end_offset=4194304 dst_data=(nil) f16_K=(nil) f16_V=(nil) f16_end=0x400000
CUDA_FA_ROUTE_PLAN device=0 Q=[256,256,16,1] Kraw=turbo4_tcq Vraw=turbo2 Kshape=[256,256,4,1] Vshape=[256,256,4,1] Keff=f16 Veff=f16 turbo_kv=1 prefer_native_vec=0 decode=1 dk=1 dv=1 unsafe_vec_after_turbo_v_decode=0 allow_vec=1 kernel=MMA_F16 need_f16_K=0 need_f16_V=0 Knb=[68,544,136,139264] Vnb=[34,272,68,69632] Keff_nb=[2,2048,512,524288] Veff_nb=[2,2048,512,524288]
CUDA_FA_ROUTE_ALLOC kernel=MMA_F16 need_f16_K=0 need_f16_V=0 workspace_end_offset=4194304 dst_data=(nil) f16_K=(nil) f16_V=(nil) f16_end=0x400000
CUDA_FA_ROUTE_PLAN device=0 Q=[256,256,16,1] Kraw=turbo4_tcq Vraw=turbo2 Kshape=[256,256,4,1] Vshape=[256,256,4,1] Keff=f16 Veff=f16 turbo_kv=1 prefer_native_vec=0 decode=1 dk=1 dv=1 unsafe_vec_after_turbo_v_decode=0 allow_vec=1 kernel=MMA_F16 need_f16_K=0 need_f16_V=0 Knb=[68,544,136,139264] Vnb=[34,272,68,69632] Keff_nb=[2,2048,512,524288] Veff_nb=[2,2048,512,524288]
CUDA_FA_ROUTE_ALLOC kernel=MMA_F16 need_f16_K=0 need_f16_V=0 workspace_end_offset=4194304 dst_data=(nil) f16_K=(nil) f16_V=(nil) f16_end=0x400000
CUDA_FA_ROUTE_PLAN device=0 Q=[256,256,16,1] Kraw=turbo4_tcq Vraw=turbo2 Kshape=[256,256,4,1] Vshape=[256,256,4,1] Keff=f16 Veff=f16 turbo_kv=1 prefer_native_vec=0 decode=1 dk=1 dv=1 unsafe_vec_after_turbo_v_decode=0 allow_vec=1 kernel=MMA_F16 need_f16_K=0 need_f16_V=0 Knb=[68,544,136,139264] Vnb=[34,272,68,69632] Keff_nb=[2,2048,512,524288] Veff_nb=[2,2048,512,524288]
CUDA_FA_ROUTE_ALLOC kernel=MMA_F16 need_f16_K=0 need_f16_V=0 workspace_end_offset=4194304 dst_data=(nil) f16_K=(nil) f16_V=(nil) f16_end=0x400000
CUDA_FA_ROUTE_PLAN device=0 Q=[256,256,16,1] Kraw=turbo4_tcq Vraw=turbo2 Kshape=[256,256,4,1] Vshape=[256,256,4,1] Keff=f16 Veff=f16 turbo_kv=1 prefer_native_vec=0 decode=1 dk=1 dv=1 unsafe_vec_after_turbo_v_decode=0 allow_vec=1 kernel=MMA_F16 need_f16_K=0 need_f16_V=0 Knb=[68,544,136,139264] Vnb=[34,272,68,69632] Keff_nb=[2,2048,512,524288] Veff_nb=[2,2048,512,524288]
CUDA_FA_ROUTE_ALLOC kernel=MMA_F16 need_f16_K=0 need_f16_V=0 workspace_end_offset=4194304 dst_data=(nil) f16_K=(nil) f16_V=(nil) f16_end=0x400000
CUDA_FA_ROUTE_PLAN device=0 Q=[256,256,16,1] Kraw=turbo4_tcq Vraw=turbo2 Kshape=[256,256,4,1] Vshape=[256,256,4,1] Keff=f16 Veff=f16 turbo_kv=1 prefer_native_vec=0 decode=1 dk=1 dv=1 unsafe_vec_after_turbo_v_decode=0 allow_vec=1 kernel=MMA_F16 need_f16_K=0 need_f16_V=0 Knb=[68,544,136,139264] Vnb=[34,272,68,69632] Keff_nb=[2,2048,512,524288] Veff_nb=[2,2048,512,524288]
CUDA_FA_ROUTE_ALLOC kernel=MMA_F16 need_f16_K=0 need_f16_V=0 workspace_end_offset=4194304 dst_data=(nil) f16_K=(nil) f16_V=(nil) f16_end=0x400000
CUDA_FA_ROUTE_PLAN device=0 Q=[256,256,16,1] Kraw=turbo4_tcq Vraw=turbo2 Kshape=[256,256,4,1] Vshape=[256,256,4,1] Keff=f16 Veff=f16 turbo_kv=1 prefer_native_vec=0 decode=1 dk=1 dv=1 unsafe_vec_after_turbo_v_decode=0 allow_vec=1 kernel=MMA_F16 need_f16_K=0 need_f16_V=0 Knb=[68,544,136,139264] Vnb=[34,272,68,69632] Keff_nb=[2,2048,512,524288] Veff_nb=[2,2048,512,524288]
CUDA_FA_ROUTE_ALLOC kernel=MMA_F16 need_f16_K=0 need_f16_V=0 workspace_end_offset=4194304 dst_data=(nil) f16_K=(nil) f16_V=(nil) f16_end=0x400000
CUDA_FA_ROUTE_PLAN device=0 Q=[256,256,16,1] Kraw=turbo4_tcq Vraw=turbo2 Kshape=[256,256,4,1] Vshape=[256,256,4,1] Keff=f16 Veff=f16 turbo_kv=1 prefer_native_vec=0 decode=1 dk=1 dv=1 unsafe_vec_after_turbo_v_decode=0 allow_vec=1 kernel=MMA_F16 need_f16_K=0 need_f16_V=0 Knb=[68,544,136,139264] Vnb=[34,272,68,69632] Keff_nb=[2,2048,512,524288] Veff_nb=[2,2048,512,524288]
CUDA_FA_ROUTE_ALLOC kernel=MMA_F16 need_f16_K=0 need_f16_V=0 workspace_end_offset=4194304 dst_data=(nil) f16_K=(nil) f16_V=(nil) f16_end=0x400000
CUDA_FA_ROUTE_PLAN device=0 Q=[256,256,16,1] Kraw=turbo4_tcq Vraw=turbo2 Kshape=[256,256,4,1] Vshape=[256,256,4,1] Keff=f16 Veff=f16 turbo_kv=1 prefer_native_vec=0 decode=1 dk=1 dv=1 unsafe_vec_after_turbo_v_decode=0 allow_vec=1 kernel=MMA_F16 need_f16_K=0 need_f16_V=0 Knb=[68,544,136,139264] Vnb=[34,272,68,69632] Keff_nb=[2,2048,512,524288] Veff_nb=[2,2048,512,524288]
CUDA_FA_ROUTE_ALLOC kernel=MMA_F16 need_f16_K=0 need_f16_V=0 workspace_end_offset=4194304 dst_data=(nil) f16_K=(nil) f16_V=(nil) f16_end=0x400000
CUDA_FA_ROUTE_PLAN device=0 Q=[256,256,16,1] Kraw=turbo4_tcq Vraw=turbo2 Kshape=[256,256,4,1] Vshape=[256,256,4,1] Keff=f16 Veff=f16 turbo_kv=1 prefer_native_vec=0 decode=1 dk=1 dv=1 unsafe_vec_after_turbo_v_decode=0 allow_vec=1 kernel=MMA_F16 need_f16_K=0 need_f16_V=0 Knb=[68,544,136,139264] Vnb=[34,272,68,69632] Keff_nb=[2,2048,512,524288] Veff_nb=[2,2048,512,524288]
CUDA_FA_ROUTE_ALLOC kernel=MMA_F16 need_f16_K=0 need_f16_V=0 workspace_end_offset=4194304 dst_data=(nil) f16_K=(nil) f16_V=(nil) f16_end=0x400000
CUDA_FA_ROUTE_PLAN device=0 Q=[256,256,16,1] Kraw=turbo4_tcq Vraw=turbo2 Kshape=[256,256,4,1] Vshape=[256,256,4,1] Keff=f16 Veff=f16 turbo_kv=1 prefer_native_vec=0 decode=1 dk=1 dv=1 unsafe_vec_after_turbo_v_decode=0 allow_vec=1 kernel=MMA_F16 need_f16_K=0 need_f16_V=0 Knb=[68,544,136,139264] Vnb=[34,272,68,69632] Keff_nb=[2,2048,512,524288] Veff_nb=[2,2048,512,524288]
CUDA_FA_ROUTE_ALLOC kernel=MMA_F16 need_f16_K=0 need_f16_V=0 workspace_end_offset=4194304 dst_data=(nil) f16_K=(nil) f16_V=(nil) f16_end=0x400000
CUDA_FA_ROUTE_PLAN device=0 Q=[256,256,16,1] Kraw=turbo4_tcq Vraw=turbo2 Kshape=[256,256,4,1] Vshape=[256,256,4,1] Keff=f16 Veff=f16 turbo_kv=1 prefer_native_vec=0 decode=1 dk=1 dv=1 unsafe_vec_after_turbo_v_decode=0 allow_vec=1 kernel=MMA_F16 need_f16_K=0 need_f16_V=0 Knb=[68,544,136,139264] Vnb=[34,272,68,69632] Keff_nb=[2,2048,512,524288] Veff_nb=[2,2048,512,524288]
CUDA_FA_ROUTE_ALLOC kernel=MMA_F16 need_f16_K=0 need_f16_V=0 workspace_end_offset=4194304 dst_data=(nil) f16_K=(nil) f16_V=(nil) f16_end=0x400000
CUDA_FA_ROUTE_PLAN device=0 Q=[256,256,16,1] Kraw=turbo4_tcq Vraw=turbo2 Kshape=[256,256,4,1] Vshape=[256,256,4,1] Keff=f16 Veff=f16 turbo_kv=1 prefer_native_vec=0 decode=1 dk=1 dv=1 unsafe_vec_after_turbo_v_decode=0 allow_vec=1 kernel=MMA_F16 need_f16_K=0 need_f16_V=0 Knb=[68,544,136,139264] Vnb=[34,272,68,69632] Keff_nb=[2,2048,512,524288] Veff_nb=[2,2048,512,524288]
CUDA_FA_ROUTE_ALLOC kernel=MMA_F16 need_f16_K=0 need_f16_V=0 workspace_end_offset=4194304 dst_data=(nil) f16_K=(nil) f16_V=(nil) f16_end=0x400000
CUDA_FA_ROUTE_PLAN device=0 Q=[256,256,16,1] Kraw=turbo4_tcq Vraw=turbo2 Kshape=[256,256,4,1] Vshape=[256,256,4,1] Keff=f16 Veff=f16 turbo_kv=1 prefer_native_vec=0 decode=1 dk=1 dv=1 unsafe_vec_after_turbo_v_decode=0 allow_vec=1 kernel=MMA_F16 need_f16_K=0 need_f16_V=0 Knb=[68,544,136,139264] Vnb=[34,272,68,69632] Keff_nb=[2,2048,512,524288] Veff_nb=[2,2048,512,524288]
CUDA_FA_ROUTE_ALLOC kernel=MMA_F16 need_f16_K=0 need_f16_V=0 workspace_end_offset=4194304 dst_data=(nil) f16_K=(nil) f16_V=(nil) f16_end=0x400000
CUDA_FA_ROUTE_PLAN device=0 Q=[256,256,16,1] Kraw=turbo4_tcq Vraw=turbo2 Kshape=[256,256,4,1] Vshape=[256,256,4,1] Keff=f16 Veff=f16 turbo_kv=1 prefer_native_vec=0 decode=1 dk=1 dv=1 unsafe_vec_after_turbo_v_decode=0 allow_vec=1 kernel=MMA_F16 need_f16_K=0 need_f16_V=0 Knb=[68,544,136,139264] Vnb=[34,272,68,69632] Keff_nb=[2,2048,512,524288] Veff_nb=[2,2048,512,524288]
CUDA_FA_ROUTE_ALLOC kernel=MMA_F16 need_f16_K=0 need_f16_V=0 workspace_end_offset=4194304 dst_data=(nil) f16_K=(nil) f16_V=(nil) f16_end=0x400000
CUDA_FA_ROUTE_PLAN device=0 Q=[256,256,16,1] Kraw=turbo4_tcq Vraw=turbo2 Kshape=[256,256,4,1] Vshape=[256,256,4,1] Keff=f16 Veff=f16 turbo_kv=1 prefer_native_vec=0 decode=1 dk=1 dv=1 unsafe_vec_after_turbo_v_decode=0 allow_vec=1 kernel=MMA_F16 need_f16_K=0 need_f16_V=0 Knb=[68,544,136,139264] Vnb=[34,272,68,69632] Keff_nb=[2,2048,512,524288] Veff_nb=[2,2048,512,524288]
CUDA_FA_ROUTE_ALLOC kernel=MMA_F16 need_f16_K=0 need_f16_V=0 workspace_end_offset=4194304 dst_data=(nil) f16_K=(nil) f16_V=(nil) f16_end=0x400000
CUDA_FA_ROUTE_PLAN device=0 Q=[256,256,16,1] Kraw=turbo4_tcq Vraw=turbo2 Kshape=[256,256,4,1] Vshape=[256,256,4,1] Keff=f16 Veff=f16 turbo_kv=1 prefer_native_vec=0 decode=1 dk=1 dv=1 unsafe_vec_after_turbo_v_decode=0 allow_vec=1 kernel=MMA_F16 need_f16_K=0 need_f16_V=0 Knb=[68,544,136,139264] Vnb=[34,272,68,69632] Keff_nb=[2,2048,512,524288] Veff_nb=[2,2048,512,524288]
CUDA_FA_ROUTE_ALLOC kernel=MMA_F16 need_f16_K=0 need_f16_V=0 workspace_end_offset=4194304 dst_data=(nil) f16_K=(nil) f16_V=(nil) f16_end=0x400000
CUDA_FA_ROUTE_PLAN device=0 Q=[256,256,16,1] Kraw=turbo4_tcq Vraw=turbo2 Kshape=[256,256,4,1] Vshape=[256,256,4,1] Keff=f16 Veff=f16 turbo_kv=1 prefer_native_vec=0 decode=1 dk=1 dv=1 unsafe_vec_after_turbo_v_decode=0 allow_vec=1 kernel=MMA_F16 need_f16_K=0 need_f16_V=0 Knb=[68,544,136,139264] Vnb=[34,272,68,69632] Keff_nb=[2,2048,512,524288] Veff_nb=[2,2048,512,524288]
CUDA_FA_ROUTE_ALLOC kernel=MMA_F16 need_f16_K=0 need_f16_V=0 workspace_end_offset=4194304 dst_data=(nil) f16_K=(nil) f16_V=(nil) f16_end=0x400000
CUDA_FA_ROUTE_PLAN device=0 Q=[256,256,16,1] Kraw=turbo4_tcq Vraw=turbo2 Kshape=[256,256,4,1] Vshape=[256,256,4,1] Keff=f16 Veff=f16 turbo_kv=1 prefer_native_vec=0 decode=1 dk=1 dv=1 unsafe_vec_after_turbo_v_decode=0 allow_vec=1 kernel=MMA_F16 need_f16_K=0 need_f16_V=0 Knb=[68,544,136,139264] Vnb=[34,272,68,69632] Keff_nb=[2,2048,512,524288] Veff_nb=[2,2048,512,524288]
CUDA_FA_ROUTE_ALLOC kernel=MMA_F16 need_f16_K=0 need_f16_V=0 workspace_end_offset=4194304 dst_data=(nil) f16_K=(nil) f16_V=(nil) f16_end=0x400000
CUDA_FA_ROUTE_PLAN device=0 Q=[256,256,16,1] Kraw=turbo4_tcq Vraw=turbo2 Kshape=[256,256,4,1] Vshape=[256,256,4,1] Keff=f16 Veff=f16 turbo_kv=1 prefer_native_vec=0 decode=1 dk=1 dv=1 unsafe_vec_after_turbo_v_decode=0 allow_vec=1 kernel=MMA_F16 need_f16_K=0 need_f16_V=0 Knb=[68,544,136,139264] Vnb=[34,272,68,69632] Keff_nb=[2,2048,512,524288] Veff_nb=[2,2048,512,524288]
CUDA_FA_ROUTE_ALLOC kernel=MMA_F16 need_f16_K=0 need_f16_V=0 workspace_end_offset=4194304 dst_data=(nil) f16_K=(nil) f16_V=(nil) f16_end=0x400000
CUDA_FA_ROUTE_PLAN device=0 Q=[256,256,16,1] Kraw=turbo4_tcq Vraw=turbo2 Kshape=[256,256,4,1] Vshape=[256,256,4,1] Keff=f16 Veff=f16 turbo_kv=1 prefer_native_vec=0 decode=1 dk=1 dv=1 unsafe_vec_after_turbo_v_decode=0 allow_vec=1 kernel=MMA_F16 need_f16_K=0 need_f16_V=0 Knb=[68,544,136,139264] Vnb=[34,272,68,69632] Keff_nb=[2,2048,512,524288] Veff_nb=[2,2048,512,524288]
CUDA_FA_ROUTE_ALLOC kernel=MMA_F16 need_f16_K=0 need_f16_V=0 workspace_end_offset=4194304 dst_data=(nil) f16_K=(nil) f16_V=(nil) f16_end=0x400000
CUDA_FA_ROUTE_PLAN device=0 Q=[256,1,16,1] Kraw=turbo4_tcq Vraw=turbo2 Kshape=[256,256,4,1] Vshape=[256,256,4,1] Keff=f16 Veff=f16 turbo_kv=1 prefer_native_vec=0 decode=1 dk=1 dv=1 unsafe_vec_after_turbo_v_decode=0 allow_vec=1 kernel=MMA_F16 need_f16_K=0 need_f16_V=0 Knb=[68,544,136,139264] Vnb=[34,272,68,69632] Keff_nb=[2,2048,512,524288] Veff_nb=[2,2048,512,524288]
CUDA_FA_ROUTE_SUPPORTED kernel=MMA_F16 effK=f16 effV=f16 supported=1
CUDA_FA_ROUTE_PLAN device=0 Q=[256,1,16,1] Kraw=turbo4_tcq Vraw=turbo2 Kshape=[256,256,4,1] Vshape=[256,256,4,1] Keff=f16 Veff=f16 turbo_kv=1 prefer_native_vec=0 decode=1 dk=1 dv=1 unsafe_vec_after_turbo_v_decode=0 allow_vec=1 kernel=MMA_F16 need_f16_K=0 need_f16_V=0 Knb=[68,544,136,139264] Vnb=[34,272,68,69632] Keff_nb=[2,2048,512,524288] Veff_nb=[2,2048,512,524288]
CUDA_FA_ROUTE_SUPPORTED kernel=MMA_F16 effK=f16 effV=f16 supported=1
CUDA_FA_ROUTE_PLAN device=0 Q=[256,1,16,1] Kraw=turbo4_tcq Vraw=turbo2 Kshape=[256,256,4,1] Vshape=[256,256,4,1] Keff=f16 Veff=f16 turbo_kv=1 prefer_native_vec=0 decode=1 dk=1 dv=1 unsafe_vec_after_turbo_v_decode=0 allow_vec=1 kernel=MMA_F16 need_f16_K=0 need_f16_V=0 Knb=[68,544,136,139264] Vnb=[34,272,68,69632] Keff_nb=[2,2048,512,524288] Veff_nb=[2,2048,512,524288]
CUDA_FA_ROUTE_SUPPORTED kernel=MMA_F16 effK=f16 effV=f16 supported=1
CUDA_FA_ROUTE_PLAN device=0 Q=[256,1,16,1] Kraw=turbo4_tcq Vraw=turbo2 Kshape=[256,256,4,1] Vshape=[256,256,4,1] Keff=f16 Veff=f16 turbo_kv=1 prefer_native_vec=0 decode=1 dk=1 dv=1 unsafe_vec_after_turbo_v_decode=0 allow_vec=1 kernel=MMA_F16 need_f16_K=0 need_f16_V=0 Knb=[68,544,136,139264] Vnb=[34,272,68,69632] Keff_nb=[2,2048,512,524288] Veff_nb=[2,2048,512,524288]
CUDA_FA_ROUTE_SUPPORTED kernel=MMA_F16 effK=f16 effV=f16 supported=1
CUDA_FA_ROUTE_PLAN device=0 Q=[256,1,16,1] Kraw=turbo4_tcq Vraw=turbo2 Kshape=[256,256,4,1] Vshape=[256,256,4,1] Keff=f16 Veff=f16 turbo_kv=1 prefer_native_vec=0 decode=1 dk=1 dv=1 unsafe_vec_after_turbo_v_decode=0 allow_vec=1 kernel=MMA_F16 need_f16_K=0 need_f16_V=0 Knb=[68,544,136,139264] Vnb=[34,272,68,69632] Keff_nb=[2,2048,512,524288] Veff_nb=[2,2048,512,524288]
CUDA_FA_ROUTE_SUPPORTED kernel=MMA_F16 effK=f16 effV=f16 supported=1
CUDA_FA_ROUTE_PLAN device=0 Q=[256,1,16,1] Kraw=turbo4_tcq Vraw=turbo2 Kshape=[256,256,4,1] Vshape=[256,256,4,1] Keff=f16 Veff=f16 turbo_kv=1 prefer_native_vec=0 decode=1 dk=1 dv=1 unsafe_vec_after_turbo_v_decode=0 allow_vec=1 kernel=MMA_F16 need_f16_K=0 need_f16_V=0 Knb=[68,544,136,139264] Vnb=[34,272,68,69632] Keff_nb=[2,2048,512,524288] Veff_nb=[2,2048,512,524288]
CUDA_FA_ROUTE_SUPPORTED kernel=MMA_F16 effK=f16 effV=f16 supported=1
CUDA_FA_ROUTE_PLAN device=0 Q=[256,1,16,1] Kraw=turbo4_tcq Vraw=turbo2 Kshape=[256,256,4,1] Vshape=[256,256,4,1] Keff=f16 Veff=f16 turbo_kv=1 prefer_native_vec=0 decode=1 dk=1 dv=1 unsafe_vec_after_turbo_v_decode=0 allow_vec=1 kernel=MMA_F16 need_f16_K=0 need_f16_V=0 Knb=[68,544,136,139264] Vnb=[34,272,68,69632] Keff_nb=[2,2048,512,524288] Veff_nb=[2,2048,512,524288]
CUDA_FA_ROUTE_SUPPORTED kernel=MMA_F16 effK=f16 effV=f16 supported=1
CUDA_FA_ROUTE_PLAN device=0 Q=[256,1,16,1] Kraw=turbo4_tcq Vraw=turbo2 Kshape=[256,256,4,1] Vshape=[256,256,4,1] Keff=f16 Veff=f16 turbo_kv=1 prefer_native_vec=0 decode=1 dk=1 dv=1 unsafe_vec_after_turbo_v_decode=0 allow_vec=1 kernel=MMA_F16 need_f16_K=0 need_f16_V=0 Knb=[68,544,136,139264] Vnb=[34,272,68,69632] Keff_nb=[2,2048,512,524288] Veff_nb=[2,2048,512,524288]
CUDA_FA_ROUTE_SUPPORTED kernel=MMA_F16 effK=f16 effV=f16 supported=1
CUDA_FA_ROUTE_PLAN device=0 Q=[256,1,16,1] Kraw=turbo4_tcq Vraw=turbo2 Kshape=[256,256,4,1] Vshape=[256,256,4,1] Keff=f16 Veff=f16 turbo_kv=1 prefer_native_vec=0 decode=1 dk=1 dv=1 unsafe_vec_after_turbo_v_decode=0 allow_vec=1 kernel=MMA_F16 need_f16_K=0 need_f16_V=0 Knb=[68,544,136,139264] Vnb=[34,272,68,69632] Keff_nb=[2,2048,512,524288] Veff_nb=[2,2048,512,524288]
CUDA_FA_ROUTE_ALLOC kernel=MMA_F16 need_f16_K=0 need_f16_V=0 workspace_end_offset=16384 dst_data=(nil) f16_K=(nil) f16_V=(nil) f16_end=0x4000
CUDA_FA_ROUTE_PLAN device=0 Q=[256,1,16,1] Kraw=turbo4_tcq Vraw=turbo2 Kshape=[256,256,4,1] Vshape=[256,256,4,1] Keff=f16 Veff=f16 turbo_kv=1 prefer_native_vec=0 decode=1 dk=1 dv=1 unsafe_vec_after_turbo_v_decode=0 allow_vec=1 kernel=MMA_F16 need_f16_K=0 need_f16_V=0 Knb=[68,544,136,139264] Vnb=[34,272,68,69632] Keff_nb=[2,2048,512,524288] Veff_nb=[2,2048,512,524288]
CUDA_FA_ROUTE_ALLOC kernel=MMA_F16 need_f16_K=0 need_f16_V=0 workspace_end_offset=16384 dst_data=(nil) f16_K=(nil) f16_V=(nil) f16_end=0x4000
CUDA_FA_ROUTE_PLAN device=0 Q=[256,1,16,1] Kraw=turbo4_tcq Vraw=turbo2 Kshape=[256,256,4,1] Vshape=[256,256,4,1] Keff=f16 Veff=f16 turbo_kv=1 prefer_native_vec=0 decode=1 dk=1 dv=1 unsafe_vec_after_turbo_v_decode=0 allow_vec=1 kernel=MMA_F16 need_f16_K=0 need_f16_V=0 Knb=[68,544,136,139264] Vnb=[34,272,68,69632] Keff_nb=[2,2048,512,524288] Veff_nb=[2,2048,512,524288]
CUDA_FA_ROUTE_ALLOC kernel=MMA_F16 need_f16_K=0 need_f16_V=0 workspace_end_offset=16384 dst_data=(nil) f16_K=(nil) f16_V=(nil) f16_end=0x4000
CUDA_FA_ROUTE_PLAN device=0 Q=[256,1,16,1] Kraw=turbo4_tcq Vraw=turbo2 Kshape=[256,256,4,1] Vshape=[256,256,4,1] Keff=f16 Veff=f16 turbo_kv=1 prefer_native_vec=0 decode=1 dk=1 dv=1 unsafe_vec_after_turbo_v_decode=0 allow_vec=1 kernel=MMA_F16 need_f16_K=0 need_f16_V=0 Knb=[68,544,136,139264] Vnb=[34,272,68,69632] Keff_nb=[2,2048,512,524288] Veff_nb=[2,2048,512,524288]
CUDA_FA_ROUTE_ALLOC kernel=MMA_F16 need_f16_K=0 need_f16_V=0 workspace_end_offset=16384 dst_data=(nil) f16_K=(nil) f16_V=(nil) f16_end=0x4000
CUDA_FA_ROUTE_PLAN device=0 Q=[256,1,16,1] Kraw=turbo4_tcq Vraw=turbo2 Kshape=[256,256,4,1] Vshape=[256,256,4,1] Keff=f16 Veff=f16 turbo_kv=1 prefer_native_vec=0 decode=1 dk=1 dv=1 unsafe_vec_after_turbo_v_decode=0 allow_vec=1 kernel=MMA_F16 need_f16_K=0 need_f16_V=0 Knb=[68,544,136,139264] Vnb=[34,272,68,69632] Keff_nb=[2,2048,512,524288] Veff_nb=[2,2048,512,524288]
CUDA_FA_ROUTE_ALLOC kernel=MMA_F16 need_f16_K=0 need_f16_V=0 workspace_end_offset=16384 dst_data=(nil) f16_K=(nil) f16_V=(nil) f16_end=0x4000
CUDA_FA_ROUTE_PLAN device=0 Q=[256,1,16,1] Kraw=turbo4_tcq Vraw=turbo2 Kshape=[256,256,4,1] Vshape=[256,256,4,1] Keff=f16 Veff=f16 turbo_kv=1 prefer_native_vec=0 decode=1 dk=1 dv=1 unsafe_vec_after_turbo_v_decode=0 allow_vec=1 kernel=MMA_F16 need_f16_K=0 need_f16_V=0 Knb=[68,544,136,139264] Vnb=[34,272,68,69632] Keff_nb=[2,2048,512,524288] Veff_nb=[2,2048,512,524288]
CUDA_FA_ROUTE_ALLOC kernel=MMA_F16 need_f16_K=0 need_f16_V=0 workspace_end_offset=16384 dst_data=(nil) f16_K=(nil) f16_V=(nil) f16_end=0x4000
CUDA_FA_ROUTE_PLAN device=0 Q=[256,1,16,1] Kraw=turbo4_tcq Vraw=turbo2 Kshape=[256,256,4,1] Vshape=[256,256,4,1] Keff=f16 Veff=f16 turbo_kv=1 prefer_native_vec=0 decode=1 dk=1 dv=1 unsafe_vec_after_turbo_v_decode=0 allow_vec=1 kernel=MMA_F16 need_f16_K=0 need_f16_V=0 Knb=[68,544,136,139264] Vnb=[34,272,68,69632] Keff_nb=[2,2048,512,524288] Veff_nb=[2,2048,512,524288]
CUDA_FA_ROUTE_ALLOC kernel=MMA_F16 need_f16_K=0 need_f16_V=0 workspace_end_offset=16384 dst_data=(nil) f16_K=(nil) f16_V=(nil) f16_end=0x4000
CUDA_FA_ROUTE_PLAN device=0 Q=[256,1,16,1] Kraw=turbo4_tcq Vraw=turbo2 Kshape=[256,256,4,1] Vshape=[256,256,4,1] Keff=f16 Veff=f16 turbo_kv=1 prefer_native_vec=0 decode=1 dk=1 dv=1 unsafe_vec_after_turbo_v_decode=0 allow_vec=1 kernel=MMA_F16 need_f16_K=0 need_f16_V=0 Knb=[68,544,136,139264] Vnb=[34,272,68,69632] Keff_nb=[2,2048,512,524288] Veff_nb=[2,2048,512,524288]
CUDA_FA_ROUTE_ALLOC kernel=MMA_F16 need_f16_K=0 need_f16_V=0 workspace_end_offset=16384 dst_data=(nil) f16_K=(nil) f16_V=(nil) f16_end=0x4000
CUDA_FA_ROUTE_PLAN device=0 Q=[256,1,16,1] Kraw=turbo4_tcq Vraw=turbo2 Kshape=[256,256,4,1] Vshape=[256,256,4,1] Keff=f16 Veff=f16 turbo_kv=1 prefer_native_vec=0 decode=1 dk=1 dv=1 unsafe_vec_after_turbo_v_decode=0 allow_vec=1 kernel=MMA_F16 need_f16_K=0 need_f16_V=0 Knb=[68,544,136,139264] Vnb=[34,272,68,69632] Keff_nb=[2,2048,512,524288] Veff_nb=[2,2048,512,524288]
CUDA_FA_ROUTE_ALLOC kernel=MMA_F16 need_f16_K=0 need_f16_V=0 workspace_end_offset=16384 dst_data=(nil) f16_K=(nil) f16_V=(nil) f16_end=0x4000
CUDA_FA_ROUTE_PLAN device=0 Q=[256,1,16,1] Kraw=turbo4_tcq Vraw=turbo2 Kshape=[256,256,4,1] Vshape=[256,256,4,1] Keff=f16 Veff=f16 turbo_kv=1 prefer_native_vec=0 decode=1 dk=1 dv=1 unsafe_vec_after_turbo_v_decode=0 allow_vec=1 kernel=MMA_F16 need_f16_K=0 need_f16_V=0 Knb=[68,544,136,139264] Vnb=[34,272,68,69632] Keff_nb=[2,2048,512,524288] Veff_nb=[2,2048,512,524288]
CUDA_FA_ROUTE_ALLOC kernel=MMA_F16 need_f16_K=0 need_f16_V=0 workspace_end_offset=16384 dst_data=(nil) f16_K=(nil) f16_V=(nil) f16_end=0x4000
CUDA_FA_ROUTE_PLAN device=0 Q=[256,1,16,1] Kraw=turbo4_tcq Vraw=turbo2 Kshape=[256,256,4,1] Vshape=[256,256,4,1] Keff=f16 Veff=f16 turbo_kv=1 prefer_native_vec=0 decode=1 dk=1 dv=1 unsafe_vec_after_turbo_v_decode=0 allow_vec=1 kernel=MMA_F16 need_f16_K=0 need_f16_V=0 Knb=[68,544,136,139264] Vnb=[34,272,68,69632] Keff_nb=[2,2048,512,524288] Veff_nb=[2,2048,512,524288]
CUDA_FA_ROUTE_ALLOC kernel=MMA_F16 need_f16_K=0 need_f16_V=0 workspace_end_offset=16384 dst_data=(nil) f16_K=(nil) f16_V=(nil) f16_end=0x4000
CUDA_FA_ROUTE_PLAN device=0 Q=[256,1,16,1] Kraw=turbo4_tcq Vraw=turbo2 Kshape=[256,256,4,1] Vshape=[256,256,4,1] Keff=f16 Veff=f16 turbo_kv=1 prefer_native_vec=0 decode=1 dk=1 dv=1 unsafe_vec_after_turbo_v_decode=0 allow_vec=1 kernel=MMA_F16 need_f16_K=0 need_f16_V=0 Knb=[68,544,136,139264] Vnb=[34,272,68,69632] Keff_nb=[2,2048,512,524288] Veff_nb=[2,2048,512,524288]
CUDA_FA_ROUTE_ALLOC kernel=MMA_F16 need_f16_K=0 need_f16_V=0 workspace_end_offset=16384 dst_data=(nil) f16_K=(nil) f16_V=(nil) f16_end=0x4000
CUDA_FA_ROUTE_PLAN device=0 Q=[256,1,16,1] Kraw=turbo4_tcq Vraw=turbo2 Kshape=[256,256,4,1] Vshape=[256,256,4,1] Keff=f16 Veff=f16 turbo_kv=1 prefer_native_vec=0 decode=1 dk=1 dv=1 unsafe_vec_after_turbo_v_decode=0 allow_vec=1 kernel=MMA_F16 need_f16_K=0 need_f16_V=0 Knb=[68,544,136,139264] Vnb=[34,272,68,69632] Keff_nb=[2,2048,512,524288] Veff_nb=[2,2048,512,524288]
CUDA_FA_ROUTE_ALLOC kernel=MMA_F16 need_f16_K=0 need_f16_V=0 workspace_end_offset=16384 dst_data=(nil) f16_K=(nil) f16_V=(nil) f16_end=0x4000
CUDA_FA_ROUTE_PLAN device=0 Q=[256,1,16,1] Kraw=turbo4_tcq Vraw=turbo2 Kshape=[256,256,4,1] Vshape=[256,256,4,1] Keff=f16 Veff=f16 turbo_kv=1 prefer_native_vec=0 decode=1 dk=1 dv=1 unsafe_vec_after_turbo_v_decode=0 allow_vec=1 kernel=MMA_F16 need_f16_K=0 need_f16_V=0 Knb=[68,544,136,139264] Vnb=[34,272,68,69632] Keff_nb=[2,2048,512,524288] Veff_nb=[2,2048,512,524288]
CUDA_FA_ROUTE_ALLOC kernel=MMA_F16 need_f16_K=0 need_f16_V=0 workspace_end_offset=16384 dst_data=(nil) f16_K=(nil) f16_V=(nil) f16_end=0x4000
CUDA_FA_ROUTE_PLAN device=0 Q=[256,1,16,1] Kraw=turbo4_tcq Vraw=turbo2 Kshape=[256,256,4,1] Vshape=[256,256,4,1] Keff=f16 Veff=f16 turbo_kv=1 prefer_native_vec=0 decode=1 dk=1 dv=1 unsafe_vec_after_turbo_v_decode=0 allow_vec=1 kernel=MMA_F16 need_f16_K=0 need_f16_V=0 Knb=[68,544,136,139264] Vnb=[34,272,68,69632] Keff_nb=[2,2048,512,524288] Veff_nb=[2,2048,512,524288]
CUDA_FA_ROUTE_ALLOC kernel=MMA_F16 need_f16_K=0 need_f16_V=0 workspace_end_offset=16384 dst_data=(nil) f16_K=(nil) f16_V=(nil) f16_end=0x4000
CUDA_FA_ROUTE_PLAN device=0 Q=[256,1,16,1] Kraw=turbo4_tcq Vraw=turbo2 Kshape=[256,256,4,1] Vshape=[256,256,4,1] Keff=f16 Veff=f16 turbo_kv=1 prefer_native_vec=0 decode=1 dk=1 dv=1 unsafe_vec_after_turbo_v_decode=0 allow_vec=1 kernel=MMA_F16 need_f16_K=0 need_f16_V=0 Knb=[68,544,136,139264] Vnb=[34,272,68,69632] Keff_nb=[2,2048,512,524288] Veff_nb=[2,2048,512,524288]
CUDA_FA_ROUTE_ALLOC kernel=MMA_F16 need_f16_K=0 need_f16_V=0 workspace_end_offset=16384 dst_data=(nil) f16_K=(nil) f16_V=(nil) f16_end=0x4000
CUDA_FA_ROUTE_PLAN device=0 Q=[256,1,16,1] Kraw=turbo4_tcq Vraw=turbo2 Kshape=[256,256,4,1] Vshape=[256,256,4,1] Keff=f16 Veff=f16 turbo_kv=1 prefer_native_vec=0 decode=1 dk=1 dv=1 unsafe_vec_after_turbo_v_decode=0 allow_vec=1 kernel=MMA_F16 need_f16_K=0 need_f16_V=0 Knb=[68,544,136,139264] Vnb=[34,272,68,69632] Keff_nb=[2,2048,512,524288] Veff_nb=[2,2048,512,524288]
CUDA_FA_ROUTE_ALLOC kernel=MMA_F16 need_f16_K=0 need_f16_V=0 workspace_end_offset=16384 dst_data=(nil) f16_K=(nil) f16_V=(nil) f16_end=0x4000
CUDA_FA_ROUTE_PLAN device=0 Q=[256,1,16,1] Kraw=turbo4_tcq Vraw=turbo2 Kshape=[256,256,4,1] Vshape=[256,256,4,1] Keff=f16 Veff=f16 turbo_kv=1 prefer_native_vec=0 decode=1 dk=1 dv=1 unsafe_vec_after_turbo_v_decode=0 allow_vec=1 kernel=MMA_F16 need_f16_K=0 need_f16_V=0 Knb=[68,544,136,139264] Vnb=[34,272,68,69632] Keff_nb=[2,2048,512,524288] Veff_nb=[2,2048,512,524288]
CUDA_FA_ROUTE_ALLOC kernel=MMA_F16 need_f16_K=0 need_f16_V=0 workspace_end_offset=16384 dst_data=(nil) f16_K=(nil) f16_V=(nil) f16_end=0x4000
CUDA_FA_ROUTE_PLAN device=0 Q=[256,1,16,1] Kraw=turbo4_tcq Vraw=turbo2 Kshape=[256,256,4,1] Vshape=[256,256,4,1] Keff=f16 Veff=f16 turbo_kv=1 prefer_native_vec=0 decode=1 dk=1 dv=1 unsafe_vec_after_turbo_v_decode=0 allow_vec=1 kernel=MMA_F16 need_f16_K=0 need_f16_V=0 Knb=[68,544,136,139264] Vnb=[34,272,68,69632] Keff_nb=[2,2048,512,524288] Veff_nb=[2,2048,512,524288]
CUDA_FA_ROUTE_ALLOC kernel=MMA_F16 need_f16_K=0 need_f16_V=0 workspace_end_offset=16384 dst_data=(nil) f16_K=(nil) f16_V=(nil) f16_end=0x4000
CUDA_FA_ROUTE_PLAN device=0 Q=[256,1,16,1] Kraw=turbo4_tcq Vraw=turbo2 Kshape=[256,256,4,1] Vshape=[256,256,4,1] Keff=f16 Veff=f16 turbo_kv=1 prefer_native_vec=0 decode=1 dk=1 dv=1 unsafe_vec_after_turbo_v_decode=0 allow_vec=1 kernel=MMA_F16 need_f16_K=0 need_f16_V=0 Knb=[68,544,136,139264] Vnb=[34,272,68,69632] Keff_nb=[2,2048,512,524288] Veff_nb=[2,2048,512,524288]
CUDA_FA_ROUTE_ALLOC kernel=MMA_F16 need_f16_K=0 need_f16_V=0 workspace_end_offset=16384 dst_data=(nil) f16_K=(nil) f16_V=(nil) f16_end=0x4000
CUDA_FA_ROUTE_PLAN device=0 Q=[256,1,16,1] Kraw=turbo4_tcq Vraw=turbo2 Kshape=[256,256,4,1] Vshape=[256,256,4,1] Keff=f16 Veff=f16 turbo_kv=1 prefer_native_vec=0 decode=1 dk=1 dv=1 unsafe_vec_after_turbo_v_decode=0 allow_vec=1 kernel=MMA_F16 need_f16_K=0 need_f16_V=0 Knb=[68,544,136,139264] Vnb=[34,272,68,69632] Keff_nb=[2,2048,512,524288] Veff_nb=[2,2048,512,524288]
CUDA_FA_ROUTE_ALLOC kernel=MMA_F16 need_f16_K=0 need_f16_V=0 workspace_end_offset=16384 dst_data=(nil) f16_K=(nil) f16_V=(nil) f16_end=0x4000
CUDA_FA_ROUTE_PLAN device=0 Q=[256,1,16,1] Kraw=turbo4_tcq Vraw=turbo2 Kshape=[256,256,4,1] Vshape=[256,256,4,1] Keff=f16 Veff=f16 turbo_kv=1 prefer_native_vec=0 decode=1 dk=1 dv=1 unsafe_vec_after_turbo_v_decode=0 allow_vec=1 kernel=MMA_F16 need_f16_K=0 need_f16_V=0 Knb=[68,544,136,139264] Vnb=[34,272,68,69632] Keff_nb=[2,2048,512,524288] Veff_nb=[2,2048,512,524288]
CUDA_FA_ROUTE_ALLOC kernel=MMA_F16 need_f16_K=0 need_f16_V=0 workspace_end_offset=16384 dst_data=(nil) f16_K=(nil) f16_V=(nil) f16_end=0x4000
CUDA_FA_ROUTE_PLAN device=0 Q=[256,1,16,1] Kraw=turbo4_tcq Vraw=turbo2 Kshape=[256,256,4,1] Vshape=[256,256,4,1] Keff=f16 Veff=f16 turbo_kv=1 prefer_native_vec=0 decode=1 dk=1 dv=1 unsafe_vec_after_turbo_v_decode=0 allow_vec=1 kernel=MMA_F16 need_f16_K=0 need_f16_V=0 Knb=[68,544,136,139264] Vnb=[34,272,68,69632] Keff_nb=[2,2048,512,524288] Veff_nb=[2,2048,512,524288]
CUDA_FA_ROUTE_ALLOC kernel=MMA_F16 need_f16_K=0 need_f16_V=0 workspace_end_offset=16384 dst_data=(nil) f16_K=(nil) f16_V=(nil) f16_end=0x4000
CUDA_FA_ROUTE_PLAN device=0 Q=[256,1,16,1] Kraw=turbo4_tcq Vraw=turbo2 Kshape=[256,256,4,1] Vshape=[256,256,4,1] Keff=f16 Veff=f16 turbo_kv=1 prefer_native_vec=0 decode=1 dk=1 dv=1 unsafe_vec_after_turbo_v_decode=0 allow_vec=1 kernel=MMA_F16 need_f16_K=0 need_f16_V=0 Knb=[68,544,136,139264] Vnb=[34,272,68,69632] Keff_nb=[2,2048,512,524288] Veff_nb=[2,2048,512,524288]
CUDA_FA_ROUTE_ALLOC kernel=MMA_F16 need_f16_K=0 need_f16_V=0 workspace_end_offset=16384 dst_data=(nil) f16_K=(nil) f16_V=(nil) f16_end=0x4000
CUDA_FA_ROUTE_PLAN device=0 Q=[256,1,16,1] Kraw=turbo4_tcq Vraw=turbo2 Kshape=[256,256,4,1] Vshape=[256,256,4,1] Keff=f16 Veff=f16 turbo_kv=1 prefer_native_vec=0 decode=1 dk=1 dv=1 unsafe_vec_after_turbo_v_decode=0 allow_vec=1 kernel=MMA_F16 need_f16_K=0 need_f16_V=0 Knb=[68,544,136,139264] Vnb=[34,272,68,69632] Keff_nb=[2,2048,512,524288] Veff_nb=[2,2048,512,524288]
CUDA_FA_ROUTE_ALLOC kernel=MMA_F16 need_f16_K=0 need_f16_V=0 workspace_end_offset=16384 dst_data=(nil) f16_K=(nil) f16_V=(nil) f16_end=0x4000
CUDA_FA_ROUTE_PLAN device=0 Q=[256,1,16,1] Kraw=turbo4_tcq Vraw=turbo2 Kshape=[256,256,4,1] Vshape=[256,256,4,1] Keff=f16 Veff=f16 turbo_kv=1 prefer_native_vec=0 decode=1 dk=1 dv=1 unsafe_vec_after_turbo_v_decode=0 allow_vec=1 kernel=MMA_F16 need_f16_K=0 need_f16_V=0 Knb=[68,544,136,139264] Vnb=[34,272,68,69632] Keff_nb=[2,2048,512,524288] Veff_nb=[2,2048,512,524288]
CUDA_FA_ROUTE_ALLOC kernel=MMA_F16 need_f16_K=0 need_f16_V=0 workspace_end_offset=16384 dst_data=(nil) f16_K=(nil) f16_V=(nil) f16_end=0x4000
CUDA_FA_ROUTE_PLAN device=0 Q=[256,1,16,1] Kraw=turbo4_tcq Vraw=turbo2 Kshape=[256,256,4,1] Vshape=[256,256,4,1] Keff=f16 Veff=f16 turbo_kv=1 prefer_native_vec=0 decode=1 dk=1 dv=1 unsafe_vec_after_turbo_v_decode=0 allow_vec=1 kernel=MMA_F16 need_f16_K=0 need_f16_V=0 Knb=[68,544,136,139264] Vnb=[34,272,68,69632] Keff_nb=[2,2048,512,524288] Veff_nb=[2,2048,512,524288]
CUDA_FA_ROUTE_ALLOC kernel=MMA_F16 need_f16_K=0 need_f16_V=0 workspace_end_offset=16384 dst_data=(nil) f16_K=(nil) f16_V=(nil) f16_end=0x4000
CUDA_FA_ROUTE_PLAN device=0 Q=[256,1,16,1] Kraw=turbo4_tcq Vraw=turbo2 Kshape=[256,256,4,1] Vshape=[256,256,4,1] Keff=f16 Veff=f16 turbo_kv=1 prefer_native_vec=0 decode=1 dk=1 dv=1 unsafe_vec_after_turbo_v_decode=0 allow_vec=1 kernel=MMA_F16 need_f16_K=0 need_f16_V=0 Knb=[68,544,136,139264] Vnb=[34,272,68,69632] Keff_nb=[2,2048,512,524288] Veff_nb=[2,2048,512,524288]
CUDA_FA_ROUTE_ALLOC kernel=MMA_F16 need_f16_K=0 need_f16_V=0 workspace_end_offset=16384 dst_data=(nil) f16_K=(nil) f16_V=(nil) f16_end=0x4000
CUDA_FA_ROUTE_PLAN device=0 Q=[256,1,16,1] Kraw=turbo4_tcq Vraw=turbo2 Kshape=[256,256,4,1] Vshape=[256,256,4,1] Keff=f16 Veff=f16 turbo_kv=1 prefer_native_vec=0 decode=1 dk=1 dv=1 unsafe_vec_after_turbo_v_decode=0 allow_vec=1 kernel=MMA_F16 need_f16_K=0 need_f16_V=0 Knb=[68,544,136,139264] Vnb=[34,272,68,69632] Keff_nb=[2,2048,512,524288] Veff_nb=[2,2048,512,524288]
CUDA_FA_ROUTE_ALLOC kernel=MMA_F16 need_f16_K=0 need_f16_V=0 workspace_end_offset=16384 dst_data=(nil) f16_K=(nil) f16_V=(nil) f16_end=0x4000
CUDA_FA_ROUTE_PLAN device=0 Q=[256,1,16,1] Kraw=turbo4_tcq Vraw=turbo2 Kshape=[256,256,4,1] Vshape=[256,256,4,1] Keff=f16 Veff=f16 turbo_kv=1 prefer_native_vec=0 decode=1 dk=1 dv=1 unsafe_vec_after_turbo_v_decode=0 allow_vec=1 kernel=MMA_F16 need_f16_K=0 need_f16_V=0 Knb=[68,544,136,139264] Vnb=[34,272,68,69632] Keff_nb=[2,2048,512,524288] Veff_nb=[2,2048,512,524288]
CUDA_FA_ROUTE_ALLOC kernel=MMA_F16 need_f16_K=0 need_f16_V=0 workspace_end_offset=16384 dst_data=(nil) f16_K=(nil) f16_V=(nil) f16_end=0x4000
CUDA_FA_ROUTE_PLAN device=0 Q=[256,1,16,1] Kraw=turbo4_tcq Vraw=turbo2 Kshape=[256,256,4,1] Vshape=[256,256,4,1] Keff=f16 Veff=f16 turbo_kv=1 prefer_native_vec=0 decode=1 dk=1 dv=1 unsafe_vec_after_turbo_v_decode=0 allow_vec=1 kernel=MMA_F16 need_f16_K=0 need_f16_V=0 Knb=[68,544,136,139264] Vnb=[34,272,68,69632] Keff_nb=[2,2048,512,524288] Veff_nb=[2,2048,512,524288]
CUDA_FA_ROUTE_ALLOC kernel=MMA_F16 need_f16_K=0 need_f16_V=0 workspace_end_offset=16384 dst_data=(nil) f16_K=(nil) f16_V=(nil) f16_end=0x4000
CUDA_FA_ROUTE_PLAN device=0 Q=[256,1,16,1] Kraw=turbo4_tcq Vraw=turbo2 Kshape=[256,256,4,1] Vshape=[256,256,4,1] Keff=f16 Veff=f16 turbo_kv=1 prefer_native_vec=0 decode=1 dk=1 dv=1 unsafe_vec_after_turbo_v_decode=0 allow_vec=1 kernel=MMA_F16 need_f16_K=0 need_f16_V=0 Knb=[68,544,136,139264] Vnb=[34,272,68,69632] Keff_nb=[2,2048,512,524288] Veff_nb=[2,2048,512,524288]
CUDA_FA_ROUTE_ALLOC kernel=MMA_F16 need_f16_K=0 need_f16_V=0 workspace_end_offset=16384 dst_data=(nil) f16_K=(nil) f16_V=(nil) f16_end=0x4000
CUDA_FA_ROUTE_PLAN device=0 Q=[256,256,16,1] Kraw=turbo4_tcq Vraw=turbo2 Kshape=[256,256,4,1] Vshape=[256,256,4,1] Keff=f16 Veff=f16 turbo_kv=1 prefer_native_vec=0 decode=1 dk=1 dv=1 unsafe_vec_after_turbo_v_decode=0 allow_vec=1 kernel=MMA_F16 need_f16_K=0 need_f16_V=0 Knb=[68,544,136,139264] Vnb=[34,272,68,69632] Keff_nb=[2,2048,512,524288] Veff_nb=[2,2048,512,524288]
CUDA_FA_ROUTE_SUPPORTED kernel=MMA_F16 effK=f16 effV=f16 supported=1
CUDA_FA_ROUTE_PLAN device=0 Q=[256,256,16,1] Kraw=turbo4_tcq Vraw=turbo2 Kshape=[256,256,4,1] Vshape=[256,256,4,1] Keff=f16 Veff=f16 turbo_kv=1 prefer_native_vec=0 decode=1 dk=1 dv=1 unsafe_vec_after_turbo_v_decode=0 allow_vec=1 kernel=MMA_F16 need_f16_K=0 need_f16_V=0 Knb=[68,544,136,139264] Vnb=[34,272,68,69632] Keff_nb=[2,2048,512,524288] Veff_nb=[2,2048,512,524288]
CUDA_FA_ROUTE_SUPPORTED kernel=MMA_F16 effK=f16 effV=f16 supported=1
CUDA_FA_ROUTE_PLAN device=0 Q=[256,256,16,1] Kraw=turbo4_tcq Vraw=turbo2 Kshape=[256,256,4,1] Vshape=[256,256,4,1] Keff=f16 Veff=f16 turbo_kv=1 prefer_native_vec=0 decode=1 dk=1 dv=1 unsafe_vec_after_turbo_v_decode=0 allow_vec=1 kernel=MMA_F16 need_f16_K=0 need_f16_V=0 Knb=[68,544,136,139264] Vnb=[34,272,68,69632] Keff_nb=[2,2048,512,524288] Veff_nb=[2,2048,512,524288]
CUDA_FA_ROUTE_SUPPORTED kernel=MMA_F16 effK=f16 effV=f16 supported=1
CUDA_FA_ROUTE_PLAN device=0 Q=[256,256,16,1] Kraw=turbo4_tcq Vraw=turbo2 Kshape=[256,256,4,1] Vshape=[256,256,4,1] Keff=f16 Veff=f16 turbo_kv=1 prefer_native_vec=0 decode=1 dk=1 dv=1 unsafe_vec_after_turbo_v_decode=0 allow_vec=1 kernel=MMA_F16 need_f16_K=0 need_f16_V=0 Knb=[68,544,136,139264] Vnb=[34,272,68,69632] Keff_nb=[2,2048,512,524288] Veff_nb=[2,2048,512,524288]
CUDA_FA_ROUTE_SUPPORTED kernel=MMA_F16 effK=f16 effV=f16 supported=1
CUDA_FA_ROUTE_PLAN device=0 Q=[256,256,16,1] Kraw=turbo4_tcq Vraw=turbo2 Kshape=[256,256,4,1] Vshape=[256,256,4,1] Keff=f16 Veff=f16 turbo_kv=1 prefer_native_vec=0 decode=1 dk=1 dv=1 unsafe_vec_after_turbo_v_decode=0 allow_vec=1 kernel=MMA_F16 need_f16_K=0 need_f16_V=0 Knb=[68,544,136,139264] Vnb=[34,272,68,69632] Keff_nb=[2,2048,512,524288] Veff_nb=[2,2048,512,524288]
CUDA_FA_ROUTE_SUPPORTED kernel=MMA_F16 effK=f16 effV=f16 supported=1
CUDA_FA_ROUTE_PLAN device=0 Q=[256,256,16,1] Kraw=turbo4_tcq Vraw=turbo2 Kshape=[256,256,4,1] Vshape=[256,256,4,1] Keff=f16 Veff=f16 turbo_kv=1 prefer_native_vec=0 decode=1 dk=1 dv=1 unsafe_vec_after_turbo_v_decode=0 allow_vec=1 kernel=MMA_F16 need_f16_K=0 need_f16_V=0 Knb=[68,544,136,139264] Vnb=[34,272,68,69632] Keff_nb=[2,2048,512,524288] Veff_nb=[2,2048,512,524288]
CUDA_FA_ROUTE_SUPPORTED kernel=MMA_F16 effK=f16 effV=f16 supported=1
CUDA_FA_ROUTE_PLAN device=0 Q=[256,256,16,1] Kraw=turbo4_tcq Vraw=turbo2 Kshape=[256,256,4,1] Vshape=[256,256,4,1] Keff=f16 Veff=f16 turbo_kv=1 prefer_native_vec=0 decode=1 dk=1 dv=1 unsafe_vec_after_turbo_v_decode=0 allow_vec=1 kernel=MMA_F16 need_f16_K=0 need_f16_V=0 Knb=[68,544,136,139264] Vnb=[34,272,68,69632] Keff_nb=[2,2048,512,524288] Veff_nb=[2,2048,512,524288]
CUDA_FA_ROUTE_SUPPORTED kernel=MMA_F16 effK=f16 effV=f16 supported=1
CUDA_FA_ROUTE_PLAN device=0 Q=[256,256,16,1] Kraw=turbo4_tcq Vraw=turbo2 Kshape=[256,256,4,1] Vshape=[256,256,4,1] Keff=f16 Veff=f16 turbo_kv=1 prefer_native_vec=0 decode=1 dk=1 dv=1 unsafe_vec_after_turbo_v_decode=0 allow_vec=1 kernel=MMA_F16 need_f16_K=0 need_f16_V=0 Knb=[68,544,136,139264] Vnb=[34,272,68,69632] Keff_nb=[2,2048,512,524288] Veff_nb=[2,2048,512,524288]
CUDA_FA_ROUTE_SUPPORTED kernel=MMA_F16 effK=f16 effV=f16 supported=1
CUDA_FA_ROUTE_PLAN device=0 Q=[256,256,16,1] Kraw=turbo4_tcq Vraw=turbo2 Kshape=[256,256,4,1] Vshape=[256,256,4,1] Keff=f16 Veff=f16 turbo_kv=1 prefer_native_vec=0 decode=1 dk=1 dv=1 unsafe_vec_after_turbo_v_decode=0 allow_vec=1 kernel=MMA_F16 need_f16_K=0 need_f16_V=0 Knb=[68,544,136,139264] Vnb=[34,272,68,69632] Keff_nb=[2,2048,512,524288] Veff_nb=[2,2048,512,524288]
CUDA_FA_ROUTE_ALLOC kernel=MMA_F16 need_f16_K=0 need_f16_V=0 workspace_end_offset=4194304 dst_data=(nil) f16_K=(nil) f16_V=(nil) f16_end=0x400000
CUDA_FA_ROUTE_PLAN device=0 Q=[256,256,16,1] Kraw=turbo4_tcq Vraw=turbo2 Kshape=[256,256,4,1] Vshape=[256,256,4,1] Keff=f16 Veff=f16 turbo_kv=1 prefer_native_vec=0 decode=1 dk=1 dv=1 unsafe_vec_after_turbo_v_decode=0 allow_vec=1 kernel=MMA_F16 need_f16_K=0 need_f16_V=0 Knb=[68,544,136,139264] Vnb=[34,272,68,69632] Keff_nb=[2,2048,512,524288] Veff_nb=[2,2048,512,524288]
CUDA_FA_ROUTE_ALLOC kernel=MMA_F16 need_f16_K=0 need_f16_V=0 workspace_end_offset=4194304 dst_data=(nil) f16_K=(nil) f16_V=(nil) f16_end=0x400000
CUDA_FA_ROUTE_PLAN device=0 Q=[256,256,16,1] Kraw=turbo4_tcq Vraw=turbo2 Kshape=[256,256,4,1] Vshape=[256,256,4,1] Keff=f16 Veff=f16 turbo_kv=1 prefer_native_vec=0 decode=1 dk=1 dv=1 unsafe_vec_after_turbo_v_decode=0 allow_vec=1 kernel=MMA_F16 need_f16_K=0 need_f16_V=0 Knb=[68,544,136,139264] Vnb=[34,272,68,69632] Keff_nb=[2,2048,512,524288] Veff_nb=[2,2048,512,524288]
CUDA_FA_ROUTE_ALLOC kernel=MMA_F16 need_f16_K=0 need_f16_V=0 workspace_end_offset=4194304 dst_data=(nil) f16_K=(nil) f16_V=(nil) f16_end=0x400000
CUDA_FA_ROUTE_PLAN device=0 Q=[256,256,16,1] Kraw=turbo4_tcq Vraw=turbo2 Kshape=[256,256,4,1] Vshape=[256,256,4,1] Keff=f16 Veff=f16 turbo_kv=1 prefer_native_vec=0 decode=1 dk=1 dv=1 unsafe_vec_after_turbo_v_decode=0 allow_vec=1 kernel=MMA_F16 need_f16_K=0 need_f16_V=0 Knb=[68,544,136,139264] Vnb=[34,272,68,69632] Keff_nb=[2,2048,512,524288] Veff_nb=[2,2048,512,524288]
CUDA_FA_ROUTE_ALLOC kernel=MMA_F16 need_f16_K=0 need_f16_V=0 workspace_end_offset=4194304 dst_data=(nil) f16_K=(nil) f16_V=(nil) f16_end=0x400000
CUDA_FA_ROUTE_PLAN device=0 Q=[256,256,16,1] Kraw=turbo4_tcq Vraw=turbo2 Kshape=[256,256,4,1] Vshape=[256,256,4,1] Keff=f16 Veff=f16 turbo_kv=1 prefer_native_vec=0 decode=1 dk=1 dv=1 unsafe_vec_after_turbo_v_decode=0 allow_vec=1 kernel=MMA_F16 need_f16_K=0 need_f16_V=0 Knb=[68,544,136,139264] Vnb=[34,272,68,69632] Keff_nb=[2,2048,512,524288] Veff_nb=[2,2048,512,524288]
CUDA_FA_ROUTE_ALLOC kernel=MMA_F16 need_f16_K=0 need_f16_V=0 workspace_end_offset=4194304 dst_data=(nil) f16_K=(nil) f16_V=(nil) f16_end=0x400000
CUDA_FA_ROUTE_PLAN device=0 Q=[256,256,16,1] Kraw=turbo4_tcq Vraw=turbo2 Kshape=[256,256,4,1] Vshape=[256,256,4,1] Keff=f16 Veff=f16 turbo_kv=1 prefer_native_vec=0 decode=1 dk=1 dv=1 unsafe_vec_after_turbo_v_decode=0 allow_vec=1 kernel=MMA_F16 need_f16_K=0 need_f16_V=0 Knb=[68,544,136,139264] Vnb=[34,272,68,69632] Keff_nb=[2,2048,512,524288] Veff_nb=[2,2048,512,524288]
CUDA_FA_ROUTE_ALLOC kernel=MMA_F16 need_f16_K=0 need_f16_V=0 workspace_end_offset=4194304 dst_data=(nil) f16_K=(nil) f16_V=(nil) f16_end=0x400000
CUDA_FA_ROUTE_PLAN device=0 Q=[256,256,16,1] Kraw=turbo4_tcq Vraw=turbo2 Kshape=[256,256,4,1] Vshape=[256,256,4,1] Keff=f16 Veff=f16 turbo_kv=1 prefer_native_vec=0 decode=1 dk=1 dv=1 unsafe_vec_after_turbo_v_decode=0 allow_vec=1 kernel=MMA_F16 need_f16_K=0 need_f16_V=0 Knb=[68,544,136,139264] Vnb=[34,272,68,69632] Keff_nb=[2,2048,512,524288] Veff_nb=[2,2048,512,524288]
CUDA_FA_ROUTE_ALLOC kernel=MMA_F16 need_f16_K=0 need_f16_V=0 workspace_end_offset=4194304 dst_data=(nil) f16_K=(nil) f16_V=(nil) f16_end=0x400000
CUDA_FA_ROUTE_PLAN device=0 Q=[256,256,16,1] Kraw=turbo4_tcq Vraw=turbo2 Kshape=[256,256,4,1] Vshape=[256,256,4,1] Keff=f16 Veff=f16 turbo_kv=1 prefer_native_vec=0 decode=1 dk=1 dv=1 unsafe_vec_after_turbo_v_decode=0 allow_vec=1 kernel=MMA_F16 need_f16_K=0 need_f16_V=0 Knb=[68,544,136,139264] Vnb=[34,272,68,69632] Keff_nb=[2,2048,512,524288] Veff_nb=[2,2048,512,524288]
CUDA_FA_ROUTE_ALLOC kernel=MMA_F16 need_f16_K=0 need_f16_V=0 workspace_end_offset=4194304 dst_data=(nil) f16_K=(nil) f16_V=(nil) f16_end=0x400000
CUDA_FA_ROUTE_PLAN device=0 Q=[256,256,16,1] Kraw=turbo4_tcq Vraw=turbo2 Kshape=[256,256,4,1] Vshape=[256,256,4,1] Keff=f16 Veff=f16 turbo_kv=1 prefer_native_vec=0 decode=1 dk=1 dv=1 unsafe_vec_after_turbo_v_decode=0 allow_vec=1 kernel=MMA_F16 need_f16_K=0 need_f16_V=0 Knb=[68,544,136,139264] Vnb=[34,272,68,69632] Keff_nb=[2,2048,512,524288] Veff_nb=[2,2048,512,524288]
CUDA_FA_ROUTE_ALLOC kernel=MMA_F16 need_f16_K=0 need_f16_V=0 workspace_end_offset=4194304 dst_data=(nil) f16_K=(nil) f16_V=(nil) f16_end=0x400000
CUDA_FA_ROUTE_PLAN device=0 Q=[256,256,16,1] Kraw=turbo4_tcq Vraw=turbo2 Kshape=[256,256,4,1] Vshape=[256,256,4,1] Keff=f16 Veff=f16 turbo_kv=1 prefer_native_vec=0 decode=1 dk=1 dv=1 unsafe_vec_after_turbo_v_decode=0 allow_vec=1 kernel=MMA_F16 need_f16_K=0 need_f16_V=0 Knb=[68,544,136,139264] Vnb=[34,272,68,69632] Keff_nb=[2,2048,512,524288] Veff_nb=[2,2048,512,524288]
CUDA_FA_ROUTE_ALLOC kernel=MMA_F16 need_f16_K=0 need_f16_V=0 workspace_end_offset=4194304 dst_data=(nil) f16_K=(nil) f16_V=(nil) f16_end=0x400000
CUDA_FA_ROUTE_PLAN device=0 Q=[256,256,16,1] Kraw=turbo4_tcq Vraw=turbo2 Kshape=[256,256,4,1] Vshape=[256,256,4,1] Keff=f16 Veff=f16 turbo_kv=1 prefer_native_vec=0 decode=1 dk=1 dv=1 unsafe_vec_after_turbo_v_decode=0 allow_vec=1 kernel=MMA_F16 need_f16_K=0 need_f16_V=0 Knb=[68,544,136,139264] Vnb=[34,272,68,69632] Keff_nb=[2,2048,512,524288] Veff_nb=[2,2048,512,524288]
CUDA_FA_ROUTE_ALLOC kernel=MMA_F16 need_f16_K=0 need_f16_V=0 workspace_end_offset=4194304 dst_data=(nil) f16_K=(nil) f16_V=(nil) f16_end=0x400000
CUDA_FA_ROUTE_PLAN device=0 Q=[256,256,16,1] Kraw=turbo4_tcq Vraw=turbo2 Kshape=[256,256,4,1] Vshape=[256,256,4,1] Keff=f16 Veff=f16 turbo_kv=1 prefer_native_vec=0 decode=1 dk=1 dv=1 unsafe_vec_after_turbo_v_decode=0 allow_vec=1 kernel=MMA_F16 need_f16_K=0 need_f16_V=0 Knb=[68,544,136,139264] Vnb=[34,272,68,69632] Keff_nb=[2,2048,512,524288] Veff_nb=[2,2048,512,524288]
CUDA_FA_ROUTE_ALLOC kernel=MMA_F16 need_f16_K=0 need_f16_V=0 workspace_end_offset=4194304 dst_data=(nil) f16_K=(nil) f16_V=(nil) f16_end=0x400000
CUDA_FA_ROUTE_PLAN device=0 Q=[256,256,16,1] Kraw=turbo4_tcq Vraw=turbo2 Kshape=[256,256,4,1] Vshape=[256,256,4,1] Keff=f16 Veff=f16 turbo_kv=1 prefer_native_vec=0 decode=1 dk=1 dv=1 unsafe_vec_after_turbo_v_decode=0 allow_vec=1 kernel=MMA_F16 need_f16_K=0 need_f16_V=0 Knb=[68,544,136,139264] Vnb=[34,272,68,69632] Keff_nb=[2,2048,512,524288] Veff_nb=[2,2048,512,524288]
CUDA_FA_ROUTE_ALLOC kernel=MMA_F16 need_f16_K=0 need_f16_V=0 workspace_end_offset=4194304 dst_data=(nil) f16_K=(nil) f16_V=(nil) f16_end=0x400000
CUDA_FA_ROUTE_PLAN device=0 Q=[256,256,16,1] Kraw=turbo4_tcq Vraw=turbo2 Kshape=[256,256,4,1] Vshape=[256,256,4,1] Keff=f16 Veff=f16 turbo_kv=1 prefer_native_vec=0 decode=1 dk=1 dv=1 unsafe_vec_after_turbo_v_decode=0 allow_vec=1 kernel=MMA_F16 need_f16_K=0 need_f16_V=0 Knb=[68,544,136,139264] Vnb=[34,272,68,69632] Keff_nb=[2,2048,512,524288] Veff_nb=[2,2048,512,524288]
CUDA_FA_ROUTE_ALLOC kernel=MMA_F16 need_f16_K=0 need_f16_V=0 workspace_end_offset=4194304 dst_data=(nil) f16_K=(nil) f16_V=(nil) f16_end=0x400000
CUDA_FA_ROUTE_PLAN device=0 Q=[256,256,16,1] Kraw=turbo4_tcq Vraw=turbo2 Kshape=[256,256,4,1] Vshape=[256,256,4,1] Keff=f16 Veff=f16 turbo_kv=1 prefer_native_vec=0 decode=1 dk=1 dv=1 unsafe_vec_after_turbo_v_decode=0 allow_vec=1 kernel=MMA_F16 need_f16_K=0 need_f16_V=0 Knb=[68,544,136,139264] Vnb=[34,272,68,69632] Keff_nb=[2,2048,512,524288] Veff_nb=[2,2048,512,524288]
CUDA_FA_ROUTE_ALLOC kernel=MMA_F16 need_f16_K=0 need_f16_V=0 workspace_end_offset=4194304 dst_data=(nil) f16_K=(nil) f16_V=(nil) f16_end=0x400000
CUDA_FA_ROUTE_PLAN device=0 Q=[256,256,16,1] Kraw=turbo4_tcq Vraw=turbo2 Kshape=[256,256,4,1] Vshape=[256,256,4,1] Keff=f16 Veff=f16 turbo_kv=1 prefer_native_vec=0 decode=1 dk=1 dv=1 unsafe_vec_after_turbo_v_decode=0 allow_vec=1 kernel=MMA_F16 need_f16_K=0 need_f16_V=0 Knb=[68,544,136,139264] Vnb=[34,272,68,69632] Keff_nb=[2,2048,512,524288] Veff_nb=[2,2048,512,524288]
CUDA_FA_ROUTE_ALLOC kernel=MMA_F16 need_f16_K=0 need_f16_V=0 workspace_end_offset=4194304 dst_data=(nil) f16_K=(nil) f16_V=(nil) f16_end=0x400000
CUDA_FA_ROUTE_PLAN device=0 Q=[256,256,16,1] Kraw=turbo4_tcq Vraw=turbo2 Kshape=[256,256,4,1] Vshape=[256,256,4,1] Keff=f16 Veff=f16 turbo_kv=1 prefer_native_vec=0 decode=1 dk=1 dv=1 unsafe_vec_after_turbo_v_decode=0 allow_vec=1 kernel=MMA_F16 need_f16_K=0 need_f16_V=0 Knb=[68,544,136,139264] Vnb=[34,272,68,69632] Keff_nb=[2,2048,512,524288] Veff_nb=[2,2048,512,524288]
CUDA_FA_ROUTE_ALLOC kernel=MMA_F16 need_f16_K=0 need_f16_V=0 workspace_end_offset=4194304 dst_data=(nil) f16_K=(nil) f16_V=(nil) f16_end=0x400000
CUDA_FA_ROUTE_PLAN device=0 Q=[256,256,16,1] Kraw=turbo4_tcq Vraw=turbo2 Kshape=[256,256,4,1] Vshape=[256,256,4,1] Keff=f16 Veff=f16 turbo_kv=1 prefer_native_vec=0 decode=1 dk=1 dv=1 unsafe_vec_after_turbo_v_decode=0 allow_vec=1 kernel=MMA_F16 need_f16_K=0 need_f16_V=0 Knb=[68,544,136,139264] Vnb=[34,272,68,69632] Keff_nb=[2,2048,512,524288] Veff_nb=[2,2048,512,524288]
CUDA_FA_ROUTE_ALLOC kernel=MMA_F16 need_f16_K=0 need_f16_V=0 workspace_end_offset=4194304 dst_data=(nil) f16_K=(nil) f16_V=(nil) f16_end=0x400000
CUDA_FA_ROUTE_PLAN device=0 Q=[256,256,16,1] Kraw=turbo4_tcq Vraw=turbo2 Kshape=[256,256,4,1] Vshape=[256,256,4,1] Keff=f16 Veff=f16 turbo_kv=1 prefer_native_vec=0 decode=1 dk=1 dv=1 unsafe_vec_after_turbo_v_decode=0 allow_vec=1 kernel=MMA_F16 need_f16_K=0 need_f16_V=0 Knb=[68,544,136,139264] Vnb=[34,272,68,69632] Keff_nb=[2,2048,512,524288] Veff_nb=[2,2048,512,524288]
CUDA_FA_ROUTE_ALLOC kernel=MMA_F16 need_f16_K=0 need_f16_V=0 workspace_end_offset=4194304 dst_data=(nil) f16_K=(nil) f16_V=(nil) f16_end=0x400000
CUDA_FA_ROUTE_PLAN device=0 Q=[256,256,16,1] Kraw=turbo4_tcq Vraw=turbo2 Kshape=[256,256,4,1] Vshape=[256,256,4,1] Keff=f16 Veff=f16 turbo_kv=1 prefer_native_vec=0 decode=1 dk=1 dv=1 unsafe_vec_after_turbo_v_decode=0 allow_vec=1 kernel=MMA_F16 need_f16_K=0 need_f16_V=0 Knb=[68,544,136,139264] Vnb=[34,272,68,69632] Keff_nb=[2,2048,512,524288] Veff_nb=[2,2048,512,524288]
CUDA_FA_ROUTE_ALLOC kernel=MMA_F16 need_f16_K=0 need_f16_V=0 workspace_end_offset=4194304 dst_data=(nil) f16_K=(nil) f16_V=(nil) f16_end=0x400000
CUDA_FA_ROUTE_PLAN device=0 Q=[256,256,16,1] Kraw=turbo4_tcq Vraw=turbo2 Kshape=[256,256,4,1] Vshape=[256,256,4,1] Keff=f16 Veff=f16 turbo_kv=1 prefer_native_vec=0 decode=1 dk=1 dv=1 unsafe_vec_after_turbo_v_decode=0 allow_vec=1 kernel=MMA_F16 need_f16_K=0 need_f16_V=0 Knb=[68,544,136,139264] Vnb=[34,272,68,69632] Keff_nb=[2,2048,512,524288] Veff_nb=[2,2048,512,524288]
CUDA_FA_ROUTE_ALLOC kernel=MMA_F16 need_f16_K=0 need_f16_V=0 workspace_end_offset=4194304 dst_data=(nil) f16_K=(nil) f16_V=(nil) f16_end=0x400000
CUDA_FA_ROUTE_PLAN device=0 Q=[256,256,16,1] Kraw=turbo4_tcq Vraw=turbo2 Kshape=[256,256,4,1] Vshape=[256,256,4,1] Keff=f16 Veff=f16 turbo_kv=1 prefer_native_vec=0 decode=1 dk=1 dv=1 unsafe_vec_after_turbo_v_decode=0 allow_vec=1 kernel=MMA_F16 need_f16_K=0 need_f16_V=0 Knb=[68,544,136,139264] Vnb=[34,272,68,69632] Keff_nb=[2,2048,512,524288] Veff_nb=[2,2048,512,524288]
CUDA_FA_ROUTE_ALLOC kernel=MMA_F16 need_f16_K=0 need_f16_V=0 workspace_end_offset=4194304 dst_data=(nil) f16_K=(nil) f16_V=(nil) f16_end=0x400000
CUDA_FA_ROUTE_PLAN device=0 Q=[256,256,16,1] Kraw=turbo4_tcq Vraw=turbo2 Kshape=[256,256,4,1] Vshape=[256,256,4,1] Keff=f16 Veff=f16 turbo_kv=1 prefer_native_vec=0 decode=1 dk=1 dv=1 unsafe_vec_after_turbo_v_decode=0 allow_vec=1 kernel=MMA_F16 need_f16_K=0 need_f16_V=0 Knb=[68,544,136,139264] Vnb=[34,272,68,69632] Keff_nb=[2,2048,512,524288] Veff_nb=[2,2048,512,524288]
CUDA_FA_ROUTE_ALLOC kernel=MMA_F16 need_f16_K=0 need_f16_V=0 workspace_end_offset=4194304 dst_data=(nil) f16_K=(nil) f16_V=(nil) f16_end=0x400000
CUDA_FA_ROUTE_PLAN device=0 Q=[256,256,16,1] Kraw=turbo4_tcq Vraw=turbo2 Kshape=[256,256,4,1] Vshape=[256,256,4,1] Keff=f16 Veff=f16 turbo_kv=1 prefer_native_vec=0 decode=1 dk=1 dv=1 unsafe_vec_after_turbo_v_decode=0 allow_vec=1 kernel=MMA_F16 need_f16_K=0 need_f16_V=0 Knb=[68,544,136,139264] Vnb=[34,272,68,69632] Keff_nb=[2,2048,512,524288] Veff_nb=[2,2048,512,524288]
CUDA_FA_ROUTE_ALLOC kernel=MMA_F16 need_f16_K=0 need_f16_V=0 workspace_end_offset=4194304 dst_data=(nil) f16_K=(nil) f16_V=(nil) f16_end=0x400000
CUDA_FA_ROUTE_PLAN device=0 Q=[256,256,16,1] Kraw=turbo4_tcq Vraw=turbo2 Kshape=[256,256,4,1] Vshape=[256,256,4,1] Keff=f16 Veff=f16 turbo_kv=1 prefer_native_vec=0 decode=1 dk=1 dv=1 unsafe_vec_after_turbo_v_decode=0 allow_vec=1 kernel=MMA_F16 need_f16_K=0 need_f16_V=0 Knb=[68,544,136,139264] Vnb=[34,272,68,69632] Keff_nb=[2,2048,512,524288] Veff_nb=[2,2048,512,524288]
CUDA_FA_ROUTE_ALLOC kernel=MMA_F16 need_f16_K=0 need_f16_V=0 workspace_end_offset=4194304 dst_data=(nil) f16_K=(nil) f16_V=(nil) f16_end=0x400000
CUDA_FA_ROUTE_PLAN device=0 Q=[256,256,16,1] Kraw=turbo4_tcq Vraw=turbo2 Kshape=[256,256,4,1] Vshape=[256,256,4,1] Keff=f16 Veff=f16 turbo_kv=1 prefer_native_vec=0 decode=1 dk=1 dv=1 unsafe_vec_after_turbo_v_decode=0 allow_vec=1 kernel=MMA_F16 need_f16_K=0 need_f16_V=0 Knb=[68,544,136,139264] Vnb=[34,272,68,69632] Keff_nb=[2,2048,512,524288] Veff_nb=[2,2048,512,524288]
CUDA_FA_ROUTE_ALLOC kernel=MMA_F16 need_f16_K=0 need_f16_V=0 workspace_end_offset=4194304 dst_data=(nil) f16_K=(nil) f16_V=(nil) f16_end=0x400000
CUDA_FA_ROUTE_PLAN device=0 Q=[256,256,16,1] Kraw=turbo4_tcq Vraw=turbo2 Kshape=[256,256,4,1] Vshape=[256,256,4,1] Keff=f16 Veff=f16 turbo_kv=1 prefer_native_vec=0 decode=1 dk=1 dv=1 unsafe_vec_after_turbo_v_decode=0 allow_vec=1 kernel=MMA_F16 need_f16_K=0 need_f16_V=0 Knb=[68,544,136,139264] Vnb=[34,272,68,69632] Keff_nb=[2,2048,512,524288] Veff_nb=[2,2048,512,524288]
CUDA_FA_ROUTE_ALLOC kernel=MMA_F16 need_f16_K=0 need_f16_V=0 workspace_end_offset=4194304 dst_data=(nil) f16_K=(nil) f16_V=(nil) f16_end=0x400000
CUDA_FA_ROUTE_PLAN device=0 Q=[256,256,16,1] Kraw=turbo4_tcq Vraw=turbo2 Kshape=[256,256,4,1] Vshape=[256,256,4,1] Keff=f16 Veff=f16 turbo_kv=1 prefer_native_vec=0 decode=1 dk=1 dv=1 unsafe_vec_after_turbo_v_decode=0 allow_vec=1 kernel=MMA_F16 need_f16_K=0 need_f16_V=0 Knb=[68,544,136,139264] Vnb=[34,272,68,69632] Keff_nb=[2,2048,512,524288] Veff_nb=[2,2048,512,524288]
CUDA_FA_ROUTE_ALLOC kernel=MMA_F16 need_f16_K=0 need_f16_V=0 workspace_end_offset=4194304 dst_data=(nil) f16_K=(nil) f16_V=(nil) f16_end=0x400000
CUDA_FA_ROUTE_PLAN device=0 Q=[256,256,16,1] Kraw=turbo4_tcq Vraw=turbo2 Kshape=[256,256,4,1] Vshape=[256,256,4,1] Keff=f16 Veff=f16 turbo_kv=1 prefer_native_vec=0 decode=1 dk=1 dv=1 unsafe_vec_after_turbo_v_decode=0 allow_vec=1 kernel=MMA_F16 need_f16_K=0 need_f16_V=0 Knb=[68,544,136,139264] Vnb=[34,272,68,69632] Keff_nb=[2,2048,512,524288] Veff_nb=[2,2048,512,524288]
CUDA_FA_ROUTE_ALLOC kernel=MMA_F16 need_f16_K=0 need_f16_V=0 workspace_end_offset=4194304 dst_data=(nil) f16_K=(nil) f16_V=(nil) f16_end=0x400000
CUDA_FA_ROUTE_PLAN device=0 Q=[256,256,16,1] Kraw=turbo4_tcq Vraw=turbo2 Kshape=[256,256,4,1] Vshape=[256,256,4,1] Keff=f16 Veff=f16 turbo_kv=1 prefer_native_vec=0 decode=1 dk=1 dv=1 unsafe_vec_after_turbo_v_decode=0 allow_vec=1 kernel=MMA_F16 need_f16_K=0 need_f16_V=0 Knb=[68,544,136,139264] Vnb=[34,272,68,69632] Keff_nb=[2,2048,512,524288] Veff_nb=[2,2048,512,524288]
CUDA_FA_ROUTE_ALLOC kernel=MMA_F16 need_f16_K=0 need_f16_V=0 workspace_end_offset=4194304 dst_data=(nil) f16_K=(nil) f16_V=(nil) f16_end=0x400000
CUDA_FA_ROUTE_PLAN device=0 Q=[256,256,16,1] Kraw=turbo4_tcq Vraw=turbo2 Kshape=[256,256,4,1] Vshape=[256,256,4,1] Keff=f16 Veff=f16 turbo_kv=1 prefer_native_vec=0 decode=1 dk=1 dv=1 unsafe_vec_after_turbo_v_decode=0 allow_vec=1 kernel=MMA_F16 need_f16_K=0 need_f16_V=0 Knb=[68,544,136,139264] Vnb=[34,272,68,69632] Keff_nb=[2,2048,512,524288] Veff_nb=[2,2048,512,524288]
CUDA_FA_ROUTE_ALLOC kernel=MMA_F16 need_f16_K=0 need_f16_V=0 workspace_end_offset=4194304 dst_data=(nil) f16_K=(nil) f16_V=(nil) f16_end=0x400000
CUDA_FA_ROUTE_PLAN device=0 Q=[256,256,16,1] Kraw=turbo4_tcq Vraw=turbo2 Kshape=[256,256,4,1] Vshape=[256,256,4,1] Keff=f16 Veff=f16 turbo_kv=1 prefer_native_vec=0 decode=1 dk=1 dv=1 unsafe_vec_after_turbo_v_decode=0 allow_vec=1 kernel=MMA_F16 need_f16_K=0 need_f16_V=0 Knb=[68,544,136,139264] Vnb=[34,272,68,69632] Keff_nb=[2,2048,512,524288] Veff_nb=[2,2048,512,524288]
CUDA_FA_ROUTE_ALLOC kernel=MMA_F16 need_f16_K=0 need_f16_V=0 workspace_end_offset=4194304 dst_data=(nil) f16_K=(nil) f16_V=(nil) f16_end=0x400000
CUDA_FA_ROUTE_PLAN device=0 Q=[256,2,16,1] Kraw=turbo4_tcq Vraw=turbo2 Kshape=[256,256,4,1] Vshape=[256,256,4,1] Keff=f16 Veff=f16 turbo_kv=1 prefer_native_vec=0 decode=1 dk=1 dv=1 unsafe_vec_after_turbo_v_decode=0 allow_vec=1 kernel=MMA_F16 need_f16_K=0 need_f16_V=0 Knb=[68,544,136,139264] Vnb=[34,272,68,69632] Keff_nb=[2,2048,512,524288] Veff_nb=[2,2048,512,524288]
CUDA_FA_ROUTE_SUPPORTED kernel=MMA_F16 effK=f16 effV=f16 supported=1
CUDA_FA_ROUTE_PLAN device=0 Q=[256,2,16,1] Kraw=turbo4_tcq Vraw=turbo2 Kshape=[256,256,4,1] Vshape=[256,256,4,1] Keff=f16 Veff=f16 turbo_kv=1 prefer_native_vec=0 decode=1 dk=1 dv=1 unsafe_vec_after_turbo_v_decode=0 allow_vec=1 kernel=MMA_F16 need_f16_K=0 need_f16_V=0 Knb=[68,544,136,139264] Vnb=[34,272,68,69632] Keff_nb=[2,2048,512,524288] Veff_nb=[2,2048,512,524288]
CUDA_FA_ROUTE_SUPPORTED kernel=MMA_F16 effK=f16 effV=f16 supported=1
CUDA_FA_ROUTE_PLAN device=0 Q=[256,2,16,1] Kraw=turbo4_tcq Vraw=turbo2 Kshape=[256,256,4,1] Vshape=[256,256,4,1] Keff=f16 Veff=f16 turbo_kv=1 prefer_native_vec=0 decode=1 dk=1 dv=1 unsafe_vec_after_turbo_v_decode=0 allow_vec=1 kernel=MMA_F16 need_f16_K=0 need_f16_V=0 Knb=[68,544,136,139264] Vnb=[34,272,68,69632] Keff_nb=[2,2048,512,524288] Veff_nb=[2,2048,512,524288]
CUDA_FA_ROUTE_SUPPORTED kernel=MMA_F16 effK=f16 effV=f16 supported=1
CUDA_FA_ROUTE_PLAN device=0 Q=[256,2,16,1] Kraw=turbo4_tcq Vraw=turbo2 Kshape=[256,256,4,1] Vshape=[256,256,4,1] Keff=f16 Veff=f16 turbo_kv=1 prefer_native_vec=0 decode=1 dk=1 dv=1 unsafe_vec_after_turbo_v_decode=0 allow_vec=1 kernel=MMA_F16 need_f16_K=0 need_f16_V=0 Knb=[68,544,136,139264] Vnb=[34,272,68,69632] Keff_nb=[2,2048,512,524288] Veff_nb=[2,2048,512,524288]
CUDA_FA_ROUTE_SUPPORTED kernel=MMA_F16 effK=f16 effV=f16 supported=1
CUDA_FA_ROUTE_PLAN device=0 Q=[256,2,16,1] Kraw=turbo4_tcq Vraw=turbo2 Kshape=[256,256,4,1] Vshape=[256,256,4,1] Keff=f16 Veff=f16 turbo_kv=1 prefer_native_vec=0 decode=1 dk=1 dv=1 unsafe_vec_after_turbo_v_decode=0 allow_vec=1 kernel=MMA_F16 need_f16_K=0 need_f16_V=0 Knb=[68,544,136,139264] Vnb=[34,272,68,69632] Keff_nb=[2,2048,512,524288] Veff_nb=[2,2048,512,524288]
CUDA_FA_ROUTE_SUPPORTED kernel=MMA_F16 effK=f16 effV=f16 supported=1
CUDA_FA_ROUTE_PLAN device=0 Q=[256,2,16,1] Kraw=turbo4_tcq Vraw=turbo2 Kshape=[256,256,4,1] Vshape=[256,256,4,1] Keff=f16 Veff=f16 turbo_kv=1 prefer_native_vec=0 decode=1 dk=1 dv=1 unsafe_vec_after_turbo_v_decode=0 allow_vec=1 kernel=MMA_F16 need_f16_K=0 need_f16_V=0 Knb=[68,544,136,139264] Vnb=[34,272,68,69632] Keff_nb=[2,2048,512,524288] Veff_nb=[2,2048,512,524288]
CUDA_FA_ROUTE_SUPPORTED kernel=MMA_F16 effK=f16 effV=f16 supported=1
CUDA_FA_ROUTE_PLAN device=0 Q=[256,2,16,1] Kraw=turbo4_tcq Vraw=turbo2 Kshape=[256,256,4,1] Vshape=[256,256,4,1] Keff=f16 Veff=f16 turbo_kv=1 prefer_native_vec=0 decode=1 dk=1 dv=1 unsafe_vec_after_turbo_v_decode=0 allow_vec=1 kernel=MMA_F16 need_f16_K=0 need_f16_V=0 Knb=[68,544,136,139264] Vnb=[34,272,68,69632] Keff_nb=[2,2048,512,524288] Veff_nb=[2,2048,512,524288]
CUDA_FA_ROUTE_SUPPORTED kernel=MMA_F16 effK=f16 effV=f16 supported=1
CUDA_FA_ROUTE_PLAN device=0 Q=[256,2,16,1] Kraw=turbo4_tcq Vraw=turbo2 Kshape=[256,256,4,1] Vshape=[256,256,4,1] Keff=f16 Veff=f16 turbo_kv=1 prefer_native_vec=0 decode=1 dk=1 dv=1 unsafe_vec_after_turbo_v_decode=0 allow_vec=1 kernel=MMA_F16 need_f16_K=0 need_f16_V=0 Knb=[68,544,136,139264] Vnb=[34,272,68,69632] Keff_nb=[2,2048,512,524288] Veff_nb=[2,2048,512,524288]
CUDA_FA_ROUTE_SUPPORTED kernel=MMA_F16 effK=f16 effV=f16 supported=1
CUDA_FA_ROUTE_PLAN device=0 Q=[256,2,16,1] Kraw=turbo4_tcq Vraw=turbo2 Kshape=[256,256,4,1] Vshape=[256,256,4,1] Keff=f16 Veff=f16 turbo_kv=1 prefer_native_vec=0 decode=1 dk=1 dv=1 unsafe_vec_after_turbo_v_decode=0 allow_vec=1 kernel=MMA_F16 need_f16_K=0 need_f16_V=0 Knb=[68,544,136,139264] Vnb=[34,272,68,69632] Keff_nb=[2,2048,512,524288] Veff_nb=[2,2048,512,524288]
CUDA_FA_ROUTE_ALLOC kernel=MMA_F16 need_f16_K=0 need_f16_V=0 workspace_end_offset=32768 dst_data=(nil) f16_K=(nil) f16_V=(nil) f16_end=0x8000
CUDA_FA_ROUTE_PLAN device=0 Q=[256,2,16,1] Kraw=turbo4_tcq Vraw=turbo2 Kshape=[256,256,4,1] Vshape=[256,256,4,1] Keff=f16 Veff=f16 turbo_kv=1 prefer_native_vec=0 decode=1 dk=1 dv=1 unsafe_vec_after_turbo_v_decode=0 allow_vec=1 kernel=MMA_F16 need_f16_K=0 need_f16_V=0 Knb=[68,544,136,139264] Vnb=[34,272,68,69632] Keff_nb=[2,2048,512,524288] Veff_nb=[2,2048,512,524288]
CUDA_FA_ROUTE_ALLOC kernel=MMA_F16 need_f16_K=0 need_f16_V=0 workspace_end_offset=32768 dst_data=(nil) f16_K=(nil) f16_V=(nil) f16_end=0x8000
CUDA_FA_ROUTE_PLAN device=0 Q=[256,2,16,1] Kraw=turbo4_tcq Vraw=turbo2 Kshape=[256,256,4,1] Vshape=[256,256,4,1] Keff=f16 Veff=f16 turbo_kv=1 prefer_native_vec=0 decode=1 dk=1 dv=1 unsafe_vec_after_turbo_v_decode=0 allow_vec=1 kernel=MMA_F16 need_f16_K=0 need_f16_V=0 Knb=[68,544,136,139264] Vnb=[34,272,68,69632] Keff_nb=[2,2048,512,524288] Veff_nb=[2,2048,512,524288]
CUDA_FA_ROUTE_ALLOC kernel=MMA_F16 need_f16_K=0 need_f16_V=0 workspace_end_offset=32768 dst_data=(nil) f16_K=(nil) f16_V=(nil) f16_end=0x8000
CUDA_FA_ROUTE_PLAN device=0 Q=[256,2,16,1] Kraw=turbo4_tcq Vraw=turbo2 Kshape=[256,256,4,1] Vshape=[256,256,4,1] Keff=f16 Veff=f16 turbo_kv=1 prefer_native_vec=0 decode=1 dk=1 dv=1 unsafe_vec_after_turbo_v_decode=0 allow_vec=1 kernel=MMA_F16 need_f16_K=0 need_f16_V=0 Knb=[68,544,136,139264] Vnb=[34,272,68,69632] Keff_nb=[2,2048,512,524288] Veff_nb=[2,2048,512,524288]
CUDA_FA_ROUTE_ALLOC kernel=MMA_F16 need_f16_K=0 need_f16_V=0 workspace_end_offset=32768 dst_data=(nil) f16_K=(nil) f16_V=(nil) f16_end=0x8000
CUDA_FA_ROUTE_PLAN device=0 Q=[256,2,16,1] Kraw=turbo4_tcq Vraw=turbo2 Kshape=[256,256,4,1] Vshape=[256,256,4,1] Keff=f16 Veff=f16 turbo_kv=1 prefer_native_vec=0 decode=1 dk=1 dv=1 unsafe_vec_after_turbo_v_decode=0 allow_vec=1 kernel=MMA_F16 need_f16_K=0 need_f16_V=0 Knb=[68,544,136,139264] Vnb=[34,272,68,69632] Keff_nb=[2,2048,512,524288] Veff_nb=[2,2048,512,524288]
CUDA_FA_ROUTE_ALLOC kernel=MMA_F16 need_f16_K=0 need_f16_V=0 workspace_end_offset=32768 dst_data=(nil) f16_K=(nil) f16_V=(nil) f16_end=0x8000
CUDA_FA_ROUTE_PLAN device=0 Q=[256,2,16,1] Kraw=turbo4_tcq Vraw=turbo2 Kshape=[256,256,4,1] Vshape=[256,256,4,1] Keff=f16 Veff=f16 turbo_kv=1 prefer_native_vec=0 decode=1 dk=1 dv=1 unsafe_vec_after_turbo_v_decode=0 allow_vec=1 kernel=MMA_F16 need_f16_K=0 need_f16_V=0 Knb=[68,544,136,139264] Vnb=[34,272,68,69632] Keff_nb=[2,2048,512,524288] Veff_nb=[2,2048,512,524288]
CUDA_FA_ROUTE_ALLOC kernel=MMA_F16 need_f16_K=0 need_f16_V=0 workspace_end_offset=32768 dst_data=(nil) f16_K=(nil) f16_V=(nil) f16_end=0x8000
CUDA_FA_ROUTE_PLAN device=0 Q=[256,2,16,1] Kraw=turbo4_tcq Vraw=turbo2 Kshape=[256,256,4,1] Vshape=[256,256,4,1] Keff=f16 Veff=f16 turbo_kv=1 prefer_native_vec=0 decode=1 dk=1 dv=1 unsafe_vec_after_turbo_v_decode=0 allow_vec=1 kernel=MMA_F16 need_f16_K=0 need_f16_V=0 Knb=[68,544,136,139264] Vnb=[34,272,68,69632] Keff_nb=[2,2048,512,524288] Veff_nb=[2,2048,512,524288]
CUDA_FA_ROUTE_ALLOC kernel=MMA_F16 need_f16_K=0 need_f16_V=0 workspace_end_offset=32768 dst_data=(nil) f16_K=(nil) f16_V=(nil) f16_end=0x8000
CUDA_FA_ROUTE_PLAN device=0 Q=[256,2,16,1] Kraw=turbo4_tcq Vraw=turbo2 Kshape=[256,256,4,1] Vshape=[256,256,4,1] Keff=f16 Veff=f16 turbo_kv=1 prefer_native_vec=0 decode=1 dk=1 dv=1 unsafe_vec_after_turbo_v_decode=0 allow_vec=1 kernel=MMA_F16 need_f16_K=0 need_f16_V=0 Knb=[68,544,136,139264] Vnb=[34,272,68,69632] Keff_nb=[2,2048,512,524288] Veff_nb=[2,2048,512,524288]
CUDA_FA_ROUTE_ALLOC kernel=MMA_F16 need_f16_K=0 need_f16_V=0 workspace_end_offset=32768 dst_data=(nil) f16_K=(nil) f16_V=(nil) f16_end=0x8000
CUDA_FA_ROUTE_PLAN device=0 Q=[256,2,16,1] Kraw=turbo4_tcq Vraw=turbo2 Kshape=[256,256,4,1] Vshape=[256,256,4,1] Keff=f16 Veff=f16 turbo_kv=1 prefer_native_vec=0 decode=1 dk=1 dv=1 unsafe_vec_after_turbo_v_decode=0 allow_vec=1 kernel=MMA_F16 need_f16_K=0 need_f16_V=0 Knb=[68,544,136,139264] Vnb=[34,272,68,69632] Keff_nb=[2,2048,512,524288] Veff_nb=[2,2048,512,524288]
CUDA_FA_ROUTE_ALLOC kernel=MMA_F16 need_f16_K=0 need_f16_V=0 workspace_end_offset=32768 dst_data=(nil) f16_K=(nil) f16_V=(nil) f16_end=0x8000
CUDA_FA_ROUTE_PLAN device=0 Q=[256,2,16,1] Kraw=turbo4_tcq Vraw=turbo2 Kshape=[256,256,4,1] Vshape=[256,256,4,1] Keff=f16 Veff=f16 turbo_kv=1 prefer_native_vec=0 decode=1 dk=1 dv=1 unsafe_vec_after_turbo_v_decode=0 allow_vec=1 kernel=MMA_F16 need_f16_K=0 need_f16_V=0 Knb=[68,544,136,139264] Vnb=[34,272,68,69632] Keff_nb=[2,2048,512,524288] Veff_nb=[2,2048,512,524288]
CUDA_FA_ROUTE_ALLOC kernel=MMA_F16 need_f16_K=0 need_f16_V=0 workspace_end_offset=32768 dst_data=(nil) f16_K=(nil) f16_V=(nil) f16_end=0x8000
CUDA_FA_ROUTE_PLAN device=0 Q=[256,2,16,1] Kraw=turbo4_tcq Vraw=turbo2 Kshape=[256,256,4,1] Vshape=[256,256,4,1] Keff=f16 Veff=f16 turbo_kv=1 prefer_native_vec=0 decode=1 dk=1 dv=1 unsafe_vec_after_turbo_v_decode=0 allow_vec=1 kernel=MMA_F16 need_f16_K=0 need_f16_V=0 Knb=[68,544,136,139264] Vnb=[34,272,68,69632] Keff_nb=[2,2048,512,524288] Veff_nb=[2,2048,512,524288]
CUDA_FA_ROUTE_ALLOC kernel=MMA_F16 need_f16_K=0 need_f16_V=0 workspace_end_offset=32768 dst_data=(nil) f16_K=(nil) f16_V=(nil) f16_end=0x8000
CUDA_FA_ROUTE_PLAN device=0 Q=[256,2,16,1] Kraw=turbo4_tcq Vraw=turbo2 Kshape=[256,256,4,1] Vshape=[256,256,4,1] Keff=f16 Veff=f16 turbo_kv=1 prefer_native_vec=0 decode=1 dk=1 dv=1 unsafe_vec_after_turbo_v_decode=0 allow_vec=1 kernel=MMA_F16 need_f16_K=0 need_f16_V=0 Knb=[68,544,136,139264] Vnb=[34,272,68,69632] Keff_nb=[2,2048,512,524288] Veff_nb=[2,2048,512,524288]
CUDA_FA_ROUTE_ALLOC kernel=MMA_F16 need_f16_K=0 need_f16_V=0 workspace_end_offset=32768 dst_data=(nil) f16_K=(nil) f16_V=(nil) f16_end=0x8000
CUDA_FA_ROUTE_PLAN device=0 Q=[256,2,16,1] Kraw=turbo4_tcq Vraw=turbo2 Kshape=[256,256,4,1] Vshape=[256,256,4,1] Keff=f16 Veff=f16 turbo_kv=1 prefer_native_vec=0 decode=1 dk=1 dv=1 unsafe_vec_after_turbo_v_decode=0 allow_vec=1 kernel=MMA_F16 need_f16_K=0 need_f16_V=0 Knb=[68,544,136,139264] Vnb=[34,272,68,69632] Keff_nb=[2,2048,512,524288] Veff_nb=[2,2048,512,524288]
CUDA_FA_ROUTE_ALLOC kernel=MMA_F16 need_f16_K=0 need_f16_V=0 workspace_end_offset=32768 dst_data=(nil) f16_K=(nil) f16_V=(nil) f16_end=0x8000
CUDA_FA_ROUTE_PLAN device=0 Q=[256,2,16,1] Kraw=turbo4_tcq Vraw=turbo2 Kshape=[256,256,4,1] Vshape=[256,256,4,1] Keff=f16 Veff=f16 turbo_kv=1 prefer_native_vec=0 decode=1 dk=1 dv=1 unsafe_vec_after_turbo_v_decode=0 allow_vec=1 kernel=MMA_F16 need_f16_K=0 need_f16_V=0 Knb=[68,544,136,139264] Vnb=[34,272,68,69632] Keff_nb=[2,2048,512,524288] Veff_nb=[2,2048,512,524288]
CUDA_FA_ROUTE_ALLOC kernel=MMA_F16 need_f16_K=0 need_f16_V=0 workspace_end_offset=32768 dst_data=(nil) f16_K=(nil) f16_V=(nil) f16_end=0x8000
CUDA_FA_ROUTE_PLAN device=0 Q=[256,2,16,1] Kraw=turbo4_tcq Vraw=turbo2 Kshape=[256,256,4,1] Vshape=[256,256,4,1] Keff=f16 Veff=f16 turbo_kv=1 prefer_native_vec=0 decode=1 dk=1 dv=1 unsafe_vec_after_turbo_v_decode=0 allow_vec=1 kernel=MMA_F16 need_f16_K=0 need_f16_V=0 Knb=[68,544,136,139264] Vnb=[34,272,68,69632] Keff_nb=[2,2048,512,524288] Veff_nb=[2,2048,512,524288]
CUDA_FA_ROUTE_ALLOC kernel=MMA_F16 need_f16_K=0 need_f16_V=0 workspace_end_offset=32768 dst_data=(nil) f16_K=(nil) f16_V=(nil) f16_end=0x8000
CUDA_FA_ROUTE_PLAN device=0 Q=[256,2,16,1] Kraw=turbo4_tcq Vraw=turbo2 Kshape=[256,256,4,1] Vshape=[256,256,4,1] Keff=f16 Veff=f16 turbo_kv=1 prefer_native_vec=0 decode=1 dk=1 dv=1 unsafe_vec_after_turbo_v_decode=0 allow_vec=1 kernel=MMA_F16 need_f16_K=0 need_f16_V=0 Knb=[68,544,136,139264] Vnb=[34,272,68,69632] Keff_nb=[2,2048,512,524288] Veff_nb=[2,2048,512,524288]
CUDA_FA_ROUTE_ALLOC kernel=MMA_F16 need_f16_K=0 need_f16_V=0 workspace_end_offset=32768 dst_data=(nil) f16_K=(nil) f16_V=(nil) f16_end=0x8000
CUDA_FA_ROUTE_PLAN device=0 Q=[256,2,16,1] Kraw=turbo4_tcq Vraw=turbo2 Kshape=[256,256,4,1] Vshape=[256,256,4,1] Keff=f16 Veff=f16 turbo_kv=1 prefer_native_vec=0 decode=1 dk=1 dv=1 unsafe_vec_after_turbo_v_decode=0 allow_vec=1 kernel=MMA_F16 need_f16_K=0 need_f16_V=0 Knb=[68,544,136,139264] Vnb=[34,272,68,69632] Keff_nb=[2,2048,512,524288] Veff_nb=[2,2048,512,524288]
CUDA_FA_ROUTE_ALLOC kernel=MMA_F16 need_f16_K=0 need_f16_V=0 workspace_end_offset=32768 dst_data=(nil) f16_K=(nil) f16_V=(nil) f16_end=0x8000
CUDA_FA_ROUTE_PLAN device=0 Q=[256,2,16,1] Kraw=turbo4_tcq Vraw=turbo2 Kshape=[256,256,4,1] Vshape=[256,256,4,1] Keff=f16 Veff=f16 turbo_kv=1 prefer_native_vec=0 decode=1 dk=1 dv=1 unsafe_vec_after_turbo_v_decode=0 allow_vec=1 kernel=MMA_F16 need_f16_K=0 need_f16_V=0 Knb=[68,544,136,139264] Vnb=[34,272,68,69632] Keff_nb=[2,2048,512,524288] Veff_nb=[2,2048,512,524288]
CUDA_FA_ROUTE_ALLOC kernel=MMA_F16 need_f16_K=0 need_f16_V=0 workspace_end_offset=32768 dst_data=(nil) f16_K=(nil) f16_V=(nil) f16_end=0x8000
CUDA_FA_ROUTE_PLAN device=0 Q=[256,2,16,1] Kraw=turbo4_tcq Vraw=turbo2 Kshape=[256,256,4,1] Vshape=[256,256,4,1] Keff=f16 Veff=f16 turbo_kv=1 prefer_native_vec=0 decode=1 dk=1 dv=1 unsafe_vec_after_turbo_v_decode=0 allow_vec=1 kernel=MMA_F16 need_f16_K=0 need_f16_V=0 Knb=[68,544,136,139264] Vnb=[34,272,68,69632] Keff_nb=[2,2048,512,524288] Veff_nb=[2,2048,512,524288]
CUDA_FA_ROUTE_ALLOC kernel=MMA_F16 need_f16_K=0 need_f16_V=0 workspace_end_offset=32768 dst_data=(nil) f16_K=(nil) f16_V=(nil) f16_end=0x8000
CUDA_FA_ROUTE_PLAN device=0 Q=[256,2,16,1] Kraw=turbo4_tcq Vraw=turbo2 Kshape=[256,256,4,1] Vshape=[256,256,4,1] Keff=f16 Veff=f16 turbo_kv=1 prefer_native_vec=0 decode=1 dk=1 dv=1 unsafe_vec_after_turbo_v_decode=0 allow_vec=1 kernel=MMA_F16 need_f16_K=0 need_f16_V=0 Knb=[68,544,136,139264] Vnb=[34,272,68,69632] Keff_nb=[2,2048,512,524288] Veff_nb=[2,2048,512,524288]
CUDA_FA_ROUTE_ALLOC kernel=MMA_F16 need_f16_K=0 need_f16_V=0 workspace_end_offset=32768 dst_data=(nil) f16_K=(nil) f16_V=(nil) f16_end=0x8000
CUDA_FA_ROUTE_PLAN device=0 Q=[256,2,16,1] Kraw=turbo4_tcq Vraw=turbo2 Kshape=[256,256,4,1] Vshape=[256,256,4,1] Keff=f16 Veff=f16 turbo_kv=1 prefer_native_vec=0 decode=1 dk=1 dv=1 unsafe_vec_after_turbo_v_decode=0 allow_vec=1 kernel=MMA_F16 need_f16_K=0 need_f16_V=0 Knb=[68,544,136,139264] Vnb=[34,272,68,69632] Keff_nb=[2,2048,512,524288] Veff_nb=[2,2048,512,524288]
CUDA_FA_ROUTE_ALLOC kernel=MMA_F16 need_f16_K=0 need_f16_V=0 workspace_end_offset=32768 dst_data=(nil) f16_K=(nil) f16_V=(nil) f16_end=0x8000
CUDA_FA_ROUTE_PLAN device=0 Q=[256,2,16,1] Kraw=turbo4_tcq Vraw=turbo2 Kshape=[256,256,4,1] Vshape=[256,256,4,1] Keff=f16 Veff=f16 turbo_kv=1 prefer_native_vec=0 decode=1 dk=1 dv=1 unsafe_vec_after_turbo_v_decode=0 allow_vec=1 kernel=MMA_F16 need_f16_K=0 need_f16_V=0 Knb=[68,544,136,139264] Vnb=[34,272,68,69632] Keff_nb=[2,2048,512,524288] Veff_nb=[2,2048,512,524288]
CUDA_FA_ROUTE_ALLOC kernel=MMA_F16 need_f16_K=0 need_f16_V=0 workspace_end_offset=32768 dst_data=(nil) f16_K=(nil) f16_V=(nil) f16_end=0x8000
CUDA_FA_ROUTE_PLAN device=0 Q=[256,2,16,1] Kraw=turbo4_tcq Vraw=turbo2 Kshape=[256,256,4,1] Vshape=[256,256,4,1] Keff=f16 Veff=f16 turbo_kv=1 prefer_native_vec=0 decode=1 dk=1 dv=1 unsafe_vec_after_turbo_v_decode=0 allow_vec=1 kernel=MMA_F16 need_f16_K=0 need_f16_V=0 Knb=[68,544,136,139264] Vnb=[34,272,68,69632] Keff_nb=[2,2048,512,524288] Veff_nb=[2,2048,512,524288]
CUDA_FA_ROUTE_ALLOC kernel=MMA_F16 need_f16_K=0 need_f16_V=0 workspace_end_offset=32768 dst_data=(nil) f16_K=(nil) f16_V=(nil) f16_end=0x8000
CUDA_FA_ROUTE_PLAN device=0 Q=[256,2,16,1] Kraw=turbo4_tcq Vraw=turbo2 Kshape=[256,256,4,1] Vshape=[256,256,4,1] Keff=f16 Veff=f16 turbo_kv=1 prefer_native_vec=0 decode=1 dk=1 dv=1 unsafe_vec_after_turbo_v_decode=0 allow_vec=1 kernel=MMA_F16 need_f16_K=0 need_f16_V=0 Knb=[68,544,136,139264] Vnb=[34,272,68,69632] Keff_nb=[2,2048,512,524288] Veff_nb=[2,2048,512,524288]
CUDA_FA_ROUTE_ALLOC kernel=MMA_F16 need_f16_K=0 need_f16_V=0 workspace_end_offset=32768 dst_data=(nil) f16_K=(nil) f16_V=(nil) f16_end=0x8000
CUDA_FA_ROUTE_PLAN device=0 Q=[256,2,16,1] Kraw=turbo4_tcq Vraw=turbo2 Kshape=[256,256,4,1] Vshape=[256,256,4,1] Keff=f16 Veff=f16 turbo_kv=1 prefer_native_vec=0 decode=1 dk=1 dv=1 unsafe_vec_after_turbo_v_decode=0 allow_vec=1 kernel=MMA_F16 need_f16_K=0 need_f16_V=0 Knb=[68,544,136,139264] Vnb=[34,272,68,69632] Keff_nb=[2,2048,512,524288] Veff_nb=[2,2048,512,524288]
CUDA_FA_ROUTE_ALLOC kernel=MMA_F16 need_f16_K=0 need_f16_V=0 workspace_end_offset=32768 dst_data=(nil) f16_K=(nil) f16_V=(nil) f16_end=0x8000
CUDA_FA_ROUTE_PLAN device=0 Q=[256,2,16,1] Kraw=turbo4_tcq Vraw=turbo2 Kshape=[256,256,4,1] Vshape=[256,256,4,1] Keff=f16 Veff=f16 turbo_kv=1 prefer_native_vec=0 decode=1 dk=1 dv=1 unsafe_vec_after_turbo_v_decode=0 allow_vec=1 kernel=MMA_F16 need_f16_K=0 need_f16_V=0 Knb=[68,544,136,139264] Vnb=[34,272,68,69632] Keff_nb=[2,2048,512,524288] Veff_nb=[2,2048,512,524288]
CUDA_FA_ROUTE_ALLOC kernel=MMA_F16 need_f16_K=0 need_f16_V=0 workspace_end_offset=32768 dst_data=(nil) f16_K=(nil) f16_V=(nil) f16_end=0x8000
CUDA_FA_ROUTE_PLAN device=0 Q=[256,2,16,1] Kraw=turbo4_tcq Vraw=turbo2 Kshape=[256,256,4,1] Vshape=[256,256,4,1] Keff=f16 Veff=f16 turbo_kv=1 prefer_native_vec=0 decode=1 dk=1 dv=1 unsafe_vec_after_turbo_v_decode=0 allow_vec=1 kernel=MMA_F16 need_f16_K=0 need_f16_V=0 Knb=[68,544,136,139264] Vnb=[34,272,68,69632] Keff_nb=[2,2048,512,524288] Veff_nb=[2,2048,512,524288]
CUDA_FA_ROUTE_ALLOC kernel=MMA_F16 need_f16_K=0 need_f16_V=0 workspace_end_offset=32768 dst_data=(nil) f16_K=(nil) f16_V=(nil) f16_end=0x8000
CUDA_FA_ROUTE_PLAN device=0 Q=[256,2,16,1] Kraw=turbo4_tcq Vraw=turbo2 Kshape=[256,256,4,1] Vshape=[256,256,4,1] Keff=f16 Veff=f16 turbo_kv=1 prefer_native_vec=0 decode=1 dk=1 dv=1 unsafe_vec_after_turbo_v_decode=0 allow_vec=1 kernel=MMA_F16 need_f16_K=0 need_f16_V=0 Knb=[68,544,136,139264] Vnb=[34,272,68,69632] Keff_nb=[2,2048,512,524288] Veff_nb=[2,2048,512,524288]
CUDA_FA_ROUTE_ALLOC kernel=MMA_F16 need_f16_K=0 need_f16_V=0 workspace_end_offset=32768 dst_data=(nil) f16_K=(nil) f16_V=(nil) f16_end=0x8000
CUDA_FA_ROUTE_PLAN device=0 Q=[256,2,16,1] Kraw=turbo4_tcq Vraw=turbo2 Kshape=[256,256,4,1] Vshape=[256,256,4,1] Keff=f16 Veff=f16 turbo_kv=1 prefer_native_vec=0 decode=1 dk=1 dv=1 unsafe_vec_after_turbo_v_decode=0 allow_vec=1 kernel=MMA_F16 need_f16_K=0 need_f16_V=0 Knb=[68,544,136,139264] Vnb=[34,272,68,69632] Keff_nb=[2,2048,512,524288] Veff_nb=[2,2048,512,524288]
CUDA_FA_ROUTE_ALLOC kernel=MMA_F16 need_f16_K=0 need_f16_V=0 workspace_end_offset=32768 dst_data=(nil) f16_K=(nil) f16_V=(nil) f16_end=0x8000
CUDA_FA_ROUTE_PLAN device=0 Q=[256,2,16,1] Kraw=turbo4_tcq Vraw=turbo2 Kshape=[256,256,4,1] Vshape=[256,256,4,1] Keff=f16 Veff=f16 turbo_kv=1 prefer_native_vec=0 decode=1 dk=1 dv=1 unsafe_vec_after_turbo_v_decode=0 allow_vec=1 kernel=MMA_F16 need_f16_K=0 need_f16_V=0 Knb=[68,544,136,139264] Vnb=[34,272,68,69632] Keff_nb=[2,2048,512,524288] Veff_nb=[2,2048,512,524288]
CUDA_FA_ROUTE_ALLOC kernel=MMA_F16 need_f16_K=0 need_f16_V=0 workspace_end_offset=32768 dst_data=(nil) f16_K=(nil) f16_V=(nil) f16_end=0x8000
CUDA_FA_ROUTE_PLAN device=0 Q=[256,2,16,1] Kraw=turbo4_tcq Vraw=turbo2 Kshape=[256,256,4,1] Vshape=[256,256,4,1] Keff=f16 Veff=f16 turbo_kv=1 prefer_native_vec=0 decode=1 dk=1 dv=1 unsafe_vec_after_turbo_v_decode=0 allow_vec=1 kernel=MMA_F16 need_f16_K=0 need_f16_V=0 Knb=[68,544,136,139264] Vnb=[34,272,68,69632] Keff_nb=[2,2048,512,524288] Veff_nb=[2,2048,512,524288]
CUDA_FA_ROUTE_ALLOC kernel=MMA_F16 need_f16_K=0 need_f16_V=0 workspace_end_offset=32768 dst_data=(nil) f16_K=(nil) f16_V=(nil) f16_end=0x8000
CUDA_FA_ROUTE_PLAN device=0 Q=[256,2,16,1] Kraw=turbo4_tcq Vraw=turbo2 Kshape=[256,256,4,1] Vshape=[256,256,4,1] Keff=f16 Veff=f16 turbo_kv=1 prefer_native_vec=0 decode=1 dk=1 dv=1 unsafe_vec_after_turbo_v_decode=0 allow_vec=1 kernel=MMA_F16 need_f16_K=0 need_f16_V=0 Knb=[68,544,136,139264] Vnb=[34,272,68,69632] Keff_nb=[2,2048,512,524288] Veff_nb=[2,2048,512,524288]
CUDA_FA_ROUTE_ALLOC kernel=MMA_F16 need_f16_K=0 need_f16_V=0 workspace_end_offset=32768 dst_data=(nil) f16_K=(nil) f16_V=(nil) f16_end=0x8000
CUDA_FA_ROUTE_PLAN device=0 Q=[256,2,16,1] Kraw=turbo4_tcq Vraw=turbo2 Kshape=[256,256,4,1] Vshape=[256,256,4,1] Keff=f16 Veff=f16 turbo_kv=1 prefer_native_vec=0 decode=1 dk=1 dv=1 unsafe_vec_after_turbo_v_decode=0 allow_vec=1 kernel=MMA_F16 need_f16_K=0 need_f16_V=0 Knb=[68,544,136,139264] Vnb=[34,272,68,69632] Keff_nb=[2,2048,512,524288] Veff_nb=[2,2048,512,524288]
CUDA_FA_ROUTE_ALLOC kernel=MMA_F16 need_f16_K=0 need_f16_V=0 workspace_end_offset=32768 dst_data=(nil) f16_K=(nil) f16_V=(nil) f16_end=0x8000
CUDA_FA_ROUTE_PLAN device=0 Q=[256,2,16,1] Kraw=turbo4_tcq Vraw=turbo2 Kshape=[256,256,4,1] Vshape=[256,256,4,1] Keff=f16 Veff=f16 turbo_kv=1 prefer_native_vec=0 decode=1 dk=1 dv=1 unsafe_vec_after_turbo_v_decode=0 allow_vec=1 kernel=MMA_F16 need_f16_K=0 need_f16_V=0 Knb=[68,544,136,139264] Vnb=[34,272,68,69632] Keff_nb=[2,2048,512,524288] Veff_nb=[2,2048,512,524288]
CUDA_FA_ROUTE_ALLOC kernel=MMA_F16 need_f16_K=0 need_f16_V=0 workspace_end_offset=32768 dst_data=(nil) f16_K=(nil) f16_V=(nil) f16_end=0x8000
CUDA_FA_ROUTE_PLAN device=0 Q=[256,2,16,1] Kraw=turbo4_tcq Vraw=turbo2 Kshape=[256,256,4,1] Vshape=[256,256,4,1] Keff=f16 Veff=f16 turbo_kv=1 prefer_native_vec=0 decode=1 dk=1 dv=1 unsafe_vec_after_turbo_v_decode=0 allow_vec=1 kernel=MMA_F16 need_f16_K=0 need_f16_V=0 Knb=[68,544,136,139264] Vnb=[34,272,68,69632] Keff_nb=[2,2048,512,524288] Veff_nb=[2,2048,512,524288]
CUDA_FA_ROUTE_ALLOC kernel=MMA_F16 need_f16_K=0 need_f16_V=0 workspace_end_offset=32768 dst_data=(nil) f16_K=(nil) f16_V=(nil) f16_end=0x8000
CUDA_FA_ROUTE_PLAN device=0 Q=[256,2,16,1] Kraw=turbo4_tcq Vraw=turbo2 Kshape=[256,256,4,1] Vshape=[256,256,4,1] Keff=f16 Veff=f16 turbo_kv=1 prefer_native_vec=0 decode=1 dk=1 dv=1 unsafe_vec_after_turbo_v_decode=0 allow_vec=1 kernel=MMA_F16 need_f16_K=0 need_f16_V=0 Knb=[68,544,136,139264] Vnb=[34,272,68,69632] Keff_nb=[2,2048,512,524288] Veff_nb=[2,2048,512,524288]
CUDA_FA_ROUTE_ALLOC kernel=MMA_F16 need_f16_K=0 need_f16_V=0 workspace_end_offset=32768 dst_data=(nil) f16_K=(nil) f16_V=(nil) f16_end=0x8000
CUDA_FA_ROUTE_PLAN device=0 Q=[256,2,16,1] Kraw=turbo4_tcq Vraw=turbo2 Kshape=[256,256,4,1] Vshape=[256,256,4,1] Keff=f16 Veff=f16 turbo_kv=1 prefer_native_vec=0 decode=1 dk=1 dv=1 unsafe_vec_after_turbo_v_decode=0 allow_vec=1 kernel=MMA_F16 need_f16_K=0 need_f16_V=0 Knb=[68,544,136,139264] Vnb=[34,272,68,69632] Keff_nb=[2,2048,512,524288] Veff_nb=[2,2048,512,524288]
CUDA_FA_ROUTE_ALLOC kernel=MMA_F16 need_f16_K=0 need_f16_V=0 workspace_end_offset=32768 dst_data=(nil) f16_K=(nil) f16_V=(nil) f16_end=0x8000
CUDA_FA_ROUTE_PLAN device=0 Q=[256,2,16,1] Kraw=turbo4_tcq Vraw=turbo2 Kshape=[256,256,4,1] Vshape=[256,256,4,1] Keff=f16 Veff=f16 turbo_kv=1 prefer_native_vec=0 decode=1 dk=1 dv=1 unsafe_vec_after_turbo_v_decode=0 allow_vec=1 kernel=MMA_F16 need_f16_K=0 need_f16_V=0 Knb=[68,544,136,139264] Vnb=[34,272,68,69632] Keff_nb=[2,2048,512,524288] Veff_nb=[2,2048,512,524288]
CUDA_FA_ROUTE_ALLOC kernel=MMA_F16 need_f16_K=0 need_f16_V=0 workspace_end_offset=32768 dst_data=(nil) f16_K=(nil) f16_V=(nil) f16_end=0x8000
CUDA_FA_ROUTE_PLAN device=0 Q=[256,2,16,1] Kraw=turbo4_tcq Vraw=turbo2 Kshape=[256,256,4,1] Vshape=[256,256,4,1] Keff=f16 Veff=f16 turbo_kv=1 prefer_native_vec=0 decode=1 dk=1 dv=1 unsafe_vec_after_turbo_v_decode=0 allow_vec=1 kernel=MMA_F16 need_f16_K=0 need_f16_V=0 Knb=[68,544,136,139264] Vnb=[34,272,68,69632] Keff_nb=[2,2048,512,524288] Veff_nb=[2,2048,512,524288]
CUDA_FA_ROUTE_ALLOC kernel=MMA_F16 need_f16_K=0 need_f16_V=0 workspace_end_offset=32768 dst_data=(nil) f16_K=(nil) f16_V=(nil) f16_end=0x8000
CUDA_FA_ROUTE_PLAN device=0 Q=[256,2,16,1] Kraw=turbo4_tcq Vraw=turbo2 Kshape=[256,256,4,1] Vshape=[256,256,4,1] Keff=f16 Veff=f16 turbo_kv=1 prefer_native_vec=0 decode=1 dk=1 dv=1 unsafe_vec_after_turbo_v_decode=0 allow_vec=1 kernel=MMA_F16 need_f16_K=0 need_f16_V=0 Knb=[68,544,136,139264] Vnb=[34,272,68,69632] Keff_nb=[2,2048,512,524288] Veff_nb=[2,2048,512,524288]
CUDA_FA_ROUTE_ALLOC kernel=MMA_F16 need_f16_K=0 need_f16_V=0 workspace_end_offset=32768 dst_data=(nil) f16_K=(nil) f16_V=(nil) f16_end=0x8000
CUDA_FA_ROUTE_PLAN device=0 Q=[256,2,16,1] Kraw=turbo4_tcq Vraw=turbo2 Kshape=[256,256,4,1] Vshape=[256,256,4,1] Keff=f16 Veff=f16 turbo_kv=1 prefer_native_vec=0 decode=1 dk=1 dv=1 unsafe_vec_after_turbo_v_decode=0 allow_vec=1 kernel=MMA_F16 need_f16_K=0 need_f16_V=0 Knb=[68,544,136,139264] Vnb=[34,272,68,69632] Keff_nb=[2,2048,512,524288] Veff_nb=[2,2048,512,524288]
CUDA_FA_ROUTE_ALLOC kernel=MMA_F16 need_f16_K=0 need_f16_V=0 workspace_end_offset=32768 dst_data=(nil) f16_K=(nil) f16_V=(nil) f16_end=0x8000
CUDA_FA_ROUTE_PLAN device=0 Q=[256,2,16,1] Kraw=turbo4_tcq Vraw=turbo2 Kshape=[256,256,4,1] Vshape=[256,256,4,1] Keff=f16 Veff=f16 turbo_kv=1 prefer_native_vec=0 decode=1 dk=1 dv=1 unsafe_vec_after_turbo_v_decode=0 allow_vec=1 kernel=MMA_F16 need_f16_K=0 need_f16_V=0 Knb=[68,544,136,139264] Vnb=[34,272,68,69632] Keff_nb=[2,2048,512,524288] Veff_nb=[2,2048,512,524288]
CUDA_FA_ROUTE_ALLOC kernel=MMA_F16 need_f16_K=0 need_f16_V=0 workspace_end_offset=32768 dst_data=(nil) f16_K=(nil) f16_V=(nil) f16_end=0x8000
CUDA_FA_ROUTE_PLAN device=0 Q=[256,2,16,1] Kraw=turbo4_tcq Vraw=turbo2 Kshape=[256,256,4,1] Vshape=[256,256,4,1] Keff=f16 Veff=f16 turbo_kv=1 prefer_native_vec=0 decode=1 dk=1 dv=1 unsafe_vec_after_turbo_v_decode=0 allow_vec=1 kernel=MMA_F16 need_f16_K=0 need_f16_V=0 Knb=[68,544,136,139264] Vnb=[34,272,68,69632] Keff_nb=[2,2048,512,524288] Veff_nb=[2,2048,512,524288]
CUDA_FA_ROUTE_ALLOC kernel=MMA_F16 need_f16_K=0 need_f16_V=0 workspace_end_offset=32768 dst_data=(nil) f16_K=(nil) f16_V=(nil) f16_end=0x8000
CUDA_FA_ROUTE_PLAN device=0 Q=[256,2,16,1] Kraw=turbo4_tcq Vraw=turbo2 Kshape=[256,256,4,1] Vshape=[256,256,4,1] Keff=f16 Veff=f16 turbo_kv=1 prefer_native_vec=0 decode=1 dk=1 dv=1 unsafe_vec_after_turbo_v_decode=0 allow_vec=1 kernel=MMA_F16 need_f16_K=0 need_f16_V=0 Knb=[68,544,136,139264] Vnb=[34,272,68,69632] Keff_nb=[2,2048,512,524288] Veff_nb=[2,2048,512,524288]
CUDA_FA_ROUTE_ALLOC kernel=MMA_F16 need_f16_K=0 need_f16_V=0 workspace_end_offset=32768 dst_data=(nil) f16_K=(nil) f16_V=(nil) f16_end=0x8000
CUDA_FA_ROUTE_PLAN device=0 Q=[256,2,16,1] Kraw=turbo4_tcq Vraw=turbo2 Kshape=[256,256,4,1] Vshape=[256,256,4,1] Keff=f16 Veff=f16 turbo_kv=1 prefer_native_vec=0 decode=1 dk=1 dv=1 unsafe_vec_after_turbo_v_decode=0 allow_vec=1 kernel=MMA_F16 need_f16_K=0 need_f16_V=0 Knb=[68,544,136,139264] Vnb=[34,272,68,69632] Keff_nb=[2,2048,512,524288] Veff_nb=[2,2048,512,524288]
CUDA_FA_ROUTE_ALLOC kernel=MMA_F16 need_f16_K=0 need_f16_V=0 workspace_end_offset=32768 dst_data=(nil) f16_K=(nil) f16_V=(nil) f16_end=0x8000
CUDA_FA_ROUTE_PLAN device=0 Q=[256,2,16,1] Kraw=turbo4_tcq Vraw=turbo2 Kshape=[256,256,4,1] Vshape=[256,256,4,1] Keff=f16 Veff=f16 turbo_kv=1 prefer_native_vec=0 decode=1 dk=1 dv=1 unsafe_vec_after_turbo_v_decode=0 allow_vec=1 kernel=MMA_F16 need_f16_K=0 need_f16_V=0 Knb=[68,544,136,139264] Vnb=[34,272,68,69632] Keff_nb=[2,2048,512,524288] Veff_nb=[2,2048,512,524288]
CUDA_FA_ROUTE_ALLOC kernel=MMA_F16 need_f16_K=0 need_f16_V=0 workspace_end_offset=32768 dst_data=(nil) f16_K=(nil) f16_V=(nil) f16_end=0x8000
CUDA_FA_ROUTE_PLAN device=0 Q=[256,2,16,1] Kraw=turbo4_tcq Vraw=turbo2 Kshape=[256,256,4,1] Vshape=[256,256,4,1] Keff=f16 Veff=f16 turbo_kv=1 prefer_native_vec=0 decode=1 dk=1 dv=1 unsafe_vec_after_turbo_v_decode=0 allow_vec=1 kernel=MMA_F16 need_f16_K=0 need_f16_V=0 Knb=[68,544,136,139264] Vnb=[34,272,68,69632] Keff_nb=[2,2048,512,524288] Veff_nb=[2,2048,512,524288]
CUDA_FA_ROUTE_ALLOC kernel=MMA_F16 need_f16_K=0 need_f16_V=0 workspace_end_offset=32768 dst_data=(nil) f16_K=(nil) f16_V=(nil) f16_end=0x8000
CUDA_FA_ROUTE_PLAN device=0 Q=[256,2,16,1] Kraw=turbo4_tcq Vraw=turbo2 Kshape=[256,256,4,1] Vshape=[256,256,4,1] Keff=f16 Veff=f16 turbo_kv=1 prefer_native_vec=0 decode=1 dk=1 dv=1 unsafe_vec_after_turbo_v_decode=0 allow_vec=1 kernel=MMA_F16 need_f16_K=0 need_f16_V=0 Knb=[68,544,136,139264] Vnb=[34,272,68,69632] Keff_nb=[2,2048,512,524288] Veff_nb=[2,2048,512,524288]
CUDA_FA_ROUTE_ALLOC kernel=MMA_F16 need_f16_K=0 need_f16_V=0 workspace_end_offset=32768 dst_data=(nil) f16_K=(nil) f16_V=(nil) f16_end=0x8000
CUDA_FA_ROUTE_PLAN device=0 Q=[256,2,16,1] Kraw=turbo4_tcq Vraw=turbo2 Kshape=[256,256,4,1] Vshape=[256,256,4,1] Keff=f16 Veff=f16 turbo_kv=1 prefer_native_vec=0 decode=1 dk=1 dv=1 unsafe_vec_after_turbo_v_decode=0 allow_vec=1 kernel=MMA_F16 need_f16_K=0 need_f16_V=0 Knb=[68,544,136,139264] Vnb=[34,272,68,69632] Keff_nb=[2,2048,512,524288] Veff_nb=[2,2048,512,524288]
CUDA_FA_ROUTE_ALLOC kernel=MMA_F16 need_f16_K=0 need_f16_V=0 workspace_end_offset=32768 dst_data=(nil) f16_K=(nil) f16_V=(nil) f16_end=0x8000
CUDA_FA_ROUTE_PLAN device=0 Q=[256,2,16,1] Kraw=turbo4_tcq Vraw=turbo2 Kshape=[256,256,4,1] Vshape=[256,256,4,1] Keff=f16 Veff=f16 turbo_kv=1 prefer_native_vec=0 decode=1 dk=1 dv=1 unsafe_vec_after_turbo_v_decode=0 allow_vec=1 kernel=MMA_F16 need_f16_K=0 need_f16_V=0 Knb=[68,544,136,139264] Vnb=[34,272,68,69632] Keff_nb=[2,2048,512,524288] Veff_nb=[2,2048,512,524288]
CUDA_FA_ROUTE_ALLOC kernel=MMA_F16 need_f16_K=0 need_f16_V=0 workspace_end_offset=32768 dst_data=(nil) f16_K=(nil) f16_V=(nil) f16_end=0x8000
CUDA_FA_ROUTE_PLAN device=0 Q=[256,2,16,1] Kraw=turbo4_tcq Vraw=turbo2 Kshape=[256,256,4,1] Vshape=[256,256,4,1] Keff=f16 Veff=f16 turbo_kv=1 prefer_native_vec=0 decode=1 dk=1 dv=1 unsafe_vec_after_turbo_v_decode=0 allow_vec=1 kernel=MMA_F16 need_f16_K=0 need_f16_V=0 Knb=[68,544,136,139264] Vnb=[34,272,68,69632] Keff_nb=[2,2048,512,524288] Veff_nb=[2,2048,512,524288]
CUDA_FA_ROUTE_ALLOC kernel=MMA_F16 need_f16_K=0 need_f16_V=0 workspace_end_offset=32768 dst_data=(nil) f16_K=(nil) f16_V=(nil) f16_end=0x8000
CUDA_FA_ROUTE_PLAN device=0 Q=[256,2,16,1] Kraw=turbo4_tcq Vraw=turbo2 Kshape=[256,256,4,1] Vshape=[256,256,4,1] Keff=f16 Veff=f16 turbo_kv=1 prefer_native_vec=0 decode=1 dk=1 dv=1 unsafe_vec_after_turbo_v_decode=0 allow_vec=1 kernel=MMA_F16 need_f16_K=0 need_f16_V=0 Knb=[68,544,136,139264] Vnb=[34,272,68,69632] Keff_nb=[2,2048,512,524288] Veff_nb=[2,2048,512,524288]
CUDA_FA_ROUTE_ALLOC kernel=MMA_F16 need_f16_K=0 need_f16_V=0 workspace_end_offset=32768 dst_data=(nil) f16_K=(nil) f16_V=(nil) f16_end=0x8000
CUDA_FA_ROUTE_PLAN device=0 Q=[256,2,16,1] Kraw=turbo4_tcq Vraw=turbo2 Kshape=[256,256,4,1] Vshape=[256,256,4,1] Keff=f16 Veff=f16 turbo_kv=1 prefer_native_vec=0 decode=1 dk=1 dv=1 unsafe_vec_after_turbo_v_decode=0 allow_vec=1 kernel=MMA_F16 need_f16_K=0 need_f16_V=0 Knb=[68,544,136,139264] Vnb=[34,272,68,69632] Keff_nb=[2,2048,512,524288] Veff_nb=[2,2048,512,524288]
CUDA_FA_ROUTE_ALLOC kernel=MMA_F16 need_f16_K=0 need_f16_V=0 workspace_end_offset=32768 dst_data=(nil) f16_K=(nil) f16_V=(nil) f16_end=0x8000
CUDA_FA_ROUTE_PLAN device=0 Q=[256,2,16,1] Kraw=turbo4_tcq Vraw=turbo2 Kshape=[256,256,4,1] Vshape=[256,256,4,1] Keff=f16 Veff=f16 turbo_kv=1 prefer_native_vec=0 decode=1 dk=1 dv=1 unsafe_vec_after_turbo_v_decode=0 allow_vec=1 kernel=MMA_F16 need_f16_K=0 need_f16_V=0 Knb=[68,544,136,139264] Vnb=[34,272,68,69632] Keff_nb=[2,2048,512,524288] Veff_nb=[2,2048,512,524288]
CUDA_FA_ROUTE_ALLOC kernel=MMA_F16 need_f16_K=0 need_f16_V=0 workspace_end_offset=32768 dst_data=(nil) f16_K=(nil) f16_V=(nil) f16_end=0x8000
CUDA_FA_ROUTE_PLAN device=0 Q=[256,2,16,1] Kraw=turbo4_tcq Vraw=turbo2 Kshape=[256,256,4,1] Vshape=[256,256,4,1] Keff=f16 Veff=f16 turbo_kv=1 prefer_native_vec=0 decode=1 dk=1 dv=1 unsafe_vec_after_turbo_v_decode=0 allow_vec=1 kernel=MMA_F16 need_f16_K=0 need_f16_V=0 Knb=[68,544,136,139264] Vnb=[34,272,68,69632] Keff_nb=[2,2048,512,524288] Veff_nb=[2,2048,512,524288]
CUDA_FA_ROUTE_ALLOC kernel=MMA_F16 need_f16_K=0 need_f16_V=0 workspace_end_offset=32768 dst_data=(nil) f16_K=(nil) f16_V=(nil) f16_end=0x8000
CUDA_FA_ROUTE_PLAN device=0 Q=[256,2,16,1] Kraw=turbo4_tcq Vraw=turbo2 Kshape=[256,256,4,1] Vshape=[256,256,4,1] Keff=f16 Veff=f16 turbo_kv=1 prefer_native_vec=0 decode=1 dk=1 dv=1 unsafe_vec_after_turbo_v_decode=0 allow_vec=1 kernel=MMA_F16 need_f16_K=0 need_f16_V=0 Knb=[68,544,136,139264] Vnb=[34,272,68,69632] Keff_nb=[2,2048,512,524288] Veff_nb=[2,2048,512,524288]
CUDA_FA_ROUTE_ALLOC kernel=MMA_F16 need_f16_K=0 need_f16_V=0 workspace_end_offset=32768 dst_data=(nil) f16_K=(nil) f16_V=(nil) f16_end=0x8000
TCQ: encode V alpha=1.0 (context-adaptive decode-time alpha active)
TCQ4 encode: using shared-memory backtrace (8192 bytes/block)
CUDA_FA_ROUTE_PLAN device=0 Q=[256,2,16,1] Kraw=turbo4_tcq Vraw=turbo2 Kshape=[256,256,4,1] Vshape=[256,256,4,1] Keff=f16 Veff=f16 turbo_kv=1 prefer_native_vec=0 decode=1 dk=1 dv=1 unsafe_vec_after_turbo_v_decode=0 allow_vec=1 kernel=MMA_F16 need_f16_K=0 need_f16_V=0 Knb=[68,544,136,139264] Vnb=[34,272,68,69632] Keff_nb=[2,2048,512,524288] Veff_nb=[2,2048,512,524288]
GGML_TURBO_FA_DEBUG: path=prefill-dequant K=turbo4_tcq V=turbo2 Q=[256,2,16,1] K=[256,256,4,1] V=[256,256,4,1]
TCQ decode: context-adaptive V alpha enabled
CUDA_FA_ROUTE_PLAN device=0 Q=[256,2,16,1] Kraw=turbo4_tcq Vraw=turbo2 Kshape=[256,256,4,1] Vshape=[256,256,4,1] Keff=f16 Veff=f16 turbo_kv=1 prefer_native_vec=0 decode=1 dk=1 dv=1 unsafe_vec_after_turbo_v_decode=0 allow_vec=1 kernel=MMA_F16 need_f16_K=0 need_f16_V=0 Knb=[68,544,136,139264] Vnb=[34,272,68,69632] Keff_nb=[2,2048,512,524288] Veff_nb=[2,2048,512,524288]
GGML_TURBO_FA_DEBUG: path=prefill-dequant K=turbo4_tcq V=turbo2 Q=[256,2,16,1] K=[256,256,4,1] V=[256,256,4,1]
CUDA_FA_ROUTE_PLAN device=0 Q=[256,2,16,1] Kraw=turbo4_tcq Vraw=turbo2 Kshape=[256,256,4,1] Vshape=[256,256,4,1] Keff=f16 Veff=f16 turbo_kv=1 prefer_native_vec=0 decode=1 dk=1 dv=1 unsafe_vec_after_turbo_v_decode=0 allow_vec=1 kernel=MMA_F16 need_f16_K=0 need_f16_V=0 Knb=[68,544,136,139264] Vnb=[34,272,68,69632] Keff_nb=[2,2048,512,524288] Veff_nb=[2,2048,512,524288]
GGML_TURBO_FA_DEBUG: path=prefill-dequant K=turbo4_tcq V=turbo2 Q=[256,2,16,1] K=[256,256,4,1] V=[256,256,4,1]
CUDA_FA_ROUTE_PLAN device=0 Q=[256,2,16,1] Kraw=turbo4_tcq Vraw=turbo2 Kshape=[256,256,4,1] Vshape=[256,256,4,1] Keff=f16 Veff=f16 turbo_kv=1 prefer_native_vec=0 decode=1 dk=1 dv=1 unsafe_vec_after_turbo_v_decode=0 allow_vec=1 kernel=MMA_F16 need_f16_K=0 need_f16_V=0 Knb=[68,544,136,139264] Vnb=[34,272,68,69632] Keff_nb=[2,2048,512,524288] Veff_nb=[2,2048,512,524288]
GGML_TURBO_FA_DEBUG: path=prefill-dequant K=turbo4_tcq V=turbo2 Q=[256,2,16,1] K=[256,256,4,1] V=[256,256,4,1]
CUDA_FA_ROUTE_PLAN device=0 Q=[256,2,16,1] Kraw=turbo4_tcq Vraw=turbo2 Kshape=[256,256,4,1] Vshape=[256,256,4,1] Keff=f16 Veff=f16 turbo_kv=1 prefer_native_vec=0 decode=1 dk=1 dv=1 unsafe_vec_after_turbo_v_decode=0 allow_vec=1 kernel=MMA_F16 need_f16_K=0 need_f16_V=0 Knb=[68,544,136,139264] Vnb=[34,272,68,69632] Keff_nb=[2,2048,512,524288] Veff_nb=[2,2048,512,524288]
GGML_TURBO_FA_DEBUG: path=prefill-dequant K=turbo4_tcq V=turbo2 Q=[256,2,16,1] K=[256,256,4,1] V=[256,256,4,1]
CUDA_FA_ROUTE_PLAN device=0 Q=[256,2,16,1] Kraw=turbo4_tcq Vraw=turbo2 Kshape=[256,256,4,1] Vshape=[256,256,4,1] Keff=f16 Veff=f16 turbo_kv=1 prefer_native_vec=0 decode=1 dk=1 dv=1 unsafe_vec_after_turbo_v_decode=0 allow_vec=1 kernel=MMA_F16 need_f16_K=0 need_f16_V=0 Knb=[68,544,136,139264] Vnb=[34,272,68,69632] Keff_nb=[2,2048,512,524288] Veff_nb=[2,2048,512,524288]
GGML_TURBO_FA_DEBUG: path=prefill-dequant K=turbo4_tcq V=turbo2 Q=[256,2,16,1] K=[256,256,4,1] V=[256,256,4,1]
CUDA_FA_ROUTE_PLAN device=0 Q=[256,2,16,1] Kraw=turbo4_tcq Vraw=turbo2 Kshape=[256,256,4,1] Vshape=[256,256,4,1] Keff=f16 Veff=f16 turbo_kv=1 prefer_native_vec=0 decode=1 dk=1 dv=1 unsafe_vec_after_turbo_v_decode=0 allow_vec=1 kernel=MMA_F16 need_f16_K=0 need_f16_V=0 Knb=[68,544,136,139264] Vnb=[34,272,68,69632] Keff_nb=[2,2048,512,524288] Veff_nb=[2,2048,512,524288]
GGML_TURBO_FA_DEBUG: path=prefill-dequant K=turbo4_tcq V=turbo2 Q=[256,2,16,1] K=[256,256,4,1] V=[256,256,4,1]
CUDA_FA_ROUTE_PLAN device=0 Q=[256,2,16,1] Kraw=turbo4_tcq Vraw=turbo2 Kshape=[256,256,4,1] Vshape=[256,256,4,1] Keff=f16 Veff=f16 turbo_kv=1 prefer_native_vec=0 decode=1 dk=1 dv=1 unsafe_vec_after_turbo_v_decode=0 allow_vec=1 kernel=MMA_F16 need_f16_K=0 need_f16_V=0 Knb=[68,544,136,139264] Vnb=[34,272,68,69632] Keff_nb=[2,2048,512,524288] Veff_nb=[2,2048,512,524288]
GGML_TURBO_FA_DEBUG: path=prefill-dequant K=turbo4_tcq V=turbo2 Q=[256,2,16,1] K=[256,256,4,1] V=[256,256,4,1]
0.02.889.218 I llama_completion: llama threadpool init, n_threads = 6
0.02.889.249 I 
0.02.889.312 I system_info: n_threads = 6 (n_threads_batch = 6) / 12 | CUDA : ARCHS = 860 | USE_GRAPHS = 1 | CPU : SSE3 = 1 | SSSE3 = 1 | AVX = 1 | AVX_VNNI = 1 | AVX2 = 1 | F16C = 1 | FMA = 1 | BMI2 = 1 | LLAMAFILE = 1 | OPENMP = 1 | REPACK = 1 | 
0.02.889.316 I 
0.02.889.405 I sampler seed: 1647977079
0.02.889.420 I sampler params: 
	repeat_last_n = 64, repeat_penalty = 1.000, frequency_penalty = 0.000, presence_penalty = 0.000
	dry_multiplier = 0.000, dry_base = 1.750, dry_allowed_length = 2, dry_penalty_last_n = -1
	top_k = 40, top_p = 0.950, min_p = 0.050, xtc_probability = 0.000, xtc_threshold = 0.100, typical_p = 1.000, top_n_sigma = -1.000, temp = 0.800
	mirostat = 0, mirostat_lr = 0.100, mirostat_ent = 5.000, adaptive_target = -1.000, adaptive_decay = 0.900
0.02.889.429 I sampler chain: logits -> ?penalties -> ?dry -> ?top-n-sigma -> top-k -> ?typical -> top-p -> min-p -> ?xtc -> temp-ext -> dist 
0.02.889.430 I generate: n_ctx = 256, n_batch = 2048, n_predict = 2, n_keep = 0
0.02.889.430 I 
The capital of France isCUDA_FA_ROUTE_PLAN device=0 Q=[256,5,16,1] Kraw=turbo4_tcq Vraw=turbo2 Kshape=[256,256,4,1] Vshape=[256,256,4,1] Keff=f16 Veff=f16 turbo_kv=1 prefer_native_vec=0 decode=1 dk=1 dv=1 unsafe_vec_after_turbo_v_decode=0 allow_vec=1 kernel=MMA_F16 need_f16_K=0 need_f16_V=0 Knb=[68,544,136,139264] Vnb=[34,272,68,69632] Keff_nb=[2,2048,512,524288] Veff_nb=[2,2048,512,524288]
CUDA_FA_ROUTE_SUPPORTED kernel=MMA_F16 effK=f16 effV=f16 supported=1
CUDA_FA_ROUTE_PLAN device=0 Q=[256,5,16,1] Kraw=turbo4_tcq Vraw=turbo2 Kshape=[256,256,4,1] Vshape=[256,256,4,1] Keff=f16 Veff=f16 turbo_kv=1 prefer_native_vec=0 decode=1 dk=1 dv=1 unsafe_vec_after_turbo_v_decode=0 allow_vec=1 kernel=MMA_F16 need_f16_K=0 need_f16_V=0 Knb=[68,544,136,139264] Vnb=[34,272,68,69632] Keff_nb=[2,2048,512,524288] Veff_nb=[2,2048,512,524288]
CUDA_FA_ROUTE_SUPPORTED kernel=MMA_F16 effK=f16 effV=f16 supported=1
CUDA_FA_ROUTE_PLAN device=0 Q=[256,5,16,1] Kraw=turbo4_tcq Vraw=turbo2 Kshape=[256,256,4,1] Vshape=[256,256,4,1] Keff=f16 Veff=f16 turbo_kv=1 prefer_native_vec=0 decode=1 dk=1 dv=1 unsafe_vec_after_turbo_v_decode=0 allow_vec=1 kernel=MMA_F16 need_f16_K=0 need_f16_V=0 Knb=[68,544,136,139264] Vnb=[34,272,68,69632] Keff_nb=[2,2048,512,524288] Veff_nb=[2,2048,512,524288]
CUDA_FA_ROUTE_SUPPORTED kernel=MMA_F16 effK=f16 effV=f16 supported=1
CUDA_FA_ROUTE_PLAN device=0 Q=[256,5,16,1] Kraw=turbo4_tcq Vraw=turbo2 Kshape=[256,256,4,1] Vshape=[256,256,4,1] Keff=f16 Veff=f16 turbo_kv=1 prefer_native_vec=0 decode=1 dk=1 dv=1 unsafe_vec_after_turbo_v_decode=0 allow_vec=1 kernel=MMA_F16 need_f16_K=0 need_f16_V=0 Knb=[68,544,136,139264] Vnb=[34,272,68,69632] Keff_nb=[2,2048,512,524288] Veff_nb=[2,2048,512,524288]
CUDA_FA_ROUTE_SUPPORTED kernel=MMA_F16 effK=f16 effV=f16 supported=1
CUDA_FA_ROUTE_PLAN device=0 Q=[256,5,16,1] Kraw=turbo4_tcq Vraw=turbo2 Kshape=[256,256,4,1] Vshape=[256,256,4,1] Keff=f16 Veff=f16 turbo_kv=1 prefer_native_vec=0 decode=1 dk=1 dv=1 unsafe_vec_after_turbo_v_decode=0 allow_vec=1 kernel=MMA_F16 need_f16_K=0 need_f16_V=0 Knb=[68,544,136,139264] Vnb=[34,272,68,69632] Keff_nb=[2,2048,512,524288] Veff_nb=[2,2048,512,524288]
CUDA_FA_ROUTE_SUPPORTED kernel=MMA_F16 effK=f16 effV=f16 supported=1
CUDA_FA_ROUTE_PLAN device=0 Q=[256,5,16,1] Kraw=turbo4_tcq Vraw=turbo2 Kshape=[256,256,4,1] Vshape=[256,256,4,1] Keff=f16 Veff=f16 turbo_kv=1 prefer_native_vec=0 decode=1 dk=1 dv=1 unsafe_vec_after_turbo_v_decode=0 allow_vec=1 kernel=MMA_F16 need_f16_K=0 need_f16_V=0 Knb=[68,544,136,139264] Vnb=[34,272,68,69632] Keff_nb=[2,2048,512,524288] Veff_nb=[2,2048,512,524288]
CUDA_FA_ROUTE_SUPPORTED kernel=MMA_F16 effK=f16 effV=f16 supported=1
CUDA_FA_ROUTE_PLAN device=0 Q=[256,5,16,1] Kraw=turbo4_tcq Vraw=turbo2 Kshape=[256,256,4,1] Vshape=[256,256,4,1] Keff=f16 Veff=f16 turbo_kv=1 prefer_native_vec=0 decode=1 dk=1 dv=1 unsafe_vec_after_turbo_v_decode=0 allow_vec=1 kernel=MMA_F16 need_f16_K=0 need_f16_V=0 Knb=[68,544,136,139264] Vnb=[34,272,68,69632] Keff_nb=[2,2048,512,524288] Veff_nb=[2,2048,512,524288]
CUDA_FA_ROUTE_SUPPORTED kernel=MMA_F16 effK=f16 effV=f16 supported=1
CUDA_FA_ROUTE_PLAN device=0 Q=[256,5,16,1] Kraw=turbo4_tcq Vraw=turbo2 Kshape=[256,256,4,1] Vshape=[256,256,4,1] Keff=f16 Veff=f16 turbo_kv=1 prefer_native_vec=0 decode=1 dk=1 dv=1 unsafe_vec_after_turbo_v_decode=0 allow_vec=1 kernel=MMA_F16 need_f16_K=0 need_f16_V=0 Knb=[68,544,136,139264] Vnb=[34,272,68,69632] Keff_nb=[2,2048,512,524288] Veff_nb=[2,2048,512,524288]
CUDA_FA_ROUTE_SUPPORTED kernel=MMA_F16 effK=f16 effV=f16 supported=1
CUDA_FA_ROUTE_PLAN device=0 Q=[256,5,16,1] Kraw=turbo4_tcq Vraw=turbo2 Kshape=[256,256,4,1] Vshape=[256,256,4,1] Keff=f16 Veff=f16 turbo_kv=1 prefer_native_vec=0 decode=1 dk=1 dv=1 unsafe_vec_after_turbo_v_decode=0 allow_vec=1 kernel=MMA_F16 need_f16_K=0 need_f16_V=0 Knb=[68,544,136,139264] Vnb=[34,272,68,69632] Keff_nb=[2,2048,512,524288] Veff_nb=[2,2048,512,524288]
CUDA_FA_ROUTE_ALLOC kernel=MMA_F16 need_f16_K=0 need_f16_V=0 workspace_end_offset=81920 dst_data=(nil) f16_K=(nil) f16_V=(nil) f16_end=0x14000
CUDA_FA_ROUTE_PLAN device=0 Q=[256,5,16,1] Kraw=turbo4_tcq Vraw=turbo2 Kshape=[256,256,4,1] Vshape=[256,256,4,1] Keff=f16 Veff=f16 turbo_kv=1 prefer_native_vec=0 decode=1 dk=1 dv=1 unsafe_vec_after_turbo_v_decode=0 allow_vec=1 kernel=MMA_F16 need_f16_K=0 need_f16_V=0 Knb=[68,544,136,139264] Vnb=[34,272,68,69632] Keff_nb=[2,2048,512,524288] Veff_nb=[2,2048,512,524288]
CUDA_FA_ROUTE_ALLOC kernel=MMA_F16 need_f16_K=0 need_f16_V=0 workspace_end_offset=81920 dst_data=(nil) f16_K=(nil) f16_V=(nil) f16_end=0x14000
CUDA_FA_ROUTE_PLAN device=0 Q=[256,5,16,1] Kraw=turbo4_tcq Vraw=turbo2 Kshape=[256,256,4,1] Vshape=[256,256,4,1] Keff=f16 Veff=f16 turbo_kv=1 prefer_native_vec=0 decode=1 dk=1 dv=1 unsafe_vec_after_turbo_v_decode=0 allow_vec=1 kernel=MMA_F16 need_f16_K=0 need_f16_V=0 Knb=[68,544,136,139264] Vnb=[34,272,68,69632] Keff_nb=[2,2048,512,524288] Veff_nb=[2,2048,512,524288]
CUDA_FA_ROUTE_ALLOC kernel=MMA_F16 need_f16_K=0 need_f16_V=0 workspace_end_offset=81920 dst_data=(nil) f16_K=(nil) f16_V=(nil) f16_end=0x14000
CUDA_FA_ROUTE_PLAN device=0 Q=[256,5,16,1] Kraw=turbo4_tcq Vraw=turbo2 Kshape=[256,256,4,1] Vshape=[256,256,4,1] Keff=f16 Veff=f16 turbo_kv=1 prefer_native_vec=0 decode=1 dk=1 dv=1 unsafe_vec_after_turbo_v_decode=0 allow_vec=1 kernel=MMA_F16 need_f16_K=0 need_f16_V=0 Knb=[68,544,136,139264] Vnb=[34,272,68,69632] Keff_nb=[2,2048,512,524288] Veff_nb=[2,2048,512,524288]
CUDA_FA_ROUTE_ALLOC kernel=MMA_F16 need_f16_K=0 need_f16_V=0 workspace_end_offset=81920 dst_data=(nil) f16_K=(nil) f16_V=(nil) f16_end=0x14000
CUDA_FA_ROUTE_PLAN device=0 Q=[256,5,16,1] Kraw=turbo4_tcq Vraw=turbo2 Kshape=[256,256,4,1] Vshape=[256,256,4,1] Keff=f16 Veff=f16 turbo_kv=1 prefer_native_vec=0 decode=1 dk=1 dv=1 unsafe_vec_after_turbo_v_decode=0 allow_vec=1 kernel=MMA_F16 need_f16_K=0 need_f16_V=0 Knb=[68,544,136,139264] Vnb=[34,272,68,69632] Keff_nb=[2,2048,512,524288] Veff_nb=[2,2048,512,524288]
CUDA_FA_ROUTE_ALLOC kernel=MMA_F16 need_f16_K=0 need_f16_V=0 workspace_end_offset=81920 dst_data=(nil) f16_K=(nil) f16_V=(nil) f16_end=0x14000
CUDA_FA_ROUTE_PLAN device=0 Q=[256,5,16,1] Kraw=turbo4_tcq Vraw=turbo2 Kshape=[256,256,4,1] Vshape=[256,256,4,1] Keff=f16 Veff=f16 turbo_kv=1 prefer_native_vec=0 decode=1 dk=1 dv=1 unsafe_vec_after_turbo_v_decode=0 allow_vec=1 kernel=MMA_F16 need_f16_K=0 need_f16_V=0 Knb=[68,544,136,139264] Vnb=[34,272,68,69632] Keff_nb=[2,2048,512,524288] Veff_nb=[2,2048,512,524288]
CUDA_FA_ROUTE_ALLOC kernel=MMA_F16 need_f16_K=0 need_f16_V=0 workspace_end_offset=81920 dst_data=(nil) f16_K=(nil) f16_V=(nil) f16_end=0x14000
CUDA_FA_ROUTE_PLAN device=0 Q=[256,5,16,1] Kraw=turbo4_tcq Vraw=turbo2 Kshape=[256,256,4,1] Vshape=[256,256,4,1] Keff=f16 Veff=f16 turbo_kv=1 prefer_native_vec=0 decode=1 dk=1 dv=1 unsafe_vec_after_turbo_v_decode=0 allow_vec=1 kernel=MMA_F16 need_f16_K=0 need_f16_V=0 Knb=[68,544,136,139264] Vnb=[34,272,68,69632] Keff_nb=[2,2048,512,524288] Veff_nb=[2,2048,512,524288]
CUDA_FA_ROUTE_ALLOC kernel=MMA_F16 need_f16_K=0 need_f16_V=0 workspace_end_offset=81920 dst_data=(nil) f16_K=(nil) f16_V=(nil) f16_end=0x14000
CUDA_FA_ROUTE_PLAN device=0 Q=[256,5,16,1] Kraw=turbo4_tcq Vraw=turbo2 Kshape=[256,256,4,1] Vshape=[256,256,4,1] Keff=f16 Veff=f16 turbo_kv=1 prefer_native_vec=0 decode=1 dk=1 dv=1 unsafe_vec_after_turbo_v_decode=0 allow_vec=1 kernel=MMA_F16 need_f16_K=0 need_f16_V=0 Knb=[68,544,136,139264] Vnb=[34,272,68,69632] Keff_nb=[2,2048,512,524288] Veff_nb=[2,2048,512,524288]
CUDA_FA_ROUTE_ALLOC kernel=MMA_F16 need_f16_K=0 need_f16_V=0 workspace_end_offset=81920 dst_data=(nil) f16_K=(nil) f16_V=(nil) f16_end=0x14000
CUDA_FA_ROUTE_PLAN device=0 Q=[256,5,16,1] Kraw=turbo4_tcq Vraw=turbo2 Kshape=[256,256,4,1] Vshape=[256,256,4,1] Keff=f16 Veff=f16 turbo_kv=1 prefer_native_vec=0 decode=1 dk=1 dv=1 unsafe_vec_after_turbo_v_decode=0 allow_vec=1 kernel=MMA_F16 need_f16_K=0 need_f16_V=0 Knb=[68,544,136,139264] Vnb=[34,272,68,69632] Keff_nb=[2,2048,512,524288] Veff_nb=[2,2048,512,524288]
CUDA_FA_ROUTE_ALLOC kernel=MMA_F16 need_f16_K=0 need_f16_V=0 workspace_end_offset=81920 dst_data=(nil) f16_K=(nil) f16_V=(nil) f16_end=0x14000
CUDA_FA_ROUTE_PLAN device=0 Q=[256,5,16,1] Kraw=turbo4_tcq Vraw=turbo2 Kshape=[256,256,4,1] Vshape=[256,256,4,1] Keff=f16 Veff=f16 turbo_kv=1 prefer_native_vec=0 decode=1 dk=1 dv=1 unsafe_vec_after_turbo_v_decode=0 allow_vec=1 kernel=MMA_F16 need_f16_K=0 need_f16_V=0 Knb=[68,544,136,139264] Vnb=[34,272,68,69632] Keff_nb=[2,2048,512,524288] Veff_nb=[2,2048,512,524288]
CUDA_FA_ROUTE_ALLOC kernel=MMA_F16 need_f16_K=0 need_f16_V=0 workspace_end_offset=81920 dst_data=(nil) f16_K=(nil) f16_V=(nil) f16_end=0x14000
CUDA_FA_ROUTE_PLAN device=0 Q=[256,5,16,1] Kraw=turbo4_tcq Vraw=turbo2 Kshape=[256,256,4,1] Vshape=[256,256,4,1] Keff=f16 Veff=f16 turbo_kv=1 prefer_native_vec=0 decode=1 dk=1 dv=1 unsafe_vec_after_turbo_v_decode=0 allow_vec=1 kernel=MMA_F16 need_f16_K=0 need_f16_V=0 Knb=[68,544,136,139264] Vnb=[34,272,68,69632] Keff_nb=[2,2048,512,524288] Veff_nb=[2,2048,512,524288]
CUDA_FA_ROUTE_ALLOC kernel=MMA_F16 need_f16_K=0 need_f16_V=0 workspace_end_offset=81920 dst_data=(nil) f16_K=(nil) f16_V=(nil) f16_end=0x14000
CUDA_FA_ROUTE_PLAN device=0 Q=[256,5,16,1] Kraw=turbo4_tcq Vraw=turbo2 Kshape=[256,256,4,1] Vshape=[256,256,4,1] Keff=f16 Veff=f16 turbo_kv=1 prefer_native_vec=0 decode=1 dk=1 dv=1 unsafe_vec_after_turbo_v_decode=0 allow_vec=1 kernel=MMA_F16 need_f16_K=0 need_f16_V=0 Knb=[68,544,136,139264] Vnb=[34,272,68,69632] Keff_nb=[2,2048,512,524288] Veff_nb=[2,2048,512,524288]
CUDA_FA_ROUTE_ALLOC kernel=MMA_F16 need_f16_K=0 need_f16_V=0 workspace_end_offset=81920 dst_data=(nil) f16_K=(nil) f16_V=(nil) f16_end=0x14000
CUDA_FA_ROUTE_PLAN device=0 Q=[256,5,16,1] Kraw=turbo4_tcq Vraw=turbo2 Kshape=[256,256,4,1] Vshape=[256,256,4,1] Keff=f16 Veff=f16 turbo_kv=1 prefer_native_vec=0 decode=1 dk=1 dv=1 unsafe_vec_after_turbo_v_decode=0 allow_vec=1 kernel=MMA_F16 need_f16_K=0 need_f16_V=0 Knb=[68,544,136,139264] Vnb=[34,272,68,69632] Keff_nb=[2,2048,512,524288] Veff_nb=[2,2048,512,524288]
CUDA_FA_ROUTE_ALLOC kernel=MMA_F16 need_f16_K=0 need_f16_V=0 workspace_end_offset=81920 dst_data=(nil) f16_K=(nil) f16_V=(nil) f16_end=0x14000
CUDA_FA_ROUTE_PLAN device=0 Q=[256,5,16,1] Kraw=turbo4_tcq Vraw=turbo2 Kshape=[256,256,4,1] Vshape=[256,256,4,1] Keff=f16 Veff=f16 turbo_kv=1 prefer_native_vec=0 decode=1 dk=1 dv=1 unsafe_vec_after_turbo_v_decode=0 allow_vec=1 kernel=MMA_F16 need_f16_K=0 need_f16_V=0 Knb=[68,544,136,139264] Vnb=[34,272,68,69632] Keff_nb=[2,2048,512,524288] Veff_nb=[2,2048,512,524288]
CUDA_FA_ROUTE_ALLOC kernel=MMA_F16 need_f16_K=0 need_f16_V=0 workspace_end_offset=81920 dst_data=(nil) f16_K=(nil) f16_V=(nil) f16_end=0x14000
CUDA_FA_ROUTE_PLAN device=0 Q=[256,5,16,1] Kraw=turbo4_tcq Vraw=turbo2 Kshape=[256,256,4,1] Vshape=[256,256,4,1] Keff=f16 Veff=f16 turbo_kv=1 prefer_native_vec=0 decode=1 dk=1 dv=1 unsafe_vec_after_turbo_v_decode=0 allow_vec=1 kernel=MMA_F16 need_f16_K=0 need_f16_V=0 Knb=[68,544,136,139264] Vnb=[34,272,68,69632] Keff_nb=[2,2048,512,524288] Veff_nb=[2,2048,512,524288]
CUDA_FA_ROUTE_ALLOC kernel=MMA_F16 need_f16_K=0 need_f16_V=0 workspace_end_offset=81920 dst_data=(nil) f16_K=(nil) f16_V=(nil) f16_end=0x14000
CUDA_FA_ROUTE_PLAN device=0 Q=[256,5,16,1] Kraw=turbo4_tcq Vraw=turbo2 Kshape=[256,256,4,1] Vshape=[256,256,4,1] Keff=f16 Veff=f16 turbo_kv=1 prefer_native_vec=0 decode=1 dk=1 dv=1 unsafe_vec_after_turbo_v_decode=0 allow_vec=1 kernel=MMA_F16 need_f16_K=0 need_f16_V=0 Knb=[68,544,136,139264] Vnb=[34,272,68,69632] Keff_nb=[2,2048,512,524288] Veff_nb=[2,2048,512,524288]
CUDA_FA_ROUTE_ALLOC kernel=MMA_F16 need_f16_K=0 need_f16_V=0 workspace_end_offset=81920 dst_data=(nil) f16_K=(nil) f16_V=(nil) f16_end=0x14000
CUDA_FA_ROUTE_PLAN device=0 Q=[256,5,16,1] Kraw=turbo4_tcq Vraw=turbo2 Kshape=[256,256,4,1] Vshape=[256,256,4,1] Keff=f16 Veff=f16 turbo_kv=1 prefer_native_vec=0 decode=1 dk=1 dv=1 unsafe_vec_after_turbo_v_decode=0 allow_vec=1 kernel=MMA_F16 need_f16_K=0 need_f16_V=0 Knb=[68,544,136,139264] Vnb=[34,272,68,69632] Keff_nb=[2,2048,512,524288] Veff_nb=[2,2048,512,524288]
CUDA_FA_ROUTE_ALLOC kernel=MMA_F16 need_f16_K=0 need_f16_V=0 workspace_end_offset=81920 dst_data=(nil) f16_K=(nil) f16_V=(nil) f16_end=0x14000
CUDA_FA_ROUTE_PLAN device=0 Q=[256,5,16,1] Kraw=turbo4_tcq Vraw=turbo2 Kshape=[256,256,4,1] Vshape=[256,256,4,1] Keff=f16 Veff=f16 turbo_kv=1 prefer_native_vec=0 decode=1 dk=1 dv=1 unsafe_vec_after_turbo_v_decode=0 allow_vec=1 kernel=MMA_F16 need_f16_K=0 need_f16_V=0 Knb=[68,544,136,139264] Vnb=[34,272,68,69632] Keff_nb=[2,2048,512,524288] Veff_nb=[2,2048,512,524288]
CUDA_FA_ROUTE_ALLOC kernel=MMA_F16 need_f16_K=0 need_f16_V=0 workspace_end_offset=81920 dst_data=(nil) f16_K=(nil) f16_V=(nil) f16_end=0x14000
CUDA_FA_ROUTE_PLAN device=0 Q=[256,5,16,1] Kraw=turbo4_tcq Vraw=turbo2 Kshape=[256,256,4,1] Vshape=[256,256,4,1] Keff=f16 Veff=f16 turbo_kv=1 prefer_native_vec=0 decode=1 dk=1 dv=1 unsafe_vec_after_turbo_v_decode=0 allow_vec=1 kernel=MMA_F16 need_f16_K=0 need_f16_V=0 Knb=[68,544,136,139264] Vnb=[34,272,68,69632] Keff_nb=[2,2048,512,524288] Veff_nb=[2,2048,512,524288]
CUDA_FA_ROUTE_ALLOC kernel=MMA_F16 need_f16_K=0 need_f16_V=0 workspace_end_offset=81920 dst_data=(nil) f16_K=(nil) f16_V=(nil) f16_end=0x14000
CUDA_FA_ROUTE_PLAN device=0 Q=[256,5,16,1] Kraw=turbo4_tcq Vraw=turbo2 Kshape=[256,256,4,1] Vshape=[256,256,4,1] Keff=f16 Veff=f16 turbo_kv=1 prefer_native_vec=0 decode=1 dk=1 dv=1 unsafe_vec_after_turbo_v_decode=0 allow_vec=1 kernel=MMA_F16 need_f16_K=0 need_f16_V=0 Knb=[68,544,136,139264] Vnb=[34,272,68,69632] Keff_nb=[2,2048,512,524288] Veff_nb=[2,2048,512,524288]
CUDA_FA_ROUTE_ALLOC kernel=MMA_F16 need_f16_K=0 need_f16_V=0 workspace_end_offset=81920 dst_data=(nil) f16_K=(nil) f16_V=(nil) f16_end=0x14000
CUDA_FA_ROUTE_PLAN device=0 Q=[256,5,16,1] Kraw=turbo4_tcq Vraw=turbo2 Kshape=[256,256,4,1] Vshape=[256,256,4,1] Keff=f16 Veff=f16 turbo_kv=1 prefer_native_vec=0 decode=1 dk=1 dv=1 unsafe_vec_after_turbo_v_decode=0 allow_vec=1 kernel=MMA_F16 need_f16_K=0 need_f16_V=0 Knb=[68,544,136,139264] Vnb=[34,272,68,69632] Keff_nb=[2,2048,512,524288] Veff_nb=[2,2048,512,524288]
CUDA_FA_ROUTE_ALLOC kernel=MMA_F16 need_f16_K=0 need_f16_V=0 workspace_end_offset=81920 dst_data=(nil) f16_K=(nil) f16_V=(nil) f16_end=0x14000
CUDA_FA_ROUTE_PLAN device=0 Q=[256,5,16,1] Kraw=turbo4_tcq Vraw=turbo2 Kshape=[256,256,4,1] Vshape=[256,256,4,1] Keff=f16 Veff=f16 turbo_kv=1 prefer_native_vec=0 decode=1 dk=1 dv=1 unsafe_vec_after_turbo_v_decode=0 allow_vec=1 kernel=MMA_F16 need_f16_K=0 need_f16_V=0 Knb=[68,544,136,139264] Vnb=[34,272,68,69632] Keff_nb=[2,2048,512,524288] Veff_nb=[2,2048,512,524288]
CUDA_FA_ROUTE_ALLOC kernel=MMA_F16 need_f16_K=0 need_f16_V=0 workspace_end_offset=81920 dst_data=(nil) f16_K=(nil) f16_V=(nil) f16_end=0x14000
CUDA_FA_ROUTE_PLAN device=0 Q=[256,5,16,1] Kraw=turbo4_tcq Vraw=turbo2 Kshape=[256,256,4,1] Vshape=[256,256,4,1] Keff=f16 Veff=f16 turbo_kv=1 prefer_native_vec=0 decode=1 dk=1 dv=1 unsafe_vec_after_turbo_v_decode=0 allow_vec=1 kernel=MMA_F16 need_f16_K=0 need_f16_V=0 Knb=[68,544,136,139264] Vnb=[34,272,68,69632] Keff_nb=[2,2048,512,524288] Veff_nb=[2,2048,512,524288]
CUDA_FA_ROUTE_ALLOC kernel=MMA_F16 need_f16_K=0 need_f16_V=0 workspace_end_offset=81920 dst_data=(nil) f16_K=(nil) f16_V=(nil) f16_end=0x14000
CUDA_FA_ROUTE_PLAN device=0 Q=[256,5,16,1] Kraw=turbo4_tcq Vraw=turbo2 Kshape=[256,256,4,1] Vshape=[256,256,4,1] Keff=f16 Veff=f16 turbo_kv=1 prefer_native_vec=0 decode=1 dk=1 dv=1 unsafe_vec_after_turbo_v_decode=0 allow_vec=1 kernel=MMA_F16 need_f16_K=0 need_f16_V=0 Knb=[68,544,136,139264] Vnb=[34,272,68,69632] Keff_nb=[2,2048,512,524288] Veff_nb=[2,2048,512,524288]
CUDA_FA_ROUTE_ALLOC kernel=MMA_F16 need_f16_K=0 need_f16_V=0 workspace_end_offset=81920 dst_data=(nil) f16_K=(nil) f16_V=(nil) f16_end=0x14000
CUDA_FA_ROUTE_PLAN device=0 Q=[256,5,16,1] Kraw=turbo4_tcq Vraw=turbo2 Kshape=[256,256,4,1] Vshape=[256,256,4,1] Keff=f16 Veff=f16 turbo_kv=1 prefer_native_vec=0 decode=1 dk=1 dv=1 unsafe_vec_after_turbo_v_decode=0 allow_vec=1 kernel=MMA_F16 need_f16_K=0 need_f16_V=0 Knb=[68,544,136,139264] Vnb=[34,272,68,69632] Keff_nb=[2,2048,512,524288] Veff_nb=[2,2048,512,524288]
CUDA_FA_ROUTE_ALLOC kernel=MMA_F16 need_f16_K=0 need_f16_V=0 workspace_end_offset=81920 dst_data=(nil) f16_K=(nil) f16_V=(nil) f16_end=0x14000
CUDA_FA_ROUTE_PLAN device=0 Q=[256,5,16,1] Kraw=turbo4_tcq Vraw=turbo2 Kshape=[256,256,4,1] Vshape=[256,256,4,1] Keff=f16 Veff=f16 turbo_kv=1 prefer_native_vec=0 decode=1 dk=1 dv=1 unsafe_vec_after_turbo_v_decode=0 allow_vec=1 kernel=MMA_F16 need_f16_K=0 need_f16_V=0 Knb=[68,544,136,139264] Vnb=[34,272,68,69632] Keff_nb=[2,2048,512,524288] Veff_nb=[2,2048,512,524288]
CUDA_FA_ROUTE_ALLOC kernel=MMA_F16 need_f16_K=0 need_f16_V=0 workspace_end_offset=81920 dst_data=(nil) f16_K=(nil) f16_V=(nil) f16_end=0x14000
CUDA_FA_ROUTE_PLAN device=0 Q=[256,5,16,1] Kraw=turbo4_tcq Vraw=turbo2 Kshape=[256,256,4,1] Vshape=[256,256,4,1] Keff=f16 Veff=f16 turbo_kv=1 prefer_native_vec=0 decode=1 dk=1 dv=1 unsafe_vec_after_turbo_v_decode=0 allow_vec=1 kernel=MMA_F16 need_f16_K=0 need_f16_V=0 Knb=[68,544,136,139264] Vnb=[34,272,68,69632] Keff_nb=[2,2048,512,524288] Veff_nb=[2,2048,512,524288]
CUDA_FA_ROUTE_ALLOC kernel=MMA_F16 need_f16_K=0 need_f16_V=0 workspace_end_offset=81920 dst_data=(nil) f16_K=(nil) f16_V=(nil) f16_end=0x14000
CUDA_FA_ROUTE_PLAN device=0 Q=[256,5,16,1] Kraw=turbo4_tcq Vraw=turbo2 Kshape=[256,256,4,1] Vshape=[256,256,4,1] Keff=f16 Veff=f16 turbo_kv=1 prefer_native_vec=0 decode=1 dk=1 dv=1 unsafe_vec_after_turbo_v_decode=0 allow_vec=1 kernel=MMA_F16 need_f16_K=0 need_f16_V=0 Knb=[68,544,136,139264] Vnb=[34,272,68,69632] Keff_nb=[2,2048,512,524288] Veff_nb=[2,2048,512,524288]
CUDA_FA_ROUTE_ALLOC kernel=MMA_F16 need_f16_K=0 need_f16_V=0 workspace_end_offset=81920 dst_data=(nil) f16_K=(nil) f16_V=(nil) f16_end=0x14000
CUDA_FA_ROUTE_PLAN device=0 Q=[256,5,16,1] Kraw=turbo4_tcq Vraw=turbo2 Kshape=[256,256,4,1] Vshape=[256,256,4,1] Keff=f16 Veff=f16 turbo_kv=1 prefer_native_vec=0 decode=1 dk=1 dv=1 unsafe_vec_after_turbo_v_decode=0 allow_vec=1 kernel=MMA_F16 need_f16_K=0 need_f16_V=0 Knb=[68,544,136,139264] Vnb=[34,272,68,69632] Keff_nb=[2,2048,512,524288] Veff_nb=[2,2048,512,524288]
CUDA_FA_ROUTE_ALLOC kernel=MMA_F16 need_f16_K=0 need_f16_V=0 workspace_end_offset=81920 dst_data=(nil) f16_K=(nil) f16_V=(nil) f16_end=0x14000
CUDA_FA_ROUTE_PLAN device=0 Q=[256,5,16,1] Kraw=turbo4_tcq Vraw=turbo2 Kshape=[256,256,4,1] Vshape=[256,256,4,1] Keff=f16 Veff=f16 turbo_kv=1 prefer_native_vec=0 decode=1 dk=1 dv=1 unsafe_vec_after_turbo_v_decode=0 allow_vec=1 kernel=MMA_F16 need_f16_K=0 need_f16_V=0 Knb=[68,544,136,139264] Vnb=[34,272,68,69632] Keff_nb=[2,2048,512,524288] Veff_nb=[2,2048,512,524288]
CUDA_FA_ROUTE_ALLOC kernel=MMA_F16 need_f16_K=0 need_f16_V=0 workspace_end_offset=81920 dst_data=(nil) f16_K=(nil) f16_V=(nil) f16_end=0x14000
CUDA_FA_ROUTE_PLAN device=0 Q=[256,5,16,1] Kraw=turbo4_tcq Vraw=turbo2 Kshape=[256,256,4,1] Vshape=[256,256,4,1] Keff=f16 Veff=f16 turbo_kv=1 prefer_native_vec=0 decode=1 dk=1 dv=1 unsafe_vec_after_turbo_v_decode=0 allow_vec=1 kernel=MMA_F16 need_f16_K=0 need_f16_V=0 Knb=[68,544,136,139264] Vnb=[34,272,68,69632] Keff_nb=[2,2048,512,524288] Veff_nb=[2,2048,512,524288]
CUDA_FA_ROUTE_ALLOC kernel=MMA_F16 need_f16_K=0 need_f16_V=0 workspace_end_offset=81920 dst_data=(nil) f16_K=(nil) f16_V=(nil) f16_end=0x14000
CUDA_FA_ROUTE_PLAN device=0 Q=[256,5,16,1] Kraw=turbo4_tcq Vraw=turbo2 Kshape=[256,256,4,1] Vshape=[256,256,4,1] Keff=f16 Veff=f16 turbo_kv=1 prefer_native_vec=0 decode=1 dk=1 dv=1 unsafe_vec_after_turbo_v_decode=0 allow_vec=1 kernel=MMA_F16 need_f16_K=0 need_f16_V=0 Knb=[68,544,136,139264] Vnb=[34,272,68,69632] Keff_nb=[2,2048,512,524288] Veff_nb=[2,2048,512,524288]
CUDA_FA_ROUTE_ALLOC kernel=MMA_F16 need_f16_K=0 need_f16_V=0 workspace_end_offset=81920 dst_data=(nil) f16_K=(nil) f16_V=(nil) f16_end=0x14000
CUDA_FA_ROUTE_PLAN device=0 Q=[256,5,16,1] Kraw=turbo4_tcq Vraw=turbo2 Kshape=[256,256,4,1] Vshape=[256,256,4,1] Keff=f16 Veff=f16 turbo_kv=1 prefer_native_vec=0 decode=1 dk=1 dv=1 unsafe_vec_after_turbo_v_decode=0 allow_vec=1 kernel=MMA_F16 need_f16_K=0 need_f16_V=0 Knb=[68,544,136,139264] Vnb=[34,272,68,69632] Keff_nb=[2,2048,512,524288] Veff_nb=[2,2048,512,524288]
CUDA_FA_ROUTE_ALLOC kernel=MMA_F16 need_f16_K=0 need_f16_V=0 workspace_end_offset=81920 dst_data=(nil) f16_K=(nil) f16_V=(nil) f16_end=0x14000
CUDA_FA_ROUTE_PLAN device=0 Q=[256,5,16,1] Kraw=turbo4_tcq Vraw=turbo2 Kshape=[256,256,4,1] Vshape=[256,256,4,1] Keff=f16 Veff=f16 turbo_kv=1 prefer_native_vec=0 decode=1 dk=1 dv=1 unsafe_vec_after_turbo_v_decode=0 allow_vec=1 kernel=MMA_F16 need_f16_K=0 need_f16_V=0 Knb=[68,544,136,139264] Vnb=[34,272,68,69632] Keff_nb=[2,2048,512,524288] Veff_nb=[2,2048,512,524288]
CUDA_FA_ROUTE_ALLOC kernel=MMA_F16 need_f16_K=0 need_f16_V=0 workspace_end_offset=81920 dst_data=(nil) f16_K=(nil) f16_V=(nil) f16_end=0x14000
CUDA_FA_ROUTE_PLAN device=0 Q=[256,5,16,1] Kraw=turbo4_tcq Vraw=turbo2 Kshape=[256,256,4,1] Vshape=[256,256,4,1] Keff=f16 Veff=f16 turbo_kv=1 prefer_native_vec=0 decode=1 dk=1 dv=1 unsafe_vec_after_turbo_v_decode=0 allow_vec=1 kernel=MMA_F16 need_f16_K=0 need_f16_V=0 Knb=[68,544,136,139264] Vnb=[34,272,68,69632] Keff_nb=[2,2048,512,524288] Veff_nb=[2,2048,512,524288]
CUDA_FA_ROUTE_ALLOC kernel=MMA_F16 need_f16_K=0 need_f16_V=0 workspace_end_offset=81920 dst_data=(nil) f16_K=(nil) f16_V=(nil) f16_end=0x14000
CUDA_FA_ROUTE_PLAN device=0 Q=[256,5,16,1] Kraw=turbo4_tcq Vraw=turbo2 Kshape=[256,256,4,1] Vshape=[256,256,4,1] Keff=f16 Veff=f16 turbo_kv=1 prefer_native_vec=0 decode=1 dk=1 dv=1 unsafe_vec_after_turbo_v_decode=0 allow_vec=1 kernel=MMA_F16 need_f16_K=0 need_f16_V=0 Knb=[68,544,136,139264] Vnb=[34,272,68,69632] Keff_nb=[2,2048,512,524288] Veff_nb=[2,2048,512,524288]
CUDA_FA_ROUTE_ALLOC kernel=MMA_F16 need_f16_K=0 need_f16_V=0 workspace_end_offset=81920 dst_data=(nil) f16_K=(nil) f16_V=(nil) f16_end=0x14000
CUDA_FA_ROUTE_PLAN device=0 Q=[256,5,16,1] Kraw=turbo4_tcq Vraw=turbo2 Kshape=[256,256,4,1] Vshape=[256,256,4,1] Keff=f16 Veff=f16 turbo_kv=1 prefer_native_vec=0 decode=1 dk=1 dv=1 unsafe_vec_after_turbo_v_decode=0 allow_vec=1 kernel=MMA_F16 need_f16_K=0 need_f16_V=0 Knb=[68,544,136,139264] Vnb=[34,272,68,69632] Keff_nb=[2,2048,512,524288] Veff_nb=[2,2048,512,524288]
CUDA_FA_ROUTE_ALLOC kernel=MMA_F16 need_f16_K=0 need_f16_V=0 workspace_end_offset=81920 dst_data=(nil) f16_K=(nil) f16_V=(nil) f16_end=0x14000
CUDA_FA_ROUTE_PLAN device=0 Q=[256,5,16,1] Kraw=turbo4_tcq Vraw=turbo2 Kshape=[256,256,4,1] Vshape=[256,256,4,1] Keff=f16 Veff=f16 turbo_kv=1 prefer_native_vec=0 decode=1 dk=1 dv=1 unsafe_vec_after_turbo_v_decode=0 allow_vec=1 kernel=MMA_F16 need_f16_K=0 need_f16_V=0 Knb=[68,544,136,139264] Vnb=[34,272,68,69632] Keff_nb=[2,2048,512,524288] Veff_nb=[2,2048,512,524288]
CUDA_FA_ROUTE_ALLOC kernel=MMA_F16 need_f16_K=0 need_f16_V=0 workspace_end_offset=81920 dst_data=(nil) f16_K=(nil) f16_V=(nil) f16_end=0x14000
CUDA_FA_ROUTE_PLAN device=0 Q=[256,5,16,1] Kraw=turbo4_tcq Vraw=turbo2 Kshape=[256,256,4,1] Vshape=[256,256,4,1] Keff=f16 Veff=f16 turbo_kv=1 prefer_native_vec=0 decode=1 dk=1 dv=1 unsafe_vec_after_turbo_v_decode=0 allow_vec=1 kernel=MMA_F16 need_f16_K=0 need_f16_V=0 Knb=[68,544,136,139264] Vnb=[34,272,68,69632] Keff_nb=[2,2048,512,524288] Veff_nb=[2,2048,512,524288]
CUDA_FA_ROUTE_ALLOC kernel=MMA_F16 need_f16_K=0 need_f16_V=0 workspace_end_offset=81920 dst_data=(nil) f16_K=(nil) f16_V=(nil) f16_end=0x14000
CUDA_FA_ROUTE_PLAN device=0 Q=[256,5,16,1] Kraw=turbo4_tcq Vraw=turbo2 Kshape=[256,256,4,1] Vshape=[256,256,4,1] Keff=f16 Veff=f16 turbo_kv=1 prefer_native_vec=0 decode=1 dk=1 dv=1 unsafe_vec_after_turbo_v_decode=0 allow_vec=1 kernel=MMA_F16 need_f16_K=0 need_f16_V=0 Knb=[68,544,136,139264] Vnb=[34,272,68,69632] Keff_nb=[2,2048,512,524288] Veff_nb=[2,2048,512,524288]
CUDA_FA_ROUTE_ALLOC kernel=MMA_F16 need_f16_K=0 need_f16_V=0 workspace_end_offset=81920 dst_data=(nil) f16_K=(nil) f16_V=(nil) f16_end=0x14000
CUDA_FA_ROUTE_PLAN device=0 Q=[256,5,16,1] Kraw=turbo4_tcq Vraw=turbo2 Kshape=[256,256,4,1] Vshape=[256,256,4,1] Keff=f16 Veff=f16 turbo_kv=1 prefer_native_vec=0 decode=1 dk=1 dv=1 unsafe_vec_after_turbo_v_decode=0 allow_vec=1 kernel=MMA_F16 need_f16_K=0 need_f16_V=0 Knb=[68,544,136,139264] Vnb=[34,272,68,69632] Keff_nb=[2,2048,512,524288] Veff_nb=[2,2048,512,524288]
CUDA_FA_ROUTE_ALLOC kernel=MMA_F16 need_f16_K=0 need_f16_V=0 workspace_end_offset=81920 dst_data=(nil) f16_K=(nil) f16_V=(nil) f16_end=0x14000
CUDA_FA_ROUTE_PLAN device=0 Q=[256,5,16,1] Kraw=turbo4_tcq Vraw=turbo2 Kshape=[256,256,4,1] Vshape=[256,256,4,1] Keff=f16 Veff=f16 turbo_kv=1 prefer_native_vec=0 decode=1 dk=1 dv=1 unsafe_vec_after_turbo_v_decode=0 allow_vec=1 kernel=MMA_F16 need_f16_K=0 need_f16_V=0 Knb=[68,544,136,139264] Vnb=[34,272,68,69632] Keff_nb=[2,2048,512,524288] Veff_nb=[2,2048,512,524288]
CUDA_FA_ROUTE_ALLOC kernel=MMA_F16 need_f16_K=0 need_f16_V=0 workspace_end_offset=81920 dst_data=(nil) f16_K=(nil) f16_V=(nil) f16_end=0x14000
CUDA_FA_ROUTE_PLAN device=0 Q=[256,5,16,1] Kraw=turbo4_tcq Vraw=turbo2 Kshape=[256,256,4,1] Vshape=[256,256,4,1] Keff=f16 Veff=f16 turbo_kv=1 prefer_native_vec=0 decode=1 dk=1 dv=1 unsafe_vec_after_turbo_v_decode=0 allow_vec=1 kernel=MMA_F16 need_f16_K=0 need_f16_V=0 Knb=[68,544,136,139264] Vnb=[34,272,68,69632] Keff_nb=[2,2048,512,524288] Veff_nb=[2,2048,512,524288]
CUDA_FA_ROUTE_ALLOC kernel=MMA_F16 need_f16_K=0 need_f16_V=0 workspace_end_offset=81920 dst_data=(nil) f16_K=(nil) f16_V=(nil) f16_end=0x14000
CUDA_FA_ROUTE_PLAN device=0 Q=[256,5,16,1] Kraw=turbo4_tcq Vraw=turbo2 Kshape=[256,256,4,1] Vshape=[256,256,4,1] Keff=f16 Veff=f16 turbo_kv=1 prefer_native_vec=0 decode=1 dk=1 dv=1 unsafe_vec_after_turbo_v_decode=0 allow_vec=1 kernel=MMA_F16 need_f16_K=0 need_f16_V=0 Knb=[68,544,136,139264] Vnb=[34,272,68,69632] Keff_nb=[2,2048,512,524288] Veff_nb=[2,2048,512,524288]
CUDA_FA_ROUTE_ALLOC kernel=MMA_F16 need_f16_K=0 need_f16_V=0 workspace_end_offset=81920 dst_data=(nil) f16_K=(nil) f16_V=(nil) f16_end=0x14000
CUDA_FA_ROUTE_PLAN device=0 Q=[256,5,16,1] Kraw=turbo4_tcq Vraw=turbo2 Kshape=[256,256,4,1] Vshape=[256,256,4,1] Keff=f16 Veff=f16 turbo_kv=1 prefer_native_vec=0 decode=1 dk=1 dv=1 unsafe_vec_after_turbo_v_decode=0 allow_vec=1 kernel=MMA_F16 need_f16_K=0 need_f16_V=0 Knb=[68,544,136,139264] Vnb=[34,272,68,69632] Keff_nb=[2,2048,512,524288] Veff_nb=[2,2048,512,524288]
CUDA_FA_ROUTE_ALLOC kernel=MMA_F16 need_f16_K=0 need_f16_V=0 workspace_end_offset=81920 dst_data=(nil) f16_K=(nil) f16_V=(nil) f16_end=0x14000
CUDA_FA_ROUTE_PLAN device=0 Q=[256,5,16,1] Kraw=turbo4_tcq Vraw=turbo2 Kshape=[256,256,4,1] Vshape=[256,256,4,1] Keff=f16 Veff=f16 turbo_kv=1 prefer_native_vec=0 decode=1 dk=1 dv=1 unsafe_vec_after_turbo_v_decode=0 allow_vec=1 kernel=MMA_F16 need_f16_K=0 need_f16_V=0 Knb=[68,544,136,139264] Vnb=[34,272,68,69632] Keff_nb=[2,2048,512,524288] Veff_nb=[2,2048,512,524288]
CUDA_FA_ROUTE_ALLOC kernel=MMA_F16 need_f16_K=0 need_f16_V=0 workspace_end_offset=81920 dst_data=(nil) f16_K=(nil) f16_V=(nil) f16_end=0x14000
CUDA_FA_ROUTE_PLAN device=0 Q=[256,5,16,1] Kraw=turbo4_tcq Vraw=turbo2 Kshape=[256,256,4,1] Vshape=[256,256,4,1] Keff=f16 Veff=f16 turbo_kv=1 prefer_native_vec=0 decode=1 dk=1 dv=1 unsafe_vec_after_turbo_v_decode=0 allow_vec=1 kernel=MMA_F16 need_f16_K=0 need_f16_V=0 Knb=[68,544,136,139264] Vnb=[34,272,68,69632] Keff_nb=[2,2048,512,524288] Veff_nb=[2,2048,512,524288]
CUDA_FA_ROUTE_ALLOC kernel=MMA_F16 need_f16_K=0 need_f16_V=0 workspace_end_offset=81920 dst_data=(nil) f16_K=(nil) f16_V=(nil) f16_end=0x14000
CUDA_FA_ROUTE_PLAN device=0 Q=[256,5,16,1] Kraw=turbo4_tcq Vraw=turbo2 Kshape=[256,256,4,1] Vshape=[256,256,4,1] Keff=f16 Veff=f16 turbo_kv=1 prefer_native_vec=0 decode=1 dk=1 dv=1 unsafe_vec_after_turbo_v_decode=0 allow_vec=1 kernel=MMA_F16 need_f16_K=0 need_f16_V=0 Knb=[68,544,136,139264] Vnb=[34,272,68,69632] Keff_nb=[2,2048,512,524288] Veff_nb=[2,2048,512,524288]
CUDA_FA_ROUTE_ALLOC kernel=MMA_F16 need_f16_K=0 need_f16_V=0 workspace_end_offset=81920 dst_data=(nil) f16_K=(nil) f16_V=(nil) f16_end=0x14000
CUDA_FA_ROUTE_PLAN device=0 Q=[256,5,16,1] Kraw=turbo4_tcq Vraw=turbo2 Kshape=[256,256,4,1] Vshape=[256,256,4,1] Keff=f16 Veff=f16 turbo_kv=1 prefer_native_vec=0 decode=1 dk=1 dv=1 unsafe_vec_after_turbo_v_decode=0 allow_vec=1 kernel=MMA_F16 need_f16_K=0 need_f16_V=0 Knb=[68,544,136,139264] Vnb=[34,272,68,69632] Keff_nb=[2,2048,512,524288] Veff_nb=[2,2048,512,524288]
CUDA_FA_ROUTE_ALLOC kernel=MMA_F16 need_f16_K=0 need_f16_V=0 workspace_end_offset=81920 dst_data=(nil) f16_K=(nil) f16_V=(nil) f16_end=0x14000
CUDA_FA_ROUTE_PLAN device=0 Q=[256,5,16,1] Kraw=turbo4_tcq Vraw=turbo2 Kshape=[256,256,4,1] Vshape=[256,256,4,1] Keff=f16 Veff=f16 turbo_kv=1 prefer_native_vec=0 decode=1 dk=1 dv=1 unsafe_vec_after_turbo_v_decode=0 allow_vec=1 kernel=MMA_F16 need_f16_K=0 need_f16_V=0 Knb=[68,544,136,139264] Vnb=[34,272,68,69632] Keff_nb=[2,2048,512,524288] Veff_nb=[2,2048,512,524288]
CUDA_FA_ROUTE_ALLOC kernel=MMA_F16 need_f16_K=0 need_f16_V=0 workspace_end_offset=81920 dst_data=(nil) f16_K=(nil) f16_V=(nil) f16_end=0x14000
CUDA_FA_ROUTE_PLAN device=0 Q=[256,5,16,1] Kraw=turbo4_tcq Vraw=turbo2 Kshape=[256,256,4,1] Vshape=[256,256,4,1] Keff=f16 Veff=f16 turbo_kv=1 prefer_native_vec=0 decode=1 dk=1 dv=1 unsafe_vec_after_turbo_v_decode=0 allow_vec=1 kernel=MMA_F16 need_f16_K=0 need_f16_V=0 Knb=[68,544,136,139264] Vnb=[34,272,68,69632] Keff_nb=[2,2048,512,524288] Veff_nb=[2,2048,512,524288]
CUDA_FA_ROUTE_ALLOC kernel=MMA_F16 need_f16_K=0 need_f16_V=0 workspace_end_offset=81920 dst_data=(nil) f16_K=(nil) f16_V=(nil) f16_end=0x14000
CUDA_FA_ROUTE_PLAN device=0 Q=[256,5,16,1] Kraw=turbo4_tcq Vraw=turbo2 Kshape=[256,256,4,1] Vshape=[256,256,4,1] Keff=f16 Veff=f16 turbo_kv=1 prefer_native_vec=0 decode=1 dk=1 dv=1 unsafe_vec_after_turbo_v_decode=0 allow_vec=1 kernel=MMA_F16 need_f16_K=0 need_f16_V=0 Knb=[68,544,136,139264] Vnb=[34,272,68,69632] Keff_nb=[2,2048,512,524288] Veff_nb=[2,2048,512,524288]
CUDA_FA_ROUTE_ALLOC kernel=MMA_F16 need_f16_K=0 need_f16_V=0 workspace_end_offset=81920 dst_data=(nil) f16_K=(nil) f16_V=(nil) f16_end=0x14000
CUDA_FA_ROUTE_PLAN device=0 Q=[256,5,16,1] Kraw=turbo4_tcq Vraw=turbo2 Kshape=[256,256,4,1] Vshape=[256,256,4,1] Keff=f16 Veff=f16 turbo_kv=1 prefer_native_vec=0 decode=1 dk=1 dv=1 unsafe_vec_after_turbo_v_decode=0 allow_vec=1 kernel=MMA_F16 need_f16_K=0 need_f16_V=0 Knb=[68,544,136,139264] Vnb=[34,272,68,69632] Keff_nb=[2,2048,512,524288] Veff_nb=[2,2048,512,524288]
CUDA_FA_ROUTE_ALLOC kernel=MMA_F16 need_f16_K=0 need_f16_V=0 workspace_end_offset=81920 dst_data=(nil) f16_K=(nil) f16_V=(nil) f16_end=0x14000
CUDA_FA_ROUTE_PLAN device=0 Q=[256,5,16,1] Kraw=turbo4_tcq Vraw=turbo2 Kshape=[256,256,4,1] Vshape=[256,256,4,1] Keff=f16 Veff=f16 turbo_kv=1 prefer_native_vec=0 decode=1 dk=1 dv=1 unsafe_vec_after_turbo_v_decode=0 allow_vec=1 kernel=MMA_F16 need_f16_K=0 need_f16_V=0 Knb=[68,544,136,139264] Vnb=[34,272,68,69632] Keff_nb=[2,2048,512,524288] Veff_nb=[2,2048,512,524288]
CUDA_FA_ROUTE_ALLOC kernel=MMA_F16 need_f16_K=0 need_f16_V=0 workspace_end_offset=81920 dst_data=(nil) f16_K=(nil) f16_V=(nil) f16_end=0x14000
CUDA_FA_ROUTE_PLAN device=0 Q=[256,5,16,1] Kraw=turbo4_tcq Vraw=turbo2 Kshape=[256,256,4,1] Vshape=[256,256,4,1] Keff=f16 Veff=f16 turbo_kv=1 prefer_native_vec=0 decode=1 dk=1 dv=1 unsafe_vec_after_turbo_v_decode=0 allow_vec=1 kernel=MMA_F16 need_f16_K=0 need_f16_V=0 Knb=[68,544,136,139264] Vnb=[34,272,68,69632] Keff_nb=[2,2048,512,524288] Veff_nb=[2,2048,512,524288]
CUDA_FA_ROUTE_ALLOC kernel=MMA_F16 need_f16_K=0 need_f16_V=0 workspace_end_offset=81920 dst_data=(nil) f16_K=(nil) f16_V=(nil) f16_end=0x14000
CUDA_FA_ROUTE_PLAN device=0 Q=[256,5,16,1] Kraw=turbo4_tcq Vraw=turbo2 Kshape=[256,256,4,1] Vshape=[256,256,4,1] Keff=f16 Veff=f16 turbo_kv=1 prefer_native_vec=0 decode=1 dk=1 dv=1 unsafe_vec_after_turbo_v_decode=0 allow_vec=1 kernel=MMA_F16 need_f16_K=0 need_f16_V=0 Knb=[68,544,136,139264] Vnb=[34,272,68,69632] Keff_nb=[2,2048,512,524288] Veff_nb=[2,2048,512,524288]
CUDA_FA_ROUTE_ALLOC kernel=MMA_F16 need_f16_K=0 need_f16_V=0 workspace_end_offset=81920 dst_data=(nil) f16_K=(nil) f16_V=(nil) f16_end=0x14000
CUDA_FA_ROUTE_PLAN device=0 Q=[256,5,16,1] Kraw=turbo4_tcq Vraw=turbo2 Kshape=[256,256,4,1] Vshape=[256,256,4,1] Keff=f16 Veff=f16 turbo_kv=1 prefer_native_vec=0 decode=1 dk=1 dv=1 unsafe_vec_after_turbo_v_decode=0 allow_vec=1 kernel=MMA_F16 need_f16_K=0 need_f16_V=0 Knb=[68,544,136,139264] Vnb=[34,272,68,69632] Keff_nb=[2,2048,512,524288] Veff_nb=[2,2048,512,524288]
GGML_TURBO_FA_DEBUG: path=prefill-dequant K=turbo4_tcq V=turbo2 Q=[256,5,16,1] K=[256,256,4,1] V=[256,256,4,1]
CUDA_FA_ROUTE_PLAN device=0 Q=[256,5,16,1] Kraw=turbo4_tcq Vraw=turbo2 Kshape=[256,256,4,1] Vshape=[256,256,4,1] Keff=f16 Veff=f16 turbo_kv=1 prefer_native_vec=0 decode=1 dk=1 dv=1 unsafe_vec_after_turbo_v_decode=0 allow_vec=1 kernel=MMA_F16 need_f16_K=0 need_f16_V=0 Knb=[68,544,136,139264] Vnb=[34,272,68,69632] Keff_nb=[2,2048,512,524288] Veff_nb=[2,2048,512,524288]
GGML_TURBO_FA_DEBUG: path=prefill-dequant K=turbo4_tcq V=turbo2 Q=[256,5,16,1] K=[256,256,4,1] V=[256,256,4,1]
CUDA_FA_ROUTE_PLAN device=0 Q=[256,5,16,1] Kraw=turbo4_tcq Vraw=turbo2 Kshape=[256,256,4,1] Vshape=[256,256,4,1] Keff=f16 Veff=f16 turbo_kv=1 prefer_native_vec=0 decode=1 dk=1 dv=1 unsafe_vec_after_turbo_v_decode=0 allow_vec=1 kernel=MMA_F16 need_f16_K=0 need_f16_V=0 Knb=[68,544,136,139264] Vnb=[34,272,68,69632] Keff_nb=[2,2048,512,524288] Veff_nb=[2,2048,512,524288]
GGML_TURBO_FA_DEBUG: path=prefill-dequant K=turbo4_tcq V=turbo2 Q=[256,5,16,1] K=[256,256,4,1] V=[256,256,4,1]
CUDA_FA_ROUTE_PLAN device=0 Q=[256,5,16,1] Kraw=turbo4_tcq Vraw=turbo2 Kshape=[256,256,4,1] Vshape=[256,256,4,1] Keff=f16 Veff=f16 turbo_kv=1 prefer_native_vec=0 decode=1 dk=1 dv=1 unsafe_vec_after_turbo_v_decode=0 allow_vec=1 kernel=MMA_F16 need_f16_K=0 need_f16_V=0 Knb=[68,544,136,139264] Vnb=[34,272,68,69632] Keff_nb=[2,2048,512,524288] Veff_nb=[2,2048,512,524288]
GGML_TURBO_FA_DEBUG: path=prefill-dequant K=turbo4_tcq V=turbo2 Q=[256,5,16,1] K=[256,256,4,1] V=[256,256,4,1]
CUDA_FA_ROUTE_PLAN device=0 Q=[256,5,16,1] Kraw=turbo4_tcq Vraw=turbo2 Kshape=[256,256,4,1] Vshape=[256,256,4,1] Keff=f16 Veff=f16 turbo_kv=1 prefer_native_vec=0 decode=1 dk=1 dv=1 unsafe_vec_after_turbo_v_decode=0 allow_vec=1 kernel=MMA_F16 need_f16_K=0 need_f16_V=0 Knb=[68,544,136,139264] Vnb=[34,272,68,69632] Keff_nb=[2,2048,512,524288] Veff_nb=[2,2048,512,524288]
GGML_TURBO_FA_DEBUG: path=prefill-dequant K=turbo4_tcq V=turbo2 Q=[256,5,16,1] K=[256,256,4,1] V=[256,256,4,1]
CUDA_FA_ROUTE_PLAN device=0 Q=[256,5,16,1] Kraw=turbo4_tcq Vraw=turbo2 Kshape=[256,256,4,1] Vshape=[256,256,4,1] Keff=f16 Veff=f16 turbo_kv=1 prefer_native_vec=0 decode=1 dk=1 dv=1 unsafe_vec_after_turbo_v_decode=0 allow_vec=1 kernel=MMA_F16 need_f16_K=0 need_f16_V=0 Knb=[68,544,136,139264] Vnb=[34,272,68,69632] Keff_nb=[2,2048,512,524288] Veff_nb=[2,2048,512,524288]
GGML_TURBO_FA_DEBUG: path=prefill-dequant K=turbo4_tcq V=turbo2 Q=[256,5,16,1] K=[256,256,4,1] V=[256,256,4,1]
CUDA_FA_ROUTE_PLAN device=0 Q=[256,5,16,1] Kraw=turbo4_tcq Vraw=turbo2 Kshape=[256,256,4,1] Vshape=[256,256,4,1] Keff=f16 Veff=f16 turbo_kv=1 prefer_native_vec=0 decode=1 dk=1 dv=1 unsafe_vec_after_turbo_v_decode=0 allow_vec=1 kernel=MMA_F16 need_f16_K=0 need_f16_V=0 Knb=[68,544,136,139264] Vnb=[34,272,68,69632] Keff_nb=[2,2048,512,524288] Veff_nb=[2,2048,512,524288]
GGML_TURBO_FA_DEBUG: path=prefill-dequant K=turbo4_tcq V=turbo2 Q=[256,5,16,1] K=[256,256,4,1] V=[256,256,4,1]
CUDA_FA_ROUTE_PLAN device=0 Q=[256,5,16,1] Kraw=turbo4_tcq Vraw=turbo2 Kshape=[256,256,4,1] Vshape=[256,256,4,1] Keff=f16 Veff=f16 turbo_kv=1 prefer_native_vec=0 decode=1 dk=1 dv=1 unsafe_vec_after_turbo_v_decode=0 allow_vec=1 kernel=MMA_F16 need_f16_K=0 need_f16_V=0 Knb=[68,544,136,139264] Vnb=[34,272,68,69632] Keff_nb=[2,2048,512,524288] Veff_nb=[2,2048,512,524288]
GGML_TURBO_FA_DEBUG: path=prefill-dequant K=turbo4_tcq V=turbo2 Q=[256,5,16,1] K=[256,256,4,1] V=[256,256,4,1]
 ParisCUDA_FA_ROUTE_PLAN device=0 Q=[256,1,16,1] Kraw=turbo4_tcq Vraw=turbo2 Kshape=[256,256,4,1] Vshape=[256,256,4,1] Keff=f16 Veff=f16 turbo_kv=1 prefer_native_vec=0 decode=1 dk=1 dv=1 unsafe_vec_after_turbo_v_decode=0 allow_vec=1 kernel=MMA_F16 need_f16_K=0 need_f16_V=0 Knb=[68,544,136,139264] Vnb=[34,272,68,69632] Keff_nb=[2,2048,512,524288] Veff_nb=[2,2048,512,524288]
CUDA_FA_ROUTE_SUPPORTED kernel=MMA_F16 effK=f16 effV=f16 supported=1
CUDA_FA_ROUTE_PLAN device=0 Q=[256,1,16,1] Kraw=turbo4_tcq Vraw=turbo2 Kshape=[256,256,4,1] Vshape=[256,256,4,1] Keff=f16 Veff=f16 turbo_kv=1 prefer_native_vec=0 decode=1 dk=1 dv=1 unsafe_vec_after_turbo_v_decode=0 allow_vec=1 kernel=MMA_F16 need_f16_K=0 need_f16_V=0 Knb=[68,544,136,139264] Vnb=[34,272,68,69632] Keff_nb=[2,2048,512,524288] Veff_nb=[2,2048,512,524288]
CUDA_FA_ROUTE_SUPPORTED kernel=MMA_F16 effK=f16 effV=f16 supported=1
CUDA_FA_ROUTE_PLAN device=0 Q=[256,1,16,1] Kraw=turbo4_tcq Vraw=turbo2 Kshape=[256,256,4,1] Vshape=[256,256,4,1] Keff=f16 Veff=f16 turbo_kv=1 prefer_native_vec=0 decode=1 dk=1 dv=1 unsafe_vec_after_turbo_v_decode=0 allow_vec=1 kernel=MMA_F16 need_f16_K=0 need_f16_V=0 Knb=[68,544,136,139264] Vnb=[34,272,68,69632] Keff_nb=[2,2048,512,524288] Veff_nb=[2,2048,512,524288]
CUDA_FA_ROUTE_SUPPORTED kernel=MMA_F16 effK=f16 effV=f16 supported=1
CUDA_FA_ROUTE_PLAN device=0 Q=[256,1,16,1] Kraw=turbo4_tcq Vraw=turbo2 Kshape=[256,256,4,1] Vshape=[256,256,4,1] Keff=f16 Veff=f16 turbo_kv=1 prefer_native_vec=0 decode=1 dk=1 dv=1 unsafe_vec_after_turbo_v_decode=0 allow_vec=1 kernel=MMA_F16 need_f16_K=0 need_f16_V=0 Knb=[68,544,136,139264] Vnb=[34,272,68,69632] Keff_nb=[2,2048,512,524288] Veff_nb=[2,2048,512,524288]
CUDA_FA_ROUTE_SUPPORTED kernel=MMA_F16 effK=f16 effV=f16 supported=1
CUDA_FA_ROUTE_PLAN device=0 Q=[256,1,16,1] Kraw=turbo4_tcq Vraw=turbo2 Kshape=[256,256,4,1] Vshape=[256,256,4,1] Keff=f16 Veff=f16 turbo_kv=1 prefer_native_vec=0 decode=1 dk=1 dv=1 unsafe_vec_after_turbo_v_decode=0 allow_vec=1 kernel=MMA_F16 need_f16_K=0 need_f16_V=0 Knb=[68,544,136,139264] Vnb=[34,272,68,69632] Keff_nb=[2,2048,512,524288] Veff_nb=[2,2048,512,524288]
CUDA_FA_ROUTE_SUPPORTED kernel=MMA_F16 effK=f16 effV=f16 supported=1
CUDA_FA_ROUTE_PLAN device=0 Q=[256,1,16,1] Kraw=turbo4_tcq Vraw=turbo2 Kshape=[256,256,4,1] Vshape=[256,256,4,1] Keff=f16 Veff=f16 turbo_kv=1 prefer_native_vec=0 decode=1 dk=1 dv=1 unsafe_vec_after_turbo_v_decode=0 allow_vec=1 kernel=MMA_F16 need_f16_K=0 need_f16_V=0 Knb=[68,544,136,139264] Vnb=[34,272,68,69632] Keff_nb=[2,2048,512,524288] Veff_nb=[2,2048,512,524288]
CUDA_FA_ROUTE_SUPPORTED kernel=MMA_F16 effK=f16 effV=f16 supported=1
CUDA_FA_ROUTE_PLAN device=0 Q=[256,1,16,1] Kraw=turbo4_tcq Vraw=turbo2 Kshape=[256,256,4,1] Vshape=[256,256,4,1] Keff=f16 Veff=f16 turbo_kv=1 prefer_native_vec=0 decode=1 dk=1 dv=1 unsafe_vec_after_turbo_v_decode=0 allow_vec=1 kernel=MMA_F16 need_f16_K=0 need_f16_V=0 Knb=[68,544,136,139264] Vnb=[34,272,68,69632] Keff_nb=[2,2048,512,524288] Veff_nb=[2,2048,512,524288]
CUDA_FA_ROUTE_SUPPORTED kernel=MMA_F16 effK=f16 effV=f16 supported=1
CUDA_FA_ROUTE_PLAN device=0 Q=[256,1,16,1] Kraw=turbo4_tcq Vraw=turbo2 Kshape=[256,256,4,1] Vshape=[256,256,4,1] Keff=f16 Veff=f16 turbo_kv=1 prefer_native_vec=0 decode=1 dk=1 dv=1 unsafe_vec_after_turbo_v_decode=0 allow_vec=1 kernel=MMA_F16 need_f16_K=0 need_f16_V=0 Knb=[68,544,136,139264] Vnb=[34,272,68,69632] Keff_nb=[2,2048,512,524288] Veff_nb=[2,2048,512,524288]
CUDA_FA_ROUTE_SUPPORTED kernel=MMA_F16 effK=f16 effV=f16 supported=1
CUDA_FA_ROUTE_PLAN device=0 Q=[256,1,16,1] Kraw=turbo4_tcq Vraw=turbo2 Kshape=[256,256,4,1] Vshape=[256,256,4,1] Keff=f16 Veff=f16 turbo_kv=1 prefer_native_vec=0 decode=1 dk=1 dv=1 unsafe_vec_after_turbo_v_decode=0 allow_vec=1 kernel=MMA_F16 need_f16_K=0 need_f16_V=0 Knb=[68,544,136,139264] Vnb=[34,272,68,69632] Keff_nb=[2,2048,512,524288] Veff_nb=[2,2048,512,524288]
CUDA_FA_ROUTE_ALLOC kernel=MMA_F16 need_f16_K=0 need_f16_V=0 workspace_end_offset=16384 dst_data=(nil) f16_K=(nil) f16_V=(nil) f16_end=0x4000
CUDA_FA_ROUTE_PLAN device=0 Q=[256,1,16,1] Kraw=turbo4_tcq Vraw=turbo2 Kshape=[256,256,4,1] Vshape=[256,256,4,1] Keff=f16 Veff=f16 turbo_kv=1 prefer_native_vec=0 decode=1 dk=1 dv=1 unsafe_vec_after_turbo_v_decode=0 allow_vec=1 kernel=MMA_F16 need_f16_K=0 need_f16_V=0 Knb=[68,544,136,139264] Vnb=[34,272,68,69632] Keff_nb=[2,2048,512,524288] Veff_nb=[2,2048,512,524288]
CUDA_FA_ROUTE_ALLOC kernel=MMA_F16 need_f16_K=0 need_f16_V=0 workspace_end_offset=16384 dst_data=(nil) f16_K=(nil) f16_V=(nil) f16_end=0x4000
CUDA_FA_ROUTE_PLAN device=0 Q=[256,1,16,1] Kraw=turbo4_tcq Vraw=turbo2 Kshape=[256,256,4,1] Vshape=[256,256,4,1] Keff=f16 Veff=f16 turbo_kv=1 prefer_native_vec=0 decode=1 dk=1 dv=1 unsafe_vec_after_turbo_v_decode=0 allow_vec=1 kernel=MMA_F16 need_f16_K=0 need_f16_V=0 Knb=[68,544,136,139264] Vnb=[34,272,68,69632] Keff_nb=[2,2048,512,524288] Veff_nb=[2,2048,512,524288]
CUDA_FA_ROUTE_ALLOC kernel=MMA_F16 need_f16_K=0 need_f16_V=0 workspace_end_offset=16384 dst_data=(nil) f16_K=(nil) f16_V=(nil) f16_end=0x4000
CUDA_FA_ROUTE_PLAN device=0 Q=[256,1,16,1] Kraw=turbo4_tcq Vraw=turbo2 Kshape=[256,256,4,1] Vshape=[256,256,4,1] Keff=f16 Veff=f16 turbo_kv=1 prefer_native_vec=0 decode=1 dk=1 dv=1 unsafe_vec_after_turbo_v_decode=0 allow_vec=1 kernel=MMA_F16 need_f16_K=0 need_f16_V=0 Knb=[68,544,136,139264] Vnb=[34,272,68,69632] Keff_nb=[2,2048,512,524288] Veff_nb=[2,2048,512,524288]
CUDA_FA_ROUTE_ALLOC kernel=MMA_F16 need_f16_K=0 need_f16_V=0 workspace_end_offset=16384 dst_data=(nil) f16_K=(nil) f16_V=(nil) f16_end=0x4000
CUDA_FA_ROUTE_PLAN device=0 Q=[256,1,16,1] Kraw=turbo4_tcq Vraw=turbo2 Kshape=[256,256,4,1] Vshape=[256,256,4,1] Keff=f16 Veff=f16 turbo_kv=1 prefer_native_vec=0 decode=1 dk=1 dv=1 unsafe_vec_after_turbo_v_decode=0 allow_vec=1 kernel=MMA_F16 need_f16_K=0 need_f16_V=0 Knb=[68,544,136,139264] Vnb=[34,272,68,69632] Keff_nb=[2,2048,512,524288] Veff_nb=[2,2048,512,524288]
CUDA_FA_ROUTE_ALLOC kernel=MMA_F16 need_f16_K=0 need_f16_V=0 workspace_end_offset=16384 dst_data=(nil) f16_K=(nil) f16_V=(nil) f16_end=0x4000
CUDA_FA_ROUTE_PLAN device=0 Q=[256,1,16,1] Kraw=turbo4_tcq Vraw=turbo2 Kshape=[256,256,4,1] Vshape=[256,256,4,1] Keff=f16 Veff=f16 turbo_kv=1 prefer_native_vec=0 decode=1 dk=1 dv=1 unsafe_vec_after_turbo_v_decode=0 allow_vec=1 kernel=MMA_F16 need_f16_K=0 need_f16_V=0 Knb=[68,544,136,139264] Vnb=[34,272,68,69632] Keff_nb=[2,2048,512,524288] Veff_nb=[2,2048,512,524288]
CUDA_FA_ROUTE_ALLOC kernel=MMA_F16 need_f16_K=0 need_f16_V=0 workspace_end_offset=16384 dst_data=(nil) f16_K=(nil) f16_V=(nil) f16_end=0x4000
CUDA_FA_ROUTE_PLAN device=0 Q=[256,1,16,1] Kraw=turbo4_tcq Vraw=turbo2 Kshape=[256,256,4,1] Vshape=[256,256,4,1] Keff=f16 Veff=f16 turbo_kv=1 prefer_native_vec=0 decode=1 dk=1 dv=1 unsafe_vec_after_turbo_v_decode=0 allow_vec=1 kernel=MMA_F16 need_f16_K=0 need_f16_V=0 Knb=[68,544,136,139264] Vnb=[34,272,68,69632] Keff_nb=[2,2048,512,524288] Veff_nb=[2,2048,512,524288]
CUDA_FA_ROUTE_ALLOC kernel=MMA_F16 need_f16_K=0 need_f16_V=0 workspace_end_offset=16384 dst_data=(nil) f16_K=(nil) f16_V=(nil) f16_end=0x4000
CUDA_FA_ROUTE_PLAN device=0 Q=[256,1,16,1] Kraw=turbo4_tcq Vraw=turbo2 Kshape=[256,256,4,1] Vshape=[256,256,4,1] Keff=f16 Veff=f16 turbo_kv=1 prefer_native_vec=0 decode=1 dk=1 dv=1 unsafe_vec_after_turbo_v_decode=0 allow_vec=1 kernel=MMA_F16 need_f16_K=0 need_f16_V=0 Knb=[68,544,136,139264] Vnb=[34,272,68,69632] Keff_nb=[2,2048,512,524288] Veff_nb=[2,2048,512,524288]
CUDA_FA_ROUTE_ALLOC kernel=MMA_F16 need_f16_K=0 need_f16_V=0 workspace_end_offset=16384 dst_data=(nil) f16_K=(nil) f16_V=(nil) f16_end=0x4000
CUDA_FA_ROUTE_PLAN device=0 Q=[256,1,16,1] Kraw=turbo4_tcq Vraw=turbo2 Kshape=[256,256,4,1] Vshape=[256,256,4,1] Keff=f16 Veff=f16 turbo_kv=1 prefer_native_vec=0 decode=1 dk=1 dv=1 unsafe_vec_after_turbo_v_decode=0 allow_vec=1 kernel=MMA_F16 need_f16_K=0 need_f16_V=0 Knb=[68,544,136,139264] Vnb=[34,272,68,69632] Keff_nb=[2,2048,512,524288] Veff_nb=[2,2048,512,524288]
CUDA_FA_ROUTE_ALLOC kernel=MMA_F16 need_f16_K=0 need_f16_V=0 workspace_end_offset=16384 dst_data=(nil) f16_K=(nil) f16_V=(nil) f16_end=0x4000
CUDA_FA_ROUTE_PLAN device=0 Q=[256,1,16,1] Kraw=turbo4_tcq Vraw=turbo2 Kshape=[256,256,4,1] Vshape=[256,256,4,1] Keff=f16 Veff=f16 turbo_kv=1 prefer_native_vec=0 decode=1 dk=1 dv=1 unsafe_vec_after_turbo_v_decode=0 allow_vec=1 kernel=MMA_F16 need_f16_K=0 need_f16_V=0 Knb=[68,544,136,139264] Vnb=[34,272,68,69632] Keff_nb=[2,2048,512,524288] Veff_nb=[2,2048,512,524288]
CUDA_FA_ROUTE_ALLOC kernel=MMA_F16 need_f16_K=0 need_f16_V=0 workspace_end_offset=16384 dst_data=(nil) f16_K=(nil) f16_V=(nil) f16_end=0x4000
CUDA_FA_ROUTE_PLAN device=0 Q=[256,1,16,1] Kraw=turbo4_tcq Vraw=turbo2 Kshape=[256,256,4,1] Vshape=[256,256,4,1] Keff=f16 Veff=f16 turbo_kv=1 prefer_native_vec=0 decode=1 dk=1 dv=1 unsafe_vec_after_turbo_v_decode=0 allow_vec=1 kernel=MMA_F16 need_f16_K=0 need_f16_V=0 Knb=[68,544,136,139264] Vnb=[34,272,68,69632] Keff_nb=[2,2048,512,524288] Veff_nb=[2,2048,512,524288]
CUDA_FA_ROUTE_ALLOC kernel=MMA_F16 need_f16_K=0 need_f16_V=0 workspace_end_offset=16384 dst_data=(nil) f16_K=(nil) f16_V=(nil) f16_end=0x4000
CUDA_FA_ROUTE_PLAN device=0 Q=[256,1,16,1] Kraw=turbo4_tcq Vraw=turbo2 Kshape=[256,256,4,1] Vshape=[256,256,4,1] Keff=f16 Veff=f16 turbo_kv=1 prefer_native_vec=0 decode=1 dk=1 dv=1 unsafe_vec_after_turbo_v_decode=0 allow_vec=1 kernel=MMA_F16 need_f16_K=0 need_f16_V=0 Knb=[68,544,136,139264] Vnb=[34,272,68,69632] Keff_nb=[2,2048,512,524288] Veff_nb=[2,2048,512,524288]
CUDA_FA_ROUTE_ALLOC kernel=MMA_F16 need_f16_K=0 need_f16_V=0 workspace_end_offset=16384 dst_data=(nil) f16_K=(nil) f16_V=(nil) f16_end=0x4000
CUDA_FA_ROUTE_PLAN device=0 Q=[256,1,16,1] Kraw=turbo4_tcq Vraw=turbo2 Kshape=[256,256,4,1] Vshape=[256,256,4,1] Keff=f16 Veff=f16 turbo_kv=1 prefer_native_vec=0 decode=1 dk=1 dv=1 unsafe_vec_after_turbo_v_decode=0 allow_vec=1 kernel=MMA_F16 need_f16_K=0 need_f16_V=0 Knb=[68,544,136,139264] Vnb=[34,272,68,69632] Keff_nb=[2,2048,512,524288] Veff_nb=[2,2048,512,524288]
CUDA_FA_ROUTE_ALLOC kernel=MMA_F16 need_f16_K=0 need_f16_V=0 workspace_end_offset=16384 dst_data=(nil) f16_K=(nil) f16_V=(nil) f16_end=0x4000
CUDA_FA_ROUTE_PLAN device=0 Q=[256,1,16,1] Kraw=turbo4_tcq Vraw=turbo2 Kshape=[256,256,4,1] Vshape=[256,256,4,1] Keff=f16 Veff=f16 turbo_kv=1 prefer_native_vec=0 decode=1 dk=1 dv=1 unsafe_vec_after_turbo_v_decode=0 allow_vec=1 kernel=MMA_F16 need_f16_K=0 need_f16_V=0 Knb=[68,544,136,139264] Vnb=[34,272,68,69632] Keff_nb=[2,2048,512,524288] Veff_nb=[2,2048,512,524288]
CUDA_FA_ROUTE_ALLOC kernel=MMA_F16 need_f16_K=0 need_f16_V=0 workspace_end_offset=16384 dst_data=(nil) f16_K=(nil) f16_V=(nil) f16_end=0x4000
CUDA_FA_ROUTE_PLAN device=0 Q=[256,1,16,1] Kraw=turbo4_tcq Vraw=turbo2 Kshape=[256,256,4,1] Vshape=[256,256,4,1] Keff=f16 Veff=f16 turbo_kv=1 prefer_native_vec=0 decode=1 dk=1 dv=1 unsafe_vec_after_turbo_v_decode=0 allow_vec=1 kernel=MMA_F16 need_f16_K=0 need_f16_V=0 Knb=[68,544,136,139264] Vnb=[34,272,68,69632] Keff_nb=[2,2048,512,524288] Veff_nb=[2,2048,512,524288]
CUDA_FA_ROUTE_ALLOC kernel=MMA_F16 need_f16_K=0 need_f16_V=0 workspace_end_offset=16384 dst_data=(nil) f16_K=(nil) f16_V=(nil) f16_end=0x4000
CUDA_FA_ROUTE_PLAN device=0 Q=[256,1,16,1] Kraw=turbo4_tcq Vraw=turbo2 Kshape=[256,256,4,1] Vshape=[256,256,4,1] Keff=f16 Veff=f16 turbo_kv=1 prefer_native_vec=0 decode=1 dk=1 dv=1 unsafe_vec_after_turbo_v_decode=0 allow_vec=1 kernel=MMA_F16 need_f16_K=0 need_f16_V=0 Knb=[68,544,136,139264] Vnb=[34,272,68,69632] Keff_nb=[2,2048,512,524288] Veff_nb=[2,2048,512,524288]
CUDA_FA_ROUTE_ALLOC kernel=MMA_F16 need_f16_K=0 need_f16_V=0 workspace_end_offset=16384 dst_data=(nil) f16_K=(nil) f16_V=(nil) f16_end=0x4000
CUDA_FA_ROUTE_PLAN device=0 Q=[256,1,16,1] Kraw=turbo4_tcq Vraw=turbo2 Kshape=[256,256,4,1] Vshape=[256,256,4,1] Keff=f16 Veff=f16 turbo_kv=1 prefer_native_vec=0 decode=1 dk=1 dv=1 unsafe_vec_after_turbo_v_decode=0 allow_vec=1 kernel=MMA_F16 need_f16_K=0 need_f16_V=0 Knb=[68,544,136,139264] Vnb=[34,272,68,69632] Keff_nb=[2,2048,512,524288] Veff_nb=[2,2048,512,524288]
CUDA_FA_ROUTE_ALLOC kernel=MMA_F16 need_f16_K=0 need_f16_V=0 workspace_end_offset=16384 dst_data=(nil) f16_K=(nil) f16_V=(nil) f16_end=0x4000
CUDA_FA_ROUTE_PLAN device=0 Q=[256,1,16,1] Kraw=turbo4_tcq Vraw=turbo2 Kshape=[256,256,4,1] Vshape=[256,256,4,1] Keff=f16 Veff=f16 turbo_kv=1 prefer_native_vec=0 decode=1 dk=1 dv=1 unsafe_vec_after_turbo_v_decode=0 allow_vec=1 kernel=MMA_F16 need_f16_K=0 need_f16_V=0 Knb=[68,544,136,139264] Vnb=[34,272,68,69632] Keff_nb=[2,2048,512,524288] Veff_nb=[2,2048,512,524288]
CUDA_FA_ROUTE_ALLOC kernel=MMA_F16 need_f16_K=0 need_f16_V=0 workspace_end_offset=16384 dst_data=(nil) f16_K=(nil) f16_V=(nil) f16_end=0x4000
CUDA_FA_ROUTE_PLAN device=0 Q=[256,1,16,1] Kraw=turbo4_tcq Vraw=turbo2 Kshape=[256,256,4,1] Vshape=[256,256,4,1] Keff=f16 Veff=f16 turbo_kv=1 prefer_native_vec=0 decode=1 dk=1 dv=1 unsafe_vec_after_turbo_v_decode=0 allow_vec=1 kernel=MMA_F16 need_f16_K=0 need_f16_V=0 Knb=[68,544,136,139264] Vnb=[34,272,68,69632] Keff_nb=[2,2048,512,524288] Veff_nb=[2,2048,512,524288]
CUDA_FA_ROUTE_ALLOC kernel=MMA_F16 need_f16_K=0 need_f16_V=0 workspace_end_offset=16384 dst_data=(nil) f16_K=(nil) f16_V=(nil) f16_end=0x4000
CUDA_FA_ROUTE_PLAN device=0 Q=[256,1,16,1] Kraw=turbo4_tcq Vraw=turbo2 Kshape=[256,256,4,1] Vshape=[256,256,4,1] Keff=f16 Veff=f16 turbo_kv=1 prefer_native_vec=0 decode=1 dk=1 dv=1 unsafe_vec_after_turbo_v_decode=0 allow_vec=1 kernel=MMA_F16 need_f16_K=0 need_f16_V=0 Knb=[68,544,136,139264] Vnb=[34,272,68,69632] Keff_nb=[2,2048,512,524288] Veff_nb=[2,2048,512,524288]
CUDA_FA_ROUTE_ALLOC kernel=MMA_F16 need_f16_K=0 need_f16_V=0 workspace_end_offset=16384 dst_data=(nil) f16_K=(nil) f16_V=(nil) f16_end=0x4000
CUDA_FA_ROUTE_PLAN device=0 Q=[256,1,16,1] Kraw=turbo4_tcq Vraw=turbo2 Kshape=[256,256,4,1] Vshape=[256,256,4,1] Keff=f16 Veff=f16 turbo_kv=1 prefer_native_vec=0 decode=1 dk=1 dv=1 unsafe_vec_after_turbo_v_decode=0 allow_vec=1 kernel=MMA_F16 need_f16_K=0 need_f16_V=0 Knb=[68,544,136,139264] Vnb=[34,272,68,69632] Keff_nb=[2,2048,512,524288] Veff_nb=[2,2048,512,524288]
CUDA_FA_ROUTE_ALLOC kernel=MMA_F16 need_f16_K=0 need_f16_V=0 workspace_end_offset=16384 dst_data=(nil) f16_K=(nil) f16_V=(nil) f16_end=0x4000
CUDA_FA_ROUTE_PLAN device=0 Q=[256,1,16,1] Kraw=turbo4_tcq Vraw=turbo2 Kshape=[256,256,4,1] Vshape=[256,256,4,1] Keff=f16 Veff=f16 turbo_kv=1 prefer_native_vec=0 decode=1 dk=1 dv=1 unsafe_vec_after_turbo_v_decode=0 allow_vec=1 kernel=MMA_F16 need_f16_K=0 need_f16_V=0 Knb=[68,544,136,139264] Vnb=[34,272,68,69632] Keff_nb=[2,2048,512,524288] Veff_nb=[2,2048,512,524288]
CUDA_FA_ROUTE_ALLOC kernel=MMA_F16 need_f16_K=0 need_f16_V=0 workspace_end_offset=16384 dst_data=(nil) f16_K=(nil) f16_V=(nil) f16_end=0x4000
CUDA_FA_ROUTE_PLAN device=0 Q=[256,1,16,1] Kraw=turbo4_tcq Vraw=turbo2 Kshape=[256,256,4,1] Vshape=[256,256,4,1] Keff=f16 Veff=f16 turbo_kv=1 prefer_native_vec=0 decode=1 dk=1 dv=1 unsafe_vec_after_turbo_v_decode=0 allow_vec=1 kernel=MMA_F16 need_f16_K=0 need_f16_V=0 Knb=[68,544,136,139264] Vnb=[34,272,68,69632] Keff_nb=[2,2048,512,524288] Veff_nb=[2,2048,512,524288]
CUDA_FA_ROUTE_ALLOC kernel=MMA_F16 need_f16_K=0 need_f16_V=0 workspace_end_offset=16384 dst_data=(nil) f16_K=(nil) f16_V=(nil) f16_end=0x4000
CUDA_FA_ROUTE_PLAN device=0 Q=[256,1,16,1] Kraw=turbo4_tcq Vraw=turbo2 Kshape=[256,256,4,1] Vshape=[256,256,4,1] Keff=f16 Veff=f16 turbo_kv=1 prefer_native_vec=0 decode=1 dk=1 dv=1 unsafe_vec_after_turbo_v_decode=0 allow_vec=1 kernel=MMA_F16 need_f16_K=0 need_f16_V=0 Knb=[68,544,136,139264] Vnb=[34,272,68,69632] Keff_nb=[2,2048,512,524288] Veff_nb=[2,2048,512,524288]
CUDA_FA_ROUTE_ALLOC kernel=MMA_F16 need_f16_K=0 need_f16_V=0 workspace_end_offset=16384 dst_data=(nil) f16_K=(nil) f16_V=(nil) f16_end=0x4000
CUDA_FA_ROUTE_PLAN device=0 Q=[256,1,16,1] Kraw=turbo4_tcq Vraw=turbo2 Kshape=[256,256,4,1] Vshape=[256,256,4,1] Keff=f16 Veff=f16 turbo_kv=1 prefer_native_vec=0 decode=1 dk=1 dv=1 unsafe_vec_after_turbo_v_decode=0 allow_vec=1 kernel=MMA_F16 need_f16_K=0 need_f16_V=0 Knb=[68,544,136,139264] Vnb=[34,272,68,69632] Keff_nb=[2,2048,512,524288] Veff_nb=[2,2048,512,524288]
GGML_TURBO_FA_DEBUG: path=decode-dequant-or-vec K=turbo4_tcq V=turbo2 Q=[256,1,16,1] K=[256,256,4,1] V=[256,256,4,1] prefill_safe=1 can_make_f16_K=1 can_make_f16_V=1 turbo_k_classic_v_prefill=0 vec_override=0 batch_ok=0 dim_ok=1 turing_mma=1
CUDA_FA_ROUTE_EXEC_BEGIN Q=[256,1,16,1] Kraw=turbo4_tcq Vraw=turbo2 decode=1 dk=1 dv=1 allow_vec=1 kernel=MMA_F16 need_f16_K=0 need_f16_V=0 Kdata=0x7fdb8e200000 Vdata=0x7fdb8e222000 dst=0x7fdce0094c80
CUDA_FA_ROUTE_EXEC_DISPATCH Qrun=f32 Q=[256,1,16,1] Qdata=0x7fdce00a8c80 Krun=f16 K=[256,256,4,1] Kdata=0x7fdcfb200000 Knb=[2,2048,512,524288] Vrun=f16 V=[256,256,4,1] Vdata=0x7fdcfb280000 Vnb=[2,2048,512,524288] kernel=MMA_F16 compiled_pair=1
CUDA_FA_ROUTE_PLAN device=0 Q=[256,1,16,1] Kraw=turbo4_tcq Vraw=turbo2 Kshape=[256,256,4,1] Vshape=[256,256,4,1] Keff=f16 Veff=f16 turbo_kv=1 prefer_native_vec=0 decode=1 dk=1 dv=1 unsafe_vec_after_turbo_v_decode=0 allow_vec=1 kernel=MMA_F16 need_f16_K=0 need_f16_V=0 Knb=[68,544,136,139264] Vnb=[34,272,68,69632] Keff_nb=[2,2048,512,524288] Veff_nb=[2,2048,512,524288]
GGML_TURBO_FA_DEBUG: path=decode-dequant-or-vec K=turbo4_tcq V=turbo2 Q=[256,1,16,1] K=[256,256,4,1] V=[256,256,4,1] prefill_safe=1 can_make_f16_K=1 can_make_f16_V=1 turbo_k_classic_v_prefill=0 vec_override=0 batch_ok=0 dim_ok=1 turing_mma=1
CUDA_FA_ROUTE_EXEC_BEGIN Q=[256,1,16,1] Kraw=turbo4_tcq Vraw=turbo2 decode=1 dk=1 dv=1 allow_vec=1 kernel=MMA_F16 need_f16_K=0 need_f16_V=0 Kdata=0x7fdb8e233000 Vdata=0x7fdb8e255000 dst=0x7fdce0094c80
CUDA_FA_ROUTE_EXEC_DISPATCH Qrun=f32 Q=[256,1,16,1] Qdata=0x7fdce00a8c80 Krun=f16 K=[256,256,4,1] Kdata=0x7fdcfb200000 Knb=[2,2048,512,524288] Vrun=f16 V=[256,256,4,1] Vdata=0x7fdcfb280000 Vnb=[2,2048,512,524288] kernel=MMA_F16 compiled_pair=1
CUDA_FA_ROUTE_PLAN device=0 Q=[256,1,16,1] Kraw=turbo4_tcq Vraw=turbo2 Kshape=[256,256,4,1] Vshape=[256,256,4,1] Keff=f16 Veff=f16 turbo_kv=1 prefer_native_vec=0 decode=1 dk=1 dv=1 unsafe_vec_after_turbo_v_decode=0 allow_vec=1 kernel=MMA_F16 need_f16_K=0 need_f16_V=0 Knb=[68,544,136,139264] Vnb=[34,272,68,69632] Keff_nb=[2,2048,512,524288] Veff_nb=[2,2048,512,524288]
GGML_TURBO_FA_DEBUG: path=decode-dequant-or-vec K=turbo4_tcq V=turbo2 Q=[256,1,16,1] K=[256,256,4,1] V=[256,256,4,1] prefill_safe=1 can_make_f16_K=1 can_make_f16_V=1 turbo_k_classic_v_prefill=0 vec_override=0 batch_ok=0 dim_ok=1 turing_mma=1
CUDA_FA_ROUTE_EXEC_BEGIN Q=[256,1,16,1] Kraw=turbo4_tcq Vraw=turbo2 decode=1 dk=1 dv=1 allow_vec=1 kernel=MMA_F16 need_f16_K=0 need_f16_V=0 Kdata=0x7fdb8e266000 Vdata=0x7fdb8e288000 dst=0x7fdce0094c80
CUDA_FA_ROUTE_EXEC_DISPATCH Qrun=f32 Q=[256,1,16,1] Qdata=0x7fdce00a8c80 Krun=f16 K=[256,256,4,1] Kdata=0x7fdcfb200000 Knb=[2,2048,512,524288] Vrun=f16 V=[256,256,4,1] Vdata=0x7fdcfb280000 Vnb=[2,2048,512,524288] kernel=MMA_F16 compiled_pair=1
CUDA_FA_ROUTE_PLAN device=0 Q=[256,1,16,1] Kraw=turbo4_tcq Vraw=turbo2 Kshape=[256,256,4,1] Vshape=[256,256,4,1] Keff=f16 Veff=f16 turbo_kv=1 prefer_native_vec=0 decode=1 dk=1 dv=1 unsafe_vec_after_turbo_v_decode=0 allow_vec=1 kernel=MMA_F16 need_f16_K=0 need_f16_V=0 Knb=[68,544,136,139264] Vnb=[34,272,68,69632] Keff_nb=[2,2048,512,524288] Veff_nb=[2,2048,512,524288]
GGML_TURBO_FA_DEBUG: path=decode-dequant-or-vec K=turbo4_tcq V=turbo2 Q=[256,1,16,1] K=[256,256,4,1] V=[256,256,4,1] prefill_safe=1 can_make_f16_K=1 can_make_f16_V=1 turbo_k_classic_v_prefill=0 vec_override=0 batch_ok=0 dim_ok=1 turing_mma=1
CUDA_FA_ROUTE_EXEC_BEGIN Q=[256,1,16,1] Kraw=turbo4_tcq Vraw=turbo2 decode=1 dk=1 dv=1 allow_vec=1 kernel=MMA_F16 need_f16_K=0 need_f16_V=0 Kdata=0x7fdb8e299000 Vdata=0x7fdb8e2bb000 dst=0x7fdce0094c80
CUDA_FA_ROUTE_EXEC_DISPATCH Qrun=f32 Q=[256,1,16,1] Qdata=0x7fdce00a8c80 Krun=f16 K=[256,256,4,1] Kdata=0x7fdcfb200000 Knb=[2,2048,512,524288] Vrun=f16 V=[256,256,4,1] Vdata=0x7fdcfb280000 Vnb=[2,2048,512,524288] kernel=MMA_F16 compiled_pair=1
CUDA_FA_ROUTE_PLAN device=0 Q=[256,1,16,1] Kraw=turbo4_tcq Vraw=turbo2 Kshape=[256,256,4,1] Vshape=[256,256,4,1] Keff=f16 Veff=f16 turbo_kv=1 prefer_native_vec=0 decode=1 dk=1 dv=1 unsafe_vec_after_turbo_v_decode=0 allow_vec=1 kernel=MMA_F16 need_f16_K=0 need_f16_V=0 Knb=[68,544,136,139264] Vnb=[34,272,68,69632] Keff_nb=[2,2048,512,524288] Veff_nb=[2,2048,512,524288]
GGML_TURBO_FA_DEBUG: path=decode-dequant-or-vec K=turbo4_tcq V=turbo2 Q=[256,1,16,1] K=[256,256,4,1] V=[256,256,4,1] prefill_safe=1 can_make_f16_K=1 can_make_f16_V=1 turbo_k_classic_v_prefill=0 vec_override=0 batch_ok=0 dim_ok=1 turing_mma=1
CUDA_FA_ROUTE_EXEC_BEGIN Q=[256,1,16,1] Kraw=turbo4_tcq Vraw=turbo2 decode=1 dk=1 dv=1 allow_vec=1 kernel=MMA_F16 need_f16_K=0 need_f16_V=0 Kdata=0x7fdb8e2cc000 Vdata=0x7fdb8e2ee000 dst=0x7fdce0094c80
CUDA_FA_ROUTE_EXEC_DISPATCH Qrun=f32 Q=[256,1,16,1] Qdata=0x7fdce00a8c80 Krun=f16 K=[256,256,4,1] Kdata=0x7fdcfb200000 Knb=[2,2048,512,524288] Vrun=f16 V=[256,256,4,1] Vdata=0x7fdcfb280000 Vnb=[2,2048,512,524288] kernel=MMA_F16 compiled_pair=1
CUDA_FA_ROUTE_PLAN device=0 Q=[256,1,16,1] Kraw=turbo4_tcq Vraw=turbo2 Kshape=[256,256,4,1] Vshape=[256,256,4,1] Keff=f16 Veff=f16 turbo_kv=1 prefer_native_vec=0 decode=1 dk=1 dv=1 unsafe_vec_after_turbo_v_decode=0 allow_vec=1 kernel=MMA_F16 need_f16_K=0 need_f16_V=0 Knb=[68,544,136,139264] Vnb=[34,272,68,69632] Keff_nb=[2,2048,512,524288] Veff_nb=[2,2048,512,524288]
GGML_TURBO_FA_DEBUG: path=decode-dequant-or-vec K=turbo4_tcq V=turbo2 Q=[256,1,16,1] K=[256,256,4,1] V=[256,256,4,1] prefill_safe=1 can_make_f16_K=1 can_make_f16_V=1 turbo_k_classic_v_prefill=0 vec_override=0 batch_ok=0 dim_ok=1 turing_mma=1
CUDA_FA_ROUTE_EXEC_BEGIN Q=[256,1,16,1] Kraw=turbo4_tcq Vraw=turbo2 decode=1 dk=1 dv=1 allow_vec=1 kernel=MMA_F16 need_f16_K=0 need_f16_V=0 Kdata=0x7fdb8e2ff000 Vdata=0x7fdb8e321000 dst=0x7fdce0094c80
CUDA_FA_ROUTE_EXEC_DISPATCH Qrun=f32 Q=[256,1,16,1] Qdata=0x7fdce00a8c80 Krun=f16 K=[256,256,4,1] Kdata=0x7fdcfb200000 Knb=[2,2048,512,524288] Vrun=f16 V=[256,256,4,1] Vdata=0x7fdcfb280000 Vnb=[2,2048,512,524288] kernel=MMA_F16 compiled_pair=1
CUDA_FA_ROUTE_PLAN device=0 Q=[256,1,16,1] Kraw=turbo4_tcq Vraw=turbo2 Kshape=[256,256,4,1] Vshape=[256,256,4,1] Keff=f16 Veff=f16 turbo_kv=1 prefer_native_vec=0 decode=1 dk=1 dv=1 unsafe_vec_after_turbo_v_decode=0 allow_vec=1 kernel=MMA_F16 need_f16_K=0 need_f16_V=0 Knb=[68,544,136,139264] Vnb=[34,272,68,69632] Keff_nb=[2,2048,512,524288] Veff_nb=[2,2048,512,524288]
GGML_TURBO_FA_DEBUG: path=decode-dequant-or-vec K=turbo4_tcq V=turbo2 Q=[256,1,16,1] K=[256,256,4,1] V=[256,256,4,1] prefill_safe=1 can_make_f16_K=1 can_make_f16_V=1 turbo_k_classic_v_prefill=0 vec_override=0 batch_ok=0 dim_ok=1 turing_mma=1
CUDA_FA_ROUTE_EXEC_BEGIN Q=[256,1,16,1] Kraw=turbo4_tcq Vraw=turbo2 decode=1 dk=1 dv=1 allow_vec=1 kernel=MMA_F16 need_f16_K=0 need_f16_V=0 Kdata=0x7fdb8e332000 Vdata=0x7fdb8e354000 dst=0x7fdce0094c80
CUDA_FA_ROUTE_EXEC_DISPATCH Qrun=f32 Q=[256,1,16,1] Qdata=0x7fdce00a8c80 Krun=f16 K=[256,256,4,1] Kdata=0x7fdcfb200000 Knb=[2,2048,512,524288] Vrun=f16 V=[256,256,4,1] Vdata=0x7fdcfb280000 Vnb=[2,2048,512,524288] kernel=MMA_F16 compiled_pair=1
CUDA_FA_ROUTE_PLAN device=0 Q=[256,1,16,1] Kraw=turbo4_tcq Vraw=turbo2 Kshape=[256,256,4,1] Vshape=[256,256,4,1] Keff=f16 Veff=f16 turbo_kv=1 prefer_native_vec=0 decode=1 dk=1 dv=1 unsafe_vec_after_turbo_v_decode=0 allow_vec=1 kernel=MMA_F16 need_f16_K=0 need_f16_V=0 Knb=[68,544,136,139264] Vnb=[34,272,68,69632] Keff_nb=[2,2048,512,524288] Veff_nb=[2,2048,512,524288]
GGML_TURBO_FA_DEBUG: path=decode-dequant-or-vec K=turbo4_tcq V=turbo2 Q=[256,1,16,1] K=[256,256,4,1] V=[256,256,4,1] prefill_safe=1 can_make_f16_K=1 can_make_f16_V=1 turbo_k_classic_v_prefill=0 vec_override=0 batch_ok=0 dim_ok=1 turing_mma=1
CUDA_FA_ROUTE_EXEC_BEGIN Q=[256,1,16,1] Kraw=turbo4_tcq Vraw=turbo2 decode=1 dk=1 dv=1 allow_vec=1 kernel=MMA_F16 need_f16_K=0 need_f16_V=0 Kdata=0x7fdb8e365000 Vdata=0x7fdb8e387000 dst=0x7fdce0094c80
CUDA_FA_ROUTE_EXEC_DISPATCH Qrun=f32 Q=[256,1,16,1] Qdata=0x7fdce00a8c80 Krun=f16 K=[256,256,4,1] Kdata=0x7fdcfb200000 Knb=[2,2048,512,524288] Vrun=f16 V=[256,256,4,1] Vdata=0x7fdcfb280000 Vnb=[2,2048,512,524288] kernel=MMA_F16 compiled_pair=1
,

0.02.979.452 I common_perf_print:    sampling time =       1.62 ms
0.02.979.455 I common_perf_print:    samplers time =       0.35 ms /     7 tokens
0.02.979.459 I common_perf_print:        load time =    1099.94 ms
0.02.979.461 I common_perf_print: prompt eval time =      60.83 ms /     5 tokens (   12.17 ms per token,    82.20 tokens per second)
0.02.979.462 I common_perf_print:        eval time =      27.49 ms /     1 runs   (   27.49 ms per token,    36.38 tokens per second)
0.02.979.464 I common_perf_print:       total time =      90.24 ms /     6 tokens
0.02.979.465 I common_perf_print: unaccounted time =       0.30 ms /   0.3 %      (total - sampling - prompt eval - eval) / (total)
0.02.979.471 I common_perf_print:    graphs reused =          0
